ISO-10303-21;
HEADER;
/* Generated by software containing ST-Developer
 * from STEP Tools, Inc. (www.steptools.com) 
 */
/* OPTION: using custom renumber hook */

FILE_DESCRIPTION(
/* description */ ('STEP AP242 Edition 2',
'CAx-IF Rec.Pracs.---Representation and Presentation of Product Manufa
cturing Information (PMI)---4.0---2014-10-13',
'CAx-IF Rec.Pracs.---3D Tessellated Geometry---0.4---2014-09-14','2;1',
'CAx-IF Rec.Pracs.---User Defined Attributes---1.5---2016-08-15'),
/* implementation_level */ '2;1');

FILE_NAME(
/* name */ 'blocks - BLOCKS_spacer_2.0',
/* time_stamp */ '2026-05-16T13:03:12Z',
/* author */ (''),
/* organization */ (''),
/* preprocessor_version */ 'ST-DEVELOPER v20',
/* originating_system */ 'ONSHAPE BY PTC INC, 1.215',
/* authorisation */ '  ');

FILE_SCHEMA (('AP242_MANAGED_MODEL_BASED_3D_ENGINEERING_MIM_LF { 1 0 10303 442 3 1 4 }'));
ENDSEC;

DATA;
#10=SHAPE_REPRESENTATION_RELATIONSHIP('','',#2622,#11);
#11=ADVANCED_BREP_SHAPE_REPRESENTATION('',(#2620),#5667);
#12=TOROIDAL_SURFACE('',#2747,0.000799999999999958,0.0002);
#13=TOROIDAL_SURFACE('',#2749,0.0008,0.0002);
#14=TOROIDAL_SURFACE('',#2755,0.000300000000000006,0.0002);
#15=TOROIDAL_SURFACE('',#2757,0.000299999999999954,0.0002);
#16=TOROIDAL_SURFACE('',#2763,0.00120000000000006,0.0002);
#17=TOROIDAL_SURFACE('',#2765,0.0012,0.0002);
#18=TOROIDAL_SURFACE('',#2771,0.0018,0.0002);
#19=TOROIDAL_SURFACE('',#2773,0.0018,0.0002);
#20=TOROIDAL_SURFACE('',#2779,0.0018,0.0002);
#21=TOROIDAL_SURFACE('',#2781,0.0018,0.0002);
#22=TOROIDAL_SURFACE('',#2790,0.000799999999999958,0.0002);
#23=TOROIDAL_SURFACE('',#2792,0.0008,0.0002);
#24=TOROIDAL_SURFACE('',#2798,0.000300000000000006,0.0002);
#25=TOROIDAL_SURFACE('',#2800,0.000299999999999954,0.0002);
#26=TOROIDAL_SURFACE('',#2806,0.00120000000000006,0.0002);
#27=TOROIDAL_SURFACE('',#2808,0.0012,0.0002);
#28=TOROIDAL_SURFACE('',#2814,0.0018,0.0002);
#29=TOROIDAL_SURFACE('',#2816,0.0018,0.0002);
#30=TOROIDAL_SURFACE('',#2822,0.0018,0.0002);
#31=TOROIDAL_SURFACE('',#2824,0.0018,0.0002);
#32=ELLIPSE('',#2734,0.000215085426864511,0.0002);
#33=ELLIPSE('',#2736,0.000506282273264636,0.0002);
#34=ELLIPSE('',#2738,0.000282842712474619,0.0002);
#35=ELLIPSE('',#2740,0.000282842712474619,0.0002);
#36=ELLIPSE('',#2742,0.000282842712474619,0.0002);
#37=ELLIPSE('',#2851,0.000215085426864511,0.0002);
#38=ELLIPSE('',#2853,0.000506282273264636,0.0002);
#39=ELLIPSE('',#2855,0.000282842712474619,0.0002);
#40=ELLIPSE('',#2857,0.000282842712474619,0.0002);
#41=ELLIPSE('',#2859,0.000282842712474619,0.0002);
#42=B_SPLINE_SURFACE_WITH_KNOTS('',3,1,((#3788,#3789),(#3790,#3791),(#3792,
#3793),(#3794,#3795),(#3796,#3797),(#3798,#3799),(#3800,#3801)),
 .SURF_OF_LINEAR_EXTRUSION.,.F.,.F.,.F.,(4,1,1,1,4),(2,2),(3.14159265358979,
3.92699081698724,4.71238898038469,5.49778714378214,6.28318530717959),(0.,
1.),.UNSPECIFIED.);
#43=CYLINDRICAL_SURFACE('',#2635,0.000499999999999955);
#44=CYLINDRICAL_SURFACE('',#2639,0.001);
#45=CYLINDRICAL_SURFACE('',#2643,0.002);
#46=CYLINDRICAL_SURFACE('',#2647,0.002);
#47=CYLINDRICAL_SURFACE('',#2652,0.002);
#48=CYLINDRICAL_SURFACE('',#2656,0.002);
#49=CYLINDRICAL_SURFACE('',#2660,0.00100000000000006);
#50=CYLINDRICAL_SURFACE('',#2664,0.000500000000000007);
#51=CYLINDRICAL_SURFACE('',#2668,0.000999999999999958);
#52=CYLINDRICAL_SURFACE('',#2672,0.001);
#53=CYLINDRICAL_SURFACE('',#2692,0.0002);
#54=CYLINDRICAL_SURFACE('',#2700,0.0002);
#55=CYLINDRICAL_SURFACE('',#2703,0.0002);
#56=CYLINDRICAL_SURFACE('',#2711,0.0002);
#57=CYLINDRICAL_SURFACE('',#2721,0.0002);
#58=CYLINDRICAL_SURFACE('',#2733,0.0002);
#59=CYLINDRICAL_SURFACE('',#2735,0.0002);
#60=CYLINDRICAL_SURFACE('',#2737,0.0002);
#61=CYLINDRICAL_SURFACE('',#2739,0.0002);
#62=CYLINDRICAL_SURFACE('',#2741,0.0002);
#63=CYLINDRICAL_SURFACE('',#2743,0.0002);
#64=CYLINDRICAL_SURFACE('',#2744,0.0002);
#65=CYLINDRICAL_SURFACE('',#2751,0.0002);
#66=CYLINDRICAL_SURFACE('',#2753,0.0002);
#67=CYLINDRICAL_SURFACE('',#2759,0.0002);
#68=CYLINDRICAL_SURFACE('',#2761,0.0002);
#69=CYLINDRICAL_SURFACE('',#2767,0.0002);
#70=CYLINDRICAL_SURFACE('',#2769,0.0002);
#71=CYLINDRICAL_SURFACE('',#2775,0.0002);
#72=CYLINDRICAL_SURFACE('',#2777,0.0002);
#73=CYLINDRICAL_SURFACE('',#2783,0.0002);
#74=CYLINDRICAL_SURFACE('',#2785,0.0002);
#75=CYLINDRICAL_SURFACE('',#2787,0.0002);
#76=CYLINDRICAL_SURFACE('',#2794,0.0002);
#77=CYLINDRICAL_SURFACE('',#2796,0.0002);
#78=CYLINDRICAL_SURFACE('',#2802,0.0002);
#79=CYLINDRICAL_SURFACE('',#2804,0.0002);
#80=CYLINDRICAL_SURFACE('',#2810,0.0002);
#81=CYLINDRICAL_SURFACE('',#2812,0.0002);
#82=CYLINDRICAL_SURFACE('',#2818,0.0002);
#83=CYLINDRICAL_SURFACE('',#2820,0.0002);
#84=CYLINDRICAL_SURFACE('',#2826,0.0002);
#85=CYLINDRICAL_SURFACE('',#2828,0.0002);
#86=CYLINDRICAL_SURFACE('',#2838,0.0002);
#87=CYLINDRICAL_SURFACE('',#2850,0.0002);
#88=CYLINDRICAL_SURFACE('',#2852,0.0002);
#89=CYLINDRICAL_SURFACE('',#2854,0.0002);
#90=CYLINDRICAL_SURFACE('',#2856,0.0002);
#91=CYLINDRICAL_SURFACE('',#2858,0.0002);
#92=CYLINDRICAL_SURFACE('',#2860,0.0002);
#93=CYLINDRICAL_SURFACE('',#2862,0.0002);
#94=CYLINDRICAL_SURFACE('',#2870,0.0002);
#95=CYLINDRICAL_SURFACE('',#2872,0.0002);
#96=CYLINDRICAL_SURFACE('',#2880,0.0002);
#97=CIRCLE('',#2625,0.0018);
#98=CIRCLE('',#2626,0.0018);
#99=CIRCLE('',#2627,0.00120000000000006);
#100=CIRCLE('',#2628,0.000300000000000006);
#101=CIRCLE('',#2629,0.000799999999999958);
#102=CIRCLE('',#2630,0.0008);
#103=CIRCLE('',#2631,0.000299999999999954);
#104=CIRCLE('',#2632,0.0012);
#105=CIRCLE('',#2633,0.0018);
#106=CIRCLE('',#2634,0.0018);
#107=CIRCLE('',#2636,0.000499999999999955);
#108=CIRCLE('',#2637,0.000499999999999955);
#109=CIRCLE('',#2640,0.001);
#110=CIRCLE('',#2641,0.001);
#111=CIRCLE('',#2644,0.002);
#112=CIRCLE('',#2645,0.002);
#113=CIRCLE('',#2648,0.002);
#114=CIRCLE('',#2649,0.002);
#115=CIRCLE('',#2653,0.002);
#116=CIRCLE('',#2654,0.002);
#117=CIRCLE('',#2657,0.002);
#118=CIRCLE('',#2658,0.002);
#119=CIRCLE('',#2661,0.00100000000000006);
#120=CIRCLE('',#2662,0.00100000000000006);
#121=CIRCLE('',#2665,0.000500000000000007);
#122=CIRCLE('',#2666,0.000500000000000007);
#123=CIRCLE('',#2669,0.000999999999999958);
#124=CIRCLE('',#2670,0.000999999999999958);
#125=CIRCLE('',#2673,0.001);
#126=CIRCLE('',#2674,0.001);
#127=CIRCLE('',#2677,0.0018);
#128=CIRCLE('',#2678,0.0018);
#129=CIRCLE('',#2679,0.0012);
#130=CIRCLE('',#2680,0.000299999999999954);
#131=CIRCLE('',#2681,0.0008);
#132=CIRCLE('',#2682,0.000799999999999958);
#133=CIRCLE('',#2683,0.000300000000000006);
#134=CIRCLE('',#2684,0.00120000000000006);
#135=CIRCLE('',#2685,0.0018);
#136=CIRCLE('',#2686,0.0018);
#137=CIRCLE('',#2691,0.0002);
#138=CIRCLE('',#2693,0.0002);
#139=CIRCLE('',#2694,0.0002);
#140=CIRCLE('',#2695,0.0002);
#141=CIRCLE('',#2696,0.0002);
#142=CIRCLE('',#2697,0.0002);
#143=CIRCLE('',#2698,0.0002);
#144=CIRCLE('',#2699,0.0002);
#145=CIRCLE('',#2701,0.0002);
#146=CIRCLE('',#2702,0.0002);
#147=CIRCLE('',#2704,0.0002);
#148=CIRCLE('',#2705,0.0002);
#149=CIRCLE('',#2706,0.0002);
#150=CIRCLE('',#2707,0.0002);
#151=CIRCLE('',#2708,0.0002);
#152=CIRCLE('',#2709,0.0002);
#153=CIRCLE('',#2710,0.0002);
#154=CIRCLE('',#2712,0.0002);
#155=CIRCLE('',#2713,0.0002);
#156=CIRCLE('',#2714,0.0002);
#157=CIRCLE('',#2715,0.0002);
#158=CIRCLE('',#2716,0.0002);
#159=CIRCLE('',#2717,0.0002);
#160=CIRCLE('',#2718,0.0002);
#161=CIRCLE('',#2719,0.0002);
#162=CIRCLE('',#2720,0.0002);
#163=CIRCLE('',#2722,0.0002);
#164=CIRCLE('',#2723,0.0002);
#165=CIRCLE('',#2724,0.0002);
#166=CIRCLE('',#2725,0.0002);
#167=CIRCLE('',#2726,0.0002);
#168=CIRCLE('',#2727,0.0002);
#169=CIRCLE('',#2728,0.0002);
#170=CIRCLE('',#2729,0.0002);
#171=CIRCLE('',#2730,0.0002);
#172=CIRCLE('',#2731,0.0002);
#173=CIRCLE('',#2732,0.0002);
#174=CIRCLE('',#2745,0.0002);
#175=CIRCLE('',#2746,0.0002);
#176=CIRCLE('',#2748,0.0002);
#177=CIRCLE('',#2750,0.0002);
#178=CIRCLE('',#2752,0.0002);
#179=CIRCLE('',#2754,0.0002);
#180=CIRCLE('',#2756,0.0002);
#181=CIRCLE('',#2758,0.0002);
#182=CIRCLE('',#2760,0.0002);
#183=CIRCLE('',#2762,0.0002);
#184=CIRCLE('',#2764,0.0002);
#185=CIRCLE('',#2766,0.0002);
#186=CIRCLE('',#2768,0.0002);
#187=CIRCLE('',#2770,0.0002);
#188=CIRCLE('',#2772,0.0002);
#189=CIRCLE('',#2774,0.0002);
#190=CIRCLE('',#2776,0.0002);
#191=CIRCLE('',#2778,0.0002);
#192=CIRCLE('',#2780,0.0002);
#193=CIRCLE('',#2782,0.0002);
#194=CIRCLE('',#2784,0.0002);
#195=CIRCLE('',#2786,0.0002);
#196=CIRCLE('',#2788,0.0002);
#197=CIRCLE('',#2789,0.0002);
#198=CIRCLE('',#2791,0.0002);
#199=CIRCLE('',#2793,0.0002);
#200=CIRCLE('',#2795,0.0002);
#201=CIRCLE('',#2797,0.0002);
#202=CIRCLE('',#2799,0.0002);
#203=CIRCLE('',#2801,0.0002);
#204=CIRCLE('',#2803,0.0002);
#205=CIRCLE('',#2805,0.0002);
#206=CIRCLE('',#2807,0.0002);
#207=CIRCLE('',#2809,0.0002);
#208=CIRCLE('',#2811,0.0002);
#209=CIRCLE('',#2813,0.0002);
#210=CIRCLE('',#2815,0.0002);
#211=CIRCLE('',#2817,0.0002);
#212=CIRCLE('',#2819,0.0002);
#213=CIRCLE('',#2821,0.0002);
#214=CIRCLE('',#2823,0.0002);
#215=CIRCLE('',#2825,0.0002);
#216=CIRCLE('',#2827,0.0002);
#217=CIRCLE('',#2829,0.0002);
#218=CIRCLE('',#2830,0.0002);
#219=CIRCLE('',#2831,0.0002);
#220=CIRCLE('',#2832,0.0002);
#221=CIRCLE('',#2833,0.0002);
#222=CIRCLE('',#2834,0.0002);
#223=CIRCLE('',#2835,0.0002);
#224=CIRCLE('',#2836,0.0002);
#225=CIRCLE('',#2837,0.0002);
#226=CIRCLE('',#2839,0.0002);
#227=CIRCLE('',#2840,0.0002);
#228=CIRCLE('',#2841,0.0002);
#229=CIRCLE('',#2842,0.0002);
#230=CIRCLE('',#2843,0.0002);
#231=CIRCLE('',#2844,0.0002);
#232=CIRCLE('',#2845,0.0002);
#233=CIRCLE('',#2846,0.0002);
#234=CIRCLE('',#2847,0.0002);
#235=CIRCLE('',#2848,0.0002);
#236=CIRCLE('',#2849,0.0002);
#237=CIRCLE('',#2861,0.0002);
#238=CIRCLE('',#2863,0.0002);
#239=CIRCLE('',#2864,0.0002);
#240=CIRCLE('',#2865,0.0002);
#241=CIRCLE('',#2866,0.0002);
#242=CIRCLE('',#2867,0.0002);
#243=CIRCLE('',#2868,0.0002);
#244=CIRCLE('',#2869,0.0002);
#245=CIRCLE('',#2871,0.0002);
#246=CIRCLE('',#2873,0.0002);
#247=CIRCLE('',#2874,0.0002);
#248=CIRCLE('',#2875,0.0002);
#249=CIRCLE('',#2876,0.0002);
#250=CIRCLE('',#2877,0.0002);
#251=CIRCLE('',#2878,0.0002);
#252=CIRCLE('',#2879,0.0002);
#253=CIRCLE('',#2881,0.0002);
#254=LINE('',#3530,#353);
#255=LINE('',#3552,#354);
#256=LINE('',#3603,#355);
#257=LINE('',#3606,#356);
#258=LINE('',#3608,#357);
#259=LINE('',#3610,#358);
#260=LINE('',#3612,#359);
#261=LINE('',#3644,#360);
#262=LINE('',#3682,#361);
#263=LINE('',#3683,#362);
#264=LINE('',#3698,#363);
#265=LINE('',#3702,#364);
#266=LINE('',#3706,#365);
#267=LINE('',#3710,#366);
#268=LINE('',#3714,#367);
#269=LINE('',#3718,#368);
#270=LINE('',#3722,#369);
#271=LINE('',#3726,#370);
#272=LINE('',#3730,#371);
#273=LINE('',#3734,#372);
#274=LINE('',#3738,#373);
#275=LINE('',#3743,#374);
#276=LINE('',#3747,#375);
#277=LINE('',#3750,#376);
#278=LINE('',#3751,#377);
#279=LINE('',#3753,#378);
#280=LINE('',#3759,#379);
#281=LINE('',#3762,#380);
#282=LINE('',#3763,#381);
#283=LINE('',#3765,#382);
#284=LINE('',#3771,#383);
#285=LINE('',#3774,#384);
#286=LINE('',#3775,#385);
#287=LINE('',#3777,#386);
#288=LINE('',#3783,#387);
#289=LINE('',#3786,#388);
#290=LINE('',#3787,#389);
#291=LINE('',#3802,#390);
#292=LINE('',#3828,#391);
#293=LINE('',#3831,#392);
#294=LINE('',#3832,#393);
#295=LINE('',#3834,#394);
#296=LINE('',#3840,#395);
#297=LINE('',#3843,#396);
#298=LINE('',#3844,#397);
#299=LINE('',#3846,#398);
#300=LINE('',#3852,#399);
#301=LINE('',#3855,#400);
#302=LINE('',#3856,#401);
#303=LINE('',#3858,#402);
#304=LINE('',#3864,#403);
#305=LINE('',#3867,#404);
#306=LINE('',#3868,#405);
#307=LINE('',#3870,#406);
#308=LINE('',#3876,#407);
#309=LINE('',#3879,#408);
#310=LINE('',#3880,#409);
#311=LINE('',#3882,#410);
#312=LINE('',#3888,#411);
#313=LINE('',#3891,#412);
#314=LINE('',#3892,#413);
#315=LINE('',#3894,#414);
#316=LINE('',#3900,#415);
#317=LINE('',#3901,#416);
#318=LINE('',#3903,#417);
#319=LINE('',#3918,#418);
#320=LINE('',#3922,#419);
#321=LINE('',#3926,#420);
#322=LINE('',#3930,#421);
#323=LINE('',#3934,#422);
#324=LINE('',#3938,#423);
#325=LINE('',#3942,#424);
#326=LINE('',#3946,#425);
#327=LINE('',#3950,#426);
#328=LINE('',#3954,#427);
#329=LINE('',#3958,#428);
#330=LINE('',#3981,#429);
#331=LINE('',#4002,#430);
#332=LINE('',#4025,#431);
#333=LINE('',#4088,#432);
#334=LINE('',#4091,#433);
#335=LINE('',#4093,#434);
#336=LINE('',#4095,#435);
#337=LINE('',#4132,#436);
#338=LINE('',#4164,#437);
#339=LINE('',#4166,#438);
#340=LINE('',#4179,#439);
#341=LINE('',#4201,#440);
#342=LINE('',#4239,#441);
#343=LINE('',#4374,#442);
#344=LINE('',#4417,#443);
#345=LINE('',#4531,#444);
#346=LINE('',#4698,#445);
#347=LINE('',#4956,#446);
#348=LINE('',#4958,#447);
#349=LINE('',#4964,#448);
#350=LINE('',#4966,#449);
#351=LINE('',#4972,#450);
#352=LINE('',#4974,#451);
#353=VECTOR('',#2886,1.);
#354=VECTOR('',#2887,1.);
#355=VECTOR('',#2888,1.);
#356=VECTOR('',#2889,1.);
#357=VECTOR('',#2890,1.);
#358=VECTOR('',#2891,1.);
#359=VECTOR('',#2892,1.);
#360=VECTOR('',#2893,1.);
#361=VECTOR('',#2894,1.);
#362=VECTOR('',#2895,1.);
#363=VECTOR('',#2896,1.);
#364=VECTOR('',#2899,1.);
#365=VECTOR('',#2902,1.);
#366=VECTOR('',#2905,1.);
#367=VECTOR('',#2908,1.);
#368=VECTOR('',#2911,1.);
#369=VECTOR('',#2914,1.);
#370=VECTOR('',#2917,1.);
#371=VECTOR('',#2920,1.);
#372=VECTOR('',#2923,1.);
#373=VECTOR('',#2928,1.);
#374=VECTOR('',#2931,1.);
#375=VECTOR('',#2936,1.);
#376=VECTOR('',#2937,1.);
#377=VECTOR('',#2938,1.);
#378=VECTOR('',#2941,1.);
#379=VECTOR('',#2948,1.);
#380=VECTOR('',#2949,1.);
#381=VECTOR('',#2950,1.);
#382=VECTOR('',#2953,1.);
#383=VECTOR('',#2960,1.);
#384=VECTOR('',#2961,1.);
#385=VECTOR('',#2962,1.);
#386=VECTOR('',#2965,1.);
#387=VECTOR('',#2972,1.);
#388=VECTOR('',#2973,1.);
#389=VECTOR('',#2974,1.);
#390=VECTOR('',#2975,1.);
#391=VECTOR('',#2978,1.);
#392=VECTOR('',#2979,1.);
#393=VECTOR('',#2980,1.);
#394=VECTOR('',#2983,1.);
#395=VECTOR('',#2990,1.);
#396=VECTOR('',#2991,1.);
#397=VECTOR('',#2992,1.);
#398=VECTOR('',#2995,1.);
#399=VECTOR('',#3002,1.);
#400=VECTOR('',#3003,1.);
#401=VECTOR('',#3004,1.);
#402=VECTOR('',#3007,1.);
#403=VECTOR('',#3014,1.);
#404=VECTOR('',#3015,1.);
#405=VECTOR('',#3016,1.);
#406=VECTOR('',#3019,1.);
#407=VECTOR('',#3026,1.);
#408=VECTOR('',#3027,1.);
#409=VECTOR('',#3028,1.);
#410=VECTOR('',#3031,1.);
#411=VECTOR('',#3038,1.);
#412=VECTOR('',#3039,1.);
#413=VECTOR('',#3040,1.);
#414=VECTOR('',#3043,1.);
#415=VECTOR('',#3050,1.);
#416=VECTOR('',#3051,1.);
#417=VECTOR('',#3054,1.);
#418=VECTOR('',#3055,1.);
#419=VECTOR('',#3058,1.);
#420=VECTOR('',#3061,1.);
#421=VECTOR('',#3064,1.);
#422=VECTOR('',#3067,1.);
#423=VECTOR('',#3070,1.);
#424=VECTOR('',#3073,1.);
#425=VECTOR('',#3076,1.);
#426=VECTOR('',#3079,1.);
#427=VECTOR('',#3082,1.);
#428=VECTOR('',#3087,1.);
#429=VECTOR('',#3088,1.);
#430=VECTOR('',#3089,1.);
#431=VECTOR('',#3090,1.);
#432=VECTOR('',#3095,1.);
#433=VECTOR('',#3096,1.);
#434=VECTOR('',#3097,1.);
#435=VECTOR('',#3098,1.);
#436=VECTOR('',#3099,1.);
#437=VECTOR('',#3100,1.);
#438=VECTOR('',#3101,1.);
#439=VECTOR('',#3104,1.);
#440=VECTOR('',#3105,1.);
#441=VECTOR('',#3110,1.);
#442=VECTOR('',#3127,1.);
#443=VECTOR('',#3134,1.);
#444=VECTOR('',#3153,1.);
#445=VECTOR('',#3172,1.);
#446=VECTOR('',#3199,1.);
#447=VECTOR('',#3202,1.);
#448=VECTOR('',#3209,1.);
#449=VECTOR('',#3212,1.);
#450=VECTOR('',#3219,1.);
#451=VECTOR('',#3222,1.);
#452=PLANE('',#2624);
#453=PLANE('',#2638);
#454=PLANE('',#2642);
#455=PLANE('',#2646);
#456=PLANE('',#2650);
#457=PLANE('',#2651);
#458=PLANE('',#2655);
#459=PLANE('',#2659);
#460=PLANE('',#2663);
#461=PLANE('',#2667);
#462=PLANE('',#2671);
#463=PLANE('',#2675);
#464=PLANE('',#2676);
#465=PLANE('',#2687);
#466=PLANE('',#2688);
#467=PLANE('',#2689);
#468=PLANE('',#2690);
#469=ORIENTED_EDGE('',*,*,#1261,.F.);
#470=ORIENTED_EDGE('',*,*,#1262,.F.);
#471=ORIENTED_EDGE('',*,*,#1263,.T.);
#472=ORIENTED_EDGE('',*,*,#1264,.T.);
#473=ORIENTED_EDGE('',*,*,#1265,.T.);
#474=ORIENTED_EDGE('',*,*,#1266,.T.);
#475=ORIENTED_EDGE('',*,*,#1267,.T.);
#476=ORIENTED_EDGE('',*,*,#1268,.T.);
#477=ORIENTED_EDGE('',*,*,#1269,.T.);
#478=ORIENTED_EDGE('',*,*,#1270,.T.);
#479=ORIENTED_EDGE('',*,*,#1271,.T.);
#480=ORIENTED_EDGE('',*,*,#1272,.T.);
#481=ORIENTED_EDGE('',*,*,#1273,.T.);
#482=ORIENTED_EDGE('',*,*,#1274,.T.);
#483=ORIENTED_EDGE('',*,*,#1275,.T.);
#484=ORIENTED_EDGE('',*,*,#1276,.T.);
#485=ORIENTED_EDGE('',*,*,#1277,.T.);
#486=ORIENTED_EDGE('',*,*,#1278,.T.);
#487=ORIENTED_EDGE('',*,*,#1279,.T.);
#488=ORIENTED_EDGE('',*,*,#1280,.T.);
#489=ORIENTED_EDGE('',*,*,#1281,.T.);
#490=ORIENTED_EDGE('',*,*,#1282,.T.);
#491=ORIENTED_EDGE('',*,*,#1283,.T.);
#492=ORIENTED_EDGE('',*,*,#1284,.T.);
#493=ORIENTED_EDGE('',*,*,#1285,.T.);
#494=ORIENTED_EDGE('',*,*,#1286,.T.);
#495=ORIENTED_EDGE('',*,*,#1287,.T.);
#496=ORIENTED_EDGE('',*,*,#1288,.T.);
#497=ORIENTED_EDGE('',*,*,#1289,.T.);
#498=ORIENTED_EDGE('',*,*,#1290,.T.);
#499=ORIENTED_EDGE('',*,*,#1291,.T.);
#500=ORIENTED_EDGE('',*,*,#1292,.T.);
#501=ORIENTED_EDGE('',*,*,#1293,.T.);
#502=ORIENTED_EDGE('',*,*,#1294,.T.);
#503=ORIENTED_EDGE('',*,*,#1295,.T.);
#504=ORIENTED_EDGE('',*,*,#1296,.T.);
#505=ORIENTED_EDGE('',*,*,#1297,.T.);
#506=ORIENTED_EDGE('',*,*,#1298,.T.);
#507=ORIENTED_EDGE('',*,*,#1299,.T.);
#508=ORIENTED_EDGE('',*,*,#1300,.T.);
#509=ORIENTED_EDGE('',*,*,#1301,.T.);
#510=ORIENTED_EDGE('',*,*,#1302,.T.);
#511=ORIENTED_EDGE('',*,*,#1303,.T.);
#512=ORIENTED_EDGE('',*,*,#1304,.T.);
#513=ORIENTED_EDGE('',*,*,#1305,.T.);
#514=ORIENTED_EDGE('',*,*,#1306,.T.);
#515=ORIENTED_EDGE('',*,*,#1307,.T.);
#516=ORIENTED_EDGE('',*,*,#1308,.T.);
#517=ORIENTED_EDGE('',*,*,#1309,.T.);
#518=ORIENTED_EDGE('',*,*,#1310,.T.);
#519=ORIENTED_EDGE('',*,*,#1311,.T.);
#520=ORIENTED_EDGE('',*,*,#1312,.T.);
#521=ORIENTED_EDGE('',*,*,#1313,.T.);
#522=ORIENTED_EDGE('',*,*,#1314,.T.);
#523=ORIENTED_EDGE('',*,*,#1315,.T.);
#524=ORIENTED_EDGE('',*,*,#1316,.T.);
#525=ORIENTED_EDGE('',*,*,#1317,.T.);
#526=ORIENTED_EDGE('',*,*,#1318,.T.);
#527=ORIENTED_EDGE('',*,*,#1319,.T.);
#528=ORIENTED_EDGE('',*,*,#1320,.T.);
#529=ORIENTED_EDGE('',*,*,#1321,.T.);
#530=ORIENTED_EDGE('',*,*,#1322,.T.);
#531=ORIENTED_EDGE('',*,*,#1323,.T.);
#532=ORIENTED_EDGE('',*,*,#1324,.T.);
#533=ORIENTED_EDGE('',*,*,#1325,.F.);
#534=ORIENTED_EDGE('',*,*,#1326,.T.);
#535=ORIENTED_EDGE('',*,*,#1327,.T.);
#536=ORIENTED_EDGE('',*,*,#1328,.T.);
#537=ORIENTED_EDGE('',*,*,#1323,.F.);
#538=ORIENTED_EDGE('',*,*,#1329,.T.);
#539=ORIENTED_EDGE('',*,*,#1330,.T.);
#540=ORIENTED_EDGE('',*,*,#1331,.T.);
#541=ORIENTED_EDGE('',*,*,#1327,.F.);
#542=ORIENTED_EDGE('',*,*,#1332,.T.);
#543=ORIENTED_EDGE('',*,*,#1333,.T.);
#544=ORIENTED_EDGE('',*,*,#1334,.T.);
#545=ORIENTED_EDGE('',*,*,#1330,.F.);
#546=ORIENTED_EDGE('',*,*,#1335,.T.);
#547=ORIENTED_EDGE('',*,*,#1336,.T.);
#548=ORIENTED_EDGE('',*,*,#1337,.T.);
#549=ORIENTED_EDGE('',*,*,#1333,.F.);
#550=ORIENTED_EDGE('',*,*,#1338,.T.);
#551=ORIENTED_EDGE('',*,*,#1339,.T.);
#552=ORIENTED_EDGE('',*,*,#1340,.T.);
#553=ORIENTED_EDGE('',*,*,#1336,.F.);
#554=ORIENTED_EDGE('',*,*,#1341,.T.);
#555=ORIENTED_EDGE('',*,*,#1342,.T.);
#556=ORIENTED_EDGE('',*,*,#1343,.T.);
#557=ORIENTED_EDGE('',*,*,#1339,.F.);
#558=ORIENTED_EDGE('',*,*,#1344,.T.);
#559=ORIENTED_EDGE('',*,*,#1345,.T.);
#560=ORIENTED_EDGE('',*,*,#1346,.T.);
#561=ORIENTED_EDGE('',*,*,#1342,.F.);
#562=ORIENTED_EDGE('',*,*,#1347,.T.);
#563=ORIENTED_EDGE('',*,*,#1348,.T.);
#564=ORIENTED_EDGE('',*,*,#1349,.T.);
#565=ORIENTED_EDGE('',*,*,#1345,.F.);
#566=ORIENTED_EDGE('',*,*,#1350,.T.);
#567=ORIENTED_EDGE('',*,*,#1351,.T.);
#568=ORIENTED_EDGE('',*,*,#1352,.T.);
#569=ORIENTED_EDGE('',*,*,#1348,.F.);
#570=ORIENTED_EDGE('',*,*,#1353,.T.);
#571=ORIENTED_EDGE('',*,*,#1354,.T.);
#572=ORIENTED_EDGE('',*,*,#1355,.T.);
#573=ORIENTED_EDGE('',*,*,#1351,.F.);
#574=ORIENTED_EDGE('',*,*,#1356,.T.);
#575=ORIENTED_EDGE('',*,*,#1357,.T.);
#576=ORIENTED_EDGE('',*,*,#1358,.T.);
#577=ORIENTED_EDGE('',*,*,#1354,.F.);
#578=ORIENTED_EDGE('',*,*,#1359,.T.);
#579=ORIENTED_EDGE('',*,*,#1360,.T.);
#580=ORIENTED_EDGE('',*,*,#1361,.T.);
#581=ORIENTED_EDGE('',*,*,#1357,.F.);
#582=ORIENTED_EDGE('',*,*,#1362,.T.);
#583=ORIENTED_EDGE('',*,*,#1363,.T.);
#584=ORIENTED_EDGE('',*,*,#1364,.T.);
#585=ORIENTED_EDGE('',*,*,#1360,.F.);
#586=ORIENTED_EDGE('',*,*,#1365,.T.);
#587=ORIENTED_EDGE('',*,*,#1366,.T.);
#588=ORIENTED_EDGE('',*,*,#1367,.T.);
#589=ORIENTED_EDGE('',*,*,#1363,.F.);
#590=ORIENTED_EDGE('',*,*,#1368,.T.);
#591=ORIENTED_EDGE('',*,*,#1369,.T.);
#592=ORIENTED_EDGE('',*,*,#1370,.T.);
#593=ORIENTED_EDGE('',*,*,#1366,.F.);
#594=ORIENTED_EDGE('',*,*,#1371,.T.);
#595=ORIENTED_EDGE('',*,*,#1372,.T.);
#596=ORIENTED_EDGE('',*,*,#1373,.T.);
#597=ORIENTED_EDGE('',*,*,#1369,.F.);
#598=ORIENTED_EDGE('',*,*,#1374,.T.);
#599=ORIENTED_EDGE('',*,*,#1375,.T.);
#600=ORIENTED_EDGE('',*,*,#1376,.T.);
#601=ORIENTED_EDGE('',*,*,#1372,.F.);
#602=ORIENTED_EDGE('',*,*,#1377,.T.);
#603=ORIENTED_EDGE('',*,*,#1378,.T.);
#604=ORIENTED_EDGE('',*,*,#1379,.T.);
#605=ORIENTED_EDGE('',*,*,#1375,.F.);
#606=ORIENTED_EDGE('',*,*,#1380,.T.);
#607=ORIENTED_EDGE('',*,*,#1381,.T.);
#608=ORIENTED_EDGE('',*,*,#1382,.T.);
#609=ORIENTED_EDGE('',*,*,#1378,.F.);
#610=ORIENTED_EDGE('',*,*,#1383,.T.);
#611=ORIENTED_EDGE('',*,*,#1384,.T.);
#612=ORIENTED_EDGE('',*,*,#1385,.T.);
#613=ORIENTED_EDGE('',*,*,#1381,.F.);
#614=ORIENTED_EDGE('',*,*,#1386,.T.);
#615=ORIENTED_EDGE('',*,*,#1325,.T.);
#616=ORIENTED_EDGE('',*,*,#1387,.T.);
#617=ORIENTED_EDGE('',*,*,#1384,.F.);
#618=ORIENTED_EDGE('',*,*,#1388,.T.);
#619=ORIENTED_EDGE('',*,*,#1389,.T.);
#620=ORIENTED_EDGE('',*,*,#1390,.T.);
#621=ORIENTED_EDGE('',*,*,#1391,.T.);
#622=ORIENTED_EDGE('',*,*,#1392,.T.);
#623=ORIENTED_EDGE('',*,*,#1393,.T.);
#624=ORIENTED_EDGE('',*,*,#1394,.T.);
#625=ORIENTED_EDGE('',*,*,#1395,.T.);
#626=ORIENTED_EDGE('',*,*,#1396,.T.);
#627=ORIENTED_EDGE('',*,*,#1397,.T.);
#628=ORIENTED_EDGE('',*,*,#1398,.T.);
#629=ORIENTED_EDGE('',*,*,#1399,.T.);
#630=ORIENTED_EDGE('',*,*,#1400,.T.);
#631=ORIENTED_EDGE('',*,*,#1401,.T.);
#632=ORIENTED_EDGE('',*,*,#1402,.T.);
#633=ORIENTED_EDGE('',*,*,#1403,.T.);
#634=ORIENTED_EDGE('',*,*,#1404,.T.);
#635=ORIENTED_EDGE('',*,*,#1405,.T.);
#636=ORIENTED_EDGE('',*,*,#1406,.T.);
#637=ORIENTED_EDGE('',*,*,#1407,.T.);
#638=ORIENTED_EDGE('',*,*,#1408,.T.);
#639=ORIENTED_EDGE('',*,*,#1409,.T.);
#640=ORIENTED_EDGE('',*,*,#1410,.T.);
#641=ORIENTED_EDGE('',*,*,#1411,.T.);
#642=ORIENTED_EDGE('',*,*,#1412,.T.);
#643=ORIENTED_EDGE('',*,*,#1413,.T.);
#644=ORIENTED_EDGE('',*,*,#1414,.T.);
#645=ORIENTED_EDGE('',*,*,#1415,.T.);
#646=ORIENTED_EDGE('',*,*,#1416,.T.);
#647=ORIENTED_EDGE('',*,*,#1417,.T.);
#648=ORIENTED_EDGE('',*,*,#1418,.T.);
#649=ORIENTED_EDGE('',*,*,#1419,.T.);
#650=ORIENTED_EDGE('',*,*,#1420,.T.);
#651=ORIENTED_EDGE('',*,*,#1421,.T.);
#652=ORIENTED_EDGE('',*,*,#1422,.T.);
#653=ORIENTED_EDGE('',*,*,#1423,.T.);
#654=ORIENTED_EDGE('',*,*,#1424,.T.);
#655=ORIENTED_EDGE('',*,*,#1425,.T.);
#656=ORIENTED_EDGE('',*,*,#1426,.T.);
#657=ORIENTED_EDGE('',*,*,#1427,.T.);
#658=ORIENTED_EDGE('',*,*,#1428,.T.);
#659=ORIENTED_EDGE('',*,*,#1429,.T.);
#660=ORIENTED_EDGE('',*,*,#1430,.T.);
#661=ORIENTED_EDGE('',*,*,#1431,.T.);
#662=ORIENTED_EDGE('',*,*,#1432,.T.);
#663=ORIENTED_EDGE('',*,*,#1433,.T.);
#664=ORIENTED_EDGE('',*,*,#1434,.T.);
#665=ORIENTED_EDGE('',*,*,#1435,.T.);
#666=ORIENTED_EDGE('',*,*,#1436,.T.);
#667=ORIENTED_EDGE('',*,*,#1437,.T.);
#668=ORIENTED_EDGE('',*,*,#1438,.T.);
#669=ORIENTED_EDGE('',*,*,#1439,.T.);
#670=ORIENTED_EDGE('',*,*,#1440,.T.);
#671=ORIENTED_EDGE('',*,*,#1441,.T.);
#672=ORIENTED_EDGE('',*,*,#1442,.T.);
#673=ORIENTED_EDGE('',*,*,#1443,.T.);
#674=ORIENTED_EDGE('',*,*,#1444,.T.);
#675=ORIENTED_EDGE('',*,*,#1445,.T.);
#676=ORIENTED_EDGE('',*,*,#1446,.T.);
#677=ORIENTED_EDGE('',*,*,#1447,.T.);
#678=ORIENTED_EDGE('',*,*,#1448,.T.);
#679=ORIENTED_EDGE('',*,*,#1449,.T.);
#680=ORIENTED_EDGE('',*,*,#1450,.T.);
#681=ORIENTED_EDGE('',*,*,#1451,.T.);
#682=ORIENTED_EDGE('',*,*,#1452,.T.);
#683=ORIENTED_EDGE('',*,*,#1453,.T.);
#684=ORIENTED_EDGE('',*,*,#1454,.T.);
#685=ORIENTED_EDGE('',*,*,#1455,.T.);
#686=ORIENTED_EDGE('',*,*,#1456,.T.);
#687=ORIENTED_EDGE('',*,*,#1457,.T.);
#688=ORIENTED_EDGE('',*,*,#1458,.T.);
#689=ORIENTED_EDGE('',*,*,#1459,.T.);
#690=ORIENTED_EDGE('',*,*,#1460,.T.);
#691=ORIENTED_EDGE('',*,*,#1461,.T.);
#692=ORIENTED_EDGE('',*,*,#1462,.T.);
#693=ORIENTED_EDGE('',*,*,#1463,.T.);
#694=ORIENTED_EDGE('',*,*,#1464,.T.);
#695=ORIENTED_EDGE('',*,*,#1465,.T.);
#696=ORIENTED_EDGE('',*,*,#1466,.T.);
#697=ORIENTED_EDGE('',*,*,#1467,.T.);
#698=ORIENTED_EDGE('',*,*,#1468,.T.);
#699=ORIENTED_EDGE('',*,*,#1469,.F.);
#700=ORIENTED_EDGE('',*,*,#1470,.T.);
#701=ORIENTED_EDGE('',*,*,#1471,.F.);
#702=ORIENTED_EDGE('',*,*,#1465,.F.);
#703=ORIENTED_EDGE('',*,*,#1471,.T.);
#704=ORIENTED_EDGE('',*,*,#1472,.T.);
#705=ORIENTED_EDGE('',*,*,#1473,.F.);
#706=ORIENTED_EDGE('',*,*,#1466,.F.);
#707=ORIENTED_EDGE('',*,*,#1474,.F.);
#708=ORIENTED_EDGE('',*,*,#1475,.T.);
#709=ORIENTED_EDGE('',*,*,#1469,.T.);
#710=ORIENTED_EDGE('',*,*,#1464,.F.);
#711=ORIENTED_EDGE('',*,*,#1473,.T.);
#712=ORIENTED_EDGE('',*,*,#1476,.T.);
#713=ORIENTED_EDGE('',*,*,#1477,.F.);
#714=ORIENTED_EDGE('',*,*,#1467,.F.);
#715=ORIENTED_EDGE('',*,*,#1478,.F.);
#716=ORIENTED_EDGE('',*,*,#1479,.T.);
#717=ORIENTED_EDGE('',*,*,#1474,.T.);
#718=ORIENTED_EDGE('',*,*,#1463,.F.);
#719=ORIENTED_EDGE('',*,*,#1477,.T.);
#720=ORIENTED_EDGE('',*,*,#1480,.T.);
#721=ORIENTED_EDGE('',*,*,#1481,.F.);
#722=ORIENTED_EDGE('',*,*,#1468,.F.);
#723=ORIENTED_EDGE('',*,*,#1482,.F.);
#724=ORIENTED_EDGE('',*,*,#1483,.T.);
#725=ORIENTED_EDGE('',*,*,#1478,.T.);
#726=ORIENTED_EDGE('',*,*,#1462,.F.);
#727=ORIENTED_EDGE('',*,*,#1481,.T.);
#728=ORIENTED_EDGE('',*,*,#1484,.T.);
#729=ORIENTED_EDGE('',*,*,#1485,.F.);
#730=ORIENTED_EDGE('',*,*,#1459,.F.);
#731=ORIENTED_EDGE('',*,*,#1486,.F.);
#732=ORIENTED_EDGE('',*,*,#1487,.T.);
#733=ORIENTED_EDGE('',*,*,#1482,.T.);
#734=ORIENTED_EDGE('',*,*,#1461,.F.);
#735=ORIENTED_EDGE('',*,*,#1485,.T.);
#736=ORIENTED_EDGE('',*,*,#1488,.T.);
#737=ORIENTED_EDGE('',*,*,#1486,.T.);
#738=ORIENTED_EDGE('',*,*,#1460,.F.);
#739=ORIENTED_EDGE('',*,*,#1489,.F.);
#740=ORIENTED_EDGE('',*,*,#1490,.T.);
#741=ORIENTED_EDGE('',*,*,#1261,.T.);
#742=ORIENTED_EDGE('',*,*,#1491,.F.);
#743=ORIENTED_EDGE('',*,*,#1269,.F.);
#744=ORIENTED_EDGE('',*,*,#1491,.T.);
#745=ORIENTED_EDGE('',*,*,#1492,.T.);
#746=ORIENTED_EDGE('',*,*,#1493,.F.);
#747=ORIENTED_EDGE('',*,*,#1270,.F.);
#748=ORIENTED_EDGE('',*,*,#1494,.F.);
#749=ORIENTED_EDGE('',*,*,#1495,.T.);
#750=ORIENTED_EDGE('',*,*,#1489,.T.);
#751=ORIENTED_EDGE('',*,*,#1268,.F.);
#752=ORIENTED_EDGE('',*,*,#1493,.T.);
#753=ORIENTED_EDGE('',*,*,#1496,.T.);
#754=ORIENTED_EDGE('',*,*,#1497,.F.);
#755=ORIENTED_EDGE('',*,*,#1271,.F.);
#756=ORIENTED_EDGE('',*,*,#1498,.F.);
#757=ORIENTED_EDGE('',*,*,#1499,.T.);
#758=ORIENTED_EDGE('',*,*,#1494,.T.);
#759=ORIENTED_EDGE('',*,*,#1267,.F.);
#760=ORIENTED_EDGE('',*,*,#1497,.T.);
#761=ORIENTED_EDGE('',*,*,#1500,.T.);
#762=ORIENTED_EDGE('',*,*,#1501,.F.);
#763=ORIENTED_EDGE('',*,*,#1272,.F.);
#764=ORIENTED_EDGE('',*,*,#1502,.F.);
#765=ORIENTED_EDGE('',*,*,#1503,.T.);
#766=ORIENTED_EDGE('',*,*,#1498,.T.);
#767=ORIENTED_EDGE('',*,*,#1266,.F.);
#768=ORIENTED_EDGE('',*,*,#1501,.T.);
#769=ORIENTED_EDGE('',*,*,#1504,.T.);
#770=ORIENTED_EDGE('',*,*,#1505,.F.);
#771=ORIENTED_EDGE('',*,*,#1263,.F.);
#772=ORIENTED_EDGE('',*,*,#1506,.F.);
#773=ORIENTED_EDGE('',*,*,#1507,.T.);
#774=ORIENTED_EDGE('',*,*,#1502,.T.);
#775=ORIENTED_EDGE('',*,*,#1265,.F.);
#776=ORIENTED_EDGE('',*,*,#1505,.T.);
#777=ORIENTED_EDGE('',*,*,#1508,.T.);
#778=ORIENTED_EDGE('',*,*,#1506,.T.);
#779=ORIENTED_EDGE('',*,*,#1264,.F.);
#780=ORIENTED_EDGE('',*,*,#1509,.F.);
#781=ORIENTED_EDGE('',*,*,#1510,.T.);
#782=ORIENTED_EDGE('',*,*,#1511,.F.);
#783=ORIENTED_EDGE('',*,*,#1278,.F.);
#784=ORIENTED_EDGE('',*,*,#1511,.T.);
#785=ORIENTED_EDGE('',*,*,#1512,.T.);
#786=ORIENTED_EDGE('',*,*,#1513,.F.);
#787=ORIENTED_EDGE('',*,*,#1279,.F.);
#788=ORIENTED_EDGE('',*,*,#1514,.F.);
#789=ORIENTED_EDGE('',*,*,#1515,.T.);
#790=ORIENTED_EDGE('',*,*,#1509,.T.);
#791=ORIENTED_EDGE('',*,*,#1277,.F.);
#792=ORIENTED_EDGE('',*,*,#1513,.T.);
#793=ORIENTED_EDGE('',*,*,#1516,.T.);
#794=ORIENTED_EDGE('',*,*,#1517,.F.);
#795=ORIENTED_EDGE('',*,*,#1280,.F.);
#796=ORIENTED_EDGE('',*,*,#1518,.F.);
#797=ORIENTED_EDGE('',*,*,#1519,.T.);
#798=ORIENTED_EDGE('',*,*,#1514,.T.);
#799=ORIENTED_EDGE('',*,*,#1276,.F.);
#800=ORIENTED_EDGE('',*,*,#1517,.T.);
#801=ORIENTED_EDGE('',*,*,#1520,.T.);
#802=ORIENTED_EDGE('',*,*,#1521,.F.);
#803=ORIENTED_EDGE('',*,*,#1273,.F.);
#804=ORIENTED_EDGE('',*,*,#1522,.F.);
#805=ORIENTED_EDGE('',*,*,#1523,.T.);
#806=ORIENTED_EDGE('',*,*,#1518,.T.);
#807=ORIENTED_EDGE('',*,*,#1275,.F.);
#808=ORIENTED_EDGE('',*,*,#1521,.T.);
#809=ORIENTED_EDGE('',*,*,#1524,.T.);
#810=ORIENTED_EDGE('',*,*,#1522,.T.);
#811=ORIENTED_EDGE('',*,*,#1274,.F.);
#812=ORIENTED_EDGE('',*,*,#1525,.F.);
#813=ORIENTED_EDGE('',*,*,#1526,.T.);
#814=ORIENTED_EDGE('',*,*,#1527,.F.);
#815=ORIENTED_EDGE('',*,*,#1292,.F.);
#816=ORIENTED_EDGE('',*,*,#1527,.T.);
#817=ORIENTED_EDGE('',*,*,#1528,.T.);
#818=ORIENTED_EDGE('',*,*,#1529,.F.);
#819=ORIENTED_EDGE('',*,*,#1293,.F.);
#820=ORIENTED_EDGE('',*,*,#1530,.F.);
#821=ORIENTED_EDGE('',*,*,#1531,.T.);
#822=ORIENTED_EDGE('',*,*,#1525,.T.);
#823=ORIENTED_EDGE('',*,*,#1291,.F.);
#824=ORIENTED_EDGE('',*,*,#1529,.T.);
#825=ORIENTED_EDGE('',*,*,#1532,.T.);
#826=ORIENTED_EDGE('',*,*,#1533,.F.);
#827=ORIENTED_EDGE('',*,*,#1294,.F.);
#828=ORIENTED_EDGE('',*,*,#1534,.F.);
#829=ORIENTED_EDGE('',*,*,#1535,.T.);
#830=ORIENTED_EDGE('',*,*,#1530,.T.);
#831=ORIENTED_EDGE('',*,*,#1290,.F.);
#832=ORIENTED_EDGE('',*,*,#1533,.T.);
#833=ORIENTED_EDGE('',*,*,#1536,.T.);
#834=ORIENTED_EDGE('',*,*,#1537,.F.);
#835=ORIENTED_EDGE('',*,*,#1295,.F.);
#836=ORIENTED_EDGE('',*,*,#1538,.F.);
#837=ORIENTED_EDGE('',*,*,#1539,.T.);
#838=ORIENTED_EDGE('',*,*,#1534,.T.);
#839=ORIENTED_EDGE('',*,*,#1289,.F.);
#840=ORIENTED_EDGE('',*,*,#1537,.T.);
#841=ORIENTED_EDGE('',*,*,#1540,.T.);
#842=ORIENTED_EDGE('',*,*,#1541,.F.);
#843=ORIENTED_EDGE('',*,*,#1296,.F.);
#844=ORIENTED_EDGE('',*,*,#1542,.F.);
#845=ORIENTED_EDGE('',*,*,#1543,.T.);
#846=ORIENTED_EDGE('',*,*,#1538,.T.);
#847=ORIENTED_EDGE('',*,*,#1288,.F.);
#848=ORIENTED_EDGE('',*,*,#1541,.T.);
#849=ORIENTED_EDGE('',*,*,#1544,.T.);
#850=ORIENTED_EDGE('',*,*,#1545,.F.);
#851=ORIENTED_EDGE('',*,*,#1297,.F.);
#852=ORIENTED_EDGE('',*,*,#1546,.F.);
#853=ORIENTED_EDGE('',*,*,#1547,.T.);
#854=ORIENTED_EDGE('',*,*,#1542,.T.);
#855=ORIENTED_EDGE('',*,*,#1287,.F.);
#856=ORIENTED_EDGE('',*,*,#1545,.T.);
#857=ORIENTED_EDGE('',*,*,#1548,.T.);
#858=ORIENTED_EDGE('',*,*,#1549,.F.);
#859=ORIENTED_EDGE('',*,*,#1298,.F.);
#860=ORIENTED_EDGE('',*,*,#1550,.F.);
#861=ORIENTED_EDGE('',*,*,#1551,.T.);
#862=ORIENTED_EDGE('',*,*,#1546,.T.);
#863=ORIENTED_EDGE('',*,*,#1286,.F.);
#864=ORIENTED_EDGE('',*,*,#1549,.T.);
#865=ORIENTED_EDGE('',*,*,#1552,.T.);
#866=ORIENTED_EDGE('',*,*,#1553,.F.);
#867=ORIENTED_EDGE('',*,*,#1299,.F.);
#868=ORIENTED_EDGE('',*,*,#1554,.F.);
#869=ORIENTED_EDGE('',*,*,#1555,.T.);
#870=ORIENTED_EDGE('',*,*,#1550,.T.);
#871=ORIENTED_EDGE('',*,*,#1285,.F.);
#872=ORIENTED_EDGE('',*,*,#1553,.T.);
#873=ORIENTED_EDGE('',*,*,#1556,.T.);
#874=ORIENTED_EDGE('',*,*,#1557,.F.);
#875=ORIENTED_EDGE('',*,*,#1300,.F.);
#876=ORIENTED_EDGE('',*,*,#1558,.F.);
#877=ORIENTED_EDGE('',*,*,#1559,.T.);
#878=ORIENTED_EDGE('',*,*,#1554,.T.);
#879=ORIENTED_EDGE('',*,*,#1284,.F.);
#880=ORIENTED_EDGE('',*,*,#1557,.T.);
#881=ORIENTED_EDGE('',*,*,#1560,.T.);
#882=ORIENTED_EDGE('',*,*,#1561,.F.);
#883=ORIENTED_EDGE('',*,*,#1281,.F.);
#884=ORIENTED_EDGE('',*,*,#1562,.F.);
#885=ORIENTED_EDGE('',*,*,#1563,.T.);
#886=ORIENTED_EDGE('',*,*,#1558,.T.);
#887=ORIENTED_EDGE('',*,*,#1283,.F.);
#888=ORIENTED_EDGE('',*,*,#1561,.T.);
#889=ORIENTED_EDGE('',*,*,#1564,.T.);
#890=ORIENTED_EDGE('',*,*,#1562,.T.);
#891=ORIENTED_EDGE('',*,*,#1282,.F.);
#892=ORIENTED_EDGE('',*,*,#1565,.F.);
#893=ORIENTED_EDGE('',*,*,#1313,.F.);
#894=ORIENTED_EDGE('',*,*,#1566,.F.);
#895=ORIENTED_EDGE('',*,*,#1382,.F.);
#896=ORIENTED_EDGE('',*,*,#1566,.T.);
#897=ORIENTED_EDGE('',*,*,#1312,.F.);
#898=ORIENTED_EDGE('',*,*,#1567,.F.);
#899=ORIENTED_EDGE('',*,*,#1379,.F.);
#900=ORIENTED_EDGE('',*,*,#1565,.T.);
#901=ORIENTED_EDGE('',*,*,#1385,.F.);
#902=ORIENTED_EDGE('',*,*,#1568,.F.);
#903=ORIENTED_EDGE('',*,*,#1314,.F.);
#904=ORIENTED_EDGE('',*,*,#1567,.T.);
#905=ORIENTED_EDGE('',*,*,#1311,.F.);
#906=ORIENTED_EDGE('',*,*,#1569,.F.);
#907=ORIENTED_EDGE('',*,*,#1376,.F.);
#908=ORIENTED_EDGE('',*,*,#1568,.T.);
#909=ORIENTED_EDGE('',*,*,#1387,.F.);
#910=ORIENTED_EDGE('',*,*,#1570,.F.);
#911=ORIENTED_EDGE('',*,*,#1315,.F.);
#912=ORIENTED_EDGE('',*,*,#1569,.T.);
#913=ORIENTED_EDGE('',*,*,#1310,.F.);
#914=ORIENTED_EDGE('',*,*,#1571,.F.);
#915=ORIENTED_EDGE('',*,*,#1373,.F.);
#916=ORIENTED_EDGE('',*,*,#1570,.T.);
#917=ORIENTED_EDGE('',*,*,#1324,.F.);
#918=ORIENTED_EDGE('',*,*,#1572,.F.);
#919=ORIENTED_EDGE('',*,*,#1316,.F.);
#920=ORIENTED_EDGE('',*,*,#1571,.T.);
#921=ORIENTED_EDGE('',*,*,#1309,.F.);
#922=ORIENTED_EDGE('',*,*,#1573,.F.);
#923=ORIENTED_EDGE('',*,*,#1370,.F.);
#924=ORIENTED_EDGE('',*,*,#1572,.T.);
#925=ORIENTED_EDGE('',*,*,#1328,.F.);
#926=ORIENTED_EDGE('',*,*,#1574,.F.);
#927=ORIENTED_EDGE('',*,*,#1317,.F.);
#928=ORIENTED_EDGE('',*,*,#1573,.T.);
#929=ORIENTED_EDGE('',*,*,#1308,.F.);
#930=ORIENTED_EDGE('',*,*,#1575,.F.);
#931=ORIENTED_EDGE('',*,*,#1367,.F.);
#932=ORIENTED_EDGE('',*,*,#1574,.T.);
#933=ORIENTED_EDGE('',*,*,#1331,.F.);
#934=ORIENTED_EDGE('',*,*,#1576,.F.);
#935=ORIENTED_EDGE('',*,*,#1318,.F.);
#936=ORIENTED_EDGE('',*,*,#1575,.T.);
#937=ORIENTED_EDGE('',*,*,#1307,.F.);
#938=ORIENTED_EDGE('',*,*,#1577,.F.);
#939=ORIENTED_EDGE('',*,*,#1364,.F.);
#940=ORIENTED_EDGE('',*,*,#1576,.T.);
#941=ORIENTED_EDGE('',*,*,#1334,.F.);
#942=ORIENTED_EDGE('',*,*,#1578,.F.);
#943=ORIENTED_EDGE('',*,*,#1319,.F.);
#944=ORIENTED_EDGE('',*,*,#1577,.T.);
#945=ORIENTED_EDGE('',*,*,#1306,.F.);
#946=ORIENTED_EDGE('',*,*,#1579,.F.);
#947=ORIENTED_EDGE('',*,*,#1361,.F.);
#948=ORIENTED_EDGE('',*,*,#1578,.T.);
#949=ORIENTED_EDGE('',*,*,#1337,.F.);
#950=ORIENTED_EDGE('',*,*,#1580,.F.);
#951=ORIENTED_EDGE('',*,*,#1320,.F.);
#952=ORIENTED_EDGE('',*,*,#1579,.T.);
#953=ORIENTED_EDGE('',*,*,#1305,.F.);
#954=ORIENTED_EDGE('',*,*,#1581,.F.);
#955=ORIENTED_EDGE('',*,*,#1358,.F.);
#956=ORIENTED_EDGE('',*,*,#1580,.T.);
#957=ORIENTED_EDGE('',*,*,#1340,.F.);
#958=ORIENTED_EDGE('',*,*,#1582,.F.);
#959=ORIENTED_EDGE('',*,*,#1321,.F.);
#960=ORIENTED_EDGE('',*,*,#1581,.T.);
#961=ORIENTED_EDGE('',*,*,#1304,.F.);
#962=ORIENTED_EDGE('',*,*,#1583,.F.);
#963=ORIENTED_EDGE('',*,*,#1355,.F.);
#964=ORIENTED_EDGE('',*,*,#1582,.T.);
#965=ORIENTED_EDGE('',*,*,#1343,.F.);
#966=ORIENTED_EDGE('',*,*,#1584,.F.);
#967=ORIENTED_EDGE('',*,*,#1322,.F.);
#968=ORIENTED_EDGE('',*,*,#1583,.T.);
#969=ORIENTED_EDGE('',*,*,#1303,.F.);
#970=ORIENTED_EDGE('',*,*,#1585,.F.);
#971=ORIENTED_EDGE('',*,*,#1352,.F.);
#972=ORIENTED_EDGE('',*,*,#1584,.T.);
#973=ORIENTED_EDGE('',*,*,#1346,.F.);
#974=ORIENTED_EDGE('',*,*,#1586,.F.);
#975=ORIENTED_EDGE('',*,*,#1301,.F.);
#976=ORIENTED_EDGE('',*,*,#1585,.T.);
#977=ORIENTED_EDGE('',*,*,#1302,.F.);
#978=ORIENTED_EDGE('',*,*,#1586,.T.);
#979=ORIENTED_EDGE('',*,*,#1349,.F.);
#980=ORIENTED_EDGE('',*,*,#1587,.F.);
#981=ORIENTED_EDGE('',*,*,#1383,.F.);
#982=ORIENTED_EDGE('',*,*,#1588,.F.);
#983=ORIENTED_EDGE('',*,*,#1401,.F.);
#984=ORIENTED_EDGE('',*,*,#1588,.T.);
#985=ORIENTED_EDGE('',*,*,#1380,.F.);
#986=ORIENTED_EDGE('',*,*,#1589,.F.);
#987=ORIENTED_EDGE('',*,*,#1402,.F.);
#988=ORIENTED_EDGE('',*,*,#1587,.T.);
#989=ORIENTED_EDGE('',*,*,#1400,.F.);
#990=ORIENTED_EDGE('',*,*,#1590,.F.);
#991=ORIENTED_EDGE('',*,*,#1386,.F.);
#992=ORIENTED_EDGE('',*,*,#1589,.T.);
#993=ORIENTED_EDGE('',*,*,#1377,.F.);
#994=ORIENTED_EDGE('',*,*,#1591,.F.);
#995=ORIENTED_EDGE('',*,*,#1403,.F.);
#996=ORIENTED_EDGE('',*,*,#1590,.T.);
#997=ORIENTED_EDGE('',*,*,#1399,.F.);
#998=ORIENTED_EDGE('',*,*,#1592,.F.);
#999=ORIENTED_EDGE('',*,*,#1388,.F.);
#1000=ORIENTED_EDGE('',*,*,#1591,.T.);
#1001=ORIENTED_EDGE('',*,*,#1374,.F.);
#1002=ORIENTED_EDGE('',*,*,#1593,.F.);
#1003=ORIENTED_EDGE('',*,*,#1404,.F.);
#1004=ORIENTED_EDGE('',*,*,#1592,.T.);
#1005=ORIENTED_EDGE('',*,*,#1398,.F.);
#1006=ORIENTED_EDGE('',*,*,#1594,.F.);
#1007=ORIENTED_EDGE('',*,*,#1326,.F.);
#1008=ORIENTED_EDGE('',*,*,#1593,.T.);
#1009=ORIENTED_EDGE('',*,*,#1371,.F.);
#1010=ORIENTED_EDGE('',*,*,#1595,.F.);
#1011=ORIENTED_EDGE('',*,*,#1405,.F.);
#1012=ORIENTED_EDGE('',*,*,#1594,.T.);
#1013=ORIENTED_EDGE('',*,*,#1397,.F.);
#1014=ORIENTED_EDGE('',*,*,#1596,.F.);
#1015=ORIENTED_EDGE('',*,*,#1329,.F.);
#1016=ORIENTED_EDGE('',*,*,#1595,.T.);
#1017=ORIENTED_EDGE('',*,*,#1368,.F.);
#1018=ORIENTED_EDGE('',*,*,#1597,.F.);
#1019=ORIENTED_EDGE('',*,*,#1406,.F.);
#1020=ORIENTED_EDGE('',*,*,#1596,.T.);
#1021=ORIENTED_EDGE('',*,*,#1396,.F.);
#1022=ORIENTED_EDGE('',*,*,#1598,.F.);
#1023=ORIENTED_EDGE('',*,*,#1332,.F.);
#1024=ORIENTED_EDGE('',*,*,#1597,.T.);
#1025=ORIENTED_EDGE('',*,*,#1365,.F.);
#1026=ORIENTED_EDGE('',*,*,#1599,.F.);
#1027=ORIENTED_EDGE('',*,*,#1407,.F.);
#1028=ORIENTED_EDGE('',*,*,#1598,.T.);
#1029=ORIENTED_EDGE('',*,*,#1395,.F.);
#1030=ORIENTED_EDGE('',*,*,#1600,.F.);
#1031=ORIENTED_EDGE('',*,*,#1335,.F.);
#1032=ORIENTED_EDGE('',*,*,#1599,.T.);
#1033=ORIENTED_EDGE('',*,*,#1362,.F.);
#1034=ORIENTED_EDGE('',*,*,#1601,.F.);
#1035=ORIENTED_EDGE('',*,*,#1408,.F.);
#1036=ORIENTED_EDGE('',*,*,#1600,.T.);
#1037=ORIENTED_EDGE('',*,*,#1394,.F.);
#1038=ORIENTED_EDGE('',*,*,#1602,.F.);
#1039=ORIENTED_EDGE('',*,*,#1338,.F.);
#1040=ORIENTED_EDGE('',*,*,#1601,.T.);
#1041=ORIENTED_EDGE('',*,*,#1359,.F.);
#1042=ORIENTED_EDGE('',*,*,#1603,.F.);
#1043=ORIENTED_EDGE('',*,*,#1409,.F.);
#1044=ORIENTED_EDGE('',*,*,#1602,.T.);
#1045=ORIENTED_EDGE('',*,*,#1393,.F.);
#1046=ORIENTED_EDGE('',*,*,#1604,.F.);
#1047=ORIENTED_EDGE('',*,*,#1341,.F.);
#1048=ORIENTED_EDGE('',*,*,#1603,.T.);
#1049=ORIENTED_EDGE('',*,*,#1356,.F.);
#1050=ORIENTED_EDGE('',*,*,#1605,.F.);
#1051=ORIENTED_EDGE('',*,*,#1410,.F.);
#1052=ORIENTED_EDGE('',*,*,#1604,.T.);
#1053=ORIENTED_EDGE('',*,*,#1392,.F.);
#1054=ORIENTED_EDGE('',*,*,#1606,.F.);
#1055=ORIENTED_EDGE('',*,*,#1344,.F.);
#1056=ORIENTED_EDGE('',*,*,#1605,.T.);
#1057=ORIENTED_EDGE('',*,*,#1353,.F.);
#1058=ORIENTED_EDGE('',*,*,#1607,.F.);
#1059=ORIENTED_EDGE('',*,*,#1389,.F.);
#1060=ORIENTED_EDGE('',*,*,#1606,.T.);
#1061=ORIENTED_EDGE('',*,*,#1391,.F.);
#1062=ORIENTED_EDGE('',*,*,#1608,.F.);
#1063=ORIENTED_EDGE('',*,*,#1347,.F.);
#1064=ORIENTED_EDGE('',*,*,#1607,.T.);
#1065=ORIENTED_EDGE('',*,*,#1350,.F.);
#1066=ORIENTED_EDGE('',*,*,#1608,.T.);
#1067=ORIENTED_EDGE('',*,*,#1390,.F.);
#1068=ORIENTED_EDGE('',*,*,#1609,.F.);
#1069=ORIENTED_EDGE('',*,*,#1436,.F.);
#1070=ORIENTED_EDGE('',*,*,#1610,.F.);
#1071=ORIENTED_EDGE('',*,*,#1510,.F.);
#1072=ORIENTED_EDGE('',*,*,#1610,.T.);
#1073=ORIENTED_EDGE('',*,*,#1435,.F.);
#1074=ORIENTED_EDGE('',*,*,#1611,.F.);
#1075=ORIENTED_EDGE('',*,*,#1512,.F.);
#1076=ORIENTED_EDGE('',*,*,#1609,.T.);
#1077=ORIENTED_EDGE('',*,*,#1515,.F.);
#1078=ORIENTED_EDGE('',*,*,#1612,.F.);
#1079=ORIENTED_EDGE('',*,*,#1437,.F.);
#1080=ORIENTED_EDGE('',*,*,#1611,.T.);
#1081=ORIENTED_EDGE('',*,*,#1434,.F.);
#1082=ORIENTED_EDGE('',*,*,#1613,.F.);
#1083=ORIENTED_EDGE('',*,*,#1516,.F.);
#1084=ORIENTED_EDGE('',*,*,#1612,.T.);
#1085=ORIENTED_EDGE('',*,*,#1519,.F.);
#1086=ORIENTED_EDGE('',*,*,#1614,.F.);
#1087=ORIENTED_EDGE('',*,*,#1438,.F.);
#1088=ORIENTED_EDGE('',*,*,#1613,.T.);
#1089=ORIENTED_EDGE('',*,*,#1433,.F.);
#1090=ORIENTED_EDGE('',*,*,#1615,.F.);
#1091=ORIENTED_EDGE('',*,*,#1520,.F.);
#1092=ORIENTED_EDGE('',*,*,#1614,.T.);
#1093=ORIENTED_EDGE('',*,*,#1523,.F.);
#1094=ORIENTED_EDGE('',*,*,#1616,.F.);
#1095=ORIENTED_EDGE('',*,*,#1431,.F.);
#1096=ORIENTED_EDGE('',*,*,#1615,.T.);
#1097=ORIENTED_EDGE('',*,*,#1432,.F.);
#1098=ORIENTED_EDGE('',*,*,#1616,.T.);
#1099=ORIENTED_EDGE('',*,*,#1524,.F.);
#1100=ORIENTED_EDGE('',*,*,#1617,.F.);
#1101=ORIENTED_EDGE('',*,*,#1450,.F.);
#1102=ORIENTED_EDGE('',*,*,#1618,.F.);
#1103=ORIENTED_EDGE('',*,*,#1526,.F.);
#1104=ORIENTED_EDGE('',*,*,#1618,.T.);
#1105=ORIENTED_EDGE('',*,*,#1449,.F.);
#1106=ORIENTED_EDGE('',*,*,#1619,.F.);
#1107=ORIENTED_EDGE('',*,*,#1528,.F.);
#1108=ORIENTED_EDGE('',*,*,#1617,.T.);
#1109=ORIENTED_EDGE('',*,*,#1531,.F.);
#1110=ORIENTED_EDGE('',*,*,#1620,.F.);
#1111=ORIENTED_EDGE('',*,*,#1451,.F.);
#1112=ORIENTED_EDGE('',*,*,#1619,.T.);
#1113=ORIENTED_EDGE('',*,*,#1448,.F.);
#1114=ORIENTED_EDGE('',*,*,#1621,.F.);
#1115=ORIENTED_EDGE('',*,*,#1532,.F.);
#1116=ORIENTED_EDGE('',*,*,#1620,.T.);
#1117=ORIENTED_EDGE('',*,*,#1535,.F.);
#1118=ORIENTED_EDGE('',*,*,#1622,.F.);
#1119=ORIENTED_EDGE('',*,*,#1452,.F.);
#1120=ORIENTED_EDGE('',*,*,#1621,.T.);
#1121=ORIENTED_EDGE('',*,*,#1447,.F.);
#1122=ORIENTED_EDGE('',*,*,#1623,.F.);
#1123=ORIENTED_EDGE('',*,*,#1536,.F.);
#1124=ORIENTED_EDGE('',*,*,#1622,.T.);
#1125=ORIENTED_EDGE('',*,*,#1539,.F.);
#1126=ORIENTED_EDGE('',*,*,#1624,.F.);
#1127=ORIENTED_EDGE('',*,*,#1453,.F.);
#1128=ORIENTED_EDGE('',*,*,#1623,.T.);
#1129=ORIENTED_EDGE('',*,*,#1446,.F.);
#1130=ORIENTED_EDGE('',*,*,#1625,.F.);
#1131=ORIENTED_EDGE('',*,*,#1540,.F.);
#1132=ORIENTED_EDGE('',*,*,#1624,.T.);
#1133=ORIENTED_EDGE('',*,*,#1543,.F.);
#1134=ORIENTED_EDGE('',*,*,#1626,.F.);
#1135=ORIENTED_EDGE('',*,*,#1454,.F.);
#1136=ORIENTED_EDGE('',*,*,#1625,.T.);
#1137=ORIENTED_EDGE('',*,*,#1445,.F.);
#1138=ORIENTED_EDGE('',*,*,#1627,.F.);
#1139=ORIENTED_EDGE('',*,*,#1544,.F.);
#1140=ORIENTED_EDGE('',*,*,#1626,.T.);
#1141=ORIENTED_EDGE('',*,*,#1547,.F.);
#1142=ORIENTED_EDGE('',*,*,#1628,.F.);
#1143=ORIENTED_EDGE('',*,*,#1455,.F.);
#1144=ORIENTED_EDGE('',*,*,#1627,.T.);
#1145=ORIENTED_EDGE('',*,*,#1444,.F.);
#1146=ORIENTED_EDGE('',*,*,#1629,.F.);
#1147=ORIENTED_EDGE('',*,*,#1548,.F.);
#1148=ORIENTED_EDGE('',*,*,#1628,.T.);
#1149=ORIENTED_EDGE('',*,*,#1551,.F.);
#1150=ORIENTED_EDGE('',*,*,#1630,.F.);
#1151=ORIENTED_EDGE('',*,*,#1456,.F.);
#1152=ORIENTED_EDGE('',*,*,#1629,.T.);
#1153=ORIENTED_EDGE('',*,*,#1443,.F.);
#1154=ORIENTED_EDGE('',*,*,#1631,.F.);
#1155=ORIENTED_EDGE('',*,*,#1552,.F.);
#1156=ORIENTED_EDGE('',*,*,#1630,.T.);
#1157=ORIENTED_EDGE('',*,*,#1555,.F.);
#1158=ORIENTED_EDGE('',*,*,#1632,.F.);
#1159=ORIENTED_EDGE('',*,*,#1457,.F.);
#1160=ORIENTED_EDGE('',*,*,#1631,.T.);
#1161=ORIENTED_EDGE('',*,*,#1442,.F.);
#1162=ORIENTED_EDGE('',*,*,#1633,.F.);
#1163=ORIENTED_EDGE('',*,*,#1556,.F.);
#1164=ORIENTED_EDGE('',*,*,#1632,.T.);
#1165=ORIENTED_EDGE('',*,*,#1559,.F.);
#1166=ORIENTED_EDGE('',*,*,#1634,.F.);
#1167=ORIENTED_EDGE('',*,*,#1458,.F.);
#1168=ORIENTED_EDGE('',*,*,#1633,.T.);
#1169=ORIENTED_EDGE('',*,*,#1441,.F.);
#1170=ORIENTED_EDGE('',*,*,#1635,.F.);
#1171=ORIENTED_EDGE('',*,*,#1560,.F.);
#1172=ORIENTED_EDGE('',*,*,#1634,.T.);
#1173=ORIENTED_EDGE('',*,*,#1563,.F.);
#1174=ORIENTED_EDGE('',*,*,#1636,.F.);
#1175=ORIENTED_EDGE('',*,*,#1439,.F.);
#1176=ORIENTED_EDGE('',*,*,#1635,.T.);
#1177=ORIENTED_EDGE('',*,*,#1440,.F.);
#1178=ORIENTED_EDGE('',*,*,#1636,.T.);
#1179=ORIENTED_EDGE('',*,*,#1564,.F.);
#1180=ORIENTED_EDGE('',*,*,#1637,.F.);
#1181=ORIENTED_EDGE('',*,*,#1417,.F.);
#1182=ORIENTED_EDGE('',*,*,#1638,.F.);
#1183=ORIENTED_EDGE('',*,*,#1470,.F.);
#1184=ORIENTED_EDGE('',*,*,#1638,.T.);
#1185=ORIENTED_EDGE('',*,*,#1416,.F.);
#1186=ORIENTED_EDGE('',*,*,#1639,.F.);
#1187=ORIENTED_EDGE('',*,*,#1472,.F.);
#1188=ORIENTED_EDGE('',*,*,#1637,.T.);
#1189=ORIENTED_EDGE('',*,*,#1475,.F.);
#1190=ORIENTED_EDGE('',*,*,#1640,.F.);
#1191=ORIENTED_EDGE('',*,*,#1418,.F.);
#1192=ORIENTED_EDGE('',*,*,#1639,.T.);
#1193=ORIENTED_EDGE('',*,*,#1415,.F.);
#1194=ORIENTED_EDGE('',*,*,#1641,.F.);
#1195=ORIENTED_EDGE('',*,*,#1476,.F.);
#1196=ORIENTED_EDGE('',*,*,#1640,.T.);
#1197=ORIENTED_EDGE('',*,*,#1479,.F.);
#1198=ORIENTED_EDGE('',*,*,#1642,.F.);
#1199=ORIENTED_EDGE('',*,*,#1419,.F.);
#1200=ORIENTED_EDGE('',*,*,#1641,.T.);
#1201=ORIENTED_EDGE('',*,*,#1414,.F.);
#1202=ORIENTED_EDGE('',*,*,#1643,.F.);
#1203=ORIENTED_EDGE('',*,*,#1480,.F.);
#1204=ORIENTED_EDGE('',*,*,#1642,.T.);
#1205=ORIENTED_EDGE('',*,*,#1483,.F.);
#1206=ORIENTED_EDGE('',*,*,#1644,.F.);
#1207=ORIENTED_EDGE('',*,*,#1420,.F.);
#1208=ORIENTED_EDGE('',*,*,#1643,.T.);
#1209=ORIENTED_EDGE('',*,*,#1413,.F.);
#1210=ORIENTED_EDGE('',*,*,#1645,.F.);
#1211=ORIENTED_EDGE('',*,*,#1484,.F.);
#1212=ORIENTED_EDGE('',*,*,#1644,.T.);
#1213=ORIENTED_EDGE('',*,*,#1487,.F.);
#1214=ORIENTED_EDGE('',*,*,#1646,.F.);
#1215=ORIENTED_EDGE('',*,*,#1411,.F.);
#1216=ORIENTED_EDGE('',*,*,#1645,.T.);
#1217=ORIENTED_EDGE('',*,*,#1412,.F.);
#1218=ORIENTED_EDGE('',*,*,#1646,.T.);
#1219=ORIENTED_EDGE('',*,*,#1488,.F.);
#1220=ORIENTED_EDGE('',*,*,#1647,.F.);
#1221=ORIENTED_EDGE('',*,*,#1427,.F.);
#1222=ORIENTED_EDGE('',*,*,#1648,.F.);
#1223=ORIENTED_EDGE('',*,*,#1490,.F.);
#1224=ORIENTED_EDGE('',*,*,#1648,.T.);
#1225=ORIENTED_EDGE('',*,*,#1426,.F.);
#1226=ORIENTED_EDGE('',*,*,#1649,.F.);
#1227=ORIENTED_EDGE('',*,*,#1492,.F.);
#1228=ORIENTED_EDGE('',*,*,#1262,.T.);
#1229=ORIENTED_EDGE('',*,*,#1647,.T.);
#1230=ORIENTED_EDGE('',*,*,#1495,.F.);
#1231=ORIENTED_EDGE('',*,*,#1650,.F.);
#1232=ORIENTED_EDGE('',*,*,#1428,.F.);
#1233=ORIENTED_EDGE('',*,*,#1649,.T.);
#1234=ORIENTED_EDGE('',*,*,#1425,.F.);
#1235=ORIENTED_EDGE('',*,*,#1651,.F.);
#1236=ORIENTED_EDGE('',*,*,#1496,.F.);
#1237=ORIENTED_EDGE('',*,*,#1650,.T.);
#1238=ORIENTED_EDGE('',*,*,#1499,.F.);
#1239=ORIENTED_EDGE('',*,*,#1652,.F.);
#1240=ORIENTED_EDGE('',*,*,#1429,.F.);
#1241=ORIENTED_EDGE('',*,*,#1651,.T.);
#1242=ORIENTED_EDGE('',*,*,#1424,.F.);
#1243=ORIENTED_EDGE('',*,*,#1653,.F.);
#1244=ORIENTED_EDGE('',*,*,#1500,.F.);
#1245=ORIENTED_EDGE('',*,*,#1652,.T.);
#1246=ORIENTED_EDGE('',*,*,#1503,.F.);
#1247=ORIENTED_EDGE('',*,*,#1654,.F.);
#1248=ORIENTED_EDGE('',*,*,#1430,.F.);
#1249=ORIENTED_EDGE('',*,*,#1653,.T.);
#1250=ORIENTED_EDGE('',*,*,#1423,.F.);
#1251=ORIENTED_EDGE('',*,*,#1655,.F.);
#1252=ORIENTED_EDGE('',*,*,#1504,.F.);
#1253=ORIENTED_EDGE('',*,*,#1654,.T.);
#1254=ORIENTED_EDGE('',*,*,#1507,.F.);
#1255=ORIENTED_EDGE('',*,*,#1656,.F.);
#1256=ORIENTED_EDGE('',*,*,#1421,.F.);
#1257=ORIENTED_EDGE('',*,*,#1655,.T.);
#1258=ORIENTED_EDGE('',*,*,#1422,.F.);
#1259=ORIENTED_EDGE('',*,*,#1656,.T.);
#1260=ORIENTED_EDGE('',*,*,#1508,.F.);
#1261=EDGE_CURVE('',#1657,#1658,#1890,.T.);
#1262=EDGE_CURVE('',#1658,#1657,$,.T.);
#1263=EDGE_CURVE('',#1659,#1660,#1891,.T.);
#1264=EDGE_CURVE('',#1660,#1661,#1892,.T.);
#1265=EDGE_CURVE('',#1661,#1662,#254,.T.);
#1266=EDGE_CURVE('',#1662,#1663,#1893,.T.);
#1267=EDGE_CURVE('',#1663,#1664,#1894,.T.);
#1268=EDGE_CURVE('',#1664,#1665,#1895,.T.);
#1269=EDGE_CURVE('',#1665,#1666,#1896,.T.);
#1270=EDGE_CURVE('',#1666,#1667,#255,.T.);
#1271=EDGE_CURVE('',#1667,#1668,#1897,.T.);
#1272=EDGE_CURVE('',#1668,#1659,#1898,.T.);
#1273=EDGE_CURVE('',#1669,#1670,#1899,.T.);
#1274=EDGE_CURVE('',#1670,#1671,#1900,.T.);
#1275=EDGE_CURVE('',#1671,#1672,#1901,.T.);
#1276=EDGE_CURVE('',#1672,#1673,#1902,.T.);
#1277=EDGE_CURVE('',#1673,#1674,#1903,.T.);
#1278=EDGE_CURVE('',#1674,#1675,#1904,.T.);
#1279=EDGE_CURVE('',#1675,#1676,#1905,.T.);
#1280=EDGE_CURVE('',#1676,#1669,#1906,.T.);
#1281=EDGE_CURVE('',#1677,#1678,#256,.T.);
#1282=EDGE_CURVE('',#1678,#1679,#257,.T.);
#1283=EDGE_CURVE('',#1679,#1680,#258,.T.);
#1284=EDGE_CURVE('',#1680,#1681,#259,.T.);
#1285=EDGE_CURVE('',#1681,#1682,#260,.T.);
#1286=EDGE_CURVE('',#1682,#1683,#1907,.T.);
#1287=EDGE_CURVE('',#1683,#1684,#1908,.T.);
#1288=EDGE_CURVE('',#1684,#1685,#1909,.T.);
#1289=EDGE_CURVE('',#1685,#1686,#1910,.T.);
#1290=EDGE_CURVE('',#1686,#1687,#1911,.T.);
#1291=EDGE_CURVE('',#1687,#1688,#1912,.T.);
#1292=EDGE_CURVE('',#1688,#1689,#261,.T.);
#1293=EDGE_CURVE('',#1689,#1690,#1913,.T.);
#1294=EDGE_CURVE('',#1690,#1691,#1914,.T.);
#1295=EDGE_CURVE('',#1691,#1692,#1915,.T.);
#1296=EDGE_CURVE('',#1692,#1693,#1916,.T.);
#1297=EDGE_CURVE('',#1693,#1694,#1917,.T.);
#1298=EDGE_CURVE('',#1694,#1695,#1918,.T.);
#1299=EDGE_CURVE('',#1695,#1696,#1919,.T.);
#1300=EDGE_CURVE('',#1696,#1677,#262,.T.);
#1301=EDGE_CURVE('',#1697,#1698,#263,.F.);
#1302=EDGE_CURVE('',#1698,#1699,#1920,.T.);
#1303=EDGE_CURVE('',#1699,#1700,#264,.F.);
#1304=EDGE_CURVE('',#1700,#1701,#97,.T.);
#1305=EDGE_CURVE('',#1701,#1702,#265,.F.);
#1306=EDGE_CURVE('',#1702,#1703,#98,.T.);
#1307=EDGE_CURVE('',#1703,#1704,#266,.F.);
#1308=EDGE_CURVE('',#1704,#1705,#99,.F.);
#1309=EDGE_CURVE('',#1705,#1706,#267,.T.);
#1310=EDGE_CURVE('',#1706,#1707,#100,.T.);
#1311=EDGE_CURVE('',#1707,#1708,#268,.T.);
#1312=EDGE_CURVE('',#1708,#1709,#101,.T.);
#1313=EDGE_CURVE('',#1709,#1710,#269,.T.);
#1314=EDGE_CURVE('',#1710,#1711,#102,.T.);
#1315=EDGE_CURVE('',#1711,#1712,#270,.T.);
#1316=EDGE_CURVE('',#1712,#1713,#103,.T.);
#1317=EDGE_CURVE('',#1713,#1714,#271,.T.);
#1318=EDGE_CURVE('',#1714,#1715,#104,.F.);
#1319=EDGE_CURVE('',#1715,#1716,#272,.F.);
#1320=EDGE_CURVE('',#1716,#1717,#105,.T.);
#1321=EDGE_CURVE('',#1717,#1718,#273,.F.);
#1322=EDGE_CURVE('',#1718,#1697,#106,.T.);
#1323=EDGE_CURVE('',#1719,#1720,#274,.T.);
#1324=EDGE_CURVE('',#1720,#1721,#107,.F.);
#1325=EDGE_CURVE('',#1722,#1721,#275,.T.);
#1326=EDGE_CURVE('',#1722,#1719,#108,.T.);
#1327=EDGE_CURVE('',#1723,#1724,#276,.T.);
#1328=EDGE_CURVE('',#1724,#1720,#277,.F.);
#1329=EDGE_CURVE('',#1719,#1723,#278,.T.);
#1330=EDGE_CURVE('',#1725,#1726,#279,.T.);
#1331=EDGE_CURVE('',#1726,#1724,#109,.T.);
#1332=EDGE_CURVE('',#1723,#1725,#110,.F.);
#1333=EDGE_CURVE('',#1727,#1728,#280,.T.);
#1334=EDGE_CURVE('',#1728,#1726,#281,.T.);
#1335=EDGE_CURVE('',#1725,#1727,#282,.F.);
#1336=EDGE_CURVE('',#1729,#1730,#283,.T.);
#1337=EDGE_CURVE('',#1730,#1728,#111,.F.);
#1338=EDGE_CURVE('',#1727,#1729,#112,.T.);
#1339=EDGE_CURVE('',#1731,#1732,#284,.T.);
#1340=EDGE_CURVE('',#1732,#1730,#285,.T.);
#1341=EDGE_CURVE('',#1729,#1731,#286,.F.);
#1342=EDGE_CURVE('',#1733,#1734,#287,.T.);
#1343=EDGE_CURVE('',#1734,#1732,#113,.F.);
#1344=EDGE_CURVE('',#1731,#1733,#114,.T.);
#1345=EDGE_CURVE('',#1735,#1736,#288,.T.);
#1346=EDGE_CURVE('',#1736,#1734,#289,.T.);
#1347=EDGE_CURVE('',#1733,#1735,#290,.F.);
#1348=EDGE_CURVE('',#1737,#1738,#291,.T.);
#1349=EDGE_CURVE('',#1738,#1736,#1921,.T.);
#1350=EDGE_CURVE('',#1735,#1737,#1922,.T.);
#1351=EDGE_CURVE('',#1739,#1740,#292,.T.);
#1352=EDGE_CURVE('',#1740,#1738,#293,.T.);
#1353=EDGE_CURVE('',#1737,#1739,#294,.F.);
#1354=EDGE_CURVE('',#1741,#1742,#295,.T.);
#1355=EDGE_CURVE('',#1742,#1740,#115,.F.);
#1356=EDGE_CURVE('',#1739,#1741,#116,.T.);
#1357=EDGE_CURVE('',#1743,#1744,#296,.T.);
#1358=EDGE_CURVE('',#1744,#1742,#297,.T.);
#1359=EDGE_CURVE('',#1741,#1743,#298,.F.);
#1360=EDGE_CURVE('',#1745,#1746,#299,.T.);
#1361=EDGE_CURVE('',#1746,#1744,#117,.F.);
#1362=EDGE_CURVE('',#1743,#1745,#118,.T.);
#1363=EDGE_CURVE('',#1747,#1748,#300,.T.);
#1364=EDGE_CURVE('',#1748,#1746,#301,.T.);
#1365=EDGE_CURVE('',#1745,#1747,#302,.F.);
#1366=EDGE_CURVE('',#1749,#1750,#303,.T.);
#1367=EDGE_CURVE('',#1750,#1748,#119,.T.);
#1368=EDGE_CURVE('',#1747,#1749,#120,.F.);
#1369=EDGE_CURVE('',#1751,#1752,#304,.T.);
#1370=EDGE_CURVE('',#1752,#1750,#305,.F.);
#1371=EDGE_CURVE('',#1749,#1751,#306,.T.);
#1372=EDGE_CURVE('',#1753,#1754,#307,.T.);
#1373=EDGE_CURVE('',#1754,#1752,#121,.F.);
#1374=EDGE_CURVE('',#1751,#1753,#122,.T.);
#1375=EDGE_CURVE('',#1755,#1756,#308,.T.);
#1376=EDGE_CURVE('',#1756,#1754,#309,.F.);
#1377=EDGE_CURVE('',#1753,#1755,#310,.T.);
#1378=EDGE_CURVE('',#1757,#1758,#311,.T.);
#1379=EDGE_CURVE('',#1758,#1756,#123,.F.);
#1380=EDGE_CURVE('',#1755,#1757,#124,.T.);
#1381=EDGE_CURVE('',#1759,#1760,#312,.T.);
#1382=EDGE_CURVE('',#1760,#1758,#313,.F.);
#1383=EDGE_CURVE('',#1757,#1759,#314,.T.);
#1384=EDGE_CURVE('',#1761,#1762,#315,.T.);
#1385=EDGE_CURVE('',#1762,#1760,#125,.F.);
#1386=EDGE_CURVE('',#1759,#1761,#126,.T.);
#1387=EDGE_CURVE('',#1721,#1762,#316,.F.);
#1388=EDGE_CURVE('',#1761,#1722,#317,.T.);
#1389=EDGE_CURVE('',#1763,#1764,#318,.T.);
#1390=EDGE_CURVE('',#1764,#1765,#1923,.T.);
#1391=EDGE_CURVE('',#1765,#1766,#319,.T.);
#1392=EDGE_CURVE('',#1766,#1767,#127,.F.);
#1393=EDGE_CURVE('',#1767,#1768,#320,.T.);
#1394=EDGE_CURVE('',#1768,#1769,#128,.F.);
#1395=EDGE_CURVE('',#1769,#1770,#321,.T.);
#1396=EDGE_CURVE('',#1770,#1771,#129,.T.);
#1397=EDGE_CURVE('',#1771,#1772,#322,.F.);
#1398=EDGE_CURVE('',#1772,#1773,#130,.F.);
#1399=EDGE_CURVE('',#1773,#1774,#323,.F.);
#1400=EDGE_CURVE('',#1774,#1775,#131,.F.);
#1401=EDGE_CURVE('',#1775,#1776,#324,.F.);
#1402=EDGE_CURVE('',#1776,#1777,#132,.F.);
#1403=EDGE_CURVE('',#1777,#1778,#325,.F.);
#1404=EDGE_CURVE('',#1778,#1779,#133,.F.);
#1405=EDGE_CURVE('',#1779,#1780,#326,.F.);
#1406=EDGE_CURVE('',#1780,#1781,#134,.T.);
#1407=EDGE_CURVE('',#1781,#1782,#327,.T.);
#1408=EDGE_CURVE('',#1782,#1783,#135,.F.);
#1409=EDGE_CURVE('',#1783,#1784,#328,.T.);
#1410=EDGE_CURVE('',#1784,#1763,#136,.F.);
#1411=EDGE_CURVE('',#1785,#1786,#329,.T.);
#1412=EDGE_CURVE('',#1786,#1787,#1924,.T.);
#1413=EDGE_CURVE('',#1787,#1788,#1925,.T.);
#1414=EDGE_CURVE('',#1788,#1789,#1926,.T.);
#1415=EDGE_CURVE('',#1789,#1790,#1927,.T.);
#1416=EDGE_CURVE('',#1790,#1791,#330,.T.);
#1417=EDGE_CURVE('',#1791,#1792,#1928,.T.);
#1418=EDGE_CURVE('',#1792,#1793,#1929,.T.);
#1419=EDGE_CURVE('',#1793,#1794,#1930,.T.);
#1420=EDGE_CURVE('',#1794,#1785,#1931,.T.);
#1421=EDGE_CURVE('',#1795,#1796,#331,.T.);
#1422=EDGE_CURVE('',#1796,#1797,#1932,.T.);
#1423=EDGE_CURVE('',#1797,#1798,#1933,.T.);
#1424=EDGE_CURVE('',#1798,#1799,#1934,.T.);
#1425=EDGE_CURVE('',#1799,#1800,#1935,.T.);
#1426=EDGE_CURVE('',#1800,#1801,#332,.T.);
#1427=EDGE_CURVE('',#1801,#1802,#1936,.T.);
#1428=EDGE_CURVE('',#1802,#1803,#1937,.T.);
#1429=EDGE_CURVE('',#1803,#1804,#1938,.T.);
#1430=EDGE_CURVE('',#1804,#1795,#1939,.T.);
#1431=EDGE_CURVE('',#1805,#1806,#1940,.T.);
#1432=EDGE_CURVE('',#1806,#1807,#1941,.T.);
#1433=EDGE_CURVE('',#1807,#1808,#1942,.T.);
#1434=EDGE_CURVE('',#1808,#1809,#1943,.T.);
#1435=EDGE_CURVE('',#1809,#1810,#1944,.T.);
#1436=EDGE_CURVE('',#1810,#1811,#1945,.T.);
#1437=EDGE_CURVE('',#1811,#1812,#1946,.T.);
#1438=EDGE_CURVE('',#1812,#1805,#1947,.T.);
#1439=EDGE_CURVE('',#1813,#1814,#333,.T.);
#1440=EDGE_CURVE('',#1814,#1815,#334,.T.);
#1441=EDGE_CURVE('',#1815,#1816,#335,.T.);
#1442=EDGE_CURVE('',#1816,#1817,#336,.T.);
#1443=EDGE_CURVE('',#1817,#1818,#1948,.T.);
#1444=EDGE_CURVE('',#1818,#1819,#1949,.T.);
#1445=EDGE_CURVE('',#1819,#1820,#1950,.T.);
#1446=EDGE_CURVE('',#1820,#1821,#1951,.T.);
#1447=EDGE_CURVE('',#1821,#1822,#1952,.T.);
#1448=EDGE_CURVE('',#1822,#1823,#1953,.T.);
#1449=EDGE_CURVE('',#1823,#1824,#1954,.T.);
#1450=EDGE_CURVE('',#1824,#1825,#337,.T.);
#1451=EDGE_CURVE('',#1825,#1826,#1955,.T.);
#1452=EDGE_CURVE('',#1826,#1827,#1956,.T.);
#1453=EDGE_CURVE('',#1827,#1828,#1957,.T.);
#1454=EDGE_CURVE('',#1828,#1829,#1958,.T.);
#1455=EDGE_CURVE('',#1829,#1830,#1959,.T.);
#1456=EDGE_CURVE('',#1830,#1831,#1960,.T.);
#1457=EDGE_CURVE('',#1831,#1832,#338,.T.);
#1458=EDGE_CURVE('',#1832,#1813,#339,.T.);
#1459=EDGE_CURVE('',#1833,#1834,#1961,.T.);
#1460=EDGE_CURVE('',#1834,#1835,#1962,.T.);
#1461=EDGE_CURVE('',#1835,#1836,#340,.T.);
#1462=EDGE_CURVE('',#1836,#1837,#1963,.T.);
#1463=EDGE_CURVE('',#1837,#1838,#1964,.T.);
#1464=EDGE_CURVE('',#1838,#1839,#1965,.T.);
#1465=EDGE_CURVE('',#1839,#1840,#1966,.T.);
#1466=EDGE_CURVE('',#1840,#1841,#341,.T.);
#1467=EDGE_CURVE('',#1841,#1842,#1967,.T.);
#1468=EDGE_CURVE('',#1842,#1833,#1968,.T.);
#1469=EDGE_CURVE('',#1843,#1839,#137,.T.);
#1470=EDGE_CURVE('',#1843,#1844,#1969,.T.);
#1471=EDGE_CURVE('',#1840,#1844,#1970,.F.);
#1472=EDGE_CURVE('',#1844,#1845,#342,.T.);
#1473=EDGE_CURVE('',#1841,#1845,#138,.T.);
#1474=EDGE_CURVE('',#1846,#1838,#139,.T.);
#1475=EDGE_CURVE('',#1846,#1843,#1971,.T.);
#1476=EDGE_CURVE('',#1845,#1847,#1972,.T.);
#1477=EDGE_CURVE('',#1842,#1847,#140,.T.);
#1478=EDGE_CURVE('',#1848,#1837,#141,.T.);
#1479=EDGE_CURVE('',#1848,#1846,#1973,.T.);
#1480=EDGE_CURVE('',#1847,#1849,#1974,.T.);
#1481=EDGE_CURVE('',#1833,#1849,#142,.T.);
#1482=EDGE_CURVE('',#1850,#1836,#143,.T.);
#1483=EDGE_CURVE('',#1850,#1848,#1975,.T.);
#1484=EDGE_CURVE('',#1849,#1851,#1976,.T.);
#1485=EDGE_CURVE('',#1834,#1851,#144,.T.);
#1486=EDGE_CURVE('',#1852,#1835,#1977,.T.);
#1487=EDGE_CURVE('',#1852,#1850,#343,.T.);
#1488=EDGE_CURVE('',#1851,#1852,#1978,.T.);
#1489=EDGE_CURVE('',#1853,#1665,#145,.T.);
#1490=EDGE_CURVE('',#1853,#1657,#1979,.T.);
#1491=EDGE_CURVE('',#1666,#1658,#146,.T.);
#1492=EDGE_CURVE('',#1658,#1854,#344,.T.);
#1493=EDGE_CURVE('',#1667,#1854,#147,.T.);
#1494=EDGE_CURVE('',#1855,#1664,#148,.T.);
#1495=EDGE_CURVE('',#1855,#1853,#1980,.T.);
#1496=EDGE_CURVE('',#1854,#1856,#1981,.T.);
#1497=EDGE_CURVE('',#1668,#1856,#149,.T.);
#1498=EDGE_CURVE('',#1857,#1663,#150,.T.);
#1499=EDGE_CURVE('',#1857,#1855,#1982,.T.);
#1500=EDGE_CURVE('',#1856,#1858,#1983,.T.);
#1501=EDGE_CURVE('',#1659,#1858,#151,.T.);
#1502=EDGE_CURVE('',#1859,#1662,#152,.T.);
#1503=EDGE_CURVE('',#1859,#1857,#1984,.T.);
#1504=EDGE_CURVE('',#1858,#1860,#1985,.T.);
#1505=EDGE_CURVE('',#1660,#1860,#153,.T.);
#1506=EDGE_CURVE('',#1861,#1661,#154,.F.);
#1507=EDGE_CURVE('',#1861,#1859,#345,.T.);
#1508=EDGE_CURVE('',#1860,#1861,#1986,.T.);
#1509=EDGE_CURVE('',#1862,#1674,#155,.T.);
#1510=EDGE_CURVE('',#1862,#1863,#1987,.T.);
#1511=EDGE_CURVE('',#1675,#1863,#156,.T.);
#1512=EDGE_CURVE('',#1863,#1864,#1988,.T.);
#1513=EDGE_CURVE('',#1676,#1864,#157,.T.);
#1514=EDGE_CURVE('',#1865,#1673,#158,.T.);
#1515=EDGE_CURVE('',#1865,#1862,#1989,.T.);
#1516=EDGE_CURVE('',#1864,#1866,#1990,.T.);
#1517=EDGE_CURVE('',#1669,#1866,#159,.T.);
#1518=EDGE_CURVE('',#1867,#1672,#160,.T.);
#1519=EDGE_CURVE('',#1867,#1865,#1991,.T.);
#1520=EDGE_CURVE('',#1866,#1868,#1992,.T.);
#1521=EDGE_CURVE('',#1670,#1868,#161,.T.);
#1522=EDGE_CURVE('',#1869,#1671,#162,.T.);
#1523=EDGE_CURVE('',#1869,#1867,#1993,.T.);
#1524=EDGE_CURVE('',#1868,#1869,#1994,.T.);
#1525=EDGE_CURVE('',#1870,#1688,#1995,.T.);
#1526=EDGE_CURVE('',#1870,#1871,#346,.T.);
#1527=EDGE_CURVE('',#1689,#1871,#1996,.F.);
#1528=EDGE_CURVE('',#1871,#1872,#1997,.T.);
#1529=EDGE_CURVE('',#1690,#1872,#163,.T.);
#1530=EDGE_CURVE('',#1873,#1687,#164,.T.);
#1531=EDGE_CURVE('',#1873,#1870,#1998,.T.);
#1532=EDGE_CURVE('',#1872,#1874,#1999,.T.);
#1533=EDGE_CURVE('',#1691,#1874,#165,.T.);
#1534=EDGE_CURVE('',#1875,#1686,#166,.T.);
#1535=EDGE_CURVE('',#1875,#1873,#2000,.T.);
#1536=EDGE_CURVE('',#1874,#1876,#2001,.T.);
#1537=EDGE_CURVE('',#1692,#1876,#167,.T.);
#1538=EDGE_CURVE('',#1877,#1685,#168,.T.);
#1539=EDGE_CURVE('',#1877,#1875,#2002,.T.);
#1540=EDGE_CURVE('',#1876,#1878,#2003,.T.);
#1541=EDGE_CURVE('',#1693,#1878,#169,.T.);
#1542=EDGE_CURVE('',#1879,#1684,#170,.T.);
#1543=EDGE_CURVE('',#1879,#1877,#2004,.T.);
#1544=EDGE_CURVE('',#1878,#1880,#2005,.T.);
#1545=EDGE_CURVE('',#1694,#1880,#171,.T.);
#1546=EDGE_CURVE('',#1881,#1683,#172,.T.);
#1547=EDGE_CURVE('',#1881,#1879,#2006,.T.);
#1548=EDGE_CURVE('',#1880,#1882,#2007,.T.);
#1549=EDGE_CURVE('',#1695,#1882,#173,.T.);
#1550=EDGE_CURVE('',#1883,#1682,#2008,.T.);
#1551=EDGE_CURVE('',#1883,#1881,#2009,.T.);
#1552=EDGE_CURVE('',#1882,#1884,#2010,.T.);
#1553=EDGE_CURVE('',#1696,#1884,#2011,.F.);
#1554=EDGE_CURVE('',#1885,#1681,#32,.F.);
#1555=EDGE_CURVE('',#1885,#1883,#347,.T.);
#1556=EDGE_CURVE('',#1884,#1886,#348,.T.);
#1557=EDGE_CURVE('',#1677,#1886,#33,.T.);
#1558=EDGE_CURVE('',#1887,#1680,#34,.F.);
#1559=EDGE_CURVE('',#1887,#1885,#349,.T.);
#1560=EDGE_CURVE('',#1886,#1888,#350,.T.);
#1561=EDGE_CURVE('',#1678,#1888,#35,.T.);
#1562=EDGE_CURVE('',#1889,#1679,#36,.F.);
#1563=EDGE_CURVE('',#1889,#1887,#351,.T.);
#1564=EDGE_CURVE('',#1888,#1889,#352,.T.);
#1565=EDGE_CURVE('',#1710,#1760,#174,.T.);
#1566=EDGE_CURVE('',#1758,#1709,#175,.T.);
#1567=EDGE_CURVE('',#1756,#1708,#176,.T.);
#1568=EDGE_CURVE('',#1711,#1762,#177,.T.);
#1569=EDGE_CURVE('',#1754,#1707,#178,.T.);
#1570=EDGE_CURVE('',#1712,#1721,#179,.T.);
#1571=EDGE_CURVE('',#1752,#1706,#180,.T.);
#1572=EDGE_CURVE('',#1713,#1720,#181,.T.);
#1573=EDGE_CURVE('',#1750,#1705,#182,.T.);
#1574=EDGE_CURVE('',#1714,#1724,#183,.T.);
#1575=EDGE_CURVE('',#1748,#1704,#184,.T.);
#1576=EDGE_CURVE('',#1715,#1726,#185,.T.);
#1577=EDGE_CURVE('',#1746,#1703,#186,.T.);
#1578=EDGE_CURVE('',#1716,#1728,#187,.T.);
#1579=EDGE_CURVE('',#1744,#1702,#188,.T.);
#1580=EDGE_CURVE('',#1717,#1730,#189,.T.);
#1581=EDGE_CURVE('',#1742,#1701,#190,.T.);
#1582=EDGE_CURVE('',#1718,#1732,#191,.T.);
#1583=EDGE_CURVE('',#1740,#1700,#192,.T.);
#1584=EDGE_CURVE('',#1697,#1734,#193,.T.);
#1585=EDGE_CURVE('',#1738,#1699,#194,.T.);
#1586=EDGE_CURVE('',#1698,#1736,#195,.T.);
#1587=EDGE_CURVE('',#1759,#1775,#196,.T.);
#1588=EDGE_CURVE('',#1776,#1757,#197,.T.);
#1589=EDGE_CURVE('',#1777,#1755,#198,.T.);
#1590=EDGE_CURVE('',#1761,#1774,#199,.T.);
#1591=EDGE_CURVE('',#1778,#1753,#200,.T.);
#1592=EDGE_CURVE('',#1722,#1773,#201,.T.);
#1593=EDGE_CURVE('',#1779,#1751,#202,.T.);
#1594=EDGE_CURVE('',#1719,#1772,#203,.T.);
#1595=EDGE_CURVE('',#1780,#1749,#204,.T.);
#1596=EDGE_CURVE('',#1723,#1771,#205,.T.);
#1597=EDGE_CURVE('',#1781,#1747,#206,.T.);
#1598=EDGE_CURVE('',#1725,#1770,#207,.T.);
#1599=EDGE_CURVE('',#1782,#1745,#208,.T.);
#1600=EDGE_CURVE('',#1727,#1769,#209,.T.);
#1601=EDGE_CURVE('',#1783,#1743,#210,.T.);
#1602=EDGE_CURVE('',#1729,#1768,#211,.T.);
#1603=EDGE_CURVE('',#1784,#1741,#212,.T.);
#1604=EDGE_CURVE('',#1731,#1767,#213,.T.);
#1605=EDGE_CURVE('',#1763,#1739,#214,.T.);
#1606=EDGE_CURVE('',#1733,#1766,#215,.T.);
#1607=EDGE_CURVE('',#1764,#1737,#216,.T.);
#1608=EDGE_CURVE('',#1735,#1765,#217,.T.);
#1609=EDGE_CURVE('',#1811,#1862,#218,.T.);
#1610=EDGE_CURVE('',#1863,#1810,#219,.T.);
#1611=EDGE_CURVE('',#1864,#1809,#220,.T.);
#1612=EDGE_CURVE('',#1812,#1865,#221,.T.);
#1613=EDGE_CURVE('',#1866,#1808,#222,.T.);
#1614=EDGE_CURVE('',#1805,#1867,#223,.T.);
#1615=EDGE_CURVE('',#1868,#1807,#224,.T.);
#1616=EDGE_CURVE('',#1806,#1869,#225,.T.);
#1617=EDGE_CURVE('',#1825,#1870,#2012,.F.);
#1618=EDGE_CURVE('',#1871,#1824,#2013,.T.);
#1619=EDGE_CURVE('',#1872,#1823,#226,.T.);
#1620=EDGE_CURVE('',#1826,#1873,#227,.T.);
#1621=EDGE_CURVE('',#1874,#1822,#228,.T.);
#1622=EDGE_CURVE('',#1827,#1875,#229,.T.);
#1623=EDGE_CURVE('',#1876,#1821,#230,.T.);
#1624=EDGE_CURVE('',#1828,#1877,#231,.T.);
#1625=EDGE_CURVE('',#1878,#1820,#232,.T.);
#1626=EDGE_CURVE('',#1829,#1879,#233,.T.);
#1627=EDGE_CURVE('',#1880,#1819,#234,.T.);
#1628=EDGE_CURVE('',#1830,#1881,#235,.T.);
#1629=EDGE_CURVE('',#1882,#1818,#236,.T.);
#1630=EDGE_CURVE('',#1831,#1883,#2014,.F.);
#1631=EDGE_CURVE('',#1884,#1817,#2015,.T.);
#1632=EDGE_CURVE('',#1832,#1885,#37,.T.);
#1633=EDGE_CURVE('',#1886,#1816,#38,.F.);
#1634=EDGE_CURVE('',#1813,#1887,#39,.T.);
#1635=EDGE_CURVE('',#1888,#1815,#40,.F.);
#1636=EDGE_CURVE('',#1814,#1889,#41,.T.);
#1637=EDGE_CURVE('',#1792,#1843,#237,.T.);
#1638=EDGE_CURVE('',#1844,#1791,#2016,.T.);
#1639=EDGE_CURVE('',#1845,#1790,#238,.T.);
#1640=EDGE_CURVE('',#1793,#1846,#239,.T.);
#1641=EDGE_CURVE('',#1847,#1789,#240,.T.);
#1642=EDGE_CURVE('',#1794,#1848,#241,.T.);
#1643=EDGE_CURVE('',#1849,#1788,#242,.T.);
#1644=EDGE_CURVE('',#1785,#1850,#243,.T.);
#1645=EDGE_CURVE('',#1851,#1787,#244,.T.);
#1646=EDGE_CURVE('',#1786,#1852,#2017,.F.);
#1647=EDGE_CURVE('',#1802,#1853,#245,.T.);
#1648=EDGE_CURVE('',#1657,#1801,#2018,.T.);
#1649=EDGE_CURVE('',#1854,#1800,#246,.T.);
#1650=EDGE_CURVE('',#1803,#1855,#247,.T.);
#1651=EDGE_CURVE('',#1856,#1799,#248,.T.);
#1652=EDGE_CURVE('',#1804,#1857,#249,.T.);
#1653=EDGE_CURVE('',#1858,#1798,#250,.T.);
#1654=EDGE_CURVE('',#1795,#1859,#251,.T.);
#1655=EDGE_CURVE('',#1860,#1797,#252,.T.);
#1656=EDGE_CURVE('',#1796,#1861,#253,.T.);
#1657=VERTEX_POINT('',#3516);
#1658=VERTEX_POINT('',#3517);
#1659=VERTEX_POINT('',#3523);
#1660=VERTEX_POINT('',#3524);
#1661=VERTEX_POINT('',#3529);
#1662=VERTEX_POINT('',#3531);
#1663=VERTEX_POINT('',#3536);
#1664=VERTEX_POINT('',#3541);
#1665=VERTEX_POINT('',#3546);
#1666=VERTEX_POINT('',#3551);
#1667=VERTEX_POINT('',#3553);
#1668=VERTEX_POINT('',#3558);
#1669=VERTEX_POINT('',#3567);
#1670=VERTEX_POINT('',#3568);
#1671=VERTEX_POINT('',#3573);
#1672=VERTEX_POINT('',#3578);
#1673=VERTEX_POINT('',#3583);
#1674=VERTEX_POINT('',#3588);
#1675=VERTEX_POINT('',#3593);
#1676=VERTEX_POINT('',#3598);
#1677=VERTEX_POINT('',#3604);
#1678=VERTEX_POINT('',#3605);
#1679=VERTEX_POINT('',#3607);
#1680=VERTEX_POINT('',#3609);
#1681=VERTEX_POINT('',#3611);
#1682=VERTEX_POINT('',#3613);
#1683=VERTEX_POINT('',#3618);
#1684=VERTEX_POINT('',#3623);
#1685=VERTEX_POINT('',#3628);
#1686=VERTEX_POINT('',#3633);
#1687=VERTEX_POINT('',#3638);
#1688=VERTEX_POINT('',#3643);
#1689=VERTEX_POINT('',#3645);
#1690=VERTEX_POINT('',#3651);
#1691=VERTEX_POINT('',#3656);
#1692=VERTEX_POINT('',#3661);
#1693=VERTEX_POINT('',#3666);
#1694=VERTEX_POINT('',#3671);
#1695=VERTEX_POINT('',#3676);
#1696=VERTEX_POINT('',#3681);
#1697=VERTEX_POINT('',#3684);
#1698=VERTEX_POINT('',#3685);
#1699=VERTEX_POINT('',#3697);
#1700=VERTEX_POINT('',#3699);
#1701=VERTEX_POINT('',#3701);
#1702=VERTEX_POINT('',#3703);
#1703=VERTEX_POINT('',#3705);
#1704=VERTEX_POINT('',#3707);
#1705=VERTEX_POINT('',#3709);
#1706=VERTEX_POINT('',#3711);
#1707=VERTEX_POINT('',#3713);
#1708=VERTEX_POINT('',#3715);
#1709=VERTEX_POINT('',#3717);
#1710=VERTEX_POINT('',#3719);
#1711=VERTEX_POINT('',#3721);
#1712=VERTEX_POINT('',#3723);
#1713=VERTEX_POINT('',#3725);
#1714=VERTEX_POINT('',#3727);
#1715=VERTEX_POINT('',#3729);
#1716=VERTEX_POINT('',#3731);
#1717=VERTEX_POINT('',#3733);
#1718=VERTEX_POINT('',#3735);
#1719=VERTEX_POINT('',#3739);
#1720=VERTEX_POINT('',#3740);
#1721=VERTEX_POINT('',#3742);
#1722=VERTEX_POINT('',#3744);
#1723=VERTEX_POINT('',#3748);
#1724=VERTEX_POINT('',#3749);
#1725=VERTEX_POINT('',#3754);
#1726=VERTEX_POINT('',#3755);
#1727=VERTEX_POINT('',#3760);
#1728=VERTEX_POINT('',#3761);
#1729=VERTEX_POINT('',#3766);
#1730=VERTEX_POINT('',#3767);
#1731=VERTEX_POINT('',#3772);
#1732=VERTEX_POINT('',#3773);
#1733=VERTEX_POINT('',#3778);
#1734=VERTEX_POINT('',#3779);
#1735=VERTEX_POINT('',#3784);
#1736=VERTEX_POINT('',#3785);
#1737=VERTEX_POINT('',#3803);
#1738=VERTEX_POINT('',#3804);
#1739=VERTEX_POINT('',#3829);
#1740=VERTEX_POINT('',#3830);
#1741=VERTEX_POINT('',#3835);
#1742=VERTEX_POINT('',#3836);
#1743=VERTEX_POINT('',#3841);
#1744=VERTEX_POINT('',#3842);
#1745=VERTEX_POINT('',#3847);
#1746=VERTEX_POINT('',#3848);
#1747=VERTEX_POINT('',#3853);
#1748=VERTEX_POINT('',#3854);
#1749=VERTEX_POINT('',#3859);
#1750=VERTEX_POINT('',#3860);
#1751=VERTEX_POINT('',#3865);
#1752=VERTEX_POINT('',#3866);
#1753=VERTEX_POINT('',#3871);
#1754=VERTEX_POINT('',#3872);
#1755=VERTEX_POINT('',#3877);
#1756=VERTEX_POINT('',#3878);
#1757=VERTEX_POINT('',#3883);
#1758=VERTEX_POINT('',#3884);
#1759=VERTEX_POINT('',#3889);
#1760=VERTEX_POINT('',#3890);
#1761=VERTEX_POINT('',#3895);
#1762=VERTEX_POINT('',#3896);
#1763=VERTEX_POINT('',#3904);
#1764=VERTEX_POINT('',#3905);
#1765=VERTEX_POINT('',#3917);
#1766=VERTEX_POINT('',#3919);
#1767=VERTEX_POINT('',#3921);
#1768=VERTEX_POINT('',#3923);
#1769=VERTEX_POINT('',#3925);
#1770=VERTEX_POINT('',#3927);
#1771=VERTEX_POINT('',#3929);
#1772=VERTEX_POINT('',#3931);
#1773=VERTEX_POINT('',#3933);
#1774=VERTEX_POINT('',#3935);
#1775=VERTEX_POINT('',#3937);
#1776=VERTEX_POINT('',#3939);
#1777=VERTEX_POINT('',#3941);
#1778=VERTEX_POINT('',#3943);
#1779=VERTEX_POINT('',#3945);
#1780=VERTEX_POINT('',#3947);
#1781=VERTEX_POINT('',#3949);
#1782=VERTEX_POINT('',#3951);
#1783=VERTEX_POINT('',#3953);
#1784=VERTEX_POINT('',#3955);
#1785=VERTEX_POINT('',#3959);
#1786=VERTEX_POINT('',#3960);
#1787=VERTEX_POINT('',#3965);
#1788=VERTEX_POINT('',#3970);
#1789=VERTEX_POINT('',#3975);
#1790=VERTEX_POINT('',#3980);
#1791=VERTEX_POINT('',#3982);
#1792=VERTEX_POINT('',#3987);
#1793=VERTEX_POINT('',#3992);
#1794=VERTEX_POINT('',#3997);
#1795=VERTEX_POINT('',#4003);
#1796=VERTEX_POINT('',#4004);
#1797=VERTEX_POINT('',#4009);
#1798=VERTEX_POINT('',#4014);
#1799=VERTEX_POINT('',#4019);
#1800=VERTEX_POINT('',#4024);
#1801=VERTEX_POINT('',#4026);
#1802=VERTEX_POINT('',#4031);
#1803=VERTEX_POINT('',#4036);
#1804=VERTEX_POINT('',#4041);
#1805=VERTEX_POINT('',#4051);
#1806=VERTEX_POINT('',#4052);
#1807=VERTEX_POINT('',#4057);
#1808=VERTEX_POINT('',#4062);
#1809=VERTEX_POINT('',#4067);
#1810=VERTEX_POINT('',#4072);
#1811=VERTEX_POINT('',#4077);
#1812=VERTEX_POINT('',#4082);
#1813=VERTEX_POINT('',#4089);
#1814=VERTEX_POINT('',#4090);
#1815=VERTEX_POINT('',#4092);
#1816=VERTEX_POINT('',#4094);
#1817=VERTEX_POINT('',#4096);
#1818=VERTEX_POINT('',#4101);
#1819=VERTEX_POINT('',#4106);
#1820=VERTEX_POINT('',#4111);
#1821=VERTEX_POINT('',#4116);
#1822=VERTEX_POINT('',#4121);
#1823=VERTEX_POINT('',#4126);
#1824=VERTEX_POINT('',#4131);
#1825=VERTEX_POINT('',#4133);
#1826=VERTEX_POINT('',#4138);
#1827=VERTEX_POINT('',#4143);
#1828=VERTEX_POINT('',#4148);
#1829=VERTEX_POINT('',#4153);
#1830=VERTEX_POINT('',#4158);
#1831=VERTEX_POINT('',#4163);
#1832=VERTEX_POINT('',#4165);
#1833=VERTEX_POINT('',#4172);
#1834=VERTEX_POINT('',#4173);
#1835=VERTEX_POINT('',#4178);
#1836=VERTEX_POINT('',#4180);
#1837=VERTEX_POINT('',#4185);
#1838=VERTEX_POINT('',#4190);
#1839=VERTEX_POINT('',#4195);
#1840=VERTEX_POINT('',#4200);
#1841=VERTEX_POINT('',#4202);
#1842=VERTEX_POINT('',#4207);
#1843=VERTEX_POINT('',#4228);
#1844=VERTEX_POINT('',#4233);
#1845=VERTEX_POINT('',#4240);
#1846=VERTEX_POINT('',#4258);
#1847=VERTEX_POINT('',#4282);
#1848=VERTEX_POINT('',#4300);
#1849=VERTEX_POINT('',#4324);
#1850=VERTEX_POINT('',#4342);
#1851=VERTEX_POINT('',#4366);
#1852=VERTEX_POINT('',#4373);
#1853=VERTEX_POINT('',#4410);
#1854=VERTEX_POINT('',#4418);
#1855=VERTEX_POINT('',#4433);
#1856=VERTEX_POINT('',#4454);
#1857=VERTEX_POINT('',#4469);
#1858=VERTEX_POINT('',#4490);
#1859=VERTEX_POINT('',#4505);
#1860=VERTEX_POINT('',#4526);
#1861=VERTEX_POINT('',#4530);
#1862=VERTEX_POINT('',#4561);
#1863=VERTEX_POINT('',#4566);
#1864=VERTEX_POINT('',#4584);
#1865=VERTEX_POINT('',#4599);
#1866=VERTEX_POINT('',#4620);
#1867=VERTEX_POINT('',#4635);
#1868=VERTEX_POINT('',#4656);
#1869=VERTEX_POINT('',#4671);
#1870=VERTEX_POINT('',#4697);
#1871=VERTEX_POINT('',#4699);
#1872=VERTEX_POINT('',#4723);
#1873=VERTEX_POINT('',#4741);
#1874=VERTEX_POINT('',#4762);
#1875=VERTEX_POINT('',#4777);
#1876=VERTEX_POINT('',#4798);
#1877=VERTEX_POINT('',#4816);
#1878=VERTEX_POINT('',#4837);
#1879=VERTEX_POINT('',#4852);
#1880=VERTEX_POINT('',#4873);
#1881=VERTEX_POINT('',#4888);
#1882=VERTEX_POINT('',#4909);
#1883=VERTEX_POINT('',#4927);
#1884=VERTEX_POINT('',#4948);
#1885=VERTEX_POINT('',#4955);
#1886=VERTEX_POINT('',#4959);
#1887=VERTEX_POINT('',#4963);
#1888=VERTEX_POINT('',#4967);
#1889=VERTEX_POINT('',#4971);
#1890=B_SPLINE_CURVE_WITH_KNOTS('',3,(#3512,#3513,#3514,#3515),
 .UNSPECIFIED.,.F.,.F.,(4,4),(0.00138876853601944,0.00138889961977404),
 .UNSPECIFIED.);
#1891=B_SPLINE_CURVE_WITH_KNOTS('',3,(#3519,#3520,#3521,#3522),
 .UNSPECIFIED.,.F.,.F.,(4,4),(0.,0.00135091134125929),.UNSPECIFIED.);
#1892=B_SPLINE_CURVE_WITH_KNOTS('',3,(#3525,#3526,#3527,#3528),
 .UNSPECIFIED.,.F.,.F.,(4,4),(1.30104260698261E-18,0.00150428653066721),
 .UNSPECIFIED.);
#1893=B_SPLINE_CURVE_WITH_KNOTS('',3,(#3532,#3533,#3534,#3535),
 .UNSPECIFIED.,.F.,.F.,(4,4),(0.,0.00154036797795233),.UNSPECIFIED.);
#1894=B_SPLINE_CURVE_WITH_KNOTS('',3,(#3537,#3538,#3539,#3540),
 .UNSPECIFIED.,.F.,.F.,(4,4),(0.,0.0013644533706681),.UNSPECIFIED.);
#1895=B_SPLINE_CURVE_WITH_KNOTS('',3,(#3542,#3543,#3544,#3545),
 .UNSPECIFIED.,.F.,.F.,(4,4),(0.,0.00135237416128573),.UNSPECIFIED.);
#1896=B_SPLINE_CURVE_WITH_KNOTS('',3,(#3547,#3548,#3549,#3550),
 .UNSPECIFIED.,.F.,.F.,(4,4),(4.33680868994202E-19,0.00150722936006597),
 .UNSPECIFIED.);
#1897=B_SPLINE_CURVE_WITH_KNOTS('',3,(#3554,#3555,#3556,#3557),
 .UNSPECIFIED.,.F.,.F.,(4,4),(0.,0.00154881181940301),.UNSPECIFIED.);
#1898=B_SPLINE_CURVE_WITH_KNOTS('',3,(#3559,#3560,#3561,#3562),
 .UNSPECIFIED.,.F.,.F.,(4,4),(3.46944695195361E-18,0.00135428775976421),
 .UNSPECIFIED.);
#1899=B_SPLINE_CURVE_WITH_KNOTS('',3,(#3563,#3564,#3565,#3566),
 .UNSPECIFIED.,.F.,.F.,(4,4),(0.,0.000517167589722182),.UNSPECIFIED.);
#1900=B_SPLINE_CURVE_WITH_KNOTS('',3,(#3569,#3570,#3571,#3572),
 .UNSPECIFIED.,.F.,.F.,(4,4),(2.92734586571086E-18,0.000520561514776466),
 .UNSPECIFIED.);
#1901=B_SPLINE_CURVE_WITH_KNOTS('',3,(#3574,#3575,#3576,#3577),
 .UNSPECIFIED.,.F.,.F.,(4,4),(0.,0.000524675681467421),.UNSPECIFIED.);
#1902=B_SPLINE_CURVE_WITH_KNOTS('',3,(#3579,#3580,#3581,#3582),
 .UNSPECIFIED.,.F.,.F.,(4,4),(4.44522890719057E-18,0.000516549682478295),
 .UNSPECIFIED.);
#1903=B_SPLINE_CURVE_WITH_KNOTS('',3,(#3584,#3585,#3586,#3587),
 .UNSPECIFIED.,.F.,.F.,(4,4),(0.,0.000519740556046142),.UNSPECIFIED.);
#1904=B_SPLINE_CURVE_WITH_KNOTS('',3,(#3589,#3590,#3591,#3592),
 .UNSPECIFIED.,.F.,.F.,(4,4),(1.89735380184963E-18,0.000524718746979048),
 .UNSPECIFIED.);
#1905=B_SPLINE_CURVE_WITH_KNOTS('',3,(#3594,#3595,#3596,#3597),
 .UNSPECIFIED.,.F.,.F.,(4,4),(0.,0.000521698977785843),.UNSPECIFIED.);
#1906=B_SPLINE_CURVE_WITH_KNOTS('',3,(#3599,#3600,#3601,#3602),
 .UNSPECIFIED.,.F.,.F.,(4,4),(3.57786716920216E-18,0.000519217497100229),
 .UNSPECIFIED.);
#1907=B_SPLINE_CURVE_WITH_KNOTS('',3,(#3614,#3615,#3616,#3617),
 .UNSPECIFIED.,.F.,.F.,(4,4),(2.16840434497101E-18,0.000632988640465417),
 .UNSPECIFIED.);
#1908=B_SPLINE_CURVE_WITH_KNOTS('',3,(#3619,#3620,#3621,#3622),
 .UNSPECIFIED.,.F.,.F.,(4,4),(0.,0.000350100571828247),.UNSPECIFIED.);
#1909=B_SPLINE_CURVE_WITH_KNOTS('',3,(#3624,#3625,#3626,#3627),
 .UNSPECIFIED.,.F.,.F.,(4,4),(0.,0.000328025008831083),.UNSPECIFIED.);
#1910=B_SPLINE_CURVE_WITH_KNOTS('',3,(#3629,#3630,#3631,#3632),
 .UNSPECIFIED.,.F.,.F.,(4,4),(2.60208521396521E-18,0.000279014986319767),
 .UNSPECIFIED.);
#1911=B_SPLINE_CURVE_WITH_KNOTS('',3,(#3634,#3635,#3636,#3637),
 .UNSPECIFIED.,.F.,.F.,(4,4),(0.,0.000328439460712484),.UNSPECIFIED.);
#1912=B_SPLINE_CURVE_WITH_KNOTS('',3,(#3639,#3640,#3641,#3642),
 .UNSPECIFIED.,.F.,.F.,(4,4),(1.30104260698261E-18,0.000606282281002335),
 .UNSPECIFIED.);
#1913=B_SPLINE_CURVE_WITH_KNOTS('',3,(#3646,#3647,#3648,#3649,#3650),
 .UNSPECIFIED.,.F.,.F.,(4,1,4),(0.,0.000517807035683653,0.00103561407136731),
 .UNSPECIFIED.);
#1914=B_SPLINE_CURVE_WITH_KNOTS('',3,(#3652,#3653,#3654,#3655),
 .UNSPECIFIED.,.F.,.F.,(4,4),(1.73472347597681E-18,0.000838743247406669),
 .UNSPECIFIED.);
#1915=B_SPLINE_CURVE_WITH_KNOTS('',3,(#3657,#3658,#3659,#3660),
 .UNSPECIFIED.,.F.,.F.,(4,4),(0.,0.000886058938586789),.UNSPECIFIED.);
#1916=B_SPLINE_CURVE_WITH_KNOTS('',3,(#3662,#3663,#3664,#3665),
 .UNSPECIFIED.,.F.,.F.,(4,4),(0.,0.00121226523583165),.UNSPECIFIED.);
#1917=B_SPLINE_CURVE_WITH_KNOTS('',3,(#3667,#3668,#3669,#3670),
 .UNSPECIFIED.,.F.,.F.,(4,4),(1.51788304147971E-18,0.00114299164125859),
 .UNSPECIFIED.);
#1918=B_SPLINE_CURVE_WITH_KNOTS('',3,(#3672,#3673,#3674,#3675),
 .UNSPECIFIED.,.F.,.F.,(4,4),(0.,0.000753361182423165),.UNSPECIFIED.);
#1919=B_SPLINE_CURVE_WITH_KNOTS('',3,(#3677,#3678,#3679,#3680),
 .UNSPECIFIED.,.F.,.F.,(4,4),(0.,0.000992337201210839),.UNSPECIFIED.);
#1920=B_SPLINE_CURVE_WITH_KNOTS('',3,(#3686,#3687,#3688,#3689,#3690,#3691,
#3692,#3693,#3694,#3695,#3696),.UNSPECIFIED.,.F.,.F.,(4,1,1,1,1,1,1,1,4),
(0.,0.00255589898167698,0.00511179796335395,0.00766769694503093,0.0102235959267079,
0.0127794949083849,0.0153353938900619,0.0178912928717388,0.0204471918534158),
 .UNSPECIFIED.);
#1921=B_SPLINE_CURVE_WITH_KNOTS('',3,(#3805,#3806,#3807,#3808,#3809,#3810,
#3811,#3812,#3813,#3814,#3815),.UNSPECIFIED.,.F.,.F.,(4,1,1,1,1,1,1,1,4),
(0.,0.00249883048964953,0.00499766097929907,0.0074964914689486,0.00999532195859814,
0.0124941524482477,0.0149929829378972,0.0174918134275467,0.0199906439171963),
 .UNSPECIFIED.);
#1922=B_SPLINE_CURVE_WITH_KNOTS('',3,(#3816,#3817,#3818,#3819,#3820,#3821,
#3822,#3823,#3824,#3825,#3826),.UNSPECIFIED.,.F.,.F.,(4,1,1,1,1,1,1,1,4),
(0.,0.00249883048964952,0.00499766097929903,0.00749649146894855,0.00999532195859807,
0.0124941524482476,0.0149929829378971,0.0174918134275466,0.0199906439171961),
 .UNSPECIFIED.);
#1923=B_SPLINE_CURVE_WITH_KNOTS('',3,(#3906,#3907,#3908,#3909,#3910,#3911,
#3912,#3913,#3914,#3915,#3916),.UNSPECIFIED.,.F.,.F.,(4,1,1,1,1,1,1,1,4),
(0.,0.00255589898167699,0.00511179796335399,0.00766769694503098,0.010223595926708,
0.012779494908385,0.015335393890062,0.017891292871739,0.020447191853416),
 .UNSPECIFIED.);
#1924=B_SPLINE_CURVE_WITH_KNOTS('',3,(#3961,#3962,#3963,#3964),
 .UNSPECIFIED.,.F.,.F.,(4,4),(0.,0.000826238747333336),.UNSPECIFIED.);
#1925=B_SPLINE_CURVE_WITH_KNOTS('',3,(#3966,#3967,#3968,#3969),
 .UNSPECIFIED.,.F.,.F.,(4,4),(0.,0.00067941087896396),.UNSPECIFIED.);
#1926=B_SPLINE_CURVE_WITH_KNOTS('',3,(#3971,#3972,#3973,#3974),
 .UNSPECIFIED.,.F.,.F.,(4,4),(0.,0.000690740170762869),.UNSPECIFIED.);
#1927=B_SPLINE_CURVE_WITH_KNOTS('',3,(#3976,#3977,#3978,#3979),
 .UNSPECIFIED.,.F.,.F.,(4,4),(0.,0.00085522979558309),.UNSPECIFIED.);
#1928=B_SPLINE_CURVE_WITH_KNOTS('',3,(#3983,#3984,#3985,#3986),
 .UNSPECIFIED.,.F.,.F.,(4,4),(0.,0.000812513125474072),.UNSPECIFIED.);
#1929=B_SPLINE_CURVE_WITH_KNOTS('',3,(#3988,#3989,#3990,#3991),
 .UNSPECIFIED.,.F.,.F.,(4,4),(0.,0.000658582828030739),.UNSPECIFIED.);
#1930=B_SPLINE_CURVE_WITH_KNOTS('',3,(#3993,#3994,#3995,#3996),
 .UNSPECIFIED.,.F.,.F.,(4,4),(0.,0.000675808557431029),.UNSPECIFIED.);
#1931=B_SPLINE_CURVE_WITH_KNOTS('',3,(#3998,#3999,#4000,#4001),
 .UNSPECIFIED.,.F.,.F.,(4,4),(0.,0.000858605385193498),.UNSPECIFIED.);
#1932=B_SPLINE_CURVE_WITH_KNOTS('',3,(#4005,#4006,#4007,#4008),
 .UNSPECIFIED.,.F.,.F.,(4,4),(1.05606499675291E-9,0.00126739368609669),
 .UNSPECIFIED.);
#1933=B_SPLINE_CURVE_WITH_KNOTS('',3,(#4010,#4011,#4012,#4013),
 .UNSPECIFIED.,.F.,.F.,(4,4),(0.,0.00104633971785375),.UNSPECIFIED.);
#1934=B_SPLINE_CURVE_WITH_KNOTS('',3,(#4015,#4016,#4017,#4018),
 .UNSPECIFIED.,.F.,.F.,(4,4),(0.,0.00104644580032749),.UNSPECIFIED.);
#1935=B_SPLINE_CURVE_WITH_KNOTS('',3,(#4020,#4021,#4022,#4023),
 .UNSPECIFIED.,.F.,.F.,(4,4),(0.,0.00130811064164279),.UNSPECIFIED.);
#1936=B_SPLINE_CURVE_WITH_KNOTS('',3,(#4027,#4028,#4029,#4030),
 .UNSPECIFIED.,.F.,.F.,(4,4),(0.,0.00127934884703511),.UNSPECIFIED.);
#1937=B_SPLINE_CURVE_WITH_KNOTS('',3,(#4032,#4033,#4034,#4035),
 .UNSPECIFIED.,.F.,.F.,(4,4),(0.,0.00104727787196666),.UNSPECIFIED.);
#1938=B_SPLINE_CURVE_WITH_KNOTS('',3,(#4037,#4038,#4039,#4040),
 .UNSPECIFIED.,.F.,.F.,(4,4),(0.,0.00105205937837755),.UNSPECIFIED.);
#1939=B_SPLINE_CURVE_WITH_KNOTS('',3,(#4042,#4043,#4044,#4045),
 .UNSPECIFIED.,.F.,.F.,(4,4),(0.,0.00130489020974807),.UNSPECIFIED.);
#1940=B_SPLINE_CURVE_WITH_KNOTS('',3,(#4047,#4048,#4049,#4050),
 .UNSPECIFIED.,.F.,.F.,(4,4),(0.,0.000237445914767825),.UNSPECIFIED.);
#1941=B_SPLINE_CURVE_WITH_KNOTS('',3,(#4053,#4054,#4055,#4056),
 .UNSPECIFIED.,.F.,.F.,(4,4),(0.,0.000234214892971453),.UNSPECIFIED.);
#1942=B_SPLINE_CURVE_WITH_KNOTS('',3,(#4058,#4059,#4060,#4061),
 .UNSPECIFIED.,.F.,.F.,(4,4),(0.,0.000256224714035572),.UNSPECIFIED.);
#1943=B_SPLINE_CURVE_WITH_KNOTS('',3,(#4063,#4064,#4065,#4066),
 .UNSPECIFIED.,.F.,.F.,(4,4),(0.,0.000260355720590744),.UNSPECIFIED.);
#1944=B_SPLINE_CURVE_WITH_KNOTS('',3,(#4068,#4069,#4070,#4071),
 .UNSPECIFIED.,.F.,.F.,(4,4),(0.,0.000233116330177604),.UNSPECIFIED.);
#1945=B_SPLINE_CURVE_WITH_KNOTS('',3,(#4073,#4074,#4075,#4076),
 .UNSPECIFIED.,.F.,.F.,(4,4),(0.,0.00023848827651426),.UNSPECIFIED.);
#1946=B_SPLINE_CURVE_WITH_KNOTS('',3,(#4078,#4079,#4080,#4081),
 .UNSPECIFIED.,.F.,.F.,(4,4),(0.,0.000258675482831548),.UNSPECIFIED.);
#1947=B_SPLINE_CURVE_WITH_KNOTS('',3,(#4083,#4084,#4085,#4086),
 .UNSPECIFIED.,.F.,.F.,(4,4),(0.,0.000256684483450848),.UNSPECIFIED.);
#1948=B_SPLINE_CURVE_WITH_KNOTS('',3,(#4097,#4098,#4099,#4100),
 .UNSPECIFIED.,.F.,.F.,(4,4),(0.,0.000896166528644651),.UNSPECIFIED.);
#1949=B_SPLINE_CURVE_WITH_KNOTS('',3,(#4102,#4103,#4104,#4105),
 .UNSPECIFIED.,.F.,.F.,(4,4),(0.,0.000589556917463946),.UNSPECIFIED.);
#1950=B_SPLINE_CURVE_WITH_KNOTS('',3,(#4107,#4108,#4109,#4110),
 .UNSPECIFIED.,.F.,.F.,(4,4),(0.,0.000849595850352298),.UNSPECIFIED.);
#1951=B_SPLINE_CURVE_WITH_KNOTS('',3,(#4112,#4113,#4114,#4115),
 .UNSPECIFIED.,.F.,.F.,(4,4),(0.,0.000969336474853383),.UNSPECIFIED.);
#1952=B_SPLINE_CURVE_WITH_KNOTS('',3,(#4117,#4118,#4119,#4120),
 .UNSPECIFIED.,.F.,.F.,(4,4),(0.,0.000708973489875984),.UNSPECIFIED.);
#1953=B_SPLINE_CURVE_WITH_KNOTS('',3,(#4122,#4123,#4124,#4125),
 .UNSPECIFIED.,.F.,.F.,(4,4),(0.,0.000641547015985528),.UNSPECIFIED.);
#1954=B_SPLINE_CURVE_WITH_KNOTS('',3,(#4127,#4128,#4129,#4130),
 .UNSPECIFIED.,.F.,.F.,(4,4),(0.,0.000505484654742544),.UNSPECIFIED.);
#1955=B_SPLINE_CURVE_WITH_KNOTS('',3,(#4134,#4135,#4136,#4137),
 .UNSPECIFIED.,.F.,.F.,(4,4),(0.,0.000503025444703153),.UNSPECIFIED.);
#1956=B_SPLINE_CURVE_WITH_KNOTS('',3,(#4139,#4140,#4141,#4142),
 .UNSPECIFIED.,.F.,.F.,(4,4),(0.,0.000628309167833584),.UNSPECIFIED.);
#1957=B_SPLINE_CURVE_WITH_KNOTS('',3,(#4144,#4145,#4146,#4147),
 .UNSPECIFIED.,.F.,.F.,(4,4),(0.,0.000567195716663148),.UNSPECIFIED.);
#1958=B_SPLINE_CURVE_WITH_KNOTS('',3,(#4149,#4150,#4151,#4152),
 .UNSPECIFIED.,.F.,.F.,(4,4),(0.,0.000576701629368481),.UNSPECIFIED.);
#1959=B_SPLINE_CURVE_WITH_KNOTS('',3,(#4154,#4155,#4156,#4157),
 .UNSPECIFIED.,.F.,.F.,(4,4),(0.,0.000532213258737368),.UNSPECIFIED.);
#1960=B_SPLINE_CURVE_WITH_KNOTS('',3,(#4159,#4160,#4161,#4162),
 .UNSPECIFIED.,.F.,.F.,(4,4),(0.,0.000706178052057337),.UNSPECIFIED.);
#1961=B_SPLINE_CURVE_WITH_KNOTS('',3,(#4168,#4169,#4170,#4171),
 .UNSPECIFIED.,.F.,.F.,(4,4),(0.,0.0003147979713301),.UNSPECIFIED.);
#1962=B_SPLINE_CURVE_WITH_KNOTS('',3,(#4174,#4175,#4176,#4177),
 .UNSPECIFIED.,.F.,.F.,(4,4),(8.67361737988404E-19,0.000649819388549177),
 .UNSPECIFIED.);
#1963=B_SPLINE_CURVE_WITH_KNOTS('',3,(#4181,#4182,#4183,#4184),
 .UNSPECIFIED.,.F.,.F.,(4,4),(0.,0.000672937294440117),.UNSPECIFIED.);
#1964=B_SPLINE_CURVE_WITH_KNOTS('',3,(#4186,#4187,#4188,#4189),
 .UNSPECIFIED.,.F.,.F.,(4,4),(0.,0.000323691154515225),.UNSPECIFIED.);
#1965=B_SPLINE_CURVE_WITH_KNOTS('',3,(#4191,#4192,#4193,#4194),
 .UNSPECIFIED.,.F.,.F.,(4,4),(0.,0.000306341844078863),.UNSPECIFIED.);
#1966=B_SPLINE_CURVE_WITH_KNOTS('',3,(#4196,#4197,#4198,#4199),
 .UNSPECIFIED.,.F.,.F.,(4,4),(0.,0.000619945119444983),.UNSPECIFIED.);
#1967=B_SPLINE_CURVE_WITH_KNOTS('',3,(#4203,#4204,#4205,#4206),
 .UNSPECIFIED.,.F.,.F.,(4,4),(0.,0.000680857533494054),.UNSPECIFIED.);
#1968=B_SPLINE_CURVE_WITH_KNOTS('',3,(#4208,#4209,#4210,#4211),
 .UNSPECIFIED.,.F.,.F.,(4,4),(1.73472347597681E-18,0.000327244340069829),
 .UNSPECIFIED.);
#1969=B_SPLINE_CURVE_WITH_KNOTS('',3,(#4229,#4230,#4231,#4232),
 .UNSPECIFIED.,.F.,.F.,(4,4),(8.67361737988404E-19,0.000713717038190436),
 .UNSPECIFIED.);
#1970=B_SPLINE_CURVE_WITH_KNOTS('',3,(#4234,#4235,#4236,#4237),
 .UNSPECIFIED.,.F.,.F.,(4,4),(0.000104240610274449,0.000312575560666969),
 .UNSPECIFIED.);
#1971=B_SPLINE_CURVE_WITH_KNOTS('',3,(#4259,#4260,#4261,#4262),
 .UNSPECIFIED.,.F.,.F.,(4,4),(0.,0.000488476098712876),.UNSPECIFIED.);
#1972=B_SPLINE_CURVE_WITH_KNOTS('',3,(#4278,#4279,#4280,#4281),
 .UNSPECIFIED.,.F.,.F.,(4,4),(0.,0.000767706603735811),.UNSPECIFIED.);
#1973=B_SPLINE_CURVE_WITH_KNOTS('',3,(#4301,#4302,#4303,#4304),
 .UNSPECIFIED.,.F.,.F.,(4,4),(2.16840434497101E-18,0.000500003405554365),
 .UNSPECIFIED.);
#1974=B_SPLINE_CURVE_WITH_KNOTS('',3,(#4320,#4321,#4322,#4323),
 .UNSPECIFIED.,.F.,.F.,(4,4),(1.30104260698261E-18,0.000516972132950498),
 .UNSPECIFIED.);
#1975=B_SPLINE_CURVE_WITH_KNOTS('',3,(#4343,#4344,#4345,#4346),
 .UNSPECIFIED.,.F.,.F.,(4,4),(0.,0.000764391949369537),.UNSPECIFIED.);
#1976=B_SPLINE_CURVE_WITH_KNOTS('',3,(#4362,#4363,#4364,#4365),
 .UNSPECIFIED.,.F.,.F.,(4,4),(0.,0.000502677019152436),.UNSPECIFIED.);
#1977=B_SPLINE_CURVE_WITH_KNOTS('',3,(#4369,#4370,#4371,#4372),
 .UNSPECIFIED.,.F.,.F.,(4,4),(0.000104240416631735,0.000312622765001914),
 .UNSPECIFIED.);
#1978=B_SPLINE_CURVE_WITH_KNOTS('',3,(#4390,#4391,#4392,#4393),
 .UNSPECIFIED.,.F.,.F.,(4,4),(0.,0.000737046608867771),.UNSPECIFIED.);
#1979=B_SPLINE_CURVE_WITH_KNOTS('',3,(#4411,#4412,#4413,#4414),
 .UNSPECIFIED.,.F.,.F.,(4,4),(3.03576608295941E-18,0.00138876853601944),
 .UNSPECIFIED.);
#1980=B_SPLINE_CURVE_WITH_KNOTS('',3,(#4434,#4435,#4436,#4437),
 .UNSPECIFIED.,.F.,.F.,(4,4),(0.,0.00120832877174894),.UNSPECIFIED.);
#1981=B_SPLINE_CURVE_WITH_KNOTS('',3,(#4450,#4451,#4452,#4453),
 .UNSPECIFIED.,.F.,.F.,(4,4),(0.,0.0014314905039928),.UNSPECIFIED.);
#1982=B_SPLINE_CURVE_WITH_KNOTS('',3,(#4470,#4471,#4472,#4473),
 .UNSPECIFIED.,.F.,.F.,(4,4),(2.16840434497101E-18,0.00122297776045628),
 .UNSPECIFIED.);
#1983=B_SPLINE_CURVE_WITH_KNOTS('',3,(#4486,#4487,#4488,#4489),
 .UNSPECIFIED.,.F.,.F.,(4,4),(3.03576608295941E-18,0.0012156388242867),
 .UNSPECIFIED.);
#1984=B_SPLINE_CURVE_WITH_KNOTS('',3,(#4506,#4507,#4508,#4509),
 .UNSPECIFIED.,.F.,.F.,(4,4),(0.,0.00142615052499466),.UNSPECIFIED.);
#1985=B_SPLINE_CURVE_WITH_KNOTS('',3,(#4522,#4523,#4524,#4525),
 .UNSPECIFIED.,.F.,.F.,(4,4),(0.,0.00120712926701961),.UNSPECIFIED.);
#1986=B_SPLINE_CURVE_WITH_KNOTS('',3,(#4544,#4545,#4546,#4547),
 .UNSPECIFIED.,.F.,.F.,(4,4),(8.67361737988404E-19,0.00137946791860251),
 .UNSPECIFIED.);
#1987=B_SPLINE_CURVE_WITH_KNOTS('',3,(#4562,#4563,#4564,#4565),
 .UNSPECIFIED.,.F.,.F.,(4,4),(9.21571846612679E-19,0.000384529063585696),
 .UNSPECIFIED.);
#1988=B_SPLINE_CURVE_WITH_KNOTS('',3,(#4580,#4581,#4582,#4583),
 .UNSPECIFIED.,.F.,.F.,(4,4),(0.,0.000380414088750004),.UNSPECIFIED.);
#1989=B_SPLINE_CURVE_WITH_KNOTS('',3,(#4600,#4601,#4602,#4603),
 .UNSPECIFIED.,.F.,.F.,(4,4),(0.,0.000392319035318701),.UNSPECIFIED.);
#1990=B_SPLINE_CURVE_WITH_KNOTS('',3,(#4616,#4617,#4618,#4619),
 .UNSPECIFIED.,.F.,.F.,(4,4),(1.51788304147971E-18,0.00039306728319162),
 .UNSPECIFIED.);
#1991=B_SPLINE_CURVE_WITH_KNOTS('',3,(#4636,#4637,#4638,#4639),
 .UNSPECIFIED.,.F.,.F.,(4,4),(3.41523684332934E-18,0.000390688792306102),
 .UNSPECIFIED.);
#1992=B_SPLINE_CURVE_WITH_KNOTS('',3,(#4652,#4653,#4654,#4655),
 .UNSPECIFIED.,.F.,.F.,(4,4),(0.,0.000389846060065086),.UNSPECIFIED.);
#1993=B_SPLINE_CURVE_WITH_KNOTS('',3,(#4672,#4673,#4674,#4675),
 .UNSPECIFIED.,.F.,.F.,(4,4),(0.,0.00038412105259041),.UNSPECIFIED.);
#1994=B_SPLINE_CURVE_WITH_KNOTS('',3,(#4688,#4689,#4690,#4691),
 .UNSPECIFIED.,.F.,.F.,(4,4),(1.62630325872826E-18,0.000380292091277745),
 .UNSPECIFIED.);
#1995=B_SPLINE_CURVE_WITH_KNOTS('',3,(#4693,#4694,#4695,#4696),
 .UNSPECIFIED.,.F.,.F.,(4,4),(0.000108361267892289,0.000380531784178623),
 .UNSPECIFIED.);
#1996=B_SPLINE_CURVE_WITH_KNOTS('',3,(#4700,#4701,#4702,#4703),
 .UNSPECIFIED.,.F.,.F.,(4,4),(0.000108361267892289,0.000380531784178624),
 .UNSPECIFIED.);
#1997=B_SPLINE_CURVE_WITH_KNOTS('',3,(#4719,#4720,#4721,#4722),
 .UNSPECIFIED.,.F.,.F.,(4,4),(5.57011712467603E-16,0.000774403267185196),
 .UNSPECIFIED.);
#1998=B_SPLINE_CURVE_WITH_KNOTS('',3,(#4742,#4743,#4744,#4745),
 .UNSPECIFIED.,.F.,.F.,(4,4),(0.,0.000553963022823215),.UNSPECIFIED.);
#1999=B_SPLINE_CURVE_WITH_KNOTS('',3,(#4758,#4759,#4760,#4761),
 .UNSPECIFIED.,.F.,.F.,(4,4),(1.73472347597681E-18,0.000744056182025431),
 .UNSPECIFIED.);
#2000=B_SPLINE_CURVE_WITH_KNOTS('',3,(#4778,#4779,#4780,#4781),
 .UNSPECIFIED.,.F.,.F.,(4,4),(0.,0.000478747153062769),.UNSPECIFIED.);
#2001=B_SPLINE_CURVE_WITH_KNOTS('',3,(#4794,#4795,#4796,#4797),
 .UNSPECIFIED.,.F.,.F.,(4,4),(0.,0.000802428838537433),.UNSPECIFIED.);
#2002=B_SPLINE_CURVE_WITH_KNOTS('',3,(#4817,#4818,#4819,#4820),
 .UNSPECIFIED.,.F.,.F.,(4,4),(0.,0.000429508158943628),.UNSPECIFIED.);
#2003=B_SPLINE_CURVE_WITH_KNOTS('',3,(#4833,#4834,#4835,#4836),
 .UNSPECIFIED.,.F.,.F.,(4,4),(0.,0.00110014385934699),.UNSPECIFIED.);
#2004=B_SPLINE_CURVE_WITH_KNOTS('',3,(#4853,#4854,#4855,#4856),
 .UNSPECIFIED.,.F.,.F.,(4,4),(0.,0.000454598593464746),.UNSPECIFIED.);
#2005=B_SPLINE_CURVE_WITH_KNOTS('',3,(#4869,#4870,#4871,#4872),
 .UNSPECIFIED.,.F.,.F.,(4,4),(0.,0.00100976350996776),.UNSPECIFIED.);
#2006=B_SPLINE_CURVE_WITH_KNOTS('',3,(#4889,#4890,#4891,#4892),
 .UNSPECIFIED.,.F.,.F.,(4,4),(8.67361737988403E-19,0.000442968326377512),
 .UNSPECIFIED.);
#2007=B_SPLINE_CURVE_WITH_KNOTS('',3,(#4905,#4906,#4907,#4908),
 .UNSPECIFIED.,.F.,.F.,(4,4),(0.,0.000675144983395442),.UNSPECIFIED.);
#2008=B_SPLINE_CURVE_WITH_KNOTS('',3,(#4923,#4924,#4925,#4926),
 .UNSPECIFIED.,.F.,.F.,(4,4),(0.000104240443629855,0.000312613234740826),
 .UNSPECIFIED.);
#2009=B_SPLINE_CURVE_WITH_KNOTS('',3,(#4928,#4929,#4930,#4931),
 .UNSPECIFIED.,.F.,.F.,(4,4),(4.42852566929884E-15,0.000669900082104566),
 .UNSPECIFIED.);
#2010=B_SPLINE_CURVE_WITH_KNOTS('',3,(#4944,#4945,#4946,#4947),
 .UNSPECIFIED.,.F.,.F.,(4,4),(2.60208521396521E-18,0.00094108281717933),
 .UNSPECIFIED.);
#2011=B_SPLINE_CURVE_WITH_KNOTS('',3,(#4949,#4950,#4951,#4952),
 .UNSPECIFIED.,.F.,.F.,(4,4),(0.000104240642245603,0.000312574108504563),
 .UNSPECIFIED.);
#2012=B_SPLINE_CURVE_WITH_KNOTS('',3,(#5232,#5233,#5234,#5235),
 .UNSPECIFIED.,.F.,.F.,(4,4),(0.,0.000265926368840233),.UNSPECIFIED.);
#2013=B_SPLINE_CURVE_WITH_KNOTS('',3,(#5236,#5237,#5238,#5239),
 .UNSPECIFIED.,.F.,.F.,(4,4),(0.,0.00027694432317969),.UNSPECIFIED.);
#2014=B_SPLINE_CURVE_WITH_KNOTS('',3,(#5398,#5399,#5400,#5401),
 .UNSPECIFIED.,.F.,.F.,(4,4),(0.,0.000208333163028365),.UNSPECIFIED.);
#2015=B_SPLINE_CURVE_WITH_KNOTS('',3,(#5414,#5415,#5416,#5417),
 .UNSPECIFIED.,.F.,.F.,(4,4),(0.,0.000208354469427484),.UNSPECIFIED.);
#2016=B_SPLINE_CURVE_WITH_KNOTS('',3,(#5442,#5443,#5444,#5445),
 .UNSPECIFIED.,.F.,.F.,(4,4),(0.,0.000208350765450871),.UNSPECIFIED.);
#2017=B_SPLINE_CURVE_WITH_KNOTS('',3,(#5527,#5528,#5529,#5530),
 .UNSPECIFIED.,.F.,.F.,(4,4),(0.,0.000208329863128523),.UNSPECIFIED.);
#2018=B_SPLINE_CURVE_WITH_KNOTS('',3,(#5556,#5557,#5558,#5559),
 .UNSPECIFIED.,.F.,.F.,(4,4),(1.89153560909254E-9,0.000208330238291795),
 .UNSPECIFIED.);
#2019=EDGE_LOOP('',(#469,#470));
#2020=EDGE_LOOP('',(#471,#472,#473,#474,#475,#476,#477,#478,#479,#480));
#2021=EDGE_LOOP('',(#481,#482,#483,#484,#485,#486,#487,#488));
#2022=EDGE_LOOP('',(#489,#490,#491,#492,#493,#494,#495,#496,#497,#498,#499,
#500,#501,#502,#503,#504,#505,#506,#507,#508));
#2023=EDGE_LOOP('',(#509,#510,#511,#512,#513,#514,#515,#516,#517,#518,#519,
#520,#521,#522,#523,#524,#525,#526,#527,#528,#529,#530));
#2024=EDGE_LOOP('',(#531,#532,#533,#534));
#2025=EDGE_LOOP('',(#535,#536,#537,#538));
#2026=EDGE_LOOP('',(#539,#540,#541,#542));
#2027=EDGE_LOOP('',(#543,#544,#545,#546));
#2028=EDGE_LOOP('',(#547,#548,#549,#550));
#2029=EDGE_LOOP('',(#551,#552,#553,#554));
#2030=EDGE_LOOP('',(#555,#556,#557,#558));
#2031=EDGE_LOOP('',(#559,#560,#561,#562));
#2032=EDGE_LOOP('',(#563,#564,#565,#566));
#2033=EDGE_LOOP('',(#567,#568,#569,#570));
#2034=EDGE_LOOP('',(#571,#572,#573,#574));
#2035=EDGE_LOOP('',(#575,#576,#577,#578));
#2036=EDGE_LOOP('',(#579,#580,#581,#582));
#2037=EDGE_LOOP('',(#583,#584,#585,#586));
#2038=EDGE_LOOP('',(#587,#588,#589,#590));
#2039=EDGE_LOOP('',(#591,#592,#593,#594));
#2040=EDGE_LOOP('',(#595,#596,#597,#598));
#2041=EDGE_LOOP('',(#599,#600,#601,#602));
#2042=EDGE_LOOP('',(#603,#604,#605,#606));
#2043=EDGE_LOOP('',(#607,#608,#609,#610));
#2044=EDGE_LOOP('',(#611,#612,#613,#614));
#2045=EDGE_LOOP('',(#615,#616,#617,#618));
#2046=EDGE_LOOP('',(#619,#620,#621,#622,#623,#624,#625,#626,#627,#628,#629,
#630,#631,#632,#633,#634,#635,#636,#637,#638,#639,#640));
#2047=EDGE_LOOP('',(#641,#642,#643,#644,#645,#646,#647,#648,#649,#650));
#2048=EDGE_LOOP('',(#651,#652,#653,#654,#655,#656,#657,#658,#659,#660));
#2049=EDGE_LOOP('',(#661,#662,#663,#664,#665,#666,#667,#668));
#2050=EDGE_LOOP('',(#669,#670,#671,#672,#673,#674,#675,#676,#677,#678,#679,
#680,#681,#682,#683,#684,#685,#686,#687,#688));
#2051=EDGE_LOOP('',(#689,#690,#691,#692,#693,#694,#695,#696,#697,#698));
#2052=EDGE_LOOP('',(#699,#700,#701,#702));
#2053=EDGE_LOOP('',(#703,#704,#705,#706));
#2054=EDGE_LOOP('',(#707,#708,#709,#710));
#2055=EDGE_LOOP('',(#711,#712,#713,#714));
#2056=EDGE_LOOP('',(#715,#716,#717,#718));
#2057=EDGE_LOOP('',(#719,#720,#721,#722));
#2058=EDGE_LOOP('',(#723,#724,#725,#726));
#2059=EDGE_LOOP('',(#727,#728,#729,#730));
#2060=EDGE_LOOP('',(#731,#732,#733,#734));
#2061=EDGE_LOOP('',(#735,#736,#737,#738));
#2062=EDGE_LOOP('',(#739,#740,#741,#742,#743));
#2063=EDGE_LOOP('',(#744,#745,#746,#747));
#2064=EDGE_LOOP('',(#748,#749,#750,#751));
#2065=EDGE_LOOP('',(#752,#753,#754,#755));
#2066=EDGE_LOOP('',(#756,#757,#758,#759));
#2067=EDGE_LOOP('',(#760,#761,#762,#763));
#2068=EDGE_LOOP('',(#764,#765,#766,#767));
#2069=EDGE_LOOP('',(#768,#769,#770,#771));
#2070=EDGE_LOOP('',(#772,#773,#774,#775));
#2071=EDGE_LOOP('',(#776,#777,#778,#779));
#2072=EDGE_LOOP('',(#780,#781,#782,#783));
#2073=EDGE_LOOP('',(#784,#785,#786,#787));
#2074=EDGE_LOOP('',(#788,#789,#790,#791));
#2075=EDGE_LOOP('',(#792,#793,#794,#795));
#2076=EDGE_LOOP('',(#796,#797,#798,#799));
#2077=EDGE_LOOP('',(#800,#801,#802,#803));
#2078=EDGE_LOOP('',(#804,#805,#806,#807));
#2079=EDGE_LOOP('',(#808,#809,#810,#811));
#2080=EDGE_LOOP('',(#812,#813,#814,#815));
#2081=EDGE_LOOP('',(#816,#817,#818,#819));
#2082=EDGE_LOOP('',(#820,#821,#822,#823));
#2083=EDGE_LOOP('',(#824,#825,#826,#827));
#2084=EDGE_LOOP('',(#828,#829,#830,#831));
#2085=EDGE_LOOP('',(#832,#833,#834,#835));
#2086=EDGE_LOOP('',(#836,#837,#838,#839));
#2087=EDGE_LOOP('',(#840,#841,#842,#843));
#2088=EDGE_LOOP('',(#844,#845,#846,#847));
#2089=EDGE_LOOP('',(#848,#849,#850,#851));
#2090=EDGE_LOOP('',(#852,#853,#854,#855));
#2091=EDGE_LOOP('',(#856,#857,#858,#859));
#2092=EDGE_LOOP('',(#860,#861,#862,#863));
#2093=EDGE_LOOP('',(#864,#865,#866,#867));
#2094=EDGE_LOOP('',(#868,#869,#870,#871));
#2095=EDGE_LOOP('',(#872,#873,#874,#875));
#2096=EDGE_LOOP('',(#876,#877,#878,#879));
#2097=EDGE_LOOP('',(#880,#881,#882,#883));
#2098=EDGE_LOOP('',(#884,#885,#886,#887));
#2099=EDGE_LOOP('',(#888,#889,#890,#891));
#2100=EDGE_LOOP('',(#892,#893,#894,#895));
#2101=EDGE_LOOP('',(#896,#897,#898,#899));
#2102=EDGE_LOOP('',(#900,#901,#902,#903));
#2103=EDGE_LOOP('',(#904,#905,#906,#907));
#2104=EDGE_LOOP('',(#908,#909,#910,#911));
#2105=EDGE_LOOP('',(#912,#913,#914,#915));
#2106=EDGE_LOOP('',(#916,#917,#918,#919));
#2107=EDGE_LOOP('',(#920,#921,#922,#923));
#2108=EDGE_LOOP('',(#924,#925,#926,#927));
#2109=EDGE_LOOP('',(#928,#929,#930,#931));
#2110=EDGE_LOOP('',(#932,#933,#934,#935));
#2111=EDGE_LOOP('',(#936,#937,#938,#939));
#2112=EDGE_LOOP('',(#940,#941,#942,#943));
#2113=EDGE_LOOP('',(#944,#945,#946,#947));
#2114=EDGE_LOOP('',(#948,#949,#950,#951));
#2115=EDGE_LOOP('',(#952,#953,#954,#955));
#2116=EDGE_LOOP('',(#956,#957,#958,#959));
#2117=EDGE_LOOP('',(#960,#961,#962,#963));
#2118=EDGE_LOOP('',(#964,#965,#966,#967));
#2119=EDGE_LOOP('',(#968,#969,#970,#971));
#2120=EDGE_LOOP('',(#972,#973,#974,#975));
#2121=EDGE_LOOP('',(#976,#977,#978,#979));
#2122=EDGE_LOOP('',(#980,#981,#982,#983));
#2123=EDGE_LOOP('',(#984,#985,#986,#987));
#2124=EDGE_LOOP('',(#988,#989,#990,#991));
#2125=EDGE_LOOP('',(#992,#993,#994,#995));
#2126=EDGE_LOOP('',(#996,#997,#998,#999));
#2127=EDGE_LOOP('',(#1000,#1001,#1002,#1003));
#2128=EDGE_LOOP('',(#1004,#1005,#1006,#1007));
#2129=EDGE_LOOP('',(#1008,#1009,#1010,#1011));
#2130=EDGE_LOOP('',(#1012,#1013,#1014,#1015));
#2131=EDGE_LOOP('',(#1016,#1017,#1018,#1019));
#2132=EDGE_LOOP('',(#1020,#1021,#1022,#1023));
#2133=EDGE_LOOP('',(#1024,#1025,#1026,#1027));
#2134=EDGE_LOOP('',(#1028,#1029,#1030,#1031));
#2135=EDGE_LOOP('',(#1032,#1033,#1034,#1035));
#2136=EDGE_LOOP('',(#1036,#1037,#1038,#1039));
#2137=EDGE_LOOP('',(#1040,#1041,#1042,#1043));
#2138=EDGE_LOOP('',(#1044,#1045,#1046,#1047));
#2139=EDGE_LOOP('',(#1048,#1049,#1050,#1051));
#2140=EDGE_LOOP('',(#1052,#1053,#1054,#1055));
#2141=EDGE_LOOP('',(#1056,#1057,#1058,#1059));
#2142=EDGE_LOOP('',(#1060,#1061,#1062,#1063));
#2143=EDGE_LOOP('',(#1064,#1065,#1066,#1067));
#2144=EDGE_LOOP('',(#1068,#1069,#1070,#1071));
#2145=EDGE_LOOP('',(#1072,#1073,#1074,#1075));
#2146=EDGE_LOOP('',(#1076,#1077,#1078,#1079));
#2147=EDGE_LOOP('',(#1080,#1081,#1082,#1083));
#2148=EDGE_LOOP('',(#1084,#1085,#1086,#1087));
#2149=EDGE_LOOP('',(#1088,#1089,#1090,#1091));
#2150=EDGE_LOOP('',(#1092,#1093,#1094,#1095));
#2151=EDGE_LOOP('',(#1096,#1097,#1098,#1099));
#2152=EDGE_LOOP('',(#1100,#1101,#1102,#1103));
#2153=EDGE_LOOP('',(#1104,#1105,#1106,#1107));
#2154=EDGE_LOOP('',(#1108,#1109,#1110,#1111));
#2155=EDGE_LOOP('',(#1112,#1113,#1114,#1115));
#2156=EDGE_LOOP('',(#1116,#1117,#1118,#1119));
#2157=EDGE_LOOP('',(#1120,#1121,#1122,#1123));
#2158=EDGE_LOOP('',(#1124,#1125,#1126,#1127));
#2159=EDGE_LOOP('',(#1128,#1129,#1130,#1131));
#2160=EDGE_LOOP('',(#1132,#1133,#1134,#1135));
#2161=EDGE_LOOP('',(#1136,#1137,#1138,#1139));
#2162=EDGE_LOOP('',(#1140,#1141,#1142,#1143));
#2163=EDGE_LOOP('',(#1144,#1145,#1146,#1147));
#2164=EDGE_LOOP('',(#1148,#1149,#1150,#1151));
#2165=EDGE_LOOP('',(#1152,#1153,#1154,#1155));
#2166=EDGE_LOOP('',(#1156,#1157,#1158,#1159));
#2167=EDGE_LOOP('',(#1160,#1161,#1162,#1163));
#2168=EDGE_LOOP('',(#1164,#1165,#1166,#1167));
#2169=EDGE_LOOP('',(#1168,#1169,#1170,#1171));
#2170=EDGE_LOOP('',(#1172,#1173,#1174,#1175));
#2171=EDGE_LOOP('',(#1176,#1177,#1178,#1179));
#2172=EDGE_LOOP('',(#1180,#1181,#1182,#1183));
#2173=EDGE_LOOP('',(#1184,#1185,#1186,#1187));
#2174=EDGE_LOOP('',(#1188,#1189,#1190,#1191));
#2175=EDGE_LOOP('',(#1192,#1193,#1194,#1195));
#2176=EDGE_LOOP('',(#1196,#1197,#1198,#1199));
#2177=EDGE_LOOP('',(#1200,#1201,#1202,#1203));
#2178=EDGE_LOOP('',(#1204,#1205,#1206,#1207));
#2179=EDGE_LOOP('',(#1208,#1209,#1210,#1211));
#2180=EDGE_LOOP('',(#1212,#1213,#1214,#1215));
#2181=EDGE_LOOP('',(#1216,#1217,#1218,#1219));
#2182=EDGE_LOOP('',(#1220,#1221,#1222,#1223));
#2183=EDGE_LOOP('',(#1224,#1225,#1226,#1227,#1228));
#2184=EDGE_LOOP('',(#1229,#1230,#1231,#1232));
#2185=EDGE_LOOP('',(#1233,#1234,#1235,#1236));
#2186=EDGE_LOOP('',(#1237,#1238,#1239,#1240));
#2187=EDGE_LOOP('',(#1241,#1242,#1243,#1244));
#2188=EDGE_LOOP('',(#1245,#1246,#1247,#1248));
#2189=EDGE_LOOP('',(#1249,#1250,#1251,#1252));
#2190=EDGE_LOOP('',(#1253,#1254,#1255,#1256));
#2191=EDGE_LOOP('',(#1257,#1258,#1259,#1260));
#2192=FACE_BOUND('',#2019,.T.);
#2193=FACE_BOUND('',#2020,.T.);
#2194=FACE_BOUND('',#2021,.T.);
#2195=FACE_BOUND('',#2022,.T.);
#2196=FACE_BOUND('',#2023,.T.);
#2197=FACE_BOUND('',#2024,.T.);
#2198=FACE_BOUND('',#2025,.T.);
#2199=FACE_BOUND('',#2026,.T.);
#2200=FACE_BOUND('',#2027,.T.);
#2201=FACE_BOUND('',#2028,.T.);
#2202=FACE_BOUND('',#2029,.T.);
#2203=FACE_BOUND('',#2030,.T.);
#2204=FACE_BOUND('',#2031,.T.);
#2205=FACE_BOUND('',#2032,.T.);
#2206=FACE_BOUND('',#2033,.T.);
#2207=FACE_BOUND('',#2034,.T.);
#2208=FACE_BOUND('',#2035,.T.);
#2209=FACE_BOUND('',#2036,.T.);
#2210=FACE_BOUND('',#2037,.T.);
#2211=FACE_BOUND('',#2038,.T.);
#2212=FACE_BOUND('',#2039,.T.);
#2213=FACE_BOUND('',#2040,.T.);
#2214=FACE_BOUND('',#2041,.T.);
#2215=FACE_BOUND('',#2042,.T.);
#2216=FACE_BOUND('',#2043,.T.);
#2217=FACE_BOUND('',#2044,.T.);
#2218=FACE_BOUND('',#2045,.T.);
#2219=FACE_BOUND('',#2046,.T.);
#2220=FACE_BOUND('',#2047,.T.);
#2221=FACE_BOUND('',#2048,.T.);
#2222=FACE_BOUND('',#2049,.T.);
#2223=FACE_BOUND('',#2050,.T.);
#2224=FACE_BOUND('',#2051,.T.);
#2225=FACE_BOUND('',#2052,.T.);
#2226=FACE_BOUND('',#2053,.T.);
#2227=FACE_BOUND('',#2054,.T.);
#2228=FACE_BOUND('',#2055,.T.);
#2229=FACE_BOUND('',#2056,.T.);
#2230=FACE_BOUND('',#2057,.T.);
#2231=FACE_BOUND('',#2058,.T.);
#2232=FACE_BOUND('',#2059,.T.);
#2233=FACE_BOUND('',#2060,.T.);
#2234=FACE_BOUND('',#2061,.T.);
#2235=FACE_BOUND('',#2062,.T.);
#2236=FACE_BOUND('',#2063,.T.);
#2237=FACE_BOUND('',#2064,.T.);
#2238=FACE_BOUND('',#2065,.T.);
#2239=FACE_BOUND('',#2066,.T.);
#2240=FACE_BOUND('',#2067,.T.);
#2241=FACE_BOUND('',#2068,.T.);
#2242=FACE_BOUND('',#2069,.T.);
#2243=FACE_BOUND('',#2070,.T.);
#2244=FACE_BOUND('',#2071,.T.);
#2245=FACE_BOUND('',#2072,.T.);
#2246=FACE_BOUND('',#2073,.T.);
#2247=FACE_BOUND('',#2074,.T.);
#2248=FACE_BOUND('',#2075,.T.);
#2249=FACE_BOUND('',#2076,.T.);
#2250=FACE_BOUND('',#2077,.T.);
#2251=FACE_BOUND('',#2078,.T.);
#2252=FACE_BOUND('',#2079,.T.);
#2253=FACE_BOUND('',#2080,.T.);
#2254=FACE_BOUND('',#2081,.T.);
#2255=FACE_BOUND('',#2082,.T.);
#2256=FACE_BOUND('',#2083,.T.);
#2257=FACE_BOUND('',#2084,.T.);
#2258=FACE_BOUND('',#2085,.T.);
#2259=FACE_BOUND('',#2086,.T.);
#2260=FACE_BOUND('',#2087,.T.);
#2261=FACE_BOUND('',#2088,.T.);
#2262=FACE_BOUND('',#2089,.T.);
#2263=FACE_BOUND('',#2090,.T.);
#2264=FACE_BOUND('',#2091,.T.);
#2265=FACE_BOUND('',#2092,.T.);
#2266=FACE_BOUND('',#2093,.T.);
#2267=FACE_BOUND('',#2094,.T.);
#2268=FACE_BOUND('',#2095,.T.);
#2269=FACE_BOUND('',#2096,.T.);
#2270=FACE_BOUND('',#2097,.T.);
#2271=FACE_BOUND('',#2098,.T.);
#2272=FACE_BOUND('',#2099,.T.);
#2273=FACE_BOUND('',#2100,.T.);
#2274=FACE_BOUND('',#2101,.T.);
#2275=FACE_BOUND('',#2102,.T.);
#2276=FACE_BOUND('',#2103,.T.);
#2277=FACE_BOUND('',#2104,.T.);
#2278=FACE_BOUND('',#2105,.T.);
#2279=FACE_BOUND('',#2106,.T.);
#2280=FACE_BOUND('',#2107,.T.);
#2281=FACE_BOUND('',#2108,.T.);
#2282=FACE_BOUND('',#2109,.T.);
#2283=FACE_BOUND('',#2110,.T.);
#2284=FACE_BOUND('',#2111,.T.);
#2285=FACE_BOUND('',#2112,.T.);
#2286=FACE_BOUND('',#2113,.T.);
#2287=FACE_BOUND('',#2114,.T.);
#2288=FACE_BOUND('',#2115,.T.);
#2289=FACE_BOUND('',#2116,.T.);
#2290=FACE_BOUND('',#2117,.T.);
#2291=FACE_BOUND('',#2118,.T.);
#2292=FACE_BOUND('',#2119,.T.);
#2293=FACE_BOUND('',#2120,.T.);
#2294=FACE_BOUND('',#2121,.T.);
#2295=FACE_BOUND('',#2122,.T.);
#2296=FACE_BOUND('',#2123,.T.);
#2297=FACE_BOUND('',#2124,.T.);
#2298=FACE_BOUND('',#2125,.T.);
#2299=FACE_BOUND('',#2126,.T.);
#2300=FACE_BOUND('',#2127,.T.);
#2301=FACE_BOUND('',#2128,.T.);
#2302=FACE_BOUND('',#2129,.T.);
#2303=FACE_BOUND('',#2130,.T.);
#2304=FACE_BOUND('',#2131,.T.);
#2305=FACE_BOUND('',#2132,.T.);
#2306=FACE_BOUND('',#2133,.T.);
#2307=FACE_BOUND('',#2134,.T.);
#2308=FACE_BOUND('',#2135,.T.);
#2309=FACE_BOUND('',#2136,.T.);
#2310=FACE_BOUND('',#2137,.T.);
#2311=FACE_BOUND('',#2138,.T.);
#2312=FACE_BOUND('',#2139,.T.);
#2313=FACE_BOUND('',#2140,.T.);
#2314=FACE_BOUND('',#2141,.T.);
#2315=FACE_BOUND('',#2142,.T.);
#2316=FACE_BOUND('',#2143,.T.);
#2317=FACE_BOUND('',#2144,.T.);
#2318=FACE_BOUND('',#2145,.T.);
#2319=FACE_BOUND('',#2146,.T.);
#2320=FACE_BOUND('',#2147,.T.);
#2321=FACE_BOUND('',#2148,.T.);
#2322=FACE_BOUND('',#2149,.T.);
#2323=FACE_BOUND('',#2150,.T.);
#2324=FACE_BOUND('',#2151,.T.);
#2325=FACE_BOUND('',#2152,.T.);
#2326=FACE_BOUND('',#2153,.T.);
#2327=FACE_BOUND('',#2154,.T.);
#2328=FACE_BOUND('',#2155,.T.);
#2329=FACE_BOUND('',#2156,.T.);
#2330=FACE_BOUND('',#2157,.T.);
#2331=FACE_BOUND('',#2158,.T.);
#2332=FACE_BOUND('',#2159,.T.);
#2333=FACE_BOUND('',#2160,.T.);
#2334=FACE_BOUND('',#2161,.T.);
#2335=FACE_BOUND('',#2162,.T.);
#2336=FACE_BOUND('',#2163,.T.);
#2337=FACE_BOUND('',#2164,.T.);
#2338=FACE_BOUND('',#2165,.T.);
#2339=FACE_BOUND('',#2166,.T.);
#2340=FACE_BOUND('',#2167,.T.);
#2341=FACE_BOUND('',#2168,.T.);
#2342=FACE_BOUND('',#2169,.T.);
#2343=FACE_BOUND('',#2170,.T.);
#2344=FACE_BOUND('',#2171,.T.);
#2345=FACE_BOUND('',#2172,.T.);
#2346=FACE_BOUND('',#2173,.T.);
#2347=FACE_BOUND('',#2174,.T.);
#2348=FACE_BOUND('',#2175,.T.);
#2349=FACE_BOUND('',#2176,.T.);
#2350=FACE_BOUND('',#2177,.T.);
#2351=FACE_BOUND('',#2178,.T.);
#2352=FACE_BOUND('',#2179,.T.);
#2353=FACE_BOUND('',#2180,.T.);
#2354=FACE_BOUND('',#2181,.T.);
#2355=FACE_BOUND('',#2182,.T.);
#2356=FACE_BOUND('',#2183,.T.);
#2357=FACE_BOUND('',#2184,.T.);
#2358=FACE_BOUND('',#2185,.T.);
#2359=FACE_BOUND('',#2186,.T.);
#2360=FACE_BOUND('',#2187,.T.);
#2361=FACE_BOUND('',#2188,.T.);
#2362=FACE_BOUND('',#2189,.T.);
#2363=FACE_BOUND('',#2190,.T.);
#2364=FACE_BOUND('',#2191,.T.);
#2365=(
BOUNDED_SURFACE()
B_SPLINE_SURFACE(3,2,((#3500,#3501,#3502),(#3503,#3504,#3505),(#3506,#3507,
#3508),(#3509,#3510,#3511)),.UNSPECIFIED.,.F.,.F.,.F.)
B_SPLINE_SURFACE_WITH_KNOTS((4,4),(3,3),(0.00127306306458413,0.00127519587658272),
(0.,0.00433012698052341),.PIECEWISE_BEZIER_KNOTS.)
GEOMETRIC_REPRESENTATION_ITEM()
RATIONAL_B_SPLINE_SURFACE(((1.,0.999419872986222,0.998844770019713),(1.,
0.999419872986222,0.998844770019713),(1.,0.999419872986222,0.998844770019713),
(1.,0.999419872986222,0.998844770019713)))
REPRESENTATION_ITEM('')
SURFACE()
);
#2366=(
BOUNDED_SURFACE()
B_SPLINE_SURFACE(3,2,((#4212,#4213,#4214),(#4215,#4216,#4217),(#4218,#4219,
#4220),(#4221,#4222,#4223),(#4224,#4225,#4226)),.UNSPECIFIED.,.F.,.F.,.F.)
B_SPLINE_SURFACE_WITH_KNOTS((4,1,4),(3,3),(-2.81431778922925E-16,0.000312575131442642,
0.000625150262885565),(0.341081377402057,1.),.UNSPECIFIED.)
GEOMETRIC_REPRESENTATION_ITEM()
RATIONAL_B_SPLINE_SURFACE(((0.868347502412614,0.807007203691162,1.),(0.868347502412614,
0.807007203691162,1.),(0.868347502412614,0.807007203691162,1.),(0.868347502412614,
0.807007203691162,1.),(0.868347502412614,0.807007203691162,1.)))
REPRESENTATION_ITEM('')
SURFACE()
);
#2367=(
BOUNDED_SURFACE()
B_SPLINE_SURFACE(3,2,((#4242,#4243,#4244),(#4245,#4246,#4247),(#4248,#4249,
#4250),(#4251,#4252,#4253),(#4254,#4255,#4256)),.UNSPECIFIED.,.F.,.F.,.F.)
B_SPLINE_SURFACE_WITH_KNOTS((4,1,4),(3,3),(0.,0.000153170922039501,0.000306341844079001),
(0.341081377401763,1.),.UNSPECIFIED.)
GEOMETRIC_REPRESENTATION_ITEM()
RATIONAL_B_SPLINE_SURFACE(((0.868347502412669,0.807007203691076,1.),(0.868347502412669,
0.807007203691076,1.),(0.868347502412669,0.807007203691076,1.),(0.868347502412669,
0.807007203691076,1.),(0.868347502412669,0.807007203691076,1.)))
REPRESENTATION_ITEM('')
SURFACE()
);
#2368=(
BOUNDED_SURFACE()
B_SPLINE_SURFACE(3,2,((#4263,#4264,#4265),(#4266,#4267,#4268),(#4269,#4270,
#4271),(#4272,#4273,#4274),(#4275,#4276,#4277)),.UNSPECIFIED.,.F.,.F.,.F.)
B_SPLINE_SURFACE_WITH_KNOTS((4,1,4),(3,3),(0.,0.00034042876674706,0.00068085753349412),
(0.341081377402275,1.),.UNSPECIFIED.)
GEOMETRIC_REPRESENTATION_ITEM()
RATIONAL_B_SPLINE_SURFACE(((0.868347502412573,0.807007203691226,1.),(0.868347502412573,
0.807007203691226,1.),(0.868347502412573,0.807007203691226,1.),(0.868347502412573,
0.807007203691226,1.),(0.868347502412573,0.807007203691226,1.)))
REPRESENTATION_ITEM('')
SURFACE()
);
#2369=(
BOUNDED_SURFACE()
B_SPLINE_SURFACE(3,2,((#4284,#4285,#4286),(#4287,#4288,#4289),(#4290,#4291,
#4292),(#4293,#4294,#4295),(#4296,#4297,#4298)),.UNSPECIFIED.,.F.,.F.,.F.)
B_SPLINE_SURFACE_WITH_KNOTS((4,1,4),(3,3),(0.,0.000161845577257712,0.000323691154515425),
(0.341081377401853,1.),.UNSPECIFIED.)
GEOMETRIC_REPRESENTATION_ITEM()
RATIONAL_B_SPLINE_SURFACE(((0.868347502412652,0.807007203691103,1.),(0.868347502412652,
0.807007203691103,1.),(0.868347502412651,0.807007203691102,1.),(0.868347502412652,
0.807007203691102,1.),(0.868347502412652,0.807007203691102,1.)))
REPRESENTATION_ITEM('')
SURFACE()
);
#2370=(
BOUNDED_SURFACE()
B_SPLINE_SURFACE(3,2,((#4305,#4306,#4307),(#4308,#4309,#4310),(#4311,#4312,
#4313),(#4314,#4315,#4316),(#4317,#4318,#4319)),.UNSPECIFIED.,.F.,.F.,.F.)
B_SPLINE_SURFACE_WITH_KNOTS((4,1,4),(3,3),(0.,0.00016362217003541,0.000327244340070819),
(0.341081377402093,1.),.UNSPECIFIED.)
GEOMETRIC_REPRESENTATION_ITEM()
RATIONAL_B_SPLINE_SURFACE(((0.868347502412607,0.807007203691172,1.),(0.868347502412607,
0.807007203691172,1.),(0.868347502412607,0.807007203691172,1.),(0.868347502412607,
0.807007203691172,1.),(0.868347502412607,0.807007203691172,1.)))
REPRESENTATION_ITEM('')
SURFACE()
);
#2371=(
BOUNDED_SURFACE()
B_SPLINE_SURFACE(3,2,((#4326,#4327,#4328),(#4329,#4330,#4331),(#4332,#4333,
#4334),(#4335,#4336,#4337),(#4338,#4339,#4340)),.UNSPECIFIED.,.F.,.F.,.F.)
B_SPLINE_SURFACE_WITH_KNOTS((4,1,4),(3,3),(-3.88307008075683E-16,0.000336468647219651,
0.000672937294439691),(0.341081377401949,1.),.UNSPECIFIED.)
GEOMETRIC_REPRESENTATION_ITEM()
RATIONAL_B_SPLINE_SURFACE(((0.868347502412634,0.80700720369113,1.),(0.868347502412634,
0.80700720369113,1.),(0.868347502412634,0.80700720369113,1.),(0.868347502412634,
0.807007203691131,1.),(0.868347502412634,0.807007203691131,1.)))
REPRESENTATION_ITEM('')
SURFACE()
);
#2372=(
BOUNDED_SURFACE()
B_SPLINE_SURFACE(3,2,((#4347,#4348,#4349),(#4350,#4351,#4352),(#4353,#4354,
#4355),(#4356,#4357,#4358),(#4359,#4360,#4361)),.UNSPECIFIED.,.F.,.F.,.F.)
B_SPLINE_SURFACE_WITH_KNOTS((4,1,4),(3,3),(-8.67361737988404E-19,0.000157398985665056,
0.000314797971330112),(0.341081377401915,1.),.UNSPECIFIED.)
GEOMETRIC_REPRESENTATION_ITEM()
RATIONAL_B_SPLINE_SURFACE(((0.86834750241264,0.80700720369112,1.),(0.86834750241264,
0.80700720369112,1.),(0.86834750241264,0.80700720369112,1.),(0.86834750241264,
0.80700720369112,1.),(0.86834750241264,0.80700720369112,1.)))
REPRESENTATION_ITEM('')
SURFACE()
);
#2373=(
BOUNDED_SURFACE()
B_SPLINE_SURFACE(3,2,((#4375,#4376,#4377),(#4378,#4379,#4380),(#4381,#4382,
#4383),(#4384,#4385,#4386),(#4387,#4388,#4389)),.UNSPECIFIED.,.F.,.F.,.F.)
B_SPLINE_SURFACE_WITH_KNOTS((4,1,4),(3,3),(-1.89599854913403E-16,0.000327343063975946,
0.000654686127952082),(0.341081377401937,1.),.UNSPECIFIED.)
GEOMETRIC_REPRESENTATION_ITEM()
RATIONAL_B_SPLINE_SURFACE(((0.868347502412636,0.807007203691127,1.),(0.868347502412636,
0.807007203691127,1.),(0.868347502412636,0.807007203691127,1.),(0.868347502412636,
0.807007203691127,1.),(0.868347502412636,0.807007203691127,1.)))
REPRESENTATION_ITEM('')
SURFACE()
);
#2374=(
BOUNDED_SURFACE()
B_SPLINE_SURFACE(3,2,((#4394,#4395,#4396),(#4397,#4398,#4399),(#4400,#4401,
#4402),(#4403,#4404,#4405),(#4406,#4407,#4408)),.UNSPECIFIED.,.F.,.F.,.F.)
B_SPLINE_SURFACE_WITH_KNOTS((4,1,4),(3,3),(-2.58202747377423E-16,0.000758134750706954,
0.00151626950141417),(0.341081377401456,1.),.UNSPECIFIED.)
GEOMETRIC_REPRESENTATION_ITEM()
RATIONAL_B_SPLINE_SURFACE(((0.868347502412726,0.807007203690986,1.),(0.868347502412726,
0.807007203690986,1.),(0.868347502412726,0.807007203690986,1.),(0.868347502412726,
0.807007203690986,1.),(0.868347502412726,0.807007203690986,1.)))
REPRESENTATION_ITEM('')
SURFACE()
);
#2375=(
BOUNDED_SURFACE()
B_SPLINE_SURFACE(3,2,((#4420,#4421,#4422),(#4423,#4424,#4425),(#4426,#4427,
#4428),(#4429,#4430,#4431)),.UNSPECIFIED.,.F.,.F.,.F.)
B_SPLINE_SURFACE_WITH_KNOTS((4,4),(3,3),(0.,0.00135237416128579),(0.341081377401957,
1.),.PIECEWISE_BEZIER_KNOTS.)
GEOMETRIC_REPRESENTATION_ITEM()
RATIONAL_B_SPLINE_SURFACE(((0.868347502412632,0.807007203691133,1.),(0.868347502412632,
0.807007203691133,1.),(0.868347502412632,0.807007203691133,1.),(0.868347502412632,
0.807007203691133,1.)))
REPRESENTATION_ITEM('')
SURFACE()
);
#2376=(
BOUNDED_SURFACE()
B_SPLINE_SURFACE(3,2,((#4438,#4439,#4440),(#4441,#4442,#4443),(#4444,#4445,
#4446),(#4447,#4448,#4449)),.UNSPECIFIED.,.F.,.F.,.F.)
B_SPLINE_SURFACE_WITH_KNOTS((4,4),(3,3),(-1.66804504236895E-16,0.00154881181940278),
(0.341081377401922,1.),.PIECEWISE_BEZIER_KNOTS.)
GEOMETRIC_REPRESENTATION_ITEM()
RATIONAL_B_SPLINE_SURFACE(((0.868347502412639,0.807007203691122,1.),(0.868347502412639,
0.807007203691122,1.),(0.868347502412639,0.807007203691122,1.),(0.868347502412639,
0.807007203691122,1.)))
REPRESENTATION_ITEM('')
SURFACE()
);
#2377=(
BOUNDED_SURFACE()
B_SPLINE_SURFACE(3,2,((#4456,#4457,#4458),(#4459,#4460,#4461),(#4462,#4463,
#4464),(#4465,#4466,#4467)),.UNSPECIFIED.,.F.,.F.,.F.)
B_SPLINE_SURFACE_WITH_KNOTS((4,4),(3,3),(0.,0.00136445337066821),(0.341081377402165,
1.),.PIECEWISE_BEZIER_KNOTS.)
GEOMETRIC_REPRESENTATION_ITEM()
RATIONAL_B_SPLINE_SURFACE(((0.868347502412594,0.807007203691194,1.),(0.868347502412594,
0.807007203691194,1.),(0.868347502412594,0.807007203691194,1.),(0.868347502412594,
0.807007203691194,1.)))
REPRESENTATION_ITEM('')
SURFACE()
);
#2378=(
BOUNDED_SURFACE()
B_SPLINE_SURFACE(3,2,((#4474,#4475,#4476),(#4477,#4478,#4479),(#4480,#4481,
#4482),(#4483,#4484,#4485)),.UNSPECIFIED.,.F.,.F.,.F.)
B_SPLINE_SURFACE_WITH_KNOTS((4,4),(3,3),(-4.34765071166687E-17,0.00135428775976424),
(0.341081377401905,1.),.PIECEWISE_BEZIER_KNOTS.)
GEOMETRIC_REPRESENTATION_ITEM()
RATIONAL_B_SPLINE_SURFACE(((0.868347502412642,0.807007203691117,1.),(0.868347502412642,
0.807007203691117,1.),(0.868347502412642,0.807007203691117,1.),(0.868347502412642,
0.807007203691117,1.)))
REPRESENTATION_ITEM('')
SURFACE()
);
#2379=(
BOUNDED_SURFACE()
B_SPLINE_SURFACE(3,2,((#4492,#4493,#4494),(#4495,#4496,#4497),(#4498,#4499,
#4500),(#4501,#4502,#4503)),.UNSPECIFIED.,.F.,.F.,.F.)
B_SPLINE_SURFACE_WITH_KNOTS((4,4),(3,3),(-5.59990422088763E-17,0.00154036797795232),
(0.341081377401982,1.),.PIECEWISE_BEZIER_KNOTS.)
GEOMETRIC_REPRESENTATION_ITEM()
RATIONAL_B_SPLINE_SURFACE(((0.868347502412628,0.80700720369114,1.),(0.868347502412628,
0.80700720369114,1.),(0.868347502412627,0.80700720369114,1.),(0.868347502412627,
0.80700720369114,1.)))
REPRESENTATION_ITEM('')
SURFACE()
);
#2380=(
BOUNDED_SURFACE()
B_SPLINE_SURFACE(3,2,((#4510,#4511,#4512),(#4513,#4514,#4515),(#4516,#4517,
#4518),(#4519,#4520,#4521)),.UNSPECIFIED.,.F.,.F.,.F.)
B_SPLINE_SURFACE_WITH_KNOTS((4,4),(3,3),(0.,0.00135091134126032),(0.341081377401875,
1.),.PIECEWISE_BEZIER_KNOTS.)
GEOMETRIC_REPRESENTATION_ITEM()
RATIONAL_B_SPLINE_SURFACE(((0.868347502412648,0.807007203691109,1.),(0.868347502412648,
0.807007203691109,1.),(0.868347502412648,0.807007203691109,1.),(0.868347502412648,
0.807007203691109,1.)))
REPRESENTATION_ITEM('')
SURFACE()
);
#2381=(
BOUNDED_SURFACE()
B_SPLINE_SURFACE(3,2,((#4532,#4533,#4534),(#4535,#4536,#4537),(#4538,#4539,
#4540),(#4541,#4542,#4543)),.UNSPECIFIED.,.F.,.F.,.F.)
B_SPLINE_SURFACE_WITH_KNOTS((4,4),(3,3),(-9.10729824887824E-17,0.00150428653066727),
(0.34108137740189,1.),.PIECEWISE_BEZIER_KNOTS.)
GEOMETRIC_REPRESENTATION_ITEM()
RATIONAL_B_SPLINE_SURFACE(((0.868347502412645,0.807007203691113,1.),(0.868347502412645,
0.807007203691113,1.),(0.868347502412645,0.807007203691113,1.),(0.868347502412645,
0.807007203691113,1.)))
REPRESENTATION_ITEM('')
SURFACE()
);
#2382=(
BOUNDED_SURFACE()
B_SPLINE_SURFACE(3,2,((#4548,#4549,#4550),(#4551,#4552,#4553),(#4554,#4555,
#4556),(#4557,#4558,#4559)),.UNSPECIFIED.,.F.,.F.,.F.)
B_SPLINE_SURFACE_WITH_KNOTS((4,4),(3,3),(-2.61889034763874E-16,0.000524718746979025),
(0.341081377401936,1.),.PIECEWISE_BEZIER_KNOTS.)
GEOMETRIC_REPRESENTATION_ITEM()
RATIONAL_B_SPLINE_SURFACE(((0.868347502412636,0.807007203691126,1.),(0.868347502412636,
0.807007203691126,1.),(0.868347502412636,0.807007203691126,1.),(0.868347502412636,
0.807007203691126,1.)))
REPRESENTATION_ITEM('')
SURFACE()
);
#2383=(
BOUNDED_SURFACE()
B_SPLINE_SURFACE(3,2,((#4568,#4569,#4570),(#4571,#4572,#4573),(#4574,#4575,
#4576),(#4577,#4578,#4579)),.UNSPECIFIED.,.F.,.F.,.F.)
B_SPLINE_SURFACE_WITH_KNOTS((4,4),(3,3),(0.,0.000521698977785991),(0.341081377401608,
1.),.PIECEWISE_BEZIER_KNOTS.)
GEOMETRIC_REPRESENTATION_ITEM()
RATIONAL_B_SPLINE_SURFACE(((0.868347502412697,0.807007203691031,1.),(0.868347502412697,
0.807007203691031,1.),(0.868347502412697,0.807007203691031,1.),(0.868347502412697,
0.807007203691031,1.)))
REPRESENTATION_ITEM('')
SURFACE()
);
#2384=(
BOUNDED_SURFACE()
B_SPLINE_SURFACE(3,2,((#4586,#4587,#4588),(#4589,#4590,#4591),(#4592,#4593,
#4594),(#4595,#4596,#4597)),.UNSPECIFIED.,.F.,.F.,.F.)
B_SPLINE_SURFACE_WITH_KNOTS((4,4),(3,3),(-1.35525271560688E-19,0.000519740556046459),
(0.341081377401967,1.),.PIECEWISE_BEZIER_KNOTS.)
GEOMETRIC_REPRESENTATION_ITEM()
RATIONAL_B_SPLINE_SURFACE(((0.868347502412631,0.807007203691136,1.),(0.868347502412631,
0.807007203691136,1.),(0.868347502412631,0.807007203691136,1.),(0.868347502412631,
0.807007203691136,1.)))
REPRESENTATION_ITEM('')
SURFACE()
);
#2385=(
BOUNDED_SURFACE()
B_SPLINE_SURFACE(3,2,((#4604,#4605,#4606),(#4607,#4608,#4609),(#4610,#4611,
#4612),(#4613,#4614,#4615)),.UNSPECIFIED.,.F.,.F.,.F.)
B_SPLINE_SURFACE_WITH_KNOTS((4,4),(3,3),(0.,0.000519217497100595),(0.341081377401789,
1.),.PIECEWISE_BEZIER_KNOTS.)
GEOMETRIC_REPRESENTATION_ITEM()
RATIONAL_B_SPLINE_SURFACE(((0.868347502412664,0.807007203691084,1.),(0.868347502412664,
0.807007203691084,1.),(0.868347502412664,0.807007203691084,1.),(0.868347502412664,
0.807007203691084,1.)))
REPRESENTATION_ITEM('')
SURFACE()
);
#2386=(
BOUNDED_SURFACE()
B_SPLINE_SURFACE(3,2,((#4622,#4623,#4624),(#4625,#4626,#4627),(#4628,#4629,
#4630),(#4631,#4632,#4633)),.UNSPECIFIED.,.F.,.F.,.F.)
B_SPLINE_SURFACE_WITH_KNOTS((4,4),(3,3),(0.,0.000516549682478631),(0.341081377401792,
1.),.PIECEWISE_BEZIER_KNOTS.)
GEOMETRIC_REPRESENTATION_ITEM()
RATIONAL_B_SPLINE_SURFACE(((0.868347502412663,0.807007203691084,1.),(0.868347502412663,
0.807007203691084,1.),(0.868347502412663,0.807007203691084,1.),(0.868347502412663,
0.807007203691084,1.)))
REPRESENTATION_ITEM('')
SURFACE()
);
#2387=(
BOUNDED_SURFACE()
B_SPLINE_SURFACE(3,2,((#4640,#4641,#4642),(#4643,#4644,#4645),(#4646,#4647,
#4648),(#4649,#4650,#4651)),.UNSPECIFIED.,.F.,.F.,.F.)
B_SPLINE_SURFACE_WITH_KNOTS((4,4),(3,3),(0.,0.000517167589722228),(0.341081377401955,
1.),.PIECEWISE_BEZIER_KNOTS.)
GEOMETRIC_REPRESENTATION_ITEM()
RATIONAL_B_SPLINE_SURFACE(((0.868347502412633,0.807007203691132,1.),(0.868347502412633,
0.807007203691132,1.),(0.868347502412633,0.807007203691132,1.),(0.868347502412633,
0.807007203691132,1.)))
REPRESENTATION_ITEM('')
SURFACE()
);
#2388=(
BOUNDED_SURFACE()
B_SPLINE_SURFACE(3,2,((#4658,#4659,#4660),(#4661,#4662,#4663),(#4664,#4665,
#4666),(#4667,#4668,#4669)),.UNSPECIFIED.,.F.,.F.,.F.)
B_SPLINE_SURFACE_WITH_KNOTS((4,4),(3,3),(-5.52672057424486E-17,0.00052467568146742),
(0.341081377401717,1.),.PIECEWISE_BEZIER_KNOTS.)
GEOMETRIC_REPRESENTATION_ITEM()
RATIONAL_B_SPLINE_SURFACE(((0.868347502412677,0.807007203691062,1.),(0.868347502412677,
0.807007203691062,1.),(0.868347502412677,0.807007203691062,1.),(0.868347502412677,
0.807007203691062,1.)))
REPRESENTATION_ITEM('')
SURFACE()
);
#2389=(
BOUNDED_SURFACE()
B_SPLINE_SURFACE(3,2,((#4676,#4677,#4678),(#4679,#4680,#4681),(#4682,#4683,
#4684),(#4685,#4686,#4687)),.UNSPECIFIED.,.F.,.F.,.F.)
B_SPLINE_SURFACE_WITH_KNOTS((4,4),(3,3),(0.,0.000520561514776901),(0.341081377402054,
1.),.PIECEWISE_BEZIER_KNOTS.)
GEOMETRIC_REPRESENTATION_ITEM()
RATIONAL_B_SPLINE_SURFACE(((0.868347502412614,0.807007203691161,1.),(0.868347502412614,
0.807007203691161,1.),(0.868347502412614,0.807007203691161,1.),(0.868347502412614,
0.807007203691161,1.)))
REPRESENTATION_ITEM('')
SURFACE()
);
#2390=(
BOUNDED_SURFACE()
B_SPLINE_SURFACE(3,2,((#4704,#4705,#4706),(#4707,#4708,#4709),(#4710,#4711,
#4712),(#4713,#4714,#4715),(#4716,#4717,#4718)),.UNSPECIFIED.,.F.,.F.,.F.)
B_SPLINE_SURFACE_WITH_KNOTS((4,1,4),(3,3),(0.,0.000521018805519238,0.00104203761103848),
(0.,0.658918622597864),.UNSPECIFIED.)
GEOMETRIC_REPRESENTATION_ITEM()
RATIONAL_B_SPLINE_SURFACE(((1.,0.807007203691185,0.868347502412599),(1.,
0.807007203691185,0.868347502412599),(1.,0.807007203691185,0.868347502412599),
(1.,0.807007203691185,0.868347502412599),(1.,0.807007203691185,0.868347502412599)))
REPRESENTATION_ITEM('')
SURFACE()
);
#2391=(
BOUNDED_SURFACE()
B_SPLINE_SURFACE(3,2,((#4725,#4726,#4727),(#4728,#4729,#4730),(#4731,#4732,
#4733),(#4734,#4735,#4736),(#4737,#4738,#4739)),.UNSPECIFIED.,.F.,.F.,.F.)
B_SPLINE_SURFACE_WITH_KNOTS((4,1,4),(3,3),(0.,0.000304959987344268,0.000609919974688536),
(0.341081377401868,1.),.UNSPECIFIED.)
GEOMETRIC_REPRESENTATION_ITEM()
RATIONAL_B_SPLINE_SURFACE(((0.868347502412649,0.807007203691106,1.),(0.868347502412649,
0.807007203691106,1.),(0.868347502412649,0.807007203691107,1.),(0.868347502412649,
0.807007203691107,1.),(0.868347502412649,0.807007203691107,1.)))
REPRESENTATION_ITEM('')
SURFACE()
);
#2392=(
BOUNDED_SURFACE()
B_SPLINE_SURFACE(3,2,((#4746,#4747,#4748),(#4749,#4750,#4751),(#4752,#4753,
#4754),(#4755,#4756,#4757)),.UNSPECIFIED.,.F.,.F.,.F.)
B_SPLINE_SURFACE_WITH_KNOTS((4,4),(3,3),(-1.92201940127368E-16,0.000838743247406538),
(0.341081377401683,1.),.PIECEWISE_BEZIER_KNOTS.)
GEOMETRIC_REPRESENTATION_ITEM()
RATIONAL_B_SPLINE_SURFACE(((0.868347502412683,0.807007203691052,1.),(0.868347502412683,
0.807007203691052,1.),(0.868347502412683,0.807007203691052,1.),(0.868347502412683,
0.807007203691052,1.)))
REPRESENTATION_ITEM('')
SURFACE()
);
#2393=(
BOUNDED_SURFACE()
B_SPLINE_SURFACE(3,2,((#4764,#4765,#4766),(#4767,#4768,#4769),(#4770,#4771,
#4772),(#4773,#4774,#4775)),.UNSPECIFIED.,.F.,.F.,.F.)
B_SPLINE_SURFACE_WITH_KNOTS((4,4),(3,3),(-2.98155597433514E-18,0.00032843946071249),
(0.341081377401852,1.),.PIECEWISE_BEZIER_KNOTS.)
GEOMETRIC_REPRESENTATION_ITEM()
RATIONAL_B_SPLINE_SURFACE(((0.868347502412652,0.807007203691102,1.),(0.868347502412652,
0.807007203691102,1.),(0.868347502412652,0.807007203691102,1.),(0.868347502412652,
0.807007203691102,1.)))
REPRESENTATION_ITEM('')
SURFACE()
);
#2394=(
BOUNDED_SURFACE()
B_SPLINE_SURFACE(3,2,((#4782,#4783,#4784),(#4785,#4786,#4787),(#4788,#4789,
#4790),(#4791,#4792,#4793)),.UNSPECIFIED.,.F.,.F.,.F.)
B_SPLINE_SURFACE_WITH_KNOTS((4,4),(3,3),(-2.77826806699411E-17,0.0008860589385868),
(0.341081377401787,1.),.PIECEWISE_BEZIER_KNOTS.)
GEOMETRIC_REPRESENTATION_ITEM()
RATIONAL_B_SPLINE_SURFACE(((0.868347502412664,0.807007203691083,1.),(0.868347502412664,
0.807007203691083,1.),(0.868347502412664,0.807007203691083,1.),(0.868347502412664,
0.807007203691083,1.)))
REPRESENTATION_ITEM('')
SURFACE()
);
#2395=(
BOUNDED_SURFACE()
B_SPLINE_SURFACE(3,2,((#4800,#4801,#4802),(#4803,#4804,#4805),(#4806,#4807,
#4808),(#4809,#4810,#4811),(#4812,#4813,#4814)),.UNSPECIFIED.,.F.,.F.,.F.)
B_SPLINE_SURFACE_WITH_KNOTS((4,1,4),(3,3),(-4.03323208164608E-17,0.000139507493160185,
0.00027901498632041),(0.341081377401937,1.),.UNSPECIFIED.)
GEOMETRIC_REPRESENTATION_ITEM()
RATIONAL_B_SPLINE_SURFACE(((0.868347502412636,0.807007203691127,1.),(0.868347502412636,
0.807007203691127,1.),(0.868347502412636,0.807007203691127,1.),(0.868347502412636,
0.807007203691127,1.),(0.868347502412636,0.807007203691127,1.)))
REPRESENTATION_ITEM('')
SURFACE()
);
#2396=(
BOUNDED_SURFACE()
B_SPLINE_SURFACE(3,2,((#4821,#4822,#4823),(#4824,#4825,#4826),(#4827,#4828,
#4829),(#4830,#4831,#4832)),.UNSPECIFIED.,.F.,.F.,.F.)
B_SPLINE_SURFACE_WITH_KNOTS((4,4),(3,3),(0.,0.00121226523583187),(0.341081377401905,
1.),.PIECEWISE_BEZIER_KNOTS.)
GEOMETRIC_REPRESENTATION_ITEM()
RATIONAL_B_SPLINE_SURFACE(((0.868347502412642,0.807007203691118,1.),(0.868347502412642,
0.807007203691118,1.),(0.868347502412642,0.807007203691118,1.),(0.868347502412642,
0.807007203691118,1.)))
REPRESENTATION_ITEM('')
SURFACE()
);
#2397=(
BOUNDED_SURFACE()
B_SPLINE_SURFACE(3,2,((#4839,#4840,#4841),(#4842,#4843,#4844),(#4845,#4846,
#4847),(#4848,#4849,#4850)),.UNSPECIFIED.,.F.,.F.,.F.)
B_SPLINE_SURFACE_WITH_KNOTS((4,4),(3,3),(0.,0.000328025008831405),(0.341081377401916,
1.),.PIECEWISE_BEZIER_KNOTS.)
GEOMETRIC_REPRESENTATION_ITEM()
RATIONAL_B_SPLINE_SURFACE(((0.86834750241264,0.807007203691121,1.),(0.86834750241264,
0.807007203691121,1.),(0.86834750241264,0.807007203691121,1.),(0.86834750241264,
0.807007203691121,1.)))
REPRESENTATION_ITEM('')
SURFACE()
);
#2398=(
BOUNDED_SURFACE()
B_SPLINE_SURFACE(3,2,((#4857,#4858,#4859),(#4860,#4861,#4862),(#4863,#4864,
#4865),(#4866,#4867,#4868)),.UNSPECIFIED.,.F.,.F.,.F.)
B_SPLINE_SURFACE_WITH_KNOTS((4,4),(3,3),(-5.74627151417317E-18,0.00114299164125876),
(0.341081377401764,1.),.PIECEWISE_BEZIER_KNOTS.)
GEOMETRIC_REPRESENTATION_ITEM()
RATIONAL_B_SPLINE_SURFACE(((0.868347502412668,0.807007203691076,1.),(0.868347502412668,
0.807007203691076,1.),(0.868347502412668,0.807007203691076,1.),(0.868347502412668,
0.807007203691076,1.)))
REPRESENTATION_ITEM('')
SURFACE()
);
#2399=(
BOUNDED_SURFACE()
B_SPLINE_SURFACE(3,2,((#4875,#4876,#4877),(#4878,#4879,#4880),(#4881,#4882,
#4883),(#4884,#4885,#4886)),.UNSPECIFIED.,.F.,.F.,.F.)
B_SPLINE_SURFACE_WITH_KNOTS((4,4),(3,3),(-9.46508496579845E-17,0.000350100571827714),
(0.341081377402041,1.),.PIECEWISE_BEZIER_KNOTS.)
GEOMETRIC_REPRESENTATION_ITEM()
RATIONAL_B_SPLINE_SURFACE(((0.868347502412617,0.807007203691158,1.),(0.868347502412617,
0.807007203691158,1.),(0.868347502412617,0.807007203691158,1.),(0.868347502412617,
0.807007203691158,1.)))
REPRESENTATION_ITEM('')
SURFACE()
);
#2400=(
BOUNDED_SURFACE()
B_SPLINE_SURFACE(3,2,((#4893,#4894,#4895),(#4896,#4897,#4898),(#4899,#4900,
#4901),(#4902,#4903,#4904)),.UNSPECIFIED.,.F.,.F.,.F.)
B_SPLINE_SURFACE_WITH_KNOTS((4,4),(3,3),(0.,0.000753361182424027),(0.34108137740176,
1.),.PIECEWISE_BEZIER_KNOTS.)
GEOMETRIC_REPRESENTATION_ITEM()
RATIONAL_B_SPLINE_SURFACE(((0.868347502412669,0.807007203691075,1.),(0.868347502412669,
0.807007203691075,1.),(0.868347502412669,0.807007203691075,1.),(0.868347502412669,
0.807007203691075,1.)))
REPRESENTATION_ITEM('')
SURFACE()
);
#2401=(
BOUNDED_SURFACE()
B_SPLINE_SURFACE(3,2,((#4911,#4912,#4913),(#4914,#4915,#4916),(#4917,#4918,
#4919),(#4920,#4921,#4922)),.UNSPECIFIED.,.F.,.F.,.F.)
B_SPLINE_SURFACE_WITH_KNOTS((4,4),(3,3),(0.,0.000637325708771057),(0.,0.658918622598021),
 .PIECEWISE_BEZIER_KNOTS.)
GEOMETRIC_REPRESENTATION_ITEM()
RATIONAL_B_SPLINE_SURFACE(((1.,0.807007203691139,0.868347502412628),(1.,
0.807007203691139,0.868347502412628),(1.,0.807007203691139,0.868347502412628),
(1.,0.807007203691139,0.868347502412628)))
REPRESENTATION_ITEM('')
SURFACE()
);
#2402=(
BOUNDED_SURFACE()
B_SPLINE_SURFACE(3,2,((#4932,#4933,#4934),(#4935,#4936,#4937),(#4938,#4939,
#4940),(#4941,#4942,#4943)),.UNSPECIFIED.,.F.,.F.,.F.)
B_SPLINE_SURFACE_WITH_KNOTS((4,4),(3,3),(0.,0.000998292649683936),(0.341081377401767,
1.),.PIECEWISE_BEZIER_KNOTS.)
GEOMETRIC_REPRESENTATION_ITEM()
RATIONAL_B_SPLINE_SURFACE(((0.868347502412668,0.807007203691077,1.),(0.868347502412668,
0.807007203691077,1.),(0.868347502412668,0.807007203691077,1.),(0.868347502412668,
0.807007203691077,1.)))
REPRESENTATION_ITEM('')
SURFACE()
);
#2403=(
BOUNDED_SURFACE()
B_SPLINE_SURFACE(3,2,((#5018,#5019,#5020),(#5021,#5022,#5023),(#5024,#5025,
#5026),(#5027,#5028,#5029),(#5030,#5031,#5032),(#5033,#5034,#5035),(#5036,
#5037,#5038),(#5039,#5040,#5041),(#5042,#5043,#5044),(#5045,#5046,#5047),
(#5048,#5049,#5050)),.UNSPECIFIED.,.F.,.F.,.F.)
B_SPLINE_SURFACE_WITH_KNOTS((4,1,1,1,1,1,1,1,4),(3,3),(-2.55221191403088E-16,
0.0025558989816767,0.00511179796335366,0.00766769694503062,0.0102235959267076,
0.0127794949083845,0.0153353938900615,0.0178912928717385,0.0204471918534154),
(0.,1.),.UNSPECIFIED.)
GEOMETRIC_REPRESENTATION_ITEM()
RATIONAL_B_SPLINE_SURFACE(((1.,0.707106781186549,1.),(1.,0.707106781186549,
1.),(1.,0.707106781186549,1.),(1.,0.707106781186547,1.),(1.,0.707106781186548,
1.),(1.,0.707106781186547,1.),(1.,0.707106781186548,1.),(1.,0.707106781186548,
1.),(1.,0.707106781186545,1.),(1.,0.707106781186549,1.),(1.,0.707106781186549,
1.)))
REPRESENTATION_ITEM('')
SURFACE()
);
#2404=(
BOUNDED_SURFACE()
B_SPLINE_SURFACE(3,2,((#5094,#5095,#5096),(#5097,#5098,#5099),(#5100,#5101,
#5102),(#5103,#5104,#5105),(#5106,#5107,#5108),(#5109,#5110,#5111),(#5112,
#5113,#5114),(#5115,#5116,#5117),(#5118,#5119,#5120),(#5121,#5122,#5123),
(#5124,#5125,#5126)),.UNSPECIFIED.,.F.,.F.,.F.)
B_SPLINE_SURFACE_WITH_KNOTS((4,1,1,1,1,1,1,1,4),(3,3),(-2.55221191403088E-16,
0.0025558989816767,0.00511179796335366,0.00766769694503061,0.0102235959267076,
0.0127794949083845,0.0153353938900615,0.0178912928717384,0.0204471918534154),
(0.,1.),.UNSPECIFIED.)
GEOMETRIC_REPRESENTATION_ITEM()
RATIONAL_B_SPLINE_SURFACE(((1.,0.707106781186647,1.),(1.,0.707106781186647,
1.),(1.,0.707106781186501,1.),(1.,0.70710678118656,1.),(1.,0.707106781186544,
1.),(1.,0.707106781186549,1.),(1.,0.707106781186544,1.),(1.,0.70710678118656,
1.),(1.,0.707106781186501,1.),(1.,0.707106781186647,1.),(1.,0.707106781186647,
1.)))
REPRESENTATION_ITEM('')
SURFACE()
);
#2405=(
BOUNDED_SURFACE()
B_SPLINE_SURFACE(3,2,((#5127,#5128,#5129),(#5130,#5131,#5132),(#5133,#5134,
#5135),(#5136,#5137,#5138)),.UNSPECIFIED.,.F.,.F.,.F.)
B_SPLINE_SURFACE_WITH_KNOTS((4,4),(3,3),(-4.95263552391378E-16,0.000238488276513517),
(0.,1.),.PIECEWISE_BEZIER_KNOTS.)
GEOMETRIC_REPRESENTATION_ITEM()
RATIONAL_B_SPLINE_SURFACE(((1.,0.866025403784423,1.),(1.,0.866025403784423,
1.),(1.,0.866025403784423,1.),(1.,0.866025403784423,1.)))
REPRESENTATION_ITEM('')
SURFACE()
);
#2406=(
BOUNDED_SURFACE()
B_SPLINE_SURFACE(3,2,((#5141,#5142,#5143),(#5144,#5145,#5146),(#5147,#5148,
#5149),(#5150,#5151,#5152)),.UNSPECIFIED.,.F.,.F.,.F.)
B_SPLINE_SURFACE_WITH_KNOTS((4,4),(3,3),(7.405100838076E-17,0.000233116330177526),
(0.,1.),.PIECEWISE_BEZIER_KNOTS.)
GEOMETRIC_REPRESENTATION_ITEM()
RATIONAL_B_SPLINE_SURFACE(((1.,0.866025403784351,1.),(1.,0.866025403784351,
1.),(1.,0.866025403784423,1.),(1.,0.866025403784423,1.)))
REPRESENTATION_ITEM('')
SURFACE()
);
#2407=(
BOUNDED_SURFACE()
B_SPLINE_SURFACE(3,2,((#5154,#5155,#5156),(#5157,#5158,#5159),(#5160,#5161,
#5162),(#5163,#5164,#5165)),.UNSPECIFIED.,.F.,.F.,.F.)
B_SPLINE_SURFACE_WITH_KNOTS((4,4),(3,3),(-2.42861286636753E-17,0.000258675482831467),
(0.,1.),.PIECEWISE_BEZIER_KNOTS.)
GEOMETRIC_REPRESENTATION_ITEM()
RATIONAL_B_SPLINE_SURFACE(((1.,0.866025403784412,1.),(1.,0.866025403784412,
1.),(1.,0.866025403784507,1.),(1.,0.866025403784507,1.)))
REPRESENTATION_ITEM('')
SURFACE()
);
#2408=(
BOUNDED_SURFACE()
B_SPLINE_SURFACE(3,2,((#5167,#5168,#5169),(#5170,#5171,#5172),(#5173,#5174,
#5175),(#5176,#5177,#5178)),.UNSPECIFIED.,.F.,.F.,.F.)
B_SPLINE_SURFACE_WITH_KNOTS((4,4),(3,3),(1.0842021724855E-19,0.000260355720590814),
(0.,1.),.PIECEWISE_BEZIER_KNOTS.)
GEOMETRIC_REPRESENTATION_ITEM()
RATIONAL_B_SPLINE_SURFACE(((1.,0.866025403784507,1.),(1.,0.866025403784507,
1.),(1.,0.866025403784358,1.),(1.,0.866025403784358,1.)))
REPRESENTATION_ITEM('')
SURFACE()
);
#2409=(
BOUNDED_SURFACE()
B_SPLINE_SURFACE(3,2,((#5180,#5181,#5182),(#5183,#5184,#5185),(#5186,#5187,
#5188),(#5189,#5190,#5191)),.UNSPECIFIED.,.F.,.F.,.F.)
B_SPLINE_SURFACE_WITH_KNOTS((4,4),(3,3),(5.42101086242752E-20,0.000256684483450914),
(0.,1.),.PIECEWISE_BEZIER_KNOTS.)
GEOMETRIC_REPRESENTATION_ITEM()
RATIONAL_B_SPLINE_SURFACE(((1.,0.866025403784507,1.),(1.,0.866025403784507,
1.),(1.,0.866025403784409,1.),(1.,0.866025403784409,1.)))
REPRESENTATION_ITEM('')
SURFACE()
);
#2410=(
BOUNDED_SURFACE()
B_SPLINE_SURFACE(3,2,((#5193,#5194,#5195),(#5196,#5197,#5198),(#5199,#5200,
#5201),(#5202,#5203,#5204)),.UNSPECIFIED.,.F.,.F.,.F.)
B_SPLINE_SURFACE_WITH_KNOTS((4,4),(3,3),(-1.89355909424593E-16,0.000256224714035597),
(0.,1.),.PIECEWISE_BEZIER_KNOTS.)
GEOMETRIC_REPRESENTATION_ITEM()
RATIONAL_B_SPLINE_SURFACE(((1.,0.866025403784498,1.),(1.,0.866025403784498,
1.),(1.,0.866025403784507,1.),(1.,0.866025403784507,1.)))
REPRESENTATION_ITEM('')
SURFACE()
);
#2411=(
BOUNDED_SURFACE()
B_SPLINE_SURFACE(3,2,((#5206,#5207,#5208),(#5209,#5210,#5211),(#5212,#5213,
#5214),(#5215,#5216,#5217)),.UNSPECIFIED.,.F.,.F.,.F.)
B_SPLINE_SURFACE_WITH_KNOTS((4,4),(3,3),(1.48644117847763E-16,0.000237445914767832),
(0.,1.),.PIECEWISE_BEZIER_KNOTS.)
GEOMETRIC_REPRESENTATION_ITEM()
RATIONAL_B_SPLINE_SURFACE(((1.,0.866025403784417,1.),(1.,0.866025403784417,
1.),(1.,0.866025403784423,1.),(1.,0.866025403784423,1.)))
REPRESENTATION_ITEM('')
SURFACE()
);
#2412=(
BOUNDED_SURFACE()
B_SPLINE_SURFACE(3,2,((#5219,#5220,#5221),(#5222,#5223,#5224),(#5225,#5226,
#5227),(#5228,#5229,#5230)),.UNSPECIFIED.,.F.,.F.,.F.)
B_SPLINE_SURFACE_WITH_KNOTS((4,4),(3,3),(-2.71050543121376E-20,0.000234214892971238),
(0.,1.),.PIECEWISE_BEZIER_KNOTS.)
GEOMETRIC_REPRESENTATION_ITEM()
RATIONAL_B_SPLINE_SURFACE(((1.,0.866025403784423,1.),(1.,0.866025403784423,
1.),(1.,0.866025403784411,1.),(1.,0.866025403784411,1.)))
REPRESENTATION_ITEM('')
SURFACE()
);
#2413=(
BOUNDED_SURFACE()
B_SPLINE_SURFACE(3,2,((#5240,#5241,#5242),(#5243,#5244,#5245),(#5246,#5247,
#5248),(#5249,#5250,#5251),(#5252,#5253,#5254)),.UNSPECIFIED.,.F.,.F.,.F.)
B_SPLINE_SURFACE_WITH_KNOTS((4,1,4),(3,3),(1.40078920685127E-16,0.000341444600449154,
0.000682889200898168),(0.,1.),.UNSPECIFIED.)
GEOMETRIC_REPRESENTATION_ITEM()
RATIONAL_B_SPLINE_SURFACE(((1.,0.866025403784429,1.),(1.,0.866025403784429,
1.),(1.,0.866025403784425,1.),(1.,0.866025403784423,1.),(1.,0.866025403784423,
1.)))
REPRESENTATION_ITEM('')
SURFACE()
);
#2414=(
BOUNDED_SURFACE()
B_SPLINE_SURFACE(3,2,((#5256,#5257,#5258),(#5259,#5260,#5261),(#5262,#5263,
#5264),(#5265,#5266,#5267)),.UNSPECIFIED.,.F.,.F.,.F.)
B_SPLINE_SURFACE_WITH_KNOTS((4,4),(3,3),(-1.67400815431762E-16,0.000678192918954756),
(0.,1.),.PIECEWISE_BEZIER_KNOTS.)
GEOMETRIC_REPRESENTATION_ITEM()
RATIONAL_B_SPLINE_SURFACE(((1.,0.866025403784412,1.),(1.,0.866025403784412,
1.),(1.,0.866025403784423,1.),(1.,0.866025403784423,1.)))
REPRESENTATION_ITEM('')
SURFACE()
);
#2415=(
BOUNDED_SURFACE()
B_SPLINE_SURFACE(3,2,((#5269,#5270,#5271),(#5272,#5273,#5274),(#5275,#5276,
#5277),(#5278,#5279,#5280)),.UNSPECIFIED.,.F.,.F.,.F.)
B_SPLINE_SURFACE_WITH_KNOTS((4,4),(3,3),(-4.51841255383334E-17,0.000641547015985452),
(0.,1.),.PIECEWISE_BEZIER_KNOTS.)
GEOMETRIC_REPRESENTATION_ITEM()
RATIONAL_B_SPLINE_SURFACE(((1.,0.866025403784344,1.),(1.,0.866025403784344,
1.),(1.,0.866025403784428,1.),(1.,0.866025403784428,1.)))
REPRESENTATION_ITEM('')
SURFACE()
);
#2416=(
BOUNDED_SURFACE()
B_SPLINE_SURFACE(3,2,((#5282,#5283,#5284),(#5285,#5286,#5287),(#5288,#5289,
#5290),(#5291,#5292,#5293)),.UNSPECIFIED.,.F.,.F.,.F.)
B_SPLINE_SURFACE_WITH_KNOTS((4,4),(3,3),(-1.27339545158422E-16,0.000628309167833485),
(0.,1.),.PIECEWISE_BEZIER_KNOTS.)
GEOMETRIC_REPRESENTATION_ITEM()
RATIONAL_B_SPLINE_SURFACE(((1.,0.866025403784412,1.),(1.,0.866025403784412,
1.),(1.,0.866025403784507,1.),(1.,0.866025403784507,1.)))
REPRESENTATION_ITEM('')
SURFACE()
);
#2417=(
BOUNDED_SURFACE()
B_SPLINE_SURFACE(3,2,((#5295,#5296,#5297),(#5298,#5299,#5300),(#5301,#5302,
#5303),(#5304,#5305,#5306)),.UNSPECIFIED.,.F.,.F.,.F.)
B_SPLINE_SURFACE_WITH_KNOTS((4,4),(3,3),(1.0842021724855E-19,0.000708973489875956),
(0.,1.),.PIECEWISE_BEZIER_KNOTS.)
GEOMETRIC_REPRESENTATION_ITEM()
RATIONAL_B_SPLINE_SURFACE(((1.,0.866025403784352,1.),(1.,0.866025403784352,
1.),(1.,0.866025403784343,1.),(1.,0.866025403784343,1.)))
REPRESENTATION_ITEM('')
SURFACE()
);
#2418=(
BOUNDED_SURFACE()
B_SPLINE_SURFACE(3,2,((#5308,#5309,#5310),(#5311,#5312,#5313),(#5314,#5315,
#5316),(#5317,#5318,#5319)),.UNSPECIFIED.,.F.,.F.,.F.)
B_SPLINE_SURFACE_WITH_KNOTS((4,4),(3,3),(-1.35525271560688E-19,0.000567195716663151),
(0.,1.),.PIECEWISE_BEZIER_KNOTS.)
GEOMETRIC_REPRESENTATION_ITEM()
RATIONAL_B_SPLINE_SURFACE(((1.,0.866025403784507,1.),(1.,0.866025403784507,
1.),(1.,0.866025403784429,1.),(1.,0.866025403784429,1.)))
REPRESENTATION_ITEM('')
SURFACE()
);
#2419=(
BOUNDED_SURFACE()
B_SPLINE_SURFACE(3,2,((#5321,#5322,#5323),(#5324,#5325,#5326),(#5327,#5328,
#5329),(#5330,#5331,#5332)),.UNSPECIFIED.,.F.,.F.,.F.)
B_SPLINE_SURFACE_WITH_KNOTS((4,4),(3,3),(-7.58941520739853E-19,0.000969336474853518),
(0.,1.),.PIECEWISE_BEZIER_KNOTS.)
GEOMETRIC_REPRESENTATION_ITEM()
RATIONAL_B_SPLINE_SURFACE(((1.,0.866025403784435,1.),(1.,0.866025403784435,
1.),(1.,0.866025403784352,1.),(1.,0.866025403784352,1.)))
REPRESENTATION_ITEM('')
SURFACE()
);
#2420=(
BOUNDED_SURFACE()
B_SPLINE_SURFACE(3,2,((#5334,#5335,#5336),(#5337,#5338,#5339),(#5340,#5341,
#5342),(#5343,#5344,#5345)),.UNSPECIFIED.,.F.,.F.,.F.)
B_SPLINE_SURFACE_WITH_KNOTS((4,4),(3,3),(-4.17959937493162E-17,0.000576701629368433),
(0.,1.),.PIECEWISE_BEZIER_KNOTS.)
GEOMETRIC_REPRESENTATION_ITEM()
RATIONAL_B_SPLINE_SURFACE(((1.,0.866025403784427,1.),(1.,0.866025403784427,
1.),(1.,0.866025403784423,1.),(1.,0.866025403784423,1.)))
REPRESENTATION_ITEM('')
SURFACE()
);
#2421=(
BOUNDED_SURFACE()
B_SPLINE_SURFACE(3,2,((#5347,#5348,#5349),(#5350,#5351,#5352),(#5353,#5354,
#5355),(#5356,#5357,#5358)),.UNSPECIFIED.,.F.,.F.,.F.)
B_SPLINE_SURFACE_WITH_KNOTS((4,4),(3,3),(-1.62630325872826E-19,0.000849595850352288),
(0.,1.),.PIECEWISE_BEZIER_KNOTS.)
GEOMETRIC_REPRESENTATION_ITEM()
RATIONAL_B_SPLINE_SURFACE(((1.,0.866025403784423,1.),(1.,0.866025403784423,
1.),(1.,0.866025403784435,1.),(1.,0.866025403784435,1.)))
REPRESENTATION_ITEM('')
SURFACE()
);
#2422=(
BOUNDED_SURFACE()
B_SPLINE_SURFACE(3,2,((#5360,#5361,#5362),(#5363,#5364,#5365),(#5366,#5367,
#5368),(#5369,#5370,#5371)),.UNSPECIFIED.,.F.,.F.,.F.)
B_SPLINE_SURFACE_WITH_KNOTS((4,4),(3,3),(5.4765762237674E-17,0.000532213258737397),
(0.,1.),.PIECEWISE_BEZIER_KNOTS.)
GEOMETRIC_REPRESENTATION_ITEM()
RATIONAL_B_SPLINE_SURFACE(((1.,0.866025403784423,1.),(1.,0.866025403784423,
1.),(1.,0.86602540378442,1.),(1.,0.86602540378442,1.)))
REPRESENTATION_ITEM('')
SURFACE()
);
#2423=(
BOUNDED_SURFACE()
B_SPLINE_SURFACE(3,2,((#5373,#5374,#5375),(#5376,#5377,#5378),(#5379,#5380,
#5381),(#5382,#5383,#5384)),.UNSPECIFIED.,.F.,.F.,.F.)
B_SPLINE_SURFACE_WITH_KNOTS((4,4),(3,3),(9.21571846612679E-19,0.000589556917463967),
(0.,1.),.PIECEWISE_BEZIER_KNOTS.)
GEOMETRIC_REPRESENTATION_ITEM()
RATIONAL_B_SPLINE_SURFACE(((1.,0.866025403784417,1.),(1.,0.866025403784417,
1.),(1.,0.866025403784423,1.),(1.,0.866025403784423,1.)))
REPRESENTATION_ITEM('')
SURFACE()
);
#2424=(
BOUNDED_SURFACE()
B_SPLINE_SURFACE(3,2,((#5386,#5387,#5388),(#5389,#5390,#5391),(#5392,#5393,
#5394),(#5395,#5396,#5397)),.UNSPECIFIED.,.F.,.F.,.F.)
B_SPLINE_SURFACE_WITH_KNOTS((4,4),(3,3),(-1.45147565841497E-16,0.000710377098612671),
(0.,1.),.PIECEWISE_BEZIER_KNOTS.)
GEOMETRIC_REPRESENTATION_ITEM()
RATIONAL_B_SPLINE_SURFACE(((1.,0.866025403784423,1.),(1.,0.866025403784423,
1.),(1.,0.866025403784425,1.),(1.,0.866025403784425,1.)))
REPRESENTATION_ITEM('')
SURFACE()
);
#2425=(
BOUNDED_SURFACE()
B_SPLINE_SURFACE(3,2,((#5402,#5403,#5404),(#5405,#5406,#5407),(#5408,#5409,
#5410),(#5411,#5412,#5413)),.UNSPECIFIED.,.F.,.F.,.F.)
B_SPLINE_SURFACE_WITH_KNOTS((4,4),(3,3),(-1.02999206386123E-18,0.000898674066911196),
(0.,1.),.PIECEWISE_BEZIER_KNOTS.)
GEOMETRIC_REPRESENTATION_ITEM()
RATIONAL_B_SPLINE_SURFACE(((1.,0.866025403784416,1.),(1.,0.866025403784416,
1.),(1.,0.866025403784432,1.),(1.,0.866025403784432,1.)))
REPRESENTATION_ITEM('')
SURFACE()
);
#2426=(
BOUNDED_SURFACE()
B_SPLINE_SURFACE(3,2,((#5429,#5430,#5431),(#5432,#5433,#5434),(#5435,#5436,
#5437),(#5438,#5439,#5440)),.UNSPECIFIED.,.F.,.F.,.F.)
B_SPLINE_SURFACE_WITH_KNOTS((4,4),(3,3),(-9.11542976517188E-17,0.000812556129996109),
(0.,1.),.PIECEWISE_BEZIER_KNOTS.)
GEOMETRIC_REPRESENTATION_ITEM()
RATIONAL_B_SPLINE_SURFACE(((1.,0.866025403784426,1.),(1.,0.866025403784426,
1.),(1.,0.866025403784422,1.),(1.,0.866025403784422,1.)))
REPRESENTATION_ITEM('')
SURFACE()
);
#2427=(
BOUNDED_SURFACE()
B_SPLINE_SURFACE(3,2,((#5448,#5449,#5450),(#5451,#5452,#5453),(#5454,#5455,
#5456),(#5457,#5458,#5459)),.UNSPECIFIED.,.F.,.F.,.F.)
B_SPLINE_SURFACE_WITH_KNOTS((4,4),(3,3),(-9.2767048383291E-17,0.000658582828030585),
(0.,1.),.PIECEWISE_BEZIER_KNOTS.)
GEOMETRIC_REPRESENTATION_ITEM()
RATIONAL_B_SPLINE_SURFACE(((1.,0.866025403784426,1.),(1.,0.866025403784426,
1.),(1.,0.866025403784352,1.),(1.,0.866025403784352,1.)))
REPRESENTATION_ITEM('')
SURFACE()
);
#2428=(
BOUNDED_SURFACE()
B_SPLINE_SURFACE(3,2,((#5461,#5462,#5463),(#5464,#5465,#5466),(#5467,#5468,
#5469),(#5470,#5471,#5472)),.UNSPECIFIED.,.F.,.F.,.F.)
B_SPLINE_SURFACE_WITH_KNOTS((4,4),(3,3),(-1.95630729497853E-16,0.000855229795583028),
(0.,1.),.PIECEWISE_BEZIER_KNOTS.)
GEOMETRIC_REPRESENTATION_ITEM()
RATIONAL_B_SPLINE_SURFACE(((1.,0.86602540378443,1.),(1.,0.86602540378443,
1.),(1.,0.866025403784423,1.),(1.,0.866025403784423,1.)))
REPRESENTATION_ITEM('')
SURFACE()
);
#2429=(
BOUNDED_SURFACE()
B_SPLINE_SURFACE(3,2,((#5474,#5475,#5476),(#5477,#5478,#5479),(#5480,#5481,
#5482),(#5483,#5484,#5485)),.UNSPECIFIED.,.F.,.F.,.F.)
B_SPLINE_SURFACE_WITH_KNOTS((4,4),(3,3),(4.60785923306339E-19,0.000676453021460373),
(0.,1.),.PIECEWISE_BEZIER_KNOTS.)
GEOMETRIC_REPRESENTATION_ITEM()
RATIONAL_B_SPLINE_SURFACE(((1.,0.866025403784352,1.),(1.,0.866025403784352,
1.),(1.,0.866025403784417,1.),(1.,0.866025403784417,1.)))
REPRESENTATION_ITEM('')
SURFACE()
);
#2430=(
BOUNDED_SURFACE()
B_SPLINE_SURFACE(3,2,((#5487,#5488,#5489),(#5490,#5491,#5492),(#5493,#5494,
#5495),(#5496,#5497,#5498)),.UNSPECIFIED.,.F.,.F.,.F.)
B_SPLINE_SURFACE_WITH_KNOTS((4,4),(3,3),(2.71050543121376E-20,0.000690740170763006),
(0.,1.),.PIECEWISE_BEZIER_KNOTS.)
GEOMETRIC_REPRESENTATION_ITEM()
RATIONAL_B_SPLINE_SURFACE(((1.,0.866025403784352,1.),(1.,0.866025403784352,
1.),(1.,0.86602540378442,1.),(1.,0.86602540378442,1.)))
REPRESENTATION_ITEM('')
SURFACE()
);
#2431=(
BOUNDED_SURFACE()
B_SPLINE_SURFACE(3,2,((#5500,#5501,#5502),(#5503,#5504,#5505),(#5506,#5507,
#5508),(#5509,#5510,#5511)),.UNSPECIFIED.,.F.,.F.,.F.)
B_SPLINE_SURFACE_WITH_KNOTS((4,4),(3,3),(-1.50433051432364E-18,0.000858605385193767),
(0.,1.),.PIECEWISE_BEZIER_KNOTS.)
GEOMETRIC_REPRESENTATION_ITEM()
RATIONAL_B_SPLINE_SURFACE(((1.,0.866025403784419,1.),(1.,0.866025403784419,
1.),(1.,0.866025403784423,1.),(1.,0.866025403784423,1.)))
REPRESENTATION_ITEM('')
SURFACE()
);
#2432=(
BOUNDED_SURFACE()
B_SPLINE_SURFACE(3,2,((#5513,#5514,#5515),(#5516,#5517,#5518),(#5519,#5520,
#5521),(#5522,#5523,#5524)),.UNSPECIFIED.,.F.,.F.,.F.)
B_SPLINE_SURFACE_WITH_KNOTS((4,4),(3,3),(-1.46218215486826E-16,0.000679410878964008),
(0.,1.),.PIECEWISE_BEZIER_KNOTS.)
GEOMETRIC_REPRESENTATION_ITEM()
RATIONAL_B_SPLINE_SURFACE(((1.,0.866025403784439,1.),(1.,0.866025403784439,
1.),(1.,0.866025403784352,1.),(1.,0.866025403784352,1.)))
REPRESENTATION_ITEM('')
SURFACE()
);
#2433=(
BOUNDED_SURFACE()
B_SPLINE_SURFACE(3,2,((#5531,#5532,#5533),(#5534,#5535,#5536),(#5537,#5538,
#5539),(#5540,#5541,#5542)),.UNSPECIFIED.,.F.,.F.,.F.)
B_SPLINE_SURFACE_WITH_KNOTS((4,4),(3,3),(9.58976821563429E-17,0.000830562993155497),
(0.,1.),.PIECEWISE_BEZIER_KNOTS.)
GEOMETRIC_REPRESENTATION_ITEM()
RATIONAL_B_SPLINE_SURFACE(((1.,0.866025403784438,1.),(1.,0.866025403784438,
1.),(1.,0.866025403784422,1.),(1.,0.866025403784423,1.)))
REPRESENTATION_ITEM('')
SURFACE()
);
#2434=(
BOUNDED_SURFACE()
B_SPLINE_SURFACE(3,2,((#5543,#5544,#5545),(#5546,#5547,#5548),(#5549,#5550,
#5551),(#5552,#5553,#5554)),.UNSPECIFIED.,.F.,.F.,.F.)
B_SPLINE_SURFACE_WITH_KNOTS((4,4),(3,3),(-2.59286949549908E-16,0.00128170823511904),
(0.,1.),.PIECEWISE_BEZIER_KNOTS.)
GEOMETRIC_REPRESENTATION_ITEM()
RATIONAL_B_SPLINE_SURFACE(((1.,0.866025403784437,1.),(1.,0.866025403784437,
1.),(1.,0.866025403784423,1.),(1.,0.866025403784423,1.)))
REPRESENTATION_ITEM('')
SURFACE()
);
#2435=(
BOUNDED_SURFACE()
B_SPLINE_SURFACE(3,2,((#5562,#5563,#5564),(#5565,#5566,#5567),(#5568,#5569,
#5570),(#5571,#5572,#5573),(#5574,#5575,#5576)),.UNSPECIFIED.,.F.,.F.,.F.)
B_SPLINE_SURFACE_WITH_KNOTS((4,1,4),(3,3),(7.39967982721357E-17,0.000523638935983512,
0.00104727787196695),(0.,1.),.UNSPECIFIED.)
GEOMETRIC_REPRESENTATION_ITEM()
RATIONAL_B_SPLINE_SURFACE(((1.,0.866025403784428,1.),(1.,0.866025403784428,
1.),(1.,0.866025403779075,1.),(1.,0.866025403784507,1.),(1.,0.866025403784507,
1.)))
REPRESENTATION_ITEM('')
SURFACE()
);
#2436=(
BOUNDED_SURFACE()
B_SPLINE_SURFACE(3,2,((#5578,#5579,#5580),(#5581,#5582,#5583),(#5584,#5585,
#5586),(#5587,#5588,#5589)),.UNSPECIFIED.,.F.,.F.,.F.)
B_SPLINE_SURFACE_WITH_KNOTS((4,4),(3,3),(2.96095613305791E-16,0.00130811064164314),
(0.,1.),.PIECEWISE_BEZIER_KNOTS.)
GEOMETRIC_REPRESENTATION_ITEM()
RATIONAL_B_SPLINE_SURFACE(((1.,0.866025403784347,1.),(1.,0.866025403784347,
1.),(1.,0.866025403784423,1.),(1.,0.866025403784423,1.)))
REPRESENTATION_ITEM('')
SURFACE()
);
#2437=(
BOUNDED_SURFACE()
B_SPLINE_SURFACE(3,2,((#5591,#5592,#5593),(#5594,#5595,#5596),(#5597,#5598,
#5599),(#5600,#5601,#5602),(#5603,#5604,#5605)),.UNSPECIFIED.,.F.,.F.,.F.)
B_SPLINE_SURFACE_WITH_KNOTS((4,1,4),(3,3),(0.,0.000526029689188813,0.00105205937837763),
(0.,1.),.UNSPECIFIED.)
GEOMETRIC_REPRESENTATION_ITEM()
RATIONAL_B_SPLINE_SURFACE(((1.,0.866025403784507,1.),(1.,0.866025403784507,
1.),(1.,0.866025403784378,1.),(1.,0.866025403784418,1.),(1.,0.866025403784417,
1.)))
REPRESENTATION_ITEM('')
SURFACE()
);
#2438=(
BOUNDED_SURFACE()
B_SPLINE_SURFACE(3,2,((#5607,#5608,#5609),(#5610,#5611,#5612),(#5613,#5614,
#5615),(#5616,#5617,#5618),(#5619,#5620,#5621)),.UNSPECIFIED.,.F.,.F.,.F.)
B_SPLINE_SURFACE_WITH_KNOTS((4,1,4),(3,3),(-3.25260651745651E-19,0.00052322290016375,
0.0010464458003275),(0.,1.),.UNSPECIFIED.)
GEOMETRIC_REPRESENTATION_ITEM()
RATIONAL_B_SPLINE_SURFACE(((1.,0.866025403784352,1.),(1.,0.866025403784352,
1.),(1.,0.866025403784513,1.),(1.,0.866025403784343,1.),(1.,0.866025403784343,
1.)))
REPRESENTATION_ITEM('')
SURFACE()
);
#2439=(
BOUNDED_SURFACE()
B_SPLINE_SURFACE(3,2,((#5623,#5624,#5625),(#5626,#5627,#5628),(#5629,#5630,
#5631),(#5632,#5633,#5634)),.UNSPECIFIED.,.F.,.F.,.F.)
B_SPLINE_SURFACE_WITH_KNOTS((4,4),(3,3),(-4.43438688546571E-17,0.00130489020974807),
(0.,1.),.PIECEWISE_BEZIER_KNOTS.)
GEOMETRIC_REPRESENTATION_ITEM()
RATIONAL_B_SPLINE_SURFACE(((1.,0.86602540378442,1.),(1.,0.86602540378442,
1.),(1.,0.866025403784423,1.),(1.,0.866025403784423,1.)))
REPRESENTATION_ITEM('')
SURFACE()
);
#2440=(
BOUNDED_SURFACE()
B_SPLINE_SURFACE(3,2,((#5636,#5637,#5638),(#5639,#5640,#5641),(#5642,#5643,
#5644),(#5645,#5646,#5647),(#5648,#5649,#5650)),.UNSPECIFIED.,.F.,.F.,.F.)
B_SPLINE_SURFACE_WITH_KNOTS((4,1,4),(3,3),(-1.78297047265241E-16,0.000523169858926666,
0.00104633971785351),(0.,1.),.UNSPECIFIED.)
GEOMETRIC_REPRESENTATION_ITEM()
RATIONAL_B_SPLINE_SURFACE(((1.,0.866025403784421,1.),(1.,0.866025403784421,
1.),(1.,0.866025403778843,1.),(1.,0.866025403784352,1.),(1.,0.866025403784352,
1.)))
REPRESENTATION_ITEM('')
SURFACE()
);
#2441=(
BOUNDED_SURFACE()
B_SPLINE_SURFACE(3,2,((#5654,#5655,#5656),(#5657,#5658,#5659),(#5660,#5661,
#5662),(#5663,#5664,#5665)),.UNSPECIFIED.,.F.,.F.,.F.)
B_SPLINE_SURFACE_WITH_KNOTS((4,4),(3,3),(2.748994608337E-16,0.00126739368609694),
(0.,1.),.PIECEWISE_BEZIER_KNOTS.)
GEOMETRIC_REPRESENTATION_ITEM()
RATIONAL_B_SPLINE_SURFACE(((1.,0.866025403784422,1.),(1.,0.866025403784422,
1.),(1.,0.866025403784431,1.),(1.,0.866025403784431,1.)))
REPRESENTATION_ITEM('')
SURFACE()
);
#2442=ADVANCED_FACE('',(#2192),#2365,.F.);
#2443=ADVANCED_FACE('',(#2193,#2194,#2195,#2196),#452,.T.);
#2444=ADVANCED_FACE('',(#2197),#43,.T.);
#2445=ADVANCED_FACE('',(#2198),#453,.T.);
#2446=ADVANCED_FACE('',(#2199),#44,.F.);
#2447=ADVANCED_FACE('',(#2200),#454,.F.);
#2448=ADVANCED_FACE('',(#2201),#45,.T.);
#2449=ADVANCED_FACE('',(#2202),#455,.F.);
#2450=ADVANCED_FACE('',(#2203),#46,.T.);
#2451=ADVANCED_FACE('',(#2204),#456,.F.);
#2452=ADVANCED_FACE('',(#2205),#42,.F.);
#2453=ADVANCED_FACE('',(#2206),#457,.F.);
#2454=ADVANCED_FACE('',(#2207),#47,.T.);
#2455=ADVANCED_FACE('',(#2208),#458,.F.);
#2456=ADVANCED_FACE('',(#2209),#48,.T.);
#2457=ADVANCED_FACE('',(#2210),#459,.F.);
#2458=ADVANCED_FACE('',(#2211),#49,.F.);
#2459=ADVANCED_FACE('',(#2212),#460,.T.);
#2460=ADVANCED_FACE('',(#2213),#50,.T.);
#2461=ADVANCED_FACE('',(#2214),#461,.T.);
#2462=ADVANCED_FACE('',(#2215),#51,.T.);
#2463=ADVANCED_FACE('',(#2216),#462,.T.);
#2464=ADVANCED_FACE('',(#2217),#52,.T.);
#2465=ADVANCED_FACE('',(#2218),#463,.T.);
#2466=ADVANCED_FACE('',(#2219),#464,.F.);
#2467=ADVANCED_FACE('',(#2220,#2221),#465,.T.);
#2468=ADVANCED_FACE('',(#2222),#466,.T.);
#2469=ADVANCED_FACE('',(#2223),#467,.T.);
#2470=ADVANCED_FACE('',(#2224),#468,.T.);
#2471=ADVANCED_FACE('',(#2225),#2366,.T.);
#2472=ADVANCED_FACE('',(#2226),#53,.T.);
#2473=ADVANCED_FACE('',(#2227),#2367,.T.);
#2474=ADVANCED_FACE('',(#2228),#2368,.T.);
#2475=ADVANCED_FACE('',(#2229),#2369,.T.);
#2476=ADVANCED_FACE('',(#2230),#2370,.T.);
#2477=ADVANCED_FACE('',(#2231),#2371,.T.);
#2478=ADVANCED_FACE('',(#2232),#2372,.T.);
#2479=ADVANCED_FACE('',(#2233),#54,.T.);
#2480=ADVANCED_FACE('',(#2234),#2373,.T.);
#2481=ADVANCED_FACE('',(#2235),#2374,.T.);
#2482=ADVANCED_FACE('',(#2236),#55,.T.);
#2483=ADVANCED_FACE('',(#2237),#2375,.T.);
#2484=ADVANCED_FACE('',(#2238),#2376,.T.);
#2485=ADVANCED_FACE('',(#2239),#2377,.T.);
#2486=ADVANCED_FACE('',(#2240),#2378,.T.);
#2487=ADVANCED_FACE('',(#2241),#2379,.T.);
#2488=ADVANCED_FACE('',(#2242),#2380,.T.);
#2489=ADVANCED_FACE('',(#2243),#56,.T.);
#2490=ADVANCED_FACE('',(#2244),#2381,.T.);
#2491=ADVANCED_FACE('',(#2245),#2382,.T.);
#2492=ADVANCED_FACE('',(#2246),#2383,.T.);
#2493=ADVANCED_FACE('',(#2247),#2384,.T.);
#2494=ADVANCED_FACE('',(#2248),#2385,.T.);
#2495=ADVANCED_FACE('',(#2249),#2386,.T.);
#2496=ADVANCED_FACE('',(#2250),#2387,.T.);
#2497=ADVANCED_FACE('',(#2251),#2388,.T.);
#2498=ADVANCED_FACE('',(#2252),#2389,.T.);
#2499=ADVANCED_FACE('',(#2253),#57,.T.);
#2500=ADVANCED_FACE('',(#2254),#2390,.T.);
#2501=ADVANCED_FACE('',(#2255),#2391,.T.);
#2502=ADVANCED_FACE('',(#2256),#2392,.T.);
#2503=ADVANCED_FACE('',(#2257),#2393,.T.);
#2504=ADVANCED_FACE('',(#2258),#2394,.T.);
#2505=ADVANCED_FACE('',(#2259),#2395,.T.);
#2506=ADVANCED_FACE('',(#2260),#2396,.T.);
#2507=ADVANCED_FACE('',(#2261),#2397,.T.);
#2508=ADVANCED_FACE('',(#2262),#2398,.T.);
#2509=ADVANCED_FACE('',(#2263),#2399,.T.);
#2510=ADVANCED_FACE('',(#2264),#2400,.T.);
#2511=ADVANCED_FACE('',(#2265),#2401,.T.);
#2512=ADVANCED_FACE('',(#2266),#2402,.T.);
#2513=ADVANCED_FACE('',(#2267),#58,.T.);
#2514=ADVANCED_FACE('',(#2268),#59,.T.);
#2515=ADVANCED_FACE('',(#2269),#60,.T.);
#2516=ADVANCED_FACE('',(#2270),#61,.T.);
#2517=ADVANCED_FACE('',(#2271),#62,.T.);
#2518=ADVANCED_FACE('',(#2272),#63,.T.);
#2519=ADVANCED_FACE('',(#2273),#64,.T.);
#2520=ADVANCED_FACE('',(#2274),#12,.T.);
#2521=ADVANCED_FACE('',(#2275),#13,.T.);
#2522=ADVANCED_FACE('',(#2276),#65,.T.);
#2523=ADVANCED_FACE('',(#2277),#66,.T.);
#2524=ADVANCED_FACE('',(#2278),#14,.T.);
#2525=ADVANCED_FACE('',(#2279),#15,.T.);
#2526=ADVANCED_FACE('',(#2280),#67,.T.);
#2527=ADVANCED_FACE('',(#2281),#68,.T.);
#2528=ADVANCED_FACE('',(#2282),#16,.T.);
#2529=ADVANCED_FACE('',(#2283),#17,.T.);
#2530=ADVANCED_FACE('',(#2284),#69,.T.);
#2531=ADVANCED_FACE('',(#2285),#70,.T.);
#2532=ADVANCED_FACE('',(#2286),#18,.T.);
#2533=ADVANCED_FACE('',(#2287),#19,.T.);
#2534=ADVANCED_FACE('',(#2288),#71,.T.);
#2535=ADVANCED_FACE('',(#2289),#72,.T.);
#2536=ADVANCED_FACE('',(#2290),#20,.T.);
#2537=ADVANCED_FACE('',(#2291),#21,.T.);
#2538=ADVANCED_FACE('',(#2292),#73,.T.);
#2539=ADVANCED_FACE('',(#2293),#74,.T.);
#2540=ADVANCED_FACE('',(#2294),#2403,.T.);
#2541=ADVANCED_FACE('',(#2295),#75,.T.);
#2542=ADVANCED_FACE('',(#2296),#22,.T.);
#2543=ADVANCED_FACE('',(#2297),#23,.T.);
#2544=ADVANCED_FACE('',(#2298),#76,.T.);
#2545=ADVANCED_FACE('',(#2299),#77,.T.);
#2546=ADVANCED_FACE('',(#2300),#24,.T.);
#2547=ADVANCED_FACE('',(#2301),#25,.T.);
#2548=ADVANCED_FACE('',(#2302),#78,.T.);
#2549=ADVANCED_FACE('',(#2303),#79,.T.);
#2550=ADVANCED_FACE('',(#2304),#26,.T.);
#2551=ADVANCED_FACE('',(#2305),#27,.T.);
#2552=ADVANCED_FACE('',(#2306),#80,.T.);
#2553=ADVANCED_FACE('',(#2307),#81,.T.);
#2554=ADVANCED_FACE('',(#2308),#28,.T.);
#2555=ADVANCED_FACE('',(#2309),#29,.T.);
#2556=ADVANCED_FACE('',(#2310),#82,.T.);
#2557=ADVANCED_FACE('',(#2311),#83,.T.);
#2558=ADVANCED_FACE('',(#2312),#30,.T.);
#2559=ADVANCED_FACE('',(#2313),#31,.T.);
#2560=ADVANCED_FACE('',(#2314),#84,.T.);
#2561=ADVANCED_FACE('',(#2315),#85,.T.);
#2562=ADVANCED_FACE('',(#2316),#2404,.T.);
#2563=ADVANCED_FACE('',(#2317),#2405,.F.);
#2564=ADVANCED_FACE('',(#2318),#2406,.F.);
#2565=ADVANCED_FACE('',(#2319),#2407,.F.);
#2566=ADVANCED_FACE('',(#2320),#2408,.F.);
#2567=ADVANCED_FACE('',(#2321),#2409,.F.);
#2568=ADVANCED_FACE('',(#2322),#2410,.F.);
#2569=ADVANCED_FACE('',(#2323),#2411,.F.);
#2570=ADVANCED_FACE('',(#2324),#2412,.F.);
#2571=ADVANCED_FACE('',(#2325),#86,.F.);
#2572=ADVANCED_FACE('',(#2326),#2413,.F.);
#2573=ADVANCED_FACE('',(#2327),#2414,.F.);
#2574=ADVANCED_FACE('',(#2328),#2415,.F.);
#2575=ADVANCED_FACE('',(#2329),#2416,.F.);
#2576=ADVANCED_FACE('',(#2330),#2417,.F.);
#2577=ADVANCED_FACE('',(#2331),#2418,.F.);
#2578=ADVANCED_FACE('',(#2332),#2419,.F.);
#2579=ADVANCED_FACE('',(#2333),#2420,.F.);
#2580=ADVANCED_FACE('',(#2334),#2421,.F.);
#2581=ADVANCED_FACE('',(#2335),#2422,.F.);
#2582=ADVANCED_FACE('',(#2336),#2423,.F.);
#2583=ADVANCED_FACE('',(#2337),#2424,.F.);
#2584=ADVANCED_FACE('',(#2338),#2425,.F.);
#2585=ADVANCED_FACE('',(#2339),#87,.F.);
#2586=ADVANCED_FACE('',(#2340),#88,.F.);
#2587=ADVANCED_FACE('',(#2341),#89,.F.);
#2588=ADVANCED_FACE('',(#2342),#90,.F.);
#2589=ADVANCED_FACE('',(#2343),#91,.F.);
#2590=ADVANCED_FACE('',(#2344),#92,.F.);
#2591=ADVANCED_FACE('',(#2345),#2426,.F.);
#2592=ADVANCED_FACE('',(#2346),#93,.F.);
#2593=ADVANCED_FACE('',(#2347),#2427,.F.);
#2594=ADVANCED_FACE('',(#2348),#2428,.F.);
#2595=ADVANCED_FACE('',(#2349),#2429,.F.);
#2596=ADVANCED_FACE('',(#2350),#2430,.F.);
#2597=ADVANCED_FACE('',(#2351),#2431,.F.);
#2598=ADVANCED_FACE('',(#2352),#2432,.F.);
#2599=ADVANCED_FACE('',(#2353),#94,.F.);
#2600=ADVANCED_FACE('',(#2354),#2433,.F.);
#2601=ADVANCED_FACE('',(#2355),#2434,.F.);
#2602=ADVANCED_FACE('',(#2356),#95,.F.);
#2603=ADVANCED_FACE('',(#2357),#2435,.F.);
#2604=ADVANCED_FACE('',(#2358),#2436,.F.);
#2605=ADVANCED_FACE('',(#2359),#2437,.F.);
#2606=ADVANCED_FACE('',(#2360),#2438,.F.);
#2607=ADVANCED_FACE('',(#2361),#2439,.F.);
#2608=ADVANCED_FACE('',(#2362),#2440,.F.);
#2609=ADVANCED_FACE('',(#2363),#96,.F.);
#2610=ADVANCED_FACE('',(#2364),#2441,.F.);
#2611=CLOSED_SHELL('',(#2442,#2443,#2444,#2445,#2446,#2447,#2448,#2449,
#2450,#2451,#2452,#2453,#2454,#2455,#2456,#2457,#2458,#2459,#2460,#2461,
#2462,#2463,#2464,#2465,#2466,#2467,#2468,#2469,#2470,#2471,#2472,#2473,
#2474,#2475,#2476,#2477,#2478,#2479,#2480,#2481,#2482,#2483,#2484,#2485,
#2486,#2487,#2488,#2489,#2490,#2491,#2492,#2493,#2494,#2495,#2496,#2497,
#2498,#2499,#2500,#2501,#2502,#2503,#2504,#2505,#2506,#2507,#2508,#2509,
#2510,#2511,#2512,#2513,#2514,#2515,#2516,#2517,#2518,#2519,#2520,#2521,
#2522,#2523,#2524,#2525,#2526,#2527,#2528,#2529,#2530,#2531,#2532,#2533,
#2534,#2535,#2536,#2537,#2538,#2539,#2540,#2541,#2542,#2543,#2544,#2545,
#2546,#2547,#2548,#2549,#2550,#2551,#2552,#2553,#2554,#2555,#2556,#2557,
#2558,#2559,#2560,#2561,#2562,#2563,#2564,#2565,#2566,#2567,#2568,#2569,
#2570,#2571,#2572,#2573,#2574,#2575,#2576,#2577,#2578,#2579,#2580,#2581,
#2582,#2583,#2584,#2585,#2586,#2587,#2588,#2589,#2590,#2591,#2592,#2593,
#2594,#2595,#2596,#2597,#2598,#2599,#2600,#2601,#2602,#2603,#2604,#2605,
#2606,#2607,#2608,#2609,#2610));
#2612=STYLED_ITEM('',(#2613),#2620);
#2613=PRESENTATION_STYLE_ASSIGNMENT((#2614));
#2614=SURFACE_STYLE_USAGE(.BOTH.,#2615);
#2615=SURFACE_SIDE_STYLE('',(#2616));
#2616=SURFACE_STYLE_FILL_AREA(#2617);
#2617=FILL_AREA_STYLE('',(#2618));
#2618=FILL_AREA_STYLE_COLOUR('',#2619);
#2619=COLOUR_RGB('',0.231372549019608,0.380392156862745,0.705882352941177);
#2620=MANIFOLD_SOLID_BREP('BLOCKS_spacer_2.0',#2611);
#2621=SHAPE_DEFINITION_REPRESENTATION(#5672,#2622);
#2622=SHAPE_REPRESENTATION('BLOCKS_spacer_2.0',(#2623),#5667);
#2623=AXIS2_PLACEMENT_3D('',#3499,#2882,#2883);
#2624=AXIS2_PLACEMENT_3D('',#3518,#2884,#2885);
#2625=AXIS2_PLACEMENT_3D('',#3700,#2897,#2898);
#2626=AXIS2_PLACEMENT_3D('',#3704,#2900,#2901);
#2627=AXIS2_PLACEMENT_3D('',#3708,#2903,#2904);
#2628=AXIS2_PLACEMENT_3D('',#3712,#2906,#2907);
#2629=AXIS2_PLACEMENT_3D('',#3716,#2909,#2910);
#2630=AXIS2_PLACEMENT_3D('',#3720,#2912,#2913);
#2631=AXIS2_PLACEMENT_3D('',#3724,#2915,#2916);
#2632=AXIS2_PLACEMENT_3D('',#3728,#2918,#2919);
#2633=AXIS2_PLACEMENT_3D('',#3732,#2921,#2922);
#2634=AXIS2_PLACEMENT_3D('',#3736,#2924,#2925);
#2635=AXIS2_PLACEMENT_3D('',#3737,#2926,#2927);
#2636=AXIS2_PLACEMENT_3D('',#3741,#2929,#2930);
#2637=AXIS2_PLACEMENT_3D('',#3745,#2932,#2933);
#2638=AXIS2_PLACEMENT_3D('',#3746,#2934,#2935);
#2639=AXIS2_PLACEMENT_3D('',#3752,#2939,#2940);
#2640=AXIS2_PLACEMENT_3D('',#3756,#2942,#2943);
#2641=AXIS2_PLACEMENT_3D('',#3757,#2944,#2945);
#2642=AXIS2_PLACEMENT_3D('',#3758,#2946,#2947);
#2643=AXIS2_PLACEMENT_3D('',#3764,#2951,#2952);
#2644=AXIS2_PLACEMENT_3D('',#3768,#2954,#2955);
#2645=AXIS2_PLACEMENT_3D('',#3769,#2956,#2957);
#2646=AXIS2_PLACEMENT_3D('',#3770,#2958,#2959);
#2647=AXIS2_PLACEMENT_3D('',#3776,#2963,#2964);
#2648=AXIS2_PLACEMENT_3D('',#3780,#2966,#2967);
#2649=AXIS2_PLACEMENT_3D('',#3781,#2968,#2969);
#2650=AXIS2_PLACEMENT_3D('',#3782,#2970,#2971);
#2651=AXIS2_PLACEMENT_3D('',#3827,#2976,#2977);
#2652=AXIS2_PLACEMENT_3D('',#3833,#2981,#2982);
#2653=AXIS2_PLACEMENT_3D('',#3837,#2984,#2985);
#2654=AXIS2_PLACEMENT_3D('',#3838,#2986,#2987);
#2655=AXIS2_PLACEMENT_3D('',#3839,#2988,#2989);
#2656=AXIS2_PLACEMENT_3D('',#3845,#2993,#2994);
#2657=AXIS2_PLACEMENT_3D('',#3849,#2996,#2997);
#2658=AXIS2_PLACEMENT_3D('',#3850,#2998,#2999);
#2659=AXIS2_PLACEMENT_3D('',#3851,#3000,#3001);
#2660=AXIS2_PLACEMENT_3D('',#3857,#3005,#3006);
#2661=AXIS2_PLACEMENT_3D('',#3861,#3008,#3009);
#2662=AXIS2_PLACEMENT_3D('',#3862,#3010,#3011);
#2663=AXIS2_PLACEMENT_3D('',#3863,#3012,#3013);
#2664=AXIS2_PLACEMENT_3D('',#3869,#3017,#3018);
#2665=AXIS2_PLACEMENT_3D('',#3873,#3020,#3021);
#2666=AXIS2_PLACEMENT_3D('',#3874,#3022,#3023);
#2667=AXIS2_PLACEMENT_3D('',#3875,#3024,#3025);
#2668=AXIS2_PLACEMENT_3D('',#3881,#3029,#3030);
#2669=AXIS2_PLACEMENT_3D('',#3885,#3032,#3033);
#2670=AXIS2_PLACEMENT_3D('',#3886,#3034,#3035);
#2671=AXIS2_PLACEMENT_3D('',#3887,#3036,#3037);
#2672=AXIS2_PLACEMENT_3D('',#3893,#3041,#3042);
#2673=AXIS2_PLACEMENT_3D('',#3897,#3044,#3045);
#2674=AXIS2_PLACEMENT_3D('',#3898,#3046,#3047);
#2675=AXIS2_PLACEMENT_3D('',#3899,#3048,#3049);
#2676=AXIS2_PLACEMENT_3D('',#3902,#3052,#3053);
#2677=AXIS2_PLACEMENT_3D('',#3920,#3056,#3057);
#2678=AXIS2_PLACEMENT_3D('',#3924,#3059,#3060);
#2679=AXIS2_PLACEMENT_3D('',#3928,#3062,#3063);
#2680=AXIS2_PLACEMENT_3D('',#3932,#3065,#3066);
#2681=AXIS2_PLACEMENT_3D('',#3936,#3068,#3069);
#2682=AXIS2_PLACEMENT_3D('',#3940,#3071,#3072);
#2683=AXIS2_PLACEMENT_3D('',#3944,#3074,#3075);
#2684=AXIS2_PLACEMENT_3D('',#3948,#3077,#3078);
#2685=AXIS2_PLACEMENT_3D('',#3952,#3080,#3081);
#2686=AXIS2_PLACEMENT_3D('',#3956,#3083,#3084);
#2687=AXIS2_PLACEMENT_3D('',#3957,#3085,#3086);
#2688=AXIS2_PLACEMENT_3D('',#4046,#3091,#3092);
#2689=AXIS2_PLACEMENT_3D('',#4087,#3093,#3094);
#2690=AXIS2_PLACEMENT_3D('',#4167,#3102,#3103);
#2691=AXIS2_PLACEMENT_3D('',#4227,#3106,#3107);
#2692=AXIS2_PLACEMENT_3D('',#4238,#3108,#3109);
#2693=AXIS2_PLACEMENT_3D('',#4241,#3111,#3112);
#2694=AXIS2_PLACEMENT_3D('',#4257,#3113,#3114);
#2695=AXIS2_PLACEMENT_3D('',#4283,#3115,#3116);
#2696=AXIS2_PLACEMENT_3D('',#4299,#3117,#3118);
#2697=AXIS2_PLACEMENT_3D('',#4325,#3119,#3120);
#2698=AXIS2_PLACEMENT_3D('',#4341,#3121,#3122);
#2699=AXIS2_PLACEMENT_3D('',#4367,#3123,#3124);
#2700=AXIS2_PLACEMENT_3D('',#4368,#3125,#3126);
#2701=AXIS2_PLACEMENT_3D('',#4409,#3128,#3129);
#2702=AXIS2_PLACEMENT_3D('',#4415,#3130,#3131);
#2703=AXIS2_PLACEMENT_3D('',#4416,#3132,#3133);
#2704=AXIS2_PLACEMENT_3D('',#4419,#3135,#3136);
#2705=AXIS2_PLACEMENT_3D('',#4432,#3137,#3138);
#2706=AXIS2_PLACEMENT_3D('',#4455,#3139,#3140);
#2707=AXIS2_PLACEMENT_3D('',#4468,#3141,#3142);
#2708=AXIS2_PLACEMENT_3D('',#4491,#3143,#3144);
#2709=AXIS2_PLACEMENT_3D('',#4504,#3145,#3146);
#2710=AXIS2_PLACEMENT_3D('',#4527,#3147,#3148);
#2711=AXIS2_PLACEMENT_3D('',#4528,#3149,#3150);
#2712=AXIS2_PLACEMENT_3D('',#4529,#3151,#3152);
#2713=AXIS2_PLACEMENT_3D('',#4560,#3154,#3155);
#2714=AXIS2_PLACEMENT_3D('',#4567,#3156,#3157);
#2715=AXIS2_PLACEMENT_3D('',#4585,#3158,#3159);
#2716=AXIS2_PLACEMENT_3D('',#4598,#3160,#3161);
#2717=AXIS2_PLACEMENT_3D('',#4621,#3162,#3163);
#2718=AXIS2_PLACEMENT_3D('',#4634,#3164,#3165);
#2719=AXIS2_PLACEMENT_3D('',#4657,#3166,#3167);
#2720=AXIS2_PLACEMENT_3D('',#4670,#3168,#3169);
#2721=AXIS2_PLACEMENT_3D('',#4692,#3170,#3171);
#2722=AXIS2_PLACEMENT_3D('',#4724,#3173,#3174);
#2723=AXIS2_PLACEMENT_3D('',#4740,#3175,#3176);
#2724=AXIS2_PLACEMENT_3D('',#4763,#3177,#3178);
#2725=AXIS2_PLACEMENT_3D('',#4776,#3179,#3180);
#2726=AXIS2_PLACEMENT_3D('',#4799,#3181,#3182);
#2727=AXIS2_PLACEMENT_3D('',#4815,#3183,#3184);
#2728=AXIS2_PLACEMENT_3D('',#4838,#3185,#3186);
#2729=AXIS2_PLACEMENT_3D('',#4851,#3187,#3188);
#2730=AXIS2_PLACEMENT_3D('',#4874,#3189,#3190);
#2731=AXIS2_PLACEMENT_3D('',#4887,#3191,#3192);
#2732=AXIS2_PLACEMENT_3D('',#4910,#3193,#3194);
#2733=AXIS2_PLACEMENT_3D('',#4953,#3195,#3196);
#2734=AXIS2_PLACEMENT_3D('',#4954,#3197,#3198);
#2735=AXIS2_PLACEMENT_3D('',#4957,#3200,#3201);
#2736=AXIS2_PLACEMENT_3D('',#4960,#3203,#3204);
#2737=AXIS2_PLACEMENT_3D('',#4961,#3205,#3206);
#2738=AXIS2_PLACEMENT_3D('',#4962,#3207,#3208);
#2739=AXIS2_PLACEMENT_3D('',#4965,#3210,#3211);
#2740=AXIS2_PLACEMENT_3D('',#4968,#3213,#3214);
#2741=AXIS2_PLACEMENT_3D('',#4969,#3215,#3216);
#2742=AXIS2_PLACEMENT_3D('',#4970,#3217,#3218);
#2743=AXIS2_PLACEMENT_3D('',#4973,#3220,#3221);
#2744=AXIS2_PLACEMENT_3D('',#4975,#3223,#3224);
#2745=AXIS2_PLACEMENT_3D('',#4976,#3225,#3226);
#2746=AXIS2_PLACEMENT_3D('',#4977,#3227,#3228);
#2747=AXIS2_PLACEMENT_3D('',#4978,#3229,#3230);
#2748=AXIS2_PLACEMENT_3D('',#4979,#3231,#3232);
#2749=AXIS2_PLACEMENT_3D('',#4980,#3233,#3234);
#2750=AXIS2_PLACEMENT_3D('',#4981,#3235,#3236);
#2751=AXIS2_PLACEMENT_3D('',#4982,#3237,#3238);
#2752=AXIS2_PLACEMENT_3D('',#4983,#3239,#3240);
#2753=AXIS2_PLACEMENT_3D('',#4984,#3241,#3242);
#2754=AXIS2_PLACEMENT_3D('',#4985,#3243,#3244);
#2755=AXIS2_PLACEMENT_3D('',#4986,#3245,#3246);
#2756=AXIS2_PLACEMENT_3D('',#4987,#3247,#3248);
#2757=AXIS2_PLACEMENT_3D('',#4988,#3249,#3250);
#2758=AXIS2_PLACEMENT_3D('',#4989,#3251,#3252);
#2759=AXIS2_PLACEMENT_3D('',#4990,#3253,#3254);
#2760=AXIS2_PLACEMENT_3D('',#4991,#3255,#3256);
#2761=AXIS2_PLACEMENT_3D('',#4992,#3257,#3258);
#2762=AXIS2_PLACEMENT_3D('',#4993,#3259,#3260);
#2763=AXIS2_PLACEMENT_3D('',#4994,#3261,#3262);
#2764=AXIS2_PLACEMENT_3D('',#4995,#3263,#3264);
#2765=AXIS2_PLACEMENT_3D('',#4996,#3265,#3266);
#2766=AXIS2_PLACEMENT_3D('',#4997,#3267,#3268);
#2767=AXIS2_PLACEMENT_3D('',#4998,#3269,#3270);
#2768=AXIS2_PLACEMENT_3D('',#4999,#3271,#3272);
#2769=AXIS2_PLACEMENT_3D('',#5000,#3273,#3274);
#2770=AXIS2_PLACEMENT_3D('',#5001,#3275,#3276);
#2771=AXIS2_PLACEMENT_3D('',#5002,#3277,#3278);
#2772=AXIS2_PLACEMENT_3D('',#5003,#3279,#3280);
#2773=AXIS2_PLACEMENT_3D('',#5004,#3281,#3282);
#2774=AXIS2_PLACEMENT_3D('',#5005,#3283,#3284);
#2775=AXIS2_PLACEMENT_3D('',#5006,#3285,#3286);
#2776=AXIS2_PLACEMENT_3D('',#5007,#3287,#3288);
#2777=AXIS2_PLACEMENT_3D('',#5008,#3289,#3290);
#2778=AXIS2_PLACEMENT_3D('',#5009,#3291,#3292);
#2779=AXIS2_PLACEMENT_3D('',#5010,#3293,#3294);
#2780=AXIS2_PLACEMENT_3D('',#5011,#3295,#3296);
#2781=AXIS2_PLACEMENT_3D('',#5012,#3297,#3298);
#2782=AXIS2_PLACEMENT_3D('',#5013,#3299,#3300);
#2783=AXIS2_PLACEMENT_3D('',#5014,#3301,#3302);
#2784=AXIS2_PLACEMENT_3D('',#5015,#3303,#3304);
#2785=AXIS2_PLACEMENT_3D('',#5016,#3305,#3306);
#2786=AXIS2_PLACEMENT_3D('',#5017,#3307,#3308);
#2787=AXIS2_PLACEMENT_3D('',#5051,#3309,#3310);
#2788=AXIS2_PLACEMENT_3D('',#5052,#3311,#3312);
#2789=AXIS2_PLACEMENT_3D('',#5053,#3313,#3314);
#2790=AXIS2_PLACEMENT_3D('',#5054,#3315,#3316);
#2791=AXIS2_PLACEMENT_3D('',#5055,#3317,#3318);
#2792=AXIS2_PLACEMENT_3D('',#5056,#3319,#3320);
#2793=AXIS2_PLACEMENT_3D('',#5057,#3321,#3322);
#2794=AXIS2_PLACEMENT_3D('',#5058,#3323,#3324);
#2795=AXIS2_PLACEMENT_3D('',#5059,#3325,#3326);
#2796=AXIS2_PLACEMENT_3D('',#5060,#3327,#3328);
#2797=AXIS2_PLACEMENT_3D('',#5061,#3329,#3330);
#2798=AXIS2_PLACEMENT_3D('',#5062,#3331,#3332);
#2799=AXIS2_PLACEMENT_3D('',#5063,#3333,#3334);
#2800=AXIS2_PLACEMENT_3D('',#5064,#3335,#3336);
#2801=AXIS2_PLACEMENT_3D('',#5065,#3337,#3338);
#2802=AXIS2_PLACEMENT_3D('',#5066,#3339,#3340);
#2803=AXIS2_PLACEMENT_3D('',#5067,#3341,#3342);
#2804=AXIS2_PLACEMENT_3D('',#5068,#3343,#3344);
#2805=AXIS2_PLACEMENT_3D('',#5069,#3345,#3346);
#2806=AXIS2_PLACEMENT_3D('',#5070,#3347,#3348);
#2807=AXIS2_PLACEMENT_3D('',#5071,#3349,#3350);
#2808=AXIS2_PLACEMENT_3D('',#5072,#3351,#3352);
#2809=AXIS2_PLACEMENT_3D('',#5073,#3353,#3354);
#2810=AXIS2_PLACEMENT_3D('',#5074,#3355,#3356);
#2811=AXIS2_PLACEMENT_3D('',#5075,#3357,#3358);
#2812=AXIS2_PLACEMENT_3D('',#5076,#3359,#3360);
#2813=AXIS2_PLACEMENT_3D('',#5077,#3361,#3362);
#2814=AXIS2_PLACEMENT_3D('',#5078,#3363,#3364);
#2815=AXIS2_PLACEMENT_3D('',#5079,#3365,#3366);
#2816=AXIS2_PLACEMENT_3D('',#5080,#3367,#3368);
#2817=AXIS2_PLACEMENT_3D('',#5081,#3369,#3370);
#2818=AXIS2_PLACEMENT_3D('',#5082,#3371,#3372);
#2819=AXIS2_PLACEMENT_3D('',#5083,#3373,#3374);
#2820=AXIS2_PLACEMENT_3D('',#5084,#3375,#3376);
#2821=AXIS2_PLACEMENT_3D('',#5085,#3377,#3378);
#2822=AXIS2_PLACEMENT_3D('',#5086,#3379,#3380);
#2823=AXIS2_PLACEMENT_3D('',#5087,#3381,#3382);
#2824=AXIS2_PLACEMENT_3D('',#5088,#3383,#3384);
#2825=AXIS2_PLACEMENT_3D('',#5089,#3385,#3386);
#2826=AXIS2_PLACEMENT_3D('',#5090,#3387,#3388);
#2827=AXIS2_PLACEMENT_3D('',#5091,#3389,#3390);
#2828=AXIS2_PLACEMENT_3D('',#5092,#3391,#3392);
#2829=AXIS2_PLACEMENT_3D('',#5093,#3393,#3394);
#2830=AXIS2_PLACEMENT_3D('',#5139,#3395,#3396);
#2831=AXIS2_PLACEMENT_3D('',#5140,#3397,#3398);
#2832=AXIS2_PLACEMENT_3D('',#5153,#3399,#3400);
#2833=AXIS2_PLACEMENT_3D('',#5166,#3401,#3402);
#2834=AXIS2_PLACEMENT_3D('',#5179,#3403,#3404);
#2835=AXIS2_PLACEMENT_3D('',#5192,#3405,#3406);
#2836=AXIS2_PLACEMENT_3D('',#5205,#3407,#3408);
#2837=AXIS2_PLACEMENT_3D('',#5218,#3409,#3410);
#2838=AXIS2_PLACEMENT_3D('',#5231,#3411,#3412);
#2839=AXIS2_PLACEMENT_3D('',#5255,#3413,#3414);
#2840=AXIS2_PLACEMENT_3D('',#5268,#3415,#3416);
#2841=AXIS2_PLACEMENT_3D('',#5281,#3417,#3418);
#2842=AXIS2_PLACEMENT_3D('',#5294,#3419,#3420);
#2843=AXIS2_PLACEMENT_3D('',#5307,#3421,#3422);
#2844=AXIS2_PLACEMENT_3D('',#5320,#3423,#3424);
#2845=AXIS2_PLACEMENT_3D('',#5333,#3425,#3426);
#2846=AXIS2_PLACEMENT_3D('',#5346,#3427,#3428);
#2847=AXIS2_PLACEMENT_3D('',#5359,#3429,#3430);
#2848=AXIS2_PLACEMENT_3D('',#5372,#3431,#3432);
#2849=AXIS2_PLACEMENT_3D('',#5385,#3433,#3434);
#2850=AXIS2_PLACEMENT_3D('',#5418,#3435,#3436);
#2851=AXIS2_PLACEMENT_3D('',#5419,#3437,#3438);
#2852=AXIS2_PLACEMENT_3D('',#5420,#3439,#3440);
#2853=AXIS2_PLACEMENT_3D('',#5421,#3441,#3442);
#2854=AXIS2_PLACEMENT_3D('',#5422,#3443,#3444);
#2855=AXIS2_PLACEMENT_3D('',#5423,#3445,#3446);
#2856=AXIS2_PLACEMENT_3D('',#5424,#3447,#3448);
#2857=AXIS2_PLACEMENT_3D('',#5425,#3449,#3450);
#2858=AXIS2_PLACEMENT_3D('',#5426,#3451,#3452);
#2859=AXIS2_PLACEMENT_3D('',#5427,#3453,#3454);
#2860=AXIS2_PLACEMENT_3D('',#5428,#3455,#3456);
#2861=AXIS2_PLACEMENT_3D('',#5441,#3457,#3458);
#2862=AXIS2_PLACEMENT_3D('',#5446,#3459,#3460);
#2863=AXIS2_PLACEMENT_3D('',#5447,#3461,#3462);
#2864=AXIS2_PLACEMENT_3D('',#5460,#3463,#3464);
#2865=AXIS2_PLACEMENT_3D('',#5473,#3465,#3466);
#2866=AXIS2_PLACEMENT_3D('',#5486,#3467,#3468);
#2867=AXIS2_PLACEMENT_3D('',#5499,#3469,#3470);
#2868=AXIS2_PLACEMENT_3D('',#5512,#3471,#3472);
#2869=AXIS2_PLACEMENT_3D('',#5525,#3473,#3474);
#2870=AXIS2_PLACEMENT_3D('',#5526,#3475,#3476);
#2871=AXIS2_PLACEMENT_3D('',#5555,#3477,#3478);
#2872=AXIS2_PLACEMENT_3D('',#5560,#3479,#3480);
#2873=AXIS2_PLACEMENT_3D('',#5561,#3481,#3482);
#2874=AXIS2_PLACEMENT_3D('',#5577,#3483,#3484);
#2875=AXIS2_PLACEMENT_3D('',#5590,#3485,#3486);
#2876=AXIS2_PLACEMENT_3D('',#5606,#3487,#3488);
#2877=AXIS2_PLACEMENT_3D('',#5622,#3489,#3490);
#2878=AXIS2_PLACEMENT_3D('',#5635,#3491,#3492);
#2879=AXIS2_PLACEMENT_3D('',#5651,#3493,#3494);
#2880=AXIS2_PLACEMENT_3D('',#5652,#3495,#3496);
#2881=AXIS2_PLACEMENT_3D('',#5653,#3497,#3498);
#2882=DIRECTION('',(0.,0.,1.));
#2883=DIRECTION('',(1.,0.,0.));
#2884=DIRECTION('',(0.,0.,1.));
#2885=DIRECTION('',(1.,0.,0.));
#2886=DIRECTION('',(1.,0.,0.));
#2887=DIRECTION('',(-1.,0.,0.));
#2888=DIRECTION('',(0.,1.,0.));
#2889=DIRECTION('',(1.,0.,0.));
#2890=DIRECTION('',(0.,-1.,0.));
#2891=DIRECTION('',(-1.,0.,0.));
#2892=DIRECTION('',(-0.729290738545216,0.684203930617308,0.));
#2893=DIRECTION('',(0.,-1.,0.));
#2894=DIRECTION('',(0.725812815891286,-0.687892256307601,0.));
#2895=DIRECTION('',(-1.,0.,0.));
#2896=DIRECTION('',(1.,0.,0.));
#2897=DIRECTION('',(0.,0.,1.));
#2898=DIRECTION('',(1.,0.,0.));
#2899=DIRECTION('',(0.,1.,0.));
#2900=DIRECTION('',(0.,0.,1.));
#2901=DIRECTION('',(1.,0.,0.));
#2902=DIRECTION('',(-1.,-1.18613571006961E-16,0.));
#2903=DIRECTION('',(0.,0.,1.));
#2904=DIRECTION('',(1.,0.,0.));
#2905=DIRECTION('',(0.,-1.,0.));
#2906=DIRECTION('',(0.,0.,1.));
#2907=DIRECTION('',(1.,0.,0.));
#2908=DIRECTION('',(1.,0.,0.));
#2909=DIRECTION('',(0.,0.,1.));
#2910=DIRECTION('',(1.,0.,0.));
#2911=DIRECTION('',(0.,1.,0.));
#2912=DIRECTION('',(0.,0.,1.));
#2913=DIRECTION('',(1.,0.,0.));
#2914=DIRECTION('',(-1.,0.,0.));
#2915=DIRECTION('',(0.,0.,1.));
#2916=DIRECTION('',(1.,0.,0.));
#2917=DIRECTION('',(0.,-1.,0.));
#2918=DIRECTION('',(0.,0.,1.));
#2919=DIRECTION('',(1.,0.,0.));
#2920=DIRECTION('',(1.,0.,0.));
#2921=DIRECTION('',(0.,0.,1.));
#2922=DIRECTION('',(1.,0.,0.));
#2923=DIRECTION('',(0.,1.,0.));
#2924=DIRECTION('',(0.,0.,1.));
#2925=DIRECTION('',(1.,0.,0.));
#2926=DIRECTION('',(0.,0.,1.));
#2927=DIRECTION('',(1.,0.,0.));
#2928=DIRECTION('',(0.,0.,1.));
#2929=DIRECTION('',(0.,0.,1.));
#2930=DIRECTION('',(1.,0.,0.));
#2931=DIRECTION('',(0.,0.,1.));
#2932=DIRECTION('',(0.,0.,1.));
#2933=DIRECTION('',(1.,0.,0.));
#2934=DIRECTION('',(-1.,0.,0.));
#2935=DIRECTION('',(0.,0.,1.));
#2936=DIRECTION('',(0.,0.,1.));
#2937=DIRECTION('',(0.,-1.,0.));
#2938=DIRECTION('',(0.,-1.,0.));
#2939=DIRECTION('',(0.,0.,1.));
#2940=DIRECTION('',(1.,0.,0.));
#2941=DIRECTION('',(0.,0.,1.));
#2942=DIRECTION('',(0.,0.,1.));
#2943=DIRECTION('',(1.,0.,0.));
#2944=DIRECTION('',(0.,0.,1.));
#2945=DIRECTION('',(1.,0.,0.));
#2946=DIRECTION('',(0.,-1.,0.));
#2947=DIRECTION('',(0.,0.,-1.));
#2948=DIRECTION('',(0.,0.,1.));
#2949=DIRECTION('',(1.,0.,0.));
#2950=DIRECTION('',(1.,0.,0.));
#2951=DIRECTION('',(0.,0.,1.));
#2952=DIRECTION('',(1.,0.,0.));
#2953=DIRECTION('',(0.,0.,1.));
#2954=DIRECTION('',(0.,0.,1.));
#2955=DIRECTION('',(1.,0.,0.));
#2956=DIRECTION('',(0.,0.,1.));
#2957=DIRECTION('',(1.,0.,0.));
#2958=DIRECTION('',(1.,0.,0.));
#2959=DIRECTION('',(0.,0.,-1.));
#2960=DIRECTION('',(0.,0.,1.));
#2961=DIRECTION('',(0.,1.,0.));
#2962=DIRECTION('',(0.,1.,0.));
#2963=DIRECTION('',(0.,0.,1.));
#2964=DIRECTION('',(1.,0.,0.));
#2965=DIRECTION('',(0.,0.,1.));
#2966=DIRECTION('',(0.,0.,1.));
#2967=DIRECTION('',(1.,0.,0.));
#2968=DIRECTION('',(0.,0.,1.));
#2969=DIRECTION('',(1.,0.,0.));
#2970=DIRECTION('',(0.,1.,0.));
#2971=DIRECTION('',(0.,0.,1.));
#2972=DIRECTION('',(0.,0.,1.));
#2973=DIRECTION('',(-1.,0.,0.));
#2974=DIRECTION('',(-1.,0.,0.));
#2975=DIRECTION('',(0.,0.,1.));
#2976=DIRECTION('',(0.,-1.,0.));
#2977=DIRECTION('',(0.,0.,-1.));
#2978=DIRECTION('',(0.,0.,1.));
#2979=DIRECTION('',(1.,0.,0.));
#2980=DIRECTION('',(1.,0.,0.));
#2981=DIRECTION('',(0.,0.,1.));
#2982=DIRECTION('',(1.,0.,0.));
#2983=DIRECTION('',(0.,0.,1.));
#2984=DIRECTION('',(0.,0.,1.));
#2985=DIRECTION('',(1.,0.,0.));
#2986=DIRECTION('',(0.,0.,1.));
#2987=DIRECTION('',(1.,0.,0.));
#2988=DIRECTION('',(1.,0.,0.));
#2989=DIRECTION('',(0.,0.,-1.));
#2990=DIRECTION('',(0.,0.,1.));
#2991=DIRECTION('',(0.,1.,0.));
#2992=DIRECTION('',(0.,1.,0.));
#2993=DIRECTION('',(0.,0.,1.));
#2994=DIRECTION('',(1.,0.,0.));
#2995=DIRECTION('',(0.,0.,1.));
#2996=DIRECTION('',(0.,0.,1.));
#2997=DIRECTION('',(1.,0.,0.));
#2998=DIRECTION('',(0.,0.,1.));
#2999=DIRECTION('',(1.,0.,0.));
#3000=DIRECTION('',(-1.18613571006961E-16,1.,0.));
#3001=DIRECTION('',(-1.,-1.18613571006961E-16,0.));
#3002=DIRECTION('',(0.,0.,1.));
#3003=DIRECTION('',(-1.,-1.18613571006961E-16,0.));
#3004=DIRECTION('',(-1.,-1.18613571006961E-16,0.));
#3005=DIRECTION('',(0.,0.,1.));
#3006=DIRECTION('',(1.,0.,0.));
#3007=DIRECTION('',(0.,0.,1.));
#3008=DIRECTION('',(0.,0.,1.));
#3009=DIRECTION('',(1.,0.,0.));
#3010=DIRECTION('',(0.,0.,1.));
#3011=DIRECTION('',(1.,0.,0.));
#3012=DIRECTION('',(-1.,0.,0.));
#3013=DIRECTION('',(0.,0.,1.));
#3014=DIRECTION('',(0.,0.,1.));
#3015=DIRECTION('',(0.,-1.,0.));
#3016=DIRECTION('',(0.,-1.,0.));
#3017=DIRECTION('',(0.,0.,1.));
#3018=DIRECTION('',(1.,0.,0.));
#3019=DIRECTION('',(0.,0.,1.));
#3020=DIRECTION('',(0.,0.,1.));
#3021=DIRECTION('',(1.,0.,0.));
#3022=DIRECTION('',(0.,0.,1.));
#3023=DIRECTION('',(1.,0.,0.));
#3024=DIRECTION('',(0.,-1.,0.));
#3025=DIRECTION('',(0.,0.,-1.));
#3026=DIRECTION('',(0.,0.,1.));
#3027=DIRECTION('',(1.,0.,0.));
#3028=DIRECTION('',(1.,0.,0.));
#3029=DIRECTION('',(0.,0.,1.));
#3030=DIRECTION('',(1.,0.,0.));
#3031=DIRECTION('',(0.,0.,1.));
#3032=DIRECTION('',(0.,0.,1.));
#3033=DIRECTION('',(1.,0.,0.));
#3034=DIRECTION('',(0.,0.,1.));
#3035=DIRECTION('',(1.,0.,0.));
#3036=DIRECTION('',(1.,0.,0.));
#3037=DIRECTION('',(0.,0.,-1.));
#3038=DIRECTION('',(0.,0.,1.));
#3039=DIRECTION('',(0.,1.,0.));
#3040=DIRECTION('',(0.,1.,0.));
#3041=DIRECTION('',(0.,0.,1.));
#3042=DIRECTION('',(1.,0.,0.));
#3043=DIRECTION('',(0.,0.,1.));
#3044=DIRECTION('',(0.,0.,1.));
#3045=DIRECTION('',(1.,0.,0.));
#3046=DIRECTION('',(0.,0.,1.));
#3047=DIRECTION('',(1.,0.,0.));
#3048=DIRECTION('',(0.,1.,0.));
#3049=DIRECTION('',(0.,0.,1.));
#3050=DIRECTION('',(-1.,0.,0.));
#3051=DIRECTION('',(-1.,0.,0.));
#3052=DIRECTION('',(0.,0.,1.));
#3053=DIRECTION('',(1.,0.,0.));
#3054=DIRECTION('',(1.,0.,0.));
#3055=DIRECTION('',(-1.,0.,0.));
#3056=DIRECTION('',(0.,0.,1.));
#3057=DIRECTION('',(1.,0.,0.));
#3058=DIRECTION('',(0.,1.,0.));
#3059=DIRECTION('',(0.,0.,1.));
#3060=DIRECTION('',(1.,0.,0.));
#3061=DIRECTION('',(1.,0.,0.));
#3062=DIRECTION('',(0.,0.,1.));
#3063=DIRECTION('',(1.,0.,0.));
#3064=DIRECTION('',(0.,-1.,0.));
#3065=DIRECTION('',(0.,0.,1.));
#3066=DIRECTION('',(1.,0.,0.));
#3067=DIRECTION('',(-1.,0.,0.));
#3068=DIRECTION('',(0.,0.,1.));
#3069=DIRECTION('',(1.,0.,0.));
#3070=DIRECTION('',(0.,1.,0.));
#3071=DIRECTION('',(0.,0.,1.));
#3072=DIRECTION('',(1.,0.,0.));
#3073=DIRECTION('',(1.,0.,0.));
#3074=DIRECTION('',(0.,0.,1.));
#3075=DIRECTION('',(1.,0.,0.));
#3076=DIRECTION('',(0.,-1.,0.));
#3077=DIRECTION('',(0.,0.,1.));
#3078=DIRECTION('',(1.,0.,0.));
#3079=DIRECTION('',(-1.,-1.18613571006961E-16,0.));
#3080=DIRECTION('',(0.,0.,1.));
#3081=DIRECTION('',(1.,0.,0.));
#3082=DIRECTION('',(0.,1.,0.));
#3083=DIRECTION('',(0.,0.,1.));
#3084=DIRECTION('',(1.,0.,0.));
#3085=DIRECTION('',(0.,0.,1.));
#3086=DIRECTION('',(1.,0.,0.));
#3087=DIRECTION('',(1.,0.,0.));
#3088=DIRECTION('',(-1.,0.,0.));
#3089=DIRECTION('',(-1.,0.,0.));
#3090=DIRECTION('',(1.,0.,0.));
#3091=DIRECTION('',(0.,0.,1.));
#3092=DIRECTION('',(1.,0.,0.));
#3093=DIRECTION('',(0.,0.,1.));
#3094=DIRECTION('',(1.,0.,0.));
#3095=DIRECTION('',(0.,1.,0.));
#3096=DIRECTION('',(-1.,0.,0.));
#3097=DIRECTION('',(0.,-1.,0.));
#3098=DIRECTION('',(-0.725812815891286,0.687892256307601,0.));
#3099=DIRECTION('',(0.,1.,0.));
#3100=DIRECTION('',(0.729290738545216,-0.684203930617308,0.));
#3101=DIRECTION('',(1.,0.,0.));
#3102=DIRECTION('',(0.,0.,1.));
#3103=DIRECTION('',(1.,0.,0.));
#3104=DIRECTION('',(-1.,0.,0.));
#3105=DIRECTION('',(1.,0.,0.));
#3106=DIRECTION('',(-0.849747325331206,0.527190177348234,-2.62927138373257E-14));
#3107=DIRECTION('',(-0.527190177348234,-0.849747325331206,0.));
#3108=DIRECTION('',(1.,0.,0.));
#3109=DIRECTION('',(0.,0.,-1.));
#3110=DIRECTION('',(1.,0.,0.));
#3111=DIRECTION('',(1.,0.,0.));
#3112=DIRECTION('',(0.,0.,-1.));
#3113=DIRECTION('',(0.,1.,0.));
#3114=DIRECTION('',(0.,0.,1.));
#3115=DIRECTION('',(0.872092613832029,0.489340855538979,0.));
#3116=DIRECTION('',(-0.489340855538979,0.872092613832029,0.));
#3117=DIRECTION('',(0.856758108519705,0.515718473089474,1.67742926674373E-14));
#3118=DIRECTION('',(-0.515718473089474,0.856758108519705,0.));
#3119=DIRECTION('',(0.,1.,0.));
#3120=DIRECTION('',(0.,0.,1.));
#3121=DIRECTION('',(1.,0.,0.));
#3122=DIRECTION('',(0.,0.,-1.));
#3123=DIRECTION('',(-0.869685915236139,0.493605519458483,0.));
#3124=DIRECTION('',(-0.493605519458483,-0.869685915236139,0.));
#3125=DIRECTION('',(-1.,0.,0.));
#3126=DIRECTION('',(0.,0.,1.));
#3127=DIRECTION('',(-1.,0.,0.));
#3128=DIRECTION('',(0.779938109117061,0.625856649678586,-2.98564261268283E-14));
#3129=DIRECTION('',(-0.625856649678586,0.779938109117061,0.));
#3130=DIRECTION('',(-0.999999999999887,-4.75730315384108E-7,0.));
#3131=DIRECTION('',(4.75730315384108E-7,-0.999999999999887,0.));
#3132=DIRECTION('',(-1.,0.,0.));
#3133=DIRECTION('',(0.,0.,1.));
#3134=DIRECTION('',(-1.,0.,0.));
#3135=DIRECTION('',(-1.,0.,0.));
#3136=DIRECTION('',(0.,0.,1.));
#3137=DIRECTION('',(0.,1.,0.));
#3138=DIRECTION('',(0.,0.,1.));
#3139=DIRECTION('',(-0.780637501617637,0.624984072651594,0.));
#3140=DIRECTION('',(-0.624984072651594,-0.780637501617637,0.));
#3141=DIRECTION('',(-0.788418266441404,0.615139526564121,-6.66935611082598E-15));
#3142=DIRECTION('',(-0.615139526564121,-0.788418266441404,0.));
#3143=DIRECTION('',(0.,1.,0.));
#3144=DIRECTION('',(0.,0.,1.));
#3145=DIRECTION('',(-1.,0.,0.));
#3146=DIRECTION('',(0.,0.,1.));
#3147=DIRECTION('',(0.779002205570445,0.627021182829083,0.));
#3148=DIRECTION('',(-0.627021182829083,0.779002205570445,0.));
#3149=DIRECTION('',(1.,0.,0.));
#3150=DIRECTION('',(0.,0.,-1.));
#3151=DIRECTION('',(0.99995162941681,0.00983558979761325,0.));
#3152=DIRECTION('',(-0.00983558979761325,0.99995162941681,0.));
#3153=DIRECTION('',(1.,0.,0.));
#3154=DIRECTION('',(-0.678803966229631,-0.734319532241192,-2.90595053736402E-14));
#3155=DIRECTION('',(0.734319532241192,-0.678803966229631,0.));
#3156=DIRECTION('',(1.,0.,0.));
#3157=DIRECTION('',(0.,0.,-1.));
#3158=DIRECTION('',(0.677111882874172,-0.735880084029045,0.));
#3159=DIRECTION('',(0.735880084029045,0.677111882874172,0.));
#3160=DIRECTION('',(0.,-1.,0.));
#3161=DIRECTION('',(0.,0.,-1.));
#3162=DIRECTION('',(0.,-1.,0.));
#3163=DIRECTION('',(0.,0.,-1.));
#3164=DIRECTION('',(0.680063128757859,-0.733153558883862,4.3321324131256E-14));
#3165=DIRECTION('',(0.733153558883862,0.680063128757859,0.));
#3166=DIRECTION('',(-0.678386419382437,-0.734705291935125,0.));
#3167=DIRECTION('',(0.734705291935125,-0.678386419382437,0.));
#3168=DIRECTION('',(1.,0.,0.));
#3169=DIRECTION('',(0.,0.,-1.));
#3170=DIRECTION('',(0.,-1.,0.));
#3171=DIRECTION('',(0.,0.,-1.));
#3172=DIRECTION('',(0.,-1.,0.));
#3173=DIRECTION('',(-0.866143665251608,0.499795109164256,0.));
#3174=DIRECTION('',(-0.499795109164256,-0.866143665251608,0.));
#3175=DIRECTION('',(-0.766278262351169,0.642508851805228,3.90101316062344E-14));
#3176=DIRECTION('',(-0.642508851805228,-0.766278262351169,0.));
#3177=DIRECTION('',(-0.474678882387883,0.880159053021095,0.));
#3178=DIRECTION('',(-0.880159053021095,-0.474678882387883,0.));
#3179=DIRECTION('',(0.,1.,0.));
#3180=DIRECTION('',(0.,0.,1.));
#3181=DIRECTION('',(0.,1.,0.));
#3182=DIRECTION('',(0.,0.,1.));
#3183=DIRECTION('',(0.749079202775257,0.662480451009375,-3.16035607453993E-14));
#3184=DIRECTION('',(-0.662480451009375,0.749079202775258,0.));
#3185=DIRECTION('',(0.655337026100104,0.755336601934708,0.));
#3186=DIRECTION('',(-0.755336601934708,0.655337026100104,0.));
#3187=DIRECTION('',(1.,0.,0.));
#3188=DIRECTION('',(0.,0.,-1.));
#3189=DIRECTION('',(1.,0.,0.));
#3190=DIRECTION('',(0.,0.,-1.));
#3191=DIRECTION('',(0.861620189010048,-0.507553593121248,-2.97156982490068E-14));
#3192=DIRECTION('',(0.507553593121248,0.861620189010048,0.));
#3193=DIRECTION('',(0.894427190999903,-0.447213595499984,0.));
#3194=DIRECTION('',(0.447213595499984,0.894427190999903,0.));
#3195=DIRECTION('',(-0.729290738545216,0.684203930617308,0.));
#3196=DIRECTION('',(-0.684203930617308,-0.729290738545216,0.));
#3197=DIRECTION('',(-0.929863091682108,0.367905736197999,0.));
#3198=DIRECTION('',(0.367905736197999,0.929863091682108,0.));
#3199=DIRECTION('',(-0.729290738545216,0.684203930617308,0.));
#3200=DIRECTION('',(0.725812815891286,-0.687892256307601,0.));
#3201=DIRECTION('',(0.687892256307601,0.725812815891286,0.));
#3202=DIRECTION('',(0.725812815891286,-0.687892256307601,0.));
#3203=DIRECTION('',(0.918665405985117,0.39503654495021,0.));
#3204=DIRECTION('',(0.395036544950211,-0.918665405985117,0.));
#3205=DIRECTION('',(-1.,0.,0.));
#3206=DIRECTION('',(0.,0.,1.));
#3207=DIRECTION('',(-0.707106781186548,-0.707106781186548,0.));
#3208=DIRECTION('',(-0.707106781186548,0.707106781186548,0.));
#3209=DIRECTION('',(-1.,0.,0.));
#3210=DIRECTION('',(0.,1.,0.));
#3211=DIRECTION('',(0.,0.,1.));
#3212=DIRECTION('',(0.,1.,0.));
#3213=DIRECTION('',(0.707106781186548,0.707106781186548,0.));
#3214=DIRECTION('',(0.707106781186548,-0.707106781186548,0.));
#3215=DIRECTION('',(0.,-1.,0.));
#3216=DIRECTION('',(0.,0.,-1.));
#3217=DIRECTION('',(0.707106781186548,-0.707106781186548,0.));
#3218=DIRECTION('',(0.707106781186548,0.707106781186548,0.));
#3219=DIRECTION('',(0.,-1.,0.));
#3220=DIRECTION('',(1.,0.,0.));
#3221=DIRECTION('',(0.,0.,-1.));
#3222=DIRECTION('',(1.,0.,0.));
#3223=DIRECTION('',(0.,1.,0.));
#3224=DIRECTION('',(0.,0.,1.));
#3225=DIRECTION('',(0.,1.,0.));
#3226=DIRECTION('',(0.,0.,1.));
#3227=DIRECTION('',(0.,-1.,-9.54097911787349E-14));
#3228=DIRECTION('',(0.,9.54097911787349E-14,-1.));
#3229=DIRECTION('',(0.,0.,1.));
#3230=DIRECTION('',(1.,0.,0.));
#3231=DIRECTION('',(-1.,0.,0.));
#3232=DIRECTION('',(0.,0.,1.));
#3233=DIRECTION('',(0.,0.,1.));
#3234=DIRECTION('',(1.,0.,0.));
#3235=DIRECTION('',(-1.,0.,0.));
#3236=DIRECTION('',(0.,0.,1.));
#3237=DIRECTION('',(1.,0.,0.));
#3238=DIRECTION('',(0.,0.,-1.));
#3239=DIRECTION('',(-1.,0.,0.));
#3240=DIRECTION('',(0.,0.,1.));
#3241=DIRECTION('',(-1.,0.,0.));
#3242=DIRECTION('',(0.,0.,1.));
#3243=DIRECTION('',(-1.,0.,0.));
#3244=DIRECTION('',(0.,0.,1.));
#3245=DIRECTION('',(0.,0.,1.));
#3246=DIRECTION('',(1.,0.,0.));
#3247=DIRECTION('',(0.,1.,0.));
#3248=DIRECTION('',(0.,0.,1.));
#3249=DIRECTION('',(0.,0.,1.));
#3250=DIRECTION('',(1.,0.,0.));
#3251=DIRECTION('',(1.9081958235747E-13,-1.,0.));
#3252=DIRECTION('',(1.,1.9081958235747E-13,0.));
#3253=DIRECTION('',(0.,-1.,0.));
#3254=DIRECTION('',(0.,0.,-1.));
#3255=DIRECTION('',(0.,1.,-9.54097911787349E-14));
#3256=DIRECTION('',(0.,9.54097911787349E-14,1.));
#3257=DIRECTION('',(0.,-1.,0.));
#3258=DIRECTION('',(0.,0.,-1.));
#3259=DIRECTION('',(0.,-1.,0.));
#3260=DIRECTION('',(0.,0.,-1.));
#3261=DIRECTION('',(0.,0.,1.));
#3262=DIRECTION('',(1.,0.,0.));
#3263=DIRECTION('',(-1.,0.,0.));
#3264=DIRECTION('',(0.,0.,1.));
#3265=DIRECTION('',(0.,0.,1.));
#3266=DIRECTION('',(1.,0.,0.));
#3267=DIRECTION('',(-1.,0.,0.));
#3268=DIRECTION('',(0.,0.,1.));
#3269=DIRECTION('',(1.,1.18613571006961E-16,0.));
#3270=DIRECTION('',(-1.18613571006961E-16,1.,0.));
#3271=DIRECTION('',(-1.,0.,0.));
#3272=DIRECTION('',(0.,0.,1.));
#3273=DIRECTION('',(-1.,0.,0.));
#3274=DIRECTION('',(0.,0.,1.));
#3275=DIRECTION('',(-1.,0.,0.));
#3276=DIRECTION('',(0.,0.,1.));
#3277=DIRECTION('',(0.,0.,1.));
#3278=DIRECTION('',(1.,0.,0.));
#3279=DIRECTION('',(0.,1.,0.));
#3280=DIRECTION('',(0.,0.,1.));
#3281=DIRECTION('',(0.,0.,1.));
#3282=DIRECTION('',(1.,0.,0.));
#3283=DIRECTION('',(0.,-1.,0.));
#3284=DIRECTION('',(0.,0.,-1.));
#3285=DIRECTION('',(0.,-1.,0.));
#3286=DIRECTION('',(0.,0.,-1.));
#3287=DIRECTION('',(0.,1.,0.));
#3288=DIRECTION('',(0.,0.,1.));
#3289=DIRECTION('',(0.,-1.,0.));
#3290=DIRECTION('',(0.,0.,-1.));
#3291=DIRECTION('',(0.,-1.,0.));
#3292=DIRECTION('',(0.,0.,-1.));
#3293=DIRECTION('',(0.,0.,1.));
#3294=DIRECTION('',(1.,0.,0.));
#3295=DIRECTION('',(1.,0.,0.));
#3296=DIRECTION('',(0.,0.,-1.));
#3297=DIRECTION('',(0.,0.,1.));
#3298=DIRECTION('',(1.,0.,0.));
#3299=DIRECTION('',(1.,0.,0.));
#3300=DIRECTION('',(0.,0.,-1.));
#3301=DIRECTION('',(-1.,0.,0.));
#3302=DIRECTION('',(0.,0.,1.));
#3303=DIRECTION('',(1.,0.,0.));
#3304=DIRECTION('',(0.,0.,-1.));
#3305=DIRECTION('',(1.,0.,0.));
#3306=DIRECTION('',(0.,0.,-1.));
#3307=DIRECTION('',(1.,0.,0.));
#3308=DIRECTION('',(0.,0.,-1.));
#3309=DIRECTION('',(0.,-1.,0.));
#3310=DIRECTION('',(0.,0.,-1.));
#3311=DIRECTION('',(0.,1.,0.));
#3312=DIRECTION('',(0.,0.,1.));
#3313=DIRECTION('',(9.54097911787349E-14,-1.,0.));
#3314=DIRECTION('',(1.,9.54097911787349E-14,0.));
#3315=DIRECTION('',(0.,0.,1.));
#3316=DIRECTION('',(1.,0.,0.));
#3317=DIRECTION('',(-1.,0.,0.));
#3318=DIRECTION('',(0.,0.,1.));
#3319=DIRECTION('',(0.,0.,1.));
#3320=DIRECTION('',(1.,0.,0.));
#3321=DIRECTION('',(-1.,0.,0.));
#3322=DIRECTION('',(0.,0.,1.));
#3323=DIRECTION('',(-1.,0.,0.));
#3324=DIRECTION('',(0.,0.,1.));
#3325=DIRECTION('',(-1.,0.,0.));
#3326=DIRECTION('',(0.,0.,1.));
#3327=DIRECTION('',(1.,0.,0.));
#3328=DIRECTION('',(0.,0.,-1.));
#3329=DIRECTION('',(-1.,0.,0.));
#3330=DIRECTION('',(0.,0.,1.));
#3331=DIRECTION('',(0.,0.,1.));
#3332=DIRECTION('',(1.,0.,0.));
#3333=DIRECTION('',(0.,1.,0.));
#3334=DIRECTION('',(0.,0.,1.));
#3335=DIRECTION('',(0.,0.,1.));
#3336=DIRECTION('',(1.,0.,0.));
#3337=DIRECTION('',(1.9081958235747E-13,-1.,0.));
#3338=DIRECTION('',(1.,1.9081958235747E-13,0.));
#3339=DIRECTION('',(0.,1.,0.));
#3340=DIRECTION('',(0.,0.,1.));
#3341=DIRECTION('',(-9.54097911787349E-14,1.,0.));
#3342=DIRECTION('',(-1.,-9.54097911787349E-14,0.));
#3343=DIRECTION('',(0.,1.,0.));
#3344=DIRECTION('',(0.,0.,1.));
#3345=DIRECTION('',(0.,-1.,0.));
#3346=DIRECTION('',(0.,0.,-1.));
#3347=DIRECTION('',(0.,0.,1.));
#3348=DIRECTION('',(1.,0.,0.));
#3349=DIRECTION('',(-1.,0.,0.));
#3350=DIRECTION('',(0.,0.,1.));
#3351=DIRECTION('',(0.,0.,1.));
#3352=DIRECTION('',(1.,0.,0.));
#3353=DIRECTION('',(-1.,0.,0.));
#3354=DIRECTION('',(0.,0.,1.));
#3355=DIRECTION('',(-1.,-1.18613571006961E-16,0.));
#3356=DIRECTION('',(1.18613571006961E-16,-1.,0.));
#3357=DIRECTION('',(-1.,0.,0.));
#3358=DIRECTION('',(0.,0.,1.));
#3359=DIRECTION('',(1.,0.,0.));
#3360=DIRECTION('',(0.,0.,-1.));
#3361=DIRECTION('',(-1.,0.,0.));
#3362=DIRECTION('',(0.,0.,1.));
#3363=DIRECTION('',(0.,0.,1.));
#3364=DIRECTION('',(1.,0.,0.));
#3365=DIRECTION('',(0.,1.,0.));
#3366=DIRECTION('',(0.,0.,1.));
#3367=DIRECTION('',(0.,0.,1.));
#3368=DIRECTION('',(1.,0.,0.));
#3369=DIRECTION('',(0.,-1.,0.));
#3370=DIRECTION('',(0.,0.,-1.));
#3371=DIRECTION('',(0.,1.,0.));
#3372=DIRECTION('',(0.,0.,1.));
#3373=DIRECTION('',(0.,1.,0.));
#3374=DIRECTION('',(0.,0.,1.));
#3375=DIRECTION('',(0.,1.,0.));
#3376=DIRECTION('',(0.,0.,1.));
#3377=DIRECTION('',(0.,-1.,0.));
#3378=DIRECTION('',(0.,0.,-1.));
#3379=DIRECTION('',(0.,0.,1.));
#3380=DIRECTION('',(1.,0.,0.));
#3381=DIRECTION('',(1.,0.,0.));
#3382=DIRECTION('',(0.,0.,-1.));
#3383=DIRECTION('',(0.,0.,1.));
#3384=DIRECTION('',(1.,0.,0.));
#3385=DIRECTION('',(1.,0.,0.));
#3386=DIRECTION('',(0.,0.,-1.));
#3387=DIRECTION('',(1.,0.,0.));
#3388=DIRECTION('',(0.,0.,-1.));
#3389=DIRECTION('',(1.,0.,0.));
#3390=DIRECTION('',(0.,0.,-1.));
#3391=DIRECTION('',(-1.,0.,0.));
#3392=DIRECTION('',(0.,0.,1.));
#3393=DIRECTION('',(1.,0.,0.));
#3394=DIRECTION('',(0.,0.,-1.));
#3395=DIRECTION('',(0.678803966229523,0.734319532241291,0.));
#3396=DIRECTION('',(-0.734319532241291,0.678803966229523,0.));
#3397=DIRECTION('',(-1.,0.,0.));
#3398=DIRECTION('',(0.,0.,1.));
#3399=DIRECTION('',(-0.677111882874143,0.735880084029071,-5.45525004786116E-14));
#3400=DIRECTION('',(-0.735880084029071,-0.677111882874143,0.));
#3401=DIRECTION('',(0.,1.,0.));
#3402=DIRECTION('',(0.,0.,1.));
#3403=DIRECTION('',(0.,1.,0.));
#3404=DIRECTION('',(0.,0.,1.));
#3405=DIRECTION('',(-0.680063128757961,0.733153558883767,0.));
#3406=DIRECTION('',(-0.733153558883767,-0.680063128757961,0.));
#3407=DIRECTION('',(0.678386419382374,0.734705291935182,-1.10324816700914E-13));
#3408=DIRECTION('',(-0.734705291935182,0.678386419382374,0.));
#3409=DIRECTION('',(-1.,0.,0.));
#3410=DIRECTION('',(0.,0.,1.));
#3411=DIRECTION('',(0.,-1.,0.));
#3412=DIRECTION('',(0.,0.,-1.));
#3413=DIRECTION('',(0.866143665251623,-0.499795109164229,2.16751577261418E-14));
#3414=DIRECTION('',(0.499795109164229,0.866143665251623,0.));
#3415=DIRECTION('',(0.766278262351296,-0.642508851805077,0.));
#3416=DIRECTION('',(0.642508851805077,0.766278262351296,0.));
#3417=DIRECTION('',(0.474678882387966,-0.88015905302105,3.0536651437386E-14));
#3418=DIRECTION('',(0.88015905302105,0.474678882387966,0.));
#3419=DIRECTION('',(0.,-1.,0.));
#3420=DIRECTION('',(0.,0.,-1.));
#3421=DIRECTION('',(0.,-1.,0.));
#3422=DIRECTION('',(0.,0.,-1.));
#3423=DIRECTION('',(-0.749079202775177,-0.662480451009466,0.));
#3424=DIRECTION('',(0.662480451009466,-0.749079202775177,0.));
#3425=DIRECTION('',(-0.655337026100228,-0.7553366019346,7.9436945723214E-14));
#3426=DIRECTION('',(0.7553366019346,-0.655337026100228,0.));
#3427=DIRECTION('',(-1.,0.,0.));
#3428=DIRECTION('',(0.,0.,1.));
#3429=DIRECTION('',(-1.,0.,0.));
#3430=DIRECTION('',(0.,0.,1.));
#3431=DIRECTION('',(-0.861620189010099,0.507553593121162,0.));
#3432=DIRECTION('',(-0.507553593121162,-0.861620189010099,0.));
#3433=DIRECTION('',(-0.894427190999983,0.447213595499825,-2.9092197108361E-14));
#3434=DIRECTION('',(-0.447213595499825,-0.894427190999983,0.));
#3435=DIRECTION('',(-0.729290738545216,0.684203930617308,0.));
#3436=DIRECTION('',(-0.684203930617308,-0.729290738545216,0.));
#3437=DIRECTION('',(-0.929863091682108,0.367905736197999,0.));
#3438=DIRECTION('',(0.367905736197999,0.929863091682108,0.));
#3439=DIRECTION('',(0.725812815891286,-0.687892256307601,0.));
#3440=DIRECTION('',(0.687892256307601,0.725812815891286,0.));
#3441=DIRECTION('',(0.918665405985117,0.39503654495021,0.));
#3442=DIRECTION('',(0.395036544950211,-0.918665405985117,0.));
#3443=DIRECTION('',(-1.,0.,0.));
#3444=DIRECTION('',(0.,0.,1.));
#3445=DIRECTION('',(-0.707106781186548,-0.707106781186548,0.));
#3446=DIRECTION('',(-0.707106781186548,0.707106781186548,0.));
#3447=DIRECTION('',(0.,1.,0.));
#3448=DIRECTION('',(0.,0.,1.));
#3449=DIRECTION('',(0.707106781186548,0.707106781186548,0.));
#3450=DIRECTION('',(0.707106781186548,-0.707106781186548,0.));
#3451=DIRECTION('',(0.,-1.,0.));
#3452=DIRECTION('',(0.,0.,-1.));
#3453=DIRECTION('',(0.707106781186548,-0.707106781186548,0.));
#3454=DIRECTION('',(0.707106781186548,0.707106781186548,0.));
#3455=DIRECTION('',(1.,0.,0.));
#3456=DIRECTION('',(0.,0.,-1.));
#3457=DIRECTION('',(0.849747325331263,-0.527190177348142,0.));
#3458=DIRECTION('',(0.527190177348142,0.849747325331263,0.));
#3459=DIRECTION('',(1.,0.,0.));
#3460=DIRECTION('',(0.,0.,-1.));
#3461=DIRECTION('',(-1.,0.,0.));
#3462=DIRECTION('',(0.,0.,1.));
#3463=DIRECTION('',(0.,-1.,0.));
#3464=DIRECTION('',(0.,0.,-1.));
#3465=DIRECTION('',(-0.872092613831983,-0.489340855539061,2.54661320957483E-14));
#3466=DIRECTION('',(0.489340855539061,-0.872092613831983,0.));
#3467=DIRECTION('',(-0.856758108519779,-0.515718473089349,0.));
#3468=DIRECTION('',(0.515718473089349,-0.856758108519779,0.));
#3469=DIRECTION('',(0.,-1.,0.));
#3470=DIRECTION('',(0.,0.,-1.));
#3471=DIRECTION('',(-1.,0.,0.));
#3472=DIRECTION('',(0.,0.,1.));
#3473=DIRECTION('',(0.869685915236168,-0.493605519458432,1.07033635309545E-15));
#3474=DIRECTION('',(0.493605519458432,0.869685915236169,0.));
#3475=DIRECTION('',(-1.,0.,0.));
#3476=DIRECTION('',(0.,0.,1.));
#3477=DIRECTION('',(-0.779938109117228,-0.625856649678377,0.));
#3478=DIRECTION('',(0.625856649678377,-0.779938109117228,0.));
#3479=DIRECTION('',(-1.,0.,0.));
#3480=DIRECTION('',(0.,0.,1.));
#3481=DIRECTION('',(1.,0.,0.));
#3482=DIRECTION('',(0.,0.,-1.));
#3483=DIRECTION('',(0.,-1.,0.));
#3484=DIRECTION('',(0.,0.,-1.));
#3485=DIRECTION('',(0.780637501617748,-0.624984072651456,-2.37163181268167E-14));
#3486=DIRECTION('',(0.624984072651456,0.780637501617748,0.));
#3487=DIRECTION('',(0.788418266441534,-0.615139526563955,0.));
#3488=DIRECTION('',(0.615139526563955,0.788418266441534,0.));
#3489=DIRECTION('',(0.,-1.,0.));
#3490=DIRECTION('',(0.,0.,-1.));
#3491=DIRECTION('',(1.,0.,0.));
#3492=DIRECTION('',(0.,0.,-1.));
#3493=DIRECTION('',(-0.779002205570376,-0.627021182829169,-6.66221374045532E-14));
#3494=DIRECTION('',(0.627021182829169,-0.779002205570376,0.));
#3495=DIRECTION('',(1.,0.,0.));
#3496=DIRECTION('',(0.,0.,-1.));
#3497=DIRECTION('',(0.999951634095782,0.00983511409060991,0.));
#3498=DIRECTION('',(-0.00983511409060991,0.999951634095782,0.));
#3499=CARTESIAN_POINT('',(0.,0.,0.));
#3500=CARTESIAN_POINT('',(0.314809661874344,0.00105923434260858,0.3054));
#3501=CARTESIAN_POINT('',(0.314809659694118,0.00105945096366031,0.305399624782329));
#3502=CARTESIAN_POINT('',(0.314809657497552,0.00105966920827217,0.305399250506765));
#3503=CARTESIAN_POINT('',(0.314808905345225,0.00105922674366111,0.305399999973516));
#3504=CARTESIAN_POINT('',(0.314808903218047,0.00105944336541282,0.305399624755945));
#3505=CARTESIAN_POINT('',(0.314808901074926,0.00105966161072818,0.305399250480479));
#3506=CARTESIAN_POINT('',(0.314808182215921,0.00105921967769673,0.305400000011302));
#3507=CARTESIAN_POINT('',(0.314808180100016,0.00105943629931475,0.305399624793589));
#3508=CARTESIAN_POINT('',(0.314808177968253,0.00105965454449788,0.305399250517982));
#3509=CARTESIAN_POINT('',(0.314807479930238,0.00105921277649433,0.3054));
#3510=CARTESIAN_POINT('',(0.314807477799535,0.00105942939803883,0.305399624782329));
#3511=CARTESIAN_POINT('',(0.314807475652861,0.00105964764314715,0.305399250506765));
#3512=CARTESIAN_POINT('',(0.31480861701816,0.00105922396096568,0.3054));
#3513=CARTESIAN_POINT('',(0.314808573073344,0.00105922352872159,0.3054));
#3514=CARTESIAN_POINT('',(0.314808529128527,0.0010592230964775,0.3054));
#3515=CARTESIAN_POINT('',(0.314808485183711,0.00105922266423341,0.3054));
#3516=CARTESIAN_POINT('',(0.31480861701816,0.00105922396096568,0.3054));
#3517=CARTESIAN_POINT('',(0.314808485255807,0.00105921638143215,0.305399996372799));
#3518=CARTESIAN_POINT('',(0.22325,0.,0.3055));
#3519=CARTESIAN_POINT('',(0.312045388454861,0.00250130208333381,0.3055));
#3520=CARTESIAN_POINT('',(0.312045388454861,0.00295764339151095,0.3055));
#3521=CARTESIAN_POINT('',(0.312214080847819,0.00341857794243803,0.3055));
#3522=CARTESIAN_POINT('',(0.312571454487393,0.00370622904354512,0.3055));
#3523=CARTESIAN_POINT('',(0.312045388454861,0.00250130208333381,0.3055));
#3524=CARTESIAN_POINT('',(0.312571454487393,0.00370622904354513,0.3055));
#3525=CARTESIAN_POINT('',(0.312571454487393,0.00370622904354513,0.3055));
#3526=CARTESIAN_POINT('',(0.312966287772821,0.00402403152456446,0.3055));
#3527=CARTESIAN_POINT('',(0.313486542286163,0.00411715472208901,0.3055));
#3528=CARTESIAN_POINT('',(0.313990274635513,0.00412210946650885,0.3055));
#3529=CARTESIAN_POINT('',(0.313990274635513,0.00412211914062548,0.3055));
#3530=CARTESIAN_POINT('',(0.22325,0.00412211914062548,0.3055));
#3531=CARTESIAN_POINT('',(0.31476513671875,0.00412211914062548,0.3055));
#3532=CARTESIAN_POINT('',(0.31476513671875,0.00412211914062548,0.3055));
#3533=CARTESIAN_POINT('',(0.315279550370448,0.00412211914062548,0.3055));
#3534=CARTESIAN_POINT('',(0.31581159697062,0.00403790894480668,0.3055));
#3535=CARTESIAN_POINT('',(0.31621951770566,0.00371964111856651,0.3055));
#3536=CARTESIAN_POINT('',(0.31621951770566,0.00371964111856654,0.3055));
#3537=CARTESIAN_POINT('',(0.31621951770566,0.00371964111856654,0.3055));
#3538=CARTESIAN_POINT('',(0.316584352230403,0.00343499000585471,0.3055));
#3539=CARTESIAN_POINT('',(0.31675810546875,0.00296911678202188,0.3055));
#3540=CARTESIAN_POINT('',(0.31675810546875,0.00250729709201436,0.3055));
#3541=CARTESIAN_POINT('',(0.31675810546875,0.00250729709201436,0.3055));
#3542=CARTESIAN_POINT('',(0.31675810546875,0.00250729709201436,0.3055));
#3543=CARTESIAN_POINT('',(0.31675810546875,0.00205046011006856,0.3055));
#3544=CARTESIAN_POINT('',(0.316588605027526,0.0015891427595588,0.3055));
#3545=CARTESIAN_POINT('',(0.316230423066047,0.00130172179657984,0.3055));
#3546=CARTESIAN_POINT('',(0.316230423066047,0.00130172179657983,0.3055));
#3547=CARTESIAN_POINT('',(0.316230423066047,0.00130172179657983,0.3055));
#3548=CARTESIAN_POINT('',(0.315834354296359,0.000983898791983002,0.3055));
#3549=CARTESIAN_POINT('',(0.315313186397304,0.000890973479272532,0.3055));
#3550=CARTESIAN_POINT('',(0.314808485338207,0.0008860092065601,0.3055));
#3551=CARTESIAN_POINT('',(0.314808485338207,0.0008860092065601,0.3055));
#3552=CARTESIAN_POINT('',(0.22325,0.000886018880208795,0.3055));
#3553=CARTESIAN_POINT('',(0.314035590277778,0.000886018880208795,0.3055));
#3554=CARTESIAN_POINT('',(0.314035590277778,0.000886018880208795,0.3055));
#3555=CARTESIAN_POINT('',(0.313518400434413,0.000886018880208795,0.3055));
#3556=CARTESIAN_POINT('',(0.312982365317692,0.000969335413172291,0.3055));
#3557=CARTESIAN_POINT('',(0.312576012300053,0.00129466460037141,0.3055));
#3558=CARTESIAN_POINT('',(0.312576012300053,0.00129466460037138,0.3055));
#3559=CARTESIAN_POINT('',(0.312576012300053,0.00129466460037137,0.3055));
#3560=CARTESIAN_POINT('',(0.312217499907749,0.00158169223429045,0.3055));
#3561=CARTESIAN_POINT('',(0.312045388454861,0.00204285428475444,0.3055));
#3562=CARTESIAN_POINT('',(0.312045388454861,0.00250130208333381,0.3055));
#3563=CARTESIAN_POINT('',(0.316731358506945,-6.96343315967699E-5,0.3055));
#3564=CARTESIAN_POINT('',(0.316731358506945,-0.000242717734548247,0.3055));
#3565=CARTESIAN_POINT('',(0.31667371230484,-0.000415032309304692,0.3055));
#3566=CARTESIAN_POINT('',(0.316556093619151,-0.000542415565126043,0.3055));
#3567=CARTESIAN_POINT('',(0.316731358506945,-6.96343315967699E-5,0.3055));
#3568=CARTESIAN_POINT('',(0.316556093619151,-0.000542415565126041,0.3055));
#3569=CARTESIAN_POINT('',(0.316556093619151,-0.000542415565126048,0.3055));
#3570=CARTESIAN_POINT('',(0.316437527274119,-0.00067082515389627,0.3055));
#3571=CARTESIAN_POINT('',(0.316265052717892,-0.000739089626735662,0.3055));
#3572=CARTESIAN_POINT('',(0.316090494791667,-0.000739089626735662,0.3055));
#3573=CARTESIAN_POINT('',(0.316090494791667,-0.000739089626735662,0.3055));
#3574=CARTESIAN_POINT('',(0.316090494791667,-0.000739089626735662,0.3055));
#3575=CARTESIAN_POINT('',(0.315914685443482,-0.000739089626735662,0.3055));
#3576=CARTESIAN_POINT('',(0.315741193488385,-0.000670386625519014,0.3055));
#3577=CARTESIAN_POINT('',(0.315621517074682,-0.000541367443459492,0.3055));
#3578=CARTESIAN_POINT('',(0.315621517074682,-0.000541367443459448,0.3055));
#3579=CARTESIAN_POINT('',(0.315621517074682,-0.000541367443459455,0.3055));
#3580=CARTESIAN_POINT('',(0.315503708017545,-0.000414361396732704,0.3055));
#3581=CARTESIAN_POINT('',(0.315444097222221,-0.00024264742988434,0.3055));
#3582=CARTESIAN_POINT('',(0.315444097222221,-6.96343315968773E-5,0.3055));
#3583=CARTESIAN_POINT('',(0.315444097222222,-6.96343315967699E-5,0.3055));
#3584=CARTESIAN_POINT('',(0.315444097222222,-6.96343315967699E-5,0.3055));
#3585=CARTESIAN_POINT('',(0.315444097222222,0.000104320623310008,0.3055));
#3586=CARTESIAN_POINT('',(0.315503023752274,0.000277143069613503,0.3055));
#3587=CARTESIAN_POINT('',(0.31562128388001,0.000405075029357496,0.3055));
#3588=CARTESIAN_POINT('',(0.31562128388001,0.000405075029357489,0.3055));
#3589=CARTESIAN_POINT('',(0.31562128388001,0.000405075029357493,0.3055));
#3590=CARTESIAN_POINT('',(0.315740857214034,0.000534427595160678,0.3055));
#3591=CARTESIAN_POINT('',(0.315914553158364,0.000603510199653234,0.3055));
#3592=CARTESIAN_POINT('',(0.316090494791667,0.000603510199653234,0.3055));
#3593=CARTESIAN_POINT('',(0.316090494791667,0.000603510199653234,0.3055));
#3594=CARTESIAN_POINT('',(0.316090494791667,0.000603510199653234,0.3055));
#3595=CARTESIAN_POINT('',(0.316265317013788,0.000603510199653234,0.3055));
#3596=CARTESIAN_POINT('',(0.316437839765097,0.000534892823368275,0.3055));
#3597=CARTESIAN_POINT('',(0.31655632857757,0.000406120076228007,0.3055));
#3598=CARTESIAN_POINT('',(0.31655632857757,0.000406120076228064,0.3055));
#3599=CARTESIAN_POINT('',(0.31655632857757,0.000406120076228059,0.3055));
#3600=CARTESIAN_POINT('',(0.31667430052892,0.000277909049855362,0.3055));
#3601=CARTESIAN_POINT('',(0.316731358506945,0.000104296152730719,0.3055));
#3602=CARTESIAN_POINT('',(0.316731358506945,-6.9634331596724E-5,0.3055));
#3603=CARTESIAN_POINT('',(0.315628559027778,0.,0.3055));
#3604=CARTESIAN_POINT('',(0.315628559027778,-0.00246645523467957,0.3055));
#3605=CARTESIAN_POINT('',(0.315628559027778,-0.000927522786457889,0.3055));
#3606=CARTESIAN_POINT('',(0.22325,-0.000927522786457889,0.3055));
#3607=CARTESIAN_POINT('',(0.3167,-0.000927522786457889,0.3055));
#3608=CARTESIAN_POINT('',(0.3167,0.,0.3055));
#3609=CARTESIAN_POINT('',(0.3167,-0.0042042046440968,0.3055));
#3610=CARTESIAN_POINT('',(0.22325,-0.0042042046440968,0.3055));
#3611=CARTESIAN_POINT('',(0.31584995954949,-0.0042042046440968,0.3055));
#3612=CARTESIAN_POINT('',(0.264501454666861,0.0439697910137936,0.3055));
#3613=CARTESIAN_POINT('',(0.314346047634074,-0.00279326879993338,0.3055));
#3614=CARTESIAN_POINT('',(0.314346047634074,-0.00279326879993338,0.3055));
#3615=CARTESIAN_POINT('',(0.314190360120403,-0.00265080875380365,0.3055));
#3616=CARTESIAN_POINT('',(0.314029363915558,-0.00251243376664126,0.3055));
#3617=CARTESIAN_POINT('',(0.313847382510543,-0.00240523419405159,0.3055));
#3618=CARTESIAN_POINT('',(0.313847382510543,-0.00240523419405158,0.3055));
#3619=CARTESIAN_POINT('',(0.313847382510543,-0.00240523419405158,0.3055));
#3620=CARTESIAN_POINT('',(0.313746449455974,-0.0023457776781012,0.3055));
#3621=CARTESIAN_POINT('',(0.313634719082822,-0.00229871419270741,0.3055));
#3622=CARTESIAN_POINT('',(0.313517252604167,-0.00229871419270741,0.3055));
#3623=CARTESIAN_POINT('',(0.313517252604167,-0.0022987141927079,0.3055));
#3624=CARTESIAN_POINT('',(0.313517252604167,-0.0022987141927079,0.3055));
#3625=CARTESIAN_POINT('',(0.313407670932672,-0.0022987141927079,0.3055));
#3626=CARTESIAN_POINT('',(0.313292382563197,-0.00231661431401039,0.3055));
#3627=CARTESIAN_POINT('',(0.313209807288119,-0.00238964331451299,0.3055));
#3628=CARTESIAN_POINT('',(0.313209807288118,-0.00238964331451295,0.3055));
#3629=CARTESIAN_POINT('',(0.313209807288118,-0.00238964331451295,0.3055));
#3630=CARTESIAN_POINT('',(0.31313950307396,-0.00245181987385508,0.3055));
#3631=CARTESIAN_POINT('',(0.313117751736111,-0.00255053586912811,0.3055));
#3632=CARTESIAN_POINT('',(0.313117751736111,-0.00264379882812456,0.3055));
#3633=CARTESIAN_POINT('',(0.313117751736111,-0.00264379882812456,0.3055));
#3634=CARTESIAN_POINT('',(0.313117751736111,-0.00264379882812457,0.3055));
#3635=CARTESIAN_POINT('',(0.313117751736111,-0.00275370772277028,0.3055));
#3636=CARTESIAN_POINT('',(0.313156011093427,-0.00286479925880721,0.3055));
#3637=CARTESIAN_POINT('',(0.31324039955682,-0.0029355572815571,0.3055));
#3638=CARTESIAN_POINT('',(0.313240399556819,-0.00293555728155712,0.3055));
#3639=CARTESIAN_POINT('',(0.313240399556819,-0.00293555728155711,0.3055));
#3640=CARTESIAN_POINT('',(0.313397263565267,-0.00306708458555275,0.3055));
#3641=CARTESIAN_POINT('',(0.31362015427037,-0.00305160047743013,0.3055));
#3642=CARTESIAN_POINT('',(0.313823318142361,-0.00305160047743013,0.3055));
#3643=CARTESIAN_POINT('',(0.313823318142361,-0.00305160047743013,0.3055));
#3644=CARTESIAN_POINT('',(0.313823318142361,0.,0.3055));
#3645=CARTESIAN_POINT('',(0.313823318142361,-0.0042872124565968,0.3055));
#3646=CARTESIAN_POINT('',(0.313823318142361,-0.0042872124565968,0.3055));
#3647=CARTESIAN_POINT('',(0.313650668304613,-0.0042872124565968,0.3055));
#3648=CARTESIAN_POINT('',(0.31330196383642,-0.00428990617692416,0.3055));
#3649=CARTESIAN_POINT('',(0.312973292672194,-0.00416389852087187,0.3055));
#3650=CARTESIAN_POINT('',(0.312823326568445,-0.00407736284763321,0.3055));
#3651=CARTESIAN_POINT('',(0.312823326568445,-0.00407736284763323,0.3055));
#3652=CARTESIAN_POINT('',(0.312823326568445,-0.00407736284763324,0.3055));
#3653=CARTESIAN_POINT('',(0.312580521740812,-0.00393725599215288,0.3055));
#3654=CARTESIAN_POINT('',(0.312382641174248,-0.00372821592908233,0.3055));
#3655=CARTESIAN_POINT('',(0.312249668059188,-0.00348165452647713,0.3055));
#3656=CARTESIAN_POINT('',(0.312249668059187,-0.00348165452647715,0.3055));
#3657=CARTESIAN_POINT('',(0.312249668059187,-0.00348165452647715,0.3055));
#3658=CARTESIAN_POINT('',(0.312109092703787,-0.00322099689817726,0.3055));
#3659=CARTESIAN_POINT('',(0.312045388454861,-0.00292492576088861,0.3055));
#3660=CARTESIAN_POINT('',(0.312045388454861,-0.00262904188368013,0.3055));
#3661=CARTESIAN_POINT('',(0.312045388454861,-0.00262904188368012,0.3055));
#3662=CARTESIAN_POINT('',(0.312045388454861,-0.00262904188368012,0.3055));
#3663=CARTESIAN_POINT('',(0.312045388454861,-0.00222134087342974,0.3055));
#3664=CARTESIAN_POINT('',(0.312137077587405,-0.00180031046099827,0.3055));
#3665=CARTESIAN_POINT('',(0.312405600431349,-0.00149081302012676,0.3055));
#3666=CARTESIAN_POINT('',(0.312405600431349,-0.00149081302012676,0.3055));
#3667=CARTESIAN_POINT('',(0.312405600431349,-0.00149081302012675,0.3055));
#3668=CARTESIAN_POINT('',(0.312659457041481,-0.00119821977170773,0.3055));
#3669=CARTESIAN_POINT('',(0.313049523532613,-0.00106310221354122,0.3055));
#3670=CARTESIAN_POINT('',(0.313436089409722,-0.00106310221354122,0.3055));
#3671=CARTESIAN_POINT('',(0.313436089409722,-0.00106310221354122,0.3055));
#3672=CARTESIAN_POINT('',(0.313436089409722,-0.00106310221354122,0.3055));
#3673=CARTESIAN_POINT('',(0.313687876086756,-0.00106310221354122,0.3055));
#3674=CARTESIAN_POINT('',(0.313935082741471,-0.00113312185597131,0.3055));
#3675=CARTESIAN_POINT('',(0.314160080739934,-0.00124562085520235,0.3055));
#3676=CARTESIAN_POINT('',(0.314160080739934,-0.00124562085520235,0.3055));
#3677=CARTESIAN_POINT('',(0.314160080739934,-0.00124562085520235,0.3055));
#3678=CARTESIAN_POINT('',(0.314456675167943,-0.00139391806920714,0.3055));
#3679=CARTESIAN_POINT('',(0.314714069402899,-0.00160800242972339,0.3055));
#3680=CARTESIAN_POINT('',(0.314958584826981,-0.00183148426893787,0.3055));
#3681=CARTESIAN_POINT('',(0.314958584826981,-0.00183148426893786,0.3055));
#3682=CARTESIAN_POINT('',(0.265731687829487,0.0448235216846906,0.3055));
#3683=CARTESIAN_POINT('',(0.30675,0.0077,0.3055));
#3684=CARTESIAN_POINT('',(0.285,0.0077,0.3055));
#3685=CARTESIAN_POINT('',(0.30675,0.0077,0.3055));
#3686=CARTESIAN_POINT('',(0.30675,0.0077,0.3055));
#3687=CARTESIAN_POINT('',(0.307615123832596,0.0077,0.3055));
#3688=CARTESIAN_POINT('',(0.309275183428322,0.00702721714211788,0.3055));
#3689=CARTESIAN_POINT('',(0.310885206819616,0.00496238488252095,0.3055));
#3690=CARTESIAN_POINT('',(0.311764201278174,0.00254203802839749,0.3055));
#3691=CARTESIAN_POINT('',(0.312042811507986,5.92194811626818E-6,0.3055));
#3692=CARTESIAN_POINT('',(0.311764549137053,-0.0025436315019694,0.3055));
#3693=CARTESIAN_POINT('',(0.310885767573913,-0.00495948453148905,0.3055));
#3694=CARTESIAN_POINT('',(0.309279647059391,-0.00702454251619478,0.3055));
#3695=CARTESIAN_POINT('',(0.307615096274551,-0.0077,0.3055));
#3696=CARTESIAN_POINT('',(0.30675,-0.0077,0.3055));
#3697=CARTESIAN_POINT('',(0.30675,-0.0077,0.3055));
#3698=CARTESIAN_POINT('',(0.285,-0.0077,0.3055));
#3699=CARTESIAN_POINT('',(0.285,-0.0077,0.3055));
#3700=CARTESIAN_POINT('',(0.285,-0.0095,0.3055));
#3701=CARTESIAN_POINT('',(0.2832,-0.0095,0.3055));
#3702=CARTESIAN_POINT('',(0.2832,-0.0105,0.3055));
#3703=CARTESIAN_POINT('',(0.2832,-0.0105,0.3055));
#3704=CARTESIAN_POINT('',(0.285,-0.0105,0.3055));
#3705=CARTESIAN_POINT('',(0.285,-0.0123,0.3055));
#3706=CARTESIAN_POINT('',(0.31425,-0.0123,0.3055));
#3707=CARTESIAN_POINT('',(0.31425,-0.0123,0.3055));
#3708=CARTESIAN_POINT('',(0.31425,-0.0135,0.3055));
#3709=CARTESIAN_POINT('',(0.31545,-0.0135,0.3055));
#3710=CARTESIAN_POINT('',(0.31545,0.,0.3055));
#3711=CARTESIAN_POINT('',(0.31545,-0.0145,0.3055));
#3712=CARTESIAN_POINT('',(0.31575,-0.0145,0.3055));
#3713=CARTESIAN_POINT('',(0.31575,-0.0148,0.3055));
#3714=CARTESIAN_POINT('',(0.22325,-0.0148,0.3055));
#3715=CARTESIAN_POINT('',(0.316,-0.0148,0.3055));
#3716=CARTESIAN_POINT('',(0.316,-0.014,0.3055));
#3717=CARTESIAN_POINT('',(0.3168,-0.014,0.3055));
#3718=CARTESIAN_POINT('',(0.3168,0.,0.3055));
#3719=CARTESIAN_POINT('',(0.3168,0.014,0.3055));
#3720=CARTESIAN_POINT('',(0.316,0.014,0.3055));
#3721=CARTESIAN_POINT('',(0.316,0.0148,0.3055));
#3722=CARTESIAN_POINT('',(0.22325,0.0148,0.3055));
#3723=CARTESIAN_POINT('',(0.31575,0.0148,0.3055));
#3724=CARTESIAN_POINT('',(0.31575,0.0145,0.3055));
#3725=CARTESIAN_POINT('',(0.31545,0.0145,0.3055));
#3726=CARTESIAN_POINT('',(0.31545,0.,0.3055));
#3727=CARTESIAN_POINT('',(0.31545,0.0135,0.3055));
#3728=CARTESIAN_POINT('',(0.31425,0.0135,0.3055));
#3729=CARTESIAN_POINT('',(0.31425,0.0123,0.3055));
#3730=CARTESIAN_POINT('',(0.285,0.0123,0.3055));
#3731=CARTESIAN_POINT('',(0.285,0.0123,0.3055));
#3732=CARTESIAN_POINT('',(0.285,0.0105,0.3055));
#3733=CARTESIAN_POINT('',(0.2832,0.0105,0.3055));
#3734=CARTESIAN_POINT('',(0.2832,0.0095,0.3055));
#3735=CARTESIAN_POINT('',(0.2832,0.0095,0.3055));
#3736=CARTESIAN_POINT('',(0.285,0.0095,0.3055));
#3737=CARTESIAN_POINT('',(0.31575,0.0145,0.3035));
#3738=CARTESIAN_POINT('',(0.31525,0.0145,0.3035));
#3739=CARTESIAN_POINT('',(0.31525,0.0145,0.3037));
#3740=CARTESIAN_POINT('',(0.31525,0.0145,0.3053));
#3741=CARTESIAN_POINT('',(0.31575,0.0145,0.3053));
#3742=CARTESIAN_POINT('',(0.31575,0.015,0.3053));
#3743=CARTESIAN_POINT('',(0.31575,0.015,0.3035));
#3744=CARTESIAN_POINT('',(0.31575,0.015,0.3037));
#3745=CARTESIAN_POINT('',(0.31575,0.0145,0.3037));
#3746=CARTESIAN_POINT('',(0.31525,0.014,0.3035));
#3747=CARTESIAN_POINT('',(0.31525,0.0135,0.3035));
#3748=CARTESIAN_POINT('',(0.31525,0.0135,0.3037));
#3749=CARTESIAN_POINT('',(0.31525,0.0135,0.3053));
#3750=CARTESIAN_POINT('',(0.31525,0.014,0.3053));
#3751=CARTESIAN_POINT('',(0.31525,0.0135,0.3037));
#3752=CARTESIAN_POINT('',(0.31425,0.0135,0.3035));
#3753=CARTESIAN_POINT('',(0.31425,0.0125,0.3035));
#3754=CARTESIAN_POINT('',(0.31425,0.0125,0.3037));
#3755=CARTESIAN_POINT('',(0.31425,0.0125,0.3053));
#3756=CARTESIAN_POINT('',(0.31425,0.0135,0.3053));
#3757=CARTESIAN_POINT('',(0.31425,0.0135,0.3037));
#3758=CARTESIAN_POINT('',(0.299625,0.0125,0.3035));
#3759=CARTESIAN_POINT('',(0.285,0.0125,0.3035));
#3760=CARTESIAN_POINT('',(0.285,0.0125,0.3037));
#3761=CARTESIAN_POINT('',(0.285,0.0125,0.3053));
#3762=CARTESIAN_POINT('',(0.31425,0.0125,0.3053));
#3763=CARTESIAN_POINT('',(0.299625,0.0125,0.3037));
#3764=CARTESIAN_POINT('',(0.285,0.0105,0.3035));
#3765=CARTESIAN_POINT('',(0.283,0.0105,0.3035));
#3766=CARTESIAN_POINT('',(0.283,0.0105,0.3037));
#3767=CARTESIAN_POINT('',(0.283,0.0105,0.3053));
#3768=CARTESIAN_POINT('',(0.285,0.0105,0.3053));
#3769=CARTESIAN_POINT('',(0.285,0.0105,0.3037));
#3770=CARTESIAN_POINT('',(0.283,0.01,0.3035));
#3771=CARTESIAN_POINT('',(0.283,0.0095,0.3035));
#3772=CARTESIAN_POINT('',(0.283,0.0095,0.3037));
#3773=CARTESIAN_POINT('',(0.283,0.0095,0.3053));
#3774=CARTESIAN_POINT('',(0.283,0.0105,0.3053));
#3775=CARTESIAN_POINT('',(0.283,0.01,0.3037));
#3776=CARTESIAN_POINT('',(0.285,0.0095,0.3035));
#3777=CARTESIAN_POINT('',(0.285,0.0075,0.3035));
#3778=CARTESIAN_POINT('',(0.285,0.0075,0.3037));
#3779=CARTESIAN_POINT('',(0.285,0.0075,0.3053));
#3780=CARTESIAN_POINT('',(0.285,0.0095,0.3053));
#3781=CARTESIAN_POINT('',(0.285,0.0095,0.3037));
#3782=CARTESIAN_POINT('',(0.295875,0.0075,0.3035));
#3783=CARTESIAN_POINT('',(0.30675,0.0075,0.3035));
#3784=CARTESIAN_POINT('',(0.30675,0.0075,0.3037));
#3785=CARTESIAN_POINT('',(0.30675,0.0075,0.3053));
#3786=CARTESIAN_POINT('',(0.285,0.0075,0.3053));
#3787=CARTESIAN_POINT('',(0.295875,0.0075,0.3037));
#3788=CARTESIAN_POINT('',(0.30675,-0.00749999999999999,0.3037));
#3789=CARTESIAN_POINT('',(0.30675,-0.00749999999999999,0.3053));
#3790=CARTESIAN_POINT('',(0.308058996938996,-0.00749999999999999,0.3037));
#3791=CARTESIAN_POINT('',(0.308058996938996,-0.00749999999999999,0.3053));
#3792=CARTESIAN_POINT('',(0.310666569342368,-0.00587708718668417,0.3037));
#3793=CARTESIAN_POINT('',(0.310666569342368,-0.00587708718668417,0.3053));
#3794=CARTESIAN_POINT('',(0.312291715328816,4.1333122821832E-17,0.3037));
#3795=CARTESIAN_POINT('',(0.312291715328816,4.1333122821832E-17,0.3053));
#3796=CARTESIAN_POINT('',(0.310666569342368,0.00587708718668416,0.3037));
#3797=CARTESIAN_POINT('',(0.310666569342368,0.00587708718668416,0.3053));
#3798=CARTESIAN_POINT('',(0.308058996938996,0.00750000000000002,0.3037));
#3799=CARTESIAN_POINT('',(0.308058996938996,0.00750000000000002,0.3053));
#3800=CARTESIAN_POINT('',(0.30675,0.00750000000000001,0.3037));
#3801=CARTESIAN_POINT('',(0.30675,0.00750000000000001,0.3053));
#3802=CARTESIAN_POINT('',(0.30675,-0.0075,0.3035));
#3803=CARTESIAN_POINT('',(0.30675,-0.0075,0.3037));
#3804=CARTESIAN_POINT('',(0.30675,-0.0075,0.3053));
#3805=CARTESIAN_POINT('',(0.30675,-0.0075,0.3053));
#3806=CARTESIAN_POINT('',(0.307588483755508,-0.0075,0.3053));
#3807=CARTESIAN_POINT('',(0.309196123786025,-0.00682695939569068,0.3053));
#3808=CARTESIAN_POINT('',(0.310731372573625,-0.00481158029483581,0.3053));
#3809=CARTESIAN_POINT('',(0.311572114581775,-0.00246817417352551,0.3053));
#3810=CARTESIAN_POINT('',(0.311838567693941,2.56164028718013E-6,0.3053));
#3811=CARTESIAN_POINT('',(0.31157361462507,0.00245945995591835,0.3053));
#3812=CARTESIAN_POINT('',(0.310732793182272,0.00480902360924684,0.3053));
#3813=CARTESIAN_POINT('',(0.309201121929441,0.00682361446284872,0.3053));
#3814=CARTESIAN_POINT('',(0.307588100381833,0.00749999999999999,0.3053));
#3815=CARTESIAN_POINT('',(0.30675,0.0075,0.3053));
#3816=CARTESIAN_POINT('',(0.30675,0.0075,0.3037));
#3817=CARTESIAN_POINT('',(0.307588483755508,0.0075,0.3037));
#3818=CARTESIAN_POINT('',(0.309196123786025,0.00682695939569067,0.3037));
#3819=CARTESIAN_POINT('',(0.310731372573625,0.00481158029483589,0.3037));
#3820=CARTESIAN_POINT('',(0.311572114581775,0.00246817417352554,0.3037));
#3821=CARTESIAN_POINT('',(0.311838567693941,-2.5616402871464E-6,0.3037));
#3822=CARTESIAN_POINT('',(0.31157361462507,-0.00245945995591832,0.3037));
#3823=CARTESIAN_POINT('',(0.310732793182272,-0.00480902360924682,0.3037));
#3824=CARTESIAN_POINT('',(0.309201121929441,-0.00682361446284868,0.3037));
#3825=CARTESIAN_POINT('',(0.307588100381833,-0.0075,0.3037));
#3826=CARTESIAN_POINT('',(0.30675,-0.0075,0.3037));
#3827=CARTESIAN_POINT('',(0.295875,-0.0075,0.3035));
#3828=CARTESIAN_POINT('',(0.285,-0.0075,0.3035));
#3829=CARTESIAN_POINT('',(0.285,-0.0075,0.3037));
#3830=CARTESIAN_POINT('',(0.285,-0.0075,0.3053));
#3831=CARTESIAN_POINT('',(0.30675,-0.0075,0.3053));
#3832=CARTESIAN_POINT('',(0.295875,-0.0075,0.3037));
#3833=CARTESIAN_POINT('',(0.285,-0.0095,0.3035));
#3834=CARTESIAN_POINT('',(0.283,-0.0095,0.3035));
#3835=CARTESIAN_POINT('',(0.283,-0.0095,0.3037));
#3836=CARTESIAN_POINT('',(0.283,-0.0095,0.3053));
#3837=CARTESIAN_POINT('',(0.285,-0.0095,0.3053));
#3838=CARTESIAN_POINT('',(0.285,-0.0095,0.3037));
#3839=CARTESIAN_POINT('',(0.283,-0.01,0.3035));
#3840=CARTESIAN_POINT('',(0.283,-0.0105,0.3035));
#3841=CARTESIAN_POINT('',(0.283,-0.0105,0.3037));
#3842=CARTESIAN_POINT('',(0.283,-0.0105,0.3053));
#3843=CARTESIAN_POINT('',(0.283,-0.0095,0.3053));
#3844=CARTESIAN_POINT('',(0.283,-0.01,0.3037));
#3845=CARTESIAN_POINT('',(0.285,-0.0105,0.3035));
#3846=CARTESIAN_POINT('',(0.285,-0.0125,0.3035));
#3847=CARTESIAN_POINT('',(0.285,-0.0125,0.3037));
#3848=CARTESIAN_POINT('',(0.285,-0.0125,0.3053));
#3849=CARTESIAN_POINT('',(0.285,-0.0105,0.3053));
#3850=CARTESIAN_POINT('',(0.285,-0.0105,0.3037));
#3851=CARTESIAN_POINT('',(0.299625,-0.0125,0.3035));
#3852=CARTESIAN_POINT('',(0.31425,-0.0125,0.3035));
#3853=CARTESIAN_POINT('',(0.31425,-0.0125,0.3037));
#3854=CARTESIAN_POINT('',(0.31425,-0.0125,0.3053));
#3855=CARTESIAN_POINT('',(0.285,-0.0125,0.3053));
#3856=CARTESIAN_POINT('',(0.299625,-0.0125,0.3037));
#3857=CARTESIAN_POINT('',(0.31425,-0.0135,0.3035));
#3858=CARTESIAN_POINT('',(0.31525,-0.0135,0.3035));
#3859=CARTESIAN_POINT('',(0.31525,-0.0135,0.3037));
#3860=CARTESIAN_POINT('',(0.31525,-0.0135,0.3053));
#3861=CARTESIAN_POINT('',(0.31425,-0.0135,0.3053));
#3862=CARTESIAN_POINT('',(0.31425,-0.0135,0.3037));
#3863=CARTESIAN_POINT('',(0.31525,-0.014,0.3035));
#3864=CARTESIAN_POINT('',(0.31525,-0.0145,0.3035));
#3865=CARTESIAN_POINT('',(0.31525,-0.0145,0.3037));
#3866=CARTESIAN_POINT('',(0.31525,-0.0145,0.3053));
#3867=CARTESIAN_POINT('',(0.31525,-0.014,0.3053));
#3868=CARTESIAN_POINT('',(0.31525,-0.0145,0.3037));
#3869=CARTESIAN_POINT('',(0.31575,-0.0145,0.3035));
#3870=CARTESIAN_POINT('',(0.31575,-0.015,0.3035));
#3871=CARTESIAN_POINT('',(0.31575,-0.015,0.3037));
#3872=CARTESIAN_POINT('',(0.31575,-0.015,0.3053));
#3873=CARTESIAN_POINT('',(0.31575,-0.0145,0.3053));
#3874=CARTESIAN_POINT('',(0.31575,-0.0145,0.3037));
#3875=CARTESIAN_POINT('',(0.315875,-0.015,0.3035));
#3876=CARTESIAN_POINT('',(0.316,-0.015,0.3035));
#3877=CARTESIAN_POINT('',(0.316,-0.015,0.3037));
#3878=CARTESIAN_POINT('',(0.316,-0.015,0.3053));
#3879=CARTESIAN_POINT('',(0.315875,-0.015,0.3053));
#3880=CARTESIAN_POINT('',(0.316,-0.015,0.3037));
#3881=CARTESIAN_POINT('',(0.316,-0.014,0.3035));
#3882=CARTESIAN_POINT('',(0.317,-0.014,0.3035));
#3883=CARTESIAN_POINT('',(0.317,-0.014,0.3037));
#3884=CARTESIAN_POINT('',(0.317,-0.014,0.3053));
#3885=CARTESIAN_POINT('',(0.316,-0.014,0.3053));
#3886=CARTESIAN_POINT('',(0.316,-0.014,0.3037));
#3887=CARTESIAN_POINT('',(0.317,5.20417042793042E-18,0.3035));
#3888=CARTESIAN_POINT('',(0.317,0.014,0.3035));
#3889=CARTESIAN_POINT('',(0.317,0.014,0.3037));
#3890=CARTESIAN_POINT('',(0.317,0.014,0.3053));
#3891=CARTESIAN_POINT('',(0.317,5.20417042793042E-18,0.3053));
#3892=CARTESIAN_POINT('',(0.317,0.014,0.3037));
#3893=CARTESIAN_POINT('',(0.316,0.014,0.3035));
#3894=CARTESIAN_POINT('',(0.316,0.015,0.3035));
#3895=CARTESIAN_POINT('',(0.316,0.015,0.3037));
#3896=CARTESIAN_POINT('',(0.316,0.015,0.3053));
#3897=CARTESIAN_POINT('',(0.316,0.014,0.3053));
#3898=CARTESIAN_POINT('',(0.316,0.014,0.3037));
#3899=CARTESIAN_POINT('',(0.315875,0.015,0.3035));
#3900=CARTESIAN_POINT('',(0.315875,0.015,0.3053));
#3901=CARTESIAN_POINT('',(0.31575,0.015,0.3037));
#3902=CARTESIAN_POINT('',(0.22325,0.,0.3035));
#3903=CARTESIAN_POINT('',(0.22325,-0.0077,0.3035));
#3904=CARTESIAN_POINT('',(0.285,-0.0077,0.3035));
#3905=CARTESIAN_POINT('',(0.30675,-0.0077,0.3035));
#3906=CARTESIAN_POINT('',(0.30675,-0.0077,0.3035));
#3907=CARTESIAN_POINT('',(0.307615123832596,-0.0077,0.3035));
#3908=CARTESIAN_POINT('',(0.309275183428322,-0.00702721714211784,0.3035));
#3909=CARTESIAN_POINT('',(0.310885206819616,-0.00496238488252092,0.3035));
#3910=CARTESIAN_POINT('',(0.311764201278174,-0.00254203802839746,0.3035));
#3911=CARTESIAN_POINT('',(0.312042811507986,-5.92194811623514E-6,0.3035));
#3912=CARTESIAN_POINT('',(0.311764549137053,0.00254363150196943,0.3035));
#3913=CARTESIAN_POINT('',(0.310885767573913,0.00495948453148908,0.3035));
#3914=CARTESIAN_POINT('',(0.309279647059391,0.00702454251619481,0.3035));
#3915=CARTESIAN_POINT('',(0.307615096274551,0.0077,0.3035));
#3916=CARTESIAN_POINT('',(0.30675,0.0077,0.3035));
#3917=CARTESIAN_POINT('',(0.30675,0.0077,0.3035));
#3918=CARTESIAN_POINT('',(0.22325,0.0077,0.3035));
#3919=CARTESIAN_POINT('',(0.285,0.0077,0.3035));
#3920=CARTESIAN_POINT('',(0.285,0.0095,0.3035));
#3921=CARTESIAN_POINT('',(0.2832,0.0095,0.3035));
#3922=CARTESIAN_POINT('',(0.2832,0.,0.3035));
#3923=CARTESIAN_POINT('',(0.2832,0.0105,0.3035));
#3924=CARTESIAN_POINT('',(0.285,0.0105,0.3035));
#3925=CARTESIAN_POINT('',(0.285,0.0123,0.3035));
#3926=CARTESIAN_POINT('',(0.22325,0.0123,0.3035));
#3927=CARTESIAN_POINT('',(0.31425,0.0123,0.3035));
#3928=CARTESIAN_POINT('',(0.31425,0.0135,0.3035));
#3929=CARTESIAN_POINT('',(0.31545,0.0135,0.3035));
#3930=CARTESIAN_POINT('',(0.31545,0.0145,0.3035));
#3931=CARTESIAN_POINT('',(0.31545,0.0145,0.3035));
#3932=CARTESIAN_POINT('',(0.31575,0.0145,0.3035));
#3933=CARTESIAN_POINT('',(0.31575,0.0148,0.3035));
#3934=CARTESIAN_POINT('',(0.316,0.0148,0.3035));
#3935=CARTESIAN_POINT('',(0.316,0.0148,0.3035));
#3936=CARTESIAN_POINT('',(0.316,0.014,0.3035));
#3937=CARTESIAN_POINT('',(0.3168,0.014,0.3035));
#3938=CARTESIAN_POINT('',(0.3168,-0.014,0.3035));
#3939=CARTESIAN_POINT('',(0.3168,-0.014,0.3035));
#3940=CARTESIAN_POINT('',(0.316,-0.014,0.3035));
#3941=CARTESIAN_POINT('',(0.316,-0.0148,0.3035));
#3942=CARTESIAN_POINT('',(0.31575,-0.0148,0.3035));
#3943=CARTESIAN_POINT('',(0.31575,-0.0148,0.3035));
#3944=CARTESIAN_POINT('',(0.31575,-0.0145,0.3035));
#3945=CARTESIAN_POINT('',(0.31545,-0.0145,0.3035));
#3946=CARTESIAN_POINT('',(0.31545,-0.0135,0.3035));
#3947=CARTESIAN_POINT('',(0.31545,-0.0135,0.3035));
#3948=CARTESIAN_POINT('',(0.31425,-0.0135,0.3035));
#3949=CARTESIAN_POINT('',(0.31425,-0.0123,0.3035));
#3950=CARTESIAN_POINT('',(0.22325,-0.0123,0.3035));
#3951=CARTESIAN_POINT('',(0.285,-0.0123,0.3035));
#3952=CARTESIAN_POINT('',(0.285,-0.0105,0.3035));
#3953=CARTESIAN_POINT('',(0.2832,-0.0105,0.3035));
#3954=CARTESIAN_POINT('',(0.2832,0.,0.3035));
#3955=CARTESIAN_POINT('',(0.2832,-0.0095,0.3035));
#3956=CARTESIAN_POINT('',(0.285,-0.0095,0.3035));
#3957=CARTESIAN_POINT('',(0.274779052734375,0.,0.3053));
#3958=CARTESIAN_POINT('',(0.31491455078125,0.00323568425005593,0.3053));
#3959=CARTESIAN_POINT('',(0.313917534722223,0.00323568425005593,0.3053));
#3960=CARTESIAN_POINT('',(0.314915371746997,0.00323568425005593,0.3053));
#3961=CARTESIAN_POINT('',(0.314915371746997,0.00323568425005593,0.3053));
#3962=CARTESIAN_POINT('',(0.315191837476793,0.00323258369981524,0.3053));
#3963=CARTESIAN_POINT('',(0.315476638761685,0.00321312353505191,0.3053));
#3964=CARTESIAN_POINT('',(0.315719133013133,0.00307549166260822,0.3053));
#3965=CARTESIAN_POINT('',(0.315719133013133,0.00307549166260813,0.3053));
#3966=CARTESIAN_POINT('',(0.315719133013133,0.00307549166260813,0.3053));
#3967=CARTESIAN_POINT('',(0.315918507812535,0.00296233299267753,0.3053));
#3968=CARTESIAN_POINT('',(0.316032152349018,0.00273637901290487,0.3053));
#3969=CARTESIAN_POINT('',(0.316032152349018,0.00250729709201469,0.3053));
#3970=CARTESIAN_POINT('',(0.316032152349014,0.00250729709201436,0.3053));
#3971=CARTESIAN_POINT('',(0.316032152349014,0.00250729709201436,0.3053));
#3972=CARTESIAN_POINT('',(0.316032152349014,0.00227389497627535,0.3053));
#3973=CARTESIAN_POINT('',(0.315912523098751,0.00204546690389104,0.3053));
#3974=CARTESIAN_POINT('',(0.315708363223695,0.00193091052955427,0.3053));
#3975=CARTESIAN_POINT('',(0.315708363223695,0.00193091052955434,0.3053));
#3976=CARTESIAN_POINT('',(0.315708363223695,0.00193091052955434,0.3053));
#3977=CARTESIAN_POINT('',(0.31545627759474,0.00178946248219621,0.3053));
#3978=CARTESIAN_POINT('',(0.315160550863408,0.00177245377077827,0.3053));
#3979=CARTESIAN_POINT('',(0.314873969184028,0.00177245377077827,0.3053));
#3980=CARTESIAN_POINT('',(0.314873969184028,0.00177245377077835,0.3053));
#3981=CARTESIAN_POINT('',(0.313853895399305,0.00177245377077835,0.3053));
#3982=CARTESIAN_POINT('',(0.313852633336525,0.00177245377077835,0.3053));
#3983=CARTESIAN_POINT('',(0.313852633336525,0.00177245377077835,0.3053));
#3984=CARTESIAN_POINT('',(0.313581827074263,0.00177712284426565,0.3053));
#3985=CARTESIAN_POINT('',(0.313301406782432,0.00179894209249497,0.3053));
#3986=CARTESIAN_POINT('',(0.313069298375986,0.00194294404261671,0.3053));
#3987=CARTESIAN_POINT('',(0.313069298375986,0.00194294404261668,0.3053));
#3988=CARTESIAN_POINT('',(0.313069298375986,0.00194294404261668,0.3053));
#3989=CARTESIAN_POINT('',(0.312880483919153,0.00206008607297838,0.3053));
#3990=CARTESIAN_POINT('',(0.31277410850168,0.0022788455790773,0.3053));
#3991=CARTESIAN_POINT('',(0.31277410850168,0.00250084092881991,0.3053));
#3992=CARTESIAN_POINT('',(0.31277410850168,0.00250084092881991,0.3053));
#3993=CARTESIAN_POINT('',(0.312774108501681,0.00250084092881992,0.3053));
#3994=CARTESIAN_POINT('',(0.312774108501681,0.00272920659567038,0.3053));
#3995=CARTESIAN_POINT('',(0.312886250931016,0.0029536196737665,0.3053));
#3996=CARTESIAN_POINT('',(0.313082506812907,0.00307175428228329,0.3053));
#3997=CARTESIAN_POINT('',(0.313082506812907,0.00307175428228323,0.3053));
#3998=CARTESIAN_POINT('',(0.313082506812907,0.00307175428228323,0.3053));
#3999=CARTESIAN_POINT('',(0.313331271287567,0.00322149600489478,0.3053));
#4000=CARTESIAN_POINT('',(0.313630113141754,0.00323568425005576,0.3053));
#4001=CARTESIAN_POINT('',(0.313917534722222,0.00323568425005617,0.3053));
#4002=CARTESIAN_POINT('',(0.313992241753473,0.00377570897911169,0.3053));
#4003=CARTESIAN_POINT('',(0.31476513671875,0.00377570897911169,0.3053));
#4004=CARTESIAN_POINT('',(0.313993681783763,0.00377570897911169,0.3053));
#4005=CARTESIAN_POINT('',(0.313993680717339,0.00377571605056701,0.3053));
#4006=CARTESIAN_POINT('',(0.313567072346201,0.00377151978361483,0.3053));
#4007=CARTESIAN_POINT('',(0.313124746556177,0.00370689102614277,0.3053));
#4008=CARTESIAN_POINT('',(0.31278866099661,0.00343637476369278,0.3053));
#4009=CARTESIAN_POINT('',(0.312788660996609,0.0034363747636939,0.3053));
#4010=CARTESIAN_POINT('',(0.312788660996609,0.0034363747636939,0.3053));
#4011=CARTESIAN_POINT('',(0.31251301373126,0.00321450546329042,0.3053));
#4012=CARTESIAN_POINT('',(0.312391798616375,0.00285415329655559,0.3053));
#4013=CARTESIAN_POINT('',(0.312391798616375,0.00250130208333379,0.3053));
#4014=CARTESIAN_POINT('',(0.312391798616375,0.00250130208333381,0.3053));
#4015=CARTESIAN_POINT('',(0.312391798616375,0.00250130208333381,0.3053));
#4016=CARTESIAN_POINT('',(0.312391798616375,0.00214783940696762,0.3053));
#4017=CARTESIAN_POINT('',(0.312514744710291,0.00178746878731833,0.3053));
#4018=CARTESIAN_POINT('',(0.312792513133604,0.0015650853633905,0.3053));
#4019=CARTESIAN_POINT('',(0.312792513133604,0.00156508536339048,0.3053));
#4020=CARTESIAN_POINT('',(0.312792513133604,0.00156508536339049,0.3053));
#4021=CARTESIAN_POINT('',(0.313137516900607,0.00128887283333003,0.3053));
#4022=CARTESIAN_POINT('',(0.313597379721404,0.00123242904172258,0.3053));
#4023=CARTESIAN_POINT('',(0.314035590277778,0.00123242904172258,0.3053));
#4024=CARTESIAN_POINT('',(0.314035590277778,0.00123242904172258,0.3053));
#4025=CARTESIAN_POINT('',(0.314808485243056,0.00123242904172258,0.3053));
#4026=CARTESIAN_POINT('',(0.314807758443203,0.00123242904172259,0.3053));
#4027=CARTESIAN_POINT('',(0.314807758443203,0.00123242904172259,0.3053));
#4028=CARTESIAN_POINT('',(0.315234344997442,0.00123670460739649,0.3053));
#4029=CARTESIAN_POINT('',(0.315678204930187,0.00130274850511446,0.3053));
#4030=CARTESIAN_POINT('',(0.316013619962948,0.00157190028293006,0.3053));
#4031=CARTESIAN_POINT('',(0.316013619962948,0.00157190028292989,0.3053));
#4032=CARTESIAN_POINT('',(0.316013619962948,0.00157190028292989,0.3053));
#4033=CARTESIAN_POINT('',(0.316289847644681,0.00179355752652005,0.3053));
#4034=CARTESIAN_POINT('',(0.316411695307236,0.00215411987221901,0.3053));
#4035=CARTESIAN_POINT('',(0.316411695307237,0.00250729709201438,0.3053));
#4036=CARTESIAN_POINT('',(0.316411695307237,0.00250729709201436,0.3053));
#4037=CARTESIAN_POINT('',(0.316411695307237,0.00250729709201436,0.3053));
#4038=CARTESIAN_POINT('',(0.316411695307237,0.00286266450413598,0.3053));
#4039=CARTESIAN_POINT('',(0.316288576604308,0.00322638641318198,0.3053));
#4040=CARTESIAN_POINT('',(0.316006427122909,0.00344652501954811,0.3053));
#4041=CARTESIAN_POINT('',(0.316006427122909,0.00344652501954811,0.3053));
#4042=CARTESIAN_POINT('',(0.316006427122909,0.00344652501954811,0.3053));
#4043=CARTESIAN_POINT('',(0.31565892284989,0.00371765472706906,0.3053));
#4044=CARTESIAN_POINT('',(0.315202223453444,0.00377570897911169,0.3053));
#4045=CARTESIAN_POINT('',(0.31476513671875,0.00377570897911169,0.3053));
#4046=CARTESIAN_POINT('',(0.274779052734375,0.,0.3053));
#4047=CARTESIAN_POINT('',(0.315875488917429,-0.000305786665186843,0.3053));
#4048=CARTESIAN_POINT('',(0.315930157608207,-0.000364723171973866,0.3053));
#4049=CARTESIAN_POINT('',(0.316010194131729,-0.000392679465219509,0.3053));
#4050=CARTESIAN_POINT('',(0.316090494791667,-0.000392679465219509,0.3053));
#4051=CARTESIAN_POINT('',(0.315875488917429,-0.000305786665186843,0.3053));
#4052=CARTESIAN_POINT('',(0.316090494791667,-0.000392679465221874,0.3053));
#4053=CARTESIAN_POINT('',(0.316090494791667,-0.000392679465221874,0.3053));
#4054=CARTESIAN_POINT('',(0.316169240111411,-0.000392679465221874,0.3053));
#4055=CARTESIAN_POINT('',(0.316247965873371,-0.000365485319072581,0.3053));
#4056=CARTESIAN_POINT('',(0.316301584240305,-0.000307415616016494,0.3053));
#4057=CARTESIAN_POINT('',(0.316301584240307,-0.000307415616019042,0.3053));
#4058=CARTESIAN_POINT('',(0.316301584240307,-0.000307415616019042,0.3053));
#4059=CARTESIAN_POINT('',(0.316360507876276,-0.000243600206496952,0.3053));
#4060=CARTESIAN_POINT('',(0.316384948345431,-0.000156267009971843,0.3053));
#4061=CARTESIAN_POINT('',(0.316384948345431,-6.96343315967471E-5,0.3053));
#4062=CARTESIAN_POINT('',(0.316384948345431,-6.96343315967699E-5,0.3053));
#4063=CARTESIAN_POINT('',(0.316384948345431,-6.96343315967699E-5,0.3053));
#4064=CARTESIAN_POINT('',(0.316384948345431,1.79260781358159E-5,0.3053));
#4065=CARTESIAN_POINT('',(0.316360987784038,0.000106815386586493,0.3053));
#4066=CARTESIAN_POINT('',(0.316301412238806,0.000171561639518296,0.3053));
#4067=CARTESIAN_POINT('',(0.316301412238806,0.000171561639518717,0.3053));
#4068=CARTESIAN_POINT('',(0.316301412238806,0.000171561639518717,0.3053));
#4069=CARTESIAN_POINT('',(0.316247971497539,0.000229640633802024,0.3053));
#4070=CARTESIAN_POINT('',(0.316169332701685,0.000257100038136706,0.3053));
#4071=CARTESIAN_POINT('',(0.316090494791667,0.00025710003813682,0.3053));
#4072=CARTESIAN_POINT('',(0.316090494791667,0.000257100038139446,0.3053));
#4073=CARTESIAN_POINT('',(0.316090494791667,0.000257100038139446,0.3053));
#4074=CARTESIAN_POINT('',(0.316010298227459,0.000257100038139446,0.3053));
#4075=CARTESIAN_POINT('',(0.315930289504524,0.000229028185483191,0.3053));
#4076=CARTESIAN_POINT('',(0.315875659627779,0.000169930437777029,0.3053));
#4077=CARTESIAN_POINT('',(0.315875659627776,0.000169930437779709,0.3053));
#4078=CARTESIAN_POINT('',(0.315875659627776,0.000169930437779709,0.3053));
#4079=CARTESIAN_POINT('',(0.315816180813206,0.00010558718484329,0.3053));
#4080=CARTESIAN_POINT('',(0.315790507383736,1.77987490352864E-5,0.3053));
#4081=CARTESIAN_POINT('',(0.315790507383736,-6.9634331596795E-5,0.3053));
#4082=CARTESIAN_POINT('',(0.315790507383736,-6.96343315967699E-5,0.3053));
#4083=CARTESIAN_POINT('',(0.315790507383736,-6.96343315967699E-5,0.3053));
#4084=CARTESIAN_POINT('',(0.315790507383736,-0.000156005777849148,0.3053));
#4085=CARTESIAN_POINT('',(0.315816539980407,-0.000242235766538793,0.3053));
#4086=CARTESIAN_POINT('',(0.315875488917429,-0.000305786665186872,0.3053));
#4087=CARTESIAN_POINT('',(0.274779052734375,0.,0.3053));
#4088=CARTESIAN_POINT('',(0.316353589838486,-0.00112752278645789,0.3053));
#4089=CARTESIAN_POINT('',(0.316353589838486,-0.00385779448258301,0.3053));
#4090=CARTESIAN_POINT('',(0.316353589838486,-0.00127393294797168,0.3053));
#4091=CARTESIAN_POINT('',(0.315828559027778,-0.00127393294797168,0.3053));
#4092=CARTESIAN_POINT('',(0.315974969189292,-0.00127393294797168,0.3053));
#4093=CARTESIAN_POINT('',(0.315974969189292,-0.00293155924479124,0.3053));
#4094=CARTESIAN_POINT('',(0.315974969189292,-0.00327203901099714,0.3053));
#4095=CARTESIAN_POINT('',(0.314721605462122,-0.00208415808167248,0.3053));
#4096=CARTESIAN_POINT('',(0.314722572213545,-0.00208507432454301,0.3053));
#4097=CARTESIAN_POINT('',(0.314722572213546,-0.00208507432454302,0.3053));
#4098=CARTESIAN_POINT('',(0.314502022938591,-0.00188357670018921,0.3053));
#4099=CARTESIAN_POINT('',(0.31427434694842,-0.00169005229407087,0.3053));
#4100=CARTESIAN_POINT('',(0.314005161406083,-0.00155545952290127,0.3053));
#4101=CARTESIAN_POINT('',(0.314005161406085,-0.00155545952289898,0.3053));
#4102=CARTESIAN_POINT('',(0.314005161406085,-0.00155545952289898,0.3053));
#4103=CARTESIAN_POINT('',(0.313827736738463,-0.00146674718908802,0.3053));
#4104=CARTESIAN_POINT('',(0.313635071724367,-0.00140951237505501,0.3053));
#4105=CARTESIAN_POINT('',(0.313436089409722,-0.00140951237505501,0.3053));
#4106=CARTESIAN_POINT('',(0.313436089409722,-0.00140951237505501,0.3053));
#4107=CARTESIAN_POINT('',(0.313436089409722,-0.00140951237505501,0.3053));
#4108=CARTESIAN_POINT('',(0.313149659744753,-0.00140951237505501,0.3053));
#4109=CARTESIAN_POINT('',(0.312856142891398,-0.00150011960661564,0.3053));
#4110=CARTESIAN_POINT('',(0.312667256705623,-0.00171782842518406,0.3053));
#4111=CARTESIAN_POINT('',(0.312667256705623,-0.00171782842518409,0.3053));
#4112=CARTESIAN_POINT('',(0.312667256705623,-0.0017178284251841,0.3053));
#4113=CARTESIAN_POINT('',(0.312452504576502,-0.00196535013845245,0.3053));
#4114=CARTESIAN_POINT('',(0.312391798616375,-0.00230358912004295,0.3053));
#4115=CARTESIAN_POINT('',(0.312391798616375,-0.00262904188368013,0.3053));
#4116=CARTESIAN_POINT('',(0.312391798616375,-0.00262904188368012,0.3053));
#4117=CARTESIAN_POINT('',(0.312391798616375,-0.00262904188368012,0.3053));
#4118=CARTESIAN_POINT('',(0.312391798616375,-0.00286863890784573,0.3053));
#4119=CARTESIAN_POINT('',(0.312440423655487,-0.00310557945101053,0.3053));
#4120=CARTESIAN_POINT('',(0.312554564098902,-0.00331722093816195,0.3053));
#4121=CARTESIAN_POINT('',(0.312554564098902,-0.00331722093816196,0.3053));
#4122=CARTESIAN_POINT('',(0.312554564098902,-0.00331722093816196,0.3053));
#4123=CARTESIAN_POINT('',(0.312657486717734,-0.00350806211118764,0.3053));
#4124=CARTESIAN_POINT('',(0.312808337043113,-0.00366876798380021,0.3053));
#4125=CARTESIAN_POINT('',(0.312996460672934,-0.0037773218806593,0.3053));
#4126=CARTESIAN_POINT('',(0.312996460672934,-0.00377732188065929,0.3053));
#4127=CARTESIAN_POINT('',(0.312996460672934,-0.00377732188065929,0.3053));
#4128=CARTESIAN_POINT('',(0.313144490790203,-0.00386274042216432,0.3053));
#4129=CARTESIAN_POINT('',(0.313306955750985,-0.00391492777548657,0.3053));
#4130=CARTESIAN_POINT('',(0.313476907980848,-0.00393312472662463,0.3053));
#4131=CARTESIAN_POINT('',(0.313476907980848,-0.0039331247266246,0.3053));
#4132=CARTESIAN_POINT('',(0.313476907980848,-0.00325160047743013,0.3053));
#4133=CARTESIAN_POINT('',(0.313476907980848,-0.00338965443716098,0.3053));
#4134=CARTESIAN_POINT('',(0.313476907980848,-0.00338965443716098,0.3053));
#4135=CARTESIAN_POINT('',(0.313309237981654,-0.00336975285882143,0.3053));
#4136=CARTESIAN_POINT('',(0.313147509077354,-0.00330973885540135,0.3053));
#4137=CARTESIAN_POINT('',(0.313017827961692,-0.00320100385818272,0.3053));
#4138=CARTESIAN_POINT('',(0.313017827961692,-0.00320100385818271,0.3053));
#4139=CARTESIAN_POINT('',(0.313017827961692,-0.00320100385818271,0.3053));
#4140=CARTESIAN_POINT('',(0.31285563115182,-0.00306500510786277,0.3053));
#4141=CARTESIAN_POINT('',(0.312771341574597,-0.00285514627537641,0.3053));
#4142=CARTESIAN_POINT('',(0.312771341574597,-0.00264379882812457,0.3053));
#4143=CARTESIAN_POINT('',(0.312771341574597,-0.00264379882812456,0.3053));
#4144=CARTESIAN_POINT('',(0.312771341574597,-0.00264379882812456,0.3053));
#4145=CARTESIAN_POINT('',(0.312771341574597,-0.00245206972985429,0.3053));
#4146=CARTESIAN_POINT('',(0.312835849803125,-0.00225792074388042,0.3053));
#4147=CARTESIAN_POINT('',(0.312980317328085,-0.00213015466689302,0.3053));
#4148=CARTESIAN_POINT('',(0.312980317328085,-0.00213015466689298,0.3053));
#4149=CARTESIAN_POINT('',(0.312980317328085,-0.00213015466689298,0.3053));
#4150=CARTESIAN_POINT('',(0.31312612471268,-0.00200120362733782,0.3053));
#4151=CARTESIAN_POINT('',(0.313323479430151,-0.00195230403119411,0.3053));
#4152=CARTESIAN_POINT('',(0.313517252604167,-0.00195230403119411,0.3053));
#4153=CARTESIAN_POINT('',(0.313517252604167,-0.00195230403119411,0.3053));
#4154=CARTESIAN_POINT('',(0.313517252604167,-0.00195230403119411,0.3053));
#4155=CARTESIAN_POINT('',(0.313697240712633,-0.00195230403119411,0.3053));
#4156=CARTESIAN_POINT('',(0.313868733326204,-0.00201576620967866,0.3053));
#4157=CARTESIAN_POINT('',(0.314023204232713,-0.00210676020521302,0.3053));
#4158=CARTESIAN_POINT('',(0.314023204232713,-0.00210676020521304,0.3053));
#4159=CARTESIAN_POINT('',(0.314023204232713,-0.00210676020521304,0.3053));
#4160=CARTESIAN_POINT('',(0.314227661303773,-0.00222719949201177,0.3053));
#4161=CARTESIAN_POINT('',(0.314407289764962,-0.00237969563935033,0.3053));
#4162=CARTESIAN_POINT('',(0.314581508312459,-0.0025391766662157,0.3053));
#4163=CARTESIAN_POINT('',(0.314581508312459,-0.0025391766662162,0.3053));
#4164=CARTESIAN_POINT('',(0.316029265119796,-0.00389742906927592,0.3053));
#4165=CARTESIAN_POINT('',(0.315987018743083,-0.00385779448258301,0.3053));
#4166=CARTESIAN_POINT('',(0.3165,-0.00385779448258301,0.3053));
#4167=CARTESIAN_POINT('',(0.22325,0.,0.3055));
#4168=CARTESIAN_POINT('',(0.3156857421875,0.00250729709201436,0.3055));
#4169=CARTESIAN_POINT('',(0.3156857421875,0.00261326643166977,0.3055));
#4170=CARTESIAN_POINT('',(0.315640817910223,0.00272162437665055,0.3055));
#4171=CARTESIAN_POINT('',(0.315548143045414,0.00277422362424493,0.3055));
#4172=CARTESIAN_POINT('',(0.3156857421875,0.00250729709201436,0.3055));
#4173=CARTESIAN_POINT('',(0.315548143045414,0.00277422362424492,0.3055));
#4174=CARTESIAN_POINT('',(0.315548143045414,0.00277422362424491,0.3055));
#4175=CARTESIAN_POINT('',(0.315358277412,0.00288198519996625,0.3055));
#4176=CARTESIAN_POINT('',(0.315130537340001,0.00288676968865393,0.3055));
#4177=CARTESIAN_POINT('',(0.314913413577946,0.00288927408854214,0.3055));
#4178=CARTESIAN_POINT('',(0.314913413577946,0.00288927408854214,0.3055));
#4179=CARTESIAN_POINT('',(0.22325,0.00288927408854214,0.3055));
#4180=CARTESIAN_POINT('',(0.313917534722223,0.00288927408854214,0.3055));
#4181=CARTESIAN_POINT('',(0.313917534722223,0.00288927408854214,0.3055));
#4182=CARTESIAN_POINT('',(0.313692943097405,0.00288927408854214,0.3055));
#4183=CARTESIAN_POINT('',(0.313455402893411,0.00289188932072346,0.3055));
#4184=CARTESIAN_POINT('',(0.313261156932465,0.00277496456753266,0.3055));
#4185=CARTESIAN_POINT('',(0.313261156932465,0.00277496456753265,0.3055));
#4186=CARTESIAN_POINT('',(0.313261156932465,0.00277496456753265,0.3055));
#4187=CARTESIAN_POINT('',(0.313167633288189,0.00271866878165778,0.3055));
#4188=CARTESIAN_POINT('',(0.313120518663195,0.00260963960606927,0.3055));
#4189=CARTESIAN_POINT('',(0.313120518663195,0.0025008409288199,0.3055));
#4190=CARTESIAN_POINT('',(0.313120518663195,0.00250084092881991,0.3055));
#4191=CARTESIAN_POINT('',(0.313120518663195,0.00250084092881991,0.3055));
#4192=CARTESIAN_POINT('',(0.313120518663195,0.00239725475377047,0.3055));
#4193=CARTESIAN_POINT('',(0.313163199869033,0.00229234933980365,0.3055));
#4194=CARTESIAN_POINT('',(0.31325192241047,0.00223730515083061,0.3055));
#4195=CARTESIAN_POINT('',(0.31325192241047,0.0022373051508306,0.3055));
#4196=CARTESIAN_POINT('',(0.31325192241047,0.0022373051508306,0.3055));
#4197=CARTESIAN_POINT('',(0.313429266347989,0.00212727952428811,0.3055));
#4198=CARTESIAN_POINT('',(0.313648333417569,0.00212254838656339,0.3055));
#4199=CARTESIAN_POINT('',(0.313855645542788,0.00211886393229213,0.3055));
#4200=CARTESIAN_POINT('',(0.313855645542788,0.00211886393229213,0.3055));
#4201=CARTESIAN_POINT('',(0.22325,0.00211886393229213,0.3055));
#4202=CARTESIAN_POINT('',(0.314873969184028,0.00211886393229213,0.3055));
#4203=CARTESIAN_POINT('',(0.314873969184028,0.00211886393229213,0.3055));
#4204=CARTESIAN_POINT('',(0.315101189989887,0.00211886393229213,0.3055));
#4205=CARTESIAN_POINT('',(0.315339251923511,0.00212101524946945,0.3055));
#4206=CARTESIAN_POINT('',(0.315538850578892,0.00223301227276688,0.3055));
#4207=CARTESIAN_POINT('',(0.315538850578892,0.00223301227276687,0.3055));
#4208=CARTESIAN_POINT('',(0.315538850578892,0.00223301227276687,0.3055));
#4209=CARTESIAN_POINT('',(0.315635128560617,0.0022870349180681,0.3055));
#4210=CARTESIAN_POINT('',(0.3156857421875,0.00239700961378274,0.3055));
#4211=CARTESIAN_POINT('',(0.3156857421875,0.00250729709201436,0.3055));
#4212=CARTESIAN_POINT('',(0.313160610393228,0.0020901245967236,0.3054));
#4213=CARTESIAN_POINT('',(0.313191047732308,0.00213918478142592,0.3055));
#4214=CARTESIAN_POINT('',(0.31325192241047,0.00223730515083059,0.3055));
#4215=CARTESIAN_POINT('',(0.313291531386616,0.00200890110558954,0.3054));
#4216=CARTESIAN_POINT('',(0.313308134333721,0.00206654501222679,0.3055));
#4217=CARTESIAN_POINT('',(0.313341339203403,0.00218183117412488,0.3055));
#4218=CARTESIAN_POINT('',(0.313521240228665,0.00196544665017001,0.3054));
#4219=CARTESIAN_POINT('',(0.313530258832381,0.00202184855483292,0.3055));
#4220=CARTESIAN_POINT('',(0.313548296552074,0.00213465318984706,0.3055));
#4221=CARTESIAN_POINT('',(0.313753361902481,0.00194739616998953,0.3054));
#4222=CARTESIAN_POINT('',(0.313754357186059,0.00200512261751527,0.3055));
#4223=CARTESIAN_POINT('',(0.313756347753216,0.00212057551256656,0.3055));
#4224=CARTESIAN_POINT('',(0.313857878824547,0.00194559415409175,0.3054));
#4225=CARTESIAN_POINT('',(0.313858874108125,0.0020033206016174,0.3055));
#4226=CARTESIAN_POINT('',(0.313860864675281,0.00211877349666873,0.3055));
#4227=CARTESIAN_POINT('',(0.31325192241047,0.00223730515083059,0.3053));
#4228=CARTESIAN_POINT('',(0.313160610393228,0.00209012459672364,0.3054));
#4229=CARTESIAN_POINT('',(0.313160610393228,0.00209012459672364,0.3054));
#4230=CARTESIAN_POINT('',(0.313365837053513,0.00196280030136366,0.3054));
#4231=CARTESIAN_POINT('',(0.313615020446763,0.00194979770975846,0.3054));
#4232=CARTESIAN_POINT('',(0.313854126829408,0.00194565885153525,0.3054));
#4233=CARTESIAN_POINT('',(0.313854126829408,0.00194565885153561,0.3054));
#4234=CARTESIAN_POINT('',(0.313854126829408,0.00194565885153534,0.3054));
#4235=CARTESIAN_POINT('',(0.313854427368414,0.00198038638905869,0.305460149859412));
#4236=CARTESIAN_POINT('',(0.313855028661243,0.00204932351463221,0.305500000000001));
#4237=CARTESIAN_POINT('',(0.313855645542788,0.00211886393229526,0.3055));
#4238=CARTESIAN_POINT('',(0.22325,0.00211886393229213,0.3053));
#4239=CARTESIAN_POINT('',(0.22325,0.00194565885153524,0.3054));
#4240=CARTESIAN_POINT('',(0.314873969184028,0.00194565885153524,0.3054));
#4241=CARTESIAN_POINT('',(0.314873969184028,0.00211886393229213,0.3053));
#4242=CARTESIAN_POINT('',(0.312947313582438,0.00250084092881991,0.3054));
#4243=CARTESIAN_POINT('',(0.313005048609357,0.00250084092881991,0.3055));
#4244=CARTESIAN_POINT('',(0.313120518663195,0.00250084092881991,0.3055));
#4245=CARTESIAN_POINT('',(0.312947313466186,0.00243306768627205,0.305400000001596));
#4246=CARTESIAN_POINT('',(0.313005048399834,0.0024383943975987,0.305500000002526));
#4247=CARTESIAN_POINT('',(0.313120518539432,0.00244904782021606,0.3055));
#4248=CARTESIAN_POINT('',(0.312960230877008,0.00227561160878207,0.305399999999202));
#4249=CARTESIAN_POINT('',(0.313017809312764,0.00229829753706816,0.305499999998737));
#4250=CARTESIAN_POINT('',(0.313132965882071,0.00234366912600471,0.3055));
#4251=CARTESIAN_POINT('',(0.313095339624173,0.00213061880896884,0.3054));
#4252=CARTESIAN_POINT('',(0.313132746639054,0.00217535471923745,0.3055));
#4253=CARTESIAN_POINT('',(0.313207561000923,0.00226482707508201,0.3055));
#4254=CARTESIAN_POINT('',(0.313160610393228,0.00209012459672356,0.3054));
#4255=CARTESIAN_POINT('',(0.313191047732308,0.00213918478142587,0.3055));
#4256=CARTESIAN_POINT('',(0.31325192241047,0.00223730515083059,0.3055));
#4257=CARTESIAN_POINT('',(0.313120518663195,0.00250084092881991,0.3053));
#4258=CARTESIAN_POINT('',(0.312947313582437,0.00250084092881991,0.3054));
#4259=CARTESIAN_POINT('',(0.312947313582437,0.00250084092881991,0.3054));
#4260=CARTESIAN_POINT('',(0.312947313582437,0.00233796119091152,0.3054));
#4261=CARTESIAN_POINT('',(0.313022037911813,0.00217609609539726,0.3054));
#4262=CARTESIAN_POINT('',(0.313160610393228,0.00209012459672363,0.3054));
#4263=CARTESIAN_POINT('',(0.314873969184028,0.00194565885153527,0.3054));
#4264=CARTESIAN_POINT('',(0.314873969184028,0.00200339387845425,0.3055));
#4265=CARTESIAN_POINT('',(0.314873969184028,0.00211886393229213,0.3055));
#4266=CARTESIAN_POINT('',(0.314993080043334,0.00194565884176887,0.3054));
#4267=CARTESIAN_POINT('',(0.314991246557989,0.00200339385938025,0.3055));
#4268=CARTESIAN_POINT('',(0.314987579587304,0.00211886391493044,0.3055));
#4269=CARTESIAN_POINT('',(0.315234978218102,0.00196001856540216,0.3054));
#4270=CARTESIAN_POINT('',(0.315228035820278,0.00201678927905139,0.3055));
#4271=CARTESIAN_POINT('',(0.315214150693013,0.0021303312871838,0.3055));
#4272=CARTESIAN_POINT('',(0.315485283950526,0.00200434752009293,0.3054));
#4273=CARTESIAN_POINT('',(0.315469872757954,0.00206190352307648,0.3055));
#4274=CARTESIAN_POINT('',(0.315439051036037,0.002177014347048,0.3055));
#4275=CARTESIAN_POINT('',(0.315623606901293,0.00208196140116053,0.3054));
#4276=CARTESIAN_POINT('',(0.315595354793826,0.00213231169169599,0.3055));
#4277=CARTESIAN_POINT('',(0.315538850578892,0.00223301227276687,0.3055));
#4278=CARTESIAN_POINT('',(0.314873969184028,0.00194565885153524,0.3054));
#4279=CARTESIAN_POINT('',(0.315130898983614,0.00194565885153524,0.3054));
#4280=CARTESIAN_POINT('',(0.315397327405055,0.00195499346160448,0.3054));
#4281=CARTESIAN_POINT('',(0.315623606901293,0.00208196140116062,0.3054));
#4282=CARTESIAN_POINT('',(0.315623606901293,0.00208196140116061,0.3054));
#4283=CARTESIAN_POINT('',(0.315538850578892,0.00223301227276687,0.3053));
#4284=CARTESIAN_POINT('',(0.313171831872686,0.00292335942490813,0.3054));
#4285=CARTESIAN_POINT('',(0.313201606892612,0.00287389447244966,0.3055));
#4286=CARTESIAN_POINT('',(0.313261156932465,0.00277496456753265,0.3055));
#4287=CARTESIAN_POINT('',(0.313104457921078,0.00288280449763835,0.305400000000003));
#4288=CARTESIAN_POINT('',(0.313141103513443,0.00283747543207268,0.305500000000004));
#4289=CARTESIAN_POINT('',(0.313214394983303,0.00274681682724202,0.3055));
#4290=CARTESIAN_POINT('',(0.312963413645696,0.00273914688879338,0.305399999999999));
#4291=CARTESIAN_POINT('',(0.3130205347775,0.00271504074410081,0.305499999999998));
#4292=CARTESIAN_POINT('',(0.313134776757282,0.00266682869156527,0.3055));
#4293=CARTESIAN_POINT('',(0.312947313461666,0.00257175053208333,0.3054));
#4294=CARTESIAN_POINT('',(0.313005048391473,0.00256624711641608,0.3055));
#4295=CARTESIAN_POINT('',(0.313120518533609,0.00255524028508158,0.3055));
#4296=CARTESIAN_POINT('',(0.312947313582438,0.00250084092881991,0.3054));
#4297=CARTESIAN_POINT('',(0.313005048609357,0.00250084092881992,0.3055));
#4298=CARTESIAN_POINT('',(0.313120518663195,0.00250084092881991,0.3055));
#4299=CARTESIAN_POINT('',(0.313261156932465,0.00277496456753265,0.3053));
#4300=CARTESIAN_POINT('',(0.313171831872686,0.00292335942490794,0.3054));
#4301=CARTESIAN_POINT('',(0.313171831872686,0.00292335942490793,0.3054));
#4302=CARTESIAN_POINT('',(0.313027166007364,0.00283627900112199,0.3054));
#4303=CARTESIAN_POINT('',(0.312947313582437,0.00266949101895184,0.3054));
#4304=CARTESIAN_POINT('',(0.312947313582437,0.00250084092881991,0.3054));
#4305=CARTESIAN_POINT('',(0.315623606901294,0.0020819614011605,0.3054));
#4306=CARTESIAN_POINT('',(0.315595354793826,0.00213231169169595,0.3055));
#4307=CARTESIAN_POINT('',(0.315538850578892,0.00223301227276687,0.3055));
#4308=CARTESIAN_POINT('',(0.315692322951168,0.00212051847980942,0.3054));
#4309=CARTESIAN_POINT('',(0.315657211954866,0.00216701997297437,0.3055));
#4310=CARTESIAN_POINT('',(0.315586989694281,0.00226002343689123,0.3055));
#4311=CARTESIAN_POINT('',(0.315841652308566,0.00226199737885554,0.3054));
#4312=CARTESIAN_POINT('',(0.315784724916821,0.00228743567223967,0.3055));
#4313=CARTESIAN_POINT('',(0.315670870427903,0.00233831202021446,0.3055));
#4314=CARTESIAN_POINT('',(0.31585894740643,0.00243529987645429,0.3054));
#4315=CARTESIAN_POINT('',(0.31580121249181,0.00244091770063096,0.3055));
#4316=CARTESIAN_POINT('',(0.31568574234141,0.0024521533489843,0.3055));
#4317=CARTESIAN_POINT('',(0.315858947268257,0.00250729709201436,0.3054));
#4318=CARTESIAN_POINT('',(0.315801212241338,0.00250729709201436,0.3055));
#4319=CARTESIAN_POINT('',(0.3156857421875,0.00250729709201436,0.3055));
#4320=CARTESIAN_POINT('',(0.315623606901293,0.00208196140116061,0.3054));
#4321=CARTESIAN_POINT('',(0.315773943689794,0.00216631704359679,0.3054));
#4322=CARTESIAN_POINT('',(0.315858947268257,0.00233557821574211,0.3054));
#4323=CARTESIAN_POINT('',(0.315858947268257,0.00250729709201436,0.3054));
#4324=CARTESIAN_POINT('',(0.315858947268257,0.00250729709201436,0.3054));
#4325=CARTESIAN_POINT('',(0.3156857421875,0.00250729709201436,0.3053));
#4326=CARTESIAN_POINT('',(0.313917534722223,0.00306247916929906,0.3054));
#4327=CARTESIAN_POINT('',(0.313917534722223,0.00300474414238011,0.3055));
#4328=CARTESIAN_POINT('',(0.313917534722223,0.00288927408854214,0.3055));
#4329=CARTESIAN_POINT('',(0.313799854748424,0.0030624791792287,0.305399999999142));
#4330=CARTESIAN_POINT('',(0.31380164946796,0.00300474416177993,0.305499999998641));
#4331=CARTESIAN_POINT('',(0.313805238909465,0.00288927410622721,0.3055));
#4332=CARTESIAN_POINT('',(0.313559972372025,0.0030465052963549,0.305400000000438));
#4333=CARTESIAN_POINT('',(0.313567187711582,0.00299022325700709,0.305500000000693));
#4334=CARTESIAN_POINT('',(0.313581618978637,0.00287765820983602,0.3055));
#4335=CARTESIAN_POINT('',(0.313314315750168,0.0030091252965056,0.305399999999983));
#4336=CARTESIAN_POINT('',(0.313328970977058,0.00295055823023258,0.305499999999973));
#4337=CARTESIAN_POINT('',(0.313358280252519,0.00283342605529238,0.3055));
#4338=CARTESIAN_POINT('',(0.313171831872686,0.00292335942490812,0.3054));
#4339=CARTESIAN_POINT('',(0.313201606892612,0.00287389447244964,0.3055));
#4340=CARTESIAN_POINT('',(0.313261156932465,0.00277496456753265,0.3055));
#4341=CARTESIAN_POINT('',(0.313917534722223,0.00288927408854214,0.3053));
#4342=CARTESIAN_POINT('',(0.313917534722223,0.00306247916929904,0.3054));
#4343=CARTESIAN_POINT('',(0.313917534722223,0.00306247916929904,0.3054));
#4344=CARTESIAN_POINT('',(0.31366153176909,0.00306247916929904,0.3054));
#4345=CARTESIAN_POINT('',(0.313393739432533,0.00305693484928214,0.3054));
#4346=CARTESIAN_POINT('',(0.313171831872686,0.00292335942490792,0.3054));
#4347=CARTESIAN_POINT('',(0.315858947268257,0.00250729709201436,0.3054));
#4348=CARTESIAN_POINT('',(0.315801212241338,0.00250729709201436,0.3055));
#4349=CARTESIAN_POINT('',(0.3156857421875,0.00250729709201436,0.3055));
#4350=CARTESIAN_POINT('',(0.315858947386554,0.00257609615858398,0.305399999999184));
#4351=CARTESIAN_POINT('',(0.315801212455181,0.0025708246990519,0.305499999998708));
#4352=CARTESIAN_POINT('',(0.315685742316435,0.00256028178000617,0.3055));
#4353=CARTESIAN_POINT('',(0.315847533615197,0.00273789798287702,0.305400000000403));
#4354=CARTESIAN_POINT('',(0.315789532389443,0.00271498927232873,0.305500000000637));
#4355=CARTESIAN_POINT('',(0.315673530248837,0.00266917215583849,0.3055));
#4356=CARTESIAN_POINT('',(0.315701766054269,0.00288619071967802,0.305400000000011));
#4357=CARTESIAN_POINT('',(0.315666004358278,0.00284010208600789,0.305500000000017));
#4358=CARTESIAN_POINT('',(0.315594480620492,0.00274792420943636,0.3055));
#4359=CARTESIAN_POINT('',(0.315633638029274,0.0029248576434266,0.3054));
#4360=CARTESIAN_POINT('',(0.315605139701321,0.00287464630369939,0.3055));
#4361=CARTESIAN_POINT('',(0.315548143045414,0.00277422362424491,0.3055));
#4362=CARTESIAN_POINT('',(0.315858947268257,0.00250729709201436,0.3054));
#4363=CARTESIAN_POINT('',(0.315858947268257,0.00267499148876932,0.3054));
#4364=CARTESIAN_POINT('',(0.315779616934422,0.00284200475131508,0.3054));
#4365=CARTESIAN_POINT('',(0.315633638029274,0.00292485764342652,0.3054));
#4366=CARTESIAN_POINT('',(0.315633638029274,0.00292485764342652,0.3054));
#4367=CARTESIAN_POINT('',(0.315548143045414,0.00277422362424492,0.3053));
#4368=CARTESIAN_POINT('',(0.22325,0.00288927408854214,0.3053));
#4369=CARTESIAN_POINT('',(0.314914400258419,0.00306247916929895,0.3054));
#4370=CARTESIAN_POINT('',(0.314914204769338,0.0030277435581967,0.305460163843261));
#4371=CARTESIAN_POINT('',(0.314913814266887,0.00295888542301546,0.305499999999998));
#4372=CARTESIAN_POINT('',(0.314913413577946,0.00288927408854696,0.3055));
#4373=CARTESIAN_POINT('',(0.314914400258418,0.00306247916929865,0.3054));
#4374=CARTESIAN_POINT('',(0.22325,0.00306247916929904,0.3054));
#4375=CARTESIAN_POINT('',(0.315633638029274,0.0029248576434266,0.3054));
#4376=CARTESIAN_POINT('',(0.315605139701321,0.00287464630369938,0.3055));
#4377=CARTESIAN_POINT('',(0.315548143045414,0.00277422362424491,0.3055));
#4378=CARTESIAN_POINT('',(0.315499647468352,0.00300090563206873,0.305399999995765));
#4379=CARTESIAN_POINT('',(0.31548393106981,0.00294343912062145,0.305499999993296));
#4380=CARTESIAN_POINT('',(0.315452498997527,0.0028285073536293,0.3055));
#4381=CARTESIAN_POINT('',(0.315260828063549,0.00304523658674257,0.305400000002114));
#4382=CARTESIAN_POINT('',(0.315252490903352,0.00298855320128051,0.305500000003347));
#4383=CARTESIAN_POINT('',(0.315235816220568,0.00287518580240525,0.3055));
#4384=CARTESIAN_POINT('',(0.315019846982157,0.00306129659231158,0.305400000000006));
#4385=CARTESIAN_POINT('',(0.315019199527248,0.00300356519586683,0.30550000000001));
#4386=CARTESIAN_POINT('',(0.315017904617408,0.00288810240297701,0.3055));
#4387=CARTESIAN_POINT('',(0.31491047936619,0.00306252314501384,0.3054));
#4388=CARTESIAN_POINT('',(0.314909831911276,0.00300479174856903,0.3055));
#4389=CARTESIAN_POINT('',(0.314908537001449,0.00288932895567936,0.3055));
#4390=CARTESIAN_POINT('',(0.315633638029274,0.00292485764342652,0.3054));
#4391=CARTESIAN_POINT('',(0.315416846610926,0.00304790142140834,0.3054));
#4392=CARTESIAN_POINT('',(0.31516126300916,0.00305970043593284,0.3054));
#4393=CARTESIAN_POINT('',(0.314914400258418,0.00306247916929904,0.3054));
#4394=CARTESIAN_POINT('',(0.316122021514497,0.00143681103975478,0.3054));
#4395=CARTESIAN_POINT('',(0.316158155365014,0.00139178129202985,0.3055));
#4396=CARTESIAN_POINT('',(0.316230423066047,0.00130172179657982,0.3055));
#4397=CARTESIAN_POINT('',(0.315945920112157,0.00129549954602361,0.305399999998033));
#4398=CARTESIAN_POINT('',(0.315974347028961,0.00124428543519383,0.305499999996886));
#4399=CARTESIAN_POINT('',(0.316031200883224,0.00114185719479787,0.3055));
#4400=CARTESIAN_POINT('',(0.315516564759294,0.00110652996750052,0.305400000000989));
#4401=CARTESIAN_POINT('',(0.315530901438245,0.0010491911104968,0.305500000001566));
#4402=CARTESIAN_POINT('',(0.31555957478581,0.000934513405857179,0.3055));
#4403=CARTESIAN_POINT('',(0.315051566264634,0.00106161362568524,0.305399999999989));
#4404=CARTESIAN_POINT('',(0.315052134122672,0.00100388139144319,0.305499999999983));
#4405=CARTESIAN_POINT('',(0.315053269838768,0.00088841692295905,0.3055));
#4406=CARTESIAN_POINT('',(0.314797696978493,0.00105911655073956,0.3054));
#4407=CARTESIAN_POINT('',(0.314798264836535,0.00100138431649755,0.3055));
#4408=CARTESIAN_POINT('',(0.314799400552618,0.000885919848013331,0.3055));
#4409=CARTESIAN_POINT('',(0.316230423066047,0.00130172179657982,0.3053));
#4410=CARTESIAN_POINT('',(0.316122021514497,0.00143681103975481,0.3054));
#4411=CARTESIAN_POINT('',(0.316122021514497,0.00143681103975483,0.3054));
#4412=CARTESIAN_POINT('',(0.315756206170433,0.00114326471478309,0.3054));
#4413=CARTESIAN_POINT('',(0.315274190943853,0.00106380337662818,0.3054));
#4414=CARTESIAN_POINT('',(0.31480861701816,0.00105922396096568,0.3054));
#4415=CARTESIAN_POINT('',(0.314808485338207,0.0008860092065601,0.3053));
#4416=CARTESIAN_POINT('',(0.22325,0.000886018880208795,0.3053));
#4417=CARTESIAN_POINT('',(0.22325,0.00105922396096569,0.3054));
#4418=CARTESIAN_POINT('',(0.314035590277778,0.00105922396096569,0.3054));
#4419=CARTESIAN_POINT('',(0.314035590277778,0.000886018880208795,0.3053));
#4420=CARTESIAN_POINT('',(0.316584900387993,0.00250729709201436,0.3054));
#4421=CARTESIAN_POINT('',(0.316642635414912,0.00250729709201436,0.3055));
#4422=CARTESIAN_POINT('',(0.31675810546875,0.00250729709201436,0.3055));
#4423=CARTESIAN_POINT('',(0.316584900393253,0.00208517144193333,0.305399999989444));
#4424=CARTESIAN_POINT('',(0.316642635432237,0.00207360099556395,0.30549999998329));
#4425=CARTESIAN_POINT('',(0.316758105511468,0.00205046010306357,0.3055));
#4426=CARTESIAN_POINT('',(0.316437706449127,0.00169013050796485,0.3054));
#4427=CARTESIAN_POINT('',(0.316488005984934,0.00165646791470531,0.3055));
#4428=CARTESIAN_POINT('',(0.31658860504902,0.00158914273757066,0.3055));
#4429=CARTESIAN_POINT('',(0.316122021514497,0.00143681103975471,0.3054));
#4430=CARTESIAN_POINT('',(0.316158155365014,0.00139178129202976,0.3055));
#4431=CARTESIAN_POINT('',(0.316230423066047,0.00130172179657981,0.3055));
#4432=CARTESIAN_POINT('',(0.31675810546875,0.00250729709201436,0.3053));
#4433=CARTESIAN_POINT('',(0.316584900387993,0.00250729709201436,0.3054));
#4434=CARTESIAN_POINT('',(0.316584900387993,0.00250729709201436,0.3054));
#4435=CARTESIAN_POINT('',(0.316584900387993,0.00210208360255666,0.3054));
#4436=CARTESIAN_POINT('',(0.316438852378494,0.00169105006300255,0.3054));
#4437=CARTESIAN_POINT('',(0.316122021514497,0.00143681103975487,0.3054));
#4438=CARTESIAN_POINT('',(0.314035590277778,0.00105922396096571,0.3054));
#4439=CARTESIAN_POINT('',(0.314035590277778,0.00100148893404676,0.3055));
#4440=CARTESIAN_POINT('',(0.314035590277778,0.000886018880208795,0.3055));
#4441=CARTESIAN_POINT('',(0.313538594729292,0.00105922394859211,0.3054));
#4442=CARTESIAN_POINT('',(0.313531863297629,0.00100148890870004,0.3055));
#4443=CARTESIAN_POINT('',(0.313518400434269,0.000886018852624674,0.3055));
#4444=CARTESIAN_POINT('',(0.313041746615909,0.00114367081526423,0.3054));
#4445=CARTESIAN_POINT('',(0.313021952878445,0.00108555906061789,0.3055));
#4446=CARTESIAN_POINT('',(0.312982365360585,0.000969335497705656,0.3055));
#4447=CARTESIAN_POINT('',(0.312684262716828,0.00142987498188086,0.3054));
#4448=CARTESIAN_POINT('',(0.31264817924457,0.00138480485471104,0.3055));
#4449=CARTESIAN_POINT('',(0.312576012300053,0.00129466460037136,0.3055));
#4450=CARTESIAN_POINT('',(0.314035590277778,0.00105922396096568,0.3054));
#4451=CARTESIAN_POINT('',(0.313558175248574,0.00105922396096568,0.3054));
#4452=CARTESIAN_POINT('',(0.313059851307737,0.00112917601891698,0.3054));
#4453=CARTESIAN_POINT('',(0.312684262716828,0.00142987498188093,0.3054));
#4454=CARTESIAN_POINT('',(0.312684262716828,0.00142987498188092,0.3054));
#4455=CARTESIAN_POINT('',(0.312576012300053,0.00129466460037138,0.3053));
#4456=CARTESIAN_POINT('',(0.316112972414285,0.00358308306905721,0.3054));
#4457=CARTESIAN_POINT('',(0.31614848751141,0.00362860241889366,0.3055));
#4458=CARTESIAN_POINT('',(0.31621951770566,0.00371964111856654,0.3055));
#4459=CARTESIAN_POINT('',(0.316434290736437,0.00333238416211366,0.305400000003494));
#4460=CARTESIAN_POINT('',(0.316484311240595,0.00336658611229997,0.305500000005532));
#4461=CARTESIAN_POINT('',(0.316584352240875,0.00343499001507412,0.3055));
#4462=CARTESIAN_POINT('',(0.316584900407284,0.00293418291149754,0.3054));
#4463=CARTESIAN_POINT('',(0.316642635455736,0.00294582753665914,0.3055));
#4464=CARTESIAN_POINT('',(0.316758105517946,0.00296911678698228,0.3055));
#4465=CARTESIAN_POINT('',(0.316584900387993,0.00250729709201436,0.3054));
#4466=CARTESIAN_POINT('',(0.316642635414912,0.00250729709201436,0.3055));
#4467=CARTESIAN_POINT('',(0.31675810546875,0.00250729709201436,0.3055));
#4468=CARTESIAN_POINT('',(0.31621951770566,0.00371964111856654,0.3053));
#4469=CARTESIAN_POINT('',(0.316112972414285,0.00358308306905734,0.3054));
#4470=CARTESIAN_POINT('',(0.316112972414285,0.00358308306905734,0.3054));
#4471=CARTESIAN_POINT('',(0.316436096601828,0.00333097518646821,0.3054));
#4472=CARTESIAN_POINT('',(0.316584900387993,0.00291545918994211,0.3054));
#4473=CARTESIAN_POINT('',(0.316584900387993,0.00250729709201436,0.3054));
#4474=CARTESIAN_POINT('',(0.312684262716829,0.00142987498188086,0.3054));
#4475=CARTESIAN_POINT('',(0.31264817924457,0.00138480485471104,0.3055));
#4476=CARTESIAN_POINT('',(0.312576012300053,0.00129466460037136,0.3055));
#4477=CARTESIAN_POINT('',(0.312367914768298,0.00168314546562504,0.305400000014148));
#4478=CARTESIAN_POINT('',(0.312317776491902,0.00164932771968863,0.305500000022398));
#4479=CARTESIAN_POINT('',(0.31221749989749,0.00158169222543472,0.3055));
#4480=CARTESIAN_POINT('',(0.312218593516553,0.00207792503208912,0.3054));
#4481=CARTESIAN_POINT('',(0.312160858468325,0.00206623478139138,0.3055));
#4482=CARTESIAN_POINT('',(0.312045388406113,0.00204285427999575,0.3055));
#4483=CARTESIAN_POINT('',(0.312218593535618,0.00250130208333381,0.3054));
#4484=CARTESIAN_POINT('',(0.312160858508699,0.00250130208333381,0.3055));
#4485=CARTESIAN_POINT('',(0.312045388454861,0.00250130208333381,0.3055));
#4486=CARTESIAN_POINT('',(0.312684262716828,0.00142987498188092,0.3054));
#4487=CARTESIAN_POINT('',(0.31236642659476,0.00168433689742352,0.3054));
#4488=CARTESIAN_POINT('',(0.312218593535618,0.00209578548217706,0.3054));
#4489=CARTESIAN_POINT('',(0.312218593535618,0.00250130208333381,0.3054));
#4490=CARTESIAN_POINT('',(0.312218593535618,0.00250130208333381,0.3054));
#4491=CARTESIAN_POINT('',(0.312045388454861,0.00250130208333381,0.3053));
#4492=CARTESIAN_POINT('',(0.31476513671875,0.00394891405986857,0.3054));
#4493=CARTESIAN_POINT('',(0.31476513671875,0.00400664908678753,0.3055));
#4494=CARTESIAN_POINT('',(0.31476513671875,0.00412211914062548,0.3055));
#4495=CARTESIAN_POINT('',(0.315259303237919,0.00394891407202586,0.3054));
#4496=CARTESIAN_POINT('',(0.315266052282155,0.00400664911169767,0.3055));
#4497=CARTESIAN_POINT('',(0.31527955037062,0.0041221191677583,0.3055));
#4498=CARTESIAN_POINT('',(0.315752742754048,0.00386414133174246,0.305400000000182));
#4499=CARTESIAN_POINT('',(0.315772360800492,0.00392206382697323,0.305500000000287));
#4500=CARTESIAN_POINT('',(0.315811596931784,0.00403790886725779,0.3055));
#4501=CARTESIAN_POINT('',(0.316112972414285,0.00358308306905719,0.3054));
#4502=CARTESIAN_POINT('',(0.31614848751141,0.00362860241889362,0.3055));
#4503=CARTESIAN_POINT('',(0.31621951770566,0.00371964111856653,0.3055));
#4504=CARTESIAN_POINT('',(0.31476513671875,0.00412211914062548,0.3053));
#4505=CARTESIAN_POINT('',(0.31476513671875,0.00394891405986859,0.3054));
#4506=CARTESIAN_POINT('',(0.31476513671875,0.00394891405986859,0.3054));
#4507=CARTESIAN_POINT('',(0.315240701201081,0.00394891405986859,0.3054));
#4508=CARTESIAN_POINT('',(0.315735146383507,0.00387787041175241,0.3054));
#4509=CARTESIAN_POINT('',(0.316112972414285,0.00358308306905733,0.3054));
#4510=CARTESIAN_POINT('',(0.312218593535618,0.00250130208333381,0.3054));
#4511=CARTESIAN_POINT('',(0.312160858508699,0.00250130208333381,0.3055));
#4512=CARTESIAN_POINT('',(0.312045388454861,0.00250130208333381,0.3055));
#4513=CARTESIAN_POINT('',(0.312218593519302,0.00292302393560347,0.3054));
#4514=CARTESIAN_POINT('',(0.312160858473946,0.0029345637565795,0.3055));
#4515=CARTESIAN_POINT('',(0.312045388412189,0.00295764339853155,0.3055));
#4516=CARTESIAN_POINT('',(0.312365152781969,0.00331783397936787,0.305399999999908));
#4517=CARTESIAN_POINT('',(0.312314795460879,0.00335141531073455,0.305499999999854));
#4518=CARTESIAN_POINT('',(0.312214080826426,0.0034185779641993,0.3055));
#4519=CARTESIAN_POINT('',(0.312680057742001,0.00357130190361955,0.3054));
#4520=CARTESIAN_POINT('',(0.312643856657131,0.00361627761692806,0.3055));
#4521=CARTESIAN_POINT('',(0.312571454487393,0.00370622904354514,0.3055));
#4522=CARTESIAN_POINT('',(0.312218593535618,0.00250130208333381,0.3054));
#4523=CARTESIAN_POINT('',(0.312218593535618,0.00290610144677135,0.3054));
#4524=CARTESIAN_POINT('',(0.312363924760319,0.00331684553021384,0.3054));
#4525=CARTESIAN_POINT('',(0.312680057742001,0.00357130190361951,0.3054));
#4526=CARTESIAN_POINT('',(0.312680057742001,0.0035713019036195,0.3054));
#4527=CARTESIAN_POINT('',(0.312571454487393,0.00370622904354513,0.3053));
#4528=CARTESIAN_POINT('',(0.22325,0.00412211914062548,0.3053));
#4529=CARTESIAN_POINT('',(0.313990274635513,0.00412210946650885,0.3053));
#4530=CARTESIAN_POINT('',(0.313991978206451,0.00394891308777556,0.305400000561197));
#4531=CARTESIAN_POINT('',(0.22325,0.00394891405986859,0.3054));
#4532=CARTESIAN_POINT('',(0.312680057742001,0.00357130190361956,0.3054));
#4533=CARTESIAN_POINT('',(0.312643856657131,0.00361627761692807,0.3055));
#4534=CARTESIAN_POINT('',(0.312571454487393,0.00370622904354515,0.3055));
#4535=CARTESIAN_POINT('',(0.313028845311401,0.0038520420174744,0.305400000000102));
#4536=CARTESIAN_POINT('',(0.313007992819838,0.00390937182165034,0.305500000000161));
#4537=CARTESIAN_POINT('',(0.312966287806277,0.00402403146746689,0.3055));
#4538=CARTESIAN_POINT('',(0.313509175078687,0.00394416389336243,0.3054));
#4539=CARTESIAN_POINT('',(0.313501630813943,0.00400182752070405,0.3055));
#4540=CARTESIAN_POINT('',(0.313486542284695,0.00411715475085996,0.3055));
#4541=CARTESIAN_POINT('',(0.313991978209638,0.00394891276378269,0.3054));
#4542=CARTESIAN_POINT('',(0.313991410351596,0.00400664499802472,0.3055));
#4543=CARTESIAN_POINT('',(0.313990274635513,0.00412210946650885,0.3055));
#4544=CARTESIAN_POINT('',(0.312680057742001,0.0035713019036195,0.3054));
#4545=CARTESIAN_POINT('',(0.313044287327116,0.00386447137560213,0.3054));
#4546=CARTESIAN_POINT('',(0.313526862724633,0.00394433785737334,0.3054));
#4547=CARTESIAN_POINT('',(0.313991978209638,0.00394891276378273,0.3054));
#4548=CARTESIAN_POINT('',(0.315748471753893,0.000287502733568702,0.3054));
#4549=CARTESIAN_POINT('',(0.315706075795932,0.000326693498831622,0.3055));
#4550=CARTESIAN_POINT('',(0.31562128388001,0.000405075029357501,0.3055));
#4551=CARTESIAN_POINT('',(0.315836603760212,0.00038284255723039,0.305399999999995));
#4552=CARTESIAN_POINT('',(0.315804688241201,0.000433370908983112,0.305499999999992));
#4553=CARTESIAN_POINT('',(0.31574085718465,0.000534427629635756,0.3055));
#4554=CARTESIAN_POINT('',(0.315953322625889,0.000430305130893835,0.3054));
#4555=CARTESIAN_POINT('',(0.3159403994667,0.00048804018234223,0.3055));
#4556=CARTESIAN_POINT('',(0.315914553148329,0.000603510282949977,0.3055));
#4557=CARTESIAN_POINT('',(0.316090494791667,0.000430305118896318,0.3054));
#4558=CARTESIAN_POINT('',(0.316090494791667,0.000488040145815271,0.3055));
#4559=CARTESIAN_POINT('',(0.316090494791667,0.000603510199653234,0.3055));
#4560=CARTESIAN_POINT('',(0.31562128388001,0.000405075029357501,0.3053));
#4561=CARTESIAN_POINT('',(0.315748471753893,0.000287502733568597,0.3054));
#4562=CARTESIAN_POINT('',(0.315748471753893,0.000287502733568599,0.3054));
#4563=CARTESIAN_POINT('',(0.315835704886275,0.00038187017417436,0.3054));
#4564=CARTESIAN_POINT('',(0.315962281435558,0.000430305118896343,0.3054));
#4565=CARTESIAN_POINT('',(0.316090494791667,0.000430305118896343,0.3054));
#4566=CARTESIAN_POINT('',(0.316090494791667,0.000430305118896342,0.3054));
#4567=CARTESIAN_POINT('',(0.316090494791667,0.000603510199653234,0.3053));
#4568=CARTESIAN_POINT('',(0.316090494791667,0.000430305118896265,0.3054));
#4569=CARTESIAN_POINT('',(0.316090494791667,0.0004880401458152,0.3055));
#4570=CARTESIAN_POINT('',(0.316090494791667,0.000603510199653234,0.3055));
#4571=CARTESIAN_POINT('',(0.31622655451039,0.000430305133007796,0.3054));
#4572=CARTESIAN_POINT('',(0.316239475347939,0.000488040187038626,0.3055));
#4573=CARTESIAN_POINT('',(0.316265317023036,0.000603510289394677,0.3055));
#4574=CARTESIAN_POINT('',(0.316341924167078,0.000383333367220167,0.3054));
#4575=CARTESIAN_POINT('',(0.316373896033643,0.000433853188770471,0.3055));
#4576=CARTESIAN_POINT('',(0.316437839789699,0.000534892852964498,0.3055));
#4577=CARTESIAN_POINT('',(0.316428870408188,0.000288840857873403,0.3054));
#4578=CARTESIAN_POINT('',(0.316471356464649,0.000327933930658248,0.3055));
#4579=CARTESIAN_POINT('',(0.31655632857757,0.000406120076228048,0.3055));
#4580=CARTESIAN_POINT('',(0.316090494791667,0.000430305118896346,0.3054));
#4581=CARTESIAN_POINT('',(0.316217511982451,0.000430305118896346,0.3054));
#4582=CARTESIAN_POINT('',(0.316342801723859,0.000382379654427626,0.3054));
#4583=CARTESIAN_POINT('',(0.316428870408188,0.000288840857873435,0.3054));
#4584=CARTESIAN_POINT('',(0.316428870408188,0.000288840857873391,0.3054));
#4585=CARTESIAN_POINT('',(0.31655632857757,0.000406120076228064,0.3053));
#4586=CARTESIAN_POINT('',(0.315617302302979,-6.96343315967699E-5,0.3054));
#4587=CARTESIAN_POINT('',(0.31555956727606,-6.96343315967699E-5,0.3055));
#4588=CARTESIAN_POINT('',(0.315444097222222,-6.96343315967699E-5,0.3055));
#4589=CARTESIAN_POINT('',(0.315617302282533,6.99223216448348E-5,0.305399999995981));
#4590=CARTESIAN_POINT('',(0.315559567227101,8.13884245780828E-5,0.305499999993637));
#4591=CARTESIAN_POINT('',(0.315444097143156,0.0001043206304421,0.3055));
#4592=CARTESIAN_POINT('',(0.315660308472119,0.000192129064860031,0.305400000000001));
#4593=CARTESIAN_POINT('',(0.315607880231497,0.000220467066059362,0.305500000000002));
#4594=CARTESIAN_POINT('',(0.315503023734895,0.000277143082655933,0.3055));
#4595=CARTESIAN_POINT('',(0.315748471753893,0.000287502733568723,0.3054));
#4596=CARTESIAN_POINT('',(0.315706075795932,0.00032669349883165,0.3055));
#4597=CARTESIAN_POINT('',(0.31562128388001,0.000405075029357534,0.3055));
#4598=CARTESIAN_POINT('',(0.315444097222222,-6.96343315967699E-5,0.3053));
#4599=CARTESIAN_POINT('',(0.315617302302979,-6.96343315967699E-5,0.3054));
#4600=CARTESIAN_POINT('',(0.315617302302979,-6.96343315967699E-5,0.3054));
#4601=CARTESIAN_POINT('',(0.315617302302979,6.12388398392375E-5,0.3054));
#4602=CARTESIAN_POINT('',(0.31565950040391,0.000191254916299673,0.3054));
#4603=CARTESIAN_POINT('',(0.315748471753893,0.000287502733568599,0.3054));
#4604=CARTESIAN_POINT('',(0.316428870408188,0.000288840857873423,0.3054));
#4605=CARTESIAN_POINT('',(0.316471356464649,0.000327933930658275,0.3055));
#4606=CARTESIAN_POINT('',(0.31655632857757,0.000406120076228048,0.3055));
#4607=CARTESIAN_POINT('',(0.316516052191372,0.000194092347465438,0.305400000005367));
#4608=CARTESIAN_POINT('',(0.316568801638263,0.000222031244070722,0.305500000008497));
#4609=CARTESIAN_POINT('',(0.316674300536177,0.000277909055150532,0.3055));
#4610=CARTESIAN_POINT('',(0.316558153444353,7.10001812108876E-5,0.3054));
#4611=CARTESIAN_POINT('',(0.31661588849919,8.20988408167447E-5,0.3055));
#4612=CARTESIAN_POINT('',(0.316731358589423,0.00010429616002848,0.3055));
#4613=CARTESIAN_POINT('',(0.316558153426188,-6.96343315967699E-5,0.3054));
#4614=CARTESIAN_POINT('',(0.316615888453107,-6.96343315967699E-5,0.3055));
#4615=CARTESIAN_POINT('',(0.316731358506945,-6.96343315967699E-5,0.3055));
#4616=CARTESIAN_POINT('',(0.316428870408188,0.000288840857873394,0.3054));
#4617=CARTESIAN_POINT('',(0.316517732331069,0.000192266390741753,0.3054));
#4618=CARTESIAN_POINT('',(0.316558153426187,6.11639127003112E-5,0.3054));
#4619=CARTESIAN_POINT('',(0.316558153426187,-6.96343315967535E-5,0.3054));
#4620=CARTESIAN_POINT('',(0.316558153426187,-6.96343315967699E-5,0.3054));
#4621=CARTESIAN_POINT('',(0.316731358506945,-6.96343315967699E-5,0.3053));
#4622=CARTESIAN_POINT('',(0.315748502996055,-0.000423577054323241,0.3054));
#4623=CARTESIAN_POINT('',(0.315706174355597,-0.000462840517368626,0.3055));
#4624=CARTESIAN_POINT('',(0.315621517074682,-0.000541367443459467,0.3055));
#4625=CARTESIAN_POINT('',(0.315660505928249,-0.000328710320691713,0.3054));
#4626=CARTESIAN_POINT('',(0.315608239956447,-0.000357260679621044,0.3055));
#4627=CARTESIAN_POINT('',(0.315503707997722,-0.000414361411502015,0.3055));
#4628=CARTESIAN_POINT('',(0.315617302287957,-0.000207711678591644,0.3054));
#4629=CARTESIAN_POINT('',(0.315559567236069,-0.000219356931451614,0.3055));
#4630=CARTESIAN_POINT('',(0.315444097145111,-0.000242647437171574,0.3055));
#4631=CARTESIAN_POINT('',(0.315617302302979,-6.96343315967699E-5,0.3054));
#4632=CARTESIAN_POINT('',(0.31555956727606,-6.96343315967699E-5,0.3055));
#4633=CARTESIAN_POINT('',(0.315444097222222,-6.96343315967699E-5,0.3055));
#4634=CARTESIAN_POINT('',(0.315621517074682,-0.000541367443459467,0.3053));
#4635=CARTESIAN_POINT('',(0.315748502996056,-0.000423577054323168,0.3054));
#4636=CARTESIAN_POINT('',(0.315748502996056,-0.000423577054323174,0.3054));
#4637=CARTESIAN_POINT('',(0.315659902685309,-0.000328059990692638,0.3054));
#4638=CARTESIAN_POINT('',(0.315617302302979,-0.000199593169063526,0.3054));
#4639=CARTESIAN_POINT('',(0.315617302302979,-6.96343315967801E-5,0.3054));
#4640=CARTESIAN_POINT('',(0.316558153426188,-6.96343315967699E-5,0.3054));
#4641=CARTESIAN_POINT('',(0.316615888453107,-6.96343315967699E-5,0.3055));
#4642=CARTESIAN_POINT('',(0.316731358506945,-6.96343315967699E-5,0.3055));
#4643=CARTESIAN_POINT('',(0.316558153443436,-0.000208885845999076,0.3054));
#4644=CARTESIAN_POINT('',(0.316615888497518,-0.000220163144620289,0.3055));
#4645=CARTESIAN_POINT('',(0.316731358588363,-0.000242717741862725,0.3055));
#4646=CARTESIAN_POINT('',(0.316515926270703,-0.000330598348017986,0.3054));
#4647=CARTESIAN_POINT('',(0.31656852161428,-0.000358742999906486,0.3055));
#4648=CARTESIAN_POINT('',(0.316673712318346,-0.000415032319301066,0.3055));
#4649=CARTESIAN_POINT('',(0.316428838929729,-0.0004249155905725,0.3054));
#4650=CARTESIAN_POINT('',(0.316471257159536,-0.000464082248757009,0.3055));
#4651=CARTESIAN_POINT('',(0.316556093619151,-0.000542415565126061,0.3055));
#4652=CARTESIAN_POINT('',(0.316558153426187,-6.96343315967699E-5,0.3054));
#4653=CARTESIAN_POINT('',(0.316558153426187,-0.000199678143549516,0.3054));
#4654=CARTESIAN_POINT('',(0.316517217487426,-0.000329199945066665,0.3054));
#4655=CARTESIAN_POINT('',(0.316428838929729,-0.000424915590572553,0.3054));
#4656=CARTESIAN_POINT('',(0.316428838929729,-0.000424915590572528,0.3054));
#4657=CARTESIAN_POINT('',(0.316556093619151,-0.000542415565126041,0.3053));
#4658=CARTESIAN_POINT('',(0.316090494791667,-0.00056588454597871,0.3054));
#4659=CARTESIAN_POINT('',(0.316090494791667,-0.000623619572897651,0.3055));
#4660=CARTESIAN_POINT('',(0.316090494791667,-0.000739089626735662,0.3055));
#4661=CARTESIAN_POINT('',(0.315953326413191,-0.000565884560136713,0.305399999994576));
#4662=CARTESIAN_POINT('',(0.315940446081784,-0.000623619613906859,0.305499999991414));
#4663=CARTESIAN_POINT('',(0.315914685434405,-0.000739089715116544,0.3055));
#4664=CARTESIAN_POINT('',(0.31583666455819,-0.000518621109223954,0.3054));
#4665=CARTESIAN_POINT('',(0.315804840867296,-0.000569209617873642,0.3055));
#4666=CARTESIAN_POINT('',(0.315741193463855,-0.000670386655253234,0.3055));
#4667=CARTESIAN_POINT('',(0.315748502996055,-0.000423577054323215,0.3054));
#4668=CARTESIAN_POINT('',(0.315706174355597,-0.000462840517368592,0.3055));
#4669=CARTESIAN_POINT('',(0.315621517074682,-0.000541367443459434,0.3055));
#4670=CARTESIAN_POINT('',(0.316090494791667,-0.000739089626735662,0.3053));
#4671=CARTESIAN_POINT('',(0.316090494791667,-0.000565884545978769,0.3054));
#4672=CARTESIAN_POINT('',(0.316090494791667,-0.000565884545978774,0.3054));
#4673=CARTESIAN_POINT('',(0.31596224942998,-0.000565884545978774,0.3054));
#4674=CARTESIAN_POINT('',(0.315835782138582,-0.000517669810206689,0.3054));
#4675=CARTESIAN_POINT('',(0.315748502996056,-0.000423577054323113,0.3054));
#4676=CARTESIAN_POINT('',(0.316428838929729,-0.000424915590572511,0.3054));
#4677=CARTESIAN_POINT('',(0.316471257159536,-0.000464082248757024,0.3055));
#4678=CARTESIAN_POINT('',(0.316556093619151,-0.000542415565126061,0.3055));
#4679=CARTESIAN_POINT('',(0.316341883105787,-0.000519090377902493,0.305399999995962));
#4680=CARTESIAN_POINT('',(0.316373764494166,-0.000569668641480177,0.305499999993607));
#4681=CARTESIAN_POINT('',(0.316437527302393,-0.000670825187073311,0.3055));
#4682=CARTESIAN_POINT('',(0.316226448885863,-0.000565884558253333,0.305399999999995));
#4683=CARTESIAN_POINT('',(0.316239316833238,-0.000623619610199685,0.305499999999992));
#4684=CARTESIAN_POINT('',(0.316265052727999,-0.000739089711631815,0.3055));
#4685=CARTESIAN_POINT('',(0.316090494791667,-0.000565884545978765,0.3054));
#4686=CARTESIAN_POINT('',(0.316090494791667,-0.000623619572897725,0.3055));
#4687=CARTESIAN_POINT('',(0.316090494791667,-0.000739089626735662,0.3055));
#4688=CARTESIAN_POINT('',(0.316428838929729,-0.000424915590572532,0.3054));
#4689=CARTESIAN_POINT('',(0.316342614949899,-0.000518297787595702,0.3054));
#4690=CARTESIAN_POINT('',(0.316217289963987,-0.000565884545978771,0.3054));
#4691=CARTESIAN_POINT('',(0.316090494791667,-0.000565884545978771,0.3054));
#4692=CARTESIAN_POINT('',(0.313823318142361,0.,0.3053));
#4693=CARTESIAN_POINT('',(0.313650113061611,-0.00322480555818015,0.305400000000012));
#4694=CARTESIAN_POINT('',(0.31369119729761,-0.0031837213221807,0.305471159984142));
#4695=CARTESIAN_POINT('',(0.313759166535496,-0.0031157520842957,0.3055));
#4696=CARTESIAN_POINT('',(0.313823318142361,-0.00305160047743013,0.3055));
#4697=CARTESIAN_POINT('',(0.313650113061611,-0.00322480555818029,0.305400000000012));
#4698=CARTESIAN_POINT('',(0.313650113061605,0.,0.3054));
#4699=CARTESIAN_POINT('',(0.313650113061611,-0.00411400737584663,0.305400000000012));
#4700=CARTESIAN_POINT('',(0.313650113061611,-0.00411400737584677,0.305400000000012));
#4701=CARTESIAN_POINT('',(0.31369119729761,-0.00415509161184622,0.305471159984142));
#4702=CARTESIAN_POINT('',(0.313759166535496,-0.00422306084973121,0.3055));
#4703=CARTESIAN_POINT('',(0.313823318142361,-0.0042872124565968,0.3055));
#4704=CARTESIAN_POINT('',(0.312823326568445,-0.00407736284763325,0.3055));
#4705=CARTESIAN_POINT('',(0.312881037936608,-0.0039773491919753,0.3055));
#4706=CARTESIAN_POINT('',(0.31290989362069,-0.00392734236414632,0.3054));
#4707=CARTESIAN_POINT('',(0.312974121553085,-0.00416437682101242,0.3055));
#4708=CARTESIAN_POINT('',(0.313020969406234,-0.00405809453593736,0.3055));
#4709=CARTESIAN_POINT('',(0.31304439333345,-0.00400495339228124,0.3054));
#4710=CARTESIAN_POINT('',(0.313304688824527,-0.00429074344783847,0.3055));
#4711=CARTESIAN_POINT('',(0.31332444875621,-0.00417475294341047,0.3055));
#4712=CARTESIAN_POINT('',(0.31333432872173,-0.00411675769175575,0.3054));
#4713=CARTESIAN_POINT('',(0.313655644044291,-0.0042872124565968,0.3055));
#4714=CARTESIAN_POINT('',(0.31365564404429,-0.00417174240275888,0.3055));
#4715=CARTESIAN_POINT('',(0.31365564404429,-0.00411400737583992,0.3054));
#4716=CARTESIAN_POINT('',(0.313829541098578,-0.0042872124565968,0.3055));
#4717=CARTESIAN_POINT('',(0.313829541098578,-0.00417174240275888,0.3055));
#4718=CARTESIAN_POINT('',(0.313829541098578,-0.00411400737583992,0.3054));
#4719=CARTESIAN_POINT('',(0.313650113061611,-0.00411400737583992,0.3054));
#4720=CARTESIAN_POINT('',(0.313391087533443,-0.00411400737583992,0.3054));
#4721=CARTESIAN_POINT('',(0.313134647282103,-0.0040570330670253,0.3054));
#4722=CARTESIAN_POINT('',(0.312909893620689,-0.00392734236414627,0.3054));
#4723=CARTESIAN_POINT('',(0.312909893620689,-0.00392734236414626,0.3054));
#4724=CARTESIAN_POINT('',(0.312823326568445,-0.00407736284763323,0.3053));
#4725=CARTESIAN_POINT('',(0.313129113759256,-0.00306828056986994,0.3054));
#4726=CARTESIAN_POINT('',(0.31316620902511,-0.00302403947376568,0.3055));
#4727=CARTESIAN_POINT('',(0.313240399556819,-0.0029355572815571,0.3055));
#4728=CARTESIAN_POINT('',(0.31323981384069,-0.0031611003279255,0.305399999999222));
#4729=CARTESIAN_POINT('',(0.313266309960334,-0.00310797203357326,0.305499999998769));
#4730=CARTESIAN_POINT('',(0.313319302178641,-0.00300171547253358,0.3055));
#4731=CARTESIAN_POINT('',(0.313519346783957,-0.00324317809222513,0.305400000000389));
#4732=CARTESIAN_POINT('',(0.31351928453315,-0.00318389502942059,0.305500000000615));
#4733=CARTESIAN_POINT('',(0.313519160042027,-0.00306532888997899,0.3055));
#4734=CARTESIAN_POINT('',(0.31372478366444,-0.00322480555818705,0.3054));
#4735=CARTESIAN_POINT('',(0.31372478366444,-0.0031670705312681,0.3055));
#4736=CARTESIAN_POINT('',(0.31372478366444,-0.00305160047743013,0.3055));
#4737=CARTESIAN_POINT('',(0.313826975092057,-0.00322480555818705,0.3054));
#4738=CARTESIAN_POINT('',(0.313826975092057,-0.0031670705312681,0.3055));
#4739=CARTESIAN_POINT('',(0.313826975092057,-0.00305160047743013,0.3055));
#4740=CARTESIAN_POINT('',(0.313240399556819,-0.0029355572815571,0.3053));
#4741=CARTESIAN_POINT('',(0.313129113759256,-0.00306828056986989,0.3054));
#4742=CARTESIAN_POINT('',(0.313129113759256,-0.00306828056986989,0.3054));
#4743=CARTESIAN_POINT('',(0.313272673458029,-0.00318865247881821,0.3054));
#4744=CARTESIAN_POINT('',(0.31346384375423,-0.00322480555818702,0.3054));
#4745=CARTESIAN_POINT('',(0.313650113061611,-0.00322480555818702,0.3054));
#4746=CARTESIAN_POINT('',(0.31290989362069,-0.00392734236414625,0.3054));
#4747=CARTESIAN_POINT('',(0.312881037936608,-0.00397734919197521,0.3055));
#4748=CARTESIAN_POINT('',(0.312823326568445,-0.00407736284763325,0.3055));
#4749=CARTESIAN_POINT('',(0.312694301754341,-0.00380293834123242,0.3054));
#4750=CARTESIAN_POINT('',(0.312656375079641,-0.00384771089698946,0.3055));
#4751=CARTESIAN_POINT('',(0.312580521733238,-0.00393725600330254,0.3055));
#4752=CARTESIAN_POINT('',(0.312521543837859,-0.00362088307732602,0.305399999999968));
#4753=CARTESIAN_POINT('',(0.312475242942305,-0.00365666069954566,0.305499999999949));
#4754=CARTESIAN_POINT('',(0.312382641159228,-0.00372821593971245,0.3055));
#4755=CARTESIAN_POINT('',(0.312402116079045,-0.00339943773231948,0.3054));
#4756=CARTESIAN_POINT('',(0.312351300072426,-0.00342684333037202,0.3055));
#4757=CARTESIAN_POINT('',(0.312249668059187,-0.00348165452647717,0.3055));
#4758=CARTESIAN_POINT('',(0.312909893620689,-0.00392734236414626,0.3054));
#4759=CARTESIAN_POINT('',(0.312693915709117,-0.00380271557505598,0.3054));
#4760=CARTESIAN_POINT('',(0.312520303370697,-0.00361858296620113,0.3054));
#4761=CARTESIAN_POINT('',(0.312402116079045,-0.00339943773231957,0.3054));
#4762=CARTESIAN_POINT('',(0.312402116079045,-0.00339943773231956,0.3054));
#4763=CARTESIAN_POINT('',(0.312249668059187,-0.00348165452647715,0.3053));
#4764=CARTESIAN_POINT('',(0.312944546655354,-0.00264379882812457,0.3054));
#4765=CARTESIAN_POINT('',(0.313002281682273,-0.00264379882812456,0.3055));
#4766=CARTESIAN_POINT('',(0.313117751736111,-0.00264379882812457,0.3055));
#4767=CARTESIAN_POINT('',(0.312944546471548,-0.00278438555434026,0.3054));
#4768=CARTESIAN_POINT('',(0.313002281348406,-0.00277415961662438,0.3055));
#4769=CARTESIAN_POINT('',(0.313117751528183,-0.00275370774119259,0.3055));
#4770=CARTESIAN_POINT('',(0.313007594194941,-0.00296638925887104,0.305400000000022));
#4771=CARTESIAN_POINT('',(0.31305706627661,-0.00293252616490103,0.305500000000035));
#4772=CARTESIAN_POINT('',(0.313156010907901,-0.00286479941879086,0.3055));
#4773=CARTESIAN_POINT('',(0.313129113759256,-0.00306828056986994,0.3054));
#4774=CARTESIAN_POINT('',(0.31316620902511,-0.00302403947376568,0.3055));
#4775=CARTESIAN_POINT('',(0.31324039955682,-0.0029355572815571,0.3055));
#4776=CARTESIAN_POINT('',(0.313117751736111,-0.00264379882812456,0.3053));
#4777=CARTESIAN_POINT('',(0.312944546655354,-0.00264379882812456,0.3054));
#4778=CARTESIAN_POINT('',(0.312944546655354,-0.00264379882812456,0.3054));
#4779=CARTESIAN_POINT('',(0.312944546655354,-0.00280437130995379,0.3054));
#4780=CARTESIAN_POINT('',(0.313005831859082,-0.00296491118563936,0.3054));
#4781=CARTESIAN_POINT('',(0.313129113759256,-0.00306828056986989,0.3054));
#4782=CARTESIAN_POINT('',(0.312402116079045,-0.00339943773231948,0.3054));
#4783=CARTESIAN_POINT('',(0.312351300072426,-0.00342684333037201,0.3055));
#4784=CARTESIAN_POINT('',(0.312249668059188,-0.00348165452647714,0.3055));
#4785=CARTESIAN_POINT('',(0.312276422596388,-0.0031663743686793,0.305399999997719));
#4786=CARTESIAN_POINT('',(0.312220645966167,-0.00318458187710107,0.305499999996389));
#4787=CARTESIAN_POINT('',(0.312109092707903,-0.00322099689629823,0.3055));
#4788=CARTESIAN_POINT('',(0.312218593527443,-0.00290150165417358,0.3054));
#4789=CARTESIAN_POINT('',(0.312160858491257,-0.00290930969046121,0.3055));
#4790=CARTESIAN_POINT('',(0.312045388433344,-0.00292492576303639,0.3055));
#4791=CARTESIAN_POINT('',(0.312218593535618,-0.00262904188368012,0.3054));
#4792=CARTESIAN_POINT('',(0.312160858508699,-0.00262904188368012,0.3055));
#4793=CARTESIAN_POINT('',(0.312045388454861,-0.00262904188368012,0.3055));
#4794=CARTESIAN_POINT('',(0.312402116079045,-0.00339943773231956,0.3054));
#4795=CARTESIAN_POINT('',(0.312274821106152,-0.00316340485419342,0.3054));
#4796=CARTESIAN_POINT('',(0.312218593535618,-0.00289678152872293,0.3054));
#4797=CARTESIAN_POINT('',(0.312218593535618,-0.00262904188368013,0.3054));
#4798=CARTESIAN_POINT('',(0.312218593535618,-0.00262904188368012,0.3054));
#4799=CARTESIAN_POINT('',(0.312045388454861,-0.00262904188368012,0.3053));
#4800=CARTESIAN_POINT('',(0.313095062308102,-0.00225989899070297,0.3054));
#4801=CARTESIAN_POINT('',(0.313133310634774,-0.00230314709863962,0.3055));
#4802=CARTESIAN_POINT('',(0.313209807288118,-0.00238964331451296,0.3055));
#4803=CARTESIAN_POINT('',(0.313036569580818,-0.0023116292219644,0.3054));
#4804=CARTESIAN_POINT('',(0.313082597939176,-0.00234799649141909,0.3055));
#4805=CARTESIAN_POINT('',(0.31317465506917,-0.00242073149763124,0.3055));
#4806=CARTESIAN_POINT('',(0.312951081184038,-0.00246075703930113,0.3054));
#4807=CARTESIAN_POINT('',(0.313009431816051,-0.00247493516895111,0.3055));
#4808=CARTESIAN_POINT('',(0.313126132781404,-0.00250329119459969,0.3055));
#4809=CARTESIAN_POINT('',(0.312944546575547,-0.00258504127779638,0.3054));
#4810=CARTESIAN_POINT('',(0.313002281536776,-0.00258908329787554,0.3055));
#4811=CARTESIAN_POINT('',(0.313117751643298,-0.00259716733803386,0.3055));
#4812=CARTESIAN_POINT('',(0.312944546655354,-0.00264379882812456,0.3054));
#4813=CARTESIAN_POINT('',(0.313002281682273,-0.00264379882812457,0.3055));
#4814=CARTESIAN_POINT('',(0.313117751736111,-0.00264379882812456,0.3055));
#4815=CARTESIAN_POINT('',(0.313209807288118,-0.00238964331451296,0.3053));
#4816=CARTESIAN_POINT('',(0.313095062308101,-0.00225989899070296,0.3054));
#4817=CARTESIAN_POINT('',(0.313095062308101,-0.00225989899070296,0.3054));
#4818=CARTESIAN_POINT('',(0.312987524770273,-0.002355004443233,0.3054));
#4819=CARTESIAN_POINT('',(0.312944546655354,-0.00250133405590451,0.3054));
#4820=CARTESIAN_POINT('',(0.312944546655354,-0.00264379882812459,0.3054));
#4821=CARTESIAN_POINT('',(0.312218593535618,-0.00262904188368012,0.3054));
#4822=CARTESIAN_POINT('',(0.312160858508699,-0.00262904188368012,0.3055));
#4823=CARTESIAN_POINT('',(0.312045388454861,-0.00262904188368012,0.3055));
#4824=CARTESIAN_POINT('',(0.312218593507972,-0.0022456817960955,0.30539999998744));
#4825=CARTESIAN_POINT('',(0.312160858457593,-0.00223756815352341,0.305499999980117));
#4826=CARTESIAN_POINT('',(0.312045388419374,-0.00222134086867685,0.3055));
#4827=CARTESIAN_POINT('',(0.312304761002795,-0.00187133906686038,0.3054));
#4828=CARTESIAN_POINT('',(0.312248866548827,-0.00184766287839948,0.3055));
#4829=CARTESIAN_POINT('',(0.312137077618787,-0.00180031048230022,0.3055));
#4830=CARTESIAN_POINT('',(0.312536428568486,-0.0016043207226554,0.3054));
#4831=CARTESIAN_POINT('',(0.31249281918944,-0.00156648482181254,0.3055));
#4832=CARTESIAN_POINT('',(0.312405600431349,-0.00149081302012676,0.3055));
#4833=CARTESIAN_POINT('',(0.312218593535618,-0.00262904188368012,0.3054));
#4834=CARTESIAN_POINT('',(0.312218593535618,-0.00226205090418426,0.3054));
#4835=CARTESIAN_POINT('',(0.312294459649362,-0.00188321230647549,0.3054));
#4836=CARTESIAN_POINT('',(0.312536428568486,-0.00160432072265542,0.3054));
#4837=CARTESIAN_POINT('',(0.312536428568486,-0.00160432072265541,0.3054));
#4838=CARTESIAN_POINT('',(0.312405600431349,-0.00149081302012676,0.3053));
#4839=CARTESIAN_POINT('',(0.313517252604167,-0.00212550911195098,0.3054));
#4840=CARTESIAN_POINT('',(0.313517252604167,-0.00218324413886993,0.3055));
#4841=CARTESIAN_POINT('',(0.313517252604167,-0.0022987141927079,0.3055));
#4842=CARTESIAN_POINT('',(0.313386909553107,-0.00212550901517042,0.3054));
#4843=CARTESIAN_POINT('',(0.313393830010136,-0.00218324395901395,0.3055));
#4844=CARTESIAN_POINT('',(0.313407670924189,-0.00229871406400021,0.3055));
#4845=CARTESIAN_POINT('',(0.31322720764953,-0.00214303055706054,0.3054));
#4846=CARTESIAN_POINT('',(0.313248932617162,-0.00220089180545695,0.3055));
#4847=CARTESIAN_POINT('',(0.313292382568349,-0.00231661432025714,0.3055));
#4848=CARTESIAN_POINT('',(0.313095062308102,-0.00225989899070297,0.3054));
#4849=CARTESIAN_POINT('',(0.313133310634774,-0.00230314709863961,0.3055));
#4850=CARTESIAN_POINT('',(0.313209807288118,-0.00238964331451296,0.3055));
#4851=CARTESIAN_POINT('',(0.313517252604167,-0.0022987141927079,0.3053));
#4852=CARTESIAN_POINT('',(0.313517252604167,-0.002125509111951,0.3054));
#4853=CARTESIAN_POINT('',(0.313517252604167,-0.00212550911195101,0.3054));
#4854=CARTESIAN_POINT('',(0.313365578621661,-0.00212550911195101,0.3054));
#4855=CARTESIAN_POINT('',(0.313209333649577,-0.00215883820893548,0.3054));
#4856=CARTESIAN_POINT('',(0.313095062308102,-0.00225989899070303,0.3054));
#4857=CARTESIAN_POINT('',(0.312536428568486,-0.00160432072265541,0.3054));
#4858=CARTESIAN_POINT('',(0.31249281918944,-0.00156648482181255,0.3055));
#4859=CARTESIAN_POINT('',(0.312405600431349,-0.00149081302012675,0.3055));
#4860=CARTESIAN_POINT('',(0.31275515151816,-0.00135222227699017,0.3054));
#4861=CARTESIAN_POINT('',(0.312723253361441,-0.00130088811009881,0.3055));
#4862=CARTESIAN_POINT('',(0.312659457038757,-0.00119821976829585,0.3055));
#4863=CARTESIAN_POINT('',(0.313083011809617,-0.00123630727392646,0.3054));
#4864=CARTESIAN_POINT('',(0.313071849049031,-0.00117857222387105,0.3055));
#4865=CARTESIAN_POINT('',(0.31304952352787,-0.0010631021597148,0.3055));
#4866=CARTESIAN_POINT('',(0.313436089409723,-0.00123630729429817,0.3054));
#4867=CARTESIAN_POINT('',(0.313436089409722,-0.00117857226737922,0.3055));
#4868=CARTESIAN_POINT('',(0.313436089409722,-0.00106310221354122,0.3055));
#4869=CARTESIAN_POINT('',(0.312536428568486,-0.00160432072265541,0.3054));
#4870=CARTESIAN_POINT('',(0.312757959468948,-0.00134898584775188,0.3054));
#4871=CARTESIAN_POINT('',(0.313099879860981,-0.00123630729429811,0.3054));
#4872=CARTESIAN_POINT('',(0.313436089409722,-0.00123630729429811,0.3054));
#4873=CARTESIAN_POINT('',(0.313436089409722,-0.00123630729429811,0.3054));
#4874=CARTESIAN_POINT('',(0.313436089409722,-0.00106310221354122,0.3053));
#4875=CARTESIAN_POINT('',(0.313935293371627,-0.00225599719963222,0.3054));
#4876=CARTESIAN_POINT('',(0.313905989751266,-0.00230574286443866,0.3055));
#4877=CARTESIAN_POINT('',(0.313847382510543,-0.00240523419405156,0.3055));
#4878=CARTESIAN_POINT('',(0.313819177462525,-0.00218759687083549,0.3054));
#4879=CARTESIAN_POINT('',(0.313794934826887,-0.00224032374555157,0.3055));
#4880=CARTESIAN_POINT('',(0.313746449491243,-0.00234577760425654,0.3055));
#4881=CARTESIAN_POINT('',(0.313683254599676,-0.00212550933901059,0.3054));
#4882=CARTESIAN_POINT('',(0.313667076085709,-0.00218324454870502,0.3055));
#4883=CARTESIAN_POINT('',(0.313634719057772,-0.00229871443727233,0.3055));
#4884=CARTESIAN_POINT('',(0.313517252604166,-0.002125509111951,0.3054));
#4885=CARTESIAN_POINT('',(0.313517252604167,-0.00218324413886996,0.3055));
#4886=CARTESIAN_POINT('',(0.313517252604167,-0.0022987141927079,0.3055));
#4887=CARTESIAN_POINT('',(0.313847382510543,-0.00240523419405156,0.3053));
#4888=CARTESIAN_POINT('',(0.313935293371628,-0.00225599719963231,0.3054));
#4889=CARTESIAN_POINT('',(0.313935293371628,-0.00225599719963231,0.3054));
#4890=CARTESIAN_POINT('',(0.313807474511274,-0.00218070309363446,0.3054));
#4891=CARTESIAN_POINT('',(0.313666315375612,-0.00212550911195101,0.3054));
#4892=CARTESIAN_POINT('',(0.313517252604167,-0.00212550911195101,0.3054));
#4893=CARTESIAN_POINT('',(0.313436089409723,-0.00123630729429817,0.3054));
#4894=CARTESIAN_POINT('',(0.313436089409722,-0.00117857226737922,0.3055));
#4895=CARTESIAN_POINT('',(0.313436089409722,-0.00106310221354122,0.3055));
#4896=CARTESIAN_POINT('',(0.313656818917221,-0.0012363073010314,0.3054));
#4897=CARTESIAN_POINT('',(0.31366717130663,-0.00117857228155047,0.3055));
#4898=CARTESIAN_POINT('',(0.313687876085443,-0.00106310223034274,0.3055));
#4899=CARTESIAN_POINT('',(0.313876462112319,-0.00129746069766372,0.3054));
#4900=CARTESIAN_POINT('',(0.313896002327823,-0.00124268107045578,0.3055));
#4901=CARTESIAN_POINT('',(0.313935082751021,-0.00113312183165134,0.3055));
#4902=CARTESIAN_POINT('',(0.314082621073009,-0.0014005401890507,0.3054));
#4903=CARTESIAN_POINT('',(0.314108440961984,-0.00134890041110129,0.3055));
#4904=CARTESIAN_POINT('',(0.314160080739934,-0.00124562085520236,0.3055));
#4905=CARTESIAN_POINT('',(0.313436089409722,-0.00123630729429811,0.3054));
#4906=CARTESIAN_POINT('',(0.313661983896131,-0.00123630729429811,0.3054));
#4907=CARTESIAN_POINT('',(0.313881129358581,-0.00129979433183634,0.3054));
#4908=CARTESIAN_POINT('',(0.314082621073009,-0.00140054018905066,0.3054));
#4909=CARTESIAN_POINT('',(0.314082621073009,-0.00140054018905066,0.3054));
#4910=CARTESIAN_POINT('',(0.314160080739934,-0.00124562085520235,0.3053));
#4911=CARTESIAN_POINT('',(0.313847382510543,-0.00240523419405157,0.3055));
#4912=CARTESIAN_POINT('',(0.313905989751266,-0.00230574286443866,0.3055));
#4913=CARTESIAN_POINT('',(0.313935293371627,-0.00225599719963222,0.3054));
#4914=CARTESIAN_POINT('',(0.314030763253471,-0.0025132583048546,0.3055));
#4915=CARTESIAN_POINT('',(0.314104190931437,-0.00242249728759306,0.3055));
#4916=CARTESIAN_POINT('',(0.314140904841872,-0.00237711665767095,0.3054));
#4917=CARTESIAN_POINT('',(0.314192788492846,-0.00265297401267405,0.3055));
#4918=CARTESIAN_POINT('',(0.31427075617293,-0.0025678013985113,0.305500000000051));
#4919=CARTESIAN_POINT('',(0.314309740012932,-0.00252521509142553,0.305400000000032));
#4920=CARTESIAN_POINT('',(0.314349632672164,-0.00279655040641616,0.3055));
#4921=CARTESIAN_POINT('',(0.314427600352199,-0.00271137779225304,0.3055));
#4922=CARTESIAN_POINT('',(0.314466584192216,-0.0026687914851715,0.3054));
#4923=CARTESIAN_POINT('',(0.31446377446659,-0.0026662194431917,0.3054));
#4924=CARTESIAN_POINT('',(0.314440164804918,-0.00269169648520806,0.305460161042539));
#4925=CARTESIAN_POINT('',(0.314393350349066,-0.00274221645112058,0.305499999999991));
#4926=CARTESIAN_POINT('',(0.314346047634092,-0.00279326879991351,0.3055));
#4927=CARTESIAN_POINT('',(0.314463774466601,-0.00266621944320285,0.3054));
#4928=CARTESIAN_POINT('',(0.314463774466599,-0.00266621944319954,0.3054));
#4929=CARTESIAN_POINT('',(0.314298929856484,-0.00251532737710772,0.3054));
#4930=CARTESIAN_POINT('',(0.3141280883301,-0.00236956669946148,0.3054));
#4931=CARTESIAN_POINT('',(0.313935293371628,-0.00225599719963231,0.3054));
#4932=CARTESIAN_POINT('',(0.314082621073009,-0.0014005401890507,0.3054));
#4933=CARTESIAN_POINT('',(0.314108440961984,-0.00134890041110128,0.3055));
#4934=CARTESIAN_POINT('',(0.314160080739934,-0.00124562085520235,0.3055));
#4935=CARTESIAN_POINT('',(0.314352916234291,-0.00153568781975761,0.3054));
#4936=CARTESIAN_POINT('',(0.314388095844707,-0.0014887279588723,0.3055));
#4937=CARTESIAN_POINT('',(0.314458455101245,-0.00139480816569356,0.3055));
#4938=CARTESIAN_POINT('',(0.31460016047438,-0.00173854228524301,0.305400000000014));
#4939=CARTESIAN_POINT('',(0.314639111160343,-0.00169592565237686,0.305500000000023));
#4940=CARTESIAN_POINT('',(0.314717012532225,-0.00161069238664056,0.3055));
#4941=CARTESIAN_POINT('',(0.314846133883799,-0.00196335669171347,0.3054));
#4942=CARTESIAN_POINT('',(0.314885084569754,-0.00192074005884552,0.3055));
#4943=CARTESIAN_POINT('',(0.314962985941663,-0.00183550679310955,0.3055));
#4944=CARTESIAN_POINT('',(0.314082621073009,-0.00140054018905065,0.3054));
#4945=CARTESIAN_POINT('',(0.314366625939526,-0.00154254262231015,0.3054));
#4946=CARTESIAN_POINT('',(0.314607832743354,-0.00174555457410275,0.3054));
#4947=CARTESIAN_POINT('',(0.314840575919926,-0.00195827683225899,0.3054));
#4948=CARTESIAN_POINT('',(0.314840575919926,-0.00195827683225889,0.3054));
#4949=CARTESIAN_POINT('',(0.314840575919918,-0.00195827683225201,0.3054));
#4950=CARTESIAN_POINT('',(0.31486423646325,-0.00193285518389086,0.305460149383438));
#4951=CARTESIAN_POINT('',(0.314911206843319,-0.00188238869761738,0.305500000000015));
#4952=CARTESIAN_POINT('',(0.314958584827011,-0.00183148426890687,0.3055));
#4953=CARTESIAN_POINT('',(0.264501454666861,0.0439697910137936,0.3053));
#4954=CARTESIAN_POINT('',(0.31584995954949,-0.0042042046440968,0.3053));
#4955=CARTESIAN_POINT('',(0.315918489146287,-0.0040309995633399,0.3054));
#4956=CARTESIAN_POINT('',(0.264619962263917,0.0440961078750585,0.3054));
#4957=CARTESIAN_POINT('',(0.265731687829487,0.0448235216846907,0.3053));
#4958=CARTESIAN_POINT('',(0.265612541395681,0.0446978072172999,0.3054));
#4959=CARTESIAN_POINT('',(0.315801764108535,-0.00286924712283834,0.3054));
#4960=CARTESIAN_POINT('',(0.315628559027778,-0.00246645523467956,0.3053));
#4961=CARTESIAN_POINT('',(0.22325,-0.0042042046440968,0.3053));
#4962=CARTESIAN_POINT('',(0.3167,-0.0042042046440968,0.3053));
#4963=CARTESIAN_POINT('',(0.316526794919243,-0.0040309995633399,0.3054));
#4964=CARTESIAN_POINT('',(0.22325,-0.0040309995633399,0.3054));
#4965=CARTESIAN_POINT('',(0.315628559027778,0.,0.3053));
#4966=CARTESIAN_POINT('',(0.315801764108535,0.,0.3054));
#4967=CARTESIAN_POINT('',(0.315801764108535,-0.00110072786721479,0.3054));
#4968=CARTESIAN_POINT('',(0.315628559027778,-0.000927522786457889,0.3053));
#4969=CARTESIAN_POINT('',(0.3167,0.,0.3053));
#4970=CARTESIAN_POINT('',(0.3167,-0.000927522786457889,0.3053));
#4971=CARTESIAN_POINT('',(0.316526794919243,-0.00110072786721478,0.3054));
#4972=CARTESIAN_POINT('',(0.316526794919243,0.,0.3054));
#4973=CARTESIAN_POINT('',(0.22325,-0.000927522786457889,0.3053));
#4974=CARTESIAN_POINT('',(0.22325,-0.00110072786721478,0.3054));
#4975=CARTESIAN_POINT('',(0.3168,0.,0.3053));
#4976=CARTESIAN_POINT('',(0.3168,0.014,0.3053));
#4977=CARTESIAN_POINT('',(0.3168,-0.014,0.3053));
#4978=CARTESIAN_POINT('',(0.316,-0.014,0.3053));
#4979=CARTESIAN_POINT('',(0.316,-0.0148,0.3053));
#4980=CARTESIAN_POINT('',(0.316,0.014,0.3053));
#4981=CARTESIAN_POINT('',(0.316,0.0148,0.3053));
#4982=CARTESIAN_POINT('',(0.22325,-0.0148,0.3053));
#4983=CARTESIAN_POINT('',(0.31575,-0.0148,0.3053));
#4984=CARTESIAN_POINT('',(0.22325,0.0148,0.3053));
#4985=CARTESIAN_POINT('',(0.31575,0.0148,0.3053));
#4986=CARTESIAN_POINT('',(0.31575,-0.0145,0.3053));
#4987=CARTESIAN_POINT('',(0.31545,-0.0145,0.3053));
#4988=CARTESIAN_POINT('',(0.31575,0.0145,0.3053));
#4989=CARTESIAN_POINT('',(0.31545,0.0145,0.3053));
#4990=CARTESIAN_POINT('',(0.31545,0.,0.3053));
#4991=CARTESIAN_POINT('',(0.31545,-0.0135,0.3053));
#4992=CARTESIAN_POINT('',(0.31545,0.,0.3053));
#4993=CARTESIAN_POINT('',(0.31545,0.0135,0.3053));
#4994=CARTESIAN_POINT('',(0.31425,-0.0135,0.3053));
#4995=CARTESIAN_POINT('',(0.31425,-0.0123,0.3053));
#4996=CARTESIAN_POINT('',(0.31425,0.0135,0.3053));
#4997=CARTESIAN_POINT('',(0.31425,0.0123,0.3053));
#4998=CARTESIAN_POINT('',(0.299625,-0.0123,0.3053));
#4999=CARTESIAN_POINT('',(0.285,-0.0123,0.3053));
#5000=CARTESIAN_POINT('',(0.299625,0.0123,0.3053));
#5001=CARTESIAN_POINT('',(0.285,0.0123,0.3053));
#5002=CARTESIAN_POINT('',(0.285,-0.0105,0.3053));
#5003=CARTESIAN_POINT('',(0.2832,-0.0105,0.3053));
#5004=CARTESIAN_POINT('',(0.285,0.0105,0.3053));
#5005=CARTESIAN_POINT('',(0.2832,0.0105,0.3053));
#5006=CARTESIAN_POINT('',(0.2832,-0.01,0.3053));
#5007=CARTESIAN_POINT('',(0.2832,-0.0095,0.3053));
#5008=CARTESIAN_POINT('',(0.2832,0.01,0.3053));
#5009=CARTESIAN_POINT('',(0.2832,0.0095,0.3053));
#5010=CARTESIAN_POINT('',(0.285,-0.0095,0.3053));
#5011=CARTESIAN_POINT('',(0.285,-0.0077,0.3053));
#5012=CARTESIAN_POINT('',(0.285,0.0095,0.3053));
#5013=CARTESIAN_POINT('',(0.285,0.0077,0.3053));
#5014=CARTESIAN_POINT('',(0.295875,-0.0077,0.3053));
#5015=CARTESIAN_POINT('',(0.30675,-0.0077,0.3053));
#5016=CARTESIAN_POINT('',(0.295875,0.0077,0.3053));
#5017=CARTESIAN_POINT('',(0.30675,0.0077,0.3053));
#5018=CARTESIAN_POINT('',(0.30675,0.0075,0.3053));
#5019=CARTESIAN_POINT('',(0.30675,0.0075,0.3055));
#5020=CARTESIAN_POINT('',(0.30675,0.0077,0.3055));
#5021=CARTESIAN_POINT('',(0.307566154554947,0.0075,0.3053));
#5022=CARTESIAN_POINT('',(0.307566154554152,0.00749999998847334,0.305499999999185));
#5023=CARTESIAN_POINT('',(0.307615123830411,0.00769999998780077,0.3055));
#5024=CARTESIAN_POINT('',(0.309140052882922,0.00686688583871604,0.3053));
#5025=CARTESIAN_POINT('',(0.309140052883291,0.00686688584406418,0.305500000000378));
#5026=CARTESIAN_POINT('',(0.309275183429337,0.00702721714777809,0.3055));
#5027=CARTESIAN_POINT('',(0.310706091053759,0.00486771435209101,0.3053));
#5028=CARTESIAN_POINT('',(0.310706091053659,0.00486771435066249,0.305499999999898));
#5029=CARTESIAN_POINT('',(0.310885206819344,0.00496238488100899,0.3055));
#5030=CARTESIAN_POINT('',(0.311567199779214,0.00249757197665763,0.3053));
#5031=CARTESIAN_POINT('',(0.311567199779243,0.00249757197702357,0.305500000000029));
#5032=CARTESIAN_POINT('',(0.311764201278249,0.00254203802878481,0.3055));
#5033=CARTESIAN_POINT('',(0.311841314944844,5.81917734510962E-6,0.3053));
#5034=CARTESIAN_POINT('',(0.311841314944829,5.81917730985497E-6,0.305499999999985));
#5035=CARTESIAN_POINT('',(0.312042811507957,5.92194807884797E-6,0.3055));
#5036=CARTESIAN_POINT('',(0.311567536950638,-0.00249914029413714,0.3053));
#5037=CARTESIAN_POINT('',(0.311567536950668,-0.00249914029436206,0.305500000000029));
#5038=CARTESIAN_POINT('',(0.311764549137092,-0.00254363150220719,0.3055));
#5039=CARTESIAN_POINT('',(0.310706657171666,-0.00486486938376057,0.3053));
#5040=CARTESIAN_POINT('',(0.31070665717156,-0.0048648693828256,0.305499999999898));
#5041=CARTESIAN_POINT('',(0.310885767573786,-0.00495948453050058,0.3055));
#5042=CARTESIAN_POINT('',(0.309144325571519,-0.00686433875662695,0.3053));
#5043=CARTESIAN_POINT('',(0.309144325571912,-0.00686433876014191,0.305500000000378));
#5044=CARTESIAN_POINT('',(0.309279647059859,-0.00702454251991089,0.3055));
#5045=CARTESIAN_POINT('',(0.307566128557896,-0.0075,0.3053));
#5046=CARTESIAN_POINT('',(0.307566128557049,-0.00749999999242175,0.305499999999185));
#5047=CARTESIAN_POINT('',(0.307615096273543,-0.00769999999198812,0.3055));
#5048=CARTESIAN_POINT('',(0.30675,-0.0075,0.3053));
#5049=CARTESIAN_POINT('',(0.30675,-0.0075,0.3055));
#5050=CARTESIAN_POINT('',(0.30675,-0.0077,0.3055));
#5051=CARTESIAN_POINT('',(0.3168,5.20417042793042E-18,0.3037));
#5052=CARTESIAN_POINT('',(0.3168,0.014,0.3037));
#5053=CARTESIAN_POINT('',(0.3168,-0.014,0.3037));
#5054=CARTESIAN_POINT('',(0.316,-0.014,0.3037));
#5055=CARTESIAN_POINT('',(0.316,-0.0148,0.3037));
#5056=CARTESIAN_POINT('',(0.316,0.014,0.3037));
#5057=CARTESIAN_POINT('',(0.316,0.0148,0.3037));
#5058=CARTESIAN_POINT('',(0.315875,-0.0148,0.3037));
#5059=CARTESIAN_POINT('',(0.31575,-0.0148,0.3037));
#5060=CARTESIAN_POINT('',(0.315875,0.0148,0.3037));
#5061=CARTESIAN_POINT('',(0.31575,0.0148,0.3037));
#5062=CARTESIAN_POINT('',(0.31575,-0.0145,0.3037));
#5063=CARTESIAN_POINT('',(0.31545,-0.0145,0.3037));
#5064=CARTESIAN_POINT('',(0.31575,0.0145,0.3037));
#5065=CARTESIAN_POINT('',(0.31545,0.0145,0.3037));
#5066=CARTESIAN_POINT('',(0.31545,-0.014,0.3037));
#5067=CARTESIAN_POINT('',(0.31545,-0.0135,0.3037));
#5068=CARTESIAN_POINT('',(0.31545,0.014,0.3037));
#5069=CARTESIAN_POINT('',(0.31545,0.0135,0.3037));
#5070=CARTESIAN_POINT('',(0.31425,-0.0135,0.3037));
#5071=CARTESIAN_POINT('',(0.31425,-0.0123,0.3037));
#5072=CARTESIAN_POINT('',(0.31425,0.0135,0.3037));
#5073=CARTESIAN_POINT('',(0.31425,0.0123,0.3037));
#5074=CARTESIAN_POINT('',(0.22325,-0.0123,0.3037));
#5075=CARTESIAN_POINT('',(0.285,-0.0123,0.3037));
#5076=CARTESIAN_POINT('',(0.22325,0.0123,0.3037));
#5077=CARTESIAN_POINT('',(0.285,0.0123,0.3037));
#5078=CARTESIAN_POINT('',(0.285,-0.0105,0.3037));
#5079=CARTESIAN_POINT('',(0.2832,-0.0105,0.3037));
#5080=CARTESIAN_POINT('',(0.285,0.0105,0.3037));
#5081=CARTESIAN_POINT('',(0.2832,0.0105,0.3037));
#5082=CARTESIAN_POINT('',(0.2832,0.,0.3037));
#5083=CARTESIAN_POINT('',(0.2832,-0.0095,0.3037));
#5084=CARTESIAN_POINT('',(0.2832,0.,0.3037));
#5085=CARTESIAN_POINT('',(0.2832,0.0095,0.3037));
#5086=CARTESIAN_POINT('',(0.285,-0.0095,0.3037));
#5087=CARTESIAN_POINT('',(0.285,-0.0077,0.3037));
#5088=CARTESIAN_POINT('',(0.285,0.0095,0.3037));
#5089=CARTESIAN_POINT('',(0.285,0.0077,0.3037));
#5090=CARTESIAN_POINT('',(0.22325,-0.0077,0.3037));
#5091=CARTESIAN_POINT('',(0.30675,-0.0077,0.3037));
#5092=CARTESIAN_POINT('',(0.22325,0.0077,0.3037));
#5093=CARTESIAN_POINT('',(0.30675,0.0077,0.3037));
#5094=CARTESIAN_POINT('',(0.30675,-0.0075,0.3037));
#5095=CARTESIAN_POINT('',(0.30675,-0.00750000000000006,0.3035));
#5096=CARTESIAN_POINT('',(0.30675,-0.0077,0.3035));
#5097=CARTESIAN_POINT('',(0.307566154554947,-0.0075,0.303700000000072));
#5098=CARTESIAN_POINT('',(0.307566154498885,-0.00749999998701532,0.303499999944529));
#5099=CARTESIAN_POINT('',(0.307615123830411,-0.00769999998776476,0.3035));
#5100=CARTESIAN_POINT('',(0.309140052882922,-0.006866885838716,0.303699999999967));
#5101=CARTESIAN_POINT('',(0.309140052908951,-0.00686688584474052,0.303500000025754));
#5102=CARTESIAN_POINT('',(0.309275183429336,-0.00702721714779477,0.3035));
#5103=CARTESIAN_POINT('',(0.310706091053758,-0.00486771435209099,0.303700000000009));
#5104=CARTESIAN_POINT('',(0.310706091046751,-0.00486771435048209,0.303499999993066));
#5105=CARTESIAN_POINT('',(0.310885206819344,-0.00496238488100447,0.3035));
#5106=CARTESIAN_POINT('',(0.311567199779214,-0.0024975719766576,0.303699999999997));
#5107=CARTESIAN_POINT('',(0.311567199781217,-0.00249757197706879,0.303500000001981));
#5108=CARTESIAN_POINT('',(0.311764201278249,-0.00254203802878606,0.3035));
#5109=CARTESIAN_POINT('',(0.311841314944844,-5.81917734508914E-6,0.303700000000001));
#5110=CARTESIAN_POINT('',(0.311841314943843,-5.81917730919566E-6,0.30349999999901));
#5111=CARTESIAN_POINT('',(0.312042811507957,-5.92194807818446E-6,0.3035));
#5112=CARTESIAN_POINT('',(0.311567536950637,0.00249914029413714,0.303699999999997));
#5113=CARTESIAN_POINT('',(0.311567536952641,0.00249914029440475,0.303500000001981));
#5114=CARTESIAN_POINT('',(0.311764549137091,0.00254363150220591,0.3035));
#5115=CARTESIAN_POINT('',(0.31070665717167,0.00486486938376062,0.303700000000009));
#5116=CARTESIAN_POINT('',(0.310706657164656,0.00486486938265423,0.303499999993066));
#5117=CARTESIAN_POINT('',(0.31088576757379,0.00495948453050512,0.3035));
#5118=CARTESIAN_POINT('',(0.309144325571508,0.00686433875662696,0.303699999999967));
#5119=CARTESIAN_POINT('',(0.309144325597555,0.00686433876078502,0.303500000025754));
#5120=CARTESIAN_POINT('',(0.309279647059848,0.00702454251989418,0.3035));
#5121=CARTESIAN_POINT('',(0.30756612855792,0.0075,0.303700000000072));
#5122=CARTESIAN_POINT('',(0.307566128501818,0.0074999999910354,0.303499999944531));
#5123=CARTESIAN_POINT('',(0.307615096273567,0.00769999999202414,0.3035));
#5124=CARTESIAN_POINT('',(0.30675,0.0075,0.3037));
#5125=CARTESIAN_POINT('',(0.30675,0.00750000000000006,0.3035));
#5126=CARTESIAN_POINT('',(0.30675,0.0077,0.3035));
#5127=CARTESIAN_POINT('',(0.316090494791667,0.000257100038139446,0.3053));
#5128=CARTESIAN_POINT('',(0.316090494791667,0.000372570091977392,0.3053));
#5129=CARTESIAN_POINT('',(0.316090494791667,0.00043030511889634,0.3054));
#5130=CARTESIAN_POINT('',(0.316010298193896,0.000257100290419259,0.3053));
#5131=CARTESIAN_POINT('',(0.315989234058128,0.000372570573063765,0.305299999999997));
#5132=CARTESIAN_POINT('',(0.315978701990243,0.000430305267768752,0.305400000257855));
#5133=CARTESIAN_POINT('',(0.315930289269192,0.000229028436401271,0.3053));
#5134=CARTESIAN_POINT('',(0.31586569593911,0.000329261107896298,0.305299999999229));
#5135=CARTESIAN_POINT('',(0.315833399814909,0.000379376944821407,0.305400000424272));
#5136=CARTESIAN_POINT('',(0.315875659627776,0.000169930437779701,0.3053));
#5137=CARTESIAN_POINT('',(0.315790867711854,0.000248311968305636,0.3053));
#5138=CARTESIAN_POINT('',(0.315748471753893,0.000287502733568586,0.3054));
#5139=CARTESIAN_POINT('',(0.315875659627776,0.000169930437779715,0.3055));
#5140=CARTESIAN_POINT('',(0.316090494791667,0.000257100038139454,0.3055));
#5141=CARTESIAN_POINT('',(0.316301412238806,0.000171561639518683,0.3053));
#5142=CARTESIAN_POINT('',(0.316386384351728,0.00024974778508846,0.3053));
#5143=CARTESIAN_POINT('',(0.316428870408188,0.000288840857873319,0.3054));
#5144=CARTESIAN_POINT('',(0.316247971659825,0.000229640846843448,0.3053));
#5145=CARTESIAN_POINT('',(0.316312660709721,0.000329871090016158,0.305300000003427));
#5146=CARTESIAN_POINT('',(0.316345004739676,0.000379985761036236,0.305400000384175));
#5147=CARTESIAN_POINT('',(0.316169332718349,0.000257100329650293,0.3053));
#5148=CARTESIAN_POINT('',(0.316190271667978,0.000372570627981129,0.305300000190895));
#5149=CARTESIAN_POINT('',(0.316200740846318,0.000430305283264074,0.305400000284693));
#5150=CARTESIAN_POINT('',(0.316090494791667,0.000257100038139446,0.3053));
#5151=CARTESIAN_POINT('',(0.316090494791667,0.000372570091977392,0.3053));
#5152=CARTESIAN_POINT('',(0.316090494791667,0.00043030511889634,0.3054));
#5153=CARTESIAN_POINT('',(0.316301412238806,0.000171561639518731,0.3055));
#5154=CARTESIAN_POINT('',(0.315875659627776,0.000169930437779653,0.3053));
#5155=CARTESIAN_POINT('',(0.315790867711854,0.000248311968305613,0.3053));
#5156=CARTESIAN_POINT('',(0.315748471753893,0.000287502733568564,0.3054));
#5157=CARTESIAN_POINT('',(0.315816180709668,0.000105587250816256,0.3053));
#5158=CARTESIAN_POINT('',(0.315710835913047,0.000161735322535772,0.305300000000775));
#5159=CARTESIAN_POINT('',(0.315658163763717,0.000189809127119629,0.305400000196711));
#5160=CARTESIAN_POINT('',(0.315790507168179,1.77987574128255E-5,0.3053));
#5161=CARTESIAN_POINT('',(0.315675036986584,3.68654376055717E-5,0.305300000018273));
#5162=CARTESIAN_POINT('',(0.315617302194106,4.63987777081699E-5,0.305400000188574));
#5163=CARTESIAN_POINT('',(0.315790507383736,-6.96343315967704E-5,0.3053));
#5164=CARTESIAN_POINT('',(0.315675037329898,-6.96343315967702E-5,0.3053));
#5165=CARTESIAN_POINT('',(0.315617302302979,-6.96343315967701E-5,0.3054));
#5166=CARTESIAN_POINT('',(0.315790507383736,-6.96343315967699E-5,0.3055));
#5167=CARTESIAN_POINT('',(0.316384948345431,-6.96343315967699E-5,0.3053));
#5168=CARTESIAN_POINT('',(0.316500418399269,-6.96343315967699E-5,0.3053));
#5169=CARTESIAN_POINT('',(0.316558153426188,-6.96343315967699E-5,0.3054));
#5170=CARTESIAN_POINT('',(0.316384948525321,1.7926102233014E-5,0.3053));
#5171=CARTESIAN_POINT('',(0.31650041870377,3.60332520897858E-5,0.305299999997037));
#5172=CARTESIAN_POINT('',(0.316558153519043,4.50868270171749E-5,0.30540000016083));
#5173=CARTESIAN_POINT('',(0.316360987942937,0.000106815516911613,0.3053));
#5174=CARTESIAN_POINT('',(0.316467646436271,0.00016143377337427,0.30530000029121));
#5175=CARTESIAN_POINT('',(0.31652097490543,0.000188742602368906,0.30540000025446));
#5176=CARTESIAN_POINT('',(0.316301412238806,0.000171561639518731,0.3053));
#5177=CARTESIAN_POINT('',(0.316386384351728,0.000249747785088493,0.3053));
#5178=CARTESIAN_POINT('',(0.316428870408188,0.000288840857873352,0.3054));
#5179=CARTESIAN_POINT('',(0.316384948345431,-6.96343315967699E-5,0.3055));
#5180=CARTESIAN_POINT('',(0.315790507383736,-6.96343315967699E-5,0.3053));
#5181=CARTESIAN_POINT('',(0.315675037329898,-6.96343315967699E-5,0.3053));
#5182=CARTESIAN_POINT('',(0.315617302302979,-6.96343315967699E-5,0.3054));
#5183=CARTESIAN_POINT('',(0.315790507194705,-0.000156005803920117,0.3053));
#5184=CARTESIAN_POINT('',(0.315675036986813,-0.000175509321190921,0.305299999995297));
#5185=CARTESIAN_POINT('',(0.315617302199773,-0.000185261079827939,0.305400000178759));
#5186=CARTESIAN_POINT('',(0.315816539791898,-0.000242235931691526,0.3053));
#5187=CARTESIAN_POINT('',(0.315711746674978,-0.000299055476547848,0.305300000000478));
#5188=CARTESIAN_POINT('',(0.315659350476709,-0.000327464914176751,0.305400000284234));
#5189=CARTESIAN_POINT('',(0.315875488917429,-0.000305786665186843,0.3053));
#5190=CARTESIAN_POINT('',(0.315790831636513,-0.000384313591277717,0.3053));
#5191=CARTESIAN_POINT('',(0.315748502996055,-0.000423577054323122,0.3054));
#5192=CARTESIAN_POINT('',(0.315875488917429,-0.000305786665186864,0.3055));
#5193=CARTESIAN_POINT('',(0.316301584240307,-0.000307415616018988,0.3053));
#5194=CARTESIAN_POINT('',(0.316386420699922,-0.000385748932388047,0.3053));
#5195=CARTESIAN_POINT('',(0.316428838929729,-0.000424915590572575,0.3054));
#5196=CARTESIAN_POINT('',(0.316360507967547,-0.000243600264101398,0.3053));
#5197=CARTESIAN_POINT('',(0.316466551067637,-0.000298966717141922,0.305299999996228));
#5198=CARTESIAN_POINT('',(0.316519572378529,-0.000326649717437125,0.305400000192543));
#5199=CARTESIAN_POINT('',(0.316384948559423,-0.000156267018101993,0.3053));
#5200=CARTESIAN_POINT('',(0.316500418772528,-0.000174802009993935,0.305300000016123));
#5201=CARTESIAN_POINT('',(0.316558153533134,-0.000184069505934361,0.305400000185237));
#5202=CARTESIAN_POINT('',(0.316384948345431,-6.96343315967704E-5,0.3053));
#5203=CARTESIAN_POINT('',(0.316500418399269,-6.96343315967702E-5,0.3053));
#5204=CARTESIAN_POINT('',(0.316558153426188,-6.96343315967701E-5,0.3054));
#5205=CARTESIAN_POINT('',(0.316301584240307,-0.000307415616019011,0.3055));
#5206=CARTESIAN_POINT('',(0.315875488917429,-0.000305786665186863,0.3053));
#5207=CARTESIAN_POINT('',(0.315790831636513,-0.00038431359127772,0.3053));
#5208=CARTESIAN_POINT('',(0.315748502996055,-0.000423577054323125,0.3054));
#5209=CARTESIAN_POINT('',(0.315930157453832,-0.000364723376258643,0.3053));
#5210=CARTESIAN_POINT('',(0.315865776173389,-0.000465109761758767,0.305299999999531));
#5211=CARTESIAN_POINT('',(0.315833585994265,-0.000515302527466754,0.305400000362544));
#5212=CARTESIAN_POINT('',(0.316010194115799,-0.000392679749957418,0.3053));
#5213=CARTESIAN_POINT('',(0.315989199357623,-0.0005081500388722,0.305300000181096));
#5214=CARTESIAN_POINT('',(0.315978701697295,-0.000565884705100085,0.305400000275606));
#5215=CARTESIAN_POINT('',(0.316090494791667,-0.000392679465221874,0.3053));
#5216=CARTESIAN_POINT('',(0.316090494791667,-0.00050814951905982,0.3053));
#5217=CARTESIAN_POINT('',(0.316090494791667,-0.000565884545978768,0.3054));
#5218=CARTESIAN_POINT('',(0.316090494791667,-0.000392679465221874,0.3055));
#5219=CARTESIAN_POINT('',(0.316090494791667,-0.000392679465221874,0.3053));
#5220=CARTESIAN_POINT('',(0.316090494791667,-0.00050814951905982,0.3053));
#5221=CARTESIAN_POINT('',(0.316090494791667,-0.000565884545978768,0.3054));
#5222=CARTESIAN_POINT('',(0.316169240145157,-0.000392679721558465,0.3053));
#5223=CARTESIAN_POINT('',(0.316190057370107,-0.000508150008499299,0.305300000000008));
#5224=CARTESIAN_POINT('',(0.316200465982581,-0.000565884697476499,0.305400000262402));
#5225=CARTESIAN_POINT('',(0.316247966115557,-0.000365485577407959,0.3053));
#5226=CARTESIAN_POINT('',(0.31631238679747,-0.0004659302315769,0.305300000000626));
#5227=CARTESIAN_POINT('',(0.316344596570166,-0.00051615203485574,0.305400000445793));
#5228=CARTESIAN_POINT('',(0.316301584240307,-0.00030741561601906,0.3053));
#5229=CARTESIAN_POINT('',(0.316386420699921,-0.00038574893238806,0.3053));
#5230=CARTESIAN_POINT('',(0.316428838929729,-0.000424915590572531,0.3054));
#5231=CARTESIAN_POINT('',(0.313476907980848,0.,0.3055));
#5232=CARTESIAN_POINT('',(0.313650113061611,-0.00322480555818029,0.305400000000012));
#5233=CARTESIAN_POINT('',(0.313609768541982,-0.00326515007780902,0.305330121242197));
#5234=CARTESIAN_POINT('',(0.313543154284275,-0.00333075641798692,0.3053));
#5235=CARTESIAN_POINT('',(0.313476907980848,-0.00338965443716096,0.3053));
#5236=CARTESIAN_POINT('',(0.313650113061611,-0.00411400737584663,0.305400000000012));
#5237=CARTESIAN_POINT('',(0.313608112140939,-0.00407200645517487,0.305327252271432));
#5238=CARTESIAN_POINT('',(0.313538639841366,-0.00400176349600734,0.3053));
#5239=CARTESIAN_POINT('',(0.313476907980848,-0.0039331247266246,0.3053));
#5240=CARTESIAN_POINT('',(0.312996460672934,-0.0037773218806593,0.3053));
#5241=CARTESIAN_POINT('',(0.312938749304771,-0.00387733553631728,0.3053));
#5242=CARTESIAN_POINT('',(0.31290989362069,-0.00392734236414626,0.3054));
#5243=CARTESIAN_POINT('',(0.313096452004697,-0.00383502036995151,0.3053));
#5244=CARTESIAN_POINT('',(0.313047930287889,-0.00394033677811751,0.305300000000492));
#5245=CARTESIAN_POINT('',(0.313023669431287,-0.00399299497775611,0.305400000002958));
#5246=CARTESIAN_POINT('',(0.31330855414045,-0.00392149330473358,0.3053));
#5247=CARTESIAN_POINT('',(0.313278093442662,-0.00403546336084768,0.305299999999754));
#5248=CARTESIAN_POINT('',(0.313262863092864,-0.00409244839112689,0.305399999998521));
#5249=CARTESIAN_POINT('',(0.313539996839706,-0.00394080229508301,0.3053));
#5250=CARTESIAN_POINT('',(0.313539996839419,-0.00405627234892096,0.3053));
#5251=CARTESIAN_POINT('',(0.313539996839281,-0.00411400737583991,0.3054));
#5252=CARTESIAN_POINT('',(0.313654199849228,-0.00394080229508301,0.3053));
#5253=CARTESIAN_POINT('',(0.313654199849228,-0.00405627234892096,0.3053));
#5254=CARTESIAN_POINT('',(0.313654199849228,-0.00411400737583991,0.3054));
#5255=CARTESIAN_POINT('',(0.312996460672934,-0.00377732188065928,0.3055));
#5256=CARTESIAN_POINT('',(0.313129113759256,-0.00306828056986992,0.3054));
#5257=CARTESIAN_POINT('',(0.313092018493401,-0.00311252166597416,0.3053));
#5258=CARTESIAN_POINT('',(0.313017827961692,-0.0032010038581827,0.3053));
#5259=CARTESIAN_POINT('',(0.313265631946985,-0.00318274829928245,0.305400000019501));
#5260=CARTESIAN_POINT('',(0.313241607812285,-0.00323794922706009,0.305300000002293));
#5261=CARTESIAN_POINT('',(0.313193559492417,-0.00334835113429295,0.3053));
#5262=CARTESIAN_POINT('',(0.313426062706884,-0.00322480555822428,0.305399999999936));
#5263=CARTESIAN_POINT('',(0.313426062667969,-0.00328254058496579,0.305299999962097));
#5264=CARTESIAN_POINT('',(0.313426062706884,-0.00339801063926477,0.3053));
#5265=CARTESIAN_POINT('',(0.313654194950665,-0.00322480555818702,0.3054));
#5266=CARTESIAN_POINT('',(0.313654194950665,-0.00328254058510597,0.3053));
#5267=CARTESIAN_POINT('',(0.313654194950665,-0.00339801063894391,0.3053));
#5268=CARTESIAN_POINT('',(0.313017827961692,-0.00320100385818271,0.3055));
#5269=CARTESIAN_POINT('',(0.312554564098903,-0.00331722093816199,0.3053));
#5270=CARTESIAN_POINT('',(0.312452932085664,-0.00337203213426705,0.3053));
#5271=CARTESIAN_POINT('',(0.312402116079045,-0.00339943773231955,0.3054));
#5272=CARTESIAN_POINT('',(0.312657486696341,-0.00350806212780771,0.3053));
#5273=CARTESIAN_POINT('',(0.312564632493825,-0.00357914931504076,0.305300000011668));
#5274=CARTESIAN_POINT('',(0.312518205402347,-0.00361469289352674,0.305400000018163));
#5275=CARTESIAN_POINT('',(0.312808337030807,-0.00366876800080622,0.3053));
#5276=CARTESIAN_POINT('',(0.312732508262851,-0.00375832729563537,0.305299999999269));
#5277=CARTESIAN_POINT('',(0.312694593892885,-0.003803106920688,0.305400000014913));
#5278=CARTESIAN_POINT('',(0.312996460672935,-0.00377732188065929,0.3053));
#5279=CARTESIAN_POINT('',(0.312938749304771,-0.00387733553631728,0.3053));
#5280=CARTESIAN_POINT('',(0.31290989362069,-0.00392734236414626,0.3054));
#5281=CARTESIAN_POINT('',(0.312554564098902,-0.00331722093816196,0.3055));
#5282=CARTESIAN_POINT('',(0.313017827961692,-0.0032010038581827,0.3053));
#5283=CARTESIAN_POINT('',(0.313092018493401,-0.00311252166597416,0.3053));
#5284=CARTESIAN_POINT('',(0.313129113759256,-0.00306828056986992,0.3054));
#5285=CARTESIAN_POINT('',(0.312855631116554,-0.00306500513927489,0.3053));
#5286=CARTESIAN_POINT('',(0.31295512897161,-0.00299774257521075,0.305300000000061));
#5287=CARTESIAN_POINT('',(0.313004877893033,-0.00296411130031516,0.305400000005378));
#5288=CARTESIAN_POINT('',(0.312771341481902,-0.00285514628584792,0.3053));
#5289=CARTESIAN_POINT('',(0.312886811567331,-0.00282990773636155,0.305299999992448));
#5290=CARTESIAN_POINT('',(0.312944546646927,-0.00281728846171631,0.305399999985403));
#5291=CARTESIAN_POINT('',(0.312771341574597,-0.00264379882812457,0.3053));
#5292=CARTESIAN_POINT('',(0.312886811628435,-0.00264379882812457,0.3053));
#5293=CARTESIAN_POINT('',(0.312944546655354,-0.00264379882812457,0.3054));
#5294=CARTESIAN_POINT('',(0.312771341574597,-0.00264379882812456,0.3055));
#5295=CARTESIAN_POINT('',(0.312391798616375,-0.00262904188368012,0.3053));
#5296=CARTESIAN_POINT('',(0.312276328562537,-0.00262904188368012,0.3053));
#5297=CARTESIAN_POINT('',(0.312218593535618,-0.00262904188368012,0.3054));
#5298=CARTESIAN_POINT('',(0.312391798590426,-0.00286863891217891,0.3053));
#5299=CARTESIAN_POINT('',(0.312276328539677,-0.00288366312315486,0.305300000009215));
#5300=CARTESIAN_POINT('',(0.31221859352676,-0.00289117522852414,0.305400000015342));
#5301=CARTESIAN_POINT('',(0.312440423659603,-0.0031055794491498,0.3053));
#5302=CARTESIAN_POINT('',(0.312328572364274,-0.00314144183390603,0.305300000008416));
#5303=CARTESIAN_POINT('',(0.312272646701303,-0.00315937302742721,0.305399999998423));
#5304=CARTESIAN_POINT('',(0.312554564098902,-0.00331722093816196,0.3053));
#5305=CARTESIAN_POINT('',(0.312452932085664,-0.00337203213426702,0.3053));
#5306=CARTESIAN_POINT('',(0.312402116079045,-0.00339943773231953,0.3054));
#5307=CARTESIAN_POINT('',(0.312391798616375,-0.00262904188368012,0.3055));
#5308=CARTESIAN_POINT('',(0.312771341574597,-0.00264379882812456,0.3053));
#5309=CARTESIAN_POINT('',(0.312886811628435,-0.00264379882812456,0.3053));
#5310=CARTESIAN_POINT('',(0.312944546655354,-0.00264379882812456,0.3054));
#5311=CARTESIAN_POINT('',(0.312771341483812,-0.00245206971456346,0.3053));
#5312=CARTESIAN_POINT('',(0.312886811564616,-0.0024739359052917,0.305299999988933));
#5313=CARTESIAN_POINT('',(0.312944546647024,-0.00248486900079947,0.305399999985571));
#5314=CARTESIAN_POINT('',(0.312835849774593,-0.00225792071605663,0.3053));
#5315=CARTESIAN_POINT('',(0.312939816368097,-0.00232012275765706,0.305300000000773));
#5316=CARTESIAN_POINT('',(0.312991799655723,-0.00235122376950701,0.305400000006894));
#5317=CARTESIAN_POINT('',(0.312980317328085,-0.002130154666893,0.3053));
#5318=CARTESIAN_POINT('',(0.313056813981429,-0.00221665088276632,0.3053));
#5319=CARTESIAN_POINT('',(0.313095062308101,-0.00225989899070297,0.3054));
#5320=CARTESIAN_POINT('',(0.312980317328085,-0.00213015466689298,0.3055));
#5321=CARTESIAN_POINT('',(0.312667256705623,-0.00171782842518406,0.3053));
#5322=CARTESIAN_POINT('',(0.312580037947531,-0.00164215662349829,0.3053));
#5323=CARTESIAN_POINT('',(0.312536428568486,-0.00160432072265541,0.3054));
#5324=CARTESIAN_POINT('',(0.312452504647367,-0.00196535018162828,0.3053));
#5325=CARTESIAN_POINT('',(0.312338200848391,-0.00192089641359924,0.305299999995127));
#5326=CARTESIAN_POINT('',(0.312281048897844,-0.00189866947879748,0.305399999955209));
#5327=CARTESIAN_POINT('',(0.312391798569087,-0.0023035891182112,0.3053));
#5328=CARTESIAN_POINT('',(0.312276328531892,-0.00228887900307872,0.305300000022707));
#5329=CARTESIAN_POINT('',(0.312218593521354,-0.00228152394521949,0.305400000024706));
#5330=CARTESIAN_POINT('',(0.312391798616375,-0.00262904188368012,0.3053));
#5331=CARTESIAN_POINT('',(0.312276328562537,-0.00262904188368012,0.3053));
#5332=CARTESIAN_POINT('',(0.312218593535618,-0.00262904188368012,0.3054));
#5333=CARTESIAN_POINT('',(0.312667256705623,-0.00171782842518408,0.3055));
#5334=CARTESIAN_POINT('',(0.312980317328085,-0.00213015466689298,0.3053));
#5335=CARTESIAN_POINT('',(0.313056813981429,-0.00221665088276631,0.3053));
#5336=CARTESIAN_POINT('',(0.313095062308101,-0.00225989899070296,0.3054));
#5337=CARTESIAN_POINT('',(0.313126124751065,-0.00200120368768311,0.3053));
#5338=CARTESIAN_POINT('',(0.313176105104132,-0.00211115072193064,0.305300000001023));
#5339=CARTESIAN_POINT('',(0.313201095252167,-0.00216612420856671,0.305400000023492));
#5340=CARTESIAN_POINT('',(0.31332347942637,-0.00195230394411949,0.3053));
#5341=CARTESIAN_POINT('',(0.313341228786517,-0.002067774022925,0.30530000000223));
#5342=CARTESIAN_POINT('',(0.313350103463151,-0.00212550909953742,0.305399999978499));
#5343=CARTESIAN_POINT('',(0.313517252604167,-0.00195230403119411,0.3053));
#5344=CARTESIAN_POINT('',(0.313517252604166,-0.00206777408503206,0.3053));
#5345=CARTESIAN_POINT('',(0.313517252604167,-0.002125509111951,0.3054));
#5346=CARTESIAN_POINT('',(0.313517252604167,-0.00195230403119411,0.3055));
#5347=CARTESIAN_POINT('',(0.313436089409722,-0.00140951237505501,0.3053));
#5348=CARTESIAN_POINT('',(0.313436089409722,-0.00129404232121706,0.3053));
#5349=CARTESIAN_POINT('',(0.313436089409722,-0.00123630729429812,0.3054));
#5350=CARTESIAN_POINT('',(0.313149659734743,-0.00140951230913484,0.3053));
#5351=CARTESIAN_POINT('',(0.313129650651792,-0.00129404223924213,0.305299999999963));
#5352=CARTESIAN_POINT('',(0.313119646110394,-0.00123630727179754,0.305400000038972));
#5353=CARTESIAN_POINT('',(0.31285614284614,-0.00150011955937954,0.3053));
#5354=CARTESIAN_POINT('',(0.312793022289611,-0.0013966722940304,0.305299999996342));
#5355=CARTESIAN_POINT('',(0.312761462082117,-0.00134494871790159,0.305400000049781));
#5356=CARTESIAN_POINT('',(0.312667256705623,-0.00171782842518404,0.3053));
#5357=CARTESIAN_POINT('',(0.312580037947531,-0.00164215662349827,0.3053));
#5358=CARTESIAN_POINT('',(0.312536428568486,-0.00160432072265539,0.3054));
#5359=CARTESIAN_POINT('',(0.313436089409722,-0.001409512375055,0.3055));
#5360=CARTESIAN_POINT('',(0.313517252604167,-0.00195230403119411,0.3053));
#5361=CARTESIAN_POINT('',(0.313517252604166,-0.00206777408503206,0.3053));
#5362=CARTESIAN_POINT('',(0.313517252604167,-0.002125509111951,0.3054));
#5363=CARTESIAN_POINT('',(0.313697240696063,-0.00195230412796696,0.3053));
#5364=CARTESIAN_POINT('',(0.313670094542027,-0.00206777415374678,0.305299999999977));
#5365=CARTESIAN_POINT('',(0.313656521465069,-0.00212550912562245,0.30540000002368));
#5366=CARTESIAN_POINT('',(0.313868733349085,-0.00201576616038781,0.3053));
#5367=CARTESIAN_POINT('',(0.313822034393382,-0.00212227230563116,0.305299999999627));
#5368=CARTESIAN_POINT('',(0.313798684903316,-0.0021755253998835,0.305399999985507));
#5369=CARTESIAN_POINT('',(0.314023204232713,-0.00210676020521301,0.3053));
#5370=CARTESIAN_POINT('',(0.313964596991989,-0.00220625153482587,0.3053));
#5371=CARTESIAN_POINT('',(0.313935293371628,-0.00225599719963228,0.3054));
#5372=CARTESIAN_POINT('',(0.314023204232713,-0.00210676020521304,0.3055));
#5373=CARTESIAN_POINT('',(0.314005161406085,-0.00155545952289896,0.3053));
#5374=CARTESIAN_POINT('',(0.314056801184035,-0.0014521799670001,0.3053));
#5375=CARTESIAN_POINT('',(0.314082621073009,-0.0014005401890507,0.3054));
#5376=CARTESIAN_POINT('',(0.313827736749358,-0.00146674715697542,0.3053));
#5377=CARTESIAN_POINT('',(0.31386748062782,-0.00135751964248882,0.305299999999822));
#5378=CARTESIAN_POINT('',(0.313887352552036,-0.00130290591582386,0.305400000019737));
#5379=CARTESIAN_POINT('',(0.313635071721827,-0.00140951240440377,0.3053));
#5380=CARTESIAN_POINT('',(0.313656792794204,-0.00129404235684479,0.3053));
#5381=CARTESIAN_POINT('',(0.313667653330403,-0.00123630730398991,0.305399999983213));
#5382=CARTESIAN_POINT('',(0.313436089409722,-0.00140951237505501,0.3053));
#5383=CARTESIAN_POINT('',(0.313436089409722,-0.00129404232121706,0.3053));
#5384=CARTESIAN_POINT('',(0.313436089409722,-0.00123630729429812,0.3054));
#5385=CARTESIAN_POINT('',(0.314005161406085,-0.00155545952289897,0.3055));
#5386=CARTESIAN_POINT('',(0.314023204232713,-0.00210676020521304,0.3053));
#5387=CARTESIAN_POINT('',(0.313964596991989,-0.0022062515348259,0.3053));
#5388=CARTESIAN_POINT('',(0.313935293371628,-0.00225599719963231,0.3054));
#5389=CARTESIAN_POINT('',(0.314229159334502,-0.00222808207913488,0.3053));
#5390=CARTESIAN_POINT('',(0.314157155282549,-0.00231968173769729,0.305300000001256));
#5391=CARTESIAN_POINT('',(0.314121153288838,-0.00236548150891421,0.305400000038901));
#5392=CARTESIAN_POINT('',(0.314409527081346,-0.0023817436963325,0.3053));
#5393=CARTESIAN_POINT('',(0.314331559401967,-0.00246691631049677,0.305300000000609));
#5394=CARTESIAN_POINT('',(0.314292575561288,-0.00250950261758025,0.305399999999995));
#5395=CARTESIAN_POINT('',(0.314584641573754,-0.00254204487821819,0.3053));
#5396=CARTESIAN_POINT('',(0.31450667389372,-0.0026272174923813,0.3053));
#5397=CARTESIAN_POINT('',(0.314467690053703,-0.00266980379946284,0.3054));
#5398=CARTESIAN_POINT('',(0.314463774466602,-0.00266621944320285,0.3054));
#5399=CARTESIAN_POINT('',(0.31448771581387,-0.00264038448128862,0.30533899377165));
#5400=CARTESIAN_POINT('',(0.31453420821638,-0.00259021656253875,0.305299999999992));
#5401=CARTESIAN_POINT('',(0.314581508312474,-0.00253917666619988,0.3053));
#5402=CARTESIAN_POINT('',(0.314082621073009,-0.0014005401890507,0.3054));
#5403=CARTESIAN_POINT('',(0.314056801184034,-0.0014521799670001,0.3053));
#5404=CARTESIAN_POINT('',(0.314005161406085,-0.00155545952289897,0.3053));
#5405=CARTESIAN_POINT('',(0.31438534207769,-0.00155190076779087,0.305399999881642));
#5406=CARTESIAN_POINT('',(0.314349039546717,-0.00159829942995115,0.305299999998318));
#5407=CARTESIAN_POINT('',(0.314276434673337,-0.00169109638753937,0.3053));
#5408=CARTESIAN_POINT('',(0.31462234673799,-0.00175882005306896,0.305400000000003));
#5409=CARTESIAN_POINT('',(0.314583396052878,-0.00180143668594171,0.305300000000791));
#5410=CARTESIAN_POINT('',(0.314505494680138,-0.00188666995167206,0.3053));
#5411=CARTESIAN_POINT('',(0.314844551755224,-0.00196191066022021,0.3054));
#5412=CARTESIAN_POINT('',(0.31480560106927,-0.00200452729308817,0.3053));
#5413=CARTESIAN_POINT('',(0.314727699697361,-0.0020897605588241,0.3053));
#5414=CARTESIAN_POINT('',(0.314840575919926,-0.00195827683225889,0.3054));
#5415=CARTESIAN_POINT('',(0.314816575997262,-0.00198406312068606,0.305338987852874));
#5416=CARTESIAN_POINT('',(0.314769949615714,-0.0020341612017702,0.305300000000013));
#5417=CARTESIAN_POINT('',(0.314722572213571,-0.00208507432451712,0.3053));
#5418=CARTESIAN_POINT('',(0.264738469860974,0.0442224247363235,0.3055));
#5419=CARTESIAN_POINT('',(0.315987018743083,-0.00385779448258301,0.3055));
#5420=CARTESIAN_POINT('',(0.265493394961876,0.044572092749909,0.3055));
#5421=CARTESIAN_POINT('',(0.315974969189292,-0.00327203901099711,0.3055));
#5422=CARTESIAN_POINT('',(0.22325,-0.00385779448258301,0.3055));
#5423=CARTESIAN_POINT('',(0.316353589838486,-0.00385779448258301,0.3055));
#5424=CARTESIAN_POINT('',(0.315974969189292,0.,0.3055));
#5425=CARTESIAN_POINT('',(0.315974969189292,-0.00127393294797168,0.3055));
#5426=CARTESIAN_POINT('',(0.316353589838486,0.,0.3055));
#5427=CARTESIAN_POINT('',(0.316353589838486,-0.00127393294797168,0.3055));
#5428=CARTESIAN_POINT('',(0.22325,-0.00127393294797168,0.3055));
#5429=CARTESIAN_POINT('',(0.313160610393228,0.00209012459672367,0.3054));
#5430=CARTESIAN_POINT('',(0.313130173054147,0.00204106441202135,0.3053));
#5431=CARTESIAN_POINT('',(0.313069298375986,0.00194294404261669,0.3053));
#5432=CARTESIAN_POINT('',(0.313337905443447,0.00198012934109433,0.305400000060098));
#5433=CARTESIAN_POINT('',(0.313326203808207,0.00191944557502274,0.305299999999745));
#5434=CARTESIAN_POINT('',(0.313302800428773,0.00179807786597786,0.3053));
#5435=CARTESIAN_POINT('',(0.313588088377255,0.00195024571344707,0.30539999999986));
#5436=CARTESIAN_POINT('',(0.313587093022202,0.00189251926504007,0.305299999930469));
#5437=CARTESIAN_POINT('',(0.313585102526512,0.00177706637031251,0.3053));
#5438=CARTESIAN_POINT('',(0.313860493230357,0.00194554907812951,0.3054));
#5439=CARTESIAN_POINT('',(0.313859497946779,0.00188782263060387,0.3053));
#5440=CARTESIAN_POINT('',(0.313857507379623,0.00177236973555253,0.3053));
#5441=CARTESIAN_POINT('',(0.313069298375986,0.00194294404261669,0.3055));
#5442=CARTESIAN_POINT('',(0.313854126829408,0.00194565885153561,0.3054));
#5443=CARTESIAN_POINT('',(0.313853821987146,0.00191043406922529,0.305338988887353));
#5444=CARTESIAN_POINT('',(0.313853232851361,0.00184200265955577,0.3053));
#5445=CARTESIAN_POINT('',(0.313852633336526,0.00177245377077835,0.3053));
#5446=CARTESIAN_POINT('',(0.22325,0.00177245377077835,0.3055));
#5447=CARTESIAN_POINT('',(0.314873969184028,0.00177245377077835,0.3055));
#5448=CARTESIAN_POINT('',(0.313069298375986,0.00194294404261669,0.3053));
#5449=CARTESIAN_POINT('',(0.313130173054147,0.00204106441202135,0.3053));
#5450=CARTESIAN_POINT('',(0.313160610393228,0.00209012459672367,0.3054));
#5451=CARTESIAN_POINT('',(0.31288048386195,0.0020600860065063,0.3053));
#5452=CARTESIAN_POINT('',(0.312971899372929,0.00213925867020634,0.30530000000141));
#5453=CARTESIAN_POINT('',(0.313017607122499,0.00217884499603357,0.305400000004086));
#5454=CARTESIAN_POINT('',(0.31277410835549,0.00227884557528616,0.3053));
#5455=CARTESIAN_POINT('',(0.31288957849739,0.00230708353278686,0.30530000002969));
#5456=CARTESIAN_POINT('',(0.31294731356749,0.00232120251117276,0.305399999974111));
#5457=CARTESIAN_POINT('',(0.31277410850168,0.00250084092881991,0.3053));
#5458=CARTESIAN_POINT('',(0.312889578555518,0.00250084092881991,0.3053));
#5459=CARTESIAN_POINT('',(0.312947313582437,0.00250084092881991,0.3054));
#5460=CARTESIAN_POINT('',(0.31277410850168,0.00250084092881991,0.3055));
#5461=CARTESIAN_POINT('',(0.315708363223695,0.00193091052955431,0.3053));
#5462=CARTESIAN_POINT('',(0.315651859008761,0.00203161111062517,0.3053));
#5463=CARTESIAN_POINT('',(0.315623606901294,0.00208196140116059,0.3054));
#5464=CARTESIAN_POINT('',(0.315456277486033,0.00178946278449944,0.3053));
#5465=CARTESIAN_POINT('',(0.315436382603259,0.00191070513602269,0.305299999999787));
#5466=CARTESIAN_POINT('',(0.315426435214771,0.00197132621811187,0.305400000062015));
#5467=CARTESIAN_POINT('',(0.315160550866352,0.0017724537384754,0.3053));
#5468=CARTESIAN_POINT('',(0.315152117543956,0.00188792379526882,0.305300000000037));
#5469=CARTESIAN_POINT('',(0.315147900882683,0.00194565884456775,0.305399999987932));
#5470=CARTESIAN_POINT('',(0.314873969184028,0.00177245377077835,0.3053));
#5471=CARTESIAN_POINT('',(0.314873969184028,0.00188792382461629,0.3053));
#5472=CARTESIAN_POINT('',(0.314873969184028,0.00194565885153524,0.3054));
#5473=CARTESIAN_POINT('',(0.315708363223695,0.00193091052955435,0.3055));
#5474=CARTESIAN_POINT('',(0.31277410850168,0.00250084092881991,0.3053));
#5475=CARTESIAN_POINT('',(0.312889578555518,0.00250084092881991,0.3053));
#5476=CARTESIAN_POINT('',(0.312947313582437,0.00250084092881991,0.3054));
#5477=CARTESIAN_POINT('',(0.312774108393368,0.00272942438758126,0.3053));
#5478=CARTESIAN_POINT('',(0.312889578506339,0.00270064380066268,0.305300000006608));
#5479=CARTESIAN_POINT('',(0.312947313574993,0.00268625350712229,0.305399999987107));
#5480=CARTESIAN_POINT('',(0.312886199145655,0.00295358860485976,0.3053));
#5481=CARTESIAN_POINT('',(0.312976408034042,0.00287311346685096,0.305300000000962));
#5482=CARTESIAN_POINT('',(0.313021512474352,0.00283287590178444,0.305400000002666));
#5483=CARTESIAN_POINT('',(0.313082506812907,0.00307175428228324,0.3053));
#5484=CARTESIAN_POINT('',(0.313142056852759,0.00297282437736635,0.3053));
#5485=CARTESIAN_POINT('',(0.313171831872686,0.00292335942490794,0.3054));
#5486=CARTESIAN_POINT('',(0.313082506812907,0.00307175428228323,0.3055));
#5487=CARTESIAN_POINT('',(0.316032152349014,0.00250729709201436,0.3053));
#5488=CARTESIAN_POINT('',(0.315916682295176,0.00250729709201436,0.3053));
#5489=CARTESIAN_POINT('',(0.315858947268257,0.00250729709201436,0.3054));
#5490=CARTESIAN_POINT('',(0.31603215246237,0.00227389495744609,0.3053));
#5491=CARTESIAN_POINT('',(0.315916682361819,0.00230341011739049,0.305300000007869));
#5492=CARTESIAN_POINT('',(0.315858947276039,0.00231816769726605,0.305399999986521));
#5493=CARTESIAN_POINT('',(0.315912523178363,0.00204546677053219,0.3053));
#5494=CARTESIAN_POINT('',(0.315824653949943,0.00212856816633661,0.305300000023957));
#5495=CARTESIAN_POINT('',(0.315780719282934,0.00217011889193144,0.30539999998148));
#5496=CARTESIAN_POINT('',(0.315708363223695,0.00193091052955436,0.3053));
#5497=CARTESIAN_POINT('',(0.315651859008761,0.00203161111062522,0.3053));
#5498=CARTESIAN_POINT('',(0.315623606901294,0.00208196140116062,0.3054));
#5499=CARTESIAN_POINT('',(0.316032152349014,0.00250729709201436,0.3055));
#5500=CARTESIAN_POINT('',(0.313082506812907,0.00307175428228323,0.3053));
#5501=CARTESIAN_POINT('',(0.313142056852759,0.00297282437736634,0.3053));
#5502=CARTESIAN_POINT('',(0.313171831872686,0.00292335942490793,0.3054));
#5503=CARTESIAN_POINT('',(0.313331271427502,0.0032214956467296,0.3053));
#5504=CARTESIAN_POINT('',(0.313350772931474,0.00309845903224564,0.30530000000214));
#5505=CARTESIAN_POINT('',(0.313360523621747,0.0030369408220172,0.305400000065402));
#5506=CARTESIAN_POINT('',(0.313630113138451,0.00323568428340147,0.3053));
#5507=CARTESIAN_POINT('',(0.313638496455245,0.00312021422676882,0.305300000020293));
#5508=CARTESIAN_POINT('',(0.313642688082393,0.00306247917652122,0.305399999987491));
#5509=CARTESIAN_POINT('',(0.313917534722223,0.00323568425005593,0.3053));
#5510=CARTESIAN_POINT('',(0.313917534722223,0.00312021419621798,0.3053));
#5511=CARTESIAN_POINT('',(0.313917534722223,0.00306247916929904,0.3054));
#5512=CARTESIAN_POINT('',(0.313917534722223,0.00323568425005593,0.3055));
#5513=CARTESIAN_POINT('',(0.315719133013133,0.00307549166260812,0.3053));
#5514=CARTESIAN_POINT('',(0.315662136357227,0.00297506898315369,0.3053));
#5515=CARTESIAN_POINT('',(0.315633638029274,0.00292485764342647,0.3054));
#5516=CARTESIAN_POINT('',(0.315918507873198,0.00296233306893274,0.3053));
#5517=CARTESIAN_POINT('',(0.315829300515681,0.0028801920587312,0.305299999999118));
#5518=CARTESIAN_POINT('',(0.315784696841194,0.00283912155874081,0.305400000003381));
#5519=CARTESIAN_POINT('',(0.316032152497925,0.00273637901892583,0.3053));
#5520=CARTESIAN_POINT('',(0.315916682406362,0.00270783500393244,0.305300000020022));
#5521=CARTESIAN_POINT('',(0.31585894728358,0.00269356299618858,0.305399999973461));
#5522=CARTESIAN_POINT('',(0.316032152349014,0.00250729709201436,0.3053));
#5523=CARTESIAN_POINT('',(0.315916682295176,0.00250729709201436,0.3053));
#5524=CARTESIAN_POINT('',(0.315858947268257,0.00250729709201436,0.3054));
#5525=CARTESIAN_POINT('',(0.315719133013133,0.00307549166260813,0.3055));
#5526=CARTESIAN_POINT('',(0.22325,0.00323568425005593,0.3055));
#5527=CARTESIAN_POINT('',(0.314914400258419,0.00306247916929865,0.3054));
#5528=CARTESIAN_POINT('',(0.314914598481644,0.00309770059880083,0.305338994694587));
#5529=CARTESIAN_POINT('',(0.314914981488912,0.0031660860357593,0.30529999999979));
#5530=CARTESIAN_POINT('',(0.314915371746997,0.00323568425065927,0.3053));
#5531=CARTESIAN_POINT('',(0.315633638029274,0.00292485764342648,0.3054));
#5532=CARTESIAN_POINT('',(0.315662136357227,0.0029750689831537,0.3053));
#5533=CARTESIAN_POINT('',(0.315719133013133,0.00307549166260813,0.3053));
#5534=CARTESIAN_POINT('',(0.315443806950363,0.00303259956614895,0.305400000061735));
#5535=CARTESIAN_POINT('',(0.315454195714461,0.00309308911241029,0.305299999996887));
#5536=CARTESIAN_POINT('',(0.315474973357942,0.00321406839103875,0.3053));
#5537=CARTESIAN_POINT('',(0.315186141970158,0.00305943160179162,0.3054));
#5538=CARTESIAN_POINT('',(0.315186789425099,0.00311716299823612,0.305300000000027));
#5539=CARTESIAN_POINT('',(0.315188084334922,0.00323262579112546,0.3053));
#5540=CARTESIAN_POINT('',(0.314908460934298,0.00306254578163316,0.3054));
#5541=CARTESIAN_POINT('',(0.314909108389211,0.00312027717807796,0.3053));
#5542=CARTESIAN_POINT('',(0.314910403299038,0.00323573997096762,0.3053));
#5543=CARTESIAN_POINT('',(0.316122021514497,0.00143681103975481,0.3054));
#5544=CARTESIAN_POINT('',(0.316085887663981,0.00148184078747983,0.3053));
#5545=CARTESIAN_POINT('',(0.316013619962948,0.00157190028292985,0.3053));
#5546=CARTESIAN_POINT('',(0.315733318039294,0.0011248983189811,0.305399999935812));
#5547=CARTESIAN_POINT('',(0.315714195415853,0.00118357873585798,0.30530000001851));
#5548=CARTESIAN_POINT('',(0.315675950250483,0.00130093939604901,0.3053));
#5549=CARTESIAN_POINT('',(0.315230085473017,0.00106336955232505,0.3054));
#5550=CARTESIAN_POINT('',(0.315229517614956,0.00112110178656695,0.3053));
#5551=CARTESIAN_POINT('',(0.315228381898773,0.00123656625505022,0.3053));
#5552=CARTESIAN_POINT('',(0.314800938443073,0.00105914843399762,0.3054));
#5553=CARTESIAN_POINT('',(0.314800370585031,0.00111688066823965,0.3053));
#5554=CARTESIAN_POINT('',(0.314799234868948,0.00123234513672375,0.3053));
#5555=CARTESIAN_POINT('',(0.316013619962948,0.00157190028292986,0.3055));
#5556=CARTESIAN_POINT('',(0.31480861701816,0.00105922396096567,0.3054));
#5557=CARTESIAN_POINT('',(0.314808443799712,0.00109444589725901,0.305338993816799));
#5558=CARTESIAN_POINT('',(0.314808106666574,0.00116281238696397,0.305300000000015));
#5559=CARTESIAN_POINT('',(0.314807758443202,0.00123242904167826,0.3053));
#5560=CARTESIAN_POINT('',(0.22325,0.00123242904172258,0.3055));
#5561=CARTESIAN_POINT('',(0.314035590277778,0.00123242904172258,0.3055));
#5562=CARTESIAN_POINT('',(0.316013619962948,0.00157190028292991,0.3053));
#5563=CARTESIAN_POINT('',(0.316085887663981,0.00148184078747987,0.3053));
#5564=CARTESIAN_POINT('',(0.316122021514497,0.00143681103975485,0.3054));
#5565=CARTESIAN_POINT('',(0.316151733819858,0.00168272889048915,0.3053));
#5566=CARTESIAN_POINT('',(0.316238324831201,0.00160416303510882,0.305299999999143));
#5567=CARTESIAN_POINT('',(0.316281620320086,0.00156488013002421,0.305400000016727));
#5568=CARTESIAN_POINT('',(0.316364467894449,0.0019740310599505,0.3053));
#5569=CARTESIAN_POINT('',(0.316478214050577,0.00193370975373516,0.305300000005378));
#5570=CARTESIAN_POINT('',(0.316535087144482,0.0019135490892647,0.305399999982901));
#5571=CARTESIAN_POINT('',(0.316411695338257,0.00233070847872527,0.3053));
#5572=CARTESIAN_POINT('',(0.316527165388076,0.00232016055424055,0.305299999990101));
#5573=CARTESIAN_POINT('',(0.316584900398084,0.00231488659212011,0.305400000017478));
#5574=CARTESIAN_POINT('',(0.316411695307237,0.00250729709201436,0.3053));
#5575=CARTESIAN_POINT('',(0.316527165361074,0.00250729709201436,0.3053));
#5576=CARTESIAN_POINT('',(0.316584900387993,0.00250729709201436,0.3054));
#5577=CARTESIAN_POINT('',(0.316411695307237,0.00250729709201436,0.3055));
#5578=CARTESIAN_POINT('',(0.312792513133604,0.00156508536339046,0.3053));
#5579=CARTESIAN_POINT('',(0.312720346189087,0.00147494510905076,0.3053));
#5580=CARTESIAN_POINT('',(0.312684262716829,0.00142987498188096,0.3054));
#5581=CARTESIAN_POINT('',(0.313137516969556,0.00128887295622351,0.3053));
#5582=CARTESIAN_POINT('',(0.31310177095516,0.00116957389582029,0.305300000019391));
#5583=CARTESIAN_POINT('',(0.313083897831089,0.00110992425663582,0.305399999919479));
#5584=CARTESIAN_POINT('',(0.313597379720418,0.00123242901110947,0.3053));
#5585=CARTESIAN_POINT('',(0.313585006491954,0.00111695895459746,0.305299999994565));
#5586=CARTESIAN_POINT('',(0.313578819886079,0.00105922395231274,0.305400000014987));
#5587=CARTESIAN_POINT('',(0.314035590277778,0.00123242904172258,0.3053));
#5588=CARTESIAN_POINT('',(0.314035590277778,0.00111695898788464,0.3053));
#5589=CARTESIAN_POINT('',(0.314035590277778,0.00105922396096569,0.3054));
#5590=CARTESIAN_POINT('',(0.312792513133604,0.00156508536339047,0.3055));
#5591=CARTESIAN_POINT('',(0.316411695307237,0.00250729709201436,0.3053));
#5592=CARTESIAN_POINT('',(0.316527165361074,0.00250729709201436,0.3053));
#5593=CARTESIAN_POINT('',(0.316584900387993,0.00250729709201436,0.3054));
#5594=CARTESIAN_POINT('',(0.316411695336112,0.0026849808028106,0.3053));
#5595=CARTESIAN_POINT('',(0.316527165386159,0.00269553852391758,0.305299999990433));
#5596=CARTESIAN_POINT('',(0.316584900397506,0.0027008173845891,0.305400000016476));
#5597=CARTESIAN_POINT('',(0.316365762218874,0.00304066628214285,0.3053));
#5598=CARTESIAN_POINT('',(0.316479788336888,0.00308083241775512,0.30530000000349));
#5599=CARTESIAN_POINT('',(0.316536801416972,0.00310091550119345,0.30539999998029));
#5600=CARTESIAN_POINT('',(0.316147501886491,0.00333645574020114,0.3053));
#5601=CARTESIAN_POINT('',(0.31623326449407,0.00341599993872738,0.305300000002586));
#5602=CARTESIAN_POINT('',(0.316276145769382,0.00345577200660797,0.305400000022945));
#5603=CARTESIAN_POINT('',(0.316006427122909,0.00344652501954811,0.3053));
#5604=CARTESIAN_POINT('',(0.31607745731716,0.00353756371922094,0.3053));
#5605=CARTESIAN_POINT('',(0.316112972414285,0.00358308306905733,0.3054));
#5606=CARTESIAN_POINT('',(0.316006427122909,0.00344652501954812,0.3055));
#5607=CARTESIAN_POINT('',(0.312391798616375,0.00250130208333381,0.3053));
#5608=CARTESIAN_POINT('',(0.312276328562537,0.00250130208333381,0.3053));
#5609=CARTESIAN_POINT('',(0.312218593535618,0.00250130208333381,0.3054));
#5610=CARTESIAN_POINT('',(0.312391798587723,0.00232457074045557,0.3053));
#5611=CARTESIAN_POINT('',(0.312276328532058,0.0023139294853892,0.305300000004203));
#5612=CARTESIAN_POINT('',(0.312218593526165,0.00230860885780426,0.305400000016374));
#5613=CARTESIAN_POINT('',(0.312438270921709,0.00197098594002632,0.3053));
#5614=CARTESIAN_POINT('',(0.312324498883288,0.00193062976072114,0.305299999994922));
#5615=CARTESIAN_POINT('',(0.312267612845642,0.00191045165609781,0.305399999980708));
#5616=CARTESIAN_POINT('',(0.312653628899342,0.00167627705213791,0.3053));
#5617=CARTESIAN_POINT('',(0.312567223379417,0.00159753629365885,0.305300000005953));
#5618=CARTESIAN_POINT('',(0.312524020634388,0.00155816594441256,0.30540000002221));
#5619=CARTESIAN_POINT('',(0.312792513133604,0.00156508536339049,0.3053));
#5620=CARTESIAN_POINT('',(0.312720346189087,0.00147494510905079,0.3053));
#5621=CARTESIAN_POINT('',(0.312684262716829,0.00142987498188098,0.3054));
#5622=CARTESIAN_POINT('',(0.312391798616375,0.00250130208333381,0.3055));
#5623=CARTESIAN_POINT('',(0.316006427122909,0.00344652501954812,0.3053));
#5624=CARTESIAN_POINT('',(0.31607745731716,0.00353756371922095,0.3053));
#5625=CARTESIAN_POINT('',(0.316112972414285,0.00358308306905734,0.3054));
#5626=CARTESIAN_POINT('',(0.31565892278758,0.00371765461314332,0.3053));
#5627=CARTESIAN_POINT('',(0.315694601895118,0.0038362748935783,0.30529999999863));
#5628=CARTESIAN_POINT('',(0.315712441529297,0.00389558513425314,0.305399999926449));
#5629=CARTESIAN_POINT('',(0.31520222345433,0.00377570900973089,0.3053));
#5630=CARTESIAN_POINT('',(0.315214672497372,0.0038911790664155,0.305300000016544));
#5631=CARTESIAN_POINT('',(0.315220896993316,0.00394891406849915,0.305400000014949));
#5632=CARTESIAN_POINT('',(0.31476513671875,0.00377570897911169,0.3053));
#5633=CARTESIAN_POINT('',(0.31476513671875,0.00389117903294964,0.3053));
#5634=CARTESIAN_POINT('',(0.31476513671875,0.00394891405986859,0.3054));
#5635=CARTESIAN_POINT('',(0.31476513671875,0.00377570897911169,0.3055));
#5636=CARTESIAN_POINT('',(0.312788660996609,0.00343637476369385,0.3053));
#5637=CARTESIAN_POINT('',(0.31271625882687,0.00352632619031095,0.3053));
#5638=CARTESIAN_POINT('',(0.312680057742001,0.00357130190361947,0.3054));
#5639=CARTESIAN_POINT('',(0.312650837348043,0.00332544012753789,0.3053));
#5640=CARTESIAN_POINT('',(0.312564112090202,0.0034038628730979,0.305299999999898));
#5641=CARTESIAN_POINT('',(0.312520749479478,0.00344307422350232,0.305400000016585));
#5642=CARTESIAN_POINT('',(0.312438825112032,0.00303405582532236,0.3053));
#5643=CARTESIAN_POINT('',(0.312325054392348,0.0030742308892752,0.305299999996834));
#5644=CARTESIAN_POINT('',(0.312268169013222,0.00309431843247804,0.305399999982985));
#5645=CARTESIAN_POINT('',(0.312391798585295,0.00267772769333487,0.3053));
#5646=CARTESIAN_POINT('',(0.312276328531874,0.00268824645728177,0.305300000006435));
#5647=CARTESIAN_POINT('',(0.312218593525542,0.00269350583917604,0.305400000017452));
#5648=CARTESIAN_POINT('',(0.312391798616375,0.0025013020833338,0.3053));
#5649=CARTESIAN_POINT('',(0.312276328562537,0.0025013020833338,0.3053));
#5650=CARTESIAN_POINT('',(0.312218593535618,0.0025013020833338,0.3054));
#5651=CARTESIAN_POINT('',(0.312788660996609,0.00343637476369388,0.3055));
#5652=CARTESIAN_POINT('',(0.22325,0.00377570897911169,0.3055));
#5653=CARTESIAN_POINT('',(0.313993681783763,0.00377570897911169,0.3055));
#5654=CARTESIAN_POINT('',(0.313993681783763,0.00377571606105659,0.3053));
#5655=CARTESIAN_POINT('',(0.31399254606768,0.00389118052954069,0.3053));
#5656=CARTESIAN_POINT('',(0.313991978209638,0.00394891276378272,0.3054));
#5657=CARTESIAN_POINT('',(0.313567073034928,0.00377151993819764,0.3053));
#5658=CARTESIAN_POINT('',(0.313553049834854,0.00388685764740236,0.305300000000055));
#5659=CARTESIAN_POINT('',(0.313546038235024,0.00394452647721471,0.305400000014313));
#5660=CARTESIAN_POINT('',(0.313124746894744,0.00370689114295751,0.3053));
#5661=CARTESIAN_POINT('',(0.313086422883629,0.00382427214868825,0.305300000000429));
#5662=CARTESIAN_POINT('',(0.313067260803171,0.00388296274383727,0.305399999931601));
#5663=CARTESIAN_POINT('',(0.312788660996609,0.00343637476369393,0.3053));
#5664=CARTESIAN_POINT('',(0.31271625882687,0.00352632619031101,0.3053));
#5665=CARTESIAN_POINT('',(0.312680057742001,0.00357130190361953,0.3054));
#5666=MECHANICAL_DESIGN_GEOMETRIC_PRESENTATION_REPRESENTATION('',(#2612),
#5667);
#5667=(
GEOMETRIC_REPRESENTATION_CONTEXT(3)
GLOBAL_UNCERTAINTY_ASSIGNED_CONTEXT((#5668))
GLOBAL_UNIT_ASSIGNED_CONTEXT((#5671,#5670,#5669))
REPRESENTATION_CONTEXT('BLOCKS_spacer_2.0','TOP_LEVEL_ASSEMBLY_PART')
);
#5668=UNCERTAINTY_MEASURE_WITH_UNIT(LENGTH_MEASURE(2.E-5),#5671,
'DISTANCE_ACCURACY_VALUE','Maximum Tolerance applied to model');
#5669=(
NAMED_UNIT(*)
SI_UNIT($,.STERADIAN.)
SOLID_ANGLE_UNIT()
);
#5670=(
NAMED_UNIT(*)
PLANE_ANGLE_UNIT()
SI_UNIT($,.RADIAN.)
);
#5671=(
LENGTH_UNIT()
NAMED_UNIT(*)
SI_UNIT($,.METRE.)
);
#5672=PRODUCT_DEFINITION_SHAPE('','',#5673);
#5673=PRODUCT_DEFINITION('','',#5675,#5674);
#5674=PRODUCT_DEFINITION_CONTEXT('',#5681,'design');
#5675=PRODUCT_DEFINITION_FORMATION_WITH_SPECIFIED_SOURCE('','',#5677,
 .NOT_KNOWN.);
#5676=PRODUCT_RELATED_PRODUCT_CATEGORY('','',(#5677));
#5677=PRODUCT('BLOCKS_spacer_2.0','BLOCKS_spacer_2.0',
'BLOCKS_spacer_2.0',(#5679));
#5678=PRODUCT_CATEGORY('','');
#5679=PRODUCT_CONTEXT('',#5681,'mechanical');
#5680=APPLICATION_PROTOCOL_DEFINITION('international standard',
'ap242_managed_model_based_3d_engineering',2020,#5681);
#5681=APPLICATION_CONTEXT('managed model based 3d engineering');
ENDSEC;
END-ISO-10303-21;
