ISO-10303-21;
HEADER;
/* Generated by software containing ST-Developer
 * from STEP Tools, Inc. (www.steptools.com) 
 */
/* OPTION: using custom renumber hook */

FILE_DESCRIPTION(
/* description */ ('STEP AP242 Edition 2',
'CAx-IF Rec.Pracs.---Representation and Presentation of Product Manufa
cturing Information (PMI)---4.0---2014-10-13',
'CAx-IF Rec.Pracs.---3D Tessellated Geometry---0.4---2014-09-14','2;1',
'CAx-IF Rec.Pracs.---User Defined Attributes---1.5---2016-08-15'),
/* implementation_level */ '2;1');

FILE_NAME(
/* name */ 'blocks - BLOCKS_mirror_block',
/* time_stamp */ '2026-05-09T11:05:54Z',
/* author */ (''),
/* organization */ (''),
/* preprocessor_version */ 'ST-DEVELOPER v20',
/* originating_system */ 'ONSHAPE BY PTC INC, 1.214',
/* authorisation */ '  ');

FILE_SCHEMA (('AP242_MANAGED_MODEL_BASED_3D_ENGINEERING_MIM_LF { 1 0 10303 442 3 1 4 }'));
ENDSEC;

DATA;
#10=SHAPE_REPRESENTATION_RELATIONSHIP('','',#4966,#11);
#11=ADVANCED_BREP_SHAPE_REPRESENTATION('',(#4964),#10002);
#12=TOROIDAL_SURFACE('',#5344,0.004125,0.0005);
#13=TOROIDAL_SURFACE('',#5351,0.0065,0.0005);
#14=TOROIDAL_SURFACE('',#5358,0.004125,0.0005);
#15=TOROIDAL_SURFACE('',#5367,0.00530901699437495,0.0005);
#16=TOROIDAL_SURFACE('',#5372,0.00530901699437495,0.0005);
#17=TOROIDAL_SURFACE('',#5375,0.00180901699437497,0.0005);
#18=TOROIDAL_SURFACE('',#5377,0.00180901699437496,0.0005);
#19=TOROIDAL_SURFACE('',#5379,0.00531598300562505,0.0005);
#20=TOROIDAL_SURFACE('',#5386,0.0065,0.0005);
#21=TOROIDAL_SURFACE('',#5392,0.00180901699437497,0.0005);
#22=TOROIDAL_SURFACE('',#5394,0.00531598300562505,0.0005);
#23=TOROIDAL_SURFACE('',#5396,0.00180901699437497,0.0005);
#24=TOROIDAL_SURFACE('',#5404,0.002125,0.0005);
#25=TOROIDAL_SURFACE('',#5405,0.002125,0.0005);
#26=TOROIDAL_SURFACE('',#5408,0.002125,0.0005);
#27=TOROIDAL_SURFACE('',#5409,0.002125,0.0005);
#28=TOROIDAL_SURFACE('',#5410,0.0075,0.0005);
#29=TOROIDAL_SURFACE('',#5417,0.0075,0.0005);
#30=TOROIDAL_SURFACE('',#5419,0.00749999999999971,0.0005);
#31=TOROIDAL_SURFACE('',#5421,0.0015,0.0005);
#32=TOROIDAL_SURFACE('',#5423,0.00149999999999998,0.0005);
#33=TOROIDAL_SURFACE('',#5425,0.003125,0.0005);
#34=TOROIDAL_SURFACE('',#5427,0.003125,0.0005);
#35=TOROIDAL_SURFACE('',#5429,0.0015,0.0005);
#36=TOROIDAL_SURFACE('',#5431,0.0015,0.0005);
#37=TOROIDAL_SURFACE('',#5433,0.00750000000000426,0.0005);
#38=TOROIDAL_SURFACE('',#5435,0.0075,0.0005);
#39=TOROIDAL_SURFACE('',#5441,0.0075,0.0005);
#40=TOROIDAL_SURFACE('',#5442,0.0095,0.0005);
#41=TOROIDAL_SURFACE('',#5449,0.0095,0.0005);
#42=TOROIDAL_SURFACE('',#5451,0.0095,0.0005);
#43=TOROIDAL_SURFACE('',#5453,0.00718831926827858,0.0005);
#44=TOROIDAL_SURFACE('',#5457,0.0095,0.0005);
#45=TOROIDAL_SURFACE('',#5459,0.0095,0.0005);
#46=TOROIDAL_SURFACE('',#5463,0.00718831926827858,0.0005);
#47=TOROIDAL_SURFACE('',#5465,0.00050000000000002,0.0005);
#48=TOROIDAL_SURFACE('',#5467,0.0095,0.0005);
#49=TOROIDAL_SURFACE('',#5473,0.000500000000000022,0.0005);
#50=TOROIDAL_SURFACE('',#5477,0.0015,0.0005);
#51=TOROIDAL_SURFACE('',#5479,0.0075,0.0005);
#52=TOROIDAL_SURFACE('',#5481,0.003125,0.0005);
#53=TOROIDAL_SURFACE('',#5485,0.0015,0.0005);
#54=TOROIDAL_SURFACE('',#5487,0.0015,0.0005);
#55=TOROIDAL_SURFACE('',#5491,0.003125,0.0005);
#56=TOROIDAL_SURFACE('',#5493,0.0075,0.0005);
#57=TOROIDAL_SURFACE('',#5495,0.0015,0.0005);
#58=TOROIDAL_SURFACE('',#5498,0.00050000000000002,0.0005);
#59=TOROIDAL_SURFACE('',#5505,0.000500000000000022,0.0005);
#60=TOROIDAL_SURFACE('',#5507,0.0095,0.0005);
#61=TOROIDAL_SURFACE('',#5511,0.00718831926827858,0.0005);
#62=TOROIDAL_SURFACE('',#5513,0.0095,0.0005);
#63=TOROIDAL_SURFACE('',#5515,0.0095,0.0005);
#64=TOROIDAL_SURFACE('',#5517,0.00718831926827858,0.0005);
#65=TOROIDAL_SURFACE('',#5521,0.0095,0.0005);
#66=TOROIDAL_SURFACE('',#5523,0.0095,0.0005);
#67=TOROIDAL_SURFACE('',#5529,0.0095,0.0005);
#68=TOROIDAL_SURFACE('',#5535,0.0075,0.0005);
#69=TOROIDAL_SURFACE('',#5541,0.0075,0.0005);
#70=TOROIDAL_SURFACE('',#5543,0.0075,0.0005);
#71=TOROIDAL_SURFACE('',#5549,0.0075,0.0005);
#72=TOROIDAL_SURFACE('',#5550,0.0075,0.0005);
#73=TOROIDAL_SURFACE('',#5557,0.0075,0.0005);
#74=TOROIDAL_SURFACE('',#5559,0.0075,0.0005);
#75=TOROIDAL_SURFACE('',#5565,0.0075,0.0005);
#76=TOROIDAL_SURFACE('',#5566,0.003325,0.0005);
#77=TOROIDAL_SURFACE('',#5567,0.003325,0.0005);
#78=TOROIDAL_SURFACE('',#5568,0.002075,0.0005);
#79=TOROIDAL_SURFACE('',#5569,0.002075,0.0005);
#80=TOROIDAL_SURFACE('',#5570,0.002125,0.0005);
#81=TOROIDAL_SURFACE('',#5571,0.002125,0.0005);
#82=TOROIDAL_SURFACE('',#5572,0.002125,0.0005);
#83=TOROIDAL_SURFACE('',#5573,0.002125,0.0005);
#84=TOROIDAL_SURFACE('',#5577,0.0005,0.0005);
#85=TOROIDAL_SURFACE('',#5579,0.0005,0.0005);
#86=TOROIDAL_SURFACE('',#5585,0.0005,0.0005);
#87=TOROIDAL_SURFACE('',#5587,0.0005,0.0005);
#88=TOROIDAL_SURFACE('',#5593,0.0005,0.0005);
#89=TOROIDAL_SURFACE('',#5595,0.0005,0.0005);
#90=TOROIDAL_SURFACE('',#5601,0.0005,0.0005);
#91=TOROIDAL_SURFACE('',#5603,0.0005,0.0005);
#92=TOROIDAL_SURFACE('',#5609,0.0005,0.0005);
#93=TOROIDAL_SURFACE('',#5611,0.0005,0.0005);
#94=TOROIDAL_SURFACE('',#5617,0.0005,0.0005);
#95=TOROIDAL_SURFACE('',#5619,0.0005,0.0005);
#96=TOROIDAL_SURFACE('',#5625,0.0005,0.0005);
#97=TOROIDAL_SURFACE('',#5627,0.0005,0.0005);
#98=TOROIDAL_SURFACE('',#5633,0.0005,0.0005);
#99=TOROIDAL_SURFACE('',#5635,0.0005,0.0005);
#100=(
BOUNDED_SURFACE()
B_SPLINE_SURFACE(3,2,((#8991,#8992,#8993),(#8994,#8995,#8996),(#8997,#8998,
#8999),(#9000,#9001,#9002),(#9003,#9004,#9005),(#9006,#9007,#9008),(#9009,
#9010,#9011)),.UNSPECIFIED.,.F.,.F.,.F.)
B_SPLINE_SURFACE_WITH_KNOTS((4,1,1,1,4),(3,3),(-7.80625564189563E-18,0.00101685813686987,
0.00203371627373974,0.00305057441060962,0.00406743254747949),(0.,1.),
 .UNSPECIFIED.)
GEOMETRIC_REPRESENTATION_ITEM()
RATIONAL_B_SPLINE_SURFACE(((1.,0.901998966737229,1.),(1.,0.907682774126777,
1.),(1.,0.919888968598968,1.),(1.,0.94043008279246,1.),(1.,0.962946525947033,
1.),(1.,0.973248988552763,1.),(1.,0.97324898946773,1.)))
REPRESENTATION_ITEM('')
SURFACE()
);
#101=(
BOUNDED_SURFACE()
B_SPLINE_SURFACE(3,2,((#9013,#9014,#9015),(#9016,#9017,#9018),(#9019,#9020,
#9021),(#9022,#9023,#9024),(#9025,#9026,#9027),(#9028,#9029,#9030),(#9031,
#9032,#9033),(#9034,#9035,#9036),(#9037,#9038,#9039)),.UNSPECIFIED.,.F.,
 .F.,.F.)
B_SPLINE_SURFACE_WITH_KNOTS((4,1,1,1,1,1,4),(3,3),(1.78893358460108E-17,
0.000353819183406899,0.000530728775110339,0.00070763836681378,0.00088454795851722,
0.00106145755022066,0.00141527673362754),(0.,1.),.UNSPECIFIED.)
GEOMETRIC_REPRESENTATION_ITEM()
RATIONAL_B_SPLINE_SURFACE(((1.,0.845250155023391,1.),(1.,0.871011079112809,
1.),(1.,0.906076794982427,1.),(1.,0.945644582929311,1.),(1.,0.969058154831982,
1.),(1.,0.976817065180959,1.),(1.,0.954713344557382,1.),(1.,0.924245927972193,
1.),(1.,0.901998966737213,1.)))
REPRESENTATION_ITEM('')
SURFACE()
);
#102=(
BOUNDED_SURFACE()
B_SPLINE_SURFACE(3,2,((#9041,#9042,#9043),(#9044,#9045,#9046),(#9047,#9048,
#9049),(#9050,#9051,#9052),(#9053,#9054,#9055),(#9056,#9057,#9058)),
 .UNSPECIFIED.,.F.,.F.,.F.)
B_SPLINE_SURFACE_WITH_KNOTS((4,1,1,4),(3,3),(-1.37016049547856E-17,0.000832146059327031,
0.00166429211865408,0.00332858423730816),(0.,1.),.UNSPECIFIED.)
GEOMETRIC_REPRESENTATION_ITEM()
RATIONAL_B_SPLINE_SURFACE(((1.,0.97324898946773,1.),(1.,0.973248984686385,
1.),(1.,0.954270035062136,1.),(1.,0.904450465457474,1.),(1.,0.868037640495844,
1.),(1.,0.845250155023392,1.)))
REPRESENTATION_ITEM('')
SURFACE()
);
#103=(
BOUNDED_SURFACE()
B_SPLINE_SURFACE(3,2,((#9062,#9063,#9064),(#9065,#9066,#9067),(#9068,#9069,
#9070),(#9071,#9072,#9073),(#9074,#9075,#9076),(#9077,#9078,#9079)),
 .UNSPECIFIED.,.F.,.F.,.F.)
B_SPLINE_SURFACE_WITH_KNOTS((4,1,1,4),(3,3),(3.35425047112703E-17,0.000832146059327041,
0.00166429211865405,0.00332858423730807),(0.,1.),.UNSPECIFIED.)
GEOMETRIC_REPRESENTATION_ITEM()
RATIONAL_B_SPLINE_SURFACE(((1.,0.97324898946773,1.),(1.,0.973248984686385,
1.),(1.,0.954270035062257,1.),(1.,0.90445046545687,1.),(1.,0.868037640498521,
1.),(1.,0.845250155023393,1.)))
REPRESENTATION_ITEM('')
SURFACE()
);
#104=(
BOUNDED_SURFACE()
B_SPLINE_SURFACE(3,2,((#9081,#9082,#9083),(#9084,#9085,#9086),(#9087,#9088,
#9089),(#9090,#9091,#9092),(#9093,#9094,#9095),(#9096,#9097,#9098),(#9099,
#9100,#9101),(#9102,#9103,#9104),(#9105,#9106,#9107)),.UNSPECIFIED.,.F.,
 .F.,.F.)
B_SPLINE_SURFACE_WITH_KNOTS((4,1,1,1,1,1,4),(3,3),(-4.9439619065339E-17,
0.000353819183406817,0.00053072877511025,0.000707638366813683,0.000884547958517116,
0.00106145755022055,0.00141527673362742),(0.,1.),.UNSPECIFIED.)
GEOMETRIC_REPRESENTATION_ITEM()
RATIONAL_B_SPLINE_SURFACE(((1.,0.845250155023389,1.),(1.,0.871011079113816,
1.),(1.,0.906076794982208,1.),(1.,0.945644582929346,1.),(1.,0.969058154831984,
1.),(1.,0.97681706518091,1.),(1.,0.954713344557662,1.),(1.,0.924245927970989,
1.),(1.,0.90199896673723,1.)))
REPRESENTATION_ITEM('')
SURFACE()
);
#105=(
BOUNDED_SURFACE()
B_SPLINE_SURFACE(3,2,((#9109,#9110,#9111),(#9112,#9113,#9114),(#9115,#9116,
#9117),(#9118,#9119,#9120),(#9121,#9122,#9123),(#9124,#9125,#9126)),
 .UNSPECIFIED.,.F.,.F.,.F.)
B_SPLINE_SURFACE_WITH_KNOTS((4,1,1,4),(3,3),(3.65376132127615E-17,0.00102641882192171,
0.00205283764384338,0.00410567528768673),(0.,1.),.UNSPECIFIED.)
GEOMETRIC_REPRESENTATION_ITEM()
RATIONAL_B_SPLINE_SURFACE(((1.,0.97324898946773,1.),(1.,0.973248988235985,
1.),(1.,0.963264080813514,1.),(1.,0.933094262119644,1.),(1.,0.91339766099698,
1.),(1.,0.90199896673723,1.)))
REPRESENTATION_ITEM('')
SURFACE()
);
#106=(
BOUNDED_SURFACE()
B_SPLINE_SURFACE(3,2,((#9134,#9135,#9136),(#9137,#9138,#9139),(#9140,#9141,
#9142),(#9143,#9144,#9145),(#9146,#9147,#9148),(#9149,#9150,#9151)),
 .UNSPECIFIED.,.F.,.F.,.F.)
B_SPLINE_SURFACE_WITH_KNOTS((4,1,1,4),(3,3),(-2.11419423634673E-17,0.00102641882192165,
0.00205283764384331,0.00410567528768665),(0.,1.),.UNSPECIFIED.)
GEOMETRIC_REPRESENTATION_ITEM()
RATIONAL_B_SPLINE_SURFACE(((1.,0.97324898946773,1.),(1.,0.973248988236024,
1.),(1.,0.963264080813466,1.),(1.,0.933094262119811,1.),(1.,0.913397660996296,
1.),(1.,0.90199896673723,1.)))
REPRESENTATION_ITEM('')
SURFACE()
);
#107=(
BOUNDED_SURFACE()
B_SPLINE_SURFACE(3,2,((#9153,#9154,#9155),(#9156,#9157,#9158),(#9159,#9160,
#9161),(#9162,#9163,#9164),(#9165,#9166,#9167),(#9168,#9169,#9170),(#9171,
#9172,#9173),(#9174,#9175,#9176),(#9177,#9178,#9179)),.UNSPECIFIED.,.F.,
 .F.,.F.)
B_SPLINE_SURFACE_WITH_KNOTS((4,1,1,1,1,1,4),(3,3),(-2.77555756156289E-17,
0.000353819183406883,0.000530728775110338,0.000707638366813793,0.000884547958517249,
0.0010614575502207,0.00141527673362761),(0.,1.),.UNSPECIFIED.)
GEOMETRIC_REPRESENTATION_ITEM()
RATIONAL_B_SPLINE_SURFACE(((1.,0.845250155023402,1.),(1.,0.87101107911096,
1.),(1.,0.906076794982857,1.),(1.,0.945644582929234,1.),(1.,0.969058154832025,
1.),(1.,0.976817065180883,1.),(1.,0.954713344557747,1.),(1.,0.924245927970589,
1.),(1.,0.90199896673723,1.)))
REPRESENTATION_ITEM('')
SURFACE()
);
#108=(
BOUNDED_SURFACE()
B_SPLINE_SURFACE(3,2,((#9181,#9182,#9183),(#9184,#9185,#9186),(#9187,#9188,
#9189),(#9190,#9191,#9192),(#9193,#9194,#9195),(#9196,#9197,#9198)),
 .UNSPECIFIED.,.F.,.F.,.F.)
B_SPLINE_SURFACE_WITH_KNOTS((4,1,1,4),(3,3),(-3.15773882736403E-18,0.00083214605932702,
0.00166429211865404,0.00332858423730809),(0.,1.),.UNSPECIFIED.)
GEOMETRIC_REPRESENTATION_ITEM()
RATIONAL_B_SPLINE_SURFACE(((1.,0.97324898946773,1.),(1.,0.973248984686259,
1.),(1.,0.954270035062307,1.),(1.,0.904450465456891,1.),(1.,0.868037640498275,
1.),(1.,0.845250155023393,1.)))
REPRESENTATION_ITEM('')
SURFACE()
);
#109=(
BOUNDED_SURFACE()
B_SPLINE_SURFACE(3,2,((#9202,#9203,#9204),(#9205,#9206,#9207),(#9208,#9209,
#9210),(#9211,#9212,#9213),(#9214,#9215,#9216),(#9217,#9218,#9219)),
 .UNSPECIFIED.,.F.,.F.,.F.)
B_SPLINE_SURFACE_WITH_KNOTS((4,1,1,4),(3,3),(1.40404181336873E-17,0.000832146059327023,
0.00166429211865403,0.00332858423730805),(0.,1.),.UNSPECIFIED.)
GEOMETRIC_REPRESENTATION_ITEM()
RATIONAL_B_SPLINE_SURFACE(((1.,0.97324898946773,1.),(1.,0.973248984686322,
1.),(1.,0.954270035062287,1.),(1.,0.904450465456853,1.),(1.,0.86803764049852,
1.),(1.,0.845250155023392,1.)))
REPRESENTATION_ITEM('')
SURFACE()
);
#110=(
BOUNDED_SURFACE()
B_SPLINE_SURFACE(3,2,((#9221,#9222,#9223),(#9224,#9225,#9226),(#9227,#9228,
#9229),(#9230,#9231,#9232),(#9233,#9234,#9235),(#9236,#9237,#9238),(#9239,
#9240,#9241),(#9242,#9243,#9244),(#9245,#9246,#9247)),.UNSPECIFIED.,.F.,
 .F.,.F.)
B_SPLINE_SURFACE_WITH_KNOTS((4,1,1,1,1,1,4),(3,3),(-2.16840434497101E-19,
0.000353819183406895,0.000530728775110342,0.000707638366813789,0.000884547958517237,
0.00106145755022068,0.00141527673362758),(0.,1.),.UNSPECIFIED.)
GEOMETRIC_REPRESENTATION_ITEM()
RATIONAL_B_SPLINE_SURFACE(((1.,0.845250155023389,1.),(1.,0.871011079113659,
1.),(1.,0.906076794982246,1.),(1.,0.945644582929341,1.),(1.,0.96905815483201,
1.),(1.,0.976817065180832,1.),(1.,0.954713344558057,1.),(1.,0.924245927969194,
1.),(1.,0.90199896673723,1.)))
REPRESENTATION_ITEM('')
SURFACE()
);
#111=(
BOUNDED_SURFACE()
B_SPLINE_SURFACE(3,2,((#9249,#9250,#9251),(#9252,#9253,#9254),(#9255,#9256,
#9257),(#9258,#9259,#9260),(#9261,#9262,#9263),(#9264,#9265,#9266),(#9267,
#9268,#9269)),.UNSPECIFIED.,.F.,.F.,.F.)
B_SPLINE_SURFACE_WITH_KNOTS((4,1,1,1,4),(3,3),(2.08166817117217E-17,0.00101685813686986,
0.00203371627373971,0.00305057441060955,0.00406743254747939),(0.,1.),
 .UNSPECIFIED.)
GEOMETRIC_REPRESENTATION_ITEM()
RATIONAL_B_SPLINE_SURFACE(((1.,0.90199896673723,1.),(1.,0.90768277412638,
1.),(1.,0.919888968599162,1.),(1.,0.940430082792387,1.),(1.,0.962946525947139,
1.),(1.,0.973248988552568,1.),(1.,0.97324898946773,1.)))
REPRESENTATION_ITEM('')
SURFACE()
);
#112=(
BOUNDED_SURFACE()
B_SPLINE_SURFACE(3,2,((#9316,#9317,#9318),(#9319,#9320,#9321),(#9322,#9323,
#9324),(#9325,#9326,#9327)),.UNSPECIFIED.,.F.,.F.,.F.)
B_SPLINE_SURFACE_WITH_KNOTS((4,4),(3,3),(2.06531558755384,3.14159265358979),
(0.,1.),.PIECEWISE_BEZIER_KNOTS.)
GEOMETRIC_REPRESENTATION_ITEM()
RATIONAL_B_SPLINE_SURFACE(((1.,0.843949880607536,1.),(1.,0.927616282945285,
1.),(1.,0.973248989419625,1.),(1.,0.97324898946773,1.)))
REPRESENTATION_ITEM('')
SURFACE()
);
#113=(
BOUNDED_SURFACE()
B_SPLINE_SURFACE(3,2,((#9331,#9332,#9333),(#9334,#9335,#9336),(#9337,#9338,
#9339),(#9340,#9341,#9342)),.UNSPECIFIED.,.F.,.F.,.F.)
B_SPLINE_SURFACE_WITH_KNOTS((4,4),(3,3),(0.,1.18594689325613),(0.,1.),
 .PIECEWISE_BEZIER_KNOTS.)
GEOMETRIC_REPRESENTATION_ITEM()
RATIONAL_B_SPLINE_SURFACE(((1.,0.97324898946773,1.),(1.,0.973248989414723,
1.),(1.,0.917497760772723,1.),(1.,0.817247051784328,1.)))
REPRESENTATION_ITEM('')
SURFACE()
);
#114=(
BOUNDED_SURFACE()
B_SPLINE_SURFACE(3,2,((#9343,#9344,#9345),(#9346,#9347,#9348),(#9349,#9350,
#9351),(#9352,#9353,#9354)),.UNSPECIFIED.,.F.,.F.,.F.)
B_SPLINE_SURFACE_WITH_KNOTS((4,4),(3,3),(0.,1.18594689325614),(0.,1.),
 .PIECEWISE_BEZIER_KNOTS.)
GEOMETRIC_REPRESENTATION_ITEM()
RATIONAL_B_SPLINE_SURFACE(((1.,0.97324898946773,1.),(1.,0.973248989414724,
1.),(1.,0.917497760776001,1.),(1.,0.817247051784324,1.)))
REPRESENTATION_ITEM('')
SURFACE()
);
#115=(
BOUNDED_SURFACE()
B_SPLINE_SURFACE(3,2,((#9358,#9359,#9360),(#9361,#9362,#9363),(#9364,#9365,
#9366),(#9367,#9368,#9369)),.UNSPECIFIED.,.F.,.F.,.F.)
B_SPLINE_SURFACE_WITH_KNOTS((4,4),(3,3),(2.06477208313089,3.14159265358979),
(0.,1.),.PIECEWISE_BEZIER_KNOTS.)
GEOMETRIC_REPRESENTATION_ITEM()
RATIONAL_B_SPLINE_SURFACE(((1.,0.84382310154591,1.),(1.,0.927568854005882,
1.),(1.,0.973248989419601,1.),(1.,0.97324898946773,1.)))
REPRESENTATION_ITEM('')
SURFACE()
);
#116=(
BOUNDED_SURFACE()
B_SPLINE_SURFACE(3,2,((#9371,#9372,#9373),(#9374,#9375,#9376),(#9377,#9378,
#9379),(#9380,#9381,#9382)),.UNSPECIFIED.,.F.,.F.,.F.)
B_SPLINE_SURFACE_WITH_KNOTS((4,4),(3,3),(5.09723841392345,6.28318530717959),
(0.,1.),.PIECEWISE_BEZIER_KNOTS.)
GEOMETRIC_REPRESENTATION_ITEM()
RATIONAL_B_SPLINE_SURFACE(((1.,0.817247051784324,1.),(1.,0.917497760776048,
1.),(1.,0.973248989414723,1.),(1.,0.97324898946773,1.)))
REPRESENTATION_ITEM('')
SURFACE()
);
#117=(
BOUNDED_SURFACE()
B_SPLINE_SURFACE(3,2,((#9386,#9387,#9388),(#9389,#9390,#9391),(#9392,#9393,
#9394),(#9395,#9396,#9397)),.UNSPECIFIED.,.F.,.F.,.F.)
B_SPLINE_SURFACE_WITH_KNOTS((4,4),(3,3),(3.14159265358979,4.32753954684593),
(0.,1.),.PIECEWISE_BEZIER_KNOTS.)
GEOMETRIC_REPRESENTATION_ITEM()
RATIONAL_B_SPLINE_SURFACE(((1.,0.97324898946773,1.),(1.,0.973248989414723,
1.),(1.,0.917497760776048,1.),(1.,0.817247051784324,1.)))
REPRESENTATION_ITEM('')
SURFACE()
);
#118=(
BOUNDED_SURFACE()
B_SPLINE_SURFACE(3,2,((#9425,#9426,#9427),(#9428,#9429,#9430),(#9431,#9432,
#9433),(#9434,#9435,#9436)),.UNSPECIFIED.,.F.,.F.,.F.)
B_SPLINE_SURFACE_WITH_KNOTS((4,4),(3,3),(3.14159265358979,4.32753954684592),
(0.,1.),.PIECEWISE_BEZIER_KNOTS.)
GEOMETRIC_REPRESENTATION_ITEM()
RATIONAL_B_SPLINE_SURFACE(((1.,0.97324898946773,1.),(1.,0.973248989414723,
1.),(1.,0.917497760773047,1.),(1.,0.817247051784328,1.)))
REPRESENTATION_ITEM('')
SURFACE()
);
#119=(
BOUNDED_SURFACE()
B_SPLINE_SURFACE(3,2,((#9440,#9441,#9442),(#9443,#9444,#9445),(#9446,#9447,
#9448),(#9449,#9450,#9451)),.UNSPECIFIED.,.F.,.F.,.F.)
B_SPLINE_SURFACE_WITH_KNOTS((4,4),(3,3),(5.09723841392345,6.28318530717959),
(0.,1.),.PIECEWISE_BEZIER_KNOTS.)
GEOMETRIC_REPRESENTATION_ITEM()
RATIONAL_B_SPLINE_SURFACE(((1.,0.817247051784328,1.),(1.,0.917497760772978,
1.),(1.,0.973248989414723,1.),(1.,0.97324898946773,1.)))
REPRESENTATION_ITEM('')
SURFACE()
);
#120=(
BOUNDED_SURFACE()
B_SPLINE_SURFACE(3,2,((#9463,#9464,#9465),(#9466,#9467,#9468),(#9469,#9470,
#9471),(#9472,#9473,#9474)),.UNSPECIFIED.,.F.,.F.,.F.)
B_SPLINE_SURFACE_WITH_KNOTS((4,4),(3,3),(3.63004257938537,4.1612767556732),
(0.,1.),.PIECEWISE_BEZIER_KNOTS.)
GEOMETRIC_REPRESENTATION_ITEM()
RATIONAL_B_SPLINE_SURFACE(((1.,0.52842660243322,1.),(1.,0.548082887813998,
1.),(1.,0.57648903066629,1.),(1.,0.607528784445173,1.)))
REPRESENTATION_ITEM('')
SURFACE()
);
#121=(
BOUNDED_SURFACE()
B_SPLINE_SURFACE(3,2,((#9479,#9480,#9481),(#9482,#9483,#9484),(#9485,#9486,
#9487),(#9488,#9489,#9490)),.UNSPECIFIED.,.F.,.F.,.F.)
B_SPLINE_SURFACE_WITH_KNOTS((4,4),(3,3),(5.26350120509618,5.79473538138402),
(0.,1.),.PIECEWISE_BEZIER_KNOTS.)
GEOMETRIC_REPRESENTATION_ITEM()
RATIONAL_B_SPLINE_SURFACE(((1.,0.607528784445179,1.),(1.,0.576489030649124,
1.),(1.,0.548082887839923,1.),(1.,0.528426602433215,1.)))
REPRESENTATION_ITEM('')
SURFACE()
);
#122=(
BOUNDED_SURFACE()
B_SPLINE_SURFACE(3,2,((#9495,#9496,#9497),(#9498,#9499,#9500),(#9501,#9502,
#9503),(#9504,#9505,#9506)),.UNSPECIFIED.,.F.,.F.,.F.)
B_SPLINE_SURFACE_WITH_KNOTS((4,4),(3,3),(1.0142403090221,1.40119256240706),
(0.,1.),.PIECEWISE_BEZIER_KNOTS.)
GEOMETRIC_REPRESENTATION_ITEM()
RATIONAL_B_SPLINE_SURFACE(((1.,0.795025962145995,1.),(1.,0.777806754132357,
1.),(1.,0.757922872064435,1.),(1.,0.736340921722527,1.)))
REPRESENTATION_ITEM('')
SURFACE()
);
#123=(
BOUNDED_SURFACE()
B_SPLINE_SURFACE(3,2,((#9511,#9512,#9513),(#9514,#9515,#9516),(#9517,#9518,
#9519),(#9520,#9521,#9522)),.UNSPECIFIED.,.F.,.F.,.F.)
B_SPLINE_SURFACE_WITH_KNOTS((4,4),(3,3),(1.74040009118273,2.12735234456769),
(0.,1.),.PIECEWISE_BEZIER_KNOTS.)
GEOMETRIC_REPRESENTATION_ITEM()
RATIONAL_B_SPLINE_SURFACE(((1.,0.736340921722526,1.),(1.,0.757922872069677,
1.),(1.,0.777806754122546,1.),(1.,0.795025962145997,1.)))
REPRESENTATION_ITEM('')
SURFACE()
);
#124=(
BOUNDED_SURFACE()
B_SPLINE_SURFACE(3,2,((#9541,#9542,#9543),(#9544,#9545,#9546),(#9547,#9548,
#9549),(#9550,#9551,#9552)),.UNSPECIFIED.,.F.,.F.,.F.)
B_SPLINE_SURFACE_WITH_KNOTS((4,4),(3,3),(0.488449925795577,1.0196841020834),
(0.,1.),.PIECEWISE_BEZIER_KNOTS.)
GEOMETRIC_REPRESENTATION_ITEM()
RATIONAL_B_SPLINE_SURFACE(((1.,0.52842660243322,1.),(1.,0.548082887845292,
1.),(1.,0.576489030691615,1.),(1.,0.607528784445167,1.)))
REPRESENTATION_ITEM('')
SURFACE()
);
#125=(
BOUNDED_SURFACE()
B_SPLINE_SURFACE(3,2,((#9557,#9558,#9559),(#9560,#9561,#9562),(#9563,#9564,
#9565),(#9566,#9567,#9568)),.UNSPECIFIED.,.F.,.F.,.F.)
B_SPLINE_SURFACE_WITH_KNOTS((4,4),(3,3),(2.12190855150639,2.65314272779422),
(0.,1.),.PIECEWISE_BEZIER_KNOTS.)
GEOMETRIC_REPRESENTATION_ITEM()
RATIONAL_B_SPLINE_SURFACE(((1.,0.607528784445179,1.),(1.,0.576489030645108,
1.),(1.,0.548082887828207,1.),(1.,0.528426602433206,1.)))
REPRESENTATION_ITEM('')
SURFACE()
);
#126=(
BOUNDED_SURFACE()
B_SPLINE_SURFACE(3,2,((#9573,#9574,#9575),(#9576,#9577,#9578),(#9579,#9580,
#9581),(#9582,#9583,#9584)),.UNSPECIFIED.,.F.,.F.,.F.)
B_SPLINE_SURFACE_WITH_KNOTS((4,4),(3,3),(4.1558329626119,4.54278521599685),
(0.,1.),.PIECEWISE_BEZIER_KNOTS.)
GEOMETRIC_REPRESENTATION_ITEM()
RATIONAL_B_SPLINE_SURFACE(((1.,0.795025962145998,1.),(1.,0.777806754129447,
1.),(1.,0.757922872075813,1.),(1.,0.736340921722531,1.)))
REPRESENTATION_ITEM('')
SURFACE()
);
#127=(
BOUNDED_SURFACE()
B_SPLINE_SURFACE(3,2,((#9589,#9590,#9591),(#9592,#9593,#9594),(#9595,#9596,
#9597),(#9598,#9599,#9600)),.UNSPECIFIED.,.F.,.F.,.F.)
B_SPLINE_SURFACE_WITH_KNOTS((4,4),(3,3),(4.88199274477253,5.26894499815748),
(0.,1.),.PIECEWISE_BEZIER_KNOTS.)
GEOMETRIC_REPRESENTATION_ITEM()
RATIONAL_B_SPLINE_SURFACE(((1.,0.73634092172253,1.),(1.,0.757922872074325,
1.),(1.,0.777806754137321,1.),(1.,0.795025962145995,1.)))
REPRESENTATION_ITEM('')
SURFACE()
);
#128=(
BOUNDED_SURFACE()
B_SPLINE_SURFACE(3,2,((#9672,#9673,#9674),(#9675,#9676,#9677),(#9678,#9679,
#9680),(#9681,#9682,#9683),(#9684,#9685,#9686),(#9687,#9688,#9689),(#9690,
#9691,#9692),(#9693,#9694,#9695),(#9696,#9697,#9698),(#9699,#9700,#9701),
(#9702,#9703,#9704),(#9705,#9706,#9707),(#9708,#9709,#9710),(#9711,#9712,
#9713),(#9714,#9715,#9716),(#9717,#9718,#9719),(#9720,#9721,#9722),(#9723,
#9724,#9725),(#9726,#9727,#9728),(#9729,#9730,#9731),(#9732,#9733,#9734),
(#9735,#9736,#9737),(#9738,#9739,#9740),(#9741,#9742,#9743),(#9744,#9745,
#9746),(#9747,#9748,#9749),(#9750,#9751,#9752),(#9753,#9754,#9755),(#9756,
#9757,#9758),(#9759,#9760,#9761),(#9762,#9763,#9764),(#9765,#9766,#9767),
(#9768,#9769,#9770),(#9771,#9772,#9773),(#9774,#9775,#9776),(#9777,#9778,
#9779),(#9780,#9781,#9782),(#9783,#9784,#9785),(#9786,#9787,#9788)),
 .UNSPECIFIED.,.T.,.F.,.F.)
B_SPLINE_SURFACE_WITH_KNOTS((1,3,1,1,1,1,1,1,1,1,1,1,1,1,1,1,1,1,1,1,1,
1,1,1,1,1,1,1,1,1,1,1,1,1,1,1,1,3,1),(3,3),(-0.0108787929109524,-0.00687695136077917,
-0.00287510981060592,0.00112673173956732,0.00512857328974057,0.00913041483991382,
0.0131322563900871,0.0151331771651737,0.0171340979402603,0.0191350187153469,
0.0211359394904336,0.0251377810406068,0.0291396225907801,0.0331414641409533,
0.0371433056911265,0.0411451472412998,0.045146988791473,0.0491488303416463,
0.0531506718918195,0.0571525134419928,0.061154354992166,0.0651561965423393,
0.0691580380925125,0.0731598796426858,0.077161721192859,0.0791626419679456,
0.0811635627430323,0.0831644835181189,0.0851654042932055,0.0891672458433788,
0.093169087393552,0.0971709289437253,0.101172770493899,0.105174612044072,
0.109176453594245,0.113178295144418,0.117180136694591,0.121181978244765,
0.125183819794938),(0.,1.),.UNSPECIFIED.)
GEOMETRIC_REPRESENTATION_ITEM()
RATIONAL_B_SPLINE_SURFACE(((1.,0.73088665996795,1.),(1.,0.730878792387423,
1.),(1.,0.730875035168883,1.),(1.,0.73091179776563,1.),(1.,0.730957433153006,
1.),(1.,0.730989883467365,1.),(1.,0.730992758625917,1.),(1.,0.730980009563064,
1.),(1.,0.730964360174293,1.),(1.,0.730944393188462,1.),(1.,0.730914954053052,
1.),(1.,0.730880885731643,1.),(1.,0.730875078639518,1.),(1.,0.730911450071849,
1.),(1.,0.730957586903488,1.),(1.,0.730989735309981,1.),(1.,0.73099341748729,
1.),(1.,0.730966580815485,1.),(1.,0.730922197418399,1.),(1.,0.730880833459911,
1.),(1.,0.730874856382062,1.),(1.,0.730911845382535,1.),(1.,0.730957420109564,
1.),(1.,0.730989886920451,1.),(1.,0.730992758216552,1.),(1.,0.730980009714357,
1.),(1.,0.730964360233279,1.),(1.,0.730944393271289,1.),(1.,0.73091495410486,
1.),(1.,0.730880885733479,1.),(1.,0.730875078649094,1.),(1.,0.730911450060846,
1.),(1.,0.730957587214094,1.),(1.,0.730989734536409,1.),(1.,0.730993420573515,
1.),(1.,0.730966568996635,1.),(1.,0.73092224065204,1.),(1.,0.730894527548476,
1.),(1.,0.73088665996795,1.)))
REPRESENTATION_ITEM('')
SURFACE()
);
#129=(
BOUNDED_SURFACE()
B_SPLINE_SURFACE(3,2,((#9845,#9846,#9847),(#9848,#9849,#9850),(#9851,#9852,
#9853),(#9854,#9855,#9856)),.UNSPECIFIED.,.F.,.F.,.F.)
B_SPLINE_SURFACE_WITH_KNOTS((4,4),(3,3),(2.92775608274242,3.14159265358979),
(0.,1.),.PIECEWISE_BEZIER_KNOTS.)
GEOMETRIC_REPRESENTATION_ITEM()
RATIONAL_B_SPLINE_SURFACE(((1.,0.847652002652057,1.),(1.,0.849647105552075,
1.),(1.,0.85065080835056,1.),(1.,0.850650808352043,1.)))
REPRESENTATION_ITEM('')
SURFACE()
);
#130=(
BOUNDED_SURFACE()
B_SPLINE_SURFACE(3,2,((#9859,#9860,#9861),(#9862,#9863,#9864),(#9865,#9866,
#9867),(#9868,#9869,#9870)),.UNSPECIFIED.,.F.,.F.,.F.)
B_SPLINE_SURFACE_WITH_KNOTS((4,4),(3,3),(-1.2793585635329E-17,0.00146271147727666),
(0.,1.),.PIECEWISE_BEZIER_KNOTS.)
GEOMETRIC_REPRESENTATION_ITEM()
RATIONAL_B_SPLINE_SURFACE(((1.,0.707106781186547,1.),(1.,0.77076602616638,
1.),(1.,0.816121525238569,1.),(1.,0.847652002652731,1.)))
REPRESENTATION_ITEM('')
SURFACE()
);
#131=(
BOUNDED_SURFACE()
B_SPLINE_SURFACE(3,2,((#9876,#9877,#9878),(#9879,#9880,#9881),(#9882,#9883,
#9884),(#9885,#9886,#9887)),.UNSPECIFIED.,.F.,.F.,.F.)
B_SPLINE_SURFACE_WITH_KNOTS((4,4),(3,3),(3.14159265358979,3.35542922443854),
(0.,1.),.PIECEWISE_BEZIER_KNOTS.)
GEOMETRIC_REPRESENTATION_ITEM()
RATIONAL_B_SPLINE_SURFACE(((1.,0.850650808352043,1.),(1.,0.850650808350559,
1.),(1.,0.849647105553897,1.),(1.,0.847652002652015,1.)))
REPRESENTATION_ITEM('')
SURFACE()
);
#132=(
BOUNDED_SURFACE()
B_SPLINE_SURFACE(3,2,((#9891,#9892,#9893),(#9894,#9895,#9896),(#9897,#9898,
#9899),(#9900,#9901,#9902)),.UNSPECIFIED.,.F.,.F.,.F.)
B_SPLINE_SURFACE_WITH_KNOTS((4,4),(3,3),(0.0016037042444957,0.00306020156679807),
(0.,1.),.PIECEWISE_BEZIER_KNOTS.)
GEOMETRIC_REPRESENTATION_ITEM()
RATIONAL_B_SPLINE_SURFACE(((1.,0.847652002652043,1.),(1.,0.816210125112275,
1.),(1.,0.770369844188259,1.),(1.,0.707106781186548,1.)))
REPRESENTATION_ITEM('')
SURFACE()
);
#133=B_SPLINE_SURFACE_WITH_KNOTS('',3,3,((#8321,#8322,#8323,#8324,#8325,
#8326,#8327,#8328,#8329,#8330),(#8331,#8332,#8333,#8334,#8335,#8336,#8337,
#8338,#8339,#8340),(#8341,#8342,#8343,#8344,#8345,#8346,#8347,#8348,#8349,
#8350),(#8351,#8352,#8353,#8354,#8355,#8356,#8357,#8358,#8359,#8360),(#8361,
#8362,#8363,#8364,#8365,#8366,#8367,#8368,#8369,#8370),(#8371,#8372,#8373,
#8374,#8375,#8376,#8377,#8378,#8379,#8380),(#8381,#8382,#8383,#8384,#8385,
#8386,#8387,#8388,#8389,#8390),(#8391,#8392,#8393,#8394,#8395,#8396,#8397,
#8398,#8399,#8400),(#8401,#8402,#8403,#8404,#8405,#8406,#8407,#8408,#8409,
#8410),(#8411,#8412,#8413,#8414,#8415,#8416,#8417,#8418,#8419,#8420),(#8421,
#8422,#8423,#8424,#8425,#8426,#8427,#8428,#8429,#8430),(#8431,#8432,#8433,
#8434,#8435,#8436,#8437,#8438,#8439,#8440),(#8441,#8442,#8443,#8444,#8445,
#8446,#8447,#8448,#8449,#8450),(#8451,#8452,#8453,#8454,#8455,#8456,#8457,
#8458,#8459,#8460),(#8461,#8462,#8463,#8464,#8465,#8466,#8467,#8468,#8469,
#8470),(#8471,#8472,#8473,#8474,#8475,#8476,#8477,#8478,#8479,#8480),(#8481,
#8482,#8483,#8484,#8485,#8486,#8487,#8488,#8489,#8490),(#8491,#8492,#8493,
#8494,#8495,#8496,#8497,#8498,#8499,#8500),(#8501,#8502,#8503,#8504,#8505,
#8506,#8507,#8508,#8509,#8510),(#8511,#8512,#8513,#8514,#8515,#8516,#8517,
#8518,#8519,#8520),(#8521,#8522,#8523,#8524,#8525,#8526,#8527,#8528,#8529,
#8530),(#8531,#8532,#8533,#8534,#8535,#8536,#8537,#8538,#8539,#8540),(#8541,
#8542,#8543,#8544,#8545,#8546,#8547,#8548,#8549,#8550),(#8551,#8552,#8553,
#8554,#8555,#8556,#8557,#8558,#8559,#8560),(#8561,#8562,#8563,#8564,#8565,
#8566,#8567,#8568,#8569,#8570),(#8571,#8572,#8573,#8574,#8575,#8576,#8577,
#8578,#8579,#8580),(#8581,#8582,#8583,#8584,#8585,#8586,#8587,#8588,#8589,
#8590),(#8591,#8592,#8593,#8594,#8595,#8596,#8597,#8598,#8599,#8600),(#8601,
#8602,#8603,#8604,#8605,#8606,#8607,#8608,#8609,#8610),(#8611,#8612,#8613,
#8614,#8615,#8616,#8617,#8618,#8619,#8620),(#8621,#8622,#8623,#8624,#8625,
#8626,#8627,#8628,#8629,#8630),(#8631,#8632,#8633,#8634,#8635,#8636,#8637,
#8638,#8639,#8640),(#8641,#8642,#8643,#8644,#8645,#8646,#8647,#8648,#8649,
#8650),(#8651,#8652,#8653,#8654,#8655,#8656,#8657,#8658,#8659,#8660)),
 .UNSPECIFIED.,.T.,.F.,.F.,(4,2,2,2,2,2,2,2,2,2,2,2,2,2,2,2,4),(4,2,2,2,
4),(0.,0.0625,0.125,0.1875,0.25,0.3125,0.375,0.4375,0.5,0.5625,0.625,0.6875,
0.75,0.8125,0.875,0.9375,1.),(0.0103132508262794,0.508108409957148,0.632557199739866,
0.943679174196659,1.00590356908802),.UNSPECIFIED.);
#134=CONICAL_SURFACE('',#5164,0.0035,0.463647609000806);
#135=CONICAL_SURFACE('',#5166,0.006125,0.463647609000806);
#136=CONICAL_SURFACE('',#5172,0.0035,0.463647609000806);
#137=CONICAL_SURFACE('',#5174,0.007,0.463647609000806);
#138=CONICAL_SURFACE('',#5183,0.007,0.463647609000806);
#139=CONICAL_SURFACE('',#5186,0.0035,0.463647609000806);
#140=CONICAL_SURFACE('',#5193,0.006125,0.463647609000806);
#141=CONICAL_SURFACE('',#5196,0.0035,0.463647609000806);
#142=ELLIPSE('',#4981,0.0114054080739504,0.01);
#143=ELLIPSE('',#4982,0.0114054080739504,0.01);
#144=ELLIPSE('',#4983,0.0114054080739504,0.01);
#145=ELLIPSE('',#4984,0.0114054080739504,0.01);
#146=ELLIPSE('',#4988,0.0114054080739504,0.01);
#147=ELLIPSE('',#4989,0.0114054080739504,0.01);
#148=ELLIPSE('',#4990,0.0114054080739504,0.01);
#149=ELLIPSE('',#4991,0.0114054080739504,0.01);
#150=ELLIPSE('',#5170,0.00111803398874989,0.0005);
#151=ELLIPSE('',#5171,0.00111803398874989,0.0005);
#152=ELLIPSE('',#5178,0.00111803398874989,0.0005);
#153=ELLIPSE('',#5179,0.00111803398874989,0.0005);
#154=ELLIPSE('',#5181,0.00111803398874989,0.0005);
#155=ELLIPSE('',#5182,0.00111803398874989,0.0005);
#156=ELLIPSE('',#5189,0.00838525491562421,0.0075);
#157=ELLIPSE('',#5190,0.00838525491562421,0.0075);
#158=ELLIPSE('',#5191,0.00111803398874989,0.0005);
#159=ELLIPSE('',#5192,0.00111803398874989,0.0005);
#160=ELLIPSE('',#5243,0.0109696551146029,0.0095);
#161=ELLIPSE('',#5244,0.000577350269189627,0.0005);
#162=ELLIPSE('',#5246,0.0109696551146029,0.0095);
#163=ELLIPSE('',#5250,0.000577350269189626,0.0005);
#164=ELLIPSE('',#5251,0.0109696551146029,0.0095);
#165=ELLIPSE('',#5254,0.0109696551146029,0.0095);
#166=ELLIPSE('',#5256,0.0109696551146029,0.0095);
#167=ELLIPSE('',#5259,0.000577350269189626,0.0005);
#168=ELLIPSE('',#5260,0.0109696551146029,0.0095);
#169=ELLIPSE('',#5264,0.0109696551146029,0.0095);
#170=ELLIPSE('',#5266,0.0109696551146029,0.0095);
#171=ELLIPSE('',#5267,0.000577350269189626,0.0005);
#172=ELLIPSE('',#5291,0.0079411900871343,0.007);
#173=ELLIPSE('',#5298,0.0079411900871343,0.007);
#174=ELLIPSE('',#5303,0.0014142135623731,0.001);
#175=ELLIPSE('',#5306,0.0014142135623731,0.001);
#176=ELLIPSE('',#5313,0.0014142135623731,0.001);
#177=ELLIPSE('',#5316,0.0014142135623731,0.001);
#178=ELLIPSE('',#5321,0.0014142135623731,0.001);
#179=ELLIPSE('',#5324,0.0014142135623731,0.001);
#180=ELLIPSE('',#5329,0.0014142135623731,0.001);
#181=ELLIPSE('',#5334,0.0014142135623731,0.001);
#182=PLANE('',#4970);
#183=PLANE('',#4975);
#184=PLANE('',#4994);
#185=PLANE('',#5001);
#186=PLANE('',#5006);
#187=PLANE('',#5011);
#188=PLANE('',#5016);
#189=PLANE('',#5021);
#190=PLANE('',#5022);
#191=PLANE('',#5023);
#192=PLANE('',#5024);
#193=PLANE('',#5025);
#194=PLANE('',#5026);
#195=PLANE('',#5034);
#196=PLANE('',#5039);
#197=PLANE('',#5051);
#198=PLANE('',#5053);
#199=PLANE('',#5061);
#200=PLANE('',#5069);
#201=PLANE('',#5073);
#202=PLANE('',#5091);
#203=PLANE('',#5104);
#204=PLANE('',#5141);
#205=PLANE('',#5162);
#206=PLANE('',#5163);
#207=PLANE('',#5169);
#208=PLANE('',#5177);
#209=PLANE('',#5180);
#210=PLANE('',#5188);
#211=PLANE('',#5198);
#212=PLANE('',#5199);
#213=PLANE('',#5200);
#214=PLANE('',#5201);
#215=PLANE('',#5202);
#216=PLANE('',#5203);
#217=PLANE('',#5204);
#218=PLANE('',#5205);
#219=PLANE('',#5216);
#220=PLANE('',#5220);
#221=PLANE('',#5236);
#222=PLANE('',#5239);
#223=PLANE('',#5240);
#224=PLANE('',#5241);
#225=PLANE('',#5242);
#226=PLANE('',#5245);
#227=PLANE('',#5247);
#228=PLANE('',#5249);
#229=PLANE('',#5252);
#230=PLANE('',#5253);
#231=PLANE('',#5255);
#232=PLANE('',#5257);
#233=PLANE('',#5258);
#234=PLANE('',#5261);
#235=PLANE('',#5263);
#236=PLANE('',#5265);
#237=PLANE('',#5268);
#238=PLANE('',#5284);
#239=PLANE('',#5285);
#240=PLANE('',#5289);
#241=PLANE('',#5294);
#242=CIRCLE('',#4969,0.0005);
#243=CIRCLE('',#4971,0.0075);
#244=CIRCLE('',#4972,0.0075);
#245=CIRCLE('',#4973,0.0075);
#246=CIRCLE('',#4974,0.0075);
#247=CIRCLE('',#4976,0.0075);
#248=CIRCLE('',#4977,0.0075);
#249=CIRCLE('',#4978,0.0075);
#250=CIRCLE('',#4979,0.0075);
#251=CIRCLE('',#4985,0.01);
#252=CIRCLE('',#4986,0.01);
#253=CIRCLE('',#4992,0.01);
#254=CIRCLE('',#4993,0.01);
#255=CIRCLE('',#4995,0.007);
#256=CIRCLE('',#4996,0.007);
#257=CIRCLE('',#4997,0.001);
#258=CIRCLE('',#4998,0.003625);
#259=CIRCLE('',#4999,0.001);
#260=CIRCLE('',#5000,0.00700000000000426);
#261=CIRCLE('',#5002,0.0005);
#262=CIRCLE('',#5003,0.0005);
#263=CIRCLE('',#5004,0.0005);
#264=CIRCLE('',#5005,0.0005);
#265=CIRCLE('',#5007,0.0005);
#266=CIRCLE('',#5008,0.0005);
#267=CIRCLE('',#5009,0.0005);
#268=CIRCLE('',#5010,0.0005);
#269=CIRCLE('',#5012,0.0005);
#270=CIRCLE('',#5013,0.0005);
#271=CIRCLE('',#5014,0.0005);
#272=CIRCLE('',#5015,0.0005);
#273=CIRCLE('',#5017,0.0005);
#274=CIRCLE('',#5018,0.0005);
#275=CIRCLE('',#5019,0.0005);
#276=CIRCLE('',#5020,0.0005);
#277=CIRCLE('',#5028,0.001);
#278=CIRCLE('',#5030,0.003625);
#279=CIRCLE('',#5031,0.003625);
#280=CIRCLE('',#5033,0.001);
#281=CIRCLE('',#5035,0.0197320751168514);
#282=CIRCLE('',#5037,0.007);
#283=CIRCLE('',#5038,0.007);
#284=CIRCLE('',#5040,0.003325);
#285=CIRCLE('',#5042,0.001);
#286=CIRCLE('',#5044,0.003625);
#287=CIRCLE('',#5045,0.003625);
#288=CIRCLE('',#5047,0.001);
#289=CIRCLE('',#5049,0.007);
#290=CIRCLE('',#5050,0.007);
#291=CIRCLE('',#5052,0.002075);
#292=CIRCLE('',#5054,0.002075);
#293=CIRCLE('',#5056,0.01);
#294=CIRCLE('',#5057,0.01);
#295=CIRCLE('',#5059,0.01);
#296=CIRCLE('',#5060,0.01);
#297=CIRCLE('',#5062,0.003325);
#298=CIRCLE('',#5064,0.01);
#299=CIRCLE('',#5065,0.01);
#300=CIRCLE('',#5067,0.00668831926827858);
#301=CIRCLE('',#5068,0.00668831926827858);
#302=CIRCLE('',#5071,0.00100000000000002);
#303=CIRCLE('',#5072,0.00100000000000002);
#304=CIRCLE('',#5074,0.002125);
#305=CIRCLE('',#5075,0.002125);
#306=CIRCLE('',#5076,0.0075);
#307=CIRCLE('',#5077,0.00750000000000426);
#308=CIRCLE('',#5078,0.0015);
#309=CIRCLE('',#5079,0.003125);
#310=CIRCLE('',#5080,0.0015);
#311=CIRCLE('',#5081,0.0075);
#312=CIRCLE('',#5082,0.0075);
#313=CIRCLE('',#5083,0.00749999999999971);
#314=CIRCLE('',#5084,0.00149999999999998);
#315=CIRCLE('',#5085,0.003125);
#316=CIRCLE('',#5086,0.0015);
#317=CIRCLE('',#5087,0.0075);
#318=CIRCLE('',#5089,0.00100000000000002);
#319=CIRCLE('',#5090,0.00100000000000002);
#320=CIRCLE('',#5093,0.00668831926827858);
#321=CIRCLE('',#5094,0.00668831926827858);
#322=CIRCLE('',#5096,0.01);
#323=CIRCLE('',#5097,0.01);
#324=CIRCLE('',#5099,0.001625);
#325=CIRCLE('',#5100,0.001625);
#326=CIRCLE('',#5102,0.001625);
#327=CIRCLE('',#5103,0.001625);
#328=CIRCLE('',#5105,0.000500000000000022);
#329=CIRCLE('',#5106,0.0095);
#330=CIRCLE('',#5107,0.00718831926827858);
#331=CIRCLE('',#5108,0.0095);
#332=CIRCLE('',#5109,0.0095);
#333=CIRCLE('',#5110,0.0095);
#334=CIRCLE('',#5111,0.0095);
#335=CIRCLE('',#5112,0.00718831926827858);
#336=CIRCLE('',#5113,0.0095);
#337=CIRCLE('',#5114,0.00050000000000002);
#338=CIRCLE('',#5115,0.002125);
#339=CIRCLE('',#5116,0.002125);
#340=CIRCLE('',#5117,0.001);
#341=CIRCLE('',#5118,0.00180901699437497);
#342=CIRCLE('',#5119,0.00531598300562505);
#343=CIRCLE('',#5120,0.00180901699437497);
#344=CIRCLE('',#5121,0.001);
#345=CIRCLE('',#5122,0.001);
#346=CIRCLE('',#5123,0.001);
#347=CIRCLE('',#5124,0.001);
#348=CIRCLE('',#5125,0.00530901699437495);
#349=CIRCLE('',#5126,0.001);
#350=CIRCLE('',#5127,0.001);
#351=CIRCLE('',#5128,0.001);
#352=CIRCLE('',#5129,0.001);
#353=CIRCLE('',#5130,0.00180901699437497);
#354=CIRCLE('',#5131,0.00531598300562505);
#355=CIRCLE('',#5132,0.00180901699437496);
#356=CIRCLE('',#5133,0.001);
#357=CIRCLE('',#5134,0.001);
#358=CIRCLE('',#5135,0.001);
#359=CIRCLE('',#5136,0.001);
#360=CIRCLE('',#5137,0.00530901699437495);
#361=CIRCLE('',#5138,0.001);
#362=CIRCLE('',#5139,0.001);
#363=CIRCLE('',#5140,0.001);
#364=CIRCLE('',#5142,0.0015);
#365=CIRCLE('',#5143,0.0075);
#366=CIRCLE('',#5144,0.0015);
#367=CIRCLE('',#5145,0.003125);
#368=CIRCLE('',#5146,0.0015);
#369=CIRCLE('',#5147,0.0075);
#370=CIRCLE('',#5148,0.0015);
#371=CIRCLE('',#5149,0.003125);
#372=CIRCLE('',#5150,0.0095);
#373=CIRCLE('',#5151,0.0095);
#374=CIRCLE('',#5152,0.00718831926827858);
#375=CIRCLE('',#5153,0.0095);
#376=CIRCLE('',#5154,0.000500000000000022);
#377=CIRCLE('',#5155,0.00050000000000002);
#378=CIRCLE('',#5156,0.0095);
#379=CIRCLE('',#5157,0.00718831926827858);
#380=CIRCLE('',#5158,0.0095);
#381=CIRCLE('',#5159,0.0095);
#382=CIRCLE('',#5160,0.002125);
#383=CIRCLE('',#5161,0.002125);
#384=CIRCLE('',#5165,0.001361803398875);
#385=CIRCLE('',#5167,0.00367778640450004);
#386=CIRCLE('',#5168,0.00576319660112501);
#387=CIRCLE('',#5173,0.001361803398875);
#388=CIRCLE('',#5175,0.00694721359549996);
#389=CIRCLE('',#5176,0.00486180339887499);
#390=CIRCLE('',#5184,0.00694721359549996);
#391=CIRCLE('',#5185,0.00486180339887499);
#392=CIRCLE('',#5187,0.00136180339887501);
#393=CIRCLE('',#5194,0.00576319660112501);
#394=CIRCLE('',#5195,0.00367778640450004);
#395=CIRCLE('',#5197,0.00136180339887501);
#396=CIRCLE('',#5207,0.007);
#397=CIRCLE('',#5209,0.001);
#398=CIRCLE('',#5211,0.003625);
#399=CIRCLE('',#5213,0.001);
#400=CIRCLE('',#5215,0.00700000000000426);
#401=CIRCLE('',#5218,0.007);
#402=CIRCLE('',#5219,0.007);
#403=CIRCLE('',#5222,0.007);
#404=CIRCLE('',#5223,0.007);
#405=CIRCLE('',#5225,0.001);
#406=CIRCLE('',#5226,0.001);
#407=CIRCLE('',#5228,0.003625);
#408=CIRCLE('',#5229,0.003625);
#409=CIRCLE('',#5231,0.000999999999999982);
#410=CIRCLE('',#5232,0.000999999999999982);
#411=CIRCLE('',#5234,0.00699999999999971);
#412=CIRCLE('',#5235,0.00699999999999971);
#413=CIRCLE('',#5238,0.007);
#414=CIRCLE('',#5248,0.002125);
#415=CIRCLE('',#5262,0.002125);
#416=CIRCLE('',#5270,0.001625);
#417=CIRCLE('',#5271,0.001625);
#418=CIRCLE('',#5273,0.001625);
#419=CIRCLE('',#5274,0.001625);
#420=CIRCLE('',#5276,0.001575);
#421=CIRCLE('',#5277,0.001575);
#422=CIRCLE('',#5279,0.002825);
#423=CIRCLE('',#5280,0.002825);
#424=CIRCLE('',#5282,0.007);
#425=CIRCLE('',#5283,0.007);
#426=CIRCLE('',#5287,0.007);
#427=CIRCLE('',#5288,0.007);
#428=CIRCLE('',#5292,0.007);
#429=CIRCLE('',#5293,0.007);
#430=CIRCLE('',#5296,0.007);
#431=CIRCLE('',#5297,0.007);
#432=CIRCLE('',#5300,0.001);
#433=CIRCLE('',#5302,0.001);
#434=CIRCLE('',#5305,0.001);
#435=CIRCLE('',#5308,0.001);
#436=CIRCLE('',#5310,0.001);
#437=CIRCLE('',#5312,0.001);
#438=CIRCLE('',#5315,0.001);
#439=CIRCLE('',#5318,0.001);
#440=CIRCLE('',#5320,0.001);
#441=CIRCLE('',#5323,0.001);
#442=CIRCLE('',#5326,0.001);
#443=CIRCLE('',#5328,0.001);
#444=CIRCLE('',#5331,0.001);
#445=CIRCLE('',#5333,0.001);
#446=CIRCLE('',#5336,0.001);
#447=CIRCLE('',#5338,0.001);
#448=CIRCLE('',#5340,0.0005);
#449=CIRCLE('',#5341,0.0005);
#450=CIRCLE('',#5342,0.0005);
#451=CIRCLE('',#5343,0.0005);
#452=CIRCLE('',#5345,0.0005);
#453=CIRCLE('',#5346,0.0005);
#454=CIRCLE('',#5347,0.0005);
#455=CIRCLE('',#5348,0.0005);
#456=CIRCLE('',#5350,0.0005);
#457=CIRCLE('',#5352,0.0005);
#458=CIRCLE('',#5354,0.0005);
#459=CIRCLE('',#5355,0.0005);
#460=CIRCLE('',#5356,0.0005);
#461=CIRCLE('',#5357,0.0005);
#462=CIRCLE('',#5359,0.0005);
#463=CIRCLE('',#5360,0.0005);
#464=CIRCLE('',#5361,0.0005);
#465=CIRCLE('',#5362,0.0005);
#466=CIRCLE('',#5364,0.0005);
#467=CIRCLE('',#5366,0.0005);
#468=CIRCLE('',#5368,0.0005);
#469=CIRCLE('',#5371,0.0005);
#470=CIRCLE('',#5373,0.0005);
#471=CIRCLE('',#5376,0.0005);
#472=CIRCLE('',#5378,0.0005);
#473=CIRCLE('',#5380,0.0005);
#474=CIRCLE('',#5382,0.0005);
#475=CIRCLE('',#5383,0.0005);
#476=CIRCLE('',#5385,0.0005);
#477=CIRCLE('',#5387,0.0005);
#478=CIRCLE('',#5389,0.0005);
#479=CIRCLE('',#5391,0.0005);
#480=CIRCLE('',#5393,0.0005);
#481=CIRCLE('',#5395,0.0005);
#482=CIRCLE('',#5397,0.0005);
#483=CIRCLE('',#5399,0.0005);
#484=CIRCLE('',#5401,0.0005);
#485=CIRCLE('',#5411,0.0005);
#486=CIRCLE('',#5412,0.0005);
#487=CIRCLE('',#5414,0.0005);
#488=CIRCLE('',#5416,0.0005);
#489=CIRCLE('',#5418,0.0005);
#490=CIRCLE('',#5420,0.0005);
#491=CIRCLE('',#5422,0.0005);
#492=CIRCLE('',#5424,0.0005);
#493=CIRCLE('',#5426,0.0005);
#494=CIRCLE('',#5428,0.0005);
#495=CIRCLE('',#5430,0.0005);
#496=CIRCLE('',#5432,0.0005);
#497=CIRCLE('',#5434,0.0005);
#498=CIRCLE('',#5436,0.0005);
#499=CIRCLE('',#5438,0.0005);
#500=CIRCLE('',#5440,0.0005);
#501=CIRCLE('',#5443,0.0005);
#502=CIRCLE('',#5444,0.0005);
#503=CIRCLE('',#5446,0.0005);
#504=CIRCLE('',#5448,0.0005);
#505=CIRCLE('',#5450,0.0005);
#506=CIRCLE('',#5452,0.0005);
#507=CIRCLE('',#5454,0.0005);
#508=CIRCLE('',#5456,0.0005);
#509=CIRCLE('',#5458,0.0005);
#510=CIRCLE('',#5460,0.0005);
#511=CIRCLE('',#5462,0.0005);
#512=CIRCLE('',#5464,0.0005);
#513=CIRCLE('',#5466,0.0005);
#514=CIRCLE('',#5468,0.0005);
#515=CIRCLE('',#5470,0.0005);
#516=CIRCLE('',#5472,0.0005);
#517=CIRCLE('',#5475,0.0005);
#518=CIRCLE('',#5476,0.0005);
#519=CIRCLE('',#5478,0.0005);
#520=CIRCLE('',#5480,0.0005);
#521=CIRCLE('',#5482,0.0005);
#522=CIRCLE('',#5484,0.0005);
#523=CIRCLE('',#5486,0.0005);
#524=CIRCLE('',#5488,0.0005);
#525=CIRCLE('',#5490,0.0005);
#526=CIRCLE('',#5492,0.0005);
#527=CIRCLE('',#5494,0.0005);
#528=CIRCLE('',#5496,0.0005);
#529=CIRCLE('',#5499,0.0005);
#530=CIRCLE('',#5500,0.0005);
#531=CIRCLE('',#5502,0.0005);
#532=CIRCLE('',#5504,0.0005);
#533=CIRCLE('',#5506,0.0005);
#534=CIRCLE('',#5508,0.0005);
#535=CIRCLE('',#5510,0.0005);
#536=CIRCLE('',#5512,0.0005);
#537=CIRCLE('',#5514,0.0005);
#538=CIRCLE('',#5516,0.0005);
#539=CIRCLE('',#5518,0.0005);
#540=CIRCLE('',#5520,0.0005);
#541=CIRCLE('',#5522,0.0005);
#542=CIRCLE('',#5524,0.0005);
#543=CIRCLE('',#5526,0.0005);
#544=CIRCLE('',#5528,0.0005);
#545=CIRCLE('',#5530,0.0005);
#546=CIRCLE('',#5531,0.0005);
#547=CIRCLE('',#5532,0.0005);
#548=CIRCLE('',#5534,0.0005);
#549=CIRCLE('',#5536,0.0005);
#550=CIRCLE('',#5537,0.0005);
#551=CIRCLE('',#5539,0.0005);
#552=CIRCLE('',#5540,0.0005);
#553=CIRCLE('',#5542,0.0005);
#554=CIRCLE('',#5544,0.0005);
#555=CIRCLE('',#5546,0.0005);
#556=CIRCLE('',#5548,0.0005);
#557=CIRCLE('',#5551,0.0005);
#558=CIRCLE('',#5552,0.0005);
#559=CIRCLE('',#5554,0.0005);
#560=CIRCLE('',#5556,0.0005);
#561=CIRCLE('',#5558,0.0005);
#562=CIRCLE('',#5560,0.0005);
#563=CIRCLE('',#5562,0.0005);
#564=CIRCLE('',#5564,0.0005);
#565=CIRCLE('',#5575,0.0005);
#566=CIRCLE('',#5576,0.0005);
#567=CIRCLE('',#5578,0.0005);
#568=CIRCLE('',#5580,0.0005);
#569=CIRCLE('',#5582,0.0005);
#570=CIRCLE('',#5584,0.0005);
#571=CIRCLE('',#5586,0.0005);
#572=CIRCLE('',#5588,0.0005);
#573=CIRCLE('',#5591,0.0005);
#574=CIRCLE('',#5592,0.0005);
#575=CIRCLE('',#5594,0.0005);
#576=CIRCLE('',#5596,0.0005);
#577=CIRCLE('',#5598,0.0005);
#578=CIRCLE('',#5600,0.0005);
#579=CIRCLE('',#5602,0.0005);
#580=CIRCLE('',#5604,0.0005);
#581=CIRCLE('',#5607,0.0005);
#582=CIRCLE('',#5608,0.0005);
#583=CIRCLE('',#5610,0.0005);
#584=CIRCLE('',#5612,0.0005);
#585=CIRCLE('',#5614,0.0005);
#586=CIRCLE('',#5616,0.0005);
#587=CIRCLE('',#5618,0.0005);
#588=CIRCLE('',#5620,0.0005);
#589=CIRCLE('',#5623,0.0005);
#590=CIRCLE('',#5624,0.0005);
#591=CIRCLE('',#5626,0.0005);
#592=CIRCLE('',#5628,0.0005);
#593=CIRCLE('',#5630,0.0005);
#594=CIRCLE('',#5632,0.0005);
#595=CIRCLE('',#5634,0.0005);
#596=CIRCLE('',#5636,0.0005);
#597=B_SPLINE_CURVE_WITH_KNOTS('',3,(#7248,#7249,#7250,#7251),
 .UNSPECIFIED.,.F.,.F.,(4,4),(0.,0.0014091127529421),.UNSPECIFIED.);
#598=B_SPLINE_CURVE_WITH_KNOTS('',3,(#7279,#7280,#7281,#7282,#7283,#7284),
 .UNSPECIFIED.,.F.,.F.,(4,1,1,4),(0.,0.00103689614070081,0.00207379228140162,
0.00414758456280324),.UNSPECIFIED.);
#599=B_SPLINE_CURVE_WITH_KNOTS('',3,(#7356,#7357,#7358,#7359,#7360,#7361,
#7362,#7363,#7364,#7365,#7366,#7367,#7368,#7369),.UNSPECIFIED.,.F.,.F.,
(4,1,1,1,1,1,1,1,1,1,1,4),(0.,0.00344633028429902,0.00689266056859803,0.0103389908528971,
0.0137853211371961,0.0206779817057941,0.0275706422743921,0.0344633028429902,
0.0413559634115882,0.0482486239801862,0.0516949542644853,0.0551412845487843),
 .UNSPECIFIED.);
#600=B_SPLINE_CURVE_WITH_KNOTS('',3,(#7516,#7517,#7518,#7519,#7520,#7521,
#7522),.UNSPECIFIED.,.F.,.F.,(4,1,1,1,4),(0.,0.000567140051034269,0.00113428010206854,
0.00170142015310281,0.00226856020413707),.UNSPECIFIED.);
#601=B_SPLINE_CURVE_WITH_KNOTS('',3,(#7528,#7529,#7530,#7531,#7532,#7533,
#7534),.UNSPECIFIED.,.F.,.F.,(4,1,1,1,4),(0.,0.000783435310620217,0.00156687062124043,
0.00235030593186065,0.00313374124248087),.UNSPECIFIED.);
#602=B_SPLINE_CURVE_WITH_KNOTS('',3,(#7538,#7539,#7540,#7541,#7542,#7543,
#7544),.UNSPECIFIED.,.F.,.F.,(4,1,1,1,4),(1.04083408558608E-17,0.000785302779709673,
0.00157060555941934,0.002355908339129,0.00314121111883866),
 .UNSPECIFIED.);
#603=B_SPLINE_CURVE_WITH_KNOTS('',3,(#7552,#7553,#7554,#7555,#7556,#7557,
#7558),.UNSPECIFIED.,.F.,.F.,(4,1,1,1,4),(0.,0.000577091843673144,0.00115418368734629,
0.00173127553101943,0.00230836737469258),.UNSPECIFIED.);
#604=B_SPLINE_CURVE_WITH_KNOTS('',3,(#7566,#7567,#7568,#7569,#7570,#7571),
 .UNSPECIFIED.,.F.,.F.,(4,1,1,4),(1.04083408558608E-17,0.00102641882192168,
0.00205283764384334,0.00410567528768668),.UNSPECIFIED.);
#605=B_SPLINE_CURVE_WITH_KNOTS('',3,(#7586,#7587,#7588,#7589,#7590,#7591),
 .UNSPECIFIED.,.F.,.F.,(4,1,1,4),(0.,0.00204620366580155,0.00306930549870232,
0.0040924073316031),.UNSPECIFIED.);
#606=B_SPLINE_CURVE_WITH_KNOTS('',3,(#7599,#7600,#7601,#7602,#7603,#7604,
#7605),.UNSPECIFIED.,.F.,.F.,(4,1,1,1,4),(0.,0.000567140051034253,0.00113428010206851,
0.00170142015310276,0.00226856020413701),.UNSPECIFIED.);
#607=B_SPLINE_CURVE_WITH_KNOTS('',3,(#7611,#7612,#7613,#7614,#7615,#7616,
#7617),.UNSPECIFIED.,.F.,.F.,(4,1,1,1,4),(0.,0.000783435310620211,0.00156687062124042,
0.00235030593186063,0.00313374124248084),.UNSPECIFIED.);
#608=B_SPLINE_CURVE_WITH_KNOTS('',3,(#7621,#7622,#7623,#7624,#7625,#7626,
#7627),.UNSPECIFIED.,.F.,.F.,(4,1,1,1,4),(0.,0.00078530277970966,0.00157060555941932,
0.00235590833912898,0.00314121111883864),.UNSPECIFIED.);
#609=B_SPLINE_CURVE_WITH_KNOTS('',3,(#7630,#7631,#7632,#7633,#7634,#7635,
#7636),.UNSPECIFIED.,.F.,.F.,(4,1,1,1,4),(0.,0.000577091843673156,0.00115418368734631,
0.00173127553101947,0.00230836737469262),.UNSPECIFIED.);
#610=B_SPLINE_CURVE_WITH_KNOTS('',3,(#7647,#7648,#7649,#7650,#7651,#7652),
 .UNSPECIFIED.,.F.,.F.,(4,1,1,4),(0.,0.00203371627373968,0.00305057441060953,
0.00406743254747937),.UNSPECIFIED.);
#611=B_SPLINE_CURVE_WITH_KNOTS('',3,(#7966,#7967,#7968,#7969,#7970,#7971),
 .UNSPECIFIED.,.F.,.F.,(4,1,1,4),(0.,0.000873924324835228,0.00174784864967046,
0.00349569729934091),.UNSPECIFIED.);
#612=B_SPLINE_CURVE_WITH_KNOTS('',3,(#7973,#7974,#7975,#7976,#7977,#7978,
#7979,#7980),.UNSPECIFIED.,.F.,.F.,(4,1,1,1,1,4),(0.,0.000369404443739465,
0.000738808887478929,0.000923511109348661,0.00110821333121839,0.00147761777495786),
 .UNSPECIFIED.);
#613=B_SPLINE_CURVE_WITH_KNOTS('',3,(#7982,#7983,#7984,#7985,#7986,#7987),
 .UNSPECIFIED.,.F.,.F.,(4,1,1,4),(0.,0.00217305901845188,0.00325958852767783,
0.00434611803690377),.UNSPECIFIED.);
#614=B_SPLINE_CURVE_WITH_KNOTS('',3,(#7998,#7999,#8000,#8001),
 .UNSPECIFIED.,.F.,.F.,(4,4),(0.,0.000302215156593767),.UNSPECIFIED.);
#615=B_SPLINE_CURVE_WITH_KNOTS('',3,(#8016,#8017,#8018,#8019,#8020,#8021),
 .UNSPECIFIED.,.F.,.F.,(4,1,1,4),(0.,0.00109637995763015,0.0021927599152603,
0.00438551983052061),.UNSPECIFIED.);
#616=B_SPLINE_CURVE_WITH_KNOTS('',3,(#8023,#8024,#8025,#8026,#8027,#8028,
#8029,#8030),.UNSPECIFIED.,.F.,.F.,(4,1,1,1,1,4),(0.,0.000373725808652654,
0.000560588712978981,0.000747451617305307,0.00112117742595796,0.00149490323461061),
 .UNSPECIFIED.);
#617=B_SPLINE_CURVE_WITH_KNOTS('',3,(#8032,#8033,#8034,#8035,#8036,#8037),
 .UNSPECIFIED.,.F.,.F.,(4,1,1,4),(0.,0.00173805398898764,0.00260708098348146,
0.00347610797797528),.UNSPECIFIED.);
#618=B_SPLINE_CURVE_WITH_KNOTS('',3,(#8053,#8054,#8055,#8056),
 .UNSPECIFIED.,.F.,.F.,(4,4),(0.,0.000302215156593812),.UNSPECIFIED.);
#619=B_SPLINE_CURVE_WITH_KNOTS('',3,(#8086,#8087,#8088,#8089,#8090,#8091),
 .UNSPECIFIED.,.F.,.F.,(4,1,1,4),(0.,0.00108845263282442,0.00217690526564883,
0.00435381053129767),.UNSPECIFIED.);
#620=B_SPLINE_CURVE_WITH_KNOTS('',3,(#8093,#8094,#8095,#8096,#8097,#8098,
#8099,#8100),.UNSPECIFIED.,.F.,.F.,(4,1,1,1,1,4),(0.,0.000373725808652657,
0.000560588712978985,0.000747451617305314,0.00112117742595797,0.00149490323461063),
 .UNSPECIFIED.);
#621=B_SPLINE_CURVE_WITH_KNOTS('',3,(#8102,#8103,#8104,#8105,#8106,#8107),
 .UNSPECIFIED.,.F.,.F.,(4,1,1,4),(0.,0.00173805398898763,0.00260708098348145,
0.00347610797797527),.UNSPECIFIED.);
#622=B_SPLINE_CURVE_WITH_KNOTS('',3,(#8135,#8136,#8137,#8138,#8139,#8140),
 .UNSPECIFIED.,.F.,.F.,(4,1,1,4),(0.,0.000873924324835241,0.00174784864967048,
0.00349569729934096),.UNSPECIFIED.);
#623=B_SPLINE_CURVE_WITH_KNOTS('',3,(#8142,#8143,#8144,#8145,#8146,#8147,
#8148,#8149),.UNSPECIFIED.,.F.,.F.,(4,1,1,1,1,4),(2.7318452618149E-17,0.000369404443739472,
0.000738808887478917,0.000923511109348639,0.00110821333121836,0.00147761777495781),
 .UNSPECIFIED.);
#624=B_SPLINE_CURVE_WITH_KNOTS('',3,(#8151,#8152,#8153,#8154,#8155,#8156),
 .UNSPECIFIED.,.F.,.F.,(4,1,1,4),(0.,0.00218374529904767,0.0032756179485715,
0.00436749059809533),.UNSPECIFIED.);
#625=B_SPLINE_CURVE_WITH_KNOTS('',3,(#8234,#8235,#8236,#8237,#8238,#8239,
#8240,#8241,#8242),.UNSPECIFIED.,.F.,.F.,(4,1,1,1,1,1,4),(-0.0044475924625163,
-0.00222701168270953,-0.00111672129280615,-6.43090290276295E-6,0.00110385948700062,
0.002214149876904,0.00443473065671077),.UNSPECIFIED.);
#626=B_SPLINE_CURVE_WITH_KNOTS('',3,(#8289,#8290,#8291,#8292,#8293,#8294,
#8295,#8296,#8297),.UNSPECIFIED.,.F.,.F.,(4,1,1,1,1,1,4),(0.,0.00221545734385214,
0.00332318601577821,0.00443091468770428,0.00553864335963035,0.00664637203155642,
0.00886182937540856),.UNSPECIFIED.);
#627=B_SPLINE_CURVE_WITH_KNOTS('',3,(#8307,#8308,#8309,#8310,#8311,#8312,
#8313,#8314,#8315,#8316,#8317,#8318,#8319,#8320),.UNSPECIFIED.,.F.,.F.,
(4,1,1,1,1,1,1,1,1,1,1,4),(0.,0.00344633028429905,0.0068926605685981,0.0103389908528972,
0.0137853211371962,0.0206779817057943,0.0275706422743924,0.0344633028429905,
0.0413559634115886,0.0482486239801867,0.0516949542644858,0.0551412845487848),
 .UNSPECIFIED.);
#628=B_SPLINE_CURVE_WITH_KNOTS('',3,(#8661,#8662,#8663,#8664,#8665,#8666,
#8667,#8668,#8669,#8670,#8671,#8672,#8673,#8674,#8675,#8676,#8677,#8678,
#8679,#8680,#8681,#8682,#8683,#8684,#8685,#8686,#8687,#8688,#8689,#8690,
#8691,#8692,#8693,#8694,#8695),.UNSPECIFIED.,.T.,.F.,(1,1,1,1,1,1,1,1,1,
1,1,1,1,1,1,1,1,1,1,1,1,1,1,1,1,1,1,1,1,1,1,1,1,1,1,1,1,1,1),(-0.0118034612373587,
-0.00786897415823914,-0.00393448707911957,0.,0.00393448707911957,0.00786897415823914,
0.0118034612373587,0.0157379483164783,0.0196724353955978,0.0236069224747174,
0.027541409553837,0.0314758966329565,0.0354103837120761,0.0393448707911957,
0.0432793578703152,0.0472138449494348,0.0511483320285544,0.055082819107674,
0.0590173061867935,0.0629517932659131,0.0668862803450327,0.0708207674241522,
0.0747552545032718,0.0786897415823914,0.0826242286615109,0.0865587157406305,
0.0904932028197501,0.0944276898988696,0.0983621769779892,0.102296664057109,
0.106231151136228,0.110165638215348,0.114100125294467,0.118034612373587,
0.121969099452707,0.125903586531826,0.129838073610946,0.133772560690065,
0.137707047769185),.UNSPECIFIED.);
#629=B_SPLINE_CURVE_WITH_KNOTS('',3,(#8720,#8721,#8722,#8723),
 .UNSPECIFIED.,.F.,.F.,(4,4),(0.,0.000283313259644079),.UNSPECIFIED.);
#630=B_SPLINE_CURVE_WITH_KNOTS('',3,(#8742,#8743,#8744,#8745),
 .UNSPECIFIED.,.F.,.F.,(4,4),(0.,4.69248667585804E-5),.UNSPECIFIED.);
#631=B_SPLINE_CURVE_WITH_KNOTS('',3,(#8749,#8750,#8751,#8752),
 .UNSPECIFIED.,.F.,.F.,(4,4),(0.,4.6924866758583E-5),.UNSPECIFIED.);
#632=B_SPLINE_CURVE_WITH_KNOTS('',3,(#8754,#8755,#8756,#8757),
 .UNSPECIFIED.,.F.,.F.,(4,4),(6.93889390390723E-18,0.000284199493555333),
 .UNSPECIFIED.);
#633=B_SPLINE_CURVE_WITH_KNOTS('',3,(#8761,#8762,#8763,#8764),
 .UNSPECIFIED.,.F.,.F.,(4,4),(0.,0.00028419949355523),.UNSPECIFIED.);
#634=B_SPLINE_CURVE_WITH_KNOTS('',3,(#8775,#8776,#8777,#8778),
 .UNSPECIFIED.,.F.,.F.,(4,4),(0.,4.69248667586283E-5),.UNSPECIFIED.);
#635=B_SPLINE_CURVE_WITH_KNOTS('',3,(#8782,#8783,#8784,#8785),
 .UNSPECIFIED.,.F.,.F.,(4,4),(0.,4.69248667586293E-5),.UNSPECIFIED.);
#636=B_SPLINE_CURVE_WITH_KNOTS('',3,(#8809,#8810,#8811,#8812),
 .UNSPECIFIED.,.F.,.F.,(4,4),(0.,0.000283313259644067),.UNSPECIFIED.);
#637=B_SPLINE_CURVE_WITH_KNOTS('',3,(#8877,#8878,#8879,#8880),
 .UNSPECIFIED.,.F.,.F.,(4,4),(0.,0.00136571714576724),.UNSPECIFIED.);
#638=B_SPLINE_CURVE_WITH_KNOTS('',3,(#8896,#8897,#8898,#8899),
 .UNSPECIFIED.,.F.,.F.,(4,4),(0.00149728901905187,0.00285730376886614),
 .UNSPECIFIED.);
#639=B_SPLINE_CURVE_WITH_KNOTS('',3,(#8911,#8912,#8913,#8914),
 .UNSPECIFIED.,.F.,.F.,(4,4),(0.000500019120035403,0.00106699996653705),
 .UNSPECIFIED.);
#640=B_SPLINE_CURVE_WITH_KNOTS('',3,(#8917,#8918,#8919,#8920),
 .UNSPECIFIED.,.F.,.F.,(4,4),(0.,0.000564799264692787),.UNSPECIFIED.);
#641=B_SPLINE_CURVE_WITH_KNOTS('',3,(#8931,#8932,#8933,#8934),
 .UNSPECIFIED.,.F.,.F.,(4,4),(0.,0.000545141531996193),.UNSPECIFIED.);
#642=B_SPLINE_CURVE_WITH_KNOTS('',3,(#8937,#8938,#8939,#8940),
 .UNSPECIFIED.,.F.,.F.,(4,4),(0.,0.00054514153199603),.UNSPECIFIED.);
#643=B_SPLINE_CURVE_WITH_KNOTS('',3,(#8947,#8948,#8949,#8950),
 .UNSPECIFIED.,.F.,.F.,(4,4),(0.,0.000564799264692787),.UNSPECIFIED.);
#644=B_SPLINE_CURVE_WITH_KNOTS('',3,(#8957,#8958,#8959,#8960),
 .UNSPECIFIED.,.F.,.F.,(4,4),(0.,0.000545777995847977),.UNSPECIFIED.);
#645=B_SPLINE_CURVE_WITH_KNOTS('',3,(#8965,#8966,#8967,#8968),
 .UNSPECIFIED.,.F.,.F.,(4,4),(0.,0.000544834162191267),.UNSPECIFIED.);
#646=B_SPLINE_CURVE_WITH_KNOTS('',3,(#8977,#8978,#8979,#8980),
 .UNSPECIFIED.,.F.,.F.,(4,4),(0.000500019120035403,0.00106699996653705),
 .UNSPECIFIED.);
#647=B_SPLINE_CURVE_WITH_KNOTS('',3,(#8986,#8987,#8988,#8989),
 .UNSPECIFIED.,.F.,.F.,(4,4),(0.00159560172796065,0.00300623887821984),
 .UNSPECIFIED.);
#648=B_SPLINE_CURVE_WITH_KNOTS('',3,(#9275,#9276,#9277,#9278),
 .UNSPECIFIED.,.F.,.F.,(4,4),(1.58990032769613E-17,0.000580572169168537),
 .UNSPECIFIED.);
#649=B_SPLINE_CURVE_WITH_KNOTS('',3,(#9282,#9283,#9284,#9285),
 .UNSPECIFIED.,.F.,.F.,(4,4),(0.,0.0005804600656862),.UNSPECIFIED.);
#650=B_SPLINE_CURVE_WITH_KNOTS('',3,(#9288,#9289,#9290,#9291),
 .UNSPECIFIED.,.F.,.F.,(4,4),(1.58990032769613E-17,0.000580572169168537),
 .UNSPECIFIED.);
#651=B_SPLINE_CURVE_WITH_KNOTS('',3,(#9295,#9296,#9297,#9298),
 .UNSPECIFIED.,.F.,.F.,(4,4),(2.42861286636753E-17,0.000580460065686171),
 .UNSPECIFIED.);
#652=B_SPLINE_CURVE_WITH_KNOTS('',3,(#9300,#9301,#9302,#9303,#9304,#9305),
 .UNSPECIFIED.,.F.,.F.,(4,1,1,4),(0.,0.000275938913602844,0.000413908370404267,
0.000551877827205689),.UNSPECIFIED.);
#653=B_SPLINE_CURVE_WITH_KNOTS('',3,(#9309,#9310,#9311,#9312,#9313,#9314),
 .UNSPECIFIED.,.F.,.F.,(4,1,1,4),(0.,0.000275203612986961,0.000412805419480442,
0.000550407225973923),.UNSPECIFIED.);
#654=B_SPLINE_CURVE_WITH_KNOTS('',3,(#9398,#9399,#9400,#9401),
 .UNSPECIFIED.,.F.,.F.,(4,4),(4.91466356832783E-15,0.00036689991155276),
 .UNSPECIFIED.);
#655=B_SPLINE_CURVE_WITH_KNOTS('',3,(#9403,#9404,#9405,#9406),
 .UNSPECIFIED.,.F.,.F.,(4,4),(0.000725638169795087,0.000939687226865995),
 .UNSPECIFIED.);
#656=B_SPLINE_CURVE_WITH_KNOTS('',3,(#9416,#9417,#9418,#9419),
 .UNSPECIFIED.,.F.,.F.,(4,4),(0.000727453028082702,0.000941581102478464),
 .UNSPECIFIED.);
#657=B_SPLINE_CURVE_WITH_KNOTS('',3,(#9421,#9422,#9423,#9424),
 .UNSPECIFIED.,.F.,.F.,(4,4),(0.,0.000366897052793091),.UNSPECIFIED.);
#658=B_SPLINE_CURVE_WITH_KNOTS('',3,(#9453,#9454,#9455,#9456,#9457),
 .UNSPECIFIED.,.F.,.F.,(4,1,4),(0.,0.000560415253808875,0.00112083050761775),
 .UNSPECIFIED.);
#659=B_SPLINE_CURVE_WITH_KNOTS('',3,(#9458,#9459,#9460,#9461,#9462),
 .UNSPECIFIED.,.F.,.F.,(4,1,4),(0.,0.000560415253808873,0.00112083050761775),
 .UNSPECIFIED.);
#660=B_SPLINE_CURVE_WITH_KNOTS('',3,(#9475,#9476,#9477,#9478),
 .UNSPECIFIED.,.F.,.F.,(4,4),(0.,0.000694870886321892),.UNSPECIFIED.);
#661=B_SPLINE_CURVE_WITH_KNOTS('',3,(#9491,#9492,#9493,#9494),
 .UNSPECIFIED.,.F.,.F.,(4,4),(0.,0.000694870886321899),.UNSPECIFIED.);
#662=B_SPLINE_CURVE_WITH_KNOTS('',3,(#9507,#9508,#9509,#9510),
 .UNSPECIFIED.,.F.,.F.,(4,4),(0.,0.000756912460704474),.UNSPECIFIED.);
#663=B_SPLINE_CURVE_WITH_KNOTS('',3,(#9523,#9524,#9525,#9526),
 .UNSPECIFIED.,.F.,.F.,(4,4),(0.,0.000756912460704472),.UNSPECIFIED.);
#664=B_SPLINE_CURVE_WITH_KNOTS('',3,(#9531,#9532,#9533,#9534,#9535),
 .UNSPECIFIED.,.F.,.F.,(4,1,4),(0.,0.00056041525380886,0.00112083050761772),
 .UNSPECIFIED.);
#665=B_SPLINE_CURVE_WITH_KNOTS('',3,(#9536,#9537,#9538,#9539,#9540),
 .UNSPECIFIED.,.F.,.F.,(4,1,4),(0.,0.000560415253808872,0.00112083050761774),
 .UNSPECIFIED.);
#666=B_SPLINE_CURVE_WITH_KNOTS('',3,(#9553,#9554,#9555,#9556),
 .UNSPECIFIED.,.F.,.F.,(4,4),(0.,0.000694870886321873),.UNSPECIFIED.);
#667=B_SPLINE_CURVE_WITH_KNOTS('',3,(#9569,#9570,#9571,#9572),
 .UNSPECIFIED.,.F.,.F.,(4,4),(0.,0.000694870886321855),.UNSPECIFIED.);
#668=B_SPLINE_CURVE_WITH_KNOTS('',3,(#9585,#9586,#9587,#9588),
 .UNSPECIFIED.,.F.,.F.,(4,4),(0.,0.000756912460704472),.UNSPECIFIED.);
#669=B_SPLINE_CURVE_WITH_KNOTS('',3,(#9601,#9602,#9603,#9604),
 .UNSPECIFIED.,.F.,.F.,(4,4),(0.,0.00075691246070446),.UNSPECIFIED.);
#670=ORIENTED_EDGE('',*,*,#2132,.F.);
#671=ORIENTED_EDGE('',*,*,#2133,.T.);
#672=ORIENTED_EDGE('',*,*,#2134,.F.);
#673=ORIENTED_EDGE('',*,*,#2135,.F.);
#674=ORIENTED_EDGE('',*,*,#2136,.T.);
#675=ORIENTED_EDGE('',*,*,#2137,.T.);
#676=ORIENTED_EDGE('',*,*,#2138,.F.);
#677=ORIENTED_EDGE('',*,*,#2139,.T.);
#678=ORIENTED_EDGE('',*,*,#2140,.T.);
#679=ORIENTED_EDGE('',*,*,#2141,.T.);
#680=ORIENTED_EDGE('',*,*,#2142,.T.);
#681=ORIENTED_EDGE('',*,*,#2143,.T.);
#682=ORIENTED_EDGE('',*,*,#2144,.T.);
#683=ORIENTED_EDGE('',*,*,#2145,.T.);
#684=ORIENTED_EDGE('',*,*,#2146,.T.);
#685=ORIENTED_EDGE('',*,*,#2132,.T.);
#686=ORIENTED_EDGE('',*,*,#2147,.T.);
#687=ORIENTED_EDGE('',*,*,#2148,.T.);
#688=ORIENTED_EDGE('',*,*,#2149,.T.);
#689=ORIENTED_EDGE('',*,*,#2150,.T.);
#690=ORIENTED_EDGE('',*,*,#2151,.T.);
#691=ORIENTED_EDGE('',*,*,#2152,.T.);
#692=ORIENTED_EDGE('',*,*,#2153,.T.);
#693=ORIENTED_EDGE('',*,*,#2154,.T.);
#694=ORIENTED_EDGE('',*,*,#2155,.T.);
#695=ORIENTED_EDGE('',*,*,#2156,.F.);
#696=ORIENTED_EDGE('',*,*,#2157,.T.);
#697=ORIENTED_EDGE('',*,*,#2158,.T.);
#698=ORIENTED_EDGE('',*,*,#2159,.T.);
#699=ORIENTED_EDGE('',*,*,#2160,.T.);
#700=ORIENTED_EDGE('',*,*,#2161,.T.);
#701=ORIENTED_EDGE('',*,*,#2162,.T.);
#702=ORIENTED_EDGE('',*,*,#2163,.T.);
#703=ORIENTED_EDGE('',*,*,#2164,.T.);
#704=ORIENTED_EDGE('',*,*,#2165,.T.);
#705=ORIENTED_EDGE('',*,*,#2166,.F.);
#706=ORIENTED_EDGE('',*,*,#2167,.T.);
#707=ORIENTED_EDGE('',*,*,#2168,.T.);
#708=ORIENTED_EDGE('',*,*,#2169,.T.);
#709=ORIENTED_EDGE('',*,*,#2170,.T.);
#710=ORIENTED_EDGE('',*,*,#2171,.T.);
#711=ORIENTED_EDGE('',*,*,#2172,.T.);
#712=ORIENTED_EDGE('',*,*,#2173,.T.);
#713=ORIENTED_EDGE('',*,*,#2174,.T.);
#714=ORIENTED_EDGE('',*,*,#2175,.T.);
#715=ORIENTED_EDGE('',*,*,#2176,.F.);
#716=ORIENTED_EDGE('',*,*,#2177,.T.);
#717=ORIENTED_EDGE('',*,*,#2178,.T.);
#718=ORIENTED_EDGE('',*,*,#2179,.T.);
#719=ORIENTED_EDGE('',*,*,#2180,.F.);
#720=ORIENTED_EDGE('',*,*,#2181,.T.);
#721=ORIENTED_EDGE('',*,*,#2182,.T.);
#722=ORIENTED_EDGE('',*,*,#2183,.T.);
#723=ORIENTED_EDGE('',*,*,#2184,.F.);
#724=ORIENTED_EDGE('',*,*,#2185,.T.);
#725=ORIENTED_EDGE('',*,*,#2186,.T.);
#726=ORIENTED_EDGE('',*,*,#2187,.F.);
#727=ORIENTED_EDGE('',*,*,#2188,.T.);
#728=ORIENTED_EDGE('',*,*,#2189,.T.);
#729=ORIENTED_EDGE('',*,*,#2190,.T.);
#730=ORIENTED_EDGE('',*,*,#2191,.T.);
#731=ORIENTED_EDGE('',*,*,#2192,.T.);
#732=ORIENTED_EDGE('',*,*,#2193,.T.);
#733=ORIENTED_EDGE('',*,*,#2194,.T.);
#734=ORIENTED_EDGE('',*,*,#2195,.T.);
#735=ORIENTED_EDGE('',*,*,#2196,.T.);
#736=ORIENTED_EDGE('',*,*,#2197,.T.);
#737=ORIENTED_EDGE('',*,*,#2198,.T.);
#738=ORIENTED_EDGE('',*,*,#2199,.T.);
#739=ORIENTED_EDGE('',*,*,#2200,.T.);
#740=ORIENTED_EDGE('',*,*,#2201,.T.);
#741=ORIENTED_EDGE('',*,*,#2202,.T.);
#742=ORIENTED_EDGE('',*,*,#2203,.T.);
#743=ORIENTED_EDGE('',*,*,#2204,.T.);
#744=ORIENTED_EDGE('',*,*,#2205,.T.);
#745=ORIENTED_EDGE('',*,*,#2206,.T.);
#746=ORIENTED_EDGE('',*,*,#2207,.T.);
#747=ORIENTED_EDGE('',*,*,#2208,.T.);
#748=ORIENTED_EDGE('',*,*,#2209,.T.);
#749=ORIENTED_EDGE('',*,*,#2210,.T.);
#750=ORIENTED_EDGE('',*,*,#2211,.T.);
#751=ORIENTED_EDGE('',*,*,#2212,.T.);
#752=ORIENTED_EDGE('',*,*,#2213,.T.);
#753=ORIENTED_EDGE('',*,*,#2214,.T.);
#754=ORIENTED_EDGE('',*,*,#2215,.T.);
#755=ORIENTED_EDGE('',*,*,#2216,.T.);
#756=ORIENTED_EDGE('',*,*,#2217,.T.);
#757=ORIENTED_EDGE('',*,*,#2218,.T.);
#758=ORIENTED_EDGE('',*,*,#2219,.T.);
#759=ORIENTED_EDGE('',*,*,#2220,.T.);
#760=ORIENTED_EDGE('',*,*,#2221,.T.);
#761=ORIENTED_EDGE('',*,*,#2222,.T.);
#762=ORIENTED_EDGE('',*,*,#2223,.T.);
#763=ORIENTED_EDGE('',*,*,#2224,.T.);
#764=ORIENTED_EDGE('',*,*,#2225,.T.);
#765=ORIENTED_EDGE('',*,*,#2226,.T.);
#766=ORIENTED_EDGE('',*,*,#2227,.T.);
#767=ORIENTED_EDGE('',*,*,#2228,.T.);
#768=ORIENTED_EDGE('',*,*,#2229,.T.);
#769=ORIENTED_EDGE('',*,*,#2230,.T.);
#770=ORIENTED_EDGE('',*,*,#2231,.T.);
#771=ORIENTED_EDGE('',*,*,#2232,.T.);
#772=ORIENTED_EDGE('',*,*,#2233,.T.);
#773=ORIENTED_EDGE('',*,*,#2234,.T.);
#774=ORIENTED_EDGE('',*,*,#2235,.T.);
#775=ORIENTED_EDGE('',*,*,#2236,.T.);
#776=ORIENTED_EDGE('',*,*,#2237,.T.);
#777=ORIENTED_EDGE('',*,*,#2238,.T.);
#778=ORIENTED_EDGE('',*,*,#2239,.T.);
#779=ORIENTED_EDGE('',*,*,#2240,.T.);
#780=ORIENTED_EDGE('',*,*,#2241,.F.);
#781=ORIENTED_EDGE('',*,*,#2242,.T.);
#782=ORIENTED_EDGE('',*,*,#2243,.T.);
#783=ORIENTED_EDGE('',*,*,#2244,.T.);
#784=ORIENTED_EDGE('',*,*,#2245,.F.);
#785=ORIENTED_EDGE('',*,*,#2246,.T.);
#786=ORIENTED_EDGE('',*,*,#2247,.T.);
#787=ORIENTED_EDGE('',*,*,#2248,.F.);
#788=ORIENTED_EDGE('',*,*,#2249,.T.);
#789=ORIENTED_EDGE('',*,*,#2248,.T.);
#790=ORIENTED_EDGE('',*,*,#2250,.T.);
#791=ORIENTED_EDGE('',*,*,#2251,.F.);
#792=ORIENTED_EDGE('',*,*,#2252,.T.);
#793=ORIENTED_EDGE('',*,*,#2253,.T.);
#794=ORIENTED_EDGE('',*,*,#2254,.T.);
#795=ORIENTED_EDGE('',*,*,#2251,.T.);
#796=ORIENTED_EDGE('',*,*,#2255,.T.);
#797=ORIENTED_EDGE('',*,*,#2256,.F.);
#798=ORIENTED_EDGE('',*,*,#2257,.F.);
#799=ORIENTED_EDGE('',*,*,#2258,.T.);
#800=ORIENTED_EDGE('',*,*,#2256,.T.);
#801=ORIENTED_EDGE('',*,*,#2259,.T.);
#802=ORIENTED_EDGE('',*,*,#2260,.F.);
#803=ORIENTED_EDGE('',*,*,#2261,.T.);
#804=ORIENTED_EDGE('',*,*,#2262,.T.);
#805=ORIENTED_EDGE('',*,*,#2257,.T.);
#806=ORIENTED_EDGE('',*,*,#2263,.F.);
#807=ORIENTED_EDGE('',*,*,#2260,.T.);
#808=ORIENTED_EDGE('',*,*,#2264,.T.);
#809=ORIENTED_EDGE('',*,*,#2265,.F.);
#810=ORIENTED_EDGE('',*,*,#2266,.T.);
#811=ORIENTED_EDGE('',*,*,#2267,.T.);
#812=ORIENTED_EDGE('',*,*,#2265,.T.);
#813=ORIENTED_EDGE('',*,*,#2268,.T.);
#814=ORIENTED_EDGE('',*,*,#2269,.F.);
#815=ORIENTED_EDGE('',*,*,#2270,.T.);
#816=ORIENTED_EDGE('',*,*,#2271,.T.);
#817=ORIENTED_EDGE('',*,*,#2269,.T.);
#818=ORIENTED_EDGE('',*,*,#2272,.T.);
#819=ORIENTED_EDGE('',*,*,#2273,.F.);
#820=ORIENTED_EDGE('',*,*,#2274,.T.);
#821=ORIENTED_EDGE('',*,*,#2273,.T.);
#822=ORIENTED_EDGE('',*,*,#2275,.T.);
#823=ORIENTED_EDGE('',*,*,#2276,.F.);
#824=ORIENTED_EDGE('',*,*,#2277,.T.);
#825=ORIENTED_EDGE('',*,*,#2278,.T.);
#826=ORIENTED_EDGE('',*,*,#2279,.T.);
#827=ORIENTED_EDGE('',*,*,#2276,.T.);
#828=ORIENTED_EDGE('',*,*,#2280,.T.);
#829=ORIENTED_EDGE('',*,*,#2136,.F.);
#830=ORIENTED_EDGE('',*,*,#2281,.T.);
#831=ORIENTED_EDGE('',*,*,#2138,.T.);
#832=ORIENTED_EDGE('',*,*,#2282,.T.);
#833=ORIENTED_EDGE('',*,*,#2283,.F.);
#834=ORIENTED_EDGE('',*,*,#2284,.T.);
#835=ORIENTED_EDGE('',*,*,#2285,.T.);
#836=ORIENTED_EDGE('',*,*,#2283,.T.);
#837=ORIENTED_EDGE('',*,*,#2286,.T.);
#838=ORIENTED_EDGE('',*,*,#2246,.F.);
#839=ORIENTED_EDGE('',*,*,#2287,.T.);
#840=ORIENTED_EDGE('',*,*,#2288,.T.);
#841=ORIENTED_EDGE('',*,*,#2289,.T.);
#842=ORIENTED_EDGE('',*,*,#2290,.F.);
#843=ORIENTED_EDGE('',*,*,#2291,.T.);
#844=ORIENTED_EDGE('',*,*,#2292,.T.);
#845=ORIENTED_EDGE('',*,*,#2293,.T.);
#846=ORIENTED_EDGE('',*,*,#2158,.F.);
#847=ORIENTED_EDGE('',*,*,#2294,.T.);
#848=ORIENTED_EDGE('',*,*,#2290,.T.);
#849=ORIENTED_EDGE('',*,*,#2295,.T.);
#850=ORIENTED_EDGE('',*,*,#2296,.F.);
#851=ORIENTED_EDGE('',*,*,#2297,.T.);
#852=ORIENTED_EDGE('',*,*,#2156,.T.);
#853=ORIENTED_EDGE('',*,*,#2298,.T.);
#854=ORIENTED_EDGE('',*,*,#2299,.T.);
#855=ORIENTED_EDGE('',*,*,#2300,.F.);
#856=ORIENTED_EDGE('',*,*,#2301,.T.);
#857=ORIENTED_EDGE('',*,*,#2296,.T.);
#858=ORIENTED_EDGE('',*,*,#2302,.T.);
#859=ORIENTED_EDGE('',*,*,#2303,.F.);
#860=ORIENTED_EDGE('',*,*,#2304,.T.);
#861=ORIENTED_EDGE('',*,*,#2300,.T.);
#862=ORIENTED_EDGE('',*,*,#2305,.T.);
#863=ORIENTED_EDGE('',*,*,#2168,.F.);
#864=ORIENTED_EDGE('',*,*,#2306,.T.);
#865=ORIENTED_EDGE('',*,*,#2303,.T.);
#866=ORIENTED_EDGE('',*,*,#2307,.T.);
#867=ORIENTED_EDGE('',*,*,#2308,.F.);
#868=ORIENTED_EDGE('',*,*,#2309,.T.);
#869=ORIENTED_EDGE('',*,*,#2166,.T.);
#870=ORIENTED_EDGE('',*,*,#2310,.T.);
#871=ORIENTED_EDGE('',*,*,#2311,.F.);
#872=ORIENTED_EDGE('',*,*,#2312,.T.);
#873=ORIENTED_EDGE('',*,*,#2308,.T.);
#874=ORIENTED_EDGE('',*,*,#2313,.T.);
#875=ORIENTED_EDGE('',*,*,#2314,.T.);
#876=ORIENTED_EDGE('',*,*,#2315,.T.);
#877=ORIENTED_EDGE('',*,*,#2316,.T.);
#878=ORIENTED_EDGE('',*,*,#2317,.T.);
#879=ORIENTED_EDGE('',*,*,#2318,.T.);
#880=ORIENTED_EDGE('',*,*,#2319,.T.);
#881=ORIENTED_EDGE('',*,*,#2320,.T.);
#882=ORIENTED_EDGE('',*,*,#2321,.T.);
#883=ORIENTED_EDGE('',*,*,#2322,.T.);
#884=ORIENTED_EDGE('',*,*,#2323,.T.);
#885=ORIENTED_EDGE('',*,*,#2324,.T.);
#886=ORIENTED_EDGE('',*,*,#2325,.T.);
#887=ORIENTED_EDGE('',*,*,#2326,.T.);
#888=ORIENTED_EDGE('',*,*,#2327,.T.);
#889=ORIENTED_EDGE('',*,*,#2328,.T.);
#890=ORIENTED_EDGE('',*,*,#2329,.T.);
#891=ORIENTED_EDGE('',*,*,#2330,.T.);
#892=ORIENTED_EDGE('',*,*,#2331,.T.);
#893=ORIENTED_EDGE('',*,*,#2332,.F.);
#894=ORIENTED_EDGE('',*,*,#2333,.T.);
#895=ORIENTED_EDGE('',*,*,#2311,.T.);
#896=ORIENTED_EDGE('',*,*,#2334,.T.);
#897=ORIENTED_EDGE('',*,*,#2335,.F.);
#898=ORIENTED_EDGE('',*,*,#2336,.T.);
#899=ORIENTED_EDGE('',*,*,#2332,.T.);
#900=ORIENTED_EDGE('',*,*,#2337,.T.);
#901=ORIENTED_EDGE('',*,*,#2178,.F.);
#902=ORIENTED_EDGE('',*,*,#2338,.T.);
#903=ORIENTED_EDGE('',*,*,#2335,.T.);
#904=ORIENTED_EDGE('',*,*,#2339,.T.);
#905=ORIENTED_EDGE('',*,*,#2340,.F.);
#906=ORIENTED_EDGE('',*,*,#2341,.T.);
#907=ORIENTED_EDGE('',*,*,#2176,.T.);
#908=ORIENTED_EDGE('',*,*,#2342,.T.);
#909=ORIENTED_EDGE('',*,*,#2292,.F.);
#910=ORIENTED_EDGE('',*,*,#2343,.T.);
#911=ORIENTED_EDGE('',*,*,#2340,.T.);
#912=ORIENTED_EDGE('',*,*,#2344,.T.);
#913=ORIENTED_EDGE('',*,*,#2345,.T.);
#914=ORIENTED_EDGE('',*,*,#2346,.T.);
#915=ORIENTED_EDGE('',*,*,#2347,.T.);
#916=ORIENTED_EDGE('',*,*,#2348,.T.);
#917=ORIENTED_EDGE('',*,*,#2349,.T.);
#918=ORIENTED_EDGE('',*,*,#2350,.T.);
#919=ORIENTED_EDGE('',*,*,#2351,.T.);
#920=ORIENTED_EDGE('',*,*,#2352,.T.);
#921=ORIENTED_EDGE('',*,*,#2353,.T.);
#922=ORIENTED_EDGE('',*,*,#2354,.T.);
#923=ORIENTED_EDGE('',*,*,#2355,.T.);
#924=ORIENTED_EDGE('',*,*,#2356,.T.);
#925=ORIENTED_EDGE('',*,*,#2357,.T.);
#926=ORIENTED_EDGE('',*,*,#2358,.T.);
#927=ORIENTED_EDGE('',*,*,#2359,.T.);
#928=ORIENTED_EDGE('',*,*,#2360,.T.);
#929=ORIENTED_EDGE('',*,*,#2361,.T.);
#930=ORIENTED_EDGE('',*,*,#2362,.T.);
#931=ORIENTED_EDGE('',*,*,#2363,.T.);
#932=ORIENTED_EDGE('',*,*,#2364,.T.);
#933=ORIENTED_EDGE('',*,*,#2365,.T.);
#934=ORIENTED_EDGE('',*,*,#2366,.T.);
#935=ORIENTED_EDGE('',*,*,#2367,.T.);
#936=ORIENTED_EDGE('',*,*,#2368,.T.);
#937=ORIENTED_EDGE('',*,*,#2369,.T.);
#938=ORIENTED_EDGE('',*,*,#2370,.T.);
#939=ORIENTED_EDGE('',*,*,#2371,.T.);
#940=ORIENTED_EDGE('',*,*,#2372,.T.);
#941=ORIENTED_EDGE('',*,*,#2373,.T.);
#942=ORIENTED_EDGE('',*,*,#2237,.F.);
#943=ORIENTED_EDGE('',*,*,#2374,.T.);
#944=ORIENTED_EDGE('',*,*,#2375,.F.);
#945=ORIENTED_EDGE('',*,*,#2376,.T.);
#946=ORIENTED_EDGE('',*,*,#2377,.T.);
#947=ORIENTED_EDGE('',*,*,#2378,.T.);
#948=ORIENTED_EDGE('',*,*,#2379,.T.);
#949=ORIENTED_EDGE('',*,*,#2380,.T.);
#950=ORIENTED_EDGE('',*,*,#2381,.F.);
#951=ORIENTED_EDGE('',*,*,#2382,.T.);
#952=ORIENTED_EDGE('',*,*,#2233,.F.);
#953=ORIENTED_EDGE('',*,*,#2383,.T.);
#954=ORIENTED_EDGE('',*,*,#2384,.T.);
#955=ORIENTED_EDGE('',*,*,#2385,.T.);
#956=ORIENTED_EDGE('',*,*,#2386,.T.);
#957=ORIENTED_EDGE('',*,*,#2387,.T.);
#958=ORIENTED_EDGE('',*,*,#2388,.T.);
#959=ORIENTED_EDGE('',*,*,#2389,.T.);
#960=ORIENTED_EDGE('',*,*,#2390,.F.);
#961=ORIENTED_EDGE('',*,*,#2391,.T.);
#962=ORIENTED_EDGE('',*,*,#2245,.T.);
#963=ORIENTED_EDGE('',*,*,#2392,.T.);
#964=ORIENTED_EDGE('',*,*,#2393,.T.);
#965=ORIENTED_EDGE('',*,*,#2394,.T.);
#966=ORIENTED_EDGE('',*,*,#2395,.T.);
#967=ORIENTED_EDGE('',*,*,#2396,.T.);
#968=ORIENTED_EDGE('',*,*,#2397,.T.);
#969=ORIENTED_EDGE('',*,*,#2398,.T.);
#970=ORIENTED_EDGE('',*,*,#2399,.T.);
#971=ORIENTED_EDGE('',*,*,#2400,.T.);
#972=ORIENTED_EDGE('',*,*,#2241,.T.);
#973=ORIENTED_EDGE('',*,*,#2401,.T.);
#974=ORIENTED_EDGE('',*,*,#2402,.F.);
#975=ORIENTED_EDGE('',*,*,#2403,.T.);
#976=ORIENTED_EDGE('',*,*,#2404,.T.);
#977=ORIENTED_EDGE('',*,*,#2405,.T.);
#978=ORIENTED_EDGE('',*,*,#2406,.T.);
#979=ORIENTED_EDGE('',*,*,#2407,.T.);
#980=ORIENTED_EDGE('',*,*,#2408,.T.);
#981=ORIENTED_EDGE('',*,*,#2409,.T.);
#982=ORIENTED_EDGE('',*,*,#2410,.T.);
#983=ORIENTED_EDGE('',*,*,#2411,.T.);
#984=ORIENTED_EDGE('',*,*,#2412,.T.);
#985=ORIENTED_EDGE('',*,*,#2413,.T.);
#986=ORIENTED_EDGE('',*,*,#2414,.T.);
#987=ORIENTED_EDGE('',*,*,#2415,.T.);
#988=ORIENTED_EDGE('',*,*,#2416,.T.);
#989=ORIENTED_EDGE('',*,*,#2417,.T.);
#990=ORIENTED_EDGE('',*,*,#2418,.T.);
#991=ORIENTED_EDGE('',*,*,#2419,.T.);
#992=ORIENTED_EDGE('',*,*,#2420,.T.);
#993=ORIENTED_EDGE('',*,*,#2421,.T.);
#994=ORIENTED_EDGE('',*,*,#2422,.T.);
#995=ORIENTED_EDGE('',*,*,#2423,.T.);
#996=ORIENTED_EDGE('',*,*,#2424,.T.);
#997=ORIENTED_EDGE('',*,*,#2425,.T.);
#998=ORIENTED_EDGE('',*,*,#2426,.T.);
#999=ORIENTED_EDGE('',*,*,#2427,.T.);
#1000=ORIENTED_EDGE('',*,*,#2428,.T.);
#1001=ORIENTED_EDGE('',*,*,#2429,.T.);
#1002=ORIENTED_EDGE('',*,*,#2430,.T.);
#1003=ORIENTED_EDGE('',*,*,#2431,.T.);
#1004=ORIENTED_EDGE('',*,*,#2432,.T.);
#1005=ORIENTED_EDGE('',*,*,#2433,.T.);
#1006=ORIENTED_EDGE('',*,*,#2434,.T.);
#1007=ORIENTED_EDGE('',*,*,#2435,.T.);
#1008=ORIENTED_EDGE('',*,*,#2436,.T.);
#1009=ORIENTED_EDGE('',*,*,#2437,.T.);
#1010=ORIENTED_EDGE('',*,*,#2438,.T.);
#1011=ORIENTED_EDGE('',*,*,#2439,.T.);
#1012=ORIENTED_EDGE('',*,*,#2440,.T.);
#1013=ORIENTED_EDGE('',*,*,#2441,.F.);
#1014=ORIENTED_EDGE('',*,*,#2442,.T.);
#1015=ORIENTED_EDGE('',*,*,#2443,.F.);
#1016=ORIENTED_EDGE('',*,*,#2444,.T.);
#1017=ORIENTED_EDGE('',*,*,#2445,.T.);
#1018=ORIENTED_EDGE('',*,*,#2446,.T.);
#1019=ORIENTED_EDGE('',*,*,#2447,.F.);
#1020=ORIENTED_EDGE('',*,*,#2448,.T.);
#1021=ORIENTED_EDGE('',*,*,#2443,.T.);
#1022=ORIENTED_EDGE('',*,*,#2449,.T.);
#1023=ORIENTED_EDGE('',*,*,#2450,.T.);
#1024=ORIENTED_EDGE('',*,*,#2451,.T.);
#1025=ORIENTED_EDGE('',*,*,#2441,.T.);
#1026=ORIENTED_EDGE('',*,*,#2452,.T.);
#1027=ORIENTED_EDGE('',*,*,#2453,.F.);
#1028=ORIENTED_EDGE('',*,*,#2454,.T.);
#1029=ORIENTED_EDGE('',*,*,#2455,.T.);
#1030=ORIENTED_EDGE('',*,*,#2456,.T.);
#1031=ORIENTED_EDGE('',*,*,#2457,.T.);
#1032=ORIENTED_EDGE('',*,*,#2458,.F.);
#1033=ORIENTED_EDGE('',*,*,#2459,.T.);
#1034=ORIENTED_EDGE('',*,*,#2460,.T.);
#1035=ORIENTED_EDGE('',*,*,#2461,.T.);
#1036=ORIENTED_EDGE('',*,*,#2447,.T.);
#1037=ORIENTED_EDGE('',*,*,#2453,.T.);
#1038=ORIENTED_EDGE('',*,*,#2462,.T.);
#1039=ORIENTED_EDGE('',*,*,#2463,.F.);
#1040=ORIENTED_EDGE('',*,*,#2464,.T.);
#1041=ORIENTED_EDGE('',*,*,#2465,.T.);
#1042=ORIENTED_EDGE('',*,*,#2466,.T.);
#1043=ORIENTED_EDGE('',*,*,#2467,.F.);
#1044=ORIENTED_EDGE('',*,*,#2468,.T.);
#1045=ORIENTED_EDGE('',*,*,#2458,.T.);
#1046=ORIENTED_EDGE('',*,*,#2469,.T.);
#1047=ORIENTED_EDGE('',*,*,#2470,.T.);
#1048=ORIENTED_EDGE('',*,*,#2471,.T.);
#1049=ORIENTED_EDGE('',*,*,#2472,.T.);
#1050=ORIENTED_EDGE('',*,*,#2473,.T.);
#1051=ORIENTED_EDGE('',*,*,#2463,.T.);
#1052=ORIENTED_EDGE('',*,*,#2474,.T.);
#1053=ORIENTED_EDGE('',*,*,#2475,.F.);
#1054=ORIENTED_EDGE('',*,*,#2476,.T.);
#1055=ORIENTED_EDGE('',*,*,#2477,.T.);
#1056=ORIENTED_EDGE('',*,*,#2478,.T.);
#1057=ORIENTED_EDGE('',*,*,#2479,.F.);
#1058=ORIENTED_EDGE('',*,*,#2480,.T.);
#1059=ORIENTED_EDGE('',*,*,#2467,.T.);
#1060=ORIENTED_EDGE('',*,*,#2481,.T.);
#1061=ORIENTED_EDGE('',*,*,#2482,.F.);
#1062=ORIENTED_EDGE('',*,*,#2483,.T.);
#1063=ORIENTED_EDGE('',*,*,#2475,.T.);
#1064=ORIENTED_EDGE('',*,*,#2484,.T.);
#1065=ORIENTED_EDGE('',*,*,#2485,.T.);
#1066=ORIENTED_EDGE('',*,*,#2486,.T.);
#1067=ORIENTED_EDGE('',*,*,#2134,.T.);
#1068=ORIENTED_EDGE('',*,*,#2487,.T.);
#1069=ORIENTED_EDGE('',*,*,#2488,.T.);
#1070=ORIENTED_EDGE('',*,*,#2489,.T.);
#1071=ORIENTED_EDGE('',*,*,#2490,.T.);
#1072=ORIENTED_EDGE('',*,*,#2479,.T.);
#1073=ORIENTED_EDGE('',*,*,#2491,.T.);
#1074=ORIENTED_EDGE('',*,*,#2492,.T.);
#1075=ORIENTED_EDGE('',*,*,#2493,.T.);
#1076=ORIENTED_EDGE('',*,*,#2494,.T.);
#1077=ORIENTED_EDGE('',*,*,#2495,.T.);
#1078=ORIENTED_EDGE('',*,*,#2496,.F.);
#1079=ORIENTED_EDGE('',*,*,#2497,.F.);
#1080=ORIENTED_EDGE('',*,*,#2498,.T.);
#1081=ORIENTED_EDGE('',*,*,#2482,.T.);
#1082=ORIENTED_EDGE('',*,*,#2499,.T.);
#1083=ORIENTED_EDGE('',*,*,#2496,.T.);
#1084=ORIENTED_EDGE('',*,*,#2500,.T.);
#1085=ORIENTED_EDGE('',*,*,#2497,.T.);
#1086=ORIENTED_EDGE('',*,*,#2501,.T.);
#1087=ORIENTED_EDGE('',*,*,#2502,.T.);
#1088=ORIENTED_EDGE('',*,*,#2503,.T.);
#1089=ORIENTED_EDGE('',*,*,#2504,.T.);
#1090=ORIENTED_EDGE('',*,*,#2505,.T.);
#1091=ORIENTED_EDGE('',*,*,#2506,.T.);
#1092=ORIENTED_EDGE('',*,*,#2390,.T.);
#1093=ORIENTED_EDGE('',*,*,#2507,.T.);
#1094=ORIENTED_EDGE('',*,*,#2508,.T.);
#1095=ORIENTED_EDGE('',*,*,#2509,.T.);
#1096=ORIENTED_EDGE('',*,*,#2384,.F.);
#1097=ORIENTED_EDGE('',*,*,#2510,.T.);
#1098=ORIENTED_EDGE('',*,*,#2511,.T.);
#1099=ORIENTED_EDGE('',*,*,#2512,.T.);
#1100=ORIENTED_EDGE('',*,*,#2393,.F.);
#1101=ORIENTED_EDGE('',*,*,#2513,.T.);
#1102=ORIENTED_EDGE('',*,*,#2514,.T.);
#1103=ORIENTED_EDGE('',*,*,#2515,.T.);
#1104=ORIENTED_EDGE('',*,*,#2399,.F.);
#1105=ORIENTED_EDGE('',*,*,#2516,.T.);
#1106=ORIENTED_EDGE('',*,*,#2517,.T.);
#1107=ORIENTED_EDGE('',*,*,#2518,.T.);
#1108=ORIENTED_EDGE('',*,*,#2372,.F.);
#1109=ORIENTED_EDGE('',*,*,#2519,.T.);
#1110=ORIENTED_EDGE('',*,*,#2520,.T.);
#1111=ORIENTED_EDGE('',*,*,#2521,.T.);
#1112=ORIENTED_EDGE('',*,*,#2402,.T.);
#1113=ORIENTED_EDGE('',*,*,#2522,.T.);
#1114=ORIENTED_EDGE('',*,*,#2523,.T.);
#1115=ORIENTED_EDGE('',*,*,#2524,.T.);
#1116=ORIENTED_EDGE('',*,*,#2375,.T.);
#1117=ORIENTED_EDGE('',*,*,#2525,.T.);
#1118=ORIENTED_EDGE('',*,*,#2526,.T.);
#1119=ORIENTED_EDGE('',*,*,#2527,.T.);
#1120=ORIENTED_EDGE('',*,*,#2381,.T.);
#1121=ORIENTED_EDGE('',*,*,#2528,.T.);
#1122=ORIENTED_EDGE('',*,*,#2529,.T.);
#1123=ORIENTED_EDGE('',*,*,#2530,.F.);
#1124=ORIENTED_EDGE('',*,*,#2185,.F.);
#1125=ORIENTED_EDGE('',*,*,#2530,.T.);
#1126=ORIENTED_EDGE('',*,*,#2531,.T.);
#1127=ORIENTED_EDGE('',*,*,#2532,.F.);
#1128=ORIENTED_EDGE('',*,*,#2186,.F.);
#1129=ORIENTED_EDGE('',*,*,#2532,.T.);
#1130=ORIENTED_EDGE('',*,*,#2533,.T.);
#1131=ORIENTED_EDGE('',*,*,#2534,.F.);
#1132=ORIENTED_EDGE('',*,*,#2187,.T.);
#1133=ORIENTED_EDGE('',*,*,#2534,.T.);
#1134=ORIENTED_EDGE('',*,*,#2535,.T.);
#1135=ORIENTED_EDGE('',*,*,#2536,.F.);
#1136=ORIENTED_EDGE('',*,*,#2188,.F.);
#1137=ORIENTED_EDGE('',*,*,#2536,.T.);
#1138=ORIENTED_EDGE('',*,*,#2537,.T.);
#1139=ORIENTED_EDGE('',*,*,#2538,.F.);
#1140=ORIENTED_EDGE('',*,*,#2189,.F.);
#1141=ORIENTED_EDGE('',*,*,#2538,.T.);
#1142=ORIENTED_EDGE('',*,*,#2539,.T.);
#1143=ORIENTED_EDGE('',*,*,#2540,.F.);
#1144=ORIENTED_EDGE('',*,*,#2541,.T.);
#1145=ORIENTED_EDGE('',*,*,#2542,.T.);
#1146=ORIENTED_EDGE('',*,*,#2180,.T.);
#1147=ORIENTED_EDGE('',*,*,#2540,.T.);
#1148=ORIENTED_EDGE('',*,*,#2543,.T.);
#1149=ORIENTED_EDGE('',*,*,#2544,.F.);
#1150=ORIENTED_EDGE('',*,*,#2545,.F.);
#1151=ORIENTED_EDGE('',*,*,#2544,.T.);
#1152=ORIENTED_EDGE('',*,*,#2546,.T.);
#1153=ORIENTED_EDGE('',*,*,#2547,.F.);
#1154=ORIENTED_EDGE('',*,*,#2548,.F.);
#1155=ORIENTED_EDGE('',*,*,#2547,.T.);
#1156=ORIENTED_EDGE('',*,*,#2549,.T.);
#1157=ORIENTED_EDGE('',*,*,#2550,.F.);
#1158=ORIENTED_EDGE('',*,*,#2551,.F.);
#1159=ORIENTED_EDGE('',*,*,#2550,.T.);
#1160=ORIENTED_EDGE('',*,*,#2552,.T.);
#1161=ORIENTED_EDGE('',*,*,#2553,.F.);
#1162=ORIENTED_EDGE('',*,*,#2554,.F.);
#1163=ORIENTED_EDGE('',*,*,#2553,.T.);
#1164=ORIENTED_EDGE('',*,*,#2555,.T.);
#1165=ORIENTED_EDGE('',*,*,#2556,.F.);
#1166=ORIENTED_EDGE('',*,*,#2557,.T.);
#1167=ORIENTED_EDGE('',*,*,#2556,.T.);
#1168=ORIENTED_EDGE('',*,*,#2558,.T.);
#1169=ORIENTED_EDGE('',*,*,#2559,.F.);
#1170=ORIENTED_EDGE('',*,*,#2560,.F.);
#1171=ORIENTED_EDGE('',*,*,#2559,.T.);
#1172=ORIENTED_EDGE('',*,*,#2561,.T.);
#1173=ORIENTED_EDGE('',*,*,#2562,.F.);
#1174=ORIENTED_EDGE('',*,*,#2563,.F.);
#1175=ORIENTED_EDGE('',*,*,#2562,.T.);
#1176=ORIENTED_EDGE('',*,*,#2564,.T.);
#1177=ORIENTED_EDGE('',*,*,#2565,.F.);
#1178=ORIENTED_EDGE('',*,*,#2182,.F.);
#1179=ORIENTED_EDGE('',*,*,#2566,.T.);
#1180=ORIENTED_EDGE('',*,*,#2567,.F.);
#1181=ORIENTED_EDGE('',*,*,#2565,.T.);
#1182=ORIENTED_EDGE('',*,*,#2568,.T.);
#1183=ORIENTED_EDGE('',*,*,#2569,.F.);
#1184=ORIENTED_EDGE('',*,*,#2183,.F.);
#1185=ORIENTED_EDGE('',*,*,#2569,.T.);
#1186=ORIENTED_EDGE('',*,*,#2570,.T.);
#1187=ORIENTED_EDGE('',*,*,#2528,.F.);
#1188=ORIENTED_EDGE('',*,*,#2184,.T.);
#1189=ORIENTED_EDGE('',*,*,#2567,.T.);
#1190=ORIENTED_EDGE('',*,*,#2571,.T.);
#1191=ORIENTED_EDGE('',*,*,#2541,.F.);
#1192=ORIENTED_EDGE('',*,*,#2545,.T.);
#1193=ORIENTED_EDGE('',*,*,#2548,.T.);
#1194=ORIENTED_EDGE('',*,*,#2551,.T.);
#1195=ORIENTED_EDGE('',*,*,#2554,.T.);
#1196=ORIENTED_EDGE('',*,*,#2557,.F.);
#1197=ORIENTED_EDGE('',*,*,#2560,.T.);
#1198=ORIENTED_EDGE('',*,*,#2563,.T.);
#1199=ORIENTED_EDGE('',*,*,#2572,.T.);
#1200=ORIENTED_EDGE('',*,*,#2263,.T.);
#1201=ORIENTED_EDGE('',*,*,#2573,.F.);
#1202=ORIENTED_EDGE('',*,*,#2574,.T.);
#1203=ORIENTED_EDGE('',*,*,#2575,.T.);
#1204=ORIENTED_EDGE('',*,*,#2576,.T.);
#1205=ORIENTED_EDGE('',*,*,#2577,.F.);
#1206=ORIENTED_EDGE('',*,*,#2578,.T.);
#1207=ORIENTED_EDGE('',*,*,#2579,.T.);
#1208=ORIENTED_EDGE('',*,*,#2573,.T.);
#1209=ORIENTED_EDGE('',*,*,#2580,.T.);
#1210=ORIENTED_EDGE('',*,*,#2581,.F.);
#1211=ORIENTED_EDGE('',*,*,#2582,.T.);
#1212=ORIENTED_EDGE('',*,*,#2583,.T.);
#1213=ORIENTED_EDGE('',*,*,#2577,.T.);
#1214=ORIENTED_EDGE('',*,*,#2584,.T.);
#1215=ORIENTED_EDGE('',*,*,#2585,.T.);
#1216=ORIENTED_EDGE('',*,*,#2586,.F.);
#1217=ORIENTED_EDGE('',*,*,#2587,.F.);
#1218=ORIENTED_EDGE('',*,*,#2588,.F.);
#1219=ORIENTED_EDGE('',*,*,#2584,.F.);
#1220=ORIENTED_EDGE('',*,*,#2580,.F.);
#1221=ORIENTED_EDGE('',*,*,#2576,.F.);
#1222=ORIENTED_EDGE('',*,*,#2575,.F.);
#1223=ORIENTED_EDGE('',*,*,#2589,.T.);
#1224=ORIENTED_EDGE('',*,*,#2590,.T.);
#1225=ORIENTED_EDGE('',*,*,#2591,.T.);
#1226=ORIENTED_EDGE('',*,*,#2586,.T.);
#1227=ORIENTED_EDGE('',*,*,#2592,.F.);
#1228=ORIENTED_EDGE('',*,*,#2593,.T.);
#1229=ORIENTED_EDGE('',*,*,#2594,.T.);
#1230=ORIENTED_EDGE('',*,*,#2595,.T.);
#1231=ORIENTED_EDGE('',*,*,#2581,.T.);
#1232=ORIENTED_EDGE('',*,*,#2588,.T.);
#1233=ORIENTED_EDGE('',*,*,#2591,.F.);
#1234=ORIENTED_EDGE('',*,*,#2596,.T.);
#1235=ORIENTED_EDGE('',*,*,#2597,.T.);
#1236=ORIENTED_EDGE('',*,*,#2592,.T.);
#1237=ORIENTED_EDGE('',*,*,#2587,.T.);
#1238=ORIENTED_EDGE('',*,*,#2598,.T.);
#1239=ORIENTED_EDGE('',*,*,#2599,.T.);
#1240=ORIENTED_EDGE('',*,*,#2600,.T.);
#1241=ORIENTED_EDGE('',*,*,#2601,.T.);
#1242=ORIENTED_EDGE('',*,*,#2602,.F.);
#1243=ORIENTED_EDGE('',*,*,#2600,.F.);
#1244=ORIENTED_EDGE('',*,*,#2603,.T.);
#1245=ORIENTED_EDGE('',*,*,#2604,.T.);
#1246=ORIENTED_EDGE('',*,*,#2605,.T.);
#1247=ORIENTED_EDGE('',*,*,#2606,.T.);
#1248=ORIENTED_EDGE('',*,*,#2607,.T.);
#1249=ORIENTED_EDGE('',*,*,#2608,.T.);
#1250=ORIENTED_EDGE('',*,*,#2609,.T.);
#1251=ORIENTED_EDGE('',*,*,#2602,.T.);
#1252=ORIENTED_EDGE('',*,*,#2610,.T.);
#1253=ORIENTED_EDGE('',*,*,#2611,.F.);
#1254=ORIENTED_EDGE('',*,*,#2612,.T.);
#1255=ORIENTED_EDGE('',*,*,#2610,.F.);
#1256=ORIENTED_EDGE('',*,*,#2601,.F.);
#1257=ORIENTED_EDGE('',*,*,#2607,.F.);
#1258=ORIENTED_EDGE('',*,*,#2613,.F.);
#1259=ORIENTED_EDGE('',*,*,#2614,.F.);
#1260=ORIENTED_EDGE('',*,*,#2615,.F.);
#1261=ORIENTED_EDGE('',*,*,#2606,.F.);
#1262=ORIENTED_EDGE('',*,*,#2616,.T.);
#1263=ORIENTED_EDGE('',*,*,#2617,.T.);
#1264=ORIENTED_EDGE('',*,*,#2618,.T.);
#1265=ORIENTED_EDGE('',*,*,#2613,.T.);
#1266=ORIENTED_EDGE('',*,*,#2618,.F.);
#1267=ORIENTED_EDGE('',*,*,#2619,.T.);
#1268=ORIENTED_EDGE('',*,*,#2620,.T.);
#1269=ORIENTED_EDGE('',*,*,#2621,.T.);
#1270=ORIENTED_EDGE('',*,*,#2614,.T.);
#1271=ORIENTED_EDGE('',*,*,#2621,.F.);
#1272=ORIENTED_EDGE('',*,*,#2622,.T.);
#1273=ORIENTED_EDGE('',*,*,#2611,.T.);
#1274=ORIENTED_EDGE('',*,*,#2615,.T.);
#1275=ORIENTED_EDGE('',*,*,#2623,.T.);
#1276=ORIENTED_EDGE('',*,*,#2624,.T.);
#1277=ORIENTED_EDGE('',*,*,#2625,.T.);
#1278=ORIENTED_EDGE('',*,*,#2626,.T.);
#1279=ORIENTED_EDGE('',*,*,#2627,.T.);
#1280=ORIENTED_EDGE('',*,*,#2628,.T.);
#1281=ORIENTED_EDGE('',*,*,#2629,.T.);
#1282=ORIENTED_EDGE('',*,*,#2630,.T.);
#1283=ORIENTED_EDGE('',*,*,#2631,.F.);
#1284=ORIENTED_EDGE('',*,*,#2632,.T.);
#1285=ORIENTED_EDGE('',*,*,#2633,.T.);
#1286=ORIENTED_EDGE('',*,*,#2634,.T.);
#1287=ORIENTED_EDGE('',*,*,#2633,.F.);
#1288=ORIENTED_EDGE('',*,*,#2635,.T.);
#1289=ORIENTED_EDGE('',*,*,#2636,.T.);
#1290=ORIENTED_EDGE('',*,*,#2637,.T.);
#1291=ORIENTED_EDGE('',*,*,#2638,.F.);
#1292=ORIENTED_EDGE('',*,*,#2639,.T.);
#1293=ORIENTED_EDGE('',*,*,#2631,.T.);
#1294=ORIENTED_EDGE('',*,*,#2640,.T.);
#1295=ORIENTED_EDGE('',*,*,#2636,.F.);
#1296=ORIENTED_EDGE('',*,*,#2641,.T.);
#1297=ORIENTED_EDGE('',*,*,#2642,.T.);
#1298=ORIENTED_EDGE('',*,*,#2643,.T.);
#1299=ORIENTED_EDGE('',*,*,#2642,.F.);
#1300=ORIENTED_EDGE('',*,*,#2644,.T.);
#1301=ORIENTED_EDGE('',*,*,#2645,.T.);
#1302=ORIENTED_EDGE('',*,*,#2646,.T.);
#1303=ORIENTED_EDGE('',*,*,#2647,.T.);
#1304=ORIENTED_EDGE('',*,*,#2648,.T.);
#1305=ORIENTED_EDGE('',*,*,#2649,.T.);
#1306=ORIENTED_EDGE('',*,*,#2650,.T.);
#1307=ORIENTED_EDGE('',*,*,#2645,.F.);
#1308=ORIENTED_EDGE('',*,*,#2651,.T.);
#1309=ORIENTED_EDGE('',*,*,#2649,.F.);
#1310=ORIENTED_EDGE('',*,*,#2652,.T.);
#1311=ORIENTED_EDGE('',*,*,#2653,.T.);
#1312=ORIENTED_EDGE('',*,*,#2654,.T.);
#1313=ORIENTED_EDGE('',*,*,#2655,.T.);
#1314=ORIENTED_EDGE('',*,*,#2656,.T.);
#1315=ORIENTED_EDGE('',*,*,#2638,.T.);
#1316=ORIENTED_EDGE('',*,*,#2657,.T.);
#1317=ORIENTED_EDGE('',*,*,#2653,.F.);
#1318=ORIENTED_EDGE('',*,*,#2658,.T.);
#1319=ORIENTED_EDGE('',*,*,#2236,.F.);
#1320=ORIENTED_EDGE('',*,*,#2659,.T.);
#1321=ORIENTED_EDGE('',*,*,#2522,.F.);
#1322=ORIENTED_EDGE('',*,*,#2374,.F.);
#1323=ORIENTED_EDGE('',*,*,#2524,.F.);
#1324=ORIENTED_EDGE('',*,*,#2660,.T.);
#1325=ORIENTED_EDGE('',*,*,#2226,.F.);
#1326=ORIENTED_EDGE('',*,*,#2661,.T.);
#1327=ORIENTED_EDGE('',*,*,#2662,.T.);
#1328=ORIENTED_EDGE('',*,*,#2376,.F.);
#1329=ORIENTED_EDGE('',*,*,#2439,.F.);
#1330=ORIENTED_EDGE('',*,*,#2663,.T.);
#1331=ORIENTED_EDGE('',*,*,#2525,.F.);
#1332=ORIENTED_EDGE('',*,*,#2380,.F.);
#1333=ORIENTED_EDGE('',*,*,#2664,.T.);
#1334=ORIENTED_EDGE('',*,*,#2665,.T.);
#1335=ORIENTED_EDGE('',*,*,#2527,.F.);
#1336=ORIENTED_EDGE('',*,*,#2666,.T.);
#1337=ORIENTED_EDGE('',*,*,#2230,.F.);
#1338=ORIENTED_EDGE('',*,*,#2382,.F.);
#1339=ORIENTED_EDGE('',*,*,#2232,.F.);
#1340=ORIENTED_EDGE('',*,*,#2667,.T.);
#1341=ORIENTED_EDGE('',*,*,#2507,.F.);
#1342=ORIENTED_EDGE('',*,*,#2383,.F.);
#1343=ORIENTED_EDGE('',*,*,#2509,.F.);
#1344=ORIENTED_EDGE('',*,*,#2668,.T.);
#1345=ORIENTED_EDGE('',*,*,#2437,.F.);
#1346=ORIENTED_EDGE('',*,*,#2669,.T.);
#1347=ORIENTED_EDGE('',*,*,#2670,.T.);
#1348=ORIENTED_EDGE('',*,*,#2385,.F.);
#1349=ORIENTED_EDGE('',*,*,#2435,.F.);
#1350=ORIENTED_EDGE('',*,*,#2671,.T.);
#1351=ORIENTED_EDGE('',*,*,#2504,.F.);
#1352=ORIENTED_EDGE('',*,*,#2389,.F.);
#1353=ORIENTED_EDGE('',*,*,#2672,.T.);
#1354=ORIENTED_EDGE('',*,*,#2673,.T.);
#1355=ORIENTED_EDGE('',*,*,#2506,.F.);
#1356=ORIENTED_EDGE('',*,*,#2674,.T.);
#1357=ORIENTED_EDGE('',*,*,#2242,.F.);
#1358=ORIENTED_EDGE('',*,*,#2391,.F.);
#1359=ORIENTED_EDGE('',*,*,#2224,.F.);
#1360=ORIENTED_EDGE('',*,*,#2675,.T.);
#1361=ORIENTED_EDGE('',*,*,#2513,.F.);
#1362=ORIENTED_EDGE('',*,*,#2398,.F.);
#1363=ORIENTED_EDGE('',*,*,#2676,.T.);
#1364=ORIENTED_EDGE('',*,*,#2677,.T.);
#1365=ORIENTED_EDGE('',*,*,#2521,.F.);
#1366=ORIENTED_EDGE('',*,*,#2678,.T.);
#1367=ORIENTED_EDGE('',*,*,#2222,.F.);
#1368=ORIENTED_EDGE('',*,*,#2679,.T.);
#1369=ORIENTED_EDGE('',*,*,#2680,.T.);
#1370=ORIENTED_EDGE('',*,*,#2367,.F.);
#1371=ORIENTED_EDGE('',*,*,#2518,.F.);
#1372=ORIENTED_EDGE('',*,*,#2681,.T.);
#1373=ORIENTED_EDGE('',*,*,#2234,.F.);
#1374=ORIENTED_EDGE('',*,*,#2373,.F.);
#1375=ORIENTED_EDGE('',*,*,#2228,.F.);
#1376=ORIENTED_EDGE('',*,*,#2682,.T.);
#1377=ORIENTED_EDGE('',*,*,#2516,.F.);
#1378=ORIENTED_EDGE('',*,*,#2371,.F.);
#1379=ORIENTED_EDGE('',*,*,#2683,.T.);
#1380=ORIENTED_EDGE('',*,*,#2684,.T.);
#1381=ORIENTED_EDGE('',*,*,#2244,.F.);
#1382=ORIENTED_EDGE('',*,*,#2685,.T.);
#1383=ORIENTED_EDGE('',*,*,#2510,.F.);
#1384=ORIENTED_EDGE('',*,*,#2392,.F.);
#1385=ORIENTED_EDGE('',*,*,#2512,.F.);
#1386=ORIENTED_EDGE('',*,*,#2686,.T.);
#1387=ORIENTED_EDGE('',*,*,#2433,.F.);
#1388=ORIENTED_EDGE('',*,*,#2687,.T.);
#1389=ORIENTED_EDGE('',*,*,#2688,.T.);
#1390=ORIENTED_EDGE('',*,*,#2394,.F.);
#1391=ORIENTED_EDGE('',*,*,#2515,.F.);
#1392=ORIENTED_EDGE('',*,*,#2689,.T.);
#1393=ORIENTED_EDGE('',*,*,#2238,.F.);
#1394=ORIENTED_EDGE('',*,*,#2400,.F.);
#1395=ORIENTED_EDGE('',*,*,#2240,.F.);
#1396=ORIENTED_EDGE('',*,*,#2690,.T.);
#1397=ORIENTED_EDGE('',*,*,#2519,.F.);
#1398=ORIENTED_EDGE('',*,*,#2401,.F.);
#1399=ORIENTED_EDGE('',*,*,#2490,.F.);
#1400=ORIENTED_EDGE('',*,*,#2691,.T.);
#1401=ORIENTED_EDGE('',*,*,#2139,.F.);
#1402=ORIENTED_EDGE('',*,*,#2692,.T.);
#1403=ORIENTED_EDGE('',*,*,#2135,.T.);
#1404=ORIENTED_EDGE('',*,*,#2503,.F.);
#1405=ORIENTED_EDGE('',*,*,#2693,.F.);
#1406=ORIENTED_EDGE('',*,*,#2147,.F.);
#1407=ORIENTED_EDGE('',*,*,#2693,.T.);
#1408=ORIENTED_EDGE('',*,*,#2502,.F.);
#1409=ORIENTED_EDGE('',*,*,#2694,.F.);
#1410=ORIENTED_EDGE('',*,*,#2281,.F.);
#1411=ORIENTED_EDGE('',*,*,#2694,.T.);
#1412=ORIENTED_EDGE('',*,*,#2501,.F.);
#1413=ORIENTED_EDGE('',*,*,#2695,.F.);
#1414=ORIENTED_EDGE('',*,*,#2277,.F.);
#1415=ORIENTED_EDGE('',*,*,#2695,.T.);
#1416=ORIENTED_EDGE('',*,*,#2499,.F.);
#1417=ORIENTED_EDGE('',*,*,#2696,.F.);
#1418=ORIENTED_EDGE('',*,*,#2278,.F.);
#1419=ORIENTED_EDGE('',*,*,#2696,.T.);
#1420=ORIENTED_EDGE('',*,*,#2486,.F.);
#1421=ORIENTED_EDGE('',*,*,#2697,.F.);
#1422=ORIENTED_EDGE('',*,*,#2279,.F.);
#1423=ORIENTED_EDGE('',*,*,#2697,.T.);
#1424=ORIENTED_EDGE('',*,*,#2485,.F.);
#1425=ORIENTED_EDGE('',*,*,#2698,.F.);
#1426=ORIENTED_EDGE('',*,*,#2274,.F.);
#1427=ORIENTED_EDGE('',*,*,#2698,.T.);
#1428=ORIENTED_EDGE('',*,*,#2484,.F.);
#1429=ORIENTED_EDGE('',*,*,#2699,.F.);
#1430=ORIENTED_EDGE('',*,*,#2270,.F.);
#1431=ORIENTED_EDGE('',*,*,#2699,.T.);
#1432=ORIENTED_EDGE('',*,*,#2474,.F.);
#1433=ORIENTED_EDGE('',*,*,#2700,.F.);
#1434=ORIENTED_EDGE('',*,*,#2271,.F.);
#1435=ORIENTED_EDGE('',*,*,#2700,.T.);
#1436=ORIENTED_EDGE('',*,*,#2462,.F.);
#1437=ORIENTED_EDGE('',*,*,#2701,.F.);
#1438=ORIENTED_EDGE('',*,*,#2266,.F.);
#1439=ORIENTED_EDGE('',*,*,#2701,.T.);
#1440=ORIENTED_EDGE('',*,*,#2452,.F.);
#1441=ORIENTED_EDGE('',*,*,#2702,.F.);
#1442=ORIENTED_EDGE('',*,*,#2261,.F.);
#1443=ORIENTED_EDGE('',*,*,#2702,.T.);
#1444=ORIENTED_EDGE('',*,*,#2446,.F.);
#1445=ORIENTED_EDGE('',*,*,#2703,.F.);
#1446=ORIENTED_EDGE('',*,*,#2262,.F.);
#1447=ORIENTED_EDGE('',*,*,#2703,.T.);
#1448=ORIENTED_EDGE('',*,*,#2445,.F.);
#1449=ORIENTED_EDGE('',*,*,#2704,.F.);
#1450=ORIENTED_EDGE('',*,*,#2258,.F.);
#1451=ORIENTED_EDGE('',*,*,#2704,.T.);
#1452=ORIENTED_EDGE('',*,*,#2444,.F.);
#1453=ORIENTED_EDGE('',*,*,#2705,.F.);
#1454=ORIENTED_EDGE('',*,*,#2252,.F.);
#1455=ORIENTED_EDGE('',*,*,#2705,.T.);
#1456=ORIENTED_EDGE('',*,*,#2448,.F.);
#1457=ORIENTED_EDGE('',*,*,#2706,.F.);
#1458=ORIENTED_EDGE('',*,*,#2253,.F.);
#1459=ORIENTED_EDGE('',*,*,#2706,.T.);
#1460=ORIENTED_EDGE('',*,*,#2461,.F.);
#1461=ORIENTED_EDGE('',*,*,#2707,.F.);
#1462=ORIENTED_EDGE('',*,*,#2254,.F.);
#1463=ORIENTED_EDGE('',*,*,#2707,.T.);
#1464=ORIENTED_EDGE('',*,*,#2460,.F.);
#1465=ORIENTED_EDGE('',*,*,#2708,.F.);
#1466=ORIENTED_EDGE('',*,*,#2249,.F.);
#1467=ORIENTED_EDGE('',*,*,#2708,.T.);
#1468=ORIENTED_EDGE('',*,*,#2459,.F.);
#1469=ORIENTED_EDGE('',*,*,#2709,.F.);
#1470=ORIENTED_EDGE('',*,*,#2287,.F.);
#1471=ORIENTED_EDGE('',*,*,#2468,.F.);
#1472=ORIENTED_EDGE('',*,*,#2710,.T.);
#1473=ORIENTED_EDGE('',*,*,#2288,.F.);
#1474=ORIENTED_EDGE('',*,*,#2709,.T.);
#1475=ORIENTED_EDGE('',*,*,#2676,.F.);
#1476=ORIENTED_EDGE('',*,*,#2397,.F.);
#1477=ORIENTED_EDGE('',*,*,#2711,.F.);
#1478=ORIENTED_EDGE('',*,*,#2473,.F.);
#1479=ORIENTED_EDGE('',*,*,#2712,.T.);
#1480=ORIENTED_EDGE('',*,*,#2711,.T.);
#1481=ORIENTED_EDGE('',*,*,#2396,.F.);
#1482=ORIENTED_EDGE('',*,*,#2713,.F.);
#1483=ORIENTED_EDGE('',*,*,#2464,.F.);
#1484=ORIENTED_EDGE('',*,*,#2688,.F.);
#1485=ORIENTED_EDGE('',*,*,#2714,.T.);
#1486=ORIENTED_EDGE('',*,*,#2454,.F.);
#1487=ORIENTED_EDGE('',*,*,#2713,.T.);
#1488=ORIENTED_EDGE('',*,*,#2395,.F.);
#1489=ORIENTED_EDGE('',*,*,#2664,.F.);
#1490=ORIENTED_EDGE('',*,*,#2379,.F.);
#1491=ORIENTED_EDGE('',*,*,#2715,.F.);
#1492=ORIENTED_EDGE('',*,*,#2466,.F.);
#1493=ORIENTED_EDGE('',*,*,#2716,.T.);
#1494=ORIENTED_EDGE('',*,*,#2715,.T.);
#1495=ORIENTED_EDGE('',*,*,#2378,.F.);
#1496=ORIENTED_EDGE('',*,*,#2717,.F.);
#1497=ORIENTED_EDGE('',*,*,#2481,.F.);
#1498=ORIENTED_EDGE('',*,*,#2717,.T.);
#1499=ORIENTED_EDGE('',*,*,#2377,.F.);
#1500=ORIENTED_EDGE('',*,*,#2662,.F.);
#1501=ORIENTED_EDGE('',*,*,#2718,.T.);
#1502=ORIENTED_EDGE('',*,*,#2491,.F.);
#1503=ORIENTED_EDGE('',*,*,#2670,.F.);
#1504=ORIENTED_EDGE('',*,*,#2719,.T.);
#1505=ORIENTED_EDGE('',*,*,#2469,.F.);
#1506=ORIENTED_EDGE('',*,*,#2457,.F.);
#1507=ORIENTED_EDGE('',*,*,#2720,.F.);
#1508=ORIENTED_EDGE('',*,*,#2386,.F.);
#1509=ORIENTED_EDGE('',*,*,#2672,.F.);
#1510=ORIENTED_EDGE('',*,*,#2388,.F.);
#1511=ORIENTED_EDGE('',*,*,#2721,.F.);
#1512=ORIENTED_EDGE('',*,*,#2442,.F.);
#1513=ORIENTED_EDGE('',*,*,#2451,.F.);
#1514=ORIENTED_EDGE('',*,*,#2722,.T.);
#1515=ORIENTED_EDGE('',*,*,#2720,.T.);
#1516=ORIENTED_EDGE('',*,*,#2449,.F.);
#1517=ORIENTED_EDGE('',*,*,#2721,.T.);
#1518=ORIENTED_EDGE('',*,*,#2387,.F.);
#1519=ORIENTED_EDGE('',*,*,#2719,.F.);
#1520=ORIENTED_EDGE('',*,*,#2669,.F.);
#1521=ORIENTED_EDGE('',*,*,#2723,.F.);
#1522=ORIENTED_EDGE('',*,*,#2470,.F.);
#1523=ORIENTED_EDGE('',*,*,#2723,.T.);
#1524=ORIENTED_EDGE('',*,*,#2440,.F.);
#1525=ORIENTED_EDGE('',*,*,#2724,.F.);
#1526=ORIENTED_EDGE('',*,*,#2471,.F.);
#1527=ORIENTED_EDGE('',*,*,#2724,.T.);
#1528=ORIENTED_EDGE('',*,*,#2665,.F.);
#1529=ORIENTED_EDGE('',*,*,#2716,.F.);
#1530=ORIENTED_EDGE('',*,*,#2465,.F.);
#1531=ORIENTED_EDGE('',*,*,#2714,.F.);
#1532=ORIENTED_EDGE('',*,*,#2687,.F.);
#1533=ORIENTED_EDGE('',*,*,#2725,.F.);
#1534=ORIENTED_EDGE('',*,*,#2455,.F.);
#1535=ORIENTED_EDGE('',*,*,#2725,.T.);
#1536=ORIENTED_EDGE('',*,*,#2436,.F.);
#1537=ORIENTED_EDGE('',*,*,#2726,.F.);
#1538=ORIENTED_EDGE('',*,*,#2456,.F.);
#1539=ORIENTED_EDGE('',*,*,#2726,.T.);
#1540=ORIENTED_EDGE('',*,*,#2673,.F.);
#1541=ORIENTED_EDGE('',*,*,#2722,.F.);
#1542=ORIENTED_EDGE('',*,*,#2450,.F.);
#1543=ORIENTED_EDGE('',*,*,#2710,.F.);
#1544=ORIENTED_EDGE('',*,*,#2480,.F.);
#1545=ORIENTED_EDGE('',*,*,#2692,.F.);
#1546=ORIENTED_EDGE('',*,*,#2284,.F.);
#1547=ORIENTED_EDGE('',*,*,#2718,.F.);
#1548=ORIENTED_EDGE('',*,*,#2661,.F.);
#1549=ORIENTED_EDGE('',*,*,#2727,.F.);
#1550=ORIENTED_EDGE('',*,*,#2492,.F.);
#1551=ORIENTED_EDGE('',*,*,#2727,.T.);
#1552=ORIENTED_EDGE('',*,*,#2229,.F.);
#1553=ORIENTED_EDGE('',*,*,#2728,.F.);
#1554=ORIENTED_EDGE('',*,*,#2493,.F.);
#1555=ORIENTED_EDGE('',*,*,#2729,.F.);
#1556=ORIENTED_EDGE('',*,*,#2494,.F.);
#1557=ORIENTED_EDGE('',*,*,#2728,.T.);
#1558=ORIENTED_EDGE('',*,*,#2684,.F.);
#1559=ORIENTED_EDGE('',*,*,#2730,.F.);
#1560=ORIENTED_EDGE('',*,*,#2495,.F.);
#1561=ORIENTED_EDGE('',*,*,#2729,.T.);
#1562=ORIENTED_EDGE('',*,*,#2731,.F.);
#1563=ORIENTED_EDGE('',*,*,#2683,.F.);
#1564=ORIENTED_EDGE('',*,*,#2370,.F.);
#1565=ORIENTED_EDGE('',*,*,#2732,.F.);
#1566=ORIENTED_EDGE('',*,*,#2500,.F.);
#1567=ORIENTED_EDGE('',*,*,#2731,.T.);
#1568=ORIENTED_EDGE('',*,*,#2730,.T.);
#1569=ORIENTED_EDGE('',*,*,#2732,.T.);
#1570=ORIENTED_EDGE('',*,*,#2369,.F.);
#1571=ORIENTED_EDGE('',*,*,#2733,.F.);
#1572=ORIENTED_EDGE('',*,*,#2498,.F.);
#1573=ORIENTED_EDGE('',*,*,#2734,.F.);
#1574=ORIENTED_EDGE('',*,*,#2483,.F.);
#1575=ORIENTED_EDGE('',*,*,#2733,.T.);
#1576=ORIENTED_EDGE('',*,*,#2368,.F.);
#1577=ORIENTED_EDGE('',*,*,#2680,.F.);
#1578=ORIENTED_EDGE('',*,*,#2735,.F.);
#1579=ORIENTED_EDGE('',*,*,#2476,.F.);
#1580=ORIENTED_EDGE('',*,*,#2734,.T.);
#1581=ORIENTED_EDGE('',*,*,#2736,.F.);
#1582=ORIENTED_EDGE('',*,*,#2735,.T.);
#1583=ORIENTED_EDGE('',*,*,#2679,.F.);
#1584=ORIENTED_EDGE('',*,*,#2737,.F.);
#1585=ORIENTED_EDGE('',*,*,#2477,.F.);
#1586=ORIENTED_EDGE('',*,*,#2736,.T.);
#1587=ORIENTED_EDGE('',*,*,#2737,.T.);
#1588=ORIENTED_EDGE('',*,*,#2225,.F.);
#1589=ORIENTED_EDGE('',*,*,#2738,.F.);
#1590=ORIENTED_EDGE('',*,*,#2478,.F.);
#1591=ORIENTED_EDGE('',*,*,#2738,.T.);
#1592=ORIENTED_EDGE('',*,*,#2677,.F.);
#1593=ORIENTED_EDGE('',*,*,#2712,.F.);
#1594=ORIENTED_EDGE('',*,*,#2472,.F.);
#1595=ORIENTED_EDGE('',*,*,#2622,.F.);
#1596=ORIENTED_EDGE('',*,*,#2620,.F.);
#1597=ORIENTED_EDGE('',*,*,#2739,.F.);
#1598=ORIENTED_EDGE('',*,*,#2164,.F.);
#1599=ORIENTED_EDGE('',*,*,#2740,.F.);
#1600=ORIENTED_EDGE('',*,*,#2608,.F.);
#1601=ORIENTED_EDGE('',*,*,#2619,.F.);
#1602=ORIENTED_EDGE('',*,*,#2617,.F.);
#1603=ORIENTED_EDGE('',*,*,#2741,.F.);
#1604=ORIENTED_EDGE('',*,*,#2165,.F.);
#1605=ORIENTED_EDGE('',*,*,#2739,.T.);
#1606=ORIENTED_EDGE('',*,*,#2740,.T.);
#1607=ORIENTED_EDGE('',*,*,#2163,.F.);
#1608=ORIENTED_EDGE('',*,*,#2742,.F.);
#1609=ORIENTED_EDGE('',*,*,#2598,.F.);
#1610=ORIENTED_EDGE('',*,*,#2609,.F.);
#1611=ORIENTED_EDGE('',*,*,#2616,.F.);
#1612=ORIENTED_EDGE('',*,*,#2605,.F.);
#1613=ORIENTED_EDGE('',*,*,#2743,.F.);
#1614=ORIENTED_EDGE('',*,*,#2160,.F.);
#1615=ORIENTED_EDGE('',*,*,#2741,.T.);
#1616=ORIENTED_EDGE('',*,*,#2742,.T.);
#1617=ORIENTED_EDGE('',*,*,#2162,.F.);
#1618=ORIENTED_EDGE('',*,*,#2744,.F.);
#1619=ORIENTED_EDGE('',*,*,#2603,.F.);
#1620=ORIENTED_EDGE('',*,*,#2599,.F.);
#1621=ORIENTED_EDGE('',*,*,#2743,.T.);
#1622=ORIENTED_EDGE('',*,*,#2604,.F.);
#1623=ORIENTED_EDGE('',*,*,#2744,.T.);
#1624=ORIENTED_EDGE('',*,*,#2161,.F.);
#1625=ORIENTED_EDGE('',*,*,#2612,.F.);
#1626=ORIENTED_EDGE('',*,*,#2625,.F.);
#1627=ORIENTED_EDGE('',*,*,#2585,.F.);
#1628=ORIENTED_EDGE('',*,*,#2623,.F.);
#1629=ORIENTED_EDGE('',*,*,#2574,.F.);
#1630=ORIENTED_EDGE('',*,*,#2579,.F.);
#1631=ORIENTED_EDGE('',*,*,#2745,.F.);
#1632=ORIENTED_EDGE('',*,*,#2174,.F.);
#1633=ORIENTED_EDGE('',*,*,#2746,.F.);
#1634=ORIENTED_EDGE('',*,*,#2589,.F.);
#1635=ORIENTED_EDGE('',*,*,#2578,.F.);
#1636=ORIENTED_EDGE('',*,*,#2583,.F.);
#1637=ORIENTED_EDGE('',*,*,#2747,.F.);
#1638=ORIENTED_EDGE('',*,*,#2175,.F.);
#1639=ORIENTED_EDGE('',*,*,#2745,.T.);
#1640=ORIENTED_EDGE('',*,*,#2746,.T.);
#1641=ORIENTED_EDGE('',*,*,#2173,.F.);
#1642=ORIENTED_EDGE('',*,*,#2748,.F.);
#1643=ORIENTED_EDGE('',*,*,#2596,.F.);
#1644=ORIENTED_EDGE('',*,*,#2590,.F.);
#1645=ORIENTED_EDGE('',*,*,#2582,.F.);
#1646=ORIENTED_EDGE('',*,*,#2595,.F.);
#1647=ORIENTED_EDGE('',*,*,#2749,.F.);
#1648=ORIENTED_EDGE('',*,*,#2170,.F.);
#1649=ORIENTED_EDGE('',*,*,#2747,.T.);
#1650=ORIENTED_EDGE('',*,*,#2748,.T.);
#1651=ORIENTED_EDGE('',*,*,#2172,.F.);
#1652=ORIENTED_EDGE('',*,*,#2750,.F.);
#1653=ORIENTED_EDGE('',*,*,#2593,.F.);
#1654=ORIENTED_EDGE('',*,*,#2597,.F.);
#1655=ORIENTED_EDGE('',*,*,#2749,.T.);
#1656=ORIENTED_EDGE('',*,*,#2594,.F.);
#1657=ORIENTED_EDGE('',*,*,#2750,.T.);
#1658=ORIENTED_EDGE('',*,*,#2171,.F.);
#1659=ORIENTED_EDGE('',*,*,#2314,.F.);
#1660=ORIENTED_EDGE('',*,*,#2626,.F.);
#1661=ORIENTED_EDGE('',*,*,#2315,.F.);
#1662=ORIENTED_EDGE('',*,*,#2624,.F.);
#1663=ORIENTED_EDGE('',*,*,#2751,.F.);
#1664=ORIENTED_EDGE('',*,*,#2325,.F.);
#1665=ORIENTED_EDGE('',*,*,#2752,.F.);
#1666=ORIENTED_EDGE('',*,*,#2568,.F.);
#1667=ORIENTED_EDGE('',*,*,#2752,.T.);
#1668=ORIENTED_EDGE('',*,*,#2324,.F.);
#1669=ORIENTED_EDGE('',*,*,#2753,.F.);
#1670=ORIENTED_EDGE('',*,*,#2570,.F.);
#1671=ORIENTED_EDGE('',*,*,#2751,.T.);
#1672=ORIENTED_EDGE('',*,*,#2564,.F.);
#1673=ORIENTED_EDGE('',*,*,#2754,.F.);
#1674=ORIENTED_EDGE('',*,*,#2326,.F.);
#1675=ORIENTED_EDGE('',*,*,#2753,.T.);
#1676=ORIENTED_EDGE('',*,*,#2323,.F.);
#1677=ORIENTED_EDGE('',*,*,#2755,.F.);
#1678=ORIENTED_EDGE('',*,*,#2529,.F.);
#1679=ORIENTED_EDGE('',*,*,#2754,.T.);
#1680=ORIENTED_EDGE('',*,*,#2561,.F.);
#1681=ORIENTED_EDGE('',*,*,#2756,.F.);
#1682=ORIENTED_EDGE('',*,*,#2327,.F.);
#1683=ORIENTED_EDGE('',*,*,#2755,.T.);
#1684=ORIENTED_EDGE('',*,*,#2322,.F.);
#1685=ORIENTED_EDGE('',*,*,#2757,.F.);
#1686=ORIENTED_EDGE('',*,*,#2531,.F.);
#1687=ORIENTED_EDGE('',*,*,#2756,.T.);
#1688=ORIENTED_EDGE('',*,*,#2558,.F.);
#1689=ORIENTED_EDGE('',*,*,#2758,.F.);
#1690=ORIENTED_EDGE('',*,*,#2328,.F.);
#1691=ORIENTED_EDGE('',*,*,#2757,.T.);
#1692=ORIENTED_EDGE('',*,*,#2321,.F.);
#1693=ORIENTED_EDGE('',*,*,#2759,.F.);
#1694=ORIENTED_EDGE('',*,*,#2533,.F.);
#1695=ORIENTED_EDGE('',*,*,#2758,.T.);
#1696=ORIENTED_EDGE('',*,*,#2555,.F.);
#1697=ORIENTED_EDGE('',*,*,#2760,.F.);
#1698=ORIENTED_EDGE('',*,*,#2329,.F.);
#1699=ORIENTED_EDGE('',*,*,#2759,.T.);
#1700=ORIENTED_EDGE('',*,*,#2320,.F.);
#1701=ORIENTED_EDGE('',*,*,#2761,.F.);
#1702=ORIENTED_EDGE('',*,*,#2535,.F.);
#1703=ORIENTED_EDGE('',*,*,#2760,.T.);
#1704=ORIENTED_EDGE('',*,*,#2552,.F.);
#1705=ORIENTED_EDGE('',*,*,#2762,.F.);
#1706=ORIENTED_EDGE('',*,*,#2330,.F.);
#1707=ORIENTED_EDGE('',*,*,#2761,.T.);
#1708=ORIENTED_EDGE('',*,*,#2319,.F.);
#1709=ORIENTED_EDGE('',*,*,#2763,.F.);
#1710=ORIENTED_EDGE('',*,*,#2537,.F.);
#1711=ORIENTED_EDGE('',*,*,#2762,.T.);
#1712=ORIENTED_EDGE('',*,*,#2549,.F.);
#1713=ORIENTED_EDGE('',*,*,#2764,.F.);
#1714=ORIENTED_EDGE('',*,*,#2331,.F.);
#1715=ORIENTED_EDGE('',*,*,#2763,.T.);
#1716=ORIENTED_EDGE('',*,*,#2318,.F.);
#1717=ORIENTED_EDGE('',*,*,#2765,.F.);
#1718=ORIENTED_EDGE('',*,*,#2539,.F.);
#1719=ORIENTED_EDGE('',*,*,#2764,.T.);
#1720=ORIENTED_EDGE('',*,*,#2546,.F.);
#1721=ORIENTED_EDGE('',*,*,#2766,.F.);
#1722=ORIENTED_EDGE('',*,*,#2316,.F.);
#1723=ORIENTED_EDGE('',*,*,#2765,.T.);
#1724=ORIENTED_EDGE('',*,*,#2317,.F.);
#1725=ORIENTED_EDGE('',*,*,#2766,.T.);
#1726=ORIENTED_EDGE('',*,*,#2543,.F.);
#1727=ORIENTED_EDGE('',*,*,#2767,.F.);
#1728=ORIENTED_EDGE('',*,*,#2297,.F.);
#1729=ORIENTED_EDGE('',*,*,#2768,.F.);
#1730=ORIENTED_EDGE('',*,*,#2358,.F.);
#1731=ORIENTED_EDGE('',*,*,#2768,.T.);
#1732=ORIENTED_EDGE('',*,*,#2301,.F.);
#1733=ORIENTED_EDGE('',*,*,#2769,.F.);
#1734=ORIENTED_EDGE('',*,*,#2359,.F.);
#1735=ORIENTED_EDGE('',*,*,#2767,.T.);
#1736=ORIENTED_EDGE('',*,*,#2357,.F.);
#1737=ORIENTED_EDGE('',*,*,#2770,.F.);
#1738=ORIENTED_EDGE('',*,*,#2157,.F.);
#1739=ORIENTED_EDGE('',*,*,#2769,.T.);
#1740=ORIENTED_EDGE('',*,*,#2304,.F.);
#1741=ORIENTED_EDGE('',*,*,#2771,.F.);
#1742=ORIENTED_EDGE('',*,*,#2360,.F.);
#1743=ORIENTED_EDGE('',*,*,#2770,.T.);
#1744=ORIENTED_EDGE('',*,*,#2356,.F.);
#1745=ORIENTED_EDGE('',*,*,#2772,.F.);
#1746=ORIENTED_EDGE('',*,*,#2294,.F.);
#1747=ORIENTED_EDGE('',*,*,#2771,.T.);
#1748=ORIENTED_EDGE('',*,*,#2306,.F.);
#1749=ORIENTED_EDGE('',*,*,#2773,.F.);
#1750=ORIENTED_EDGE('',*,*,#2361,.F.);
#1751=ORIENTED_EDGE('',*,*,#2772,.T.);
#1752=ORIENTED_EDGE('',*,*,#2355,.F.);
#1753=ORIENTED_EDGE('',*,*,#2774,.F.);
#1754=ORIENTED_EDGE('',*,*,#2291,.F.);
#1755=ORIENTED_EDGE('',*,*,#2773,.T.);
#1756=ORIENTED_EDGE('',*,*,#2167,.F.);
#1757=ORIENTED_EDGE('',*,*,#2775,.F.);
#1758=ORIENTED_EDGE('',*,*,#2362,.F.);
#1759=ORIENTED_EDGE('',*,*,#2774,.T.);
#1760=ORIENTED_EDGE('',*,*,#2354,.F.);
#1761=ORIENTED_EDGE('',*,*,#2776,.F.);
#1762=ORIENTED_EDGE('',*,*,#2343,.F.);
#1763=ORIENTED_EDGE('',*,*,#2775,.T.);
#1764=ORIENTED_EDGE('',*,*,#2309,.F.);
#1765=ORIENTED_EDGE('',*,*,#2777,.F.);
#1766=ORIENTED_EDGE('',*,*,#2363,.F.);
#1767=ORIENTED_EDGE('',*,*,#2776,.T.);
#1768=ORIENTED_EDGE('',*,*,#2353,.F.);
#1769=ORIENTED_EDGE('',*,*,#2778,.F.);
#1770=ORIENTED_EDGE('',*,*,#2341,.F.);
#1771=ORIENTED_EDGE('',*,*,#2777,.T.);
#1772=ORIENTED_EDGE('',*,*,#2312,.F.);
#1773=ORIENTED_EDGE('',*,*,#2779,.F.);
#1774=ORIENTED_EDGE('',*,*,#2364,.F.);
#1775=ORIENTED_EDGE('',*,*,#2778,.T.);
#1776=ORIENTED_EDGE('',*,*,#2352,.F.);
#1777=ORIENTED_EDGE('',*,*,#2780,.F.);
#1778=ORIENTED_EDGE('',*,*,#2177,.F.);
#1779=ORIENTED_EDGE('',*,*,#2779,.T.);
#1780=ORIENTED_EDGE('',*,*,#2333,.F.);
#1781=ORIENTED_EDGE('',*,*,#2781,.F.);
#1782=ORIENTED_EDGE('',*,*,#2349,.F.);
#1783=ORIENTED_EDGE('',*,*,#2780,.T.);
#1784=ORIENTED_EDGE('',*,*,#2351,.F.);
#1785=ORIENTED_EDGE('',*,*,#2782,.F.);
#1786=ORIENTED_EDGE('',*,*,#2338,.F.);
#1787=ORIENTED_EDGE('',*,*,#2781,.T.);
#1788=ORIENTED_EDGE('',*,*,#2336,.F.);
#1789=ORIENTED_EDGE('',*,*,#2782,.T.);
#1790=ORIENTED_EDGE('',*,*,#2350,.F.);
#1791=ORIENTED_EDGE('',*,*,#2572,.F.);
#1792=ORIENTED_EDGE('',*,*,#2571,.F.);
#1793=ORIENTED_EDGE('',*,*,#2566,.F.);
#1794=ORIENTED_EDGE('',*,*,#2181,.F.);
#1795=ORIENTED_EDGE('',*,*,#2542,.F.);
#1796=ORIENTED_EDGE('',*,*,#2783,.F.);
#1797=ORIENTED_EDGE('',*,*,#2410,.F.);
#1798=ORIENTED_EDGE('',*,*,#2784,.F.);
#1799=ORIENTED_EDGE('',*,*,#2286,.F.);
#1800=ORIENTED_EDGE('',*,*,#2784,.T.);
#1801=ORIENTED_EDGE('',*,*,#2409,.F.);
#1802=ORIENTED_EDGE('',*,*,#2785,.F.);
#1803=ORIENTED_EDGE('',*,*,#2247,.F.);
#1804=ORIENTED_EDGE('',*,*,#2783,.T.);
#1805=ORIENTED_EDGE('',*,*,#2282,.F.);
#1806=ORIENTED_EDGE('',*,*,#2786,.F.);
#1807=ORIENTED_EDGE('',*,*,#2411,.F.);
#1808=ORIENTED_EDGE('',*,*,#2785,.T.);
#1809=ORIENTED_EDGE('',*,*,#2408,.F.);
#1810=ORIENTED_EDGE('',*,*,#2787,.F.);
#1811=ORIENTED_EDGE('',*,*,#2250,.F.);
#1812=ORIENTED_EDGE('',*,*,#2786,.T.);
#1813=ORIENTED_EDGE('',*,*,#2137,.F.);
#1814=ORIENTED_EDGE('',*,*,#2788,.F.);
#1815=ORIENTED_EDGE('',*,*,#2412,.F.);
#1816=ORIENTED_EDGE('',*,*,#2787,.T.);
#1817=ORIENTED_EDGE('',*,*,#2407,.F.);
#1818=ORIENTED_EDGE('',*,*,#2789,.F.);
#1819=ORIENTED_EDGE('',*,*,#2255,.F.);
#1820=ORIENTED_EDGE('',*,*,#2788,.T.);
#1821=ORIENTED_EDGE('',*,*,#2280,.F.);
#1822=ORIENTED_EDGE('',*,*,#2790,.F.);
#1823=ORIENTED_EDGE('',*,*,#2413,.F.);
#1824=ORIENTED_EDGE('',*,*,#2789,.T.);
#1825=ORIENTED_EDGE('',*,*,#2406,.F.);
#1826=ORIENTED_EDGE('',*,*,#2791,.F.);
#1827=ORIENTED_EDGE('',*,*,#2259,.F.);
#1828=ORIENTED_EDGE('',*,*,#2790,.T.);
#1829=ORIENTED_EDGE('',*,*,#2275,.F.);
#1830=ORIENTED_EDGE('',*,*,#2792,.F.);
#1831=ORIENTED_EDGE('',*,*,#2414,.F.);
#1832=ORIENTED_EDGE('',*,*,#2791,.T.);
#1833=ORIENTED_EDGE('',*,*,#2405,.F.);
#1834=ORIENTED_EDGE('',*,*,#2793,.F.);
#1835=ORIENTED_EDGE('',*,*,#2264,.F.);
#1836=ORIENTED_EDGE('',*,*,#2792,.T.);
#1837=ORIENTED_EDGE('',*,*,#2272,.F.);
#1838=ORIENTED_EDGE('',*,*,#2794,.F.);
#1839=ORIENTED_EDGE('',*,*,#2403,.F.);
#1840=ORIENTED_EDGE('',*,*,#2793,.T.);
#1841=ORIENTED_EDGE('',*,*,#2404,.F.);
#1842=ORIENTED_EDGE('',*,*,#2794,.T.);
#1843=ORIENTED_EDGE('',*,*,#2268,.F.);
#1844=ORIENTED_EDGE('',*,*,#2795,.F.);
#1845=ORIENTED_EDGE('',*,*,#2424,.F.);
#1846=ORIENTED_EDGE('',*,*,#2796,.F.);
#1847=ORIENTED_EDGE('',*,*,#2313,.F.);
#1848=ORIENTED_EDGE('',*,*,#2796,.T.);
#1849=ORIENTED_EDGE('',*,*,#2423,.F.);
#1850=ORIENTED_EDGE('',*,*,#2797,.F.);
#1851=ORIENTED_EDGE('',*,*,#2334,.F.);
#1852=ORIENTED_EDGE('',*,*,#2795,.T.);
#1853=ORIENTED_EDGE('',*,*,#2310,.F.);
#1854=ORIENTED_EDGE('',*,*,#2798,.F.);
#1855=ORIENTED_EDGE('',*,*,#2425,.F.);
#1856=ORIENTED_EDGE('',*,*,#2797,.T.);
#1857=ORIENTED_EDGE('',*,*,#2422,.F.);
#1858=ORIENTED_EDGE('',*,*,#2799,.F.);
#1859=ORIENTED_EDGE('',*,*,#2337,.F.);
#1860=ORIENTED_EDGE('',*,*,#2798,.T.);
#1861=ORIENTED_EDGE('',*,*,#2169,.F.);
#1862=ORIENTED_EDGE('',*,*,#2800,.F.);
#1863=ORIENTED_EDGE('',*,*,#2426,.F.);
#1864=ORIENTED_EDGE('',*,*,#2799,.T.);
#1865=ORIENTED_EDGE('',*,*,#2421,.F.);
#1866=ORIENTED_EDGE('',*,*,#2801,.F.);
#1867=ORIENTED_EDGE('',*,*,#2339,.F.);
#1868=ORIENTED_EDGE('',*,*,#2800,.T.);
#1869=ORIENTED_EDGE('',*,*,#2307,.F.);
#1870=ORIENTED_EDGE('',*,*,#2802,.F.);
#1871=ORIENTED_EDGE('',*,*,#2427,.F.);
#1872=ORIENTED_EDGE('',*,*,#2801,.T.);
#1873=ORIENTED_EDGE('',*,*,#2420,.F.);
#1874=ORIENTED_EDGE('',*,*,#2803,.F.);
#1875=ORIENTED_EDGE('',*,*,#2179,.F.);
#1876=ORIENTED_EDGE('',*,*,#2802,.T.);
#1877=ORIENTED_EDGE('',*,*,#2305,.F.);
#1878=ORIENTED_EDGE('',*,*,#2804,.F.);
#1879=ORIENTED_EDGE('',*,*,#2428,.F.);
#1880=ORIENTED_EDGE('',*,*,#2803,.T.);
#1881=ORIENTED_EDGE('',*,*,#2419,.F.);
#1882=ORIENTED_EDGE('',*,*,#2805,.F.);
#1883=ORIENTED_EDGE('',*,*,#2342,.F.);
#1884=ORIENTED_EDGE('',*,*,#2804,.T.);
#1885=ORIENTED_EDGE('',*,*,#2302,.F.);
#1886=ORIENTED_EDGE('',*,*,#2806,.F.);
#1887=ORIENTED_EDGE('',*,*,#2429,.F.);
#1888=ORIENTED_EDGE('',*,*,#2805,.T.);
#1889=ORIENTED_EDGE('',*,*,#2418,.F.);
#1890=ORIENTED_EDGE('',*,*,#2807,.F.);
#1891=ORIENTED_EDGE('',*,*,#2344,.F.);
#1892=ORIENTED_EDGE('',*,*,#2806,.T.);
#1893=ORIENTED_EDGE('',*,*,#2298,.F.);
#1894=ORIENTED_EDGE('',*,*,#2808,.F.);
#1895=ORIENTED_EDGE('',*,*,#2430,.F.);
#1896=ORIENTED_EDGE('',*,*,#2807,.T.);
#1897=ORIENTED_EDGE('',*,*,#2417,.F.);
#1898=ORIENTED_EDGE('',*,*,#2809,.F.);
#1899=ORIENTED_EDGE('',*,*,#2293,.F.);
#1900=ORIENTED_EDGE('',*,*,#2808,.T.);
#1901=ORIENTED_EDGE('',*,*,#2159,.F.);
#1902=ORIENTED_EDGE('',*,*,#2810,.F.);
#1903=ORIENTED_EDGE('',*,*,#2415,.F.);
#1904=ORIENTED_EDGE('',*,*,#2809,.T.);
#1905=ORIENTED_EDGE('',*,*,#2416,.F.);
#1906=ORIENTED_EDGE('',*,*,#2810,.T.);
#1907=ORIENTED_EDGE('',*,*,#2295,.F.);
#1908=ORIENTED_EDGE('',*,*,#2811,.F.);
#1909=ORIENTED_EDGE('',*,*,#2648,.F.);
#1910=ORIENTED_EDGE('',*,*,#2812,.F.);
#1911=ORIENTED_EDGE('',*,*,#2489,.F.);
#1912=ORIENTED_EDGE('',*,*,#2812,.T.);
#1913=ORIENTED_EDGE('',*,*,#2647,.F.);
#1914=ORIENTED_EDGE('',*,*,#2813,.F.);
#1915=ORIENTED_EDGE('',*,*,#2691,.F.);
#1916=ORIENTED_EDGE('',*,*,#2811,.T.);
#1917=ORIENTED_EDGE('',*,*,#2488,.F.);
#1918=ORIENTED_EDGE('',*,*,#2814,.F.);
#1919=ORIENTED_EDGE('',*,*,#2652,.F.);
#1920=ORIENTED_EDGE('',*,*,#2813,.T.);
#1921=ORIENTED_EDGE('',*,*,#2651,.F.);
#1922=ORIENTED_EDGE('',*,*,#2815,.F.);
#1923=ORIENTED_EDGE('',*,*,#2140,.F.);
#1924=ORIENTED_EDGE('',*,*,#2814,.T.);
#1925=ORIENTED_EDGE('',*,*,#2487,.F.);
#1926=ORIENTED_EDGE('',*,*,#2816,.F.);
#1927=ORIENTED_EDGE('',*,*,#2658,.F.);
#1928=ORIENTED_EDGE('',*,*,#2815,.T.);
#1929=ORIENTED_EDGE('',*,*,#2644,.F.);
#1930=ORIENTED_EDGE('',*,*,#2817,.F.);
#1931=ORIENTED_EDGE('',*,*,#2141,.F.);
#1932=ORIENTED_EDGE('',*,*,#2816,.T.);
#1933=ORIENTED_EDGE('',*,*,#2133,.F.);
#1934=ORIENTED_EDGE('',*,*,#2818,.F.);
#1935=ORIENTED_EDGE('',*,*,#2655,.F.);
#1936=ORIENTED_EDGE('',*,*,#2817,.T.);
#1937=ORIENTED_EDGE('',*,*,#2641,.F.);
#1938=ORIENTED_EDGE('',*,*,#2819,.F.);
#1939=ORIENTED_EDGE('',*,*,#2142,.F.);
#1940=ORIENTED_EDGE('',*,*,#2818,.T.);
#1941=ORIENTED_EDGE('',*,*,#2146,.F.);
#1942=ORIENTED_EDGE('',*,*,#2820,.F.);
#1943=ORIENTED_EDGE('',*,*,#2656,.F.);
#1944=ORIENTED_EDGE('',*,*,#2819,.T.);
#1945=ORIENTED_EDGE('',*,*,#2635,.F.);
#1946=ORIENTED_EDGE('',*,*,#2821,.F.);
#1947=ORIENTED_EDGE('',*,*,#2143,.F.);
#1948=ORIENTED_EDGE('',*,*,#2820,.T.);
#1949=ORIENTED_EDGE('',*,*,#2145,.F.);
#1950=ORIENTED_EDGE('',*,*,#2822,.F.);
#1951=ORIENTED_EDGE('',*,*,#2639,.F.);
#1952=ORIENTED_EDGE('',*,*,#2821,.T.);
#1953=ORIENTED_EDGE('',*,*,#2632,.F.);
#1954=ORIENTED_EDGE('',*,*,#2822,.T.);
#1955=ORIENTED_EDGE('',*,*,#2144,.F.);
#1956=ORIENTED_EDGE('',*,*,#2823,.F.);
#1957=ORIENTED_EDGE('',*,*,#2153,.F.);
#1958=ORIENTED_EDGE('',*,*,#2824,.F.);
#1959=ORIENTED_EDGE('',*,*,#2650,.F.);
#1960=ORIENTED_EDGE('',*,*,#2824,.T.);
#1961=ORIENTED_EDGE('',*,*,#2152,.F.);
#1962=ORIENTED_EDGE('',*,*,#2825,.F.);
#1963=ORIENTED_EDGE('',*,*,#2646,.F.);
#1964=ORIENTED_EDGE('',*,*,#2823,.T.);
#1965=ORIENTED_EDGE('',*,*,#2654,.F.);
#1966=ORIENTED_EDGE('',*,*,#2826,.F.);
#1967=ORIENTED_EDGE('',*,*,#2154,.F.);
#1968=ORIENTED_EDGE('',*,*,#2825,.T.);
#1969=ORIENTED_EDGE('',*,*,#2151,.F.);
#1970=ORIENTED_EDGE('',*,*,#2827,.F.);
#1971=ORIENTED_EDGE('',*,*,#2643,.F.);
#1972=ORIENTED_EDGE('',*,*,#2826,.T.);
#1973=ORIENTED_EDGE('',*,*,#2657,.F.);
#1974=ORIENTED_EDGE('',*,*,#2828,.F.);
#1975=ORIENTED_EDGE('',*,*,#2155,.F.);
#1976=ORIENTED_EDGE('',*,*,#2827,.T.);
#1977=ORIENTED_EDGE('',*,*,#2150,.F.);
#1978=ORIENTED_EDGE('',*,*,#2829,.F.);
#1979=ORIENTED_EDGE('',*,*,#2637,.F.);
#1980=ORIENTED_EDGE('',*,*,#2828,.T.);
#1981=ORIENTED_EDGE('',*,*,#2640,.F.);
#1982=ORIENTED_EDGE('',*,*,#2830,.F.);
#1983=ORIENTED_EDGE('',*,*,#2148,.F.);
#1984=ORIENTED_EDGE('',*,*,#2829,.T.);
#1985=ORIENTED_EDGE('',*,*,#2149,.F.);
#1986=ORIENTED_EDGE('',*,*,#2830,.T.);
#1987=ORIENTED_EDGE('',*,*,#2634,.F.);
#1988=ORIENTED_EDGE('',*,*,#2267,.F.);
#1989=ORIENTED_EDGE('',*,*,#2629,.F.);
#1990=ORIENTED_EDGE('',*,*,#2299,.F.);
#1991=ORIENTED_EDGE('',*,*,#2630,.F.);
#1992=ORIENTED_EDGE('',*,*,#2627,.F.);
#1993=ORIENTED_EDGE('',*,*,#2285,.F.);
#1994=ORIENTED_EDGE('',*,*,#2289,.F.);
#1995=ORIENTED_EDGE('',*,*,#2628,.F.);
#1996=ORIENTED_EDGE('',*,*,#2365,.F.);
#1997=ORIENTED_EDGE('',*,*,#2345,.F.);
#1998=ORIENTED_EDGE('',*,*,#2346,.F.);
#1999=ORIENTED_EDGE('',*,*,#2431,.F.);
#2000=ORIENTED_EDGE('',*,*,#2366,.F.);
#2001=ORIENTED_EDGE('',*,*,#2347,.F.);
#2002=ORIENTED_EDGE('',*,*,#2348,.F.);
#2003=ORIENTED_EDGE('',*,*,#2432,.F.);
#2004=ORIENTED_EDGE('',*,*,#2831,.F.);
#2005=ORIENTED_EDGE('',*,*,#2227,.F.);
#2006=ORIENTED_EDGE('',*,*,#2832,.F.);
#2007=ORIENTED_EDGE('',*,*,#2195,.F.);
#2008=ORIENTED_EDGE('',*,*,#2832,.T.);
#2009=ORIENTED_EDGE('',*,*,#2660,.F.);
#2010=ORIENTED_EDGE('',*,*,#2833,.F.);
#2011=ORIENTED_EDGE('',*,*,#2196,.F.);
#2012=ORIENTED_EDGE('',*,*,#2831,.T.);
#2013=ORIENTED_EDGE('',*,*,#2194,.F.);
#2014=ORIENTED_EDGE('',*,*,#2834,.F.);
#2015=ORIENTED_EDGE('',*,*,#2682,.F.);
#2016=ORIENTED_EDGE('',*,*,#2833,.T.);
#2017=ORIENTED_EDGE('',*,*,#2523,.F.);
#2018=ORIENTED_EDGE('',*,*,#2835,.F.);
#2019=ORIENTED_EDGE('',*,*,#2197,.F.);
#2020=ORIENTED_EDGE('',*,*,#2834,.T.);
#2021=ORIENTED_EDGE('',*,*,#2193,.F.);
#2022=ORIENTED_EDGE('',*,*,#2836,.F.);
#2023=ORIENTED_EDGE('',*,*,#2517,.F.);
#2024=ORIENTED_EDGE('',*,*,#2835,.T.);
#2025=ORIENTED_EDGE('',*,*,#2659,.F.);
#2026=ORIENTED_EDGE('',*,*,#2837,.F.);
#2027=ORIENTED_EDGE('',*,*,#2190,.F.);
#2028=ORIENTED_EDGE('',*,*,#2836,.T.);
#2029=ORIENTED_EDGE('',*,*,#2192,.F.);
#2030=ORIENTED_EDGE('',*,*,#2838,.F.);
#2031=ORIENTED_EDGE('',*,*,#2681,.F.);
#2032=ORIENTED_EDGE('',*,*,#2837,.T.);
#2033=ORIENTED_EDGE('',*,*,#2235,.F.);
#2034=ORIENTED_EDGE('',*,*,#2838,.T.);
#2035=ORIENTED_EDGE('',*,*,#2191,.F.);
#2036=ORIENTED_EDGE('',*,*,#2839,.F.);
#2037=ORIENTED_EDGE('',*,*,#2211,.F.);
#2038=ORIENTED_EDGE('',*,*,#2840,.F.);
#2039=ORIENTED_EDGE('',*,*,#2223,.F.);
#2040=ORIENTED_EDGE('',*,*,#2840,.T.);
#2041=ORIENTED_EDGE('',*,*,#2210,.F.);
#2042=ORIENTED_EDGE('',*,*,#2841,.F.);
#2043=ORIENTED_EDGE('',*,*,#2675,.F.);
#2044=ORIENTED_EDGE('',*,*,#2839,.T.);
#2045=ORIENTED_EDGE('',*,*,#2678,.F.);
#2046=ORIENTED_EDGE('',*,*,#2842,.F.);
#2047=ORIENTED_EDGE('',*,*,#2212,.F.);
#2048=ORIENTED_EDGE('',*,*,#2841,.T.);
#2049=ORIENTED_EDGE('',*,*,#2209,.F.);
#2050=ORIENTED_EDGE('',*,*,#2843,.F.);
#2051=ORIENTED_EDGE('',*,*,#2514,.F.);
#2052=ORIENTED_EDGE('',*,*,#2842,.T.);
#2053=ORIENTED_EDGE('',*,*,#2520,.F.);
#2054=ORIENTED_EDGE('',*,*,#2844,.F.);
#2055=ORIENTED_EDGE('',*,*,#2213,.F.);
#2056=ORIENTED_EDGE('',*,*,#2843,.T.);
#2057=ORIENTED_EDGE('',*,*,#2208,.F.);
#2058=ORIENTED_EDGE('',*,*,#2845,.F.);
#2059=ORIENTED_EDGE('',*,*,#2689,.F.);
#2060=ORIENTED_EDGE('',*,*,#2844,.T.);
#2061=ORIENTED_EDGE('',*,*,#2690,.F.);
#2062=ORIENTED_EDGE('',*,*,#2846,.F.);
#2063=ORIENTED_EDGE('',*,*,#2206,.F.);
#2064=ORIENTED_EDGE('',*,*,#2845,.T.);
#2065=ORIENTED_EDGE('',*,*,#2207,.F.);
#2066=ORIENTED_EDGE('',*,*,#2846,.T.);
#2067=ORIENTED_EDGE('',*,*,#2239,.F.);
#2068=ORIENTED_EDGE('',*,*,#2847,.F.);
#2069=ORIENTED_EDGE('',*,*,#2438,.F.);
#2070=ORIENTED_EDGE('',*,*,#2848,.F.);
#2071=ORIENTED_EDGE('',*,*,#2203,.F.);
#2072=ORIENTED_EDGE('',*,*,#2848,.T.);
#2073=ORIENTED_EDGE('',*,*,#2668,.F.);
#2074=ORIENTED_EDGE('',*,*,#2849,.F.);
#2075=ORIENTED_EDGE('',*,*,#2204,.F.);
#2076=ORIENTED_EDGE('',*,*,#2847,.T.);
#2077=ORIENTED_EDGE('',*,*,#2202,.F.);
#2078=ORIENTED_EDGE('',*,*,#2850,.F.);
#2079=ORIENTED_EDGE('',*,*,#2663,.F.);
#2080=ORIENTED_EDGE('',*,*,#2849,.T.);
#2081=ORIENTED_EDGE('',*,*,#2508,.F.);
#2082=ORIENTED_EDGE('',*,*,#2851,.F.);
#2083=ORIENTED_EDGE('',*,*,#2205,.F.);
#2084=ORIENTED_EDGE('',*,*,#2850,.T.);
#2085=ORIENTED_EDGE('',*,*,#2201,.F.);
#2086=ORIENTED_EDGE('',*,*,#2852,.F.);
#2087=ORIENTED_EDGE('',*,*,#2526,.F.);
#2088=ORIENTED_EDGE('',*,*,#2851,.T.);
#2089=ORIENTED_EDGE('',*,*,#2667,.F.);
#2090=ORIENTED_EDGE('',*,*,#2853,.F.);
#2091=ORIENTED_EDGE('',*,*,#2198,.F.);
#2092=ORIENTED_EDGE('',*,*,#2852,.T.);
#2093=ORIENTED_EDGE('',*,*,#2200,.F.);
#2094=ORIENTED_EDGE('',*,*,#2854,.F.);
#2095=ORIENTED_EDGE('',*,*,#2666,.F.);
#2096=ORIENTED_EDGE('',*,*,#2853,.T.);
#2097=ORIENTED_EDGE('',*,*,#2231,.F.);
#2098=ORIENTED_EDGE('',*,*,#2854,.T.);
#2099=ORIENTED_EDGE('',*,*,#2199,.F.);
#2100=ORIENTED_EDGE('',*,*,#2855,.F.);
#2101=ORIENTED_EDGE('',*,*,#2219,.F.);
#2102=ORIENTED_EDGE('',*,*,#2856,.F.);
#2103=ORIENTED_EDGE('',*,*,#2434,.F.);
#2104=ORIENTED_EDGE('',*,*,#2856,.T.);
#2105=ORIENTED_EDGE('',*,*,#2218,.F.);
#2106=ORIENTED_EDGE('',*,*,#2857,.F.);
#2107=ORIENTED_EDGE('',*,*,#2671,.F.);
#2108=ORIENTED_EDGE('',*,*,#2855,.T.);
#2109=ORIENTED_EDGE('',*,*,#2686,.F.);
#2110=ORIENTED_EDGE('',*,*,#2858,.F.);
#2111=ORIENTED_EDGE('',*,*,#2220,.F.);
#2112=ORIENTED_EDGE('',*,*,#2857,.T.);
#2113=ORIENTED_EDGE('',*,*,#2217,.F.);
#2114=ORIENTED_EDGE('',*,*,#2859,.F.);
#2115=ORIENTED_EDGE('',*,*,#2505,.F.);
#2116=ORIENTED_EDGE('',*,*,#2858,.T.);
#2117=ORIENTED_EDGE('',*,*,#2511,.F.);
#2118=ORIENTED_EDGE('',*,*,#2860,.F.);
#2119=ORIENTED_EDGE('',*,*,#2221,.F.);
#2120=ORIENTED_EDGE('',*,*,#2859,.T.);
#2121=ORIENTED_EDGE('',*,*,#2216,.F.);
#2122=ORIENTED_EDGE('',*,*,#2861,.F.);
#2123=ORIENTED_EDGE('',*,*,#2674,.F.);
#2124=ORIENTED_EDGE('',*,*,#2860,.T.);
#2125=ORIENTED_EDGE('',*,*,#2685,.F.);
#2126=ORIENTED_EDGE('',*,*,#2862,.F.);
#2127=ORIENTED_EDGE('',*,*,#2214,.F.);
#2128=ORIENTED_EDGE('',*,*,#2861,.T.);
#2129=ORIENTED_EDGE('',*,*,#2215,.F.);
#2130=ORIENTED_EDGE('',*,*,#2862,.T.);
#2131=ORIENTED_EDGE('',*,*,#2243,.F.);
#2132=EDGE_CURVE('',#2863,#2864,#3307,.T.);
#2133=EDGE_CURVE('',#2863,#2865,#597,.T.);
#2134=EDGE_CURVE('',#2866,#2865,#3308,.F.);
#2135=EDGE_CURVE('',#2864,#2866,#242,.T.);
#2136=EDGE_CURVE('',#2867,#2868,#3309,.T.);
#2137=EDGE_CURVE('',#2868,#2869,#3310,.F.);
#2138=EDGE_CURVE('',#2870,#2869,#3311,.T.);
#2139=EDGE_CURVE('',#2870,#2871,#3312,.F.);
#2140=EDGE_CURVE('',#2871,#2872,#243,.F.);
#2141=EDGE_CURVE('',#2872,#2873,#3313,.F.);
#2142=EDGE_CURVE('',#2873,#2874,#244,.F.);
#2143=EDGE_CURVE('',#2874,#2875,#3314,.F.);
#2144=EDGE_CURVE('',#2875,#2876,#245,.F.);
#2145=EDGE_CURVE('',#2876,#2877,#3315,.T.);
#2146=EDGE_CURVE('',#2877,#2863,#246,.F.);
#2147=EDGE_CURVE('',#2864,#2867,#598,.T.);
#2148=EDGE_CURVE('',#2878,#2879,#3316,.F.);
#2149=EDGE_CURVE('',#2879,#2880,#247,.T.);
#2150=EDGE_CURVE('',#2880,#2881,#3317,.T.);
#2151=EDGE_CURVE('',#2881,#2882,#248,.T.);
#2152=EDGE_CURVE('',#2882,#2883,#3318,.T.);
#2153=EDGE_CURVE('',#2883,#2884,#249,.T.);
#2154=EDGE_CURVE('',#2884,#2885,#3319,.F.);
#2155=EDGE_CURVE('',#2885,#2878,#250,.T.);
#2156=EDGE_CURVE('',#2886,#2887,#3320,.T.);
#2157=EDGE_CURVE('',#2886,#2888,#3321,.F.);
#2158=EDGE_CURVE('',#2888,#2889,#3322,.T.);
#2159=EDGE_CURVE('',#2889,#2887,#3323,.T.);
#2160=EDGE_CURVE('',#2890,#2891,#142,.F.);
#2161=EDGE_CURVE('',#2891,#2892,#3324,.F.);
#2162=EDGE_CURVE('',#2892,#2893,#143,.F.);
#2163=EDGE_CURVE('',#2893,#2894,#144,.F.);
#2164=EDGE_CURVE('',#2894,#2895,#3325,.T.);
#2165=EDGE_CURVE('',#2895,#2890,#145,.F.);
#2166=EDGE_CURVE('',#2896,#2897,#3326,.T.);
#2167=EDGE_CURVE('',#2896,#2898,#251,.F.);
#2168=EDGE_CURVE('',#2898,#2899,#3327,.T.);
#2169=EDGE_CURVE('',#2899,#2897,#252,.T.);
#2170=EDGE_CURVE('',#2900,#2901,#146,.F.);
#2171=EDGE_CURVE('',#2901,#2902,#3328,.T.);
#2172=EDGE_CURVE('',#2902,#2903,#147,.F.);
#2173=EDGE_CURVE('',#2903,#2904,#148,.F.);
#2174=EDGE_CURVE('',#2904,#2905,#3329,.F.);
#2175=EDGE_CURVE('',#2905,#2900,#149,.F.);
#2176=EDGE_CURVE('',#2906,#2907,#3330,.T.);
#2177=EDGE_CURVE('',#2906,#2908,#253,.F.);
#2178=EDGE_CURVE('',#2908,#2909,#3331,.T.);
#2179=EDGE_CURVE('',#2909,#2907,#254,.T.);
#2180=EDGE_CURVE('',#2910,#2911,#3332,.T.);
#2181=EDGE_CURVE('',#2910,#2912,#599,.T.);
#2182=EDGE_CURVE('',#2912,#2913,#3333,.T.);
#2183=EDGE_CURVE('',#2913,#2914,#255,.T.);
#2184=EDGE_CURVE('',#2915,#2914,#3334,.T.);
#2185=EDGE_CURVE('',#2915,#2916,#256,.T.);
#2186=EDGE_CURVE('',#2916,#2917,#257,.T.);
#2187=EDGE_CURVE('',#2918,#2917,#258,.T.);
#2188=EDGE_CURVE('',#2918,#2919,#259,.T.);
#2189=EDGE_CURVE('',#2919,#2911,#260,.T.);
#2190=EDGE_CURVE('',#2920,#2921,#261,.T.);
#2191=EDGE_CURVE('',#2921,#2922,#3335,.T.);
#2192=EDGE_CURVE('',#2922,#2923,#262,.T.);
#2193=EDGE_CURVE('',#2923,#2924,#3336,.F.);
#2194=EDGE_CURVE('',#2924,#2925,#263,.T.);
#2195=EDGE_CURVE('',#2925,#2926,#3337,.F.);
#2196=EDGE_CURVE('',#2926,#2927,#264,.T.);
#2197=EDGE_CURVE('',#2927,#2920,#3338,.T.);
#2198=EDGE_CURVE('',#2928,#2929,#265,.T.);
#2199=EDGE_CURVE('',#2929,#2930,#3339,.T.);
#2200=EDGE_CURVE('',#2930,#2931,#266,.T.);
#2201=EDGE_CURVE('',#2931,#2932,#3340,.T.);
#2202=EDGE_CURVE('',#2932,#2933,#267,.T.);
#2203=EDGE_CURVE('',#2933,#2934,#3341,.F.);
#2204=EDGE_CURVE('',#2934,#2935,#268,.T.);
#2205=EDGE_CURVE('',#2935,#2928,#3342,.F.);
#2206=EDGE_CURVE('',#2936,#2937,#269,.T.);
#2207=EDGE_CURVE('',#2937,#2938,#3343,.F.);
#2208=EDGE_CURVE('',#2938,#2939,#270,.T.);
#2209=EDGE_CURVE('',#2939,#2940,#3344,.F.);
#2210=EDGE_CURVE('',#2940,#2941,#271,.T.);
#2211=EDGE_CURVE('',#2941,#2942,#3345,.T.);
#2212=EDGE_CURVE('',#2942,#2943,#272,.T.);
#2213=EDGE_CURVE('',#2943,#2936,#3346,.T.);
#2214=EDGE_CURVE('',#2944,#2945,#273,.T.);
#2215=EDGE_CURVE('',#2945,#2946,#3347,.F.);
#2216=EDGE_CURVE('',#2946,#2947,#274,.T.);
#2217=EDGE_CURVE('',#2947,#2948,#3348,.T.);
#2218=EDGE_CURVE('',#2948,#2949,#275,.T.);
#2219=EDGE_CURVE('',#2949,#2950,#3349,.T.);
#2220=EDGE_CURVE('',#2950,#2951,#276,.T.);
#2221=EDGE_CURVE('',#2951,#2944,#3350,.F.);
#2222=EDGE_CURVE('',#2952,#2953,#3351,.T.);
#2223=EDGE_CURVE('',#2953,#2954,#3352,.F.);
#2224=EDGE_CURVE('',#2954,#2955,#3353,.F.);
#2225=EDGE_CURVE('',#2955,#2952,#3354,.F.);
#2226=EDGE_CURVE('',#2956,#2957,#3355,.T.);
#2227=EDGE_CURVE('',#2957,#2958,#3356,.T.);
#2228=EDGE_CURVE('',#2958,#2959,#3357,.F.);
#2229=EDGE_CURVE('',#2959,#2956,#3358,.T.);
#2230=EDGE_CURVE('',#2960,#2961,#3359,.T.);
#2231=EDGE_CURVE('',#2961,#2962,#3360,.F.);
#2232=EDGE_CURVE('',#2962,#2963,#3361,.F.);
#2233=EDGE_CURVE('',#2963,#2960,#3362,.T.);
#2234=EDGE_CURVE('',#2964,#2965,#3363,.T.);
#2235=EDGE_CURVE('',#2965,#2966,#3364,.F.);
#2236=EDGE_CURVE('',#2966,#2967,#3365,.F.);
#2237=EDGE_CURVE('',#2967,#2964,#3366,.T.);
#2238=EDGE_CURVE('',#2968,#2969,#3367,.T.);
#2239=EDGE_CURVE('',#2969,#2970,#3368,.T.);
#2240=EDGE_CURVE('',#2970,#2971,#3369,.F.);
#2241=EDGE_CURVE('',#2968,#2971,#3370,.T.);
#2242=EDGE_CURVE('',#2972,#2973,#3371,.T.);
#2243=EDGE_CURVE('',#2973,#2974,#3372,.T.);
#2244=EDGE_CURVE('',#2974,#2975,#3373,.F.);
#2245=EDGE_CURVE('',#2972,#2975,#3374,.T.);
#2246=EDGE_CURVE('',#2976,#2977,#3375,.T.);
#2247=EDGE_CURVE('',#2977,#2978,#277,.F.);
#2248=EDGE_CURVE('',#2979,#2978,#3376,.T.);
#2249=EDGE_CURVE('',#2979,#2976,#600,.T.);
#2250=EDGE_CURVE('',#2978,#2980,#278,.T.);
#2251=EDGE_CURVE('',#2981,#2980,#3377,.T.);
#2252=EDGE_CURVE('',#2981,#2982,#601,.T.);
#2253=EDGE_CURVE('',#2982,#2983,#279,.F.);
#2254=EDGE_CURVE('',#2983,#2979,#602,.T.);
#2255=EDGE_CURVE('',#2980,#2984,#280,.F.);
#2256=EDGE_CURVE('',#2985,#2984,#3378,.T.);
#2257=EDGE_CURVE('',#2986,#2985,#3379,.T.);
#2258=EDGE_CURVE('',#2986,#2981,#603,.T.);
#2259=EDGE_CURVE('',#2984,#2987,#3380,.T.);
#2260=EDGE_CURVE('',#2988,#2987,#3381,.T.);
#2261=EDGE_CURVE('',#2988,#2989,#3382,.T.);
#2262=EDGE_CURVE('',#2989,#2986,#604,.T.);
#2263=EDGE_CURVE('',#2985,#2985,#281,.T.);
#2264=EDGE_CURVE('',#2987,#2990,#282,.F.);
#2265=EDGE_CURVE('',#2991,#2990,#3383,.T.);
#2266=EDGE_CURVE('',#2991,#2988,#283,.T.);
#2267=EDGE_CURVE('',#2992,#2992,#284,.T.);
#2268=EDGE_CURVE('',#2990,#2993,#3384,.T.);
#2269=EDGE_CURVE('',#2994,#2993,#3385,.T.);
#2270=EDGE_CURVE('',#2994,#2995,#605,.T.);
#2271=EDGE_CURVE('',#2995,#2991,#3386,.T.);
#2272=EDGE_CURVE('',#2993,#2996,#285,.F.);
#2273=EDGE_CURVE('',#2997,#2996,#3387,.T.);
#2274=EDGE_CURVE('',#2997,#2994,#606,.T.);
#2275=EDGE_CURVE('',#2996,#2998,#286,.T.);
#2276=EDGE_CURVE('',#2999,#2998,#3388,.T.);
#2277=EDGE_CURVE('',#2999,#3000,#607,.T.);
#2278=EDGE_CURVE('',#3000,#3001,#287,.F.);
#2279=EDGE_CURVE('',#3001,#2997,#608,.T.);
#2280=EDGE_CURVE('',#2998,#2868,#288,.F.);
#2281=EDGE_CURVE('',#2867,#2999,#609,.T.);
#2282=EDGE_CURVE('',#2869,#3002,#289,.F.);
#2283=EDGE_CURVE('',#3003,#3002,#3389,.T.);
#2284=EDGE_CURVE('',#3003,#2870,#290,.T.);
#2285=EDGE_CURVE('',#3004,#3004,#291,.F.);
#2286=EDGE_CURVE('',#3002,#2977,#3390,.F.);
#2287=EDGE_CURVE('',#2976,#3005,#610,.T.);
#2288=EDGE_CURVE('',#3005,#3003,#3391,.T.);
#2289=EDGE_CURVE('',#3006,#3006,#292,.T.);
#2290=EDGE_CURVE('',#3007,#3008,#3392,.T.);
#2291=EDGE_CURVE('',#3007,#3009,#3393,.F.);
#2292=EDGE_CURVE('',#3009,#3010,#3394,.T.);
#2293=EDGE_CURVE('',#3010,#3008,#3395,.T.);
#2294=EDGE_CURVE('',#2888,#3007,#293,.F.);
#2295=EDGE_CURVE('',#3008,#2889,#294,.T.);
#2296=EDGE_CURVE('',#3011,#3012,#3396,.T.);
#2297=EDGE_CURVE('',#3011,#2886,#295,.F.);
#2298=EDGE_CURVE('',#2887,#3012,#296,.T.);
#2299=EDGE_CURVE('',#3013,#3013,#297,.F.);
#2300=EDGE_CURVE('',#3014,#3015,#3397,.T.);
#2301=EDGE_CURVE('',#3014,#3011,#3398,.T.);
#2302=EDGE_CURVE('',#3012,#3015,#3399,.F.);
#2303=EDGE_CURVE('',#3016,#3017,#3400,.T.);
#2304=EDGE_CURVE('',#3016,#3014,#298,.F.);
#2305=EDGE_CURVE('',#3015,#3017,#299,.T.);
#2306=EDGE_CURVE('',#2898,#3016,#300,.T.);
#2307=EDGE_CURVE('',#3017,#2899,#301,.F.);
#2308=EDGE_CURVE('',#3018,#3019,#3401,.T.);
#2309=EDGE_CURVE('',#3018,#2896,#3402,.F.);
#2310=EDGE_CURVE('',#2897,#3019,#3403,.T.);
#2311=EDGE_CURVE('',#3020,#3021,#3404,.T.);
#2312=EDGE_CURVE('',#3020,#3018,#302,.F.);
#2313=EDGE_CURVE('',#3019,#3021,#303,.T.);
#2314=EDGE_CURVE('',#3022,#3022,#304,.F.);
#2315=EDGE_CURVE('',#3023,#3023,#305,.F.);
#2316=EDGE_CURVE('',#3024,#3025,#3405,.F.);
#2317=EDGE_CURVE('',#3025,#3026,#306,.F.);
#2318=EDGE_CURVE('',#3026,#3027,#3406,.T.);
#2319=EDGE_CURVE('',#3027,#3028,#307,.F.);
#2320=EDGE_CURVE('',#3028,#3029,#308,.F.);
#2321=EDGE_CURVE('',#3029,#3030,#309,.T.);
#2322=EDGE_CURVE('',#3030,#3031,#310,.F.);
#2323=EDGE_CURVE('',#3031,#3032,#311,.F.);
#2324=EDGE_CURVE('',#3032,#3033,#3407,.T.);
#2325=EDGE_CURVE('',#3033,#3034,#312,.F.);
#2326=EDGE_CURVE('',#3034,#3035,#3408,.F.);
#2327=EDGE_CURVE('',#3035,#3036,#313,.F.);
#2328=EDGE_CURVE('',#3036,#3037,#314,.F.);
#2329=EDGE_CURVE('',#3037,#3038,#315,.T.);
#2330=EDGE_CURVE('',#3038,#3039,#316,.F.);
#2331=EDGE_CURVE('',#3039,#3024,#317,.F.);
#2332=EDGE_CURVE('',#3040,#3041,#3409,.T.);
#2333=EDGE_CURVE('',#3040,#3020,#3410,.T.);
#2334=EDGE_CURVE('',#3021,#3041,#3411,.F.);
#2335=EDGE_CURVE('',#3042,#3043,#3412,.T.);
#2336=EDGE_CURVE('',#3042,#3040,#318,.F.);
#2337=EDGE_CURVE('',#3041,#3043,#319,.T.);
#2338=EDGE_CURVE('',#2908,#3042,#3413,.T.);
#2339=EDGE_CURVE('',#3043,#2909,#3414,.F.);
#2340=EDGE_CURVE('',#3044,#3045,#3415,.T.);
#2341=EDGE_CURVE('',#3044,#2906,#320,.T.);
#2342=EDGE_CURVE('',#2907,#3045,#321,.F.);
#2343=EDGE_CURVE('',#3009,#3044,#322,.F.);
#2344=EDGE_CURVE('',#3045,#3010,#323,.T.);
#2345=EDGE_CURVE('',#3046,#3046,#324,.T.);
#2346=EDGE_CURVE('',#3047,#3047,#325,.F.);
#2347=EDGE_CURVE('',#3048,#3048,#326,.T.);
#2348=EDGE_CURVE('',#3049,#3049,#327,.F.);
#2349=EDGE_CURVE('',#3050,#3051,#3416,.F.);
#2350=EDGE_CURVE('',#3051,#3052,#328,.T.);
#2351=EDGE_CURVE('',#3052,#3053,#3417,.F.);
#2352=EDGE_CURVE('',#3053,#3054,#329,.T.);
#2353=EDGE_CURVE('',#3054,#3055,#330,.F.);
#2354=EDGE_CURVE('',#3055,#3056,#331,.T.);
#2355=EDGE_CURVE('',#3056,#3057,#3418,.T.);
#2356=EDGE_CURVE('',#3057,#3058,#332,.T.);
#2357=EDGE_CURVE('',#3058,#3059,#3419,.T.);
#2358=EDGE_CURVE('',#3059,#3060,#333,.T.);
#2359=EDGE_CURVE('',#3060,#3061,#3420,.F.);
#2360=EDGE_CURVE('',#3061,#3062,#334,.T.);
#2361=EDGE_CURVE('',#3062,#3063,#335,.F.);
#2362=EDGE_CURVE('',#3063,#3064,#336,.T.);
#2363=EDGE_CURVE('',#3064,#3065,#3421,.T.);
#2364=EDGE_CURVE('',#3065,#3050,#337,.T.);
#2365=EDGE_CURVE('',#3066,#3066,#338,.F.);
#2366=EDGE_CURVE('',#3067,#3067,#339,.F.);
#2367=EDGE_CURVE('',#3068,#3069,#340,.F.);
#2368=EDGE_CURVE('',#3069,#3070,#341,.F.);
#2369=EDGE_CURVE('',#3070,#3071,#342,.T.);
#2370=EDGE_CURVE('',#3071,#3072,#343,.F.);
#2371=EDGE_CURVE('',#3072,#3073,#344,.F.);
#2372=EDGE_CURVE('',#3073,#3074,#3422,.T.);
#2373=EDGE_CURVE('',#3074,#2964,#345,.F.);
#2374=EDGE_CURVE('',#2967,#3075,#346,.F.);
#2375=EDGE_CURVE('',#3076,#3075,#3423,.T.);
#2376=EDGE_CURVE('',#3076,#3077,#347,.F.);
#2377=EDGE_CURVE('',#3077,#3078,#3424,.F.);
#2378=EDGE_CURVE('',#3078,#3079,#348,.F.);
#2379=EDGE_CURVE('',#3079,#3080,#3425,.T.);
#2380=EDGE_CURVE('',#3080,#3081,#349,.F.);
#2381=EDGE_CURVE('',#3082,#3081,#3426,.T.);
#2382=EDGE_CURVE('',#3082,#2960,#350,.F.);
#2383=EDGE_CURVE('',#2963,#3083,#351,.F.);
#2384=EDGE_CURVE('',#3083,#3084,#3427,.T.);
#2385=EDGE_CURVE('',#3084,#3085,#352,.F.);
#2386=EDGE_CURVE('',#3085,#3086,#353,.F.);
#2387=EDGE_CURVE('',#3086,#3087,#354,.T.);
#2388=EDGE_CURVE('',#3087,#3088,#355,.F.);
#2389=EDGE_CURVE('',#3088,#3089,#356,.F.);
#2390=EDGE_CURVE('',#3090,#3089,#3428,.T.);
#2391=EDGE_CURVE('',#3090,#2972,#357,.F.);
#2392=EDGE_CURVE('',#2975,#3091,#358,.F.);
#2393=EDGE_CURVE('',#3091,#3092,#3429,.T.);
#2394=EDGE_CURVE('',#3092,#3093,#359,.F.);
#2395=EDGE_CURVE('',#3093,#3094,#3430,.F.);
#2396=EDGE_CURVE('',#3094,#3095,#360,.F.);
#2397=EDGE_CURVE('',#3095,#3096,#3431,.F.);
#2398=EDGE_CURVE('',#3096,#3097,#361,.F.);
#2399=EDGE_CURVE('',#3097,#3098,#3432,.T.);
#2400=EDGE_CURVE('',#3098,#2968,#362,.F.);
#2401=EDGE_CURVE('',#2971,#3099,#363,.F.);
#2402=EDGE_CURVE('',#3068,#3099,#3433,.T.);
#2403=EDGE_CURVE('',#3100,#3101,#364,.T.);
#2404=EDGE_CURVE('',#3101,#3102,#3434,.F.);
#2405=EDGE_CURVE('',#3102,#3103,#365,.T.);
#2406=EDGE_CURVE('',#3103,#3104,#3435,.F.);
#2407=EDGE_CURVE('',#3104,#3105,#366,.T.);
#2408=EDGE_CURVE('',#3105,#3106,#367,.F.);
#2409=EDGE_CURVE('',#3106,#3107,#368,.T.);
#2410=EDGE_CURVE('',#3107,#3108,#3436,.T.);
#2411=EDGE_CURVE('',#3108,#3109,#369,.T.);
#2412=EDGE_CURVE('',#3109,#3110,#3437,.T.);
#2413=EDGE_CURVE('',#3110,#3111,#370,.T.);
#2414=EDGE_CURVE('',#3111,#3100,#371,.F.);
#2415=EDGE_CURVE('',#3112,#3113,#3438,.F.);
#2416=EDGE_CURVE('',#3113,#3114,#372,.F.);
#2417=EDGE_CURVE('',#3114,#3115,#3439,.F.);
#2418=EDGE_CURVE('',#3115,#3116,#373,.F.);
#2419=EDGE_CURVE('',#3116,#3117,#374,.T.);
#2420=EDGE_CURVE('',#3117,#3118,#375,.F.);
#2421=EDGE_CURVE('',#3118,#3119,#3440,.T.);
#2422=EDGE_CURVE('',#3119,#3120,#376,.F.);
#2423=EDGE_CURVE('',#3120,#3121,#3441,.T.);
#2424=EDGE_CURVE('',#3121,#3122,#377,.F.);
#2425=EDGE_CURVE('',#3122,#3123,#3442,.F.);
#2426=EDGE_CURVE('',#3123,#3124,#378,.F.);
#2427=EDGE_CURVE('',#3124,#3125,#379,.T.);
#2428=EDGE_CURVE('',#3125,#3126,#380,.F.);
#2429=EDGE_CURVE('',#3126,#3127,#3443,.T.);
#2430=EDGE_CURVE('',#3127,#3112,#381,.F.);
#2431=EDGE_CURVE('',#3128,#3128,#382,.T.);
#2432=EDGE_CURVE('',#3129,#3129,#383,.T.);
#2433=EDGE_CURVE('',#3130,#3131,#3444,.T.);
#2434=EDGE_CURVE('',#3131,#3132,#3445,.F.);
#2435=EDGE_CURVE('',#3132,#3133,#3446,.F.);
#2436=EDGE_CURVE('',#3133,#3130,#3447,.F.);
#2437=EDGE_CURVE('',#3134,#3135,#3448,.T.);
#2438=EDGE_CURVE('',#3135,#3136,#3449,.T.);
#2439=EDGE_CURVE('',#3136,#3137,#3450,.F.);
#2440=EDGE_CURVE('',#3137,#3134,#3451,.T.);
#2441=EDGE_CURVE('',#3138,#3139,#3452,.T.);
#2442=EDGE_CURVE('',#3138,#3140,#384,.T.);
#2443=EDGE_CURVE('',#3141,#3140,#3453,.T.);
#2444=EDGE_CURVE('',#3141,#3142,#611,.T.);
#2445=EDGE_CURVE('',#3142,#3143,#612,.T.);
#2446=EDGE_CURVE('',#3143,#3139,#613,.T.);
#2447=EDGE_CURVE('',#3144,#3145,#3454,.T.);
#2448=EDGE_CURVE('',#3144,#3141,#385,.F.);
#2449=EDGE_CURVE('',#3140,#3145,#386,.T.);
#2450=EDGE_CURVE('',#3146,#3147,#150,.F.);
#2451=EDGE_CURVE('',#3147,#3138,#614,.T.);
#2452=EDGE_CURVE('',#3139,#3148,#3455,.T.);
#2453=EDGE_CURVE('',#3149,#3148,#3456,.T.);
#2454=EDGE_CURVE('',#3149,#3150,#3457,.F.);
#2455=EDGE_CURVE('',#3150,#3151,#151,.F.);
#2456=EDGE_CURVE('',#3151,#3146,#3458,.F.);
#2457=EDGE_CURVE('',#3145,#3152,#387,.T.);
#2458=EDGE_CURVE('',#3153,#3152,#3459,.T.);
#2459=EDGE_CURVE('',#3153,#3154,#615,.T.);
#2460=EDGE_CURVE('',#3154,#3155,#616,.T.);
#2461=EDGE_CURVE('',#3155,#3144,#617,.T.);
#2462=EDGE_CURVE('',#3148,#3156,#388,.T.);
#2463=EDGE_CURVE('',#3157,#3156,#3460,.T.);
#2464=EDGE_CURVE('',#3157,#3149,#389,.T.);
#2465=EDGE_CURVE('',#3158,#3159,#152,.T.);
#2466=EDGE_CURVE('',#3159,#3160,#3461,.F.);
#2467=EDGE_CURVE('',#3161,#3160,#3462,.T.);
#2468=EDGE_CURVE('',#3161,#3153,#3463,.F.);
#2469=EDGE_CURVE('',#3152,#3162,#618,.F.);
#2470=EDGE_CURVE('',#3162,#3163,#153,.T.);
#2471=EDGE_CURVE('',#3163,#3158,#3464,.F.);
#2472=EDGE_CURVE('',#3164,#3165,#154,.F.);
#2473=EDGE_CURVE('',#3165,#3157,#3465,.F.);
#2474=EDGE_CURVE('',#3156,#3166,#3466,.T.);
#2475=EDGE_CURVE('',#3167,#3166,#3467,.T.);
#2476=EDGE_CURVE('',#3167,#3168,#3468,.F.);
#2477=EDGE_CURVE('',#3168,#3169,#155,.F.);
#2478=EDGE_CURVE('',#3169,#3164,#3469,.F.);
#2479=EDGE_CURVE('',#3170,#3171,#3470,.T.);
#2480=EDGE_CURVE('',#3170,#3161,#390,.T.);
#2481=EDGE_CURVE('',#3160,#3171,#391,.T.);
#2482=EDGE_CURVE('',#3172,#3173,#3471,.T.);
#2483=EDGE_CURVE('',#3172,#3167,#392,.T.);
#2484=EDGE_CURVE('',#3166,#3174,#619,.T.);
#2485=EDGE_CURVE('',#3174,#3175,#620,.T.);
#2486=EDGE_CURVE('',#3175,#3173,#621,.T.);
#2487=EDGE_CURVE('',#2865,#3176,#156,.F.);
#2488=EDGE_CURVE('',#3176,#3177,#3472,.F.);
#2489=EDGE_CURVE('',#3177,#3178,#157,.F.);
#2490=EDGE_CURVE('',#3178,#3170,#3473,.F.);
#2491=EDGE_CURVE('',#3171,#3179,#3474,.T.);
#2492=EDGE_CURVE('',#3179,#3180,#158,.T.);
#2493=EDGE_CURVE('',#3180,#3181,#3475,.F.);
#2494=EDGE_CURVE('',#3181,#3182,#159,.T.);
#2495=EDGE_CURVE('',#3182,#3183,#3476,.F.);
#2496=EDGE_CURVE('',#2866,#3183,#3477,.T.);
#2497=EDGE_CURVE('',#3184,#3185,#3478,.T.);
#2498=EDGE_CURVE('',#3184,#3172,#393,.T.);
#2499=EDGE_CURVE('',#3173,#3185,#394,.F.);
#2500=EDGE_CURVE('',#3183,#3184,#395,.T.);
#2501=EDGE_CURVE('',#3185,#3186,#622,.T.);
#2502=EDGE_CURVE('',#3186,#3187,#623,.T.);
#2503=EDGE_CURVE('',#3187,#2866,#624,.T.);
#2504=EDGE_CURVE('',#3089,#3188,#3479,.T.);
#2505=EDGE_CURVE('',#3188,#3189,#3480,.F.);
#2506=EDGE_CURVE('',#3189,#3090,#3481,.F.);
#2507=EDGE_CURVE('',#3083,#3190,#3482,.T.);
#2508=EDGE_CURVE('',#3190,#3191,#3483,.T.);
#2509=EDGE_CURVE('',#3191,#3084,#3484,.F.);
#2510=EDGE_CURVE('',#3091,#3192,#3485,.T.);
#2511=EDGE_CURVE('',#3192,#3193,#3486,.T.);
#2512=EDGE_CURVE('',#3193,#3092,#3487,.F.);
#2513=EDGE_CURVE('',#3097,#3194,#3488,.T.);
#2514=EDGE_CURVE('',#3194,#3195,#3489,.T.);
#2515=EDGE_CURVE('',#3195,#3098,#3490,.F.);
#2516=EDGE_CURVE('',#3073,#3196,#3491,.T.);
#2517=EDGE_CURVE('',#3196,#3197,#3492,.T.);
#2518=EDGE_CURVE('',#3197,#3074,#3493,.F.);
#2519=EDGE_CURVE('',#3099,#3198,#3494,.T.);
#2520=EDGE_CURVE('',#3198,#3199,#3495,.F.);
#2521=EDGE_CURVE('',#3199,#3068,#3496,.F.);
#2522=EDGE_CURVE('',#3075,#3200,#3497,.T.);
#2523=EDGE_CURVE('',#3200,#3201,#3498,.F.);
#2524=EDGE_CURVE('',#3201,#3076,#3499,.F.);
#2525=EDGE_CURVE('',#3081,#3202,#3500,.T.);
#2526=EDGE_CURVE('',#3202,#3203,#3501,.F.);
#2527=EDGE_CURVE('',#3203,#3082,#3502,.F.);
#2528=EDGE_CURVE('',#2915,#3204,#3503,.T.);
#2529=EDGE_CURVE('',#3204,#3205,#396,.T.);
#2530=EDGE_CURVE('',#2916,#3205,#3504,.T.);
#2531=EDGE_CURVE('',#3205,#3206,#397,.T.);
#2532=EDGE_CURVE('',#2917,#3206,#3505,.T.);
#2533=EDGE_CURVE('',#3206,#3207,#398,.F.);
#2534=EDGE_CURVE('',#2918,#3207,#3506,.T.);
#2535=EDGE_CURVE('',#3207,#3208,#399,.T.);
#2536=EDGE_CURVE('',#2919,#3208,#3507,.T.);
#2537=EDGE_CURVE('',#3208,#3209,#400,.T.);
#2538=EDGE_CURVE('',#2911,#3209,#3508,.T.);
#2539=EDGE_CURVE('',#3209,#3210,#3509,.F.);
#2540=EDGE_CURVE('',#3211,#3210,#3510,.T.);
#2541=EDGE_CURVE('',#3211,#3212,#3511,.T.);
#2542=EDGE_CURVE('',#3212,#2910,#625,.T.);
#2543=EDGE_CURVE('',#3210,#3213,#401,.T.);
#2544=EDGE_CURVE('',#3214,#3213,#3512,.T.);
#2545=EDGE_CURVE('',#3211,#3214,#402,.T.);
#2546=EDGE_CURVE('',#3213,#3215,#3513,.T.);
#2547=EDGE_CURVE('',#3216,#3215,#3514,.T.);
#2548=EDGE_CURVE('',#3214,#3216,#3515,.T.);
#2549=EDGE_CURVE('',#3215,#3217,#403,.T.);
#2550=EDGE_CURVE('',#3218,#3217,#3516,.T.);
#2551=EDGE_CURVE('',#3216,#3218,#404,.T.);
#2552=EDGE_CURVE('',#3217,#3219,#405,.T.);
#2553=EDGE_CURVE('',#3220,#3219,#3517,.T.);
#2554=EDGE_CURVE('',#3218,#3220,#406,.T.);
#2555=EDGE_CURVE('',#3219,#3221,#407,.F.);
#2556=EDGE_CURVE('',#3222,#3221,#3518,.T.);
#2557=EDGE_CURVE('',#3222,#3220,#408,.T.);
#2558=EDGE_CURVE('',#3221,#3223,#409,.T.);
#2559=EDGE_CURVE('',#3224,#3223,#3519,.T.);
#2560=EDGE_CURVE('',#3222,#3224,#410,.T.);
#2561=EDGE_CURVE('',#3223,#3225,#411,.T.);
#2562=EDGE_CURVE('',#3226,#3225,#3520,.T.);
#2563=EDGE_CURVE('',#3224,#3226,#412,.T.);
#2564=EDGE_CURVE('',#3225,#3227,#3521,.T.);
#2565=EDGE_CURVE('',#2913,#3227,#3522,.T.);
#2566=EDGE_CURVE('',#2912,#3228,#626,.T.);
#2567=EDGE_CURVE('',#3226,#3228,#3523,.T.);
#2568=EDGE_CURVE('',#3227,#3229,#413,.T.);
#2569=EDGE_CURVE('',#2914,#3229,#3524,.T.);
#2570=EDGE_CURVE('',#3229,#3204,#3525,.F.);
#2571=EDGE_CURVE('',#3228,#3212,#627,.T.);
#2572=EDGE_CURVE('',#3230,#3230,#628,.T.);
#2573=EDGE_CURVE('',#3231,#3232,#3526,.T.);
#2574=EDGE_CURVE('',#3231,#3233,#3527,.F.);
#2575=EDGE_CURVE('',#3233,#3234,#3528,.T.);
#2576=EDGE_CURVE('',#3234,#3232,#3529,.T.);
#2577=EDGE_CURVE('',#3235,#3236,#3530,.T.);
#2578=EDGE_CURVE('',#3235,#3237,#160,.F.);
#2579=EDGE_CURVE('',#3237,#3231,#161,.T.);
#2580=EDGE_CURVE('',#3232,#3236,#3531,.T.);
#2581=EDGE_CURVE('',#3238,#3239,#3532,.T.);
#2582=EDGE_CURVE('',#3238,#3240,#162,.F.);
#2583=EDGE_CURVE('',#3240,#3235,#629,.T.);
#2584=EDGE_CURVE('',#3236,#3239,#3533,.T.);
#2585=EDGE_CURVE('',#3241,#3241,#414,.T.);
#2586=EDGE_CURVE('',#3242,#3234,#3534,.T.);
#2587=EDGE_CURVE('',#3243,#3242,#3535,.T.);
#2588=EDGE_CURVE('',#3239,#3243,#3536,.T.);
#2589=EDGE_CURVE('',#3233,#3244,#163,.T.);
#2590=EDGE_CURVE('',#3244,#3245,#164,.F.);
#2591=EDGE_CURVE('',#3245,#3242,#3537,.T.);
#2592=EDGE_CURVE('',#3246,#3243,#3538,.T.);
#2593=EDGE_CURVE('',#3246,#3247,#630,.T.);
#2594=EDGE_CURVE('',#3247,#3248,#3539,.T.);
#2595=EDGE_CURVE('',#3248,#3238,#631,.T.);
#2596=EDGE_CURVE('',#3245,#3249,#632,.T.);
#2597=EDGE_CURVE('',#3249,#3246,#165,.F.);
#2598=EDGE_CURVE('',#3250,#3251,#633,.T.);
#2599=EDGE_CURVE('',#3251,#3252,#166,.F.);
#2600=EDGE_CURVE('',#3252,#3253,#3540,.T.);
#2601=EDGE_CURVE('',#3253,#3254,#3541,.T.);
#2602=EDGE_CURVE('',#3250,#3254,#3542,.T.);
#2603=EDGE_CURVE('',#3252,#3255,#634,.T.);
#2604=EDGE_CURVE('',#3255,#3256,#3543,.F.);
#2605=EDGE_CURVE('',#3256,#3257,#635,.T.);
#2606=EDGE_CURVE('',#3257,#3258,#3544,.T.);
#2607=EDGE_CURVE('',#3258,#3253,#3545,.T.);
#2608=EDGE_CURVE('',#3259,#3260,#167,.T.);
#2609=EDGE_CURVE('',#3260,#3250,#168,.F.);
#2610=EDGE_CURVE('',#3254,#3261,#3546,.T.);
#2611=EDGE_CURVE('',#3259,#3261,#3547,.T.);
#2612=EDGE_CURVE('',#3262,#3262,#415,.T.);
#2613=EDGE_CURVE('',#3263,#3258,#3548,.T.);
#2614=EDGE_CURVE('',#3264,#3263,#3549,.T.);
#2615=EDGE_CURVE('',#3261,#3264,#3550,.T.);
#2616=EDGE_CURVE('',#3257,#3265,#169,.F.);
#2617=EDGE_CURVE('',#3265,#3266,#636,.T.);
#2618=EDGE_CURVE('',#3266,#3263,#3551,.T.);
#2619=EDGE_CURVE('',#3266,#3267,#170,.F.);
#2620=EDGE_CURVE('',#3267,#3268,#171,.T.);
#2621=EDGE_CURVE('',#3268,#3264,#3552,.T.);
#2622=EDGE_CURVE('',#3268,#3259,#3553,.T.);
#2623=EDGE_CURVE('',#3269,#3269,#416,.F.);
#2624=EDGE_CURVE('',#3270,#3270,#417,.T.);
#2625=EDGE_CURVE('',#3271,#3271,#418,.F.);
#2626=EDGE_CURVE('',#3272,#3272,#419,.T.);
#2627=EDGE_CURVE('',#3273,#3273,#420,.T.);
#2628=EDGE_CURVE('',#3274,#3274,#421,.F.);
#2629=EDGE_CURVE('',#3275,#3275,#422,.F.);
#2630=EDGE_CURVE('',#3276,#3276,#423,.T.);
#2631=EDGE_CURVE('',#3277,#3278,#3554,.T.);
#2632=EDGE_CURVE('',#3277,#3279,#424,.T.);
#2633=EDGE_CURVE('',#3279,#3280,#3555,.T.);
#2634=EDGE_CURVE('',#3280,#3278,#425,.F.);
#2635=EDGE_CURVE('',#3279,#3281,#3556,.T.);
#2636=EDGE_CURVE('',#3281,#3282,#3557,.T.);
#2637=EDGE_CURVE('',#3282,#3280,#3558,.F.);
#2638=EDGE_CURVE('',#3283,#3284,#3559,.T.);
#2639=EDGE_CURVE('',#3283,#3277,#3560,.F.);
#2640=EDGE_CURVE('',#3278,#3284,#3561,.T.);
#2641=EDGE_CURVE('',#3281,#3285,#426,.T.);
#2642=EDGE_CURVE('',#3285,#3286,#3562,.T.);
#2643=EDGE_CURVE('',#3286,#3282,#427,.F.);
#2644=EDGE_CURVE('',#3285,#3287,#3563,.T.);
#2645=EDGE_CURVE('',#3287,#3288,#3564,.T.);
#2646=EDGE_CURVE('',#3288,#3286,#3565,.F.);
#2647=EDGE_CURVE('',#3289,#3290,#637,.T.);
#2648=EDGE_CURVE('',#3290,#3291,#172,.F.);
#2649=EDGE_CURVE('',#3291,#3292,#3566,.T.);
#2650=EDGE_CURVE('',#3292,#3288,#428,.F.);
#2651=EDGE_CURVE('',#3287,#3289,#429,.T.);
#2652=EDGE_CURVE('',#3291,#3293,#3567,.T.);
#2653=EDGE_CURVE('',#3293,#3294,#3568,.T.);
#2654=EDGE_CURVE('',#3294,#3292,#3569,.T.);
#2655=EDGE_CURVE('',#3295,#3296,#638,.T.);
#2656=EDGE_CURVE('',#3296,#3283,#430,.T.);
#2657=EDGE_CURVE('',#3284,#3294,#431,.F.);
#2658=EDGE_CURVE('',#3293,#3295,#173,.F.);
#2659=EDGE_CURVE('',#2966,#3200,#432,.F.);
#2660=EDGE_CURVE('',#3201,#2957,#433,.F.);
#2661=EDGE_CURVE('',#2956,#3297,#174,.T.);
#2662=EDGE_CURVE('',#3297,#3077,#639,.T.);
#2663=EDGE_CURVE('',#3136,#3202,#434,.F.);
#2664=EDGE_CURVE('',#3080,#3298,#640,.T.);
#2665=EDGE_CURVE('',#3298,#3137,#175,.T.);
#2666=EDGE_CURVE('',#3203,#2961,#435,.F.);
#2667=EDGE_CURVE('',#2962,#3190,#436,.F.);
#2668=EDGE_CURVE('',#3191,#3135,#437,.F.);
#2669=EDGE_CURVE('',#3134,#3299,#176,.T.);
#2670=EDGE_CURVE('',#3299,#3085,#641,.F.);
#2671=EDGE_CURVE('',#3132,#3188,#438,.F.);
#2672=EDGE_CURVE('',#3088,#3300,#642,.T.);
#2673=EDGE_CURVE('',#3300,#3133,#177,.F.);
#2674=EDGE_CURVE('',#3189,#2973,#439,.F.);
#2675=EDGE_CURVE('',#2954,#3194,#440,.F.);
#2676=EDGE_CURVE('',#3096,#3301,#643,.T.);
#2677=EDGE_CURVE('',#3301,#2955,#178,.F.);
#2678=EDGE_CURVE('',#3199,#2953,#441,.F.);
#2679=EDGE_CURVE('',#2952,#3302,#179,.F.);
#2680=EDGE_CURVE('',#3302,#3069,#644,.T.);
#2681=EDGE_CURVE('',#3197,#2965,#442,.F.);
#2682=EDGE_CURVE('',#2958,#3196,#443,.F.);
#2683=EDGE_CURVE('',#3072,#3303,#645,.T.);
#2684=EDGE_CURVE('',#3303,#2959,#180,.T.);
#2685=EDGE_CURVE('',#2974,#3192,#444,.F.);
#2686=EDGE_CURVE('',#3193,#3131,#445,.F.);
#2687=EDGE_CURVE('',#3130,#3304,#181,.F.);
#2688=EDGE_CURVE('',#3304,#3093,#646,.T.);
#2689=EDGE_CURVE('',#3195,#2969,#446,.F.);
#2690=EDGE_CURVE('',#2970,#3198,#447,.F.);
#2691=EDGE_CURVE('',#3178,#2871,#647,.T.);
#2692=EDGE_CURVE('',#2870,#3170,#448,.T.);
#2693=EDGE_CURVE('',#2867,#3187,#449,.T.);
#2694=EDGE_CURVE('',#2999,#3186,#450,.T.);
#2695=EDGE_CURVE('',#3000,#3185,#451,.T.);
#2696=EDGE_CURVE('',#3001,#3173,#452,.T.);
#2697=EDGE_CURVE('',#2997,#3175,#453,.T.);
#2698=EDGE_CURVE('',#2994,#3174,#454,.T.);
#2699=EDGE_CURVE('',#2995,#3166,#455,.T.);
#2700=EDGE_CURVE('',#2991,#3156,#456,.T.);
#2701=EDGE_CURVE('',#2988,#3148,#457,.T.);
#2702=EDGE_CURVE('',#2989,#3139,#458,.T.);
#2703=EDGE_CURVE('',#2986,#3143,#459,.T.);
#2704=EDGE_CURVE('',#2981,#3142,#460,.T.);
#2705=EDGE_CURVE('',#2982,#3141,#461,.T.);
#2706=EDGE_CURVE('',#2983,#3144,#462,.T.);
#2707=EDGE_CURVE('',#2979,#3155,#463,.T.);
#2708=EDGE_CURVE('',#2976,#3154,#464,.T.);
#2709=EDGE_CURVE('',#3005,#3153,#465,.T.);
#2710=EDGE_CURVE('',#3161,#3003,#466,.F.);
#2711=EDGE_CURVE('',#3157,#3095,#467,.T.);
#2712=EDGE_CURVE('',#3165,#3301,#648,.F.);
#2713=EDGE_CURVE('',#3149,#3094,#468,.T.);
#2714=EDGE_CURVE('',#3304,#3150,#649,.T.);
#2715=EDGE_CURVE('',#3160,#3079,#469,.T.);
#2716=EDGE_CURVE('',#3159,#3298,#650,.F.);
#2717=EDGE_CURVE('',#3171,#3078,#470,.T.);
#2718=EDGE_CURVE('',#3297,#3179,#651,.T.);
#2719=EDGE_CURVE('',#3299,#3162,#652,.T.);
#2720=EDGE_CURVE('',#3086,#3145,#471,.T.);
#2721=EDGE_CURVE('',#3140,#3087,#472,.T.);
#2722=EDGE_CURVE('',#3147,#3300,#653,.F.);
#2723=EDGE_CURVE('',#3163,#3134,#473,.T.);
#2724=EDGE_CURVE('',#3158,#3137,#474,.T.);
#2725=EDGE_CURVE('',#3151,#3130,#475,.T.);
#2726=EDGE_CURVE('',#3146,#3133,#476,.T.);
#2727=EDGE_CURVE('',#3180,#2956,#477,.T.);
#2728=EDGE_CURVE('',#3181,#2959,#478,.T.);
#2729=EDGE_CURVE('',#3182,#3305,#654,.F.);
#2730=EDGE_CURVE('',#3305,#3303,#655,.F.);
#2731=EDGE_CURVE('',#3183,#3305,#479,.T.);
#2732=EDGE_CURVE('',#3184,#3071,#480,.T.);
#2733=EDGE_CURVE('',#3172,#3070,#481,.T.);
#2734=EDGE_CURVE('',#3167,#3306,#482,.T.);
#2735=EDGE_CURVE('',#3306,#3302,#656,.F.);
#2736=EDGE_CURVE('',#3168,#3306,#657,.F.);
#2737=EDGE_CURVE('',#3169,#2952,#483,.T.);
#2738=EDGE_CURVE('',#3164,#2955,#484,.T.);
#2739=EDGE_CURVE('',#2895,#3267,#658,.F.);
#2740=EDGE_CURVE('',#3260,#2894,#659,.T.);
#2741=EDGE_CURVE('',#2890,#3265,#660,.F.);
#2742=EDGE_CURVE('',#3251,#2893,#661,.T.);
#2743=EDGE_CURVE('',#2891,#3256,#662,.F.);
#2744=EDGE_CURVE('',#3255,#2892,#663,.T.);
#2745=EDGE_CURVE('',#2905,#3237,#664,.F.);
#2746=EDGE_CURVE('',#3244,#2904,#665,.T.);
#2747=EDGE_CURVE('',#2900,#3240,#666,.F.);
#2748=EDGE_CURVE('',#3249,#2903,#667,.T.);
#2749=EDGE_CURVE('',#2901,#3248,#668,.F.);
#2750=EDGE_CURVE('',#3247,#2902,#669,.T.);
#2751=EDGE_CURVE('',#3034,#3227,#485,.T.);
#2752=EDGE_CURVE('',#3229,#3033,#486,.T.);
#2753=EDGE_CURVE('',#3204,#3032,#487,.T.);
#2754=EDGE_CURVE('',#3035,#3225,#488,.T.);
#2755=EDGE_CURVE('',#3205,#3031,#489,.T.);
#2756=EDGE_CURVE('',#3036,#3223,#490,.T.);
#2757=EDGE_CURVE('',#3206,#3030,#491,.T.);
#2758=EDGE_CURVE('',#3037,#3221,#492,.T.);
#2759=EDGE_CURVE('',#3207,#3029,#493,.T.);
#2760=EDGE_CURVE('',#3038,#3219,#494,.T.);
#2761=EDGE_CURVE('',#3208,#3028,#495,.T.);
#2762=EDGE_CURVE('',#3039,#3217,#496,.T.);
#2763=EDGE_CURVE('',#3209,#3027,#497,.T.);
#2764=EDGE_CURVE('',#3024,#3215,#498,.T.);
#2765=EDGE_CURVE('',#3210,#3026,#499,.T.);
#2766=EDGE_CURVE('',#3025,#3213,#500,.T.);
#2767=EDGE_CURVE('',#2886,#3059,#501,.T.);
#2768=EDGE_CURVE('',#3060,#3011,#502,.T.);
#2769=EDGE_CURVE('',#3061,#3014,#503,.T.);
#2770=EDGE_CURVE('',#2888,#3058,#504,.T.);
#2771=EDGE_CURVE('',#3062,#3016,#505,.T.);
#2772=EDGE_CURVE('',#3007,#3057,#506,.T.);
#2773=EDGE_CURVE('',#3063,#2898,#507,.T.);
#2774=EDGE_CURVE('',#3009,#3056,#508,.T.);
#2775=EDGE_CURVE('',#3064,#2896,#509,.T.);
#2776=EDGE_CURVE('',#3044,#3055,#510,.T.);
#2777=EDGE_CURVE('',#3065,#3018,#511,.T.);
#2778=EDGE_CURVE('',#2906,#3054,#512,.T.);
#2779=EDGE_CURVE('',#3050,#3020,#513,.T.);
#2780=EDGE_CURVE('',#2908,#3053,#514,.T.);
#2781=EDGE_CURVE('',#3051,#3040,#515,.T.);
#2782=EDGE_CURVE('',#3042,#3052,#516,.T.);
#2783=EDGE_CURVE('',#3108,#3002,#517,.T.);
#2784=EDGE_CURVE('',#2977,#3107,#518,.T.);
#2785=EDGE_CURVE('',#2978,#3106,#519,.T.);
#2786=EDGE_CURVE('',#3109,#2869,#520,.T.);
#2787=EDGE_CURVE('',#2980,#3105,#521,.T.);
#2788=EDGE_CURVE('',#3110,#2868,#522,.T.);
#2789=EDGE_CURVE('',#2984,#3104,#523,.T.);
#2790=EDGE_CURVE('',#3111,#2998,#524,.T.);
#2791=EDGE_CURVE('',#2987,#3103,#525,.T.);
#2792=EDGE_CURVE('',#3100,#2996,#526,.T.);
#2793=EDGE_CURVE('',#2990,#3102,#527,.T.);
#2794=EDGE_CURVE('',#3101,#2993,#528,.T.);
#2795=EDGE_CURVE('',#3122,#3019,#529,.T.);
#2796=EDGE_CURVE('',#3021,#3121,#530,.T.);
#2797=EDGE_CURVE('',#3041,#3120,#531,.T.);
#2798=EDGE_CURVE('',#3123,#2897,#532,.T.);
#2799=EDGE_CURVE('',#3043,#3119,#533,.T.);
#2800=EDGE_CURVE('',#3124,#2899,#534,.T.);
#2801=EDGE_CURVE('',#2909,#3118,#535,.T.);
#2802=EDGE_CURVE('',#3125,#3017,#536,.T.);
#2803=EDGE_CURVE('',#2907,#3117,#537,.T.);
#2804=EDGE_CURVE('',#3126,#3015,#538,.T.);
#2805=EDGE_CURVE('',#3045,#3116,#539,.T.);
#2806=EDGE_CURVE('',#3127,#3012,#540,.T.);
#2807=EDGE_CURVE('',#3010,#3115,#541,.T.);
#2808=EDGE_CURVE('',#3112,#2887,#542,.T.);
#2809=EDGE_CURVE('',#3008,#3114,#543,.T.);
#2810=EDGE_CURVE('',#3113,#2889,#544,.T.);
#2811=EDGE_CURVE('',#3291,#3177,#545,.T.);
#2812=EDGE_CURVE('',#3178,#3290,#546,.T.);
#2813=EDGE_CURVE('',#2871,#3289,#547,.T.);
#2814=EDGE_CURVE('',#3293,#3176,#548,.T.);
#2815=EDGE_CURVE('',#2872,#3287,#549,.T.);
#2816=EDGE_CURVE('',#3295,#2865,#550,.T.);
#2817=EDGE_CURVE('',#2873,#3285,#551,.T.);
#2818=EDGE_CURVE('',#3296,#2863,#552,.T.);
#2819=EDGE_CURVE('',#2874,#3281,#553,.T.);
#2820=EDGE_CURVE('',#3283,#2877,#554,.T.);
#2821=EDGE_CURVE('',#2875,#3279,#555,.T.);
#2822=EDGE_CURVE('',#3277,#2876,#556,.T.);
#2823=EDGE_CURVE('',#2884,#3292,#557,.T.);
#2824=EDGE_CURVE('',#3288,#2883,#558,.T.);
#2825=EDGE_CURVE('',#3286,#2882,#559,.T.);
#2826=EDGE_CURVE('',#2885,#3294,#560,.T.);
#2827=EDGE_CURVE('',#3282,#2881,#561,.T.);
#2828=EDGE_CURVE('',#2878,#3284,#562,.T.);
#2829=EDGE_CURVE('',#3280,#2880,#563,.T.);
#2830=EDGE_CURVE('',#2879,#3278,#564,.T.);
#2831=EDGE_CURVE('',#2958,#2925,#565,.T.);
#2832=EDGE_CURVE('',#2926,#2957,#566,.T.);
#2833=EDGE_CURVE('',#2927,#3201,#567,.T.);
#2834=EDGE_CURVE('',#3196,#2924,#568,.T.);
#2835=EDGE_CURVE('',#2920,#3200,#569,.T.);
#2836=EDGE_CURVE('',#3197,#2923,#570,.T.);
#2837=EDGE_CURVE('',#2921,#2966,#571,.T.);
#2838=EDGE_CURVE('',#2965,#2922,#572,.T.);
#2839=EDGE_CURVE('',#2942,#2953,#573,.T.);
#2840=EDGE_CURVE('',#2954,#2941,#574,.T.);
#2841=EDGE_CURVE('',#3194,#2940,#575,.T.);
#2842=EDGE_CURVE('',#2943,#3199,#576,.T.);
#2843=EDGE_CURVE('',#3195,#2939,#577,.T.);
#2844=EDGE_CURVE('',#2936,#3198,#578,.T.);
#2845=EDGE_CURVE('',#2969,#2938,#579,.T.);
#2846=EDGE_CURVE('',#2937,#2970,#580,.T.);
#2847=EDGE_CURVE('',#3136,#2933,#581,.T.);
#2848=EDGE_CURVE('',#2934,#3135,#582,.T.);
#2849=EDGE_CURVE('',#2935,#3191,#583,.T.);
#2850=EDGE_CURVE('',#3202,#2932,#584,.T.);
#2851=EDGE_CURVE('',#2928,#3190,#585,.T.);
#2852=EDGE_CURVE('',#3203,#2931,#586,.T.);
#2853=EDGE_CURVE('',#2929,#2962,#587,.T.);
#2854=EDGE_CURVE('',#2961,#2930,#588,.T.);
#2855=EDGE_CURVE('',#2950,#3131,#589,.T.);
#2856=EDGE_CURVE('',#3132,#2949,#590,.T.);
#2857=EDGE_CURVE('',#3188,#2948,#591,.T.);
#2858=EDGE_CURVE('',#2951,#3193,#592,.T.);
#2859=EDGE_CURVE('',#3189,#2947,#593,.T.);
#2860=EDGE_CURVE('',#2944,#3192,#594,.T.);
#2861=EDGE_CURVE('',#2973,#2946,#595,.T.);
#2862=EDGE_CURVE('',#2945,#2974,#596,.T.);
#2863=VERTEX_POINT('',#7246);
#2864=VERTEX_POINT('',#7247);
#2865=VERTEX_POINT('',#7252);
#2866=VERTEX_POINT('',#7254);
#2867=VERTEX_POINT('',#7258);
#2868=VERTEX_POINT('',#7259);
#2869=VERTEX_POINT('',#7261);
#2870=VERTEX_POINT('',#7263);
#2871=VERTEX_POINT('',#7265);
#2872=VERTEX_POINT('',#7267);
#2873=VERTEX_POINT('',#7269);
#2874=VERTEX_POINT('',#7271);
#2875=VERTEX_POINT('',#7273);
#2876=VERTEX_POINT('',#7275);
#2877=VERTEX_POINT('',#7277);
#2878=VERTEX_POINT('',#7287);
#2879=VERTEX_POINT('',#7288);
#2880=VERTEX_POINT('',#7290);
#2881=VERTEX_POINT('',#7292);
#2882=VERTEX_POINT('',#7294);
#2883=VERTEX_POINT('',#7296);
#2884=VERTEX_POINT('',#7298);
#2885=VERTEX_POINT('',#7300);
#2886=VERTEX_POINT('',#7303);
#2887=VERTEX_POINT('',#7304);
#2888=VERTEX_POINT('',#7306);
#2889=VERTEX_POINT('',#7308);
#2890=VERTEX_POINT('',#7312);
#2891=VERTEX_POINT('',#7313);
#2892=VERTEX_POINT('',#7315);
#2893=VERTEX_POINT('',#7317);
#2894=VERTEX_POINT('',#7319);
#2895=VERTEX_POINT('',#7321);
#2896=VERTEX_POINT('',#7324);
#2897=VERTEX_POINT('',#7325);
#2898=VERTEX_POINT('',#7327);
#2899=VERTEX_POINT('',#7329);
#2900=VERTEX_POINT('',#7333);
#2901=VERTEX_POINT('',#7334);
#2902=VERTEX_POINT('',#7336);
#2903=VERTEX_POINT('',#7338);
#2904=VERTEX_POINT('',#7340);
#2905=VERTEX_POINT('',#7342);
#2906=VERTEX_POINT('',#7345);
#2907=VERTEX_POINT('',#7346);
#2908=VERTEX_POINT('',#7348);
#2909=VERTEX_POINT('',#7350);
#2910=VERTEX_POINT('',#7354);
#2911=VERTEX_POINT('',#7355);
#2912=VERTEX_POINT('',#7370);
#2913=VERTEX_POINT('',#7372);
#2914=VERTEX_POINT('',#7374);
#2915=VERTEX_POINT('',#7376);
#2916=VERTEX_POINT('',#7378);
#2917=VERTEX_POINT('',#7380);
#2918=VERTEX_POINT('',#7382);
#2919=VERTEX_POINT('',#7384);
#2920=VERTEX_POINT('',#7388);
#2921=VERTEX_POINT('',#7389);
#2922=VERTEX_POINT('',#7391);
#2923=VERTEX_POINT('',#7393);
#2924=VERTEX_POINT('',#7395);
#2925=VERTEX_POINT('',#7397);
#2926=VERTEX_POINT('',#7399);
#2927=VERTEX_POINT('',#7401);
#2928=VERTEX_POINT('',#7405);
#2929=VERTEX_POINT('',#7406);
#2930=VERTEX_POINT('',#7408);
#2931=VERTEX_POINT('',#7410);
#2932=VERTEX_POINT('',#7412);
#2933=VERTEX_POINT('',#7414);
#2934=VERTEX_POINT('',#7416);
#2935=VERTEX_POINT('',#7418);
#2936=VERTEX_POINT('',#7422);
#2937=VERTEX_POINT('',#7423);
#2938=VERTEX_POINT('',#7425);
#2939=VERTEX_POINT('',#7427);
#2940=VERTEX_POINT('',#7429);
#2941=VERTEX_POINT('',#7431);
#2942=VERTEX_POINT('',#7433);
#2943=VERTEX_POINT('',#7435);
#2944=VERTEX_POINT('',#7439);
#2945=VERTEX_POINT('',#7440);
#2946=VERTEX_POINT('',#7442);
#2947=VERTEX_POINT('',#7444);
#2948=VERTEX_POINT('',#7446);
#2949=VERTEX_POINT('',#7448);
#2950=VERTEX_POINT('',#7450);
#2951=VERTEX_POINT('',#7452);
#2952=VERTEX_POINT('',#7456);
#2953=VERTEX_POINT('',#7457);
#2954=VERTEX_POINT('',#7459);
#2955=VERTEX_POINT('',#7461);
#2956=VERTEX_POINT('',#7465);
#2957=VERTEX_POINT('',#7466);
#2958=VERTEX_POINT('',#7468);
#2959=VERTEX_POINT('',#7470);
#2960=VERTEX_POINT('',#7474);
#2961=VERTEX_POINT('',#7475);
#2962=VERTEX_POINT('',#7477);
#2963=VERTEX_POINT('',#7479);
#2964=VERTEX_POINT('',#7483);
#2965=VERTEX_POINT('',#7484);
#2966=VERTEX_POINT('',#7486);
#2967=VERTEX_POINT('',#7488);
#2968=VERTEX_POINT('',#7492);
#2969=VERTEX_POINT('',#7493);
#2970=VERTEX_POINT('',#7495);
#2971=VERTEX_POINT('',#7497);
#2972=VERTEX_POINT('',#7501);
#2973=VERTEX_POINT('',#7502);
#2974=VERTEX_POINT('',#7504);
#2975=VERTEX_POINT('',#7506);
#2976=VERTEX_POINT('',#7510);
#2977=VERTEX_POINT('',#7511);
#2978=VERTEX_POINT('',#7513);
#2979=VERTEX_POINT('',#7515);
#2980=VERTEX_POINT('',#7525);
#2981=VERTEX_POINT('',#7527);
#2982=VERTEX_POINT('',#7535);
#2983=VERTEX_POINT('',#7537);
#2984=VERTEX_POINT('',#7547);
#2985=VERTEX_POINT('',#7549);
#2986=VERTEX_POINT('',#7551);
#2987=VERTEX_POINT('',#7561);
#2988=VERTEX_POINT('',#7563);
#2989=VERTEX_POINT('',#7565);
#2990=VERTEX_POINT('',#7575);
#2991=VERTEX_POINT('',#7577);
#2992=VERTEX_POINT('',#7581);
#2993=VERTEX_POINT('',#7583);
#2994=VERTEX_POINT('',#7585);
#2995=VERTEX_POINT('',#7592);
#2996=VERTEX_POINT('',#7596);
#2997=VERTEX_POINT('',#7598);
#2998=VERTEX_POINT('',#7608);
#2999=VERTEX_POINT('',#7610);
#3000=VERTEX_POINT('',#7618);
#3001=VERTEX_POINT('',#7620);
#3002=VERTEX_POINT('',#7639);
#3003=VERTEX_POINT('',#7641);
#3004=VERTEX_POINT('',#7645);
#3005=VERTEX_POINT('',#7653);
#3006=VERTEX_POINT('',#7657);
#3007=VERTEX_POINT('',#7659);
#3008=VERTEX_POINT('',#7660);
#3009=VERTEX_POINT('',#7662);
#3010=VERTEX_POINT('',#7664);
#3011=VERTEX_POINT('',#7671);
#3012=VERTEX_POINT('',#7672);
#3013=VERTEX_POINT('',#7677);
#3014=VERTEX_POINT('',#7679);
#3015=VERTEX_POINT('',#7680);
#3016=VERTEX_POINT('',#7685);
#3017=VERTEX_POINT('',#7686);
#3018=VERTEX_POINT('',#7694);
#3019=VERTEX_POINT('',#7695);
#3020=VERTEX_POINT('',#7700);
#3021=VERTEX_POINT('',#7701);
#3022=VERTEX_POINT('',#7706);
#3023=VERTEX_POINT('',#7708);
#3024=VERTEX_POINT('',#7710);
#3025=VERTEX_POINT('',#7711);
#3026=VERTEX_POINT('',#7713);
#3027=VERTEX_POINT('',#7715);
#3028=VERTEX_POINT('',#7717);
#3029=VERTEX_POINT('',#7719);
#3030=VERTEX_POINT('',#7721);
#3031=VERTEX_POINT('',#7723);
#3032=VERTEX_POINT('',#7725);
#3033=VERTEX_POINT('',#7727);
#3034=VERTEX_POINT('',#7729);
#3035=VERTEX_POINT('',#7731);
#3036=VERTEX_POINT('',#7733);
#3037=VERTEX_POINT('',#7735);
#3038=VERTEX_POINT('',#7737);
#3039=VERTEX_POINT('',#7739);
#3040=VERTEX_POINT('',#7742);
#3041=VERTEX_POINT('',#7743);
#3042=VERTEX_POINT('',#7748);
#3043=VERTEX_POINT('',#7749);
#3044=VERTEX_POINT('',#7757);
#3045=VERTEX_POINT('',#7758);
#3046=VERTEX_POINT('',#7766);
#3047=VERTEX_POINT('',#7768);
#3048=VERTEX_POINT('',#7771);
#3049=VERTEX_POINT('',#7773);
#3050=VERTEX_POINT('',#7776);
#3051=VERTEX_POINT('',#7777);
#3052=VERTEX_POINT('',#7779);
#3053=VERTEX_POINT('',#7781);
#3054=VERTEX_POINT('',#7783);
#3055=VERTEX_POINT('',#7785);
#3056=VERTEX_POINT('',#7787);
#3057=VERTEX_POINT('',#7789);
#3058=VERTEX_POINT('',#7791);
#3059=VERTEX_POINT('',#7793);
#3060=VERTEX_POINT('',#7795);
#3061=VERTEX_POINT('',#7797);
#3062=VERTEX_POINT('',#7799);
#3063=VERTEX_POINT('',#7801);
#3064=VERTEX_POINT('',#7803);
#3065=VERTEX_POINT('',#7805);
#3066=VERTEX_POINT('',#7808);
#3067=VERTEX_POINT('',#7810);
#3068=VERTEX_POINT('',#7812);
#3069=VERTEX_POINT('',#7813);
#3070=VERTEX_POINT('',#7815);
#3071=VERTEX_POINT('',#7817);
#3072=VERTEX_POINT('',#7819);
#3073=VERTEX_POINT('',#7821);
#3074=VERTEX_POINT('',#7823);
#3075=VERTEX_POINT('',#7826);
#3076=VERTEX_POINT('',#7828);
#3077=VERTEX_POINT('',#7830);
#3078=VERTEX_POINT('',#7832);
#3079=VERTEX_POINT('',#7834);
#3080=VERTEX_POINT('',#7836);
#3081=VERTEX_POINT('',#7838);
#3082=VERTEX_POINT('',#7840);
#3083=VERTEX_POINT('',#7843);
#3084=VERTEX_POINT('',#7845);
#3085=VERTEX_POINT('',#7847);
#3086=VERTEX_POINT('',#7849);
#3087=VERTEX_POINT('',#7851);
#3088=VERTEX_POINT('',#7853);
#3089=VERTEX_POINT('',#7855);
#3090=VERTEX_POINT('',#7857);
#3091=VERTEX_POINT('',#7860);
#3092=VERTEX_POINT('',#7862);
#3093=VERTEX_POINT('',#7864);
#3094=VERTEX_POINT('',#7866);
#3095=VERTEX_POINT('',#7868);
#3096=VERTEX_POINT('',#7870);
#3097=VERTEX_POINT('',#7872);
#3098=VERTEX_POINT('',#7874);
#3099=VERTEX_POINT('',#7877);
#3100=VERTEX_POINT('',#7881);
#3101=VERTEX_POINT('',#7882);
#3102=VERTEX_POINT('',#7884);
#3103=VERTEX_POINT('',#7886);
#3104=VERTEX_POINT('',#7888);
#3105=VERTEX_POINT('',#7890);
#3106=VERTEX_POINT('',#7892);
#3107=VERTEX_POINT('',#7894);
#3108=VERTEX_POINT('',#7896);
#3109=VERTEX_POINT('',#7898);
#3110=VERTEX_POINT('',#7900);
#3111=VERTEX_POINT('',#7902);
#3112=VERTEX_POINT('',#7905);
#3113=VERTEX_POINT('',#7906);
#3114=VERTEX_POINT('',#7908);
#3115=VERTEX_POINT('',#7910);
#3116=VERTEX_POINT('',#7912);
#3117=VERTEX_POINT('',#7914);
#3118=VERTEX_POINT('',#7916);
#3119=VERTEX_POINT('',#7918);
#3120=VERTEX_POINT('',#7920);
#3121=VERTEX_POINT('',#7922);
#3122=VERTEX_POINT('',#7924);
#3123=VERTEX_POINT('',#7926);
#3124=VERTEX_POINT('',#7928);
#3125=VERTEX_POINT('',#7930);
#3126=VERTEX_POINT('',#7932);
#3127=VERTEX_POINT('',#7934);
#3128=VERTEX_POINT('',#7937);
#3129=VERTEX_POINT('',#7939);
#3130=VERTEX_POINT('',#7942);
#3131=VERTEX_POINT('',#7943);
#3132=VERTEX_POINT('',#7945);
#3133=VERTEX_POINT('',#7947);
#3134=VERTEX_POINT('',#7951);
#3135=VERTEX_POINT('',#7952);
#3136=VERTEX_POINT('',#7954);
#3137=VERTEX_POINT('',#7956);
#3138=VERTEX_POINT('',#7960);
#3139=VERTEX_POINT('',#7961);
#3140=VERTEX_POINT('',#7963);
#3141=VERTEX_POINT('',#7965);
#3142=VERTEX_POINT('',#7972);
#3143=VERTEX_POINT('',#7981);
#3144=VERTEX_POINT('',#7990);
#3145=VERTEX_POINT('',#7991);
#3146=VERTEX_POINT('',#7996);
#3147=VERTEX_POINT('',#7997);
#3148=VERTEX_POINT('',#8003);
#3149=VERTEX_POINT('',#8005);
#3150=VERTEX_POINT('',#8007);
#3151=VERTEX_POINT('',#8009);
#3152=VERTEX_POINT('',#8013);
#3153=VERTEX_POINT('',#8015);
#3154=VERTEX_POINT('',#8022);
#3155=VERTEX_POINT('',#8031);
#3156=VERTEX_POINT('',#8040);
#3157=VERTEX_POINT('',#8042);
#3158=VERTEX_POINT('',#8046);
#3159=VERTEX_POINT('',#8047);
#3160=VERTEX_POINT('',#8049);
#3161=VERTEX_POINT('',#8051);
#3162=VERTEX_POINT('',#8057);
#3163=VERTEX_POINT('',#8059);
#3164=VERTEX_POINT('',#8063);
#3165=VERTEX_POINT('',#8064);
#3166=VERTEX_POINT('',#8067);
#3167=VERTEX_POINT('',#8069);
#3168=VERTEX_POINT('',#8071);
#3169=VERTEX_POINT('',#8073);
#3170=VERTEX_POINT('',#8077);
#3171=VERTEX_POINT('',#8078);
#3172=VERTEX_POINT('',#8083);
#3173=VERTEX_POINT('',#8084);
#3174=VERTEX_POINT('',#8092);
#3175=VERTEX_POINT('',#8101);
#3176=VERTEX_POINT('',#8110);
#3177=VERTEX_POINT('',#8112);
#3178=VERTEX_POINT('',#8114);
#3179=VERTEX_POINT('',#8117);
#3180=VERTEX_POINT('',#8119);
#3181=VERTEX_POINT('',#8121);
#3182=VERTEX_POINT('',#8123);
#3183=VERTEX_POINT('',#8125);
#3184=VERTEX_POINT('',#8129);
#3185=VERTEX_POINT('',#8130);
#3186=VERTEX_POINT('',#8141);
#3187=VERTEX_POINT('',#8150);
#3188=VERTEX_POINT('',#8159);
#3189=VERTEX_POINT('',#8161);
#3190=VERTEX_POINT('',#8165);
#3191=VERTEX_POINT('',#8167);
#3192=VERTEX_POINT('',#8171);
#3193=VERTEX_POINT('',#8173);
#3194=VERTEX_POINT('',#8177);
#3195=VERTEX_POINT('',#8179);
#3196=VERTEX_POINT('',#8183);
#3197=VERTEX_POINT('',#8185);
#3198=VERTEX_POINT('',#8189);
#3199=VERTEX_POINT('',#8191);
#3200=VERTEX_POINT('',#8195);
#3201=VERTEX_POINT('',#8197);
#3202=VERTEX_POINT('',#8201);
#3203=VERTEX_POINT('',#8203);
#3204=VERTEX_POINT('',#8207);
#3205=VERTEX_POINT('',#8209);
#3206=VERTEX_POINT('',#8213);
#3207=VERTEX_POINT('',#8217);
#3208=VERTEX_POINT('',#8221);
#3209=VERTEX_POINT('',#8225);
#3210=VERTEX_POINT('',#8229);
#3211=VERTEX_POINT('',#8231);
#3212=VERTEX_POINT('',#8233);
#3213=VERTEX_POINT('',#8245);
#3214=VERTEX_POINT('',#8247);
#3215=VERTEX_POINT('',#8251);
#3216=VERTEX_POINT('',#8253);
#3217=VERTEX_POINT('',#8257);
#3218=VERTEX_POINT('',#8259);
#3219=VERTEX_POINT('',#8263);
#3220=VERTEX_POINT('',#8265);
#3221=VERTEX_POINT('',#8269);
#3222=VERTEX_POINT('',#8271);
#3223=VERTEX_POINT('',#8275);
#3224=VERTEX_POINT('',#8277);
#3225=VERTEX_POINT('',#8281);
#3226=VERTEX_POINT('',#8283);
#3227=VERTEX_POINT('',#8287);
#3228=VERTEX_POINT('',#8298);
#3229=VERTEX_POINT('',#8302);
#3230=VERTEX_POINT('',#8696);
#3231=VERTEX_POINT('',#8699);
#3232=VERTEX_POINT('',#8700);
#3233=VERTEX_POINT('',#8702);
#3234=VERTEX_POINT('',#8704);
#3235=VERTEX_POINT('',#8708);
#3236=VERTEX_POINT('',#8709);
#3237=VERTEX_POINT('',#8711);
#3238=VERTEX_POINT('',#8716);
#3239=VERTEX_POINT('',#8717);
#3240=VERTEX_POINT('',#8719);
#3241=VERTEX_POINT('',#8727);
#3242=VERTEX_POINT('',#8729);
#3243=VERTEX_POINT('',#8731);
#3244=VERTEX_POINT('',#8735);
#3245=VERTEX_POINT('',#8737);
#3246=VERTEX_POINT('',#8741);
#3247=VERTEX_POINT('',#8746);
#3248=VERTEX_POINT('',#8748);
#3249=VERTEX_POINT('',#8758);
#3250=VERTEX_POINT('',#8765);
#3251=VERTEX_POINT('',#8766);
#3252=VERTEX_POINT('',#8768);
#3253=VERTEX_POINT('',#8770);
#3254=VERTEX_POINT('',#8772);
#3255=VERTEX_POINT('',#8779);
#3256=VERTEX_POINT('',#8781);
#3257=VERTEX_POINT('',#8786);
#3258=VERTEX_POINT('',#8788);
#3259=VERTEX_POINT('',#8792);
#3260=VERTEX_POINT('',#8793);
#3261=VERTEX_POINT('',#8796);
#3262=VERTEX_POINT('',#8800);
#3263=VERTEX_POINT('',#8802);
#3264=VERTEX_POINT('',#8804);
#3265=VERTEX_POINT('',#8808);
#3266=VERTEX_POINT('',#8813);
#3267=VERTEX_POINT('',#8817);
#3268=VERTEX_POINT('',#8819);
#3269=VERTEX_POINT('',#8825);
#3270=VERTEX_POINT('',#8827);
#3271=VERTEX_POINT('',#8830);
#3272=VERTEX_POINT('',#8832);
#3273=VERTEX_POINT('',#8835);
#3274=VERTEX_POINT('',#8837);
#3275=VERTEX_POINT('',#8840);
#3276=VERTEX_POINT('',#8842);
#3277=VERTEX_POINT('',#8845);
#3278=VERTEX_POINT('',#8846);
#3279=VERTEX_POINT('',#8848);
#3280=VERTEX_POINT('',#8850);
#3281=VERTEX_POINT('',#8854);
#3282=VERTEX_POINT('',#8856);
#3283=VERTEX_POINT('',#8860);
#3284=VERTEX_POINT('',#8861);
#3285=VERTEX_POINT('',#8866);
#3286=VERTEX_POINT('',#8868);
#3287=VERTEX_POINT('',#8872);
#3288=VERTEX_POINT('',#8874);
#3289=VERTEX_POINT('',#8881);
#3290=VERTEX_POINT('',#8882);
#3291=VERTEX_POINT('',#8884);
#3292=VERTEX_POINT('',#8886);
#3293=VERTEX_POINT('',#8891);
#3294=VERTEX_POINT('',#8893);
#3295=VERTEX_POINT('',#8900);
#3296=VERTEX_POINT('',#8901);
#3297=VERTEX_POINT('',#8910);
#3298=VERTEX_POINT('',#8921);
#3299=VERTEX_POINT('',#8930);
#3300=VERTEX_POINT('',#8941);
#3301=VERTEX_POINT('',#8951);
#3302=VERTEX_POINT('',#8956);
#3303=VERTEX_POINT('',#8969);
#3304=VERTEX_POINT('',#8976);
#3305=VERTEX_POINT('',#9402);
#3306=VERTEX_POINT('',#9415);
#3307=LINE('',#7245,#3570);
#3308=LINE('',#7253,#3571);
#3309=LINE('',#7257,#3572);
#3310=LINE('',#7260,#3573);
#3311=LINE('',#7262,#3574);
#3312=LINE('',#7264,#3575);
#3313=LINE('',#7268,#3576);
#3314=LINE('',#7272,#3577);
#3315=LINE('',#7276,#3578);
#3316=LINE('',#7286,#3579);
#3317=LINE('',#7291,#3580);
#3318=LINE('',#7295,#3581);
#3319=LINE('',#7299,#3582);
#3320=LINE('',#7302,#3583);
#3321=LINE('',#7305,#3584);
#3322=LINE('',#7307,#3585);
#3323=LINE('',#7309,#3586);
#3324=LINE('',#7314,#3587);
#3325=LINE('',#7320,#3588);
#3326=LINE('',#7323,#3589);
#3327=LINE('',#7328,#3590);
#3328=LINE('',#7335,#3591);
#3329=LINE('',#7341,#3592);
#3330=LINE('',#7344,#3593);
#3331=LINE('',#7349,#3594);
#3332=LINE('',#7353,#3595);
#3333=LINE('',#7371,#3596);
#3334=LINE('',#7375,#3597);
#3335=LINE('',#7390,#3598);
#3336=LINE('',#7394,#3599);
#3337=LINE('',#7398,#3600);
#3338=LINE('',#7402,#3601);
#3339=LINE('',#7407,#3602);
#3340=LINE('',#7411,#3603);
#3341=LINE('',#7415,#3604);
#3342=LINE('',#7419,#3605);
#3343=LINE('',#7424,#3606);
#3344=LINE('',#7428,#3607);
#3345=LINE('',#7432,#3608);
#3346=LINE('',#7436,#3609);
#3347=LINE('',#7441,#3610);
#3348=LINE('',#7445,#3611);
#3349=LINE('',#7449,#3612);
#3350=LINE('',#7453,#3613);
#3351=LINE('',#7455,#3614);
#3352=LINE('',#7458,#3615);
#3353=LINE('',#7460,#3616);
#3354=LINE('',#7462,#3617);
#3355=LINE('',#7464,#3618);
#3356=LINE('',#7467,#3619);
#3357=LINE('',#7469,#3620);
#3358=LINE('',#7471,#3621);
#3359=LINE('',#7473,#3622);
#3360=LINE('',#7476,#3623);
#3361=LINE('',#7478,#3624);
#3362=LINE('',#7480,#3625);
#3363=LINE('',#7482,#3626);
#3364=LINE('',#7485,#3627);
#3365=LINE('',#7487,#3628);
#3366=LINE('',#7489,#3629);
#3367=LINE('',#7491,#3630);
#3368=LINE('',#7494,#3631);
#3369=LINE('',#7496,#3632);
#3370=LINE('',#7498,#3633);
#3371=LINE('',#7500,#3634);
#3372=LINE('',#7503,#3635);
#3373=LINE('',#7505,#3636);
#3374=LINE('',#7507,#3637);
#3375=LINE('',#7509,#3638);
#3376=LINE('',#7514,#3639);
#3377=LINE('',#7526,#3640);
#3378=LINE('',#7548,#3641);
#3379=LINE('',#7550,#3642);
#3380=LINE('',#7560,#3643);
#3381=LINE('',#7562,#3644);
#3382=LINE('',#7564,#3645);
#3383=LINE('',#7576,#3646);
#3384=LINE('',#7582,#3647);
#3385=LINE('',#7584,#3648);
#3386=LINE('',#7593,#3649);
#3387=LINE('',#7597,#3650);
#3388=LINE('',#7609,#3651);
#3389=LINE('',#7640,#3652);
#3390=LINE('',#7646,#3653);
#3391=LINE('',#7654,#3654);
#3392=LINE('',#7658,#3655);
#3393=LINE('',#7661,#3656);
#3394=LINE('',#7663,#3657);
#3395=LINE('',#7665,#3658);
#3396=LINE('',#7670,#3659);
#3397=LINE('',#7678,#3660);
#3398=LINE('',#7681,#3661);
#3399=LINE('',#7682,#3662);
#3400=LINE('',#7684,#3663);
#3401=LINE('',#7693,#3664);
#3402=LINE('',#7696,#3665);
#3403=LINE('',#7697,#3666);
#3404=LINE('',#7699,#3667);
#3405=LINE('',#7709,#3668);
#3406=LINE('',#7714,#3669);
#3407=LINE('',#7726,#3670);
#3408=LINE('',#7730,#3671);
#3409=LINE('',#7741,#3672);
#3410=LINE('',#7744,#3673);
#3411=LINE('',#7745,#3674);
#3412=LINE('',#7747,#3675);
#3413=LINE('',#7753,#3676);
#3414=LINE('',#7754,#3677);
#3415=LINE('',#7756,#3678);
#3416=LINE('',#7775,#3679);
#3417=LINE('',#7780,#3680);
#3418=LINE('',#7788,#3681);
#3419=LINE('',#7792,#3682);
#3420=LINE('',#7796,#3683);
#3421=LINE('',#7804,#3684);
#3422=LINE('',#7822,#3685);
#3423=LINE('',#7827,#3686);
#3424=LINE('',#7831,#3687);
#3425=LINE('',#7835,#3688);
#3426=LINE('',#7839,#3689);
#3427=LINE('',#7844,#3690);
#3428=LINE('',#7856,#3691);
#3429=LINE('',#7861,#3692);
#3430=LINE('',#7865,#3693);
#3431=LINE('',#7869,#3694);
#3432=LINE('',#7873,#3695);
#3433=LINE('',#7878,#3696);
#3434=LINE('',#7883,#3697);
#3435=LINE('',#7887,#3698);
#3436=LINE('',#7895,#3699);
#3437=LINE('',#7899,#3700);
#3438=LINE('',#7904,#3701);
#3439=LINE('',#7909,#3702);
#3440=LINE('',#7917,#3703);
#3441=LINE('',#7921,#3704);
#3442=LINE('',#7925,#3705);
#3443=LINE('',#7933,#3706);
#3444=LINE('',#7941,#3707);
#3445=LINE('',#7944,#3708);
#3446=LINE('',#7946,#3709);
#3447=LINE('',#7948,#3710);
#3448=LINE('',#7950,#3711);
#3449=LINE('',#7953,#3712);
#3450=LINE('',#7955,#3713);
#3451=LINE('',#7957,#3714);
#3452=LINE('',#7959,#3715);
#3453=LINE('',#7964,#3716);
#3454=LINE('',#7989,#3717);
#3455=LINE('',#8002,#3718);
#3456=LINE('',#8004,#3719);
#3457=LINE('',#8006,#3720);
#3458=LINE('',#8010,#3721);
#3459=LINE('',#8014,#3722);
#3460=LINE('',#8041,#3723);
#3461=LINE('',#8048,#3724);
#3462=LINE('',#8050,#3725);
#3463=LINE('',#8052,#3726);
#3464=LINE('',#8060,#3727);
#3465=LINE('',#8065,#3728);
#3466=LINE('',#8066,#3729);
#3467=LINE('',#8068,#3730);
#3468=LINE('',#8070,#3731);
#3469=LINE('',#8074,#3732);
#3470=LINE('',#8076,#3733);
#3471=LINE('',#8082,#3734);
#3472=LINE('',#8111,#3735);
#3473=LINE('',#8115,#3736);
#3474=LINE('',#8116,#3737);
#3475=LINE('',#8120,#3738);
#3476=LINE('',#8124,#3739);
#3477=LINE('',#8126,#3740);
#3478=LINE('',#8128,#3741);
#3479=LINE('',#8158,#3742);
#3480=LINE('',#8160,#3743);
#3481=LINE('',#8162,#3744);
#3482=LINE('',#8164,#3745);
#3483=LINE('',#8166,#3746);
#3484=LINE('',#8168,#3747);
#3485=LINE('',#8170,#3748);
#3486=LINE('',#8172,#3749);
#3487=LINE('',#8174,#3750);
#3488=LINE('',#8176,#3751);
#3489=LINE('',#8178,#3752);
#3490=LINE('',#8180,#3753);
#3491=LINE('',#8182,#3754);
#3492=LINE('',#8184,#3755);
#3493=LINE('',#8186,#3756);
#3494=LINE('',#8188,#3757);
#3495=LINE('',#8190,#3758);
#3496=LINE('',#8192,#3759);
#3497=LINE('',#8194,#3760);
#3498=LINE('',#8196,#3761);
#3499=LINE('',#8198,#3762);
#3500=LINE('',#8200,#3763);
#3501=LINE('',#8202,#3764);
#3502=LINE('',#8204,#3765);
#3503=LINE('',#8206,#3766);
#3504=LINE('',#8210,#3767);
#3505=LINE('',#8214,#3768);
#3506=LINE('',#8218,#3769);
#3507=LINE('',#8222,#3770);
#3508=LINE('',#8226,#3771);
#3509=LINE('',#8228,#3772);
#3510=LINE('',#8230,#3773);
#3511=LINE('',#8232,#3774);
#3512=LINE('',#8246,#3775);
#3513=LINE('',#8250,#3776);
#3514=LINE('',#8252,#3777);
#3515=LINE('',#8254,#3778);
#3516=LINE('',#8258,#3779);
#3517=LINE('',#8264,#3780);
#3518=LINE('',#8270,#3781);
#3519=LINE('',#8276,#3782);
#3520=LINE('',#8282,#3783);
#3521=LINE('',#8286,#3784);
#3522=LINE('',#8288,#3785);
#3523=LINE('',#8299,#3786);
#3524=LINE('',#8303,#3787);
#3525=LINE('',#8305,#3788);
#3526=LINE('',#8698,#3789);
#3527=LINE('',#8701,#3790);
#3528=LINE('',#8703,#3791);
#3529=LINE('',#8705,#3792);
#3530=LINE('',#8707,#3793);
#3531=LINE('',#8713,#3794);
#3532=LINE('',#8715,#3795);
#3533=LINE('',#8724,#3796);
#3534=LINE('',#8728,#3797);
#3535=LINE('',#8730,#3798);
#3536=LINE('',#8732,#3799);
#3537=LINE('',#8738,#3800);
#3538=LINE('',#8740,#3801);
#3539=LINE('',#8747,#3802);
#3540=LINE('',#8769,#3803);
#3541=LINE('',#8771,#3804);
#3542=LINE('',#8773,#3805);
#3543=LINE('',#8780,#3806);
#3544=LINE('',#8787,#3807);
#3545=LINE('',#8789,#3808);
#3546=LINE('',#8795,#3809);
#3547=LINE('',#8797,#3810);
#3548=LINE('',#8801,#3811);
#3549=LINE('',#8803,#3812);
#3550=LINE('',#8805,#3813);
#3551=LINE('',#8814,#3814);
#3552=LINE('',#8820,#3815);
#3553=LINE('',#8822,#3816);
#3554=LINE('',#8844,#3817);
#3555=LINE('',#8849,#3818);
#3556=LINE('',#8853,#3819);
#3557=LINE('',#8855,#3820);
#3558=LINE('',#8857,#3821);
#3559=LINE('',#8859,#3822);
#3560=LINE('',#8862,#3823);
#3561=LINE('',#8863,#3824);
#3562=LINE('',#8867,#3825);
#3563=LINE('',#8871,#3826);
#3564=LINE('',#8873,#3827);
#3565=LINE('',#8875,#3828);
#3566=LINE('',#8885,#3829);
#3567=LINE('',#8890,#3830);
#3568=LINE('',#8892,#3831);
#3569=LINE('',#8894,#3832);
#3570=VECTOR('',#5642,1.);
#3571=VECTOR('',#5643,1.);
#3572=VECTOR('',#5648,1.);
#3573=VECTOR('',#5649,1.);
#3574=VECTOR('',#5650,1.);
#3575=VECTOR('',#5651,1.);
#3576=VECTOR('',#5654,1.);
#3577=VECTOR('',#5657,1.);
#3578=VECTOR('',#5660,1.);
#3579=VECTOR('',#5665,1.);
#3580=VECTOR('',#5668,1.);
#3581=VECTOR('',#5671,1.);
#3582=VECTOR('',#5674,1.);
#3583=VECTOR('',#5677,1.);
#3584=VECTOR('',#5678,1.);
#3585=VECTOR('',#5679,1.);
#3586=VECTOR('',#5680,1.);
#3587=VECTOR('',#5685,1.);
#3588=VECTOR('',#5690,1.);
#3589=VECTOR('',#5693,1.);
#3590=VECTOR('',#5696,1.);
#3591=VECTOR('',#5703,1.);
#3592=VECTOR('',#5708,1.);
#3593=VECTOR('',#5711,1.);
#3594=VECTOR('',#5714,1.);
#3595=VECTOR('',#5719,1.);
#3596=VECTOR('',#5720,1.);
#3597=VECTOR('',#5723,1.);
#3598=VECTOR('',#5738,1.);
#3599=VECTOR('',#5741,1.);
#3600=VECTOR('',#5744,1.);
#3601=VECTOR('',#5747,1.);
#3602=VECTOR('',#5752,1.);
#3603=VECTOR('',#5755,1.);
#3604=VECTOR('',#5758,1.);
#3605=VECTOR('',#5761,1.);
#3606=VECTOR('',#5766,1.);
#3607=VECTOR('',#5769,1.);
#3608=VECTOR('',#5772,1.);
#3609=VECTOR('',#5775,1.);
#3610=VECTOR('',#5780,1.);
#3611=VECTOR('',#5783,1.);
#3612=VECTOR('',#5786,1.);
#3613=VECTOR('',#5789,1.);
#3614=VECTOR('',#5792,1.);
#3615=VECTOR('',#5793,1.);
#3616=VECTOR('',#5794,1.);
#3617=VECTOR('',#5795,1.);
#3618=VECTOR('',#5798,1.);
#3619=VECTOR('',#5799,1.);
#3620=VECTOR('',#5800,1.);
#3621=VECTOR('',#5801,1.);
#3622=VECTOR('',#5804,1.);
#3623=VECTOR('',#5805,1.);
#3624=VECTOR('',#5806,1.);
#3625=VECTOR('',#5807,1.);
#3626=VECTOR('',#5810,1.);
#3627=VECTOR('',#5811,1.);
#3628=VECTOR('',#5812,1.);
#3629=VECTOR('',#5813,1.);
#3630=VECTOR('',#5816,1.);
#3631=VECTOR('',#5817,1.);
#3632=VECTOR('',#5818,1.);
#3633=VECTOR('',#5819,1.);
#3634=VECTOR('',#5822,1.);
#3635=VECTOR('',#5823,1.);
#3636=VECTOR('',#5824,1.);
#3637=VECTOR('',#5825,1.);
#3638=VECTOR('',#5828,1.);
#3639=VECTOR('',#5831,1.);
#3640=VECTOR('',#5836,1.);
#3641=VECTOR('',#5843,1.);
#3642=VECTOR('',#5844,1.);
#3643=VECTOR('',#5847,1.);
#3644=VECTOR('',#5848,1.);
#3645=VECTOR('',#5849,1.);
#3646=VECTOR('',#5856,1.);
#3647=VECTOR('',#5863,1.);
#3648=VECTOR('',#5864,1.);
#3649=VECTOR('',#5865,1.);
#3650=VECTOR('',#5870,1.);
#3651=VECTOR('',#5875,1.);
#3652=VECTOR('',#5886,1.);
#3653=VECTOR('',#5893,1.);
#3654=VECTOR('',#5894,1.);
#3655=VECTOR('',#5899,1.);
#3656=VECTOR('',#5900,1.);
#3657=VECTOR('',#5901,1.);
#3658=VECTOR('',#5902,1.);
#3659=VECTOR('',#5911,1.);
#3660=VECTOR('',#5920,1.);
#3661=VECTOR('',#5921,1.);
#3662=VECTOR('',#5922,1.);
#3663=VECTOR('',#5925,1.);
#3664=VECTOR('',#5938,1.);
#3665=VECTOR('',#5939,1.);
#3666=VECTOR('',#5940,1.);
#3667=VECTOR('',#5943,1.);
#3668=VECTOR('',#5954,1.);
#3669=VECTOR('',#5957,1.);
#3670=VECTOR('',#5968,1.);
#3671=VECTOR('',#5971,1.);
#3672=VECTOR('',#5982,1.);
#3673=VECTOR('',#5983,1.);
#3674=VECTOR('',#5984,1.);
#3675=VECTOR('',#5987,1.);
#3676=VECTOR('',#5994,1.);
#3677=VECTOR('',#5995,1.);
#3678=VECTOR('',#5998,1.);
#3679=VECTOR('',#6023,1.);
#3680=VECTOR('',#6026,1.);
#3681=VECTOR('',#6033,1.);
#3682=VECTOR('',#6036,1.);
#3683=VECTOR('',#6039,1.);
#3684=VECTOR('',#6046,1.);
#3685=VECTOR('',#6063,1.);
#3686=VECTOR('',#6068,1.);
#3687=VECTOR('',#6071,1.);
#3688=VECTOR('',#6074,1.);
#3689=VECTOR('',#6077,1.);
#3690=VECTOR('',#6082,1.);
#3691=VECTOR('',#6093,1.);
#3692=VECTOR('',#6098,1.);
#3693=VECTOR('',#6101,1.);
#3694=VECTOR('',#6104,1.);
#3695=VECTOR('',#6107,1.);
#3696=VECTOR('',#6112,1.);
#3697=VECTOR('',#6117,1.);
#3698=VECTOR('',#6120,1.);
#3699=VECTOR('',#6127,1.);
#3700=VECTOR('',#6130,1.);
#3701=VECTOR('',#6135,1.);
#3702=VECTOR('',#6138,1.);
#3703=VECTOR('',#6145,1.);
#3704=VECTOR('',#6148,1.);
#3705=VECTOR('',#6151,1.);
#3706=VECTOR('',#6158,1.);
#3707=VECTOR('',#6167,1.);
#3708=VECTOR('',#6168,1.);
#3709=VECTOR('',#6169,1.);
#3710=VECTOR('',#6170,1.);
#3711=VECTOR('',#6173,1.);
#3712=VECTOR('',#6174,1.);
#3713=VECTOR('',#6175,1.);
#3714=VECTOR('',#6176,1.);
#3715=VECTOR('',#6179,1.);
#3716=VECTOR('',#6182,1.);
#3717=VECTOR('',#6185,1.);
#3718=VECTOR('',#6194,1.);
#3719=VECTOR('',#6195,1.);
#3720=VECTOR('',#6196,1.);
#3721=VECTOR('',#6199,1.);
#3722=VECTOR('',#6204,1.);
#3723=VECTOR('',#6209,1.);
#3724=VECTOR('',#6216,1.);
#3725=VECTOR('',#6217,1.);
#3726=VECTOR('',#6218,1.);
#3727=VECTOR('',#6221,1.);
#3728=VECTOR('',#6226,1.);
#3729=VECTOR('',#6227,1.);
#3730=VECTOR('',#6228,1.);
#3731=VECTOR('',#6229,1.);
#3732=VECTOR('',#6232,1.);
#3733=VECTOR('',#6235,1.);
#3734=VECTOR('',#6242,1.);
#3735=VECTOR('',#6249,1.);
#3736=VECTOR('',#6252,1.);
#3737=VECTOR('',#6253,1.);
#3738=VECTOR('',#6256,1.);
#3739=VECTOR('',#6259,1.);
#3740=VECTOR('',#6260,1.);
#3741=VECTOR('',#6263,1.);
#3742=VECTOR('',#6274,1.);
#3743=VECTOR('',#6275,1.);
#3744=VECTOR('',#6276,1.);
#3745=VECTOR('',#6279,1.);
#3746=VECTOR('',#6280,1.);
#3747=VECTOR('',#6281,1.);
#3748=VECTOR('',#6284,1.);
#3749=VECTOR('',#6285,1.);
#3750=VECTOR('',#6286,1.);
#3751=VECTOR('',#6289,1.);
#3752=VECTOR('',#6290,1.);
#3753=VECTOR('',#6291,1.);
#3754=VECTOR('',#6294,1.);
#3755=VECTOR('',#6295,1.);
#3756=VECTOR('',#6296,1.);
#3757=VECTOR('',#6299,1.);
#3758=VECTOR('',#6300,1.);
#3759=VECTOR('',#6301,1.);
#3760=VECTOR('',#6304,1.);
#3761=VECTOR('',#6305,1.);
#3762=VECTOR('',#6306,1.);
#3763=VECTOR('',#6309,1.);
#3764=VECTOR('',#6310,1.);
#3765=VECTOR('',#6311,1.);
#3766=VECTOR('',#6314,1.);
#3767=VECTOR('',#6317,1.);
#3768=VECTOR('',#6322,1.);
#3769=VECTOR('',#6327,1.);
#3770=VECTOR('',#6332,1.);
#3771=VECTOR('',#6337,1.);
#3772=VECTOR('',#6340,1.);
#3773=VECTOR('',#6341,1.);
#3774=VECTOR('',#6342,1.);
#3775=VECTOR('',#6347,1.);
#3776=VECTOR('',#6352,1.);
#3777=VECTOR('',#6353,1.);
#3778=VECTOR('',#6354,1.);
#3779=VECTOR('',#6359,1.);
#3780=VECTOR('',#6366,1.);
#3781=VECTOR('',#6373,1.);
#3782=VECTOR('',#6380,1.);
#3783=VECTOR('',#6387,1.);
#3784=VECTOR('',#6392,1.);
#3785=VECTOR('',#6393,1.);
#3786=VECTOR('',#6394,1.);
#3787=VECTOR('',#6399,1.);
#3788=VECTOR('',#6402,1.);
#3789=VECTOR('',#6407,1.);
#3790=VECTOR('',#6408,1.);
#3791=VECTOR('',#6409,1.);
#3792=VECTOR('',#6410,1.);
#3793=VECTOR('',#6413,1.);
#3794=VECTOR('',#6418,1.);
#3795=VECTOR('',#6421,1.);
#3796=VECTOR('',#6424,1.);
#3797=VECTOR('',#6429,1.);
#3798=VECTOR('',#6430,1.);
#3799=VECTOR('',#6431,1.);
#3800=VECTOR('',#6438,1.);
#3801=VECTOR('',#6441,1.);
#3802=VECTOR('',#6442,1.);
#3803=VECTOR('',#6451,1.);
#3804=VECTOR('',#6452,1.);
#3805=VECTOR('',#6453,1.);
#3806=VECTOR('',#6456,1.);
#3807=VECTOR('',#6457,1.);
#3808=VECTOR('',#6458,1.);
#3809=VECTOR('',#6465,1.);
#3810=VECTOR('',#6466,1.);
#3811=VECTOR('',#6471,1.);
#3812=VECTOR('',#6472,1.);
#3813=VECTOR('',#6473,1.);
#3814=VECTOR('',#6478,1.);
#3815=VECTOR('',#6485,1.);
#3816=VECTOR('',#6488,1.);
#3817=VECTOR('',#6515,1.);
#3818=VECTOR('',#6518,1.);
#3819=VECTOR('',#6523,1.);
#3820=VECTOR('',#6524,1.);
#3821=VECTOR('',#6525,1.);
#3822=VECTOR('',#6528,1.);
#3823=VECTOR('',#6529,1.);
#3824=VECTOR('',#6530,1.);
#3825=VECTOR('',#6535,1.);
#3826=VECTOR('',#6540,1.);
#3827=VECTOR('',#6541,1.);
#3828=VECTOR('',#6542,1.);
#3829=VECTOR('',#6547,1.);
#3830=VECTOR('',#6554,1.);
#3831=VECTOR('',#6555,1.);
#3832=VECTOR('',#6556,1.);
#3833=EDGE_LOOP('',(#670,#671,#672,#673));
#3834=EDGE_LOOP('',(#674,#675,#676,#677,#678,#679,#680,#681,#682,#683,#684,
#685,#686));
#3835=EDGE_LOOP('',(#687,#688,#689,#690,#691,#692,#693,#694));
#3836=EDGE_LOOP('',(#695,#696,#697,#698));
#3837=EDGE_LOOP('',(#699,#700,#701,#702,#703,#704));
#3838=EDGE_LOOP('',(#705,#706,#707,#708));
#3839=EDGE_LOOP('',(#709,#710,#711,#712,#713,#714));
#3840=EDGE_LOOP('',(#715,#716,#717,#718));
#3841=EDGE_LOOP('',(#719,#720,#721,#722,#723,#724,#725,#726,#727,#728));
#3842=EDGE_LOOP('',(#729,#730,#731,#732,#733,#734,#735,#736));
#3843=EDGE_LOOP('',(#737,#738,#739,#740,#741,#742,#743,#744));
#3844=EDGE_LOOP('',(#745,#746,#747,#748,#749,#750,#751,#752));
#3845=EDGE_LOOP('',(#753,#754,#755,#756,#757,#758,#759,#760));
#3846=EDGE_LOOP('',(#761,#762,#763,#764));
#3847=EDGE_LOOP('',(#765,#766,#767,#768));
#3848=EDGE_LOOP('',(#769,#770,#771,#772));
#3849=EDGE_LOOP('',(#773,#774,#775,#776));
#3850=EDGE_LOOP('',(#777,#778,#779,#780));
#3851=EDGE_LOOP('',(#781,#782,#783,#784));
#3852=EDGE_LOOP('',(#785,#786,#787,#788));
#3853=EDGE_LOOP('',(#789,#790,#791,#792,#793,#794));
#3854=EDGE_LOOP('',(#795,#796,#797,#798,#799));
#3855=EDGE_LOOP('',(#800,#801,#802,#803,#804,#805,#806));
#3856=EDGE_LOOP('',(#807,#808,#809,#810));
#3857=EDGE_LOOP('',(#811));
#3858=EDGE_LOOP('',(#812,#813,#814,#815,#816));
#3859=EDGE_LOOP('',(#817,#818,#819,#820));
#3860=EDGE_LOOP('',(#821,#822,#823,#824,#825,#826));
#3861=EDGE_LOOP('',(#827,#828,#829,#830));
#3862=EDGE_LOOP('',(#831,#832,#833,#834));
#3863=EDGE_LOOP('',(#835));
#3864=EDGE_LOOP('',(#836,#837,#838,#839,#840));
#3865=EDGE_LOOP('',(#841));
#3866=EDGE_LOOP('',(#842,#843,#844,#845));
#3867=EDGE_LOOP('',(#846,#847,#848,#849));
#3868=EDGE_LOOP('',(#850,#851,#852,#853));
#3869=EDGE_LOOP('',(#854));
#3870=EDGE_LOOP('',(#855,#856,#857,#858));
#3871=EDGE_LOOP('',(#859,#860,#861,#862));
#3872=EDGE_LOOP('',(#863,#864,#865,#866));
#3873=EDGE_LOOP('',(#867,#868,#869,#870));
#3874=EDGE_LOOP('',(#871,#872,#873,#874));
#3875=EDGE_LOOP('',(#875));
#3876=EDGE_LOOP('',(#876));
#3877=EDGE_LOOP('',(#877,#878,#879,#880,#881,#882,#883,#884,#885,#886,#887,
#888,#889,#890,#891,#892));
#3878=EDGE_LOOP('',(#893,#894,#895,#896));
#3879=EDGE_LOOP('',(#897,#898,#899,#900));
#3880=EDGE_LOOP('',(#901,#902,#903,#904));
#3881=EDGE_LOOP('',(#905,#906,#907,#908));
#3882=EDGE_LOOP('',(#909,#910,#911,#912));
#3883=EDGE_LOOP('',(#913));
#3884=EDGE_LOOP('',(#914));
#3885=EDGE_LOOP('',(#915));
#3886=EDGE_LOOP('',(#916));
#3887=EDGE_LOOP('',(#917,#918,#919,#920,#921,#922,#923,#924,#925,#926,#927,
#928,#929,#930,#931,#932));
#3888=EDGE_LOOP('',(#933));
#3889=EDGE_LOOP('',(#934));
#3890=EDGE_LOOP('',(#935,#936,#937,#938,#939,#940,#941,#942,#943,#944,#945,
#946,#947,#948,#949,#950,#951,#952,#953,#954,#955,#956,#957,#958,#959,#960,
#961,#962,#963,#964,#965,#966,#967,#968,#969,#970,#971,#972,#973,#974));
#3891=EDGE_LOOP('',(#975,#976,#977,#978,#979,#980,#981,#982,#983,#984,#985,
#986));
#3892=EDGE_LOOP('',(#987,#988,#989,#990,#991,#992,#993,#994,#995,#996,#997,
#998,#999,#1000,#1001,#1002));
#3893=EDGE_LOOP('',(#1003));
#3894=EDGE_LOOP('',(#1004));
#3895=EDGE_LOOP('',(#1005,#1006,#1007,#1008));
#3896=EDGE_LOOP('',(#1009,#1010,#1011,#1012));
#3897=EDGE_LOOP('',(#1013,#1014,#1015,#1016,#1017,#1018));
#3898=EDGE_LOOP('',(#1019,#1020,#1021,#1022));
#3899=EDGE_LOOP('',(#1023,#1024,#1025,#1026,#1027,#1028,#1029,#1030));
#3900=EDGE_LOOP('',(#1031,#1032,#1033,#1034,#1035,#1036));
#3901=EDGE_LOOP('',(#1037,#1038,#1039,#1040));
#3902=EDGE_LOOP('',(#1041,#1042,#1043,#1044,#1045,#1046,#1047,#1048));
#3903=EDGE_LOOP('',(#1049,#1050,#1051,#1052,#1053,#1054,#1055,#1056));
#3904=EDGE_LOOP('',(#1057,#1058,#1059,#1060));
#3905=EDGE_LOOP('',(#1061,#1062,#1063,#1064,#1065,#1066));
#3906=EDGE_LOOP('',(#1067,#1068,#1069,#1070,#1071,#1072,#1073,#1074,#1075,
#1076,#1077,#1078));
#3907=EDGE_LOOP('',(#1079,#1080,#1081,#1082));
#3908=EDGE_LOOP('',(#1083,#1084,#1085,#1086,#1087,#1088));
#3909=EDGE_LOOP('',(#1089,#1090,#1091,#1092));
#3910=EDGE_LOOP('',(#1093,#1094,#1095,#1096));
#3911=EDGE_LOOP('',(#1097,#1098,#1099,#1100));
#3912=EDGE_LOOP('',(#1101,#1102,#1103,#1104));
#3913=EDGE_LOOP('',(#1105,#1106,#1107,#1108));
#3914=EDGE_LOOP('',(#1109,#1110,#1111,#1112));
#3915=EDGE_LOOP('',(#1113,#1114,#1115,#1116));
#3916=EDGE_LOOP('',(#1117,#1118,#1119,#1120));
#3917=EDGE_LOOP('',(#1121,#1122,#1123,#1124));
#3918=EDGE_LOOP('',(#1125,#1126,#1127,#1128));
#3919=EDGE_LOOP('',(#1129,#1130,#1131,#1132));
#3920=EDGE_LOOP('',(#1133,#1134,#1135,#1136));
#3921=EDGE_LOOP('',(#1137,#1138,#1139,#1140));
#3922=EDGE_LOOP('',(#1141,#1142,#1143,#1144,#1145,#1146));
#3923=EDGE_LOOP('',(#1147,#1148,#1149,#1150));
#3924=EDGE_LOOP('',(#1151,#1152,#1153,#1154));
#3925=EDGE_LOOP('',(#1155,#1156,#1157,#1158));
#3926=EDGE_LOOP('',(#1159,#1160,#1161,#1162));
#3927=EDGE_LOOP('',(#1163,#1164,#1165,#1166));
#3928=EDGE_LOOP('',(#1167,#1168,#1169,#1170));
#3929=EDGE_LOOP('',(#1171,#1172,#1173,#1174));
#3930=EDGE_LOOP('',(#1175,#1176,#1177,#1178,#1179,#1180));
#3931=EDGE_LOOP('',(#1181,#1182,#1183,#1184));
#3932=EDGE_LOOP('',(#1185,#1186,#1187,#1188));
#3933=EDGE_LOOP('',(#1189,#1190,#1191,#1192,#1193,#1194,#1195,#1196,#1197,
#1198));
#3934=EDGE_LOOP('',(#1199));
#3935=EDGE_LOOP('',(#1200));
#3936=EDGE_LOOP('',(#1201,#1202,#1203,#1204));
#3937=EDGE_LOOP('',(#1205,#1206,#1207,#1208,#1209));
#3938=EDGE_LOOP('',(#1210,#1211,#1212,#1213,#1214));
#3939=EDGE_LOOP('',(#1215));
#3940=EDGE_LOOP('',(#1216,#1217,#1218,#1219,#1220,#1221));
#3941=EDGE_LOOP('',(#1222,#1223,#1224,#1225,#1226));
#3942=EDGE_LOOP('',(#1227,#1228,#1229,#1230,#1231,#1232));
#3943=EDGE_LOOP('',(#1233,#1234,#1235,#1236,#1237));
#3944=EDGE_LOOP('',(#1238,#1239,#1240,#1241,#1242));
#3945=EDGE_LOOP('',(#1243,#1244,#1245,#1246,#1247,#1248));
#3946=EDGE_LOOP('',(#1249,#1250,#1251,#1252,#1253));
#3947=EDGE_LOOP('',(#1254));
#3948=EDGE_LOOP('',(#1255,#1256,#1257,#1258,#1259,#1260));
#3949=EDGE_LOOP('',(#1261,#1262,#1263,#1264,#1265));
#3950=EDGE_LOOP('',(#1266,#1267,#1268,#1269,#1270));
#3951=EDGE_LOOP('',(#1271,#1272,#1273,#1274));
#3952=EDGE_LOOP('',(#1275));
#3953=EDGE_LOOP('',(#1276));
#3954=EDGE_LOOP('',(#1277));
#3955=EDGE_LOOP('',(#1278));
#3956=EDGE_LOOP('',(#1279));
#3957=EDGE_LOOP('',(#1280));
#3958=EDGE_LOOP('',(#1281));
#3959=EDGE_LOOP('',(#1282));
#3960=EDGE_LOOP('',(#1283,#1284,#1285,#1286));
#3961=EDGE_LOOP('',(#1287,#1288,#1289,#1290));
#3962=EDGE_LOOP('',(#1291,#1292,#1293,#1294));
#3963=EDGE_LOOP('',(#1295,#1296,#1297,#1298));
#3964=EDGE_LOOP('',(#1299,#1300,#1301,#1302));
#3965=EDGE_LOOP('',(#1303,#1304,#1305,#1306,#1307,#1308));
#3966=EDGE_LOOP('',(#1309,#1310,#1311,#1312));
#3967=EDGE_LOOP('',(#1313,#1314,#1315,#1316,#1317,#1318));
#3968=EDGE_LOOP('',(#1319,#1320,#1321,#1322));
#3969=EDGE_LOOP('',(#1323,#1324,#1325,#1326,#1327,#1328));
#3970=EDGE_LOOP('',(#1329,#1330,#1331,#1332,#1333,#1334));
#3971=EDGE_LOOP('',(#1335,#1336,#1337,#1338));
#3972=EDGE_LOOP('',(#1339,#1340,#1341,#1342));
#3973=EDGE_LOOP('',(#1343,#1344,#1345,#1346,#1347,#1348));
#3974=EDGE_LOOP('',(#1349,#1350,#1351,#1352,#1353,#1354));
#3975=EDGE_LOOP('',(#1355,#1356,#1357,#1358));
#3976=EDGE_LOOP('',(#1359,#1360,#1361,#1362,#1363,#1364));
#3977=EDGE_LOOP('',(#1365,#1366,#1367,#1368,#1369,#1370));
#3978=EDGE_LOOP('',(#1371,#1372,#1373,#1374));
#3979=EDGE_LOOP('',(#1375,#1376,#1377,#1378,#1379,#1380));
#3980=EDGE_LOOP('',(#1381,#1382,#1383,#1384));
#3981=EDGE_LOOP('',(#1385,#1386,#1387,#1388,#1389,#1390));
#3982=EDGE_LOOP('',(#1391,#1392,#1393,#1394));
#3983=EDGE_LOOP('',(#1395,#1396,#1397,#1398));
#3984=EDGE_LOOP('',(#1399,#1400,#1401,#1402));
#3985=EDGE_LOOP('',(#1403,#1404,#1405,#1406));
#3986=EDGE_LOOP('',(#1407,#1408,#1409,#1410));
#3987=EDGE_LOOP('',(#1411,#1412,#1413,#1414));
#3988=EDGE_LOOP('',(#1415,#1416,#1417,#1418));
#3989=EDGE_LOOP('',(#1419,#1420,#1421,#1422));
#3990=EDGE_LOOP('',(#1423,#1424,#1425,#1426));
#3991=EDGE_LOOP('',(#1427,#1428,#1429,#1430));
#3992=EDGE_LOOP('',(#1431,#1432,#1433,#1434));
#3993=EDGE_LOOP('',(#1435,#1436,#1437,#1438));
#3994=EDGE_LOOP('',(#1439,#1440,#1441,#1442));
#3995=EDGE_LOOP('',(#1443,#1444,#1445,#1446));
#3996=EDGE_LOOP('',(#1447,#1448,#1449,#1450));
#3997=EDGE_LOOP('',(#1451,#1452,#1453,#1454));
#3998=EDGE_LOOP('',(#1455,#1456,#1457,#1458));
#3999=EDGE_LOOP('',(#1459,#1460,#1461,#1462));
#4000=EDGE_LOOP('',(#1463,#1464,#1465,#1466));
#4001=EDGE_LOOP('',(#1467,#1468,#1469,#1470));
#4002=EDGE_LOOP('',(#1471,#1472,#1473,#1474));
#4003=EDGE_LOOP('',(#1475,#1476,#1477,#1478,#1479));
#4004=EDGE_LOOP('',(#1480,#1481,#1482,#1483));
#4005=EDGE_LOOP('',(#1484,#1485,#1486,#1487,#1488));
#4006=EDGE_LOOP('',(#1489,#1490,#1491,#1492,#1493));
#4007=EDGE_LOOP('',(#1494,#1495,#1496,#1497));
#4008=EDGE_LOOP('',(#1498,#1499,#1500,#1501,#1502));
#4009=EDGE_LOOP('',(#1503,#1504,#1505,#1506,#1507,#1508));
#4010=EDGE_LOOP('',(#1509,#1510,#1511,#1512,#1513,#1514));
#4011=EDGE_LOOP('',(#1515,#1516,#1517,#1518));
#4012=EDGE_LOOP('',(#1519,#1520,#1521,#1522));
#4013=EDGE_LOOP('',(#1523,#1524,#1525,#1526));
#4014=EDGE_LOOP('',(#1527,#1528,#1529,#1530));
#4015=EDGE_LOOP('',(#1531,#1532,#1533,#1534));
#4016=EDGE_LOOP('',(#1535,#1536,#1537,#1538));
#4017=EDGE_LOOP('',(#1539,#1540,#1541,#1542));
#4018=EDGE_LOOP('',(#1543,#1544,#1545,#1546));
#4019=EDGE_LOOP('',(#1547,#1548,#1549,#1550));
#4020=EDGE_LOOP('',(#1551,#1552,#1553,#1554));
#4021=EDGE_LOOP('',(#1555,#1556,#1557,#1558,#1559));
#4022=EDGE_LOOP('',(#1560,#1561,#1562));
#4023=EDGE_LOOP('',(#1563,#1564,#1565,#1566,#1567,#1568));
#4024=EDGE_LOOP('',(#1569,#1570,#1571,#1572));
#4025=EDGE_LOOP('',(#1573,#1574,#1575,#1576,#1577,#1578));
#4026=EDGE_LOOP('',(#1579,#1580,#1581));
#4027=EDGE_LOOP('',(#1582,#1583,#1584,#1585,#1586));
#4028=EDGE_LOOP('',(#1587,#1588,#1589,#1590));
#4029=EDGE_LOOP('',(#1591,#1592,#1593,#1594));
#4030=EDGE_LOOP('',(#1595,#1596,#1597,#1598,#1599,#1600));
#4031=EDGE_LOOP('',(#1601,#1602,#1603,#1604,#1605));
#4032=EDGE_LOOP('',(#1606,#1607,#1608,#1609,#1610));
#4033=EDGE_LOOP('',(#1611,#1612,#1613,#1614,#1615));
#4034=EDGE_LOOP('',(#1616,#1617,#1618,#1619,#1620));
#4035=EDGE_LOOP('',(#1621,#1622,#1623,#1624));
#4036=EDGE_LOOP('',(#1625));
#4037=EDGE_LOOP('',(#1626));
#4038=EDGE_LOOP('',(#1627));
#4039=EDGE_LOOP('',(#1628));
#4040=EDGE_LOOP('',(#1629,#1630,#1631,#1632,#1633,#1634));
#4041=EDGE_LOOP('',(#1635,#1636,#1637,#1638,#1639));
#4042=EDGE_LOOP('',(#1640,#1641,#1642,#1643,#1644));
#4043=EDGE_LOOP('',(#1645,#1646,#1647,#1648,#1649));
#4044=EDGE_LOOP('',(#1650,#1651,#1652,#1653,#1654));
#4045=EDGE_LOOP('',(#1655,#1656,#1657,#1658));
#4046=EDGE_LOOP('',(#1659));
#4047=EDGE_LOOP('',(#1660));
#4048=EDGE_LOOP('',(#1661));
#4049=EDGE_LOOP('',(#1662));
#4050=EDGE_LOOP('',(#1663,#1664,#1665,#1666));
#4051=EDGE_LOOP('',(#1667,#1668,#1669,#1670));
#4052=EDGE_LOOP('',(#1671,#1672,#1673,#1674));
#4053=EDGE_LOOP('',(#1675,#1676,#1677,#1678));
#4054=EDGE_LOOP('',(#1679,#1680,#1681,#1682));
#4055=EDGE_LOOP('',(#1683,#1684,#1685,#1686));
#4056=EDGE_LOOP('',(#1687,#1688,#1689,#1690));
#4057=EDGE_LOOP('',(#1691,#1692,#1693,#1694));
#4058=EDGE_LOOP('',(#1695,#1696,#1697,#1698));
#4059=EDGE_LOOP('',(#1699,#1700,#1701,#1702));
#4060=EDGE_LOOP('',(#1703,#1704,#1705,#1706));
#4061=EDGE_LOOP('',(#1707,#1708,#1709,#1710));
#4062=EDGE_LOOP('',(#1711,#1712,#1713,#1714));
#4063=EDGE_LOOP('',(#1715,#1716,#1717,#1718));
#4064=EDGE_LOOP('',(#1719,#1720,#1721,#1722));
#4065=EDGE_LOOP('',(#1723,#1724,#1725,#1726));
#4066=EDGE_LOOP('',(#1727,#1728,#1729,#1730));
#4067=EDGE_LOOP('',(#1731,#1732,#1733,#1734));
#4068=EDGE_LOOP('',(#1735,#1736,#1737,#1738));
#4069=EDGE_LOOP('',(#1739,#1740,#1741,#1742));
#4070=EDGE_LOOP('',(#1743,#1744,#1745,#1746));
#4071=EDGE_LOOP('',(#1747,#1748,#1749,#1750));
#4072=EDGE_LOOP('',(#1751,#1752,#1753,#1754));
#4073=EDGE_LOOP('',(#1755,#1756,#1757,#1758));
#4074=EDGE_LOOP('',(#1759,#1760,#1761,#1762));
#4075=EDGE_LOOP('',(#1763,#1764,#1765,#1766));
#4076=EDGE_LOOP('',(#1767,#1768,#1769,#1770));
#4077=EDGE_LOOP('',(#1771,#1772,#1773,#1774));
#4078=EDGE_LOOP('',(#1775,#1776,#1777,#1778));
#4079=EDGE_LOOP('',(#1779,#1780,#1781,#1782));
#4080=EDGE_LOOP('',(#1783,#1784,#1785,#1786));
#4081=EDGE_LOOP('',(#1787,#1788,#1789,#1790));
#4082=EDGE_LOOP('',(#1791));
#4083=EDGE_LOOP('',(#1792,#1793,#1794,#1795));
#4084=EDGE_LOOP('',(#1796,#1797,#1798,#1799));
#4085=EDGE_LOOP('',(#1800,#1801,#1802,#1803));
#4086=EDGE_LOOP('',(#1804,#1805,#1806,#1807));
#4087=EDGE_LOOP('',(#1808,#1809,#1810,#1811));
#4088=EDGE_LOOP('',(#1812,#1813,#1814,#1815));
#4089=EDGE_LOOP('',(#1816,#1817,#1818,#1819));
#4090=EDGE_LOOP('',(#1820,#1821,#1822,#1823));
#4091=EDGE_LOOP('',(#1824,#1825,#1826,#1827));
#4092=EDGE_LOOP('',(#1828,#1829,#1830,#1831));
#4093=EDGE_LOOP('',(#1832,#1833,#1834,#1835));
#4094=EDGE_LOOP('',(#1836,#1837,#1838,#1839));
#4095=EDGE_LOOP('',(#1840,#1841,#1842,#1843));
#4096=EDGE_LOOP('',(#1844,#1845,#1846,#1847));
#4097=EDGE_LOOP('',(#1848,#1849,#1850,#1851));
#4098=EDGE_LOOP('',(#1852,#1853,#1854,#1855));
#4099=EDGE_LOOP('',(#1856,#1857,#1858,#1859));
#4100=EDGE_LOOP('',(#1860,#1861,#1862,#1863));
#4101=EDGE_LOOP('',(#1864,#1865,#1866,#1867));
#4102=EDGE_LOOP('',(#1868,#1869,#1870,#1871));
#4103=EDGE_LOOP('',(#1872,#1873,#1874,#1875));
#4104=EDGE_LOOP('',(#1876,#1877,#1878,#1879));
#4105=EDGE_LOOP('',(#1880,#1881,#1882,#1883));
#4106=EDGE_LOOP('',(#1884,#1885,#1886,#1887));
#4107=EDGE_LOOP('',(#1888,#1889,#1890,#1891));
#4108=EDGE_LOOP('',(#1892,#1893,#1894,#1895));
#4109=EDGE_LOOP('',(#1896,#1897,#1898,#1899));
#4110=EDGE_LOOP('',(#1900,#1901,#1902,#1903));
#4111=EDGE_LOOP('',(#1904,#1905,#1906,#1907));
#4112=EDGE_LOOP('',(#1908,#1909,#1910,#1911));
#4113=EDGE_LOOP('',(#1912,#1913,#1914,#1915));
#4114=EDGE_LOOP('',(#1916,#1917,#1918,#1919));
#4115=EDGE_LOOP('',(#1920,#1921,#1922,#1923));
#4116=EDGE_LOOP('',(#1924,#1925,#1926,#1927));
#4117=EDGE_LOOP('',(#1928,#1929,#1930,#1931));
#4118=EDGE_LOOP('',(#1932,#1933,#1934,#1935));
#4119=EDGE_LOOP('',(#1936,#1937,#1938,#1939));
#4120=EDGE_LOOP('',(#1940,#1941,#1942,#1943));
#4121=EDGE_LOOP('',(#1944,#1945,#1946,#1947));
#4122=EDGE_LOOP('',(#1948,#1949,#1950,#1951));
#4123=EDGE_LOOP('',(#1952,#1953,#1954,#1955));
#4124=EDGE_LOOP('',(#1956,#1957,#1958,#1959));
#4125=EDGE_LOOP('',(#1960,#1961,#1962,#1963));
#4126=EDGE_LOOP('',(#1964,#1965,#1966,#1967));
#4127=EDGE_LOOP('',(#1968,#1969,#1970,#1971));
#4128=EDGE_LOOP('',(#1972,#1973,#1974,#1975));
#4129=EDGE_LOOP('',(#1976,#1977,#1978,#1979));
#4130=EDGE_LOOP('',(#1980,#1981,#1982,#1983));
#4131=EDGE_LOOP('',(#1984,#1985,#1986,#1987));
#4132=EDGE_LOOP('',(#1988));
#4133=EDGE_LOOP('',(#1989));
#4134=EDGE_LOOP('',(#1990));
#4135=EDGE_LOOP('',(#1991));
#4136=EDGE_LOOP('',(#1992));
#4137=EDGE_LOOP('',(#1993));
#4138=EDGE_LOOP('',(#1994));
#4139=EDGE_LOOP('',(#1995));
#4140=EDGE_LOOP('',(#1996));
#4141=EDGE_LOOP('',(#1997));
#4142=EDGE_LOOP('',(#1998));
#4143=EDGE_LOOP('',(#1999));
#4144=EDGE_LOOP('',(#2000));
#4145=EDGE_LOOP('',(#2001));
#4146=EDGE_LOOP('',(#2002));
#4147=EDGE_LOOP('',(#2003));
#4148=EDGE_LOOP('',(#2004,#2005,#2006,#2007));
#4149=EDGE_LOOP('',(#2008,#2009,#2010,#2011));
#4150=EDGE_LOOP('',(#2012,#2013,#2014,#2015));
#4151=EDGE_LOOP('',(#2016,#2017,#2018,#2019));
#4152=EDGE_LOOP('',(#2020,#2021,#2022,#2023));
#4153=EDGE_LOOP('',(#2024,#2025,#2026,#2027));
#4154=EDGE_LOOP('',(#2028,#2029,#2030,#2031));
#4155=EDGE_LOOP('',(#2032,#2033,#2034,#2035));
#4156=EDGE_LOOP('',(#2036,#2037,#2038,#2039));
#4157=EDGE_LOOP('',(#2040,#2041,#2042,#2043));
#4158=EDGE_LOOP('',(#2044,#2045,#2046,#2047));
#4159=EDGE_LOOP('',(#2048,#2049,#2050,#2051));
#4160=EDGE_LOOP('',(#2052,#2053,#2054,#2055));
#4161=EDGE_LOOP('',(#2056,#2057,#2058,#2059));
#4162=EDGE_LOOP('',(#2060,#2061,#2062,#2063));
#4163=EDGE_LOOP('',(#2064,#2065,#2066,#2067));
#4164=EDGE_LOOP('',(#2068,#2069,#2070,#2071));
#4165=EDGE_LOOP('',(#2072,#2073,#2074,#2075));
#4166=EDGE_LOOP('',(#2076,#2077,#2078,#2079));
#4167=EDGE_LOOP('',(#2080,#2081,#2082,#2083));
#4168=EDGE_LOOP('',(#2084,#2085,#2086,#2087));
#4169=EDGE_LOOP('',(#2088,#2089,#2090,#2091));
#4170=EDGE_LOOP('',(#2092,#2093,#2094,#2095));
#4171=EDGE_LOOP('',(#2096,#2097,#2098,#2099));
#4172=EDGE_LOOP('',(#2100,#2101,#2102,#2103));
#4173=EDGE_LOOP('',(#2104,#2105,#2106,#2107));
#4174=EDGE_LOOP('',(#2108,#2109,#2110,#2111));
#4175=EDGE_LOOP('',(#2112,#2113,#2114,#2115));
#4176=EDGE_LOOP('',(#2116,#2117,#2118,#2119));
#4177=EDGE_LOOP('',(#2120,#2121,#2122,#2123));
#4178=EDGE_LOOP('',(#2124,#2125,#2126,#2127));
#4179=EDGE_LOOP('',(#2128,#2129,#2130,#2131));
#4180=FACE_BOUND('',#3833,.T.);
#4181=FACE_BOUND('',#3834,.T.);
#4182=FACE_BOUND('',#3835,.T.);
#4183=FACE_BOUND('',#3836,.T.);
#4184=FACE_BOUND('',#3837,.T.);
#4185=FACE_BOUND('',#3838,.T.);
#4186=FACE_BOUND('',#3839,.T.);
#4187=FACE_BOUND('',#3840,.T.);
#4188=FACE_BOUND('',#3841,.T.);
#4189=FACE_BOUND('',#3842,.T.);
#4190=FACE_BOUND('',#3843,.T.);
#4191=FACE_BOUND('',#3844,.T.);
#4192=FACE_BOUND('',#3845,.T.);
#4193=FACE_BOUND('',#3846,.T.);
#4194=FACE_BOUND('',#3847,.T.);
#4195=FACE_BOUND('',#3848,.T.);
#4196=FACE_BOUND('',#3849,.T.);
#4197=FACE_BOUND('',#3850,.T.);
#4198=FACE_BOUND('',#3851,.T.);
#4199=FACE_BOUND('',#3852,.T.);
#4200=FACE_BOUND('',#3853,.T.);
#4201=FACE_BOUND('',#3854,.T.);
#4202=FACE_BOUND('',#3855,.T.);
#4203=FACE_BOUND('',#3856,.T.);
#4204=FACE_BOUND('',#3857,.T.);
#4205=FACE_BOUND('',#3858,.T.);
#4206=FACE_BOUND('',#3859,.T.);
#4207=FACE_BOUND('',#3860,.T.);
#4208=FACE_BOUND('',#3861,.T.);
#4209=FACE_BOUND('',#3862,.T.);
#4210=FACE_BOUND('',#3863,.T.);
#4211=FACE_BOUND('',#3864,.T.);
#4212=FACE_BOUND('',#3865,.T.);
#4213=FACE_BOUND('',#3866,.T.);
#4214=FACE_BOUND('',#3867,.T.);
#4215=FACE_BOUND('',#3868,.T.);
#4216=FACE_BOUND('',#3869,.T.);
#4217=FACE_BOUND('',#3870,.T.);
#4218=FACE_BOUND('',#3871,.T.);
#4219=FACE_BOUND('',#3872,.T.);
#4220=FACE_BOUND('',#3873,.T.);
#4221=FACE_BOUND('',#3874,.T.);
#4222=FACE_BOUND('',#3875,.T.);
#4223=FACE_BOUND('',#3876,.T.);
#4224=FACE_BOUND('',#3877,.T.);
#4225=FACE_BOUND('',#3878,.T.);
#4226=FACE_BOUND('',#3879,.T.);
#4227=FACE_BOUND('',#3880,.T.);
#4228=FACE_BOUND('',#3881,.T.);
#4229=FACE_BOUND('',#3882,.T.);
#4230=FACE_BOUND('',#3883,.T.);
#4231=FACE_BOUND('',#3884,.T.);
#4232=FACE_BOUND('',#3885,.T.);
#4233=FACE_BOUND('',#3886,.T.);
#4234=FACE_BOUND('',#3887,.T.);
#4235=FACE_BOUND('',#3888,.T.);
#4236=FACE_BOUND('',#3889,.T.);
#4237=FACE_BOUND('',#3890,.T.);
#4238=FACE_BOUND('',#3891,.T.);
#4239=FACE_BOUND('',#3892,.T.);
#4240=FACE_BOUND('',#3893,.T.);
#4241=FACE_BOUND('',#3894,.T.);
#4242=FACE_BOUND('',#3895,.T.);
#4243=FACE_BOUND('',#3896,.T.);
#4244=FACE_BOUND('',#3897,.T.);
#4245=FACE_BOUND('',#3898,.T.);
#4246=FACE_BOUND('',#3899,.T.);
#4247=FACE_BOUND('',#3900,.T.);
#4248=FACE_BOUND('',#3901,.T.);
#4249=FACE_BOUND('',#3902,.T.);
#4250=FACE_BOUND('',#3903,.T.);
#4251=FACE_BOUND('',#3904,.T.);
#4252=FACE_BOUND('',#3905,.T.);
#4253=FACE_BOUND('',#3906,.T.);
#4254=FACE_BOUND('',#3907,.T.);
#4255=FACE_BOUND('',#3908,.T.);
#4256=FACE_BOUND('',#3909,.T.);
#4257=FACE_BOUND('',#3910,.T.);
#4258=FACE_BOUND('',#3911,.T.);
#4259=FACE_BOUND('',#3912,.T.);
#4260=FACE_BOUND('',#3913,.T.);
#4261=FACE_BOUND('',#3914,.T.);
#4262=FACE_BOUND('',#3915,.T.);
#4263=FACE_BOUND('',#3916,.T.);
#4264=FACE_BOUND('',#3917,.T.);
#4265=FACE_BOUND('',#3918,.T.);
#4266=FACE_BOUND('',#3919,.T.);
#4267=FACE_BOUND('',#3920,.T.);
#4268=FACE_BOUND('',#3921,.T.);
#4269=FACE_BOUND('',#3922,.T.);
#4270=FACE_BOUND('',#3923,.T.);
#4271=FACE_BOUND('',#3924,.T.);
#4272=FACE_BOUND('',#3925,.T.);
#4273=FACE_BOUND('',#3926,.T.);
#4274=FACE_BOUND('',#3927,.T.);
#4275=FACE_BOUND('',#3928,.T.);
#4276=FACE_BOUND('',#3929,.T.);
#4277=FACE_BOUND('',#3930,.T.);
#4278=FACE_BOUND('',#3931,.T.);
#4279=FACE_BOUND('',#3932,.T.);
#4280=FACE_BOUND('',#3933,.T.);
#4281=FACE_BOUND('',#3934,.T.);
#4282=FACE_BOUND('',#3935,.T.);
#4283=FACE_BOUND('',#3936,.T.);
#4284=FACE_BOUND('',#3937,.T.);
#4285=FACE_BOUND('',#3938,.T.);
#4286=FACE_BOUND('',#3939,.T.);
#4287=FACE_BOUND('',#3940,.T.);
#4288=FACE_BOUND('',#3941,.T.);
#4289=FACE_BOUND('',#3942,.T.);
#4290=FACE_BOUND('',#3943,.T.);
#4291=FACE_BOUND('',#3944,.T.);
#4292=FACE_BOUND('',#3945,.T.);
#4293=FACE_BOUND('',#3946,.T.);
#4294=FACE_BOUND('',#3947,.T.);
#4295=FACE_BOUND('',#3948,.T.);
#4296=FACE_BOUND('',#3949,.T.);
#4297=FACE_BOUND('',#3950,.T.);
#4298=FACE_BOUND('',#3951,.T.);
#4299=FACE_BOUND('',#3952,.T.);
#4300=FACE_BOUND('',#3953,.T.);
#4301=FACE_BOUND('',#3954,.T.);
#4302=FACE_BOUND('',#3955,.T.);
#4303=FACE_BOUND('',#3956,.T.);
#4304=FACE_BOUND('',#3957,.T.);
#4305=FACE_BOUND('',#3958,.T.);
#4306=FACE_BOUND('',#3959,.T.);
#4307=FACE_BOUND('',#3960,.T.);
#4308=FACE_BOUND('',#3961,.T.);
#4309=FACE_BOUND('',#3962,.T.);
#4310=FACE_BOUND('',#3963,.T.);
#4311=FACE_BOUND('',#3964,.T.);
#4312=FACE_BOUND('',#3965,.T.);
#4313=FACE_BOUND('',#3966,.T.);
#4314=FACE_BOUND('',#3967,.T.);
#4315=FACE_BOUND('',#3968,.T.);
#4316=FACE_BOUND('',#3969,.T.);
#4317=FACE_BOUND('',#3970,.T.);
#4318=FACE_BOUND('',#3971,.T.);
#4319=FACE_BOUND('',#3972,.T.);
#4320=FACE_BOUND('',#3973,.T.);
#4321=FACE_BOUND('',#3974,.T.);
#4322=FACE_BOUND('',#3975,.T.);
#4323=FACE_BOUND('',#3976,.T.);
#4324=FACE_BOUND('',#3977,.T.);
#4325=FACE_BOUND('',#3978,.T.);
#4326=FACE_BOUND('',#3979,.T.);
#4327=FACE_BOUND('',#3980,.T.);
#4328=FACE_BOUND('',#3981,.T.);
#4329=FACE_BOUND('',#3982,.T.);
#4330=FACE_BOUND('',#3983,.T.);
#4331=FACE_BOUND('',#3984,.T.);
#4332=FACE_BOUND('',#3985,.T.);
#4333=FACE_BOUND('',#3986,.T.);
#4334=FACE_BOUND('',#3987,.T.);
#4335=FACE_BOUND('',#3988,.T.);
#4336=FACE_BOUND('',#3989,.T.);
#4337=FACE_BOUND('',#3990,.T.);
#4338=FACE_BOUND('',#3991,.T.);
#4339=FACE_BOUND('',#3992,.T.);
#4340=FACE_BOUND('',#3993,.T.);
#4341=FACE_BOUND('',#3994,.T.);
#4342=FACE_BOUND('',#3995,.T.);
#4343=FACE_BOUND('',#3996,.T.);
#4344=FACE_BOUND('',#3997,.T.);
#4345=FACE_BOUND('',#3998,.T.);
#4346=FACE_BOUND('',#3999,.T.);
#4347=FACE_BOUND('',#4000,.T.);
#4348=FACE_BOUND('',#4001,.T.);
#4349=FACE_BOUND('',#4002,.T.);
#4350=FACE_BOUND('',#4003,.T.);
#4351=FACE_BOUND('',#4004,.T.);
#4352=FACE_BOUND('',#4005,.T.);
#4353=FACE_BOUND('',#4006,.T.);
#4354=FACE_BOUND('',#4007,.T.);
#4355=FACE_BOUND('',#4008,.T.);
#4356=FACE_BOUND('',#4009,.T.);
#4357=FACE_BOUND('',#4010,.T.);
#4358=FACE_BOUND('',#4011,.T.);
#4359=FACE_BOUND('',#4012,.T.);
#4360=FACE_BOUND('',#4013,.T.);
#4361=FACE_BOUND('',#4014,.T.);
#4362=FACE_BOUND('',#4015,.T.);
#4363=FACE_BOUND('',#4016,.T.);
#4364=FACE_BOUND('',#4017,.T.);
#4365=FACE_BOUND('',#4018,.T.);
#4366=FACE_BOUND('',#4019,.T.);
#4367=FACE_BOUND('',#4020,.T.);
#4368=FACE_BOUND('',#4021,.T.);
#4369=FACE_BOUND('',#4022,.T.);
#4370=FACE_BOUND('',#4023,.T.);
#4371=FACE_BOUND('',#4024,.T.);
#4372=FACE_BOUND('',#4025,.T.);
#4373=FACE_BOUND('',#4026,.T.);
#4374=FACE_BOUND('',#4027,.T.);
#4375=FACE_BOUND('',#4028,.T.);
#4376=FACE_BOUND('',#4029,.T.);
#4377=FACE_BOUND('',#4030,.T.);
#4378=FACE_BOUND('',#4031,.T.);
#4379=FACE_BOUND('',#4032,.T.);
#4380=FACE_BOUND('',#4033,.T.);
#4381=FACE_BOUND('',#4034,.T.);
#4382=FACE_BOUND('',#4035,.T.);
#4383=FACE_BOUND('',#4036,.T.);
#4384=FACE_BOUND('',#4037,.T.);
#4385=FACE_BOUND('',#4038,.T.);
#4386=FACE_BOUND('',#4039,.T.);
#4387=FACE_BOUND('',#4040,.T.);
#4388=FACE_BOUND('',#4041,.T.);
#4389=FACE_BOUND('',#4042,.T.);
#4390=FACE_BOUND('',#4043,.T.);
#4391=FACE_BOUND('',#4044,.T.);
#4392=FACE_BOUND('',#4045,.T.);
#4393=FACE_BOUND('',#4046,.T.);
#4394=FACE_BOUND('',#4047,.T.);
#4395=FACE_BOUND('',#4048,.T.);
#4396=FACE_BOUND('',#4049,.T.);
#4397=FACE_BOUND('',#4050,.T.);
#4398=FACE_BOUND('',#4051,.T.);
#4399=FACE_BOUND('',#4052,.T.);
#4400=FACE_BOUND('',#4053,.T.);
#4401=FACE_BOUND('',#4054,.T.);
#4402=FACE_BOUND('',#4055,.T.);
#4403=FACE_BOUND('',#4056,.T.);
#4404=FACE_BOUND('',#4057,.T.);
#4405=FACE_BOUND('',#4058,.T.);
#4406=FACE_BOUND('',#4059,.T.);
#4407=FACE_BOUND('',#4060,.T.);
#4408=FACE_BOUND('',#4061,.T.);
#4409=FACE_BOUND('',#4062,.T.);
#4410=FACE_BOUND('',#4063,.T.);
#4411=FACE_BOUND('',#4064,.T.);
#4412=FACE_BOUND('',#4065,.T.);
#4413=FACE_BOUND('',#4066,.T.);
#4414=FACE_BOUND('',#4067,.T.);
#4415=FACE_BOUND('',#4068,.T.);
#4416=FACE_BOUND('',#4069,.T.);
#4417=FACE_BOUND('',#4070,.T.);
#4418=FACE_BOUND('',#4071,.T.);
#4419=FACE_BOUND('',#4072,.T.);
#4420=FACE_BOUND('',#4073,.T.);
#4421=FACE_BOUND('',#4074,.T.);
#4422=FACE_BOUND('',#4075,.T.);
#4423=FACE_BOUND('',#4076,.T.);
#4424=FACE_BOUND('',#4077,.T.);
#4425=FACE_BOUND('',#4078,.T.);
#4426=FACE_BOUND('',#4079,.T.);
#4427=FACE_BOUND('',#4080,.T.);
#4428=FACE_BOUND('',#4081,.T.);
#4429=FACE_BOUND('',#4082,.T.);
#4430=FACE_BOUND('',#4083,.T.);
#4431=FACE_BOUND('',#4084,.T.);
#4432=FACE_BOUND('',#4085,.T.);
#4433=FACE_BOUND('',#4086,.T.);
#4434=FACE_BOUND('',#4087,.T.);
#4435=FACE_BOUND('',#4088,.T.);
#4436=FACE_BOUND('',#4089,.T.);
#4437=FACE_BOUND('',#4090,.T.);
#4438=FACE_BOUND('',#4091,.T.);
#4439=FACE_BOUND('',#4092,.T.);
#4440=FACE_BOUND('',#4093,.T.);
#4441=FACE_BOUND('',#4094,.T.);
#4442=FACE_BOUND('',#4095,.T.);
#4443=FACE_BOUND('',#4096,.T.);
#4444=FACE_BOUND('',#4097,.T.);
#4445=FACE_BOUND('',#4098,.T.);
#4446=FACE_BOUND('',#4099,.T.);
#4447=FACE_BOUND('',#4100,.T.);
#4448=FACE_BOUND('',#4101,.T.);
#4449=FACE_BOUND('',#4102,.T.);
#4450=FACE_BOUND('',#4103,.T.);
#4451=FACE_BOUND('',#4104,.T.);
#4452=FACE_BOUND('',#4105,.T.);
#4453=FACE_BOUND('',#4106,.T.);
#4454=FACE_BOUND('',#4107,.T.);
#4455=FACE_BOUND('',#4108,.T.);
#4456=FACE_BOUND('',#4109,.T.);
#4457=FACE_BOUND('',#4110,.T.);
#4458=FACE_BOUND('',#4111,.T.);
#4459=FACE_BOUND('',#4112,.T.);
#4460=FACE_BOUND('',#4113,.T.);
#4461=FACE_BOUND('',#4114,.T.);
#4462=FACE_BOUND('',#4115,.T.);
#4463=FACE_BOUND('',#4116,.T.);
#4464=FACE_BOUND('',#4117,.T.);
#4465=FACE_BOUND('',#4118,.T.);
#4466=FACE_BOUND('',#4119,.T.);
#4467=FACE_BOUND('',#4120,.T.);
#4468=FACE_BOUND('',#4121,.T.);
#4469=FACE_BOUND('',#4122,.T.);
#4470=FACE_BOUND('',#4123,.T.);
#4471=FACE_BOUND('',#4124,.T.);
#4472=FACE_BOUND('',#4125,.T.);
#4473=FACE_BOUND('',#4126,.T.);
#4474=FACE_BOUND('',#4127,.T.);
#4475=FACE_BOUND('',#4128,.T.);
#4476=FACE_BOUND('',#4129,.T.);
#4477=FACE_BOUND('',#4130,.T.);
#4478=FACE_BOUND('',#4131,.T.);
#4479=FACE_BOUND('',#4132,.T.);
#4480=FACE_BOUND('',#4133,.T.);
#4481=FACE_BOUND('',#4134,.T.);
#4482=FACE_BOUND('',#4135,.T.);
#4483=FACE_BOUND('',#4136,.T.);
#4484=FACE_BOUND('',#4137,.T.);
#4485=FACE_BOUND('',#4138,.T.);
#4486=FACE_BOUND('',#4139,.T.);
#4487=FACE_BOUND('',#4140,.T.);
#4488=FACE_BOUND('',#4141,.T.);
#4489=FACE_BOUND('',#4142,.T.);
#4490=FACE_BOUND('',#4143,.T.);
#4491=FACE_BOUND('',#4144,.T.);
#4492=FACE_BOUND('',#4145,.T.);
#4493=FACE_BOUND('',#4146,.T.);
#4494=FACE_BOUND('',#4147,.T.);
#4495=FACE_BOUND('',#4148,.T.);
#4496=FACE_BOUND('',#4149,.T.);
#4497=FACE_BOUND('',#4150,.T.);
#4498=FACE_BOUND('',#4151,.T.);
#4499=FACE_BOUND('',#4152,.T.);
#4500=FACE_BOUND('',#4153,.T.);
#4501=FACE_BOUND('',#4154,.T.);
#4502=FACE_BOUND('',#4155,.T.);
#4503=FACE_BOUND('',#4156,.T.);
#4504=FACE_BOUND('',#4157,.T.);
#4505=FACE_BOUND('',#4158,.T.);
#4506=FACE_BOUND('',#4159,.T.);
#4507=FACE_BOUND('',#4160,.T.);
#4508=FACE_BOUND('',#4161,.T.);
#4509=FACE_BOUND('',#4162,.T.);
#4510=FACE_BOUND('',#4163,.T.);
#4511=FACE_BOUND('',#4164,.T.);
#4512=FACE_BOUND('',#4165,.T.);
#4513=FACE_BOUND('',#4166,.T.);
#4514=FACE_BOUND('',#4167,.T.);
#4515=FACE_BOUND('',#4168,.T.);
#4516=FACE_BOUND('',#4169,.T.);
#4517=FACE_BOUND('',#4170,.T.);
#4518=FACE_BOUND('',#4171,.T.);
#4519=FACE_BOUND('',#4172,.T.);
#4520=FACE_BOUND('',#4173,.T.);
#4521=FACE_BOUND('',#4174,.T.);
#4522=FACE_BOUND('',#4175,.T.);
#4523=FACE_BOUND('',#4176,.T.);
#4524=FACE_BOUND('',#4177,.T.);
#4525=FACE_BOUND('',#4178,.T.);
#4526=FACE_BOUND('',#4179,.T.);
#4527=CYLINDRICAL_SURFACE('',#4968,0.0005);
#4528=CYLINDRICAL_SURFACE('',#4980,0.01);
#4529=CYLINDRICAL_SURFACE('',#4987,0.01);
#4530=CYLINDRICAL_SURFACE('',#5027,0.001);
#4531=CYLINDRICAL_SURFACE('',#5029,0.003625);
#4532=CYLINDRICAL_SURFACE('',#5032,0.001);
#4533=CYLINDRICAL_SURFACE('',#5036,0.007);
#4534=CYLINDRICAL_SURFACE('',#5041,0.001);
#4535=CYLINDRICAL_SURFACE('',#5043,0.003625);
#4536=CYLINDRICAL_SURFACE('',#5046,0.001);
#4537=CYLINDRICAL_SURFACE('',#5048,0.007);
#4538=CYLINDRICAL_SURFACE('',#5055,0.01);
#4539=CYLINDRICAL_SURFACE('',#5058,0.01);
#4540=CYLINDRICAL_SURFACE('',#5063,0.01);
#4541=CYLINDRICAL_SURFACE('',#5066,0.00668831926827858);
#4542=CYLINDRICAL_SURFACE('',#5070,0.00100000000000002);
#4543=CYLINDRICAL_SURFACE('',#5088,0.00100000000000002);
#4544=CYLINDRICAL_SURFACE('',#5092,0.00668831926827858);
#4545=CYLINDRICAL_SURFACE('',#5095,0.01);
#4546=CYLINDRICAL_SURFACE('',#5098,0.001625);
#4547=CYLINDRICAL_SURFACE('',#5101,0.001625);
#4548=CYLINDRICAL_SURFACE('',#5206,0.007);
#4549=CYLINDRICAL_SURFACE('',#5208,0.001);
#4550=CYLINDRICAL_SURFACE('',#5210,0.003625);
#4551=CYLINDRICAL_SURFACE('',#5212,0.001);
#4552=CYLINDRICAL_SURFACE('',#5214,0.00700000000000426);
#4553=CYLINDRICAL_SURFACE('',#5217,0.007);
#4554=CYLINDRICAL_SURFACE('',#5221,0.007);
#4555=CYLINDRICAL_SURFACE('',#5224,0.001);
#4556=CYLINDRICAL_SURFACE('',#5227,0.003625);
#4557=CYLINDRICAL_SURFACE('',#5230,0.000999999999999982);
#4558=CYLINDRICAL_SURFACE('',#5233,0.00699999999999971);
#4559=CYLINDRICAL_SURFACE('',#5237,0.007);
#4560=CYLINDRICAL_SURFACE('',#5269,0.001625);
#4561=CYLINDRICAL_SURFACE('',#5272,0.001625);
#4562=CYLINDRICAL_SURFACE('',#5275,0.001575);
#4563=CYLINDRICAL_SURFACE('',#5278,0.002825);
#4564=CYLINDRICAL_SURFACE('',#5281,0.007);
#4565=CYLINDRICAL_SURFACE('',#5286,0.007);
#4566=CYLINDRICAL_SURFACE('',#5290,0.007);
#4567=CYLINDRICAL_SURFACE('',#5295,0.007);
#4568=CYLINDRICAL_SURFACE('',#5299,0.001);
#4569=CYLINDRICAL_SURFACE('',#5301,0.001);
#4570=CYLINDRICAL_SURFACE('',#5304,0.001);
#4571=CYLINDRICAL_SURFACE('',#5307,0.001);
#4572=CYLINDRICAL_SURFACE('',#5309,0.001);
#4573=CYLINDRICAL_SURFACE('',#5311,0.001);
#4574=CYLINDRICAL_SURFACE('',#5314,0.001);
#4575=CYLINDRICAL_SURFACE('',#5317,0.001);
#4576=CYLINDRICAL_SURFACE('',#5319,0.001);
#4577=CYLINDRICAL_SURFACE('',#5322,0.001);
#4578=CYLINDRICAL_SURFACE('',#5325,0.001);
#4579=CYLINDRICAL_SURFACE('',#5327,0.001);
#4580=CYLINDRICAL_SURFACE('',#5330,0.001);
#4581=CYLINDRICAL_SURFACE('',#5332,0.001);
#4582=CYLINDRICAL_SURFACE('',#5335,0.001);
#4583=CYLINDRICAL_SURFACE('',#5337,0.001);
#4584=CYLINDRICAL_SURFACE('',#5339,0.0005);
#4585=CYLINDRICAL_SURFACE('',#5349,0.0005);
#4586=CYLINDRICAL_SURFACE('',#5353,0.0005);
#4587=CYLINDRICAL_SURFACE('',#5363,0.0005);
#4588=CYLINDRICAL_SURFACE('',#5365,0.0005);
#4589=CYLINDRICAL_SURFACE('',#5369,0.0005);
#4590=CYLINDRICAL_SURFACE('',#5370,0.0005);
#4591=CYLINDRICAL_SURFACE('',#5374,0.0005);
#4592=CYLINDRICAL_SURFACE('',#5381,0.0005);
#4593=CYLINDRICAL_SURFACE('',#5384,0.0005);
#4594=CYLINDRICAL_SURFACE('',#5388,0.0005);
#4595=CYLINDRICAL_SURFACE('',#5390,0.0005);
#4596=CYLINDRICAL_SURFACE('',#5398,0.0005);
#4597=CYLINDRICAL_SURFACE('',#5400,0.0005);
#4598=CYLINDRICAL_SURFACE('',#5402,0.0005);
#4599=CYLINDRICAL_SURFACE('',#5403,0.0005);
#4600=CYLINDRICAL_SURFACE('',#5406,0.0005);
#4601=CYLINDRICAL_SURFACE('',#5407,0.0005);
#4602=CYLINDRICAL_SURFACE('',#5413,0.0005);
#4603=CYLINDRICAL_SURFACE('',#5415,0.0005);
#4604=CYLINDRICAL_SURFACE('',#5437,0.0005);
#4605=CYLINDRICAL_SURFACE('',#5439,0.0005);
#4606=CYLINDRICAL_SURFACE('',#5445,0.0005);
#4607=CYLINDRICAL_SURFACE('',#5447,0.0005);
#4608=CYLINDRICAL_SURFACE('',#5455,0.0005);
#4609=CYLINDRICAL_SURFACE('',#5461,0.0005);
#4610=CYLINDRICAL_SURFACE('',#5469,0.0005);
#4611=CYLINDRICAL_SURFACE('',#5471,0.0005);
#4612=CYLINDRICAL_SURFACE('',#5474,0.0005);
#4613=CYLINDRICAL_SURFACE('',#5483,0.0005);
#4614=CYLINDRICAL_SURFACE('',#5489,0.0005);
#4615=CYLINDRICAL_SURFACE('',#5497,0.0005);
#4616=CYLINDRICAL_SURFACE('',#5501,0.0005);
#4617=CYLINDRICAL_SURFACE('',#5503,0.0005);
#4618=CYLINDRICAL_SURFACE('',#5509,0.0005);
#4619=CYLINDRICAL_SURFACE('',#5519,0.0005);
#4620=CYLINDRICAL_SURFACE('',#5525,0.0005);
#4621=CYLINDRICAL_SURFACE('',#5527,0.0005);
#4622=CYLINDRICAL_SURFACE('',#5533,0.0005);
#4623=CYLINDRICAL_SURFACE('',#5538,0.0005);
#4624=CYLINDRICAL_SURFACE('',#5545,0.0005);
#4625=CYLINDRICAL_SURFACE('',#5547,0.0005);
#4626=CYLINDRICAL_SURFACE('',#5553,0.0005);
#4627=CYLINDRICAL_SURFACE('',#5555,0.0005);
#4628=CYLINDRICAL_SURFACE('',#5561,0.0005);
#4629=CYLINDRICAL_SURFACE('',#5563,0.0005);
#4630=CYLINDRICAL_SURFACE('',#5574,0.0005);
#4631=CYLINDRICAL_SURFACE('',#5581,0.0005);
#4632=CYLINDRICAL_SURFACE('',#5583,0.0005);
#4633=CYLINDRICAL_SURFACE('',#5589,0.0005);
#4634=CYLINDRICAL_SURFACE('',#5590,0.0005);
#4635=CYLINDRICAL_SURFACE('',#5597,0.0005);
#4636=CYLINDRICAL_SURFACE('',#5599,0.0005);
#4637=CYLINDRICAL_SURFACE('',#5605,0.0005);
#4638=CYLINDRICAL_SURFACE('',#5606,0.0005);
#4639=CYLINDRICAL_SURFACE('',#5613,0.0005);
#4640=CYLINDRICAL_SURFACE('',#5615,0.0005);
#4641=CYLINDRICAL_SURFACE('',#5621,0.0005);
#4642=CYLINDRICAL_SURFACE('',#5622,0.0005);
#4643=CYLINDRICAL_SURFACE('',#5629,0.0005);
#4644=CYLINDRICAL_SURFACE('',#5631,0.0005);
#4645=CYLINDRICAL_SURFACE('',#5637,0.0005);
#4646=ADVANCED_FACE('',(#4180),#4527,.F.);
#4647=ADVANCED_FACE('',(#4181),#182,.T.);
#4648=ADVANCED_FACE('',(#4182,#4183),#183,.F.);
#4649=ADVANCED_FACE('',(#4184,#4185),#4528,.T.);
#4650=ADVANCED_FACE('',(#4186,#4187),#4529,.T.);
#4651=ADVANCED_FACE('',(#4188),#184,.T.);
#4652=ADVANCED_FACE('',(#4189),#185,.T.);
#4653=ADVANCED_FACE('',(#4190),#186,.T.);
#4654=ADVANCED_FACE('',(#4191),#187,.T.);
#4655=ADVANCED_FACE('',(#4192),#188,.T.);
#4656=ADVANCED_FACE('',(#4193),#189,.F.);
#4657=ADVANCED_FACE('',(#4194),#190,.T.);
#4658=ADVANCED_FACE('',(#4195),#191,.F.);
#4659=ADVANCED_FACE('',(#4196),#192,.F.);
#4660=ADVANCED_FACE('',(#4197),#193,.T.);
#4661=ADVANCED_FACE('',(#4198),#194,.T.);
#4662=ADVANCED_FACE('',(#4199),#4530,.F.);
#4663=ADVANCED_FACE('',(#4200),#4531,.T.);
#4664=ADVANCED_FACE('',(#4201),#4532,.F.);
#4665=ADVANCED_FACE('',(#4202),#195,.F.);
#4666=ADVANCED_FACE('',(#4203),#4533,.F.);
#4667=ADVANCED_FACE('',(#4204,#4205),#196,.F.);
#4668=ADVANCED_FACE('',(#4206),#4534,.F.);
#4669=ADVANCED_FACE('',(#4207),#4535,.T.);
#4670=ADVANCED_FACE('',(#4208),#4536,.F.);
#4671=ADVANCED_FACE('',(#4209),#4537,.F.);
#4672=ADVANCED_FACE('',(#4210,#4211),#197,.T.);
#4673=ADVANCED_FACE('',(#4212,#4213),#198,.F.);
#4674=ADVANCED_FACE('',(#4214),#4538,.T.);
#4675=ADVANCED_FACE('',(#4215),#4539,.T.);
#4676=ADVANCED_FACE('',(#4216,#4217),#199,.T.);
#4677=ADVANCED_FACE('',(#4218),#4540,.T.);
#4678=ADVANCED_FACE('',(#4219),#4541,.F.);
#4679=ADVANCED_FACE('',(#4220),#200,.F.);
#4680=ADVANCED_FACE('',(#4221),#4542,.T.);
#4681=ADVANCED_FACE('',(#4222,#4223,#4224,#4225),#201,.T.);
#4682=ADVANCED_FACE('',(#4226),#4543,.T.);
#4683=ADVANCED_FACE('',(#4227),#202,.T.);
#4684=ADVANCED_FACE('',(#4228),#4544,.F.);
#4685=ADVANCED_FACE('',(#4229),#4545,.T.);
#4686=ADVANCED_FACE('',(#4230,#4231),#4546,.F.);
#4687=ADVANCED_FACE('',(#4232,#4233),#4547,.F.);
#4688=ADVANCED_FACE('',(#4234,#4235,#4236,#4237),#203,.T.);
#4689=ADVANCED_FACE('',(#4238,#4239,#4240,#4241),#204,.F.);
#4690=ADVANCED_FACE('',(#4242),#205,.F.);
#4691=ADVANCED_FACE('',(#4243),#206,.T.);
#4692=ADVANCED_FACE('',(#4244),#134,.F.);
#4693=ADVANCED_FACE('',(#4245),#135,.T.);
#4694=ADVANCED_FACE('',(#4246),#207,.F.);
#4695=ADVANCED_FACE('',(#4247),#136,.F.);
#4696=ADVANCED_FACE('',(#4248),#137,.F.);
#4697=ADVANCED_FACE('',(#4249),#208,.T.);
#4698=ADVANCED_FACE('',(#4250),#209,.F.);
#4699=ADVANCED_FACE('',(#4251),#138,.F.);
#4700=ADVANCED_FACE('',(#4252),#139,.F.);
#4701=ADVANCED_FACE('',(#4253),#210,.T.);
#4702=ADVANCED_FACE('',(#4254),#140,.T.);
#4703=ADVANCED_FACE('',(#4255),#141,.F.);
#4704=ADVANCED_FACE('',(#4256),#211,.T.);
#4705=ADVANCED_FACE('',(#4257),#212,.F.);
#4706=ADVANCED_FACE('',(#4258),#213,.F.);
#4707=ADVANCED_FACE('',(#4259),#214,.F.);
#4708=ADVANCED_FACE('',(#4260),#215,.F.);
#4709=ADVANCED_FACE('',(#4261),#216,.T.);
#4710=ADVANCED_FACE('',(#4262),#217,.T.);
#4711=ADVANCED_FACE('',(#4263),#218,.T.);
#4712=ADVANCED_FACE('',(#4264),#4548,.F.);
#4713=ADVANCED_FACE('',(#4265),#4549,.F.);
#4714=ADVANCED_FACE('',(#4266),#4550,.T.);
#4715=ADVANCED_FACE('',(#4267),#4551,.F.);
#4716=ADVANCED_FACE('',(#4268),#4552,.F.);
#4717=ADVANCED_FACE('',(#4269),#219,.T.);
#4718=ADVANCED_FACE('',(#4270),#4553,.F.);
#4719=ADVANCED_FACE('',(#4271),#220,.F.);
#4720=ADVANCED_FACE('',(#4272),#4554,.F.);
#4721=ADVANCED_FACE('',(#4273),#4555,.F.);
#4722=ADVANCED_FACE('',(#4274),#4556,.T.);
#4723=ADVANCED_FACE('',(#4275),#4557,.F.);
#4724=ADVANCED_FACE('',(#4276),#4558,.F.);
#4725=ADVANCED_FACE('',(#4277),#221,.F.);
#4726=ADVANCED_FACE('',(#4278),#4559,.F.);
#4727=ADVANCED_FACE('',(#4279),#222,.T.);
#4728=ADVANCED_FACE('',(#4280),#223,.T.);
#4729=ADVANCED_FACE('',(#4281,#4282),#133,.F.);
#4730=ADVANCED_FACE('',(#4283),#224,.F.);
#4731=ADVANCED_FACE('',(#4284),#225,.F.);
#4732=ADVANCED_FACE('',(#4285),#226,.F.);
#4733=ADVANCED_FACE('',(#4286,#4287),#227,.F.);
#4734=ADVANCED_FACE('',(#4288),#228,.F.);
#4735=ADVANCED_FACE('',(#4289),#229,.F.);
#4736=ADVANCED_FACE('',(#4290),#230,.F.);
#4737=ADVANCED_FACE('',(#4291),#231,.F.);
#4738=ADVANCED_FACE('',(#4292),#232,.F.);
#4739=ADVANCED_FACE('',(#4293),#233,.F.);
#4740=ADVANCED_FACE('',(#4294,#4295),#234,.F.);
#4741=ADVANCED_FACE('',(#4296),#235,.F.);
#4742=ADVANCED_FACE('',(#4297),#236,.F.);
#4743=ADVANCED_FACE('',(#4298),#237,.F.);
#4744=ADVANCED_FACE('',(#4299,#4300),#4560,.F.);
#4745=ADVANCED_FACE('',(#4301,#4302),#4561,.F.);
#4746=ADVANCED_FACE('',(#4303,#4304),#4562,.F.);
#4747=ADVANCED_FACE('',(#4305,#4306),#4563,.F.);
#4748=ADVANCED_FACE('',(#4307),#4564,.F.);
#4749=ADVANCED_FACE('',(#4308),#238,.T.);
#4750=ADVANCED_FACE('',(#4309),#239,.F.);
#4751=ADVANCED_FACE('',(#4310),#4565,.F.);
#4752=ADVANCED_FACE('',(#4311),#240,.T.);
#4753=ADVANCED_FACE('',(#4312),#4566,.F.);
#4754=ADVANCED_FACE('',(#4313),#241,.F.);
#4755=ADVANCED_FACE('',(#4314),#4567,.F.);
#4756=ADVANCED_FACE('',(#4315),#4568,.T.);
#4757=ADVANCED_FACE('',(#4316),#4569,.T.);
#4758=ADVANCED_FACE('',(#4317),#4570,.T.);
#4759=ADVANCED_FACE('',(#4318),#4571,.T.);
#4760=ADVANCED_FACE('',(#4319),#4572,.T.);
#4761=ADVANCED_FACE('',(#4320),#4573,.T.);
#4762=ADVANCED_FACE('',(#4321),#4574,.T.);
#4763=ADVANCED_FACE('',(#4322),#4575,.T.);
#4764=ADVANCED_FACE('',(#4323),#4576,.T.);
#4765=ADVANCED_FACE('',(#4324),#4577,.T.);
#4766=ADVANCED_FACE('',(#4325),#4578,.T.);
#4767=ADVANCED_FACE('',(#4326),#4579,.T.);
#4768=ADVANCED_FACE('',(#4327),#4580,.T.);
#4769=ADVANCED_FACE('',(#4328),#4581,.T.);
#4770=ADVANCED_FACE('',(#4329),#4582,.T.);
#4771=ADVANCED_FACE('',(#4330),#4583,.T.);
#4772=ADVANCED_FACE('',(#4331),#4584,.F.);
#4773=ADVANCED_FACE('',(#4332),#100,.F.);
#4774=ADVANCED_FACE('',(#4333),#101,.F.);
#4775=ADVANCED_FACE('',(#4334),#102,.F.);
#4776=ADVANCED_FACE('',(#4335),#12,.F.);
#4777=ADVANCED_FACE('',(#4336),#103,.F.);
#4778=ADVANCED_FACE('',(#4337),#104,.F.);
#4779=ADVANCED_FACE('',(#4338),#105,.F.);
#4780=ADVANCED_FACE('',(#4339),#4585,.F.);
#4781=ADVANCED_FACE('',(#4340),#13,.F.);
#4782=ADVANCED_FACE('',(#4341),#4586,.F.);
#4783=ADVANCED_FACE('',(#4342),#106,.F.);
#4784=ADVANCED_FACE('',(#4343),#107,.F.);
#4785=ADVANCED_FACE('',(#4344),#108,.F.);
#4786=ADVANCED_FACE('',(#4345),#14,.F.);
#4787=ADVANCED_FACE('',(#4346),#109,.F.);
#4788=ADVANCED_FACE('',(#4347),#110,.F.);
#4789=ADVANCED_FACE('',(#4348),#111,.F.);
#4790=ADVANCED_FACE('',(#4349),#4587,.F.);
#4791=ADVANCED_FACE('',(#4350),#4588,.T.);
#4792=ADVANCED_FACE('',(#4351),#15,.T.);
#4793=ADVANCED_FACE('',(#4352),#4589,.T.);
#4794=ADVANCED_FACE('',(#4353),#4590,.T.);
#4795=ADVANCED_FACE('',(#4354),#16,.T.);
#4796=ADVANCED_FACE('',(#4355),#4591,.T.);
#4797=ADVANCED_FACE('',(#4356),#17,.T.);
#4798=ADVANCED_FACE('',(#4357),#18,.T.);
#4799=ADVANCED_FACE('',(#4358),#19,.T.);
#4800=ADVANCED_FACE('',(#4359),#112,.T.);
#4801=ADVANCED_FACE('',(#4360),#4592,.T.);
#4802=ADVANCED_FACE('',(#4361),#113,.T.);
#4803=ADVANCED_FACE('',(#4362),#114,.T.);
#4804=ADVANCED_FACE('',(#4363),#4593,.T.);
#4805=ADVANCED_FACE('',(#4364),#115,.T.);
#4806=ADVANCED_FACE('',(#4365),#20,.F.);
#4807=ADVANCED_FACE('',(#4366),#116,.T.);
#4808=ADVANCED_FACE('',(#4367),#4594,.T.);
#4809=ADVANCED_FACE('',(#4368),#117,.T.);
#4810=ADVANCED_FACE('',(#4369),#4595,.T.);
#4811=ADVANCED_FACE('',(#4370),#21,.T.);
#4812=ADVANCED_FACE('',(#4371),#22,.T.);
#4813=ADVANCED_FACE('',(#4372),#23,.T.);
#4814=ADVANCED_FACE('',(#4373),#4596,.T.);
#4815=ADVANCED_FACE('',(#4374),#118,.T.);
#4816=ADVANCED_FACE('',(#4375),#4597,.T.);
#4817=ADVANCED_FACE('',(#4376),#119,.T.);
#4818=ADVANCED_FACE('',(#4377),#4598,.T.);
#4819=ADVANCED_FACE('',(#4378),#120,.T.);
#4820=ADVANCED_FACE('',(#4379),#121,.T.);
#4821=ADVANCED_FACE('',(#4380),#122,.T.);
#4822=ADVANCED_FACE('',(#4381),#123,.T.);
#4823=ADVANCED_FACE('',(#4382),#4599,.T.);
#4824=ADVANCED_FACE('',(#4383,#4384),#24,.T.);
#4825=ADVANCED_FACE('',(#4385,#4386),#25,.T.);
#4826=ADVANCED_FACE('',(#4387),#4600,.T.);
#4827=ADVANCED_FACE('',(#4388),#124,.T.);
#4828=ADVANCED_FACE('',(#4389),#125,.T.);
#4829=ADVANCED_FACE('',(#4390),#126,.T.);
#4830=ADVANCED_FACE('',(#4391),#127,.T.);
#4831=ADVANCED_FACE('',(#4392),#4601,.T.);
#4832=ADVANCED_FACE('',(#4393,#4394),#26,.T.);
#4833=ADVANCED_FACE('',(#4395,#4396),#27,.T.);
#4834=ADVANCED_FACE('',(#4397),#28,.T.);
#4835=ADVANCED_FACE('',(#4398),#4602,.T.);
#4836=ADVANCED_FACE('',(#4399),#4603,.T.);
#4837=ADVANCED_FACE('',(#4400),#29,.T.);
#4838=ADVANCED_FACE('',(#4401),#30,.T.);
#4839=ADVANCED_FACE('',(#4402),#31,.T.);
#4840=ADVANCED_FACE('',(#4403),#32,.T.);
#4841=ADVANCED_FACE('',(#4404),#33,.T.);
#4842=ADVANCED_FACE('',(#4405),#34,.T.);
#4843=ADVANCED_FACE('',(#4406),#35,.T.);
#4844=ADVANCED_FACE('',(#4407),#36,.T.);
#4845=ADVANCED_FACE('',(#4408),#37,.T.);
#4846=ADVANCED_FACE('',(#4409),#38,.T.);
#4847=ADVANCED_FACE('',(#4410),#4604,.T.);
#4848=ADVANCED_FACE('',(#4411),#4605,.T.);
#4849=ADVANCED_FACE('',(#4412),#39,.T.);
#4850=ADVANCED_FACE('',(#4413),#40,.T.);
#4851=ADVANCED_FACE('',(#4414),#4606,.T.);
#4852=ADVANCED_FACE('',(#4415),#4607,.T.);
#4853=ADVANCED_FACE('',(#4416),#41,.T.);
#4854=ADVANCED_FACE('',(#4417),#42,.T.);
#4855=ADVANCED_FACE('',(#4418),#43,.T.);
#4856=ADVANCED_FACE('',(#4419),#4608,.T.);
#4857=ADVANCED_FACE('',(#4420),#44,.T.);
#4858=ADVANCED_FACE('',(#4421),#45,.T.);
#4859=ADVANCED_FACE('',(#4422),#4609,.T.);
#4860=ADVANCED_FACE('',(#4423),#46,.T.);
#4861=ADVANCED_FACE('',(#4424),#47,.T.);
#4862=ADVANCED_FACE('',(#4425),#48,.T.);
#4863=ADVANCED_FACE('',(#4426),#4610,.T.);
#4864=ADVANCED_FACE('',(#4427),#4611,.T.);
#4865=ADVANCED_FACE('',(#4428),#49,.T.);
#4866=ADVANCED_FACE('',(#4429,#4430),#128,.T.);
#4867=ADVANCED_FACE('',(#4431),#4612,.T.);
#4868=ADVANCED_FACE('',(#4432),#50,.T.);
#4869=ADVANCED_FACE('',(#4433),#51,.T.);
#4870=ADVANCED_FACE('',(#4434),#52,.T.);
#4871=ADVANCED_FACE('',(#4435),#4613,.T.);
#4872=ADVANCED_FACE('',(#4436),#53,.T.);
#4873=ADVANCED_FACE('',(#4437),#54,.T.);
#4874=ADVANCED_FACE('',(#4438),#4614,.T.);
#4875=ADVANCED_FACE('',(#4439),#55,.T.);
#4876=ADVANCED_FACE('',(#4440),#56,.T.);
#4877=ADVANCED_FACE('',(#4441),#57,.T.);
#4878=ADVANCED_FACE('',(#4442),#4615,.T.);
#4879=ADVANCED_FACE('',(#4443),#58,.T.);
#4880=ADVANCED_FACE('',(#4444),#4616,.T.);
#4881=ADVANCED_FACE('',(#4445),#4617,.T.);
#4882=ADVANCED_FACE('',(#4446),#59,.T.);
#4883=ADVANCED_FACE('',(#4447),#60,.T.);
#4884=ADVANCED_FACE('',(#4448),#4618,.T.);
#4885=ADVANCED_FACE('',(#4449),#61,.T.);
#4886=ADVANCED_FACE('',(#4450),#62,.T.);
#4887=ADVANCED_FACE('',(#4451),#63,.T.);
#4888=ADVANCED_FACE('',(#4452),#64,.T.);
#4889=ADVANCED_FACE('',(#4453),#4619,.T.);
#4890=ADVANCED_FACE('',(#4454),#65,.T.);
#4891=ADVANCED_FACE('',(#4455),#66,.T.);
#4892=ADVANCED_FACE('',(#4456),#4620,.T.);
#4893=ADVANCED_FACE('',(#4457),#4621,.T.);
#4894=ADVANCED_FACE('',(#4458),#67,.T.);
#4895=ADVANCED_FACE('',(#4459),#129,.T.);
#4896=ADVANCED_FACE('',(#4460),#130,.T.);
#4897=ADVANCED_FACE('',(#4461),#4622,.T.);
#4898=ADVANCED_FACE('',(#4462),#68,.T.);
#4899=ADVANCED_FACE('',(#4463),#131,.T.);
#4900=ADVANCED_FACE('',(#4464),#4623,.T.);
#4901=ADVANCED_FACE('',(#4465),#132,.T.);
#4902=ADVANCED_FACE('',(#4466),#69,.T.);
#4903=ADVANCED_FACE('',(#4467),#70,.T.);
#4904=ADVANCED_FACE('',(#4468),#4624,.T.);
#4905=ADVANCED_FACE('',(#4469),#4625,.T.);
#4906=ADVANCED_FACE('',(#4470),#71,.T.);
#4907=ADVANCED_FACE('',(#4471),#72,.T.);
#4908=ADVANCED_FACE('',(#4472),#4626,.T.);
#4909=ADVANCED_FACE('',(#4473),#4627,.T.);
#4910=ADVANCED_FACE('',(#4474),#73,.T.);
#4911=ADVANCED_FACE('',(#4475),#74,.T.);
#4912=ADVANCED_FACE('',(#4476),#4628,.T.);
#4913=ADVANCED_FACE('',(#4477),#4629,.T.);
#4914=ADVANCED_FACE('',(#4478),#75,.T.);
#4915=ADVANCED_FACE('',(#4479,#4480),#76,.T.);
#4916=ADVANCED_FACE('',(#4481,#4482),#77,.T.);
#4917=ADVANCED_FACE('',(#4483,#4484),#78,.T.);
#4918=ADVANCED_FACE('',(#4485,#4486),#79,.T.);
#4919=ADVANCED_FACE('',(#4487,#4488),#80,.T.);
#4920=ADVANCED_FACE('',(#4489,#4490),#81,.T.);
#4921=ADVANCED_FACE('',(#4491,#4492),#82,.T.);
#4922=ADVANCED_FACE('',(#4493,#4494),#83,.T.);
#4923=ADVANCED_FACE('',(#4495),#4630,.T.);
#4924=ADVANCED_FACE('',(#4496),#84,.T.);
#4925=ADVANCED_FACE('',(#4497),#85,.T.);
#4926=ADVANCED_FACE('',(#4498),#4631,.T.);
#4927=ADVANCED_FACE('',(#4499),#4632,.T.);
#4928=ADVANCED_FACE('',(#4500),#86,.T.);
#4929=ADVANCED_FACE('',(#4501),#87,.T.);
#4930=ADVANCED_FACE('',(#4502),#4633,.T.);
#4931=ADVANCED_FACE('',(#4503),#4634,.T.);
#4932=ADVANCED_FACE('',(#4504),#88,.T.);
#4933=ADVANCED_FACE('',(#4505),#89,.T.);
#4934=ADVANCED_FACE('',(#4506),#4635,.T.);
#4935=ADVANCED_FACE('',(#4507),#4636,.T.);
#4936=ADVANCED_FACE('',(#4508),#90,.T.);
#4937=ADVANCED_FACE('',(#4509),#91,.T.);
#4938=ADVANCED_FACE('',(#4510),#4637,.T.);
#4939=ADVANCED_FACE('',(#4511),#4638,.T.);
#4940=ADVANCED_FACE('',(#4512),#92,.T.);
#4941=ADVANCED_FACE('',(#4513),#93,.T.);
#4942=ADVANCED_FACE('',(#4514),#4639,.T.);
#4943=ADVANCED_FACE('',(#4515),#4640,.T.);
#4944=ADVANCED_FACE('',(#4516),#94,.T.);
#4945=ADVANCED_FACE('',(#4517),#95,.T.);
#4946=ADVANCED_FACE('',(#4518),#4641,.T.);
#4947=ADVANCED_FACE('',(#4519),#4642,.T.);
#4948=ADVANCED_FACE('',(#4520),#96,.T.);
#4949=ADVANCED_FACE('',(#4521),#97,.T.);
#4950=ADVANCED_FACE('',(#4522),#4643,.T.);
#4951=ADVANCED_FACE('',(#4523),#4644,.T.);
#4952=ADVANCED_FACE('',(#4524),#98,.T.);
#4953=ADVANCED_FACE('',(#4525),#99,.T.);
#4954=ADVANCED_FACE('',(#4526),#4645,.T.);
#4955=CLOSED_SHELL('',(#4646,#4647,#4648,#4649,#4650,#4651,#4652,#4653,
#4654,#4655,#4656,#4657,#4658,#4659,#4660,#4661,#4662,#4663,#4664,#4665,
#4666,#4667,#4668,#4669,#4670,#4671,#4672,#4673,#4674,#4675,#4676,#4677,
#4678,#4679,#4680,#4681,#4682,#4683,#4684,#4685,#4686,#4687,#4688,#4689,
#4690,#4691,#4692,#4693,#4694,#4695,#4696,#4697,#4698,#4699,#4700,#4701,
#4702,#4703,#4704,#4705,#4706,#4707,#4708,#4709,#4710,#4711,#4712,#4713,
#4714,#4715,#4716,#4717,#4718,#4719,#4720,#4721,#4722,#4723,#4724,#4725,
#4726,#4727,#4728,#4729,#4730,#4731,#4732,#4733,#4734,#4735,#4736,#4737,
#4738,#4739,#4740,#4741,#4742,#4743,#4744,#4745,#4746,#4747,#4748,#4749,
#4750,#4751,#4752,#4753,#4754,#4755,#4756,#4757,#4758,#4759,#4760,#4761,
#4762,#4763,#4764,#4765,#4766,#4767,#4768,#4769,#4770,#4771,#4772,#4773,
#4774,#4775,#4776,#4777,#4778,#4779,#4780,#4781,#4782,#4783,#4784,#4785,
#4786,#4787,#4788,#4789,#4790,#4791,#4792,#4793,#4794,#4795,#4796,#4797,
#4798,#4799,#4800,#4801,#4802,#4803,#4804,#4805,#4806,#4807,#4808,#4809,
#4810,#4811,#4812,#4813,#4814,#4815,#4816,#4817,#4818,#4819,#4820,#4821,
#4822,#4823,#4824,#4825,#4826,#4827,#4828,#4829,#4830,#4831,#4832,#4833,
#4834,#4835,#4836,#4837,#4838,#4839,#4840,#4841,#4842,#4843,#4844,#4845,
#4846,#4847,#4848,#4849,#4850,#4851,#4852,#4853,#4854,#4855,#4856,#4857,
#4858,#4859,#4860,#4861,#4862,#4863,#4864,#4865,#4866,#4867,#4868,#4869,
#4870,#4871,#4872,#4873,#4874,#4875,#4876,#4877,#4878,#4879,#4880,#4881,
#4882,#4883,#4884,#4885,#4886,#4887,#4888,#4889,#4890,#4891,#4892,#4893,
#4894,#4895,#4896,#4897,#4898,#4899,#4900,#4901,#4902,#4903,#4904,#4905,
#4906,#4907,#4908,#4909,#4910,#4911,#4912,#4913,#4914,#4915,#4916,#4917,
#4918,#4919,#4920,#4921,#4922,#4923,#4924,#4925,#4926,#4927,#4928,#4929,
#4930,#4931,#4932,#4933,#4934,#4935,#4936,#4937,#4938,#4939,#4940,#4941,
#4942,#4943,#4944,#4945,#4946,#4947,#4948,#4949,#4950,#4951,#4952,#4953,
#4954));
#4956=STYLED_ITEM('',(#4957),#4964);
#4957=PRESENTATION_STYLE_ASSIGNMENT((#4958));
#4958=SURFACE_STYLE_USAGE(.BOTH.,#4959);
#4959=SURFACE_SIDE_STYLE('',(#4960));
#4960=SURFACE_STYLE_FILL_AREA(#4961);
#4961=FILL_AREA_STYLE('',(#4962));
#4962=FILL_AREA_STYLE_COLOUR('',#4963);
#4963=COLOUR_RGB('',0.615686274509804,0.811764705882353,0.929411764705882);
#4964=MANIFOLD_SOLID_BREP('BLOCKS_mirror_block',#4955);
#4965=SHAPE_DEFINITION_REPRESENTATION(#10007,#4966);
#4966=SHAPE_REPRESENTATION('BLOCKS_mirror_block',(#4967),#10002);
#4967=AXIS2_PLACEMENT_3D('',#7243,#5638,#5639);
#4968=AXIS2_PLACEMENT_3D('',#7244,#5640,#5641);
#4969=AXIS2_PLACEMENT_3D('',#7255,#5644,#5645);
#4970=AXIS2_PLACEMENT_3D('',#7256,#5646,#5647);
#4971=AXIS2_PLACEMENT_3D('',#7266,#5652,#5653);
#4972=AXIS2_PLACEMENT_3D('',#7270,#5655,#5656);
#4973=AXIS2_PLACEMENT_3D('',#7274,#5658,#5659);
#4974=AXIS2_PLACEMENT_3D('',#7278,#5661,#5662);
#4975=AXIS2_PLACEMENT_3D('',#7285,#5663,#5664);
#4976=AXIS2_PLACEMENT_3D('',#7289,#5666,#5667);
#4977=AXIS2_PLACEMENT_3D('',#7293,#5669,#5670);
#4978=AXIS2_PLACEMENT_3D('',#7297,#5672,#5673);
#4979=AXIS2_PLACEMENT_3D('',#7301,#5675,#5676);
#4980=AXIS2_PLACEMENT_3D('',#7310,#5681,#5682);
#4981=AXIS2_PLACEMENT_3D('',#7311,#5683,#5684);
#4982=AXIS2_PLACEMENT_3D('',#7316,#5686,#5687);
#4983=AXIS2_PLACEMENT_3D('',#7318,#5688,#5689);
#4984=AXIS2_PLACEMENT_3D('',#7322,#5691,#5692);
#4985=AXIS2_PLACEMENT_3D('',#7326,#5694,#5695);
#4986=AXIS2_PLACEMENT_3D('',#7330,#5697,#5698);
#4987=AXIS2_PLACEMENT_3D('',#7331,#5699,#5700);
#4988=AXIS2_PLACEMENT_3D('',#7332,#5701,#5702);
#4989=AXIS2_PLACEMENT_3D('',#7337,#5704,#5705);
#4990=AXIS2_PLACEMENT_3D('',#7339,#5706,#5707);
#4991=AXIS2_PLACEMENT_3D('',#7343,#5709,#5710);
#4992=AXIS2_PLACEMENT_3D('',#7347,#5712,#5713);
#4993=AXIS2_PLACEMENT_3D('',#7351,#5715,#5716);
#4994=AXIS2_PLACEMENT_3D('',#7352,#5717,#5718);
#4995=AXIS2_PLACEMENT_3D('',#7373,#5721,#5722);
#4996=AXIS2_PLACEMENT_3D('',#7377,#5724,#5725);
#4997=AXIS2_PLACEMENT_3D('',#7379,#5726,#5727);
#4998=AXIS2_PLACEMENT_3D('',#7381,#5728,#5729);
#4999=AXIS2_PLACEMENT_3D('',#7383,#5730,#5731);
#5000=AXIS2_PLACEMENT_3D('',#7385,#5732,#5733);
#5001=AXIS2_PLACEMENT_3D('',#7386,#5734,#5735);
#5002=AXIS2_PLACEMENT_3D('',#7387,#5736,#5737);
#5003=AXIS2_PLACEMENT_3D('',#7392,#5739,#5740);
#5004=AXIS2_PLACEMENT_3D('',#7396,#5742,#5743);
#5005=AXIS2_PLACEMENT_3D('',#7400,#5745,#5746);
#5006=AXIS2_PLACEMENT_3D('',#7403,#5748,#5749);
#5007=AXIS2_PLACEMENT_3D('',#7404,#5750,#5751);
#5008=AXIS2_PLACEMENT_3D('',#7409,#5753,#5754);
#5009=AXIS2_PLACEMENT_3D('',#7413,#5756,#5757);
#5010=AXIS2_PLACEMENT_3D('',#7417,#5759,#5760);
#5011=AXIS2_PLACEMENT_3D('',#7420,#5762,#5763);
#5012=AXIS2_PLACEMENT_3D('',#7421,#5764,#5765);
#5013=AXIS2_PLACEMENT_3D('',#7426,#5767,#5768);
#5014=AXIS2_PLACEMENT_3D('',#7430,#5770,#5771);
#5015=AXIS2_PLACEMENT_3D('',#7434,#5773,#5774);
#5016=AXIS2_PLACEMENT_3D('',#7437,#5776,#5777);
#5017=AXIS2_PLACEMENT_3D('',#7438,#5778,#5779);
#5018=AXIS2_PLACEMENT_3D('',#7443,#5781,#5782);
#5019=AXIS2_PLACEMENT_3D('',#7447,#5784,#5785);
#5020=AXIS2_PLACEMENT_3D('',#7451,#5787,#5788);
#5021=AXIS2_PLACEMENT_3D('',#7454,#5790,#5791);
#5022=AXIS2_PLACEMENT_3D('',#7463,#5796,#5797);
#5023=AXIS2_PLACEMENT_3D('',#7472,#5802,#5803);
#5024=AXIS2_PLACEMENT_3D('',#7481,#5808,#5809);
#5025=AXIS2_PLACEMENT_3D('',#7490,#5814,#5815);
#5026=AXIS2_PLACEMENT_3D('',#7499,#5820,#5821);
#5027=AXIS2_PLACEMENT_3D('',#7508,#5826,#5827);
#5028=AXIS2_PLACEMENT_3D('',#7512,#5829,#5830);
#5029=AXIS2_PLACEMENT_3D('',#7523,#5832,#5833);
#5030=AXIS2_PLACEMENT_3D('',#7524,#5834,#5835);
#5031=AXIS2_PLACEMENT_3D('',#7536,#5837,#5838);
#5032=AXIS2_PLACEMENT_3D('',#7545,#5839,#5840);
#5033=AXIS2_PLACEMENT_3D('',#7546,#5841,#5842);
#5034=AXIS2_PLACEMENT_3D('',#7559,#5845,#5846);
#5035=AXIS2_PLACEMENT_3D('',#7572,#5850,#5851);
#5036=AXIS2_PLACEMENT_3D('',#7573,#5852,#5853);
#5037=AXIS2_PLACEMENT_3D('',#7574,#5854,#5855);
#5038=AXIS2_PLACEMENT_3D('',#7578,#5857,#5858);
#5039=AXIS2_PLACEMENT_3D('',#7579,#5859,#5860);
#5040=AXIS2_PLACEMENT_3D('',#7580,#5861,#5862);
#5041=AXIS2_PLACEMENT_3D('',#7594,#5866,#5867);
#5042=AXIS2_PLACEMENT_3D('',#7595,#5868,#5869);
#5043=AXIS2_PLACEMENT_3D('',#7606,#5871,#5872);
#5044=AXIS2_PLACEMENT_3D('',#7607,#5873,#5874);
#5045=AXIS2_PLACEMENT_3D('',#7619,#5876,#5877);
#5046=AXIS2_PLACEMENT_3D('',#7628,#5878,#5879);
#5047=AXIS2_PLACEMENT_3D('',#7629,#5880,#5881);
#5048=AXIS2_PLACEMENT_3D('',#7637,#5882,#5883);
#5049=AXIS2_PLACEMENT_3D('',#7638,#5884,#5885);
#5050=AXIS2_PLACEMENT_3D('',#7642,#5887,#5888);
#5051=AXIS2_PLACEMENT_3D('',#7643,#5889,#5890);
#5052=AXIS2_PLACEMENT_3D('',#7644,#5891,#5892);
#5053=AXIS2_PLACEMENT_3D('',#7655,#5895,#5896);
#5054=AXIS2_PLACEMENT_3D('',#7656,#5897,#5898);
#5055=AXIS2_PLACEMENT_3D('',#7666,#5903,#5904);
#5056=AXIS2_PLACEMENT_3D('',#7667,#5905,#5906);
#5057=AXIS2_PLACEMENT_3D('',#7668,#5907,#5908);
#5058=AXIS2_PLACEMENT_3D('',#7669,#5909,#5910);
#5059=AXIS2_PLACEMENT_3D('',#7673,#5912,#5913);
#5060=AXIS2_PLACEMENT_3D('',#7674,#5914,#5915);
#5061=AXIS2_PLACEMENT_3D('',#7675,#5916,#5917);
#5062=AXIS2_PLACEMENT_3D('',#7676,#5918,#5919);
#5063=AXIS2_PLACEMENT_3D('',#7683,#5923,#5924);
#5064=AXIS2_PLACEMENT_3D('',#7687,#5926,#5927);
#5065=AXIS2_PLACEMENT_3D('',#7688,#5928,#5929);
#5066=AXIS2_PLACEMENT_3D('',#7689,#5930,#5931);
#5067=AXIS2_PLACEMENT_3D('',#7690,#5932,#5933);
#5068=AXIS2_PLACEMENT_3D('',#7691,#5934,#5935);
#5069=AXIS2_PLACEMENT_3D('',#7692,#5936,#5937);
#5070=AXIS2_PLACEMENT_3D('',#7698,#5941,#5942);
#5071=AXIS2_PLACEMENT_3D('',#7702,#5944,#5945);
#5072=AXIS2_PLACEMENT_3D('',#7703,#5946,#5947);
#5073=AXIS2_PLACEMENT_3D('',#7704,#5948,#5949);
#5074=AXIS2_PLACEMENT_3D('',#7705,#5950,#5951);
#5075=AXIS2_PLACEMENT_3D('',#7707,#5952,#5953);
#5076=AXIS2_PLACEMENT_3D('',#7712,#5955,#5956);
#5077=AXIS2_PLACEMENT_3D('',#7716,#5958,#5959);
#5078=AXIS2_PLACEMENT_3D('',#7718,#5960,#5961);
#5079=AXIS2_PLACEMENT_3D('',#7720,#5962,#5963);
#5080=AXIS2_PLACEMENT_3D('',#7722,#5964,#5965);
#5081=AXIS2_PLACEMENT_3D('',#7724,#5966,#5967);
#5082=AXIS2_PLACEMENT_3D('',#7728,#5969,#5970);
#5083=AXIS2_PLACEMENT_3D('',#7732,#5972,#5973);
#5084=AXIS2_PLACEMENT_3D('',#7734,#5974,#5975);
#5085=AXIS2_PLACEMENT_3D('',#7736,#5976,#5977);
#5086=AXIS2_PLACEMENT_3D('',#7738,#5978,#5979);
#5087=AXIS2_PLACEMENT_3D('',#7740,#5980,#5981);
#5088=AXIS2_PLACEMENT_3D('',#7746,#5985,#5986);
#5089=AXIS2_PLACEMENT_3D('',#7750,#5988,#5989);
#5090=AXIS2_PLACEMENT_3D('',#7751,#5990,#5991);
#5091=AXIS2_PLACEMENT_3D('',#7752,#5992,#5993);
#5092=AXIS2_PLACEMENT_3D('',#7755,#5996,#5997);
#5093=AXIS2_PLACEMENT_3D('',#7759,#5999,#6000);
#5094=AXIS2_PLACEMENT_3D('',#7760,#6001,#6002);
#5095=AXIS2_PLACEMENT_3D('',#7761,#6003,#6004);
#5096=AXIS2_PLACEMENT_3D('',#7762,#6005,#6006);
#5097=AXIS2_PLACEMENT_3D('',#7763,#6007,#6008);
#5098=AXIS2_PLACEMENT_3D('',#7764,#6009,#6010);
#5099=AXIS2_PLACEMENT_3D('',#7765,#6011,#6012);
#5100=AXIS2_PLACEMENT_3D('',#7767,#6013,#6014);
#5101=AXIS2_PLACEMENT_3D('',#7769,#6015,#6016);
#5102=AXIS2_PLACEMENT_3D('',#7770,#6017,#6018);
#5103=AXIS2_PLACEMENT_3D('',#7772,#6019,#6020);
#5104=AXIS2_PLACEMENT_3D('',#7774,#6021,#6022);
#5105=AXIS2_PLACEMENT_3D('',#7778,#6024,#6025);
#5106=AXIS2_PLACEMENT_3D('',#7782,#6027,#6028);
#5107=AXIS2_PLACEMENT_3D('',#7784,#6029,#6030);
#5108=AXIS2_PLACEMENT_3D('',#7786,#6031,#6032);
#5109=AXIS2_PLACEMENT_3D('',#7790,#6034,#6035);
#5110=AXIS2_PLACEMENT_3D('',#7794,#6037,#6038);
#5111=AXIS2_PLACEMENT_3D('',#7798,#6040,#6041);
#5112=AXIS2_PLACEMENT_3D('',#7800,#6042,#6043);
#5113=AXIS2_PLACEMENT_3D('',#7802,#6044,#6045);
#5114=AXIS2_PLACEMENT_3D('',#7806,#6047,#6048);
#5115=AXIS2_PLACEMENT_3D('',#7807,#6049,#6050);
#5116=AXIS2_PLACEMENT_3D('',#7809,#6051,#6052);
#5117=AXIS2_PLACEMENT_3D('',#7811,#6053,#6054);
#5118=AXIS2_PLACEMENT_3D('',#7814,#6055,#6056);
#5119=AXIS2_PLACEMENT_3D('',#7816,#6057,#6058);
#5120=AXIS2_PLACEMENT_3D('',#7818,#6059,#6060);
#5121=AXIS2_PLACEMENT_3D('',#7820,#6061,#6062);
#5122=AXIS2_PLACEMENT_3D('',#7824,#6064,#6065);
#5123=AXIS2_PLACEMENT_3D('',#7825,#6066,#6067);
#5124=AXIS2_PLACEMENT_3D('',#7829,#6069,#6070);
#5125=AXIS2_PLACEMENT_3D('',#7833,#6072,#6073);
#5126=AXIS2_PLACEMENT_3D('',#7837,#6075,#6076);
#5127=AXIS2_PLACEMENT_3D('',#7841,#6078,#6079);
#5128=AXIS2_PLACEMENT_3D('',#7842,#6080,#6081);
#5129=AXIS2_PLACEMENT_3D('',#7846,#6083,#6084);
#5130=AXIS2_PLACEMENT_3D('',#7848,#6085,#6086);
#5131=AXIS2_PLACEMENT_3D('',#7850,#6087,#6088);
#5132=AXIS2_PLACEMENT_3D('',#7852,#6089,#6090);
#5133=AXIS2_PLACEMENT_3D('',#7854,#6091,#6092);
#5134=AXIS2_PLACEMENT_3D('',#7858,#6094,#6095);
#5135=AXIS2_PLACEMENT_3D('',#7859,#6096,#6097);
#5136=AXIS2_PLACEMENT_3D('',#7863,#6099,#6100);
#5137=AXIS2_PLACEMENT_3D('',#7867,#6102,#6103);
#5138=AXIS2_PLACEMENT_3D('',#7871,#6105,#6106);
#5139=AXIS2_PLACEMENT_3D('',#7875,#6108,#6109);
#5140=AXIS2_PLACEMENT_3D('',#7876,#6110,#6111);
#5141=AXIS2_PLACEMENT_3D('',#7879,#6113,#6114);
#5142=AXIS2_PLACEMENT_3D('',#7880,#6115,#6116);
#5143=AXIS2_PLACEMENT_3D('',#7885,#6118,#6119);
#5144=AXIS2_PLACEMENT_3D('',#7889,#6121,#6122);
#5145=AXIS2_PLACEMENT_3D('',#7891,#6123,#6124);
#5146=AXIS2_PLACEMENT_3D('',#7893,#6125,#6126);
#5147=AXIS2_PLACEMENT_3D('',#7897,#6128,#6129);
#5148=AXIS2_PLACEMENT_3D('',#7901,#6131,#6132);
#5149=AXIS2_PLACEMENT_3D('',#7903,#6133,#6134);
#5150=AXIS2_PLACEMENT_3D('',#7907,#6136,#6137);
#5151=AXIS2_PLACEMENT_3D('',#7911,#6139,#6140);
#5152=AXIS2_PLACEMENT_3D('',#7913,#6141,#6142);
#5153=AXIS2_PLACEMENT_3D('',#7915,#6143,#6144);
#5154=AXIS2_PLACEMENT_3D('',#7919,#6146,#6147);
#5155=AXIS2_PLACEMENT_3D('',#7923,#6149,#6150);
#5156=AXIS2_PLACEMENT_3D('',#7927,#6152,#6153);
#5157=AXIS2_PLACEMENT_3D('',#7929,#6154,#6155);
#5158=AXIS2_PLACEMENT_3D('',#7931,#6156,#6157);
#5159=AXIS2_PLACEMENT_3D('',#7935,#6159,#6160);
#5160=AXIS2_PLACEMENT_3D('',#7936,#6161,#6162);
#5161=AXIS2_PLACEMENT_3D('',#7938,#6163,#6164);
#5162=AXIS2_PLACEMENT_3D('',#7940,#6165,#6166);
#5163=AXIS2_PLACEMENT_3D('',#7949,#6171,#6172);
#5164=AXIS2_PLACEMENT_3D('',#7958,#6177,#6178);
#5165=AXIS2_PLACEMENT_3D('',#7962,#6180,#6181);
#5166=AXIS2_PLACEMENT_3D('',#7988,#6183,#6184);
#5167=AXIS2_PLACEMENT_3D('',#7992,#6186,#6187);
#5168=AXIS2_PLACEMENT_3D('',#7993,#6188,#6189);
#5169=AXIS2_PLACEMENT_3D('',#7994,#6190,#6191);
#5170=AXIS2_PLACEMENT_3D('',#7995,#6192,#6193);
#5171=AXIS2_PLACEMENT_3D('',#8008,#6197,#6198);
#5172=AXIS2_PLACEMENT_3D('',#8011,#6200,#6201);
#5173=AXIS2_PLACEMENT_3D('',#8012,#6202,#6203);
#5174=AXIS2_PLACEMENT_3D('',#8038,#6205,#6206);
#5175=AXIS2_PLACEMENT_3D('',#8039,#6207,#6208);
#5176=AXIS2_PLACEMENT_3D('',#8043,#6210,#6211);
#5177=AXIS2_PLACEMENT_3D('',#8044,#6212,#6213);
#5178=AXIS2_PLACEMENT_3D('',#8045,#6214,#6215);
#5179=AXIS2_PLACEMENT_3D('',#8058,#6219,#6220);
#5180=AXIS2_PLACEMENT_3D('',#8061,#6222,#6223);
#5181=AXIS2_PLACEMENT_3D('',#8062,#6224,#6225);
#5182=AXIS2_PLACEMENT_3D('',#8072,#6230,#6231);
#5183=AXIS2_PLACEMENT_3D('',#8075,#6233,#6234);
#5184=AXIS2_PLACEMENT_3D('',#8079,#6236,#6237);
#5185=AXIS2_PLACEMENT_3D('',#8080,#6238,#6239);
#5186=AXIS2_PLACEMENT_3D('',#8081,#6240,#6241);
#5187=AXIS2_PLACEMENT_3D('',#8085,#6243,#6244);
#5188=AXIS2_PLACEMENT_3D('',#8108,#6245,#6246);
#5189=AXIS2_PLACEMENT_3D('',#8109,#6247,#6248);
#5190=AXIS2_PLACEMENT_3D('',#8113,#6250,#6251);
#5191=AXIS2_PLACEMENT_3D('',#8118,#6254,#6255);
#5192=AXIS2_PLACEMENT_3D('',#8122,#6257,#6258);
#5193=AXIS2_PLACEMENT_3D('',#8127,#6261,#6262);
#5194=AXIS2_PLACEMENT_3D('',#8131,#6264,#6265);
#5195=AXIS2_PLACEMENT_3D('',#8132,#6266,#6267);
#5196=AXIS2_PLACEMENT_3D('',#8133,#6268,#6269);
#5197=AXIS2_PLACEMENT_3D('',#8134,#6270,#6271);
#5198=AXIS2_PLACEMENT_3D('',#8157,#6272,#6273);
#5199=AXIS2_PLACEMENT_3D('',#8163,#6277,#6278);
#5200=AXIS2_PLACEMENT_3D('',#8169,#6282,#6283);
#5201=AXIS2_PLACEMENT_3D('',#8175,#6287,#6288);
#5202=AXIS2_PLACEMENT_3D('',#8181,#6292,#6293);
#5203=AXIS2_PLACEMENT_3D('',#8187,#6297,#6298);
#5204=AXIS2_PLACEMENT_3D('',#8193,#6302,#6303);
#5205=AXIS2_PLACEMENT_3D('',#8199,#6307,#6308);
#5206=AXIS2_PLACEMENT_3D('',#8205,#6312,#6313);
#5207=AXIS2_PLACEMENT_3D('',#8208,#6315,#6316);
#5208=AXIS2_PLACEMENT_3D('',#8211,#6318,#6319);
#5209=AXIS2_PLACEMENT_3D('',#8212,#6320,#6321);
#5210=AXIS2_PLACEMENT_3D('',#8215,#6323,#6324);
#5211=AXIS2_PLACEMENT_3D('',#8216,#6325,#6326);
#5212=AXIS2_PLACEMENT_3D('',#8219,#6328,#6329);
#5213=AXIS2_PLACEMENT_3D('',#8220,#6330,#6331);
#5214=AXIS2_PLACEMENT_3D('',#8223,#6333,#6334);
#5215=AXIS2_PLACEMENT_3D('',#8224,#6335,#6336);
#5216=AXIS2_PLACEMENT_3D('',#8227,#6338,#6339);
#5217=AXIS2_PLACEMENT_3D('',#8243,#6343,#6344);
#5218=AXIS2_PLACEMENT_3D('',#8244,#6345,#6346);
#5219=AXIS2_PLACEMENT_3D('',#8248,#6348,#6349);
#5220=AXIS2_PLACEMENT_3D('',#8249,#6350,#6351);
#5221=AXIS2_PLACEMENT_3D('',#8255,#6355,#6356);
#5222=AXIS2_PLACEMENT_3D('',#8256,#6357,#6358);
#5223=AXIS2_PLACEMENT_3D('',#8260,#6360,#6361);
#5224=AXIS2_PLACEMENT_3D('',#8261,#6362,#6363);
#5225=AXIS2_PLACEMENT_3D('',#8262,#6364,#6365);
#5226=AXIS2_PLACEMENT_3D('',#8266,#6367,#6368);
#5227=AXIS2_PLACEMENT_3D('',#8267,#6369,#6370);
#5228=AXIS2_PLACEMENT_3D('',#8268,#6371,#6372);
#5229=AXIS2_PLACEMENT_3D('',#8272,#6374,#6375);
#5230=AXIS2_PLACEMENT_3D('',#8273,#6376,#6377);
#5231=AXIS2_PLACEMENT_3D('',#8274,#6378,#6379);
#5232=AXIS2_PLACEMENT_3D('',#8278,#6381,#6382);
#5233=AXIS2_PLACEMENT_3D('',#8279,#6383,#6384);
#5234=AXIS2_PLACEMENT_3D('',#8280,#6385,#6386);
#5235=AXIS2_PLACEMENT_3D('',#8284,#6388,#6389);
#5236=AXIS2_PLACEMENT_3D('',#8285,#6390,#6391);
#5237=AXIS2_PLACEMENT_3D('',#8300,#6395,#6396);
#5238=AXIS2_PLACEMENT_3D('',#8301,#6397,#6398);
#5239=AXIS2_PLACEMENT_3D('',#8304,#6400,#6401);
#5240=AXIS2_PLACEMENT_3D('',#8306,#6403,#6404);
#5241=AXIS2_PLACEMENT_3D('',#8697,#6405,#6406);
#5242=AXIS2_PLACEMENT_3D('',#8706,#6411,#6412);
#5243=AXIS2_PLACEMENT_3D('',#8710,#6414,#6415);
#5244=AXIS2_PLACEMENT_3D('',#8712,#6416,#6417);
#5245=AXIS2_PLACEMENT_3D('',#8714,#6419,#6420);
#5246=AXIS2_PLACEMENT_3D('',#8718,#6422,#6423);
#5247=AXIS2_PLACEMENT_3D('',#8725,#6425,#6426);
#5248=AXIS2_PLACEMENT_3D('',#8726,#6427,#6428);
#5249=AXIS2_PLACEMENT_3D('',#8733,#6432,#6433);
#5250=AXIS2_PLACEMENT_3D('',#8734,#6434,#6435);
#5251=AXIS2_PLACEMENT_3D('',#8736,#6436,#6437);
#5252=AXIS2_PLACEMENT_3D('',#8739,#6439,#6440);
#5253=AXIS2_PLACEMENT_3D('',#8753,#6443,#6444);
#5254=AXIS2_PLACEMENT_3D('',#8759,#6445,#6446);
#5255=AXIS2_PLACEMENT_3D('',#8760,#6447,#6448);
#5256=AXIS2_PLACEMENT_3D('',#8767,#6449,#6450);
#5257=AXIS2_PLACEMENT_3D('',#8774,#6454,#6455);
#5258=AXIS2_PLACEMENT_3D('',#8790,#6459,#6460);
#5259=AXIS2_PLACEMENT_3D('',#8791,#6461,#6462);
#5260=AXIS2_PLACEMENT_3D('',#8794,#6463,#6464);
#5261=AXIS2_PLACEMENT_3D('',#8798,#6467,#6468);
#5262=AXIS2_PLACEMENT_3D('',#8799,#6469,#6470);
#5263=AXIS2_PLACEMENT_3D('',#8806,#6474,#6475);
#5264=AXIS2_PLACEMENT_3D('',#8807,#6476,#6477);
#5265=AXIS2_PLACEMENT_3D('',#8815,#6479,#6480);
#5266=AXIS2_PLACEMENT_3D('',#8816,#6481,#6482);
#5267=AXIS2_PLACEMENT_3D('',#8818,#6483,#6484);
#5268=AXIS2_PLACEMENT_3D('',#8821,#6486,#6487);
#5269=AXIS2_PLACEMENT_3D('',#8823,#6489,#6490);
#5270=AXIS2_PLACEMENT_3D('',#8824,#6491,#6492);
#5271=AXIS2_PLACEMENT_3D('',#8826,#6493,#6494);
#5272=AXIS2_PLACEMENT_3D('',#8828,#6495,#6496);
#5273=AXIS2_PLACEMENT_3D('',#8829,#6497,#6498);
#5274=AXIS2_PLACEMENT_3D('',#8831,#6499,#6500);
#5275=AXIS2_PLACEMENT_3D('',#8833,#6501,#6502);
#5276=AXIS2_PLACEMENT_3D('',#8834,#6503,#6504);
#5277=AXIS2_PLACEMENT_3D('',#8836,#6505,#6506);
#5278=AXIS2_PLACEMENT_3D('',#8838,#6507,#6508);
#5279=AXIS2_PLACEMENT_3D('',#8839,#6509,#6510);
#5280=AXIS2_PLACEMENT_3D('',#8841,#6511,#6512);
#5281=AXIS2_PLACEMENT_3D('',#8843,#6513,#6514);
#5282=AXIS2_PLACEMENT_3D('',#8847,#6516,#6517);
#5283=AXIS2_PLACEMENT_3D('',#8851,#6519,#6520);
#5284=AXIS2_PLACEMENT_3D('',#8852,#6521,#6522);
#5285=AXIS2_PLACEMENT_3D('',#8858,#6526,#6527);
#5286=AXIS2_PLACEMENT_3D('',#8864,#6531,#6532);
#5287=AXIS2_PLACEMENT_3D('',#8865,#6533,#6534);
#5288=AXIS2_PLACEMENT_3D('',#8869,#6536,#6537);
#5289=AXIS2_PLACEMENT_3D('',#8870,#6538,#6539);
#5290=AXIS2_PLACEMENT_3D('',#8876,#6543,#6544);
#5291=AXIS2_PLACEMENT_3D('',#8883,#6545,#6546);
#5292=AXIS2_PLACEMENT_3D('',#8887,#6548,#6549);
#5293=AXIS2_PLACEMENT_3D('',#8888,#6550,#6551);
#5294=AXIS2_PLACEMENT_3D('',#8889,#6552,#6553);
#5295=AXIS2_PLACEMENT_3D('',#8895,#6557,#6558);
#5296=AXIS2_PLACEMENT_3D('',#8902,#6559,#6560);
#5297=AXIS2_PLACEMENT_3D('',#8903,#6561,#6562);
#5298=AXIS2_PLACEMENT_3D('',#8904,#6563,#6564);
#5299=AXIS2_PLACEMENT_3D('',#8905,#6565,#6566);
#5300=AXIS2_PLACEMENT_3D('',#8906,#6567,#6568);
#5301=AXIS2_PLACEMENT_3D('',#8907,#6569,#6570);
#5302=AXIS2_PLACEMENT_3D('',#8908,#6571,#6572);
#5303=AXIS2_PLACEMENT_3D('',#8909,#6573,#6574);
#5304=AXIS2_PLACEMENT_3D('',#8915,#6575,#6576);
#5305=AXIS2_PLACEMENT_3D('',#8916,#6577,#6578);
#5306=AXIS2_PLACEMENT_3D('',#8922,#6579,#6580);
#5307=AXIS2_PLACEMENT_3D('',#8923,#6581,#6582);
#5308=AXIS2_PLACEMENT_3D('',#8924,#6583,#6584);
#5309=AXIS2_PLACEMENT_3D('',#8925,#6585,#6586);
#5310=AXIS2_PLACEMENT_3D('',#8926,#6587,#6588);
#5311=AXIS2_PLACEMENT_3D('',#8927,#6589,#6590);
#5312=AXIS2_PLACEMENT_3D('',#8928,#6591,#6592);
#5313=AXIS2_PLACEMENT_3D('',#8929,#6593,#6594);
#5314=AXIS2_PLACEMENT_3D('',#8935,#6595,#6596);
#5315=AXIS2_PLACEMENT_3D('',#8936,#6597,#6598);
#5316=AXIS2_PLACEMENT_3D('',#8942,#6599,#6600);
#5317=AXIS2_PLACEMENT_3D('',#8943,#6601,#6602);
#5318=AXIS2_PLACEMENT_3D('',#8944,#6603,#6604);
#5319=AXIS2_PLACEMENT_3D('',#8945,#6605,#6606);
#5320=AXIS2_PLACEMENT_3D('',#8946,#6607,#6608);
#5321=AXIS2_PLACEMENT_3D('',#8952,#6609,#6610);
#5322=AXIS2_PLACEMENT_3D('',#8953,#6611,#6612);
#5323=AXIS2_PLACEMENT_3D('',#8954,#6613,#6614);
#5324=AXIS2_PLACEMENT_3D('',#8955,#6615,#6616);
#5325=AXIS2_PLACEMENT_3D('',#8961,#6617,#6618);
#5326=AXIS2_PLACEMENT_3D('',#8962,#6619,#6620);
#5327=AXIS2_PLACEMENT_3D('',#8963,#6621,#6622);
#5328=AXIS2_PLACEMENT_3D('',#8964,#6623,#6624);
#5329=AXIS2_PLACEMENT_3D('',#8970,#6625,#6626);
#5330=AXIS2_PLACEMENT_3D('',#8971,#6627,#6628);
#5331=AXIS2_PLACEMENT_3D('',#8972,#6629,#6630);
#5332=AXIS2_PLACEMENT_3D('',#8973,#6631,#6632);
#5333=AXIS2_PLACEMENT_3D('',#8974,#6633,#6634);
#5334=AXIS2_PLACEMENT_3D('',#8975,#6635,#6636);
#5335=AXIS2_PLACEMENT_3D('',#8981,#6637,#6638);
#5336=AXIS2_PLACEMENT_3D('',#8982,#6639,#6640);
#5337=AXIS2_PLACEMENT_3D('',#8983,#6641,#6642);
#5338=AXIS2_PLACEMENT_3D('',#8984,#6643,#6644);
#5339=AXIS2_PLACEMENT_3D('',#8985,#6645,#6646);
#5340=AXIS2_PLACEMENT_3D('',#8990,#6647,#6648);
#5341=AXIS2_PLACEMENT_3D('',#9012,#6649,#6650);
#5342=AXIS2_PLACEMENT_3D('',#9040,#6651,#6652);
#5343=AXIS2_PLACEMENT_3D('',#9059,#6653,#6654);
#5344=AXIS2_PLACEMENT_3D('',#9060,#6655,#6656);
#5345=AXIS2_PLACEMENT_3D('',#9061,#6657,#6658);
#5346=AXIS2_PLACEMENT_3D('',#9080,#6659,#6660);
#5347=AXIS2_PLACEMENT_3D('',#9108,#6661,#6662);
#5348=AXIS2_PLACEMENT_3D('',#9127,#6663,#6664);
#5349=AXIS2_PLACEMENT_3D('',#9128,#6665,#6666);
#5350=AXIS2_PLACEMENT_3D('',#9129,#6667,#6668);
#5351=AXIS2_PLACEMENT_3D('',#9130,#6669,#6670);
#5352=AXIS2_PLACEMENT_3D('',#9131,#6671,#6672);
#5353=AXIS2_PLACEMENT_3D('',#9132,#6673,#6674);
#5354=AXIS2_PLACEMENT_3D('',#9133,#6675,#6676);
#5355=AXIS2_PLACEMENT_3D('',#9152,#6677,#6678);
#5356=AXIS2_PLACEMENT_3D('',#9180,#6679,#6680);
#5357=AXIS2_PLACEMENT_3D('',#9199,#6681,#6682);
#5358=AXIS2_PLACEMENT_3D('',#9200,#6683,#6684);
#5359=AXIS2_PLACEMENT_3D('',#9201,#6685,#6686);
#5360=AXIS2_PLACEMENT_3D('',#9220,#6687,#6688);
#5361=AXIS2_PLACEMENT_3D('',#9248,#6689,#6690);
#5362=AXIS2_PLACEMENT_3D('',#9270,#6691,#6692);
#5363=AXIS2_PLACEMENT_3D('',#9271,#6693,#6694);
#5364=AXIS2_PLACEMENT_3D('',#9272,#6695,#6696);
#5365=AXIS2_PLACEMENT_3D('',#9273,#6697,#6698);
#5366=AXIS2_PLACEMENT_3D('',#9274,#6699,#6700);
#5367=AXIS2_PLACEMENT_3D('',#9279,#6701,#6702);
#5368=AXIS2_PLACEMENT_3D('',#9280,#6703,#6704);
#5369=AXIS2_PLACEMENT_3D('',#9281,#6705,#6706);
#5370=AXIS2_PLACEMENT_3D('',#9286,#6707,#6708);
#5371=AXIS2_PLACEMENT_3D('',#9287,#6709,#6710);
#5372=AXIS2_PLACEMENT_3D('',#9292,#6711,#6712);
#5373=AXIS2_PLACEMENT_3D('',#9293,#6713,#6714);
#5374=AXIS2_PLACEMENT_3D('',#9294,#6715,#6716);
#5375=AXIS2_PLACEMENT_3D('',#9299,#6717,#6718);
#5376=AXIS2_PLACEMENT_3D('',#9306,#6719,#6720);
#5377=AXIS2_PLACEMENT_3D('',#9307,#6721,#6722);
#5378=AXIS2_PLACEMENT_3D('',#9308,#6723,#6724);
#5379=AXIS2_PLACEMENT_3D('',#9315,#6725,#6726);
#5380=AXIS2_PLACEMENT_3D('',#9328,#6727,#6728);
#5381=AXIS2_PLACEMENT_3D('',#9329,#6729,#6730);
#5382=AXIS2_PLACEMENT_3D('',#9330,#6731,#6732);
#5383=AXIS2_PLACEMENT_3D('',#9355,#6733,#6734);
#5384=AXIS2_PLACEMENT_3D('',#9356,#6735,#6736);
#5385=AXIS2_PLACEMENT_3D('',#9357,#6737,#6738);
#5386=AXIS2_PLACEMENT_3D('',#9370,#6739,#6740);
#5387=AXIS2_PLACEMENT_3D('',#9383,#6741,#6742);
#5388=AXIS2_PLACEMENT_3D('',#9384,#6743,#6744);
#5389=AXIS2_PLACEMENT_3D('',#9385,#6745,#6746);
#5390=AXIS2_PLACEMENT_3D('',#9407,#6747,#6748);
#5391=AXIS2_PLACEMENT_3D('',#9408,#6749,#6750);
#5392=AXIS2_PLACEMENT_3D('',#9409,#6751,#6752);
#5393=AXIS2_PLACEMENT_3D('',#9410,#6753,#6754);
#5394=AXIS2_PLACEMENT_3D('',#9411,#6755,#6756);
#5395=AXIS2_PLACEMENT_3D('',#9412,#6757,#6758);
#5396=AXIS2_PLACEMENT_3D('',#9413,#6759,#6760);
#5397=AXIS2_PLACEMENT_3D('',#9414,#6761,#6762);
#5398=AXIS2_PLACEMENT_3D('',#9420,#6763,#6764);
#5399=AXIS2_PLACEMENT_3D('',#9437,#6765,#6766);
#5400=AXIS2_PLACEMENT_3D('',#9438,#6767,#6768);
#5401=AXIS2_PLACEMENT_3D('',#9439,#6769,#6770);
#5402=AXIS2_PLACEMENT_3D('',#9452,#6771,#6772);
#5403=AXIS2_PLACEMENT_3D('',#9527,#6773,#6774);
#5404=AXIS2_PLACEMENT_3D('',#9528,#6775,#6776);
#5405=AXIS2_PLACEMENT_3D('',#9529,#6777,#6778);
#5406=AXIS2_PLACEMENT_3D('',#9530,#6779,#6780);
#5407=AXIS2_PLACEMENT_3D('',#9605,#6781,#6782);
#5408=AXIS2_PLACEMENT_3D('',#9606,#6783,#6784);
#5409=AXIS2_PLACEMENT_3D('',#9607,#6785,#6786);
#5410=AXIS2_PLACEMENT_3D('',#9608,#6787,#6788);
#5411=AXIS2_PLACEMENT_3D('',#9609,#6789,#6790);
#5412=AXIS2_PLACEMENT_3D('',#9610,#6791,#6792);
#5413=AXIS2_PLACEMENT_3D('',#9611,#6793,#6794);
#5414=AXIS2_PLACEMENT_3D('',#9612,#6795,#6796);
#5415=AXIS2_PLACEMENT_3D('',#9613,#6797,#6798);
#5416=AXIS2_PLACEMENT_3D('',#9614,#6799,#6800);
#5417=AXIS2_PLACEMENT_3D('',#9615,#6801,#6802);
#5418=AXIS2_PLACEMENT_3D('',#9616,#6803,#6804);
#5419=AXIS2_PLACEMENT_3D('',#9617,#6805,#6806);
#5420=AXIS2_PLACEMENT_3D('',#9618,#6807,#6808);
#5421=AXIS2_PLACEMENT_3D('',#9619,#6809,#6810);
#5422=AXIS2_PLACEMENT_3D('',#9620,#6811,#6812);
#5423=AXIS2_PLACEMENT_3D('',#9621,#6813,#6814);
#5424=AXIS2_PLACEMENT_3D('',#9622,#6815,#6816);
#5425=AXIS2_PLACEMENT_3D('',#9623,#6817,#6818);
#5426=AXIS2_PLACEMENT_3D('',#9624,#6819,#6820);
#5427=AXIS2_PLACEMENT_3D('',#9625,#6821,#6822);
#5428=AXIS2_PLACEMENT_3D('',#9626,#6823,#6824);
#5429=AXIS2_PLACEMENT_3D('',#9627,#6825,#6826);
#5430=AXIS2_PLACEMENT_3D('',#9628,#6827,#6828);
#5431=AXIS2_PLACEMENT_3D('',#9629,#6829,#6830);
#5432=AXIS2_PLACEMENT_3D('',#9630,#6831,#6832);
#5433=AXIS2_PLACEMENT_3D('',#9631,#6833,#6834);
#5434=AXIS2_PLACEMENT_3D('',#9632,#6835,#6836);
#5435=AXIS2_PLACEMENT_3D('',#9633,#6837,#6838);
#5436=AXIS2_PLACEMENT_3D('',#9634,#6839,#6840);
#5437=AXIS2_PLACEMENT_3D('',#9635,#6841,#6842);
#5438=AXIS2_PLACEMENT_3D('',#9636,#6843,#6844);
#5439=AXIS2_PLACEMENT_3D('',#9637,#6845,#6846);
#5440=AXIS2_PLACEMENT_3D('',#9638,#6847,#6848);
#5441=AXIS2_PLACEMENT_3D('',#9639,#6849,#6850);
#5442=AXIS2_PLACEMENT_3D('',#9640,#6851,#6852);
#5443=AXIS2_PLACEMENT_3D('',#9641,#6853,#6854);
#5444=AXIS2_PLACEMENT_3D('',#9642,#6855,#6856);
#5445=AXIS2_PLACEMENT_3D('',#9643,#6857,#6858);
#5446=AXIS2_PLACEMENT_3D('',#9644,#6859,#6860);
#5447=AXIS2_PLACEMENT_3D('',#9645,#6861,#6862);
#5448=AXIS2_PLACEMENT_3D('',#9646,#6863,#6864);
#5449=AXIS2_PLACEMENT_3D('',#9647,#6865,#6866);
#5450=AXIS2_PLACEMENT_3D('',#9648,#6867,#6868);
#5451=AXIS2_PLACEMENT_3D('',#9649,#6869,#6870);
#5452=AXIS2_PLACEMENT_3D('',#9650,#6871,#6872);
#5453=AXIS2_PLACEMENT_3D('',#9651,#6873,#6874);
#5454=AXIS2_PLACEMENT_3D('',#9652,#6875,#6876);
#5455=AXIS2_PLACEMENT_3D('',#9653,#6877,#6878);
#5456=AXIS2_PLACEMENT_3D('',#9654,#6879,#6880);
#5457=AXIS2_PLACEMENT_3D('',#9655,#6881,#6882);
#5458=AXIS2_PLACEMENT_3D('',#9656,#6883,#6884);
#5459=AXIS2_PLACEMENT_3D('',#9657,#6885,#6886);
#5460=AXIS2_PLACEMENT_3D('',#9658,#6887,#6888);
#5461=AXIS2_PLACEMENT_3D('',#9659,#6889,#6890);
#5462=AXIS2_PLACEMENT_3D('',#9660,#6891,#6892);
#5463=AXIS2_PLACEMENT_3D('',#9661,#6893,#6894);
#5464=AXIS2_PLACEMENT_3D('',#9662,#6895,#6896);
#5465=AXIS2_PLACEMENT_3D('',#9663,#6897,#6898);
#5466=AXIS2_PLACEMENT_3D('',#9664,#6899,#6900);
#5467=AXIS2_PLACEMENT_3D('',#9665,#6901,#6902);
#5468=AXIS2_PLACEMENT_3D('',#9666,#6903,#6904);
#5469=AXIS2_PLACEMENT_3D('',#9667,#6905,#6906);
#5470=AXIS2_PLACEMENT_3D('',#9668,#6907,#6908);
#5471=AXIS2_PLACEMENT_3D('',#9669,#6909,#6910);
#5472=AXIS2_PLACEMENT_3D('',#9670,#6911,#6912);
#5473=AXIS2_PLACEMENT_3D('',#9671,#6913,#6914);
#5474=AXIS2_PLACEMENT_3D('',#9789,#6915,#6916);
#5475=AXIS2_PLACEMENT_3D('',#9790,#6917,#6918);
#5476=AXIS2_PLACEMENT_3D('',#9791,#6919,#6920);
#5477=AXIS2_PLACEMENT_3D('',#9792,#6921,#6922);
#5478=AXIS2_PLACEMENT_3D('',#9793,#6923,#6924);
#5479=AXIS2_PLACEMENT_3D('',#9794,#6925,#6926);
#5480=AXIS2_PLACEMENT_3D('',#9795,#6927,#6928);
#5481=AXIS2_PLACEMENT_3D('',#9796,#6929,#6930);
#5482=AXIS2_PLACEMENT_3D('',#9797,#6931,#6932);
#5483=AXIS2_PLACEMENT_3D('',#9798,#6933,#6934);
#5484=AXIS2_PLACEMENT_3D('',#9799,#6935,#6936);
#5485=AXIS2_PLACEMENT_3D('',#9800,#6937,#6938);
#5486=AXIS2_PLACEMENT_3D('',#9801,#6939,#6940);
#5487=AXIS2_PLACEMENT_3D('',#9802,#6941,#6942);
#5488=AXIS2_PLACEMENT_3D('',#9803,#6943,#6944);
#5489=AXIS2_PLACEMENT_3D('',#9804,#6945,#6946);
#5490=AXIS2_PLACEMENT_3D('',#9805,#6947,#6948);
#5491=AXIS2_PLACEMENT_3D('',#9806,#6949,#6950);
#5492=AXIS2_PLACEMENT_3D('',#9807,#6951,#6952);
#5493=AXIS2_PLACEMENT_3D('',#9808,#6953,#6954);
#5494=AXIS2_PLACEMENT_3D('',#9809,#6955,#6956);
#5495=AXIS2_PLACEMENT_3D('',#9810,#6957,#6958);
#5496=AXIS2_PLACEMENT_3D('',#9811,#6959,#6960);
#5497=AXIS2_PLACEMENT_3D('',#9812,#6961,#6962);
#5498=AXIS2_PLACEMENT_3D('',#9813,#6963,#6964);
#5499=AXIS2_PLACEMENT_3D('',#9814,#6965,#6966);
#5500=AXIS2_PLACEMENT_3D('',#9815,#6967,#6968);
#5501=AXIS2_PLACEMENT_3D('',#9816,#6969,#6970);
#5502=AXIS2_PLACEMENT_3D('',#9817,#6971,#6972);
#5503=AXIS2_PLACEMENT_3D('',#9818,#6973,#6974);
#5504=AXIS2_PLACEMENT_3D('',#9819,#6975,#6976);
#5505=AXIS2_PLACEMENT_3D('',#9820,#6977,#6978);
#5506=AXIS2_PLACEMENT_3D('',#9821,#6979,#6980);
#5507=AXIS2_PLACEMENT_3D('',#9822,#6981,#6982);
#5508=AXIS2_PLACEMENT_3D('',#9823,#6983,#6984);
#5509=AXIS2_PLACEMENT_3D('',#9824,#6985,#6986);
#5510=AXIS2_PLACEMENT_3D('',#9825,#6987,#6988);
#5511=AXIS2_PLACEMENT_3D('',#9826,#6989,#6990);
#5512=AXIS2_PLACEMENT_3D('',#9827,#6991,#6992);
#5513=AXIS2_PLACEMENT_3D('',#9828,#6993,#6994);
#5514=AXIS2_PLACEMENT_3D('',#9829,#6995,#6996);
#5515=AXIS2_PLACEMENT_3D('',#9830,#6997,#6998);
#5516=AXIS2_PLACEMENT_3D('',#9831,#6999,#7000);
#5517=AXIS2_PLACEMENT_3D('',#9832,#7001,#7002);
#5518=AXIS2_PLACEMENT_3D('',#9833,#7003,#7004);
#5519=AXIS2_PLACEMENT_3D('',#9834,#7005,#7006);
#5520=AXIS2_PLACEMENT_3D('',#9835,#7007,#7008);
#5521=AXIS2_PLACEMENT_3D('',#9836,#7009,#7010);
#5522=AXIS2_PLACEMENT_3D('',#9837,#7011,#7012);
#5523=AXIS2_PLACEMENT_3D('',#9838,#7013,#7014);
#5524=AXIS2_PLACEMENT_3D('',#9839,#7015,#7016);
#5525=AXIS2_PLACEMENT_3D('',#9840,#7017,#7018);
#5526=AXIS2_PLACEMENT_3D('',#9841,#7019,#7020);
#5527=AXIS2_PLACEMENT_3D('',#9842,#7021,#7022);
#5528=AXIS2_PLACEMENT_3D('',#9843,#7023,#7024);
#5529=AXIS2_PLACEMENT_3D('',#9844,#7025,#7026);
#5530=AXIS2_PLACEMENT_3D('',#9857,#7027,#7028);
#5531=AXIS2_PLACEMENT_3D('',#9858,#7029,#7030);
#5532=AXIS2_PLACEMENT_3D('',#9871,#7031,#7032);
#5533=AXIS2_PLACEMENT_3D('',#9872,#7033,#7034);
#5534=AXIS2_PLACEMENT_3D('',#9873,#7035,#7036);
#5535=AXIS2_PLACEMENT_3D('',#9874,#7037,#7038);
#5536=AXIS2_PLACEMENT_3D('',#9875,#7039,#7040);
#5537=AXIS2_PLACEMENT_3D('',#9888,#7041,#7042);
#5538=AXIS2_PLACEMENT_3D('',#9889,#7043,#7044);
#5539=AXIS2_PLACEMENT_3D('',#9890,#7045,#7046);
#5540=AXIS2_PLACEMENT_3D('',#9903,#7047,#7048);
#5541=AXIS2_PLACEMENT_3D('',#9904,#7049,#7050);
#5542=AXIS2_PLACEMENT_3D('',#9905,#7051,#7052);
#5543=AXIS2_PLACEMENT_3D('',#9906,#7053,#7054);
#5544=AXIS2_PLACEMENT_3D('',#9907,#7055,#7056);
#5545=AXIS2_PLACEMENT_3D('',#9908,#7057,#7058);
#5546=AXIS2_PLACEMENT_3D('',#9909,#7059,#7060);
#5547=AXIS2_PLACEMENT_3D('',#9910,#7061,#7062);
#5548=AXIS2_PLACEMENT_3D('',#9911,#7063,#7064);
#5549=AXIS2_PLACEMENT_3D('',#9912,#7065,#7066);
#5550=AXIS2_PLACEMENT_3D('',#9913,#7067,#7068);
#5551=AXIS2_PLACEMENT_3D('',#9914,#7069,#7070);
#5552=AXIS2_PLACEMENT_3D('',#9915,#7071,#7072);
#5553=AXIS2_PLACEMENT_3D('',#9916,#7073,#7074);
#5554=AXIS2_PLACEMENT_3D('',#9917,#7075,#7076);
#5555=AXIS2_PLACEMENT_3D('',#9918,#7077,#7078);
#5556=AXIS2_PLACEMENT_3D('',#9919,#7079,#7080);
#5557=AXIS2_PLACEMENT_3D('',#9920,#7081,#7082);
#5558=AXIS2_PLACEMENT_3D('',#9921,#7083,#7084);
#5559=AXIS2_PLACEMENT_3D('',#9922,#7085,#7086);
#5560=AXIS2_PLACEMENT_3D('',#9923,#7087,#7088);
#5561=AXIS2_PLACEMENT_3D('',#9924,#7089,#7090);
#5562=AXIS2_PLACEMENT_3D('',#9925,#7091,#7092);
#5563=AXIS2_PLACEMENT_3D('',#9926,#7093,#7094);
#5564=AXIS2_PLACEMENT_3D('',#9927,#7095,#7096);
#5565=AXIS2_PLACEMENT_3D('',#9928,#7097,#7098);
#5566=AXIS2_PLACEMENT_3D('',#9929,#7099,#7100);
#5567=AXIS2_PLACEMENT_3D('',#9930,#7101,#7102);
#5568=AXIS2_PLACEMENT_3D('',#9931,#7103,#7104);
#5569=AXIS2_PLACEMENT_3D('',#9932,#7105,#7106);
#5570=AXIS2_PLACEMENT_3D('',#9933,#7107,#7108);
#5571=AXIS2_PLACEMENT_3D('',#9934,#7109,#7110);
#5572=AXIS2_PLACEMENT_3D('',#9935,#7111,#7112);
#5573=AXIS2_PLACEMENT_3D('',#9936,#7113,#7114);
#5574=AXIS2_PLACEMENT_3D('',#9937,#7115,#7116);
#5575=AXIS2_PLACEMENT_3D('',#9938,#7117,#7118);
#5576=AXIS2_PLACEMENT_3D('',#9939,#7119,#7120);
#5577=AXIS2_PLACEMENT_3D('',#9940,#7121,#7122);
#5578=AXIS2_PLACEMENT_3D('',#9941,#7123,#7124);
#5579=AXIS2_PLACEMENT_3D('',#9942,#7125,#7126);
#5580=AXIS2_PLACEMENT_3D('',#9943,#7127,#7128);
#5581=AXIS2_PLACEMENT_3D('',#9944,#7129,#7130);
#5582=AXIS2_PLACEMENT_3D('',#9945,#7131,#7132);
#5583=AXIS2_PLACEMENT_3D('',#9946,#7133,#7134);
#5584=AXIS2_PLACEMENT_3D('',#9947,#7135,#7136);
#5585=AXIS2_PLACEMENT_3D('',#9948,#7137,#7138);
#5586=AXIS2_PLACEMENT_3D('',#9949,#7139,#7140);
#5587=AXIS2_PLACEMENT_3D('',#9950,#7141,#7142);
#5588=AXIS2_PLACEMENT_3D('',#9951,#7143,#7144);
#5589=AXIS2_PLACEMENT_3D('',#9952,#7145,#7146);
#5590=AXIS2_PLACEMENT_3D('',#9953,#7147,#7148);
#5591=AXIS2_PLACEMENT_3D('',#9954,#7149,#7150);
#5592=AXIS2_PLACEMENT_3D('',#9955,#7151,#7152);
#5593=AXIS2_PLACEMENT_3D('',#9956,#7153,#7154);
#5594=AXIS2_PLACEMENT_3D('',#9957,#7155,#7156);
#5595=AXIS2_PLACEMENT_3D('',#9958,#7157,#7158);
#5596=AXIS2_PLACEMENT_3D('',#9959,#7159,#7160);
#5597=AXIS2_PLACEMENT_3D('',#9960,#7161,#7162);
#5598=AXIS2_PLACEMENT_3D('',#9961,#7163,#7164);
#5599=AXIS2_PLACEMENT_3D('',#9962,#7165,#7166);
#5600=AXIS2_PLACEMENT_3D('',#9963,#7167,#7168);
#5601=AXIS2_PLACEMENT_3D('',#9964,#7169,#7170);
#5602=AXIS2_PLACEMENT_3D('',#9965,#7171,#7172);
#5603=AXIS2_PLACEMENT_3D('',#9966,#7173,#7174);
#5604=AXIS2_PLACEMENT_3D('',#9967,#7175,#7176);
#5605=AXIS2_PLACEMENT_3D('',#9968,#7177,#7178);
#5606=AXIS2_PLACEMENT_3D('',#9969,#7179,#7180);
#5607=AXIS2_PLACEMENT_3D('',#9970,#7181,#7182);
#5608=AXIS2_PLACEMENT_3D('',#9971,#7183,#7184);
#5609=AXIS2_PLACEMENT_3D('',#9972,#7185,#7186);
#5610=AXIS2_PLACEMENT_3D('',#9973,#7187,#7188);
#5611=AXIS2_PLACEMENT_3D('',#9974,#7189,#7190);
#5612=AXIS2_PLACEMENT_3D('',#9975,#7191,#7192);
#5613=AXIS2_PLACEMENT_3D('',#9976,#7193,#7194);
#5614=AXIS2_PLACEMENT_3D('',#9977,#7195,#7196);
#5615=AXIS2_PLACEMENT_3D('',#9978,#7197,#7198);
#5616=AXIS2_PLACEMENT_3D('',#9979,#7199,#7200);
#5617=AXIS2_PLACEMENT_3D('',#9980,#7201,#7202);
#5618=AXIS2_PLACEMENT_3D('',#9981,#7203,#7204);
#5619=AXIS2_PLACEMENT_3D('',#9982,#7205,#7206);
#5620=AXIS2_PLACEMENT_3D('',#9983,#7207,#7208);
#5621=AXIS2_PLACEMENT_3D('',#9984,#7209,#7210);
#5622=AXIS2_PLACEMENT_3D('',#9985,#7211,#7212);
#5623=AXIS2_PLACEMENT_3D('',#9986,#7213,#7214);
#5624=AXIS2_PLACEMENT_3D('',#9987,#7215,#7216);
#5625=AXIS2_PLACEMENT_3D('',#9988,#7217,#7218);
#5626=AXIS2_PLACEMENT_3D('',#9989,#7219,#7220);
#5627=AXIS2_PLACEMENT_3D('',#9990,#7221,#7222);
#5628=AXIS2_PLACEMENT_3D('',#9991,#7223,#7224);
#5629=AXIS2_PLACEMENT_3D('',#9992,#7225,#7226);
#5630=AXIS2_PLACEMENT_3D('',#9993,#7227,#7228);
#5631=AXIS2_PLACEMENT_3D('',#9994,#7229,#7230);
#5632=AXIS2_PLACEMENT_3D('',#9995,#7231,#7232);
#5633=AXIS2_PLACEMENT_3D('',#9996,#7233,#7234);
#5634=AXIS2_PLACEMENT_3D('',#9997,#7235,#7236);
#5635=AXIS2_PLACEMENT_3D('',#9998,#7237,#7238);
#5636=AXIS2_PLACEMENT_3D('',#9999,#7239,#7240);
#5637=AXIS2_PLACEMENT_3D('',#10000,#7241,#7242);
#5638=DIRECTION('',(0.,0.,1.));
#5639=DIRECTION('',(1.,0.,0.));
#5640=DIRECTION('',(-1.,0.,0.));
#5641=DIRECTION('',(0.,0.,1.));
#5642=DIRECTION('',(1.,0.,0.));
#5643=DIRECTION('',(1.,0.,0.));
#5644=DIRECTION('',(-1.,0.,0.));
#5645=DIRECTION('',(0.,0.,1.));
#5646=DIRECTION('',(0.,1.,0.));
#5647=DIRECTION('',(0.,0.,1.));
#5648=DIRECTION('',(0.,0.,-1.));
#5649=DIRECTION('',(1.,0.,0.));
#5650=DIRECTION('',(0.,0.,-1.));
#5651=DIRECTION('',(-1.,0.,0.));
#5652=DIRECTION('',(0.,1.,0.));
#5653=DIRECTION('',(0.,0.,1.));
#5654=DIRECTION('',(0.,0.,1.));
#5655=DIRECTION('',(0.,1.,0.));
#5656=DIRECTION('',(0.,0.,1.));
#5657=DIRECTION('',(-1.,0.,-8.67361737988404E-17));
#5658=DIRECTION('',(0.,1.,0.));
#5659=DIRECTION('',(0.,0.,1.));
#5660=DIRECTION('',(0.,0.,1.));
#5661=DIRECTION('',(0.,1.,0.));
#5662=DIRECTION('',(0.,0.,1.));
#5663=DIRECTION('',(0.,1.,0.));
#5664=DIRECTION('',(0.,0.,1.));
#5665=DIRECTION('',(0.,0.,1.));
#5666=DIRECTION('',(0.,1.,0.));
#5667=DIRECTION('',(0.,0.,1.));
#5668=DIRECTION('',(-1.,0.,-8.67361737988404E-17));
#5669=DIRECTION('',(0.,1.,0.));
#5670=DIRECTION('',(0.,0.,1.));
#5671=DIRECTION('',(0.,0.,1.));
#5672=DIRECTION('',(0.,1.,0.));
#5673=DIRECTION('',(0.,0.,1.));
#5674=DIRECTION('',(-1.,0.,0.));
#5675=DIRECTION('',(0.,1.,0.));
#5676=DIRECTION('',(0.,0.,1.));
#5677=DIRECTION('',(0.,0.,-1.));
#5678=DIRECTION('',(1.,0.,0.));
#5679=DIRECTION('',(0.,0.,-1.));
#5680=DIRECTION('',(1.,0.,0.));
#5681=DIRECTION('',(0.,0.,-1.));
#5682=DIRECTION('',(-1.,0.,0.));
#5683=DIRECTION('',(0.480897090374925,0.,0.876777046043594));
#5684=DIRECTION('',(0.876777046043594,0.,-0.480897090374925));
#5685=DIRECTION('',(0.,0.,-1.));
#5686=DIRECTION('',(0.480897090374926,0.,-0.876777046043594));
#5687=DIRECTION('',(-0.876777046043594,0.,-0.480897090374926));
#5688=DIRECTION('',(-0.480897090374926,0.,-0.876777046043594));
#5689=DIRECTION('',(0.876777046043594,0.,-0.480897090374926));
#5690=DIRECTION('',(0.,0.,-1.));
#5691=DIRECTION('',(-0.480897090374926,0.,0.876777046043594));
#5692=DIRECTION('',(-0.876777046043594,0.,-0.480897090374926));
#5693=DIRECTION('',(0.,0.,-1.));
#5694=DIRECTION('',(0.,0.,1.));
#5695=DIRECTION('',(1.,0.,0.));
#5696=DIRECTION('',(0.,0.,-1.));
#5697=DIRECTION('',(0.,0.,1.));
#5698=DIRECTION('',(1.,0.,0.));
#5699=DIRECTION('',(0.,0.,-1.));
#5700=DIRECTION('',(-1.,0.,0.));
#5701=DIRECTION('',(-0.480897090374925,0.,-0.876777046043595));
#5702=DIRECTION('',(0.876777046043595,0.,-0.480897090374925));
#5703=DIRECTION('',(0.,0.,-1.));
#5704=DIRECTION('',(-0.480897090374929,0.,0.876777046043592));
#5705=DIRECTION('',(-0.876777046043592,0.,-0.480897090374929));
#5706=DIRECTION('',(0.480897090374926,0.,0.876777046043594));
#5707=DIRECTION('',(0.876777046043594,0.,-0.480897090374926));
#5708=DIRECTION('',(0.,0.,-1.));
#5709=DIRECTION('',(0.480897090374928,0.,-0.876777046043593));
#5710=DIRECTION('',(-0.876777046043593,0.,-0.480897090374928));
#5711=DIRECTION('',(0.,0.,-1.));
#5712=DIRECTION('',(0.,0.,1.));
#5713=DIRECTION('',(1.,0.,0.));
#5714=DIRECTION('',(0.,0.,-1.));
#5715=DIRECTION('',(0.,0.,1.));
#5716=DIRECTION('',(1.,0.,0.));
#5717=DIRECTION('',(0.,1.,0.));
#5718=DIRECTION('',(-1.,0.,0.));
#5719=DIRECTION('',(-1.,0.,0.));
#5720=DIRECTION('',(-1.,0.,1.3010426069826E-16));
#5721=DIRECTION('',(0.,1.,0.));
#5722=DIRECTION('',(0.,0.,1.));
#5723=DIRECTION('',(0.,0.,-1.));
#5724=DIRECTION('',(0.,1.,0.));
#5725=DIRECTION('',(0.,0.,1.));
#5726=DIRECTION('',(0.,1.,0.));
#5727=DIRECTION('',(0.,0.,1.));
#5728=DIRECTION('',(0.,1.,0.));
#5729=DIRECTION('',(0.,0.,1.));
#5730=DIRECTION('',(0.,1.,0.));
#5731=DIRECTION('',(0.,0.,1.));
#5732=DIRECTION('',(0.,1.,0.));
#5733=DIRECTION('',(0.,0.,1.));
#5734=DIRECTION('',(0.,0.,1.));
#5735=DIRECTION('',(1.,0.,0.));
#5736=DIRECTION('',(0.,0.,1.));
#5737=DIRECTION('',(1.,0.,0.));
#5738=DIRECTION('',(1.,0.,0.));
#5739=DIRECTION('',(0.,0.,1.));
#5740=DIRECTION('',(1.,0.,0.));
#5741=DIRECTION('',(0.,-1.,0.));
#5742=DIRECTION('',(0.,0.,1.));
#5743=DIRECTION('',(1.,0.,0.));
#5744=DIRECTION('',(1.,0.,0.));
#5745=DIRECTION('',(0.,0.,1.));
#5746=DIRECTION('',(1.,0.,0.));
#5747=DIRECTION('',(0.,-1.,0.));
#5748=DIRECTION('',(0.,0.,1.));
#5749=DIRECTION('',(1.,0.,0.));
#5750=DIRECTION('',(0.,0.,1.));
#5751=DIRECTION('',(1.,0.,0.));
#5752=DIRECTION('',(0.,-1.,0.));
#5753=DIRECTION('',(0.,0.,1.));
#5754=DIRECTION('',(1.,0.,0.));
#5755=DIRECTION('',(1.,0.,0.));
#5756=DIRECTION('',(0.,0.,1.));
#5757=DIRECTION('',(1.,0.,0.));
#5758=DIRECTION('',(0.,-1.,0.));
#5759=DIRECTION('',(0.,0.,1.));
#5760=DIRECTION('',(1.,0.,0.));
#5761=DIRECTION('',(1.,0.,0.));
#5762=DIRECTION('',(0.,0.,1.));
#5763=DIRECTION('',(1.,0.,0.));
#5764=DIRECTION('',(0.,0.,1.));
#5765=DIRECTION('',(1.,0.,0.));
#5766=DIRECTION('',(0.,-1.,0.));
#5767=DIRECTION('',(0.,0.,1.));
#5768=DIRECTION('',(1.,0.,0.));
#5769=DIRECTION('',(1.,0.,0.));
#5770=DIRECTION('',(0.,0.,1.));
#5771=DIRECTION('',(1.,0.,0.));
#5772=DIRECTION('',(0.,-1.,0.));
#5773=DIRECTION('',(0.,0.,1.));
#5774=DIRECTION('',(1.,0.,0.));
#5775=DIRECTION('',(1.,0.,0.));
#5776=DIRECTION('',(0.,0.,1.));
#5777=DIRECTION('',(1.,0.,0.));
#5778=DIRECTION('',(0.,0.,1.));
#5779=DIRECTION('',(1.,0.,0.));
#5780=DIRECTION('',(1.,0.,0.));
#5781=DIRECTION('',(0.,0.,1.));
#5782=DIRECTION('',(1.,0.,0.));
#5783=DIRECTION('',(0.,-1.,0.));
#5784=DIRECTION('',(0.,0.,1.));
#5785=DIRECTION('',(1.,0.,0.));
#5786=DIRECTION('',(1.,0.,0.));
#5787=DIRECTION('',(0.,0.,1.));
#5788=DIRECTION('',(1.,0.,0.));
#5789=DIRECTION('',(0.,-1.,0.));
#5790=DIRECTION('',(1.,0.,0.));
#5791=DIRECTION('',(0.,0.,-1.));
#5792=DIRECTION('',(0.,0.,1.));
#5793=DIRECTION('',(0.,-1.,0.));
#5794=DIRECTION('',(0.,0.,1.));
#5795=DIRECTION('',(0.,1.,0.));
#5796=DIRECTION('',(0.,1.,0.));
#5797=DIRECTION('',(0.,0.,1.));
#5798=DIRECTION('',(0.,0.,1.));
#5799=DIRECTION('',(1.,0.,0.));
#5800=DIRECTION('',(0.,0.,1.));
#5801=DIRECTION('',(-1.,0.,0.));
#5802=DIRECTION('',(1.,0.,0.));
#5803=DIRECTION('',(0.,0.,-1.));
#5804=DIRECTION('',(0.,0.,1.));
#5805=DIRECTION('',(0.,-1.,0.));
#5806=DIRECTION('',(0.,0.,1.));
#5807=DIRECTION('',(0.,-1.,0.));
#5808=DIRECTION('',(0.,1.,0.));
#5809=DIRECTION('',(0.,0.,1.));
#5810=DIRECTION('',(0.,0.,1.));
#5811=DIRECTION('',(1.,0.,0.));
#5812=DIRECTION('',(0.,0.,1.));
#5813=DIRECTION('',(1.,0.,0.));
#5814=DIRECTION('',(1.,0.,0.));
#5815=DIRECTION('',(0.,0.,-1.));
#5816=DIRECTION('',(0.,0.,1.));
#5817=DIRECTION('',(0.,-1.,0.));
#5818=DIRECTION('',(0.,0.,1.));
#5819=DIRECTION('',(0.,-1.,0.));
#5820=DIRECTION('',(0.,1.,0.));
#5821=DIRECTION('',(0.,0.,1.));
#5822=DIRECTION('',(0.,0.,1.));
#5823=DIRECTION('',(1.,0.,0.));
#5824=DIRECTION('',(0.,0.,1.));
#5825=DIRECTION('',(1.,0.,0.));
#5826=DIRECTION('',(0.,0.,-1.));
#5827=DIRECTION('',(-1.,0.,0.));
#5828=DIRECTION('',(0.,0.,-1.));
#5829=DIRECTION('',(0.,0.,1.));
#5830=DIRECTION('',(1.,0.,0.));
#5831=DIRECTION('',(0.,0.,-1.));
#5832=DIRECTION('',(0.,0.,-1.));
#5833=DIRECTION('',(-1.,0.,0.));
#5834=DIRECTION('',(0.,0.,1.));
#5835=DIRECTION('',(1.,0.,0.));
#5836=DIRECTION('',(0.,0.,-1.));
#5837=DIRECTION('',(0.,0.,1.));
#5838=DIRECTION('',(1.,0.,0.));
#5839=DIRECTION('',(0.,0.,-1.));
#5840=DIRECTION('',(-1.,0.,0.));
#5841=DIRECTION('',(0.,0.,1.));
#5842=DIRECTION('',(1.,0.,0.));
#5843=DIRECTION('',(0.,0.,-1.));
#5844=DIRECTION('',(0.,0.,-1.));
#5845=DIRECTION('',(0.,1.,0.));
#5846=DIRECTION('',(0.,0.,1.));
#5847=DIRECTION('',(1.,0.,0.));
#5848=DIRECTION('',(0.,0.,-1.));
#5849=DIRECTION('',(-1.,0.,0.));
#5850=DIRECTION('',(0.,-1.,0.));
#5851=DIRECTION('',(0.,0.,-1.));
#5852=DIRECTION('',(0.,0.,-1.));
#5853=DIRECTION('',(-1.,0.,0.));
#5854=DIRECTION('',(0.,0.,1.));
#5855=DIRECTION('',(1.,0.,0.));
#5856=DIRECTION('',(0.,0.,-1.));
#5857=DIRECTION('',(0.,0.,1.));
#5858=DIRECTION('',(1.,0.,0.));
#5859=DIRECTION('',(1.,0.,0.));
#5860=DIRECTION('',(0.,0.,-1.));
#5861=DIRECTION('',(1.,0.,0.));
#5862=DIRECTION('',(0.,0.,-1.));
#5863=DIRECTION('',(0.,-1.,0.));
#5864=DIRECTION('',(0.,0.,-1.));
#5865=DIRECTION('',(0.,1.,0.));
#5866=DIRECTION('',(0.,0.,-1.));
#5867=DIRECTION('',(-1.,0.,0.));
#5868=DIRECTION('',(0.,0.,1.));
#5869=DIRECTION('',(1.,0.,0.));
#5870=DIRECTION('',(0.,0.,-1.));
#5871=DIRECTION('',(0.,0.,-1.));
#5872=DIRECTION('',(-1.,0.,0.));
#5873=DIRECTION('',(0.,0.,1.));
#5874=DIRECTION('',(1.,0.,0.));
#5875=DIRECTION('',(0.,0.,-1.));
#5876=DIRECTION('',(0.,0.,1.));
#5877=DIRECTION('',(1.,0.,0.));
#5878=DIRECTION('',(0.,0.,-1.));
#5879=DIRECTION('',(-1.,0.,0.));
#5880=DIRECTION('',(0.,0.,1.));
#5881=DIRECTION('',(1.,0.,0.));
#5882=DIRECTION('',(0.,0.,-1.));
#5883=DIRECTION('',(-1.,0.,0.));
#5884=DIRECTION('',(0.,0.,1.));
#5885=DIRECTION('',(1.,0.,0.));
#5886=DIRECTION('',(0.,0.,-1.));
#5887=DIRECTION('',(0.,0.,1.));
#5888=DIRECTION('',(1.,0.,0.));
#5889=DIRECTION('',(1.,0.,0.));
#5890=DIRECTION('',(0.,0.,-1.));
#5891=DIRECTION('',(1.,0.,0.));
#5892=DIRECTION('',(0.,0.,-1.));
#5893=DIRECTION('',(0.,-1.,0.));
#5894=DIRECTION('',(0.,-1.,0.));
#5895=DIRECTION('',(1.,-2.60208521396521E-16,0.));
#5896=DIRECTION('',(2.60208521396521E-16,1.,0.));
#5897=DIRECTION('',(1.,-2.60208521396521E-16,0.));
#5898=DIRECTION('',(2.60208521396521E-16,1.,0.));
#5899=DIRECTION('',(0.,0.,-1.));
#5900=DIRECTION('',(-2.60208521396521E-16,-1.,0.));
#5901=DIRECTION('',(0.,0.,-1.));
#5902=DIRECTION('',(-2.60208521396521E-16,-1.,0.));
#5903=DIRECTION('',(0.,0.,-1.));
#5904=DIRECTION('',(-1.,0.,0.));
#5905=DIRECTION('',(0.,0.,1.));
#5906=DIRECTION('',(1.,0.,0.));
#5907=DIRECTION('',(0.,0.,1.));
#5908=DIRECTION('',(1.,0.,0.));
#5909=DIRECTION('',(0.,0.,-1.));
#5910=DIRECTION('',(-1.,0.,0.));
#5911=DIRECTION('',(0.,0.,-1.));
#5912=DIRECTION('',(0.,0.,1.));
#5913=DIRECTION('',(1.,0.,0.));
#5914=DIRECTION('',(0.,0.,1.));
#5915=DIRECTION('',(1.,0.,0.));
#5916=DIRECTION('',(1.,-2.60208521396521E-16,0.));
#5917=DIRECTION('',(2.60208521396521E-16,1.,0.));
#5918=DIRECTION('',(1.,-2.60208521396521E-16,0.));
#5919=DIRECTION('',(2.60208521396521E-16,1.,0.));
#5920=DIRECTION('',(0.,0.,-1.));
#5921=DIRECTION('',(-2.60208521396521E-16,-1.,0.));
#5922=DIRECTION('',(-2.60208521396521E-16,-1.,0.));
#5923=DIRECTION('',(0.,0.,-1.));
#5924=DIRECTION('',(-1.,0.,0.));
#5925=DIRECTION('',(0.,0.,-1.));
#5926=DIRECTION('',(0.,0.,1.));
#5927=DIRECTION('',(1.,0.,0.));
#5928=DIRECTION('',(0.,0.,1.));
#5929=DIRECTION('',(1.,0.,0.));
#5930=DIRECTION('',(0.,0.,-1.));
#5931=DIRECTION('',(-1.,0.,0.));
#5932=DIRECTION('',(0.,0.,1.));
#5933=DIRECTION('',(1.,0.,0.));
#5934=DIRECTION('',(0.,0.,1.));
#5935=DIRECTION('',(1.,0.,0.));
#5936=DIRECTION('',(-1.,-1.15648231731786E-15,0.));
#5937=DIRECTION('',(1.15648231731786E-15,-1.,0.));
#5938=DIRECTION('',(0.,0.,-1.));
#5939=DIRECTION('',(-1.15648231731786E-15,1.,0.));
#5940=DIRECTION('',(-1.15648231731786E-15,1.,0.));
#5941=DIRECTION('',(0.,0.,-1.));
#5942=DIRECTION('',(-1.,0.,0.));
#5943=DIRECTION('',(0.,0.,-1.));
#5944=DIRECTION('',(0.,0.,1.));
#5945=DIRECTION('',(1.,0.,0.));
#5946=DIRECTION('',(0.,0.,1.));
#5947=DIRECTION('',(1.,0.,0.));
#5948=DIRECTION('',(0.,1.,0.));
#5949=DIRECTION('',(0.,0.,1.));
#5950=DIRECTION('',(0.,1.,0.));
#5951=DIRECTION('',(0.,0.,1.));
#5952=DIRECTION('',(0.,1.,0.));
#5953=DIRECTION('',(0.,0.,1.));
#5954=DIRECTION('',(0.,0.,-1.));
#5955=DIRECTION('',(0.,1.,0.));
#5956=DIRECTION('',(0.,0.,1.));
#5957=DIRECTION('',(-1.,0.,0.));
#5958=DIRECTION('',(0.,1.,0.));
#5959=DIRECTION('',(0.,0.,1.));
#5960=DIRECTION('',(0.,1.,0.));
#5961=DIRECTION('',(0.,0.,1.));
#5962=DIRECTION('',(0.,1.,0.));
#5963=DIRECTION('',(0.,0.,1.));
#5964=DIRECTION('',(0.,1.,0.));
#5965=DIRECTION('',(0.,0.,1.));
#5966=DIRECTION('',(0.,1.,0.));
#5967=DIRECTION('',(0.,0.,1.));
#5968=DIRECTION('',(0.,0.,-1.));
#5969=DIRECTION('',(0.,1.,0.));
#5970=DIRECTION('',(0.,0.,1.));
#5971=DIRECTION('',(-1.,0.,1.3010426069826E-16));
#5972=DIRECTION('',(0.,1.,0.));
#5973=DIRECTION('',(0.,0.,1.));
#5974=DIRECTION('',(0.,1.,0.));
#5975=DIRECTION('',(0.,0.,1.));
#5976=DIRECTION('',(0.,1.,0.));
#5977=DIRECTION('',(0.,0.,1.));
#5978=DIRECTION('',(0.,1.,0.));
#5979=DIRECTION('',(0.,0.,1.));
#5980=DIRECTION('',(0.,1.,0.));
#5981=DIRECTION('',(0.,0.,1.));
#5982=DIRECTION('',(0.,0.,-1.));
#5983=DIRECTION('',(1.,0.,0.));
#5984=DIRECTION('',(1.,0.,0.));
#5985=DIRECTION('',(0.,0.,-1.));
#5986=DIRECTION('',(-1.,0.,0.));
#5987=DIRECTION('',(0.,0.,-1.));
#5988=DIRECTION('',(0.,0.,1.));
#5989=DIRECTION('',(1.,0.,0.));
#5990=DIRECTION('',(0.,0.,1.));
#5991=DIRECTION('',(1.,0.,0.));
#5992=DIRECTION('',(-1.,-1.15648231731787E-15,0.));
#5993=DIRECTION('',(1.15648231731787E-15,-1.,0.));
#5994=DIRECTION('',(-1.15648231731787E-15,1.,0.));
#5995=DIRECTION('',(-1.15648231731787E-15,1.,0.));
#5996=DIRECTION('',(0.,0.,-1.));
#5997=DIRECTION('',(-1.,0.,0.));
#5998=DIRECTION('',(0.,0.,-1.));
#5999=DIRECTION('',(0.,0.,1.));
#6000=DIRECTION('',(1.,0.,0.));
#6001=DIRECTION('',(0.,0.,1.));
#6002=DIRECTION('',(1.,0.,0.));
#6003=DIRECTION('',(0.,0.,-1.));
#6004=DIRECTION('',(-1.,0.,0.));
#6005=DIRECTION('',(0.,0.,1.));
#6006=DIRECTION('',(1.,0.,0.));
#6007=DIRECTION('',(0.,0.,1.));
#6008=DIRECTION('',(1.,0.,0.));
#6009=DIRECTION('',(0.,0.,-1.));
#6010=DIRECTION('',(-1.,0.,0.));
#6011=DIRECTION('',(0.,0.,1.));
#6012=DIRECTION('',(1.,0.,0.));
#6013=DIRECTION('',(0.,0.,1.));
#6014=DIRECTION('',(1.,0.,0.));
#6015=DIRECTION('',(0.,0.,-1.));
#6016=DIRECTION('',(-1.,0.,0.));
#6017=DIRECTION('',(0.,0.,1.));
#6018=DIRECTION('',(1.,0.,0.));
#6019=DIRECTION('',(0.,0.,1.));
#6020=DIRECTION('',(1.,0.,0.));
#6021=DIRECTION('',(0.,0.,1.));
#6022=DIRECTION('',(1.,0.,0.));
#6023=DIRECTION('',(1.,0.,0.));
#6024=DIRECTION('',(0.,0.,1.));
#6025=DIRECTION('',(1.,0.,0.));
#6026=DIRECTION('',(-1.15648231731787E-15,1.,0.));
#6027=DIRECTION('',(0.,0.,1.));
#6028=DIRECTION('',(1.,0.,0.));
#6029=DIRECTION('',(0.,0.,1.));
#6030=DIRECTION('',(1.,0.,0.));
#6031=DIRECTION('',(0.,0.,1.));
#6032=DIRECTION('',(1.,0.,0.));
#6033=DIRECTION('',(-2.60208521396521E-16,-1.,0.));
#6034=DIRECTION('',(0.,0.,1.));
#6035=DIRECTION('',(1.,0.,0.));
#6036=DIRECTION('',(1.,0.,0.));
#6037=DIRECTION('',(0.,0.,1.));
#6038=DIRECTION('',(1.,0.,0.));
#6039=DIRECTION('',(-2.60208521396521E-16,-1.,0.));
#6040=DIRECTION('',(0.,0.,1.));
#6041=DIRECTION('',(1.,0.,0.));
#6042=DIRECTION('',(0.,0.,1.));
#6043=DIRECTION('',(1.,0.,0.));
#6044=DIRECTION('',(0.,0.,1.));
#6045=DIRECTION('',(1.,0.,0.));
#6046=DIRECTION('',(-1.15648231731786E-15,1.,0.));
#6047=DIRECTION('',(0.,0.,1.));
#6048=DIRECTION('',(1.,0.,0.));
#6049=DIRECTION('',(0.,0.,1.));
#6050=DIRECTION('',(1.,0.,0.));
#6051=DIRECTION('',(0.,0.,1.));
#6052=DIRECTION('',(1.,0.,0.));
#6053=DIRECTION('',(0.,0.,1.));
#6054=DIRECTION('',(1.,0.,0.));
#6055=DIRECTION('',(0.,0.,1.));
#6056=DIRECTION('',(1.,0.,0.));
#6057=DIRECTION('',(0.,0.,1.));
#6058=DIRECTION('',(1.,0.,0.));
#6059=DIRECTION('',(0.,0.,1.));
#6060=DIRECTION('',(1.,0.,0.));
#6061=DIRECTION('',(0.,0.,1.));
#6062=DIRECTION('',(1.,0.,0.));
#6063=DIRECTION('',(0.,-1.,0.));
#6064=DIRECTION('',(0.,0.,1.));
#6065=DIRECTION('',(1.,0.,0.));
#6066=DIRECTION('',(0.,0.,1.));
#6067=DIRECTION('',(1.,0.,0.));
#6068=DIRECTION('',(0.,-1.,0.));
#6069=DIRECTION('',(0.,0.,1.));
#6070=DIRECTION('',(1.,0.,0.));
#6071=DIRECTION('',(1.,0.,0.));
#6072=DIRECTION('',(0.,0.,1.));
#6073=DIRECTION('',(1.,0.,0.));
#6074=DIRECTION('',(0.,1.,0.));
#6075=DIRECTION('',(0.,0.,1.));
#6076=DIRECTION('',(1.,0.,0.));
#6077=DIRECTION('',(1.,0.,0.));
#6078=DIRECTION('',(0.,0.,1.));
#6079=DIRECTION('',(1.,0.,0.));
#6080=DIRECTION('',(0.,0.,1.));
#6081=DIRECTION('',(1.,0.,0.));
#6082=DIRECTION('',(1.,0.,0.));
#6083=DIRECTION('',(0.,0.,1.));
#6084=DIRECTION('',(1.,0.,0.));
#6085=DIRECTION('',(0.,0.,1.));
#6086=DIRECTION('',(1.,0.,0.));
#6087=DIRECTION('',(0.,0.,1.));
#6088=DIRECTION('',(1.,0.,0.));
#6089=DIRECTION('',(0.,0.,1.));
#6090=DIRECTION('',(1.,0.,0.));
#6091=DIRECTION('',(0.,0.,1.));
#6092=DIRECTION('',(1.,0.,0.));
#6093=DIRECTION('',(0.,-1.,0.));
#6094=DIRECTION('',(0.,0.,1.));
#6095=DIRECTION('',(1.,0.,0.));
#6096=DIRECTION('',(0.,0.,1.));
#6097=DIRECTION('',(1.,0.,0.));
#6098=DIRECTION('',(0.,-1.,0.));
#6099=DIRECTION('',(0.,0.,1.));
#6100=DIRECTION('',(1.,0.,0.));
#6101=DIRECTION('',(-1.,0.,0.));
#6102=DIRECTION('',(0.,0.,1.));
#6103=DIRECTION('',(1.,0.,0.));
#6104=DIRECTION('',(0.,1.,0.));
#6105=DIRECTION('',(0.,0.,1.));
#6106=DIRECTION('',(1.,0.,0.));
#6107=DIRECTION('',(1.,0.,0.));
#6108=DIRECTION('',(0.,0.,1.));
#6109=DIRECTION('',(1.,0.,0.));
#6110=DIRECTION('',(0.,0.,1.));
#6111=DIRECTION('',(1.,0.,0.));
#6112=DIRECTION('',(1.,0.,0.));
#6113=DIRECTION('',(0.,0.,1.));
#6114=DIRECTION('',(1.,0.,0.));
#6115=DIRECTION('',(0.,0.,1.));
#6116=DIRECTION('',(1.,0.,0.));
#6117=DIRECTION('',(0.,-1.,0.));
#6118=DIRECTION('',(0.,0.,1.));
#6119=DIRECTION('',(1.,0.,0.));
#6120=DIRECTION('',(1.,0.,0.));
#6121=DIRECTION('',(0.,0.,1.));
#6122=DIRECTION('',(1.,0.,0.));
#6123=DIRECTION('',(0.,0.,1.));
#6124=DIRECTION('',(1.,0.,0.));
#6125=DIRECTION('',(0.,0.,1.));
#6126=DIRECTION('',(1.,0.,0.));
#6127=DIRECTION('',(0.,-1.,0.));
#6128=DIRECTION('',(0.,0.,1.));
#6129=DIRECTION('',(1.,0.,0.));
#6130=DIRECTION('',(1.,0.,0.));
#6131=DIRECTION('',(0.,0.,1.));
#6132=DIRECTION('',(1.,0.,0.));
#6133=DIRECTION('',(0.,0.,1.));
#6134=DIRECTION('',(1.,0.,0.));
#6135=DIRECTION('',(1.,0.,0.));
#6136=DIRECTION('',(0.,0.,1.));
#6137=DIRECTION('',(1.,0.,0.));
#6138=DIRECTION('',(-2.60208521396521E-16,-1.,0.));
#6139=DIRECTION('',(0.,0.,1.));
#6140=DIRECTION('',(1.,0.,0.));
#6141=DIRECTION('',(0.,0.,1.));
#6142=DIRECTION('',(1.,0.,0.));
#6143=DIRECTION('',(0.,0.,1.));
#6144=DIRECTION('',(1.,0.,0.));
#6145=DIRECTION('',(-1.15648231731787E-15,1.,0.));
#6146=DIRECTION('',(0.,0.,1.));
#6147=DIRECTION('',(1.,0.,0.));
#6148=DIRECTION('',(1.,0.,0.));
#6149=DIRECTION('',(0.,0.,1.));
#6150=DIRECTION('',(1.,0.,0.));
#6151=DIRECTION('',(-1.15648231731786E-15,1.,0.));
#6152=DIRECTION('',(0.,0.,1.));
#6153=DIRECTION('',(1.,0.,0.));
#6154=DIRECTION('',(0.,0.,1.));
#6155=DIRECTION('',(1.,0.,0.));
#6156=DIRECTION('',(0.,0.,1.));
#6157=DIRECTION('',(1.,0.,0.));
#6158=DIRECTION('',(-2.60208521396521E-16,-1.,0.));
#6159=DIRECTION('',(0.,0.,1.));
#6160=DIRECTION('',(1.,0.,0.));
#6161=DIRECTION('',(0.,0.,1.));
#6162=DIRECTION('',(1.,0.,0.));
#6163=DIRECTION('',(0.,0.,1.));
#6164=DIRECTION('',(1.,0.,0.));
#6165=DIRECTION('',(0.,1.,0.));
#6166=DIRECTION('',(0.,0.,1.));
#6167=DIRECTION('',(0.,0.,1.));
#6168=DIRECTION('',(1.,0.,0.));
#6169=DIRECTION('',(0.,0.,1.));
#6170=DIRECTION('',(-1.,0.,0.));
#6171=DIRECTION('',(1.,0.,0.));
#6172=DIRECTION('',(0.,0.,-1.));
#6173=DIRECTION('',(0.,0.,1.));
#6174=DIRECTION('',(0.,-1.,0.));
#6175=DIRECTION('',(0.,0.,1.));
#6176=DIRECTION('',(0.,1.,0.));
#6177=DIRECTION('',(0.,0.,-1.));
#6178=DIRECTION('',(-1.,0.,0.));
#6179=DIRECTION('',(0.,0.447213595499958,-0.894427190999916));
#6180=DIRECTION('',(0.,0.,1.));
#6181=DIRECTION('',(1.,0.,0.));
#6182=DIRECTION('',(0.446815146632148,-0.018873916925003,0.894427190999916));
#6183=DIRECTION('',(0.,0.,1.));
#6184=DIRECTION('',(1.,0.,0.));
#6185=DIRECTION('',(0.0188739169250055,-0.446815146632148,0.894427190999916));
#6186=DIRECTION('',(0.,0.,-1.));
#6187=DIRECTION('',(-1.,0.,0.));
#6188=DIRECTION('',(0.,0.,-1.));
#6189=DIRECTION('',(-1.,0.,0.));
#6190=DIRECTION('',(0.,0.894427190999916,0.447213595499958));
#6191=DIRECTION('',(1.,0.,0.));
#6192=DIRECTION('',(0.,0.894427190999916,0.447213595499958));
#6193=DIRECTION('',(0.,0.447213595499958,-0.894427190999916));
#6194=DIRECTION('',(1.,0.,0.));
#6195=DIRECTION('',(0.,0.447213595499958,-0.894427190999916));
#6196=DIRECTION('',(1.,0.,0.));
#6197=DIRECTION('',(0.,0.894427190999916,0.447213595499958));
#6198=DIRECTION('',(0.,-0.447213595499958,0.894427190999916));
#6199=DIRECTION('',(1.,0.,0.));
#6200=DIRECTION('',(0.,0.,-1.));
#6201=DIRECTION('',(-1.,0.,0.));
#6202=DIRECTION('',(0.,0.,1.));
#6203=DIRECTION('',(1.,0.,0.));
#6204=DIRECTION('',(0.447213595499958,0.,0.894427190999916));
#6205=DIRECTION('',(0.,0.,-1.));
#6206=DIRECTION('',(-1.,0.,0.));
#6207=DIRECTION('',(0.,0.,-1.));
#6208=DIRECTION('',(-1.,0.,0.));
#6209=DIRECTION('',(0.447213595499958,0.,-0.894427190999916));
#6210=DIRECTION('',(0.,0.,1.));
#6211=DIRECTION('',(1.,0.,0.));
#6212=DIRECTION('',(0.894427190999916,0.,-0.447213595499958));
#6213=DIRECTION('',(0.,1.,0.));
#6214=DIRECTION('',(0.894427190999916,0.,-0.447213595499958));
#6215=DIRECTION('',(0.447213595499958,0.,0.894427190999916));
#6216=DIRECTION('',(0.,1.,0.));
#6217=DIRECTION('',(0.447213595499958,1.24126707662364E-15,0.894427190999916));
#6218=DIRECTION('',(0.,-1.,0.));
#6219=DIRECTION('',(0.894427190999916,0.,-0.447213595499958));
#6220=DIRECTION('',(-0.447213595499958,0.,-0.894427190999916));
#6221=DIRECTION('',(0.,1.,0.));
#6222=DIRECTION('',(0.894427190999916,0.,0.447213595499958));
#6223=DIRECTION('',(0.,-1.,0.));
#6224=DIRECTION('',(0.894427190999916,0.,0.447213595499958));
#6225=DIRECTION('',(-0.447213595499958,0.,0.894427190999916));
#6226=DIRECTION('',(0.,-1.,0.));
#6227=DIRECTION('',(0.,-1.,0.));
#6228=DIRECTION('',(0.447213595499958,0.,-0.894427190999916));
#6229=DIRECTION('',(0.,-1.,0.));
#6230=DIRECTION('',(0.894427190999916,0.,0.447213595499958));
#6231=DIRECTION('',(0.447213595499958,0.,-0.894427190999916));
#6232=DIRECTION('',(0.,-1.,0.));
#6233=DIRECTION('',(0.,0.,-1.));
#6234=DIRECTION('',(-1.,0.,0.));
#6235=DIRECTION('',(0.,0.447213595499958,0.894427190999916));
#6236=DIRECTION('',(0.,0.,-1.));
#6237=DIRECTION('',(-1.,0.,0.));
#6238=DIRECTION('',(0.,0.,1.));
#6239=DIRECTION('',(1.,0.,0.));
#6240=DIRECTION('',(0.,0.,-1.));
#6241=DIRECTION('',(-1.,0.,0.));
#6242=DIRECTION('',(0.0188739169250036,-0.446815146632148,-0.894427190999916));
#6243=DIRECTION('',(0.,0.,1.));
#6244=DIRECTION('',(1.,0.,0.));
#6245=DIRECTION('',(0.,0.894427190999916,-0.447213595499959));
#6246=DIRECTION('',(-1.,0.,0.));
#6247=DIRECTION('',(0.,0.894427190999916,-0.447213595499959));
#6248=DIRECTION('',(0.,-0.447213595499959,-0.894427190999916));
#6249=DIRECTION('',(1.,0.,0.));
#6250=DIRECTION('',(0.,0.894427190999916,-0.447213595499959));
#6251=DIRECTION('',(0.,-0.447213595499959,-0.894427190999916));
#6252=DIRECTION('',(1.,0.,0.));
#6253=DIRECTION('',(1.,0.,0.));
#6254=DIRECTION('',(0.,0.894427190999916,-0.447213595499959));
#6255=DIRECTION('',(0.,0.447213595499959,0.894427190999916));
#6256=DIRECTION('',(-1.,0.,0.));
#6257=DIRECTION('',(0.,0.894427190999916,-0.447213595499959));
#6258=DIRECTION('',(0.,-0.447213595499959,-0.894427190999916));
#6259=DIRECTION('',(-1.,0.,0.));
#6260=DIRECTION('',(-3.10316769155909E-15,0.447213595499959,0.894427190999916));
#6261=DIRECTION('',(0.,0.,1.));
#6262=DIRECTION('',(1.,0.,0.));
#6263=DIRECTION('',(0.446815146632148,-0.0188739169250067,-0.894427190999916));
#6264=DIRECTION('',(0.,0.,-1.));
#6265=DIRECTION('',(-1.,0.,0.));
#6266=DIRECTION('',(0.,0.,-1.));
#6267=DIRECTION('',(-1.,0.,0.));
#6268=DIRECTION('',(0.,0.,-1.));
#6269=DIRECTION('',(-1.,0.,0.));
#6270=DIRECTION('',(0.,0.,1.));
#6271=DIRECTION('',(1.,0.,0.));
#6272=DIRECTION('',(-1.,0.,0.));
#6273=DIRECTION('',(0.,0.,1.));
#6274=DIRECTION('',(0.,0.,1.));
#6275=DIRECTION('',(0.,-1.,0.));
#6276=DIRECTION('',(0.,0.,1.));
#6277=DIRECTION('',(0.,-1.,0.));
#6278=DIRECTION('',(0.,0.,-1.));
#6279=DIRECTION('',(0.,0.,1.));
#6280=DIRECTION('',(1.,0.,0.));
#6281=DIRECTION('',(0.,0.,1.));
#6282=DIRECTION('',(-1.,0.,0.));
#6283=DIRECTION('',(0.,0.,1.));
#6284=DIRECTION('',(0.,0.,1.));
#6285=DIRECTION('',(0.,-1.,0.));
#6286=DIRECTION('',(0.,0.,1.));
#6287=DIRECTION('',(0.,-1.,0.));
#6288=DIRECTION('',(0.,0.,-1.));
#6289=DIRECTION('',(0.,0.,1.));
#6290=DIRECTION('',(1.,0.,0.));
#6291=DIRECTION('',(0.,0.,1.));
#6292=DIRECTION('',(-1.,0.,0.));
#6293=DIRECTION('',(0.,0.,1.));
#6294=DIRECTION('',(0.,0.,1.));
#6295=DIRECTION('',(0.,-1.,0.));
#6296=DIRECTION('',(0.,0.,1.));
#6297=DIRECTION('',(0.,-1.,0.));
#6298=DIRECTION('',(0.,0.,-1.));
#6299=DIRECTION('',(0.,0.,1.));
#6300=DIRECTION('',(1.,0.,0.));
#6301=DIRECTION('',(0.,0.,1.));
#6302=DIRECTION('',(-1.,0.,0.));
#6303=DIRECTION('',(0.,0.,1.));
#6304=DIRECTION('',(0.,0.,1.));
#6305=DIRECTION('',(0.,-1.,0.));
#6306=DIRECTION('',(0.,0.,1.));
#6307=DIRECTION('',(0.,-1.,0.));
#6308=DIRECTION('',(0.,0.,-1.));
#6309=DIRECTION('',(0.,0.,1.));
#6310=DIRECTION('',(1.,0.,0.));
#6311=DIRECTION('',(0.,0.,1.));
#6312=DIRECTION('',(0.,1.,0.));
#6313=DIRECTION('',(0.,0.,1.));
#6314=DIRECTION('',(0.,1.,0.));
#6315=DIRECTION('',(0.,1.,0.));
#6316=DIRECTION('',(0.,0.,1.));
#6317=DIRECTION('',(0.,1.,0.));
#6318=DIRECTION('',(0.,1.,0.));
#6319=DIRECTION('',(0.,0.,1.));
#6320=DIRECTION('',(0.,1.,0.));
#6321=DIRECTION('',(0.,0.,1.));
#6322=DIRECTION('',(0.,1.,0.));
#6323=DIRECTION('',(0.,1.,0.));
#6324=DIRECTION('',(0.,0.,1.));
#6325=DIRECTION('',(0.,1.,0.));
#6326=DIRECTION('',(0.,0.,1.));
#6327=DIRECTION('',(0.,1.,0.));
#6328=DIRECTION('',(0.,1.,0.));
#6329=DIRECTION('',(0.,0.,1.));
#6330=DIRECTION('',(0.,1.,0.));
#6331=DIRECTION('',(0.,0.,1.));
#6332=DIRECTION('',(0.,1.,0.));
#6333=DIRECTION('',(0.,1.,0.));
#6334=DIRECTION('',(0.,0.,1.));
#6335=DIRECTION('',(0.,1.,0.));
#6336=DIRECTION('',(0.,0.,1.));
#6337=DIRECTION('',(0.,1.,0.));
#6338=DIRECTION('',(0.,0.,-1.));
#6339=DIRECTION('',(-1.,0.,0.));
#6340=DIRECTION('',(-1.,0.,0.));
#6341=DIRECTION('',(0.,1.,0.));
#6342=DIRECTION('',(-1.,0.,0.));
#6343=DIRECTION('',(0.,1.,0.));
#6344=DIRECTION('',(0.,0.,1.));
#6345=DIRECTION('',(0.,1.,0.));
#6346=DIRECTION('',(0.,0.,1.));
#6347=DIRECTION('',(0.,1.,0.));
#6348=DIRECTION('',(0.,1.,0.));
#6349=DIRECTION('',(0.,0.,1.));
#6350=DIRECTION('',(1.,0.,0.));
#6351=DIRECTION('',(0.,0.,-1.));
#6352=DIRECTION('',(0.,0.,-1.));
#6353=DIRECTION('',(0.,1.,0.));
#6354=DIRECTION('',(0.,0.,-1.));
#6355=DIRECTION('',(0.,1.,0.));
#6356=DIRECTION('',(0.,0.,1.));
#6357=DIRECTION('',(0.,1.,0.));
#6358=DIRECTION('',(0.,0.,1.));
#6359=DIRECTION('',(0.,1.,0.));
#6360=DIRECTION('',(0.,1.,0.));
#6361=DIRECTION('',(0.,0.,1.));
#6362=DIRECTION('',(0.,1.,0.));
#6363=DIRECTION('',(0.,0.,1.));
#6364=DIRECTION('',(0.,1.,0.));
#6365=DIRECTION('',(0.,0.,1.));
#6366=DIRECTION('',(0.,1.,0.));
#6367=DIRECTION('',(0.,1.,0.));
#6368=DIRECTION('',(0.,0.,1.));
#6369=DIRECTION('',(0.,1.,0.));
#6370=DIRECTION('',(0.,0.,1.));
#6371=DIRECTION('',(0.,1.,0.));
#6372=DIRECTION('',(0.,0.,1.));
#6373=DIRECTION('',(0.,1.,0.));
#6374=DIRECTION('',(0.,1.,0.));
#6375=DIRECTION('',(0.,0.,1.));
#6376=DIRECTION('',(0.,1.,0.));
#6377=DIRECTION('',(0.,0.,1.));
#6378=DIRECTION('',(0.,1.,0.));
#6379=DIRECTION('',(0.,0.,1.));
#6380=DIRECTION('',(0.,1.,0.));
#6381=DIRECTION('',(0.,1.,0.));
#6382=DIRECTION('',(0.,0.,1.));
#6383=DIRECTION('',(0.,1.,0.));
#6384=DIRECTION('',(0.,0.,1.));
#6385=DIRECTION('',(0.,1.,0.));
#6386=DIRECTION('',(0.,0.,1.));
#6387=DIRECTION('',(0.,1.,0.));
#6388=DIRECTION('',(0.,1.,0.));
#6389=DIRECTION('',(0.,0.,1.));
#6390=DIRECTION('',(-1.3010426069826E-16,0.,-1.));
#6391=DIRECTION('',(-1.,0.,1.3010426069826E-16));
#6392=DIRECTION('',(-1.,0.,1.3010426069826E-16));
#6393=DIRECTION('',(0.,1.,0.));
#6394=DIRECTION('',(-1.,0.,1.3010426069826E-16));
#6395=DIRECTION('',(0.,1.,0.));
#6396=DIRECTION('',(0.,0.,1.));
#6397=DIRECTION('',(0.,1.,0.));
#6398=DIRECTION('',(0.,0.,1.));
#6399=DIRECTION('',(0.,1.,0.));
#6400=DIRECTION('',(1.,0.,0.));
#6401=DIRECTION('',(0.,0.,-1.));
#6402=DIRECTION('',(0.,0.,-1.));
#6403=DIRECTION('',(0.,1.,0.));
#6404=DIRECTION('',(-1.,0.,0.));
#6405=DIRECTION('',(-1.,0.,-3.13526524953842E-15));
#6406=DIRECTION('',(-3.13526524953842E-15,0.,1.));
#6407=DIRECTION('',(0.,1.,0.));
#6408=DIRECTION('',(-3.13526524953842E-15,0.,1.));
#6409=DIRECTION('',(0.,1.,0.));
#6410=DIRECTION('',(-3.13526524953842E-15,0.,1.));
#6411=DIRECTION('',(-0.5,0.,0.866025403784437));
#6412=DIRECTION('',(0.866025403784437,0.,0.5));
#6413=DIRECTION('',(0.,1.,0.));
#6414=DIRECTION('',(-0.5,0.,0.866025403784437));
#6415=DIRECTION('',(-0.866025403784437,0.,-0.5));
#6416=DIRECTION('',(-0.5,0.,0.866025403784437));
#6417=DIRECTION('',(-0.866025403784437,0.,-0.5));
#6418=DIRECTION('',(0.866025403784437,0.,0.5));
#6419=DIRECTION('',(0.5,0.,0.86602540378444));
#6420=DIRECTION('',(0.86602540378444,0.,-0.5));
#6421=DIRECTION('',(0.,1.,0.));
#6422=DIRECTION('',(0.5,0.,0.86602540378444));
#6423=DIRECTION('',(0.86602540378444,0.,-0.5));
#6424=DIRECTION('',(0.86602540378444,0.,-0.5));
#6425=DIRECTION('',(0.,1.,0.));
#6426=DIRECTION('',(-1.,0.,0.));
#6427=DIRECTION('',(0.,1.,0.));
#6428=DIRECTION('',(0.,0.,1.));
#6429=DIRECTION('',(-0.866025403784439,0.,0.5));
#6430=DIRECTION('',(-0.866025403784437,0.,-0.5));
#6431=DIRECTION('',(3.13526524953841E-15,0.,-1.));
#6432=DIRECTION('',(-0.5,0.,-0.866025403784439));
#6433=DIRECTION('',(-0.866025403784439,0.,0.5));
#6434=DIRECTION('',(-0.5,0.,-0.866025403784439));
#6435=DIRECTION('',(0.866025403784439,0.,-0.5));
#6436=DIRECTION('',(-0.5,0.,-0.866025403784439));
#6437=DIRECTION('',(0.866025403784439,0.,-0.5));
#6438=DIRECTION('',(0.,1.,0.));
#6439=DIRECTION('',(1.,0.,3.13526524953841E-15));
#6440=DIRECTION('',(3.13526524953841E-15,0.,-1.));
#6441=DIRECTION('',(0.,1.,0.));
#6442=DIRECTION('',(-3.13526524953841E-15,0.,1.));
#6443=DIRECTION('',(0.5,0.,-0.866025403784437));
#6444=DIRECTION('',(-0.866025403784437,0.,-0.5));
#6445=DIRECTION('',(0.5,0.,-0.866025403784437));
#6446=DIRECTION('',(-0.866025403784437,0.,-0.5));
#6447=DIRECTION('',(-0.5,0.,0.866025403784439));
#6448=DIRECTION('',(0.866025403784439,0.,0.5));
#6449=DIRECTION('',(-0.5,0.,0.866025403784439));
#6450=DIRECTION('',(-0.866025403784439,0.,-0.5));
#6451=DIRECTION('',(0.,1.,0.));
#6452=DIRECTION('',(0.866025403784439,0.,0.5));
#6453=DIRECTION('',(0.,1.,0.));
#6454=DIRECTION('',(-1.,0.,-1.04508841651281E-15));
#6455=DIRECTION('',(-1.04508841651281E-15,0.,1.));
#6456=DIRECTION('',(-1.04508841651281E-15,0.,1.));
#6457=DIRECTION('',(0.,1.,0.));
#6458=DIRECTION('',(-1.04508841651281E-15,0.,1.));
#6459=DIRECTION('',(0.5,0.,0.866025403784439));
#6460=DIRECTION('',(0.866025403784439,0.,-0.5));
#6461=DIRECTION('',(0.5,0.,0.866025403784439));
#6462=DIRECTION('',(0.866025403784439,0.,-0.5));
#6463=DIRECTION('',(0.5,0.,0.866025403784439));
#6464=DIRECTION('',(0.866025403784439,0.,-0.5));
#6465=DIRECTION('',(0.866025403784439,0.,-0.5));
#6466=DIRECTION('',(0.,1.,0.));
#6467=DIRECTION('',(0.,1.,0.));
#6468=DIRECTION('',(-1.,0.,0.));
#6469=DIRECTION('',(0.,1.,0.));
#6470=DIRECTION('',(0.,0.,1.));
#6471=DIRECTION('',(-0.866025403784439,0.,0.5));
#6472=DIRECTION('',(-0.866025403784439,0.,-0.5));
#6473=DIRECTION('',(0.,0.,-1.));
#6474=DIRECTION('',(-0.5,0.,-0.866025403784439));
#6475=DIRECTION('',(-0.866025403784439,0.,0.5));
#6476=DIRECTION('',(-0.5,0.,-0.866025403784439));
#6477=DIRECTION('',(0.866025403784439,0.,-0.5));
#6478=DIRECTION('',(0.,1.,0.));
#6479=DIRECTION('',(0.5,0.,-0.866025403784439));
#6480=DIRECTION('',(-0.866025403784439,0.,-0.5));
#6481=DIRECTION('',(0.5,0.,-0.866025403784439));
#6482=DIRECTION('',(-0.866025403784439,0.,-0.5));
#6483=DIRECTION('',(0.5,0.,-0.866025403784439));
#6484=DIRECTION('',(-0.866025403784439,0.,-0.5));
#6485=DIRECTION('',(0.,1.,0.));
#6486=DIRECTION('',(1.,0.,0.));
#6487=DIRECTION('',(0.,0.,-1.));
#6488=DIRECTION('',(0.,0.,1.));
#6489=DIRECTION('',(0.,-1.,0.));
#6490=DIRECTION('',(0.,0.,-1.));
#6491=DIRECTION('',(0.,1.,0.));
#6492=DIRECTION('',(0.,0.,1.));
#6493=DIRECTION('',(0.,1.,0.));
#6494=DIRECTION('',(0.,0.,1.));
#6495=DIRECTION('',(0.,-1.,0.));
#6496=DIRECTION('',(0.,0.,-1.));
#6497=DIRECTION('',(0.,1.,0.));
#6498=DIRECTION('',(0.,0.,1.));
#6499=DIRECTION('',(0.,1.,0.));
#6500=DIRECTION('',(0.,0.,1.));
#6501=DIRECTION('',(-1.,2.60208521396521E-16,0.));
#6502=DIRECTION('',(-2.60208521396521E-16,-1.,0.));
#6503=DIRECTION('',(1.,0.,0.));
#6504=DIRECTION('',(0.,0.,-1.));
#6505=DIRECTION('',(1.,-2.60208521396521E-16,0.));
#6506=DIRECTION('',(2.60208521396521E-16,1.,0.));
#6507=DIRECTION('',(1.,-2.60208521396521E-16,0.));
#6508=DIRECTION('',(2.60208521396521E-16,1.,0.));
#6509=DIRECTION('',(1.,0.,0.));
#6510=DIRECTION('',(0.,0.,-1.));
#6511=DIRECTION('',(1.,-2.60208521396521E-16,0.));
#6512=DIRECTION('',(2.60208521396521E-16,1.,0.));
#6513=DIRECTION('',(0.,-1.,0.));
#6514=DIRECTION('',(0.,0.,-1.));
#6515=DIRECTION('',(0.,-1.,0.));
#6516=DIRECTION('',(0.,1.,0.));
#6517=DIRECTION('',(0.,0.,1.));
#6518=DIRECTION('',(0.,-1.,0.));
#6519=DIRECTION('',(0.,1.,0.));
#6520=DIRECTION('',(0.,0.,1.));
#6521=DIRECTION('',(-8.67361737988404E-17,0.,1.));
#6522=DIRECTION('',(1.,0.,8.67361737988404E-17));
#6523=DIRECTION('',(-1.,0.,-8.67361737988404E-17));
#6524=DIRECTION('',(0.,-1.,0.));
#6525=DIRECTION('',(-1.,0.,-8.67361737988404E-17));
#6526=DIRECTION('',(1.,0.,0.));
#6527=DIRECTION('',(0.,0.,-1.));
#6528=DIRECTION('',(0.,-1.,0.));
#6529=DIRECTION('',(0.,0.,1.));
#6530=DIRECTION('',(0.,0.,1.));
#6531=DIRECTION('',(0.,-1.,0.));
#6532=DIRECTION('',(0.,0.,-1.));
#6533=DIRECTION('',(0.,1.,0.));
#6534=DIRECTION('',(0.,0.,1.));
#6535=DIRECTION('',(0.,-1.,0.));
#6536=DIRECTION('',(0.,1.,0.));
#6537=DIRECTION('',(0.,0.,1.));
#6538=DIRECTION('',(1.,0.,0.));
#6539=DIRECTION('',(0.,0.,-1.));
#6540=DIRECTION('',(0.,0.,1.));
#6541=DIRECTION('',(0.,-1.,0.));
#6542=DIRECTION('',(0.,0.,1.));
#6543=DIRECTION('',(0.,-1.,0.));
#6544=DIRECTION('',(0.,0.,-1.));
#6545=DIRECTION('',(0.,-0.881479970028782,0.472221412515419));
#6546=DIRECTION('',(0.,-0.472221412515419,-0.881479970028782));
#6547=DIRECTION('',(0.,-1.,0.));
#6548=DIRECTION('',(0.,1.,0.));
#6549=DIRECTION('',(0.,0.,1.));
#6550=DIRECTION('',(0.,1.,0.));
#6551=DIRECTION('',(0.,0.,1.));
#6552=DIRECTION('',(0.,0.,1.));
#6553=DIRECTION('',(1.,0.,0.));
#6554=DIRECTION('',(1.,0.,0.));
#6555=DIRECTION('',(0.,-1.,0.));
#6556=DIRECTION('',(-1.,0.,0.));
#6557=DIRECTION('',(0.,-1.,0.));
#6558=DIRECTION('',(0.,0.,-1.));
#6559=DIRECTION('',(0.,1.,0.));
#6560=DIRECTION('',(0.,0.,1.));
#6561=DIRECTION('',(0.,1.,0.));
#6562=DIRECTION('',(0.,0.,1.));
#6563=DIRECTION('',(0.,-0.881479970028782,0.472221412515419));
#6564=DIRECTION('',(0.,-0.472221412515419,-0.881479970028782));
#6565=DIRECTION('',(0.,0.,-1.));
#6566=DIRECTION('',(-1.,0.,0.));
#6567=DIRECTION('',(0.,0.,1.));
#6568=DIRECTION('',(1.,0.,0.));
#6569=DIRECTION('',(0.,0.,1.));
#6570=DIRECTION('',(1.,0.,0.));
#6571=DIRECTION('',(0.,0.,1.));
#6572=DIRECTION('',(1.,0.,0.));
#6573=DIRECTION('',(0.,-0.707106781186548,0.707106781186548));
#6574=DIRECTION('',(0.,0.707106781186548,0.707106781186548));
#6575=DIRECTION('',(0.,0.,1.));
#6576=DIRECTION('',(1.,0.,0.));
#6577=DIRECTION('',(0.,0.,1.));
#6578=DIRECTION('',(1.,0.,0.));
#6579=DIRECTION('',(-0.707106781186548,0.,0.707106781186548));
#6580=DIRECTION('',(0.707106781186548,0.,0.707106781186548));
#6581=DIRECTION('',(0.,0.,-1.));
#6582=DIRECTION('',(-1.,0.,0.));
#6583=DIRECTION('',(0.,0.,1.));
#6584=DIRECTION('',(1.,0.,0.));
#6585=DIRECTION('',(0.,0.,1.));
#6586=DIRECTION('',(1.,0.,0.));
#6587=DIRECTION('',(0.,0.,1.));
#6588=DIRECTION('',(1.,0.,0.));
#6589=DIRECTION('',(0.,0.,-1.));
#6590=DIRECTION('',(-1.,0.,0.));
#6591=DIRECTION('',(0.,0.,1.));
#6592=DIRECTION('',(1.,0.,0.));
#6593=DIRECTION('',(-0.707106781186548,0.,0.707106781186548));
#6594=DIRECTION('',(-0.707106781186548,0.,-0.707106781186548));
#6595=DIRECTION('',(0.,0.,-1.));
#6596=DIRECTION('',(-1.,0.,0.));
#6597=DIRECTION('',(0.,0.,1.));
#6598=DIRECTION('',(1.,0.,0.));
#6599=DIRECTION('',(0.,-0.707106781186548,-0.707106781186548));
#6600=DIRECTION('',(0.,0.707106781186548,-0.707106781186548));
#6601=DIRECTION('',(0.,0.,1.));
#6602=DIRECTION('',(1.,0.,0.));
#6603=DIRECTION('',(0.,0.,1.));
#6604=DIRECTION('',(1.,0.,0.));
#6605=DIRECTION('',(0.,0.,1.));
#6606=DIRECTION('',(1.,0.,0.));
#6607=DIRECTION('',(0.,0.,1.));
#6608=DIRECTION('',(1.,0.,0.));
#6609=DIRECTION('',(-0.707106781186548,0.,-0.707106781186548));
#6610=DIRECTION('',(-0.707106781186548,0.,0.707106781186548));
#6611=DIRECTION('',(0.,0.,-1.));
#6612=DIRECTION('',(-1.,0.,0.));
#6613=DIRECTION('',(0.,0.,1.));
#6614=DIRECTION('',(1.,0.,0.));
#6615=DIRECTION('',(-0.707106781186548,0.,-0.707106781186548));
#6616=DIRECTION('',(0.707106781186548,0.,-0.707106781186548));
#6617=DIRECTION('',(0.,0.,1.));
#6618=DIRECTION('',(1.,0.,0.));
#6619=DIRECTION('',(0.,0.,1.));
#6620=DIRECTION('',(1.,0.,0.));
#6621=DIRECTION('',(0.,0.,-1.));
#6622=DIRECTION('',(-1.,0.,0.));
#6623=DIRECTION('',(0.,0.,1.));
#6624=DIRECTION('',(1.,0.,0.));
#6625=DIRECTION('',(0.,-0.707106781186548,0.707106781186548));
#6626=DIRECTION('',(0.,-0.707106781186548,-0.707106781186548));
#6627=DIRECTION('',(0.,0.,-1.));
#6628=DIRECTION('',(-1.,0.,0.));
#6629=DIRECTION('',(0.,0.,1.));
#6630=DIRECTION('',(1.,0.,0.));
#6631=DIRECTION('',(0.,0.,1.));
#6632=DIRECTION('',(1.,0.,0.));
#6633=DIRECTION('',(0.,0.,1.));
#6634=DIRECTION('',(1.,0.,0.));
#6635=DIRECTION('',(0.,-0.707106781186548,-0.707106781186548));
#6636=DIRECTION('',(0.,-0.707106781186548,0.707106781186548));
#6637=DIRECTION('',(0.,0.,-1.));
#6638=DIRECTION('',(-1.,0.,0.));
#6639=DIRECTION('',(0.,0.,1.));
#6640=DIRECTION('',(1.,0.,0.));
#6641=DIRECTION('',(0.,0.,1.));
#6642=DIRECTION('',(1.,0.,0.));
#6643=DIRECTION('',(0.,0.,1.));
#6644=DIRECTION('',(1.,0.,0.));
#6645=DIRECTION('',(-1.,0.,0.));
#6646=DIRECTION('',(0.,0.,1.));
#6647=DIRECTION('',(-1.,0.,0.));
#6648=DIRECTION('',(0.,0.,1.));
#6649=DIRECTION('',(-0.574193796928531,0.,0.818719416875401));
#6650=DIRECTION('',(0.818719416875401,0.,0.574193796928531));
#6651=DIRECTION('',(0.235412734073414,-0.435504661685475,-0.868859329400508));
#6652=DIRECTION('',(0.,0.893984320134958,-0.448098242970039));
#6653=DIRECTION('',(-0.0422033612459891,-0.99910904124602,-2.20328173290795E-14));
#6654=DIRECTION('',(0.99910904124602,-0.0422033612459891,0.));
#6655=DIRECTION('',(0.,0.,1.));
#6656=DIRECTION('',(1.,0.,0.));
#6657=DIRECTION('',(-0.99910904124602,-0.0422033612459891,7.17657246783335E-15));
#6658=DIRECTION('',(0.0422033612459891,-0.99910904124602,0.));
#6659=DIRECTION('',(-0.435504661685479,0.235412734073409,0.868859329400507));
#6660=DIRECTION('',(0.893984320134957,0.,0.448098242970042));
#6661=DIRECTION('',(0.,-0.574193796928531,-0.818719416875401));
#6662=DIRECTION('',(0.,0.818719416875401,-0.574193796928531));
#6663=DIRECTION('',(0.,-1.,0.));
#6664=DIRECTION('',(0.,0.,-1.));
#6665=DIRECTION('',(0.,1.,0.));
#6666=DIRECTION('',(0.,0.,1.));
#6667=DIRECTION('',(0.,-1.,-1.55158384577955E-14));
#6668=DIRECTION('',(0.,1.55158384577955E-14,-1.));
#6669=DIRECTION('',(0.,0.,1.));
#6670=DIRECTION('',(1.,0.,0.));
#6671=DIRECTION('',(1.,0.,-6.2063353831182E-14));
#6672=DIRECTION('',(-6.2063353831182E-14,0.,-1.));
#6673=DIRECTION('',(-1.,0.,0.));
#6674=DIRECTION('',(0.,0.,1.));
#6675=DIRECTION('',(1.,0.,0.));
#6676=DIRECTION('',(0.,0.,-1.));
#6677=DIRECTION('',(0.574193796928531,0.,0.818719416875401));
#6678=DIRECTION('',(0.818719416875401,0.,-0.574193796928531));
#6679=DIRECTION('',(-0.235412734073411,0.435504661685476,-0.868859329400508));
#6680=DIRECTION('',(0.,0.893984320134958,0.44809824297004));
#6681=DIRECTION('',(0.0422033612459891,0.99910904124602,-6.5255019759062E-15));
#6682=DIRECTION('',(-0.99910904124602,0.0422033612459891,0.));
#6683=DIRECTION('',(0.,0.,1.));
#6684=DIRECTION('',(1.,0.,0.));
#6685=DIRECTION('',(0.99910904124602,0.0422033612459891,6.5255019759062E-15));
#6686=DIRECTION('',(-0.0422033612459891,0.99910904124602,0.));
#6687=DIRECTION('',(0.435504661685479,-0.235412734073409,0.868859329400507));
#6688=DIRECTION('',(0.893984320134957,0.,-0.448098242970042));
#6689=DIRECTION('',(0.,0.574193796928535,-0.818719416875398));
#6690=DIRECTION('',(0.,0.818719416875398,0.574193796928535));
#6691=DIRECTION('',(0.,1.,0.));
#6692=DIRECTION('',(0.,0.,1.));
#6693=DIRECTION('',(0.,1.,0.));
#6694=DIRECTION('',(0.,0.,1.));
#6695=DIRECTION('',(0.,1.,0.));
#6696=DIRECTION('',(0.,0.,1.));
#6697=DIRECTION('',(0.,1.,0.));
#6698=DIRECTION('',(0.,0.,1.));
#6699=DIRECTION('',(0.,1.,0.));
#6700=DIRECTION('',(0.,0.,1.));
#6701=DIRECTION('',(0.,0.,1.));
#6702=DIRECTION('',(1.,0.,0.));
#6703=DIRECTION('',(-1.,0.,0.));
#6704=DIRECTION('',(0.,0.,1.));
#6705=DIRECTION('',(-1.,0.,0.));
#6706=DIRECTION('',(0.,0.,1.));
#6707=DIRECTION('',(0.,1.,0.));
#6708=DIRECTION('',(0.,0.,1.));
#6709=DIRECTION('',(0.,-1.,0.));
#6710=DIRECTION('',(0.,0.,-1.));
#6711=DIRECTION('',(0.,0.,1.));
#6712=DIRECTION('',(1.,0.,0.));
#6713=DIRECTION('',(1.,0.,0.));
#6714=DIRECTION('',(0.,0.,-1.));
#6715=DIRECTION('',(1.,0.,0.));
#6716=DIRECTION('',(0.,0.,-1.));
#6717=DIRECTION('',(0.,0.,1.));
#6718=DIRECTION('',(1.,0.,0.));
#6719=DIRECTION('',(0.999109041246019,0.042203361245992,0.));
#6720=DIRECTION('',(-0.042203361245992,0.99910904124602,0.));
#6721=DIRECTION('',(0.,0.,1.));
#6722=DIRECTION('',(1.,0.,0.));
#6723=DIRECTION('',(-0.0422033612459811,-0.99910904124602,6.9327116356406E-15));
#6724=DIRECTION('',(0.99910904124602,-0.0422033612459811,0.));
#6725=DIRECTION('',(0.,0.,1.));
#6726=DIRECTION('',(1.,0.,0.));
#6727=DIRECTION('',(0.,-1.,0.));
#6728=DIRECTION('',(0.,0.,-1.));
#6729=DIRECTION('',(0.,1.,0.));
#6730=DIRECTION('',(0.,0.,1.));
#6731=DIRECTION('',(0.,-1.,0.));
#6732=DIRECTION('',(0.,0.,-1.));
#6733=DIRECTION('',(-1.,0.,0.));
#6734=DIRECTION('',(0.,0.,1.));
#6735=DIRECTION('',(1.,0.,0.));
#6736=DIRECTION('',(0.,0.,-1.));
#6737=DIRECTION('',(-1.,0.,0.));
#6738=DIRECTION('',(0.,0.,1.));
#6739=DIRECTION('',(0.,0.,1.));
#6740=DIRECTION('',(1.,0.,0.));
#6741=DIRECTION('',(1.,0.,0.));
#6742=DIRECTION('',(0.,0.,-1.));
#6743=DIRECTION('',(-1.,0.,0.));
#6744=DIRECTION('',(0.,0.,1.));
#6745=DIRECTION('',(1.,0.,0.));
#6746=DIRECTION('',(0.,0.,-1.));
#6747=DIRECTION('',(-1.,0.,0.));
#6748=DIRECTION('',(0.,0.,1.));
#6749=DIRECTION('',(1.,-3.46944695195364E-15,-6.93889390390727E-15));
#6750=DIRECTION('',(-6.93889390390727E-15,0.,-1.));
#6751=DIRECTION('',(0.,0.,1.));
#6752=DIRECTION('',(1.,0.,0.));
#6753=DIRECTION('',(0.0422033612460001,0.999109041246019,0.));
#6754=DIRECTION('',(-0.999109041246019,0.0422033612460001,0.));
#6755=DIRECTION('',(0.,0.,1.));
#6756=DIRECTION('',(1.,0.,0.));
#6757=DIRECTION('',(0.999109041246019,0.0422033612459923,0.));
#6758=DIRECTION('',(-0.0422033612459923,0.99910904124602,0.));
#6759=DIRECTION('',(0.,0.,1.));
#6760=DIRECTION('',(1.,0.,0.));
#6761=DIRECTION('',(7.75791922889775E-15,1.,0.));
#6762=DIRECTION('',(-1.,7.75791922889775E-15,0.));
#6763=DIRECTION('',(0.,1.,0.));
#6764=DIRECTION('',(0.,0.,1.));
#6765=DIRECTION('',(0.,1.,0.));
#6766=DIRECTION('',(0.,0.,1.));
#6767=DIRECTION('',(0.,-1.,0.));
#6768=DIRECTION('',(0.,0.,-1.));
#6769=DIRECTION('',(0.,1.,0.));
#6770=DIRECTION('',(0.,0.,1.));
#6771=DIRECTION('',(0.,0.,-1.));
#6772=DIRECTION('',(-1.,0.,0.));
#6773=DIRECTION('',(0.,0.,-1.));
#6774=DIRECTION('',(-1.,0.,0.));
#6775=DIRECTION('',(0.,1.,0.));
#6776=DIRECTION('',(0.,0.,1.));
#6777=DIRECTION('',(0.,1.,0.));
#6778=DIRECTION('',(0.,0.,1.));
#6779=DIRECTION('',(0.,0.,-1.));
#6780=DIRECTION('',(-1.,0.,0.));
#6781=DIRECTION('',(0.,0.,-1.));
#6782=DIRECTION('',(-1.,0.,0.));
#6783=DIRECTION('',(0.,1.,0.));
#6784=DIRECTION('',(0.,0.,1.));
#6785=DIRECTION('',(0.,1.,0.));
#6786=DIRECTION('',(0.,0.,1.));
#6787=DIRECTION('',(0.,1.,0.));
#6788=DIRECTION('',(0.,0.,1.));
#6789=DIRECTION('',(1.,0.,0.));
#6790=DIRECTION('',(0.,0.,-1.));
#6791=DIRECTION('',(0.,0.,1.));
#6792=DIRECTION('',(1.,0.,0.));
#6793=DIRECTION('',(0.,0.,-1.));
#6794=DIRECTION('',(-1.,0.,0.));
#6795=DIRECTION('',(0.,0.,1.));
#6796=DIRECTION('',(1.,0.,0.));
#6797=DIRECTION('',(1.,0.,-1.3010426069826E-16));
#6798=DIRECTION('',(-1.3010426069826E-16,0.,-1.));
#6799=DIRECTION('',(1.,0.,0.));
#6800=DIRECTION('',(0.,0.,-1.));
#6801=DIRECTION('',(0.,1.,0.));
#6802=DIRECTION('',(0.,0.,1.));
#6803=DIRECTION('',(0.400319484648582,0.,0.916375638158662));
#6804=DIRECTION('',(0.916375638158662,0.,-0.400319484648582));
#6805=DIRECTION('',(0.,1.,0.));
#6806=DIRECTION('',(0.,0.,1.));
#6807=DIRECTION('',(0.996675166252329,0.,0.0814776839134015));
#6808=DIRECTION('',(0.0814776839134015,0.,-0.996675166252329));
#6809=DIRECTION('',(0.,1.,0.));
#6810=DIRECTION('',(0.,0.,1.));
#6811=DIRECTION('',(0.994180128023473,0.,-0.107730557611249));
#6812=DIRECTION('',(-0.107730557611249,0.,-0.994180128023473));
#6813=DIRECTION('',(0.,1.,0.));
#6814=DIRECTION('',(0.,0.,1.));
#6815=DIRECTION('',(0.220529514051035,0.,0.975380301950175));
#6816=DIRECTION('',(0.975380301950175,0.,-0.220529514051035));
#6817=DIRECTION('',(0.,1.,0.));
#6818=DIRECTION('',(0.,0.,1.));
#6819=DIRECTION('',(0.220529514051035,0.,0.975380301950175));
#6820=DIRECTION('',(0.975380301950175,0.,-0.220529514051035));
#6821=DIRECTION('',(0.,1.,0.));
#6822=DIRECTION('',(0.,0.,1.));
#6823=DIRECTION('',(0.994180128023474,0.,-0.107730557611242));
#6824=DIRECTION('',(-0.107730557611242,0.,-0.994180128023474));
#6825=DIRECTION('',(0.,1.,0.));
#6826=DIRECTION('',(0.,0.,1.));
#6827=DIRECTION('',(0.996675166252329,0.,0.0814776839134012));
#6828=DIRECTION('',(0.0814776839134012,0.,-0.996675166252329));
#6829=DIRECTION('',(0.,1.,0.));
#6830=DIRECTION('',(0.,0.,1.));
#6831=DIRECTION('',(0.400319484648576,0.,0.916375638158664));
#6832=DIRECTION('',(0.916375638158664,0.,-0.400319484648576));
#6833=DIRECTION('',(0.,1.,0.));
#6834=DIRECTION('',(0.,0.,1.));
#6835=DIRECTION('',(1.,0.,0.));
#6836=DIRECTION('',(0.,0.,-1.));
#6837=DIRECTION('',(0.,1.,0.));
#6838=DIRECTION('',(0.,0.,1.));
#6839=DIRECTION('',(0.,0.,1.));
#6840=DIRECTION('',(1.,0.,0.));
#6841=DIRECTION('',(-1.,0.,0.));
#6842=DIRECTION('',(0.,0.,1.));
#6843=DIRECTION('',(1.,0.,0.));
#6844=DIRECTION('',(0.,0.,-1.));
#6845=DIRECTION('',(0.,0.,1.));
#6846=DIRECTION('',(1.,0.,0.));
#6847=DIRECTION('',(0.,0.,1.));
#6848=DIRECTION('',(1.,0.,0.));
#6849=DIRECTION('',(0.,1.,0.));
#6850=DIRECTION('',(0.,0.,1.));
#6851=DIRECTION('',(0.,0.,1.));
#6852=DIRECTION('',(1.,0.,0.));
#6853=DIRECTION('',(-1.,0.,0.));
#6854=DIRECTION('',(0.,0.,1.));
#6855=DIRECTION('',(0.,1.,0.));
#6856=DIRECTION('',(0.,0.,1.));
#6857=DIRECTION('',(-2.60208521396521E-16,-1.,0.));
#6858=DIRECTION('',(1.,-2.60208521396521E-16,0.));
#6859=DIRECTION('',(0.,1.,0.));
#6860=DIRECTION('',(0.,0.,1.));
#6861=DIRECTION('',(-1.,0.,0.));
#6862=DIRECTION('',(0.,0.,1.));
#6863=DIRECTION('',(-1.,0.,0.));
#6864=DIRECTION('',(0.,0.,1.));
#6865=DIRECTION('',(0.,0.,1.));
#6866=DIRECTION('',(1.,0.,0.));
#6867=DIRECTION('',(-0.988715504224767,0.149805379427992,0.));
#6868=DIRECTION('',(-0.149805379427992,-0.988715504224767,0.));
#6869=DIRECTION('',(0.,0.,1.));
#6870=DIRECTION('',(1.,0.,0.));
#6871=DIRECTION('',(0.,1.,0.));
#6872=DIRECTION('',(0.,0.,1.));
#6873=DIRECTION('',(0.,0.,1.));
#6874=DIRECTION('',(1.,0.,0.));
#6875=DIRECTION('',(0.988715504224767,0.149805379427991,0.));
#6876=DIRECTION('',(-0.149805379427991,0.988715504224767,0.));
#6877=DIRECTION('',(2.60208521396521E-16,1.,0.));
#6878=DIRECTION('',(-1.,2.60208521396521E-16,0.));
#6879=DIRECTION('',(0.,1.,0.));
#6880=DIRECTION('',(0.,0.,1.));
#6881=DIRECTION('',(0.,0.,1.));
#6882=DIRECTION('',(1.,0.,0.));
#6883=DIRECTION('',(0.,1.,0.));
#6884=DIRECTION('',(0.,0.,1.));
#6885=DIRECTION('',(0.,0.,1.));
#6886=DIRECTION('',(1.,0.,0.));
#6887=DIRECTION('',(0.988715504224766,0.149805379427999,1.03948363408545E-15));
#6888=DIRECTION('',(-0.149805379427999,0.988715504224766,0.));
#6889=DIRECTION('',(1.15648231731786E-15,-1.,0.));
#6890=DIRECTION('',(1.,1.15648231731786E-15,0.));
#6891=DIRECTION('',(0.,1.,0.));
#6892=DIRECTION('',(0.,0.,1.));
#6893=DIRECTION('',(0.,0.,1.));
#6894=DIRECTION('',(1.,0.,0.));
#6895=DIRECTION('',(-0.988715504224767,0.149805379427993,6.86059198496379E-15));
#6896=DIRECTION('',(-0.149805379427993,-0.988715504224767,0.));
#6897=DIRECTION('',(0.,0.,1.));
#6898=DIRECTION('',(1.,0.,0.));
#6899=DIRECTION('',(-1.,6.93889390390722E-15,0.));
#6900=DIRECTION('',(-6.93889390390722E-15,-1.,0.));
#6901=DIRECTION('',(0.,0.,1.));
#6902=DIRECTION('',(1.,0.,0.));
#6903=DIRECTION('',(0.,1.,0.));
#6904=DIRECTION('',(0.,0.,1.));
#6905=DIRECTION('',(1.,0.,0.));
#6906=DIRECTION('',(0.,0.,-1.));
#6907=DIRECTION('',(-1.,-6.93889390390722E-15,0.));
#6908=DIRECTION('',(6.93889390390722E-15,-1.,0.));
#6909=DIRECTION('',(-1.15648231731787E-15,1.,0.));
#6910=DIRECTION('',(-1.,-1.15648231731787E-15,0.));
#6911=DIRECTION('',(0.,1.,1.38777878078144E-14));
#6912=DIRECTION('',(0.,-1.38777878078144E-14,1.));
#6913=DIRECTION('',(0.,0.,1.));
#6914=DIRECTION('',(1.,0.,0.));
#6915=DIRECTION('',(0.,1.,0.));
#6916=DIRECTION('',(0.,0.,1.));
#6917=DIRECTION('',(0.,-1.,0.));
#6918=DIRECTION('',(0.,0.,-1.));
#6919=DIRECTION('',(0.,1.,0.));
#6920=DIRECTION('',(0.,0.,1.));
#6921=DIRECTION('',(0.,0.,1.));
#6922=DIRECTION('',(1.,0.,0.));
#6923=DIRECTION('',(0.879702450167847,-0.475524551594013,0.));
#6924=DIRECTION('',(0.475524551594013,0.879702450167847,0.));
#6925=DIRECTION('',(0.,0.,1.));
#6926=DIRECTION('',(1.,0.,0.));
#6927=DIRECTION('',(1.,0.,0.));
#6928=DIRECTION('',(0.,0.,-1.));
#6929=DIRECTION('',(0.,0.,1.));
#6930=DIRECTION('',(1.,0.,0.));
#6931=DIRECTION('',(-0.475524551594019,0.879702450167844,0.));
#6932=DIRECTION('',(-0.879702450167844,-0.475524551594019,0.));
#6933=DIRECTION('',(-1.,0.,0.));
#6934=DIRECTION('',(0.,0.,1.));
#6935=DIRECTION('',(1.,0.,0.));
#6936=DIRECTION('',(0.,0.,-1.));
#6937=DIRECTION('',(0.,0.,1.));
#6938=DIRECTION('',(1.,0.,0.));
#6939=DIRECTION('',(1.,0.,0.));
#6940=DIRECTION('',(0.,0.,-1.));
#6941=DIRECTION('',(0.,0.,1.));
#6942=DIRECTION('',(1.,0.,0.));
#6943=DIRECTION('',(-0.475524551594016,0.879702450167845,0.));
#6944=DIRECTION('',(-0.879702450167845,-0.475524551594016,0.));
#6945=DIRECTION('',(1.,0.,0.));
#6946=DIRECTION('',(0.,0.,-1.));
#6947=DIRECTION('',(1.,0.,0.));
#6948=DIRECTION('',(0.,0.,-1.));
#6949=DIRECTION('',(0.,0.,1.));
#6950=DIRECTION('',(1.,0.,0.));
#6951=DIRECTION('',(0.879702450167844,-0.475524551594019,0.));
#6952=DIRECTION('',(0.475524551594019,0.879702450167844,0.));
#6953=DIRECTION('',(0.,0.,1.));
#6954=DIRECTION('',(1.,0.,0.));
#6955=DIRECTION('',(0.,-1.,0.));
#6956=DIRECTION('',(0.,0.,-1.));
#6957=DIRECTION('',(0.,0.,1.));
#6958=DIRECTION('',(1.,0.,0.));
#6959=DIRECTION('',(0.,1.,0.));
#6960=DIRECTION('',(0.,0.,1.));
#6961=DIRECTION('',(0.,-1.,0.));
#6962=DIRECTION('',(0.,0.,-1.));
#6963=DIRECTION('',(0.,0.,1.));
#6964=DIRECTION('',(1.,0.,0.));
#6965=DIRECTION('',(0.,-1.,0.));
#6966=DIRECTION('',(0.,0.,-1.));
#6967=DIRECTION('',(-1.,6.93889390390722E-15,-6.93889390390722E-15));
#6968=DIRECTION('',(-6.93889390390722E-15,0.,1.));
#6969=DIRECTION('',(-1.,0.,0.));
#6970=DIRECTION('',(0.,0.,1.));
#6971=DIRECTION('',(-1.,0.,-6.93889390390723E-15));
#6972=DIRECTION('',(-6.93889390390723E-15,0.,1.));
#6973=DIRECTION('',(-1.15648231731786E-15,1.,0.));
#6974=DIRECTION('',(-1.,-1.15648231731786E-15,0.));
#6975=DIRECTION('',(0.,-1.,0.));
#6976=DIRECTION('',(0.,0.,-1.));
#6977=DIRECTION('',(0.,0.,1.));
#6978=DIRECTION('',(1.,0.,0.));
#6979=DIRECTION('',(-1.38777878078144E-14,-1.,-1.38777878078144E-14));
#6980=DIRECTION('',(0.,1.38777878078144E-14,-1.));
#6981=DIRECTION('',(0.,0.,1.));
#6982=DIRECTION('',(1.,0.,0.));
#6983=DIRECTION('',(-0.988715504224766,-0.149805379428,0.));
#6984=DIRECTION('',(0.149805379428,-0.988715504224766,0.));
#6985=DIRECTION('',(1.15648231731787E-15,-1.,0.));
#6986=DIRECTION('',(1.,1.15648231731787E-15,0.));
#6987=DIRECTION('',(0.,-1.,0.));
#6988=DIRECTION('',(0.,0.,-1.));
#6989=DIRECTION('',(0.,0.,1.));
#6990=DIRECTION('',(1.,0.,0.));
#6991=DIRECTION('',(0.988715504224766,-0.149805379427999,0.));
#6992=DIRECTION('',(0.149805379427999,0.988715504224766,0.));
#6993=DIRECTION('',(0.,0.,1.));
#6994=DIRECTION('',(1.,0.,0.));
#6995=DIRECTION('',(0.988715504224766,-0.149805379428,-6.86059198496378E-15));
#6996=DIRECTION('',(0.149805379428,0.988715504224766,0.));
#6997=DIRECTION('',(0.,0.,1.));
#6998=DIRECTION('',(1.,0.,0.));
#6999=DIRECTION('',(0.,-1.,0.));
#7000=DIRECTION('',(0.,0.,-1.));
#7001=DIRECTION('',(0.,0.,1.));
#7002=DIRECTION('',(1.,0.,0.));
#7003=DIRECTION('',(-0.988715504224767,-0.149805379427992,-6.86059198496379E-15));
#7004=DIRECTION('',(0.149805379427992,-0.988715504224767,0.));
#7005=DIRECTION('',(2.60208521396521E-16,1.,0.));
#7006=DIRECTION('',(-1.,2.60208521396521E-16,0.));
#7007=DIRECTION('',(0.,-1.,0.));
#7008=DIRECTION('',(0.,0.,-1.));
#7009=DIRECTION('',(0.,0.,1.));
#7010=DIRECTION('',(1.,0.,0.));
#7011=DIRECTION('',(0.,-1.,0.));
#7012=DIRECTION('',(0.,0.,-1.));
#7013=DIRECTION('',(0.,0.,1.));
#7014=DIRECTION('',(1.,0.,0.));
#7015=DIRECTION('',(-1.,0.,0.));
#7016=DIRECTION('',(0.,0.,1.));
#7017=DIRECTION('',(-2.60208521396521E-16,-1.,0.));
#7018=DIRECTION('',(1.,-2.60208521396521E-16,0.));
#7019=DIRECTION('',(0.,-1.,0.));
#7020=DIRECTION('',(0.,0.,-1.));
#7021=DIRECTION('',(1.,0.,0.));
#7022=DIRECTION('',(0.,0.,-1.));
#7023=DIRECTION('',(-1.,0.,0.));
#7024=DIRECTION('',(0.,0.,1.));
#7025=DIRECTION('',(0.,0.,1.));
#7026=DIRECTION('',(1.,0.,0.));
#7027=DIRECTION('',(1.,0.,0.));
#7028=DIRECTION('',(0.,0.,-1.));
#7029=DIRECTION('',(-0.971769005508289,-0.105513032307323,-0.211026064614647));
#7030=DIRECTION('',(-0.212210641349236,0.,0.977223947566854));
#7031=DIRECTION('',(-0.917595468166681,0.,-0.397515479950113));
#7032=DIRECTION('',(-0.397515479950113,0.,0.917595468166681));
#7033=DIRECTION('',(-1.,0.,0.));
#7034=DIRECTION('',(0.,0.,1.));
#7035=DIRECTION('',(1.,0.,0.));
#7036=DIRECTION('',(0.,0.,-1.));
#7037=DIRECTION('',(0.,1.,0.));
#7038=DIRECTION('',(0.,0.,1.));
#7039=DIRECTION('',(0.,0.,-1.));
#7040=DIRECTION('',(-1.,0.,0.));
#7041=DIRECTION('',(0.971769005508079,-0.105513032307726,-0.211026064615412));
#7042=DIRECTION('',(-0.212210641350014,0.,-0.977223947566685));
#7043=DIRECTION('',(0.,0.,1.));
#7044=DIRECTION('',(1.,0.,0.));
#7045=DIRECTION('',(0.,0.,-1.));
#7046=DIRECTION('',(-1.,0.,0.));
#7047=DIRECTION('',(0.917595468166681,0.,-0.397515479950113));
#7048=DIRECTION('',(-0.397515479950113,0.,-0.917595468166681));
#7049=DIRECTION('',(0.,1.,0.));
#7050=DIRECTION('',(0.,0.,1.));
#7051=DIRECTION('',(1.,0.,0.));
#7052=DIRECTION('',(0.,0.,-1.));
#7053=DIRECTION('',(0.,1.,0.));
#7054=DIRECTION('',(0.,0.,1.));
#7055=DIRECTION('',(0.,0.,-1.));
#7056=DIRECTION('',(-1.,0.,0.));
#7057=DIRECTION('',(-1.,0.,-8.67361737988404E-17));
#7058=DIRECTION('',(-8.67361737988404E-17,0.,1.));
#7059=DIRECTION('',(1.,0.,0.));
#7060=DIRECTION('',(0.,0.,-1.));
#7061=DIRECTION('',(0.,0.,-1.));
#7062=DIRECTION('',(-1.,0.,0.));
#7063=DIRECTION('',(0.,0.,-1.));
#7064=DIRECTION('',(-1.,0.,0.));
#7065=DIRECTION('',(0.,1.,0.));
#7066=DIRECTION('',(0.,0.,1.));
#7067=DIRECTION('',(0.,1.,0.));
#7068=DIRECTION('',(0.,0.,1.));
#7069=DIRECTION('',(1.,0.,0.));
#7070=DIRECTION('',(0.,0.,-1.));
#7071=DIRECTION('',(0.,0.,-1.));
#7072=DIRECTION('',(-1.,0.,0.));
#7073=DIRECTION('',(0.,0.,-1.));
#7074=DIRECTION('',(-1.,0.,0.));
#7075=DIRECTION('',(0.,0.,-1.));
#7076=DIRECTION('',(-1.,0.,0.));
#7077=DIRECTION('',(-1.,0.,0.));
#7078=DIRECTION('',(0.,0.,1.));
#7079=DIRECTION('',(1.,0.,0.));
#7080=DIRECTION('',(0.,0.,-1.));
#7081=DIRECTION('',(0.,1.,0.));
#7082=DIRECTION('',(0.,0.,1.));
#7083=DIRECTION('',(1.,0.,0.));
#7084=DIRECTION('',(0.,0.,-1.));
#7085=DIRECTION('',(0.,1.,0.));
#7086=DIRECTION('',(0.,0.,1.));
#7087=DIRECTION('',(0.,0.,-1.));
#7088=DIRECTION('',(-1.,0.,0.));
#7089=DIRECTION('',(1.,0.,8.67361737988404E-17));
#7090=DIRECTION('',(8.67361737988404E-17,0.,-1.));
#7091=DIRECTION('',(1.,0.,0.));
#7092=DIRECTION('',(0.,0.,-1.));
#7093=DIRECTION('',(0.,0.,1.));
#7094=DIRECTION('',(1.,0.,0.));
#7095=DIRECTION('',(0.,0.,-1.));
#7096=DIRECTION('',(-1.,0.,0.));
#7097=DIRECTION('',(0.,1.,0.));
#7098=DIRECTION('',(0.,0.,1.));
#7099=DIRECTION('',(1.,0.,0.));
#7100=DIRECTION('',(0.,0.,-1.));
#7101=DIRECTION('',(1.,-2.60208521396521E-16,0.));
#7102=DIRECTION('',(2.60208521396521E-16,1.,0.));
#7103=DIRECTION('',(1.,0.,0.));
#7104=DIRECTION('',(0.,0.,-1.));
#7105=DIRECTION('',(1.,-2.60208521396521E-16,0.));
#7106=DIRECTION('',(2.60208521396521E-16,1.,0.));
#7107=DIRECTION('',(0.,0.,1.));
#7108=DIRECTION('',(1.,0.,0.));
#7109=DIRECTION('',(0.,0.,1.));
#7110=DIRECTION('',(1.,0.,0.));
#7111=DIRECTION('',(0.,0.,1.));
#7112=DIRECTION('',(1.,0.,0.));
#7113=DIRECTION('',(0.,0.,1.));
#7114=DIRECTION('',(1.,0.,0.));
#7115=DIRECTION('',(1.,0.,0.));
#7116=DIRECTION('',(0.,0.,-1.));
#7117=DIRECTION('',(1.,0.,0.));
#7118=DIRECTION('',(0.,0.,-1.));
#7119=DIRECTION('',(-1.,0.,0.));
#7120=DIRECTION('',(0.,0.,1.));
#7121=DIRECTION('',(0.,0.,1.));
#7122=DIRECTION('',(1.,0.,0.));
#7123=DIRECTION('',(0.,-1.,0.));
#7124=DIRECTION('',(0.,0.,-1.));
#7125=DIRECTION('',(0.,0.,1.));
#7126=DIRECTION('',(1.,0.,0.));
#7127=DIRECTION('',(0.,-1.,0.));
#7128=DIRECTION('',(0.,0.,-1.));
#7129=DIRECTION('',(0.,-1.,0.));
#7130=DIRECTION('',(0.,0.,-1.));
#7131=DIRECTION('',(0.,-1.,0.));
#7132=DIRECTION('',(0.,0.,-1.));
#7133=DIRECTION('',(0.,1.,0.));
#7134=DIRECTION('',(0.,0.,1.));
#7135=DIRECTION('',(0.,-1.,0.));
#7136=DIRECTION('',(0.,0.,-1.));
#7137=DIRECTION('',(0.,0.,1.));
#7138=DIRECTION('',(1.,0.,0.));
#7139=DIRECTION('',(1.,0.,0.));
#7140=DIRECTION('',(0.,0.,-1.));
#7141=DIRECTION('',(0.,0.,1.));
#7142=DIRECTION('',(1.,0.,0.));
#7143=DIRECTION('',(-1.,0.,0.));
#7144=DIRECTION('',(0.,0.,1.));
#7145=DIRECTION('',(-1.,0.,0.));
#7146=DIRECTION('',(0.,0.,1.));
#7147=DIRECTION('',(0.,1.,0.));
#7148=DIRECTION('',(0.,0.,1.));
#7149=DIRECTION('',(0.,-1.,0.));
#7150=DIRECTION('',(0.,0.,-1.));
#7151=DIRECTION('',(0.,1.,0.));
#7152=DIRECTION('',(0.,0.,1.));
#7153=DIRECTION('',(0.,0.,1.));
#7154=DIRECTION('',(1.,0.,0.));
#7155=DIRECTION('',(1.,0.,0.));
#7156=DIRECTION('',(0.,0.,-1.));
#7157=DIRECTION('',(0.,0.,1.));
#7158=DIRECTION('',(1.,0.,0.));
#7159=DIRECTION('',(1.,0.,0.));
#7160=DIRECTION('',(0.,0.,-1.));
#7161=DIRECTION('',(-1.,0.,0.));
#7162=DIRECTION('',(0.,0.,1.));
#7163=DIRECTION('',(1.,0.,0.));
#7164=DIRECTION('',(0.,0.,-1.));
#7165=DIRECTION('',(1.,0.,0.));
#7166=DIRECTION('',(0.,0.,-1.));
#7167=DIRECTION('',(1.,0.,0.));
#7168=DIRECTION('',(0.,0.,-1.));
#7169=DIRECTION('',(0.,0.,1.));
#7170=DIRECTION('',(1.,0.,0.));
#7171=DIRECTION('',(0.,-1.,0.));
#7172=DIRECTION('',(0.,0.,-1.));
#7173=DIRECTION('',(0.,0.,1.));
#7174=DIRECTION('',(1.,0.,0.));
#7175=DIRECTION('',(0.,1.,0.));
#7176=DIRECTION('',(0.,0.,1.));
#7177=DIRECTION('',(0.,-1.,0.));
#7178=DIRECTION('',(0.,0.,-1.));
#7179=DIRECTION('',(0.,-1.,0.));
#7180=DIRECTION('',(0.,0.,-1.));
#7181=DIRECTION('',(0.,-1.,0.));
#7182=DIRECTION('',(0.,0.,-1.));
#7183=DIRECTION('',(0.,1.,0.));
#7184=DIRECTION('',(0.,0.,1.));
#7185=DIRECTION('',(0.,0.,1.));
#7186=DIRECTION('',(1.,0.,0.));
#7187=DIRECTION('',(-1.,0.,0.));
#7188=DIRECTION('',(0.,0.,1.));
#7189=DIRECTION('',(0.,0.,1.));
#7190=DIRECTION('',(1.,0.,0.));
#7191=DIRECTION('',(-1.,0.,0.));
#7192=DIRECTION('',(0.,0.,1.));
#7193=DIRECTION('',(-1.,0.,0.));
#7194=DIRECTION('',(0.,0.,1.));
#7195=DIRECTION('',(-1.,0.,0.));
#7196=DIRECTION('',(0.,0.,1.));
#7197=DIRECTION('',(1.,0.,0.));
#7198=DIRECTION('',(0.,0.,-1.));
#7199=DIRECTION('',(-1.,0.,0.));
#7200=DIRECTION('',(0.,0.,1.));
#7201=DIRECTION('',(0.,0.,1.));
#7202=DIRECTION('',(1.,0.,0.));
#7203=DIRECTION('',(0.,-1.,0.));
#7204=DIRECTION('',(0.,0.,-1.));
#7205=DIRECTION('',(0.,0.,1.));
#7206=DIRECTION('',(1.,0.,0.));
#7207=DIRECTION('',(0.,1.,0.));
#7208=DIRECTION('',(0.,0.,1.));
#7209=DIRECTION('',(0.,1.,0.));
#7210=DIRECTION('',(0.,0.,1.));
#7211=DIRECTION('',(-1.,0.,0.));
#7212=DIRECTION('',(0.,0.,1.));
#7213=DIRECTION('',(1.,0.,0.));
#7214=DIRECTION('',(0.,0.,-1.));
#7215=DIRECTION('',(-1.,0.,0.));
#7216=DIRECTION('',(0.,0.,1.));
#7217=DIRECTION('',(0.,0.,1.));
#7218=DIRECTION('',(1.,0.,0.));
#7219=DIRECTION('',(0.,1.,0.));
#7220=DIRECTION('',(0.,0.,1.));
#7221=DIRECTION('',(0.,0.,1.));
#7222=DIRECTION('',(1.,0.,0.));
#7223=DIRECTION('',(0.,1.,0.));
#7224=DIRECTION('',(0.,0.,1.));
#7225=DIRECTION('',(0.,-1.,0.));
#7226=DIRECTION('',(0.,0.,-1.));
#7227=DIRECTION('',(0.,1.,0.));
#7228=DIRECTION('',(0.,0.,1.));
#7229=DIRECTION('',(0.,1.,0.));
#7230=DIRECTION('',(0.,0.,1.));
#7231=DIRECTION('',(0.,1.,0.));
#7232=DIRECTION('',(0.,0.,1.));
#7233=DIRECTION('',(0.,0.,1.));
#7234=DIRECTION('',(1.,0.,0.));
#7235=DIRECTION('',(1.,0.,0.));
#7236=DIRECTION('',(0.,0.,-1.));
#7237=DIRECTION('',(0.,0.,1.));
#7238=DIRECTION('',(1.,0.,0.));
#7239=DIRECTION('',(-1.,0.,0.));
#7240=DIRECTION('',(0.,0.,1.));
#7241=DIRECTION('',(1.,0.,0.));
#7242=DIRECTION('',(0.,0.,-1.));
#7243=CARTESIAN_POINT('',(0.,0.,0.));
#7244=CARTESIAN_POINT('',(-0.000133962441574285,-0.0265,0.0448819660112501));
#7245=CARTESIAN_POINT('',(0.0166820470299998,-0.027,0.0448819660112501));
#7246=CARTESIAN_POINT('',(0.0129813660996258,-0.027,0.0448819660112501));
#7247=CARTESIAN_POINT('',(0.0166820470299998,-0.027,0.0448819660112501));
#7248=CARTESIAN_POINT('',(0.0129813660996258,-0.027,0.0448819660112501));
#7249=CARTESIAN_POINT('',(0.0125217437239222,-0.027,0.0449815235045095));
#7250=CARTESIAN_POINT('',(0.012057543650707,-0.0269725103777017,0.0450549792445966));
#7251=CARTESIAN_POINT('',(0.0115915798101254,-0.0269472135955,0.0451055728090001));
#7252=CARTESIAN_POINT('',(0.0115915798101254,-0.0269472135955,0.0451055728090001));
#7253=CARTESIAN_POINT('',(0.01,-0.0269472135955,0.0451055728090001));
#7254=CARTESIAN_POINT('',(0.0166820470299998,-0.0269472135955,0.0451055728090001));
#7255=CARTESIAN_POINT('',(0.0166820470299998,-0.0265,0.0448819660112501));
#7256=CARTESIAN_POINT('',(-0.000133962441574285,-0.027,0.05));
#7257=CARTESIAN_POINT('',(0.0197320751168515,-0.027,0.05));
#7258=CARTESIAN_POINT('',(0.0197320751168515,-0.027,0.0423256417231965));
#7259=CARTESIAN_POINT('',(0.0197320751168515,-0.027,0.0005));
#7260=CARTESIAN_POINT('',(-0.02,-0.027,0.0005));
#7261=CARTESIAN_POINT('',(-0.02,-0.027,0.0005));
#7262=CARTESIAN_POINT('',(-0.02,-0.027,0.05));
#7263=CARTESIAN_POINT('',(-0.02,-0.027,0.0448819660112501));
#7264=CARTESIAN_POINT('',(-0.015640028089227,-0.027,0.0448819660112501));
#7265=CARTESIAN_POINT('',(-0.0129813660996258,-0.027,0.0448819660112501));
#7266=CARTESIAN_POINT('',(-0.01,-0.027,0.038));
#7267=CARTESIAN_POINT('',(-0.0175,-0.027,0.038));
#7268=CARTESIAN_POINT('',(-0.0175,-0.027,0.05));
#7269=CARTESIAN_POINT('',(-0.0175,-0.027,0.012));
#7270=CARTESIAN_POINT('',(-0.01,-0.027,0.012));
#7271=CARTESIAN_POINT('',(-0.01,-0.027,0.0045));
#7272=CARTESIAN_POINT('',(-0.000133962441574281,-0.027,0.0045));
#7273=CARTESIAN_POINT('',(0.01,-0.027,0.0045));
#7274=CARTESIAN_POINT('',(0.01,-0.027,0.012));
#7275=CARTESIAN_POINT('',(0.0175,-0.027,0.012));
#7276=CARTESIAN_POINT('',(0.0175,-0.027,0.038));
#7277=CARTESIAN_POINT('',(0.0175,-0.027,0.038));
#7278=CARTESIAN_POINT('',(0.01,-0.027,0.038));
#7279=CARTESIAN_POINT('',(0.0166820470299998,-0.027,0.0448819660112501));
#7280=CARTESIAN_POINT('',(0.0170316814580843,-0.027,0.0448819660112501));
#7281=CARTESIAN_POINT('',(0.0176981623323006,-0.027,0.0446209790022259));
#7282=CARTESIAN_POINT('',(0.0187217191577656,-0.027,0.0437034442071634));
#7283=CARTESIAN_POINT('',(0.0193389626988215,-0.027,0.0428861646187373));
#7284=CARTESIAN_POINT('',(0.0197320751168515,-0.027,0.0423256417231965));
#7285=CARTESIAN_POINT('',(0.,-0.03,0.05));
#7286=CARTESIAN_POINT('',(0.0175,-0.03,0.05));
#7287=CARTESIAN_POINT('',(0.0175,-0.03,0.038));
#7288=CARTESIAN_POINT('',(0.0175,-0.03,0.012));
#7289=CARTESIAN_POINT('',(0.01,-0.03,0.012));
#7290=CARTESIAN_POINT('',(0.01,-0.03,0.0045));
#7291=CARTESIAN_POINT('',(-0.01,-0.03,0.0045));
#7292=CARTESIAN_POINT('',(-0.01,-0.03,0.0045));
#7293=CARTESIAN_POINT('',(-0.01,-0.03,0.012));
#7294=CARTESIAN_POINT('',(-0.0175,-0.03,0.012));
#7295=CARTESIAN_POINT('',(-0.0175,-0.03,0.038));
#7296=CARTESIAN_POINT('',(-0.0175,-0.03,0.038));
#7297=CARTESIAN_POINT('',(-0.01,-0.03,0.038));
#7298=CARTESIAN_POINT('',(-0.01,-0.03,0.0455));
#7299=CARTESIAN_POINT('',(0.,-0.03,0.0455));
#7300=CARTESIAN_POINT('',(0.01,-0.03,0.0455));
#7301=CARTESIAN_POINT('',(0.01,-0.03,0.038));
#7302=CARTESIAN_POINT('',(0.02,-0.03,0.05));
#7303=CARTESIAN_POINT('',(0.02,-0.03,0.0495));
#7304=CARTESIAN_POINT('',(0.02,-0.03,0.0005));
#7305=CARTESIAN_POINT('',(-0.02,-0.03,0.0495));
#7306=CARTESIAN_POINT('',(-0.02,-0.03,0.0495));
#7307=CARTESIAN_POINT('',(-0.02,-0.03,0.05));
#7308=CARTESIAN_POINT('',(-0.02,-0.03,0.0005));
#7309=CARTESIAN_POINT('',(0.,-0.03,0.0005));
#7310=CARTESIAN_POINT('',(0.02,0.053,0.05));
#7311=CARTESIAN_POINT('',(0.02,0.053,0.00398963702891816));
#7312=CARTESIAN_POINT('',(0.0252631578947369,0.0444971081992613,0.00110288568297002));
#7313=CARTESIAN_POINT('',(0.0217105263157895,0.0431473810728826,0.00305144284148503));
#7314=CARTESIAN_POINT('',(0.0217105263157895,0.0431473810728826,0.05));
#7315=CARTESIAN_POINT('',(0.0217105263157895,0.0431473810728826,0.00694855715851496));
#7316=CARTESIAN_POINT('',(0.02,0.053,0.00601036297108184));
#7317=CARTESIAN_POINT('',(0.0252631578947369,0.0444971081992613,0.00889711431702997));
#7318=CARTESIAN_POINT('',(0.02,0.053,0.0117838656629781));
#7319=CARTESIAN_POINT('',(0.0288157894736842,0.0482796339171968,0.00694855715851499));
#7320=CARTESIAN_POINT('',(0.0288157894736842,0.0482796339171968,0.05));
#7321=CARTESIAN_POINT('',(0.0288157894736842,0.0482796339171968,0.00305144284148501));
#7322=CARTESIAN_POINT('',(0.02,0.053,-0.00178386566297812));
#7323=CARTESIAN_POINT('',(0.03,0.053,0.05));
#7324=CARTESIAN_POINT('',(0.03,0.053,0.0495));
#7325=CARTESIAN_POINT('',(0.03,0.053,0.0005));
#7326=CARTESIAN_POINT('',(0.02,0.053,0.0495));
#7327=CARTESIAN_POINT('',(0.0214980537942799,0.0431128449577524,0.0495));
#7328=CARTESIAN_POINT('',(0.0214980537942799,0.0431128449577524,0.05));
#7329=CARTESIAN_POINT('',(0.0214980537942799,0.0431128449577524,0.0005));
#7330=CARTESIAN_POINT('',(0.02,0.053,0.0005));
#7331=CARTESIAN_POINT('',(-0.02,0.053,0.05));
#7332=CARTESIAN_POINT('',(-0.02,0.053,0.0460103629710819));
#7333=CARTESIAN_POINT('',(-0.0252631578947369,0.0444971081992613,0.04889711431703));
#7334=CARTESIAN_POINT('',(-0.0217105263157895,0.0431473810728826,0.046948557158515));
#7335=CARTESIAN_POINT('',(-0.0217105263157895,0.0431473810728826,0.05));
#7336=CARTESIAN_POINT('',(-0.0217105263157895,0.0431473810728826,0.0430514428414851));
#7337=CARTESIAN_POINT('',(-0.02,0.053,0.0439896370289182));
#7338=CARTESIAN_POINT('',(-0.0252631578947369,0.0444971081992613,0.04110288568297));
#7339=CARTESIAN_POINT('',(-0.02,0.053,0.0382161343370219));
#7340=CARTESIAN_POINT('',(-0.0288157894736842,0.0482796339171968,0.0430514428414851));
#7341=CARTESIAN_POINT('',(-0.0288157894736842,0.0482796339171968,0.05));
#7342=CARTESIAN_POINT('',(-0.0288157894736842,0.0482796339171968,0.046948557158515));
#7343=CARTESIAN_POINT('',(-0.02,0.053,0.0517838656629781));
#7344=CARTESIAN_POINT('',(-0.0214980537942799,0.0431128449577524,0.05));
#7345=CARTESIAN_POINT('',(-0.0214980537942799,0.0431128449577524,0.0495));
#7346=CARTESIAN_POINT('',(-0.0214980537942799,0.0431128449577524,0.0005));
#7347=CARTESIAN_POINT('',(-0.02,0.053,0.0495));
#7348=CARTESIAN_POINT('',(-0.03,0.053,0.0495));
#7349=CARTESIAN_POINT('',(-0.03,0.053,0.05));
#7350=CARTESIAN_POINT('',(-0.03,0.053,0.0005));
#7351=CARTESIAN_POINT('',(-0.02,0.053,0.0005));
#7352=CARTESIAN_POINT('',(6.93889390390723E-18,0.053,0.025));
#7353=CARTESIAN_POINT('',(0.,0.053,0.045));
#7354=CARTESIAN_POINT('',(-0.00442107284702402,0.053,0.045));
#7355=CARTESIAN_POINT('',(-0.02,0.053,0.045));
#7356=CARTESIAN_POINT('',(-0.00442107284702402,0.053,0.045));
#7357=CARTESIAN_POINT('',(-0.00555965017968044,0.053,0.0447482963860419));
#7358=CARTESIAN_POINT('',(-0.00775668314158986,0.0530000000000001,0.0440617882966022));
#7359=CARTESIAN_POINT('',(-0.0108564965142985,0.0529999999999999,0.042484913375289));
#7360=CARTESIAN_POINT('',(-0.0136473747925366,0.053,0.0404046866033627));
#7361=CARTESIAN_POINT('',(-0.0168435583454755,0.053,0.0370518977317762));
#7362=CARTESIAN_POINT('',(-0.0196935860186927,0.0530000000000001,0.0319315375164855));
#7363=CARTESIAN_POINT('',(-0.0208771636800368,0.0529999999999999,0.0250023044601861));
#7364=CARTESIAN_POINT('',(-0.0196947916328009,0.053,0.0180726952027859));
#7365=CARTESIAN_POINT('',(-0.0162776604179913,0.053,0.0119278687316348));
#7366=CARTESIAN_POINT('',(-0.0118966087303268,0.053,0.00804462292858173));
#7367=CARTESIAN_POINT('',(-0.00775695680839811,0.053,0.00593809801019703));
#7368=CARTESIAN_POINT('',(-0.00555965023725124,0.053,0.00525170362668526));
#7369=CARTESIAN_POINT('',(-0.00442107284702403,0.053,0.005));
#7370=CARTESIAN_POINT('',(-0.00442107284702403,0.053,0.005));
#7371=CARTESIAN_POINT('',(0.,0.053,0.005));
#7372=CARTESIAN_POINT('',(-0.02,0.053,0.005));
#7373=CARTESIAN_POINT('',(-0.02,0.053,0.012));
#7374=CARTESIAN_POINT('',(-0.027,0.053,0.012));
#7375=CARTESIAN_POINT('',(-0.027,0.053,0.025));
#7376=CARTESIAN_POINT('',(-0.027,0.053,0.038));
#7377=CARTESIAN_POINT('',(-0.02,0.053,0.038));
#7378=CARTESIAN_POINT('',(-0.0264146294671107,0.053,0.04080223639254));
#7379=CARTESIAN_POINT('',(-0.025498253828952,0.053,0.0404019169078915));
#7380=CARTESIAN_POINT('',(-0.0253905232713408,0.053,0.0413960970359149));
#7381=CARTESIAN_POINT('',(-0.025,0.053,0.045));
#7382=CARTESIAN_POINT('',(-0.0214642464054306,0.053,0.044200580511565));
#7383=CARTESIAN_POINT('',(-0.0204888661034804,0.053,0.043980050997514));
#7384=CARTESIAN_POINT('',(-0.0205703437873938,0.053,0.0449767261637663));
#7385=CARTESIAN_POINT('',(-0.02,0.053,0.0379999999999957));
#7386=CARTESIAN_POINT('',(6.93889390390723E-18,0.0135,0.053));
#7387=CARTESIAN_POINT('',(-0.016,-0.026,0.053));
#7388=CARTESIAN_POINT('',(-0.0165,-0.026,0.053));
#7389=CARTESIAN_POINT('',(-0.016,-0.0265,0.053));
#7390=CARTESIAN_POINT('',(0.016,-0.0265,0.053));
#7391=CARTESIAN_POINT('',(0.016,-0.0265,0.053));
#7392=CARTESIAN_POINT('',(0.016,-0.026,0.053));
#7393=CARTESIAN_POINT('',(0.0165,-0.026,0.053));
#7394=CARTESIAN_POINT('',(0.0165,-0.0255,0.053));
#7395=CARTESIAN_POINT('',(0.0165,-0.0255,0.053));
#7396=CARTESIAN_POINT('',(0.016,-0.0255,0.053));
#7397=CARTESIAN_POINT('',(0.016,-0.025,0.053));
#7398=CARTESIAN_POINT('',(6.93889390390723E-18,-0.025,0.053));
#7399=CARTESIAN_POINT('',(-0.016,-0.025,0.053));
#7400=CARTESIAN_POINT('',(-0.016,-0.0255,0.053));
#7401=CARTESIAN_POINT('',(-0.0165,-0.0255,0.053));
#7402=CARTESIAN_POINT('',(-0.0165,0.0135,0.053));
#7403=CARTESIAN_POINT('',(6.93889390390723E-18,0.0135,0.053));
#7404=CARTESIAN_POINT('',(-0.026,0.016,0.053));
#7405=CARTESIAN_POINT('',(-0.026,0.0165,0.053));
#7406=CARTESIAN_POINT('',(-0.0265,0.016,0.053));
#7407=CARTESIAN_POINT('',(-0.0265,-0.016,0.053));
#7408=CARTESIAN_POINT('',(-0.0265,-0.016,0.053));
#7409=CARTESIAN_POINT('',(-0.026,-0.016,0.053));
#7410=CARTESIAN_POINT('',(-0.026,-0.0165,0.053));
#7411=CARTESIAN_POINT('',(6.93889390390723E-18,-0.0165,0.053));
#7412=CARTESIAN_POINT('',(-0.0255,-0.0165,0.053));
#7413=CARTESIAN_POINT('',(-0.0255,-0.016,0.053));
#7414=CARTESIAN_POINT('',(-0.025,-0.016,0.053));
#7415=CARTESIAN_POINT('',(-0.025,0.0135,0.053));
#7416=CARTESIAN_POINT('',(-0.025,0.016,0.053));
#7417=CARTESIAN_POINT('',(-0.0255,0.016,0.053));
#7418=CARTESIAN_POINT('',(-0.0255,0.0165,0.053));
#7419=CARTESIAN_POINT('',(-0.026,0.0165,0.053));
#7420=CARTESIAN_POINT('',(6.93889390390723E-18,0.0135,0.053));
#7421=CARTESIAN_POINT('',(0.026,-0.016,0.053));
#7422=CARTESIAN_POINT('',(0.026,-0.0165,0.053));
#7423=CARTESIAN_POINT('',(0.0265,-0.016,0.053));
#7424=CARTESIAN_POINT('',(0.0265,0.0135,0.053));
#7425=CARTESIAN_POINT('',(0.0265,0.016,0.053));
#7426=CARTESIAN_POINT('',(0.026,0.016,0.053));
#7427=CARTESIAN_POINT('',(0.026,0.0165,0.053));
#7428=CARTESIAN_POINT('',(0.0255,0.0165,0.053));
#7429=CARTESIAN_POINT('',(0.0255,0.0165,0.053));
#7430=CARTESIAN_POINT('',(0.0255,0.016,0.053));
#7431=CARTESIAN_POINT('',(0.025,0.016,0.053));
#7432=CARTESIAN_POINT('',(0.025,-0.016,0.053));
#7433=CARTESIAN_POINT('',(0.025,-0.016,0.053));
#7434=CARTESIAN_POINT('',(0.0255,-0.016,0.053));
#7435=CARTESIAN_POINT('',(0.0255,-0.0165,0.053));
#7436=CARTESIAN_POINT('',(6.93889390390723E-18,-0.0165,0.053));
#7437=CARTESIAN_POINT('',(6.93889390390723E-18,0.0135,0.053));
#7438=CARTESIAN_POINT('',(0.016,0.026,0.053));
#7439=CARTESIAN_POINT('',(0.0165,0.026,0.053));
#7440=CARTESIAN_POINT('',(0.016,0.0265,0.053));
#7441=CARTESIAN_POINT('',(6.93889390390723E-18,0.0265,0.053));
#7442=CARTESIAN_POINT('',(-0.016,0.0265,0.053));
#7443=CARTESIAN_POINT('',(-0.016,0.026,0.053));
#7444=CARTESIAN_POINT('',(-0.0165,0.026,0.053));
#7445=CARTESIAN_POINT('',(-0.0165,0.0135,0.053));
#7446=CARTESIAN_POINT('',(-0.0165,0.0255,0.053));
#7447=CARTESIAN_POINT('',(-0.016,0.0255,0.053));
#7448=CARTESIAN_POINT('',(-0.016,0.025,0.053));
#7449=CARTESIAN_POINT('',(0.016,0.025,0.053));
#7450=CARTESIAN_POINT('',(0.016,0.025,0.053));
#7451=CARTESIAN_POINT('',(0.016,0.0255,0.053));
#7452=CARTESIAN_POINT('',(0.0165,0.0255,0.053));
#7453=CARTESIAN_POINT('',(0.0165,0.026,0.053));
#7454=CARTESIAN_POINT('',(0.0245,0.0016589764850001,0.053));
#7455=CARTESIAN_POINT('',(0.0245,-0.016,0.053));
#7456=CARTESIAN_POINT('',(0.0245,-0.016,0.0501180339887499));
#7457=CARTESIAN_POINT('',(0.0245,-0.016,0.0525));
#7458=CARTESIAN_POINT('',(0.0245,0.016,0.0525));
#7459=CARTESIAN_POINT('',(0.0245,0.016,0.0525));
#7460=CARTESIAN_POINT('',(0.0245,0.016,0.053));
#7461=CARTESIAN_POINT('',(0.0245,0.016,0.0501180339887499));
#7462=CARTESIAN_POINT('',(0.0245,-0.0160000026672334,0.0501180339887499));
#7463=CARTESIAN_POINT('',(-0.0016589764850001,-0.0245,0.053));
#7464=CARTESIAN_POINT('',(-0.016,-0.0245,0.053));
#7465=CARTESIAN_POINT('',(-0.016,-0.0245,0.0501180339887499));
#7466=CARTESIAN_POINT('',(-0.016,-0.0245,0.0525));
#7467=CARTESIAN_POINT('',(-0.0016589764850001,-0.0245,0.0525));
#7468=CARTESIAN_POINT('',(0.016,-0.0245,0.0525));
#7469=CARTESIAN_POINT('',(0.016,-0.0245,0.05));
#7470=CARTESIAN_POINT('',(0.016,-0.0245,0.0501180339887499));
#7471=CARTESIAN_POINT('',(-0.0016589764850001,-0.0245,0.0501180339887499));
#7472=CARTESIAN_POINT('',(-0.027,-0.000133962441574303,0.053));
#7473=CARTESIAN_POINT('',(-0.027,-0.016,0.053));
#7474=CARTESIAN_POINT('',(-0.027,-0.016,0.05));
#7475=CARTESIAN_POINT('',(-0.027,-0.016,0.0525));
#7476=CARTESIAN_POINT('',(-0.027,0.016,0.0525));
#7477=CARTESIAN_POINT('',(-0.027,0.016,0.0525));
#7478=CARTESIAN_POINT('',(-0.027,0.016,0.053));
#7479=CARTESIAN_POINT('',(-0.027,0.016,0.05));
#7480=CARTESIAN_POINT('',(-0.027,-0.000133962441574303,0.05));
#7481=CARTESIAN_POINT('',(-0.000133962441574285,-0.027,0.053));
#7482=CARTESIAN_POINT('',(0.016,-0.027,0.053));
#7483=CARTESIAN_POINT('',(0.016,-0.027,0.05));
#7484=CARTESIAN_POINT('',(0.016,-0.027,0.0525));
#7485=CARTESIAN_POINT('',(-0.016,-0.027,0.0525));
#7486=CARTESIAN_POINT('',(-0.016,-0.027,0.0525));
#7487=CARTESIAN_POINT('',(-0.016,-0.027,0.05));
#7488=CARTESIAN_POINT('',(-0.016,-0.027,0.05));
#7489=CARTESIAN_POINT('',(-0.000133962441574285,-0.027,0.05));
#7490=CARTESIAN_POINT('',(0.027,0.00013396244157431,0.053));
#7491=CARTESIAN_POINT('',(0.027,0.016,0.053));
#7492=CARTESIAN_POINT('',(0.027,0.016,0.05));
#7493=CARTESIAN_POINT('',(0.027,0.016,0.0525));
#7494=CARTESIAN_POINT('',(0.027,0.00013396244157431,0.0525));
#7495=CARTESIAN_POINT('',(0.027,-0.016,0.0525));
#7496=CARTESIAN_POINT('',(0.027,-0.016,0.053));
#7497=CARTESIAN_POINT('',(0.027,-0.016,0.05));
#7498=CARTESIAN_POINT('',(0.027,0.00013396244157431,0.05));
#7499=CARTESIAN_POINT('',(0.000133962441574292,0.027,0.053));
#7500=CARTESIAN_POINT('',(-0.016,0.027,0.053));
#7501=CARTESIAN_POINT('',(-0.016,0.027,0.05));
#7502=CARTESIAN_POINT('',(-0.016,0.027,0.0525));
#7503=CARTESIAN_POINT('',(0.000133962441574292,0.027,0.0525));
#7504=CARTESIAN_POINT('',(0.016,0.027,0.0525));
#7505=CARTESIAN_POINT('',(0.016,0.027,0.05));
#7506=CARTESIAN_POINT('',(0.016,0.027,0.05));
#7507=CARTESIAN_POINT('',(0.000133962441574292,0.027,0.05));
#7508=CARTESIAN_POINT('',(-0.026,0.0197320751168514,0.05));
#7509=CARTESIAN_POINT('',(-0.027,0.0197320751168514,0.05));
#7510=CARTESIAN_POINT('',(-0.027,0.0197320751168514,0.0423256417231967));
#7511=CARTESIAN_POINT('',(-0.027,0.0197320751168514,0.0005));
#7512=CARTESIAN_POINT('',(-0.026,0.0197320751168514,0.0005));
#7513=CARTESIAN_POINT('',(-0.025524475448406,0.0206117775670192,0.0005));
#7514=CARTESIAN_POINT('',(-0.025524475448406,0.0206117775670192,0.05));
#7515=CARTESIAN_POINT('',(-0.025524475448406,0.0206117775670192,0.0425640390741623));
#7516=CARTESIAN_POINT('',(-0.025524475448406,0.0206117775670192,0.0425640390741623));
#7517=CARTESIAN_POINT('',(-0.0256515721959401,0.0206804799150333,0.0424372560514456));
#7518=CARTESIAN_POINT('',(-0.0259403598631603,0.0207708773243574,0.0422032508455603));
#7519=CARTESIAN_POINT('',(-0.0264932612398798,0.0206689331992251,0.0419615141008432));
#7520=CARTESIAN_POINT('',(-0.0269288830477558,0.0202299109485698,0.0420173119120508));
#7521=CARTESIAN_POINT('',(-0.0270000000000021,0.0198891677758327,0.0422136457291242));
#7522=CARTESIAN_POINT('',(-0.0270000000000023,0.0197320751168524,0.0423256417231977));
#7523=CARTESIAN_POINT('',(-0.0238006989488777,0.0238006989488777,0.05));
#7524=CARTESIAN_POINT('',(-0.0238006989488777,0.0238006989488777,0.0005));
#7525=CARTESIAN_POINT('',(-0.0206117775670192,0.025524475448406,0.0005));
#7526=CARTESIAN_POINT('',(-0.0206117775670192,0.025524475448406,0.05));
#7527=CARTESIAN_POINT('',(-0.0206117775670192,0.025524475448406,0.0425640390741623));
#7528=CARTESIAN_POINT('',(-0.0206117775670192,0.025524475448406,0.0425640390741623));
#7529=CARTESIAN_POINT('',(-0.0205560727467831,0.0254214236360788,0.0427979918683668));
#7530=CARTESIAN_POINT('',(-0.0204514055010472,0.0252050935534539,0.0432609912990759));
#7531=CARTESIAN_POINT('',(-0.0203154519585253,0.024824916764253,0.0439383683001008));
#7532=CARTESIAN_POINT('',(-0.0202073417380933,0.0243769439209852,0.0445613341302451));
#7533=CARTESIAN_POINT('',(-0.0201676595591999,0.0239144932365414,0.0448819660112502));
#7534=CARTESIAN_POINT('',(-0.0201789286743609,0.023647711764361,0.0448819660112501));
#7535=CARTESIAN_POINT('',(-0.0201789286743609,0.023647711764361,0.0448819660112501));
#7536=CARTESIAN_POINT('',(-0.0238006989488777,0.0238006989488777,0.0448819660112501));
#7537=CARTESIAN_POINT('',(-0.023647711764361,0.0201789286743608,0.0448819660112501));
#7538=CARTESIAN_POINT('',(-0.023647711764361,0.0201789286743608,0.0448819660112501));
#7539=CARTESIAN_POINT('',(-0.0239148675520415,0.0201676437477403,0.0448819660112501));
#7540=CARTESIAN_POINT('',(-0.0243755995472225,0.0202071946637096,0.0445623946926236));
#7541=CARTESIAN_POINT('',(-0.024824765016707,0.0203153495257998,0.0439388565879761));
#7542=CARTESIAN_POINT('',(-0.0252048992171935,0.0204513379889138,0.0432613096828001));
#7543=CARTESIAN_POINT('',(-0.0254213796990188,0.0205560489965358,0.0427980916162288));
#7544=CARTESIAN_POINT('',(-0.025524475448406,0.0206117775670193,0.0425640390741624));
#7545=CARTESIAN_POINT('',(-0.0197320751168514,0.026,0.05));
#7546=CARTESIAN_POINT('',(-0.0197320751168514,0.026,0.0005));
#7547=CARTESIAN_POINT('',(-0.0197320751168514,0.027,0.0005));
#7548=CARTESIAN_POINT('',(-0.0197320751168514,0.027,0.05));
#7549=CARTESIAN_POINT('',(-0.0197320751168514,0.027,0.025));
#7550=CARTESIAN_POINT('',(-0.0197320751168514,0.027,0.05));
#7551=CARTESIAN_POINT('',(-0.0197320751168514,0.027,0.0423256417231966));
#7552=CARTESIAN_POINT('',(-0.0197320751168514,0.027,0.0423256417231966));
#7553=CARTESIAN_POINT('',(-0.0198891677758315,0.027,0.0422136457291232));
#7554=CARTESIAN_POINT('',(-0.0202299109485702,0.0269288830477568,0.0420173119120513));
#7555=CARTESIAN_POINT('',(-0.020668933199225,0.0264932612398796,0.041961514100843));
#7556=CARTESIAN_POINT('',(-0.0207708773243574,0.0259403598631604,0.0422032508455603));
#7557=CARTESIAN_POINT('',(-0.0206804799150333,0.0256515721959401,0.0424372560514456));
#7558=CARTESIAN_POINT('',(-0.0206117775670193,0.025524475448406,0.0425640390741624));
#7559=CARTESIAN_POINT('',(0.000133962441574292,0.027,0.05));
#7560=CARTESIAN_POINT('',(0.000133962441574292,0.027,0.0005));
#7561=CARTESIAN_POINT('',(0.02,0.027,0.0005));
#7562=CARTESIAN_POINT('',(0.02,0.027,0.05));
#7563=CARTESIAN_POINT('',(0.02,0.027,0.0448819660112501));
#7564=CARTESIAN_POINT('',(0.000133962441574292,0.027,0.0448819660112501));
#7565=CARTESIAN_POINT('',(-0.0166820470299998,0.027,0.0448819660112501));
#7566=CARTESIAN_POINT('',(-0.0166820470299998,0.027,0.0448819660112501));
#7567=CARTESIAN_POINT('',(-0.017031432997895,0.027,0.0448819660112501));
#7568=CARTESIAN_POINT('',(-0.0176896630746353,0.027,0.0446261016517515));
#7569=CARTESIAN_POINT('',(-0.0187245148703572,0.027,0.0437026782499414));
#7570=CARTESIAN_POINT('',(-0.0193385950173118,0.027,0.0428866888807423));
#7571=CARTESIAN_POINT('',(-0.0197320751168514,0.027,0.0423256417231966));
#7572=CARTESIAN_POINT('',(0.,0.027,0.025));
#7573=CARTESIAN_POINT('',(0.02,0.02,0.05));
#7574=CARTESIAN_POINT('',(0.02,0.02,0.0005));
#7575=CARTESIAN_POINT('',(0.027,0.02,0.0005));
#7576=CARTESIAN_POINT('',(0.027,0.02,0.05));
#7577=CARTESIAN_POINT('',(0.027,0.02,0.0448819660112501));
#7578=CARTESIAN_POINT('',(0.02,0.02,0.0448819660112501));
#7579=CARTESIAN_POINT('',(0.027,0.00013396244157431,0.05));
#7580=CARTESIAN_POINT('',(0.027,-7.15573433840433E-18,0.025));
#7581=CARTESIAN_POINT('',(0.027,-7.15573433840433E-18,0.021675));
#7582=CARTESIAN_POINT('',(0.027,0.00013396244157431,0.0005));
#7583=CARTESIAN_POINT('',(0.027,-0.0197320751168514,0.0005));
#7584=CARTESIAN_POINT('',(0.027,-0.0197320751168514,0.05));
#7585=CARTESIAN_POINT('',(0.027,-0.0197320751168514,0.0423256417231966));
#7586=CARTESIAN_POINT('',(0.027,-0.0197320751168514,0.0423256417231966));
#7587=CARTESIAN_POINT('',(0.027,-0.0193385950173118,0.0428866888807423));
#7588=CARTESIAN_POINT('',(0.027,-0.0187245148703572,0.0437026782499415));
#7589=CARTESIAN_POINT('',(0.027,-0.0176896630746353,0.0446261016517515));
#7590=CARTESIAN_POINT('',(0.027,-0.017031432997895,0.0448819660112501));
#7591=CARTESIAN_POINT('',(0.027,-0.0166820470299998,0.0448819660112501));
#7592=CARTESIAN_POINT('',(0.027,-0.0166820470299998,0.0448819660112501));
#7593=CARTESIAN_POINT('',(0.027,0.00013396244157431,0.0448819660112501));
#7594=CARTESIAN_POINT('',(0.026,-0.0197320751168514,0.05));
#7595=CARTESIAN_POINT('',(0.026,-0.0197320751168514,0.0005));
#7596=CARTESIAN_POINT('',(0.025524475448406,-0.0206117775670192,0.0005));
#7597=CARTESIAN_POINT('',(0.025524475448406,-0.0206117775670192,0.05));
#7598=CARTESIAN_POINT('',(0.025524475448406,-0.0206117775670192,0.0425640390741623));
#7599=CARTESIAN_POINT('',(0.025524475448406,-0.0206117775670193,0.0425640390741624));
#7600=CARTESIAN_POINT('',(0.0256515721959401,-0.0206804799150333,0.0424372560514456));
#7601=CARTESIAN_POINT('',(0.0259403598631603,-0.0207708773243574,0.0422032508455603));
#7602=CARTESIAN_POINT('',(0.0264932612398798,-0.0206689331992251,0.0419615141008432));
#7603=CARTESIAN_POINT('',(0.0269288830477558,-0.0202299109485698,0.0420173119120508));
#7604=CARTESIAN_POINT('',(0.0270000000000021,-0.0198891677758327,0.0422136457291242));
#7605=CARTESIAN_POINT('',(0.0270000000000023,-0.0197320751168524,0.0423256417231977));
#7606=CARTESIAN_POINT('',(0.0238006989488777,-0.0238006989488777,0.05));
#7607=CARTESIAN_POINT('',(0.0238006989488777,-0.0238006989488777,0.0005));
#7608=CARTESIAN_POINT('',(0.0206117775670192,-0.025524475448406,0.0005));
#7609=CARTESIAN_POINT('',(0.0206117775670192,-0.025524475448406,0.05));
#7610=CARTESIAN_POINT('',(0.0206117775670192,-0.025524475448406,0.0425640390741623));
#7611=CARTESIAN_POINT('',(0.0206117775670192,-0.025524475448406,0.0425640390741623));
#7612=CARTESIAN_POINT('',(0.0205560727467831,-0.0254214236360788,0.0427979918683668));
#7613=CARTESIAN_POINT('',(0.0204514055010472,-0.0252050935534539,0.0432609912990758));
#7614=CARTESIAN_POINT('',(0.0203154519585253,-0.024824916764253,0.0439383683001007));
#7615=CARTESIAN_POINT('',(0.0202073417380933,-0.0243769439209852,0.044561334130245));
#7616=CARTESIAN_POINT('',(0.0201676595591999,-0.0239144932365415,0.0448819660112501));
#7617=CARTESIAN_POINT('',(0.0201789286743609,-0.023647711764361,0.0448819660112502));
#7618=CARTESIAN_POINT('',(0.0201789286743608,-0.023647711764361,0.0448819660112501));
#7619=CARTESIAN_POINT('',(0.0238006989488777,-0.0238006989488777,0.0448819660112501));
#7620=CARTESIAN_POINT('',(0.023647711764361,-0.0201789286743608,0.0448819660112501));
#7621=CARTESIAN_POINT('',(0.023647711764361,-0.0201789286743608,0.0448819660112501));
#7622=CARTESIAN_POINT('',(0.0239148675520415,-0.0201676437477403,0.0448819660112501));
#7623=CARTESIAN_POINT('',(0.0243755995472225,-0.0202071946637096,0.0445623946926236));
#7624=CARTESIAN_POINT('',(0.024824765016707,-0.0203153495257998,0.0439388565879761));
#7625=CARTESIAN_POINT('',(0.0252048992171935,-0.0204513379889138,0.0432613096828001));
#7626=CARTESIAN_POINT('',(0.0254213796990188,-0.0205560489965358,0.0427980916162288));
#7627=CARTESIAN_POINT('',(0.025524475448406,-0.0206117775670192,0.0425640390741623));
#7628=CARTESIAN_POINT('',(0.0197320751168515,-0.026,0.05));
#7629=CARTESIAN_POINT('',(0.0197320751168515,-0.026,0.0005));
#7630=CARTESIAN_POINT('',(0.0197320751168515,-0.027,0.0423256417231965));
#7631=CARTESIAN_POINT('',(0.0198891677758315,-0.027,0.0422136457291231));
#7632=CARTESIAN_POINT('',(0.0202299109485703,-0.0269288830477568,0.0420173119120512));
#7633=CARTESIAN_POINT('',(0.0206689331992251,-0.0264932612398796,0.041961514100843));
#7634=CARTESIAN_POINT('',(0.0207708773243574,-0.0259403598631603,0.0422032508455602));
#7635=CARTESIAN_POINT('',(0.0206804799150333,-0.0256515721959401,0.0424372560514456));
#7636=CARTESIAN_POINT('',(0.0206117775670193,-0.025524475448406,0.0425640390741623));
#7637=CARTESIAN_POINT('',(-0.02,-0.02,0.05));
#7638=CARTESIAN_POINT('',(-0.02,-0.02,0.0005));
#7639=CARTESIAN_POINT('',(-0.027,-0.02,0.0005));
#7640=CARTESIAN_POINT('',(-0.027,-0.02,0.05));
#7641=CARTESIAN_POINT('',(-0.027,-0.02,0.0448819660112501));
#7642=CARTESIAN_POINT('',(-0.02,-0.02,0.0448819660112501));
#7643=CARTESIAN_POINT('',(-0.027,-0.000133962441574303,0.05));
#7644=CARTESIAN_POINT('',(-0.027,7.15573433840434E-18,0.025));
#7645=CARTESIAN_POINT('',(-0.027,7.15573433840434E-18,0.022925));
#7646=CARTESIAN_POINT('',(-0.027,0.0197320751168514,0.0005));
#7647=CARTESIAN_POINT('',(-0.027,0.0197320751168514,0.0423256417231967));
#7648=CARTESIAN_POINT('',(-0.027,0.0193396678734599,0.0428851591391035));
#7649=CARTESIAN_POINT('',(-0.027,0.0187277563224563,0.0436957358918926));
#7650=CARTESIAN_POINT('',(-0.027,0.0177043049344872,0.0446174551653592));
#7651=CARTESIAN_POINT('',(-0.027,0.0170336978772733,0.0448819660112501));
#7652=CARTESIAN_POINT('',(-0.027,0.0166820470299998,0.0448819660112501));
#7653=CARTESIAN_POINT('',(-0.027,0.0166820470299998,0.0448819660112501));
#7654=CARTESIAN_POINT('',(-0.027,-0.02,0.0448819660112501));
#7655=CARTESIAN_POINT('',(-0.03,-3.46944695195361E-18,0.05));
#7656=CARTESIAN_POINT('',(-0.03,7.80625564189563E-18,0.025));
#7657=CARTESIAN_POINT('',(-0.03,0.00207500000000001,0.025));
#7658=CARTESIAN_POINT('',(-0.03,-0.02,0.05));
#7659=CARTESIAN_POINT('',(-0.03,-0.02,0.0495));
#7660=CARTESIAN_POINT('',(-0.03,-0.02,0.0005));
#7661=CARTESIAN_POINT('',(-0.03,0.02,0.0495));
#7662=CARTESIAN_POINT('',(-0.03,0.02,0.0495));
#7663=CARTESIAN_POINT('',(-0.03,0.02,0.05));
#7664=CARTESIAN_POINT('',(-0.03,0.02,0.0005));
#7665=CARTESIAN_POINT('',(-0.03,-3.46944695195361E-18,0.0005));
#7666=CARTESIAN_POINT('',(-0.02,-0.02,0.05));
#7667=CARTESIAN_POINT('',(-0.02,-0.02,0.0495));
#7668=CARTESIAN_POINT('',(-0.02,-0.02,0.0005));
#7669=CARTESIAN_POINT('',(0.02,-0.02,0.05));
#7670=CARTESIAN_POINT('',(0.03,-0.02,0.05));
#7671=CARTESIAN_POINT('',(0.03,-0.02,0.0495));
#7672=CARTESIAN_POINT('',(0.03,-0.02,0.0005));
#7673=CARTESIAN_POINT('',(0.02,-0.02,0.0495));
#7674=CARTESIAN_POINT('',(0.02,-0.02,0.0005));
#7675=CARTESIAN_POINT('',(0.03,3.46944695195361E-18,0.05));
#7676=CARTESIAN_POINT('',(0.03,-7.80625564189563E-18,0.025));
#7677=CARTESIAN_POINT('',(0.03,0.00332499999999999,0.025));
#7678=CARTESIAN_POINT('',(0.03,0.02,0.05));
#7679=CARTESIAN_POINT('',(0.03,0.02,0.0495));
#7680=CARTESIAN_POINT('',(0.03,0.02,0.0005));
#7681=CARTESIAN_POINT('',(0.03,3.46944695195361E-18,0.0495));
#7682=CARTESIAN_POINT('',(0.03,0.02,0.0005));
#7683=CARTESIAN_POINT('',(0.02,0.02,0.05));
#7684=CARTESIAN_POINT('',(0.0214980537942799,0.0298871550422477,0.05));
#7685=CARTESIAN_POINT('',(0.0214980537942799,0.0298871550422477,0.0495));
#7686=CARTESIAN_POINT('',(0.0214980537942799,0.0298871550422477,0.0005));
#7687=CARTESIAN_POINT('',(0.02,0.02,0.0495));
#7688=CARTESIAN_POINT('',(0.02,0.02,0.0005));
#7689=CARTESIAN_POINT('',(0.0225,0.0365,0.05));
#7690=CARTESIAN_POINT('',(0.0225,0.0365,0.0495));
#7691=CARTESIAN_POINT('',(0.0225,0.0365,0.0005));
#7692=CARTESIAN_POINT('',(0.03,0.0545,0.05));
#7693=CARTESIAN_POINT('',(0.03,0.056,0.05));
#7694=CARTESIAN_POINT('',(0.03,0.056,0.0495));
#7695=CARTESIAN_POINT('',(0.03,0.056,0.0005));
#7696=CARTESIAN_POINT('',(0.03,0.053,0.0495));
#7697=CARTESIAN_POINT('',(0.03,0.0545,0.0005));
#7698=CARTESIAN_POINT('',(0.029,0.056,0.05));
#7699=CARTESIAN_POINT('',(0.029,0.057,0.05));
#7700=CARTESIAN_POINT('',(0.029,0.057,0.0495));
#7701=CARTESIAN_POINT('',(0.029,0.057,0.0005));
#7702=CARTESIAN_POINT('',(0.029,0.056,0.0495));
#7703=CARTESIAN_POINT('',(0.029,0.056,0.0005));
#7704=CARTESIAN_POINT('',(6.93889390390723E-18,0.057,0.05));
#7705=CARTESIAN_POINT('',(0.025,0.057,0.005));
#7706=CARTESIAN_POINT('',(0.025,0.057,0.007125));
#7707=CARTESIAN_POINT('',(-0.025,0.057,0.045));
#7708=CARTESIAN_POINT('',(-0.025,0.057,0.047125));
#7709=CARTESIAN_POINT('',(0.0275,0.057,0.038));
#7710=CARTESIAN_POINT('',(0.0275,0.057,0.012));
#7711=CARTESIAN_POINT('',(0.0275,0.057,0.038));
#7712=CARTESIAN_POINT('',(0.02,0.057,0.038));
#7713=CARTESIAN_POINT('',(0.02,0.057,0.0455));
#7714=CARTESIAN_POINT('',(6.93889390390723E-18,0.057,0.0455));
#7715=CARTESIAN_POINT('',(-0.02,0.057,0.0455));
#7716=CARTESIAN_POINT('',(-0.02,0.057,0.0379999999999957));
#7717=CARTESIAN_POINT('',(-0.0206110826293506,0.057,0.0454750637468925));
#7718=CARTESIAN_POINT('',(-0.0204888661034804,0.057,0.043980050997514));
#7719=CARTESIAN_POINT('',(-0.0219519365564057,0.057,0.0443108452685905));
#7720=CARTESIAN_POINT('',(-0.025,0.057,0.045));
#7721=CARTESIAN_POINT('',(-0.0253366579925351,0.057,0.0418931870999266));
#7722=CARTESIAN_POINT('',(-0.025498253828952,0.057,0.0404019169078915));
#7723=CARTESIAN_POINT('',(-0.02687281728619,0.057,0.0410023961348643));
#7724=CARTESIAN_POINT('',(-0.02,0.057,0.038));
#7725=CARTESIAN_POINT('',(-0.0275,0.057,0.038));
#7726=CARTESIAN_POINT('',(-0.0275,0.057,0.05));
#7727=CARTESIAN_POINT('',(-0.0275,0.057,0.012));
#7728=CARTESIAN_POINT('',(-0.02,0.057,0.012));
#7729=CARTESIAN_POINT('',(-0.02,0.057,0.0045));
#7730=CARTESIAN_POINT('',(0.02,0.057,0.0045));
#7731=CARTESIAN_POINT('',(0.02,0.057,0.0045));
#7732=CARTESIAN_POINT('',(0.02,0.057,0.0119999999999997));
#7733=CARTESIAN_POINT('',(0.0206110826293506,0.057,0.00452493625310753));
#7734=CARTESIAN_POINT('',(0.0204888661034804,0.057,0.00601994900248601));
#7735=CARTESIAN_POINT('',(0.0219519365564057,0.057,0.00568915473140948));
#7736=CARTESIAN_POINT('',(0.025,0.057,0.005));
#7737=CARTESIAN_POINT('',(0.0253366579925351,0.057,0.00810681290007335));
#7738=CARTESIAN_POINT('',(0.025498253828952,0.057,0.00959808309210856));
#7739=CARTESIAN_POINT('',(0.02687281728619,0.057,0.00899760386513571));
#7740=CARTESIAN_POINT('',(0.02,0.057,0.012));
#7741=CARTESIAN_POINT('',(-0.029,0.057,0.05));
#7742=CARTESIAN_POINT('',(-0.029,0.057,0.0495));
#7743=CARTESIAN_POINT('',(-0.029,0.057,0.0005));
#7744=CARTESIAN_POINT('',(6.93889390390723E-18,0.057,0.0495));
#7745=CARTESIAN_POINT('',(-0.029,0.057,0.0005));
#7746=CARTESIAN_POINT('',(-0.029,0.056,0.05));
#7747=CARTESIAN_POINT('',(-0.03,0.056,0.05));
#7748=CARTESIAN_POINT('',(-0.03,0.056,0.0495));
#7749=CARTESIAN_POINT('',(-0.03,0.056,0.0005));
#7750=CARTESIAN_POINT('',(-0.029,0.056,0.0495));
#7751=CARTESIAN_POINT('',(-0.029,0.056,0.0005));
#7752=CARTESIAN_POINT('',(-0.03,0.0545,0.05));
#7753=CARTESIAN_POINT('',(-0.03,0.0545,0.0495));
#7754=CARTESIAN_POINT('',(-0.03,0.053,0.0005));
#7755=CARTESIAN_POINT('',(-0.0225,0.0365,0.05));
#7756=CARTESIAN_POINT('',(-0.0214980537942799,0.0298871550422477,0.05));
#7757=CARTESIAN_POINT('',(-0.0214980537942799,0.0298871550422477,0.0495));
#7758=CARTESIAN_POINT('',(-0.0214980537942799,0.0298871550422477,0.0005));
#7759=CARTESIAN_POINT('',(-0.0225,0.0365,0.0495));
#7760=CARTESIAN_POINT('',(-0.0225,0.0365,0.0005));
#7761=CARTESIAN_POINT('',(-0.02,0.02,0.05));
#7762=CARTESIAN_POINT('',(-0.02,0.02,0.0495));
#7763=CARTESIAN_POINT('',(-0.02,0.02,0.0005));
#7764=CARTESIAN_POINT('',(0.0238006989488777,-0.0238006989488777,0.05));
#7765=CARTESIAN_POINT('',(0.0238006989488777,-0.0238006989488777,0.0495));
#7766=CARTESIAN_POINT('',(0.0254256989488777,-0.0238006989488777,0.0495));
#7767=CARTESIAN_POINT('',(0.0238006989488777,-0.0238006989488777,0.0005));
#7768=CARTESIAN_POINT('',(0.0254256989488777,-0.0238006989488777,0.0005));
#7769=CARTESIAN_POINT('',(-0.0238006989488777,0.0238006989488777,0.05));
#7770=CARTESIAN_POINT('',(-0.0238006989488777,0.0238006989488777,0.0495));
#7771=CARTESIAN_POINT('',(-0.0221756989488777,0.0238006989488777,0.0495));
#7772=CARTESIAN_POINT('',(-0.0238006989488777,0.0238006989488777,0.0005));
#7773=CARTESIAN_POINT('',(-0.0221756989488777,0.0238006989488777,0.0005));
#7774=CARTESIAN_POINT('',(6.93889390390723E-18,0.0135,0.05));
#7775=CARTESIAN_POINT('',(6.93889390390723E-18,0.0565,0.05));
#7776=CARTESIAN_POINT('',(0.029,0.0565,0.05));
#7777=CARTESIAN_POINT('',(-0.029,0.0565,0.05));
#7778=CARTESIAN_POINT('',(-0.029,0.056,0.05));
#7779=CARTESIAN_POINT('',(-0.0295,0.056,0.05));
#7780=CARTESIAN_POINT('',(-0.0295,0.0135,0.05));
#7781=CARTESIAN_POINT('',(-0.0295,0.053,0.05));
#7782=CARTESIAN_POINT('',(-0.02,0.053,0.05));
#7783=CARTESIAN_POINT('',(-0.0214231511045659,0.0436072027098647,0.05));
#7784=CARTESIAN_POINT('',(-0.0225,0.0365,0.05));
#7785=CARTESIAN_POINT('',(-0.0214231511045659,0.0293927972901353,0.05));
#7786=CARTESIAN_POINT('',(-0.02,0.02,0.05));
#7787=CARTESIAN_POINT('',(-0.0295,0.02,0.05));
#7788=CARTESIAN_POINT('',(-0.0295,-0.02,0.05));
#7789=CARTESIAN_POINT('',(-0.0295,-0.02,0.05));
#7790=CARTESIAN_POINT('',(-0.02,-0.02,0.05));
#7791=CARTESIAN_POINT('',(-0.02,-0.0295,0.05));
#7792=CARTESIAN_POINT('',(0.02,-0.0295,0.05));
#7793=CARTESIAN_POINT('',(0.02,-0.0295,0.05));
#7794=CARTESIAN_POINT('',(0.02,-0.02,0.05));
#7795=CARTESIAN_POINT('',(0.0295,-0.02,0.05));
#7796=CARTESIAN_POINT('',(0.0295,0.0135,0.05));
#7797=CARTESIAN_POINT('',(0.0295,0.02,0.05));
#7798=CARTESIAN_POINT('',(0.02,0.02,0.05));
#7799=CARTESIAN_POINT('',(0.0214231511045659,0.0293927972901353,0.05));
#7800=CARTESIAN_POINT('',(0.0225,0.0365,0.05));
#7801=CARTESIAN_POINT('',(0.0214231511045659,0.0436072027098647,0.05));
#7802=CARTESIAN_POINT('',(0.02,0.053,0.05));
#7803=CARTESIAN_POINT('',(0.0295,0.053,0.05));
#7804=CARTESIAN_POINT('',(0.0295,0.056,0.05));
#7805=CARTESIAN_POINT('',(0.0295,0.056,0.05));
#7806=CARTESIAN_POINT('',(0.029,0.056,0.05));
#7807=CARTESIAN_POINT('',(0.0238006989488777,-0.0238006989488777,0.05));
#7808=CARTESIAN_POINT('',(0.0259256989488777,-0.0238006989488777,0.05));
#7809=CARTESIAN_POINT('',(-0.0238006989488777,0.0238006989488777,0.05));
#7810=CARTESIAN_POINT('',(-0.0216756989488777,0.0238006989488777,0.05));
#7811=CARTESIAN_POINT('',(0.0255,-0.016,0.05));
#7812=CARTESIAN_POINT('',(0.0255,-0.017,0.05));
#7813=CARTESIAN_POINT('',(0.0252848777593175,-0.0169765871295301,0.05));
#7814=CARTESIAN_POINT('',(0.0235,-0.0166820470299998,0.05));
#7815=CARTESIAN_POINT('',(0.0235763465977138,-0.0184894522648475,0.05));
#7816=CARTESIAN_POINT('',(0.0238006989488777,-0.0238006989488777,0.05));
#7817=CARTESIAN_POINT('',(0.0184894522648475,-0.0235763465977138,0.05));
#7818=CARTESIAN_POINT('',(0.0166820470299998,-0.0235,0.05));
#7819=CARTESIAN_POINT('',(0.0169765871295301,-0.0252848777593174,0.05));
#7820=CARTESIAN_POINT('',(0.016,-0.0255,0.05));
#7821=CARTESIAN_POINT('',(0.017,-0.0255,0.05));
#7822=CARTESIAN_POINT('',(0.017,-0.02575,0.05));
#7823=CARTESIAN_POINT('',(0.017,-0.026,0.05));
#7824=CARTESIAN_POINT('',(0.016,-0.026,0.05));
#7825=CARTESIAN_POINT('',(-0.016,-0.026,0.05));
#7826=CARTESIAN_POINT('',(-0.017,-0.026,0.05));
#7827=CARTESIAN_POINT('',(-0.017,-0.02575,0.05));
#7828=CARTESIAN_POINT('',(-0.017,-0.0255,0.05));
#7829=CARTESIAN_POINT('',(-0.016,-0.0255,0.05));
#7830=CARTESIAN_POINT('',(-0.0169815933432753,-0.0253090169943749,0.05));
#7831=CARTESIAN_POINT('',(6.93889390390723E-18,-0.0253090169943749,0.05));
#7832=CARTESIAN_POINT('',(-0.02,-0.0253090169943749,0.05));
#7833=CARTESIAN_POINT('',(-0.02,-0.02,0.05));
#7834=CARTESIAN_POINT('',(-0.0253090169943749,-0.02,0.05));
#7835=CARTESIAN_POINT('',(-0.0253090169943749,0.0135,0.05));
#7836=CARTESIAN_POINT('',(-0.0253090169943749,-0.0169815933432753,0.05));
#7837=CARTESIAN_POINT('',(-0.0255,-0.016,0.05));
#7838=CARTESIAN_POINT('',(-0.0255,-0.017,0.05));
#7839=CARTESIAN_POINT('',(-0.02575,-0.017,0.05));
#7840=CARTESIAN_POINT('',(-0.026,-0.017,0.05));
#7841=CARTESIAN_POINT('',(-0.026,-0.016,0.05));
#7842=CARTESIAN_POINT('',(-0.026,0.016,0.05));
#7843=CARTESIAN_POINT('',(-0.026,0.017,0.05));
#7844=CARTESIAN_POINT('',(-0.02575,0.017,0.05));
#7845=CARTESIAN_POINT('',(-0.0255,0.017,0.05));
#7846=CARTESIAN_POINT('',(-0.0255,0.016,0.05));
#7847=CARTESIAN_POINT('',(-0.0252848777593175,0.0169765871295301,0.05));
#7848=CARTESIAN_POINT('',(-0.0235,0.0166820470299998,0.05));
#7849=CARTESIAN_POINT('',(-0.0235763465977138,0.0184894522648475,0.05));
#7850=CARTESIAN_POINT('',(-0.0238006989488777,0.0238006989488777,0.05));
#7851=CARTESIAN_POINT('',(-0.0184894522648476,0.0235763465977138,0.05));
#7852=CARTESIAN_POINT('',(-0.0166820470299998,0.0235,0.05));
#7853=CARTESIAN_POINT('',(-0.0169765871295301,0.0252848777593174,0.05));
#7854=CARTESIAN_POINT('',(-0.016,0.0255,0.05));
#7855=CARTESIAN_POINT('',(-0.017,0.0255,0.05));
#7856=CARTESIAN_POINT('',(-0.017,0.02575,0.05));
#7857=CARTESIAN_POINT('',(-0.017,0.026,0.05));
#7858=CARTESIAN_POINT('',(-0.016,0.026,0.05));
#7859=CARTESIAN_POINT('',(0.016,0.026,0.05));
#7860=CARTESIAN_POINT('',(0.017,0.026,0.05));
#7861=CARTESIAN_POINT('',(0.017,0.02575,0.05));
#7862=CARTESIAN_POINT('',(0.017,0.0255,0.05));
#7863=CARTESIAN_POINT('',(0.016,0.0255,0.05));
#7864=CARTESIAN_POINT('',(0.0169815933432753,0.0253090169943749,0.05));
#7865=CARTESIAN_POINT('',(6.93889390390723E-18,0.0253090169943749,0.05));
#7866=CARTESIAN_POINT('',(0.02,0.0253090169943749,0.05));
#7867=CARTESIAN_POINT('',(0.02,0.02,0.05));
#7868=CARTESIAN_POINT('',(0.0253090169943749,0.02,0.05));
#7869=CARTESIAN_POINT('',(0.0253090169943749,0.0135,0.05));
#7870=CARTESIAN_POINT('',(0.0253090169943749,0.0169815933432753,0.05));
#7871=CARTESIAN_POINT('',(0.0255,0.016,0.05));
#7872=CARTESIAN_POINT('',(0.0255,0.017,0.05));
#7873=CARTESIAN_POINT('',(0.02575,0.017,0.05));
#7874=CARTESIAN_POINT('',(0.026,0.017,0.05));
#7875=CARTESIAN_POINT('',(0.026,0.016,0.05));
#7876=CARTESIAN_POINT('',(0.026,-0.016,0.05));
#7877=CARTESIAN_POINT('',(0.026,-0.017,0.05));
#7878=CARTESIAN_POINT('',(0.02575,-0.017,0.05));
#7879=CARTESIAN_POINT('',(6.93889390390723E-18,0.0135,0.));
#7880=CARTESIAN_POINT('',(0.026,-0.0197320751168514,0.));
#7881=CARTESIAN_POINT('',(0.025286713172609,-0.0210516287921031,0.));
#7882=CARTESIAN_POINT('',(0.0275,-0.0197320751168514,0.));
#7883=CARTESIAN_POINT('',(0.0275,0.0135,0.));
#7884=CARTESIAN_POINT('',(0.0275,0.02,0.));
#7885=CARTESIAN_POINT('',(0.02,0.02,0.));
#7886=CARTESIAN_POINT('',(0.02,0.0275,0.));
#7887=CARTESIAN_POINT('',(6.93889390390723E-18,0.0275,0.));
#7888=CARTESIAN_POINT('',(-0.0197320751168514,0.0275,0.));
#7889=CARTESIAN_POINT('',(-0.0197320751168514,0.026,0.));
#7890=CARTESIAN_POINT('',(-0.0210516287921032,0.025286713172609,0.));
#7891=CARTESIAN_POINT('',(-0.0238006989488777,0.0238006989488777,0.));
#7892=CARTESIAN_POINT('',(-0.025286713172609,0.0210516287921031,0.));
#7893=CARTESIAN_POINT('',(-0.026,0.0197320751168514,0.));
#7894=CARTESIAN_POINT('',(-0.0275,0.0197320751168514,0.));
#7895=CARTESIAN_POINT('',(-0.0275,-0.02,0.));
#7896=CARTESIAN_POINT('',(-0.0275,-0.02,0.));
#7897=CARTESIAN_POINT('',(-0.02,-0.02,0.));
#7898=CARTESIAN_POINT('',(-0.02,-0.0275,0.));
#7899=CARTESIAN_POINT('',(0.0197320751168515,-0.0275,0.));
#7900=CARTESIAN_POINT('',(0.0197320751168515,-0.0275,0.));
#7901=CARTESIAN_POINT('',(0.0197320751168515,-0.026,0.));
#7902=CARTESIAN_POINT('',(0.0210516287921032,-0.025286713172609,0.));
#7903=CARTESIAN_POINT('',(0.0238006989488777,-0.0238006989488777,0.));
#7904=CARTESIAN_POINT('',(6.93889390390723E-18,-0.0295,0.));
#7905=CARTESIAN_POINT('',(0.02,-0.0295,0.));
#7906=CARTESIAN_POINT('',(-0.02,-0.0295,0.));
#7907=CARTESIAN_POINT('',(-0.02,-0.02,0.));
#7908=CARTESIAN_POINT('',(-0.0295,-0.02,0.));
#7909=CARTESIAN_POINT('',(-0.0295,0.0135,0.));
#7910=CARTESIAN_POINT('',(-0.0295,0.02,0.));
#7911=CARTESIAN_POINT('',(-0.02,0.02,0.));
#7912=CARTESIAN_POINT('',(-0.0214231511045659,0.0293927972901354,0.));
#7913=CARTESIAN_POINT('',(-0.0225,0.0365,0.));
#7914=CARTESIAN_POINT('',(-0.0214231511045659,0.0436072027098647,0.));
#7915=CARTESIAN_POINT('',(-0.02,0.053,0.));
#7916=CARTESIAN_POINT('',(-0.0295,0.053,0.));
#7917=CARTESIAN_POINT('',(-0.0295,0.056,0.));
#7918=CARTESIAN_POINT('',(-0.0295,0.056,0.));
#7919=CARTESIAN_POINT('',(-0.029,0.056,0.));
#7920=CARTESIAN_POINT('',(-0.029,0.0565,0.));
#7921=CARTESIAN_POINT('',(0.029,0.0565,0.));
#7922=CARTESIAN_POINT('',(0.029,0.0565,0.));
#7923=CARTESIAN_POINT('',(0.029,0.056,0.));
#7924=CARTESIAN_POINT('',(0.0295,0.056,0.));
#7925=CARTESIAN_POINT('',(0.0295,0.0135,0.));
#7926=CARTESIAN_POINT('',(0.0295,0.053,0.));
#7927=CARTESIAN_POINT('',(0.02,0.053,0.));
#7928=CARTESIAN_POINT('',(0.0214231511045659,0.0436072027098646,0.));
#7929=CARTESIAN_POINT('',(0.0225,0.0365,0.));
#7930=CARTESIAN_POINT('',(0.0214231511045659,0.0293927972901353,0.));
#7931=CARTESIAN_POINT('',(0.02,0.02,0.));
#7932=CARTESIAN_POINT('',(0.0295,0.02,0.));
#7933=CARTESIAN_POINT('',(0.0295,-0.02,0.));
#7934=CARTESIAN_POINT('',(0.0295,-0.02,0.));
#7935=CARTESIAN_POINT('',(0.02,-0.02,0.));
#7936=CARTESIAN_POINT('',(0.0238006989488777,-0.0238006989488777,0.));
#7937=CARTESIAN_POINT('',(0.0259256989488777,-0.0238006989488777,0.));
#7938=CARTESIAN_POINT('',(-0.0238006989488777,0.0238006989488777,0.));
#7939=CARTESIAN_POINT('',(-0.0216756989488777,0.0238006989488777,0.));
#7940=CARTESIAN_POINT('',(0.0016589764850001,0.0245,0.053));
#7941=CARTESIAN_POINT('',(0.016,0.0245,0.053));
#7942=CARTESIAN_POINT('',(0.016,0.0245,0.0501180339887499));
#7943=CARTESIAN_POINT('',(0.016,0.0245,0.0525));
#7944=CARTESIAN_POINT('',(-0.016,0.0245,0.0525));
#7945=CARTESIAN_POINT('',(-0.016,0.0245,0.0525));
#7946=CARTESIAN_POINT('',(-0.016,0.0245,0.05));
#7947=CARTESIAN_POINT('',(-0.016,0.0245,0.0501180339887499));
#7948=CARTESIAN_POINT('',(0.016,0.0245,0.0501180339887499));
#7949=CARTESIAN_POINT('',(-0.0245,-0.0016589764850001,0.053));
#7950=CARTESIAN_POINT('',(-0.0245,0.016,0.053));
#7951=CARTESIAN_POINT('',(-0.0245,0.016,0.0501180339887499));
#7952=CARTESIAN_POINT('',(-0.0245,0.016,0.0525));
#7953=CARTESIAN_POINT('',(-0.0245,-0.0016589764850001,0.0525));
#7954=CARTESIAN_POINT('',(-0.0245,-0.016,0.0525));
#7955=CARTESIAN_POINT('',(-0.0245,-0.016,0.053));
#7956=CARTESIAN_POINT('',(-0.0245,-0.016,0.0501180339887499));
#7957=CARTESIAN_POINT('',(-0.0245,-0.0016589764850001,0.0501180339887499));
#7958=CARTESIAN_POINT('',(-0.0166820470299998,0.0235,0.045));
#7959=CARTESIAN_POINT('',(-0.0166820470299998,0.0245,0.05));
#7960=CARTESIAN_POINT('',(-0.0166820470299998,0.024861803398875,0.04927639320225));
#7961=CARTESIAN_POINT('',(-0.0166820470299998,0.0269472135955,0.0451055728090001));
#7962=CARTESIAN_POINT('',(-0.0166820470299998,0.0235,0.04927639320225));
#7963=CARTESIAN_POINT('',(-0.0180426371182154,0.0235574726807888,0.04927639320225));
#7964=CARTESIAN_POINT('',(-0.0201789286743609,0.023647711764361,0.045));
#7965=CARTESIAN_POINT('',(-0.02012618930037,0.023645484000663,0.0451055728090001));
#7966=CARTESIAN_POINT('',(-0.02012618930037,0.023645484000663,0.0451055728090001));
#7967=CARTESIAN_POINT('',(-0.0201137321918063,0.023940389653349,0.0451055728090001));
#7968=CARTESIAN_POINT('',(-0.020130116995397,0.0244983741701997,0.044862562770437));
#7969=CARTESIAN_POINT('',(-0.020258068538518,0.0252996807382597,0.0440292735296599));
#7970=CARTESIAN_POINT('',(-0.0204192740824205,0.0257416492414078,0.0432893609238967));
#7971=CARTESIAN_POINT('',(-0.0205471932772562,0.0260054962846997,0.0427876458719123));
#7972=CARTESIAN_POINT('',(-0.0205471932772562,0.0260054962846997,0.0427876458719123));
#7973=CARTESIAN_POINT('',(-0.0205471932772562,0.0260054962846997,0.0427876458719123));
#7974=CARTESIAN_POINT('',(-0.0205745627184138,0.0260619486891671,0.0426802995068039));
#7975=CARTESIAN_POINT('',(-0.0206122042731644,0.0261903888751695,0.0424762439585247));
#7976=CARTESIAN_POINT('',(-0.0205863692517507,0.026426860057983,0.0422459517737158));
#7977=CARTESIAN_POINT('',(-0.0204420734387718,0.026641892809331,0.0422027741776346));
#7978=CARTESIAN_POINT('',(-0.0202501414769928,0.0267842948528345,0.0423047996122815));
#7979=CARTESIAN_POINT('',(-0.0201249600754207,0.0268099213291593,0.0424488213448735));
#7980=CARTESIAN_POINT('',(-0.0200509068911453,0.0268136021359951,0.0425492485209466));
#7981=CARTESIAN_POINT('',(-0.0200509068911453,0.0268136021359951,0.0425492485209466));
#7982=CARTESIAN_POINT('',(-0.0200509068911453,0.0268136021359951,0.0425492485209466));
#7983=CARTESIAN_POINT('',(-0.0196185477236791,0.0268350925093623,0.0431355921152532));
#7984=CARTESIAN_POINT('',(-0.0189389277982981,0.0268730547552848,0.0439813589829098));
#7985=CARTESIAN_POINT('',(-0.0177709651252793,0.0269303617045413,0.0448856403654801));
#7986=CARTESIAN_POINT('',(-0.0170526365216912,0.0269472135955,0.0451055728090001));
#7987=CARTESIAN_POINT('',(-0.0166820470299998,0.0269472135955,0.0451055728090001));
#7988=CARTESIAN_POINT('',(-0.0238006989488777,0.0238006989488777,0.05));
#7989=CARTESIAN_POINT('',(-0.023647711764361,0.0201789286743608,0.045));
#7990=CARTESIAN_POINT('',(-0.023645484000663,0.02012618930037,0.0451055728090001));
#7991=CARTESIAN_POINT('',(-0.0235574726807888,0.0180426371182153,0.04927639320225));
#7992=CARTESIAN_POINT('',(-0.0238006989488777,0.0238006989488777,0.0451055728090001));
#7993=CARTESIAN_POINT('',(-0.0238006989488777,0.0238006989488777,0.04927639320225));
#7994=CARTESIAN_POINT('',(0.0016589764850001,0.0245,0.05));
#7995=CARTESIAN_POINT('',(-0.016,0.0250527864045,0.0488944271909999));
#7996=CARTESIAN_POINT('',(-0.016,0.0245527864045,0.0498944271909999));
#7997=CARTESIAN_POINT('',(-0.0164255717718198,0.0247903198980079,0.0494193602039842));
#7998=CARTESIAN_POINT('',(-0.0164255717718198,0.0247903198980079,0.0494193602039842));
#7999=CARTESIAN_POINT('',(-0.0165094217332617,0.0248153162205088,0.0493693675589824));
#8000=CARTESIAN_POINT('',(-0.016594698661904,0.0248393602043143,0.0493212795913714));
#8001=CARTESIAN_POINT('',(-0.0166820470299998,0.024861803398875,0.04927639320225));
#8002=CARTESIAN_POINT('',(0.0016589764850001,0.0269472135955,0.0451055728090001));
#8003=CARTESIAN_POINT('',(0.02,0.0269472135955,0.0451055728090001));
#8004=CARTESIAN_POINT('',(0.02,0.0245,0.05));
#8005=CARTESIAN_POINT('',(0.02,0.024861803398875,0.04927639320225));
#8006=CARTESIAN_POINT('',(0.0016589764850001,0.024861803398875,0.04927639320225));
#8007=CARTESIAN_POINT('',(0.0164620881859153,0.024861803398875,0.04927639320225));
#8008=CARTESIAN_POINT('',(0.016,0.0250527864045,0.0488944271909999));
#8009=CARTESIAN_POINT('',(0.016,0.0245527864045,0.0498944271909999));
#8010=CARTESIAN_POINT('',(-0.0160000026672334,0.0245527864045,0.0498944271909999));
#8011=CARTESIAN_POINT('',(-0.0235,0.0166820470299998,0.045));
#8012=CARTESIAN_POINT('',(-0.0235,0.0166820470299998,0.04927639320225));
#8013=CARTESIAN_POINT('',(-0.024861803398875,0.0166820470299998,0.04927639320225));
#8014=CARTESIAN_POINT('',(-0.027,0.0166820470299998,0.045));
#8015=CARTESIAN_POINT('',(-0.0269472135955,0.0166820470299998,0.0451055728090001));
#8016=CARTESIAN_POINT('',(-0.0269472135955,0.0166820470299998,0.0451055728090001));
#8017=CARTESIAN_POINT('',(-0.0269472135955,0.0170507436635115,0.0451055728090001));
#8018=CARTESIAN_POINT('',(-0.0269304707027639,0.0177675512724148,0.0448868157915085));
#8019=CARTESIAN_POINT('',(-0.0268736028506706,0.0189289087088503,0.0439915324038063));
#8020=CARTESIAN_POINT('',(-0.0268351188754673,0.0196180172709505,0.0431363114883645));
#8021=CARTESIAN_POINT('',(-0.0268136021359951,0.0200509068911452,0.0425492485209466));
#8022=CARTESIAN_POINT('',(-0.0268136021359951,0.0200509068911452,0.0425492485209466));
#8023=CARTESIAN_POINT('',(-0.0268136021359951,0.0200509068911452,0.0425492485209466));
#8024=CARTESIAN_POINT('',(-0.0268099213291593,0.0201249600754206,0.0424488213448735));
#8025=CARTESIAN_POINT('',(-0.0267842948528345,0.0202501414769928,0.0423047996122815));
#8026=CARTESIAN_POINT('',(-0.026641892809331,0.0204420734387718,0.0422027741776346));
#8027=CARTESIAN_POINT('',(-0.026426860057983,0.0205863692517507,0.0422459517737158));
#8028=CARTESIAN_POINT('',(-0.0261903888751695,0.0206122042731644,0.0424762439585247));
#8029=CARTESIAN_POINT('',(-0.0260619486891671,0.0205745627184138,0.0426802995068039));
#8030=CARTESIAN_POINT('',(-0.0260054962846998,0.0205471932772561,0.0427876458719123));
#8031=CARTESIAN_POINT('',(-0.0260054962846997,0.0205471932772561,0.0427876458719123));
#8032=CARTESIAN_POINT('',(-0.0260054962846997,0.0205471932772561,0.0427876458719123));
#8033=CARTESIAN_POINT('',(-0.0257416492414078,0.0204192740824205,0.0432893609238967));
#8034=CARTESIAN_POINT('',(-0.0252996807382597,0.020258068538518,0.0440292735296599));
#8035=CARTESIAN_POINT('',(-0.0244983741701997,0.020130116995397,0.044862562770437));
#8036=CARTESIAN_POINT('',(-0.023940389653349,0.0201137321918063,0.0451055728090001));
#8037=CARTESIAN_POINT('',(-0.023645484000663,0.02012618930037,0.0451055728090001));
#8038=CARTESIAN_POINT('',(0.02,0.02,0.045));
#8039=CARTESIAN_POINT('',(0.02,0.02,0.0451055728090001));
#8040=CARTESIAN_POINT('',(0.0269472135955,0.02,0.0451055728090001));
#8041=CARTESIAN_POINT('',(0.0245,0.02,0.05));
#8042=CARTESIAN_POINT('',(0.024861803398875,0.02,0.04927639320225));
#8043=CARTESIAN_POINT('',(0.02,0.02,0.04927639320225));
#8044=CARTESIAN_POINT('',(-0.027,0.0135,0.045));
#8045=CARTESIAN_POINT('',(-0.0250527864045,-0.016,0.0488944271909999));
#8046=CARTESIAN_POINT('',(-0.0245527864045,-0.016,0.0498944271909999));
#8047=CARTESIAN_POINT('',(-0.024861803398875,-0.0164620881859152,0.04927639320225));
#8048=CARTESIAN_POINT('',(-0.024861803398875,0.0135,0.04927639320225));
#8049=CARTESIAN_POINT('',(-0.024861803398875,-0.02,0.04927639320225));
#8050=CARTESIAN_POINT('',(-0.027,-0.02,0.045));
#8051=CARTESIAN_POINT('',(-0.0269472135955,-0.02,0.0451055728090001));
#8052=CARTESIAN_POINT('',(-0.0269472135955,0.0166820470299998,0.0451055728090001));
#8053=CARTESIAN_POINT('',(-0.0247903198980079,0.0164255717718198,0.0494193602039842));
#8054=CARTESIAN_POINT('',(-0.0248153162205088,0.0165094217332617,0.0493693675589824));
#8055=CARTESIAN_POINT('',(-0.0248393602043154,0.0165946986619025,0.0493212795913691));
#8056=CARTESIAN_POINT('',(-0.024861803398875,0.0166820470299998,0.04927639320225));
#8057=CARTESIAN_POINT('',(-0.0247903198980079,0.0164255717718198,0.0494193602039842));
#8058=CARTESIAN_POINT('',(-0.0250527864045,0.016,0.0488944271909999));
#8059=CARTESIAN_POINT('',(-0.0245527864045,0.016,0.0498944271909999));
#8060=CARTESIAN_POINT('',(-0.0245527864045,0.0135,0.0498944271909999));
#8061=CARTESIAN_POINT('',(0.0245,0.0016589764850001,0.05));
#8062=CARTESIAN_POINT('',(0.0250527864045,0.016,0.0488944271909999));
#8063=CARTESIAN_POINT('',(0.0245527864045,0.016,0.0498944271909999));
#8064=CARTESIAN_POINT('',(0.024861803398875,0.0164620881859152,0.04927639320225));
#8065=CARTESIAN_POINT('',(0.024861803398875,0.0016589764850001,0.04927639320225));
#8066=CARTESIAN_POINT('',(0.0269472135955,0.0016589764850001,0.0451055728090001));
#8067=CARTESIAN_POINT('',(0.0269472135955,-0.0166820470299998,0.0451055728090001));
#8068=CARTESIAN_POINT('',(0.0245,-0.0166820470299998,0.05));
#8069=CARTESIAN_POINT('',(0.024861803398875,-0.0166820470299998,0.04927639320225));
#8070=CARTESIAN_POINT('',(0.024861803398875,0.0016589764850001,0.04927639320225));
#8071=CARTESIAN_POINT('',(0.024861803398875,-0.0164620881859152,0.04927639320225));
#8072=CARTESIAN_POINT('',(0.0250527864045,-0.016,0.0488944271909999));
#8073=CARTESIAN_POINT('',(0.0245527864045,-0.016,0.0498944271909999));
#8074=CARTESIAN_POINT('',(0.0245527864045,0.016,0.0498944271909999));
#8075=CARTESIAN_POINT('',(-0.02,-0.02,0.045));
#8076=CARTESIAN_POINT('',(-0.02,-0.027,0.045));
#8077=CARTESIAN_POINT('',(-0.02,-0.0269472135955,0.0451055728090001));
#8078=CARTESIAN_POINT('',(-0.02,-0.024861803398875,0.04927639320225));
#8079=CARTESIAN_POINT('',(-0.02,-0.02,0.0451055728090001));
#8080=CARTESIAN_POINT('',(-0.02,-0.02,0.04927639320225));
#8081=CARTESIAN_POINT('',(0.0235,-0.0166820470299998,0.045));
#8082=CARTESIAN_POINT('',(0.023542203361246,-0.0176811560712458,0.05));
#8083=CARTESIAN_POINT('',(0.0235574726807888,-0.0180426371182153,0.04927639320225));
#8084=CARTESIAN_POINT('',(0.023645484000663,-0.02012618930037,0.0451055728090001));
#8085=CARTESIAN_POINT('',(0.0235,-0.0166820470299998,0.04927639320225));
#8086=CARTESIAN_POINT('',(0.0269472135955,-0.0166820470299998,0.0451055728090001));
#8087=CARTESIAN_POINT('',(0.0269472135955,-0.0170507620426548,0.0451055728090001));
#8088=CARTESIAN_POINT('',(0.0269306408005564,-0.01776233423995,0.0448891805764995));
#8089=CARTESIAN_POINT('',(0.0268737000970935,-0.0189281167483787,0.0439936164371309));
#8090=CARTESIAN_POINT('',(0.0268351416770227,-0.0196175585324561,0.0431369336062653));
#8091=CARTESIAN_POINT('',(0.0268136021359951,-0.0200509068911452,0.0425492485209466));
#8092=CARTESIAN_POINT('',(0.0268136021359951,-0.0200509068911452,0.0425492485209466));
#8093=CARTESIAN_POINT('',(0.0268136021359951,-0.0200509068911452,0.0425492485209466));
#8094=CARTESIAN_POINT('',(0.0268099213291593,-0.0201249600754206,0.0424488213448735));
#8095=CARTESIAN_POINT('',(0.0267842948528345,-0.0202501414769928,0.0423047996122815));
#8096=CARTESIAN_POINT('',(0.026641892809331,-0.0204420734387718,0.0422027741776346));
#8097=CARTESIAN_POINT('',(0.026426860057983,-0.0205863692517507,0.0422459517737159));
#8098=CARTESIAN_POINT('',(0.0261903888751695,-0.0206122042731644,0.0424762439585247));
#8099=CARTESIAN_POINT('',(0.0260619486891671,-0.0205745627184138,0.0426802995068039));
#8100=CARTESIAN_POINT('',(0.0260054962846997,-0.0205471932772561,0.0427876458719123));
#8101=CARTESIAN_POINT('',(0.0260054962846997,-0.0205471932772561,0.0427876458719123));
#8102=CARTESIAN_POINT('',(0.0260054962846997,-0.0205471932772561,0.0427876458719123));
#8103=CARTESIAN_POINT('',(0.0257416492414078,-0.0204192740824205,0.0432893609238967));
#8104=CARTESIAN_POINT('',(0.0252996807382597,-0.020258068538518,0.0440292735296599));
#8105=CARTESIAN_POINT('',(0.0244983741701997,-0.020130116995397,0.044862562770437));
#8106=CARTESIAN_POINT('',(0.023940389653349,-0.0201137321918063,0.0451055728090001));
#8107=CARTESIAN_POINT('',(0.023645484000663,-0.02012618930037,0.0451055728090001));
#8108=CARTESIAN_POINT('',(6.93889390390723E-18,-0.027,0.045));
#8109=CARTESIAN_POINT('',(0.01,-0.030611803398875,0.03777639320225));
#8110=CARTESIAN_POINT('',(0.01,-0.026861803398875,0.04527639320225));
#8111=CARTESIAN_POINT('',(0.01,-0.026861803398875,0.04527639320225));
#8112=CARTESIAN_POINT('',(-0.01,-0.026861803398875,0.04527639320225));
#8113=CARTESIAN_POINT('',(-0.01,-0.030611803398875,0.03777639320225));
#8114=CARTESIAN_POINT('',(-0.0115915798101147,-0.0269472135955,0.0451055728090001));
#8115=CARTESIAN_POINT('',(0.01,-0.0269472135955,0.0451055728090001));
#8116=CARTESIAN_POINT('',(6.93889390390723E-18,-0.024861803398875,0.04927639320225));
#8117=CARTESIAN_POINT('',(-0.0164620881859153,-0.024861803398875,0.04927639320225));
#8118=CARTESIAN_POINT('',(-0.016,-0.0250527864045,0.0488944271909999));
#8119=CARTESIAN_POINT('',(-0.016,-0.0245527864045,0.0498944271909999));
#8120=CARTESIAN_POINT('',(6.93889390390723E-18,-0.0245527864045,0.0498944271909999));
#8121=CARTESIAN_POINT('',(0.016,-0.0245527864045,0.0498944271909999));
#8122=CARTESIAN_POINT('',(0.016,-0.0250527864045,0.0488944271909999));
#8123=CARTESIAN_POINT('',(0.0164620881859153,-0.024861803398875,0.04927639320225));
#8124=CARTESIAN_POINT('',(6.93889390390723E-18,-0.024861803398875,0.04927639320225));
#8125=CARTESIAN_POINT('',(0.0166820470299998,-0.024861803398875,0.04927639320225));
#8126=CARTESIAN_POINT('',(0.0166820470299998,-0.027,0.045));
#8127=CARTESIAN_POINT('',(0.0238006989488777,-0.0238006989488777,0.05));
#8128=CARTESIAN_POINT('',(0.0176811560712458,-0.023542203361246,0.05));
#8129=CARTESIAN_POINT('',(0.0180426371182153,-0.0235574726807888,0.04927639320225));
#8130=CARTESIAN_POINT('',(0.02012618930037,-0.023645484000663,0.0451055728090001));
#8131=CARTESIAN_POINT('',(0.0238006989488777,-0.0238006989488777,0.04927639320225));
#8132=CARTESIAN_POINT('',(0.0238006989488777,-0.0238006989488777,0.0451055728090001));
#8133=CARTESIAN_POINT('',(0.0166820470299998,-0.0235,0.045));
#8134=CARTESIAN_POINT('',(0.0166820470299998,-0.0235,0.04927639320225));
#8135=CARTESIAN_POINT('',(0.02012618930037,-0.023645484000663,0.0451055728090001));
#8136=CARTESIAN_POINT('',(0.0201137321918063,-0.023940389653349,0.0451055728090001));
#8137=CARTESIAN_POINT('',(0.020130116995397,-0.0244983741701998,0.044862562770437));
#8138=CARTESIAN_POINT('',(0.020258068538518,-0.0252996807382597,0.0440292735296599));
#8139=CARTESIAN_POINT('',(0.0204192740824205,-0.0257416492414078,0.0432893609238967));
#8140=CARTESIAN_POINT('',(0.0205471932772562,-0.0260054962846997,0.0427876458719123));
#8141=CARTESIAN_POINT('',(0.0205471932772562,-0.0260054962846997,0.0427876458719122));
#8142=CARTESIAN_POINT('',(0.0205471932772562,-0.0260054962846997,0.0427876458719123));
#8143=CARTESIAN_POINT('',(0.0205745627184138,-0.0260619486891671,0.0426802995068039));
#8144=CARTESIAN_POINT('',(0.0206122042731644,-0.0261903888751695,0.0424762439585246));
#8145=CARTESIAN_POINT('',(0.0205863692517508,-0.0264268600579829,0.0422459517737158));
#8146=CARTESIAN_POINT('',(0.0204420734387719,-0.026641892809331,0.0422027741776346));
#8147=CARTESIAN_POINT('',(0.0202501414769929,-0.0267842948528345,0.0423047996122814));
#8148=CARTESIAN_POINT('',(0.0201249600754207,-0.0268099213291593,0.0424488213448735));
#8149=CARTESIAN_POINT('',(0.0200509068911453,-0.0268136021359951,0.0425492485209465));
#8150=CARTESIAN_POINT('',(0.0200509068911453,-0.0268136021359951,0.0425492485209465));
#8151=CARTESIAN_POINT('',(0.0200509068911453,-0.0268136021359951,0.0425492485209465));
#8152=CARTESIAN_POINT('',(0.0196190820781094,-0.0268350659493236,0.0431348674508518));
#8153=CARTESIAN_POINT('',(0.0189411028584195,-0.0268728504726653,0.0439768400935424));
#8154=CARTESIAN_POINT('',(0.0177817656450678,-0.026929967993561,0.0448801569870382));
#8155=CARTESIAN_POINT('',(0.0170551037719411,-0.0269472135955,0.0451055728090001));
#8156=CARTESIAN_POINT('',(0.0166820470299998,-0.0269472135955,0.0451055728090001));
#8157=CARTESIAN_POINT('',(-0.017,0.02575,0.05));
#8158=CARTESIAN_POINT('',(-0.017,0.0255,0.053));
#8159=CARTESIAN_POINT('',(-0.017,0.0255,0.0525));
#8160=CARTESIAN_POINT('',(-0.017,0.02575,0.0525));
#8161=CARTESIAN_POINT('',(-0.017,0.026,0.0525));
#8162=CARTESIAN_POINT('',(-0.017,0.026,0.05));
#8163=CARTESIAN_POINT('',(-0.02575,0.017,0.05));
#8164=CARTESIAN_POINT('',(-0.026,0.017,0.05));
#8165=CARTESIAN_POINT('',(-0.026,0.017,0.0525));
#8166=CARTESIAN_POINT('',(-0.0255,0.017,0.0525));
#8167=CARTESIAN_POINT('',(-0.0255,0.017,0.0525));
#8168=CARTESIAN_POINT('',(-0.0255,0.017,0.05));
#8169=CARTESIAN_POINT('',(0.017,0.02575,0.05));
#8170=CARTESIAN_POINT('',(0.017,0.026,0.053));
#8171=CARTESIAN_POINT('',(0.017,0.026,0.0525));
#8172=CARTESIAN_POINT('',(0.017,0.0255,0.0525));
#8173=CARTESIAN_POINT('',(0.017,0.0255,0.0525));
#8174=CARTESIAN_POINT('',(0.017,0.0255,0.05));
#8175=CARTESIAN_POINT('',(0.02575,0.017,0.05));
#8176=CARTESIAN_POINT('',(0.0255,0.017,0.05));
#8177=CARTESIAN_POINT('',(0.0255,0.017,0.0525));
#8178=CARTESIAN_POINT('',(0.026,0.017,0.0525));
#8179=CARTESIAN_POINT('',(0.026,0.017,0.0525));
#8180=CARTESIAN_POINT('',(0.026,0.017,0.05));
#8181=CARTESIAN_POINT('',(0.017,-0.02575,0.05));
#8182=CARTESIAN_POINT('',(0.017,-0.0255,0.053));
#8183=CARTESIAN_POINT('',(0.017,-0.0255,0.0525));
#8184=CARTESIAN_POINT('',(0.017,-0.026,0.0525));
#8185=CARTESIAN_POINT('',(0.017,-0.026,0.0525));
#8186=CARTESIAN_POINT('',(0.017,-0.026,0.05));
#8187=CARTESIAN_POINT('',(0.02575,-0.017,0.05));
#8188=CARTESIAN_POINT('',(0.026,-0.017,0.05));
#8189=CARTESIAN_POINT('',(0.026,-0.017,0.0525));
#8190=CARTESIAN_POINT('',(0.02575,-0.017,0.0525));
#8191=CARTESIAN_POINT('',(0.0255,-0.017,0.0525));
#8192=CARTESIAN_POINT('',(0.0255,-0.017,0.05));
#8193=CARTESIAN_POINT('',(-0.017,-0.02575,0.05));
#8194=CARTESIAN_POINT('',(-0.017,-0.026,0.053));
#8195=CARTESIAN_POINT('',(-0.017,-0.026,0.0525));
#8196=CARTESIAN_POINT('',(-0.017,-0.02575,0.0525));
#8197=CARTESIAN_POINT('',(-0.017,-0.0255,0.0525));
#8198=CARTESIAN_POINT('',(-0.017,-0.0255,0.05));
#8199=CARTESIAN_POINT('',(-0.02575,-0.017,0.05));
#8200=CARTESIAN_POINT('',(-0.0255,-0.017,0.05));
#8201=CARTESIAN_POINT('',(-0.0255,-0.017,0.0525));
#8202=CARTESIAN_POINT('',(-0.02575,-0.017,0.0525));
#8203=CARTESIAN_POINT('',(-0.026,-0.017,0.0525));
#8204=CARTESIAN_POINT('',(-0.026,-0.017,0.05));
#8205=CARTESIAN_POINT('',(-0.02,0.053,0.038));
#8206=CARTESIAN_POINT('',(-0.027,0.053,0.038));
#8207=CARTESIAN_POINT('',(-0.027,0.0565,0.038));
#8208=CARTESIAN_POINT('',(-0.02,0.0565,0.038));
#8209=CARTESIAN_POINT('',(-0.0264146294671107,0.0565,0.04080223639254));
#8210=CARTESIAN_POINT('',(-0.0264146294671107,0.053,0.04080223639254));
#8211=CARTESIAN_POINT('',(-0.025498253828952,0.053,0.0404019169078915));
#8212=CARTESIAN_POINT('',(-0.025498253828952,0.0565,0.0404019169078915));
#8213=CARTESIAN_POINT('',(-0.0253905232713408,0.0565,0.0413960970359149));
#8214=CARTESIAN_POINT('',(-0.0253905232713408,0.053,0.0413960970359149));
#8215=CARTESIAN_POINT('',(-0.025,0.053,0.045));
#8216=CARTESIAN_POINT('',(-0.025,0.0565,0.045));
#8217=CARTESIAN_POINT('',(-0.0214642464054306,0.0565,0.044200580511565));
#8218=CARTESIAN_POINT('',(-0.0214642464054306,0.053,0.044200580511565));
#8219=CARTESIAN_POINT('',(-0.0204888661034804,0.053,0.043980050997514));
#8220=CARTESIAN_POINT('',(-0.0204888661034804,0.0565,0.043980050997514));
#8221=CARTESIAN_POINT('',(-0.0205703437873938,0.0565,0.0449767261637663));
#8222=CARTESIAN_POINT('',(-0.0205703437873938,0.053,0.0449767261637663));
#8223=CARTESIAN_POINT('',(-0.02,0.053,0.0379999999999957));
#8224=CARTESIAN_POINT('',(-0.02,0.0565,0.0379999999999957));
#8225=CARTESIAN_POINT('',(-0.02,0.0565,0.045));
#8226=CARTESIAN_POINT('',(-0.02,0.053,0.045));
#8227=CARTESIAN_POINT('',(0.,0.053,0.045));
#8228=CARTESIAN_POINT('',(0.,0.0565,0.045));
#8229=CARTESIAN_POINT('',(0.02,0.0565,0.045));
#8230=CARTESIAN_POINT('',(0.02,0.053,0.045));
#8231=CARTESIAN_POINT('',(0.02,0.053,0.045));
#8232=CARTESIAN_POINT('',(0.,0.053,0.045));
#8233=CARTESIAN_POINT('',(0.00442107284702411,0.053,0.045));
#8234=CARTESIAN_POINT('',(0.00442107284702411,0.053,0.045));
#8235=CARTESIAN_POINT('',(0.00368204065986405,0.053,0.045));
#8236=CARTESIAN_POINT('',(0.00257703190389905,0.0528964007067535,0.045));
#8237=CARTESIAN_POINT('',(0.00111261645383514,0.0527107642120306,0.045));
#8238=CARTESIAN_POINT('',(7.00320245997094E-6,0.0525898480049733,0.045));
#8239=CARTESIAN_POINT('',(-0.00110194879056373,0.0527090968209718,0.045));
#8240=CARTESIAN_POINT('',(-0.00257107029189148,0.052895881882434,0.045));
#8241=CARTESIAN_POINT('',(-0.00367764264368949,0.053,0.045));
#8242=CARTESIAN_POINT('',(-0.00442107284702402,0.053,0.045));
#8243=CARTESIAN_POINT('',(0.02,0.053,0.038));
#8244=CARTESIAN_POINT('',(0.02,0.0565,0.038));
#8245=CARTESIAN_POINT('',(0.027,0.0565,0.038));
#8246=CARTESIAN_POINT('',(0.027,0.053,0.038));
#8247=CARTESIAN_POINT('',(0.027,0.053,0.038));
#8248=CARTESIAN_POINT('',(0.02,0.053,0.038));
#8249=CARTESIAN_POINT('',(0.027,0.053,0.025));
#8250=CARTESIAN_POINT('',(0.027,0.0565,0.012));
#8251=CARTESIAN_POINT('',(0.027,0.0565,0.012));
#8252=CARTESIAN_POINT('',(0.027,0.053,0.012));
#8253=CARTESIAN_POINT('',(0.027,0.053,0.012));
#8254=CARTESIAN_POINT('',(0.027,0.053,0.025));
#8255=CARTESIAN_POINT('',(0.02,0.053,0.012));
#8256=CARTESIAN_POINT('',(0.02,0.0565,0.012));
#8257=CARTESIAN_POINT('',(0.0264146294671107,0.0565,0.00919776360745999));
#8258=CARTESIAN_POINT('',(0.0264146294671107,0.053,0.00919776360745999));
#8259=CARTESIAN_POINT('',(0.0264146294671107,0.053,0.00919776360745999));
#8260=CARTESIAN_POINT('',(0.02,0.053,0.012));
#8261=CARTESIAN_POINT('',(0.025498253828952,0.053,0.00959808309210856));
#8262=CARTESIAN_POINT('',(0.025498253828952,0.0565,0.00959808309210856));
#8263=CARTESIAN_POINT('',(0.0253905232713408,0.0565,0.0086039029640851));
#8264=CARTESIAN_POINT('',(0.0253905232713408,0.053,0.0086039029640851));
#8265=CARTESIAN_POINT('',(0.0253905232713408,0.053,0.0086039029640851));
#8266=CARTESIAN_POINT('',(0.025498253828952,0.053,0.00959808309210856));
#8267=CARTESIAN_POINT('',(0.025,0.053,0.005));
#8268=CARTESIAN_POINT('',(0.025,0.0565,0.005));
#8269=CARTESIAN_POINT('',(0.0214642464054306,0.0565,0.00579941948843499));
#8270=CARTESIAN_POINT('',(0.0214642464054306,0.053,0.00579941948843499));
#8271=CARTESIAN_POINT('',(0.0214642464054306,0.053,0.00579941948843499));
#8272=CARTESIAN_POINT('',(0.025,0.053,0.005));
#8273=CARTESIAN_POINT('',(0.0204888661034804,0.053,0.00601994900248601));
#8274=CARTESIAN_POINT('',(0.0204888661034804,0.0565,0.00601994900248601));
#8275=CARTESIAN_POINT('',(0.0205703437873938,0.0565,0.0050232738362337));
#8276=CARTESIAN_POINT('',(0.0205703437873938,0.053,0.0050232738362337));
#8277=CARTESIAN_POINT('',(0.0205703437873938,0.053,0.0050232738362337));
#8278=CARTESIAN_POINT('',(0.0204888661034804,0.053,0.00601994900248601));
#8279=CARTESIAN_POINT('',(0.02,0.053,0.0119999999999997));
#8280=CARTESIAN_POINT('',(0.02,0.0565,0.0119999999999997));
#8281=CARTESIAN_POINT('',(0.02,0.0565,0.005));
#8282=CARTESIAN_POINT('',(0.02,0.053,0.005));
#8283=CARTESIAN_POINT('',(0.02,0.053,0.005));
#8284=CARTESIAN_POINT('',(0.02,0.053,0.0119999999999997));
#8285=CARTESIAN_POINT('',(0.,0.053,0.005));
#8286=CARTESIAN_POINT('',(-0.02,0.0565,0.005));
#8287=CARTESIAN_POINT('',(-0.02,0.0565,0.005));
#8288=CARTESIAN_POINT('',(-0.02,0.053,0.005));
#8289=CARTESIAN_POINT('',(-0.00442107284702403,0.053,0.005));
#8290=CARTESIAN_POINT('',(-0.00368204065986398,0.053,0.005));
#8291=CARTESIAN_POINT('',(-0.002577031903899,0.0528964007067535,0.005));
#8292=CARTESIAN_POINT('',(-0.0011126164538351,0.0527107642120306,0.005));
#8293=CARTESIAN_POINT('',(-7.00320245995679E-6,0.0525898480049733,0.005));
#8294=CARTESIAN_POINT('',(0.00110194879056377,0.0527090968209718,0.005));
#8295=CARTESIAN_POINT('',(0.00257107029189149,0.052895881882434,0.005));
#8296=CARTESIAN_POINT('',(0.00367764264368952,0.053,0.005));
#8297=CARTESIAN_POINT('',(0.00442107284702405,0.053,0.005));
#8298=CARTESIAN_POINT('',(0.00442107284702405,0.053,0.005));
#8299=CARTESIAN_POINT('',(0.,0.053,0.005));
#8300=CARTESIAN_POINT('',(-0.02,0.053,0.012));
#8301=CARTESIAN_POINT('',(-0.02,0.0565,0.012));
#8302=CARTESIAN_POINT('',(-0.027,0.0565,0.012));
#8303=CARTESIAN_POINT('',(-0.027,0.053,0.012));
#8304=CARTESIAN_POINT('',(-0.027,0.053,0.025));
#8305=CARTESIAN_POINT('',(-0.027,0.0565,0.025));
#8306=CARTESIAN_POINT('',(6.93889390390723E-18,0.053,0.025));
#8307=CARTESIAN_POINT('',(0.00442107284702405,0.053,0.005));
#8308=CARTESIAN_POINT('',(0.00555965017968047,0.053,0.00525170361395817));
#8309=CARTESIAN_POINT('',(0.00775668314158993,0.053,0.00593821170339787));
#8310=CARTESIAN_POINT('',(0.0108564965142986,0.0530000000000001,0.00751508662471101));
#8311=CARTESIAN_POINT('',(0.0136473747925367,0.0529999999999999,0.00959531339663741));
#8312=CARTESIAN_POINT('',(0.0168435583454756,0.053,0.0129481022682239));
#8313=CARTESIAN_POINT('',(0.0196935860186927,0.0530000000000001,0.0180684624835147));
#8314=CARTESIAN_POINT('',(0.0208771636800369,0.053,0.024997695539814));
#8315=CARTESIAN_POINT('',(0.0196947916328008,0.0529999999999999,0.0319273047972142));
#8316=CARTESIAN_POINT('',(0.0162776604179913,0.0529999999999999,0.0380721312683652));
#8317=CARTESIAN_POINT('',(0.0118966087303269,0.0530000000000001,0.0419553770714183));
#8318=CARTESIAN_POINT('',(0.00775695680839817,0.0529999999999999,0.0440619019898029));
#8319=CARTESIAN_POINT('',(0.00555965023725131,0.053,0.0447482963733148));
#8320=CARTESIAN_POINT('',(0.00442107284702411,0.053,0.045));
#8321=CARTESIAN_POINT('',(-1.29082733046511E-20,0.0527030452689341,0.0449934925924689));
#8322=CARTESIAN_POINT('',(-4.25943076196484E-19,0.0479481524934819,0.0447853278169916));
#8323=CARTESIAN_POINT('',(-1.06382095250192E-17,0.044281389763764,0.0396426259373099));
#8324=CARTESIAN_POINT('',(-1.52772239918369E-17,0.038255610677065,0.0378173177062173));
#8325=CARTESIAN_POINT('',(-1.57796409524424E-17,0.0369695096641831,0.0376922559737933));
#8326=CARTESIAN_POINT('',(-1.53770948717124E-17,0.0321637540627461,0.038452566629235));
#8327=CARTESIAN_POINT('',(-1.16486083706468E-17,0.0283810123574942,0.0409191601062134));
#8328=CARTESIAN_POINT('',(-7.6038687166145E-18,0.0270862448156062,0.0438923211948724));
#8329=CARTESIAN_POINT('',(-6.95111426062159E-18,0.027,0.0443859831410343));
#8330=CARTESIAN_POINT('',(-6.32780184976642E-18,0.027,0.0448697750917772));
#8331=CARTESIAN_POINT('',(-0.00261713486680772,0.0527030452689341,0.0449934925924689));
#8332=CARTESIAN_POINT('',(-0.00258965669281635,0.0479481524934819,0.0447853278169916));
#8333=CARTESIAN_POINT('',(-0.00191085651583363,0.044281389763764,0.0396426259373099));
#8334=CARTESIAN_POINT('',(-0.00167569327226436,0.038255610677065,0.0378173177062173));
#8335=CARTESIAN_POINT('',(-0.00166067017795122,0.0369695096641831,0.0376922559737933));
#8336=CARTESIAN_POINT('',(-0.00176713700067135,0.0321637540627461,0.038452566629235));
#8337=CARTESIAN_POINT('',(-0.00209776838751919,0.0283810123574942,0.0409191601062134));
#8338=CARTESIAN_POINT('',(-0.0024773894667219,0.0270862448156062,0.0438923211948724));
#8339=CARTESIAN_POINT('',(-0.00253966109582214,0.027,0.0443859831410343));
#8340=CARTESIAN_POINT('',(-0.00260013508966499,0.027,0.0448697750917772));
#8341=CARTESIAN_POINT('',(-0.00523324006277036,0.0527030452689341,0.0444731091281962));
#8342=CARTESIAN_POINT('',(-0.00517829643921598,0.0479481524934819,0.0442701591886217));
#8343=CARTESIAN_POINT('',(-0.0038210100319572,0.044281389763764,0.0392563311576338));
#8344=CARTESIAN_POINT('',(-0.00335074465127441,0.038255610677065,0.0374818673437969));
#8345=CARTESIAN_POINT('',(-0.00332069314073772,0.0369695096641831,0.0373612534557722));
#8346=CARTESIAN_POINT('',(-0.00353352702153825,0.0321637540627461,0.0381079209790877));
#8347=CARTESIAN_POINT('',(-0.00419459505671563,0.0283810123574942,0.0405171807572443));
#8348=CARTESIAN_POINT('',(-0.00495376758633795,0.0270862448156062,0.0434044912285465));
#8349=CARTESIAN_POINT('',(-0.0050783059219,0.027,0.0438832254162072));
#8350=CARTESIAN_POINT('',(-0.00519925390958571,0.027,0.0443518988684893));
#8351=CARTESIAN_POINT('',(-0.0100690788891791,0.0527030452689341,0.0424700241110743));
#8352=CARTESIAN_POINT('',(-0.00996349466256638,0.0479481524934819,0.0422875720327616));
#8353=CARTESIAN_POINT('',(-0.00735519395903244,0.044281389763764,0.0377802158916778));
#8354=CARTESIAN_POINT('',(-0.00644822818953429,0.038255610677065,0.0361944931830397));
#8355=CARTESIAN_POINT('',(-0.00638963991578958,0.0369695096641831,0.0360885074022762));
#8356=CARTESIAN_POINT('',(-0.0067951919049085,0.0321637540627461,0.0367698149240582));
#8357=CARTESIAN_POINT('',(-0.00806271110922496,0.0283810123574942,0.0389440342753636));
#8358=CARTESIAN_POINT('',(-0.00952885242789726,0.0270862448156062,0.0415185777007754));
#8359=CARTESIAN_POINT('',(-0.00976980925016431,0.027,0.0419441958593708));
#8360=CARTESIAN_POINT('',(-0.0100041459763054,0.027,0.0423599545670404));
#8361=CARTESIAN_POINT('',(-0.0122869099359872,0.0527030452689341,0.0409881106341717));
#8362=CARTESIAN_POINT('',(-0.012158174067557,0.0479481524934819,0.0408209318423619));
#8363=CARTESIAN_POINT('',(-0.00897792539589716,0.044281389763764,0.0366909334580819));
#8364=CARTESIAN_POINT('',(-0.00786947428470472,0.038255610677065,0.0352430606685303));
#8365=CARTESIAN_POINT('',(-0.00779736783036733,0.0369695096641831,0.0351472592238424));
#8366=CARTESIAN_POINT('',(-0.00828908652870681,0.0321637540627461,0.0357769262327667));
#8367=CARTESIAN_POINT('',(-0.00983226042397031,0.0283810123574942,0.0377735879024515));
#8368=CARTESIAN_POINT('',(-0.0116256904240578,0.0270862448156062,0.0401212681908936));
#8369=CARTESIAN_POINT('',(-0.0119207899307183,0.027,0.0405087018465492));
#8370=CARTESIAN_POINT('',(-0.0122080414014719,0.027,0.040886664308067));
#8371=CARTESIAN_POINT('',(-0.0159881106341717,0.0527030452689341,0.0372869099359872));
#8372=CARTESIAN_POINT('',(-0.0158209318423619,0.0479481524934819,0.037158174067557));
#8373=CARTESIAN_POINT('',(-0.011690933458082,0.044281389763764,0.0339779253958971));
#8374=CARTESIAN_POINT('',(-0.0102430606685303,0.038255610677065,0.0328694742847047));
#8375=CARTESIAN_POINT('',(-0.0101472592238424,0.0369695096641831,0.0327973678303673));
#8376=CARTESIAN_POINT('',(-0.0107769262327668,0.0321637540627461,0.0332890865287068));
#8377=CARTESIAN_POINT('',(-0.0127735879024516,0.0283810123574942,0.0348322604239704));
#8378=CARTESIAN_POINT('',(-0.0151212681908935,0.0270862448156062,0.0366256904240578));
#8379=CARTESIAN_POINT('',(-0.0155087018465492,0.027,0.0369207899307183));
#8380=CARTESIAN_POINT('',(-0.015886664308067,0.027,0.0372080414014718));
#8381=CARTESIAN_POINT('',(-0.0174700241110743,0.0527030452689341,0.0350690788891791));
#8382=CARTESIAN_POINT('',(-0.0172875720327616,0.0479481524934819,0.0349634946625664));
#8383=CARTESIAN_POINT('',(-0.0127802158916778,0.044281389763764,0.0323551939590324));
#8384=CARTESIAN_POINT('',(-0.0111944931830397,0.038255610677065,0.0314482281895342));
#8385=CARTESIAN_POINT('',(-0.0110885074022762,0.0369695096641831,0.0313896399157895));
#8386=CARTESIAN_POINT('',(-0.0117698149240582,0.0321637540627461,0.0317951919049085));
#8387=CARTESIAN_POINT('',(-0.0139440342753635,0.0283810123574942,0.0330627111092249));
#8388=CARTESIAN_POINT('',(-0.0165185777007754,0.0270862448156062,0.0345288524278973));
#8389=CARTESIAN_POINT('',(-0.0169441958593708,0.027,0.0347698092501644));
#8390=CARTESIAN_POINT('',(-0.0173599545670404,0.027,0.0350041459763054));
#8391=CARTESIAN_POINT('',(-0.0194731091281962,0.0527030452689341,0.0302332400627703));
#8392=CARTESIAN_POINT('',(-0.0192701591886217,0.0479481524934819,0.030178296439216));
#8393=CARTESIAN_POINT('',(-0.0142563311576338,0.044281389763764,0.0288210100319572));
#8394=CARTESIAN_POINT('',(-0.0124818673437969,0.038255610677065,0.0283507446512744));
#8395=CARTESIAN_POINT('',(-0.0123612534557723,0.0369695096641831,0.0283206931407377));
#8396=CARTESIAN_POINT('',(-0.0131079209790877,0.0321637540627461,0.0285335270215382));
#8397=CARTESIAN_POINT('',(-0.0155171807572444,0.0283810123574942,0.0291945950567156));
#8398=CARTESIAN_POINT('',(-0.0184044912285465,0.0270862448156062,0.0299537675863379));
#8399=CARTESIAN_POINT('',(-0.0188832254162072,0.027,0.0300783059218999));
#8400=CARTESIAN_POINT('',(-0.0193518988684893,0.027,0.0301992539095856));
#8401=CARTESIAN_POINT('',(-0.0199934925924689,0.0527030452689341,0.0276171348668076));
#8402=CARTESIAN_POINT('',(-0.0197853278169916,0.0479481524934819,0.0275896566928162));
#8403=CARTESIAN_POINT('',(-0.0146426259373099,0.044281389763764,0.0269108565158335));
#8404=CARTESIAN_POINT('',(-0.0128173177062173,0.038255610677065,0.0266756932722643));
#8405=CARTESIAN_POINT('',(-0.0126922559737933,0.0369695096641831,0.0266606701779512));
#8406=CARTESIAN_POINT('',(-0.0134525666292349,0.0321637540627461,0.0267671370006713));
#8407=CARTESIAN_POINT('',(-0.0159191601062133,0.0283810123574942,0.0270977683875191));
#8408=CARTESIAN_POINT('',(-0.0188923211948724,0.0270862448156062,0.0274773894667218));
#8409=CARTESIAN_POINT('',(-0.0193859831410343,0.027,0.0275396610958221));
#8410=CARTESIAN_POINT('',(-0.0198697750917772,0.027,0.0276001350896649));
#8411=CARTESIAN_POINT('',(-0.0199934925924689,0.0527030452689341,0.0223828651331924));
#8412=CARTESIAN_POINT('',(-0.0197853278169916,0.0479481524934819,0.0224103433071837));
#8413=CARTESIAN_POINT('',(-0.0146426259373099,0.044281389763764,0.0230891434841664));
#8414=CARTESIAN_POINT('',(-0.0128173177062173,0.038255610677065,0.0233243067277356));
#8415=CARTESIAN_POINT('',(-0.0126922559737933,0.0369695096641831,0.0233393298220488));
#8416=CARTESIAN_POINT('',(-0.0134525666292349,0.0321637540627461,0.0232328629993286));
#8417=CARTESIAN_POINT('',(-0.0159191601062133,0.0283810123574942,0.0229022316124809));
#8418=CARTESIAN_POINT('',(-0.0188923211948724,0.0270862448156062,0.0225226105332782));
#8419=CARTESIAN_POINT('',(-0.0193859831410343,0.027,0.0224603389041779));
#8420=CARTESIAN_POINT('',(-0.0198697750917772,0.027,0.0223998649103351));
#8421=CARTESIAN_POINT('',(-0.0194731091281962,0.0527030452689341,0.0197667599372296));
#8422=CARTESIAN_POINT('',(-0.0192701591886217,0.0479481524934819,0.019821703560784));
#8423=CARTESIAN_POINT('',(-0.0142563311576338,0.044281389763764,0.0211789899680428));
#8424=CARTESIAN_POINT('',(-0.0124818673437969,0.038255610677065,0.0216492553487256));
#8425=CARTESIAN_POINT('',(-0.0123612534557723,0.0369695096641831,0.0216793068592623));
#8426=CARTESIAN_POINT('',(-0.0131079209790877,0.0321637540627461,0.0214664729784618));
#8427=CARTESIAN_POINT('',(-0.0155171807572445,0.0283810123574942,0.0208054049432844));
#8428=CARTESIAN_POINT('',(-0.0184044912285465,0.0270862448156062,0.0200462324136621));
#8429=CARTESIAN_POINT('',(-0.0188832254162072,0.027,0.0199216940781001));
#8430=CARTESIAN_POINT('',(-0.0193518988684893,0.027,0.0198007460904144));
#8431=CARTESIAN_POINT('',(-0.0174700241110743,0.0527030452689341,0.0149309211108209));
#8432=CARTESIAN_POINT('',(-0.0172875720327616,0.0479481524934819,0.0150365053374336));
#8433=CARTESIAN_POINT('',(-0.0127802158916778,0.044281389763764,0.0176448060409675));
#8434=CARTESIAN_POINT('',(-0.0111944931830397,0.038255610677065,0.0185517718104657));
#8435=CARTESIAN_POINT('',(-0.0110885074022761,0.0369695096641831,0.0186103600842104));
#8436=CARTESIAN_POINT('',(-0.0117698149240581,0.0321637540627461,0.0182048080950914));
#8437=CARTESIAN_POINT('',(-0.0139440342753634,0.0283810123574942,0.016937288890775));
#8438=CARTESIAN_POINT('',(-0.0165185777007754,0.0270862448156062,0.0154711475721027));
#8439=CARTESIAN_POINT('',(-0.0169441958593708,0.027,0.0152301907498356));
#8440=CARTESIAN_POINT('',(-0.0173599545670404,0.027,0.0149958540236946));
#8441=CARTESIAN_POINT('',(-0.0159881106341717,0.0527030452689341,0.0127130900640128));
#8442=CARTESIAN_POINT('',(-0.0158209318423619,0.0479481524934819,0.012841825932443));
#8443=CARTESIAN_POINT('',(-0.0116909334580819,0.044281389763764,0.0160220746041028));
#8444=CARTESIAN_POINT('',(-0.0102430606685303,0.038255610677065,0.0171305257152953));
#8445=CARTESIAN_POINT('',(-0.0101472592238424,0.0369695096641831,0.0172026321696327));
#8446=CARTESIAN_POINT('',(-0.0107769262327667,0.0321637540627461,0.0167109134712932));
#8447=CARTESIAN_POINT('',(-0.0127735879024516,0.0283810123574942,0.0151677395760297));
#8448=CARTESIAN_POINT('',(-0.0151212681908936,0.0270862448156062,0.0133743095759422));
#8449=CARTESIAN_POINT('',(-0.0155087018465492,0.027,0.0130792100692817));
#8450=CARTESIAN_POINT('',(-0.0158866643080671,0.027,0.0127919585985282));
#8451=CARTESIAN_POINT('',(-0.0122869099359872,0.0527030452689341,0.00901188936582827));
#8452=CARTESIAN_POINT('',(-0.012158174067557,0.0479481524934819,0.00917906815763805));
#8453=CARTESIAN_POINT('',(-0.00897792539589713,0.044281389763764,0.013309066541918));
#8454=CARTESIAN_POINT('',(-0.00786947428470467,0.038255610677065,0.0147569393314696));
#8455=CARTESIAN_POINT('',(-0.00779736783036728,0.0369695096641831,0.0148527407761575));
#8456=CARTESIAN_POINT('',(-0.00828908652870677,0.0321637540627461,0.0142230737672332));
#8457=CARTESIAN_POINT('',(-0.0098322604239703,0.0283810123574942,0.0122264120975485));
#8458=CARTESIAN_POINT('',(-0.0116256904240578,0.0270862448156062,0.00987873180910646));
#8459=CARTESIAN_POINT('',(-0.0119207899307183,0.027,0.00949129815345081));
#8460=CARTESIAN_POINT('',(-0.0122080414014718,0.027,0.00911333569193297));
#8461=CARTESIAN_POINT('',(-0.0100690788891791,0.0527030452689341,0.00752997588892567));
#8462=CARTESIAN_POINT('',(-0.00996349466256636,0.0479481524934819,0.00771242796723844));
#8463=CARTESIAN_POINT('',(-0.00735519395903236,0.044281389763764,0.0122197841083222));
#8464=CARTESIAN_POINT('',(-0.00644822818953422,0.038255610677065,0.0138055068169603));
#8465=CARTESIAN_POINT('',(-0.00638963991578951,0.0369695096641831,0.0139114925977238));
#8466=CARTESIAN_POINT('',(-0.00679519190490845,0.0321637540627461,0.0132301850759418));
#8467=CARTESIAN_POINT('',(-0.00806271110922496,0.0283810123574942,0.0110559657246365));
#8468=CARTESIAN_POINT('',(-0.00952885242789728,0.0270862448156062,0.00848142229922466));
#8469=CARTESIAN_POINT('',(-0.00976980925016433,0.027,0.00805580414062928));
#8470=CARTESIAN_POINT('',(-0.0100041459763054,0.027,0.00764004543295966));
#8471=CARTESIAN_POINT('',(-0.00523324006277037,0.0527030452689341,0.00552689087180387));
#8472=CARTESIAN_POINT('',(-0.00517829643921599,0.0479481524934819,0.00572984081137831));
#8473=CARTESIAN_POINT('',(-0.00382101003195715,0.044281389763764,0.0107436688423662));
#8474=CARTESIAN_POINT('',(-0.00335074465127435,0.038255610677065,0.012518132656203));
#8475=CARTESIAN_POINT('',(-0.00332069314073766,0.0369695096641831,0.0126387465442277));
#8476=CARTESIAN_POINT('',(-0.0035335270215382,0.0321637540627461,0.0118920790209123));
#8477=CARTESIAN_POINT('',(-0.00419459505671561,0.0283810123574942,0.00948281924275556));
#8478=CARTESIAN_POINT('',(-0.00495376758633794,0.0270862448156062,0.00659550877145345));
#8479=CARTESIAN_POINT('',(-0.00507830592189999,0.027,0.00611677458379275));
#8480=CARTESIAN_POINT('',(-0.00519925390958569,0.027,0.00564810113151063));
#8481=CARTESIAN_POINT('',(-0.00261713486680771,0.0527030452689341,0.00500650740753108));
#8482=CARTESIAN_POINT('',(-0.00258965669281635,0.0479481524934819,0.00521467218300837));
#8483=CARTESIAN_POINT('',(-0.00191085651583357,0.044281389763764,0.0103573740626901));
#8484=CARTESIAN_POINT('',(-0.00167569327226429,0.038255610677065,0.0121826822937827));
#8485=CARTESIAN_POINT('',(-0.00166067017795115,0.0369695096641831,0.0123077440262067));
#8486=CARTESIAN_POINT('',(-0.00176713700067129,0.0321637540627461,0.0115474333707651));
#8487=CARTESIAN_POINT('',(-0.00209776838751916,0.0283810123574942,0.00908083989378666));
#8488=CARTESIAN_POINT('',(-0.00247738946672189,0.0270862448156062,0.00610767880512758));
#8489=CARTESIAN_POINT('',(-0.00253966109582213,0.027,0.00561401685896566));
#8490=CARTESIAN_POINT('',(-0.00260013508966498,0.027,0.00513022490822282));
#8491=CARTESIAN_POINT('',(0.00261713486680772,0.0527030452689341,0.00500650740753108));
#8492=CARTESIAN_POINT('',(0.00258965669281636,0.0479481524934819,0.00521467218300837));
#8493=CARTESIAN_POINT('',(0.00191085651583367,0.044281389763764,0.0103573740626901));
#8494=CARTESIAN_POINT('',(0.0016756932722644,0.038255610677065,0.0121826822937827));
#8495=CARTESIAN_POINT('',(0.00166067017795126,0.0369695096641831,0.0123077440262067));
#8496=CARTESIAN_POINT('',(0.00176713700067138,0.0321637540627461,0.0115474333707651));
#8497=CARTESIAN_POINT('',(0.00209776838751919,0.0283810123574942,0.00908083989378666));
#8498=CARTESIAN_POINT('',(0.00247738946672189,0.0270862448156062,0.00610767880512758));
#8499=CARTESIAN_POINT('',(0.00253966109582213,0.027,0.00561401685896566));
#8500=CARTESIAN_POINT('',(0.00260013508966498,0.027,0.00513022490822282));
#8501=CARTESIAN_POINT('',(0.00523324006277032,0.0527030452689341,0.00552689087180387));
#8502=CARTESIAN_POINT('',(0.00517829643921595,0.0479481524934819,0.00572984081137831));
#8503=CARTESIAN_POINT('',(0.00382101003195723,0.044281389763764,0.0107436688423662));
#8504=CARTESIAN_POINT('',(0.00335074465127446,0.038255610677065,0.012518132656203));
#8505=CARTESIAN_POINT('',(0.00332069314073777,0.0369695096641831,0.0126387465442277));
#8506=CARTESIAN_POINT('',(0.00353352702153829,0.0321637540627461,0.0118920790209123));
#8507=CARTESIAN_POINT('',(0.00419459505671566,0.0283810123574942,0.00948281924275555));
#8508=CARTESIAN_POINT('',(0.00495376758633795,0.0270862448156062,0.00659550877145344));
#8509=CARTESIAN_POINT('',(0.0050783059219,0.027,0.00611677458379275));
#8510=CARTESIAN_POINT('',(0.00519925390958571,0.027,0.00564810113151064));
#8511=CARTESIAN_POINT('',(0.0100690788891791,0.0527030452689341,0.00752997588892567));
#8512=CARTESIAN_POINT('',(0.00996349466256637,0.0479481524934819,0.00771242796723844));
#8513=CARTESIAN_POINT('',(0.00735519395903246,0.044281389763764,0.0122197841083222));
#8514=CARTESIAN_POINT('',(0.00644822818953433,0.038255610677065,0.0138055068169603));
#8515=CARTESIAN_POINT('',(0.00638963991578962,0.0369695096641831,0.0139114925977239));
#8516=CARTESIAN_POINT('',(0.00679519190490852,0.0321637540627461,0.0132301850759419));
#8517=CARTESIAN_POINT('',(0.00806271110922496,0.0283810123574942,0.0110559657246365));
#8518=CARTESIAN_POINT('',(0.00952885242789726,0.0270862448156062,0.00848142229922466));
#8519=CARTESIAN_POINT('',(0.00976980925016431,0.027,0.00805580414062928));
#8520=CARTESIAN_POINT('',(0.0100041459763054,0.027,0.00764004543295966));
#8521=CARTESIAN_POINT('',(0.0122869099359872,0.0527030452689341,0.00901188936582833));
#8522=CARTESIAN_POINT('',(0.012158174067557,0.0479481524934819,0.00917906815763811));
#8523=CARTESIAN_POINT('',(0.00897792539589719,0.044281389763764,0.0133090665419181));
#8524=CARTESIAN_POINT('',(0.00786947428470477,0.038255610677065,0.0147569393314698));
#8525=CARTESIAN_POINT('',(0.00779736783036737,0.0369695096641831,0.0148527407761576));
#8526=CARTESIAN_POINT('',(0.00828908652870685,0.032163754062746,0.0142230737672333));
#8527=CARTESIAN_POINT('',(0.00983226042397035,0.0283810123574942,0.0122264120975485));
#8528=CARTESIAN_POINT('',(0.0116256904240578,0.0270862448156062,0.00987873180910643));
#8529=CARTESIAN_POINT('',(0.0119207899307183,0.027,0.00949129815345079));
#8530=CARTESIAN_POINT('',(0.0122080414014719,0.027,0.00911333569193295));
#8531=CARTESIAN_POINT('',(0.0159881106341717,0.0527030452689341,0.0127130900640128));
#8532=CARTESIAN_POINT('',(0.0158209318423619,0.0479481524934819,0.012841825932443));
#8533=CARTESIAN_POINT('',(0.011690933458082,0.044281389763764,0.0160220746041028));
#8534=CARTESIAN_POINT('',(0.0102430606685303,0.038255610677065,0.0171305257152952));
#8535=CARTESIAN_POINT('',(0.0101472592238425,0.0369695096641831,0.0172026321696327));
#8536=CARTESIAN_POINT('',(0.0107769262327668,0.032163754062746,0.0167109134712932));
#8537=CARTESIAN_POINT('',(0.0127735879024515,0.0283810123574942,0.0151677395760296));
#8538=CARTESIAN_POINT('',(0.0151212681908935,0.0270862448156062,0.0133743095759422));
#8539=CARTESIAN_POINT('',(0.0155087018465492,0.027,0.0130792100692817));
#8540=CARTESIAN_POINT('',(0.015886664308067,0.027,0.0127919585985282));
#8541=CARTESIAN_POINT('',(0.0174700241110743,0.0527030452689341,0.0149309211108209));
#8542=CARTESIAN_POINT('',(0.0172875720327616,0.0479481524934819,0.0150365053374336));
#8543=CARTESIAN_POINT('',(0.0127802158916778,0.044281389763764,0.0176448060409676));
#8544=CARTESIAN_POINT('',(0.0111944931830397,0.038255610677065,0.0185517718104657));
#8545=CARTESIAN_POINT('',(0.0110885074022762,0.0369695096641831,0.0186103600842105));
#8546=CARTESIAN_POINT('',(0.0117698149240582,0.032163754062746,0.0182048080950915));
#8547=CARTESIAN_POINT('',(0.0139440342753636,0.0283810123574942,0.016937288890775));
#8548=CARTESIAN_POINT('',(0.0165185777007754,0.0270862448156062,0.0154711475721027));
#8549=CARTESIAN_POINT('',(0.0169441958593708,0.027,0.0152301907498357));
#8550=CARTESIAN_POINT('',(0.0173599545670404,0.027,0.0149958540236946));
#8551=CARTESIAN_POINT('',(0.0194731091281962,0.0527030452689341,0.0197667599372297));
#8552=CARTESIAN_POINT('',(0.0192701591886217,0.0479481524934819,0.019821703560784));
#8553=CARTESIAN_POINT('',(0.0142563311576338,0.044281389763764,0.0211789899680428));
#8554=CARTESIAN_POINT('',(0.012481867343797,0.038255610677065,0.0216492553487257));
#8555=CARTESIAN_POINT('',(0.0123612534557723,0.0369695096641831,0.0216793068592623));
#8556=CARTESIAN_POINT('',(0.0131079209790877,0.032163754062746,0.0214664729784618));
#8557=CARTESIAN_POINT('',(0.0155171807572444,0.0283810123574942,0.0208054049432845));
#8558=CARTESIAN_POINT('',(0.0184044912285465,0.0270862448156062,0.020046232413662));
#8559=CARTESIAN_POINT('',(0.0188832254162072,0.027,0.0199216940781));
#8560=CARTESIAN_POINT('',(0.0193518988684893,0.027,0.0198007460904143));
#8561=CARTESIAN_POINT('',(0.0199934925924689,0.0527030452689341,0.0223828651331923));
#8562=CARTESIAN_POINT('',(0.0197853278169916,0.0479481524934819,0.0224103433071836));
#8563=CARTESIAN_POINT('',(0.0146426259373099,0.044281389763764,0.0230891434841664));
#8564=CARTESIAN_POINT('',(0.0128173177062174,0.038255610677065,0.0233243067277357));
#8565=CARTESIAN_POINT('',(0.0126922559737934,0.0369695096641831,0.0233393298220488));
#8566=CARTESIAN_POINT('',(0.013452566629235,0.032163754062746,0.0232328629993287));
#8567=CARTESIAN_POINT('',(0.0159191601062134,0.0283810123574942,0.0229022316124808));
#8568=CARTESIAN_POINT('',(0.0188923211948724,0.0270862448156062,0.0225226105332781));
#8569=CARTESIAN_POINT('',(0.0193859831410343,0.027,0.0224603389041778));
#8570=CARTESIAN_POINT('',(0.0198697750917772,0.027,0.022399864910335));
#8571=CARTESIAN_POINT('',(0.0199934925924689,0.0527030452689341,0.0276171348668078));
#8572=CARTESIAN_POINT('',(0.0197853278169916,0.0479481524934819,0.0275896566928164));
#8573=CARTESIAN_POINT('',(0.0146426259373099,0.044281389763764,0.0269108565158336));
#8574=CARTESIAN_POINT('',(0.0128173177062174,0.038255610677065,0.0266756932722644));
#8575=CARTESIAN_POINT('',(0.0126922559737933,0.0369695096641831,0.0266606701779512));
#8576=CARTESIAN_POINT('',(0.013452566629235,0.032163754062746,0.0267671370006714));
#8577=CARTESIAN_POINT('',(0.0159191601062134,0.0283810123574942,0.0270977683875193));
#8578=CARTESIAN_POINT('',(0.0188923211948724,0.0270862448156062,0.027477389466722));
#8579=CARTESIAN_POINT('',(0.0193859831410343,0.027,0.0275396610958222));
#8580=CARTESIAN_POINT('',(0.0198697750917772,0.027,0.0276001350896651));
#8581=CARTESIAN_POINT('',(0.0194731091281962,0.0527030452689341,0.0302332400627704));
#8582=CARTESIAN_POINT('',(0.0192701591886217,0.0479481524934819,0.030178296439216));
#8583=CARTESIAN_POINT('',(0.0142563311576338,0.044281389763764,0.0288210100319572));
#8584=CARTESIAN_POINT('',(0.012481867343797,0.038255610677065,0.0283507446512744));
#8585=CARTESIAN_POINT('',(0.0123612534557723,0.0369695096641831,0.0283206931407377));
#8586=CARTESIAN_POINT('',(0.0131079209790877,0.032163754062746,0.0285335270215383));
#8587=CARTESIAN_POINT('',(0.0155171807572445,0.0283810123574942,0.0291945950567156));
#8588=CARTESIAN_POINT('',(0.0184044912285466,0.0270862448156062,0.0299537675863379));
#8589=CARTESIAN_POINT('',(0.0188832254162073,0.027,0.0300783059219));
#8590=CARTESIAN_POINT('',(0.0193518988684894,0.027,0.0301992539095857));
#8591=CARTESIAN_POINT('',(0.0174700241110743,0.0527030452689341,0.0350690788891791));
#8592=CARTESIAN_POINT('',(0.0172875720327616,0.0479481524934819,0.0349634946625664));
#8593=CARTESIAN_POINT('',(0.0127802158916778,0.044281389763764,0.0323551939590325));
#8594=CARTESIAN_POINT('',(0.0111944931830397,0.038255610677065,0.0314482281895343));
#8595=CARTESIAN_POINT('',(0.0110885074022761,0.0369695096641831,0.0313896399157896));
#8596=CARTESIAN_POINT('',(0.0117698149240581,0.032163754062746,0.0317951919049085));
#8597=CARTESIAN_POINT('',(0.0139440342753635,0.0283810123574942,0.0330627111092249));
#8598=CARTESIAN_POINT('',(0.0165185777007753,0.0270862448156062,0.0345288524278972));
#8599=CARTESIAN_POINT('',(0.0169441958593707,0.027,0.0347698092501643));
#8600=CARTESIAN_POINT('',(0.0173599545670403,0.027,0.0350041459763053));
#8601=CARTESIAN_POINT('',(0.0159881106341717,0.0527030452689341,0.0372869099359872));
#8602=CARTESIAN_POINT('',(0.0158209318423619,0.0479481524934819,0.037158174067557));
#8603=CARTESIAN_POINT('',(0.011690933458082,0.044281389763764,0.0339779253958972));
#8604=CARTESIAN_POINT('',(0.0102430606685303,0.038255610677065,0.0328694742847048));
#8605=CARTESIAN_POINT('',(0.0101472592238424,0.0369695096641831,0.0327973678303674));
#8606=CARTESIAN_POINT('',(0.0107769262327667,0.032163754062746,0.0332890865287068));
#8607=CARTESIAN_POINT('',(0.0127735879024516,0.0283810123574942,0.0348322604239703));
#8608=CARTESIAN_POINT('',(0.0151212681908935,0.0270862448156062,0.0366256904240579));
#8609=CARTESIAN_POINT('',(0.0155087018465492,0.027,0.0369207899307183));
#8610=CARTESIAN_POINT('',(0.015886664308067,0.027,0.0372080414014718));
#8611=CARTESIAN_POINT('',(0.0122869099359872,0.0527030452689341,0.0409881106341717));
#8612=CARTESIAN_POINT('',(0.012158174067557,0.0479481524934819,0.0408209318423619));
#8613=CARTESIAN_POINT('',(0.00897792539589715,0.044281389763764,0.0366909334580819));
#8614=CARTESIAN_POINT('',(0.00786947428470472,0.038255610677065,0.0352430606685303));
#8615=CARTESIAN_POINT('',(0.0077973678303673,0.0369695096641831,0.0351472592238424));
#8616=CARTESIAN_POINT('',(0.00828908652870679,0.032163754062746,0.0357769262327668));
#8617=CARTESIAN_POINT('',(0.00983226042397029,0.0283810123574942,0.0377735879024516));
#8618=CARTESIAN_POINT('',(0.0116256904240578,0.0270862448156062,0.0401212681908936));
#8619=CARTESIAN_POINT('',(0.0119207899307183,0.027,0.0405087018465492));
#8620=CARTESIAN_POINT('',(0.0122080414014719,0.027,0.040886664308067));
#8621=CARTESIAN_POINT('',(0.010069078889179,0.0527030452689341,0.0424700241110744));
#8622=CARTESIAN_POINT('',(0.00996349466256635,0.0479481524934819,0.0422875720327615));
#8623=CARTESIAN_POINT('',(0.00735519395903241,0.044281389763764,0.0377802158916778));
#8624=CARTESIAN_POINT('',(0.00644822818953427,0.038255610677065,0.0361944931830397));
#8625=CARTESIAN_POINT('',(0.00638963991578955,0.0369695096641831,0.0360885074022761));
#8626=CARTESIAN_POINT('',(0.00679519190490848,0.0321637540627461,0.0367698149240581));
#8627=CARTESIAN_POINT('',(0.00806271110922493,0.0283810123574942,0.0389440342753635));
#8628=CARTESIAN_POINT('',(0.00952885242789723,0.0270862448156062,0.0415185777007753));
#8629=CARTESIAN_POINT('',(0.00976980925016428,0.027,0.0419441958593707));
#8630=CARTESIAN_POINT('',(0.0100041459763053,0.027,0.0423599545670403));
#8631=CARTESIAN_POINT('',(0.00523324006277036,0.0527030452689341,0.0444731091281961));
#8632=CARTESIAN_POINT('',(0.00517829643921598,0.0479481524934819,0.0442701591886217));
#8633=CARTESIAN_POINT('',(0.0038210100319572,0.044281389763764,0.0392563311576338));
#8634=CARTESIAN_POINT('',(0.0033507446512744,0.038255610677065,0.037481867343797));
#8635=CARTESIAN_POINT('',(0.00332069314073772,0.0369695096641831,0.0373612534557724));
#8636=CARTESIAN_POINT('',(0.00353352702153823,0.0321637540627461,0.0381079209790878));
#8637=CARTESIAN_POINT('',(0.0041945950567156,0.0283810123574942,0.0405171807572445));
#8638=CARTESIAN_POINT('',(0.00495376758633792,0.0270862448156062,0.0434044912285466));
#8639=CARTESIAN_POINT('',(0.00507830592189997,0.027,0.0438832254162073));
#8640=CARTESIAN_POINT('',(0.00519925390958568,0.027,0.0443518988684894));
#8641=CARTESIAN_POINT('',(0.00261713486680772,0.0527030452689341,0.0449934925924689));
#8642=CARTESIAN_POINT('',(0.00258965669281635,0.0479481524934819,0.0447853278169916));
#8643=CARTESIAN_POINT('',(0.00191085651583361,0.044281389763764,0.0396426259373099));
#8644=CARTESIAN_POINT('',(0.00167569327226433,0.038255610677065,0.0378173177062173));
#8645=CARTESIAN_POINT('',(0.00166067017795119,0.0369695096641831,0.0376922559737933));
#8646=CARTESIAN_POINT('',(0.00176713700067132,0.0321637540627461,0.038452566629235));
#8647=CARTESIAN_POINT('',(0.00209776838751917,0.0283810123574942,0.0409191601062134));
#8648=CARTESIAN_POINT('',(0.00247738946672188,0.0270862448156062,0.0438923211948724));
#8649=CARTESIAN_POINT('',(0.00253966109582212,0.027,0.0443859831410343));
#8650=CARTESIAN_POINT('',(0.00260013508966498,0.027,0.0448697750917772));
#8651=CARTESIAN_POINT('',(-1.29082733046511E-20,0.0527030452689341,0.0449934925924689));
#8652=CARTESIAN_POINT('',(-4.25943076196484E-19,0.0479481524934819,0.0447853278169916));
#8653=CARTESIAN_POINT('',(-1.06382095250192E-17,0.044281389763764,0.0396426259373099));
#8654=CARTESIAN_POINT('',(-1.52772239918369E-17,0.038255610677065,0.0378173177062173));
#8655=CARTESIAN_POINT('',(-1.57796409524424E-17,0.0369695096641831,0.0376922559737933));
#8656=CARTESIAN_POINT('',(-1.53770948717124E-17,0.0321637540627461,0.038452566629235));
#8657=CARTESIAN_POINT('',(-1.16486083706468E-17,0.0283810123574942,0.0409191601062134));
#8658=CARTESIAN_POINT('',(-7.6038687166145E-18,0.0270862448156062,0.0438923211948724));
#8659=CARTESIAN_POINT('',(-6.95111426062159E-18,0.027,0.0443859831410343));
#8660=CARTESIAN_POINT('',(-6.32780184976642E-18,0.027,0.0448697750917772));
#8661=CARTESIAN_POINT('',(-0.00396172909242143,0.0525342076761735,0.0447194748326811));
#8662=CARTESIAN_POINT('',(4.1740393794613E-6,0.0525341718076502,0.0451157139859446));
#8663=CARTESIAN_POINT('',(0.00394503293490383,0.052534207499839,0.0447217217099872));
#8664=CARTESIAN_POINT('',(0.00770915163137751,0.0525342737458648,0.043577248950869));
#8665=CARTESIAN_POINT('',(0.0111944890693839,0.0525343321977788,0.0417082617154871));
#8666=CARTESIAN_POINT('',(0.0142188396768969,0.0525343548326645,0.0392250824580656));
#8667=CARTESIAN_POINT('',(0.0167354304463561,0.0525343317504154,0.0361554552426514));
#8668=CARTESIAN_POINT('',(0.0185764993617409,0.0525342736384115,0.0327069165136675));
#8669=CARTESIAN_POINT('',(0.0197285028264804,0.0525342070916169,0.0289183874568774));
#8670=CARTESIAN_POINT('',(0.0201112812386827,0.0525341720921514,0.025002910580217));
#8671=CARTESIAN_POINT('',(0.0197304226850102,0.0525342069465695,0.0210919715923139));
#8672=CARTESIAN_POINT('',(0.0185796280465513,0.0525342735004745,0.017300247581135));
#8673=CARTESIAN_POINT('',(0.01674027143738,0.0525343316453573,0.0138520720854229));
#8674=CARTESIAN_POINT('',(0.0142257214527476,0.0525343548396582,0.010781685111618));
#8675=CARTESIAN_POINT('',(0.0112005347614414,0.0525343322733653,0.00829559060221811));
#8676=CARTESIAN_POINT('',(0.00771783251595355,0.052534273930322,0.00642719559137965));
#8677=CARTESIAN_POINT('',(0.0039617348082951,0.0525342076762679,0.00528052641983188));
#8678=CARTESIAN_POINT('',(-4.16676343575913E-6,0.0525341718076499,0.00488428601174869));
#8679=CARTESIAN_POINT('',(-0.00394502723368583,0.0525342074997454,0.00527827704673352));
#8680=CARTESIAN_POINT('',(-0.00770914701363694,0.0525342737457802,0.00642274909126267));
#8681=CARTESIAN_POINT('',(-0.0111944855715532,0.0525343321977339,0.00829173587110777));
#8682=CARTESIAN_POINT('',(-0.0142188373534592,0.0525343548326681,0.0107749151389455));
#8683=CARTESIAN_POINT('',(-0.0167354290912488,0.0525343317504461,0.0138445426291369));
#8684=CARTESIAN_POINT('',(-0.0185764987651392,0.0525342736384414,0.0172930819033163));
#8685=CARTESIAN_POINT('',(-0.0197285027186303,0.0525342070916268,0.0210816117142665));
#8686=CARTESIAN_POINT('',(-0.0201112812926145,0.0525341720921466,0.0249970894194851));
#8687=CARTESIAN_POINT('',(-0.0197304225771331,0.0525342069465793,0.0289080292377293));
#8688=CARTESIAN_POINT('',(-0.0185796274521416,0.0525342735005043,0.0326997539991104));
#8689=CARTESIAN_POINT('',(-0.0167402700805226,0.0525343316453881,0.0361479300468507));
#8690=CARTESIAN_POINT('',(-0.0142257191348146,0.0525343548396618,0.0392183172888194));
#8691=CARTESIAN_POINT('',(-0.0112005312555932,0.0525343322733204,0.0417044118179105));
#8692=CARTESIAN_POINT('',(-0.00771782790995048,0.0525342739302379,0.0435728063641893));
#8693=CARTESIAN_POINT('',(-0.00396172909242143,0.0525342076761735,0.0447194748326811));
#8694=CARTESIAN_POINT('',(4.1740393794613E-6,0.0525341718076502,0.0451157139859446));
#8695=CARTESIAN_POINT('',(0.00394503293490383,0.052534207499839,0.0447217217099872));
#8696=CARTESIAN_POINT('',(4.18234841118861E-17,0.0525341837344355,0.0449840087477411));
#8697=CARTESIAN_POINT('',(-0.027875,-0.030002,0.045));
#8698=CARTESIAN_POINT('',(-0.027875,-0.030002,0.0466598820239202));
#8699=CARTESIAN_POINT('',(-0.027875,0.048515652221337,0.0466598820239202));
#8700=CARTESIAN_POINT('',(-0.027875,0.051,0.0466598820239202));
#8701=CARTESIAN_POINT('',(-0.027875,0.048515652221337,0.0433401179760799));
#8702=CARTESIAN_POINT('',(-0.027875,0.048515652221337,0.0433401179760799));
#8703=CARTESIAN_POINT('',(-0.027875,-0.030002,0.0433401179760799));
#8704=CARTESIAN_POINT('',(-0.027875,0.051,0.0433401179760799));
#8705=CARTESIAN_POINT('',(-0.027875,0.051,0.045));
#8706=CARTESIAN_POINT('',(-0.0264375,-0.030002,0.0474898230358803));
#8707=CARTESIAN_POINT('',(-0.025,-0.030002,0.0483197640478404));
#8708=CARTESIAN_POINT('',(-0.025,0.0450824561889434,0.0483197640478404));
#8709=CARTESIAN_POINT('',(-0.025,0.051,0.0483197640478404));
#8710=CARTESIAN_POINT('',(-0.01975,0.053,0.0513508529610859));
#8711=CARTESIAN_POINT('',(-0.0279651935179096,0.0482291934158576,0.0466078087720759));
#8712=CARTESIAN_POINT('',(-0.028375,0.048515652221337,0.0463712068893254));
#8713=CARTESIAN_POINT('',(-0.0264375,0.051,0.0474898230358803));
#8714=CARTESIAN_POINT('',(-0.0235625,-0.030002,0.0474898230358803));
#8715=CARTESIAN_POINT('',(-0.022125,-0.030002,0.0466598820239202));
#8716=CARTESIAN_POINT('',(-0.022125,0.0436868708266233,0.0466598820239202));
#8717=CARTESIAN_POINT('',(-0.022125,0.051,0.0466598820239202));
#8718=CARTESIAN_POINT('',(-0.02025,0.053,0.0455773502691896));
#8719=CARTESIAN_POINT('',(-0.025069258663831,0.0448131357693504,0.0483597505560469));
#8720=CARTESIAN_POINT('',(-0.025069258663831,0.0448131357693504,0.0483597505560469));
#8721=CARTESIAN_POINT('',(-0.025020959327698,0.0448914699316083,0.0483318649213289));
#8722=CARTESIAN_POINT('',(-0.025,0.0449866055209202,0.0483197640478404));
#8723=CARTESIAN_POINT('',(-0.025,0.0450824561889434,0.0483197640478404));
#8724=CARTESIAN_POINT('',(-0.0235625,0.051,0.0474898230358803));
#8725=CARTESIAN_POINT('',(1.04083408558608E-17,0.051,0.025));
#8726=CARTESIAN_POINT('',(-0.025,0.051,0.045));
#8727=CARTESIAN_POINT('',(-0.025,0.051,0.047125));
#8728=CARTESIAN_POINT('',(-0.0264375,0.051,0.0425101769641198));
#8729=CARTESIAN_POINT('',(-0.025,0.051,0.0416802359521597));
#8730=CARTESIAN_POINT('',(-0.0235625,0.051,0.0425101769641198));
#8731=CARTESIAN_POINT('',(-0.022125,0.051,0.0433401179760799));
#8732=CARTESIAN_POINT('',(-0.022125,0.051,0.045));
#8733=CARTESIAN_POINT('',(-0.0264375,-0.030002,0.0425101769641198));
#8734=CARTESIAN_POINT('',(-0.028375,0.048515652221337,0.0436287931106746));
#8735=CARTESIAN_POINT('',(-0.0279651935179096,0.0482291934158576,0.0433921912279241));
#8736=CARTESIAN_POINT('',(-0.01975,0.053,0.0386491470389142));
#8737=CARTESIAN_POINT('',(-0.025,0.0450824561889435,0.0416802359521597));
#8738=CARTESIAN_POINT('',(-0.025,-0.030002,0.0416802359521597));
#8739=CARTESIAN_POINT('',(-0.022125,-0.030002,0.045));
#8740=CARTESIAN_POINT('',(-0.022125,-0.030002,0.0433401179760799));
#8741=CARTESIAN_POINT('',(-0.022125,0.0436868708266233,0.0433401179760799));
#8742=CARTESIAN_POINT('',(-0.022125,0.0436868708266233,0.0433401179760799));
#8743=CARTESIAN_POINT('',(-0.022125,0.0436712071535367,0.0433401179760799));
#8744=CARTESIAN_POINT('',(-0.022125,0.0436555871976961,0.0433392949507929));
#8745=CARTESIAN_POINT('',(-0.022125,0.0436400120192385,0.0433376289419731));
#8746=CARTESIAN_POINT('',(-0.022125,0.0436400120192385,0.0433376289419731));
#8747=CARTESIAN_POINT('',(-0.022125,0.0436400120192385,0.0466598820239202));
#8748=CARTESIAN_POINT('',(-0.022125,0.0436400120192385,0.046662371058027));
#8749=CARTESIAN_POINT('',(-0.022125,0.0436400120192385,0.046662371058027));
#8750=CARTESIAN_POINT('',(-0.022125,0.0436555871976961,0.0466607050492072));
#8751=CARTESIAN_POINT('',(-0.022125,0.0436712071535367,0.0466598820239202));
#8752=CARTESIAN_POINT('',(-0.022125,0.0436868708266233,0.0466598820239202));
#8753=CARTESIAN_POINT('',(-0.0235625,-0.030002,0.0425101769641198));
#8754=CARTESIAN_POINT('',(-0.025,0.0450824561889435,0.0416802359521597));
#8755=CARTESIAN_POINT('',(-0.025,0.0449866851771858,0.0416802359521597));
#8756=CARTESIAN_POINT('',(-0.0250210027763915,0.0448913994644493,0.0416681099935563));
#8757=CARTESIAN_POINT('',(-0.025069258663831,0.0448131357693504,0.0416402494439531));
#8758=CARTESIAN_POINT('',(-0.025069258663831,0.0448131357693504,0.0416402494439531));
#8759=CARTESIAN_POINT('',(-0.02025,0.053,0.0444226497308104));
#8760=CARTESIAN_POINT('',(0.0235625,-0.030002,0.00748982303588028));
#8761=CARTESIAN_POINT('',(0.025,0.0450824561889434,0.00831976404784035));
#8762=CARTESIAN_POINT('',(0.025,0.0449866851771857,0.00831976404784035));
#8763=CARTESIAN_POINT('',(0.0250210027763915,0.0448913994644492,0.00833189000644368));
#8764=CARTESIAN_POINT('',(0.025069258663831,0.0448131357693504,0.00835975055604685));
#8765=CARTESIAN_POINT('',(0.025,0.0450824561889434,0.00831976404784035));
#8766=CARTESIAN_POINT('',(0.025069258663831,0.0448131357693504,0.00835975055604685));
#8767=CARTESIAN_POINT('',(0.02025,0.053,0.00557735026918962));
#8768=CARTESIAN_POINT('',(0.022125,0.0436868708266233,0.0066598820239202));
#8769=CARTESIAN_POINT('',(0.022125,-0.030002,0.0066598820239202));
#8770=CARTESIAN_POINT('',(0.022125,0.051,0.0066598820239202));
#8771=CARTESIAN_POINT('',(0.0235625,0.051,0.00748982303588028));
#8772=CARTESIAN_POINT('',(0.025,0.051,0.00831976404784035));
#8773=CARTESIAN_POINT('',(0.025,-0.030002,0.00831976404784035));
#8774=CARTESIAN_POINT('',(0.022125,-0.030002,0.005));
#8775=CARTESIAN_POINT('',(0.022125,0.0436868708266233,0.0066598820239202));
#8776=CARTESIAN_POINT('',(0.022125,0.0436712071535367,0.0066598820239202));
#8777=CARTESIAN_POINT('',(0.022125,0.0436555871976961,0.0066607050492071));
#8778=CARTESIAN_POINT('',(0.022125,0.0436400120192384,0.00666237105802694));
#8779=CARTESIAN_POINT('',(0.022125,0.0436400120192384,0.00666237105802694));
#8780=CARTESIAN_POINT('',(0.022125,0.0436400120192384,0.00334011797607983));
#8781=CARTESIAN_POINT('',(0.022125,0.0436400120192384,0.00333762894197307));
#8782=CARTESIAN_POINT('',(0.022125,0.0436400120192384,0.00333762894197307));
#8783=CARTESIAN_POINT('',(0.022125,0.0436555871976961,0.00333929495079291));
#8784=CARTESIAN_POINT('',(0.022125,0.0436712071535367,0.00334011797607982));
#8785=CARTESIAN_POINT('',(0.022125,0.0436868708266233,0.00334011797607983));
#8786=CARTESIAN_POINT('',(0.022125,0.0436868708266233,0.00334011797607983));
#8787=CARTESIAN_POINT('',(0.022125,-0.030002,0.00334011797607983));
#8788=CARTESIAN_POINT('',(0.022125,0.051,0.00334011797607983));
#8789=CARTESIAN_POINT('',(0.022125,0.051,0.005));
#8790=CARTESIAN_POINT('',(0.0264375,-0.030002,0.00748982303588026));
#8791=CARTESIAN_POINT('',(0.028375,0.048515652221337,0.00637120688932536));
#8792=CARTESIAN_POINT('',(0.027875,0.048515652221337,0.00665988202392017));
#8793=CARTESIAN_POINT('',(0.0279651935179096,0.0482291934158576,0.00660780877207592));
#8794=CARTESIAN_POINT('',(0.01975,0.053,0.0113508529610859));
#8795=CARTESIAN_POINT('',(0.0264375,0.051,0.00748982303588026));
#8796=CARTESIAN_POINT('',(0.027875,0.051,0.00665988202392017));
#8797=CARTESIAN_POINT('',(0.027875,-0.030002,0.00665988202392017));
#8798=CARTESIAN_POINT('',(1.04083408558608E-17,0.051,0.025));
#8799=CARTESIAN_POINT('',(0.025,0.051,0.005));
#8800=CARTESIAN_POINT('',(0.025,0.051,0.007125));
#8801=CARTESIAN_POINT('',(0.0235625,0.051,0.00251017696411973));
#8802=CARTESIAN_POINT('',(0.025,0.051,0.00168023595215963));
#8803=CARTESIAN_POINT('',(0.0264375,0.051,0.00251017696411973));
#8804=CARTESIAN_POINT('',(0.027875,0.051,0.00334011797607983));
#8805=CARTESIAN_POINT('',(0.027875,0.051,0.005));
#8806=CARTESIAN_POINT('',(0.0235625,-0.030002,0.00251017696411973));
#8807=CARTESIAN_POINT('',(0.02025,0.053,0.00442264973081039));
#8808=CARTESIAN_POINT('',(0.025069258663831,0.0448131357693504,0.00164024944395314));
#8809=CARTESIAN_POINT('',(0.025069258663831,0.0448131357693504,0.00164024944395314));
#8810=CARTESIAN_POINT('',(0.025020959327698,0.0448914699316083,0.00166813507867118));
#8811=CARTESIAN_POINT('',(0.025,0.0449866055209202,0.00168023595215965));
#8812=CARTESIAN_POINT('',(0.025,0.0450824561889434,0.00168023595215965));
#8813=CARTESIAN_POINT('',(0.025,0.0450824561889434,0.00168023595215963));
#8814=CARTESIAN_POINT('',(0.025,-0.030002,0.00168023595215963));
#8815=CARTESIAN_POINT('',(0.0264375,-0.030002,0.00251017696411973));
#8816=CARTESIAN_POINT('',(0.01975,0.053,-0.00135085296108589));
#8817=CARTESIAN_POINT('',(0.0279651935179096,0.0482291934158576,0.00339219122792408));
#8818=CARTESIAN_POINT('',(0.028375,0.048515652221337,0.00362879311067465));
#8819=CARTESIAN_POINT('',(0.027875,0.048515652221337,0.00334011797607983));
#8820=CARTESIAN_POINT('',(0.027875,-0.030002,0.00334011797607983));
#8821=CARTESIAN_POINT('',(0.027875,-0.030002,0.005));
#8822=CARTESIAN_POINT('',(0.027875,0.048515652221337,0.00665988202392017));
#8823=CARTESIAN_POINT('',(-0.025,0.16923859214251,0.045));
#8824=CARTESIAN_POINT('',(-0.025,0.0515,0.045));
#8825=CARTESIAN_POINT('',(-0.025,0.0515,0.046625));
#8826=CARTESIAN_POINT('',(-0.025,0.0565,0.045));
#8827=CARTESIAN_POINT('',(-0.025,0.0565,0.046625));
#8828=CARTESIAN_POINT('',(0.025,0.16923859214251,0.005));
#8829=CARTESIAN_POINT('',(0.025,0.0515,0.005));
#8830=CARTESIAN_POINT('',(0.025,0.0515,0.006625));
#8831=CARTESIAN_POINT('',(0.025,0.0565,0.005));
#8832=CARTESIAN_POINT('',(0.025,0.0565,0.006625));
#8833=CARTESIAN_POINT('',(0.030002,-7.80677605893842E-18,0.025));
#8834=CARTESIAN_POINT('',(-0.0275,7.15573433840434E-18,0.025));
#8835=CARTESIAN_POINT('',(-0.0275,7.15573433840434E-18,0.023425));
#8836=CARTESIAN_POINT('',(-0.0295,7.67615138119737E-18,0.025));
#8837=CARTESIAN_POINT('',(-0.0295,0.00157500000000001,0.025));
#8838=CARTESIAN_POINT('',(-0.030002,7.80677605893841E-18,0.025));
#8839=CARTESIAN_POINT('',(0.0275,-7.15573433840433E-18,0.025));
#8840=CARTESIAN_POINT('',(0.0275,-7.15573433840433E-18,0.022175));
#8841=CARTESIAN_POINT('',(0.0295,-7.67615138119737E-18,0.025));
#8842=CARTESIAN_POINT('',(0.0295,0.00282499999999999,0.025));
#8843=CARTESIAN_POINT('',(0.01,0.057002,0.012));
#8844=CARTESIAN_POINT('',(0.017,0.057002,0.012));
#8845=CARTESIAN_POINT('',(0.017,-0.0275,0.012));
#8846=CARTESIAN_POINT('',(0.017,-0.0295,0.012));
#8847=CARTESIAN_POINT('',(0.01,-0.0275,0.012));
#8848=CARTESIAN_POINT('',(0.01,-0.0275,0.005));
#8849=CARTESIAN_POINT('',(0.01,0.057002,0.005));
#8850=CARTESIAN_POINT('',(0.01,-0.0295,0.005));
#8851=CARTESIAN_POINT('',(0.01,-0.0295,0.012));
#8852=CARTESIAN_POINT('',(-5.20417042793042E-18,0.057002,0.005));
#8853=CARTESIAN_POINT('',(-5.20417042793042E-18,-0.0275,0.005));
#8854=CARTESIAN_POINT('',(-0.01,-0.0275,0.005));
#8855=CARTESIAN_POINT('',(-0.01,0.057002,0.005));
#8856=CARTESIAN_POINT('',(-0.01,-0.0295,0.005));
#8857=CARTESIAN_POINT('',(0.01,-0.0295,0.005));
#8858=CARTESIAN_POINT('',(0.017,0.057002,0.025));
#8859=CARTESIAN_POINT('',(0.017,0.057002,0.038));
#8860=CARTESIAN_POINT('',(0.017,-0.0275,0.038));
#8861=CARTESIAN_POINT('',(0.017,-0.0295,0.038));
#8862=CARTESIAN_POINT('',(0.017,-0.0275,0.012));
#8863=CARTESIAN_POINT('',(0.017,-0.0295,0.025));
#8864=CARTESIAN_POINT('',(-0.01,0.057002,0.012));
#8865=CARTESIAN_POINT('',(-0.01,-0.0275,0.012));
#8866=CARTESIAN_POINT('',(-0.017,-0.0275,0.012));
#8867=CARTESIAN_POINT('',(-0.017,0.057002,0.012));
#8868=CARTESIAN_POINT('',(-0.017,-0.0295,0.012));
#8869=CARTESIAN_POINT('',(-0.01,-0.0295,0.012));
#8870=CARTESIAN_POINT('',(-0.017,0.057002,0.025));
#8871=CARTESIAN_POINT('',(-0.017,-0.0275,0.025));
#8872=CARTESIAN_POINT('',(-0.017,-0.0275,0.038));
#8873=CARTESIAN_POINT('',(-0.017,0.057002,0.038));
#8874=CARTESIAN_POINT('',(-0.017,-0.0295,0.038));
#8875=CARTESIAN_POINT('',(-0.017,-0.0295,0.012));
#8876=CARTESIAN_POINT('',(-0.01,0.057002,0.038));
#8877=CARTESIAN_POINT('',(-0.0127826083596508,-0.0275,0.0444231682771668));
#8878=CARTESIAN_POINT('',(-0.0123594914698826,-0.0275,0.0446064685650892));
#8879=CARTESIAN_POINT('',(-0.0119284527848123,-0.027445960583333,0.0447443719672789));
#8880=CARTESIAN_POINT('',(-0.0114854744894404,-0.0273944271909987,0.0448405676329689));
#8881=CARTESIAN_POINT('',(-0.0127826083596508,-0.0275,0.0444231682771668));
#8882=CARTESIAN_POINT('',(-0.0114854744894404,-0.0273944271909988,0.0448405676329689));
#8883=CARTESIAN_POINT('',(-0.01,-0.0310590169943749,0.038));
#8884=CARTESIAN_POINT('',(-0.01,-0.0273090169943749,0.045));
#8885=CARTESIAN_POINT('',(-0.01,0.057002,0.045));
#8886=CARTESIAN_POINT('',(-0.01,-0.0295,0.045));
#8887=CARTESIAN_POINT('',(-0.01,-0.0295,0.038));
#8888=CARTESIAN_POINT('',(-0.01,-0.0275,0.038));
#8889=CARTESIAN_POINT('',(-5.20417042793042E-18,0.057002,0.045));
#8890=CARTESIAN_POINT('',(0.011280056178454,-0.0273090169943749,0.045));
#8891=CARTESIAN_POINT('',(0.01,-0.0273090169943749,0.045));
#8892=CARTESIAN_POINT('',(0.01,0.057002,0.045));
#8893=CARTESIAN_POINT('',(0.01,-0.0295,0.045));
#8894=CARTESIAN_POINT('',(-5.20417042793042E-18,-0.0295,0.045));
#8895=CARTESIAN_POINT('',(0.01,0.057002,0.038));
#8896=CARTESIAN_POINT('',(0.0114854744894501,-0.0273944271909999,0.0448405676329668));
#8897=CARTESIAN_POINT('',(0.0119272488568925,-0.0274458205257038,0.0447446334081861));
#8898=CARTESIAN_POINT('',(0.0123622165028251,-0.0275,0.0446052880418459));
#8899=CARTESIAN_POINT('',(0.0127826083596508,-0.0275,0.0444231682771668));
#8900=CARTESIAN_POINT('',(0.0114854744894501,-0.0273944271909999,0.0448405676329668));
#8901=CARTESIAN_POINT('',(0.0127826083596508,-0.0275,0.0444231682771668));
#8902=CARTESIAN_POINT('',(0.01,-0.0275,0.038));
#8903=CARTESIAN_POINT('',(0.01,-0.0295,0.038));
#8904=CARTESIAN_POINT('',(0.01,-0.0310590169943749,0.038));
#8905=CARTESIAN_POINT('',(-0.016,-0.026,0.05));
#8906=CARTESIAN_POINT('',(-0.016,-0.026,0.0525));
#8907=CARTESIAN_POINT('',(-0.016,-0.0255,0.053));
#8908=CARTESIAN_POINT('',(-0.016,-0.0255,0.0525));
#8909=CARTESIAN_POINT('',(-0.016,-0.0255,0.0491180339887499));
#8910=CARTESIAN_POINT('',(-0.016779109353385,-0.0248731119593834,0.0497449220293665));
#8911=CARTESIAN_POINT('',(-0.0167791093533849,-0.0248731119593834,0.0497449220293665));
#8912=CARTESIAN_POINT('',(-0.016848274831365,-0.0249590722383075,0.0498979116093125));
#8913=CARTESIAN_POINT('',(-0.0169450610558888,-0.0251212523815189,0.05));
#8914=CARTESIAN_POINT('',(-0.0169815933432753,-0.0253090169943749,0.05));
#8915=CARTESIAN_POINT('',(-0.0255,-0.016,0.05));
#8916=CARTESIAN_POINT('',(-0.0255,-0.016,0.0525));
#8917=CARTESIAN_POINT('',(-0.0253090169943749,-0.0169815933432753,0.05));
#8918=CARTESIAN_POINT('',(-0.0251212196516543,-0.0169450546878261,0.05));
#8919=CARTESIAN_POINT('',(-0.0249594053841412,-0.0168485428876243,0.0498985045324834));
#8920=CARTESIAN_POINT('',(-0.0248731119593834,-0.0167791093533849,0.0497449220293665));
#8921=CARTESIAN_POINT('',(-0.0248731119593834,-0.0167791093533849,0.0497449220293665));
#8922=CARTESIAN_POINT('',(-0.0255,-0.016,0.0491180339887499));
#8923=CARTESIAN_POINT('',(-0.026,-0.016,0.053));
#8924=CARTESIAN_POINT('',(-0.026,-0.016,0.0525));
#8925=CARTESIAN_POINT('',(-0.026,0.016,0.05));
#8926=CARTESIAN_POINT('',(-0.026,0.016,0.0525));
#8927=CARTESIAN_POINT('',(-0.0255,0.016,0.053));
#8928=CARTESIAN_POINT('',(-0.0255,0.016,0.0525));
#8929=CARTESIAN_POINT('',(-0.0255,0.016,0.0491180339887499));
#8930=CARTESIAN_POINT('',(-0.0248709957410371,0.0167774018537453,0.0497470382477126));
#8931=CARTESIAN_POINT('',(-0.0252848777593175,0.0169765871295301,0.05));
#8932=CARTESIAN_POINT('',(-0.0251045914196232,0.0169368737233354,0.05));
#8933=CARTESIAN_POINT('',(-0.0249515952700094,0.016842615805516,0.0498964883471723));
#8934=CARTESIAN_POINT('',(-0.0248709957410368,0.0167774018537487,0.0497470382477115));
#8935=CARTESIAN_POINT('',(-0.016,0.0255,0.05));
#8936=CARTESIAN_POINT('',(-0.016,0.0255,0.0525));
#8937=CARTESIAN_POINT('',(-0.0169765871295301,0.0252848777593175,0.05));
#8938=CARTESIAN_POINT('',(-0.0169368737233354,0.0251045914196233,0.05));
#8939=CARTESIAN_POINT('',(-0.0168426158055161,0.0249515952700094,0.0498964883471723));
#8940=CARTESIAN_POINT('',(-0.0167774018537487,0.0248709957410368,0.0497470382477117));
#8941=CARTESIAN_POINT('',(-0.0167774018537453,0.0248709957410372,0.0497470382477127));
#8942=CARTESIAN_POINT('',(-0.016,0.0255,0.0491180339887499));
#8943=CARTESIAN_POINT('',(-0.016,0.026,0.053));
#8944=CARTESIAN_POINT('',(-0.016,0.026,0.0525));
#8945=CARTESIAN_POINT('',(0.0255,0.016,0.05));
#8946=CARTESIAN_POINT('',(0.0255,0.016,0.0525));
#8947=CARTESIAN_POINT('',(0.0253090169943749,0.0169815933432753,0.05));
#8948=CARTESIAN_POINT('',(0.0251212196516543,0.0169450546878261,0.05));
#8949=CARTESIAN_POINT('',(0.0249594053841412,0.0168485428876243,0.0498985045324834));
#8950=CARTESIAN_POINT('',(0.0248731119593834,0.0167791093533849,0.0497449220293665));
#8951=CARTESIAN_POINT('',(0.0248731119593834,0.0167791093533849,0.0497449220293665));
#8952=CARTESIAN_POINT('',(0.0255,0.016,0.0491180339887499));
#8953=CARTESIAN_POINT('',(0.0255,-0.016,0.053));
#8954=CARTESIAN_POINT('',(0.0255,-0.016,0.0525));
#8955=CARTESIAN_POINT('',(0.0255,-0.016,0.0491180339887499));
#8956=CARTESIAN_POINT('',(0.0248709957410372,-0.0167774018537453,0.0497470382477127));
#8957=CARTESIAN_POINT('',(0.0248709957410372,-0.0167774018537453,0.0497470382477127));
#8958=CARTESIAN_POINT('',(0.0249527734370997,-0.0168435690732646,0.049898672940445));
#8959=CARTESIAN_POINT('',(0.025104216214275,-0.0169367910732443,0.05));
#8960=CARTESIAN_POINT('',(0.0252848777593175,-0.0169765871295301,0.05));
#8961=CARTESIAN_POINT('',(0.016,-0.026,0.053));
#8962=CARTESIAN_POINT('',(0.016,-0.026,0.0525));
#8963=CARTESIAN_POINT('',(0.016,-0.0255,0.05));
#8964=CARTESIAN_POINT('',(0.016,-0.0255,0.0525));
#8965=CARTESIAN_POINT('',(0.0169765871295301,-0.0252848777593174,0.05));
#8966=CARTESIAN_POINT('',(0.0169368961151386,-0.0251046930713481,0.05));
#8967=CARTESIAN_POINT('',(0.0168434052185025,-0.0249525709249639,0.0498982974362793));
#8968=CARTESIAN_POINT('',(0.0167774018537457,-0.0248709957410374,0.0497470382477124));
#8969=CARTESIAN_POINT('',(0.0167774018537453,-0.0248709957410372,0.0497470382477127));
#8970=CARTESIAN_POINT('',(0.016,-0.0255,0.0491180339887499));
#8971=CARTESIAN_POINT('',(0.016,0.026,0.05));
#8972=CARTESIAN_POINT('',(0.016,0.026,0.0525));
#8973=CARTESIAN_POINT('',(0.016,0.0255,0.053));
#8974=CARTESIAN_POINT('',(0.016,0.0255,0.0525));
#8975=CARTESIAN_POINT('',(0.016,0.0255,0.0491180339887499));
#8976=CARTESIAN_POINT('',(0.016779109353385,0.0248731119593834,0.0497449220293665));
#8977=CARTESIAN_POINT('',(0.0167791093533849,0.0248731119593834,0.0497449220293665));
#8978=CARTESIAN_POINT('',(0.016848274831365,0.0249590722383075,0.0498979116093125));
#8979=CARTESIAN_POINT('',(0.0169450610558888,0.0251212523815189,0.05));
#8980=CARTESIAN_POINT('',(0.0169815933432753,0.0253090169943749,0.05));
#8981=CARTESIAN_POINT('',(0.026,0.016,0.053));
#8982=CARTESIAN_POINT('',(0.026,0.016,0.0525));
#8983=CARTESIAN_POINT('',(0.026,-0.016,0.05));
#8984=CARTESIAN_POINT('',(0.026,-0.016,0.0525));
#8985=CARTESIAN_POINT('',(-0.000133962441574285,-0.0265,0.0448819660112501));
#8986=CARTESIAN_POINT('',(-0.0115915798101149,-0.0269472135954994,0.0451055728090012));
#8987=CARTESIAN_POINT('',(-0.0120578774642256,-0.0269725285001549,0.0450549429996906));
#8988=CARTESIAN_POINT('',(-0.0125209097472752,-0.027,0.0449817041498148));
#8989=CARTESIAN_POINT('',(-0.0129813660996258,-0.027,0.0448819660112501));
#8990=CARTESIAN_POINT('',(-0.02,-0.0265,0.0448819660112501));
#8991=CARTESIAN_POINT('',(0.0200509068911453,-0.026813602135995,0.0425492485209465));
#8992=CARTESIAN_POINT('',(0.0199280135001153,-0.027,0.0424630595026352));
#8993=CARTESIAN_POINT('',(0.0197320751168515,-0.027,0.0423256417231965));
#8994=CARTESIAN_POINT('',(0.019844617877832,-0.0268238557114552,0.042829007229517));
#8995=CARTESIAN_POINT('',(0.0197244254209786,-0.0270000000000008,0.0427393454047168));
#8996=CARTESIAN_POINT('',(0.01953587149685,-0.027,0.0426054004326939));
#8997=CARTESIAN_POINT('',(0.0194173400559635,-0.0268460728890991,0.0433792602731601));
#8998=CARTESIAN_POINT('',(0.0193048917840872,-0.0269999999999997,0.0432821862578308));
#8999=CARTESIAN_POINT('',(0.0191322125150436,-0.027,0.0431556534751754));
#9000=CARTESIAN_POINT('',(0.0187053621083962,-0.0268842424962106,0.0441496911752138));
#9001=CARTESIAN_POINT('',(0.0186093713983091,-0.0269999999999999,0.0440465286897388));
#9002=CARTESIAN_POINT('',(0.0184728317015794,-0.027,0.043926084376895));
#9003=CARTESIAN_POINT('',(0.0178537499408372,-0.0269271255376621,0.0448410852089139));
#9004=CARTESIAN_POINT('',(0.017791068445984,-0.0270000000000007,0.0447339641442247));
#9005=CARTESIAN_POINT('',(0.0177040368714414,-0.027,0.0446174784136739));
#9006=CARTESIAN_POINT('',(0.0170861188921731,-0.0269472136046736,0.0451055727906527));
#9007=CARTESIAN_POINT('',(0.0170613690533746,-0.0269999999999984,0.0449999999763913));
#9008=CARTESIAN_POINT('',(0.0170336978736368,-0.027,0.0448819659874253));
#9009=CARTESIAN_POINT('',(0.0166820470299998,-0.0269472135955,0.0451055728090001));
#9010=CARTESIAN_POINT('',(0.0166820470299998,-0.027,0.045));
#9011=CARTESIAN_POINT('',(0.0166820470299998,-0.027,0.0448819660112501));
#9012=CARTESIAN_POINT('',(0.0197320751168515,-0.0265,0.0423256417231965));
#9013=CARTESIAN_POINT('',(0.0205471932772561,-0.0260054962846997,0.0427876458719123));
#9014=CARTESIAN_POINT('',(0.0207423795873481,-0.0257660842505068,0.0427205283166661));
#9015=CARTESIAN_POINT('',(0.0206117775670193,-0.025524475448406,0.0425640390741623));
#9016=CARTESIAN_POINT('',(0.0205735400752198,-0.0260598393365034,0.0426843104862504));
#9017=CARTESIAN_POINT('',(0.020753699619835,-0.0258530270376652,0.0426109925348674));
#9018=CARTESIAN_POINT('',(0.0206677738874373,-0.0256280665250539,0.042460703689941));
#9019=CARTESIAN_POINT('',(0.0206023089216349,-0.0261533107835984,0.0425338946112496));
#9020=CARTESIAN_POINT('',(0.0207612943776329,-0.0259947227919094,0.0424500994237312));
#9021=CARTESIAN_POINT('',(0.0207318269057322,-0.0258050468565748,0.0423102878131686));
#9022=CARTESIAN_POINT('',(0.0205966683742954,-0.026320057976708,0.0423516983636016));
#9023=CARTESIAN_POINT('',(0.0207171006114492,-0.0262369885618896,0.0422543468119391));
#9024=CARTESIAN_POINT('',(0.0207355261238317,-0.026117176804409,0.042128091565923));
#9025=CARTESIAN_POINT('',(0.0205565061151344,-0.0264696306882914,0.04223898047147));
#9026=CARTESIAN_POINT('',(0.0206406167907895,-0.0264471131241989,0.0421348249423059));
#9027=CARTESIAN_POINT('',(0.0206709447570919,-0.0263949534626131,0.0420153736736647));
#9028=CARTESIAN_POINT('',(0.0204442893219116,-0.0266411020508673,0.0422006367185439));
#9029=CARTESIAN_POINT('',(0.0204740167310537,-0.0266904675284241,0.0420941833651043));
#9030=CARTESIAN_POINT('',(0.0204696940241928,-0.0267088262248822,0.0419770299209438));
#9031=CARTESIAN_POINT('',(0.020244293318106,-0.0267875405078638,0.0423091410435552));
#9032=CARTESIAN_POINT('',(0.020195225677397,-0.0269166227226321,0.0422099704765692));
#9033=CARTESIAN_POINT('',(0.0200987732993332,-0.0269684250757134,0.0420855342450296));
#9034=CARTESIAN_POINT('',(0.0201229877849566,-0.0268100194103459,0.0424514959970061));
#9035=CARTESIAN_POINT('',(0.0200287187049469,-0.0269737809013269,0.0423610445040571));
#9036=CARTESIAN_POINT('',(0.0198691889012888,-0.027,0.0422278892026845));
#9037=CARTESIAN_POINT('',(0.0200509068911452,-0.026813602135995,0.0425492485209465));
#9038=CARTESIAN_POINT('',(0.0199280135001153,-0.027,0.0424630595026352));
#9039=CARTESIAN_POINT('',(0.0197320751168514,-0.027,0.0423256417231965));
#9040=CARTESIAN_POINT('',(0.0201719263419354,-0.025762237724203,0.0425640390741623));
#9041=CARTESIAN_POINT('',(0.02012618930037,-0.023645484000663,0.0451055728090001));
#9042=CARTESIAN_POINT('',(0.0201789286743609,-0.023647711764361,0.0450000000000001));
#9043=CARTESIAN_POINT('',(0.0201789286743609,-0.023647711764361,0.0448819660112501));
#9044=CARTESIAN_POINT('',(0.0201124998342013,-0.0239695648399295,0.0451055727463732));
#9045=CARTESIAN_POINT('',(0.0201668399600631,-0.0239338965823169,0.0449999999288797));
#9046=CARTESIAN_POINT('',(0.0201684592063714,-0.023895562642028,0.0448819659390087));
#9047=CARTESIAN_POINT('',(0.0201351839453264,-0.0245534820482557,0.0448199646462154));
#9048=CARTESIAN_POINT('',(0.020215184951868,-0.0244606363699212,0.0447122590604978));
#9049=CARTESIAN_POINT('',(0.0202020456299675,-0.0243448612256856,0.0445963578528968));
#9050=CARTESIAN_POINT('',(0.0202675501533177,-0.0253266929892356,0.0439831235535456));
#9051=CARTESIAN_POINT('',(0.0204084278742593,-0.0251638817939986,0.043874339539669));
#9052=CARTESIAN_POINT('',(0.0203454867012981,-0.0249602982724766,0.0437595167528681));
#9053=CARTESIAN_POINT('',(0.0204244042988778,-0.0257522308721169,0.0432692395639615));
#9054=CARTESIAN_POINT('',(0.0206013922028226,-0.025542675283454,0.0431812631189528));
#9055=CARTESIAN_POINT('',(0.020497108752062,-0.0253123424741197,0.0430456327675553));
#9056=CARTESIAN_POINT('',(0.0205471932772561,-0.0260054962846997,0.0427876458719123));
#9057=CARTESIAN_POINT('',(0.0207423795873481,-0.0257660842505068,0.0427205283166661));
#9058=CARTESIAN_POINT('',(0.0206117775670193,-0.025524475448406,0.0425640390741623));
#9059=CARTESIAN_POINT('',(0.0196793741537379,-0.023626610083738,0.0448819660112501));
#9060=CARTESIAN_POINT('',(0.0238006989488777,-0.0238006989488777,0.0448819660112501));
#9061=CARTESIAN_POINT('',(0.023626610083738,-0.0196793741537379,0.0448819660112501));
#9062=CARTESIAN_POINT('',(0.023647711764361,-0.0201789286743609,0.0448819660112502));
#9063=CARTESIAN_POINT('',(0.023647711764361,-0.0201789286743609,0.0450000000000001));
#9064=CARTESIAN_POINT('',(0.023645484000663,-0.02012618930037,0.0451055728090001));
#9065=CARTESIAN_POINT('',(0.0238955626420285,-0.0201684592063714,0.0448819659390087));
#9066=CARTESIAN_POINT('',(0.0239338965823174,-0.0201668399600636,0.0449999999288797));
#9067=CARTESIAN_POINT('',(0.0239695648399299,-0.0201124998342013,0.0451055727463732));
#9068=CARTESIAN_POINT('',(0.0243448612256855,-0.0202020456299676,0.0445963578528966));
#9069=CARTESIAN_POINT('',(0.0244606363699204,-0.020215184951869,0.0447122590604973));
#9070=CARTESIAN_POINT('',(0.0245534820482541,-0.0201351839453276,0.044819964646215));
#9071=CARTESIAN_POINT('',(0.024960298272476,-0.0203454867012977,0.0437595167528694));
#9072=CARTESIAN_POINT('',(0.0251638817940017,-0.0204084278742531,0.043874339539671));
#9073=CARTESIAN_POINT('',(0.0253266929892424,-0.0202675501533118,0.0439831235535483));
#9074=CARTESIAN_POINT('',(0.025312342474123,-0.0204971087520637,0.0430456327675496));
#9075=CARTESIAN_POINT('',(0.0255426752834395,-0.0206013922028509,0.043181263118946));
#9076=CARTESIAN_POINT('',(0.0257522308720876,-0.0204244042989037,0.04326923956395));
#9077=CARTESIAN_POINT('',(0.025524475448406,-0.0206117775670192,0.0425640390741624));
#9078=CARTESIAN_POINT('',(0.0257660842505068,-0.020742379587348,0.0427205283166662));
#9079=CARTESIAN_POINT('',(0.0260054962846997,-0.0205471932772561,0.0427876458719123));
#9080=CARTESIAN_POINT('',(0.025762237724203,-0.0201719263419353,0.0425640390741623));
#9081=CARTESIAN_POINT('',(0.025524475448406,-0.0206117775670192,0.0425640390741623));
#9082=CARTESIAN_POINT('',(0.0257660842505068,-0.020742379587348,0.0427205283166662));
#9083=CARTESIAN_POINT('',(0.0260054962846997,-0.0205471932772561,0.0427876458719123));
#9084=CARTESIAN_POINT('',(0.0256280665250585,-0.0206677738874398,0.0424607036899439));
#9085=CARTESIAN_POINT('',(0.025853027037667,-0.0207536996198367,0.0426109925348701));
#9086=CARTESIAN_POINT('',(0.0260598393365036,-0.0205735400752189,0.0426843104862517));
#9087=CARTESIAN_POINT('',(0.0258050468565738,-0.0207318269057316,0.042310287813168));
#9088=CARTESIAN_POINT('',(0.025994722791909,-0.0207612943776325,0.0424500994237306));
#9089=CARTESIAN_POINT('',(0.0261533107835983,-0.0206023089216351,0.0425338946112494));
#9090=CARTESIAN_POINT('',(0.0261171768044092,-0.0207355261238317,0.0421280915659232));
#9091=CARTESIAN_POINT('',(0.0262369885618896,-0.0207171006114492,0.0422543468119394));
#9092=CARTESIAN_POINT('',(0.026320057976708,-0.0205966683742953,0.0423516983636017));
#9093=CARTESIAN_POINT('',(0.026394953462613,-0.0206709447570919,0.0420153736736648));
#9094=CARTESIAN_POINT('',(0.0264471131241988,-0.0206406167907895,0.042134824942306));
#9095=CARTESIAN_POINT('',(0.0264696306882914,-0.0205565061151344,0.0422389804714701));
#9096=CARTESIAN_POINT('',(0.0267088262248821,-0.0204696940241925,0.0419770299209438));
#9097=CARTESIAN_POINT('',(0.0266904675284241,-0.0204740167310534,0.0420941833651043));
#9098=CARTESIAN_POINT('',(0.0266411020508673,-0.0204442893219114,0.0422006367185439));
#9099=CARTESIAN_POINT('',(0.0269684250757134,-0.0200987732993349,0.0420855342450301));
#9100=CARTESIAN_POINT('',(0.026916622722632,-0.0201952256773982,0.0422099704765693));
#9101=CARTESIAN_POINT('',(0.0267875405078633,-0.0202442933181064,0.0423091410435553));
#9102=CARTESIAN_POINT('',(0.027,-0.0198691889012814,0.0422278892026825));
#9103=CARTESIAN_POINT('',(0.0269737809013273,-0.0200287187049411,0.0423610445040566));
#9104=CARTESIAN_POINT('',(0.0268100194103481,-0.0201229877849547,0.0424514959970058));
#9105=CARTESIAN_POINT('',(0.027,-0.0197320751168514,0.0423256417231966));
#9106=CARTESIAN_POINT('',(0.027,-0.0199280135001153,0.0424630595026353));
#9107=CARTESIAN_POINT('',(0.026813602135995,-0.0200509068911452,0.0425492485209466));
#9108=CARTESIAN_POINT('',(0.0265,-0.0197320751168514,0.0423256417231966));
#9109=CARTESIAN_POINT('',(0.0269472135955,-0.0166820470299998,0.0451055728090001));
#9110=CARTESIAN_POINT('',(0.027,-0.0166820470299998,0.045));
#9111=CARTESIAN_POINT('',(0.027,-0.0166820470299998,0.0448819660112501));
#9112=CARTESIAN_POINT('',(0.026947213607869,-0.0170835163810139,0.045105572784262));
#9113=CARTESIAN_POINT('',(0.0270000000000011,-0.0170589259489617,0.0449999999681621));
#9114=CARTESIAN_POINT('',(0.027,-0.017031432991249,0.0448819659791287));
#9115=CARTESIAN_POINT('',(0.0269277389765957,-0.0178374810704057,0.0448497084607955));
#9116=CARTESIAN_POINT('',(0.0269999999999995,-0.0177755311911193,0.0447425974942806));
#9117=CARTESIAN_POINT('',(0.027,-0.0176896630778163,0.0446261016664865));
#9118=CARTESIAN_POINT('',(0.0268702618267134,-0.018984425318454,0.0439262850406976));
#9119=CARTESIAN_POINT('',(0.0270000000000002,-0.0188863634381636,0.043816804144518));
#9120=CARTESIAN_POINT('',(0.027,-0.0187245148677443,0.0437026782405098));
#9121=CARTESIAN_POINT('',(0.0268341653542137,-0.0196372008608193,0.0431102956795792));
#9122=CARTESIAN_POINT('',(0.0270000000000005,-0.0195222786654994,0.0430136753111315));
#9123=CARTESIAN_POINT('',(0.027,-0.0193385950208334,0.0428866888836959));
#9124=CARTESIAN_POINT('',(0.026813602135995,-0.0200509068911452,0.0425492485209466));
#9125=CARTESIAN_POINT('',(0.027,-0.0199280135001153,0.0424630595026353));
#9126=CARTESIAN_POINT('',(0.027,-0.0197320751168514,0.0423256417231967));
#9127=CARTESIAN_POINT('',(0.0265,-0.0166820470299998,0.0448819660112501));
#9128=CARTESIAN_POINT('',(0.0265,0.0016589764850001,0.0448819660112501));
#9129=CARTESIAN_POINT('',(0.0265,0.02,0.0448819660112501));
#9130=CARTESIAN_POINT('',(0.02,0.02,0.0448819660112501));
#9131=CARTESIAN_POINT('',(0.02,0.0265,0.0448819660112501));
#9132=CARTESIAN_POINT('',(0.0016589764850001,0.0265,0.0448819660112501));
#9133=CARTESIAN_POINT('',(-0.0166820470299998,0.0265,0.0448819660112501));
#9134=CARTESIAN_POINT('',(-0.0166820470299998,0.027,0.0448819660112501));
#9135=CARTESIAN_POINT('',(-0.0166820470299998,0.027,0.045));
#9136=CARTESIAN_POINT('',(-0.0166820470299998,0.0269472135955,0.0451055728090001));
#9137=CARTESIAN_POINT('',(-0.0170314329912417,0.027,0.0448819659791178));
#9138=CARTESIAN_POINT('',(-0.0170589259489548,0.027,0.0449999999681516));
#9139=CARTESIAN_POINT('',(-0.0170835163810072,0.0269472136078734,0.0451055727842533));
#9140=CARTESIAN_POINT('',(-0.017689663077819,0.027,0.0446261016664911));
#9141=CARTESIAN_POINT('',(-0.017775531191122,0.027,0.0447425974942848));
#9142=CARTESIAN_POINT('',(-0.0178374810704085,0.0269277389765941,0.0448497084607994));
#9143=CARTESIAN_POINT('',(-0.018724514867745,0.027,0.0437026782405084));
#9144=CARTESIAN_POINT('',(-0.0188863634381637,0.0269999999999997,0.0438168041445181));
#9145=CARTESIAN_POINT('',(-0.0189844253184533,0.0268702618267131,0.0439262850406958));
#9146=CARTESIAN_POINT('',(-0.0193385950208215,0.027,0.0428866888836888));
#9147=CARTESIAN_POINT('',(-0.0195222786654906,0.0270000000000012,0.0430136753111169));
#9148=CARTESIAN_POINT('',(-0.0196372008608143,0.0268341653542205,0.0431102956795769));
#9149=CARTESIAN_POINT('',(-0.0197320751168514,0.027,0.0423256417231967));
#9150=CARTESIAN_POINT('',(-0.0199280135001153,0.027,0.0424630595026353));
#9151=CARTESIAN_POINT('',(-0.0200509068911452,0.026813602135995,0.0425492485209466));
#9152=CARTESIAN_POINT('',(-0.0197320751168514,0.0265,0.0423256417231966));
#9153=CARTESIAN_POINT('',(-0.0205471932772561,0.0260054962846997,0.0427876458719123));
#9154=CARTESIAN_POINT('',(-0.0207423795873481,0.0257660842505068,0.0427205283166661));
#9155=CARTESIAN_POINT('',(-0.0206117775670193,0.025524475448406,0.0425640390741623));
#9156=CARTESIAN_POINT('',(-0.0205735400752125,0.0260598393365053,0.0426843104862607));
#9157=CARTESIAN_POINT('',(-0.0207536996198296,0.0258530270376627,0.0426109925348793));
#9158=CARTESIAN_POINT('',(-0.0206677738874342,0.0256280665250481,0.0424607036899509));
#9159=CARTESIAN_POINT('',(-0.0206023089216366,0.026153310783598,0.0425338946112473));
#9160=CARTESIAN_POINT('',(-0.020761294377634,0.0259947227919099,0.0424500994237287));
#9161=CARTESIAN_POINT('',(-0.0207318269057329,0.0258050468565761,0.0423102878131665));
#9162=CARTESIAN_POINT('',(-0.020596668374295,0.0263200579767081,0.042351698363602));
#9163=CARTESIAN_POINT('',(-0.0207171006114489,0.0262369885618896,0.0422543468119396));
#9164=CARTESIAN_POINT('',(-0.0207355261238315,0.0261171768044088,0.0421280915659235));
#9165=CARTESIAN_POINT('',(-0.0205565061151345,0.0264696306882914,0.04223898047147));
#9166=CARTESIAN_POINT('',(-0.0206406167907895,0.0264471131241989,0.0421348249423059));
#9167=CARTESIAN_POINT('',(-0.020670944757092,0.0263949534626132,0.0420153736736647));
#9168=CARTESIAN_POINT('',(-0.0204442893219113,0.0266411020508675,0.0422006367185439));
#9169=CARTESIAN_POINT('',(-0.0204740167310533,0.0266904675284242,0.0420941833651044));
#9170=CARTESIAN_POINT('',(-0.0204696940241922,0.0267088262248822,0.0419770299209437));
#9171=CARTESIAN_POINT('',(-0.0202442933181066,0.0267875405078629,0.0423091410435555));
#9172=CARTESIAN_POINT('',(-0.0201952256773986,0.0269166227226317,0.0422099704765692));
#9173=CARTESIAN_POINT('',(-0.0200987732993358,0.0269684250757134,0.0420855342450304));
#9174=CARTESIAN_POINT('',(-0.0201229877849535,0.0268100194103498,0.0424514959970052));
#9175=CARTESIAN_POINT('',(-0.0200287187049389,0.0269737809013288,0.0423610445040574));
#9176=CARTESIAN_POINT('',(-0.0198691889012772,0.027,0.0422278892026813));
#9177=CARTESIAN_POINT('',(-0.0200509068911452,0.026813602135995,0.0425492485209466));
#9178=CARTESIAN_POINT('',(-0.0199280135001153,0.027,0.0424630595026353));
#9179=CARTESIAN_POINT('',(-0.0197320751168514,0.027,0.0423256417231966));
#9180=CARTESIAN_POINT('',(-0.0201719263419354,0.025762237724203,0.0425640390741623));
#9181=CARTESIAN_POINT('',(-0.02012618930037,0.023645484000663,0.0451055728090001));
#9182=CARTESIAN_POINT('',(-0.0201789286743609,0.0236477117643609,0.0450000000000001));
#9183=CARTESIAN_POINT('',(-0.0201789286743609,0.023647711764361,0.0448819660112501));
#9184=CARTESIAN_POINT('',(-0.0201124998342052,0.0239695648399266,0.0451055727463656));
#9185=CARTESIAN_POINT('',(-0.0201668399600687,0.0239338965823149,0.0449999999288684));
#9186=CARTESIAN_POINT('',(-0.0201684592063715,0.0238955626420249,0.0448819659389999));
#9187=CARTESIAN_POINT('',(-0.020135183945325,0.0245534820482564,0.0448199646462187));
#9188=CARTESIAN_POINT('',(-0.0202151849518649,0.0244606363699213,0.0447122590605024));
#9189=CARTESIAN_POINT('',(-0.020202045629967,0.0243448612256861,0.0445963578529001));
#9190=CARTESIAN_POINT('',(-0.0202675501533166,0.025326692989237,0.0439831235535447));
#9191=CARTESIAN_POINT('',(-0.0204084278742635,0.0251638817940019,0.0438743395396688));
#9192=CARTESIAN_POINT('',(-0.0203454867013003,0.0249602982724798,0.0437595167528696));
#9193=CARTESIAN_POINT('',(-0.020424404298887,0.0257522308721073,0.0432692395639566));
#9194=CARTESIAN_POINT('',(-0.0206013922028103,0.0255426752834357,0.0431812631189405));
#9195=CARTESIAN_POINT('',(-0.0204971087520525,0.0253123424741023,0.0430456327675381));
#9196=CARTESIAN_POINT('',(-0.0205471932772561,0.0260054962846997,0.0427876458719123));
#9197=CARTESIAN_POINT('',(-0.0207423795873481,0.0257660842505068,0.0427205283166661));
#9198=CARTESIAN_POINT('',(-0.0206117775670193,0.025524475448406,0.0425640390741623));
#9199=CARTESIAN_POINT('',(-0.0196793741537379,0.0236266100837379,0.0448819660112501));
#9200=CARTESIAN_POINT('',(-0.0238006989488777,0.0238006989488777,0.0448819660112501));
#9201=CARTESIAN_POINT('',(-0.023626610083738,0.0196793741537379,0.0448819660112501));
#9202=CARTESIAN_POINT('',(-0.023647711764361,0.0201789286743609,0.0448819660112501));
#9203=CARTESIAN_POINT('',(-0.023647711764361,0.0201789286743609,0.0450000000000001));
#9204=CARTESIAN_POINT('',(-0.023645484000663,0.02012618930037,0.0451055728090001));
#9205=CARTESIAN_POINT('',(-0.0238955626420265,0.0201684592063715,0.0448819659390058));
#9206=CARTESIAN_POINT('',(-0.0239338965823169,0.0201668399600669,0.0449999999288715));
#9207=CARTESIAN_POINT('',(-0.023969564839928,0.0201124998342025,0.0451055727463708));
#9208=CARTESIAN_POINT('',(-0.0243448612256862,0.0202020456299674,0.044596357852898));
#9209=CARTESIAN_POINT('',(-0.0244606363699204,0.0202151849518675,0.0447122590605013));
#9210=CARTESIAN_POINT('',(-0.0245534820482548,0.0201351839453269,0.0448199646462162));
#9211=CARTESIAN_POINT('',(-0.0249602982724764,0.0203454867012982,0.0437595167528682));
#9212=CARTESIAN_POINT('',(-0.0251638817940025,0.0204084278742538,0.0438743395396681));
#9213=CARTESIAN_POINT('',(-0.0253266929892422,0.0202675501533124,0.0439831235535468));
#9214=CARTESIAN_POINT('',(-0.0253123424741192,0.0204971087520616,0.0430456327675515));
#9215=CARTESIAN_POINT('',(-0.0255426752834351,0.020601392202852,0.0431812631189482));
#9216=CARTESIAN_POINT('',(-0.0257522308720863,0.0204244042989024,0.0432692395639534));
#9217=CARTESIAN_POINT('',(-0.025524475448406,0.0206117775670192,0.0425640390741623));
#9218=CARTESIAN_POINT('',(-0.0257660842505068,0.020742379587348,0.0427205283166661));
#9219=CARTESIAN_POINT('',(-0.0260054962846997,0.0205471932772561,0.0427876458719123));
#9220=CARTESIAN_POINT('',(-0.025762237724203,0.0201719263419353,0.0425640390741623));
#9221=CARTESIAN_POINT('',(-0.025524475448406,0.0206117775670192,0.0425640390741623));
#9222=CARTESIAN_POINT('',(-0.0257660842505068,0.020742379587348,0.0427205283166662));
#9223=CARTESIAN_POINT('',(-0.0260054962846997,0.0205471932772561,0.0427876458719123));
#9224=CARTESIAN_POINT('',(-0.0256280665250578,0.0206677738874394,0.0424607036899419));
#9225=CARTESIAN_POINT('',(-0.025853027037666,0.0207536996198374,0.0426109925348679));
#9226=CARTESIAN_POINT('',(-0.0260598393365035,0.0205735400752199,0.0426843104862501));
#9227=CARTESIAN_POINT('',(-0.025805046856574,0.0207318269057317,0.0423102878131685));
#9228=CARTESIAN_POINT('',(-0.0259947227919092,0.0207612943776323,0.0424500994237311));
#9229=CARTESIAN_POINT('',(-0.0261533107835983,0.0206023089216349,0.0425338946112497));
#9230=CARTESIAN_POINT('',(-0.0261171768044092,0.0207355261238317,0.0421280915659231));
#9231=CARTESIAN_POINT('',(-0.0262369885618897,0.0207171006114492,0.0422543468119392));
#9232=CARTESIAN_POINT('',(-0.026320057976708,0.0205966683742953,0.0423516983636016));
#9233=CARTESIAN_POINT('',(-0.0263949534626131,0.020670944757092,0.0420153736736647));
#9234=CARTESIAN_POINT('',(-0.0264471131241989,0.0206406167907895,0.0421348249423059));
#9235=CARTESIAN_POINT('',(-0.0264696306882914,0.0205565061151344,0.04223898047147));
#9236=CARTESIAN_POINT('',(-0.0267088262248822,0.0204696940241919,0.041977029920944));
#9237=CARTESIAN_POINT('',(-0.0266904675284243,0.0204740167310531,0.0420941833651045));
#9238=CARTESIAN_POINT('',(-0.0266411020508674,0.0204442893219112,0.0422006367185442));
#9239=CARTESIAN_POINT('',(-0.0269684250757134,0.0200987732993374,0.0420855342450287));
#9240=CARTESIAN_POINT('',(-0.0269166227226312,0.0201952256773998,0.0422099704765684));
#9241=CARTESIAN_POINT('',(-0.0267875405078631,0.0202442933181076,0.0423091410435539));
#9242=CARTESIAN_POINT('',(-0.027,0.0198691889012702,0.0422278892026887));
#9243=CARTESIAN_POINT('',(-0.0269737809013311,0.0200287187049332,0.0423610445040614));
#9244=CARTESIAN_POINT('',(-0.0268100194103491,0.0201229877849493,0.0424514959970121));
#9245=CARTESIAN_POINT('',(-0.027,0.0197320751168514,0.0423256417231966));
#9246=CARTESIAN_POINT('',(-0.027,0.0199280135001153,0.0424630595026353));
#9247=CARTESIAN_POINT('',(-0.026813602135995,0.0200509068911452,0.0425492485209466));
#9248=CARTESIAN_POINT('',(-0.0265,0.0197320751168514,0.0423256417231967));
#9249=CARTESIAN_POINT('',(-0.027,0.0197320751168514,0.0423256417231967));
#9250=CARTESIAN_POINT('',(-0.027,0.0199280135001153,0.0424630595026353));
#9251=CARTESIAN_POINT('',(-0.026813602135995,0.0200509068911452,0.0425492485209466));
#9252=CARTESIAN_POINT('',(-0.027,0.0195358714968417,0.0426054004326833));
#9253=CARTESIAN_POINT('',(-0.0269999999999996,0.0197244254209676,0.0427393454047069));
#9254=CARTESIAN_POINT('',(-0.0268238557114601,0.019844617877831,0.0428290072295116));
#9255=CARTESIAN_POINT('',(-0.027,0.0191322125150476,0.0431556534751817));
#9256=CARTESIAN_POINT('',(-0.0270000000000001,0.0193048917840924,0.0432821862578369));
#9257=CARTESIAN_POINT('',(-0.0268460728890964,0.0194173400559641,0.0433792602731637));
#9258=CARTESIAN_POINT('',(-0.027,0.0184728317015775,0.0439260843768894));
#9259=CARTESIAN_POINT('',(-0.0270000000000002,0.0186093713983068,0.0440465286897325));
#9260=CARTESIAN_POINT('',(-0.026884242496213,0.0187053621083953,0.0441496911752097));
#9261=CARTESIAN_POINT('',(-0.027,0.0177040368714445,0.0446174784136902));
#9262=CARTESIAN_POINT('',(-0.0269999999999991,0.0177910684459874,0.0447339641442437));
#9263=CARTESIAN_POINT('',(-0.0269271255376556,0.0178537499408401,0.0448410852089268));
#9264=CARTESIAN_POINT('',(-0.027,0.0170336978736307,0.0448819659873912));
#9265=CARTESIAN_POINT('',(-0.0270000000000019,0.017061369053368,0.0449999999763515));
#9266=CARTESIAN_POINT('',(-0.0269472136046873,0.017086118892167,0.0451055727906254));
#9267=CARTESIAN_POINT('',(-0.027,0.0166820470299998,0.0448819660112501));
#9268=CARTESIAN_POINT('',(-0.027,0.0166820470299998,0.045));
#9269=CARTESIAN_POINT('',(-0.0269472135955,0.0166820470299998,0.0451055728090001));
#9270=CARTESIAN_POINT('',(-0.0265,0.0166820470299998,0.0448819660112501));
#9271=CARTESIAN_POINT('',(-0.0265,-0.000133962441574303,0.0448819660112501));
#9272=CARTESIAN_POINT('',(-0.0265,-0.02,0.0448819660112501));
#9273=CARTESIAN_POINT('',(0.0253090169943749,0.0135,0.0495));
#9274=CARTESIAN_POINT('',(0.0253090169943749,0.02,0.0495));
#9275=CARTESIAN_POINT('',(0.0248731119593835,0.016779109353385,0.0497449220293664));
#9276=CARTESIAN_POINT('',(0.0247834810932024,0.0167069904424325,0.0495853996460182));
#9277=CARTESIAN_POINT('',(0.0247952567712544,0.01658581998628,0.0494094864574911));
#9278=CARTESIAN_POINT('',(0.024861803398875,0.0164620881859152,0.04927639320225));
#9279=CARTESIAN_POINT('',(0.02,0.02,0.0495));
#9280=CARTESIAN_POINT('',(0.02,0.0253090169943749,0.0495));
#9281=CARTESIAN_POINT('',(6.93889390390723E-18,0.0253090169943749,0.0495));
#9282=CARTESIAN_POINT('',(0.016779109353385,0.0248731119593834,0.0497449220293665));
#9283=CARTESIAN_POINT('',(0.0167069848220667,0.0247834741080962,0.0495853872141317));
#9284=CARTESIAN_POINT('',(0.0165857960947352,0.0247952696208345,0.049409460758331));
#9285=CARTESIAN_POINT('',(0.0164620881859153,0.024861803398875,0.04927639320225));
#9286=CARTESIAN_POINT('',(-0.0253090169943749,0.0135,0.0495));
#9287=CARTESIAN_POINT('',(-0.0253090169943749,-0.02,0.0495));
#9288=CARTESIAN_POINT('',(-0.0248731119593835,-0.016779109353385,0.0497449220293664));
#9289=CARTESIAN_POINT('',(-0.0247834810932024,-0.0167069904424325,0.0495853996460182));
#9290=CARTESIAN_POINT('',(-0.0247952567712544,-0.01658581998628,0.0494094864574911));
#9291=CARTESIAN_POINT('',(-0.024861803398875,-0.0164620881859152,0.04927639320225));
#9292=CARTESIAN_POINT('',(-0.02,-0.02,0.0495));
#9293=CARTESIAN_POINT('',(-0.02,-0.0253090169943749,0.0495));
#9294=CARTESIAN_POINT('',(6.93889390390723E-18,-0.0253090169943749,0.0495));
#9295=CARTESIAN_POINT('',(-0.0167791093533849,-0.0248731119593834,0.0497449220293665));
#9296=CARTESIAN_POINT('',(-0.0167069848220667,-0.0247834741080962,0.0495853872141317));
#9297=CARTESIAN_POINT('',(-0.0165857960947352,-0.0247952696208345,0.049409460758331));
#9298=CARTESIAN_POINT('',(-0.0164620881859153,-0.024861803398875,0.04927639320225));
#9299=CARTESIAN_POINT('',(-0.0235,0.0166820470299998,0.0495));
#9300=CARTESIAN_POINT('',(-0.0248709957410371,0.0167774018537453,0.0497470382477126));
#9301=CARTESIAN_POINT('',(-0.0248296546652663,0.016743952341624,0.0496703823669093));
#9302=CARTESIAN_POINT('',(-0.0247999389855192,0.0166782715321955,0.0495563126561517));
#9303=CARTESIAN_POINT('',(-0.0248164292892341,0.0165650327292516,0.0493882219389446));
#9304=CARTESIAN_POINT('',(-0.0248017511904461,0.0164639179497482,0.0493964976191077));
#9305=CARTESIAN_POINT('',(-0.0247903198980079,0.0164255717718197,0.0494193602039842));
#9306=CARTESIAN_POINT('',(-0.0235763465977138,0.0184894522648475,0.0495));
#9307=CARTESIAN_POINT('',(-0.0166820470299998,0.0235,0.0495));
#9308=CARTESIAN_POINT('',(-0.0184894522648476,0.0235763465977138,0.0495));
#9309=CARTESIAN_POINT('',(-0.0167774018537453,0.0248709957410372,0.0497470382477127));
#9310=CARTESIAN_POINT('',(-0.0167439645698798,0.0248296697784687,0.0496704103902692));
#9311=CARTESIAN_POINT('',(-0.0166781954779528,0.0248000129295115,0.0495565453175245));
#9312=CARTESIAN_POINT('',(-0.0165659426383554,0.0248163508697034,0.0493889406822091));
#9313=CARTESIAN_POINT('',(-0.016464257808228,0.0248018525048879,0.049396294990217));
#9314=CARTESIAN_POINT('',(-0.0164255717718186,0.0247903198980057,0.0494193602039816));
#9315=CARTESIAN_POINT('',(-0.0238006989488777,0.0238006989488777,0.0495));
#9316=CARTESIAN_POINT('',(-0.0250253914390948,0.016880196974498,0.0495926425496551));
#9317=CARTESIAN_POINT('',(-0.024782164635289,0.0167490473265528,0.049435670729422));
#9318=CARTESIAN_POINT('',(-0.0248154821240474,0.016440098487249,0.0493690357519051));
#9319=CARTESIAN_POINT('',(-0.0247096127306292,0.0167099268159635,0.0499084212580799));
#9320=CARTESIAN_POINT('',(-0.0246243579897638,0.0165614854445314,0.0497512840204662));
#9321=CARTESIAN_POINT('',(-0.0246575927698351,0.0163549634079439,0.0496848144603299));
#9322=CARTESIAN_POINT('',(-0.0245,0.0163587595003563,0.050118033988033));
#9323=CARTESIAN_POINT('',(-0.0245000000008589,0.0162740679506828,0.0499999999982823));
#9324=CARTESIAN_POINT('',(-0.0245527864048585,0.0161793797501781,0.049894427190283));
#9325=CARTESIAN_POINT('',(-0.0245,0.016,0.0501180339887499));
#9326=CARTESIAN_POINT('',(-0.0245,0.016,0.05));
#9327=CARTESIAN_POINT('',(-0.0245527864045,0.016,0.0498944271909999));
#9328=CARTESIAN_POINT('',(-0.025,0.016,0.0501180339887499));
#9329=CARTESIAN_POINT('',(-0.025,-0.0016589764850001,0.0501180339887499));
#9330=CARTESIAN_POINT('',(-0.025,-0.016,0.0501180339887499));
#9331=CARTESIAN_POINT('',(-0.0245,-0.016,0.0501180339887499));
#9332=CARTESIAN_POINT('',(-0.0245,-0.016,0.05));
#9333=CARTESIAN_POINT('',(-0.0245527864045,-0.016,0.0498944271909999));
#9334=CARTESIAN_POINT('',(-0.0245,-0.0163953161581717,0.0501180339879599));
#9335=CARTESIAN_POINT('',(-0.0245000000009465,-0.0163019947603753,0.0499999999981073));
#9336=CARTESIAN_POINT('',(-0.024552786404895,-0.0161976580790858,0.0498944271902099));
#9337=CARTESIAN_POINT('',(-0.0247581800452418,-0.0167784456929283,0.0498598539434749));
#9338=CARTESIAN_POINT('',(-0.0246554983146078,-0.0166189665522899,0.0496890033707891));
#9339=CARTESIAN_POINT('',(-0.0246818764271375,-0.0163892228464217,0.0496362471457249));
#9340=CARTESIAN_POINT('',(-0.0251245804122693,-0.0169268549687778,0.0494934535764806));
#9341=CARTESIAN_POINT('',(-0.0248369718294928,-0.0168103600486328,0.0493260563410144));
#9342=CARTESIAN_POINT('',(-0.0248650766106347,-0.0164634274843889,0.0492698467787307));
#9343=CARTESIAN_POINT('',(0.016,0.0245527864045,0.0498944271909999));
#9344=CARTESIAN_POINT('',(0.016,0.0245,0.05));
#9345=CARTESIAN_POINT('',(0.016,0.0245,0.0501180339887499));
#9346=CARTESIAN_POINT('',(0.0161976580790858,0.024552786404895,0.0498944271902099));
#9347=CARTESIAN_POINT('',(0.0163019947603753,0.0245000000009465,0.0499999999981073));
#9348=CARTESIAN_POINT('',(0.0163953161581717,0.0245,0.0501180339879599));
#9349=CARTESIAN_POINT('',(0.0163892228464246,0.0246818764271347,0.0496362471457307));
#9350=CARTESIAN_POINT('',(0.0166189665522895,0.0246554983146046,0.0496890033707971));
#9351=CARTESIAN_POINT('',(0.0167784456929267,0.0247581800452378,0.0498598539434807));
#9352=CARTESIAN_POINT('',(0.0164634274843889,0.0248650766106347,0.0492698467787306));
#9353=CARTESIAN_POINT('',(0.0168103600486328,0.0248369718294928,0.0493260563410144));
#9354=CARTESIAN_POINT('',(0.0169268549687778,0.0251245804122693,0.0494934535764806));
#9355=CARTESIAN_POINT('',(0.016,0.025,0.0501180339887499));
#9356=CARTESIAN_POINT('',(0.0016589764850001,0.025,0.0501180339887499));
#9357=CARTESIAN_POINT('',(-0.016,0.025,0.0501180339887499));
#9358=CARTESIAN_POINT('',(-0.0164402273981668,0.0248157213545595,0.049368557290881));
#9359=CARTESIAN_POINT('',(-0.0167493596022178,0.0247824274515918,0.0494351450968165));
#9360=CARTESIAN_POINT('',(-0.0168804547963336,0.0250258699001189,0.049592164088631));
#9361=CARTESIAN_POINT('',(-0.0163551351963577,0.0246577059971935,0.0496845880056129));
#9362=CARTESIAN_POINT('',(-0.0165617720238532,0.0246245020029703,0.0497509959940559));
#9363=CARTESIAN_POINT('',(-0.0167102703927906,0.0247098391853465,0.0499081948033629));
#9364=CARTESIAN_POINT('',(-0.0161794703343694,0.0245527864048587,0.0498944271902826));
#9365=CARTESIAN_POINT('',(-0.0162742063510521,0.0245000000008594,0.0499999999982815));
#9366=CARTESIAN_POINT('',(-0.0163589406687388,0.0245,0.0501180339880326));
#9367=CARTESIAN_POINT('',(-0.016,0.0245527864045,0.0498944271909999));
#9368=CARTESIAN_POINT('',(-0.016,0.0245,0.05));
#9369=CARTESIAN_POINT('',(-0.016,0.0245,0.0501180339887499));
#9370=CARTESIAN_POINT('',(-0.02,-0.02,0.0448819660112501));
#9371=CARTESIAN_POINT('',(-0.0169268549687778,-0.0251245804122693,0.0494934535764806));
#9372=CARTESIAN_POINT('',(-0.0168103600486328,-0.0248369718294928,0.0493260563410144));
#9373=CARTESIAN_POINT('',(-0.0164634274843889,-0.0248650766106347,0.0492698467787306));
#9374=CARTESIAN_POINT('',(-0.0167784456929266,-0.0247581800452377,0.0498598539434808));
#9375=CARTESIAN_POINT('',(-0.0166189665522894,-0.0246554983146045,0.0496890033707973));
#9376=CARTESIAN_POINT('',(-0.0163892228464245,-0.0246818764271346,0.0496362471457309));
#9377=CARTESIAN_POINT('',(-0.0163953161581745,-0.0245,0.0501180339879599));
#9378=CARTESIAN_POINT('',(-0.0163019947603782,-0.0245000000009465,0.049999999998108));
#9379=CARTESIAN_POINT('',(-0.0161976580790872,-0.0245527864048951,0.0498944271902098));
#9380=CARTESIAN_POINT('',(-0.016,-0.0245,0.0501180339887499));
#9381=CARTESIAN_POINT('',(-0.016,-0.0245,0.05));
#9382=CARTESIAN_POINT('',(-0.016,-0.0245527864045,0.0498944271909999));
#9383=CARTESIAN_POINT('',(-0.016,-0.025,0.0501180339887499));
#9384=CARTESIAN_POINT('',(-0.0016589764850001,-0.025,0.0501180339887499));
#9385=CARTESIAN_POINT('',(0.016,-0.025,0.0501180339887499));
#9386=CARTESIAN_POINT('',(0.016,-0.0245,0.0501180339887499));
#9387=CARTESIAN_POINT('',(0.016,-0.0245,0.05));
#9388=CARTESIAN_POINT('',(0.016,-0.0245527864045,0.0498944271909999));
#9389=CARTESIAN_POINT('',(0.0163953161581717,-0.0245,0.0501180339879599));
#9390=CARTESIAN_POINT('',(0.0163019947603757,-0.0245000000009465,0.049999999998108));
#9391=CARTESIAN_POINT('',(0.0161976580790859,-0.0245527864048951,0.0498944271902098));
#9392=CARTESIAN_POINT('',(0.0167784456929266,-0.0247581800452377,0.0498598539434808));
#9393=CARTESIAN_POINT('',(0.0166189665522894,-0.0246554983146045,0.0496890033707973));
#9394=CARTESIAN_POINT('',(0.0163892228464245,-0.0246818764271346,0.0496362471457309));
#9395=CARTESIAN_POINT('',(0.0169268549687778,-0.0251245804122693,0.0494934535764806));
#9396=CARTESIAN_POINT('',(0.0168103600486328,-0.0248369718294928,0.0493260563410144));
#9397=CARTESIAN_POINT('',(0.0164634274843889,-0.0248650766106347,0.0492698467787306));
#9398=CARTESIAN_POINT('',(0.0166820470299914,-0.0248132329563123,0.0495647934225233));
#9399=CARTESIAN_POINT('',(0.0166168071596543,-0.0247994976210158,0.0494596938656202));
#9400=CARTESIAN_POINT('',(0.0165402820591827,-0.02481974841746,0.0493605031650799));
#9401=CARTESIAN_POINT('',(0.0164620881859153,-0.024861803398875,0.04927639320225));
#9402=CARTESIAN_POINT('',(0.0166820470299998,-0.0248132329563123,0.0495647934225233));
#9403=CARTESIAN_POINT('',(0.0167774018537453,-0.0248709957410372,0.0497470382477127));
#9404=CARTESIAN_POINT('',(0.0167514376031918,-0.0248389058843727,0.0496875362589135));
#9405=CARTESIAN_POINT('',(0.0167197564337169,-0.0248211721398418,0.04962554218861));
#9406=CARTESIAN_POINT('',(0.0166820470299941,-0.0248132329563129,0.0495647934225277));
#9407=CARTESIAN_POINT('',(6.93889390390723E-18,-0.0253090169943749,0.0495));
#9408=CARTESIAN_POINT('',(0.0166820470299998,-0.0253090169943749,0.0495));
#9409=CARTESIAN_POINT('',(0.0166820470299998,-0.0235,0.0495));
#9410=CARTESIAN_POINT('',(0.0184894522648476,-0.0235763465977138,0.0495));
#9411=CARTESIAN_POINT('',(0.0238006989488777,-0.0238006989488777,0.0495));
#9412=CARTESIAN_POINT('',(0.0235763465977138,-0.0184894522648475,0.0495));
#9413=CARTESIAN_POINT('',(0.0235,-0.0166820470299998,0.0495));
#9414=CARTESIAN_POINT('',(0.0253090169943749,-0.0166820470299998,0.0495));
#9415=CARTESIAN_POINT('',(0.0248132329563141,-0.0166820470299998,0.0495647934225369));
#9416=CARTESIAN_POINT('',(0.0248709957410372,-0.0167774018537453,0.0497470382477127));
#9417=CARTESIAN_POINT('',(0.0248388979649849,-0.0167514311955292,0.0496875215745434));
#9418=CARTESIAN_POINT('',(0.0248211760812974,-0.0167197751547728,0.0496255723476944));
#9419=CARTESIAN_POINT('',(0.0248132329563141,-0.0166820470299998,0.0495647934225369));
#9420=CARTESIAN_POINT('',(0.0253090169943749,0.0135,0.0495));
#9421=CARTESIAN_POINT('',(0.0248132329563141,-0.0166820470299998,0.0495647934225369));
#9422=CARTESIAN_POINT('',(0.0247994974109589,-0.0166168061619447,0.0494596922583365));
#9423=CARTESIAN_POINT('',(0.0248197487451318,-0.0165402814499079,0.0493605025097364));
#9424=CARTESIAN_POINT('',(0.024861803398875,-0.0164620881859153,0.04927639320225));
#9425=CARTESIAN_POINT('',(0.0245527864045,-0.016,0.0498944271909999));
#9426=CARTESIAN_POINT('',(0.0245,-0.016,0.05));
#9427=CARTESIAN_POINT('',(0.0245,-0.016,0.0501180339887499));
#9428=CARTESIAN_POINT('',(0.024552786404895,-0.0161976580790859,0.0498944271902099));
#9429=CARTESIAN_POINT('',(0.0245000000009465,-0.0163019947603753,0.0499999999981073));
#9430=CARTESIAN_POINT('',(0.0245,-0.0163953161581717,0.0501180339879599));
#9431=CARTESIAN_POINT('',(0.0246818764271346,-0.0163892228464245,0.0496362471457309));
#9432=CARTESIAN_POINT('',(0.0246554983146034,-0.0166189665522915,0.0496890033707994));
#9433=CARTESIAN_POINT('',(0.0247581800452376,-0.0167784456929266,0.0498598539434808));
#9434=CARTESIAN_POINT('',(0.0248650766106347,-0.0164634274843889,0.0492698467787307));
#9435=CARTESIAN_POINT('',(0.0248369718294928,-0.0168103600486328,0.0493260563410144));
#9436=CARTESIAN_POINT('',(0.0251245804122693,-0.0169268549687778,0.0494934535764806));
#9437=CARTESIAN_POINT('',(0.025,-0.016,0.0501180339887499));
#9438=CARTESIAN_POINT('',(0.025,0.0016589764850001,0.0501180339887499));
#9439=CARTESIAN_POINT('',(0.025,0.016,0.0501180339887499));
#9440=CARTESIAN_POINT('',(0.0248650766106347,0.0164634274843889,0.0492698467787307));
#9441=CARTESIAN_POINT('',(0.0248369718294928,0.0168103600486328,0.0493260563410144));
#9442=CARTESIAN_POINT('',(0.0251245804122693,0.0169268549687778,0.0494934535764806));
#9443=CARTESIAN_POINT('',(0.0246818764271367,0.0163892228464216,0.0496362471457265));
#9444=CARTESIAN_POINT('',(0.0246554983146068,0.0166189665522892,0.0496890033707906));
#9445=CARTESIAN_POINT('',(0.0247581800452401,0.0167784456929276,0.0498598539434765));
#9446=CARTESIAN_POINT('',(0.024552786404895,0.0161976580790859,0.0498944271902099));
#9447=CARTESIAN_POINT('',(0.0245000000009465,0.0163019947603753,0.0499999999981073));
#9448=CARTESIAN_POINT('',(0.0245,0.0163953161581717,0.0501180339879599));
#9449=CARTESIAN_POINT('',(0.0245527864045,0.016,0.0498944271909999));
#9450=CARTESIAN_POINT('',(0.0245,0.016,0.05));
#9451=CARTESIAN_POINT('',(0.0245,0.016,0.0501180339887499));
#9452=CARTESIAN_POINT('',(0.028375,0.048515652221337,0.05));
#9453=CARTESIAN_POINT('',(0.0279651935179096,0.0482291934158576,0.00339219122792408));
#9454=CARTESIAN_POINT('',(0.0280681130582855,0.0480819572549401,0.00345161185226496));
#9455=CARTESIAN_POINT('',(0.0284779254058308,0.0479254970737202,0.00340273227985422));
#9456=CARTESIAN_POINT('',(0.0287452300466436,0.0481478566263549,0.0031634810665781));
#9457=CARTESIAN_POINT('',(0.0288157894736842,0.0482796339171968,0.00305144284148501));
#9458=CARTESIAN_POINT('',(0.0279651935179096,0.0482291934158576,0.00660780877207592));
#9459=CARTESIAN_POINT('',(0.0280681130582855,0.0480819572549401,0.00654838814773503));
#9460=CARTESIAN_POINT('',(0.0284779254058328,0.0479254970737238,0.00659726772014024));
#9461=CARTESIAN_POINT('',(0.0287452300466397,0.0481478566263476,0.00683651893343293));
#9462=CARTESIAN_POINT('',(0.0288157894736842,0.0482796339171968,0.00694855715851499));
#9463=CARTESIAN_POINT('',(0.0281390823819538,0.0485420524017444,0.00349258601038908));
#9464=CARTESIAN_POINT('',(0.0287320388078679,0.0481219240246591,0.00383492956250827));
#9465=CARTESIAN_POINT('',(0.0288306130336356,0.0483074235807836,0.00305957330849686));
#9466=CARTESIAN_POINT('',(0.0273496776724709,0.0470565299736447,0.00303682298886958));
#9467=CARTESIAN_POINT('',(0.027874618287104,0.0465848341365915,0.00333989759406306));
#9468=CARTESIAN_POINT('',(0.0279996607078747,0.0467437157617389,0.0026038102869782));
#9469=CARTESIAN_POINT('',(0.0261577068247021,0.0457874255687849,0.00234863829904406));
#9470=CARTESIAN_POINT('',(0.0266102912298826,0.0452618474229501,0.00260993802720419));
#9471=CARTESIAN_POINT('',(0.026744954552309,0.0454078163881927,0.00191562559715338));
#9472=CARTESIAN_POINT('',(0.0247245334906817,0.0449065448323917,0.001521195288852));
#9473=CARTESIAN_POINT('',(0.0249905424762319,0.0443294905745364,0.00167477564826623));
#9474=CARTESIAN_POINT('',(0.0252363510428229,0.0444805735077807,0.00108818258695978));
#9475=CARTESIAN_POINT('',(0.025069258663831,0.0448131357693504,0.00164024944395314));
#9476=CARTESIAN_POINT('',(0.025187415630715,0.0446215031765062,0.00157203148731598));
#9477=CARTESIAN_POINT('',(0.0252631628876045,0.0444971112897688,0.00133451133239047));
#9478=CARTESIAN_POINT('',(0.0252631578947369,0.0444971081992613,0.00110288568297002));
#9479=CARTESIAN_POINT('',(0.0247245334906817,0.0449065448323917,0.00847880471114799));
#9480=CARTESIAN_POINT('',(0.0249905424762319,0.0443294905745364,0.00832522435173376));
#9481=CARTESIAN_POINT('',(0.0252363510428229,0.0444805735077807,0.00891181741304021));
#9482=CARTESIAN_POINT('',(0.0261577068247019,0.0457874255687914,0.00765136170095602));
#9483=CARTESIAN_POINT('',(0.0266102912299531,0.0452618474229838,0.00739006197273943));
#9484=CARTESIAN_POINT('',(0.0267449545523119,0.0454078163881945,0.008084374402847));
#9485=CARTESIAN_POINT('',(0.02734967767248,0.0470565299736448,0.00696317701112515));
#9486=CARTESIAN_POINT('',(0.0278746182871038,0.0465848341365667,0.00666010240597407));
#9487=CARTESIAN_POINT('',(0.0279996607078681,0.0467437157617263,0.00739618971302177));
#9488=CARTESIAN_POINT('',(0.0281390823819538,0.0485420524017445,0.00650741398961089));
#9489=CARTESIAN_POINT('',(0.0287320388078679,0.0481219240246592,0.00616507043749168));
#9490=CARTESIAN_POINT('',(0.0288306130336356,0.0483074235807837,0.00694042669150311));
#9491=CARTESIAN_POINT('',(0.025069258663831,0.0448131357693504,0.00835975055604685));
#9492=CARTESIAN_POINT('',(0.025187415630715,0.0446215031765062,0.00842796851268401));
#9493=CARTESIAN_POINT('',(0.0252631628876241,0.0444971112897809,0.00866548866760954));
#9494=CARTESIAN_POINT('',(0.0252631578947369,0.0444971081992613,0.00889711431702999));
#9495=CARTESIAN_POINT('',(0.0252685186584744,0.0449337449535398,0.00152520663240704));
#9496=CARTESIAN_POINT('',(0.0254252264491327,0.0445979101270396,0.00143473134728634));
#9497=CARTESIAN_POINT('',(0.0252826512194467,0.0445092052142524,0.00109219393051482));
#9498=CARTESIAN_POINT('',(0.0242281001331734,0.0442864359170856,0.00212589254805944));
#9499=CARTESIAN_POINT('',(0.0243355061808716,0.0438938542869774,0.00206388163750101));
#9500=CARTESIAN_POINT('',(0.024187473824386,0.0438278272811478,0.00169287984616591));
#9501=CARTESIAN_POINT('',(0.0230612893790357,0.043843137451989,0.00279955105105419));
#9502=CARTESIAN_POINT('',(0.0231246572050448,0.043418412429226,0.00276296561964433));
#9503=CARTESIAN_POINT('',(0.0229592519779259,0.0433611973178797,0.00236653834916174));
#9504=CARTESIAN_POINT('',(0.0218535222141208,0.0436363086067075,0.00349685574883617));
#9505=CARTESIAN_POINT('',(0.021911892896963,0.0431818381867481,0.0034631554193845));
#9506=CARTESIAN_POINT('',(0.0216879181201272,0.0431434827439026,0.00306384304694395));
#9507=CARTESIAN_POINT('',(0.022125,0.0436400120192384,0.00333762894197307));
#9508=CARTESIAN_POINT('',(0.022125,0.0433851326467979,0.00331036560860984));
#9509=CARTESIAN_POINT('',(0.0219261147598912,0.0431848096702681,0.00317705722312931));
#9510=CARTESIAN_POINT('',(0.0217105263157895,0.0431473810728826,0.00305144284148504));
#9511=CARTESIAN_POINT('',(0.0218535222141208,0.0436363086067074,0.00650314425116382));
#9512=CARTESIAN_POINT('',(0.0219118928969629,0.0431818381867481,0.00653684458061549));
#9513=CARTESIAN_POINT('',(0.0216879181201272,0.0431434827439026,0.00693615695305604));
#9514=CARTESIAN_POINT('',(0.0230612893790404,0.0438431374519841,0.00720044894894852));
#9515=CARTESIAN_POINT('',(0.0231246572050558,0.0434184124292225,0.00723703438035437));
#9516=CARTESIAN_POINT('',(0.0229592519779417,0.0433611973178824,0.00763346165083642));
#9517=CARTESIAN_POINT('',(0.0242281001331683,0.0442864359170983,0.0078741074519376));
#9518=CARTESIAN_POINT('',(0.0243355061808491,0.0438938542869976,0.00793611836247495));
#9519=CARTESIAN_POINT('',(0.024187473824388,0.0438278272811491,0.00830712015383061));
#9520=CARTESIAN_POINT('',(0.0252685186584744,0.0449337449535398,0.00847479336759296));
#9521=CARTESIAN_POINT('',(0.0254252264491327,0.0445979101270396,0.00856526865271367));
#9522=CARTESIAN_POINT('',(0.0252826512194467,0.0445092052142524,0.00890780606948518));
#9523=CARTESIAN_POINT('',(0.022125,0.0436400120192384,0.00666237105802694));
#9524=CARTESIAN_POINT('',(0.022125,0.0433851326467979,0.00668963439139016));
#9525=CARTESIAN_POINT('',(0.0219261147598834,0.0431848096702668,0.00682294277685681));
#9526=CARTESIAN_POINT('',(0.0217105263157895,0.0431473810728826,0.00694855715851496));
#9527=CARTESIAN_POINT('',(0.021625,0.0436400120192384,0.05));
#9528=CARTESIAN_POINT('',(0.025,0.0515,0.005));
#9529=CARTESIAN_POINT('',(-0.025,0.0515,0.045));
#9530=CARTESIAN_POINT('',(-0.028375,0.048515652221337,0.05));
#9531=CARTESIAN_POINT('',(-0.0279651935179096,0.0482291934158576,0.0466078087720759));
#9532=CARTESIAN_POINT('',(-0.0280681130582855,0.0480819572549401,0.046548388147735));
#9533=CARTESIAN_POINT('',(-0.0284779254058322,0.0479254970737227,0.0465972677201421));
#9534=CARTESIAN_POINT('',(-0.028745230046641,0.04814785662635,0.0468365189334294));
#9535=CARTESIAN_POINT('',(-0.0288157894736842,0.0482796339171968,0.046948557158515));
#9536=CARTESIAN_POINT('',(-0.0279651935179096,0.0482291934158576,0.0433921912279241));
#9537=CARTESIAN_POINT('',(-0.0280681130582855,0.0480819572549401,0.043451611852265));
#9538=CARTESIAN_POINT('',(-0.0284779254058322,0.0479254970737227,0.043402732279858));
#9539=CARTESIAN_POINT('',(-0.0287452300466409,0.0481478566263499,0.0431634810665705));
#9540=CARTESIAN_POINT('',(-0.0288157894736842,0.0482796339171968,0.0430514428414851));
#9541=CARTESIAN_POINT('',(-0.0281390823819538,0.0485420524017444,0.0465074139896109));
#9542=CARTESIAN_POINT('',(-0.0287320388078678,0.0481219240246591,0.0461650704374917));
#9543=CARTESIAN_POINT('',(-0.0288306130336355,0.0483074235807836,0.0469404266915031));
#9544=CARTESIAN_POINT('',(-0.0273496776724767,0.0470565299736354,0.0469631770111271));
#9545=CARTESIAN_POINT('',(-0.0278746182871402,0.0465848341367123,0.0466601024059186));
#9546=CARTESIAN_POINT('',(-0.0279996607078704,0.0467437157617307,0.0473961897130054));
#9547=CARTESIAN_POINT('',(-0.0261577068247074,0.0457874255688068,0.0476513617009529));
#9548=CARTESIAN_POINT('',(-0.0266102912298093,0.0452618474229426,0.0473900619728974));
#9549=CARTESIAN_POINT('',(-0.0267449545523464,0.0454078163882157,0.0480843744028509));
#9550=CARTESIAN_POINT('',(-0.0247245334906817,0.0449065448323917,0.048478804711148));
#9551=CARTESIAN_POINT('',(-0.0249905424762319,0.0443294905745364,0.0483252243517337));
#9552=CARTESIAN_POINT('',(-0.0252363510428228,0.0444805735077807,0.0489118174130402));
#9553=CARTESIAN_POINT('',(-0.025069258663831,0.0448131357693504,0.0483597505560469));
#9554=CARTESIAN_POINT('',(-0.0251874156307151,0.0446215031765062,0.0484279685126841));
#9555=CARTESIAN_POINT('',(-0.0252631628876045,0.0444971112897688,0.0486654886676096));
#9556=CARTESIAN_POINT('',(-0.0252631578947369,0.0444971081992613,0.04889711431703));
#9557=CARTESIAN_POINT('',(-0.0247245334906817,0.0449065448323917,0.041521195288852));
#9558=CARTESIAN_POINT('',(-0.0249905424762319,0.0443294905745364,0.0416747756482662));
#9559=CARTESIAN_POINT('',(-0.0252363510428229,0.0444805735077807,0.0410881825869598));
#9560=CARTESIAN_POINT('',(-0.0261577068247085,0.0457874255687808,0.0423486382990478));
#9561=CARTESIAN_POINT('',(-0.0266102912299736,0.0452618474230014,0.0426099380273041));
#9562=CARTESIAN_POINT('',(-0.0267449545523183,0.0454078163881984,0.0419156255971686));
#9563=CARTESIAN_POINT('',(-0.0273496776724533,0.0470565299736387,0.0430368229888594));
#9564=CARTESIAN_POINT('',(-0.027874618287095,0.0465848341365576,0.0433398975940061));
#9565=CARTESIAN_POINT('',(-0.0279996607078602,0.0467437157617115,0.0426038102869533));
#9566=CARTESIAN_POINT('',(-0.0281390823819538,0.0485420524017444,0.0434925860103891));
#9567=CARTESIAN_POINT('',(-0.0287320388078679,0.0481219240246591,0.0438349295625083));
#9568=CARTESIAN_POINT('',(-0.0288306130336356,0.0483074235807836,0.0430595733084969));
#9569=CARTESIAN_POINT('',(-0.025069258663831,0.0448131357693504,0.0416402494439531));
#9570=CARTESIAN_POINT('',(-0.025187415630715,0.0446215031765062,0.041572031487316));
#9571=CARTESIAN_POINT('',(-0.0252631628876045,0.0444971112897688,0.0413345113323905));
#9572=CARTESIAN_POINT('',(-0.0252631578947369,0.0444971081992613,0.04110288568297));
#9573=CARTESIAN_POINT('',(-0.0252685186584744,0.0449337449535398,0.048474793367593));
#9574=CARTESIAN_POINT('',(-0.0254252264491327,0.0445979101270396,0.0485652686527137));
#9575=CARTESIAN_POINT('',(-0.0252826512194467,0.0445092052142524,0.0489078060694852));
#9576=CARTESIAN_POINT('',(-0.0242281001331744,0.044286435917106,0.0478741074519412));
#9577=CARTESIAN_POINT('',(-0.0243355061808632,0.043893854287018,0.0479361183624983));
#9578=CARTESIAN_POINT('',(-0.024187473824397,0.0438278272811547,0.0483071201538323));
#9579=CARTESIAN_POINT('',(-0.0230612893790384,0.0438431374519705,0.0472004489489474));
#9580=CARTESIAN_POINT('',(-0.0231246572050293,0.043418412429201,0.0472370343803603));
#9581=CARTESIAN_POINT('',(-0.0229592519779312,0.0433611973178806,0.0476334616508472));
#9582=CARTESIAN_POINT('',(-0.0218535222141209,0.0436363086067074,0.0465031442511639));
#9583=CARTESIAN_POINT('',(-0.021911892896963,0.0431818381867481,0.0465368445806156));
#9584=CARTESIAN_POINT('',(-0.0216879181201272,0.0431434827439026,0.0469361569530561));
#9585=CARTESIAN_POINT('',(-0.022125,0.0436400120192385,0.046662371058027));
#9586=CARTESIAN_POINT('',(-0.022125,0.0433851326467979,0.0466896343913902));
#9587=CARTESIAN_POINT('',(-0.021926114759891,0.0431848096702681,0.0468229427768702));
#9588=CARTESIAN_POINT('',(-0.0217105263157895,0.0431473810728826,0.046948557158515));
#9589=CARTESIAN_POINT('',(-0.0218535222141209,0.0436363086067075,0.0434968557488362));
#9590=CARTESIAN_POINT('',(-0.021911892896963,0.0431818381867482,0.0434631554193845));
#9591=CARTESIAN_POINT('',(-0.0216879181201273,0.0431434827439026,0.043063843046944));
#9592=CARTESIAN_POINT('',(-0.02306128937903,0.0438431374519705,0.0427995510510575));
#9593=CARTESIAN_POINT('',(-0.0231246572050167,0.0434184124292088,0.0427629656196637));
#9594=CARTESIAN_POINT('',(-0.0229592519779241,0.0433611973178795,0.0423665383491724));
#9595=CARTESIAN_POINT('',(-0.0242281001331762,0.0442864359170871,0.0421258925480578));
#9596=CARTESIAN_POINT('',(-0.0243355061808633,0.0438938542869752,0.0420638816374743));
#9597=CARTESIAN_POINT('',(-0.0241874738243813,0.0438278272811449,0.0416928798461678));
#9598=CARTESIAN_POINT('',(-0.0252685186584744,0.0449337449535398,0.0415252066324071));
#9599=CARTESIAN_POINT('',(-0.0254252264491328,0.0445979101270397,0.0414347313472864));
#9600=CARTESIAN_POINT('',(-0.0252826512194467,0.0445092052142525,0.0410921939305148));
#9601=CARTESIAN_POINT('',(-0.022125,0.0436400120192385,0.0433376289419731));
#9602=CARTESIAN_POINT('',(-0.022125,0.0433851326467979,0.0433103656086099));
#9603=CARTESIAN_POINT('',(-0.0219261147598893,0.0431848096702678,0.0431770572231329));
#9604=CARTESIAN_POINT('',(-0.0217105263157895,0.0431473810728826,0.0430514428414851));
#9605=CARTESIAN_POINT('',(-0.021625,0.0436400120192385,0.05));
#9606=CARTESIAN_POINT('',(0.025,0.0565,0.005));
#9607=CARTESIAN_POINT('',(-0.025,0.0565,0.045));
#9608=CARTESIAN_POINT('',(-0.02,0.0565,0.012));
#9609=CARTESIAN_POINT('',(-0.02,0.0565,0.0045));
#9610=CARTESIAN_POINT('',(-0.0275,0.0565,0.012));
#9611=CARTESIAN_POINT('',(-0.0275,0.0565,0.05));
#9612=CARTESIAN_POINT('',(-0.0275,0.0565,0.038));
#9613=CARTESIAN_POINT('',(-6.50521303491302E-20,0.0565,0.0045));
#9614=CARTESIAN_POINT('',(0.02,0.0565,0.0045));
#9615=CARTESIAN_POINT('',(-0.02,0.0565,0.038));
#9616=CARTESIAN_POINT('',(-0.02687281728619,0.0565,0.0410023961348643));
#9617=CARTESIAN_POINT('',(0.02,0.0565,0.0119999999999997));
#9618=CARTESIAN_POINT('',(0.0206110826293506,0.0565,0.00452493625310753));
#9619=CARTESIAN_POINT('',(-0.025498253828952,0.0565,0.0404019169078915));
#9620=CARTESIAN_POINT('',(-0.0253366579925351,0.0565,0.0418931870999266));
#9621=CARTESIAN_POINT('',(0.0204888661034804,0.0565,0.00601994900248601));
#9622=CARTESIAN_POINT('',(0.0219519365564057,0.0565,0.00568915473140948));
#9623=CARTESIAN_POINT('',(-0.025,0.0565,0.045));
#9624=CARTESIAN_POINT('',(-0.0219519365564057,0.0565,0.0443108452685905));
#9625=CARTESIAN_POINT('',(0.025,0.0565,0.005));
#9626=CARTESIAN_POINT('',(0.0253366579925351,0.0565,0.00810681290007335));
#9627=CARTESIAN_POINT('',(-0.0204888661034804,0.0565,0.043980050997514));
#9628=CARTESIAN_POINT('',(-0.0206110826293506,0.0565,0.0454750637468925));
#9629=CARTESIAN_POINT('',(0.025498253828952,0.0565,0.00959808309210856));
#9630=CARTESIAN_POINT('',(0.02687281728619,0.0565,0.00899760386513571));
#9631=CARTESIAN_POINT('',(-0.02,0.0565,0.0379999999999957));
#9632=CARTESIAN_POINT('',(-0.02,0.0565,0.0455));
#9633=CARTESIAN_POINT('',(0.02,0.0565,0.012));
#9634=CARTESIAN_POINT('',(0.0275,0.0565,0.012));
#9635=CARTESIAN_POINT('',(6.93889390390723E-18,0.0565,0.0455));
#9636=CARTESIAN_POINT('',(0.02,0.0565,0.0455));
#9637=CARTESIAN_POINT('',(0.0275,0.0565,0.025));
#9638=CARTESIAN_POINT('',(0.0275,0.0565,0.038));
#9639=CARTESIAN_POINT('',(0.02,0.0565,0.038));
#9640=CARTESIAN_POINT('',(0.02,-0.02,0.0495));
#9641=CARTESIAN_POINT('',(0.02,-0.0295,0.0495));
#9642=CARTESIAN_POINT('',(0.0295,-0.02,0.0495));
#9643=CARTESIAN_POINT('',(0.0295,3.59955121265188E-18,0.0495));
#9644=CARTESIAN_POINT('',(0.0295,0.02,0.0495));
#9645=CARTESIAN_POINT('',(6.93889390390723E-18,-0.0295,0.0495));
#9646=CARTESIAN_POINT('',(-0.02,-0.0295,0.0495));
#9647=CARTESIAN_POINT('',(0.02,0.02,0.0495));
#9648=CARTESIAN_POINT('',(0.0214231511045659,0.0293927972901353,0.0495));
#9649=CARTESIAN_POINT('',(-0.02,-0.02,0.0495));
#9650=CARTESIAN_POINT('',(-0.0295,-0.02,0.0495));
#9651=CARTESIAN_POINT('',(0.0225,0.0365,0.0495));
#9652=CARTESIAN_POINT('',(0.021423151104566,0.0436072027098646,0.0495));
#9653=CARTESIAN_POINT('',(-0.0295,0.0135,0.0495));
#9654=CARTESIAN_POINT('',(-0.0295,0.02,0.0495));
#9655=CARTESIAN_POINT('',(0.02,0.053,0.0495));
#9656=CARTESIAN_POINT('',(0.0295,0.053,0.0495));
#9657=CARTESIAN_POINT('',(-0.02,0.02,0.0495));
#9658=CARTESIAN_POINT('',(-0.0214231511045659,0.0293927972901353,0.0495));
#9659=CARTESIAN_POINT('',(0.0295,0.0135,0.0495));
#9660=CARTESIAN_POINT('',(0.0295,0.056,0.0495));
#9661=CARTESIAN_POINT('',(-0.0225,0.0365,0.0495));
#9662=CARTESIAN_POINT('',(-0.0214231511045659,0.0436072027098647,0.0495));
#9663=CARTESIAN_POINT('',(0.029,0.056,0.0495));
#9664=CARTESIAN_POINT('',(0.029,0.0565,0.0495));
#9665=CARTESIAN_POINT('',(-0.02,0.053,0.0495));
#9666=CARTESIAN_POINT('',(-0.0295,0.053,0.0495));
#9667=CARTESIAN_POINT('',(6.93889390390723E-18,0.0565,0.0495));
#9668=CARTESIAN_POINT('',(-0.029,0.0565,0.0495));
#9669=CARTESIAN_POINT('',(-0.0295,0.0545,0.0495));
#9670=CARTESIAN_POINT('',(-0.0295,0.056,0.0495));
#9671=CARTESIAN_POINT('',(-0.029,0.056,0.0495));
#9672=CARTESIAN_POINT('',(-0.00244766853478164,0.053,0.0453360584335977));
#9673=CARTESIAN_POINT('',(-0.00239186941073986,0.053,0.0448725068358447));
#9674=CARTESIAN_POINT('',(-0.00238805327408254,0.0525341953097191,0.0448408042549328));
#9675=CARTESIAN_POINT('',(-0.00111281666866631,0.053,0.0454982132538037));
#9676=CARTESIAN_POINT('',(-0.00108742857835732,0.053,0.0450309572330702));
#9677=CARTESIAN_POINT('',(-0.00108571066725242,0.0525341838090296,0.0449990089109586));
#9678=CARTESIAN_POINT('',(0.00156530674002699,0.0530000000000001,0.0455553116282405));
#9679=CARTESIAN_POINT('',(0.00152959073013786,0.0530000000000001,0.0450867459990755));
#9680=CARTESIAN_POINT('',(0.00152718753920241,0.0525341783169824,0.0450547157903075));
#9681=CARTESIAN_POINT('',(0.00556998164682425,0.0529999999999999,0.0448476622924917));
#9682=CARTESIAN_POINT('',(0.00544293995637564,0.0529999999999999,0.0443952984652302));
#9683=CARTESIAN_POINT('',(0.00543433273290121,0.0525342320554157,0.0443643037301969));
#9684=CARTESIAN_POINT('',(0.00930479418556835,0.053,0.0433955594073177));
#9685=CARTESIAN_POINT('',(0.00909266813296663,0.053,0.0429763633775127));
#9686=CARTESIAN_POINT('',(0.00907819182869015,0.0525342987685004,0.042947568055101));
#9687=CARTESIAN_POINT('',(0.0127410764851073,0.053,0.0412058004290705));
#9688=CARTESIAN_POINT('',(0.0124507091966926,0.053,0.0408365294627525));
#9689=CARTESIAN_POINT('',(0.0124307931002743,0.0525343462096474,0.040811137660879));
#9690=CARTESIAN_POINT('',(0.0151493986332009,0.053,0.0389001496891943));
#9691=CARTESIAN_POINT('',(0.0148041939039286,0.053,0.038583384401394));
#9692=CARTESIAN_POINT('',(0.0147804667506405,0.0525343504131456,0.0385616346936653));
#9693=CARTESIAN_POINT('',(0.0168120529199103,0.0529999999999999,0.0367586710413494));
#9694=CARTESIAN_POINT('',(0.0164289429727432,0.053,0.0364906948576509));
#9695=CARTESIAN_POINT('',(0.0164026298604688,0.0525343317743247,0.0364723052885447));
#9696=CARTESIAN_POINT('',(0.0178768977435726,0.053,0.0350636984095235));
#9697=CARTESIAN_POINT('',(0.0174695045570044,0.053,0.034834331665579));
#9698=CARTESIAN_POINT('',(0.0174415411984549,0.0525343088957359,0.0348186087610974));
#9699=CARTESIAN_POINT('',(0.0187732931980929,0.053,0.0332749045584139));
#9700=CARTESIAN_POINT('',(0.0183454462521794,0.053,0.0330862882968853));
#9701=CARTESIAN_POINT('',(0.0183161046307204,0.0525342797057858,0.0330733762759776));
#9702=CARTESIAN_POINT('',(0.0197415776437726,0.053,0.0307437894971808));
#9703=CARTESIAN_POINT('',(0.0192916315195497,0.053,0.0306128174497165));
#9704=CARTESIAN_POINT('',(0.0192608049216512,0.0525342366696448,0.0306039009881935));
#9705=CARTESIAN_POINT('',(0.0204642186477441,0.0529999999999999,0.0274867639975628));
#9706=CARTESIAN_POINT('',(0.0199977419270395,0.0529999999999999,0.0274300203130979));
#9707=CARTESIAN_POINT('',(0.0199658426861812,0.0525341868689488,0.0274261958221823));
#9708=CARTESIAN_POINT('',(0.0205539413329031,0.053,0.0234140809752784));
#9709=CARTESIAN_POINT('',(0.0200854067527969,0.053,0.0234502649050236));
#9710=CARTESIAN_POINT('',(0.0200533788693575,0.0525341783805313,0.0234527021461517));
#9711=CARTESIAN_POINT('',(0.0198578365206688,0.0530000000000001,0.0194677569359389));
#9712=CARTESIAN_POINT('',(0.0194052406516629,0.0530000000000001,0.0195939391436884));
#9713=CARTESIAN_POINT('',(0.0193742301542641,0.0525342315471454,0.019602486816259));
#9714=CARTESIAN_POINT('',(0.0183877450126245,0.0529999999999999,0.0156775650114744));
#9715=CARTESIAN_POINT('',(0.0179687272251502,0.0529999999999999,0.0158900935804972));
#9716=CARTESIAN_POINT('',(0.0179399439721151,0.0525342989932643,0.0159045969592303));
#9717=CARTESIAN_POINT('',(0.0162213669861698,0.0530000000000001,0.0122808574419685));
#9718=CARTESIAN_POINT('',(0.0158517411576779,0.0530000000000001,0.0125707247443241));
#9719=CARTESIAN_POINT('',(0.0158263251316952,0.0525343459930494,0.0125906067034317));
#9720=CARTESIAN_POINT('',(0.0134337558830011,0.0529999999999999,0.00936152482516539));
#9721=CARTESIAN_POINT('',(0.0131276131229414,0.0529999999999999,0.00971786710639898));
#9722=CARTESIAN_POINT('',(0.0131065986279232,0.0525343513764019,0.00974236689463858));
#9723=CARTESIAN_POINT('',(0.0101057381745631,0.053,0.00703349619242834));
#9724=CARTESIAN_POINT('',(0.00987536717286115,0.053,0.00744290034973328));
#9725=CARTESIAN_POINT('',(0.00985962448830187,0.0525343121418007,0.00747103449260017));
#9726=CARTESIAN_POINT('',(0.00644094308860844,0.053,0.00541677959323783));
#9727=CARTESIAN_POINT('',(0.00629404654595446,0.053,0.00586309524837918));
#9728=CARTESIAN_POINT('',(0.00628407641802505,0.0525342472579216,0.00589369485131734));
#9729=CARTESIAN_POINT('',(0.00246265667607595,0.053,0.00453349095302012));
#9730=CARTESIAN_POINT('',(0.00240646071074603,0.053,0.00500001986020798));
#9731=CARTESIAN_POINT('',(0.00240267558438068,0.0525341867925373,0.00503192269640494));
#9732=CARTESIAN_POINT('',(-0.00153550677469886,0.0529999999999999,0.00444135874558402));
#9733=CARTESIAN_POINT('',(-0.00150046996690979,0.0529999999999999,0.00491000044568594));
#9734=CARTESIAN_POINT('',(-0.00149811330376281,0.0525341780556378,0.00494203568920947));
#9735=CARTESIAN_POINT('',(-0.00557793904321481,0.0530000000000001,0.00515322313011948));
#9736=CARTESIAN_POINT('',(-0.00545071533651548,0.0530000000000001,0.00560556663916568));
#9737=CARTESIAN_POINT('',(-0.0054420963397873,0.0525342321250206,0.00563656012457749));
#9738=CARTESIAN_POINT('',(-0.0093026360108147,0.053,0.0066041925175567));
#9739=CARTESIAN_POINT('',(-0.00909055951621692,0.053,0.00702339427822105));
#9740=CARTESIAN_POINT('',(-0.00907608621274802,0.0525342987494338,0.00705218991254096));
#9741=CARTESIAN_POINT('',(-0.0127416509036746,0.053,0.00879425535135211));
#9742=CARTESIAN_POINT('',(-0.0124512703799801,0.053,0.00916352501207007));
#9743=CARTESIAN_POINT('',(-0.0124313535297897,0.052534346214695,0.00918891676074058));
#9744=CARTESIAN_POINT('',(-0.0151493172261398,0.0529999999999999,0.0110998325858108));
#9745=CARTESIAN_POINT('',(-0.014804114371637,0.053,0.0114165982830623));
#9746=CARTESIAN_POINT('',(-0.0147803873260999,0.0525343504125472,0.0114383480130246));
#9747=CARTESIAN_POINT('',(-0.016812060633446,0.0530000000000001,0.0132413218198478));
#9748=CARTESIAN_POINT('',(-0.0164289505069201,0.0530000000000001,0.0135092981648834));
#9749=CARTESIAN_POINT('',(-0.0164026373861529,0.052534331774546,0.0135276877464842));
#9750=CARTESIAN_POINT('',(-0.0178768898078909,0.0529999999999999,0.014936293484479));
#9751=CARTESIAN_POINT('',(-0.017469496803204,0.0529999999999999,0.0151656604134803));
#9752=CARTESIAN_POINT('',(-0.0174415334560353,0.052534308895822,0.0151813833303017));
#9753=CARTESIAN_POINT('',(-0.0187732912973411,0.053,0.0167250889453864));
#9754=CARTESIAN_POINT('',(-0.0183454443946376,0.053,0.0169137053548228));
#9755=CARTESIAN_POINT('',(-0.0183161027762618,0.0525342797059069,0.0169266173860146));
#9756=CARTESIAN_POINT('',(-0.0197415758429993,0.0529999999999999,0.0192562055618086));
#9757=CARTESIAN_POINT('',(-0.0192916297600328,0.0529999999999999,0.0193871777220488));
#9758=CARTESIAN_POINT('',(-0.0192608031647387,0.0525342366697204,0.0193960941911255));
#9759=CARTESIAN_POINT('',(-0.0204642185036983,0.053,0.0225132339478369));
#9760=CARTESIAN_POINT('',(-0.0199977417863777,0.053,0.0225699776790994));
#9761=CARTESIAN_POINT('',(-0.0199658425456436,0.0525341868689516,0.0225738021732537));
#9762=CARTESIAN_POINT('',(-0.0205539424829152,0.053,0.0265859198784958));
#9763=CARTESIAN_POINT('',(-0.0200854078762096,0.053,0.0265497359296316));
#9764=CARTESIAN_POINT('',(-0.0200533799913625,0.0525341783805452,0.0265472986868299));
#9765=CARTESIAN_POINT('',(-0.0198578315286394,0.0530000000000001,0.0305322486996421));
#9766=CARTESIAN_POINT('',(-0.019405235775129,0.0530000000000001,0.0304060663619722));
#9767=CARTESIAN_POINT('',(-0.0193742252838121,0.0525342315471293,0.0303975186820749));
#9768=CARTESIAN_POINT('',(-0.0183877565475283,0.0529999999999999,0.0343224376881748));
#9769=CARTESIAN_POINT('',(-0.0179687384909185,0.0529999999999999,0.0341099090616759));
#9770=CARTESIAN_POINT('',(-0.0179399552261083,0.0525342989937184,0.0340954056747074));
#9771=CARTESIAN_POINT('',(-0.0162213046374027,0.0530000000000001,0.0377191679719294));
#9772=CARTESIAN_POINT('',(-0.0158516802538192,0.0530000000000001,0.0374293000785469));
#9773=CARTESIAN_POINT('',(-0.0158262643013293,0.0525343459919186,0.0374094180914883));
#9774=CARTESIAN_POINT('',(-0.0134339519489223,0.053,0.0406384241154869));
#9775=CARTESIAN_POINT('',(-0.0131278046413947,0.0529999999999999,0.0402820830310229));
#9776=CARTESIAN_POINT('',(-0.0131067899189291,0.0525343513809133,0.040257583289817));
#9777=CARTESIAN_POINT('',(-0.0101049504043955,0.053,0.0429667391801268));
#9778=CARTESIAN_POINT('',(-0.00987459757023436,0.0530000000000001,0.0425573295799505));
#9779=CARTESIAN_POINT('',(-0.0098588559030492,0.0525343121245242,0.0425291951466486));
#9780=CARTESIAN_POINT('',(-0.00644380445666501,0.053,0.0445823827070044));
#9781=CARTESIAN_POINT('',(-0.00629684228576418,0.0529999999999999,0.0441360862920895));
#9782=CARTESIAN_POINT('',(-0.00628686810177826,0.0525342473211193,0.044105487854153));
#9783=CARTESIAN_POINT('',(-0.00378252040089698,0.053,0.0451739036133917));
#9784=CARTESIAN_POINT('',(-0.00369628216029266,0.053,0.04471405984984));
#9785=CARTESIAN_POINT('',(-0.00369039588091265,0.0525342068104086,0.0446825995989071));
#9786=CARTESIAN_POINT('',(-0.00244766853478164,0.053,0.0453360584335977));
#9787=CARTESIAN_POINT('',(-0.00239186941073986,0.053,0.0448725068358447));
#9788=CARTESIAN_POINT('',(-0.00238805327408254,0.0525341953097191,0.0448408042549328));
#9789=CARTESIAN_POINT('',(-0.0275,0.0135,0.0005));
#9790=CARTESIAN_POINT('',(-0.0275,-0.02,0.0005));
#9791=CARTESIAN_POINT('',(-0.0275,0.0197320751168514,0.0005));
#9792=CARTESIAN_POINT('',(-0.026,0.0197320751168514,0.0005));
#9793=CARTESIAN_POINT('',(-0.025286713172609,0.0210516287921031,0.0005));
#9794=CARTESIAN_POINT('',(-0.02,-0.02,0.0005));
#9795=CARTESIAN_POINT('',(-0.02,-0.0275,0.0005));
#9796=CARTESIAN_POINT('',(-0.0238006989488777,0.0238006989488777,0.0005));
#9797=CARTESIAN_POINT('',(-0.0210516287921032,0.025286713172609,0.0005));
#9798=CARTESIAN_POINT('',(6.93889390390723E-18,-0.0275,0.0005));
#9799=CARTESIAN_POINT('',(0.0197320751168515,-0.0275,0.0005));
#9800=CARTESIAN_POINT('',(-0.0197320751168514,0.026,0.0005));
#9801=CARTESIAN_POINT('',(-0.0197320751168514,0.0275,0.0005));
#9802=CARTESIAN_POINT('',(0.0197320751168515,-0.026,0.0005));
#9803=CARTESIAN_POINT('',(0.0210516287921032,-0.025286713172609,0.0005));
#9804=CARTESIAN_POINT('',(0.000133962441574292,0.0275,0.0005));
#9805=CARTESIAN_POINT('',(0.02,0.0275,0.0005));
#9806=CARTESIAN_POINT('',(0.0238006989488777,-0.0238006989488777,0.0005));
#9807=CARTESIAN_POINT('',(0.025286713172609,-0.0210516287921031,0.0005));
#9808=CARTESIAN_POINT('',(0.02,0.02,0.0005));
#9809=CARTESIAN_POINT('',(0.0275,0.02,0.0005));
#9810=CARTESIAN_POINT('',(0.026,-0.0197320751168514,0.0005));
#9811=CARTESIAN_POINT('',(0.0275,-0.0197320751168514,0.0005));
#9812=CARTESIAN_POINT('',(0.0275,0.00013396244157431,0.0005));
#9813=CARTESIAN_POINT('',(0.029,0.056,0.0005));
#9814=CARTESIAN_POINT('',(0.0295,0.056,0.0005));
#9815=CARTESIAN_POINT('',(0.029,0.0565,0.0005));
#9816=CARTESIAN_POINT('',(6.93889390390723E-18,0.0565,0.0005));
#9817=CARTESIAN_POINT('',(-0.029,0.0565,0.0005));
#9818=CARTESIAN_POINT('',(0.0295,0.0545,0.0005));
#9819=CARTESIAN_POINT('',(0.0295,0.053,0.0005));
#9820=CARTESIAN_POINT('',(-0.029,0.056,0.0005));
#9821=CARTESIAN_POINT('',(-0.0295,0.056,0.0005));
#9822=CARTESIAN_POINT('',(0.02,0.053,0.0005));
#9823=CARTESIAN_POINT('',(0.0214231511045659,0.0436072027098647,0.0005));
#9824=CARTESIAN_POINT('',(-0.0295,0.0135,0.0005));
#9825=CARTESIAN_POINT('',(-0.0295,0.053,0.0005));
#9826=CARTESIAN_POINT('',(0.0225,0.0365,0.0005));
#9827=CARTESIAN_POINT('',(0.0214231511045659,0.0293927972901353,0.0005));
#9828=CARTESIAN_POINT('',(-0.02,0.053,0.0005));
#9829=CARTESIAN_POINT('',(-0.0214231511045659,0.0436072027098647,0.0005));
#9830=CARTESIAN_POINT('',(0.02,0.02,0.0005));
#9831=CARTESIAN_POINT('',(0.0295,0.02,0.0005));
#9832=CARTESIAN_POINT('',(-0.0225,0.0365,0.0005));
#9833=CARTESIAN_POINT('',(-0.0214231511045659,0.0293927972901354,0.0005));
#9834=CARTESIAN_POINT('',(0.0295,0.0135,0.0005));
#9835=CARTESIAN_POINT('',(0.0295,-0.02,0.0005));
#9836=CARTESIAN_POINT('',(-0.02,0.02,0.0005));
#9837=CARTESIAN_POINT('',(-0.0295,0.02,0.0005));
#9838=CARTESIAN_POINT('',(0.02,-0.02,0.0005));
#9839=CARTESIAN_POINT('',(0.02,-0.0295,0.0005));
#9840=CARTESIAN_POINT('',(-0.0295,-3.59955121265188E-18,0.0005));
#9841=CARTESIAN_POINT('',(-0.0295,-0.02,0.0005));
#9842=CARTESIAN_POINT('',(0.,-0.0295,0.0005));
#9843=CARTESIAN_POINT('',(-0.02,-0.0295,0.0005));
#9844=CARTESIAN_POINT('',(-0.02,-0.02,0.0005));
#9845=CARTESIAN_POINT('',(-0.0115915798101153,-0.0269472135954989,0.0451055728090023));
#9846=CARTESIAN_POINT('',(-0.0115177431605562,-0.0270832198611577,0.0448335602776846));
#9847=CARTESIAN_POINT('',(-0.011485474489441,-0.0273944271909988,0.0448405676329688));
#9848=CARTESIAN_POINT('',(-0.0110691642623109,-0.0268904906003613,0.0452190187992774));
#9849=CARTESIAN_POINT('',(-0.0110210801019852,-0.0270280915860399,0.0449438168279286));
#9850=CARTESIAN_POINT('',(-0.0109978866448227,-0.0273377041958612,0.0449464505572236));
#9851=CARTESIAN_POINT('',(-0.010534591430286,-0.0268618033988742,0.0452763932022515));
#9852=CARTESIAN_POINT('',(-0.0105099651922695,-0.0269999999999915,0.0450000000000022));
#9853=CARTESIAN_POINT('',(-0.0104989520016007,-0.0273090169943749,0.045));
#9854=CARTESIAN_POINT('',(-0.01,-0.026861803398875,0.04527639320225));
#9855=CARTESIAN_POINT('',(-0.01,-0.027,0.045));
#9856=CARTESIAN_POINT('',(-0.01,-0.0273090169943749,0.045));
#9857=CARTESIAN_POINT('',(-0.01,-0.0273090169943749,0.0455));
#9858=CARTESIAN_POINT('',(-0.0115915798101147,-0.0273944271909994,0.0453291796067512));
#9859=CARTESIAN_POINT('',(-0.0129813660996258,-0.027,0.0448819660112501));
#9860=CARTESIAN_POINT('',(-0.0127826083596508,-0.027,0.0444231682771668));
#9861=CARTESIAN_POINT('',(-0.0127826083596508,-0.0275,0.0444231682771668));
#9862=CARTESIAN_POINT('',(-0.0125284138182331,-0.027,0.0449800787132862));
#9863=CARTESIAN_POINT('',(-0.0124276008249176,-0.02708259217679,0.044576962634731));
#9864=CARTESIAN_POINT('',(-0.0123598528977678,-0.0274999999736008,0.0446063119893602));
#9865=CARTESIAN_POINT('',(-0.012066387921071,-0.0269729905272557,0.045054018945489));
#9866=CARTESIAN_POINT('',(-0.0119823116603899,-0.0270940881109404,0.0447304025263968));
#9867=CARTESIAN_POINT('',(-0.0119286287264353,-0.027445981066298,0.0447443337603922));
#9868=CARTESIAN_POINT('',(-0.0115915798101147,-0.0269472135954994,0.0451055728090013));
#9869=CARTESIAN_POINT('',(-0.0115177431605558,-0.0270832198611585,0.0448335602776847));
#9870=CARTESIAN_POINT('',(-0.0114854744894404,-0.0273944271909987,0.0448405676329689));
#9871=CARTESIAN_POINT('',(-0.0129813660996258,-0.0275,0.0448819660112501));
#9872=CARTESIAN_POINT('',(-5.20417042793042E-18,-0.0273090169943749,0.0455));
#9873=CARTESIAN_POINT('',(0.01,-0.0273090169943749,0.0455));
#9874=CARTESIAN_POINT('',(-0.01,-0.0275,0.038));
#9875=CARTESIAN_POINT('',(-0.0175,-0.0275,0.038));
#9876=CARTESIAN_POINT('',(0.01,-0.026861803398875,0.04527639320225));
#9877=CARTESIAN_POINT('',(0.01,-0.027,0.045));
#9878=CARTESIAN_POINT('',(0.01,-0.0273090169943749,0.045));
#9879=CARTESIAN_POINT('',(0.0105345914302908,-0.0268618033988742,0.0452763932022515));
#9880=CARTESIAN_POINT('',(0.010509965192275,-0.0269999999999915,0.0450000000000022));
#9881=CARTESIAN_POINT('',(0.0104989520016053,-0.0273090169943749,0.045));
#9882=CARTESIAN_POINT('',(0.0110691642623176,-0.0268904906003613,0.0452190187992775));
#9883=CARTESIAN_POINT('',(0.011021080101995,-0.0270280915860399,0.0449438168279325));
#9884=CARTESIAN_POINT('',(0.0109978866448301,-0.027337704195862,0.0449464505572227));
#9885=CARTESIAN_POINT('',(0.0115915798101254,-0.0269472135954999,0.0451055728090001));
#9886=CARTESIAN_POINT('',(0.0115177431605658,-0.0270832198611588,0.0448335602776824));
#9887=CARTESIAN_POINT('',(0.0114854744894504,-0.0273944271909999,0.0448405676329667));
#9888=CARTESIAN_POINT('',(0.0115915798101251,-0.0273944271909999,0.0453291796067502));
#9889=CARTESIAN_POINT('',(-0.0175,-0.0275,0.025));
#9890=CARTESIAN_POINT('',(-0.0175,-0.0275,0.012));
#9891=CARTESIAN_POINT('',(0.0115915798101251,-0.0269472135954999,0.0451055728090001));
#9892=CARTESIAN_POINT('',(0.0115177431605655,-0.0270832198611588,0.0448335602776825));
#9893=CARTESIAN_POINT('',(0.0114854744894501,-0.0273944271909999,0.0448405676329668));
#9894=CARTESIAN_POINT('',(0.0120650537275546,-0.026972918094769,0.045054163810462));
#9895=CARTESIAN_POINT('',(0.0119809559539644,-0.0270940563955938,0.044730703563122));
#9896=CARTESIAN_POINT('',(0.0119273834789191,-0.0274458362017381,0.0447446041741229));
#9897=CARTESIAN_POINT('',(0.0125312327596705,-0.027,0.0449794681108549));
#9898=CARTESIAN_POINT('',(0.0124296287756842,-0.0270821203774709,0.0445760840979907));
#9899=CARTESIAN_POINT('',(0.0123624839094736,-0.0274999999747097,0.0446051721974614));
#9900=CARTESIAN_POINT('',(0.0129813660996258,-0.027,0.0448819660112501));
#9901=CARTESIAN_POINT('',(0.0127826083596508,-0.027,0.0444231682771668));
#9902=CARTESIAN_POINT('',(0.0127826083596508,-0.0275,0.0444231682771668));
#9903=CARTESIAN_POINT('',(0.0129813660996258,-0.0275,0.0448819660112501));
#9904=CARTESIAN_POINT('',(-0.01,-0.0275,0.012));
#9905=CARTESIAN_POINT('',(-0.01,-0.0275,0.0045));
#9906=CARTESIAN_POINT('',(0.01,-0.0275,0.038));
#9907=CARTESIAN_POINT('',(0.0175,-0.0275,0.038));
#9908=CARTESIAN_POINT('',(-5.160802341031E-18,-0.0275,0.0045));
#9909=CARTESIAN_POINT('',(0.01,-0.0275,0.0045));
#9910=CARTESIAN_POINT('',(0.0175,-0.0275,0.05));
#9911=CARTESIAN_POINT('',(0.0175,-0.0275,0.012));
#9912=CARTESIAN_POINT('',(0.01,-0.0275,0.012));
#9913=CARTESIAN_POINT('',(-0.01,-0.0295,0.038));
#9914=CARTESIAN_POINT('',(-0.01,-0.0295,0.0455));
#9915=CARTESIAN_POINT('',(-0.0175,-0.0295,0.038));
#9916=CARTESIAN_POINT('',(-0.0175,-0.0295,0.05));
#9917=CARTESIAN_POINT('',(-0.0175,-0.0295,0.012));
#9918=CARTESIAN_POINT('',(-5.20417042793042E-18,-0.0295,0.0455));
#9919=CARTESIAN_POINT('',(0.01,-0.0295,0.0455));
#9920=CARTESIAN_POINT('',(-0.01,-0.0295,0.012));
#9921=CARTESIAN_POINT('',(-0.01,-0.0295,0.0045));
#9922=CARTESIAN_POINT('',(0.01,-0.0295,0.038));
#9923=CARTESIAN_POINT('',(0.0175,-0.0295,0.038));
#9924=CARTESIAN_POINT('',(3.94649590784723E-18,-0.0295,0.0045));
#9925=CARTESIAN_POINT('',(0.01,-0.0295,0.0045));
#9926=CARTESIAN_POINT('',(0.0175,-0.0295,0.025));
#9927=CARTESIAN_POINT('',(0.0175,-0.0295,0.012));
#9928=CARTESIAN_POINT('',(0.01,-0.0295,0.012));
#9929=CARTESIAN_POINT('',(0.0275,-7.15573433840433E-18,0.025));
#9930=CARTESIAN_POINT('',(0.0295,-7.67615138119737E-18,0.025));
#9931=CARTESIAN_POINT('',(-0.0275,7.15573433840434E-18,0.025));
#9932=CARTESIAN_POINT('',(-0.0295,7.67615138119737E-18,0.025));
#9933=CARTESIAN_POINT('',(0.0238006989488777,-0.0238006989488777,0.0495));
#9934=CARTESIAN_POINT('',(0.0238006989488777,-0.0238006989488777,0.0005));
#9935=CARTESIAN_POINT('',(-0.0238006989488777,0.0238006989488777,0.0495));
#9936=CARTESIAN_POINT('',(-0.0238006989488777,0.0238006989488777,0.0005));
#9937=CARTESIAN_POINT('',(-0.0016589764850001,-0.025,0.0525));
#9938=CARTESIAN_POINT('',(0.016,-0.025,0.0525));
#9939=CARTESIAN_POINT('',(-0.016,-0.025,0.0525));
#9940=CARTESIAN_POINT('',(-0.016,-0.0255,0.0525));
#9941=CARTESIAN_POINT('',(-0.0165,-0.0255,0.0525));
#9942=CARTESIAN_POINT('',(0.016,-0.0255,0.0525));
#9943=CARTESIAN_POINT('',(0.0165,-0.0255,0.0525));
#9944=CARTESIAN_POINT('',(-0.0165,0.0135,0.0525));
#9945=CARTESIAN_POINT('',(-0.0165,-0.026,0.0525));
#9946=CARTESIAN_POINT('',(0.0165,-0.02575,0.0525));
#9947=CARTESIAN_POINT('',(0.0165,-0.026,0.0525));
#9948=CARTESIAN_POINT('',(-0.016,-0.026,0.0525));
#9949=CARTESIAN_POINT('',(-0.016,-0.0265,0.0525));
#9950=CARTESIAN_POINT('',(0.016,-0.026,0.0525));
#9951=CARTESIAN_POINT('',(0.016,-0.0265,0.0525));
#9952=CARTESIAN_POINT('',(6.93889390390723E-18,-0.0265,0.0525));
#9953=CARTESIAN_POINT('',(0.025,0.0135,0.0525));
#9954=CARTESIAN_POINT('',(0.025,-0.016,0.0525));
#9955=CARTESIAN_POINT('',(0.025,0.016,0.0525));
#9956=CARTESIAN_POINT('',(0.0255,0.016,0.0525));
#9957=CARTESIAN_POINT('',(0.0255,0.0165,0.0525));
#9958=CARTESIAN_POINT('',(0.0255,-0.016,0.0525));
#9959=CARTESIAN_POINT('',(0.0255,-0.0165,0.0525));
#9960=CARTESIAN_POINT('',(0.02575,0.0165,0.0525));
#9961=CARTESIAN_POINT('',(0.026,0.0165,0.0525));
#9962=CARTESIAN_POINT('',(6.93889390390723E-18,-0.0165,0.0525));
#9963=CARTESIAN_POINT('',(0.026,-0.0165,0.0525));
#9964=CARTESIAN_POINT('',(0.026,0.016,0.0525));
#9965=CARTESIAN_POINT('',(0.0265,0.016,0.0525));
#9966=CARTESIAN_POINT('',(0.026,-0.016,0.0525));
#9967=CARTESIAN_POINT('',(0.0265,-0.016,0.0525));
#9968=CARTESIAN_POINT('',(0.0265,0.00013396244157431,0.0525));
#9969=CARTESIAN_POINT('',(-0.025,-0.0016589764850001,0.0525));
#9970=CARTESIAN_POINT('',(-0.025,-0.016,0.0525));
#9971=CARTESIAN_POINT('',(-0.025,0.016,0.0525));
#9972=CARTESIAN_POINT('',(-0.0255,0.016,0.0525));
#9973=CARTESIAN_POINT('',(-0.0255,0.0165,0.0525));
#9974=CARTESIAN_POINT('',(-0.0255,-0.016,0.0525));
#9975=CARTESIAN_POINT('',(-0.0255,-0.0165,0.0525));
#9976=CARTESIAN_POINT('',(-0.02575,0.0165,0.0525));
#9977=CARTESIAN_POINT('',(-0.026,0.0165,0.0525));
#9978=CARTESIAN_POINT('',(6.93889390390723E-18,-0.0165,0.0525));
#9979=CARTESIAN_POINT('',(-0.026,-0.0165,0.0525));
#9980=CARTESIAN_POINT('',(-0.026,0.016,0.0525));
#9981=CARTESIAN_POINT('',(-0.0265,0.016,0.0525));
#9982=CARTESIAN_POINT('',(-0.026,-0.016,0.0525));
#9983=CARTESIAN_POINT('',(-0.0265,-0.016,0.0525));
#9984=CARTESIAN_POINT('',(-0.0265,0.0135,0.0525));
#9985=CARTESIAN_POINT('',(6.93889390390723E-18,0.025,0.0525));
#9986=CARTESIAN_POINT('',(0.016,0.025,0.0525));
#9987=CARTESIAN_POINT('',(-0.016,0.025,0.0525));
#9988=CARTESIAN_POINT('',(-0.016,0.0255,0.0525));
#9989=CARTESIAN_POINT('',(-0.0165,0.0255,0.0525));
#9990=CARTESIAN_POINT('',(0.016,0.0255,0.0525));
#9991=CARTESIAN_POINT('',(0.0165,0.0255,0.0525));
#9992=CARTESIAN_POINT('',(-0.0165,0.0135,0.0525));
#9993=CARTESIAN_POINT('',(-0.0165,0.026,0.0525));
#9994=CARTESIAN_POINT('',(0.0165,0.02575,0.0525));
#9995=CARTESIAN_POINT('',(0.0165,0.026,0.0525));
#9996=CARTESIAN_POINT('',(-0.016,0.026,0.0525));
#9997=CARTESIAN_POINT('',(-0.016,0.0265,0.0525));
#9998=CARTESIAN_POINT('',(0.016,0.026,0.0525));
#9999=CARTESIAN_POINT('',(0.016,0.0265,0.0525));
#10000=CARTESIAN_POINT('',(0.000133962441574292,0.0265,0.0525));
#10001=MECHANICAL_DESIGN_GEOMETRIC_PRESENTATION_REPRESENTATION('',(#4956),
#10002);
#10002=(
GEOMETRIC_REPRESENTATION_CONTEXT(3)
GLOBAL_UNCERTAINTY_ASSIGNED_CONTEXT((#10003))
GLOBAL_UNIT_ASSIGNED_CONTEXT((#10006,#10005,#10004))
REPRESENTATION_CONTEXT('BLOCKS_mirror_block','TOP_LEVEL_ASSEMBLY_PART')
);
#10003=UNCERTAINTY_MEASURE_WITH_UNIT(LENGTH_MEASURE(2.E-5),#10006,
'DISTANCE_ACCURACY_VALUE','Maximum Tolerance applied to model');
#10004=(
NAMED_UNIT(*)
SI_UNIT($,.STERADIAN.)
SOLID_ANGLE_UNIT()
);
#10005=(
NAMED_UNIT(*)
PLANE_ANGLE_UNIT()
SI_UNIT($,.RADIAN.)
);
#10006=(
LENGTH_UNIT()
NAMED_UNIT(*)
SI_UNIT($,.METRE.)
);
#10007=PRODUCT_DEFINITION_SHAPE('','',#10008);
#10008=PRODUCT_DEFINITION('','',#10010,#10009);
#10009=PRODUCT_DEFINITION_CONTEXT('',#10016,'design');
#10010=PRODUCT_DEFINITION_FORMATION_WITH_SPECIFIED_SOURCE('','',#10012,
 .NOT_KNOWN.);
#10011=PRODUCT_RELATED_PRODUCT_CATEGORY('','',(#10012));
#10012=PRODUCT('BLOCKS_mirror_block','BLOCKS_mirror_block',
'BLOCKS_mirror_block',(#10014));
#10013=PRODUCT_CATEGORY('','');
#10014=PRODUCT_CONTEXT('',#10016,'mechanical');
#10015=APPLICATION_PROTOCOL_DEFINITION('international standard',
'ap242_managed_model_based_3d_engineering',2020,#10016);
#10016=APPLICATION_CONTEXT('managed model based 3d engineering');
ENDSEC;
END-ISO-10303-21;
