ISO-10303-21;
HEADER;
/* Generated by software containing ST-Developer
 * from STEP Tools, Inc. (www.steptools.com) 
 */
/* OPTION: using custom renumber hook */

FILE_DESCRIPTION(
/* description */ ('STEP AP242 Edition 2',
'CAx-IF Rec.Pracs.---Representation and Presentation of Product Manufa
cturing Information (PMI)---4.0---2014-10-13',
'CAx-IF Rec.Pracs.---3D Tessellated Geometry---0.4---2014-09-14','2;1',
'CAx-IF Rec.Pracs.---User Defined Attributes---1.5---2016-08-15'),
/* implementation_level */ '2;1');

FILE_NAME(
/* name */ 'blocks - BLOCKS_spacer_3.2',
/* time_stamp */ '2026-05-16T13:03:38Z',
/* author */ (''),
/* organization */ (''),
/* preprocessor_version */ 'ST-DEVELOPER v20',
/* originating_system */ 'ONSHAPE BY PTC INC, 1.215',
/* authorisation */ '  ');

FILE_SCHEMA (('AP242_MANAGED_MODEL_BASED_3D_ENGINEERING_MIM_LF { 1 0 10303 442 3 1 4 }'));
ENDSEC;

DATA;
#10=SHAPE_REPRESENTATION_RELATIONSHIP('','',#2886,#11);
#11=ADVANCED_BREP_SHAPE_REPRESENTATION('',(#2884),#6334);
#12=TOROIDAL_SURFACE('',#3017,0.000799999999999958,0.0002);
#13=TOROIDAL_SURFACE('',#3019,0.0008,0.0002);
#14=TOROIDAL_SURFACE('',#3025,0.000299999999999959,0.0002);
#15=TOROIDAL_SURFACE('',#3027,0.0003,0.0002);
#16=TOROIDAL_SURFACE('',#3033,0.0012,0.0002);
#17=TOROIDAL_SURFACE('',#3035,0.00119999999999995,0.0002);
#18=TOROIDAL_SURFACE('',#3041,0.0018,0.0002);
#19=TOROIDAL_SURFACE('',#3043,0.0018,0.0002);
#20=TOROIDAL_SURFACE('',#3049,0.0018,0.0002);
#21=TOROIDAL_SURFACE('',#3051,0.0018,0.0002);
#22=TOROIDAL_SURFACE('',#3060,0.000799999999999958,0.0002);
#23=TOROIDAL_SURFACE('',#3062,0.0008,0.0002);
#24=TOROIDAL_SURFACE('',#3068,0.000299999999999959,0.0002);
#25=TOROIDAL_SURFACE('',#3070,0.0003,0.0002);
#26=TOROIDAL_SURFACE('',#3076,0.0012,0.0002);
#27=TOROIDAL_SURFACE('',#3078,0.00119999999999995,0.0002);
#28=TOROIDAL_SURFACE('',#3084,0.0018,0.0002);
#29=TOROIDAL_SURFACE('',#3086,0.0018,0.0002);
#30=TOROIDAL_SURFACE('',#3092,0.0018,0.0002);
#31=TOROIDAL_SURFACE('',#3094,0.0018,0.0002);
#32=ELLIPSE('',#2967,0.000215085426864511,0.0002);
#33=ELLIPSE('',#2969,0.000506282273264636,0.0002);
#34=ELLIPSE('',#2971,0.000282842712474619,0.0002);
#35=ELLIPSE('',#2973,0.000282842712474619,0.0002);
#36=ELLIPSE('',#2975,0.000282842712474619,0.0002);
#37=ELLIPSE('',#3010,0.000282842712474619,0.0002);
#38=ELLIPSE('',#3012,0.000282842712474619,0.0002);
#39=ELLIPSE('',#3125,0.000282842712474619,0.0002);
#40=ELLIPSE('',#3127,0.000282842712474619,0.0002);
#41=ELLIPSE('',#3150,0.000215085426864511,0.0002);
#42=ELLIPSE('',#3152,0.000506282273264636,0.0002);
#43=ELLIPSE('',#3154,0.000282842712474619,0.0002);
#44=ELLIPSE('',#3156,0.000282842712474619,0.0002);
#45=ELLIPSE('',#3158,0.000282842712474619,0.0002);
#46=(
BOUNDED_SURFACE()
B_SPLINE_SURFACE(3,2,((#4602,#4603,#4604),(#4605,#4606,#4607),(#4608,#4609,
#4610),(#4611,#4612,#4613),(#4614,#4615,#4616)),.UNSPECIFIED.,.F.,.F.,.F.)
B_SPLINE_SURFACE_WITH_KNOTS((4,1,4),(3,3),(0.,0.00052101880551923,0.00104203761103846),
(0.,0.658918622598082),.UNSPECIFIED.)
GEOMETRIC_REPRESENTATION_ITEM()
RATIONAL_B_SPLINE_SURFACE(((1.,0.807007203691121,0.868347502412639),(1.,
0.807007203691121,0.868347502412639),(1.,0.807007203691121,0.86834750241264),
(1.,0.807007203691121,0.868347502412639),(1.,0.807007203691121,0.868347502412639)))
REPRESENTATION_ITEM('')
SURFACE()
);
#47=(
BOUNDED_SURFACE()
B_SPLINE_SURFACE(3,2,((#4623,#4624,#4625),(#4626,#4627,#4628),(#4629,#4630,
#4631),(#4632,#4633,#4634),(#4635,#4636,#4637)),.UNSPECIFIED.,.F.,.F.,.F.)
B_SPLINE_SURFACE_WITH_KNOTS((4,1,4),(3,3),(-1.701655309716E-16,0.000304959987344183,
0.000609919974688536),(0.341081377402461,1.),.UNSPECIFIED.)
GEOMETRIC_REPRESENTATION_ITEM()
RATIONAL_B_SPLINE_SURFACE(((0.868347502412539,0.80700720369128,1.),(0.868347502412539,
0.80700720369128,1.),(0.868347502412539,0.807007203691281,1.),(0.868347502412539,
0.80700720369128,1.),(0.868347502412539,0.80700720369128,1.)))
REPRESENTATION_ITEM('')
SURFACE()
);
#48=(
BOUNDED_SURFACE()
B_SPLINE_SURFACE(3,2,((#4644,#4645,#4646),(#4647,#4648,#4649),(#4650,#4651,
#4652),(#4653,#4654,#4655)),.UNSPECIFIED.,.F.,.F.,.F.)
B_SPLINE_SURFACE_WITH_KNOTS((4,4),(3,3),(-1.93638508005911E-16,0.000838743247406591),
(0.341081377401935,1.),.PIECEWISE_BEZIER_KNOTS.)
GEOMETRIC_REPRESENTATION_ITEM()
RATIONAL_B_SPLINE_SURFACE(((0.868347502412637,0.807007203691126,1.),(0.868347502412637,
0.807007203691126,1.),(0.868347502412598,0.807007203691069,1.),(0.868347502412598,
0.807007203691069,1.)))
REPRESENTATION_ITEM('')
SURFACE()
);
#49=(
BOUNDED_SURFACE()
B_SPLINE_SURFACE(3,2,((#4662,#4663,#4664),(#4665,#4666,#4667),(#4668,#4669,
#4670),(#4671,#4672,#4673)),.UNSPECIFIED.,.F.,.F.,.F.)
B_SPLINE_SURFACE_WITH_KNOTS((4,4),(3,3),(0.,0.000328439460712367),(0.341081377401671,
1.),.PIECEWISE_BEZIER_KNOTS.)
GEOMETRIC_REPRESENTATION_ITEM()
RATIONAL_B_SPLINE_SURFACE(((0.868347502412642,0.807007203690984,1.),(0.868347502412642,
0.807007203690985,1.),(0.868347502412686,0.807007203691049,1.),(0.868347502412686,
0.807007203691049,1.)))
REPRESENTATION_ITEM('')
SURFACE()
);
#50=(
BOUNDED_SURFACE()
B_SPLINE_SURFACE(3,2,((#4680,#4681,#4682),(#4683,#4684,#4685),(#4686,#4687,
#4688),(#4689,#4690,#4691)),.UNSPECIFIED.,.F.,.F.,.F.)
B_SPLINE_SURFACE_WITH_KNOTS((4,4),(3,3),(-2.6628005356244E-16,0.000886058938586786),
(0.34108137740201,1.),.PIECEWISE_BEZIER_KNOTS.)
GEOMETRIC_REPRESENTATION_ITEM()
RATIONAL_B_SPLINE_SURFACE(((0.868347502412584,0.807007203691091,1.),(0.868347502412584,
0.807007203691091,1.),(0.868347502412623,0.807007203691148,1.),(0.868347502412623,
0.807007203691148,1.)))
REPRESENTATION_ITEM('')
SURFACE()
);
#51=(
BOUNDED_SURFACE()
B_SPLINE_SURFACE(3,2,((#4698,#4699,#4700),(#4701,#4702,#4703),(#4704,#4705,
#4706),(#4707,#4708,#4709),(#4710,#4711,#4712)),.UNSPECIFIED.,.F.,.F.,.F.)
B_SPLINE_SURFACE_WITH_KNOTS((4,1,4),(3,3),(-4.30970363562988E-17,0.000139507493160261,
0.000279014986320564),(0.341081377401647,1.),.UNSPECIFIED.)
GEOMETRIC_REPRESENTATION_ITEM()
RATIONAL_B_SPLINE_SURFACE(((0.86834750241269,0.807007203691042,1.),(0.86834750241269,
0.807007203691042,1.),(0.868347502412712,0.807007203691074,1.),(0.868347502412646,
0.807007203690977,1.),(0.868347502412646,0.807007203690977,1.)))
REPRESENTATION_ITEM('')
SURFACE()
);
#52=(
BOUNDED_SURFACE()
B_SPLINE_SURFACE(3,2,((#4719,#4720,#4721),(#4722,#4723,#4724),(#4725,#4726,
#4727),(#4728,#4729,#4730)),.UNSPECIFIED.,.F.,.F.,.F.)
B_SPLINE_SURFACE_WITH_KNOTS((4,4),(3,3),(-6.50521303491303E-19,0.00121226523583187),
(0.34108137740182,1.),.PIECEWISE_BEZIER_KNOTS.)
GEOMETRIC_REPRESENTATION_ITEM()
RATIONAL_B_SPLINE_SURFACE(((0.868347502412658,0.807007203691092,1.),(0.868347502412658,
0.807007203691092,1.),(0.868347502412658,0.807007203691092,1.),(0.868347502412658,
0.807007203691092,1.)))
REPRESENTATION_ITEM('')
SURFACE()
);
#53=(
BOUNDED_SURFACE()
B_SPLINE_SURFACE(3,2,((#4737,#4738,#4739),(#4740,#4741,#4742),(#4743,#4744,
#4745),(#4746,#4747,#4748)),.UNSPECIFIED.,.F.,.F.,.F.)
B_SPLINE_SURFACE_WITH_KNOTS((4,4),(3,3),(-1.10886777190955E-16,0.000328025008831131),
(0.341081377402195,1.),.PIECEWISE_BEZIER_KNOTS.)
GEOMETRIC_REPRESENTATION_ITEM()
RATIONAL_B_SPLINE_SURFACE(((0.868347502412588,0.807007203691202,1.),(0.868347502412588,
0.807007203691202,1.),(0.868347502412588,0.807007203691202,1.),(0.868347502412588,
0.807007203691202,1.)))
REPRESENTATION_ITEM('')
SURFACE()
);
#54=(
BOUNDED_SURFACE()
B_SPLINE_SURFACE(3,2,((#4755,#4756,#4757),(#4758,#4759,#4760),(#4761,#4762,
#4763),(#4764,#4765,#4766)),.UNSPECIFIED.,.F.,.F.,.F.)
B_SPLINE_SURFACE_WITH_KNOTS((4,4),(3,3),(-4.77048955893622E-18,0.00114299164125832),
(0.341081377401932,1.),.PIECEWISE_BEZIER_KNOTS.)
GEOMETRIC_REPRESENTATION_ITEM()
RATIONAL_B_SPLINE_SURFACE(((0.868347502412637,0.807007203691125,1.),(0.868347502412637,
0.807007203691125,1.),(0.868347502412637,0.807007203691125,1.),(0.868347502412637,
0.807007203691125,1.)))
REPRESENTATION_ITEM('')
SURFACE()
);
#55=(
BOUNDED_SURFACE()
B_SPLINE_SURFACE(3,2,((#4773,#4774,#4775),(#4776,#4777,#4778),(#4779,#4780,
#4781),(#4782,#4783,#4784)),.UNSPECIFIED.,.F.,.F.,.F.)
B_SPLINE_SURFACE_WITH_KNOTS((4,4),(3,3),(-4.76073173938385E-16,0.000350100571827592),
(0.341081377402036,1.),.PIECEWISE_BEZIER_KNOTS.)
GEOMETRIC_REPRESENTATION_ITEM()
RATIONAL_B_SPLINE_SURFACE(((0.868347502412617,0.807007203691155,1.),(0.868347502412617,
0.807007203691156,1.),(0.868347502412618,0.807007203691156,1.),(0.868347502412618,
0.807007203691156,1.)))
REPRESENTATION_ITEM('')
SURFACE()
);
#56=(
BOUNDED_SURFACE()
B_SPLINE_SURFACE(3,2,((#4791,#4792,#4793),(#4794,#4795,#4796),(#4797,#4798,
#4799),(#4800,#4801,#4802)),.UNSPECIFIED.,.F.,.F.,.F.)
B_SPLINE_SURFACE_WITH_KNOTS((4,4),(3,3),(-5.56195714485064E-17,0.000753361182423694),
(0.341081377402104,1.),.PIECEWISE_BEZIER_KNOTS.)
GEOMETRIC_REPRESENTATION_ITEM()
RATIONAL_B_SPLINE_SURFACE(((0.868347502412605,0.807007203691176,1.),(0.868347502412605,
0.807007203691176,1.),(0.868347502412585,0.807007203691146,1.),(0.868347502412585,
0.807007203691146,1.)))
REPRESENTATION_ITEM('')
SURFACE()
);
#57=(
BOUNDED_SURFACE()
B_SPLINE_SURFACE(3,2,((#4809,#4810,#4811),(#4812,#4813,#4814),(#4815,#4816,
#4817),(#4818,#4819,#4820)),.UNSPECIFIED.,.F.,.F.,.F.)
B_SPLINE_SURFACE_WITH_KNOTS((4,4),(3,3),(0.,0.000637325708778281),(0.,0.658918622597981),
 .PIECEWISE_BEZIER_KNOTS.)
GEOMETRIC_REPRESENTATION_ITEM()
RATIONAL_B_SPLINE_SURFACE(((1.,0.807007203691151,0.868347502412621),(1.,
0.807007203691151,0.868347502412621),(1.,0.807007203691151,0.868347502412621),
(1.,0.807007203691151,0.868347502412621)))
REPRESENTATION_ITEM('')
SURFACE()
);
#58=(
BOUNDED_SURFACE()
B_SPLINE_SURFACE(3,2,((#4830,#4831,#4832),(#4833,#4834,#4835),(#4836,#4837,
#4838),(#4839,#4840,#4841)),.UNSPECIFIED.,.F.,.F.,.F.)
B_SPLINE_SURFACE_WITH_KNOTS((4,4),(3,3),(-4.47450236584768E-16,0.000998292649684201),
(0.341081377402248,1.),.PIECEWISE_BEZIER_KNOTS.)
GEOMETRIC_REPRESENTATION_ITEM()
RATIONAL_B_SPLINE_SURFACE(((0.868347502412558,0.807007203691188,1.),(0.868347502412558,
0.807007203691188,1.),(0.868347502412608,0.807007203691262,1.),(0.868347502412608,
0.807007203691262,1.)))
REPRESENTATION_ITEM('')
SURFACE()
);
#59=(
BOUNDED_SURFACE()
B_SPLINE_SURFACE(3,2,((#4873,#4874,#4875),(#4876,#4877,#4878),(#4879,#4880,
#4881),(#4882,#4883,#4884)),.UNSPECIFIED.,.F.,.F.,.F.)
B_SPLINE_SURFACE_WITH_KNOTS((4,4),(3,3),(0.,0.00052471874697897),(0.341081377402074,
1.),.PIECEWISE_BEZIER_KNOTS.)
GEOMETRIC_REPRESENTATION_ITEM()
RATIONAL_B_SPLINE_SURFACE(((0.86834750241261,0.807007203691167,1.),(0.86834750241261,
0.807007203691167,1.),(0.86834750241261,0.807007203691167,1.),(0.86834750241261,
0.807007203691167,1.)))
REPRESENTATION_ITEM('')
SURFACE()
);
#60=(
BOUNDED_SURFACE()
B_SPLINE_SURFACE(3,2,((#4893,#4894,#4895),(#4896,#4897,#4898),(#4899,#4900,
#4901),(#4902,#4903,#4904)),.UNSPECIFIED.,.F.,.F.,.F.)
B_SPLINE_SURFACE_WITH_KNOTS((4,4),(3,3),(0.,0.000521698977786482),(0.341081377401739,
1.),.PIECEWISE_BEZIER_KNOTS.)
GEOMETRIC_REPRESENTATION_ITEM()
RATIONAL_B_SPLINE_SURFACE(((0.868347502412673,0.807007203691069,1.),(0.868347502412673,
0.807007203691069,1.),(0.868347502412673,0.807007203691069,1.),(0.868347502412673,
0.807007203691069,1.)))
REPRESENTATION_ITEM('')
SURFACE()
);
#61=(
BOUNDED_SURFACE()
B_SPLINE_SURFACE(3,2,((#4911,#4912,#4913),(#4914,#4915,#4916),(#4917,#4918,
#4919),(#4920,#4921,#4922)),.UNSPECIFIED.,.F.,.F.,.F.)
B_SPLINE_SURFACE_WITH_KNOTS((4,4),(3,3),(0.,0.000519740556046498),(0.341081377402088,
1.),.PIECEWISE_BEZIER_KNOTS.)
GEOMETRIC_REPRESENTATION_ITEM()
RATIONAL_B_SPLINE_SURFACE(((0.868347502412608,0.807007203691171,1.),(0.868347502412608,
0.807007203691171,1.),(0.868347502412608,0.807007203691171,1.),(0.868347502412608,
0.807007203691171,1.)))
REPRESENTATION_ITEM('')
SURFACE()
);
#62=(
BOUNDED_SURFACE()
B_SPLINE_SURFACE(3,2,((#4929,#4930,#4931),(#4932,#4933,#4934),(#4935,#4936,
#4937),(#4938,#4939,#4940)),.UNSPECIFIED.,.F.,.F.,.F.)
B_SPLINE_SURFACE_WITH_KNOTS((4,4),(3,3),(-1.92933776593796E-16,0.000519217497100428),
(0.341081377401791,1.),.PIECEWISE_BEZIER_KNOTS.)
GEOMETRIC_REPRESENTATION_ITEM()
RATIONAL_B_SPLINE_SURFACE(((0.868347502412663,0.807007203691084,1.),(0.868347502412663,
0.807007203691084,1.),(0.868347502412663,0.807007203691084,1.),(0.868347502412663,
0.807007203691084,1.)))
REPRESENTATION_ITEM('')
SURFACE()
);
#63=(
BOUNDED_SURFACE()
B_SPLINE_SURFACE(3,2,((#4947,#4948,#4949),(#4950,#4951,#4952),(#4953,#4954,
#4955),(#4956,#4957,#4958)),.UNSPECIFIED.,.F.,.F.,.F.)
B_SPLINE_SURFACE_WITH_KNOTS((4,4),(3,3),(-4.13162342879914E-16,0.000516549682478378),
(0.341081377402274,1.),.PIECEWISE_BEZIER_KNOTS.)
GEOMETRIC_REPRESENTATION_ITEM()
RATIONAL_B_SPLINE_SURFACE(((0.868347502412573,0.807007203691226,1.),(0.868347502412573,
0.807007203691226,1.),(0.868347502412573,0.807007203691226,1.),(0.868347502412573,
0.807007203691226,1.)))
REPRESENTATION_ITEM('')
SURFACE()
);
#64=(
BOUNDED_SURFACE()
B_SPLINE_SURFACE(3,2,((#4965,#4966,#4967),(#4968,#4969,#4970),(#4971,#4972,
#4973),(#4974,#4975,#4976)),.UNSPECIFIED.,.F.,.F.,.F.)
B_SPLINE_SURFACE_WITH_KNOTS((4,4),(3,3),(0.,0.000517167589722462),(0.34108137740203,
1.),.PIECEWISE_BEZIER_KNOTS.)
GEOMETRIC_REPRESENTATION_ITEM()
RATIONAL_B_SPLINE_SURFACE(((0.868347502412619,0.807007203691154,1.),(0.868347502412619,
0.807007203691154,1.),(0.868347502412619,0.807007203691154,1.),(0.868347502412619,
0.807007203691154,1.)))
REPRESENTATION_ITEM('')
SURFACE()
);
#65=(
BOUNDED_SURFACE()
B_SPLINE_SURFACE(3,2,((#4983,#4984,#4985),(#4986,#4987,#4988),(#4989,#4990,
#4991),(#4992,#4993,#4994)),.UNSPECIFIED.,.F.,.F.,.F.)
B_SPLINE_SURFACE_WITH_KNOTS((4,4),(3,3),(-6.62501737497267E-16,0.000524675681467162),
(0.341081377402237,1.),.PIECEWISE_BEZIER_KNOTS.)
GEOMETRIC_REPRESENTATION_ITEM()
RATIONAL_B_SPLINE_SURFACE(((0.86834750241258,0.807007203691215,1.),(0.86834750241258,
0.807007203691215,1.),(0.86834750241258,0.807007203691215,1.),(0.86834750241258,
0.807007203691215,1.)))
REPRESENTATION_ITEM('')
SURFACE()
);
#66=(
BOUNDED_SURFACE()
B_SPLINE_SURFACE(3,2,((#5001,#5002,#5003),(#5004,#5005,#5006),(#5007,#5008,
#5009),(#5010,#5011,#5012)),.UNSPECIFIED.,.F.,.F.,.F.)
B_SPLINE_SURFACE_WITH_KNOTS((4,4),(3,3),(0.,0.000520561514776911),(0.341081377401903,
1.),.PIECEWISE_BEZIER_KNOTS.)
GEOMETRIC_REPRESENTATION_ITEM()
RATIONAL_B_SPLINE_SURFACE(((0.868347502412642,0.807007203691117,1.),(0.868347502412642,
0.807007203691117,1.),(0.868347502412642,0.807007203691117,1.),(0.868347502412642,
0.807007203691117,1.)))
REPRESENTATION_ITEM('')
SURFACE()
);
#67=(
BOUNDED_SURFACE()
B_SPLINE_SURFACE(3,2,((#5017,#5018,#5019),(#5020,#5021,#5022),(#5023,#5024,
#5025),(#5026,#5027,#5028)),.UNSPECIFIED.,.F.,.F.,.F.)
B_SPLINE_SURFACE_WITH_KNOTS((4,4),(3,3),(0.,0.000634318311011243),(0.341081377401939,
1.),.PIECEWISE_BEZIER_KNOTS.)
GEOMETRIC_REPRESENTATION_ITEM()
RATIONAL_B_SPLINE_SURFACE(((0.868347502412636,0.807007203691127,1.),(0.868347502412636,
0.807007203691127,1.),(0.868347502412636,0.807007203691127,1.),(0.868347502412636,
0.807007203691127,1.)))
REPRESENTATION_ITEM('')
SURFACE()
);
#68=(
BOUNDED_SURFACE()
B_SPLINE_SURFACE(3,2,((#5040,#5041,#5042),(#5043,#5044,#5045),(#5046,#5047,
#5048),(#5049,#5050,#5051)),.UNSPECIFIED.,.F.,.F.,.F.)
B_SPLINE_SURFACE_WITH_KNOTS((4,4),(3,3),(0.,0.000689784126838959),(0.341081377401989,
1.),.PIECEWISE_BEZIER_KNOTS.)
GEOMETRIC_REPRESENTATION_ITEM()
RATIONAL_B_SPLINE_SURFACE(((0.868347502412627,0.807007203691142,1.),(0.868347502412627,
0.807007203691142,1.),(0.868347502412627,0.807007203691142,1.),(0.868347502412627,
0.807007203691142,1.)))
REPRESENTATION_ITEM('')
SURFACE()
);
#69=(
BOUNDED_SURFACE()
B_SPLINE_SURFACE(3,2,((#5058,#5059,#5060),(#5061,#5062,#5063),(#5064,#5065,
#5066),(#5067,#5068,#5069)),.UNSPECIFIED.,.F.,.F.,.F.)
B_SPLINE_SURFACE_WITH_KNOTS((4,4),(3,3),(-3.18972279145235E-16,0.00072045373966568),
(0.,0.65891862259795),.PIECEWISE_BEZIER_KNOTS.)
GEOMETRIC_REPRESENTATION_ITEM()
RATIONAL_B_SPLINE_SURFACE(((1.,0.807007203691123,0.86834750241259),(1.,
0.807007203691123,0.86834750241259),(1.,0.80700720369116,0.868347502412615),
(1.,0.80700720369116,0.868347502412615)))
REPRESENTATION_ITEM('')
SURFACE()
);
#70=(
BOUNDED_SURFACE()
B_SPLINE_SURFACE(3,2,((#5076,#5077,#5078),(#5079,#5080,#5081),(#5082,#5083,
#5084),(#5085,#5086,#5087)),.UNSPECIFIED.,.F.,.F.,.F.)
B_SPLINE_SURFACE_WITH_KNOTS((4,4),(3,3),(0.,0.0011548689857416),(0.341081377401565,
1.),.PIECEWISE_BEZIER_KNOTS.)
GEOMETRIC_REPRESENTATION_ITEM()
RATIONAL_B_SPLINE_SURFACE(((0.868347502412705,0.807007203691018,1.),(0.868347502412705,
0.807007203691018,1.),(0.868347502412705,0.807007203691018,1.),(0.868347502412705,
0.807007203691018,1.)))
REPRESENTATION_ITEM('')
SURFACE()
);
#71=(
BOUNDED_SURFACE()
B_SPLINE_SURFACE(3,2,((#5094,#5095,#5096),(#5097,#5098,#5099),(#5100,#5101,
#5102),(#5103,#5104,#5105)),.UNSPECIFIED.,.F.,.F.,.F.)
B_SPLINE_SURFACE_WITH_KNOTS((4,4),(3,3),(-9.32142817794412E-17,0.000754942596326387),
(0.341081377401841,1.),.PIECEWISE_BEZIER_KNOTS.)
GEOMETRIC_REPRESENTATION_ITEM()
RATIONAL_B_SPLINE_SURFACE(((0.868347502412629,0.807007203691062,1.),(0.868347502412629,
0.807007203691062,1.),(0.868347502412654,0.807007203691099,1.),(0.868347502412654,
0.807007203691099,1.)))
REPRESENTATION_ITEM('')
SURFACE()
);
#72=(
BOUNDED_SURFACE()
B_SPLINE_SURFACE(3,2,((#5112,#5113,#5114),(#5115,#5116,#5117),(#5118,#5119,
#5120),(#5121,#5122,#5123)),.UNSPECIFIED.,.F.,.F.,.F.)
B_SPLINE_SURFACE_WITH_KNOTS((4,4),(3,3),(-7.58941520739853E-19,0.00125698560340427),
(0.341081377401511,1.),.PIECEWISE_BEZIER_KNOTS.)
GEOMETRIC_REPRESENTATION_ITEM()
RATIONAL_B_SPLINE_SURFACE(((0.868347502412715,0.807007203691002,1.),(0.868347502412715,
0.807007203691002,1.),(0.868347502412715,0.807007203691002,1.),(0.868347502412715,
0.807007203691002,1.)))
REPRESENTATION_ITEM('')
SURFACE()
);
#73=(
BOUNDED_SURFACE()
B_SPLINE_SURFACE(3,2,((#5130,#5131,#5132),(#5133,#5134,#5135),(#5136,#5137,
#5138),(#5139,#5140,#5141)),.UNSPECIFIED.,.F.,.F.,.F.)
B_SPLINE_SURFACE_WITH_KNOTS((4,4),(3,3),(-8.24644172392475E-16,0.00119288087268516),
(0.341081377401869,1.),.PIECEWISE_BEZIER_KNOTS.)
GEOMETRIC_REPRESENTATION_ITEM()
RATIONAL_B_SPLINE_SURFACE(((0.868347502412649,0.807007203691107,1.),(0.868347502412649,
0.807007203691107,1.),(0.868347502412649,0.807007203691107,1.),(0.868347502412649,
0.807007203691107,1.)))
REPRESENTATION_ITEM('')
SURFACE()
);
#74=(
BOUNDED_SURFACE()
B_SPLINE_SURFACE(3,2,((#5148,#5149,#5150),(#5151,#5152,#5153),(#5154,#5155,
#5156),(#5157,#5158,#5159)),.UNSPECIFIED.,.F.,.F.,.F.)
B_SPLINE_SURFACE_WITH_KNOTS((4,4),(3,3),(0.,0.000809688912349629),(0.34108137740155,
1.),.PIECEWISE_BEZIER_KNOTS.)
GEOMETRIC_REPRESENTATION_ITEM()
RATIONAL_B_SPLINE_SURFACE(((0.868347502412708,0.807007203691014,1.),(0.868347502412708,
0.807007203691014,1.),(0.868347502412708,0.807007203691014,1.),(0.868347502412708,
0.807007203691014,1.)))
REPRESENTATION_ITEM('')
SURFACE()
);
#75=(
BOUNDED_SURFACE()
B_SPLINE_SURFACE(3,2,((#5166,#5167,#5168),(#5169,#5170,#5171),(#5172,#5173,
#5174),(#5175,#5176,#5177)),.UNSPECIFIED.,.F.,.F.,.F.)
B_SPLINE_SURFACE_WITH_KNOTS((4,4),(3,3),(-1.49457269477127E-16,0.00129296180222041),
(0.341081377401991,1.),.PIECEWISE_BEZIER_KNOTS.)
GEOMETRIC_REPRESENTATION_ITEM()
RATIONAL_B_SPLINE_SURFACE(((0.868347502412626,0.807007203691143,1.),(0.868347502412626,
0.807007203691143,1.),(0.868347502412626,0.807007203691143,1.),(0.868347502412626,
0.807007203691143,1.)))
REPRESENTATION_ITEM('')
SURFACE()
);
#76=(
BOUNDED_SURFACE()
B_SPLINE_SURFACE(3,2,((#5184,#5185,#5186),(#5187,#5188,#5189),(#5190,#5191,
#5192),(#5193,#5194,#5195)),.UNSPECIFIED.,.F.,.F.,.F.)
B_SPLINE_SURFACE_WITH_KNOTS((4,4),(3,3),(-3.20490162186715E-16,0.000758441727241312),
(0.341081377401866,1.),.PIECEWISE_BEZIER_KNOTS.)
GEOMETRIC_REPRESENTATION_ITEM()
RATIONAL_B_SPLINE_SURFACE(((0.868347502412674,0.807007203691142,1.),(0.868347502412674,
0.807007203691142,1.),(0.868347502412649,0.807007203691106,1.),(0.868347502412649,
0.807007203691106,1.)))
REPRESENTATION_ITEM('')
SURFACE()
);
#77=(
BOUNDED_SURFACE()
B_SPLINE_SURFACE(3,2,((#5202,#5203,#5204),(#5205,#5206,#5207),(#5208,#5209,
#5210),(#5211,#5212,#5213)),.UNSPECIFIED.,.F.,.F.,.F.)
B_SPLINE_SURFACE_WITH_KNOTS((4,4),(3,3),(-3.14418630020796E-18,0.00124020919050091),
(0.341081377401429,1.),.PIECEWISE_BEZIER_KNOTS.)
GEOMETRIC_REPRESENTATION_ITEM()
RATIONAL_B_SPLINE_SURFACE(((0.868347502412731,0.807007203690978,1.),(0.868347502412731,
0.807007203690978,1.),(0.868347502412697,0.807007203690928,1.),(0.868347502412697,
0.807007203690928,1.)))
REPRESENTATION_ITEM('')
SURFACE()
);
#78=(
BOUNDED_SURFACE()
B_SPLINE_SURFACE(3,2,((#5220,#5221,#5222),(#5223,#5224,#5225),(#5226,#5227,
#5228),(#5229,#5230,#5231),(#5232,#5233,#5234)),.UNSPECIFIED.,.F.,.F.,.F.)
B_SPLINE_SURFACE_WITH_KNOTS((4,1,4),(3,3),(0.,0.000474543746210707,0.000949087492421414),
(0.,0.658918622598206),.UNSPECIFIED.)
GEOMETRIC_REPRESENTATION_ITEM()
RATIONAL_B_SPLINE_SURFACE(((1.,0.807007203691121,0.868347502412688),(1.,
0.807007203691121,0.868347502412688),(1.,0.80700720369104,0.868347502412632),
(1.,0.807007203691085,0.868347502412663),(1.,0.807007203691085,0.868347502412663)))
REPRESENTATION_ITEM('')
SURFACE()
);
#79=(
BOUNDED_SURFACE()
B_SPLINE_SURFACE(3,2,((#5244,#5245,#5246),(#5247,#5248,#5249),(#5250,#5251,
#5252),(#5253,#5254,#5255),(#5256,#5257,#5258)),.UNSPECIFIED.,.F.,.F.,.F.)
B_SPLINE_SURFACE_WITH_KNOTS((4,1,4),(3,3),(-7.24247051220317E-17,0.000687180450912453,
0.00137436090182498),(0.341081377401539,1.),.UNSPECIFIED.)
GEOMETRIC_REPRESENTATION_ITEM()
RATIONAL_B_SPLINE_SURFACE(((0.868347502412676,0.807007203690961,1.),(0.868347502412676,
0.807007203690961,1.),(0.868347502412727,0.807007203691035,1.),(0.86834750241271,
0.807007203691011,1.),(0.86834750241271,0.807007203691011,1.)))
REPRESENTATION_ITEM('')
SURFACE()
);
#80=(
BOUNDED_SURFACE()
B_SPLINE_SURFACE(3,2,((#5282,#5283,#5284),(#5285,#5286,#5287),(#5288,#5289,
#5290),(#5291,#5292,#5293),(#5294,#5295,#5296),(#5297,#5298,#5299),(#5300,
#5301,#5302)),.UNSPECIFIED.,.F.,.F.,.F.)
B_SPLINE_SURFACE_WITH_KNOTS((4,1,1,1,4),(3,3),(-4.85532837893321E-16,0.00010336792877016,
0.000206735857540806,0.000310103786311451,0.000413471715082097),(0.341081377402163,
1.),.UNSPECIFIED.)
GEOMETRIC_REPRESENTATION_ITEM()
RATIONAL_B_SPLINE_SURFACE(((0.868347502412594,0.807007203691193,1.),(0.868347502412594,
0.807007203691193,1.),(0.868347502412594,0.807007203691193,1.),(0.868347502412594,
0.807007203691193,1.),(0.868347502412594,0.807007203691193,1.),(0.868347502412594,
0.807007203691193,1.),(0.868347502412594,0.807007203691193,1.)))
REPRESENTATION_ITEM('')
SURFACE()
);
#81=(
BOUNDED_SURFACE()
B_SPLINE_SURFACE(3,2,((#5309,#5310,#5311),(#5312,#5313,#5314),(#5315,#5316,
#5317),(#5318,#5319,#5320),(#5321,#5322,#5323),(#5324,#5325,#5326)),
 .UNSPECIFIED.,.F.,.F.,.F.)
B_SPLINE_SURFACE_WITH_KNOTS((4,1,1,4),(3,3),(0.,0.000116726415926427,0.000233452831852854,
0.000466905663705708),(0.,0.658918622598897),.UNSPECIFIED.)
GEOMETRIC_REPRESENTATION_ITEM()
RATIONAL_B_SPLINE_SURFACE(((1.,0.807007203690883,0.868347502412791),(1.,
0.807007203690883,0.868347502412792),(1.,0.807007203690856,0.868347502412773),
(1.,0.807007203691016,0.868347502412882),(1.,0.807007203690883,0.868347502412792),
(1.,0.807007203690883,0.868347502412791)))
REPRESENTATION_ITEM('')
SURFACE()
);
#82=(
BOUNDED_SURFACE()
B_SPLINE_SURFACE(3,2,((#5333,#5334,#5335),(#5336,#5337,#5338),(#5339,#5340,
#5341),(#5342,#5343,#5344)),.UNSPECIFIED.,.F.,.F.,.F.)
B_SPLINE_SURFACE_WITH_KNOTS((4,4),(3,3),(0.,0.000294911716421038),(0.341081377402241,
1.),.PIECEWISE_BEZIER_KNOTS.)
GEOMETRIC_REPRESENTATION_ITEM()
RATIONAL_B_SPLINE_SURFACE(((0.868347502412535,0.807007203691151,1.),(0.868347502412535,
0.807007203691151,1.),(0.86834750241258,0.807007203691216,1.),(0.86834750241258,
0.807007203691216,1.)))
REPRESENTATION_ITEM('')
SURFACE()
);
#83=(
BOUNDED_SURFACE()
B_SPLINE_SURFACE(3,2,((#5351,#5352,#5353),(#5354,#5355,#5356),(#5357,#5358,
#5359),(#5360,#5361,#5362)),.UNSPECIFIED.,.F.,.F.,.F.)
B_SPLINE_SURFACE_WITH_KNOTS((4,4),(3,3),(-3.93050392580307E-16,0.000331054254098847),
(0.341081377401333,1.),.PIECEWISE_BEZIER_KNOTS.)
GEOMETRIC_REPRESENTATION_ITEM()
RATIONAL_B_SPLINE_SURFACE(((0.868347502412748,0.80700720369095,1.),(0.868347502412748,
0.80700720369095,1.),(0.868347502412748,0.80700720369095,1.),(0.868347502412748,
0.80700720369095,1.)))
REPRESENTATION_ITEM('')
SURFACE()
);
#84=(
BOUNDED_SURFACE()
B_SPLINE_SURFACE(3,2,((#5369,#5370,#5371),(#5372,#5373,#5374),(#5375,#5376,
#5377),(#5378,#5379,#5380)),.UNSPECIFIED.,.F.,.F.,.F.)
B_SPLINE_SURFACE_WITH_KNOTS((4,4),(3,3),(0.,0.000300047629580903),(0.341081377401935,
1.),.PIECEWISE_BEZIER_KNOTS.)
GEOMETRIC_REPRESENTATION_ITEM()
RATIONAL_B_SPLINE_SURFACE(((0.868347502412637,0.807007203691126,1.),(0.868347502412637,
0.807007203691126,1.),(0.868347502412592,0.807007203691061,1.),(0.868347502412592,
0.807007203691061,1.)))
REPRESENTATION_ITEM('')
SURFACE()
);
#85=(
BOUNDED_SURFACE()
B_SPLINE_SURFACE(3,2,((#5387,#5388,#5389),(#5390,#5391,#5392),(#5393,#5394,
#5395),(#5396,#5397,#5398)),.UNSPECIFIED.,.F.,.F.,.F.)
B_SPLINE_SURFACE_WITH_KNOTS((4,4),(3,3),(-8.94466792300541E-19,0.00035351735466869),
(0.341081377401842,1.),.PIECEWISE_BEZIER_KNOTS.)
GEOMETRIC_REPRESENTATION_ITEM()
RATIONAL_B_SPLINE_SURFACE(((0.868347502412654,0.807007203691099,1.),(0.868347502412654,
0.807007203691099,1.),(0.868347502412622,0.807007203691052,1.),(0.868347502412622,
0.807007203691052,1.)))
REPRESENTATION_ITEM('')
SURFACE()
);
#86=(
BOUNDED_SURFACE()
B_SPLINE_SURFACE(3,2,((#5405,#5406,#5407),(#5408,#5409,#5410),(#5411,#5412,
#5413),(#5414,#5415,#5416)),.UNSPECIFIED.,.F.,.F.,.F.)
B_SPLINE_SURFACE_WITH_KNOTS((4,4),(3,3),(-2.21746449327598E-16,0.00027186111996619),
(0.341081377402256,1.),.PIECEWISE_BEZIER_KNOTS.)
GEOMETRIC_REPRESENTATION_ITEM()
RATIONAL_B_SPLINE_SURFACE(((0.868347502412577,0.80700720369122,1.),(0.868347502412577,
0.80700720369122,1.),(0.868347502412577,0.80700720369122,1.),(0.868347502412577,
0.80700720369122,1.)))
REPRESENTATION_ITEM('')
SURFACE()
);
#87=(
BOUNDED_SURFACE()
B_SPLINE_SURFACE(3,2,((#5423,#5424,#5425),(#5426,#5427,#5428),(#5429,#5430,
#5431),(#5432,#5433,#5434)),.UNSPECIFIED.,.F.,.F.,.F.)
B_SPLINE_SURFACE_WITH_KNOTS((4,4),(3,3),(0.,0.00029819604606723),(0.341081377401719,
1.),.PIECEWISE_BEZIER_KNOTS.)
GEOMETRIC_REPRESENTATION_ITEM()
RATIONAL_B_SPLINE_SURFACE(((0.868347502412644,0.807007203691016,1.),(0.868347502412644,
0.807007203691016,1.),(0.868347502412677,0.807007203691063,1.),(0.868347502412677,
0.807007203691063,1.)))
REPRESENTATION_ITEM('')
SURFACE()
);
#88=(
BOUNDED_SURFACE()
B_SPLINE_SURFACE(3,2,((#5441,#5442,#5443),(#5444,#5445,#5446),(#5447,#5448,
#5449),(#5450,#5451,#5452)),.UNSPECIFIED.,.F.,.F.,.F.)
B_SPLINE_SURFACE_WITH_KNOTS((4,4),(3,3),(0.,0.00030550759726658),(0.341081377401491,
1.),.PIECEWISE_BEZIER_KNOTS.)
GEOMETRIC_REPRESENTATION_ITEM()
RATIONAL_B_SPLINE_SURFACE(((0.868347502412719,0.807007203690996,1.),(0.868347502412719,
0.807007203690996,1.),(0.868347502412719,0.807007203690996,1.),(0.868347502412719,
0.807007203690996,1.)))
REPRESENTATION_ITEM('')
SURFACE()
);
#89=(
BOUNDED_SURFACE()
B_SPLINE_SURFACE(3,2,((#5459,#5460,#5461),(#5462,#5463,#5464),(#5465,#5466,
#5467),(#5468,#5469,#5470),(#5471,#5472,#5473),(#5474,#5475,#5476),(#5477,
#5478,#5479)),.UNSPECIFIED.,.F.,.F.,.F.)
B_SPLINE_SURFACE_WITH_KNOTS((4,1,1,1,4),(3,3),(0.,0.000188717228959991,
0.000377434457919982,0.000566151686879974,0.000754868915839965),(0.341081377402032,
1.),.UNSPECIFIED.)
GEOMETRIC_REPRESENTATION_ITEM()
RATIONAL_B_SPLINE_SURFACE(((0.868347502412619,0.807007203691155,1.),(0.868347502412619,
0.807007203691155,1.),(0.868347502412643,0.80700720369119,1.),(0.868347502412612,
0.807007203691145,1.),(0.868347502412621,0.807007203691158,1.),(0.868347502412619,
0.807007203691155,1.),(0.868347502412619,0.807007203691155,1.)))
REPRESENTATION_ITEM('')
SURFACE()
);
#90=(
BOUNDED_SURFACE()
B_SPLINE_SURFACE(3,2,((#5487,#5488,#5489),(#5490,#5491,#5492),(#5493,#5494,
#5495),(#5496,#5497,#5498),(#5499,#5500,#5501)),.UNSPECIFIED.,.F.,.F.,.F.)
B_SPLINE_SURFACE_WITH_KNOTS((4,1,4),(3,3),(0.,0.000173258873750936,0.000346517747501873),
(0.341081377402137,1.),.UNSPECIFIED.)
GEOMETRIC_REPRESENTATION_ITEM()
RATIONAL_B_SPLINE_SURFACE(((0.868347502412599,0.807007203691185,1.),(0.868347502412599,
0.807007203691185,1.),(0.868347502412599,0.807007203691186,1.),(0.868347502412599,
0.807007203691185,1.),(0.868347502412599,0.807007203691185,1.)))
REPRESENTATION_ITEM('')
SURFACE()
);
#91=(
BOUNDED_SURFACE()
B_SPLINE_SURFACE(3,2,((#5561,#5562,#5563),(#5564,#5565,#5566),(#5567,#5568,
#5569),(#5570,#5571,#5572),(#5573,#5574,#5575),(#5576,#5577,#5578),(#5579,
#5580,#5581),(#5582,#5583,#5584),(#5585,#5586,#5587),(#5588,#5589,#5590),
(#5591,#5592,#5593)),.UNSPECIFIED.,.F.,.F.,.F.)
B_SPLINE_SURFACE_WITH_KNOTS((4,1,1,1,1,1,1,1,4),(3,3),(-3.34042689342784E-16,
0.00255589898167665,0.00511179796335363,0.00766769694503061,0.0102235959267076,
0.0127794949083846,0.0153353938900616,0.0178912928717385,0.0204471918534155),
(0.,1.),.UNSPECIFIED.)
GEOMETRIC_REPRESENTATION_ITEM()
RATIONAL_B_SPLINE_SURFACE(((1.,0.707106781186549,1.),(1.,0.707106781186549,
1.),(1.,0.707106781186544,1.),(1.,0.707106781186549,1.),(1.,0.707106781186547,
1.),(1.,0.707106781186548,1.),(1.,0.707106781186548,1.),(1.,0.707106781186548,
1.),(1.,0.707106781186547,1.),(1.,0.707106781186549,1.),(1.,0.707106781186549,
1.)))
REPRESENTATION_ITEM('')
SURFACE()
);
#92=(
BOUNDED_SURFACE()
B_SPLINE_SURFACE(3,2,((#5637,#5638,#5639),(#5640,#5641,#5642),(#5643,#5644,
#5645),(#5646,#5647,#5648),(#5649,#5650,#5651),(#5652,#5653,#5654),(#5655,
#5656,#5657),(#5658,#5659,#5660),(#5661,#5662,#5663),(#5664,#5665,#5666),
(#5667,#5668,#5669)),.UNSPECIFIED.,.F.,.F.,.F.)
B_SPLINE_SURFACE_WITH_KNOTS((4,1,1,1,1,1,1,1,4),(3,3),(-3.33825848908287E-16,
0.00255589898167664,0.00511179796335362,0.00766769694503059,0.0102235959267076,
0.0127794949083845,0.0153353938900615,0.0178912928717385,0.0204471918534155),
(0.,1.),.UNSPECIFIED.)
GEOMETRIC_REPRESENTATION_ITEM()
RATIONAL_B_SPLINE_SURFACE(((1.,0.707106781186549,1.),(1.,0.707106781186549,
1.),(1.,0.707106781186547,1.),(1.,0.707106781186548,1.),(1.,0.707106781186548,
1.),(1.,0.707106781186548,1.),(1.,0.707106781186548,1.),(1.,0.707106781186548,
1.),(1.,0.707106781186547,1.),(1.,0.707106781186549,1.),(1.,0.707106781186549,
1.)))
REPRESENTATION_ITEM('')
SURFACE()
);
#93=(
BOUNDED_SURFACE()
B_SPLINE_SURFACE(3,2,((#5670,#5671,#5672),(#5673,#5674,#5675),(#5676,#5677,
#5678),(#5679,#5680,#5681),(#5682,#5683,#5684)),.UNSPECIFIED.,.F.,.F.,.F.)
B_SPLINE_SURFACE_WITH_KNOTS((4,1,4),(3,3),(8.93924691214298E-17,0.000442782607804274,
0.000885565215608458),(0.,1.),.UNSPECIFIED.)
GEOMETRIC_REPRESENTATION_ITEM()
RATIONAL_B_SPLINE_SURFACE(((1.,0.866025403784403,1.),(1.,0.866025403784403,
1.),(1.,0.866025403784476,1.),(1.,0.866025403784382,1.),(1.,0.866025403784382,
1.)))
REPRESENTATION_ITEM('')
SURFACE()
);
#94=(
BOUNDED_SURFACE()
B_SPLINE_SURFACE(3,2,((#5690,#5691,#5692),(#5693,#5694,#5695),(#5696,#5697,
#5698),(#5699,#5700,#5701)),.UNSPECIFIED.,.F.,.F.,.F.)
B_SPLINE_SURFACE_WITH_KNOTS((4,4),(3,3),(4.40186082029115E-17,0.000473554058278826),
(0.,1.),.PIECEWISE_BEZIER_KNOTS.)
GEOMETRIC_REPRESENTATION_ITEM()
RATIONAL_B_SPLINE_SURFACE(((1.,0.866025403784355,1.),(1.,0.866025403784355,
1.),(1.,0.866025403784423,1.),(1.,0.866025403784423,1.)))
REPRESENTATION_ITEM('')
SURFACE()
);
#95=(
BOUNDED_SURFACE()
B_SPLINE_SURFACE(3,2,((#5703,#5704,#5705),(#5706,#5707,#5708),(#5709,#5710,
#5711),(#5712,#5713,#5714),(#5715,#5716,#5717)),.UNSPECIFIED.,.F.,.F.,.F.)
B_SPLINE_SURFACE_WITH_KNOTS((4,1,4),(3,3),(9.07748268913489E-17,0.00046696104505344,
0.000933922090106789),(0.,1.),.UNSPECIFIED.)
GEOMETRIC_REPRESENTATION_ITEM()
RATIONAL_B_SPLINE_SURFACE(((1.,0.866025403784436,1.),(1.,0.866025403784436,
1.),(1.,0.866025403780959,1.),(1.,0.866025403784459,1.),(1.,0.866025403784459,
1.)))
REPRESENTATION_ITEM('')
SURFACE()
);
#96=(
BOUNDED_SURFACE()
B_SPLINE_SURFACE(3,2,((#5719,#5720,#5721),(#5722,#5723,#5724),(#5725,#5726,
#5727),(#5728,#5729,#5730),(#5731,#5732,#5733)),.UNSPECIFIED.,.F.,.F.,.F.)
B_SPLINE_SURFACE_WITH_KNOTS((4,1,4),(3,3),(-5.48606299277665E-17,0.000426797454674815,
0.000853594909349684),(0.,1.),.UNSPECIFIED.)
GEOMETRIC_REPRESENTATION_ITEM()
RATIONAL_B_SPLINE_SURFACE(((1.,0.866025403784423,1.),(1.,0.866025403784423,
1.),(1.,0.866025403784415,1.),(1.,0.866025403784442,1.),(1.,0.866025403784442,
1.)))
REPRESENTATION_ITEM('')
SURFACE()
);
#97=(
BOUNDED_SURFACE()
B_SPLINE_SURFACE(3,2,((#5735,#5736,#5737),(#5738,#5739,#5740),(#5741,#5742,
#5743),(#5744,#5745,#5746)),.UNSPECIFIED.,.F.,.F.,.F.)
B_SPLINE_SURFACE_WITH_KNOTS((4,4),(3,3),(-1.89735380184963E-19,0.000541603681975527),
(0.,1.),.PIECEWISE_BEZIER_KNOTS.)
GEOMETRIC_REPRESENTATION_ITEM()
RATIONAL_B_SPLINE_SURFACE(((1.,0.866025403784423,1.),(1.,0.866025403784423,
1.),(1.,0.866025403784426,1.),(1.,0.866025403784426,1.)))
REPRESENTATION_ITEM('')
SURFACE()
);
#98=(
BOUNDED_SURFACE()
B_SPLINE_SURFACE(3,2,((#5748,#5749,#5750),(#5751,#5752,#5753),(#5754,#5755,
#5756),(#5757,#5758,#5759)),.UNSPECIFIED.,.F.,.F.,.F.)
B_SPLINE_SURFACE_WITH_KNOTS((4,4),(3,3),(-4.23218318029717E-16,0.00100826863395813),
(0.,1.),.PIECEWISE_BEZIER_KNOTS.)
GEOMETRIC_REPRESENTATION_ITEM()
RATIONAL_B_SPLINE_SURFACE(((1.,0.866025403784485,1.),(1.,0.866025403784485,
1.),(1.,0.866025403784352,1.),(1.,0.866025403784352,1.)))
REPRESENTATION_ITEM('')
SURFACE()
);
#99=(
BOUNDED_SURFACE()
B_SPLINE_SURFACE(3,2,((#5761,#5762,#5763),(#5764,#5765,#5766),(#5767,#5768,
#5769),(#5770,#5771,#5772)),.UNSPECIFIED.,.F.,.F.,.F.)
B_SPLINE_SURFACE_WITH_KNOTS((4,4),(3,3),(-3.55618312575245E-17,0.000884670219126509),
(0.,1.),.PIECEWISE_BEZIER_KNOTS.)
GEOMETRIC_REPRESENTATION_ITEM()
RATIONAL_B_SPLINE_SURFACE(((1.,0.866025403784521,1.),(1.,0.866025403784521,
1.),(1.,0.866025403784423,1.),(1.,0.866025403784423,1.)))
REPRESENTATION_ITEM('')
SURFACE()
);
#100=(
BOUNDED_SURFACE()
B_SPLINE_SURFACE(3,2,((#5774,#5775,#5776),(#5777,#5778,#5779),(#5780,#5781,
#5782),(#5783,#5784,#5785)),.UNSPECIFIED.,.F.,.F.,.F.)
B_SPLINE_SURFACE_WITH_KNOTS((4,4),(3,3),(8.13151629364128E-20,0.000654786774198032),
(0.,1.),.PIECEWISE_BEZIER_KNOTS.)
GEOMETRIC_REPRESENTATION_ITEM()
RATIONAL_B_SPLINE_SURFACE(((1.,0.866025403784352,1.),(1.,0.866025403784352,
1.),(1.,0.866025403784483,1.),(1.,0.866025403784483,1.)))
REPRESENTATION_ITEM('')
SURFACE()
);
#101=(
BOUNDED_SURFACE()
B_SPLINE_SURFACE(3,2,((#5787,#5788,#5789),(#5790,#5791,#5792),(#5793,#5794,
#5795),(#5796,#5797,#5798)),.UNSPECIFIED.,.F.,.F.,.F.)
B_SPLINE_SURFACE_WITH_KNOTS((4,4),(3,3),(-1.89735380184963E-19,0.00104230703775594),
(0.,1.),.PIECEWISE_BEZIER_KNOTS.)
GEOMETRIC_REPRESENTATION_ITEM()
RATIONAL_B_SPLINE_SURFACE(((1.,0.866025403784387,1.),(1.,0.866025403784387,
1.),(1.,0.86602540378456,1.),(1.,0.86602540378456,1.)))
REPRESENTATION_ITEM('')
SURFACE()
);
#102=(
BOUNDED_SURFACE()
B_SPLINE_SURFACE(3,2,((#5800,#5801,#5802),(#5803,#5804,#5805),(#5806,#5807,
#5808),(#5809,#5810,#5811)),.UNSPECIFIED.,.F.,.F.,.F.)
B_SPLINE_SURFACE_WITH_KNOTS((4,4),(3,3),(4.4913074995212E-17,0.000566026825372588),
(0.,1.),.PIECEWISE_BEZIER_KNOTS.)
GEOMETRIC_REPRESENTATION_ITEM()
RATIONAL_B_SPLINE_SURFACE(((1.,0.866025403784482,1.),(1.,0.866025403784482,
1.),(1.,0.86602540378435,1.),(1.,0.86602540378435,1.)))
REPRESENTATION_ITEM('')
SURFACE()
);
#103=(
BOUNDED_SURFACE()
B_SPLINE_SURFACE(3,2,((#5813,#5814,#5815),(#5816,#5817,#5818),(#5819,#5820,
#5821),(#5822,#5823,#5824)),.UNSPECIFIED.,.F.,.F.,.F.)
B_SPLINE_SURFACE_WITH_KNOTS((4,4),(3,3),(-4.31458254540606E-16,0.000996933535714404),
(0.,1.),.PIECEWISE_BEZIER_KNOTS.)
GEOMETRIC_REPRESENTATION_ITEM()
RATIONAL_B_SPLINE_SURFACE(((1.,0.866025403784418,1.),(1.,0.866025403784418,
1.),(1.,0.866025403784387,1.),(1.,0.866025403784387,1.)))
REPRESENTATION_ITEM('')
SURFACE()
);
#104=(
BOUNDED_SURFACE()
B_SPLINE_SURFACE(3,2,((#5826,#5827,#5828),(#5829,#5830,#5831),(#5832,#5833,
#5834),(#5835,#5836,#5837),(#5838,#5839,#5840)),.UNSPECIFIED.,.F.,.F.,.F.)
B_SPLINE_SURFACE_WITH_KNOTS((4,1,4),(3,3),(5.44513436076532E-16,0.000283312053254165,
0.000566624106507786),(0.,1.),.UNSPECIFIED.)
GEOMETRIC_REPRESENTATION_ITEM()
RATIONAL_B_SPLINE_SURFACE(((1.,0.86602540378435,1.),(1.,0.86602540378435,
1.),(1.,0.866025403784455,1.),(1.,0.866025403784423,1.),(1.,0.866025403784423,
1.)))
REPRESENTATION_ITEM('')
SURFACE()
);
#105=(
BOUNDED_SURFACE()
B_SPLINE_SURFACE(3,2,((#5845,#5846,#5847),(#5848,#5849,#5850),(#5851,#5852,
#5853),(#5854,#5855,#5856),(#5857,#5858,#5859)),.UNSPECIFIED.,.F.,.F.,.F.)
B_SPLINE_SURFACE_WITH_KNOTS((4,1,4),(3,3),(4.82361546538801E-16,0.000447949954302538,
0.000895899908604593),(0.,1.),.UNSPECIFIED.)
GEOMETRIC_REPRESENTATION_ITEM()
RATIONAL_B_SPLINE_SURFACE(((1.,0.866025403784424,1.),(1.,0.866025403784424,
1.),(1.,0.86602540378441,1.),(1.,0.866025403784423,1.),(1.,0.866025403784423,
1.)))
REPRESENTATION_ITEM('')
SURFACE()
);
#106=(
BOUNDED_SURFACE()
B_SPLINE_SURFACE(3,2,((#5874,#5875,#5876),(#5877,#5878,#5879),(#5880,#5881,
#5882),(#5883,#5884,#5885),(#5886,#5887,#5888)),.UNSPECIFIED.,.F.,.F.,.F.)
B_SPLINE_SURFACE_WITH_KNOTS((4,1,4),(3,3),(0.,0.000274390930250029,0.000548781860500058),
(0.,1.),.UNSPECIFIED.)
GEOMETRIC_REPRESENTATION_ITEM()
RATIONAL_B_SPLINE_SURFACE(((1.,0.86602540378449,1.),(1.,0.86602540378449,
1.),(1.,0.866025403784377,1.),(1.,0.866025403784422,1.),(1.,0.866025403784423,
1.)))
REPRESENTATION_ITEM('')
SURFACE()
);
#107=(
BOUNDED_SURFACE()
B_SPLINE_SURFACE(3,2,((#5890,#5891,#5892),(#5893,#5894,#5895),(#5896,#5897,
#5898),(#5899,#5900,#5901),(#5902,#5903,#5904)),.UNSPECIFIED.,.F.,.F.,.F.)
B_SPLINE_SURFACE_WITH_KNOTS((4,1,4),(3,3),(-2.83708603485144E-16,0.000298105931423572,
0.000596211862847427),(0.,1.),.UNSPECIFIED.)
GEOMETRIC_REPRESENTATION_ITEM()
RATIONAL_B_SPLINE_SURFACE(((1.,0.866025403784297,1.),(1.,0.866025403784297,
1.),(1.,0.866025403784485,1.),(1.,0.866025403784423,1.),(1.,0.866025403784423,
1.)))
REPRESENTATION_ITEM('')
SURFACE()
);
#108=(
BOUNDED_SURFACE()
B_SPLINE_SURFACE(3,2,((#5906,#5907,#5908),(#5909,#5910,#5911),(#5912,#5913,
#5914),(#5915,#5916,#5917)),.UNSPECIFIED.,.F.,.F.,.F.)
B_SPLINE_SURFACE_WITH_KNOTS((4,4),(3,3),(-1.32814766129474E-18,0.000528622218152875),
(0.,1.),.PIECEWISE_BEZIER_KNOTS.)
GEOMETRIC_REPRESENTATION_ITEM()
RATIONAL_B_SPLINE_SURFACE(((1.,0.86602540378449,1.),(1.,0.86602540378449,
1.),(1.,0.866025403784387,1.),(1.,0.866025403784387,1.)))
REPRESENTATION_ITEM('')
SURFACE()
);
#109=(
BOUNDED_SURFACE()
B_SPLINE_SURFACE(3,2,((#5919,#5920,#5921),(#5922,#5923,#5924),(#5925,#5926,
#5927),(#5928,#5929,#5930)),.UNSPECIFIED.,.F.,.F.,.F.)
B_SPLINE_SURFACE_WITH_KNOTS((4,4),(3,3),(1.62630325872826E-19,0.000570781071788857),
(0.,1.),.PIECEWISE_BEZIER_KNOTS.)
GEOMETRIC_REPRESENTATION_ITEM()
RATIONAL_B_SPLINE_SURFACE(((1.,0.866025403784318,1.),(1.,0.866025403784318,
1.),(1.,0.866025403784294,1.),(1.,0.866025403784294,1.)))
REPRESENTATION_ITEM('')
SURFACE()
);
#110=(
BOUNDED_SURFACE()
B_SPLINE_SURFACE(3,2,((#5932,#5933,#5934),(#5935,#5936,#5937),(#5938,#5939,
#5940),(#5941,#5942,#5943)),.UNSPECIFIED.,.F.,.F.,.F.)
B_SPLINE_SURFACE_WITH_KNOTS((4,4),(3,3),(2.71050543121376E-20,0.000555916032742934),
(0.,1.),.PIECEWISE_BEZIER_KNOTS.)
GEOMETRIC_REPRESENTATION_ITEM()
RATIONAL_B_SPLINE_SURFACE(((1.,0.866025403784387,1.),(1.,0.866025403784387,
1.),(1.,0.866025403784601,1.),(1.,0.866025403784601,1.)))
REPRESENTATION_ITEM('')
SURFACE()
);
#111=(
BOUNDED_SURFACE()
B_SPLINE_SURFACE(3,2,((#5945,#5946,#5947),(#5948,#5949,#5950),(#5951,#5952,
#5953),(#5954,#5955,#5956)),.UNSPECIFIED.,.F.,.F.,.F.)
B_SPLINE_SURFACE_WITH_KNOTS((4,4),(3,3),(-4.1196972049018E-16,0.000610204742606492),
(0.,1.),.PIECEWISE_BEZIER_KNOTS.)
GEOMETRIC_REPRESENTATION_ITEM()
RATIONAL_B_SPLINE_SURFACE(((1.,0.866025403784504,1.),(1.,0.866025403784504,
1.),(1.,0.866025403784318,1.),(1.,0.866025403784318,1.)))
REPRESENTATION_ITEM('')
SURFACE()
);
#112=(
BOUNDED_SURFACE()
B_SPLINE_SURFACE(3,2,((#5958,#5959,#5960),(#5961,#5962,#5963),(#5964,#5965,
#5966),(#5967,#5968,#5969)),.UNSPECIFIED.,.F.,.F.,.F.)
B_SPLINE_SURFACE_WITH_KNOTS((4,4),(3,3),(4.10343417231451E-16,0.000551682453508055),
(0.,1.),.PIECEWISE_BEZIER_KNOTS.)
GEOMETRIC_REPRESENTATION_ITEM()
RATIONAL_B_SPLINE_SURFACE(((1.,0.866025403784601,1.),(1.,0.866025403784601,
1.),(1.,0.866025403784418,1.),(1.,0.866025403784418,1.)))
REPRESENTATION_ITEM('')
SURFACE()
);
#113=(
BOUNDED_SURFACE()
B_SPLINE_SURFACE(3,2,((#5971,#5972,#5973),(#5974,#5975,#5976),(#5977,#5978,
#5979),(#5980,#5981,#5982)),.UNSPECIFIED.,.F.,.F.,.F.)
B_SPLINE_SURFACE_WITH_KNOTS((4,4),(3,3),(-6.7762635780344E-20,0.000578857436353067),
(0.,1.),.PIECEWISE_BEZIER_KNOTS.)
GEOMETRIC_REPRESENTATION_ITEM()
RATIONAL_B_SPLINE_SURFACE(((1.,0.866025403784423,1.),(1.,0.866025403784423,
1.),(1.,0.866025403784282,1.),(1.,0.866025403784282,1.)))
REPRESENTATION_ITEM('')
SURFACE()
);
#114=(
BOUNDED_SURFACE()
B_SPLINE_SURFACE(3,2,((#5984,#5985,#5986),(#5987,#5988,#5989),(#5990,#5991,
#5992),(#5993,#5994,#5995)),.UNSPECIFIED.,.F.,.F.,.F.)
B_SPLINE_SURFACE_WITH_KNOTS((4,4),(3,3),(2.71050543121376E-20,0.000566678606102747),
(0.,1.),.PIECEWISE_BEZIER_KNOTS.)
GEOMETRIC_REPRESENTATION_ITEM()
RATIONAL_B_SPLINE_SURFACE(((1.,0.866025403784423,1.),(1.,0.866025403784423,
1.),(1.,0.866025403784271,1.),(1.,0.866025403784271,1.)))
REPRESENTATION_ITEM('')
SURFACE()
);
#115=(
BOUNDED_SURFACE()
B_SPLINE_SURFACE(3,2,((#5997,#5998,#5999),(#6000,#6001,#6002),(#6003,#6004,
#6005),(#6006,#6007,#6008),(#6009,#6010,#6011)),.UNSPECIFIED.,.F.,.F.,.F.)
B_SPLINE_SURFACE_WITH_KNOTS((4,1,4),(3,3),(-5.96311194867027E-19,0.000643546079724672,
0.00128709215944935),(0.,1.),.UNSPECIFIED.)
GEOMETRIC_REPRESENTATION_ITEM()
RATIONAL_B_SPLINE_SURFACE(((1.,0.866025403784352,1.),(1.,0.866025403784352,
1.),(1.,0.866025403784427,1.),(1.,0.866025403784423,1.),(1.,0.866025403784423,
1.)))
REPRESENTATION_ITEM('')
SURFACE()
);
#116=(
BOUNDED_SURFACE()
B_SPLINE_SURFACE(3,2,((#6013,#6014,#6015),(#6016,#6017,#6018),(#6019,#6020,
#6021),(#6022,#6023,#6024)),.UNSPECIFIED.,.F.,.F.,.F.)
B_SPLINE_SURFACE_WITH_KNOTS((4,4),(3,3),(3.52365706057789E-19,0.000624373102363247),
(0.,1.),.PIECEWISE_BEZIER_KNOTS.)
GEOMETRIC_REPRESENTATION_ITEM()
RATIONAL_B_SPLINE_SURFACE(((1.,0.866025403784443,1.),(1.,0.866025403784443,
1.),(1.,0.866025403784697,1.),(1.,0.866025403784697,1.)))
REPRESENTATION_ITEM('')
SURFACE()
);
#117=(
BOUNDED_SURFACE()
B_SPLINE_SURFACE(3,2,((#6031,#6032,#6033),(#6034,#6035,#6036),(#6037,#6038,
#6039),(#6040,#6041,#6042)),.UNSPECIFIED.,.F.,.F.,.F.)
B_SPLINE_SURFACE_WITH_KNOTS((4,4),(3,3),(-1.35525271560688E-20,0.000238488276513713),
(0.,1.),.PIECEWISE_BEZIER_KNOTS.)
GEOMETRIC_REPRESENTATION_ITEM()
RATIONAL_B_SPLINE_SURFACE(((1.,0.866025403784423,1.),(1.,0.866025403784423,
1.),(1.,0.866025403784294,1.),(1.,0.866025403784294,1.)))
REPRESENTATION_ITEM('')
SURFACE()
);
#118=(
BOUNDED_SURFACE()
B_SPLINE_SURFACE(3,2,((#6045,#6046,#6047),(#6048,#6049,#6050),(#6051,#6052,
#6053),(#6054,#6055,#6056)),.UNSPECIFIED.,.F.,.F.,.F.)
B_SPLINE_SURFACE_WITH_KNOTS((4,4),(3,3),(4.07063705659683E-16,0.000233116330177304),
(0.,1.),.PIECEWISE_BEZIER_KNOTS.)
GEOMETRIC_REPRESENTATION_ITEM()
RATIONAL_B_SPLINE_SURFACE(((1.,0.866025403784254,1.),(1.,0.866025403784254,
1.),(1.,0.866025403784423,1.),(1.,0.866025403784423,1.)))
REPRESENTATION_ITEM('')
SURFACE()
);
#119=(
BOUNDED_SURFACE()
B_SPLINE_SURFACE(3,2,((#6058,#6059,#6060),(#6061,#6062,#6063),(#6064,#6065,
#6066),(#6067,#6068,#6069)),.UNSPECIFIED.,.F.,.F.,.F.)
B_SPLINE_SURFACE_WITH_KNOTS((4,4),(3,3),(-2.71050543121376E-20,0.000258675482831502),
(0.,1.),.PIECEWISE_BEZIER_KNOTS.)
GEOMETRIC_REPRESENTATION_ITEM()
RATIONAL_B_SPLINE_SURFACE(((1.,0.866025403784294,1.),(1.,0.866025403784294,
1.),(1.,0.866025403784352,1.),(1.,0.866025403784352,1.)))
REPRESENTATION_ITEM('')
SURFACE()
);
#120=(
BOUNDED_SURFACE()
B_SPLINE_SURFACE(3,2,((#6071,#6072,#6073),(#6074,#6075,#6076),(#6077,#6078,
#6079),(#6080,#6081,#6082)),.UNSPECIFIED.,.F.,.F.,.F.)
B_SPLINE_SURFACE_WITH_KNOTS((4,4),(3,3),(-9.48676900924816E-20,0.000260355720591005),
(0.,1.),.PIECEWISE_BEZIER_KNOTS.)
GEOMETRIC_REPRESENTATION_ITEM()
RATIONAL_B_SPLINE_SURFACE(((1.,0.866025403784352,1.),(1.,0.866025403784352,
1.),(1.,0.866025403784258,1.),(1.,0.866025403784258,1.)))
REPRESENTATION_ITEM('')
SURFACE()
);
#121=(
BOUNDED_SURFACE()
B_SPLINE_SURFACE(3,2,((#6084,#6085,#6086),(#6087,#6088,#6089),(#6090,#6091,
#6092),(#6093,#6094,#6095)),.UNSPECIFIED.,.F.,.F.,.F.)
B_SPLINE_SURFACE_WITH_KNOTS((4,4),(3,3),(-5.42101086242752E-20,0.000256684483450942),
(0.,1.),.PIECEWISE_BEZIER_KNOTS.)
GEOMETRIC_REPRESENTATION_ITEM()
RATIONAL_B_SPLINE_SURFACE(((1.,0.866025403784352,1.),(1.,0.866025403784352,
1.),(1.,0.866025403784494,1.),(1.,0.866025403784494,1.)))
REPRESENTATION_ITEM('')
SURFACE()
);
#122=(
BOUNDED_SURFACE()
B_SPLINE_SURFACE(3,2,((#6097,#6098,#6099),(#6100,#6101,#6102),(#6103,#6104,
#6105),(#6106,#6107,#6108)),.UNSPECIFIED.,.F.,.F.,.F.)
B_SPLINE_SURFACE_WITH_KNOTS((4,4),(3,3),(4.72197151171749E-16,0.000256224714036164),
(0.,1.),.PIECEWISE_BEZIER_KNOTS.)
GEOMETRIC_REPRESENTATION_ITEM()
RATIONAL_B_SPLINE_SURFACE(((1.,0.866025403784477,1.),(1.,0.866025403784477,
1.),(1.,0.866025403784352,1.),(1.,0.866025403784352,1.)))
REPRESENTATION_ITEM('')
SURFACE()
);
#123=(
BOUNDED_SURFACE()
B_SPLINE_SURFACE(3,2,((#6110,#6111,#6112),(#6113,#6114,#6115),(#6116,#6117,
#6118),(#6119,#6120,#6121)),.UNSPECIFIED.,.F.,.F.,.F.)
B_SPLINE_SURFACE_WITH_KNOTS((4,4),(3,3),(1.44822305189751E-16,0.000237445914767682),
(0.,1.),.PIECEWISE_BEZIER_KNOTS.)
GEOMETRIC_REPRESENTATION_ITEM()
RATIONAL_B_SPLINE_SURFACE(((1.,0.866025403784491,1.),(1.,0.866025403784491,
1.),(1.,0.866025403784423,1.),(1.,0.866025403784423,1.)))
REPRESENTATION_ITEM('')
SURFACE()
);
#124=(
BOUNDED_SURFACE()
B_SPLINE_SURFACE(3,2,((#6123,#6124,#6125),(#6126,#6127,#6128),(#6129,#6130,
#6131),(#6132,#6133,#6134)),.UNSPECIFIED.,.F.,.F.,.F.)
B_SPLINE_SURFACE_WITH_KNOTS((4,4),(3,3),(5.50097077264833E-17,0.000234214892971542),
(0.,1.),.PIECEWISE_BEZIER_KNOTS.)
GEOMETRIC_REPRESENTATION_ITEM()
RATIONAL_B_SPLINE_SURFACE(((1.,0.866025403784423,1.),(1.,0.866025403784423,
1.),(1.,0.866025403784483,1.),(1.,0.866025403784483,1.)))
REPRESENTATION_ITEM('')
SURFACE()
);
#125=(
BOUNDED_SURFACE()
B_SPLINE_SURFACE(3,2,((#6144,#6145,#6146),(#6147,#6148,#6149),(#6150,#6151,
#6152),(#6153,#6154,#6155),(#6156,#6157,#6158)),.UNSPECIFIED.,.F.,.F.,.F.)
B_SPLINE_SURFACE_WITH_KNOTS((4,1,4),(3,3),(-2.89373559836381E-16,0.000341444600448891,
0.000682889200898072),(0.,1.),.UNSPECIFIED.)
GEOMETRIC_REPRESENTATION_ITEM()
RATIONAL_B_SPLINE_SURFACE(((1.,0.866025403784502,1.),(1.,0.866025403784502,
1.),(1.,0.866025403784376,1.),(1.,0.866025403784423,1.),(1.,0.866025403784423,
1.)))
REPRESENTATION_ITEM('')
SURFACE()
);
#126=(
BOUNDED_SURFACE()
B_SPLINE_SURFACE(3,2,((#6160,#6161,#6162),(#6163,#6164,#6165),(#6166,#6167,
#6168),(#6169,#6170,#6171)),.UNSPECIFIED.,.F.,.F.,.F.)
B_SPLINE_SURFACE_WITH_KNOTS((4,4),(3,3),(1.67238185105889E-16,0.000678192918954634),
(0.,1.),.PIECEWISE_BEZIER_KNOTS.)
GEOMETRIC_REPRESENTATION_ITEM()
RATIONAL_B_SPLINE_SURFACE(((1.,0.86602540378456,1.),(1.,0.86602540378456,
1.),(1.,0.866025403784423,1.),(1.,0.866025403784423,1.)))
REPRESENTATION_ITEM('')
SURFACE()
);
#127=(
BOUNDED_SURFACE()
B_SPLINE_SURFACE(3,2,((#6173,#6174,#6175),(#6176,#6177,#6178),(#6179,#6180,
#6181),(#6182,#6183,#6184)),.UNSPECIFIED.,.F.,.F.,.F.)
B_SPLINE_SURFACE_WITH_KNOTS((4,4),(3,3),(-2.82461770986786E-16,0.000641547015985182),
(0.,1.),.PIECEWISE_BEZIER_KNOTS.)
GEOMETRIC_REPRESENTATION_ITEM()
RATIONAL_B_SPLINE_SURFACE(((1.,0.86602540378466,1.),(1.,0.86602540378466,
1.),(1.,0.866025403784493,1.),(1.,0.866025403784493,1.)))
REPRESENTATION_ITEM('')
SURFACE()
);
#128=(
BOUNDED_SURFACE()
B_SPLINE_SURFACE(3,2,((#6186,#6187,#6188),(#6189,#6190,#6191),(#6192,#6193,
#6194),(#6195,#6196,#6197)),.UNSPECIFIED.,.F.,.F.,.F.)
B_SPLINE_SURFACE_WITH_KNOTS((4,4),(3,3),(-8.52182907573606E-17,0.000628309167833597),
(0.,1.),.PIECEWISE_BEZIER_KNOTS.)
GEOMETRIC_REPRESENTATION_ITEM()
RATIONAL_B_SPLINE_SURFACE(((1.,0.86602540378456,1.),(1.,0.86602540378456,
1.),(1.,0.866025403784387,1.),(1.,0.866025403784387,1.)))
REPRESENTATION_ITEM('')
SURFACE()
);
#129=(
BOUNDED_SURFACE()
B_SPLINE_SURFACE(3,2,((#6199,#6200,#6201),(#6202,#6203,#6204),(#6205,#6206,
#6207),(#6208,#6209,#6210)),.UNSPECIFIED.,.F.,.F.,.F.)
B_SPLINE_SURFACE_WITH_KNOTS((4,4),(3,3),(0.,0.000708973489875658),(0.,1.),
 .PIECEWISE_BEZIER_KNOTS.)
GEOMETRIC_REPRESENTATION_ITEM()
RATIONAL_B_SPLINE_SURFACE(((1.,0.866025403784352,1.),(1.,0.866025403784352,
1.),(1.,0.866025403784661,1.),(1.,0.866025403784661,1.)))
REPRESENTATION_ITEM('')
SURFACE()
);
#130=(
BOUNDED_SURFACE()
B_SPLINE_SURFACE(3,2,((#6212,#6213,#6214),(#6215,#6216,#6217),(#6218,#6219,
#6220),(#6221,#6222,#6223)),.UNSPECIFIED.,.F.,.F.,.F.)
B_SPLINE_SURFACE_WITH_KNOTS((4,4),(3,3),(-7.58941520739853E-19,0.000567195716663859),
(0.,1.),.PIECEWISE_BEZIER_KNOTS.)
GEOMETRIC_REPRESENTATION_ITEM()
RATIONAL_B_SPLINE_SURFACE(((1.,0.866025403784387,1.),(1.,0.866025403784387,
1.),(1.,0.86602540378444,1.),(1.,0.86602540378444,1.)))
REPRESENTATION_ITEM('')
SURFACE()
);
#131=(
BOUNDED_SURFACE()
B_SPLINE_SURFACE(3,2,((#6225,#6226,#6227),(#6228,#6229,#6230),(#6231,#6232,
#6233),(#6234,#6235,#6236)),.UNSPECIFIED.,.F.,.F.,.F.)
B_SPLINE_SURFACE_WITH_KNOTS((4,4),(3,3),(-3.67002435386343E-17,0.00096933647485317),
(0.,1.),.PIECEWISE_BEZIER_KNOTS.)
GEOMETRIC_REPRESENTATION_ITEM()
RATIONAL_B_SPLINE_SURFACE(((1.,0.866025403784307,1.),(1.,0.866025403784307,
1.),(1.,0.866025403784352,1.),(1.,0.866025403784352,1.)))
REPRESENTATION_ITEM('')
SURFACE()
);
#132=(
BOUNDED_SURFACE()
B_SPLINE_SURFACE(3,2,((#6238,#6239,#6240),(#6241,#6242,#6243),(#6244,#6245,
#6246),(#6247,#6248,#6249)),.UNSPECIFIED.,.F.,.F.,.F.)
B_SPLINE_SURFACE_WITH_KNOTS((4,4),(3,3),(-4.19315190208769E-17,0.000576701629368508),
(0.,1.),.PIECEWISE_BEZIER_KNOTS.)
GEOMETRIC_REPRESENTATION_ITEM()
RATIONAL_B_SPLINE_SURFACE(((1.,0.866025403784452,1.),(1.,0.866025403784452,
1.),(1.,0.866025403784423,1.),(1.,0.866025403784423,1.)))
REPRESENTATION_ITEM('')
SURFACE()
);
#133=(
BOUNDED_SURFACE()
B_SPLINE_SURFACE(3,2,((#6251,#6252,#6253),(#6254,#6255,#6256),(#6257,#6258,
#6259),(#6260,#6261,#6262)),.UNSPECIFIED.,.F.,.F.,.F.)
B_SPLINE_SURFACE_WITH_KNOTS((4,4),(3,3),(-1.62630325872826E-19,0.000849595850351592),
(0.,1.),.PIECEWISE_BEZIER_KNOTS.)
GEOMETRIC_REPRESENTATION_ITEM()
RATIONAL_B_SPLINE_SURFACE(((1.,0.866025403784423,1.),(1.,0.866025403784423,
1.),(1.,0.866025403784242,1.),(1.,0.866025403784242,1.)))
REPRESENTATION_ITEM('')
SURFACE()
);
#134=(
BOUNDED_SURFACE()
B_SPLINE_SURFACE(3,2,((#6264,#6265,#6266),(#6267,#6268,#6269),(#6270,#6271,
#6272),(#6273,#6274,#6275)),.UNSPECIFIED.,.F.,.F.,.F.)
B_SPLINE_SURFACE_WITH_KNOTS((4,4),(3,3),(4.06575814682064E-20,0.00053221325873744),
(0.,1.),.PIECEWISE_BEZIER_KNOTS.)
GEOMETRIC_REPRESENTATION_ITEM()
RATIONAL_B_SPLINE_SURFACE(((1.,0.866025403784423,1.),(1.,0.866025403784423,
1.),(1.,0.866025403784427,1.),(1.,0.866025403784427,1.)))
REPRESENTATION_ITEM('')
SURFACE()
);
#135=(
BOUNDED_SURFACE()
B_SPLINE_SURFACE(3,2,((#6277,#6278,#6279),(#6280,#6281,#6282),(#6283,#6284,
#6285),(#6286,#6287,#6288)),.UNSPECIFIED.,.F.,.F.,.F.)
B_SPLINE_SURFACE_WITH_KNOTS((4,4),(3,3),(-8.40256683676266E-19,0.000589556917464369),
(0.,1.),.PIECEWISE_BEZIER_KNOTS.)
GEOMETRIC_REPRESENTATION_ITEM()
RATIONAL_B_SPLINE_SURFACE(((1.,0.866025403784492,1.),(1.,0.866025403784492,
1.),(1.,0.866025403784423,1.),(1.,0.866025403784423,1.)))
REPRESENTATION_ITEM('')
SURFACE()
);
#136=(
BOUNDED_SURFACE()
B_SPLINE_SURFACE(3,2,((#6290,#6291,#6292),(#6293,#6294,#6295),(#6296,#6297,
#6298),(#6299,#6300,#6301)),.UNSPECIFIED.,.F.,.F.,.F.)
B_SPLINE_SURFACE_WITH_KNOTS((4,4),(3,3),(2.82976767018717E-16,0.000710377098612868),
(0.,1.),.PIECEWISE_BEZIER_KNOTS.)
GEOMETRIC_REPRESENTATION_ITEM()
RATIONAL_B_SPLINE_SURFACE(((1.,0.866025403784428,1.),(1.,0.866025403784428,
1.),(1.,0.866025403784409,1.),(1.,0.866025403784409,1.)))
REPRESENTATION_ITEM('')
SURFACE()
);
#137=(
BOUNDED_SURFACE()
B_SPLINE_SURFACE(3,2,((#6306,#6307,#6308),(#6309,#6310,#6311),(#6312,#6313,
#6314),(#6315,#6316,#6317)),.UNSPECIFIED.,.F.,.F.,.F.)
B_SPLINE_SURFACE_WITH_KNOTS((4,4),(3,3),(-1.49077798716757E-18,0.000898674066911951),
(0.,1.),.PIECEWISE_BEZIER_KNOTS.)
GEOMETRIC_REPRESENTATION_ITEM()
RATIONAL_B_SPLINE_SURFACE(((1.,0.866025403784431,1.),(1.,0.866025403784431,
1.),(1.,0.866025403784426,1.),(1.,0.866025403784426,1.)))
REPRESENTATION_ITEM('')
SURFACE()
);
#138=B_SPLINE_SURFACE_WITH_KNOTS('',3,1,((#4168,#4169),(#4170,#4171),(#4172,
#4173),(#4174,#4175),(#4176,#4177),(#4178,#4179),(#4180,#4181)),
 .SURF_OF_LINEAR_EXTRUSION.,.F.,.F.,.F.,(4,1,1,1,4),(2,2),(3.14159265358979,
3.92699081698724,4.71238898038469,5.49778714378214,6.28318530717959),(0.,
1.),.UNSPECIFIED.);
#139=CYLINDRICAL_SURFACE('',#2899,0.0005);
#140=CYLINDRICAL_SURFACE('',#2903,0.000999999999999953);
#141=CYLINDRICAL_SURFACE('',#2907,0.002);
#142=CYLINDRICAL_SURFACE('',#2911,0.002);
#143=CYLINDRICAL_SURFACE('',#2916,0.002);
#144=CYLINDRICAL_SURFACE('',#2920,0.002);
#145=CYLINDRICAL_SURFACE('',#2924,0.001);
#146=CYLINDRICAL_SURFACE('',#2928,0.000499999999999959);
#147=CYLINDRICAL_SURFACE('',#2932,0.000999999999999958);
#148=CYLINDRICAL_SURFACE('',#2936,0.001);
#149=CYLINDRICAL_SURFACE('',#2954,0.0002);
#150=CYLINDRICAL_SURFACE('',#2966,0.0002);
#151=CYLINDRICAL_SURFACE('',#2968,0.0002);
#152=CYLINDRICAL_SURFACE('',#2970,0.0002);
#153=CYLINDRICAL_SURFACE('',#2972,0.0002);
#154=CYLINDRICAL_SURFACE('',#2974,0.0002);
#155=CYLINDRICAL_SURFACE('',#2976,0.0002);
#156=CYLINDRICAL_SURFACE('',#2996,0.0002);
#157=CYLINDRICAL_SURFACE('',#2997,0.0002);
#158=CYLINDRICAL_SURFACE('',#3009,0.0002);
#159=CYLINDRICAL_SURFACE('',#3011,0.0002);
#160=CYLINDRICAL_SURFACE('',#3013,0.0002);
#161=CYLINDRICAL_SURFACE('',#3014,0.0002);
#162=CYLINDRICAL_SURFACE('',#3021,0.0002);
#163=CYLINDRICAL_SURFACE('',#3023,0.0002);
#164=CYLINDRICAL_SURFACE('',#3029,0.0002);
#165=CYLINDRICAL_SURFACE('',#3031,0.0002);
#166=CYLINDRICAL_SURFACE('',#3037,0.0002);
#167=CYLINDRICAL_SURFACE('',#3039,0.0002);
#168=CYLINDRICAL_SURFACE('',#3045,0.0002);
#169=CYLINDRICAL_SURFACE('',#3047,0.0002);
#170=CYLINDRICAL_SURFACE('',#3053,0.0002);
#171=CYLINDRICAL_SURFACE('',#3055,0.0002);
#172=CYLINDRICAL_SURFACE('',#3057,0.0002);
#173=CYLINDRICAL_SURFACE('',#3064,0.0002);
#174=CYLINDRICAL_SURFACE('',#3066,0.0002);
#175=CYLINDRICAL_SURFACE('',#3072,0.0002);
#176=CYLINDRICAL_SURFACE('',#3074,0.0002);
#177=CYLINDRICAL_SURFACE('',#3080,0.0002);
#178=CYLINDRICAL_SURFACE('',#3082,0.0002);
#179=CYLINDRICAL_SURFACE('',#3088,0.0002);
#180=CYLINDRICAL_SURFACE('',#3090,0.0002);
#181=CYLINDRICAL_SURFACE('',#3096,0.0002);
#182=CYLINDRICAL_SURFACE('',#3098,0.0002);
#183=CYLINDRICAL_SURFACE('',#3111,0.0002);
#184=CYLINDRICAL_SURFACE('',#3112,0.0002);
#185=CYLINDRICAL_SURFACE('',#3124,0.0002);
#186=CYLINDRICAL_SURFACE('',#3126,0.0002);
#187=CYLINDRICAL_SURFACE('',#3128,0.0002);
#188=CYLINDRICAL_SURFACE('',#3137,0.0002);
#189=CYLINDRICAL_SURFACE('',#3149,0.0002);
#190=CYLINDRICAL_SURFACE('',#3151,0.0002);
#191=CYLINDRICAL_SURFACE('',#3153,0.0002);
#192=CYLINDRICAL_SURFACE('',#3155,0.0002);
#193=CYLINDRICAL_SURFACE('',#3157,0.0002);
#194=CYLINDRICAL_SURFACE('',#3159,0.0002);
#195=CIRCLE('',#2889,0.0018);
#196=CIRCLE('',#2890,0.0018);
#197=CIRCLE('',#2891,0.0012);
#198=CIRCLE('',#2892,0.000299999999999959);
#199=CIRCLE('',#2893,0.000799999999999958);
#200=CIRCLE('',#2894,0.0008);
#201=CIRCLE('',#2895,0.0003);
#202=CIRCLE('',#2896,0.00119999999999995);
#203=CIRCLE('',#2897,0.0018);
#204=CIRCLE('',#2898,0.0018);
#205=CIRCLE('',#2900,0.0005);
#206=CIRCLE('',#2901,0.0005);
#207=CIRCLE('',#2904,0.000999999999999953);
#208=CIRCLE('',#2905,0.000999999999999953);
#209=CIRCLE('',#2908,0.002);
#210=CIRCLE('',#2909,0.002);
#211=CIRCLE('',#2912,0.002);
#212=CIRCLE('',#2913,0.002);
#213=CIRCLE('',#2917,0.002);
#214=CIRCLE('',#2918,0.002);
#215=CIRCLE('',#2921,0.002);
#216=CIRCLE('',#2922,0.002);
#217=CIRCLE('',#2925,0.001);
#218=CIRCLE('',#2926,0.001);
#219=CIRCLE('',#2929,0.000499999999999959);
#220=CIRCLE('',#2930,0.000499999999999959);
#221=CIRCLE('',#2933,0.000999999999999958);
#222=CIRCLE('',#2934,0.000999999999999958);
#223=CIRCLE('',#2937,0.001);
#224=CIRCLE('',#2938,0.001);
#225=CIRCLE('',#2941,0.0018);
#226=CIRCLE('',#2942,0.0018);
#227=CIRCLE('',#2943,0.00119999999999995);
#228=CIRCLE('',#2944,0.0003);
#229=CIRCLE('',#2945,0.0008);
#230=CIRCLE('',#2946,0.000799999999999958);
#231=CIRCLE('',#2947,0.000299999999999959);
#232=CIRCLE('',#2948,0.0012);
#233=CIRCLE('',#2949,0.0018);
#234=CIRCLE('',#2950,0.0018);
#235=CIRCLE('',#2955,0.0002);
#236=CIRCLE('',#2956,0.0002);
#237=CIRCLE('',#2957,0.0002);
#238=CIRCLE('',#2958,0.0002);
#239=CIRCLE('',#2959,0.0002);
#240=CIRCLE('',#2960,0.0002);
#241=CIRCLE('',#2961,0.0002);
#242=CIRCLE('',#2962,0.0002);
#243=CIRCLE('',#2963,0.0002);
#244=CIRCLE('',#2964,0.0002);
#245=CIRCLE('',#2965,0.0002);
#246=CIRCLE('',#2977,0.0002);
#247=CIRCLE('',#2978,0.0002);
#248=CIRCLE('',#2979,0.0002);
#249=CIRCLE('',#2980,0.0002);
#250=CIRCLE('',#2981,0.0002);
#251=CIRCLE('',#2982,0.0002);
#252=CIRCLE('',#2983,0.0002);
#253=CIRCLE('',#2984,0.0002);
#254=CIRCLE('',#2985,0.0002);
#255=CIRCLE('',#2986,0.0002);
#256=CIRCLE('',#2987,0.0002);
#257=CIRCLE('',#2988,0.0002);
#258=CIRCLE('',#2989,0.0002);
#259=CIRCLE('',#2990,0.0002);
#260=CIRCLE('',#2991,0.0002);
#261=CIRCLE('',#2992,0.0002);
#262=CIRCLE('',#2993,0.0002);
#263=CIRCLE('',#2994,0.0002);
#264=CIRCLE('',#2995,0.0002);
#265=CIRCLE('',#2998,0.0002);
#266=CIRCLE('',#2999,0.0002);
#267=CIRCLE('',#3000,0.0002);
#268=CIRCLE('',#3001,0.0002);
#269=CIRCLE('',#3002,0.0002);
#270=CIRCLE('',#3003,0.0002);
#271=CIRCLE('',#3004,0.0002);
#272=CIRCLE('',#3005,0.0002);
#273=CIRCLE('',#3006,0.0002);
#274=CIRCLE('',#3007,0.0002);
#275=CIRCLE('',#3008,0.0002);
#276=CIRCLE('',#3015,0.0002);
#277=CIRCLE('',#3016,0.0002);
#278=CIRCLE('',#3018,0.0002);
#279=CIRCLE('',#3020,0.0002);
#280=CIRCLE('',#3022,0.0002);
#281=CIRCLE('',#3024,0.0002);
#282=CIRCLE('',#3026,0.0002);
#283=CIRCLE('',#3028,0.0002);
#284=CIRCLE('',#3030,0.0002);
#285=CIRCLE('',#3032,0.0002);
#286=CIRCLE('',#3034,0.0002);
#287=CIRCLE('',#3036,0.0002);
#288=CIRCLE('',#3038,0.0002);
#289=CIRCLE('',#3040,0.0002);
#290=CIRCLE('',#3042,0.0002);
#291=CIRCLE('',#3044,0.0002);
#292=CIRCLE('',#3046,0.0002);
#293=CIRCLE('',#3048,0.0002);
#294=CIRCLE('',#3050,0.0002);
#295=CIRCLE('',#3052,0.0002);
#296=CIRCLE('',#3054,0.0002);
#297=CIRCLE('',#3056,0.0002);
#298=CIRCLE('',#3058,0.0002);
#299=CIRCLE('',#3059,0.0002);
#300=CIRCLE('',#3061,0.0002);
#301=CIRCLE('',#3063,0.0002);
#302=CIRCLE('',#3065,0.0002);
#303=CIRCLE('',#3067,0.0002);
#304=CIRCLE('',#3069,0.0002);
#305=CIRCLE('',#3071,0.0002);
#306=CIRCLE('',#3073,0.0002);
#307=CIRCLE('',#3075,0.0002);
#308=CIRCLE('',#3077,0.0002);
#309=CIRCLE('',#3079,0.0002);
#310=CIRCLE('',#3081,0.0002);
#311=CIRCLE('',#3083,0.0002);
#312=CIRCLE('',#3085,0.0002);
#313=CIRCLE('',#3087,0.0002);
#314=CIRCLE('',#3089,0.0002);
#315=CIRCLE('',#3091,0.0002);
#316=CIRCLE('',#3093,0.0002);
#317=CIRCLE('',#3095,0.0002);
#318=CIRCLE('',#3097,0.0002);
#319=CIRCLE('',#3099,0.0002);
#320=CIRCLE('',#3100,0.0002);
#321=CIRCLE('',#3101,0.0002);
#322=CIRCLE('',#3102,0.0002);
#323=CIRCLE('',#3103,0.0002);
#324=CIRCLE('',#3104,0.0002);
#325=CIRCLE('',#3105,0.0002);
#326=CIRCLE('',#3106,0.0002);
#327=CIRCLE('',#3107,0.0002);
#328=CIRCLE('',#3108,0.0002);
#329=CIRCLE('',#3109,0.0002);
#330=CIRCLE('',#3110,0.0002);
#331=CIRCLE('',#3113,0.0002);
#332=CIRCLE('',#3114,0.0002);
#333=CIRCLE('',#3115,0.0002);
#334=CIRCLE('',#3116,0.0002);
#335=CIRCLE('',#3117,0.0002);
#336=CIRCLE('',#3118,0.0002);
#337=CIRCLE('',#3119,0.0002);
#338=CIRCLE('',#3120,0.0002);
#339=CIRCLE('',#3121,0.0002);
#340=CIRCLE('',#3122,0.0002);
#341=CIRCLE('',#3123,0.0002);
#342=CIRCLE('',#3129,0.0002);
#343=CIRCLE('',#3130,0.0002);
#344=CIRCLE('',#3131,0.0002);
#345=CIRCLE('',#3132,0.0002);
#346=CIRCLE('',#3133,0.0002);
#347=CIRCLE('',#3134,0.0002);
#348=CIRCLE('',#3135,0.0002);
#349=CIRCLE('',#3136,0.0002);
#350=CIRCLE('',#3138,0.0002);
#351=CIRCLE('',#3139,0.0002);
#352=CIRCLE('',#3140,0.0002);
#353=CIRCLE('',#3141,0.0002);
#354=CIRCLE('',#3142,0.0002);
#355=CIRCLE('',#3143,0.0002);
#356=CIRCLE('',#3144,0.0002);
#357=CIRCLE('',#3145,0.0002);
#358=CIRCLE('',#3146,0.0002);
#359=CIRCLE('',#3147,0.0002);
#360=CIRCLE('',#3148,0.0002);
#361=B_SPLINE_CURVE_WITH_KNOTS('',3,(#3821,#3822,#3823,#3824),
 .UNSPECIFIED.,.F.,.F.,(4,4),(2.16840434497101E-18,0.000632988640465665),
 .UNSPECIFIED.);
#362=B_SPLINE_CURVE_WITH_KNOTS('',3,(#3826,#3827,#3828,#3829),
 .UNSPECIFIED.,.F.,.F.,(4,4),(0.,0.000350100571828174),.UNSPECIFIED.);
#363=B_SPLINE_CURVE_WITH_KNOTS('',3,(#3831,#3832,#3833,#3834),
 .UNSPECIFIED.,.F.,.F.,(4,4),(0.,0.000328025008831135),.UNSPECIFIED.);
#364=B_SPLINE_CURVE_WITH_KNOTS('',3,(#3836,#3837,#3838,#3839),
 .UNSPECIFIED.,.F.,.F.,(4,4),(2.60208521396521E-18,0.000279014986319952),
 .UNSPECIFIED.);
#365=B_SPLINE_CURVE_WITH_KNOTS('',3,(#3841,#3842,#3843,#3844),
 .UNSPECIFIED.,.F.,.F.,(4,4),(0.,0.00032843946071204),.UNSPECIFIED.);
#366=B_SPLINE_CURVE_WITH_KNOTS('',3,(#3846,#3847,#3848,#3849),
 .UNSPECIFIED.,.F.,.F.,(4,4),(1.30104260698261E-18,0.000606282281002718),
 .UNSPECIFIED.);
#367=B_SPLINE_CURVE_WITH_KNOTS('',3,(#3853,#3854,#3855,#3856,#3857),
 .UNSPECIFIED.,.F.,.F.,(4,1,4),(0.,0.00051780703568365,0.0010356140713673),
 .UNSPECIFIED.);
#368=B_SPLINE_CURVE_WITH_KNOTS('',3,(#3859,#3860,#3861,#3862),
 .UNSPECIFIED.,.F.,.F.,(4,4),(6.50521303491303E-19,0.000838743247406277),
 .UNSPECIFIED.);
#369=B_SPLINE_CURVE_WITH_KNOTS('',3,(#3864,#3865,#3866,#3867),
 .UNSPECIFIED.,.F.,.F.,(4,4),(4.11996825544492E-18,0.000886058938586971),
 .UNSPECIFIED.);
#370=B_SPLINE_CURVE_WITH_KNOTS('',3,(#3869,#3870,#3871,#3872),
 .UNSPECIFIED.,.F.,.F.,(4,4),(0.,0.00121226523583191),.UNSPECIFIED.);
#371=B_SPLINE_CURVE_WITH_KNOTS('',3,(#3874,#3875,#3876,#3877),
 .UNSPECIFIED.,.F.,.F.,(4,4),(2.16840434497101E-18,0.00114299164125825),
 .UNSPECIFIED.);
#372=B_SPLINE_CURVE_WITH_KNOTS('',3,(#3879,#3880,#3881,#3882),
 .UNSPECIFIED.,.F.,.F.,(4,4),(0.,0.000753361182423131),.UNSPECIFIED.);
#373=B_SPLINE_CURVE_WITH_KNOTS('',3,(#3884,#3885,#3886,#3887),
 .UNSPECIFIED.,.F.,.F.,(4,4),(0.,0.00099233720121142),.UNSPECIFIED.);
#374=B_SPLINE_CURVE_WITH_KNOTS('',3,(#3890,#3891,#3892,#3893),
 .UNSPECIFIED.,.F.,.F.,(4,4),(0.,0.000517167589722232),.UNSPECIFIED.);
#375=B_SPLINE_CURVE_WITH_KNOTS('',3,(#3896,#3897,#3898,#3899),
 .UNSPECIFIED.,.F.,.F.,(4,4),(2.92734586571086E-18,0.000520561514776502),
 .UNSPECIFIED.);
#376=B_SPLINE_CURVE_WITH_KNOTS('',3,(#3901,#3902,#3903,#3904),
 .UNSPECIFIED.,.F.,.F.,(4,4),(0.,0.00052467568146722),.UNSPECIFIED.);
#377=B_SPLINE_CURVE_WITH_KNOTS('',3,(#3906,#3907,#3908,#3909),
 .UNSPECIFIED.,.F.,.F.,(4,4),(6.50521303491303E-19,0.000516549682478405),
 .UNSPECIFIED.);
#378=B_SPLINE_CURVE_WITH_KNOTS('',3,(#3911,#3912,#3913,#3914),
 .UNSPECIFIED.,.F.,.F.,(4,4),(0.,0.000519740556046505),.UNSPECIFIED.);
#379=B_SPLINE_CURVE_WITH_KNOTS('',3,(#3916,#3917,#3918,#3919),
 .UNSPECIFIED.,.F.,.F.,(4,4),(1.89735380184963E-18,0.000524718746979109),
 .UNSPECIFIED.);
#380=B_SPLINE_CURVE_WITH_KNOTS('',3,(#3921,#3922,#3923,#3924),
 .UNSPECIFIED.,.F.,.F.,(4,4),(0.,0.000521698977785844),.UNSPECIFIED.);
#381=B_SPLINE_CURVE_WITH_KNOTS('',3,(#3926,#3927,#3928,#3929),
 .UNSPECIFIED.,.F.,.F.,(4,4),(3.63207727782644E-18,0.000519217497100564),
 .UNSPECIFIED.);
#382=B_SPLINE_CURVE_WITH_KNOTS('',3,(#3937,#3938,#3939,#3940),
 .UNSPECIFIED.,.F.,.F.,(4,4),(0.,0.000346517747501754),.UNSPECIFIED.);
#383=B_SPLINE_CURVE_WITH_KNOTS('',3,(#3942,#3943,#3944,#3945),
 .UNSPECIFIED.,.F.,.F.,(4,4),(1.73472347597681E-18,0.000305507597266045),
 .UNSPECIFIED.);
#384=B_SPLINE_CURVE_WITH_KNOTS('',3,(#3947,#3948,#3949,#3950),
 .UNSPECIFIED.,.F.,.F.,(4,4),(0.,0.000271861119966428),.UNSPECIFIED.);
#385=B_SPLINE_CURVE_WITH_KNOTS('',3,(#3952,#3953,#3954,#3955),
 .UNSPECIFIED.,.F.,.F.,(4,4),(0.,0.000300047629579251),.UNSPECIFIED.);
#386=B_SPLINE_CURVE_WITH_KNOTS('',3,(#3957,#3958,#3959,#3960),
 .UNSPECIFIED.,.F.,.F.,(4,4),(0.,0.000294911716420991),.UNSPECIFIED.);
#387=B_SPLINE_CURVE_WITH_KNOTS('',3,(#3962,#3963,#3964,#3965),
 .UNSPECIFIED.,.F.,.F.,(4,4),(0.,0.000411005680996085),.UNSPECIFIED.);
#388=B_SPLINE_CURVE_WITH_KNOTS('',3,(#3969,#3970,#3971,#3972,#3973),
 .UNSPECIFIED.,.F.,.F.,(4,1,4),(0.,0.000471637762588989,0.000943275525177978),
 .UNSPECIFIED.);
#389=B_SPLINE_CURVE_WITH_KNOTS('',3,(#3975,#3976,#3977,#3978),
 .UNSPECIFIED.,.F.,.F.,(4,4),(0.,0.00075844172724131),.UNSPECIFIED.);
#390=B_SPLINE_CURVE_WITH_KNOTS('',3,(#3980,#3981,#3982,#3983),
 .UNSPECIFIED.,.F.,.F.,(4,4),(4.33680868994202E-18,0.000809688912349477),
 .UNSPECIFIED.);
#391=B_SPLINE_CURVE_WITH_KNOTS('',3,(#3985,#3986,#3987,#3988),
 .UNSPECIFIED.,.F.,.F.,(4,4),(0.,0.00125698560340426),.UNSPECIFIED.);
#392=B_SPLINE_CURVE_WITH_KNOTS('',3,(#3990,#3991,#3992,#3993),
 .UNSPECIFIED.,.F.,.F.,(4,4),(2.16840434497101E-18,0.00115486898574128),
 .UNSPECIFIED.);
#393=B_SPLINE_CURVE_WITH_KNOTS('',3,(#3995,#3996,#3997,#3998),
 .UNSPECIFIED.,.F.,.F.,(4,4),(0.,0.000689784126838394),.UNSPECIFIED.);
#394=B_SPLINE_CURVE_WITH_KNOTS('',3,(#4000,#4001,#4002,#4003),
 .UNSPECIFIED.,.F.,.F.,(4,4),(1.51788304147971E-18,0.000321237890498712),
 .UNSPECIFIED.);
#395=B_SPLINE_CURVE_WITH_KNOTS('',3,(#4005,#4006,#4007,#4008),
 .UNSPECIFIED.,.F.,.F.,(4,4),(0.,0.000410301002972391),.UNSPECIFIED.);
#396=B_SPLINE_CURVE_WITH_KNOTS('',3,(#4010,#4011,#4012,#4013),
 .UNSPECIFIED.,.F.,.F.,(4,4),(8.67361737988403E-19,0.000754942596325963),
 .UNSPECIFIED.);
#397=B_SPLINE_CURVE_WITH_KNOTS('',3,(#4015,#4016,#4017,#4018),
 .UNSPECIFIED.,.F.,.F.,(4,4),(0.,0.00119288087268566),.UNSPECIFIED.);
#398=B_SPLINE_CURVE_WITH_KNOTS('',3,(#4020,#4021,#4022,#4023),
 .UNSPECIFIED.,.F.,.F.,(4,4),(5.63785129692462E-18,0.00129296180222057),
 .UNSPECIFIED.);
#399=B_SPLINE_CURVE_WITH_KNOTS('',3,(#4025,#4026,#4027,#4028),
 .UNSPECIFIED.,.F.,.F.,(4,4),(0.,0.00124020919050149),.UNSPECIFIED.);
#400=B_SPLINE_CURVE_WITH_KNOTS('',3,(#4030,#4031,#4032,#4033,#4034),
 .UNSPECIFIED.,.F.,.F.,(4,1,4),(2.16840434497101E-18,0.000683081959157471,
0.00136616391831494),.UNSPECIFIED.);
#401=B_SPLINE_CURVE_WITH_KNOTS('',3,(#4038,#4039,#4040,#4041),
 .UNSPECIFIED.,.F.,.F.,(4,4),(0.,0.000465091796652623),.UNSPECIFIED.);
#402=B_SPLINE_CURVE_WITH_KNOTS('',3,(#4043,#4044,#4045,#4046),
 .UNSPECIFIED.,.F.,.F.,(4,4),(3.46944695195361E-18,0.000331054254099055),
 .UNSPECIFIED.);
#403=B_SPLINE_CURVE_WITH_KNOTS('',3,(#4048,#4049,#4050,#4051),
 .UNSPECIFIED.,.F.,.F.,(4,4),(0.,0.000353517354668496),.UNSPECIFIED.);
#404=B_SPLINE_CURVE_WITH_KNOTS('',3,(#4053,#4054,#4055,#4056),
 .UNSPECIFIED.,.F.,.F.,(4,4),(1.73472347597681E-18,0.000298196046067073),
 .UNSPECIFIED.);
#405=B_SPLINE_CURVE_WITH_KNOTS('',3,(#4058,#4059,#4060,#4061,#4062),
 .UNSPECIFIED.,.F.,.F.,(4,1,4),(0.,0.000377434457919505,0.000754868915839009),
 .UNSPECIFIED.);
#406=B_SPLINE_CURVE_WITH_KNOTS('',3,(#4066,#4067,#4068,#4069,#4070,#4071,
#4072,#4073,#4074,#4075,#4076),.UNSPECIFIED.,.F.,.F.,(4,1,1,1,1,1,1,1,4),
(0.,0.00255589898167703,0.00511179796335406,0.00766769694503109,0.0102235959267081,
0.0127794949083852,0.0153353938900622,0.0178912928717392,0.0204471918534162),
 .UNSPECIFIED.);
#407=B_SPLINE_CURVE_WITH_KNOTS('',3,(#4185,#4186,#4187,#4188,#4189,#4190,
#4191,#4192,#4193,#4194,#4195),.UNSPECIFIED.,.F.,.F.,(4,1,1,1,1,1,1,1,4),
(0.,0.00249883048964958,0.00499766097929916,0.00749649146894874,0.00999532195859833,
0.0124941524482479,0.0149929829378975,0.0174918134275471,0.0199906439171967),
 .UNSPECIFIED.);
#408=B_SPLINE_CURVE_WITH_KNOTS('',3,(#4196,#4197,#4198,#4199,#4200,#4201,
#4202,#4203,#4204,#4205,#4206),.UNSPECIFIED.,.F.,.F.,(4,1,1,1,1,1,1,1,4),
(0.,0.00249883048964958,0.00499766097929915,0.00749649146894873,0.0099953219585983,
0.0124941524482479,0.0149929829378975,0.017491813427547,0.0199906439171966),
 .UNSPECIFIED.);
#409=B_SPLINE_CURVE_WITH_KNOTS('',3,(#4286,#4287,#4288,#4289,#4290,#4291,
#4292,#4293,#4294,#4295,#4296),.UNSPECIFIED.,.F.,.F.,(4,1,1,1,1,1,1,1,4),
(0.,0.00255589898167704,0.00511179796335408,0.00766769694503112,0.0102235959267082,
0.0127794949083852,0.0153353938900622,0.0178912928717393,0.0204471918534163),
 .UNSPECIFIED.);
#410=B_SPLINE_CURVE_WITH_KNOTS('',3,(#4347,#4348,#4349,#4350),
 .UNSPECIFIED.,.F.,.F.,(4,4),(0.,0.000896166528645493),.UNSPECIFIED.);
#411=B_SPLINE_CURVE_WITH_KNOTS('',3,(#4352,#4353,#4354,#4355),
 .UNSPECIFIED.,.F.,.F.,(4,4),(0.,0.000589556917464427),.UNSPECIFIED.);
#412=B_SPLINE_CURVE_WITH_KNOTS('',3,(#4357,#4358,#4359,#4360),
 .UNSPECIFIED.,.F.,.F.,(4,4),(0.,0.000849595850351588),.UNSPECIFIED.);
#413=B_SPLINE_CURVE_WITH_KNOTS('',3,(#4362,#4363,#4364,#4365),
 .UNSPECIFIED.,.F.,.F.,(4,4),(0.,0.000969336474853487),.UNSPECIFIED.);
#414=B_SPLINE_CURVE_WITH_KNOTS('',3,(#4367,#4368,#4369,#4370),
 .UNSPECIFIED.,.F.,.F.,(4,4),(0.,0.000708973489875686),.UNSPECIFIED.);
#415=B_SPLINE_CURVE_WITH_KNOTS('',3,(#4372,#4373,#4374,#4375),
 .UNSPECIFIED.,.F.,.F.,(4,4),(0.,0.000641547015985401),.UNSPECIFIED.);
#416=B_SPLINE_CURVE_WITH_KNOTS('',3,(#4377,#4378,#4379,#4380),
 .UNSPECIFIED.,.F.,.F.,(4,4),(0.,0.000505484654742475),.UNSPECIFIED.);
#417=B_SPLINE_CURVE_WITH_KNOTS('',3,(#4384,#4385,#4386,#4387),
 .UNSPECIFIED.,.F.,.F.,(4,4),(0.,0.000503025444703297),.UNSPECIFIED.);
#418=B_SPLINE_CURVE_WITH_KNOTS('',3,(#4389,#4390,#4391,#4392),
 .UNSPECIFIED.,.F.,.F.,(4,4),(0.,0.000628309167833669),.UNSPECIFIED.);
#419=B_SPLINE_CURVE_WITH_KNOTS('',3,(#4394,#4395,#4396,#4397),
 .UNSPECIFIED.,.F.,.F.,(4,4),(0.,0.000567195716663786),.UNSPECIFIED.);
#420=B_SPLINE_CURVE_WITH_KNOTS('',3,(#4399,#4400,#4401,#4402),
 .UNSPECIFIED.,.F.,.F.,(4,4),(0.,0.000576701629368642),.UNSPECIFIED.);
#421=B_SPLINE_CURVE_WITH_KNOTS('',3,(#4404,#4405,#4406,#4407),
 .UNSPECIFIED.,.F.,.F.,(4,4),(0.,0.000532213258737417),.UNSPECIFIED.);
#422=B_SPLINE_CURVE_WITH_KNOTS('',3,(#4409,#4410,#4411,#4412),
 .UNSPECIFIED.,.F.,.F.,(4,4),(0.,0.000706178052056627),.UNSPECIFIED.);
#423=B_SPLINE_CURVE_WITH_KNOTS('',3,(#4418,#4419,#4420,#4421),
 .UNSPECIFIED.,.F.,.F.,(4,4),(0.,0.000237445914767607),.UNSPECIFIED.);
#424=B_SPLINE_CURVE_WITH_KNOTS('',3,(#4424,#4425,#4426,#4427),
 .UNSPECIFIED.,.F.,.F.,(4,4),(0.,0.000234214892971694),.UNSPECIFIED.);
#425=B_SPLINE_CURVE_WITH_KNOTS('',3,(#4429,#4430,#4431,#4432),
 .UNSPECIFIED.,.F.,.F.,(4,4),(0.,0.000256224714035741),.UNSPECIFIED.);
#426=B_SPLINE_CURVE_WITH_KNOTS('',3,(#4434,#4435,#4436,#4437),
 .UNSPECIFIED.,.F.,.F.,(4,4),(0.,0.000260355720590904),.UNSPECIFIED.);
#427=B_SPLINE_CURVE_WITH_KNOTS('',3,(#4439,#4440,#4441,#4442),
 .UNSPECIFIED.,.F.,.F.,(4,4),(0.,0.000233116330177062),.UNSPECIFIED.);
#428=B_SPLINE_CURVE_WITH_KNOTS('',3,(#4444,#4445,#4446,#4447),
 .UNSPECIFIED.,.F.,.F.,(4,4),(0.,0.000238488276513968),.UNSPECIFIED.);
#429=B_SPLINE_CURVE_WITH_KNOTS('',3,(#4449,#4450,#4451,#4452),
 .UNSPECIFIED.,.F.,.F.,(4,4),(0.,0.000258675482831798),.UNSPECIFIED.);
#430=B_SPLINE_CURVE_WITH_KNOTS('',3,(#4454,#4455,#4456,#4457),
 .UNSPECIFIED.,.F.,.F.,(4,4),(0.,0.000256684483450879),.UNSPECIFIED.);
#431=B_SPLINE_CURVE_WITH_KNOTS('',3,(#4466,#4467,#4468,#4469,#4470),
 .UNSPECIFIED.,.F.,.F.,(4,1,4),(0.,0.000643546079724634,0.00128709215944927),
 .UNSPECIFIED.);
#432=B_SPLINE_CURVE_WITH_KNOTS('',3,(#4472,#4473,#4474,#4475),
 .UNSPECIFIED.,.F.,.F.,(4,4),(0.,0.000578857436352512),.UNSPECIFIED.);
#433=B_SPLINE_CURVE_WITH_KNOTS('',3,(#4477,#4478,#4479,#4480),
 .UNSPECIFIED.,.F.,.F.,(4,4),(0.,0.000610204742606794),.UNSPECIFIED.);
#434=B_SPLINE_CURVE_WITH_KNOTS('',3,(#4482,#4483,#4484,#4485),
 .UNSPECIFIED.,.F.,.F.,(4,4),(0.,0.000570781071788832),.UNSPECIFIED.);
#435=B_SPLINE_CURVE_WITH_KNOTS('',3,(#4487,#4488,#4489,#4490),
 .UNSPECIFIED.,.F.,.F.,(4,4),(0.,0.000418355855902974),.UNSPECIFIED.);
#436=B_SPLINE_CURVE_WITH_KNOTS('',3,(#4494,#4495,#4496,#4497),
 .UNSPECIFIED.,.F.,.F.,(4,4),(0.,0.000728737372777628),.UNSPECIFIED.);
#437=B_SPLINE_CURVE_WITH_KNOTS('',3,(#4499,#4500,#4501,#4502),
 .UNSPECIFIED.,.F.,.F.,(4,4),(0.,0.000996933535715121),.UNSPECIFIED.);
#438=B_SPLINE_CURVE_WITH_KNOTS('',3,(#4504,#4505,#4506,#4507),
 .UNSPECIFIED.,.F.,.F.,(4,4),(0.,0.00104230703775593),.UNSPECIFIED.);
#439=B_SPLINE_CURVE_WITH_KNOTS('',3,(#4509,#4510,#4511,#4512),
 .UNSPECIFIED.,.F.,.F.,(4,4),(0.,0.000884670219126459),.UNSPECIFIED.);
#440=B_SPLINE_CURVE_WITH_KNOTS('',3,(#4514,#4515,#4516,#4517),
 .UNSPECIFIED.,.F.,.F.,(4,4),(0.,0.00054160368197544),.UNSPECIFIED.);
#441=B_SPLINE_CURVE_WITH_KNOTS('',3,(#4519,#4520,#4521,#4522),
 .UNSPECIFIED.,.F.,.F.,(4,4),(0.,0.000928351978237303),.UNSPECIFIED.);
#442=B_SPLINE_CURVE_WITH_KNOTS('',3,(#4524,#4525,#4526,#4527),
 .UNSPECIFIED.,.F.,.F.,(4,4),(0.000786653093250957,0.00166865910840121),
 .UNSPECIFIED.);
#443=B_SPLINE_CURVE_WITH_KNOTS('',3,(#4529,#4530,#4531,#4532),
 .UNSPECIFIED.,.F.,.F.,(4,4),(0.,0.000473554058278806),.UNSPECIFIED.);
#444=B_SPLINE_CURVE_WITH_KNOTS('',3,(#4534,#4535,#4536,#4537),
 .UNSPECIFIED.,.F.,.F.,(4,4),(0.,0.000853594909349732),.UNSPECIFIED.);
#445=B_SPLINE_CURVE_WITH_KNOTS('',3,(#4539,#4540,#4541,#4542),
 .UNSPECIFIED.,.F.,.F.,(4,4),(0.,0.00100826863395875),.UNSPECIFIED.);
#446=B_SPLINE_CURVE_WITH_KNOTS('',3,(#4544,#4545,#4546,#4547),
 .UNSPECIFIED.,.F.,.F.,(4,4),(0.,0.000654786774198049),.UNSPECIFIED.);
#447=B_SPLINE_CURVE_WITH_KNOTS('',3,(#4549,#4550,#4551,#4552),
 .UNSPECIFIED.,.F.,.F.,(4,4),(0.,0.000566026825372581),.UNSPECIFIED.);
#448=B_SPLINE_CURVE_WITH_KNOTS('',3,(#4554,#4555,#4556,#4557),
 .UNSPECIFIED.,.F.,.F.,(4,4),(0.,0.000387948601685175),.UNSPECIFIED.);
#449=B_SPLINE_CURVE_WITH_KNOTS('',3,(#4561,#4562,#4563,#4564),
 .UNSPECIFIED.,.F.,.F.,(4,4),(0.,0.00037283686134705),.UNSPECIFIED.);
#450=B_SPLINE_CURVE_WITH_KNOTS('',3,(#4566,#4567,#4568,#4569),
 .UNSPECIFIED.,.F.,.F.,(4,4),(0.,0.000528622218152771),.UNSPECIFIED.);
#451=B_SPLINE_CURVE_WITH_KNOTS('',3,(#4571,#4572,#4573,#4574),
 .UNSPECIFIED.,.F.,.F.,(4,4),(0.,0.000554423878631264),.UNSPECIFIED.);
#452=B_SPLINE_CURVE_WITH_KNOTS('',3,(#4576,#4577,#4578,#4579),
 .UNSPECIFIED.,.F.,.F.,(4,4),(0.,0.000551682453507796),.UNSPECIFIED.);
#453=B_SPLINE_CURVE_WITH_KNOTS('',3,(#4581,#4582,#4583,#4584),
 .UNSPECIFIED.,.F.,.F.,(4,4),(0.,0.000566678606102745),.UNSPECIFIED.);
#454=B_SPLINE_CURVE_WITH_KNOTS('',3,(#4586,#4587,#4588,#4589),
 .UNSPECIFIED.,.F.,.F.,(4,4),(0.,0.000624373102362871),.UNSPECIFIED.);
#455=B_SPLINE_CURVE_WITH_KNOTS('',3,(#4591,#4592,#4593,#4594),
 .UNSPECIFIED.,.F.,.F.,(4,4),(0.00010836126789225,0.000380531784178751),
 .UNSPECIFIED.);
#456=B_SPLINE_CURVE_WITH_KNOTS('',3,(#4598,#4599,#4600,#4601),
 .UNSPECIFIED.,.F.,.F.,(4,4),(0.00010836126789225,0.00038053178417875),
 .UNSPECIFIED.);
#457=B_SPLINE_CURVE_WITH_KNOTS('',3,(#4617,#4618,#4619,#4620),
 .UNSPECIFIED.,.F.,.F.,(4,4),(5.57020670867007E-16,0.000774403267184794),
 .UNSPECIFIED.);
#458=B_SPLINE_CURVE_WITH_KNOTS('',3,(#4640,#4641,#4642,#4643),
 .UNSPECIFIED.,.F.,.F.,(4,4),(0.,0.00055396302282264),.UNSPECIFIED.);
#459=B_SPLINE_CURVE_WITH_KNOTS('',3,(#4656,#4657,#4658,#4659),
 .UNSPECIFIED.,.F.,.F.,(4,4),(1.51788304147971E-18,0.000744056182025821),
 .UNSPECIFIED.);
#460=B_SPLINE_CURVE_WITH_KNOTS('',3,(#4676,#4677,#4678,#4679),
 .UNSPECIFIED.,.F.,.F.,(4,4),(0.,0.000478747153063109),.UNSPECIFIED.);
#461=B_SPLINE_CURVE_WITH_KNOTS('',3,(#4692,#4693,#4694,#4695),
 .UNSPECIFIED.,.F.,.F.,(4,4),(0.,0.000802428838537495),.UNSPECIFIED.);
#462=B_SPLINE_CURVE_WITH_KNOTS('',3,(#4715,#4716,#4717,#4718),
 .UNSPECIFIED.,.F.,.F.,(4,4),(2.60208521396521E-18,0.000429508158944064),
 .UNSPECIFIED.);
#463=B_SPLINE_CURVE_WITH_KNOTS('',3,(#4731,#4732,#4733,#4734),
 .UNSPECIFIED.,.F.,.F.,(4,4),(0.,0.00110014385934703),.UNSPECIFIED.);
#464=B_SPLINE_CURVE_WITH_KNOTS('',3,(#4751,#4752,#4753,#4754),
 .UNSPECIFIED.,.F.,.F.,(4,4),(0.,0.000454598593464857),.UNSPECIFIED.);
#465=B_SPLINE_CURVE_WITH_KNOTS('',3,(#4767,#4768,#4769,#4770),
 .UNSPECIFIED.,.F.,.F.,(4,4),(0.,0.00100976350996701),.UNSPECIFIED.);
#466=B_SPLINE_CURVE_WITH_KNOTS('',3,(#4787,#4788,#4789,#4790),
 .UNSPECIFIED.,.F.,.F.,(4,4),(8.67361737988404E-19,0.000442968326377527),
 .UNSPECIFIED.);
#467=B_SPLINE_CURVE_WITH_KNOTS('',3,(#4803,#4804,#4805,#4806),
 .UNSPECIFIED.,.F.,.F.,(4,4),(0.,0.000675144983395904),.UNSPECIFIED.);
#468=B_SPLINE_CURVE_WITH_KNOTS('',3,(#4821,#4822,#4823,#4824),
 .UNSPECIFIED.,.F.,.F.,(4,4),(0.000104240443629654,0.000312613234949337),
 .UNSPECIFIED.);
#469=B_SPLINE_CURVE_WITH_KNOTS('',3,(#4826,#4827,#4828,#4829),
 .UNSPECIFIED.,.F.,.F.,(4,4),(7.13575502390852E-15,0.000669900082108843),
 .UNSPECIFIED.);
#470=B_SPLINE_CURVE_WITH_KNOTS('',3,(#4842,#4843,#4844,#4845),
 .UNSPECIFIED.,.F.,.F.,(4,4),(1.73472347597681E-18,0.000941082817179678),
 .UNSPECIFIED.);
#471=B_SPLINE_CURVE_WITH_KNOTS('',3,(#4847,#4848,#4849,#4850),
 .UNSPECIFIED.,.F.,.F.,(4,4),(0.00010424064224546,0.000312574108473521),
 .UNSPECIFIED.);
#472=B_SPLINE_CURVE_WITH_KNOTS('',3,(#4887,#4888,#4889,#4890),
 .UNSPECIFIED.,.F.,.F.,(4,4),(7.04731412115578E-19,0.000384529063585836),
 .UNSPECIFIED.);
#473=B_SPLINE_CURVE_WITH_KNOTS('',3,(#4905,#4906,#4907,#4908),
 .UNSPECIFIED.,.F.,.F.,(4,4),(0.,0.000380414088750141),.UNSPECIFIED.);
#474=B_SPLINE_CURVE_WITH_KNOTS('',3,(#4925,#4926,#4927,#4928),
 .UNSPECIFIED.,.F.,.F.,(4,4),(0.,0.000392319035317951),.UNSPECIFIED.);
#475=B_SPLINE_CURVE_WITH_KNOTS('',3,(#4941,#4942,#4943,#4944),
 .UNSPECIFIED.,.F.,.F.,(4,4),(1.51788304147971E-18,0.000393067283192629),
 .UNSPECIFIED.);
#476=B_SPLINE_CURVE_WITH_KNOTS('',3,(#4961,#4962,#4963,#4964),
 .UNSPECIFIED.,.F.,.F.,(4,4),(5.96311194867027E-19,0.000390688792306628),
 .UNSPECIFIED.);
#477=B_SPLINE_CURVE_WITH_KNOTS('',3,(#4977,#4978,#4979,#4980),
 .UNSPECIFIED.,.F.,.F.,(4,4),(0.,0.000389846060064725),.UNSPECIFIED.);
#478=B_SPLINE_CURVE_WITH_KNOTS('',3,(#4997,#4998,#4999,#5000),
 .UNSPECIFIED.,.F.,.F.,(4,4),(0.,0.000384121052591017),.UNSPECIFIED.);
#479=B_SPLINE_CURVE_WITH_KNOTS('',3,(#5013,#5014,#5015,#5016),
 .UNSPECIFIED.,.F.,.F.,(4,4),(1.40946282423116E-18,0.000380292091277718),
 .UNSPECIFIED.);
#480=B_SPLINE_CURVE_WITH_KNOTS('',3,(#5031,#5032,#5033,#5034),
 .UNSPECIFIED.,.F.,.F.,(4,4),(6.07153216591882E-18,0.000545967124595782),
 .UNSPECIFIED.);
#481=B_SPLINE_CURVE_WITH_KNOTS('',3,(#5036,#5037,#5038,#5039),
 .UNSPECIFIED.,.F.,.F.,(4,4),(0.000124945512360028,0.000483457576371483),
 .UNSPECIFIED.);
#482=B_SPLINE_CURVE_WITH_KNOTS('',3,(#5054,#5055,#5056,#5057),
 .UNSPECIFIED.,.F.,.F.,(4,4),(2.16840434497101E-19,0.000585251879845303),
 .UNSPECIFIED.);
#483=B_SPLINE_CURVE_WITH_KNOTS('',3,(#5070,#5071,#5072,#5073),
 .UNSPECIFIED.,.F.,.F.,(4,4),(3.96817995129695E-17,0.000614489794417883),
 .UNSPECIFIED.);
#484=B_SPLINE_CURVE_WITH_KNOTS('',3,(#5090,#5091,#5092,#5093),
 .UNSPECIFIED.,.F.,.F.,(4,4),(2.60208521396521E-18,0.00101604629814505),
 .UNSPECIFIED.);
#485=B_SPLINE_CURVE_WITH_KNOTS('',3,(#5106,#5107,#5108,#5109),
 .UNSPECIFIED.,.F.,.F.,(4,4),(4.33680868994202E-19,0.000650881295668774),
 .UNSPECIFIED.);
#486=B_SPLINE_CURVE_WITH_KNOTS('',3,(#5126,#5127,#5128,#5129),
 .UNSPECIFIED.,.F.,.F.,(4,4),(0.,0.00113718725463231),.UNSPECIFIED.);
#487=B_SPLINE_CURVE_WITH_KNOTS('',3,(#5142,#5143,#5144,#5145),
 .UNSPECIFIED.,.F.,.F.,(4,4),(0.,0.00104664989366905),.UNSPECIFIED.);
#488=B_SPLINE_CURVE_WITH_KNOTS('',3,(#5162,#5163,#5164,#5165),
 .UNSPECIFIED.,.F.,.F.,(4,4),(0.,0.000740948986340071),.UNSPECIFIED.);
#489=B_SPLINE_CURVE_WITH_KNOTS('',3,(#5178,#5179,#5180,#5181),
 .UNSPECIFIED.,.F.,.F.,(4,4),(3.68628738645072E-18,0.00116724357969748),
 .UNSPECIFIED.);
#490=B_SPLINE_CURVE_WITH_KNOTS('',3,(#5198,#5199,#5200,#5201),
 .UNSPECIFIED.,.F.,.F.,(4,4),(1.73472347597681E-18,0.000666650148951392),
 .UNSPECIFIED.);
#491=B_SPLINE_CURVE_WITH_KNOTS('',3,(#5214,#5215,#5216,#5217),
 .UNSPECIFIED.,.F.,.F.,(4,4),(0.,0.00112699445541963),.UNSPECIFIED.);
#492=B_SPLINE_CURVE_WITH_KNOTS('',3,(#5235,#5236,#5237,#5238),
 .UNSPECIFIED.,.F.,.F.,(4,4),(0.000108361267892232,0.000380531784178728),
 .UNSPECIFIED.);
#493=B_SPLINE_CURVE_WITH_KNOTS('',3,(#5240,#5241,#5242,#5243),
 .UNSPECIFIED.,.F.,.F.,(4,4),(7.81981326123009E-16,0.000666823553844269),
 .UNSPECIFIED.);
#494=B_SPLINE_CURVE_WITH_KNOTS('',3,(#5259,#5260,#5261,#5262),
 .UNSPECIFIED.,.F.,.F.,(4,4),(0.,0.00104027254928841),.UNSPECIFIED.);
#495=B_SPLINE_CURVE_WITH_KNOTS('',3,(#5264,#5265,#5266,#5267),
 .UNSPECIFIED.,.F.,.F.,(4,4),(0.000108361267892519,0.000380531784179061),
 .UNSPECIFIED.);
#496=B_SPLINE_CURVE_WITH_KNOTS('',3,(#5269,#5270,#5271,#5272),
 .UNSPECIFIED.,.F.,.F.,(4,4),(0.000108361267892233,0.000380531784178728),
 .UNSPECIFIED.);
#497=B_SPLINE_CURVE_WITH_KNOTS('',3,(#5278,#5279,#5280,#5281),
 .UNSPECIFIED.,.F.,.F.,(4,4),(0.000108361267892519,0.000380531784179061),
 .UNSPECIFIED.);
#498=B_SPLINE_CURVE_WITH_KNOTS('',3,(#5305,#5306,#5307,#5308),
 .UNSPECIFIED.,.F.,.F.,(4,4),(2.16840434497101E-18,0.000391818587572469),
 .UNSPECIFIED.);
#499=B_SPLINE_CURVE_WITH_KNOTS('',3,(#5327,#5328,#5329,#5330),
 .UNSPECIFIED.,.F.,.F.,(4,4),(5.01089109154294E-16,0.000443478355414432),
 .UNSPECIFIED.);
#500=B_SPLINE_CURVE_WITH_KNOTS('',3,(#5347,#5348,#5349,#5350),
 .UNSPECIFIED.,.F.,.F.,(4,4),(0.,0.000413895722822572),.UNSPECIFIED.);
#501=B_SPLINE_CURVE_WITH_KNOTS('',3,(#5363,#5364,#5365,#5366),
 .UNSPECIFIED.,.F.,.F.,(4,4),(0.,0.000449966549389314),.UNSPECIFIED.);
#502=B_SPLINE_CURVE_WITH_KNOTS('',3,(#5383,#5384,#5385,#5386),
 .UNSPECIFIED.,.F.,.F.,(4,4),(3.90312782094782E-18,0.000426446570138214),
 .UNSPECIFIED.);
#503=B_SPLINE_CURVE_WITH_KNOTS('',3,(#5399,#5400,#5401,#5402),
 .UNSPECIFIED.,.F.,.F.,(4,4),(0.,0.000483233893141757),.UNSPECIFIED.);
#504=B_SPLINE_CURVE_WITH_KNOTS('',3,(#5419,#5420,#5421,#5422),
 .UNSPECIFIED.,.F.,.F.,(4,4),(0.,0.000414116803699317),.UNSPECIFIED.);
#505=B_SPLINE_CURVE_WITH_KNOTS('',3,(#5435,#5436,#5437,#5438),
 .UNSPECIFIED.,.F.,.F.,(4,4),(2.60208521396521E-18,0.000444877596483117),
 .UNSPECIFIED.);
#506=B_SPLINE_CURVE_WITH_KNOTS('',3,(#5455,#5456,#5457,#5458),
 .UNSPECIFIED.,.F.,.F.,(4,4),(2.16840434497101E-18,0.000443480574252492),
 .UNSPECIFIED.);
#507=B_SPLINE_CURVE_WITH_KNOTS('',3,(#5480,#5481,#5482,#5483,#5484),
 .UNSPECIFIED.,.F.,.F.,(4,1,4),(0.,0.000514361736257968,0.00102872347251594),
 .UNSPECIFIED.);
#508=B_SPLINE_CURVE_WITH_KNOTS('',3,(#5504,#5505,#5506,#5507),
 .UNSPECIFIED.,.F.,.F.,(4,4),(0.,0.000489002592145036),.UNSPECIFIED.);
#509=B_SPLINE_CURVE_WITH_KNOTS('',3,(#5685,#5686,#5687,#5688),
 .UNSPECIFIED.,.F.,.F.,(4,4),(0.,0.000475210411566906),.UNSPECIFIED.);
#510=B_SPLINE_CURVE_WITH_KNOTS('',3,(#5841,#5842,#5843,#5844),
 .UNSPECIFIED.,.F.,.F.,(4,4),(0.,0.000279104758221051),.UNSPECIFIED.);
#511=B_SPLINE_CURVE_WITH_KNOTS('',3,(#5860,#5861,#5862,#5863),
 .UNSPECIFIED.,.F.,.F.,(4,4),(0.,0.000277574166844408),.UNSPECIFIED.);
#512=B_SPLINE_CURVE_WITH_KNOTS('',3,(#5865,#5866,#5867,#5868),
 .UNSPECIFIED.,.F.,.F.,(4,4),(0.,0.000260458435824789),.UNSPECIFIED.);
#513=B_SPLINE_CURVE_WITH_KNOTS('',3,(#5870,#5871,#5872,#5873),
 .UNSPECIFIED.,.F.,.F.,(4,4),(0.,0.000261639873739637),.UNSPECIFIED.);
#514=B_SPLINE_CURVE_WITH_KNOTS('',3,(#6136,#6137,#6138,#6139),
 .UNSPECIFIED.,.F.,.F.,(4,4),(0.,0.000265926368840677),.UNSPECIFIED.);
#515=B_SPLINE_CURVE_WITH_KNOTS('',3,(#6140,#6141,#6142,#6143),
 .UNSPECIFIED.,.F.,.F.,(4,4),(0.,0.000276944323180029),.UNSPECIFIED.);
#516=B_SPLINE_CURVE_WITH_KNOTS('',3,(#6302,#6303,#6304,#6305),
 .UNSPECIFIED.,.F.,.F.,(4,4),(0.,0.000208333163021841),.UNSPECIFIED.);
#517=B_SPLINE_CURVE_WITH_KNOTS('',3,(#6318,#6319,#6320,#6321),
 .UNSPECIFIED.,.F.,.F.,(4,4),(0.,0.000208354469558578),.UNSPECIFIED.);
#518=ORIENTED_EDGE('',*,*,#1396,.T.);
#519=ORIENTED_EDGE('',*,*,#1397,.T.);
#520=ORIENTED_EDGE('',*,*,#1398,.T.);
#521=ORIENTED_EDGE('',*,*,#1399,.T.);
#522=ORIENTED_EDGE('',*,*,#1400,.T.);
#523=ORIENTED_EDGE('',*,*,#1401,.T.);
#524=ORIENTED_EDGE('',*,*,#1402,.T.);
#525=ORIENTED_EDGE('',*,*,#1403,.T.);
#526=ORIENTED_EDGE('',*,*,#1404,.T.);
#527=ORIENTED_EDGE('',*,*,#1405,.T.);
#528=ORIENTED_EDGE('',*,*,#1406,.T.);
#529=ORIENTED_EDGE('',*,*,#1407,.T.);
#530=ORIENTED_EDGE('',*,*,#1408,.T.);
#531=ORIENTED_EDGE('',*,*,#1409,.T.);
#532=ORIENTED_EDGE('',*,*,#1410,.T.);
#533=ORIENTED_EDGE('',*,*,#1411,.T.);
#534=ORIENTED_EDGE('',*,*,#1412,.T.);
#535=ORIENTED_EDGE('',*,*,#1413,.T.);
#536=ORIENTED_EDGE('',*,*,#1414,.T.);
#537=ORIENTED_EDGE('',*,*,#1415,.T.);
#538=ORIENTED_EDGE('',*,*,#1416,.T.);
#539=ORIENTED_EDGE('',*,*,#1417,.T.);
#540=ORIENTED_EDGE('',*,*,#1418,.T.);
#541=ORIENTED_EDGE('',*,*,#1419,.T.);
#542=ORIENTED_EDGE('',*,*,#1420,.T.);
#543=ORIENTED_EDGE('',*,*,#1421,.T.);
#544=ORIENTED_EDGE('',*,*,#1422,.T.);
#545=ORIENTED_EDGE('',*,*,#1423,.T.);
#546=ORIENTED_EDGE('',*,*,#1424,.T.);
#547=ORIENTED_EDGE('',*,*,#1425,.T.);
#548=ORIENTED_EDGE('',*,*,#1426,.T.);
#549=ORIENTED_EDGE('',*,*,#1427,.T.);
#550=ORIENTED_EDGE('',*,*,#1428,.T.);
#551=ORIENTED_EDGE('',*,*,#1429,.T.);
#552=ORIENTED_EDGE('',*,*,#1430,.T.);
#553=ORIENTED_EDGE('',*,*,#1431,.T.);
#554=ORIENTED_EDGE('',*,*,#1432,.T.);
#555=ORIENTED_EDGE('',*,*,#1433,.T.);
#556=ORIENTED_EDGE('',*,*,#1434,.T.);
#557=ORIENTED_EDGE('',*,*,#1435,.T.);
#558=ORIENTED_EDGE('',*,*,#1436,.T.);
#559=ORIENTED_EDGE('',*,*,#1437,.T.);
#560=ORIENTED_EDGE('',*,*,#1438,.T.);
#561=ORIENTED_EDGE('',*,*,#1439,.T.);
#562=ORIENTED_EDGE('',*,*,#1440,.T.);
#563=ORIENTED_EDGE('',*,*,#1441,.T.);
#564=ORIENTED_EDGE('',*,*,#1442,.T.);
#565=ORIENTED_EDGE('',*,*,#1443,.T.);
#566=ORIENTED_EDGE('',*,*,#1444,.T.);
#567=ORIENTED_EDGE('',*,*,#1445,.T.);
#568=ORIENTED_EDGE('',*,*,#1446,.T.);
#569=ORIENTED_EDGE('',*,*,#1447,.T.);
#570=ORIENTED_EDGE('',*,*,#1448,.T.);
#571=ORIENTED_EDGE('',*,*,#1449,.T.);
#572=ORIENTED_EDGE('',*,*,#1450,.T.);
#573=ORIENTED_EDGE('',*,*,#1451,.T.);
#574=ORIENTED_EDGE('',*,*,#1452,.T.);
#575=ORIENTED_EDGE('',*,*,#1453,.T.);
#576=ORIENTED_EDGE('',*,*,#1454,.T.);
#577=ORIENTED_EDGE('',*,*,#1455,.T.);
#578=ORIENTED_EDGE('',*,*,#1456,.T.);
#579=ORIENTED_EDGE('',*,*,#1457,.T.);
#580=ORIENTED_EDGE('',*,*,#1458,.T.);
#581=ORIENTED_EDGE('',*,*,#1459,.T.);
#582=ORIENTED_EDGE('',*,*,#1460,.T.);
#583=ORIENTED_EDGE('',*,*,#1461,.T.);
#584=ORIENTED_EDGE('',*,*,#1462,.T.);
#585=ORIENTED_EDGE('',*,*,#1463,.T.);
#586=ORIENTED_EDGE('',*,*,#1464,.T.);
#587=ORIENTED_EDGE('',*,*,#1465,.T.);
#588=ORIENTED_EDGE('',*,*,#1466,.T.);
#589=ORIENTED_EDGE('',*,*,#1467,.T.);
#590=ORIENTED_EDGE('',*,*,#1468,.T.);
#591=ORIENTED_EDGE('',*,*,#1469,.T.);
#592=ORIENTED_EDGE('',*,*,#1470,.T.);
#593=ORIENTED_EDGE('',*,*,#1471,.T.);
#594=ORIENTED_EDGE('',*,*,#1472,.T.);
#595=ORIENTED_EDGE('',*,*,#1473,.T.);
#596=ORIENTED_EDGE('',*,*,#1474,.T.);
#597=ORIENTED_EDGE('',*,*,#1475,.T.);
#598=ORIENTED_EDGE('',*,*,#1476,.T.);
#599=ORIENTED_EDGE('',*,*,#1477,.F.);
#600=ORIENTED_EDGE('',*,*,#1478,.T.);
#601=ORIENTED_EDGE('',*,*,#1479,.T.);
#602=ORIENTED_EDGE('',*,*,#1480,.T.);
#603=ORIENTED_EDGE('',*,*,#1475,.F.);
#604=ORIENTED_EDGE('',*,*,#1481,.T.);
#605=ORIENTED_EDGE('',*,*,#1482,.T.);
#606=ORIENTED_EDGE('',*,*,#1483,.T.);
#607=ORIENTED_EDGE('',*,*,#1479,.F.);
#608=ORIENTED_EDGE('',*,*,#1484,.T.);
#609=ORIENTED_EDGE('',*,*,#1485,.T.);
#610=ORIENTED_EDGE('',*,*,#1486,.T.);
#611=ORIENTED_EDGE('',*,*,#1482,.F.);
#612=ORIENTED_EDGE('',*,*,#1487,.T.);
#613=ORIENTED_EDGE('',*,*,#1488,.T.);
#614=ORIENTED_EDGE('',*,*,#1489,.T.);
#615=ORIENTED_EDGE('',*,*,#1485,.F.);
#616=ORIENTED_EDGE('',*,*,#1490,.T.);
#617=ORIENTED_EDGE('',*,*,#1491,.T.);
#618=ORIENTED_EDGE('',*,*,#1492,.T.);
#619=ORIENTED_EDGE('',*,*,#1488,.F.);
#620=ORIENTED_EDGE('',*,*,#1493,.T.);
#621=ORIENTED_EDGE('',*,*,#1494,.T.);
#622=ORIENTED_EDGE('',*,*,#1495,.T.);
#623=ORIENTED_EDGE('',*,*,#1491,.F.);
#624=ORIENTED_EDGE('',*,*,#1496,.T.);
#625=ORIENTED_EDGE('',*,*,#1497,.T.);
#626=ORIENTED_EDGE('',*,*,#1498,.T.);
#627=ORIENTED_EDGE('',*,*,#1494,.F.);
#628=ORIENTED_EDGE('',*,*,#1499,.T.);
#629=ORIENTED_EDGE('',*,*,#1500,.T.);
#630=ORIENTED_EDGE('',*,*,#1501,.T.);
#631=ORIENTED_EDGE('',*,*,#1497,.F.);
#632=ORIENTED_EDGE('',*,*,#1502,.T.);
#633=ORIENTED_EDGE('',*,*,#1503,.T.);
#634=ORIENTED_EDGE('',*,*,#1504,.T.);
#635=ORIENTED_EDGE('',*,*,#1500,.F.);
#636=ORIENTED_EDGE('',*,*,#1505,.T.);
#637=ORIENTED_EDGE('',*,*,#1506,.T.);
#638=ORIENTED_EDGE('',*,*,#1507,.T.);
#639=ORIENTED_EDGE('',*,*,#1503,.F.);
#640=ORIENTED_EDGE('',*,*,#1508,.T.);
#641=ORIENTED_EDGE('',*,*,#1509,.T.);
#642=ORIENTED_EDGE('',*,*,#1510,.T.);
#643=ORIENTED_EDGE('',*,*,#1506,.F.);
#644=ORIENTED_EDGE('',*,*,#1511,.T.);
#645=ORIENTED_EDGE('',*,*,#1512,.T.);
#646=ORIENTED_EDGE('',*,*,#1513,.T.);
#647=ORIENTED_EDGE('',*,*,#1509,.F.);
#648=ORIENTED_EDGE('',*,*,#1514,.T.);
#649=ORIENTED_EDGE('',*,*,#1515,.T.);
#650=ORIENTED_EDGE('',*,*,#1516,.T.);
#651=ORIENTED_EDGE('',*,*,#1512,.F.);
#652=ORIENTED_EDGE('',*,*,#1517,.T.);
#653=ORIENTED_EDGE('',*,*,#1518,.T.);
#654=ORIENTED_EDGE('',*,*,#1519,.T.);
#655=ORIENTED_EDGE('',*,*,#1515,.F.);
#656=ORIENTED_EDGE('',*,*,#1520,.T.);
#657=ORIENTED_EDGE('',*,*,#1521,.T.);
#658=ORIENTED_EDGE('',*,*,#1522,.T.);
#659=ORIENTED_EDGE('',*,*,#1518,.F.);
#660=ORIENTED_EDGE('',*,*,#1523,.T.);
#661=ORIENTED_EDGE('',*,*,#1524,.T.);
#662=ORIENTED_EDGE('',*,*,#1525,.T.);
#663=ORIENTED_EDGE('',*,*,#1521,.F.);
#664=ORIENTED_EDGE('',*,*,#1526,.T.);
#665=ORIENTED_EDGE('',*,*,#1527,.T.);
#666=ORIENTED_EDGE('',*,*,#1528,.T.);
#667=ORIENTED_EDGE('',*,*,#1524,.F.);
#668=ORIENTED_EDGE('',*,*,#1529,.T.);
#669=ORIENTED_EDGE('',*,*,#1530,.T.);
#670=ORIENTED_EDGE('',*,*,#1531,.T.);
#671=ORIENTED_EDGE('',*,*,#1527,.F.);
#672=ORIENTED_EDGE('',*,*,#1532,.T.);
#673=ORIENTED_EDGE('',*,*,#1533,.T.);
#674=ORIENTED_EDGE('',*,*,#1534,.T.);
#675=ORIENTED_EDGE('',*,*,#1530,.F.);
#676=ORIENTED_EDGE('',*,*,#1535,.T.);
#677=ORIENTED_EDGE('',*,*,#1536,.T.);
#678=ORIENTED_EDGE('',*,*,#1537,.T.);
#679=ORIENTED_EDGE('',*,*,#1533,.F.);
#680=ORIENTED_EDGE('',*,*,#1538,.T.);
#681=ORIENTED_EDGE('',*,*,#1477,.T.);
#682=ORIENTED_EDGE('',*,*,#1539,.T.);
#683=ORIENTED_EDGE('',*,*,#1536,.F.);
#684=ORIENTED_EDGE('',*,*,#1540,.T.);
#685=ORIENTED_EDGE('',*,*,#1541,.T.);
#686=ORIENTED_EDGE('',*,*,#1542,.T.);
#687=ORIENTED_EDGE('',*,*,#1543,.T.);
#688=ORIENTED_EDGE('',*,*,#1544,.T.);
#689=ORIENTED_EDGE('',*,*,#1545,.T.);
#690=ORIENTED_EDGE('',*,*,#1546,.T.);
#691=ORIENTED_EDGE('',*,*,#1547,.T.);
#692=ORIENTED_EDGE('',*,*,#1548,.T.);
#693=ORIENTED_EDGE('',*,*,#1549,.T.);
#694=ORIENTED_EDGE('',*,*,#1550,.T.);
#695=ORIENTED_EDGE('',*,*,#1551,.T.);
#696=ORIENTED_EDGE('',*,*,#1552,.T.);
#697=ORIENTED_EDGE('',*,*,#1553,.T.);
#698=ORIENTED_EDGE('',*,*,#1554,.T.);
#699=ORIENTED_EDGE('',*,*,#1555,.T.);
#700=ORIENTED_EDGE('',*,*,#1556,.T.);
#701=ORIENTED_EDGE('',*,*,#1557,.T.);
#702=ORIENTED_EDGE('',*,*,#1558,.T.);
#703=ORIENTED_EDGE('',*,*,#1559,.T.);
#704=ORIENTED_EDGE('',*,*,#1560,.T.);
#705=ORIENTED_EDGE('',*,*,#1561,.T.);
#706=ORIENTED_EDGE('',*,*,#1562,.T.);
#707=ORIENTED_EDGE('',*,*,#1563,.T.);
#708=ORIENTED_EDGE('',*,*,#1564,.T.);
#709=ORIENTED_EDGE('',*,*,#1565,.T.);
#710=ORIENTED_EDGE('',*,*,#1566,.T.);
#711=ORIENTED_EDGE('',*,*,#1567,.T.);
#712=ORIENTED_EDGE('',*,*,#1568,.T.);
#713=ORIENTED_EDGE('',*,*,#1569,.T.);
#714=ORIENTED_EDGE('',*,*,#1570,.T.);
#715=ORIENTED_EDGE('',*,*,#1571,.T.);
#716=ORIENTED_EDGE('',*,*,#1572,.T.);
#717=ORIENTED_EDGE('',*,*,#1573,.T.);
#718=ORIENTED_EDGE('',*,*,#1574,.T.);
#719=ORIENTED_EDGE('',*,*,#1575,.T.);
#720=ORIENTED_EDGE('',*,*,#1576,.T.);
#721=ORIENTED_EDGE('',*,*,#1577,.T.);
#722=ORIENTED_EDGE('',*,*,#1578,.T.);
#723=ORIENTED_EDGE('',*,*,#1579,.T.);
#724=ORIENTED_EDGE('',*,*,#1580,.T.);
#725=ORIENTED_EDGE('',*,*,#1581,.T.);
#726=ORIENTED_EDGE('',*,*,#1582,.T.);
#727=ORIENTED_EDGE('',*,*,#1583,.T.);
#728=ORIENTED_EDGE('',*,*,#1584,.T.);
#729=ORIENTED_EDGE('',*,*,#1585,.T.);
#730=ORIENTED_EDGE('',*,*,#1586,.T.);
#731=ORIENTED_EDGE('',*,*,#1587,.T.);
#732=ORIENTED_EDGE('',*,*,#1588,.T.);
#733=ORIENTED_EDGE('',*,*,#1589,.T.);
#734=ORIENTED_EDGE('',*,*,#1590,.T.);
#735=ORIENTED_EDGE('',*,*,#1591,.T.);
#736=ORIENTED_EDGE('',*,*,#1592,.T.);
#737=ORIENTED_EDGE('',*,*,#1593,.T.);
#738=ORIENTED_EDGE('',*,*,#1594,.T.);
#739=ORIENTED_EDGE('',*,*,#1595,.T.);
#740=ORIENTED_EDGE('',*,*,#1596,.T.);
#741=ORIENTED_EDGE('',*,*,#1597,.T.);
#742=ORIENTED_EDGE('',*,*,#1598,.T.);
#743=ORIENTED_EDGE('',*,*,#1599,.T.);
#744=ORIENTED_EDGE('',*,*,#1600,.T.);
#745=ORIENTED_EDGE('',*,*,#1601,.T.);
#746=ORIENTED_EDGE('',*,*,#1602,.T.);
#747=ORIENTED_EDGE('',*,*,#1603,.T.);
#748=ORIENTED_EDGE('',*,*,#1604,.T.);
#749=ORIENTED_EDGE('',*,*,#1605,.T.);
#750=ORIENTED_EDGE('',*,*,#1606,.T.);
#751=ORIENTED_EDGE('',*,*,#1607,.T.);
#752=ORIENTED_EDGE('',*,*,#1608,.T.);
#753=ORIENTED_EDGE('',*,*,#1609,.T.);
#754=ORIENTED_EDGE('',*,*,#1610,.T.);
#755=ORIENTED_EDGE('',*,*,#1611,.T.);
#756=ORIENTED_EDGE('',*,*,#1612,.T.);
#757=ORIENTED_EDGE('',*,*,#1613,.T.);
#758=ORIENTED_EDGE('',*,*,#1614,.T.);
#759=ORIENTED_EDGE('',*,*,#1615,.T.);
#760=ORIENTED_EDGE('',*,*,#1616,.T.);
#761=ORIENTED_EDGE('',*,*,#1617,.T.);
#762=ORIENTED_EDGE('',*,*,#1618,.T.);
#763=ORIENTED_EDGE('',*,*,#1619,.T.);
#764=ORIENTED_EDGE('',*,*,#1620,.F.);
#765=ORIENTED_EDGE('',*,*,#1621,.T.);
#766=ORIENTED_EDGE('',*,*,#1622,.F.);
#767=ORIENTED_EDGE('',*,*,#1407,.F.);
#768=ORIENTED_EDGE('',*,*,#1622,.T.);
#769=ORIENTED_EDGE('',*,*,#1623,.T.);
#770=ORIENTED_EDGE('',*,*,#1624,.F.);
#771=ORIENTED_EDGE('',*,*,#1408,.F.);
#772=ORIENTED_EDGE('',*,*,#1625,.F.);
#773=ORIENTED_EDGE('',*,*,#1626,.T.);
#774=ORIENTED_EDGE('',*,*,#1620,.T.);
#775=ORIENTED_EDGE('',*,*,#1406,.F.);
#776=ORIENTED_EDGE('',*,*,#1624,.T.);
#777=ORIENTED_EDGE('',*,*,#1627,.T.);
#778=ORIENTED_EDGE('',*,*,#1628,.F.);
#779=ORIENTED_EDGE('',*,*,#1409,.F.);
#780=ORIENTED_EDGE('',*,*,#1629,.F.);
#781=ORIENTED_EDGE('',*,*,#1630,.T.);
#782=ORIENTED_EDGE('',*,*,#1625,.T.);
#783=ORIENTED_EDGE('',*,*,#1405,.F.);
#784=ORIENTED_EDGE('',*,*,#1628,.T.);
#785=ORIENTED_EDGE('',*,*,#1631,.T.);
#786=ORIENTED_EDGE('',*,*,#1632,.F.);
#787=ORIENTED_EDGE('',*,*,#1410,.F.);
#788=ORIENTED_EDGE('',*,*,#1633,.F.);
#789=ORIENTED_EDGE('',*,*,#1634,.T.);
#790=ORIENTED_EDGE('',*,*,#1629,.T.);
#791=ORIENTED_EDGE('',*,*,#1404,.F.);
#792=ORIENTED_EDGE('',*,*,#1632,.T.);
#793=ORIENTED_EDGE('',*,*,#1635,.T.);
#794=ORIENTED_EDGE('',*,*,#1636,.F.);
#795=ORIENTED_EDGE('',*,*,#1411,.F.);
#796=ORIENTED_EDGE('',*,*,#1637,.F.);
#797=ORIENTED_EDGE('',*,*,#1638,.T.);
#798=ORIENTED_EDGE('',*,*,#1633,.T.);
#799=ORIENTED_EDGE('',*,*,#1403,.F.);
#800=ORIENTED_EDGE('',*,*,#1636,.T.);
#801=ORIENTED_EDGE('',*,*,#1639,.T.);
#802=ORIENTED_EDGE('',*,*,#1640,.F.);
#803=ORIENTED_EDGE('',*,*,#1412,.F.);
#804=ORIENTED_EDGE('',*,*,#1641,.F.);
#805=ORIENTED_EDGE('',*,*,#1642,.T.);
#806=ORIENTED_EDGE('',*,*,#1637,.T.);
#807=ORIENTED_EDGE('',*,*,#1402,.F.);
#808=ORIENTED_EDGE('',*,*,#1640,.T.);
#809=ORIENTED_EDGE('',*,*,#1643,.T.);
#810=ORIENTED_EDGE('',*,*,#1644,.F.);
#811=ORIENTED_EDGE('',*,*,#1413,.F.);
#812=ORIENTED_EDGE('',*,*,#1645,.F.);
#813=ORIENTED_EDGE('',*,*,#1646,.T.);
#814=ORIENTED_EDGE('',*,*,#1641,.T.);
#815=ORIENTED_EDGE('',*,*,#1401,.F.);
#816=ORIENTED_EDGE('',*,*,#1644,.T.);
#817=ORIENTED_EDGE('',*,*,#1647,.T.);
#818=ORIENTED_EDGE('',*,*,#1648,.F.);
#819=ORIENTED_EDGE('',*,*,#1414,.F.);
#820=ORIENTED_EDGE('',*,*,#1649,.F.);
#821=ORIENTED_EDGE('',*,*,#1650,.T.);
#822=ORIENTED_EDGE('',*,*,#1645,.T.);
#823=ORIENTED_EDGE('',*,*,#1400,.F.);
#824=ORIENTED_EDGE('',*,*,#1648,.T.);
#825=ORIENTED_EDGE('',*,*,#1651,.T.);
#826=ORIENTED_EDGE('',*,*,#1652,.F.);
#827=ORIENTED_EDGE('',*,*,#1415,.F.);
#828=ORIENTED_EDGE('',*,*,#1653,.F.);
#829=ORIENTED_EDGE('',*,*,#1654,.T.);
#830=ORIENTED_EDGE('',*,*,#1649,.T.);
#831=ORIENTED_EDGE('',*,*,#1399,.F.);
#832=ORIENTED_EDGE('',*,*,#1652,.T.);
#833=ORIENTED_EDGE('',*,*,#1655,.T.);
#834=ORIENTED_EDGE('',*,*,#1656,.F.);
#835=ORIENTED_EDGE('',*,*,#1396,.F.);
#836=ORIENTED_EDGE('',*,*,#1657,.F.);
#837=ORIENTED_EDGE('',*,*,#1658,.T.);
#838=ORIENTED_EDGE('',*,*,#1653,.T.);
#839=ORIENTED_EDGE('',*,*,#1398,.F.);
#840=ORIENTED_EDGE('',*,*,#1656,.T.);
#841=ORIENTED_EDGE('',*,*,#1659,.T.);
#842=ORIENTED_EDGE('',*,*,#1657,.T.);
#843=ORIENTED_EDGE('',*,*,#1397,.F.);
#844=ORIENTED_EDGE('',*,*,#1660,.F.);
#845=ORIENTED_EDGE('',*,*,#1661,.T.);
#846=ORIENTED_EDGE('',*,*,#1662,.F.);
#847=ORIENTED_EDGE('',*,*,#1421,.F.);
#848=ORIENTED_EDGE('',*,*,#1662,.T.);
#849=ORIENTED_EDGE('',*,*,#1663,.T.);
#850=ORIENTED_EDGE('',*,*,#1664,.F.);
#851=ORIENTED_EDGE('',*,*,#1422,.F.);
#852=ORIENTED_EDGE('',*,*,#1665,.F.);
#853=ORIENTED_EDGE('',*,*,#1666,.T.);
#854=ORIENTED_EDGE('',*,*,#1660,.T.);
#855=ORIENTED_EDGE('',*,*,#1420,.F.);
#856=ORIENTED_EDGE('',*,*,#1664,.T.);
#857=ORIENTED_EDGE('',*,*,#1667,.T.);
#858=ORIENTED_EDGE('',*,*,#1668,.F.);
#859=ORIENTED_EDGE('',*,*,#1423,.F.);
#860=ORIENTED_EDGE('',*,*,#1669,.F.);
#861=ORIENTED_EDGE('',*,*,#1670,.T.);
#862=ORIENTED_EDGE('',*,*,#1665,.T.);
#863=ORIENTED_EDGE('',*,*,#1419,.F.);
#864=ORIENTED_EDGE('',*,*,#1668,.T.);
#865=ORIENTED_EDGE('',*,*,#1671,.T.);
#866=ORIENTED_EDGE('',*,*,#1672,.F.);
#867=ORIENTED_EDGE('',*,*,#1416,.F.);
#868=ORIENTED_EDGE('',*,*,#1673,.F.);
#869=ORIENTED_EDGE('',*,*,#1674,.T.);
#870=ORIENTED_EDGE('',*,*,#1669,.T.);
#871=ORIENTED_EDGE('',*,*,#1418,.F.);
#872=ORIENTED_EDGE('',*,*,#1672,.T.);
#873=ORIENTED_EDGE('',*,*,#1675,.T.);
#874=ORIENTED_EDGE('',*,*,#1673,.T.);
#875=ORIENTED_EDGE('',*,*,#1417,.F.);
#876=ORIENTED_EDGE('',*,*,#1676,.F.);
#877=ORIENTED_EDGE('',*,*,#1677,.T.);
#878=ORIENTED_EDGE('',*,*,#1678,.F.);
#879=ORIENTED_EDGE('',*,*,#1440,.F.);
#880=ORIENTED_EDGE('',*,*,#1679,.F.);
#881=ORIENTED_EDGE('',*,*,#1680,.T.);
#882=ORIENTED_EDGE('',*,*,#1676,.T.);
#883=ORIENTED_EDGE('',*,*,#1439,.F.);
#884=ORIENTED_EDGE('',*,*,#1678,.T.);
#885=ORIENTED_EDGE('',*,*,#1681,.T.);
#886=ORIENTED_EDGE('',*,*,#1682,.F.);
#887=ORIENTED_EDGE('',*,*,#1441,.F.);
#888=ORIENTED_EDGE('',*,*,#1683,.F.);
#889=ORIENTED_EDGE('',*,*,#1684,.T.);
#890=ORIENTED_EDGE('',*,*,#1679,.T.);
#891=ORIENTED_EDGE('',*,*,#1438,.F.);
#892=ORIENTED_EDGE('',*,*,#1682,.T.);
#893=ORIENTED_EDGE('',*,*,#1685,.T.);
#894=ORIENTED_EDGE('',*,*,#1686,.F.);
#895=ORIENTED_EDGE('',*,*,#1442,.F.);
#896=ORIENTED_EDGE('',*,*,#1687,.F.);
#897=ORIENTED_EDGE('',*,*,#1688,.T.);
#898=ORIENTED_EDGE('',*,*,#1683,.T.);
#899=ORIENTED_EDGE('',*,*,#1437,.F.);
#900=ORIENTED_EDGE('',*,*,#1686,.T.);
#901=ORIENTED_EDGE('',*,*,#1689,.T.);
#902=ORIENTED_EDGE('',*,*,#1690,.F.);
#903=ORIENTED_EDGE('',*,*,#1443,.F.);
#904=ORIENTED_EDGE('',*,*,#1691,.F.);
#905=ORIENTED_EDGE('',*,*,#1692,.T.);
#906=ORIENTED_EDGE('',*,*,#1687,.T.);
#907=ORIENTED_EDGE('',*,*,#1436,.F.);
#908=ORIENTED_EDGE('',*,*,#1690,.T.);
#909=ORIENTED_EDGE('',*,*,#1693,.T.);
#910=ORIENTED_EDGE('',*,*,#1694,.F.);
#911=ORIENTED_EDGE('',*,*,#1444,.F.);
#912=ORIENTED_EDGE('',*,*,#1695,.F.);
#913=ORIENTED_EDGE('',*,*,#1696,.T.);
#914=ORIENTED_EDGE('',*,*,#1691,.T.);
#915=ORIENTED_EDGE('',*,*,#1435,.F.);
#916=ORIENTED_EDGE('',*,*,#1694,.T.);
#917=ORIENTED_EDGE('',*,*,#1697,.T.);
#918=ORIENTED_EDGE('',*,*,#1698,.F.);
#919=ORIENTED_EDGE('',*,*,#1445,.F.);
#920=ORIENTED_EDGE('',*,*,#1699,.F.);
#921=ORIENTED_EDGE('',*,*,#1700,.T.);
#922=ORIENTED_EDGE('',*,*,#1695,.T.);
#923=ORIENTED_EDGE('',*,*,#1434,.F.);
#924=ORIENTED_EDGE('',*,*,#1698,.T.);
#925=ORIENTED_EDGE('',*,*,#1701,.T.);
#926=ORIENTED_EDGE('',*,*,#1702,.F.);
#927=ORIENTED_EDGE('',*,*,#1446,.F.);
#928=ORIENTED_EDGE('',*,*,#1703,.F.);
#929=ORIENTED_EDGE('',*,*,#1704,.T.);
#930=ORIENTED_EDGE('',*,*,#1699,.T.);
#931=ORIENTED_EDGE('',*,*,#1433,.F.);
#932=ORIENTED_EDGE('',*,*,#1702,.T.);
#933=ORIENTED_EDGE('',*,*,#1705,.T.);
#934=ORIENTED_EDGE('',*,*,#1706,.F.);
#935=ORIENTED_EDGE('',*,*,#1447,.F.);
#936=ORIENTED_EDGE('',*,*,#1707,.F.);
#937=ORIENTED_EDGE('',*,*,#1708,.T.);
#938=ORIENTED_EDGE('',*,*,#1703,.T.);
#939=ORIENTED_EDGE('',*,*,#1432,.F.);
#940=ORIENTED_EDGE('',*,*,#1706,.T.);
#941=ORIENTED_EDGE('',*,*,#1709,.T.);
#942=ORIENTED_EDGE('',*,*,#1710,.F.);
#943=ORIENTED_EDGE('',*,*,#1448,.F.);
#944=ORIENTED_EDGE('',*,*,#1711,.F.);
#945=ORIENTED_EDGE('',*,*,#1712,.T.);
#946=ORIENTED_EDGE('',*,*,#1707,.T.);
#947=ORIENTED_EDGE('',*,*,#1431,.F.);
#948=ORIENTED_EDGE('',*,*,#1710,.T.);
#949=ORIENTED_EDGE('',*,*,#1713,.T.);
#950=ORIENTED_EDGE('',*,*,#1714,.F.);
#951=ORIENTED_EDGE('',*,*,#1449,.F.);
#952=ORIENTED_EDGE('',*,*,#1715,.F.);
#953=ORIENTED_EDGE('',*,*,#1716,.T.);
#954=ORIENTED_EDGE('',*,*,#1711,.T.);
#955=ORIENTED_EDGE('',*,*,#1430,.F.);
#956=ORIENTED_EDGE('',*,*,#1714,.T.);
#957=ORIENTED_EDGE('',*,*,#1717,.T.);
#958=ORIENTED_EDGE('',*,*,#1718,.F.);
#959=ORIENTED_EDGE('',*,*,#1450,.F.);
#960=ORIENTED_EDGE('',*,*,#1719,.F.);
#961=ORIENTED_EDGE('',*,*,#1720,.T.);
#962=ORIENTED_EDGE('',*,*,#1715,.T.);
#963=ORIENTED_EDGE('',*,*,#1429,.F.);
#964=ORIENTED_EDGE('',*,*,#1718,.T.);
#965=ORIENTED_EDGE('',*,*,#1721,.T.);
#966=ORIENTED_EDGE('',*,*,#1722,.F.);
#967=ORIENTED_EDGE('',*,*,#1451,.F.);
#968=ORIENTED_EDGE('',*,*,#1723,.F.);
#969=ORIENTED_EDGE('',*,*,#1724,.T.);
#970=ORIENTED_EDGE('',*,*,#1719,.T.);
#971=ORIENTED_EDGE('',*,*,#1428,.F.);
#972=ORIENTED_EDGE('',*,*,#1722,.T.);
#973=ORIENTED_EDGE('',*,*,#1725,.T.);
#974=ORIENTED_EDGE('',*,*,#1726,.F.);
#975=ORIENTED_EDGE('',*,*,#1452,.F.);
#976=ORIENTED_EDGE('',*,*,#1727,.F.);
#977=ORIENTED_EDGE('',*,*,#1728,.T.);
#978=ORIENTED_EDGE('',*,*,#1723,.T.);
#979=ORIENTED_EDGE('',*,*,#1427,.F.);
#980=ORIENTED_EDGE('',*,*,#1726,.T.);
#981=ORIENTED_EDGE('',*,*,#1729,.T.);
#982=ORIENTED_EDGE('',*,*,#1730,.F.);
#983=ORIENTED_EDGE('',*,*,#1424,.F.);
#984=ORIENTED_EDGE('',*,*,#1731,.F.);
#985=ORIENTED_EDGE('',*,*,#1732,.T.);
#986=ORIENTED_EDGE('',*,*,#1727,.T.);
#987=ORIENTED_EDGE('',*,*,#1426,.F.);
#988=ORIENTED_EDGE('',*,*,#1730,.T.);
#989=ORIENTED_EDGE('',*,*,#1733,.T.);
#990=ORIENTED_EDGE('',*,*,#1731,.T.);
#991=ORIENTED_EDGE('',*,*,#1425,.F.);
#992=ORIENTED_EDGE('',*,*,#1734,.F.);
#993=ORIENTED_EDGE('',*,*,#1465,.F.);
#994=ORIENTED_EDGE('',*,*,#1735,.F.);
#995=ORIENTED_EDGE('',*,*,#1534,.F.);
#996=ORIENTED_EDGE('',*,*,#1735,.T.);
#997=ORIENTED_EDGE('',*,*,#1464,.F.);
#998=ORIENTED_EDGE('',*,*,#1736,.F.);
#999=ORIENTED_EDGE('',*,*,#1531,.F.);
#1000=ORIENTED_EDGE('',*,*,#1734,.T.);
#1001=ORIENTED_EDGE('',*,*,#1537,.F.);
#1002=ORIENTED_EDGE('',*,*,#1737,.F.);
#1003=ORIENTED_EDGE('',*,*,#1466,.F.);
#1004=ORIENTED_EDGE('',*,*,#1736,.T.);
#1005=ORIENTED_EDGE('',*,*,#1463,.F.);
#1006=ORIENTED_EDGE('',*,*,#1738,.F.);
#1007=ORIENTED_EDGE('',*,*,#1528,.F.);
#1008=ORIENTED_EDGE('',*,*,#1737,.T.);
#1009=ORIENTED_EDGE('',*,*,#1539,.F.);
#1010=ORIENTED_EDGE('',*,*,#1739,.F.);
#1011=ORIENTED_EDGE('',*,*,#1467,.F.);
#1012=ORIENTED_EDGE('',*,*,#1738,.T.);
#1013=ORIENTED_EDGE('',*,*,#1462,.F.);
#1014=ORIENTED_EDGE('',*,*,#1740,.F.);
#1015=ORIENTED_EDGE('',*,*,#1525,.F.);
#1016=ORIENTED_EDGE('',*,*,#1739,.T.);
#1017=ORIENTED_EDGE('',*,*,#1476,.F.);
#1018=ORIENTED_EDGE('',*,*,#1741,.F.);
#1019=ORIENTED_EDGE('',*,*,#1468,.F.);
#1020=ORIENTED_EDGE('',*,*,#1740,.T.);
#1021=ORIENTED_EDGE('',*,*,#1461,.F.);
#1022=ORIENTED_EDGE('',*,*,#1742,.F.);
#1023=ORIENTED_EDGE('',*,*,#1522,.F.);
#1024=ORIENTED_EDGE('',*,*,#1741,.T.);
#1025=ORIENTED_EDGE('',*,*,#1480,.F.);
#1026=ORIENTED_EDGE('',*,*,#1743,.F.);
#1027=ORIENTED_EDGE('',*,*,#1469,.F.);
#1028=ORIENTED_EDGE('',*,*,#1742,.T.);
#1029=ORIENTED_EDGE('',*,*,#1460,.F.);
#1030=ORIENTED_EDGE('',*,*,#1744,.F.);
#1031=ORIENTED_EDGE('',*,*,#1519,.F.);
#1032=ORIENTED_EDGE('',*,*,#1743,.T.);
#1033=ORIENTED_EDGE('',*,*,#1483,.F.);
#1034=ORIENTED_EDGE('',*,*,#1745,.F.);
#1035=ORIENTED_EDGE('',*,*,#1470,.F.);
#1036=ORIENTED_EDGE('',*,*,#1744,.T.);
#1037=ORIENTED_EDGE('',*,*,#1459,.F.);
#1038=ORIENTED_EDGE('',*,*,#1746,.F.);
#1039=ORIENTED_EDGE('',*,*,#1516,.F.);
#1040=ORIENTED_EDGE('',*,*,#1745,.T.);
#1041=ORIENTED_EDGE('',*,*,#1486,.F.);
#1042=ORIENTED_EDGE('',*,*,#1747,.F.);
#1043=ORIENTED_EDGE('',*,*,#1471,.F.);
#1044=ORIENTED_EDGE('',*,*,#1746,.T.);
#1045=ORIENTED_EDGE('',*,*,#1458,.F.);
#1046=ORIENTED_EDGE('',*,*,#1748,.F.);
#1047=ORIENTED_EDGE('',*,*,#1513,.F.);
#1048=ORIENTED_EDGE('',*,*,#1747,.T.);
#1049=ORIENTED_EDGE('',*,*,#1489,.F.);
#1050=ORIENTED_EDGE('',*,*,#1749,.F.);
#1051=ORIENTED_EDGE('',*,*,#1472,.F.);
#1052=ORIENTED_EDGE('',*,*,#1748,.T.);
#1053=ORIENTED_EDGE('',*,*,#1457,.F.);
#1054=ORIENTED_EDGE('',*,*,#1750,.F.);
#1055=ORIENTED_EDGE('',*,*,#1510,.F.);
#1056=ORIENTED_EDGE('',*,*,#1749,.T.);
#1057=ORIENTED_EDGE('',*,*,#1492,.F.);
#1058=ORIENTED_EDGE('',*,*,#1751,.F.);
#1059=ORIENTED_EDGE('',*,*,#1473,.F.);
#1060=ORIENTED_EDGE('',*,*,#1750,.T.);
#1061=ORIENTED_EDGE('',*,*,#1456,.F.);
#1062=ORIENTED_EDGE('',*,*,#1752,.F.);
#1063=ORIENTED_EDGE('',*,*,#1507,.F.);
#1064=ORIENTED_EDGE('',*,*,#1751,.T.);
#1065=ORIENTED_EDGE('',*,*,#1495,.F.);
#1066=ORIENTED_EDGE('',*,*,#1753,.F.);
#1067=ORIENTED_EDGE('',*,*,#1474,.F.);
#1068=ORIENTED_EDGE('',*,*,#1752,.T.);
#1069=ORIENTED_EDGE('',*,*,#1455,.F.);
#1070=ORIENTED_EDGE('',*,*,#1754,.F.);
#1071=ORIENTED_EDGE('',*,*,#1504,.F.);
#1072=ORIENTED_EDGE('',*,*,#1753,.T.);
#1073=ORIENTED_EDGE('',*,*,#1498,.F.);
#1074=ORIENTED_EDGE('',*,*,#1755,.F.);
#1075=ORIENTED_EDGE('',*,*,#1453,.F.);
#1076=ORIENTED_EDGE('',*,*,#1754,.T.);
#1077=ORIENTED_EDGE('',*,*,#1454,.F.);
#1078=ORIENTED_EDGE('',*,*,#1755,.T.);
#1079=ORIENTED_EDGE('',*,*,#1501,.F.);
#1080=ORIENTED_EDGE('',*,*,#1756,.F.);
#1081=ORIENTED_EDGE('',*,*,#1535,.F.);
#1082=ORIENTED_EDGE('',*,*,#1757,.F.);
#1083=ORIENTED_EDGE('',*,*,#1553,.F.);
#1084=ORIENTED_EDGE('',*,*,#1757,.T.);
#1085=ORIENTED_EDGE('',*,*,#1532,.F.);
#1086=ORIENTED_EDGE('',*,*,#1758,.F.);
#1087=ORIENTED_EDGE('',*,*,#1554,.F.);
#1088=ORIENTED_EDGE('',*,*,#1756,.T.);
#1089=ORIENTED_EDGE('',*,*,#1552,.F.);
#1090=ORIENTED_EDGE('',*,*,#1759,.F.);
#1091=ORIENTED_EDGE('',*,*,#1538,.F.);
#1092=ORIENTED_EDGE('',*,*,#1758,.T.);
#1093=ORIENTED_EDGE('',*,*,#1529,.F.);
#1094=ORIENTED_EDGE('',*,*,#1760,.F.);
#1095=ORIENTED_EDGE('',*,*,#1555,.F.);
#1096=ORIENTED_EDGE('',*,*,#1759,.T.);
#1097=ORIENTED_EDGE('',*,*,#1551,.F.);
#1098=ORIENTED_EDGE('',*,*,#1761,.F.);
#1099=ORIENTED_EDGE('',*,*,#1540,.F.);
#1100=ORIENTED_EDGE('',*,*,#1760,.T.);
#1101=ORIENTED_EDGE('',*,*,#1526,.F.);
#1102=ORIENTED_EDGE('',*,*,#1762,.F.);
#1103=ORIENTED_EDGE('',*,*,#1556,.F.);
#1104=ORIENTED_EDGE('',*,*,#1761,.T.);
#1105=ORIENTED_EDGE('',*,*,#1550,.F.);
#1106=ORIENTED_EDGE('',*,*,#1763,.F.);
#1107=ORIENTED_EDGE('',*,*,#1478,.F.);
#1108=ORIENTED_EDGE('',*,*,#1762,.T.);
#1109=ORIENTED_EDGE('',*,*,#1523,.F.);
#1110=ORIENTED_EDGE('',*,*,#1764,.F.);
#1111=ORIENTED_EDGE('',*,*,#1557,.F.);
#1112=ORIENTED_EDGE('',*,*,#1763,.T.);
#1113=ORIENTED_EDGE('',*,*,#1549,.F.);
#1114=ORIENTED_EDGE('',*,*,#1765,.F.);
#1115=ORIENTED_EDGE('',*,*,#1481,.F.);
#1116=ORIENTED_EDGE('',*,*,#1764,.T.);
#1117=ORIENTED_EDGE('',*,*,#1520,.F.);
#1118=ORIENTED_EDGE('',*,*,#1766,.F.);
#1119=ORIENTED_EDGE('',*,*,#1558,.F.);
#1120=ORIENTED_EDGE('',*,*,#1765,.T.);
#1121=ORIENTED_EDGE('',*,*,#1548,.F.);
#1122=ORIENTED_EDGE('',*,*,#1767,.F.);
#1123=ORIENTED_EDGE('',*,*,#1484,.F.);
#1124=ORIENTED_EDGE('',*,*,#1766,.T.);
#1125=ORIENTED_EDGE('',*,*,#1517,.F.);
#1126=ORIENTED_EDGE('',*,*,#1768,.F.);
#1127=ORIENTED_EDGE('',*,*,#1559,.F.);
#1128=ORIENTED_EDGE('',*,*,#1767,.T.);
#1129=ORIENTED_EDGE('',*,*,#1547,.F.);
#1130=ORIENTED_EDGE('',*,*,#1769,.F.);
#1131=ORIENTED_EDGE('',*,*,#1487,.F.);
#1132=ORIENTED_EDGE('',*,*,#1768,.T.);
#1133=ORIENTED_EDGE('',*,*,#1514,.F.);
#1134=ORIENTED_EDGE('',*,*,#1770,.F.);
#1135=ORIENTED_EDGE('',*,*,#1560,.F.);
#1136=ORIENTED_EDGE('',*,*,#1769,.T.);
#1137=ORIENTED_EDGE('',*,*,#1546,.F.);
#1138=ORIENTED_EDGE('',*,*,#1771,.F.);
#1139=ORIENTED_EDGE('',*,*,#1490,.F.);
#1140=ORIENTED_EDGE('',*,*,#1770,.T.);
#1141=ORIENTED_EDGE('',*,*,#1511,.F.);
#1142=ORIENTED_EDGE('',*,*,#1772,.F.);
#1143=ORIENTED_EDGE('',*,*,#1561,.F.);
#1144=ORIENTED_EDGE('',*,*,#1771,.T.);
#1145=ORIENTED_EDGE('',*,*,#1545,.F.);
#1146=ORIENTED_EDGE('',*,*,#1773,.F.);
#1147=ORIENTED_EDGE('',*,*,#1493,.F.);
#1148=ORIENTED_EDGE('',*,*,#1772,.T.);
#1149=ORIENTED_EDGE('',*,*,#1508,.F.);
#1150=ORIENTED_EDGE('',*,*,#1774,.F.);
#1151=ORIENTED_EDGE('',*,*,#1562,.F.);
#1152=ORIENTED_EDGE('',*,*,#1773,.T.);
#1153=ORIENTED_EDGE('',*,*,#1544,.F.);
#1154=ORIENTED_EDGE('',*,*,#1775,.F.);
#1155=ORIENTED_EDGE('',*,*,#1496,.F.);
#1156=ORIENTED_EDGE('',*,*,#1774,.T.);
#1157=ORIENTED_EDGE('',*,*,#1505,.F.);
#1158=ORIENTED_EDGE('',*,*,#1776,.F.);
#1159=ORIENTED_EDGE('',*,*,#1541,.F.);
#1160=ORIENTED_EDGE('',*,*,#1775,.T.);
#1161=ORIENTED_EDGE('',*,*,#1543,.F.);
#1162=ORIENTED_EDGE('',*,*,#1777,.F.);
#1163=ORIENTED_EDGE('',*,*,#1499,.F.);
#1164=ORIENTED_EDGE('',*,*,#1776,.T.);
#1165=ORIENTED_EDGE('',*,*,#1502,.F.);
#1166=ORIENTED_EDGE('',*,*,#1777,.T.);
#1167=ORIENTED_EDGE('',*,*,#1542,.F.);
#1168=ORIENTED_EDGE('',*,*,#1778,.F.);
#1169=ORIENTED_EDGE('',*,*,#1677,.F.);
#1170=ORIENTED_EDGE('',*,*,#1779,.F.);
#1171=ORIENTED_EDGE('',*,*,#1606,.F.);
#1172=ORIENTED_EDGE('',*,*,#1779,.T.);
#1173=ORIENTED_EDGE('',*,*,#1680,.F.);
#1174=ORIENTED_EDGE('',*,*,#1780,.F.);
#1175=ORIENTED_EDGE('',*,*,#1607,.F.);
#1176=ORIENTED_EDGE('',*,*,#1778,.T.);
#1177=ORIENTED_EDGE('',*,*,#1605,.F.);
#1178=ORIENTED_EDGE('',*,*,#1781,.F.);
#1179=ORIENTED_EDGE('',*,*,#1681,.F.);
#1180=ORIENTED_EDGE('',*,*,#1780,.T.);
#1181=ORIENTED_EDGE('',*,*,#1684,.F.);
#1182=ORIENTED_EDGE('',*,*,#1782,.F.);
#1183=ORIENTED_EDGE('',*,*,#1608,.F.);
#1184=ORIENTED_EDGE('',*,*,#1781,.T.);
#1185=ORIENTED_EDGE('',*,*,#1604,.F.);
#1186=ORIENTED_EDGE('',*,*,#1783,.F.);
#1187=ORIENTED_EDGE('',*,*,#1685,.F.);
#1188=ORIENTED_EDGE('',*,*,#1782,.T.);
#1189=ORIENTED_EDGE('',*,*,#1688,.F.);
#1190=ORIENTED_EDGE('',*,*,#1784,.F.);
#1191=ORIENTED_EDGE('',*,*,#1609,.F.);
#1192=ORIENTED_EDGE('',*,*,#1783,.T.);
#1193=ORIENTED_EDGE('',*,*,#1603,.F.);
#1194=ORIENTED_EDGE('',*,*,#1785,.F.);
#1195=ORIENTED_EDGE('',*,*,#1689,.F.);
#1196=ORIENTED_EDGE('',*,*,#1784,.T.);
#1197=ORIENTED_EDGE('',*,*,#1692,.F.);
#1198=ORIENTED_EDGE('',*,*,#1786,.F.);
#1199=ORIENTED_EDGE('',*,*,#1610,.F.);
#1200=ORIENTED_EDGE('',*,*,#1785,.T.);
#1201=ORIENTED_EDGE('',*,*,#1602,.F.);
#1202=ORIENTED_EDGE('',*,*,#1787,.F.);
#1203=ORIENTED_EDGE('',*,*,#1693,.F.);
#1204=ORIENTED_EDGE('',*,*,#1786,.T.);
#1205=ORIENTED_EDGE('',*,*,#1696,.F.);
#1206=ORIENTED_EDGE('',*,*,#1788,.F.);
#1207=ORIENTED_EDGE('',*,*,#1611,.F.);
#1208=ORIENTED_EDGE('',*,*,#1787,.T.);
#1209=ORIENTED_EDGE('',*,*,#1601,.F.);
#1210=ORIENTED_EDGE('',*,*,#1789,.F.);
#1211=ORIENTED_EDGE('',*,*,#1697,.F.);
#1212=ORIENTED_EDGE('',*,*,#1788,.T.);
#1213=ORIENTED_EDGE('',*,*,#1700,.F.);
#1214=ORIENTED_EDGE('',*,*,#1790,.F.);
#1215=ORIENTED_EDGE('',*,*,#1612,.F.);
#1216=ORIENTED_EDGE('',*,*,#1789,.T.);
#1217=ORIENTED_EDGE('',*,*,#1600,.F.);
#1218=ORIENTED_EDGE('',*,*,#1791,.F.);
#1219=ORIENTED_EDGE('',*,*,#1701,.F.);
#1220=ORIENTED_EDGE('',*,*,#1790,.T.);
#1221=ORIENTED_EDGE('',*,*,#1704,.F.);
#1222=ORIENTED_EDGE('',*,*,#1792,.F.);
#1223=ORIENTED_EDGE('',*,*,#1613,.F.);
#1224=ORIENTED_EDGE('',*,*,#1791,.T.);
#1225=ORIENTED_EDGE('',*,*,#1599,.F.);
#1226=ORIENTED_EDGE('',*,*,#1793,.F.);
#1227=ORIENTED_EDGE('',*,*,#1705,.F.);
#1228=ORIENTED_EDGE('',*,*,#1792,.T.);
#1229=ORIENTED_EDGE('',*,*,#1708,.F.);
#1230=ORIENTED_EDGE('',*,*,#1794,.F.);
#1231=ORIENTED_EDGE('',*,*,#1614,.F.);
#1232=ORIENTED_EDGE('',*,*,#1793,.T.);
#1233=ORIENTED_EDGE('',*,*,#1598,.F.);
#1234=ORIENTED_EDGE('',*,*,#1795,.F.);
#1235=ORIENTED_EDGE('',*,*,#1709,.F.);
#1236=ORIENTED_EDGE('',*,*,#1794,.T.);
#1237=ORIENTED_EDGE('',*,*,#1712,.F.);
#1238=ORIENTED_EDGE('',*,*,#1796,.F.);
#1239=ORIENTED_EDGE('',*,*,#1615,.F.);
#1240=ORIENTED_EDGE('',*,*,#1795,.T.);
#1241=ORIENTED_EDGE('',*,*,#1597,.F.);
#1242=ORIENTED_EDGE('',*,*,#1797,.F.);
#1243=ORIENTED_EDGE('',*,*,#1713,.F.);
#1244=ORIENTED_EDGE('',*,*,#1796,.T.);
#1245=ORIENTED_EDGE('',*,*,#1716,.F.);
#1246=ORIENTED_EDGE('',*,*,#1798,.F.);
#1247=ORIENTED_EDGE('',*,*,#1616,.F.);
#1248=ORIENTED_EDGE('',*,*,#1797,.T.);
#1249=ORIENTED_EDGE('',*,*,#1596,.F.);
#1250=ORIENTED_EDGE('',*,*,#1799,.F.);
#1251=ORIENTED_EDGE('',*,*,#1717,.F.);
#1252=ORIENTED_EDGE('',*,*,#1798,.T.);
#1253=ORIENTED_EDGE('',*,*,#1720,.F.);
#1254=ORIENTED_EDGE('',*,*,#1800,.F.);
#1255=ORIENTED_EDGE('',*,*,#1617,.F.);
#1256=ORIENTED_EDGE('',*,*,#1799,.T.);
#1257=ORIENTED_EDGE('',*,*,#1595,.F.);
#1258=ORIENTED_EDGE('',*,*,#1801,.F.);
#1259=ORIENTED_EDGE('',*,*,#1721,.F.);
#1260=ORIENTED_EDGE('',*,*,#1800,.T.);
#1261=ORIENTED_EDGE('',*,*,#1724,.F.);
#1262=ORIENTED_EDGE('',*,*,#1802,.F.);
#1263=ORIENTED_EDGE('',*,*,#1618,.F.);
#1264=ORIENTED_EDGE('',*,*,#1801,.T.);
#1265=ORIENTED_EDGE('',*,*,#1594,.F.);
#1266=ORIENTED_EDGE('',*,*,#1803,.F.);
#1267=ORIENTED_EDGE('',*,*,#1725,.F.);
#1268=ORIENTED_EDGE('',*,*,#1802,.T.);
#1269=ORIENTED_EDGE('',*,*,#1728,.F.);
#1270=ORIENTED_EDGE('',*,*,#1804,.F.);
#1271=ORIENTED_EDGE('',*,*,#1619,.F.);
#1272=ORIENTED_EDGE('',*,*,#1803,.T.);
#1273=ORIENTED_EDGE('',*,*,#1593,.F.);
#1274=ORIENTED_EDGE('',*,*,#1805,.F.);
#1275=ORIENTED_EDGE('',*,*,#1729,.F.);
#1276=ORIENTED_EDGE('',*,*,#1804,.T.);
#1277=ORIENTED_EDGE('',*,*,#1732,.F.);
#1278=ORIENTED_EDGE('',*,*,#1806,.F.);
#1279=ORIENTED_EDGE('',*,*,#1591,.F.);
#1280=ORIENTED_EDGE('',*,*,#1805,.T.);
#1281=ORIENTED_EDGE('',*,*,#1592,.F.);
#1282=ORIENTED_EDGE('',*,*,#1806,.T.);
#1283=ORIENTED_EDGE('',*,*,#1733,.F.);
#1284=ORIENTED_EDGE('',*,*,#1807,.F.);
#1285=ORIENTED_EDGE('',*,*,#1588,.F.);
#1286=ORIENTED_EDGE('',*,*,#1808,.F.);
#1287=ORIENTED_EDGE('',*,*,#1661,.F.);
#1288=ORIENTED_EDGE('',*,*,#1808,.T.);
#1289=ORIENTED_EDGE('',*,*,#1587,.F.);
#1290=ORIENTED_EDGE('',*,*,#1809,.F.);
#1291=ORIENTED_EDGE('',*,*,#1663,.F.);
#1292=ORIENTED_EDGE('',*,*,#1807,.T.);
#1293=ORIENTED_EDGE('',*,*,#1666,.F.);
#1294=ORIENTED_EDGE('',*,*,#1810,.F.);
#1295=ORIENTED_EDGE('',*,*,#1589,.F.);
#1296=ORIENTED_EDGE('',*,*,#1809,.T.);
#1297=ORIENTED_EDGE('',*,*,#1586,.F.);
#1298=ORIENTED_EDGE('',*,*,#1811,.F.);
#1299=ORIENTED_EDGE('',*,*,#1667,.F.);
#1300=ORIENTED_EDGE('',*,*,#1810,.T.);
#1301=ORIENTED_EDGE('',*,*,#1670,.F.);
#1302=ORIENTED_EDGE('',*,*,#1812,.F.);
#1303=ORIENTED_EDGE('',*,*,#1590,.F.);
#1304=ORIENTED_EDGE('',*,*,#1811,.T.);
#1305=ORIENTED_EDGE('',*,*,#1585,.F.);
#1306=ORIENTED_EDGE('',*,*,#1813,.F.);
#1307=ORIENTED_EDGE('',*,*,#1671,.F.);
#1308=ORIENTED_EDGE('',*,*,#1812,.T.);
#1309=ORIENTED_EDGE('',*,*,#1674,.F.);
#1310=ORIENTED_EDGE('',*,*,#1814,.F.);
#1311=ORIENTED_EDGE('',*,*,#1583,.F.);
#1312=ORIENTED_EDGE('',*,*,#1813,.T.);
#1313=ORIENTED_EDGE('',*,*,#1584,.F.);
#1314=ORIENTED_EDGE('',*,*,#1814,.T.);
#1315=ORIENTED_EDGE('',*,*,#1675,.F.);
#1316=ORIENTED_EDGE('',*,*,#1815,.F.);
#1317=ORIENTED_EDGE('',*,*,#1574,.F.);
#1318=ORIENTED_EDGE('',*,*,#1816,.F.);
#1319=ORIENTED_EDGE('',*,*,#1621,.F.);
#1320=ORIENTED_EDGE('',*,*,#1816,.T.);
#1321=ORIENTED_EDGE('',*,*,#1573,.F.);
#1322=ORIENTED_EDGE('',*,*,#1817,.F.);
#1323=ORIENTED_EDGE('',*,*,#1623,.F.);
#1324=ORIENTED_EDGE('',*,*,#1815,.T.);
#1325=ORIENTED_EDGE('',*,*,#1626,.F.);
#1326=ORIENTED_EDGE('',*,*,#1818,.F.);
#1327=ORIENTED_EDGE('',*,*,#1575,.F.);
#1328=ORIENTED_EDGE('',*,*,#1817,.T.);
#1329=ORIENTED_EDGE('',*,*,#1572,.F.);
#1330=ORIENTED_EDGE('',*,*,#1819,.F.);
#1331=ORIENTED_EDGE('',*,*,#1627,.F.);
#1332=ORIENTED_EDGE('',*,*,#1818,.T.);
#1333=ORIENTED_EDGE('',*,*,#1630,.F.);
#1334=ORIENTED_EDGE('',*,*,#1820,.F.);
#1335=ORIENTED_EDGE('',*,*,#1576,.F.);
#1336=ORIENTED_EDGE('',*,*,#1819,.T.);
#1337=ORIENTED_EDGE('',*,*,#1571,.F.);
#1338=ORIENTED_EDGE('',*,*,#1821,.F.);
#1339=ORIENTED_EDGE('',*,*,#1631,.F.);
#1340=ORIENTED_EDGE('',*,*,#1820,.T.);
#1341=ORIENTED_EDGE('',*,*,#1634,.F.);
#1342=ORIENTED_EDGE('',*,*,#1822,.F.);
#1343=ORIENTED_EDGE('',*,*,#1577,.F.);
#1344=ORIENTED_EDGE('',*,*,#1821,.T.);
#1345=ORIENTED_EDGE('',*,*,#1570,.F.);
#1346=ORIENTED_EDGE('',*,*,#1823,.F.);
#1347=ORIENTED_EDGE('',*,*,#1635,.F.);
#1348=ORIENTED_EDGE('',*,*,#1822,.T.);
#1349=ORIENTED_EDGE('',*,*,#1638,.F.);
#1350=ORIENTED_EDGE('',*,*,#1824,.F.);
#1351=ORIENTED_EDGE('',*,*,#1578,.F.);
#1352=ORIENTED_EDGE('',*,*,#1823,.T.);
#1353=ORIENTED_EDGE('',*,*,#1569,.F.);
#1354=ORIENTED_EDGE('',*,*,#1825,.F.);
#1355=ORIENTED_EDGE('',*,*,#1639,.F.);
#1356=ORIENTED_EDGE('',*,*,#1824,.T.);
#1357=ORIENTED_EDGE('',*,*,#1642,.F.);
#1358=ORIENTED_EDGE('',*,*,#1826,.F.);
#1359=ORIENTED_EDGE('',*,*,#1579,.F.);
#1360=ORIENTED_EDGE('',*,*,#1825,.T.);
#1361=ORIENTED_EDGE('',*,*,#1568,.F.);
#1362=ORIENTED_EDGE('',*,*,#1827,.F.);
#1363=ORIENTED_EDGE('',*,*,#1643,.F.);
#1364=ORIENTED_EDGE('',*,*,#1826,.T.);
#1365=ORIENTED_EDGE('',*,*,#1646,.F.);
#1366=ORIENTED_EDGE('',*,*,#1828,.F.);
#1367=ORIENTED_EDGE('',*,*,#1580,.F.);
#1368=ORIENTED_EDGE('',*,*,#1827,.T.);
#1369=ORIENTED_EDGE('',*,*,#1567,.F.);
#1370=ORIENTED_EDGE('',*,*,#1829,.F.);
#1371=ORIENTED_EDGE('',*,*,#1647,.F.);
#1372=ORIENTED_EDGE('',*,*,#1828,.T.);
#1373=ORIENTED_EDGE('',*,*,#1650,.F.);
#1374=ORIENTED_EDGE('',*,*,#1830,.F.);
#1375=ORIENTED_EDGE('',*,*,#1581,.F.);
#1376=ORIENTED_EDGE('',*,*,#1829,.T.);
#1377=ORIENTED_EDGE('',*,*,#1566,.F.);
#1378=ORIENTED_EDGE('',*,*,#1831,.F.);
#1379=ORIENTED_EDGE('',*,*,#1651,.F.);
#1380=ORIENTED_EDGE('',*,*,#1830,.T.);
#1381=ORIENTED_EDGE('',*,*,#1654,.F.);
#1382=ORIENTED_EDGE('',*,*,#1832,.F.);
#1383=ORIENTED_EDGE('',*,*,#1582,.F.);
#1384=ORIENTED_EDGE('',*,*,#1831,.T.);
#1385=ORIENTED_EDGE('',*,*,#1565,.F.);
#1386=ORIENTED_EDGE('',*,*,#1833,.F.);
#1387=ORIENTED_EDGE('',*,*,#1655,.F.);
#1388=ORIENTED_EDGE('',*,*,#1832,.T.);
#1389=ORIENTED_EDGE('',*,*,#1658,.F.);
#1390=ORIENTED_EDGE('',*,*,#1834,.F.);
#1391=ORIENTED_EDGE('',*,*,#1563,.F.);
#1392=ORIENTED_EDGE('',*,*,#1833,.T.);
#1393=ORIENTED_EDGE('',*,*,#1564,.F.);
#1394=ORIENTED_EDGE('',*,*,#1834,.T.);
#1395=ORIENTED_EDGE('',*,*,#1659,.F.);
#1396=EDGE_CURVE('',#1835,#1836,#2094,.T.);
#1397=EDGE_CURVE('',#1836,#1837,#2095,.T.);
#1398=EDGE_CURVE('',#1837,#1838,#2096,.T.);
#1399=EDGE_CURVE('',#1838,#1839,#2097,.T.);
#1400=EDGE_CURVE('',#1839,#1840,#2098,.T.);
#1401=EDGE_CURVE('',#1840,#1841,#361,.T.);
#1402=EDGE_CURVE('',#1841,#1842,#362,.T.);
#1403=EDGE_CURVE('',#1842,#1843,#363,.T.);
#1404=EDGE_CURVE('',#1843,#1844,#364,.T.);
#1405=EDGE_CURVE('',#1844,#1845,#365,.T.);
#1406=EDGE_CURVE('',#1845,#1846,#366,.T.);
#1407=EDGE_CURVE('',#1846,#1847,#2099,.T.);
#1408=EDGE_CURVE('',#1847,#1848,#367,.T.);
#1409=EDGE_CURVE('',#1848,#1849,#368,.T.);
#1410=EDGE_CURVE('',#1849,#1850,#369,.T.);
#1411=EDGE_CURVE('',#1850,#1851,#370,.T.);
#1412=EDGE_CURVE('',#1851,#1852,#371,.T.);
#1413=EDGE_CURVE('',#1852,#1853,#372,.T.);
#1414=EDGE_CURVE('',#1853,#1854,#373,.T.);
#1415=EDGE_CURVE('',#1854,#1835,#2100,.T.);
#1416=EDGE_CURVE('',#1855,#1856,#374,.T.);
#1417=EDGE_CURVE('',#1856,#1857,#375,.T.);
#1418=EDGE_CURVE('',#1857,#1858,#376,.T.);
#1419=EDGE_CURVE('',#1858,#1859,#377,.T.);
#1420=EDGE_CURVE('',#1859,#1860,#378,.T.);
#1421=EDGE_CURVE('',#1860,#1861,#379,.T.);
#1422=EDGE_CURVE('',#1861,#1862,#380,.T.);
#1423=EDGE_CURVE('',#1862,#1855,#381,.T.);
#1424=EDGE_CURVE('',#1863,#1864,#2101,.T.);
#1425=EDGE_CURVE('',#1864,#1865,#2102,.T.);
#1426=EDGE_CURVE('',#1865,#1866,#2103,.T.);
#1427=EDGE_CURVE('',#1866,#1867,#382,.T.);
#1428=EDGE_CURVE('',#1867,#1868,#383,.T.);
#1429=EDGE_CURVE('',#1868,#1869,#384,.T.);
#1430=EDGE_CURVE('',#1869,#1870,#385,.T.);
#1431=EDGE_CURVE('',#1870,#1871,#386,.T.);
#1432=EDGE_CURVE('',#1871,#1872,#387,.T.);
#1433=EDGE_CURVE('',#1872,#1873,#2104,.T.);
#1434=EDGE_CURVE('',#1873,#1874,#388,.T.);
#1435=EDGE_CURVE('',#1874,#1875,#389,.T.);
#1436=EDGE_CURVE('',#1875,#1876,#390,.T.);
#1437=EDGE_CURVE('',#1876,#1877,#391,.T.);
#1438=EDGE_CURVE('',#1877,#1878,#392,.T.);
#1439=EDGE_CURVE('',#1878,#1879,#393,.T.);
#1440=EDGE_CURVE('',#1879,#1880,#394,.T.);
#1441=EDGE_CURVE('',#1880,#1881,#395,.T.);
#1442=EDGE_CURVE('',#1881,#1882,#396,.T.);
#1443=EDGE_CURVE('',#1882,#1883,#397,.T.);
#1444=EDGE_CURVE('',#1883,#1884,#398,.T.);
#1445=EDGE_CURVE('',#1884,#1885,#399,.T.);
#1446=EDGE_CURVE('',#1885,#1886,#400,.T.);
#1447=EDGE_CURVE('',#1886,#1887,#2105,.T.);
#1448=EDGE_CURVE('',#1887,#1888,#401,.T.);
#1449=EDGE_CURVE('',#1888,#1889,#402,.T.);
#1450=EDGE_CURVE('',#1889,#1890,#403,.T.);
#1451=EDGE_CURVE('',#1890,#1891,#404,.T.);
#1452=EDGE_CURVE('',#1891,#1863,#405,.T.);
#1453=EDGE_CURVE('',#1892,#1893,#2106,.F.);
#1454=EDGE_CURVE('',#1893,#1894,#406,.T.);
#1455=EDGE_CURVE('',#1894,#1895,#2107,.F.);
#1456=EDGE_CURVE('',#1895,#1896,#195,.T.);
#1457=EDGE_CURVE('',#1896,#1897,#2108,.F.);
#1458=EDGE_CURVE('',#1897,#1898,#196,.T.);
#1459=EDGE_CURVE('',#1898,#1899,#2109,.F.);
#1460=EDGE_CURVE('',#1899,#1900,#197,.F.);
#1461=EDGE_CURVE('',#1900,#1901,#2110,.T.);
#1462=EDGE_CURVE('',#1901,#1902,#198,.T.);
#1463=EDGE_CURVE('',#1902,#1903,#2111,.T.);
#1464=EDGE_CURVE('',#1903,#1904,#199,.T.);
#1465=EDGE_CURVE('',#1904,#1905,#2112,.T.);
#1466=EDGE_CURVE('',#1905,#1906,#200,.T.);
#1467=EDGE_CURVE('',#1906,#1907,#2113,.T.);
#1468=EDGE_CURVE('',#1907,#1908,#201,.T.);
#1469=EDGE_CURVE('',#1908,#1909,#2114,.T.);
#1470=EDGE_CURVE('',#1909,#1910,#202,.F.);
#1471=EDGE_CURVE('',#1910,#1911,#2115,.F.);
#1472=EDGE_CURVE('',#1911,#1912,#203,.T.);
#1473=EDGE_CURVE('',#1912,#1913,#2116,.F.);
#1474=EDGE_CURVE('',#1913,#1892,#204,.T.);
#1475=EDGE_CURVE('',#1914,#1915,#2117,.T.);
#1476=EDGE_CURVE('',#1915,#1916,#205,.F.);
#1477=EDGE_CURVE('',#1917,#1916,#2118,.T.);
#1478=EDGE_CURVE('',#1917,#1914,#206,.T.);
#1479=EDGE_CURVE('',#1918,#1919,#2119,.T.);
#1480=EDGE_CURVE('',#1919,#1915,#2120,.F.);
#1481=EDGE_CURVE('',#1914,#1918,#2121,.T.);
#1482=EDGE_CURVE('',#1920,#1921,#2122,.T.);
#1483=EDGE_CURVE('',#1921,#1919,#207,.T.);
#1484=EDGE_CURVE('',#1918,#1920,#208,.F.);
#1485=EDGE_CURVE('',#1922,#1923,#2123,.T.);
#1486=EDGE_CURVE('',#1923,#1921,#2124,.T.);
#1487=EDGE_CURVE('',#1920,#1922,#2125,.F.);
#1488=EDGE_CURVE('',#1924,#1925,#2126,.T.);
#1489=EDGE_CURVE('',#1925,#1923,#209,.F.);
#1490=EDGE_CURVE('',#1922,#1924,#210,.T.);
#1491=EDGE_CURVE('',#1926,#1927,#2127,.T.);
#1492=EDGE_CURVE('',#1927,#1925,#2128,.T.);
#1493=EDGE_CURVE('',#1924,#1926,#2129,.F.);
#1494=EDGE_CURVE('',#1928,#1929,#2130,.T.);
#1495=EDGE_CURVE('',#1929,#1927,#211,.F.);
#1496=EDGE_CURVE('',#1926,#1928,#212,.T.);
#1497=EDGE_CURVE('',#1930,#1931,#2131,.T.);
#1498=EDGE_CURVE('',#1931,#1929,#2132,.T.);
#1499=EDGE_CURVE('',#1928,#1930,#2133,.F.);
#1500=EDGE_CURVE('',#1932,#1933,#2134,.T.);
#1501=EDGE_CURVE('',#1933,#1931,#407,.T.);
#1502=EDGE_CURVE('',#1930,#1932,#408,.T.);
#1503=EDGE_CURVE('',#1934,#1935,#2135,.T.);
#1504=EDGE_CURVE('',#1935,#1933,#2136,.T.);
#1505=EDGE_CURVE('',#1932,#1934,#2137,.F.);
#1506=EDGE_CURVE('',#1936,#1937,#2138,.T.);
#1507=EDGE_CURVE('',#1937,#1935,#213,.F.);
#1508=EDGE_CURVE('',#1934,#1936,#214,.T.);
#1509=EDGE_CURVE('',#1938,#1939,#2139,.T.);
#1510=EDGE_CURVE('',#1939,#1937,#2140,.T.);
#1511=EDGE_CURVE('',#1936,#1938,#2141,.F.);
#1512=EDGE_CURVE('',#1940,#1941,#2142,.T.);
#1513=EDGE_CURVE('',#1941,#1939,#215,.F.);
#1514=EDGE_CURVE('',#1938,#1940,#216,.T.);
#1515=EDGE_CURVE('',#1942,#1943,#2143,.T.);
#1516=EDGE_CURVE('',#1943,#1941,#2144,.T.);
#1517=EDGE_CURVE('',#1940,#1942,#2145,.F.);
#1518=EDGE_CURVE('',#1944,#1945,#2146,.T.);
#1519=EDGE_CURVE('',#1945,#1943,#217,.T.);
#1520=EDGE_CURVE('',#1942,#1944,#218,.F.);
#1521=EDGE_CURVE('',#1946,#1947,#2147,.T.);
#1522=EDGE_CURVE('',#1947,#1945,#2148,.F.);
#1523=EDGE_CURVE('',#1944,#1946,#2149,.T.);
#1524=EDGE_CURVE('',#1948,#1949,#2150,.T.);
#1525=EDGE_CURVE('',#1949,#1947,#219,.F.);
#1526=EDGE_CURVE('',#1946,#1948,#220,.T.);
#1527=EDGE_CURVE('',#1950,#1951,#2151,.T.);
#1528=EDGE_CURVE('',#1951,#1949,#2152,.F.);
#1529=EDGE_CURVE('',#1948,#1950,#2153,.T.);
#1530=EDGE_CURVE('',#1952,#1953,#2154,.T.);
#1531=EDGE_CURVE('',#1953,#1951,#221,.F.);
#1532=EDGE_CURVE('',#1950,#1952,#222,.T.);
#1533=EDGE_CURVE('',#1954,#1955,#2155,.T.);
#1534=EDGE_CURVE('',#1955,#1953,#2156,.F.);
#1535=EDGE_CURVE('',#1952,#1954,#2157,.T.);
#1536=EDGE_CURVE('',#1956,#1957,#2158,.T.);
#1537=EDGE_CURVE('',#1957,#1955,#223,.F.);
#1538=EDGE_CURVE('',#1954,#1956,#224,.T.);
#1539=EDGE_CURVE('',#1916,#1957,#2159,.F.);
#1540=EDGE_CURVE('',#1956,#1917,#2160,.T.);
#1541=EDGE_CURVE('',#1958,#1959,#2161,.T.);
#1542=EDGE_CURVE('',#1959,#1960,#409,.T.);
#1543=EDGE_CURVE('',#1960,#1961,#2162,.T.);
#1544=EDGE_CURVE('',#1961,#1962,#225,.F.);
#1545=EDGE_CURVE('',#1962,#1963,#2163,.T.);
#1546=EDGE_CURVE('',#1963,#1964,#226,.F.);
#1547=EDGE_CURVE('',#1964,#1965,#2164,.T.);
#1548=EDGE_CURVE('',#1965,#1966,#227,.T.);
#1549=EDGE_CURVE('',#1966,#1967,#2165,.F.);
#1550=EDGE_CURVE('',#1967,#1968,#228,.F.);
#1551=EDGE_CURVE('',#1968,#1969,#2166,.F.);
#1552=EDGE_CURVE('',#1969,#1970,#229,.F.);
#1553=EDGE_CURVE('',#1970,#1971,#2167,.F.);
#1554=EDGE_CURVE('',#1971,#1972,#230,.F.);
#1555=EDGE_CURVE('',#1972,#1973,#2168,.F.);
#1556=EDGE_CURVE('',#1973,#1974,#231,.F.);
#1557=EDGE_CURVE('',#1974,#1975,#2169,.F.);
#1558=EDGE_CURVE('',#1975,#1976,#232,.T.);
#1559=EDGE_CURVE('',#1976,#1977,#2170,.T.);
#1560=EDGE_CURVE('',#1977,#1978,#233,.F.);
#1561=EDGE_CURVE('',#1978,#1979,#2171,.T.);
#1562=EDGE_CURVE('',#1979,#1958,#234,.F.);
#1563=EDGE_CURVE('',#1980,#1981,#2172,.T.);
#1564=EDGE_CURVE('',#1981,#1982,#2173,.T.);
#1565=EDGE_CURVE('',#1982,#1983,#2174,.T.);
#1566=EDGE_CURVE('',#1983,#1984,#2175,.T.);
#1567=EDGE_CURVE('',#1984,#1985,#410,.T.);
#1568=EDGE_CURVE('',#1985,#1986,#411,.T.);
#1569=EDGE_CURVE('',#1986,#1987,#412,.T.);
#1570=EDGE_CURVE('',#1987,#1988,#413,.T.);
#1571=EDGE_CURVE('',#1988,#1989,#414,.T.);
#1572=EDGE_CURVE('',#1989,#1990,#415,.T.);
#1573=EDGE_CURVE('',#1990,#1991,#416,.T.);
#1574=EDGE_CURVE('',#1991,#1992,#2176,.T.);
#1575=EDGE_CURVE('',#1992,#1993,#417,.T.);
#1576=EDGE_CURVE('',#1993,#1994,#418,.T.);
#1577=EDGE_CURVE('',#1994,#1995,#419,.T.);
#1578=EDGE_CURVE('',#1995,#1996,#420,.T.);
#1579=EDGE_CURVE('',#1996,#1997,#421,.T.);
#1580=EDGE_CURVE('',#1997,#1998,#422,.T.);
#1581=EDGE_CURVE('',#1998,#1999,#2177,.T.);
#1582=EDGE_CURVE('',#1999,#1980,#2178,.T.);
#1583=EDGE_CURVE('',#2000,#2001,#423,.T.);
#1584=EDGE_CURVE('',#2001,#2002,#424,.T.);
#1585=EDGE_CURVE('',#2002,#2003,#425,.T.);
#1586=EDGE_CURVE('',#2003,#2004,#426,.T.);
#1587=EDGE_CURVE('',#2004,#2005,#427,.T.);
#1588=EDGE_CURVE('',#2005,#2006,#428,.T.);
#1589=EDGE_CURVE('',#2006,#2007,#429,.T.);
#1590=EDGE_CURVE('',#2007,#2000,#430,.T.);
#1591=EDGE_CURVE('',#2008,#2009,#2179,.T.);
#1592=EDGE_CURVE('',#2009,#2010,#2180,.T.);
#1593=EDGE_CURVE('',#2010,#2011,#2181,.T.);
#1594=EDGE_CURVE('',#2011,#2012,#431,.T.);
#1595=EDGE_CURVE('',#2012,#2013,#432,.T.);
#1596=EDGE_CURVE('',#2013,#2014,#433,.T.);
#1597=EDGE_CURVE('',#2014,#2015,#434,.T.);
#1598=EDGE_CURVE('',#2015,#2016,#435,.T.);
#1599=EDGE_CURVE('',#2016,#2017,#2182,.T.);
#1600=EDGE_CURVE('',#2017,#2018,#436,.T.);
#1601=EDGE_CURVE('',#2018,#2019,#437,.T.);
#1602=EDGE_CURVE('',#2019,#2020,#438,.T.);
#1603=EDGE_CURVE('',#2020,#2021,#439,.T.);
#1604=EDGE_CURVE('',#2021,#2022,#440,.T.);
#1605=EDGE_CURVE('',#2022,#2023,#441,.T.);
#1606=EDGE_CURVE('',#2023,#2024,#442,.T.);
#1607=EDGE_CURVE('',#2024,#2025,#443,.T.);
#1608=EDGE_CURVE('',#2025,#2026,#444,.T.);
#1609=EDGE_CURVE('',#2026,#2027,#445,.T.);
#1610=EDGE_CURVE('',#2027,#2028,#446,.T.);
#1611=EDGE_CURVE('',#2028,#2029,#447,.T.);
#1612=EDGE_CURVE('',#2029,#2030,#448,.T.);
#1613=EDGE_CURVE('',#2030,#2031,#2183,.T.);
#1614=EDGE_CURVE('',#2031,#2032,#449,.T.);
#1615=EDGE_CURVE('',#2032,#2033,#450,.T.);
#1616=EDGE_CURVE('',#2033,#2034,#451,.T.);
#1617=EDGE_CURVE('',#2034,#2035,#452,.T.);
#1618=EDGE_CURVE('',#2035,#2036,#453,.T.);
#1619=EDGE_CURVE('',#2036,#2008,#454,.T.);
#1620=EDGE_CURVE('',#2037,#1846,#455,.T.);
#1621=EDGE_CURVE('',#2037,#2038,#2184,.T.);
#1622=EDGE_CURVE('',#1847,#2038,#456,.F.);
#1623=EDGE_CURVE('',#2038,#2039,#457,.T.);
#1624=EDGE_CURVE('',#1848,#2039,#235,.T.);
#1625=EDGE_CURVE('',#2040,#1845,#236,.T.);
#1626=EDGE_CURVE('',#2040,#2037,#458,.T.);
#1627=EDGE_CURVE('',#2039,#2041,#459,.T.);
#1628=EDGE_CURVE('',#1849,#2041,#237,.T.);
#1629=EDGE_CURVE('',#2042,#1844,#238,.T.);
#1630=EDGE_CURVE('',#2042,#2040,#460,.T.);
#1631=EDGE_CURVE('',#2041,#2043,#461,.T.);
#1632=EDGE_CURVE('',#1850,#2043,#239,.T.);
#1633=EDGE_CURVE('',#2044,#1843,#240,.T.);
#1634=EDGE_CURVE('',#2044,#2042,#462,.T.);
#1635=EDGE_CURVE('',#2043,#2045,#463,.T.);
#1636=EDGE_CURVE('',#1851,#2045,#241,.T.);
#1637=EDGE_CURVE('',#2046,#1842,#242,.T.);
#1638=EDGE_CURVE('',#2046,#2044,#464,.T.);
#1639=EDGE_CURVE('',#2045,#2047,#465,.T.);
#1640=EDGE_CURVE('',#1852,#2047,#243,.T.);
#1641=EDGE_CURVE('',#2048,#1841,#244,.T.);
#1642=EDGE_CURVE('',#2048,#2046,#466,.T.);
#1643=EDGE_CURVE('',#2047,#2049,#467,.T.);
#1644=EDGE_CURVE('',#1853,#2049,#245,.T.);
#1645=EDGE_CURVE('',#2050,#1840,#468,.T.);
#1646=EDGE_CURVE('',#2050,#2048,#469,.T.);
#1647=EDGE_CURVE('',#2049,#2051,#470,.T.);
#1648=EDGE_CURVE('',#1854,#2051,#471,.F.);
#1649=EDGE_CURVE('',#2052,#1839,#32,.F.);
#1650=EDGE_CURVE('',#2052,#2050,#2185,.T.);
#1651=EDGE_CURVE('',#2051,#2053,#2186,.T.);
#1652=EDGE_CURVE('',#1835,#2053,#33,.T.);
#1653=EDGE_CURVE('',#2054,#1838,#34,.F.);
#1654=EDGE_CURVE('',#2054,#2052,#2187,.T.);
#1655=EDGE_CURVE('',#2053,#2055,#2188,.T.);
#1656=EDGE_CURVE('',#1836,#2055,#35,.T.);
#1657=EDGE_CURVE('',#2056,#1837,#36,.F.);
#1658=EDGE_CURVE('',#2056,#2054,#2189,.T.);
#1659=EDGE_CURVE('',#2055,#2056,#2190,.T.);
#1660=EDGE_CURVE('',#2057,#1860,#246,.T.);
#1661=EDGE_CURVE('',#2057,#2058,#472,.T.);
#1662=EDGE_CURVE('',#1861,#2058,#247,.T.);
#1663=EDGE_CURVE('',#2058,#2059,#473,.T.);
#1664=EDGE_CURVE('',#1862,#2059,#248,.T.);
#1665=EDGE_CURVE('',#2060,#1859,#249,.T.);
#1666=EDGE_CURVE('',#2060,#2057,#474,.T.);
#1667=EDGE_CURVE('',#2059,#2061,#475,.T.);
#1668=EDGE_CURVE('',#1855,#2061,#250,.T.);
#1669=EDGE_CURVE('',#2062,#1858,#251,.T.);
#1670=EDGE_CURVE('',#2062,#2060,#476,.T.);
#1671=EDGE_CURVE('',#2061,#2063,#477,.T.);
#1672=EDGE_CURVE('',#1856,#2063,#252,.T.);
#1673=EDGE_CURVE('',#2064,#1857,#253,.T.);
#1674=EDGE_CURVE('',#2064,#2062,#478,.T.);
#1675=EDGE_CURVE('',#2063,#2064,#479,.T.);
#1676=EDGE_CURVE('',#2065,#1879,#254,.T.);
#1677=EDGE_CURVE('',#2065,#2066,#480,.T.);
#1678=EDGE_CURVE('',#1880,#2066,#481,.F.);
#1679=EDGE_CURVE('',#2067,#1878,#255,.T.);
#1680=EDGE_CURVE('',#2067,#2065,#482,.T.);
#1681=EDGE_CURVE('',#2066,#2068,#483,.T.);
#1682=EDGE_CURVE('',#1881,#2068,#256,.T.);
#1683=EDGE_CURVE('',#2069,#1877,#257,.T.);
#1684=EDGE_CURVE('',#2069,#2067,#484,.T.);
#1685=EDGE_CURVE('',#2068,#2070,#485,.T.);
#1686=EDGE_CURVE('',#1882,#2070,#258,.T.);
#1687=EDGE_CURVE('',#2071,#1876,#259,.T.);
#1688=EDGE_CURVE('',#2071,#2069,#486,.T.);
#1689=EDGE_CURVE('',#2070,#2072,#487,.T.);
#1690=EDGE_CURVE('',#1883,#2072,#260,.T.);
#1691=EDGE_CURVE('',#2073,#1875,#261,.T.);
#1692=EDGE_CURVE('',#2073,#2071,#488,.T.);
#1693=EDGE_CURVE('',#2072,#2074,#489,.T.);
#1694=EDGE_CURVE('',#1884,#2074,#262,.T.);
#1695=EDGE_CURVE('',#2075,#1874,#263,.T.);
#1696=EDGE_CURVE('',#2075,#2073,#490,.T.);
#1697=EDGE_CURVE('',#2074,#2076,#491,.T.);
#1698=EDGE_CURVE('',#1885,#2076,#264,.T.);
#1699=EDGE_CURVE('',#2077,#1873,#492,.T.);
#1700=EDGE_CURVE('',#2077,#2075,#493,.T.);
#1701=EDGE_CURVE('',#2076,#2078,#494,.T.);
#1702=EDGE_CURVE('',#1886,#2078,#495,.F.);
#1703=EDGE_CURVE('',#2079,#1872,#496,.T.);
#1704=EDGE_CURVE('',#2079,#2077,#2191,.T.);
#1705=EDGE_CURVE('',#2078,#2080,#2192,.T.);
#1706=EDGE_CURVE('',#1887,#2080,#497,.F.);
#1707=EDGE_CURVE('',#2081,#1871,#265,.T.);
#1708=EDGE_CURVE('',#2081,#2079,#498,.T.);
#1709=EDGE_CURVE('',#2080,#2082,#499,.T.);
#1710=EDGE_CURVE('',#1888,#2082,#266,.T.);
#1711=EDGE_CURVE('',#2083,#1870,#267,.T.);
#1712=EDGE_CURVE('',#2083,#2081,#500,.T.);
#1713=EDGE_CURVE('',#2082,#2084,#501,.T.);
#1714=EDGE_CURVE('',#1889,#2084,#268,.T.);
#1715=EDGE_CURVE('',#2085,#1869,#269,.T.);
#1716=EDGE_CURVE('',#2085,#2083,#502,.T.);
#1717=EDGE_CURVE('',#2084,#2086,#503,.T.);
#1718=EDGE_CURVE('',#1890,#2086,#270,.T.);
#1719=EDGE_CURVE('',#2087,#1868,#271,.T.);
#1720=EDGE_CURVE('',#2087,#2085,#504,.T.);
#1721=EDGE_CURVE('',#2086,#2088,#505,.T.);
#1722=EDGE_CURVE('',#1891,#2088,#272,.T.);
#1723=EDGE_CURVE('',#2089,#1867,#273,.T.);
#1724=EDGE_CURVE('',#2089,#2087,#506,.T.);
#1725=EDGE_CURVE('',#2088,#2090,#507,.T.);
#1726=EDGE_CURVE('',#1863,#2090,#274,.T.);
#1727=EDGE_CURVE('',#2091,#1866,#275,.T.);
#1728=EDGE_CURVE('',#2091,#2089,#508,.T.);
#1729=EDGE_CURVE('',#2090,#2092,#2193,.T.);
#1730=EDGE_CURVE('',#1864,#2092,#37,.T.);
#1731=EDGE_CURVE('',#2093,#1865,#38,.F.);
#1732=EDGE_CURVE('',#2093,#2091,#2194,.T.);
#1733=EDGE_CURVE('',#2092,#2093,#2195,.T.);
#1734=EDGE_CURVE('',#1905,#1955,#276,.T.);
#1735=EDGE_CURVE('',#1953,#1904,#277,.T.);
#1736=EDGE_CURVE('',#1951,#1903,#278,.T.);
#1737=EDGE_CURVE('',#1906,#1957,#279,.T.);
#1738=EDGE_CURVE('',#1949,#1902,#280,.T.);
#1739=EDGE_CURVE('',#1907,#1916,#281,.T.);
#1740=EDGE_CURVE('',#1947,#1901,#282,.T.);
#1741=EDGE_CURVE('',#1908,#1915,#283,.T.);
#1742=EDGE_CURVE('',#1945,#1900,#284,.T.);
#1743=EDGE_CURVE('',#1909,#1919,#285,.T.);
#1744=EDGE_CURVE('',#1943,#1899,#286,.T.);
#1745=EDGE_CURVE('',#1910,#1921,#287,.T.);
#1746=EDGE_CURVE('',#1941,#1898,#288,.T.);
#1747=EDGE_CURVE('',#1911,#1923,#289,.T.);
#1748=EDGE_CURVE('',#1939,#1897,#290,.T.);
#1749=EDGE_CURVE('',#1912,#1925,#291,.T.);
#1750=EDGE_CURVE('',#1937,#1896,#292,.T.);
#1751=EDGE_CURVE('',#1913,#1927,#293,.T.);
#1752=EDGE_CURVE('',#1935,#1895,#294,.T.);
#1753=EDGE_CURVE('',#1892,#1929,#295,.T.);
#1754=EDGE_CURVE('',#1933,#1894,#296,.T.);
#1755=EDGE_CURVE('',#1893,#1931,#297,.T.);
#1756=EDGE_CURVE('',#1954,#1970,#298,.T.);
#1757=EDGE_CURVE('',#1971,#1952,#299,.T.);
#1758=EDGE_CURVE('',#1972,#1950,#300,.T.);
#1759=EDGE_CURVE('',#1956,#1969,#301,.T.);
#1760=EDGE_CURVE('',#1973,#1948,#302,.T.);
#1761=EDGE_CURVE('',#1917,#1968,#303,.T.);
#1762=EDGE_CURVE('',#1974,#1946,#304,.T.);
#1763=EDGE_CURVE('',#1914,#1967,#305,.T.);
#1764=EDGE_CURVE('',#1975,#1944,#306,.T.);
#1765=EDGE_CURVE('',#1918,#1966,#307,.T.);
#1766=EDGE_CURVE('',#1976,#1942,#308,.T.);
#1767=EDGE_CURVE('',#1920,#1965,#309,.T.);
#1768=EDGE_CURVE('',#1977,#1940,#310,.T.);
#1769=EDGE_CURVE('',#1922,#1964,#311,.T.);
#1770=EDGE_CURVE('',#1978,#1938,#312,.T.);
#1771=EDGE_CURVE('',#1924,#1963,#313,.T.);
#1772=EDGE_CURVE('',#1979,#1936,#314,.T.);
#1773=EDGE_CURVE('',#1926,#1962,#315,.T.);
#1774=EDGE_CURVE('',#1958,#1934,#316,.T.);
#1775=EDGE_CURVE('',#1928,#1961,#317,.T.);
#1776=EDGE_CURVE('',#1959,#1932,#318,.T.);
#1777=EDGE_CURVE('',#1930,#1960,#319,.T.);
#1778=EDGE_CURVE('',#2066,#2023,#509,.T.);
#1779=EDGE_CURVE('',#2024,#2065,#320,.T.);
#1780=EDGE_CURVE('',#2025,#2067,#321,.T.);
#1781=EDGE_CURVE('',#2068,#2022,#322,.T.);
#1782=EDGE_CURVE('',#2026,#2069,#323,.T.);
#1783=EDGE_CURVE('',#2070,#2021,#324,.T.);
#1784=EDGE_CURVE('',#2027,#2071,#325,.T.);
#1785=EDGE_CURVE('',#2072,#2020,#326,.T.);
#1786=EDGE_CURVE('',#2028,#2073,#327,.T.);
#1787=EDGE_CURVE('',#2074,#2019,#328,.T.);
#1788=EDGE_CURVE('',#2029,#2075,#329,.T.);
#1789=EDGE_CURVE('',#2076,#2018,#330,.T.);
#1790=EDGE_CURVE('',#2030,#2077,#510,.F.);
#1791=EDGE_CURVE('',#2078,#2017,#511,.T.);
#1792=EDGE_CURVE('',#2031,#2079,#512,.F.);
#1793=EDGE_CURVE('',#2080,#2016,#513,.T.);
#1794=EDGE_CURVE('',#2032,#2081,#331,.T.);
#1795=EDGE_CURVE('',#2082,#2015,#332,.T.);
#1796=EDGE_CURVE('',#2033,#2083,#333,.T.);
#1797=EDGE_CURVE('',#2084,#2014,#334,.T.);
#1798=EDGE_CURVE('',#2034,#2085,#335,.T.);
#1799=EDGE_CURVE('',#2086,#2013,#336,.T.);
#1800=EDGE_CURVE('',#2035,#2087,#337,.T.);
#1801=EDGE_CURVE('',#2088,#2012,#338,.T.);
#1802=EDGE_CURVE('',#2036,#2089,#339,.T.);
#1803=EDGE_CURVE('',#2090,#2011,#340,.T.);
#1804=EDGE_CURVE('',#2008,#2091,#341,.T.);
#1805=EDGE_CURVE('',#2092,#2010,#39,.F.);
#1806=EDGE_CURVE('',#2009,#2093,#40,.T.);
#1807=EDGE_CURVE('',#2006,#2057,#342,.T.);
#1808=EDGE_CURVE('',#2058,#2005,#343,.T.);
#1809=EDGE_CURVE('',#2059,#2004,#344,.T.);
#1810=EDGE_CURVE('',#2007,#2060,#345,.T.);
#1811=EDGE_CURVE('',#2061,#2003,#346,.T.);
#1812=EDGE_CURVE('',#2000,#2062,#347,.T.);
#1813=EDGE_CURVE('',#2063,#2002,#348,.T.);
#1814=EDGE_CURVE('',#2001,#2064,#349,.T.);
#1815=EDGE_CURVE('',#1992,#2037,#514,.F.);
#1816=EDGE_CURVE('',#2038,#1991,#515,.T.);
#1817=EDGE_CURVE('',#2039,#1990,#350,.T.);
#1818=EDGE_CURVE('',#1993,#2040,#351,.T.);
#1819=EDGE_CURVE('',#2041,#1989,#352,.T.);
#1820=EDGE_CURVE('',#1994,#2042,#353,.T.);
#1821=EDGE_CURVE('',#2043,#1988,#354,.T.);
#1822=EDGE_CURVE('',#1995,#2044,#355,.T.);
#1823=EDGE_CURVE('',#2045,#1987,#356,.T.);
#1824=EDGE_CURVE('',#1996,#2046,#357,.T.);
#1825=EDGE_CURVE('',#2047,#1986,#358,.T.);
#1826=EDGE_CURVE('',#1997,#2048,#359,.T.);
#1827=EDGE_CURVE('',#2049,#1985,#360,.T.);
#1828=EDGE_CURVE('',#1998,#2050,#516,.F.);
#1829=EDGE_CURVE('',#2051,#1984,#517,.T.);
#1830=EDGE_CURVE('',#1999,#2052,#41,.T.);
#1831=EDGE_CURVE('',#2053,#1983,#42,.F.);
#1832=EDGE_CURVE('',#1980,#2054,#43,.T.);
#1833=EDGE_CURVE('',#2055,#1982,#44,.F.);
#1834=EDGE_CURVE('',#1981,#2056,#45,.T.);
#1835=VERTEX_POINT('',#3811);
#1836=VERTEX_POINT('',#3812);
#1837=VERTEX_POINT('',#3814);
#1838=VERTEX_POINT('',#3816);
#1839=VERTEX_POINT('',#3818);
#1840=VERTEX_POINT('',#3820);
#1841=VERTEX_POINT('',#3825);
#1842=VERTEX_POINT('',#3830);
#1843=VERTEX_POINT('',#3835);
#1844=VERTEX_POINT('',#3840);
#1845=VERTEX_POINT('',#3845);
#1846=VERTEX_POINT('',#3850);
#1847=VERTEX_POINT('',#3852);
#1848=VERTEX_POINT('',#3858);
#1849=VERTEX_POINT('',#3863);
#1850=VERTEX_POINT('',#3868);
#1851=VERTEX_POINT('',#3873);
#1852=VERTEX_POINT('',#3878);
#1853=VERTEX_POINT('',#3883);
#1854=VERTEX_POINT('',#3888);
#1855=VERTEX_POINT('',#3894);
#1856=VERTEX_POINT('',#3895);
#1857=VERTEX_POINT('',#3900);
#1858=VERTEX_POINT('',#3905);
#1859=VERTEX_POINT('',#3910);
#1860=VERTEX_POINT('',#3915);
#1861=VERTEX_POINT('',#3920);
#1862=VERTEX_POINT('',#3925);
#1863=VERTEX_POINT('',#3931);
#1864=VERTEX_POINT('',#3932);
#1865=VERTEX_POINT('',#3934);
#1866=VERTEX_POINT('',#3936);
#1867=VERTEX_POINT('',#3941);
#1868=VERTEX_POINT('',#3946);
#1869=VERTEX_POINT('',#3951);
#1870=VERTEX_POINT('',#3956);
#1871=VERTEX_POINT('',#3961);
#1872=VERTEX_POINT('',#3966);
#1873=VERTEX_POINT('',#3968);
#1874=VERTEX_POINT('',#3974);
#1875=VERTEX_POINT('',#3979);
#1876=VERTEX_POINT('',#3984);
#1877=VERTEX_POINT('',#3989);
#1878=VERTEX_POINT('',#3994);
#1879=VERTEX_POINT('',#3999);
#1880=VERTEX_POINT('',#4004);
#1881=VERTEX_POINT('',#4009);
#1882=VERTEX_POINT('',#4014);
#1883=VERTEX_POINT('',#4019);
#1884=VERTEX_POINT('',#4024);
#1885=VERTEX_POINT('',#4029);
#1886=VERTEX_POINT('',#4035);
#1887=VERTEX_POINT('',#4037);
#1888=VERTEX_POINT('',#4042);
#1889=VERTEX_POINT('',#4047);
#1890=VERTEX_POINT('',#4052);
#1891=VERTEX_POINT('',#4057);
#1892=VERTEX_POINT('',#4064);
#1893=VERTEX_POINT('',#4065);
#1894=VERTEX_POINT('',#4077);
#1895=VERTEX_POINT('',#4079);
#1896=VERTEX_POINT('',#4081);
#1897=VERTEX_POINT('',#4083);
#1898=VERTEX_POINT('',#4085);
#1899=VERTEX_POINT('',#4087);
#1900=VERTEX_POINT('',#4089);
#1901=VERTEX_POINT('',#4091);
#1902=VERTEX_POINT('',#4093);
#1903=VERTEX_POINT('',#4095);
#1904=VERTEX_POINT('',#4097);
#1905=VERTEX_POINT('',#4099);
#1906=VERTEX_POINT('',#4101);
#1907=VERTEX_POINT('',#4103);
#1908=VERTEX_POINT('',#4105);
#1909=VERTEX_POINT('',#4107);
#1910=VERTEX_POINT('',#4109);
#1911=VERTEX_POINT('',#4111);
#1912=VERTEX_POINT('',#4113);
#1913=VERTEX_POINT('',#4115);
#1914=VERTEX_POINT('',#4119);
#1915=VERTEX_POINT('',#4120);
#1916=VERTEX_POINT('',#4122);
#1917=VERTEX_POINT('',#4124);
#1918=VERTEX_POINT('',#4128);
#1919=VERTEX_POINT('',#4129);
#1920=VERTEX_POINT('',#4134);
#1921=VERTEX_POINT('',#4135);
#1922=VERTEX_POINT('',#4140);
#1923=VERTEX_POINT('',#4141);
#1924=VERTEX_POINT('',#4146);
#1925=VERTEX_POINT('',#4147);
#1926=VERTEX_POINT('',#4152);
#1927=VERTEX_POINT('',#4153);
#1928=VERTEX_POINT('',#4158);
#1929=VERTEX_POINT('',#4159);
#1930=VERTEX_POINT('',#4164);
#1931=VERTEX_POINT('',#4165);
#1932=VERTEX_POINT('',#4183);
#1933=VERTEX_POINT('',#4184);
#1934=VERTEX_POINT('',#4209);
#1935=VERTEX_POINT('',#4210);
#1936=VERTEX_POINT('',#4215);
#1937=VERTEX_POINT('',#4216);
#1938=VERTEX_POINT('',#4221);
#1939=VERTEX_POINT('',#4222);
#1940=VERTEX_POINT('',#4227);
#1941=VERTEX_POINT('',#4228);
#1942=VERTEX_POINT('',#4233);
#1943=VERTEX_POINT('',#4234);
#1944=VERTEX_POINT('',#4239);
#1945=VERTEX_POINT('',#4240);
#1946=VERTEX_POINT('',#4245);
#1947=VERTEX_POINT('',#4246);
#1948=VERTEX_POINT('',#4251);
#1949=VERTEX_POINT('',#4252);
#1950=VERTEX_POINT('',#4257);
#1951=VERTEX_POINT('',#4258);
#1952=VERTEX_POINT('',#4263);
#1953=VERTEX_POINT('',#4264);
#1954=VERTEX_POINT('',#4269);
#1955=VERTEX_POINT('',#4270);
#1956=VERTEX_POINT('',#4275);
#1957=VERTEX_POINT('',#4276);
#1958=VERTEX_POINT('',#4284);
#1959=VERTEX_POINT('',#4285);
#1960=VERTEX_POINT('',#4297);
#1961=VERTEX_POINT('',#4299);
#1962=VERTEX_POINT('',#4301);
#1963=VERTEX_POINT('',#4303);
#1964=VERTEX_POINT('',#4305);
#1965=VERTEX_POINT('',#4307);
#1966=VERTEX_POINT('',#4309);
#1967=VERTEX_POINT('',#4311);
#1968=VERTEX_POINT('',#4313);
#1969=VERTEX_POINT('',#4315);
#1970=VERTEX_POINT('',#4317);
#1971=VERTEX_POINT('',#4319);
#1972=VERTEX_POINT('',#4321);
#1973=VERTEX_POINT('',#4323);
#1974=VERTEX_POINT('',#4325);
#1975=VERTEX_POINT('',#4327);
#1976=VERTEX_POINT('',#4329);
#1977=VERTEX_POINT('',#4331);
#1978=VERTEX_POINT('',#4333);
#1979=VERTEX_POINT('',#4335);
#1980=VERTEX_POINT('',#4339);
#1981=VERTEX_POINT('',#4340);
#1982=VERTEX_POINT('',#4342);
#1983=VERTEX_POINT('',#4344);
#1984=VERTEX_POINT('',#4346);
#1985=VERTEX_POINT('',#4351);
#1986=VERTEX_POINT('',#4356);
#1987=VERTEX_POINT('',#4361);
#1988=VERTEX_POINT('',#4366);
#1989=VERTEX_POINT('',#4371);
#1990=VERTEX_POINT('',#4376);
#1991=VERTEX_POINT('',#4381);
#1992=VERTEX_POINT('',#4383);
#1993=VERTEX_POINT('',#4388);
#1994=VERTEX_POINT('',#4393);
#1995=VERTEX_POINT('',#4398);
#1996=VERTEX_POINT('',#4403);
#1997=VERTEX_POINT('',#4408);
#1998=VERTEX_POINT('',#4413);
#1999=VERTEX_POINT('',#4415);
#2000=VERTEX_POINT('',#4422);
#2001=VERTEX_POINT('',#4423);
#2002=VERTEX_POINT('',#4428);
#2003=VERTEX_POINT('',#4433);
#2004=VERTEX_POINT('',#4438);
#2005=VERTEX_POINT('',#4443);
#2006=VERTEX_POINT('',#4448);
#2007=VERTEX_POINT('',#4453);
#2008=VERTEX_POINT('',#4460);
#2009=VERTEX_POINT('',#4461);
#2010=VERTEX_POINT('',#4463);
#2011=VERTEX_POINT('',#4465);
#2012=VERTEX_POINT('',#4471);
#2013=VERTEX_POINT('',#4476);
#2014=VERTEX_POINT('',#4481);
#2015=VERTEX_POINT('',#4486);
#2016=VERTEX_POINT('',#4491);
#2017=VERTEX_POINT('',#4493);
#2018=VERTEX_POINT('',#4498);
#2019=VERTEX_POINT('',#4503);
#2020=VERTEX_POINT('',#4508);
#2021=VERTEX_POINT('',#4513);
#2022=VERTEX_POINT('',#4518);
#2023=VERTEX_POINT('',#4523);
#2024=VERTEX_POINT('',#4528);
#2025=VERTEX_POINT('',#4533);
#2026=VERTEX_POINT('',#4538);
#2027=VERTEX_POINT('',#4543);
#2028=VERTEX_POINT('',#4548);
#2029=VERTEX_POINT('',#4553);
#2030=VERTEX_POINT('',#4558);
#2031=VERTEX_POINT('',#4560);
#2032=VERTEX_POINT('',#4565);
#2033=VERTEX_POINT('',#4570);
#2034=VERTEX_POINT('',#4575);
#2035=VERTEX_POINT('',#4580);
#2036=VERTEX_POINT('',#4585);
#2037=VERTEX_POINT('',#4595);
#2038=VERTEX_POINT('',#4597);
#2039=VERTEX_POINT('',#4621);
#2040=VERTEX_POINT('',#4639);
#2041=VERTEX_POINT('',#4660);
#2042=VERTEX_POINT('',#4675);
#2043=VERTEX_POINT('',#4696);
#2044=VERTEX_POINT('',#4714);
#2045=VERTEX_POINT('',#4735);
#2046=VERTEX_POINT('',#4750);
#2047=VERTEX_POINT('',#4771);
#2048=VERTEX_POINT('',#4786);
#2049=VERTEX_POINT('',#4807);
#2050=VERTEX_POINT('',#4825);
#2051=VERTEX_POINT('',#4846);
#2052=VERTEX_POINT('',#4853);
#2053=VERTEX_POINT('',#4857);
#2054=VERTEX_POINT('',#4861);
#2055=VERTEX_POINT('',#4865);
#2056=VERTEX_POINT('',#4869);
#2057=VERTEX_POINT('',#4886);
#2058=VERTEX_POINT('',#4891);
#2059=VERTEX_POINT('',#4909);
#2060=VERTEX_POINT('',#4924);
#2061=VERTEX_POINT('',#4945);
#2062=VERTEX_POINT('',#4960);
#2063=VERTEX_POINT('',#4981);
#2064=VERTEX_POINT('',#4996);
#2065=VERTEX_POINT('',#5030);
#2066=VERTEX_POINT('',#5035);
#2067=VERTEX_POINT('',#5053);
#2068=VERTEX_POINT('',#5074);
#2069=VERTEX_POINT('',#5089);
#2070=VERTEX_POINT('',#5110);
#2071=VERTEX_POINT('',#5125);
#2072=VERTEX_POINT('',#5146);
#2073=VERTEX_POINT('',#5161);
#2074=VERTEX_POINT('',#5182);
#2075=VERTEX_POINT('',#5197);
#2076=VERTEX_POINT('',#5218);
#2077=VERTEX_POINT('',#5239);
#2078=VERTEX_POINT('',#5263);
#2079=VERTEX_POINT('',#5273);
#2080=VERTEX_POINT('',#5277);
#2081=VERTEX_POINT('',#5304);
#2082=VERTEX_POINT('',#5331);
#2083=VERTEX_POINT('',#5346);
#2084=VERTEX_POINT('',#5367);
#2085=VERTEX_POINT('',#5382);
#2086=VERTEX_POINT('',#5403);
#2087=VERTEX_POINT('',#5418);
#2088=VERTEX_POINT('',#5439);
#2089=VERTEX_POINT('',#5454);
#2090=VERTEX_POINT('',#5485);
#2091=VERTEX_POINT('',#5503);
#2092=VERTEX_POINT('',#5510);
#2093=VERTEX_POINT('',#5514);
#2094=LINE('',#3810,#2196);
#2095=LINE('',#3813,#2197);
#2096=LINE('',#3815,#2198);
#2097=LINE('',#3817,#2199);
#2098=LINE('',#3819,#2200);
#2099=LINE('',#3851,#2201);
#2100=LINE('',#3889,#2202);
#2101=LINE('',#3930,#2203);
#2102=LINE('',#3933,#2204);
#2103=LINE('',#3935,#2205);
#2104=LINE('',#3967,#2206);
#2105=LINE('',#4036,#2207);
#2106=LINE('',#4063,#2208);
#2107=LINE('',#4078,#2209);
#2108=LINE('',#4082,#2210);
#2109=LINE('',#4086,#2211);
#2110=LINE('',#4090,#2212);
#2111=LINE('',#4094,#2213);
#2112=LINE('',#4098,#2214);
#2113=LINE('',#4102,#2215);
#2114=LINE('',#4106,#2216);
#2115=LINE('',#4110,#2217);
#2116=LINE('',#4114,#2218);
#2117=LINE('',#4118,#2219);
#2118=LINE('',#4123,#2220);
#2119=LINE('',#4127,#2221);
#2120=LINE('',#4130,#2222);
#2121=LINE('',#4131,#2223);
#2122=LINE('',#4133,#2224);
#2123=LINE('',#4139,#2225);
#2124=LINE('',#4142,#2226);
#2125=LINE('',#4143,#2227);
#2126=LINE('',#4145,#2228);
#2127=LINE('',#4151,#2229);
#2128=LINE('',#4154,#2230);
#2129=LINE('',#4155,#2231);
#2130=LINE('',#4157,#2232);
#2131=LINE('',#4163,#2233);
#2132=LINE('',#4166,#2234);
#2133=LINE('',#4167,#2235);
#2134=LINE('',#4182,#2236);
#2135=LINE('',#4208,#2237);
#2136=LINE('',#4211,#2238);
#2137=LINE('',#4212,#2239);
#2138=LINE('',#4214,#2240);
#2139=LINE('',#4220,#2241);
#2140=LINE('',#4223,#2242);
#2141=LINE('',#4224,#2243);
#2142=LINE('',#4226,#2244);
#2143=LINE('',#4232,#2245);
#2144=LINE('',#4235,#2246);
#2145=LINE('',#4236,#2247);
#2146=LINE('',#4238,#2248);
#2147=LINE('',#4244,#2249);
#2148=LINE('',#4247,#2250);
#2149=LINE('',#4248,#2251);
#2150=LINE('',#4250,#2252);
#2151=LINE('',#4256,#2253);
#2152=LINE('',#4259,#2254);
#2153=LINE('',#4260,#2255);
#2154=LINE('',#4262,#2256);
#2155=LINE('',#4268,#2257);
#2156=LINE('',#4271,#2258);
#2157=LINE('',#4272,#2259);
#2158=LINE('',#4274,#2260);
#2159=LINE('',#4280,#2261);
#2160=LINE('',#4281,#2262);
#2161=LINE('',#4283,#2263);
#2162=LINE('',#4298,#2264);
#2163=LINE('',#4302,#2265);
#2164=LINE('',#4306,#2266);
#2165=LINE('',#4310,#2267);
#2166=LINE('',#4314,#2268);
#2167=LINE('',#4318,#2269);
#2168=LINE('',#4322,#2270);
#2169=LINE('',#4326,#2271);
#2170=LINE('',#4330,#2272);
#2171=LINE('',#4334,#2273);
#2172=LINE('',#4338,#2274);
#2173=LINE('',#4341,#2275);
#2174=LINE('',#4343,#2276);
#2175=LINE('',#4345,#2277);
#2176=LINE('',#4382,#2278);
#2177=LINE('',#4414,#2279);
#2178=LINE('',#4416,#2280);
#2179=LINE('',#4459,#2281);
#2180=LINE('',#4462,#2282);
#2181=LINE('',#4464,#2283);
#2182=LINE('',#4492,#2284);
#2183=LINE('',#4559,#2285);
#2184=LINE('',#4596,#2286);
#2185=LINE('',#4854,#2287);
#2186=LINE('',#4856,#2288);
#2187=LINE('',#4862,#2289);
#2188=LINE('',#4864,#2290);
#2189=LINE('',#4870,#2291);
#2190=LINE('',#4872,#2292);
#2191=LINE('',#5274,#2293);
#2192=LINE('',#5276,#2294);
#2193=LINE('',#5509,#2295);
#2194=LINE('',#5515,#2296);
#2195=LINE('',#5517,#2297);
#2196=VECTOR('',#3164,1.);
#2197=VECTOR('',#3165,1.);
#2198=VECTOR('',#3166,1.);
#2199=VECTOR('',#3167,1.);
#2200=VECTOR('',#3168,1.);
#2201=VECTOR('',#3169,1.);
#2202=VECTOR('',#3170,1.);
#2203=VECTOR('',#3171,1.);
#2204=VECTOR('',#3172,1.);
#2205=VECTOR('',#3173,1.);
#2206=VECTOR('',#3174,1.);
#2207=VECTOR('',#3175,1.);
#2208=VECTOR('',#3176,1.);
#2209=VECTOR('',#3177,1.);
#2210=VECTOR('',#3180,1.);
#2211=VECTOR('',#3183,1.);
#2212=VECTOR('',#3186,1.);
#2213=VECTOR('',#3189,1.);
#2214=VECTOR('',#3192,1.);
#2215=VECTOR('',#3195,1.);
#2216=VECTOR('',#3198,1.);
#2217=VECTOR('',#3201,1.);
#2218=VECTOR('',#3204,1.);
#2219=VECTOR('',#3209,1.);
#2220=VECTOR('',#3212,1.);
#2221=VECTOR('',#3217,1.);
#2222=VECTOR('',#3218,1.);
#2223=VECTOR('',#3219,1.);
#2224=VECTOR('',#3222,1.);
#2225=VECTOR('',#3229,1.);
#2226=VECTOR('',#3230,1.);
#2227=VECTOR('',#3231,1.);
#2228=VECTOR('',#3234,1.);
#2229=VECTOR('',#3241,1.);
#2230=VECTOR('',#3242,1.);
#2231=VECTOR('',#3243,1.);
#2232=VECTOR('',#3246,1.);
#2233=VECTOR('',#3253,1.);
#2234=VECTOR('',#3254,1.);
#2235=VECTOR('',#3255,1.);
#2236=VECTOR('',#3256,1.);
#2237=VECTOR('',#3259,1.);
#2238=VECTOR('',#3260,1.);
#2239=VECTOR('',#3261,1.);
#2240=VECTOR('',#3264,1.);
#2241=VECTOR('',#3271,1.);
#2242=VECTOR('',#3272,1.);
#2243=VECTOR('',#3273,1.);
#2244=VECTOR('',#3276,1.);
#2245=VECTOR('',#3283,1.);
#2246=VECTOR('',#3284,1.);
#2247=VECTOR('',#3285,1.);
#2248=VECTOR('',#3288,1.);
#2249=VECTOR('',#3295,1.);
#2250=VECTOR('',#3296,1.);
#2251=VECTOR('',#3297,1.);
#2252=VECTOR('',#3300,1.);
#2253=VECTOR('',#3307,1.);
#2254=VECTOR('',#3308,1.);
#2255=VECTOR('',#3309,1.);
#2256=VECTOR('',#3312,1.);
#2257=VECTOR('',#3319,1.);
#2258=VECTOR('',#3320,1.);
#2259=VECTOR('',#3321,1.);
#2260=VECTOR('',#3324,1.);
#2261=VECTOR('',#3331,1.);
#2262=VECTOR('',#3332,1.);
#2263=VECTOR('',#3335,1.);
#2264=VECTOR('',#3336,1.);
#2265=VECTOR('',#3339,1.);
#2266=VECTOR('',#3342,1.);
#2267=VECTOR('',#3345,1.);
#2268=VECTOR('',#3348,1.);
#2269=VECTOR('',#3351,1.);
#2270=VECTOR('',#3354,1.);
#2271=VECTOR('',#3357,1.);
#2272=VECTOR('',#3360,1.);
#2273=VECTOR('',#3363,1.);
#2274=VECTOR('',#3368,1.);
#2275=VECTOR('',#3369,1.);
#2276=VECTOR('',#3370,1.);
#2277=VECTOR('',#3371,1.);
#2278=VECTOR('',#3372,1.);
#2279=VECTOR('',#3373,1.);
#2280=VECTOR('',#3374,1.);
#2281=VECTOR('',#3379,1.);
#2282=VECTOR('',#3380,1.);
#2283=VECTOR('',#3381,1.);
#2284=VECTOR('',#3382,1.);
#2285=VECTOR('',#3383,1.);
#2286=VECTOR('',#3386,1.);
#2287=VECTOR('',#3413,1.);
#2288=VECTOR('',#3416,1.);
#2289=VECTOR('',#3423,1.);
#2290=VECTOR('',#3426,1.);
#2291=VECTOR('',#3433,1.);
#2292=VECTOR('',#3436,1.);
#2293=VECTOR('',#3477,1.);
#2294=VECTOR('',#3480,1.);
#2295=VECTOR('',#3505,1.);
#2296=VECTOR('',#3512,1.);
#2297=VECTOR('',#3515,1.);
#2298=EDGE_LOOP('',(#518,#519,#520,#521,#522,#523,#524,#525,#526,#527,#528,
#529,#530,#531,#532,#533,#534,#535,#536,#537));
#2299=EDGE_LOOP('',(#538,#539,#540,#541,#542,#543,#544,#545));
#2300=EDGE_LOOP('',(#546,#547,#548,#549,#550,#551,#552,#553,#554,#555,#556,
#557,#558,#559,#560,#561,#562,#563,#564,#565,#566,#567,#568,#569,#570,#571,
#572,#573,#574));
#2301=EDGE_LOOP('',(#575,#576,#577,#578,#579,#580,#581,#582,#583,#584,#585,
#586,#587,#588,#589,#590,#591,#592,#593,#594,#595,#596));
#2302=EDGE_LOOP('',(#597,#598,#599,#600));
#2303=EDGE_LOOP('',(#601,#602,#603,#604));
#2304=EDGE_LOOP('',(#605,#606,#607,#608));
#2305=EDGE_LOOP('',(#609,#610,#611,#612));
#2306=EDGE_LOOP('',(#613,#614,#615,#616));
#2307=EDGE_LOOP('',(#617,#618,#619,#620));
#2308=EDGE_LOOP('',(#621,#622,#623,#624));
#2309=EDGE_LOOP('',(#625,#626,#627,#628));
#2310=EDGE_LOOP('',(#629,#630,#631,#632));
#2311=EDGE_LOOP('',(#633,#634,#635,#636));
#2312=EDGE_LOOP('',(#637,#638,#639,#640));
#2313=EDGE_LOOP('',(#641,#642,#643,#644));
#2314=EDGE_LOOP('',(#645,#646,#647,#648));
#2315=EDGE_LOOP('',(#649,#650,#651,#652));
#2316=EDGE_LOOP('',(#653,#654,#655,#656));
#2317=EDGE_LOOP('',(#657,#658,#659,#660));
#2318=EDGE_LOOP('',(#661,#662,#663,#664));
#2319=EDGE_LOOP('',(#665,#666,#667,#668));
#2320=EDGE_LOOP('',(#669,#670,#671,#672));
#2321=EDGE_LOOP('',(#673,#674,#675,#676));
#2322=EDGE_LOOP('',(#677,#678,#679,#680));
#2323=EDGE_LOOP('',(#681,#682,#683,#684));
#2324=EDGE_LOOP('',(#685,#686,#687,#688,#689,#690,#691,#692,#693,#694,#695,
#696,#697,#698,#699,#700,#701,#702,#703,#704,#705,#706));
#2325=EDGE_LOOP('',(#707,#708,#709,#710,#711,#712,#713,#714,#715,#716,#717,
#718,#719,#720,#721,#722,#723,#724,#725,#726));
#2326=EDGE_LOOP('',(#727,#728,#729,#730,#731,#732,#733,#734));
#2327=EDGE_LOOP('',(#735,#736,#737,#738,#739,#740,#741,#742,#743,#744,#745,
#746,#747,#748,#749,#750,#751,#752,#753,#754,#755,#756,#757,#758,#759,#760,
#761,#762,#763));
#2328=EDGE_LOOP('',(#764,#765,#766,#767));
#2329=EDGE_LOOP('',(#768,#769,#770,#771));
#2330=EDGE_LOOP('',(#772,#773,#774,#775));
#2331=EDGE_LOOP('',(#776,#777,#778,#779));
#2332=EDGE_LOOP('',(#780,#781,#782,#783));
#2333=EDGE_LOOP('',(#784,#785,#786,#787));
#2334=EDGE_LOOP('',(#788,#789,#790,#791));
#2335=EDGE_LOOP('',(#792,#793,#794,#795));
#2336=EDGE_LOOP('',(#796,#797,#798,#799));
#2337=EDGE_LOOP('',(#800,#801,#802,#803));
#2338=EDGE_LOOP('',(#804,#805,#806,#807));
#2339=EDGE_LOOP('',(#808,#809,#810,#811));
#2340=EDGE_LOOP('',(#812,#813,#814,#815));
#2341=EDGE_LOOP('',(#816,#817,#818,#819));
#2342=EDGE_LOOP('',(#820,#821,#822,#823));
#2343=EDGE_LOOP('',(#824,#825,#826,#827));
#2344=EDGE_LOOP('',(#828,#829,#830,#831));
#2345=EDGE_LOOP('',(#832,#833,#834,#835));
#2346=EDGE_LOOP('',(#836,#837,#838,#839));
#2347=EDGE_LOOP('',(#840,#841,#842,#843));
#2348=EDGE_LOOP('',(#844,#845,#846,#847));
#2349=EDGE_LOOP('',(#848,#849,#850,#851));
#2350=EDGE_LOOP('',(#852,#853,#854,#855));
#2351=EDGE_LOOP('',(#856,#857,#858,#859));
#2352=EDGE_LOOP('',(#860,#861,#862,#863));
#2353=EDGE_LOOP('',(#864,#865,#866,#867));
#2354=EDGE_LOOP('',(#868,#869,#870,#871));
#2355=EDGE_LOOP('',(#872,#873,#874,#875));
#2356=EDGE_LOOP('',(#876,#877,#878,#879));
#2357=EDGE_LOOP('',(#880,#881,#882,#883));
#2358=EDGE_LOOP('',(#884,#885,#886,#887));
#2359=EDGE_LOOP('',(#888,#889,#890,#891));
#2360=EDGE_LOOP('',(#892,#893,#894,#895));
#2361=EDGE_LOOP('',(#896,#897,#898,#899));
#2362=EDGE_LOOP('',(#900,#901,#902,#903));
#2363=EDGE_LOOP('',(#904,#905,#906,#907));
#2364=EDGE_LOOP('',(#908,#909,#910,#911));
#2365=EDGE_LOOP('',(#912,#913,#914,#915));
#2366=EDGE_LOOP('',(#916,#917,#918,#919));
#2367=EDGE_LOOP('',(#920,#921,#922,#923));
#2368=EDGE_LOOP('',(#924,#925,#926,#927));
#2369=EDGE_LOOP('',(#928,#929,#930,#931));
#2370=EDGE_LOOP('',(#932,#933,#934,#935));
#2371=EDGE_LOOP('',(#936,#937,#938,#939));
#2372=EDGE_LOOP('',(#940,#941,#942,#943));
#2373=EDGE_LOOP('',(#944,#945,#946,#947));
#2374=EDGE_LOOP('',(#948,#949,#950,#951));
#2375=EDGE_LOOP('',(#952,#953,#954,#955));
#2376=EDGE_LOOP('',(#956,#957,#958,#959));
#2377=EDGE_LOOP('',(#960,#961,#962,#963));
#2378=EDGE_LOOP('',(#964,#965,#966,#967));
#2379=EDGE_LOOP('',(#968,#969,#970,#971));
#2380=EDGE_LOOP('',(#972,#973,#974,#975));
#2381=EDGE_LOOP('',(#976,#977,#978,#979));
#2382=EDGE_LOOP('',(#980,#981,#982,#983));
#2383=EDGE_LOOP('',(#984,#985,#986,#987));
#2384=EDGE_LOOP('',(#988,#989,#990,#991));
#2385=EDGE_LOOP('',(#992,#993,#994,#995));
#2386=EDGE_LOOP('',(#996,#997,#998,#999));
#2387=EDGE_LOOP('',(#1000,#1001,#1002,#1003));
#2388=EDGE_LOOP('',(#1004,#1005,#1006,#1007));
#2389=EDGE_LOOP('',(#1008,#1009,#1010,#1011));
#2390=EDGE_LOOP('',(#1012,#1013,#1014,#1015));
#2391=EDGE_LOOP('',(#1016,#1017,#1018,#1019));
#2392=EDGE_LOOP('',(#1020,#1021,#1022,#1023));
#2393=EDGE_LOOP('',(#1024,#1025,#1026,#1027));
#2394=EDGE_LOOP('',(#1028,#1029,#1030,#1031));
#2395=EDGE_LOOP('',(#1032,#1033,#1034,#1035));
#2396=EDGE_LOOP('',(#1036,#1037,#1038,#1039));
#2397=EDGE_LOOP('',(#1040,#1041,#1042,#1043));
#2398=EDGE_LOOP('',(#1044,#1045,#1046,#1047));
#2399=EDGE_LOOP('',(#1048,#1049,#1050,#1051));
#2400=EDGE_LOOP('',(#1052,#1053,#1054,#1055));
#2401=EDGE_LOOP('',(#1056,#1057,#1058,#1059));
#2402=EDGE_LOOP('',(#1060,#1061,#1062,#1063));
#2403=EDGE_LOOP('',(#1064,#1065,#1066,#1067));
#2404=EDGE_LOOP('',(#1068,#1069,#1070,#1071));
#2405=EDGE_LOOP('',(#1072,#1073,#1074,#1075));
#2406=EDGE_LOOP('',(#1076,#1077,#1078,#1079));
#2407=EDGE_LOOP('',(#1080,#1081,#1082,#1083));
#2408=EDGE_LOOP('',(#1084,#1085,#1086,#1087));
#2409=EDGE_LOOP('',(#1088,#1089,#1090,#1091));
#2410=EDGE_LOOP('',(#1092,#1093,#1094,#1095));
#2411=EDGE_LOOP('',(#1096,#1097,#1098,#1099));
#2412=EDGE_LOOP('',(#1100,#1101,#1102,#1103));
#2413=EDGE_LOOP('',(#1104,#1105,#1106,#1107));
#2414=EDGE_LOOP('',(#1108,#1109,#1110,#1111));
#2415=EDGE_LOOP('',(#1112,#1113,#1114,#1115));
#2416=EDGE_LOOP('',(#1116,#1117,#1118,#1119));
#2417=EDGE_LOOP('',(#1120,#1121,#1122,#1123));
#2418=EDGE_LOOP('',(#1124,#1125,#1126,#1127));
#2419=EDGE_LOOP('',(#1128,#1129,#1130,#1131));
#2420=EDGE_LOOP('',(#1132,#1133,#1134,#1135));
#2421=EDGE_LOOP('',(#1136,#1137,#1138,#1139));
#2422=EDGE_LOOP('',(#1140,#1141,#1142,#1143));
#2423=EDGE_LOOP('',(#1144,#1145,#1146,#1147));
#2424=EDGE_LOOP('',(#1148,#1149,#1150,#1151));
#2425=EDGE_LOOP('',(#1152,#1153,#1154,#1155));
#2426=EDGE_LOOP('',(#1156,#1157,#1158,#1159));
#2427=EDGE_LOOP('',(#1160,#1161,#1162,#1163));
#2428=EDGE_LOOP('',(#1164,#1165,#1166,#1167));
#2429=EDGE_LOOP('',(#1168,#1169,#1170,#1171));
#2430=EDGE_LOOP('',(#1172,#1173,#1174,#1175));
#2431=EDGE_LOOP('',(#1176,#1177,#1178,#1179));
#2432=EDGE_LOOP('',(#1180,#1181,#1182,#1183));
#2433=EDGE_LOOP('',(#1184,#1185,#1186,#1187));
#2434=EDGE_LOOP('',(#1188,#1189,#1190,#1191));
#2435=EDGE_LOOP('',(#1192,#1193,#1194,#1195));
#2436=EDGE_LOOP('',(#1196,#1197,#1198,#1199));
#2437=EDGE_LOOP('',(#1200,#1201,#1202,#1203));
#2438=EDGE_LOOP('',(#1204,#1205,#1206,#1207));
#2439=EDGE_LOOP('',(#1208,#1209,#1210,#1211));
#2440=EDGE_LOOP('',(#1212,#1213,#1214,#1215));
#2441=EDGE_LOOP('',(#1216,#1217,#1218,#1219));
#2442=EDGE_LOOP('',(#1220,#1221,#1222,#1223));
#2443=EDGE_LOOP('',(#1224,#1225,#1226,#1227));
#2444=EDGE_LOOP('',(#1228,#1229,#1230,#1231));
#2445=EDGE_LOOP('',(#1232,#1233,#1234,#1235));
#2446=EDGE_LOOP('',(#1236,#1237,#1238,#1239));
#2447=EDGE_LOOP('',(#1240,#1241,#1242,#1243));
#2448=EDGE_LOOP('',(#1244,#1245,#1246,#1247));
#2449=EDGE_LOOP('',(#1248,#1249,#1250,#1251));
#2450=EDGE_LOOP('',(#1252,#1253,#1254,#1255));
#2451=EDGE_LOOP('',(#1256,#1257,#1258,#1259));
#2452=EDGE_LOOP('',(#1260,#1261,#1262,#1263));
#2453=EDGE_LOOP('',(#1264,#1265,#1266,#1267));
#2454=EDGE_LOOP('',(#1268,#1269,#1270,#1271));
#2455=EDGE_LOOP('',(#1272,#1273,#1274,#1275));
#2456=EDGE_LOOP('',(#1276,#1277,#1278,#1279));
#2457=EDGE_LOOP('',(#1280,#1281,#1282,#1283));
#2458=EDGE_LOOP('',(#1284,#1285,#1286,#1287));
#2459=EDGE_LOOP('',(#1288,#1289,#1290,#1291));
#2460=EDGE_LOOP('',(#1292,#1293,#1294,#1295));
#2461=EDGE_LOOP('',(#1296,#1297,#1298,#1299));
#2462=EDGE_LOOP('',(#1300,#1301,#1302,#1303));
#2463=EDGE_LOOP('',(#1304,#1305,#1306,#1307));
#2464=EDGE_LOOP('',(#1308,#1309,#1310,#1311));
#2465=EDGE_LOOP('',(#1312,#1313,#1314,#1315));
#2466=EDGE_LOOP('',(#1316,#1317,#1318,#1319));
#2467=EDGE_LOOP('',(#1320,#1321,#1322,#1323));
#2468=EDGE_LOOP('',(#1324,#1325,#1326,#1327));
#2469=EDGE_LOOP('',(#1328,#1329,#1330,#1331));
#2470=EDGE_LOOP('',(#1332,#1333,#1334,#1335));
#2471=EDGE_LOOP('',(#1336,#1337,#1338,#1339));
#2472=EDGE_LOOP('',(#1340,#1341,#1342,#1343));
#2473=EDGE_LOOP('',(#1344,#1345,#1346,#1347));
#2474=EDGE_LOOP('',(#1348,#1349,#1350,#1351));
#2475=EDGE_LOOP('',(#1352,#1353,#1354,#1355));
#2476=EDGE_LOOP('',(#1356,#1357,#1358,#1359));
#2477=EDGE_LOOP('',(#1360,#1361,#1362,#1363));
#2478=EDGE_LOOP('',(#1364,#1365,#1366,#1367));
#2479=EDGE_LOOP('',(#1368,#1369,#1370,#1371));
#2480=EDGE_LOOP('',(#1372,#1373,#1374,#1375));
#2481=EDGE_LOOP('',(#1376,#1377,#1378,#1379));
#2482=EDGE_LOOP('',(#1380,#1381,#1382,#1383));
#2483=EDGE_LOOP('',(#1384,#1385,#1386,#1387));
#2484=EDGE_LOOP('',(#1388,#1389,#1390,#1391));
#2485=EDGE_LOOP('',(#1392,#1393,#1394,#1395));
#2486=FACE_BOUND('',#2298,.T.);
#2487=FACE_BOUND('',#2299,.T.);
#2488=FACE_BOUND('',#2300,.T.);
#2489=FACE_BOUND('',#2301,.T.);
#2490=FACE_BOUND('',#2302,.T.);
#2491=FACE_BOUND('',#2303,.T.);
#2492=FACE_BOUND('',#2304,.T.);
#2493=FACE_BOUND('',#2305,.T.);
#2494=FACE_BOUND('',#2306,.T.);
#2495=FACE_BOUND('',#2307,.T.);
#2496=FACE_BOUND('',#2308,.T.);
#2497=FACE_BOUND('',#2309,.T.);
#2498=FACE_BOUND('',#2310,.T.);
#2499=FACE_BOUND('',#2311,.T.);
#2500=FACE_BOUND('',#2312,.T.);
#2501=FACE_BOUND('',#2313,.T.);
#2502=FACE_BOUND('',#2314,.T.);
#2503=FACE_BOUND('',#2315,.T.);
#2504=FACE_BOUND('',#2316,.T.);
#2505=FACE_BOUND('',#2317,.T.);
#2506=FACE_BOUND('',#2318,.T.);
#2507=FACE_BOUND('',#2319,.T.);
#2508=FACE_BOUND('',#2320,.T.);
#2509=FACE_BOUND('',#2321,.T.);
#2510=FACE_BOUND('',#2322,.T.);
#2511=FACE_BOUND('',#2323,.T.);
#2512=FACE_BOUND('',#2324,.T.);
#2513=FACE_BOUND('',#2325,.T.);
#2514=FACE_BOUND('',#2326,.T.);
#2515=FACE_BOUND('',#2327,.T.);
#2516=FACE_BOUND('',#2328,.T.);
#2517=FACE_BOUND('',#2329,.T.);
#2518=FACE_BOUND('',#2330,.T.);
#2519=FACE_BOUND('',#2331,.T.);
#2520=FACE_BOUND('',#2332,.T.);
#2521=FACE_BOUND('',#2333,.T.);
#2522=FACE_BOUND('',#2334,.T.);
#2523=FACE_BOUND('',#2335,.T.);
#2524=FACE_BOUND('',#2336,.T.);
#2525=FACE_BOUND('',#2337,.T.);
#2526=FACE_BOUND('',#2338,.T.);
#2527=FACE_BOUND('',#2339,.T.);
#2528=FACE_BOUND('',#2340,.T.);
#2529=FACE_BOUND('',#2341,.T.);
#2530=FACE_BOUND('',#2342,.T.);
#2531=FACE_BOUND('',#2343,.T.);
#2532=FACE_BOUND('',#2344,.T.);
#2533=FACE_BOUND('',#2345,.T.);
#2534=FACE_BOUND('',#2346,.T.);
#2535=FACE_BOUND('',#2347,.T.);
#2536=FACE_BOUND('',#2348,.T.);
#2537=FACE_BOUND('',#2349,.T.);
#2538=FACE_BOUND('',#2350,.T.);
#2539=FACE_BOUND('',#2351,.T.);
#2540=FACE_BOUND('',#2352,.T.);
#2541=FACE_BOUND('',#2353,.T.);
#2542=FACE_BOUND('',#2354,.T.);
#2543=FACE_BOUND('',#2355,.T.);
#2544=FACE_BOUND('',#2356,.T.);
#2545=FACE_BOUND('',#2357,.T.);
#2546=FACE_BOUND('',#2358,.T.);
#2547=FACE_BOUND('',#2359,.T.);
#2548=FACE_BOUND('',#2360,.T.);
#2549=FACE_BOUND('',#2361,.T.);
#2550=FACE_BOUND('',#2362,.T.);
#2551=FACE_BOUND('',#2363,.T.);
#2552=FACE_BOUND('',#2364,.T.);
#2553=FACE_BOUND('',#2365,.T.);
#2554=FACE_BOUND('',#2366,.T.);
#2555=FACE_BOUND('',#2367,.T.);
#2556=FACE_BOUND('',#2368,.T.);
#2557=FACE_BOUND('',#2369,.T.);
#2558=FACE_BOUND('',#2370,.T.);
#2559=FACE_BOUND('',#2371,.T.);
#2560=FACE_BOUND('',#2372,.T.);
#2561=FACE_BOUND('',#2373,.T.);
#2562=FACE_BOUND('',#2374,.T.);
#2563=FACE_BOUND('',#2375,.T.);
#2564=FACE_BOUND('',#2376,.T.);
#2565=FACE_BOUND('',#2377,.T.);
#2566=FACE_BOUND('',#2378,.T.);
#2567=FACE_BOUND('',#2379,.T.);
#2568=FACE_BOUND('',#2380,.T.);
#2569=FACE_BOUND('',#2381,.T.);
#2570=FACE_BOUND('',#2382,.T.);
#2571=FACE_BOUND('',#2383,.T.);
#2572=FACE_BOUND('',#2384,.T.);
#2573=FACE_BOUND('',#2385,.T.);
#2574=FACE_BOUND('',#2386,.T.);
#2575=FACE_BOUND('',#2387,.T.);
#2576=FACE_BOUND('',#2388,.T.);
#2577=FACE_BOUND('',#2389,.T.);
#2578=FACE_BOUND('',#2390,.T.);
#2579=FACE_BOUND('',#2391,.T.);
#2580=FACE_BOUND('',#2392,.T.);
#2581=FACE_BOUND('',#2393,.T.);
#2582=FACE_BOUND('',#2394,.T.);
#2583=FACE_BOUND('',#2395,.T.);
#2584=FACE_BOUND('',#2396,.T.);
#2585=FACE_BOUND('',#2397,.T.);
#2586=FACE_BOUND('',#2398,.T.);
#2587=FACE_BOUND('',#2399,.T.);
#2588=FACE_BOUND('',#2400,.T.);
#2589=FACE_BOUND('',#2401,.T.);
#2590=FACE_BOUND('',#2402,.T.);
#2591=FACE_BOUND('',#2403,.T.);
#2592=FACE_BOUND('',#2404,.T.);
#2593=FACE_BOUND('',#2405,.T.);
#2594=FACE_BOUND('',#2406,.T.);
#2595=FACE_BOUND('',#2407,.T.);
#2596=FACE_BOUND('',#2408,.T.);
#2597=FACE_BOUND('',#2409,.T.);
#2598=FACE_BOUND('',#2410,.T.);
#2599=FACE_BOUND('',#2411,.T.);
#2600=FACE_BOUND('',#2412,.T.);
#2601=FACE_BOUND('',#2413,.T.);
#2602=FACE_BOUND('',#2414,.T.);
#2603=FACE_BOUND('',#2415,.T.);
#2604=FACE_BOUND('',#2416,.T.);
#2605=FACE_BOUND('',#2417,.T.);
#2606=FACE_BOUND('',#2418,.T.);
#2607=FACE_BOUND('',#2419,.T.);
#2608=FACE_BOUND('',#2420,.T.);
#2609=FACE_BOUND('',#2421,.T.);
#2610=FACE_BOUND('',#2422,.T.);
#2611=FACE_BOUND('',#2423,.T.);
#2612=FACE_BOUND('',#2424,.T.);
#2613=FACE_BOUND('',#2425,.T.);
#2614=FACE_BOUND('',#2426,.T.);
#2615=FACE_BOUND('',#2427,.T.);
#2616=FACE_BOUND('',#2428,.T.);
#2617=FACE_BOUND('',#2429,.T.);
#2618=FACE_BOUND('',#2430,.T.);
#2619=FACE_BOUND('',#2431,.T.);
#2620=FACE_BOUND('',#2432,.T.);
#2621=FACE_BOUND('',#2433,.T.);
#2622=FACE_BOUND('',#2434,.T.);
#2623=FACE_BOUND('',#2435,.T.);
#2624=FACE_BOUND('',#2436,.T.);
#2625=FACE_BOUND('',#2437,.T.);
#2626=FACE_BOUND('',#2438,.T.);
#2627=FACE_BOUND('',#2439,.T.);
#2628=FACE_BOUND('',#2440,.T.);
#2629=FACE_BOUND('',#2441,.T.);
#2630=FACE_BOUND('',#2442,.T.);
#2631=FACE_BOUND('',#2443,.T.);
#2632=FACE_BOUND('',#2444,.T.);
#2633=FACE_BOUND('',#2445,.T.);
#2634=FACE_BOUND('',#2446,.T.);
#2635=FACE_BOUND('',#2447,.T.);
#2636=FACE_BOUND('',#2448,.T.);
#2637=FACE_BOUND('',#2449,.T.);
#2638=FACE_BOUND('',#2450,.T.);
#2639=FACE_BOUND('',#2451,.T.);
#2640=FACE_BOUND('',#2452,.T.);
#2641=FACE_BOUND('',#2453,.T.);
#2642=FACE_BOUND('',#2454,.T.);
#2643=FACE_BOUND('',#2455,.T.);
#2644=FACE_BOUND('',#2456,.T.);
#2645=FACE_BOUND('',#2457,.T.);
#2646=FACE_BOUND('',#2458,.T.);
#2647=FACE_BOUND('',#2459,.T.);
#2648=FACE_BOUND('',#2460,.T.);
#2649=FACE_BOUND('',#2461,.T.);
#2650=FACE_BOUND('',#2462,.T.);
#2651=FACE_BOUND('',#2463,.T.);
#2652=FACE_BOUND('',#2464,.T.);
#2653=FACE_BOUND('',#2465,.T.);
#2654=FACE_BOUND('',#2466,.T.);
#2655=FACE_BOUND('',#2467,.T.);
#2656=FACE_BOUND('',#2468,.T.);
#2657=FACE_BOUND('',#2469,.T.);
#2658=FACE_BOUND('',#2470,.T.);
#2659=FACE_BOUND('',#2471,.T.);
#2660=FACE_BOUND('',#2472,.T.);
#2661=FACE_BOUND('',#2473,.T.);
#2662=FACE_BOUND('',#2474,.T.);
#2663=FACE_BOUND('',#2475,.T.);
#2664=FACE_BOUND('',#2476,.T.);
#2665=FACE_BOUND('',#2477,.T.);
#2666=FACE_BOUND('',#2478,.T.);
#2667=FACE_BOUND('',#2479,.T.);
#2668=FACE_BOUND('',#2480,.T.);
#2669=FACE_BOUND('',#2481,.T.);
#2670=FACE_BOUND('',#2482,.T.);
#2671=FACE_BOUND('',#2483,.T.);
#2672=FACE_BOUND('',#2484,.T.);
#2673=FACE_BOUND('',#2485,.T.);
#2674=PLANE('',#2888);
#2675=PLANE('',#2902);
#2676=PLANE('',#2906);
#2677=PLANE('',#2910);
#2678=PLANE('',#2914);
#2679=PLANE('',#2915);
#2680=PLANE('',#2919);
#2681=PLANE('',#2923);
#2682=PLANE('',#2927);
#2683=PLANE('',#2931);
#2684=PLANE('',#2935);
#2685=PLANE('',#2939);
#2686=PLANE('',#2940);
#2687=PLANE('',#2951);
#2688=PLANE('',#2952);
#2689=PLANE('',#2953);
#2690=ADVANCED_FACE('',(#2486,#2487,#2488,#2489),#2674,.T.);
#2691=ADVANCED_FACE('',(#2490),#139,.T.);
#2692=ADVANCED_FACE('',(#2491),#2675,.T.);
#2693=ADVANCED_FACE('',(#2492),#140,.F.);
#2694=ADVANCED_FACE('',(#2493),#2676,.F.);
#2695=ADVANCED_FACE('',(#2494),#141,.T.);
#2696=ADVANCED_FACE('',(#2495),#2677,.F.);
#2697=ADVANCED_FACE('',(#2496),#142,.T.);
#2698=ADVANCED_FACE('',(#2497),#2678,.F.);
#2699=ADVANCED_FACE('',(#2498),#138,.F.);
#2700=ADVANCED_FACE('',(#2499),#2679,.F.);
#2701=ADVANCED_FACE('',(#2500),#143,.T.);
#2702=ADVANCED_FACE('',(#2501),#2680,.F.);
#2703=ADVANCED_FACE('',(#2502),#144,.T.);
#2704=ADVANCED_FACE('',(#2503),#2681,.F.);
#2705=ADVANCED_FACE('',(#2504),#145,.F.);
#2706=ADVANCED_FACE('',(#2505),#2682,.T.);
#2707=ADVANCED_FACE('',(#2506),#146,.T.);
#2708=ADVANCED_FACE('',(#2507),#2683,.T.);
#2709=ADVANCED_FACE('',(#2508),#147,.T.);
#2710=ADVANCED_FACE('',(#2509),#2684,.T.);
#2711=ADVANCED_FACE('',(#2510),#148,.T.);
#2712=ADVANCED_FACE('',(#2511),#2685,.T.);
#2713=ADVANCED_FACE('',(#2512),#2686,.F.);
#2714=ADVANCED_FACE('',(#2513),#2687,.T.);
#2715=ADVANCED_FACE('',(#2514),#2688,.T.);
#2716=ADVANCED_FACE('',(#2515),#2689,.T.);
#2717=ADVANCED_FACE('',(#2516),#149,.T.);
#2718=ADVANCED_FACE('',(#2517),#46,.T.);
#2719=ADVANCED_FACE('',(#2518),#47,.T.);
#2720=ADVANCED_FACE('',(#2519),#48,.T.);
#2721=ADVANCED_FACE('',(#2520),#49,.T.);
#2722=ADVANCED_FACE('',(#2521),#50,.T.);
#2723=ADVANCED_FACE('',(#2522),#51,.T.);
#2724=ADVANCED_FACE('',(#2523),#52,.T.);
#2725=ADVANCED_FACE('',(#2524),#53,.T.);
#2726=ADVANCED_FACE('',(#2525),#54,.T.);
#2727=ADVANCED_FACE('',(#2526),#55,.T.);
#2728=ADVANCED_FACE('',(#2527),#56,.T.);
#2729=ADVANCED_FACE('',(#2528),#57,.T.);
#2730=ADVANCED_FACE('',(#2529),#58,.T.);
#2731=ADVANCED_FACE('',(#2530),#150,.T.);
#2732=ADVANCED_FACE('',(#2531),#151,.T.);
#2733=ADVANCED_FACE('',(#2532),#152,.T.);
#2734=ADVANCED_FACE('',(#2533),#153,.T.);
#2735=ADVANCED_FACE('',(#2534),#154,.T.);
#2736=ADVANCED_FACE('',(#2535),#155,.T.);
#2737=ADVANCED_FACE('',(#2536),#59,.T.);
#2738=ADVANCED_FACE('',(#2537),#60,.T.);
#2739=ADVANCED_FACE('',(#2538),#61,.T.);
#2740=ADVANCED_FACE('',(#2539),#62,.T.);
#2741=ADVANCED_FACE('',(#2540),#63,.T.);
#2742=ADVANCED_FACE('',(#2541),#64,.T.);
#2743=ADVANCED_FACE('',(#2542),#65,.T.);
#2744=ADVANCED_FACE('',(#2543),#66,.T.);
#2745=ADVANCED_FACE('',(#2544),#67,.T.);
#2746=ADVANCED_FACE('',(#2545),#68,.T.);
#2747=ADVANCED_FACE('',(#2546),#69,.T.);
#2748=ADVANCED_FACE('',(#2547),#70,.T.);
#2749=ADVANCED_FACE('',(#2548),#71,.T.);
#2750=ADVANCED_FACE('',(#2549),#72,.T.);
#2751=ADVANCED_FACE('',(#2550),#73,.T.);
#2752=ADVANCED_FACE('',(#2551),#74,.T.);
#2753=ADVANCED_FACE('',(#2552),#75,.T.);
#2754=ADVANCED_FACE('',(#2553),#76,.T.);
#2755=ADVANCED_FACE('',(#2554),#77,.T.);
#2756=ADVANCED_FACE('',(#2555),#78,.T.);
#2757=ADVANCED_FACE('',(#2556),#79,.T.);
#2758=ADVANCED_FACE('',(#2557),#156,.T.);
#2759=ADVANCED_FACE('',(#2558),#157,.T.);
#2760=ADVANCED_FACE('',(#2559),#80,.T.);
#2761=ADVANCED_FACE('',(#2560),#81,.T.);
#2762=ADVANCED_FACE('',(#2561),#82,.T.);
#2763=ADVANCED_FACE('',(#2562),#83,.T.);
#2764=ADVANCED_FACE('',(#2563),#84,.T.);
#2765=ADVANCED_FACE('',(#2564),#85,.T.);
#2766=ADVANCED_FACE('',(#2565),#86,.T.);
#2767=ADVANCED_FACE('',(#2566),#87,.T.);
#2768=ADVANCED_FACE('',(#2567),#88,.T.);
#2769=ADVANCED_FACE('',(#2568),#89,.T.);
#2770=ADVANCED_FACE('',(#2569),#90,.T.);
#2771=ADVANCED_FACE('',(#2570),#158,.T.);
#2772=ADVANCED_FACE('',(#2571),#159,.T.);
#2773=ADVANCED_FACE('',(#2572),#160,.T.);
#2774=ADVANCED_FACE('',(#2573),#161,.T.);
#2775=ADVANCED_FACE('',(#2574),#12,.T.);
#2776=ADVANCED_FACE('',(#2575),#13,.T.);
#2777=ADVANCED_FACE('',(#2576),#162,.T.);
#2778=ADVANCED_FACE('',(#2577),#163,.T.);
#2779=ADVANCED_FACE('',(#2578),#14,.T.);
#2780=ADVANCED_FACE('',(#2579),#15,.T.);
#2781=ADVANCED_FACE('',(#2580),#164,.T.);
#2782=ADVANCED_FACE('',(#2581),#165,.T.);
#2783=ADVANCED_FACE('',(#2582),#16,.T.);
#2784=ADVANCED_FACE('',(#2583),#17,.T.);
#2785=ADVANCED_FACE('',(#2584),#166,.T.);
#2786=ADVANCED_FACE('',(#2585),#167,.T.);
#2787=ADVANCED_FACE('',(#2586),#18,.T.);
#2788=ADVANCED_FACE('',(#2587),#19,.T.);
#2789=ADVANCED_FACE('',(#2588),#168,.T.);
#2790=ADVANCED_FACE('',(#2589),#169,.T.);
#2791=ADVANCED_FACE('',(#2590),#20,.T.);
#2792=ADVANCED_FACE('',(#2591),#21,.T.);
#2793=ADVANCED_FACE('',(#2592),#170,.T.);
#2794=ADVANCED_FACE('',(#2593),#171,.T.);
#2795=ADVANCED_FACE('',(#2594),#91,.T.);
#2796=ADVANCED_FACE('',(#2595),#172,.T.);
#2797=ADVANCED_FACE('',(#2596),#22,.T.);
#2798=ADVANCED_FACE('',(#2597),#23,.T.);
#2799=ADVANCED_FACE('',(#2598),#173,.T.);
#2800=ADVANCED_FACE('',(#2599),#174,.T.);
#2801=ADVANCED_FACE('',(#2600),#24,.T.);
#2802=ADVANCED_FACE('',(#2601),#25,.T.);
#2803=ADVANCED_FACE('',(#2602),#175,.T.);
#2804=ADVANCED_FACE('',(#2603),#176,.T.);
#2805=ADVANCED_FACE('',(#2604),#26,.T.);
#2806=ADVANCED_FACE('',(#2605),#27,.T.);
#2807=ADVANCED_FACE('',(#2606),#177,.T.);
#2808=ADVANCED_FACE('',(#2607),#178,.T.);
#2809=ADVANCED_FACE('',(#2608),#28,.T.);
#2810=ADVANCED_FACE('',(#2609),#29,.T.);
#2811=ADVANCED_FACE('',(#2610),#179,.T.);
#2812=ADVANCED_FACE('',(#2611),#180,.T.);
#2813=ADVANCED_FACE('',(#2612),#30,.T.);
#2814=ADVANCED_FACE('',(#2613),#31,.T.);
#2815=ADVANCED_FACE('',(#2614),#181,.T.);
#2816=ADVANCED_FACE('',(#2615),#182,.T.);
#2817=ADVANCED_FACE('',(#2616),#92,.T.);
#2818=ADVANCED_FACE('',(#2617),#93,.F.);
#2819=ADVANCED_FACE('',(#2618),#94,.F.);
#2820=ADVANCED_FACE('',(#2619),#95,.F.);
#2821=ADVANCED_FACE('',(#2620),#96,.F.);
#2822=ADVANCED_FACE('',(#2621),#97,.F.);
#2823=ADVANCED_FACE('',(#2622),#98,.F.);
#2824=ADVANCED_FACE('',(#2623),#99,.F.);
#2825=ADVANCED_FACE('',(#2624),#100,.F.);
#2826=ADVANCED_FACE('',(#2625),#101,.F.);
#2827=ADVANCED_FACE('',(#2626),#102,.F.);
#2828=ADVANCED_FACE('',(#2627),#103,.F.);
#2829=ADVANCED_FACE('',(#2628),#104,.F.);
#2830=ADVANCED_FACE('',(#2629),#105,.F.);
#2831=ADVANCED_FACE('',(#2630),#183,.F.);
#2832=ADVANCED_FACE('',(#2631),#184,.F.);
#2833=ADVANCED_FACE('',(#2632),#106,.F.);
#2834=ADVANCED_FACE('',(#2633),#107,.F.);
#2835=ADVANCED_FACE('',(#2634),#108,.F.);
#2836=ADVANCED_FACE('',(#2635),#109,.F.);
#2837=ADVANCED_FACE('',(#2636),#110,.F.);
#2838=ADVANCED_FACE('',(#2637),#111,.F.);
#2839=ADVANCED_FACE('',(#2638),#112,.F.);
#2840=ADVANCED_FACE('',(#2639),#113,.F.);
#2841=ADVANCED_FACE('',(#2640),#114,.F.);
#2842=ADVANCED_FACE('',(#2641),#115,.F.);
#2843=ADVANCED_FACE('',(#2642),#116,.F.);
#2844=ADVANCED_FACE('',(#2643),#185,.F.);
#2845=ADVANCED_FACE('',(#2644),#186,.F.);
#2846=ADVANCED_FACE('',(#2645),#187,.F.);
#2847=ADVANCED_FACE('',(#2646),#117,.F.);
#2848=ADVANCED_FACE('',(#2647),#118,.F.);
#2849=ADVANCED_FACE('',(#2648),#119,.F.);
#2850=ADVANCED_FACE('',(#2649),#120,.F.);
#2851=ADVANCED_FACE('',(#2650),#121,.F.);
#2852=ADVANCED_FACE('',(#2651),#122,.F.);
#2853=ADVANCED_FACE('',(#2652),#123,.F.);
#2854=ADVANCED_FACE('',(#2653),#124,.F.);
#2855=ADVANCED_FACE('',(#2654),#188,.F.);
#2856=ADVANCED_FACE('',(#2655),#125,.F.);
#2857=ADVANCED_FACE('',(#2656),#126,.F.);
#2858=ADVANCED_FACE('',(#2657),#127,.F.);
#2859=ADVANCED_FACE('',(#2658),#128,.F.);
#2860=ADVANCED_FACE('',(#2659),#129,.F.);
#2861=ADVANCED_FACE('',(#2660),#130,.F.);
#2862=ADVANCED_FACE('',(#2661),#131,.F.);
#2863=ADVANCED_FACE('',(#2662),#132,.F.);
#2864=ADVANCED_FACE('',(#2663),#133,.F.);
#2865=ADVANCED_FACE('',(#2664),#134,.F.);
#2866=ADVANCED_FACE('',(#2665),#135,.F.);
#2867=ADVANCED_FACE('',(#2666),#136,.F.);
#2868=ADVANCED_FACE('',(#2667),#137,.F.);
#2869=ADVANCED_FACE('',(#2668),#189,.F.);
#2870=ADVANCED_FACE('',(#2669),#190,.F.);
#2871=ADVANCED_FACE('',(#2670),#191,.F.);
#2872=ADVANCED_FACE('',(#2671),#192,.F.);
#2873=ADVANCED_FACE('',(#2672),#193,.F.);
#2874=ADVANCED_FACE('',(#2673),#194,.F.);
#2875=CLOSED_SHELL('',(#2690,#2691,#2692,#2693,#2694,#2695,#2696,#2697,
#2698,#2699,#2700,#2701,#2702,#2703,#2704,#2705,#2706,#2707,#2708,#2709,
#2710,#2711,#2712,#2713,#2714,#2715,#2716,#2717,#2718,#2719,#2720,#2721,
#2722,#2723,#2724,#2725,#2726,#2727,#2728,#2729,#2730,#2731,#2732,#2733,
#2734,#2735,#2736,#2737,#2738,#2739,#2740,#2741,#2742,#2743,#2744,#2745,
#2746,#2747,#2748,#2749,#2750,#2751,#2752,#2753,#2754,#2755,#2756,#2757,
#2758,#2759,#2760,#2761,#2762,#2763,#2764,#2765,#2766,#2767,#2768,#2769,
#2770,#2771,#2772,#2773,#2774,#2775,#2776,#2777,#2778,#2779,#2780,#2781,
#2782,#2783,#2784,#2785,#2786,#2787,#2788,#2789,#2790,#2791,#2792,#2793,
#2794,#2795,#2796,#2797,#2798,#2799,#2800,#2801,#2802,#2803,#2804,#2805,
#2806,#2807,#2808,#2809,#2810,#2811,#2812,#2813,#2814,#2815,#2816,#2817,
#2818,#2819,#2820,#2821,#2822,#2823,#2824,#2825,#2826,#2827,#2828,#2829,
#2830,#2831,#2832,#2833,#2834,#2835,#2836,#2837,#2838,#2839,#2840,#2841,
#2842,#2843,#2844,#2845,#2846,#2847,#2848,#2849,#2850,#2851,#2852,#2853,
#2854,#2855,#2856,#2857,#2858,#2859,#2860,#2861,#2862,#2863,#2864,#2865,
#2866,#2867,#2868,#2869,#2870,#2871,#2872,#2873,#2874));
#2876=STYLED_ITEM('',(#2877),#2884);
#2877=PRESENTATION_STYLE_ASSIGNMENT((#2878));
#2878=SURFACE_STYLE_USAGE(.BOTH.,#2879);
#2879=SURFACE_SIDE_STYLE('',(#2880));
#2880=SURFACE_STYLE_FILL_AREA(#2881);
#2881=FILL_AREA_STYLE('',(#2882));
#2882=FILL_AREA_STYLE_COLOUR('',#2883);
#2883=COLOUR_RGB('',0.231372549019608,0.380392156862745,0.705882352941177);
#2884=MANIFOLD_SOLID_BREP('BLOCKS_spacer_3.2',#2875);
#2885=SHAPE_DEFINITION_REPRESENTATION(#6339,#2886);
#2886=SHAPE_REPRESENTATION('BLOCKS_spacer_3.2',(#2887),#6334);
#2887=AXIS2_PLACEMENT_3D('',#3808,#3160,#3161);
#2888=AXIS2_PLACEMENT_3D('',#3809,#3162,#3163);
#2889=AXIS2_PLACEMENT_3D('',#4080,#3178,#3179);
#2890=AXIS2_PLACEMENT_3D('',#4084,#3181,#3182);
#2891=AXIS2_PLACEMENT_3D('',#4088,#3184,#3185);
#2892=AXIS2_PLACEMENT_3D('',#4092,#3187,#3188);
#2893=AXIS2_PLACEMENT_3D('',#4096,#3190,#3191);
#2894=AXIS2_PLACEMENT_3D('',#4100,#3193,#3194);
#2895=AXIS2_PLACEMENT_3D('',#4104,#3196,#3197);
#2896=AXIS2_PLACEMENT_3D('',#4108,#3199,#3200);
#2897=AXIS2_PLACEMENT_3D('',#4112,#3202,#3203);
#2898=AXIS2_PLACEMENT_3D('',#4116,#3205,#3206);
#2899=AXIS2_PLACEMENT_3D('',#4117,#3207,#3208);
#2900=AXIS2_PLACEMENT_3D('',#4121,#3210,#3211);
#2901=AXIS2_PLACEMENT_3D('',#4125,#3213,#3214);
#2902=AXIS2_PLACEMENT_3D('',#4126,#3215,#3216);
#2903=AXIS2_PLACEMENT_3D('',#4132,#3220,#3221);
#2904=AXIS2_PLACEMENT_3D('',#4136,#3223,#3224);
#2905=AXIS2_PLACEMENT_3D('',#4137,#3225,#3226);
#2906=AXIS2_PLACEMENT_3D('',#4138,#3227,#3228);
#2907=AXIS2_PLACEMENT_3D('',#4144,#3232,#3233);
#2908=AXIS2_PLACEMENT_3D('',#4148,#3235,#3236);
#2909=AXIS2_PLACEMENT_3D('',#4149,#3237,#3238);
#2910=AXIS2_PLACEMENT_3D('',#4150,#3239,#3240);
#2911=AXIS2_PLACEMENT_3D('',#4156,#3244,#3245);
#2912=AXIS2_PLACEMENT_3D('',#4160,#3247,#3248);
#2913=AXIS2_PLACEMENT_3D('',#4161,#3249,#3250);
#2914=AXIS2_PLACEMENT_3D('',#4162,#3251,#3252);
#2915=AXIS2_PLACEMENT_3D('',#4207,#3257,#3258);
#2916=AXIS2_PLACEMENT_3D('',#4213,#3262,#3263);
#2917=AXIS2_PLACEMENT_3D('',#4217,#3265,#3266);
#2918=AXIS2_PLACEMENT_3D('',#4218,#3267,#3268);
#2919=AXIS2_PLACEMENT_3D('',#4219,#3269,#3270);
#2920=AXIS2_PLACEMENT_3D('',#4225,#3274,#3275);
#2921=AXIS2_PLACEMENT_3D('',#4229,#3277,#3278);
#2922=AXIS2_PLACEMENT_3D('',#4230,#3279,#3280);
#2923=AXIS2_PLACEMENT_3D('',#4231,#3281,#3282);
#2924=AXIS2_PLACEMENT_3D('',#4237,#3286,#3287);
#2925=AXIS2_PLACEMENT_3D('',#4241,#3289,#3290);
#2926=AXIS2_PLACEMENT_3D('',#4242,#3291,#3292);
#2927=AXIS2_PLACEMENT_3D('',#4243,#3293,#3294);
#2928=AXIS2_PLACEMENT_3D('',#4249,#3298,#3299);
#2929=AXIS2_PLACEMENT_3D('',#4253,#3301,#3302);
#2930=AXIS2_PLACEMENT_3D('',#4254,#3303,#3304);
#2931=AXIS2_PLACEMENT_3D('',#4255,#3305,#3306);
#2932=AXIS2_PLACEMENT_3D('',#4261,#3310,#3311);
#2933=AXIS2_PLACEMENT_3D('',#4265,#3313,#3314);
#2934=AXIS2_PLACEMENT_3D('',#4266,#3315,#3316);
#2935=AXIS2_PLACEMENT_3D('',#4267,#3317,#3318);
#2936=AXIS2_PLACEMENT_3D('',#4273,#3322,#3323);
#2937=AXIS2_PLACEMENT_3D('',#4277,#3325,#3326);
#2938=AXIS2_PLACEMENT_3D('',#4278,#3327,#3328);
#2939=AXIS2_PLACEMENT_3D('',#4279,#3329,#3330);
#2940=AXIS2_PLACEMENT_3D('',#4282,#3333,#3334);
#2941=AXIS2_PLACEMENT_3D('',#4300,#3337,#3338);
#2942=AXIS2_PLACEMENT_3D('',#4304,#3340,#3341);
#2943=AXIS2_PLACEMENT_3D('',#4308,#3343,#3344);
#2944=AXIS2_PLACEMENT_3D('',#4312,#3346,#3347);
#2945=AXIS2_PLACEMENT_3D('',#4316,#3349,#3350);
#2946=AXIS2_PLACEMENT_3D('',#4320,#3352,#3353);
#2947=AXIS2_PLACEMENT_3D('',#4324,#3355,#3356);
#2948=AXIS2_PLACEMENT_3D('',#4328,#3358,#3359);
#2949=AXIS2_PLACEMENT_3D('',#4332,#3361,#3362);
#2950=AXIS2_PLACEMENT_3D('',#4336,#3364,#3365);
#2951=AXIS2_PLACEMENT_3D('',#4337,#3366,#3367);
#2952=AXIS2_PLACEMENT_3D('',#4417,#3375,#3376);
#2953=AXIS2_PLACEMENT_3D('',#4458,#3377,#3378);
#2954=AXIS2_PLACEMENT_3D('',#4590,#3384,#3385);
#2955=AXIS2_PLACEMENT_3D('',#4622,#3387,#3388);
#2956=AXIS2_PLACEMENT_3D('',#4638,#3389,#3390);
#2957=AXIS2_PLACEMENT_3D('',#4661,#3391,#3392);
#2958=AXIS2_PLACEMENT_3D('',#4674,#3393,#3394);
#2959=AXIS2_PLACEMENT_3D('',#4697,#3395,#3396);
#2960=AXIS2_PLACEMENT_3D('',#4713,#3397,#3398);
#2961=AXIS2_PLACEMENT_3D('',#4736,#3399,#3400);
#2962=AXIS2_PLACEMENT_3D('',#4749,#3401,#3402);
#2963=AXIS2_PLACEMENT_3D('',#4772,#3403,#3404);
#2964=AXIS2_PLACEMENT_3D('',#4785,#3405,#3406);
#2965=AXIS2_PLACEMENT_3D('',#4808,#3407,#3408);
#2966=AXIS2_PLACEMENT_3D('',#4851,#3409,#3410);
#2967=AXIS2_PLACEMENT_3D('',#4852,#3411,#3412);
#2968=AXIS2_PLACEMENT_3D('',#4855,#3414,#3415);
#2969=AXIS2_PLACEMENT_3D('',#4858,#3417,#3418);
#2970=AXIS2_PLACEMENT_3D('',#4859,#3419,#3420);
#2971=AXIS2_PLACEMENT_3D('',#4860,#3421,#3422);
#2972=AXIS2_PLACEMENT_3D('',#4863,#3424,#3425);
#2973=AXIS2_PLACEMENT_3D('',#4866,#3427,#3428);
#2974=AXIS2_PLACEMENT_3D('',#4867,#3429,#3430);
#2975=AXIS2_PLACEMENT_3D('',#4868,#3431,#3432);
#2976=AXIS2_PLACEMENT_3D('',#4871,#3434,#3435);
#2977=AXIS2_PLACEMENT_3D('',#4885,#3437,#3438);
#2978=AXIS2_PLACEMENT_3D('',#4892,#3439,#3440);
#2979=AXIS2_PLACEMENT_3D('',#4910,#3441,#3442);
#2980=AXIS2_PLACEMENT_3D('',#4923,#3443,#3444);
#2981=AXIS2_PLACEMENT_3D('',#4946,#3445,#3446);
#2982=AXIS2_PLACEMENT_3D('',#4959,#3447,#3448);
#2983=AXIS2_PLACEMENT_3D('',#4982,#3449,#3450);
#2984=AXIS2_PLACEMENT_3D('',#4995,#3451,#3452);
#2985=AXIS2_PLACEMENT_3D('',#5029,#3453,#3454);
#2986=AXIS2_PLACEMENT_3D('',#5052,#3455,#3456);
#2987=AXIS2_PLACEMENT_3D('',#5075,#3457,#3458);
#2988=AXIS2_PLACEMENT_3D('',#5088,#3459,#3460);
#2989=AXIS2_PLACEMENT_3D('',#5111,#3461,#3462);
#2990=AXIS2_PLACEMENT_3D('',#5124,#3463,#3464);
#2991=AXIS2_PLACEMENT_3D('',#5147,#3465,#3466);
#2992=AXIS2_PLACEMENT_3D('',#5160,#3467,#3468);
#2993=AXIS2_PLACEMENT_3D('',#5183,#3469,#3470);
#2994=AXIS2_PLACEMENT_3D('',#5196,#3471,#3472);
#2995=AXIS2_PLACEMENT_3D('',#5219,#3473,#3474);
#2996=AXIS2_PLACEMENT_3D('',#5268,#3475,#3476);
#2997=AXIS2_PLACEMENT_3D('',#5275,#3478,#3479);
#2998=AXIS2_PLACEMENT_3D('',#5303,#3481,#3482);
#2999=AXIS2_PLACEMENT_3D('',#5332,#3483,#3484);
#3000=AXIS2_PLACEMENT_3D('',#5345,#3485,#3486);
#3001=AXIS2_PLACEMENT_3D('',#5368,#3487,#3488);
#3002=AXIS2_PLACEMENT_3D('',#5381,#3489,#3490);
#3003=AXIS2_PLACEMENT_3D('',#5404,#3491,#3492);
#3004=AXIS2_PLACEMENT_3D('',#5417,#3493,#3494);
#3005=AXIS2_PLACEMENT_3D('',#5440,#3495,#3496);
#3006=AXIS2_PLACEMENT_3D('',#5453,#3497,#3498);
#3007=AXIS2_PLACEMENT_3D('',#5486,#3499,#3500);
#3008=AXIS2_PLACEMENT_3D('',#5502,#3501,#3502);
#3009=AXIS2_PLACEMENT_3D('',#5508,#3503,#3504);
#3010=AXIS2_PLACEMENT_3D('',#5511,#3506,#3507);
#3011=AXIS2_PLACEMENT_3D('',#5512,#3508,#3509);
#3012=AXIS2_PLACEMENT_3D('',#5513,#3510,#3511);
#3013=AXIS2_PLACEMENT_3D('',#5516,#3513,#3514);
#3014=AXIS2_PLACEMENT_3D('',#5518,#3516,#3517);
#3015=AXIS2_PLACEMENT_3D('',#5519,#3518,#3519);
#3016=AXIS2_PLACEMENT_3D('',#5520,#3520,#3521);
#3017=AXIS2_PLACEMENT_3D('',#5521,#3522,#3523);
#3018=AXIS2_PLACEMENT_3D('',#5522,#3524,#3525);
#3019=AXIS2_PLACEMENT_3D('',#5523,#3526,#3527);
#3020=AXIS2_PLACEMENT_3D('',#5524,#3528,#3529);
#3021=AXIS2_PLACEMENT_3D('',#5525,#3530,#3531);
#3022=AXIS2_PLACEMENT_3D('',#5526,#3532,#3533);
#3023=AXIS2_PLACEMENT_3D('',#5527,#3534,#3535);
#3024=AXIS2_PLACEMENT_3D('',#5528,#3536,#3537);
#3025=AXIS2_PLACEMENT_3D('',#5529,#3538,#3539);
#3026=AXIS2_PLACEMENT_3D('',#5530,#3540,#3541);
#3027=AXIS2_PLACEMENT_3D('',#5531,#3542,#3543);
#3028=AXIS2_PLACEMENT_3D('',#5532,#3544,#3545);
#3029=AXIS2_PLACEMENT_3D('',#5533,#3546,#3547);
#3030=AXIS2_PLACEMENT_3D('',#5534,#3548,#3549);
#3031=AXIS2_PLACEMENT_3D('',#5535,#3550,#3551);
#3032=AXIS2_PLACEMENT_3D('',#5536,#3552,#3553);
#3033=AXIS2_PLACEMENT_3D('',#5537,#3554,#3555);
#3034=AXIS2_PLACEMENT_3D('',#5538,#3556,#3557);
#3035=AXIS2_PLACEMENT_3D('',#5539,#3558,#3559);
#3036=AXIS2_PLACEMENT_3D('',#5540,#3560,#3561);
#3037=AXIS2_PLACEMENT_3D('',#5541,#3562,#3563);
#3038=AXIS2_PLACEMENT_3D('',#5542,#3564,#3565);
#3039=AXIS2_PLACEMENT_3D('',#5543,#3566,#3567);
#3040=AXIS2_PLACEMENT_3D('',#5544,#3568,#3569);
#3041=AXIS2_PLACEMENT_3D('',#5545,#3570,#3571);
#3042=AXIS2_PLACEMENT_3D('',#5546,#3572,#3573);
#3043=AXIS2_PLACEMENT_3D('',#5547,#3574,#3575);
#3044=AXIS2_PLACEMENT_3D('',#5548,#3576,#3577);
#3045=AXIS2_PLACEMENT_3D('',#5549,#3578,#3579);
#3046=AXIS2_PLACEMENT_3D('',#5550,#3580,#3581);
#3047=AXIS2_PLACEMENT_3D('',#5551,#3582,#3583);
#3048=AXIS2_PLACEMENT_3D('',#5552,#3584,#3585);
#3049=AXIS2_PLACEMENT_3D('',#5553,#3586,#3587);
#3050=AXIS2_PLACEMENT_3D('',#5554,#3588,#3589);
#3051=AXIS2_PLACEMENT_3D('',#5555,#3590,#3591);
#3052=AXIS2_PLACEMENT_3D('',#5556,#3592,#3593);
#3053=AXIS2_PLACEMENT_3D('',#5557,#3594,#3595);
#3054=AXIS2_PLACEMENT_3D('',#5558,#3596,#3597);
#3055=AXIS2_PLACEMENT_3D('',#5559,#3598,#3599);
#3056=AXIS2_PLACEMENT_3D('',#5560,#3600,#3601);
#3057=AXIS2_PLACEMENT_3D('',#5594,#3602,#3603);
#3058=AXIS2_PLACEMENT_3D('',#5595,#3604,#3605);
#3059=AXIS2_PLACEMENT_3D('',#5596,#3606,#3607);
#3060=AXIS2_PLACEMENT_3D('',#5597,#3608,#3609);
#3061=AXIS2_PLACEMENT_3D('',#5598,#3610,#3611);
#3062=AXIS2_PLACEMENT_3D('',#5599,#3612,#3613);
#3063=AXIS2_PLACEMENT_3D('',#5600,#3614,#3615);
#3064=AXIS2_PLACEMENT_3D('',#5601,#3616,#3617);
#3065=AXIS2_PLACEMENT_3D('',#5602,#3618,#3619);
#3066=AXIS2_PLACEMENT_3D('',#5603,#3620,#3621);
#3067=AXIS2_PLACEMENT_3D('',#5604,#3622,#3623);
#3068=AXIS2_PLACEMENT_3D('',#5605,#3624,#3625);
#3069=AXIS2_PLACEMENT_3D('',#5606,#3626,#3627);
#3070=AXIS2_PLACEMENT_3D('',#5607,#3628,#3629);
#3071=AXIS2_PLACEMENT_3D('',#5608,#3630,#3631);
#3072=AXIS2_PLACEMENT_3D('',#5609,#3632,#3633);
#3073=AXIS2_PLACEMENT_3D('',#5610,#3634,#3635);
#3074=AXIS2_PLACEMENT_3D('',#5611,#3636,#3637);
#3075=AXIS2_PLACEMENT_3D('',#5612,#3638,#3639);
#3076=AXIS2_PLACEMENT_3D('',#5613,#3640,#3641);
#3077=AXIS2_PLACEMENT_3D('',#5614,#3642,#3643);
#3078=AXIS2_PLACEMENT_3D('',#5615,#3644,#3645);
#3079=AXIS2_PLACEMENT_3D('',#5616,#3646,#3647);
#3080=AXIS2_PLACEMENT_3D('',#5617,#3648,#3649);
#3081=AXIS2_PLACEMENT_3D('',#5618,#3650,#3651);
#3082=AXIS2_PLACEMENT_3D('',#5619,#3652,#3653);
#3083=AXIS2_PLACEMENT_3D('',#5620,#3654,#3655);
#3084=AXIS2_PLACEMENT_3D('',#5621,#3656,#3657);
#3085=AXIS2_PLACEMENT_3D('',#5622,#3658,#3659);
#3086=AXIS2_PLACEMENT_3D('',#5623,#3660,#3661);
#3087=AXIS2_PLACEMENT_3D('',#5624,#3662,#3663);
#3088=AXIS2_PLACEMENT_3D('',#5625,#3664,#3665);
#3089=AXIS2_PLACEMENT_3D('',#5626,#3666,#3667);
#3090=AXIS2_PLACEMENT_3D('',#5627,#3668,#3669);
#3091=AXIS2_PLACEMENT_3D('',#5628,#3670,#3671);
#3092=AXIS2_PLACEMENT_3D('',#5629,#3672,#3673);
#3093=AXIS2_PLACEMENT_3D('',#5630,#3674,#3675);
#3094=AXIS2_PLACEMENT_3D('',#5631,#3676,#3677);
#3095=AXIS2_PLACEMENT_3D('',#5632,#3678,#3679);
#3096=AXIS2_PLACEMENT_3D('',#5633,#3680,#3681);
#3097=AXIS2_PLACEMENT_3D('',#5634,#3682,#3683);
#3098=AXIS2_PLACEMENT_3D('',#5635,#3684,#3685);
#3099=AXIS2_PLACEMENT_3D('',#5636,#3686,#3687);
#3100=AXIS2_PLACEMENT_3D('',#5689,#3688,#3689);
#3101=AXIS2_PLACEMENT_3D('',#5702,#3690,#3691);
#3102=AXIS2_PLACEMENT_3D('',#5718,#3692,#3693);
#3103=AXIS2_PLACEMENT_3D('',#5734,#3694,#3695);
#3104=AXIS2_PLACEMENT_3D('',#5747,#3696,#3697);
#3105=AXIS2_PLACEMENT_3D('',#5760,#3698,#3699);
#3106=AXIS2_PLACEMENT_3D('',#5773,#3700,#3701);
#3107=AXIS2_PLACEMENT_3D('',#5786,#3702,#3703);
#3108=AXIS2_PLACEMENT_3D('',#5799,#3704,#3705);
#3109=AXIS2_PLACEMENT_3D('',#5812,#3706,#3707);
#3110=AXIS2_PLACEMENT_3D('',#5825,#3708,#3709);
#3111=AXIS2_PLACEMENT_3D('',#5864,#3710,#3711);
#3112=AXIS2_PLACEMENT_3D('',#5869,#3712,#3713);
#3113=AXIS2_PLACEMENT_3D('',#5889,#3714,#3715);
#3114=AXIS2_PLACEMENT_3D('',#5905,#3716,#3717);
#3115=AXIS2_PLACEMENT_3D('',#5918,#3718,#3719);
#3116=AXIS2_PLACEMENT_3D('',#5931,#3720,#3721);
#3117=AXIS2_PLACEMENT_3D('',#5944,#3722,#3723);
#3118=AXIS2_PLACEMENT_3D('',#5957,#3724,#3725);
#3119=AXIS2_PLACEMENT_3D('',#5970,#3726,#3727);
#3120=AXIS2_PLACEMENT_3D('',#5983,#3728,#3729);
#3121=AXIS2_PLACEMENT_3D('',#5996,#3730,#3731);
#3122=AXIS2_PLACEMENT_3D('',#6012,#3732,#3733);
#3123=AXIS2_PLACEMENT_3D('',#6025,#3734,#3735);
#3124=AXIS2_PLACEMENT_3D('',#6026,#3736,#3737);
#3125=AXIS2_PLACEMENT_3D('',#6027,#3738,#3739);
#3126=AXIS2_PLACEMENT_3D('',#6028,#3740,#3741);
#3127=AXIS2_PLACEMENT_3D('',#6029,#3742,#3743);
#3128=AXIS2_PLACEMENT_3D('',#6030,#3744,#3745);
#3129=AXIS2_PLACEMENT_3D('',#6043,#3746,#3747);
#3130=AXIS2_PLACEMENT_3D('',#6044,#3748,#3749);
#3131=AXIS2_PLACEMENT_3D('',#6057,#3750,#3751);
#3132=AXIS2_PLACEMENT_3D('',#6070,#3752,#3753);
#3133=AXIS2_PLACEMENT_3D('',#6083,#3754,#3755);
#3134=AXIS2_PLACEMENT_3D('',#6096,#3756,#3757);
#3135=AXIS2_PLACEMENT_3D('',#6109,#3758,#3759);
#3136=AXIS2_PLACEMENT_3D('',#6122,#3760,#3761);
#3137=AXIS2_PLACEMENT_3D('',#6135,#3762,#3763);
#3138=AXIS2_PLACEMENT_3D('',#6159,#3764,#3765);
#3139=AXIS2_PLACEMENT_3D('',#6172,#3766,#3767);
#3140=AXIS2_PLACEMENT_3D('',#6185,#3768,#3769);
#3141=AXIS2_PLACEMENT_3D('',#6198,#3770,#3771);
#3142=AXIS2_PLACEMENT_3D('',#6211,#3772,#3773);
#3143=AXIS2_PLACEMENT_3D('',#6224,#3774,#3775);
#3144=AXIS2_PLACEMENT_3D('',#6237,#3776,#3777);
#3145=AXIS2_PLACEMENT_3D('',#6250,#3778,#3779);
#3146=AXIS2_PLACEMENT_3D('',#6263,#3780,#3781);
#3147=AXIS2_PLACEMENT_3D('',#6276,#3782,#3783);
#3148=AXIS2_PLACEMENT_3D('',#6289,#3784,#3785);
#3149=AXIS2_PLACEMENT_3D('',#6322,#3786,#3787);
#3150=AXIS2_PLACEMENT_3D('',#6323,#3788,#3789);
#3151=AXIS2_PLACEMENT_3D('',#6324,#3790,#3791);
#3152=AXIS2_PLACEMENT_3D('',#6325,#3792,#3793);
#3153=AXIS2_PLACEMENT_3D('',#6326,#3794,#3795);
#3154=AXIS2_PLACEMENT_3D('',#6327,#3796,#3797);
#3155=AXIS2_PLACEMENT_3D('',#6328,#3798,#3799);
#3156=AXIS2_PLACEMENT_3D('',#6329,#3800,#3801);
#3157=AXIS2_PLACEMENT_3D('',#6330,#3802,#3803);
#3158=AXIS2_PLACEMENT_3D('',#6331,#3804,#3805);
#3159=AXIS2_PLACEMENT_3D('',#6332,#3806,#3807);
#3160=DIRECTION('',(0.,0.,1.));
#3161=DIRECTION('',(1.,0.,0.));
#3162=DIRECTION('',(0.,0.,1.));
#3163=DIRECTION('',(1.,0.,0.));
#3164=DIRECTION('',(0.,1.,0.));
#3165=DIRECTION('',(1.,0.,0.));
#3166=DIRECTION('',(0.,-1.,0.));
#3167=DIRECTION('',(-1.,0.,0.));
#3168=DIRECTION('',(-0.729290738545214,0.68420393061731,0.));
#3169=DIRECTION('',(0.,-1.,0.));
#3170=DIRECTION('',(0.725812815891287,-0.6878922563076,0.));
#3171=DIRECTION('',(0.,-1.,0.));
#3172=DIRECTION('',(-1.,0.,0.));
#3173=DIRECTION('',(0.,1.,0.));
#3174=DIRECTION('',(0.,-1.,0.));
#3175=DIRECTION('',(0.,1.,0.));
#3176=DIRECTION('',(-1.,0.,0.));
#3177=DIRECTION('',(1.,0.,0.));
#3178=DIRECTION('',(0.,0.,1.));
#3179=DIRECTION('',(1.,0.,0.));
#3180=DIRECTION('',(0.,1.,0.));
#3181=DIRECTION('',(0.,0.,1.));
#3182=DIRECTION('',(1.,0.,0.));
#3183=DIRECTION('',(-1.,-1.18613571006961E-16,0.));
#3184=DIRECTION('',(0.,0.,1.));
#3185=DIRECTION('',(1.,0.,0.));
#3186=DIRECTION('',(0.,-1.,0.));
#3187=DIRECTION('',(0.,0.,1.));
#3188=DIRECTION('',(1.,0.,0.));
#3189=DIRECTION('',(1.,0.,0.));
#3190=DIRECTION('',(0.,0.,1.));
#3191=DIRECTION('',(1.,0.,0.));
#3192=DIRECTION('',(0.,1.,0.));
#3193=DIRECTION('',(0.,0.,1.));
#3194=DIRECTION('',(1.,0.,0.));
#3195=DIRECTION('',(-1.,0.,0.));
#3196=DIRECTION('',(0.,0.,1.));
#3197=DIRECTION('',(1.,0.,0.));
#3198=DIRECTION('',(0.,-1.,0.));
#3199=DIRECTION('',(0.,0.,1.));
#3200=DIRECTION('',(1.,0.,0.));
#3201=DIRECTION('',(1.,0.,0.));
#3202=DIRECTION('',(0.,0.,1.));
#3203=DIRECTION('',(1.,0.,0.));
#3204=DIRECTION('',(0.,1.,0.));
#3205=DIRECTION('',(0.,0.,1.));
#3206=DIRECTION('',(1.,0.,0.));
#3207=DIRECTION('',(0.,0.,1.));
#3208=DIRECTION('',(1.,0.,0.));
#3209=DIRECTION('',(0.,0.,1.));
#3210=DIRECTION('',(0.,0.,1.));
#3211=DIRECTION('',(1.,0.,0.));
#3212=DIRECTION('',(0.,0.,1.));
#3213=DIRECTION('',(0.,0.,1.));
#3214=DIRECTION('',(1.,0.,0.));
#3215=DIRECTION('',(-1.,0.,0.));
#3216=DIRECTION('',(0.,0.,1.));
#3217=DIRECTION('',(0.,0.,1.));
#3218=DIRECTION('',(0.,-1.,0.));
#3219=DIRECTION('',(0.,-1.,0.));
#3220=DIRECTION('',(0.,0.,1.));
#3221=DIRECTION('',(1.,0.,0.));
#3222=DIRECTION('',(0.,0.,1.));
#3223=DIRECTION('',(0.,0.,1.));
#3224=DIRECTION('',(1.,0.,0.));
#3225=DIRECTION('',(0.,0.,1.));
#3226=DIRECTION('',(1.,0.,0.));
#3227=DIRECTION('',(0.,-1.,0.));
#3228=DIRECTION('',(0.,0.,-1.));
#3229=DIRECTION('',(0.,0.,1.));
#3230=DIRECTION('',(1.,0.,0.));
#3231=DIRECTION('',(1.,0.,0.));
#3232=DIRECTION('',(0.,0.,1.));
#3233=DIRECTION('',(1.,0.,0.));
#3234=DIRECTION('',(0.,0.,1.));
#3235=DIRECTION('',(0.,0.,1.));
#3236=DIRECTION('',(1.,0.,0.));
#3237=DIRECTION('',(0.,0.,1.));
#3238=DIRECTION('',(1.,0.,0.));
#3239=DIRECTION('',(1.,0.,0.));
#3240=DIRECTION('',(0.,0.,-1.));
#3241=DIRECTION('',(0.,0.,1.));
#3242=DIRECTION('',(0.,1.,0.));
#3243=DIRECTION('',(0.,1.,0.));
#3244=DIRECTION('',(0.,0.,1.));
#3245=DIRECTION('',(1.,0.,0.));
#3246=DIRECTION('',(0.,0.,1.));
#3247=DIRECTION('',(0.,0.,1.));
#3248=DIRECTION('',(1.,0.,0.));
#3249=DIRECTION('',(0.,0.,1.));
#3250=DIRECTION('',(1.,0.,0.));
#3251=DIRECTION('',(0.,1.,0.));
#3252=DIRECTION('',(0.,0.,1.));
#3253=DIRECTION('',(0.,0.,1.));
#3254=DIRECTION('',(-1.,0.,0.));
#3255=DIRECTION('',(-1.,0.,0.));
#3256=DIRECTION('',(0.,0.,1.));
#3257=DIRECTION('',(0.,-1.,0.));
#3258=DIRECTION('',(0.,0.,-1.));
#3259=DIRECTION('',(0.,0.,1.));
#3260=DIRECTION('',(1.,0.,0.));
#3261=DIRECTION('',(1.,0.,0.));
#3262=DIRECTION('',(0.,0.,1.));
#3263=DIRECTION('',(1.,0.,0.));
#3264=DIRECTION('',(0.,0.,1.));
#3265=DIRECTION('',(0.,0.,1.));
#3266=DIRECTION('',(1.,0.,0.));
#3267=DIRECTION('',(0.,0.,1.));
#3268=DIRECTION('',(1.,0.,0.));
#3269=DIRECTION('',(1.,0.,0.));
#3270=DIRECTION('',(0.,0.,-1.));
#3271=DIRECTION('',(0.,0.,1.));
#3272=DIRECTION('',(0.,1.,0.));
#3273=DIRECTION('',(0.,1.,0.));
#3274=DIRECTION('',(0.,0.,1.));
#3275=DIRECTION('',(1.,0.,0.));
#3276=DIRECTION('',(0.,0.,1.));
#3277=DIRECTION('',(0.,0.,1.));
#3278=DIRECTION('',(1.,0.,0.));
#3279=DIRECTION('',(0.,0.,1.));
#3280=DIRECTION('',(1.,0.,0.));
#3281=DIRECTION('',(-1.18613571006961E-16,1.,0.));
#3282=DIRECTION('',(-1.,-1.18613571006961E-16,0.));
#3283=DIRECTION('',(0.,0.,1.));
#3284=DIRECTION('',(-1.,-1.18613571006961E-16,0.));
#3285=DIRECTION('',(-1.,-1.18613571006961E-16,0.));
#3286=DIRECTION('',(0.,0.,1.));
#3287=DIRECTION('',(1.,0.,0.));
#3288=DIRECTION('',(0.,0.,1.));
#3289=DIRECTION('',(0.,0.,1.));
#3290=DIRECTION('',(1.,0.,0.));
#3291=DIRECTION('',(0.,0.,1.));
#3292=DIRECTION('',(1.,0.,0.));
#3293=DIRECTION('',(-1.,0.,0.));
#3294=DIRECTION('',(0.,0.,1.));
#3295=DIRECTION('',(0.,0.,1.));
#3296=DIRECTION('',(0.,-1.,0.));
#3297=DIRECTION('',(0.,-1.,0.));
#3298=DIRECTION('',(0.,0.,1.));
#3299=DIRECTION('',(1.,0.,0.));
#3300=DIRECTION('',(0.,0.,1.));
#3301=DIRECTION('',(0.,0.,1.));
#3302=DIRECTION('',(1.,0.,0.));
#3303=DIRECTION('',(0.,0.,1.));
#3304=DIRECTION('',(1.,0.,0.));
#3305=DIRECTION('',(0.,-1.,0.));
#3306=DIRECTION('',(0.,0.,-1.));
#3307=DIRECTION('',(0.,0.,1.));
#3308=DIRECTION('',(1.,0.,0.));
#3309=DIRECTION('',(1.,0.,0.));
#3310=DIRECTION('',(0.,0.,1.));
#3311=DIRECTION('',(1.,0.,0.));
#3312=DIRECTION('',(0.,0.,1.));
#3313=DIRECTION('',(0.,0.,1.));
#3314=DIRECTION('',(1.,0.,0.));
#3315=DIRECTION('',(0.,0.,1.));
#3316=DIRECTION('',(1.,0.,0.));
#3317=DIRECTION('',(1.,0.,0.));
#3318=DIRECTION('',(0.,0.,-1.));
#3319=DIRECTION('',(0.,0.,1.));
#3320=DIRECTION('',(0.,1.,0.));
#3321=DIRECTION('',(0.,1.,0.));
#3322=DIRECTION('',(0.,0.,1.));
#3323=DIRECTION('',(1.,0.,0.));
#3324=DIRECTION('',(0.,0.,1.));
#3325=DIRECTION('',(0.,0.,1.));
#3326=DIRECTION('',(1.,0.,0.));
#3327=DIRECTION('',(0.,0.,1.));
#3328=DIRECTION('',(1.,0.,0.));
#3329=DIRECTION('',(0.,1.,0.));
#3330=DIRECTION('',(0.,0.,1.));
#3331=DIRECTION('',(-1.,0.,0.));
#3332=DIRECTION('',(-1.,0.,0.));
#3333=DIRECTION('',(0.,0.,1.));
#3334=DIRECTION('',(1.,0.,0.));
#3335=DIRECTION('',(1.,0.,0.));
#3336=DIRECTION('',(-1.,0.,0.));
#3337=DIRECTION('',(0.,0.,1.));
#3338=DIRECTION('',(1.,0.,0.));
#3339=DIRECTION('',(0.,1.,0.));
#3340=DIRECTION('',(0.,0.,1.));
#3341=DIRECTION('',(1.,0.,0.));
#3342=DIRECTION('',(1.,0.,0.));
#3343=DIRECTION('',(0.,0.,1.));
#3344=DIRECTION('',(1.,0.,0.));
#3345=DIRECTION('',(0.,-1.,0.));
#3346=DIRECTION('',(0.,0.,1.));
#3347=DIRECTION('',(1.,0.,0.));
#3348=DIRECTION('',(-1.,0.,0.));
#3349=DIRECTION('',(0.,0.,1.));
#3350=DIRECTION('',(1.,0.,0.));
#3351=DIRECTION('',(0.,1.,0.));
#3352=DIRECTION('',(0.,0.,1.));
#3353=DIRECTION('',(1.,0.,0.));
#3354=DIRECTION('',(1.,0.,0.));
#3355=DIRECTION('',(0.,0.,1.));
#3356=DIRECTION('',(1.,0.,0.));
#3357=DIRECTION('',(0.,-1.,0.));
#3358=DIRECTION('',(0.,0.,1.));
#3359=DIRECTION('',(1.,0.,0.));
#3360=DIRECTION('',(-1.,-1.18613571006961E-16,0.));
#3361=DIRECTION('',(0.,0.,1.));
#3362=DIRECTION('',(1.,0.,0.));
#3363=DIRECTION('',(0.,1.,0.));
#3364=DIRECTION('',(0.,0.,1.));
#3365=DIRECTION('',(1.,0.,0.));
#3366=DIRECTION('',(0.,0.,1.));
#3367=DIRECTION('',(1.,0.,0.));
#3368=DIRECTION('',(0.,1.,0.));
#3369=DIRECTION('',(-1.,0.,0.));
#3370=DIRECTION('',(0.,-1.,0.));
#3371=DIRECTION('',(-0.725812815891287,0.6878922563076,0.));
#3372=DIRECTION('',(0.,1.,0.));
#3373=DIRECTION('',(0.729290738545214,-0.68420393061731,0.));
#3374=DIRECTION('',(1.,0.,0.));
#3375=DIRECTION('',(0.,0.,1.));
#3376=DIRECTION('',(1.,0.,0.));
#3377=DIRECTION('',(0.,0.,1.));
#3378=DIRECTION('',(1.,0.,0.));
#3379=DIRECTION('',(0.,-1.,0.));
#3380=DIRECTION('',(1.,0.,0.));
#3381=DIRECTION('',(0.,1.,0.));
#3382=DIRECTION('',(0.,-1.,0.));
#3383=DIRECTION('',(0.,1.,0.));
#3384=DIRECTION('',(0.,-1.,0.));
#3385=DIRECTION('',(0.,0.,-1.));
#3386=DIRECTION('',(0.,-1.,0.));
#3387=DIRECTION('',(-0.866143665251765,0.499795109163983,0.));
#3388=DIRECTION('',(-0.499795109163983,-0.866143665251766,0.));
#3389=DIRECTION('',(-0.76627826235117,0.642508851805227,3.90101316062344E-14));
#3390=DIRECTION('',(-0.642508851805227,-0.76627826235117,0.));
#3391=DIRECTION('',(-0.474678882387885,0.880159053021094,0.));
#3392=DIRECTION('',(-0.880159053021094,-0.474678882387885,0.));
#3393=DIRECTION('',(0.,1.,0.));
#3394=DIRECTION('',(0.,0.,1.));
#3395=DIRECTION('',(0.,1.,0.));
#3396=DIRECTION('',(0.,0.,1.));
#3397=DIRECTION('',(0.749079202775259,0.662480451009373,-3.30400862338264E-14));
#3398=DIRECTION('',(-0.662480451009373,0.749079202775259,0.));
#3399=DIRECTION('',(0.655337026100105,0.755336601934707,0.));
#3400=DIRECTION('',(-0.755336601934707,0.655337026100105,0.));
#3401=DIRECTION('',(1.,0.,0.));
#3402=DIRECTION('',(0.,0.,-1.));
#3403=DIRECTION('',(1.,0.,0.));
#3404=DIRECTION('',(0.,0.,-1.));
#3405=DIRECTION('',(0.861620189010063,-0.507553593121222,-7.70406991640878E-15));
#3406=DIRECTION('',(0.507553593121222,0.861620189010063,0.));
#3407=DIRECTION('',(0.894427190999903,-0.447213595499984,0.));
#3408=DIRECTION('',(0.447213595499984,0.894427190999903,0.));
#3409=DIRECTION('',(-0.729290738545214,0.68420393061731,0.));
#3410=DIRECTION('',(-0.68420393061731,-0.729290738545214,0.));
#3411=DIRECTION('',(-0.929863091682107,0.367905736198001,0.));
#3412=DIRECTION('',(0.367905736198001,0.929863091682107,0.));
#3413=DIRECTION('',(-0.729290738545214,0.68420393061731,0.));
#3414=DIRECTION('',(0.725812815891287,-0.6878922563076,0.));
#3415=DIRECTION('',(0.6878922563076,0.725812815891287,0.));
#3416=DIRECTION('',(0.725812815891287,-0.6878922563076,0.));
#3417=DIRECTION('',(0.918665405985117,0.395036544950211,0.));
#3418=DIRECTION('',(0.395036544950211,-0.918665405985117,0.));
#3419=DIRECTION('',(-1.,0.,0.));
#3420=DIRECTION('',(0.,0.,1.));
#3421=DIRECTION('',(-0.707106781186548,-0.707106781186548,0.));
#3422=DIRECTION('',(-0.707106781186548,0.707106781186548,0.));
#3423=DIRECTION('',(-1.,0.,0.));
#3424=DIRECTION('',(0.,1.,0.));
#3425=DIRECTION('',(0.,0.,1.));
#3426=DIRECTION('',(0.,1.,0.));
#3427=DIRECTION('',(0.707106781186548,0.707106781186548,0.));
#3428=DIRECTION('',(0.707106781186548,-0.707106781186548,0.));
#3429=DIRECTION('',(0.,-1.,0.));
#3430=DIRECTION('',(0.,0.,-1.));
#3431=DIRECTION('',(0.707106781186548,-0.707106781186548,0.));
#3432=DIRECTION('',(0.707106781186548,0.707106781186548,0.));
#3433=DIRECTION('',(0.,-1.,0.));
#3434=DIRECTION('',(1.,0.,0.));
#3435=DIRECTION('',(0.,0.,-1.));
#3436=DIRECTION('',(1.,0.,0.));
#3437=DIRECTION('',(-0.678803966229633,-0.734319532241189,-3.06518070379492E-14));
#3438=DIRECTION('',(0.734319532241189,-0.678803966229633,0.));
#3439=DIRECTION('',(1.,0.,0.));
#3440=DIRECTION('',(0.,0.,-1.));
#3441=DIRECTION('',(0.677111882874173,-0.735880084029044,0.));
#3442=DIRECTION('',(0.735880084029044,0.677111882874173,0.));
#3443=DIRECTION('',(0.,-1.,0.));
#3444=DIRECTION('',(0.,0.,-1.));
#3445=DIRECTION('',(0.,-1.,0.));
#3446=DIRECTION('',(0.,0.,-1.));
#3447=DIRECTION('',(0.680063128757772,-0.733153558883942,-1.11284135383055E-14));
#3448=DIRECTION('',(0.733153558883942,0.680063128757772,0.));
#3449=DIRECTION('',(-0.678386419382437,-0.734705291935124,0.));
#3450=DIRECTION('',(0.734705291935124,-0.678386419382437,0.));
#3451=DIRECTION('',(1.,0.,0.));
#3452=DIRECTION('',(0.,0.,-1.));
#3453=DIRECTION('',(-0.808602857429184,0.588354841024835,3.12568842447464E-14));
#3454=DIRECTION('',(-0.588354841024836,-0.808602857429184,0.));
#3455=DIRECTION('',(-1.,0.,0.));
#3456=DIRECTION('',(0.,0.,1.));
#3457=DIRECTION('',(0.824129355164378,0.566401629549515,0.));
#3458=DIRECTION('',(-0.566401629549515,0.824129355164379,0.));
#3459=DIRECTION('',(-0.644853903688382,-0.764305856904064,3.2317820749456E-14));
#3460=DIRECTION('',(0.764305856904064,-0.644853903688382,0.));
#3461=DIRECTION('',(1.,0.,0.));
#3462=DIRECTION('',(0.,0.,-1.));
#3463=DIRECTION('',(0.,-1.,0.));
#3464=DIRECTION('',(0.,0.,-1.));
#3465=DIRECTION('',(0.637781668042822,-0.77021720566897,0.));
#3466=DIRECTION('',(0.77021720566897,0.637781668042822,0.));
#3467=DIRECTION('',(0.419642041029554,-0.907689681224013,2.16506207351689E-14));
#3468=DIRECTION('',(0.907689681224013,0.419642041029554,0.));
#3469=DIRECTION('',(0.,-1.,0.));
#3470=DIRECTION('',(0.,0.,-1.));
#3471=DIRECTION('',(0.826844979486526,-0.562429888873206,-2.68306591250358E-14));
#3472=DIRECTION('',(0.562429888873206,0.826844979486526,0.));
#3473=DIRECTION('',(-0.638785145723099,-0.769385168562223,0.));
#3474=DIRECTION('',(0.769385168562222,-0.638785145723099,0.));
#3475=DIRECTION('',(0.,-1.,0.));
#3476=DIRECTION('',(0.,0.,-1.));
#3477=DIRECTION('',(0.,-1.,0.));
#3478=DIRECTION('',(0.,1.,0.));
#3479=DIRECTION('',(0.,0.,1.));
#3480=DIRECTION('',(0.,1.,0.));
#3481=DIRECTION('',(-0.630091343929818,0.776521022448662,-2.18895502675095E-14));
#3482=DIRECTION('',(-0.776521022448662,-0.630091343929818,0.));
#3483=DIRECTION('',(0.645052075743865,0.764138612804334,0.));
#3484=DIRECTION('',(-0.764138612804334,0.645052075743865,0.));
#3485=DIRECTION('',(0.,1.,0.));
#3486=DIRECTION('',(0.,0.,1.));
#3487=DIRECTION('',(0.,1.,0.));
#3488=DIRECTION('',(0.,0.,1.));
#3489=DIRECTION('',(0.682159378264453,0.73120351657104,1.26843590591272E-14));
#3490=DIRECTION('',(-0.73120351657104,0.682159378264453,0.));
#3491=DIRECTION('',(-0.681603655103555,0.731721570919892,0.));
#3492=DIRECTION('',(-0.731721570919892,-0.681603655103555,0.));
#3493=DIRECTION('',(1.,0.,0.));
#3494=DIRECTION('',(0.,0.,-1.));
#3495=DIRECTION('',(-1.,0.,0.));
#3496=DIRECTION('',(0.,0.,1.));
#3497=DIRECTION('',(0.720591505834874,-0.693359850091299,2.55592366966319E-14));
#3498=DIRECTION('',(0.693359850091299,0.720591505834874,0.));
#3499=DIRECTION('',(0.,-1.,0.));
#3500=DIRECTION('',(0.,0.,-1.));
#3501=DIRECTION('',(0.,-1.,0.));
#3502=DIRECTION('',(0.,0.,-1.));
#3503=DIRECTION('',(0.,-1.,0.));
#3504=DIRECTION('',(0.,0.,-1.));
#3505=DIRECTION('',(0.,-1.,0.));
#3506=DIRECTION('',(-0.707106781186548,-0.707106781186548,0.));
#3507=DIRECTION('',(-0.707106781186548,0.707106781186548,0.));
#3508=DIRECTION('',(0.,1.,0.));
#3509=DIRECTION('',(0.,0.,1.));
#3510=DIRECTION('',(-0.707106781186548,0.707106781186548,0.));
#3511=DIRECTION('',(-0.707106781186548,-0.707106781186548,0.));
#3512=DIRECTION('',(0.,1.,0.));
#3513=DIRECTION('',(-1.,0.,0.));
#3514=DIRECTION('',(0.,0.,1.));
#3515=DIRECTION('',(-1.,0.,0.));
#3516=DIRECTION('',(0.,1.,0.));
#3517=DIRECTION('',(0.,0.,1.));
#3518=DIRECTION('',(0.,1.,0.));
#3519=DIRECTION('',(0.,0.,1.));
#3520=DIRECTION('',(0.,-1.,-9.54097911787349E-14));
#3521=DIRECTION('',(0.,9.54097911787349E-14,-1.));
#3522=DIRECTION('',(0.,0.,1.));
#3523=DIRECTION('',(1.,0.,0.));
#3524=DIRECTION('',(-1.,0.,0.));
#3525=DIRECTION('',(0.,0.,1.));
#3526=DIRECTION('',(0.,0.,1.));
#3527=DIRECTION('',(1.,0.,0.));
#3528=DIRECTION('',(-1.,0.,0.));
#3529=DIRECTION('',(0.,0.,1.));
#3530=DIRECTION('',(1.,0.,0.));
#3531=DIRECTION('',(0.,0.,-1.));
#3532=DIRECTION('',(-1.,0.,0.));
#3533=DIRECTION('',(0.,0.,1.));
#3534=DIRECTION('',(-1.,0.,0.));
#3535=DIRECTION('',(0.,0.,1.));
#3536=DIRECTION('',(-1.,0.,0.));
#3537=DIRECTION('',(0.,0.,1.));
#3538=DIRECTION('',(0.,0.,1.));
#3539=DIRECTION('',(1.,0.,0.));
#3540=DIRECTION('',(1.9081958235747E-13,1.,-1.9081958235747E-13));
#3541=DIRECTION('',(0.,1.9081958235747E-13,1.));
#3542=DIRECTION('',(0.,0.,1.));
#3543=DIRECTION('',(1.,0.,0.));
#3544=DIRECTION('',(0.,-1.,0.));
#3545=DIRECTION('',(0.,0.,-1.));
#3546=DIRECTION('',(0.,-1.,0.));
#3547=DIRECTION('',(0.,0.,-1.));
#3548=DIRECTION('',(0.,1.,0.));
#3549=DIRECTION('',(0.,0.,1.));
#3550=DIRECTION('',(0.,-1.,0.));
#3551=DIRECTION('',(0.,0.,-1.));
#3552=DIRECTION('',(0.,-1.,0.));
#3553=DIRECTION('',(0.,0.,-1.));
#3554=DIRECTION('',(0.,0.,1.));
#3555=DIRECTION('',(1.,0.,0.));
#3556=DIRECTION('',(-1.,0.,0.));
#3557=DIRECTION('',(0.,0.,1.));
#3558=DIRECTION('',(0.,0.,1.));
#3559=DIRECTION('',(1.,0.,0.));
#3560=DIRECTION('',(-1.,0.,0.));
#3561=DIRECTION('',(0.,0.,1.));
#3562=DIRECTION('',(1.,1.18613571006961E-16,0.));
#3563=DIRECTION('',(-1.18613571006961E-16,1.,0.));
#3564=DIRECTION('',(-1.,0.,0.));
#3565=DIRECTION('',(0.,0.,1.));
#3566=DIRECTION('',(-1.,0.,0.));
#3567=DIRECTION('',(0.,0.,1.));
#3568=DIRECTION('',(-1.,0.,0.));
#3569=DIRECTION('',(0.,0.,1.));
#3570=DIRECTION('',(0.,0.,1.));
#3571=DIRECTION('',(1.,0.,0.));
#3572=DIRECTION('',(0.,1.,0.));
#3573=DIRECTION('',(0.,0.,1.));
#3574=DIRECTION('',(0.,0.,1.));
#3575=DIRECTION('',(1.,0.,0.));
#3576=DIRECTION('',(0.,-1.,0.));
#3577=DIRECTION('',(0.,0.,-1.));
#3578=DIRECTION('',(0.,-1.,0.));
#3579=DIRECTION('',(0.,0.,-1.));
#3580=DIRECTION('',(0.,1.,0.));
#3581=DIRECTION('',(0.,0.,1.));
#3582=DIRECTION('',(0.,-1.,0.));
#3583=DIRECTION('',(0.,0.,-1.));
#3584=DIRECTION('',(0.,-1.,0.));
#3585=DIRECTION('',(0.,0.,-1.));
#3586=DIRECTION('',(0.,0.,1.));
#3587=DIRECTION('',(1.,0.,0.));
#3588=DIRECTION('',(1.,0.,0.));
#3589=DIRECTION('',(0.,0.,-1.));
#3590=DIRECTION('',(0.,0.,1.));
#3591=DIRECTION('',(1.,0.,0.));
#3592=DIRECTION('',(1.,0.,0.));
#3593=DIRECTION('',(0.,0.,-1.));
#3594=DIRECTION('',(-1.,0.,0.));
#3595=DIRECTION('',(0.,0.,1.));
#3596=DIRECTION('',(1.,0.,0.));
#3597=DIRECTION('',(0.,0.,-1.));
#3598=DIRECTION('',(1.,0.,0.));
#3599=DIRECTION('',(0.,0.,-1.));
#3600=DIRECTION('',(1.,0.,0.));
#3601=DIRECTION('',(0.,0.,-1.));
#3602=DIRECTION('',(0.,-1.,0.));
#3603=DIRECTION('',(0.,0.,-1.));
#3604=DIRECTION('',(0.,1.,0.));
#3605=DIRECTION('',(0.,0.,1.));
#3606=DIRECTION('',(9.54097911787349E-14,-1.,0.));
#3607=DIRECTION('',(1.,9.54097911787349E-14,0.));
#3608=DIRECTION('',(0.,0.,1.));
#3609=DIRECTION('',(1.,0.,0.));
#3610=DIRECTION('',(-1.,0.,0.));
#3611=DIRECTION('',(0.,0.,1.));
#3612=DIRECTION('',(0.,0.,1.));
#3613=DIRECTION('',(1.,0.,0.));
#3614=DIRECTION('',(-1.,0.,0.));
#3615=DIRECTION('',(0.,0.,1.));
#3616=DIRECTION('',(-1.,0.,0.));
#3617=DIRECTION('',(0.,0.,1.));
#3618=DIRECTION('',(-1.,0.,0.));
#3619=DIRECTION('',(0.,0.,1.));
#3620=DIRECTION('',(1.,0.,0.));
#3621=DIRECTION('',(0.,0.,-1.));
#3622=DIRECTION('',(-1.,0.,0.));
#3623=DIRECTION('',(0.,0.,1.));
#3624=DIRECTION('',(0.,0.,1.));
#3625=DIRECTION('',(1.,0.,0.));
#3626=DIRECTION('',(0.,1.,0.));
#3627=DIRECTION('',(0.,0.,1.));
#3628=DIRECTION('',(0.,0.,1.));
#3629=DIRECTION('',(1.,0.,0.));
#3630=DIRECTION('',(0.,-1.,0.));
#3631=DIRECTION('',(0.,0.,-1.));
#3632=DIRECTION('',(0.,1.,0.));
#3633=DIRECTION('',(0.,0.,1.));
#3634=DIRECTION('',(0.,1.,0.));
#3635=DIRECTION('',(0.,0.,1.));
#3636=DIRECTION('',(0.,1.,0.));
#3637=DIRECTION('',(0.,0.,1.));
#3638=DIRECTION('',(0.,-1.,0.));
#3639=DIRECTION('',(0.,0.,-1.));
#3640=DIRECTION('',(0.,0.,1.));
#3641=DIRECTION('',(1.,0.,0.));
#3642=DIRECTION('',(-1.,0.,0.));
#3643=DIRECTION('',(0.,0.,1.));
#3644=DIRECTION('',(0.,0.,1.));
#3645=DIRECTION('',(1.,0.,0.));
#3646=DIRECTION('',(-1.,0.,0.));
#3647=DIRECTION('',(0.,0.,1.));
#3648=DIRECTION('',(-1.,-1.18613571006961E-16,0.));
#3649=DIRECTION('',(1.18613571006961E-16,-1.,0.));
#3650=DIRECTION('',(-1.,0.,0.));
#3651=DIRECTION('',(0.,0.,1.));
#3652=DIRECTION('',(1.,0.,0.));
#3653=DIRECTION('',(0.,0.,-1.));
#3654=DIRECTION('',(-1.,0.,0.));
#3655=DIRECTION('',(0.,0.,1.));
#3656=DIRECTION('',(0.,0.,1.));
#3657=DIRECTION('',(1.,0.,0.));
#3658=DIRECTION('',(0.,1.,0.));
#3659=DIRECTION('',(0.,0.,1.));
#3660=DIRECTION('',(0.,0.,1.));
#3661=DIRECTION('',(1.,0.,0.));
#3662=DIRECTION('',(0.,-1.,0.));
#3663=DIRECTION('',(0.,0.,-1.));
#3664=DIRECTION('',(0.,1.,0.));
#3665=DIRECTION('',(0.,0.,1.));
#3666=DIRECTION('',(0.,1.,0.));
#3667=DIRECTION('',(0.,0.,1.));
#3668=DIRECTION('',(0.,1.,0.));
#3669=DIRECTION('',(0.,0.,1.));
#3670=DIRECTION('',(0.,-1.,0.));
#3671=DIRECTION('',(0.,0.,-1.));
#3672=DIRECTION('',(0.,0.,1.));
#3673=DIRECTION('',(1.,0.,0.));
#3674=DIRECTION('',(1.,0.,0.));
#3675=DIRECTION('',(0.,0.,-1.));
#3676=DIRECTION('',(0.,0.,1.));
#3677=DIRECTION('',(1.,0.,0.));
#3678=DIRECTION('',(1.,0.,0.));
#3679=DIRECTION('',(0.,0.,-1.));
#3680=DIRECTION('',(1.,0.,0.));
#3681=DIRECTION('',(0.,0.,-1.));
#3682=DIRECTION('',(1.,0.,0.));
#3683=DIRECTION('',(0.,0.,-1.));
#3684=DIRECTION('',(-1.,0.,0.));
#3685=DIRECTION('',(0.,0.,1.));
#3686=DIRECTION('',(1.,0.,0.));
#3687=DIRECTION('',(0.,0.,-1.));
#3688=DIRECTION('',(0.808602857429483,-0.588354841024425,0.));
#3689=DIRECTION('',(0.588354841024425,0.808602857429483,0.));
#3690=DIRECTION('',(1.,0.,0.));
#3691=DIRECTION('',(0.,0.,-1.));
#3692=DIRECTION('',(-0.824129355164454,-0.566401629549405,-3.13486801404737E-13));
#3693=DIRECTION('',(0.566401629549405,-0.824129355164454,0.));
#3694=DIRECTION('',(0.64485390368831,0.764305856904124,0.));
#3695=DIRECTION('',(-0.764305856904124,0.64485390368831,0.));
#3696=DIRECTION('',(-1.,0.,0.));
#3697=DIRECTION('',(0.,0.,1.));
#3698=DIRECTION('',(0.,1.,0.));
#3699=DIRECTION('',(0.,0.,1.));
#3700=DIRECTION('',(-0.637781668042691,0.770217205669078,-8.3507116767222E-15));
#3701=DIRECTION('',(-0.770217205669078,-0.637781668042691,0.));
#3702=DIRECTION('',(-0.41964204102966,0.907689681223964,0.));
#3703=DIRECTION('',(-0.907689681223964,-0.41964204102966,0.));
#3704=DIRECTION('',(0.,1.,0.));
#3705=DIRECTION('',(0.,0.,1.));
#3706=DIRECTION('',(-0.826844979486558,0.562429888873158,0.));
#3707=DIRECTION('',(-0.562429888873158,-0.826844979486558,0.));
#3708=DIRECTION('',(0.638785145722988,0.769385168562315,-9.50952741206167E-14));
#3709=DIRECTION('',(-0.769385168562315,0.638785145722988,0.));
#3710=DIRECTION('',(0.,-1.,0.));
#3711=DIRECTION('',(0.,0.,-1.));
#3712=DIRECTION('',(0.,1.,0.));
#3713=DIRECTION('',(0.,0.,1.));
#3714=DIRECTION('',(0.63009134392984,-0.776521022448644,0.));
#3715=DIRECTION('',(0.776521022448644,0.63009134392984,0.));
#3716=DIRECTION('',(-0.645052075743931,-0.764138612804278,5.63366905976134E-14));
#3717=DIRECTION('',(0.764138612804278,-0.645052075743931,0.));
#3718=DIRECTION('',(0.,-1.,0.));
#3719=DIRECTION('',(0.,0.,-1.));
#3720=DIRECTION('',(0.,-1.,0.));
#3721=DIRECTION('',(0.,0.,-1.));
#3722=DIRECTION('',(-0.682159378264316,-0.731203516571168,0.));
#3723=DIRECTION('',(0.731203516571168,-0.682159378264316,0.));
#3724=DIRECTION('',(0.68160365510329,-0.731721570920139,-2.39956401369262E-13));
#3725=DIRECTION('',(0.731721570920139,0.68160365510329,0.));
#3726=DIRECTION('',(-1.,0.,0.));
#3727=DIRECTION('',(0.,0.,1.));
#3728=DIRECTION('',(1.,0.,0.));
#3729=DIRECTION('',(0.,0.,-1.));
#3730=DIRECTION('',(-0.720591505835011,0.693359850091156,0.));
#3731=DIRECTION('',(-0.693359850091156,-0.720591505835011,0.));
#3732=DIRECTION('',(0.,1.,0.));
#3733=DIRECTION('',(0.,0.,1.));
#3734=DIRECTION('',(0.,1.,0.));
#3735=DIRECTION('',(0.,0.,1.));
#3736=DIRECTION('',(0.,-1.,0.));
#3737=DIRECTION('',(0.,0.,-1.));
#3738=DIRECTION('',(-0.707106781186548,-0.707106781186548,0.));
#3739=DIRECTION('',(-0.707106781186548,0.707106781186548,0.));
#3740=DIRECTION('',(0.,1.,0.));
#3741=DIRECTION('',(0.,0.,1.));
#3742=DIRECTION('',(-0.707106781186548,0.707106781186548,0.));
#3743=DIRECTION('',(-0.707106781186548,-0.707106781186548,0.));
#3744=DIRECTION('',(-1.,0.,0.));
#3745=DIRECTION('',(0.,0.,1.));
#3746=DIRECTION('',(0.678803966229523,0.734319532241291,0.));
#3747=DIRECTION('',(-0.734319532241291,0.678803966229523,0.));
#3748=DIRECTION('',(-1.,0.,0.));
#3749=DIRECTION('',(0.,0.,1.));
#3750=DIRECTION('',(-0.677111882874144,0.735880084029071,-5.355519699637E-14));
#3751=DIRECTION('',(-0.735880084029071,-0.677111882874144,0.));
#3752=DIRECTION('',(0.,1.,0.));
#3753=DIRECTION('',(0.,0.,1.));
#3754=DIRECTION('',(0.,1.,0.));
#3755=DIRECTION('',(0.,0.,1.));
#3756=DIRECTION('',(-0.680063128757965,0.733153558883763,0.));
#3757=DIRECTION('',(-0.733153558883763,-0.680063128757965,0.));
#3758=DIRECTION('',(0.678386419382374,0.734705291935182,-1.13311950727112E-13));
#3759=DIRECTION('',(-0.734705291935182,0.678386419382374,0.));
#3760=DIRECTION('',(-1.,0.,0.));
#3761=DIRECTION('',(0.,0.,1.));
#3762=DIRECTION('',(0.,-1.,0.));
#3763=DIRECTION('',(0.,0.,-1.));
#3764=DIRECTION('',(0.866143665251716,-0.499795109164069,-2.76167170197069E-13));
#3765=DIRECTION('',(0.499795109164069,0.866143665251716,0.));
#3766=DIRECTION('',(0.766278262351296,-0.642508851805077,0.));
#3767=DIRECTION('',(0.642508851805077,0.766278262351296,0.));
#3768=DIRECTION('',(0.474678882387969,-0.880159053021048,3.43537328670591E-14));
#3769=DIRECTION('',(0.880159053021048,0.474678882387969,0.));
#3770=DIRECTION('',(0.,-1.,0.));
#3771=DIRECTION('',(0.,0.,-1.));
#3772=DIRECTION('',(0.,-1.,0.));
#3773=DIRECTION('',(0.,0.,-1.));
#3774=DIRECTION('',(-0.749079202775177,-0.662480451009466,0.));
#3775=DIRECTION('',(0.662480451009466,-0.749079202775177,0.));
#3776=DIRECTION('',(-0.655337026100229,-0.7553366019346,7.69801329688878E-14));
#3777=DIRECTION('',(0.7553366019346,-0.655337026100229,0.));
#3778=DIRECTION('',(-1.,0.,0.));
#3779=DIRECTION('',(0.,0.,1.));
#3780=DIRECTION('',(-1.,0.,0.));
#3781=DIRECTION('',(0.,0.,1.));
#3782=DIRECTION('',(-0.861620189010098,0.507553593121163,0.));
#3783=DIRECTION('',(-0.507553593121163,-0.861620189010098,0.));
#3784=DIRECTION('',(-0.894427190999983,0.447213595499825,-2.61829773975249E-14));
#3785=DIRECTION('',(-0.447213595499825,-0.894427190999983,0.));
#3786=DIRECTION('',(-0.729290738545214,0.68420393061731,0.));
#3787=DIRECTION('',(-0.68420393061731,-0.729290738545214,0.));
#3788=DIRECTION('',(-0.929863091682107,0.367905736198001,0.));
#3789=DIRECTION('',(0.367905736198001,0.929863091682107,0.));
#3790=DIRECTION('',(0.725812815891287,-0.6878922563076,0.));
#3791=DIRECTION('',(0.6878922563076,0.725812815891287,0.));
#3792=DIRECTION('',(0.918665405985117,0.395036544950211,0.));
#3793=DIRECTION('',(0.395036544950211,-0.918665405985117,0.));
#3794=DIRECTION('',(-1.,0.,0.));
#3795=DIRECTION('',(0.,0.,1.));
#3796=DIRECTION('',(-0.707106781186548,-0.707106781186548,0.));
#3797=DIRECTION('',(-0.707106781186548,0.707106781186548,0.));
#3798=DIRECTION('',(0.,1.,0.));
#3799=DIRECTION('',(0.,0.,1.));
#3800=DIRECTION('',(0.707106781186548,0.707106781186548,0.));
#3801=DIRECTION('',(0.707106781186548,-0.707106781186548,0.));
#3802=DIRECTION('',(0.,-1.,0.));
#3803=DIRECTION('',(0.,0.,-1.));
#3804=DIRECTION('',(0.707106781186548,-0.707106781186548,0.));
#3805=DIRECTION('',(0.707106781186548,0.707106781186548,0.));
#3806=DIRECTION('',(1.,0.,0.));
#3807=DIRECTION('',(0.,0.,-1.));
#3808=CARTESIAN_POINT('',(0.,0.,0.));
#3809=CARTESIAN_POINT('',(0.22325,0.,0.3055));
#3810=CARTESIAN_POINT('',(0.465628559027778,0.,0.3055));
#3811=CARTESIAN_POINT('',(0.465628559027778,0.00260901134518114,0.3055));
#3812=CARTESIAN_POINT('',(0.465628559027778,0.00414794379340275,0.3055));
#3813=CARTESIAN_POINT('',(0.22325,0.00414794379340275,0.3055));
#3814=CARTESIAN_POINT('',(0.4667,0.00414794379340275,0.3055));
#3815=CARTESIAN_POINT('',(0.4667,0.,0.3055));
#3816=CARTESIAN_POINT('',(0.4667,0.000871261935763883,0.3055));
#3817=CARTESIAN_POINT('',(0.22325,0.000871261935763883,0.3055));
#3818=CARTESIAN_POINT('',(0.46584995954949,0.000871261935763883,0.3055));
#3819=CARTESIAN_POINT('',(0.337254282001999,0.121516792432837,0.3055));
#3820=CARTESIAN_POINT('',(0.464346047634074,0.00228219777992693,0.3055));
#3821=CARTESIAN_POINT('',(0.464346047634074,0.00228219777992692,0.3055));
#3822=CARTESIAN_POINT('',(0.464190360120403,0.00242465782605688,0.3055));
#3823=CARTESIAN_POINT('',(0.464029363915558,0.00256303281321921,0.3055));
#3824=CARTESIAN_POINT('',(0.463847382510543,0.00267023238580907,0.3055));
#3825=CARTESIAN_POINT('',(0.463847382510543,0.00267023238580908,0.3055));
#3826=CARTESIAN_POINT('',(0.463847382510543,0.00267023238580908,0.3055));
#3827=CARTESIAN_POINT('',(0.463746449455974,0.00272968890175945,0.3055));
#3828=CARTESIAN_POINT('',(0.463634719082822,0.00277675238715325,0.3055));
#3829=CARTESIAN_POINT('',(0.463517252604167,0.00277675238715325,0.3055));
#3830=CARTESIAN_POINT('',(0.463517252604167,0.00277675238715276,0.3055));
#3831=CARTESIAN_POINT('',(0.463517252604167,0.00277675238715276,0.3055));
#3832=CARTESIAN_POINT('',(0.463407670932672,0.00277675238715276,0.3055));
#3833=CARTESIAN_POINT('',(0.463292382563197,0.00275885226585061,0.3055));
#3834=CARTESIAN_POINT('',(0.463209807288119,0.00268582326534773,0.3055));
#3835=CARTESIAN_POINT('',(0.463209807288119,0.00268582326534772,0.3055));
#3836=CARTESIAN_POINT('',(0.463209807288119,0.00268582326534771,0.3055));
#3837=CARTESIAN_POINT('',(0.463139503073961,0.00262364670600564,0.3055));
#3838=CARTESIAN_POINT('',(0.463117751736111,0.00252493071073262,0.3055));
#3839=CARTESIAN_POINT('',(0.463117751736111,0.0024316677517361,0.3055));
#3840=CARTESIAN_POINT('',(0.463117751736111,0.0024316677517361,0.3055));
#3841=CARTESIAN_POINT('',(0.463117751736111,0.0024316677517361,0.3055));
#3842=CARTESIAN_POINT('',(0.463117751736111,0.00232175885709048,0.3055));
#3843=CARTESIAN_POINT('',(0.463156011093427,0.00221066732105337,0.3055));
#3844=CARTESIAN_POINT('',(0.46324039955682,0.00213990929830355,0.3055));
#3845=CARTESIAN_POINT('',(0.463240399556819,0.00213990929830355,0.3055));
#3846=CARTESIAN_POINT('',(0.463240399556819,0.00213990929830355,0.3055));
#3847=CARTESIAN_POINT('',(0.463397263565267,0.00200838199430825,0.3055));
#3848=CARTESIAN_POINT('',(0.46362015427037,0.00202386610243054,0.3055));
#3849=CARTESIAN_POINT('',(0.463823318142361,0.00202386610243054,0.3055));
#3850=CARTESIAN_POINT('',(0.463823318142361,0.00202386610243054,0.3055));
#3851=CARTESIAN_POINT('',(0.463823318142361,0.,0.3055));
#3852=CARTESIAN_POINT('',(0.463823318142361,0.000788254123263883,0.3055));
#3853=CARTESIAN_POINT('',(0.463823318142361,0.000788254123263883,0.3055));
#3854=CARTESIAN_POINT('',(0.463650668304612,0.000788254123263883,0.3055));
#3855=CARTESIAN_POINT('',(0.463301963836421,0.000785560402936485,0.3055));
#3856=CARTESIAN_POINT('',(0.462973292672194,0.000911568058988669,0.3055));
#3857=CARTESIAN_POINT('',(0.462823326568445,0.000998103732227444,0.3055));
#3858=CARTESIAN_POINT('',(0.462823326568445,0.000998103732227419,0.3055));
#3859=CARTESIAN_POINT('',(0.462823326568445,0.000998103732227421,0.3055));
#3860=CARTESIAN_POINT('',(0.462580521740812,0.00113821058770755,0.3055));
#3861=CARTESIAN_POINT('',(0.462382641174248,0.00134725065077804,0.3055));
#3862=CARTESIAN_POINT('',(0.462249668059188,0.00159381205338351,0.3055));
#3863=CARTESIAN_POINT('',(0.462249668059188,0.00159381205338353,0.3055));
#3864=CARTESIAN_POINT('',(0.462249668059188,0.00159381205338353,0.3055));
#3865=CARTESIAN_POINT('',(0.462109092703787,0.00185446968168327,0.3055));
#3866=CARTESIAN_POINT('',(0.462045388454861,0.002150540818972,0.3055));
#3867=CARTESIAN_POINT('',(0.462045388454861,0.00244642469618054,0.3055));
#3868=CARTESIAN_POINT('',(0.462045388454861,0.00244642469618054,0.3055));
#3869=CARTESIAN_POINT('',(0.462045388454861,0.00244642469618054,0.3055));
#3870=CARTESIAN_POINT('',(0.462045388454861,0.00285412570643096,0.3055));
#3871=CARTESIAN_POINT('',(0.462137077587405,0.00327515611886241,0.3055));
#3872=CARTESIAN_POINT('',(0.462405600431349,0.00358465355973388,0.3055));
#3873=CARTESIAN_POINT('',(0.462405600431349,0.00358465355973389,0.3055));
#3874=CARTESIAN_POINT('',(0.462405600431349,0.0035846535597339,0.3055));
#3875=CARTESIAN_POINT('',(0.462659457041481,0.00387724680815276,0.3055));
#3876=CARTESIAN_POINT('',(0.463049523532612,0.00401236436631942,0.3055));
#3877=CARTESIAN_POINT('',(0.463436089409722,0.00401236436631942,0.3055));
#3878=CARTESIAN_POINT('',(0.463436089409722,0.00401236436631942,0.3055));
#3879=CARTESIAN_POINT('',(0.463436089409722,0.00401236436631942,0.3055));
#3880=CARTESIAN_POINT('',(0.463687876086756,0.00401236436631942,0.3055));
#3881=CARTESIAN_POINT('',(0.463935082741471,0.00394234472388948,0.3055));
#3882=CARTESIAN_POINT('',(0.464160080739933,0.0038298457246583,0.3055));
#3883=CARTESIAN_POINT('',(0.464160080739933,0.00382984572465829,0.3055));
#3884=CARTESIAN_POINT('',(0.464160080739933,0.00382984572465829,0.3055));
#3885=CARTESIAN_POINT('',(0.464456675167943,0.00368154851065379,0.3055));
#3886=CARTESIAN_POINT('',(0.464714069402899,0.00346746415013751,0.3055));
#3887=CARTESIAN_POINT('',(0.464958584826981,0.0032439823109226,0.3055));
#3888=CARTESIAN_POINT('',(0.464958584826981,0.0032439823109226,0.3055));
#3889=CARTESIAN_POINT('',(0.339245135381218,0.122389451354844,0.3055));
#3890=CARTESIAN_POINT('',(0.466731358506945,-9.54589843749996E-5,0.3055));
#3891=CARTESIAN_POINT('',(0.466731358506945,-0.000268542387326546,0.3055));
#3892=CARTESIAN_POINT('',(0.46667371230484,-0.000440856962083107,0.3055));
#3893=CARTESIAN_POINT('',(0.466556093619151,-0.000568240217904248,0.3055));
#3894=CARTESIAN_POINT('',(0.466731358506945,-9.54589843749996E-5,0.3055));
#3895=CARTESIAN_POINT('',(0.466556093619151,-0.000568240217904267,0.3055));
#3896=CARTESIAN_POINT('',(0.466556093619151,-0.000568240217904274,0.3055));
#3897=CARTESIAN_POINT('',(0.466437527274119,-0.000696649806674235,0.3055));
#3898=CARTESIAN_POINT('',(0.466265052717892,-0.000764914279513886,0.3055));
#3899=CARTESIAN_POINT('',(0.466090494791667,-0.000764914279513886,0.3055));
#3900=CARTESIAN_POINT('',(0.466090494791667,-0.000764914279513886,0.3055));
#3901=CARTESIAN_POINT('',(0.466090494791667,-0.000764914279513886,0.3055));
#3902=CARTESIAN_POINT('',(0.465914685443482,-0.000764914279513886,0.3055));
#3903=CARTESIAN_POINT('',(0.465741193488386,-0.000696211278296571,0.3055));
#3904=CARTESIAN_POINT('',(0.465621517074682,-0.00056719209623773,0.3055));
#3905=CARTESIAN_POINT('',(0.465621517074682,-0.000567192096237665,0.3055));
#3906=CARTESIAN_POINT('',(0.465621517074682,-0.000567192096237664,0.3055));
#3907=CARTESIAN_POINT('',(0.465503708017546,-0.00044018604951091,0.3055));
#3908=CARTESIAN_POINT('',(0.465444097222222,-0.000268472082662588,0.3055));
#3909=CARTESIAN_POINT('',(0.465444097222222,-9.54589843751013E-5,0.3055));
#3910=CARTESIAN_POINT('',(0.465444097222222,-9.54589843749996E-5,0.3055));
#3911=CARTESIAN_POINT('',(0.465444097222222,-9.54589843749996E-5,0.3055));
#3912=CARTESIAN_POINT('',(0.465444097222222,7.84959705318943E-5,0.3055));
#3913=CARTESIAN_POINT('',(0.465503023752274,0.000251318416835263,0.3055));
#3914=CARTESIAN_POINT('',(0.46562128388001,0.000379250376579243,0.3055));
#3915=CARTESIAN_POINT('',(0.46562128388001,0.000379250376579254,0.3055));
#3916=CARTESIAN_POINT('',(0.46562128388001,0.000379250376579258,0.3055));
#3917=CARTESIAN_POINT('',(0.465740857214035,0.000508602942381908,0.3055));
#3918=CARTESIAN_POINT('',(0.465914553158364,0.000577685546874998,0.3055));
#3919=CARTESIAN_POINT('',(0.466090494791667,0.000577685546874998,0.3055));
#3920=CARTESIAN_POINT('',(0.466090494791667,0.000577685546874998,0.3055));
#3921=CARTESIAN_POINT('',(0.466090494791667,0.000577685546874998,0.3055));
#3922=CARTESIAN_POINT('',(0.466265317013788,0.000577685546874998,0.3055));
#3923=CARTESIAN_POINT('',(0.466437839765097,0.000509068170589811,0.3055));
#3924=CARTESIAN_POINT('',(0.46655632857757,0.000380295423449805,0.3055));
#3925=CARTESIAN_POINT('',(0.46655632857757,0.00038029542344983,0.3055));
#3926=CARTESIAN_POINT('',(0.46655632857757,0.000380295423449824,0.3055));
#3927=CARTESIAN_POINT('',(0.46667430052892,0.000252084397077312,0.3055));
#3928=CARTESIAN_POINT('',(0.466731358506945,7.84714999524347E-5,0.3055));
#3929=CARTESIAN_POINT('',(0.466731358506945,-9.54589843749667E-5,0.3055));
#3930=CARTESIAN_POINT('',(0.464883973524306,0.,0.3055));
#3931=CARTESIAN_POINT('',(0.464883973524306,-0.00274156358506943,0.3055));
#3932=CARTESIAN_POINT('',(0.464883973524306,-0.0033824273003472,0.3055));
#3933=CARTESIAN_POINT('',(0.22325,-0.0033824273003472,0.3055));
#3934=CARTESIAN_POINT('',(0.463832823350695,-0.0033824273003472,0.3055));
#3935=CARTESIAN_POINT('',(0.463832823350695,0.,0.3055));
#3936=CARTESIAN_POINT('',(0.463832823350695,-0.00273879665798609,0.3055));
#3937=CARTESIAN_POINT('',(0.463832823350695,-0.00273879665798609,0.3055));
#3938=CARTESIAN_POINT('',(0.463832823350695,-0.00262233394339014,0.3055));
#3939=CARTESIAN_POINT('',(0.463820305471492,-0.00249458543284154,0.3055));
#3940=CARTESIAN_POINT('',(0.463735514227899,-0.00241299850950026,0.3055));
#3941=CARTESIAN_POINT('',(0.463735514227898,-0.00241299850950029,0.3055));
#3942=CARTESIAN_POINT('',(0.463735514227898,-0.0024129985095003,0.3055));
#3943=CARTESIAN_POINT('',(0.463661485194053,-0.0023417670844928,0.3055));
#3944=CARTESIAN_POINT('',(0.463555923226933,-0.00231623806423598,0.3055));
#3945=CARTESIAN_POINT('',(0.46345361328125,-0.00231623806423598,0.3055));
#3946=CARTESIAN_POINT('',(0.46345361328125,-0.0023162380642361,0.3055));
#3947=CARTESIAN_POINT('',(0.46345361328125,-0.0023162380642361,0.3055));
#3948=CARTESIAN_POINT('',(0.463362777968166,-0.0023162380642361,0.3055));
#3949=CARTESIAN_POINT('',(0.463267528251747,-0.00233701819498126,0.3055));
#3950=CARTESIAN_POINT('',(0.463205105720675,-0.00240392862044451,0.3055));
#3951=CARTESIAN_POINT('',(0.463205105720675,-0.00240392862044455,0.3055));
#3952=CARTESIAN_POINT('',(0.463205105720675,-0.00240392862044455,0.3055));
#3953=CARTESIAN_POINT('',(0.46313632568303,-0.00247765362811605,0.3055));
#3954=CARTESIAN_POINT('',(0.463117751736111,-0.00258322185704911,0.3055));
#3955=CARTESIAN_POINT('',(0.463117751736111,-0.00268345811631938,0.3055));
#3956=CARTESIAN_POINT('',(0.463117751736111,-0.00268345811631943,0.3055));
#3957=CARTESIAN_POINT('',(0.463117751736111,-0.00268345811631943,0.3055));
#3958=CARTESIAN_POINT('',(0.463117751736111,-0.00278205353277541,0.3055));
#3959=CARTESIAN_POINT('',(0.463141783891233,-0.00288194013391567,0.3055));
#3960=CARTESIAN_POINT('',(0.463204023822545,-0.00295864427461681,0.3055));
#3961=CARTESIAN_POINT('',(0.463204023822545,-0.00295864427461679,0.3055));
#3962=CARTESIAN_POINT('',(0.463204023822545,-0.00295864427461679,0.3055));
#3963=CARTESIAN_POINT('',(0.463291384564771,-0.00306630716116343,0.3055));
#3964=CARTESIAN_POINT('',(0.463452095346643,-0.00304606662326387,0.3055));
#3965=CARTESIAN_POINT('',(0.463589973958333,-0.00304606662326387,0.3055));
#3966=CARTESIAN_POINT('',(0.463589973958333,-0.00304606662326387,0.3055));
#3967=CARTESIAN_POINT('',(0.463589973958333,0.,0.3055));
#3968=CARTESIAN_POINT('',(0.463589973958333,-0.0042789116753472,0.3055));
#3969=CARTESIAN_POINT('',(0.463589973958333,-0.0042789116753472,0.3055));
#3970=CARTESIAN_POINT('',(0.46343271715928,-0.0042789116753472,0.3055));
#3971=CARTESIAN_POINT('',(0.463113966971126,-0.00428548012569522,0.3055));
#3972=CARTESIAN_POINT('',(0.462818633617791,-0.00415550460354381,0.3055));
#3973=CARTESIAN_POINT('',(0.462688132511809,-0.00406673618339738,0.3055));
#3974=CARTESIAN_POINT('',(0.462688132511809,-0.00406673618339728,0.3055));
#3975=CARTESIAN_POINT('',(0.462688132511809,-0.00406673618339728,0.3055));
#3976=CARTESIAN_POINT('',(0.462478432135569,-0.00392409546811031,0.3055));
#3977=CARTESIAN_POINT('',(0.462317275894103,-0.00371951934918021,0.3055));
#3978=CARTESIAN_POINT('',(0.462210958808547,-0.00348955449327534,0.3055));
#3979=CARTESIAN_POINT('',(0.462210958808547,-0.00348955449327533,0.3055));
#3980=CARTESIAN_POINT('',(0.462210958808547,-0.00348955449327534,0.3055));
#3981=CARTESIAN_POINT('',(0.46209747807641,-0.00324409460244776,0.3055));
#3982=CARTESIAN_POINT('',(0.462045388454861,-0.00297400980601656,0.3055));
#3983=CARTESIAN_POINT('',(0.462045388454861,-0.00270374891493055,0.3055));
#3984=CARTESIAN_POINT('',(0.462045388454861,-0.00270374891493054,0.3055));
#3985=CARTESIAN_POINT('',(0.462045388454861,-0.00270374891493054,0.3055));
#3986=CARTESIAN_POINT('',(0.462045388454861,-0.00228395738252582,0.3055));
#3987=CARTESIAN_POINT('',(0.462139486291576,-0.00185321337846792,0.3055));
#3988=CARTESIAN_POINT('',(0.462411185052578,-0.00153118546926225,0.3055));
#3989=CARTESIAN_POINT('',(0.462411185052578,-0.00153118546926231,0.3055));
#3990=CARTESIAN_POINT('',(0.462411185052578,-0.00153118546926231,0.3055));
#3991=CARTESIAN_POINT('',(0.462662984646782,-0.00123274282432408,0.3055));
#3992=CARTESIAN_POINT('',(0.463051652200062,-0.00108247070312499,0.3055));
#3993=CARTESIAN_POINT('',(0.463441623263889,-0.00108247070312499,0.3055));
#3994=CARTESIAN_POINT('',(0.463441623263889,-0.00108247070312499,0.3055));
#3995=CARTESIAN_POINT('',(0.463441623263889,-0.00108247070312499,0.3055));
#3996=CARTESIAN_POINT('',(0.463674274243487,-0.00108247070312499,0.3055));
#3997=CARTESIAN_POINT('',(0.463901905860569,-0.00115998982851938,0.3055));
#3998=CARTESIAN_POINT('',(0.46409008307758,-0.00129691115594469,0.3055));
#3999=CARTESIAN_POINT('',(0.46409008307758,-0.00129691115594471,0.3055));
#4000=CARTESIAN_POINT('',(0.46409008307758,-0.00129691115594471,0.3055));
#4001=CARTESIAN_POINT('',(0.464176874799721,-0.00136006246614982,0.3055));
#4002=CARTESIAN_POINT('',(0.464255782459785,-0.00143337874404886,0.3055));
#4003=CARTESIAN_POINT('',(0.464324802148812,-0.00151558875059088,0.3055));
#4004=CARTESIAN_POINT('',(0.464324802148812,-0.00151558875059086,0.3055));
#4005=CARTESIAN_POINT('',(0.464324802148812,-0.00151558875059086,0.3055));
#4006=CARTESIAN_POINT('',(0.464402339117225,-0.00140292356507634,0.3055));
#4007=CARTESIAN_POINT('',(0.46449851659971,-0.00130397293019399,0.3055));
#4008=CARTESIAN_POINT('',(0.464611274795618,-0.0012264772973699,0.3055));
#4009=CARTESIAN_POINT('',(0.464611274795618,-0.00122647729736989,0.3055));
#4010=CARTESIAN_POINT('',(0.464611274795618,-0.00122647729736989,0.3055));
#4011=CARTESIAN_POINT('',(0.464819471051466,-0.00108338968880531,0.3055));
#4012=CARTESIAN_POINT('',(0.465071813944022,-0.00101698676215277,0.3055));
#4013=CARTESIAN_POINT('',(0.465324055989583,-0.00101698676215277,0.3055));
#4014=CARTESIAN_POINT('',(0.465324055989583,-0.00101698676215277,0.3055));
#4015=CARTESIAN_POINT('',(0.465324055989583,-0.00101698676215277,0.3055));
#4016=CARTESIAN_POINT('',(0.465725525562805,-0.00101698676215277,0.3055));
#4017=CARTESIAN_POINT('',(0.466118108785174,-0.0011873588901871,0.3055));
#4018=CARTESIAN_POINT('',(0.466374583805717,-0.00149709101882199,0.3055));
#4019=CARTESIAN_POINT('',(0.466374583805717,-0.00149709101882199,0.3055));
#4020=CARTESIAN_POINT('',(0.466374583805717,-0.00149709101882199,0.3055));
#4021=CARTESIAN_POINT('',(0.466651316084358,-0.00183128683073261,0.3055));
#4022=CARTESIAN_POINT('',(0.46675810546875,-0.00227133722765108,0.3055));
#4023=CARTESIAN_POINT('',(0.46675810546875,-0.00270374891493053,0.3055));
#4024=CARTESIAN_POINT('',(0.46675810546875,-0.00270374891493054,0.3055));
#4025=CARTESIAN_POINT('',(0.46675810546875,-0.00270374891493054,0.3055));
#4026=CARTESIAN_POINT('',(0.46675810546875,-0.00311814101390883,0.3055));
#4027=CARTESIAN_POINT('',(0.466645412145182,-0.00353977910048221,0.3055));
#4028=CARTESIAN_POINT('',(0.466380412406976,-0.00385895820101959,0.3055));
#4029=CARTESIAN_POINT('',(0.466380412406976,-0.0038589582010196,0.3055));
#4030=CARTESIAN_POINT('',(0.466380412406976,-0.00385895820101961,0.3055));
#4031=CARTESIAN_POINT('',(0.466233224942127,-0.00403623823517654,0.3055));
#4032=CARTESIAN_POINT('',(0.465851246883221,-0.00431969465502436,0.3055));
#4033=CARTESIAN_POINT('',(0.465379751555902,-0.00433056098090276,0.3055));
#4034=CARTESIAN_POINT('',(0.465149880642361,-0.00433056098090276,0.3055));
#4035=CARTESIAN_POINT('',(0.465149880642361,-0.00433056098090276,0.3055));
#4036=CARTESIAN_POINT('',(0.465149880642361,0.,0.3055));
#4037=CARTESIAN_POINT('',(0.465149880642361,-0.00309771592881942,0.3055));
#4038=CARTESIAN_POINT('',(0.465149880642361,-0.00309771592881942,0.3055));
#4039=CARTESIAN_POINT('',(0.465304940054571,-0.00309771592881942,0.3055));
#4040=CARTESIAN_POINT('',(0.465482022773042,-0.00311082669606915,0.3055));
#4041=CARTESIAN_POINT('',(0.465583039247925,-0.00299116102582342,0.3055));
#4042=CARTESIAN_POINT('',(0.465583039247925,-0.00299116102582343,0.3055));
#4043=CARTESIAN_POINT('',(0.465583039247925,-0.00299116102582343,0.3055));
#4044=CARTESIAN_POINT('',(0.46565482314902,-0.00290612471221823,0.3055));
#4045=CARTESIAN_POINT('',(0.4656857421875,-0.00279446024441845,0.3055));
#4046=CARTESIAN_POINT('',(0.4656857421875,-0.00268345811631943,0.3055));
#4047=CARTESIAN_POINT('',(0.4656857421875,-0.00268345811631943,0.3055));
#4048=CARTESIAN_POINT('',(0.4656857421875,-0.00268345811631943,0.3055));
#4049=CARTESIAN_POINT('',(0.4656857421875,-0.00256535366212679,0.3055));
#4050=CARTESIAN_POINT('',(0.465663799788188,-0.00244163857253468,0.3055));
#4051=CARTESIAN_POINT('',(0.465582605338596,-0.0023544739428253,0.3055));
#4052=CARTESIAN_POINT('',(0.465582605338594,-0.00235447394282625,0.3055));
#4053=CARTESIAN_POINT('',(0.465582605338594,-0.00235447394282625,0.3055));
#4054=CARTESIAN_POINT('',(0.465514199166721,-0.00228103790537377,0.3055));
#4055=CARTESIAN_POINT('',(0.465412137919231,-0.0022498318142361,0.3055));
#4056=CARTESIAN_POINT('',(0.465312065972222,-0.0022498318142361,0.3055));
#4057=CARTESIAN_POINT('',(0.465312065972222,-0.0022498318142361,0.3055));
#4058=CARTESIAN_POINT('',(0.465312065972222,-0.0022498318142361,0.3055));
#4059=CARTESIAN_POINT('',(0.465185246416279,-0.0022498318142361,0.3055));
#4060=CARTESIAN_POINT('',(0.464907238301523,-0.00232633037119809,0.3055));
#4061=CARTESIAN_POINT('',(0.464883973524306,-0.00261514610441742,0.3055));
#4062=CARTESIAN_POINT('',(0.464883973524306,-0.00274156358506943,0.3055));
#4063=CARTESIAN_POINT('',(0.45675,0.0077,0.3055));
#4064=CARTESIAN_POINT('',(0.435,0.0077,0.3055));
#4065=CARTESIAN_POINT('',(0.45675,0.0077,0.3055));
#4066=CARTESIAN_POINT('',(0.45675,0.0077,0.3055));
#4067=CARTESIAN_POINT('',(0.457615123832596,0.0077,0.3055));
#4068=CARTESIAN_POINT('',(0.459275183428323,0.00702721714211783,0.3055));
#4069=CARTESIAN_POINT('',(0.460885206819616,0.00496238488252086,0.3055));
#4070=CARTESIAN_POINT('',(0.461764201278174,0.00254203802839749,0.3055));
#4071=CARTESIAN_POINT('',(0.462042811507986,5.92194811607495E-6,0.3055));
#4072=CARTESIAN_POINT('',(0.461764549137053,-0.00254363150196947,0.3055));
#4073=CARTESIAN_POINT('',(0.460885767573913,-0.00495948453148914,0.3055));
#4074=CARTESIAN_POINT('',(0.459279647059391,-0.00702454251619479,0.3055));
#4075=CARTESIAN_POINT('',(0.457615096274551,-0.0077,0.3055));
#4076=CARTESIAN_POINT('',(0.45675,-0.0077,0.3055));
#4077=CARTESIAN_POINT('',(0.45675,-0.0077,0.3055));
#4078=CARTESIAN_POINT('',(0.435,-0.0077,0.3055));
#4079=CARTESIAN_POINT('',(0.435,-0.0077,0.3055));
#4080=CARTESIAN_POINT('',(0.435,-0.0095,0.3055));
#4081=CARTESIAN_POINT('',(0.4332,-0.0095,0.3055));
#4082=CARTESIAN_POINT('',(0.4332,-0.0105,0.3055));
#4083=CARTESIAN_POINT('',(0.4332,-0.0105,0.3055));
#4084=CARTESIAN_POINT('',(0.435,-0.0105,0.3055));
#4085=CARTESIAN_POINT('',(0.435,-0.0123,0.3055));
#4086=CARTESIAN_POINT('',(0.46425,-0.0123,0.3055));
#4087=CARTESIAN_POINT('',(0.46425,-0.0123,0.3055));
#4088=CARTESIAN_POINT('',(0.46425,-0.0135,0.3055));
#4089=CARTESIAN_POINT('',(0.46545,-0.0135,0.3055));
#4090=CARTESIAN_POINT('',(0.46545,0.,0.3055));
#4091=CARTESIAN_POINT('',(0.46545,-0.0145,0.3055));
#4092=CARTESIAN_POINT('',(0.46575,-0.0145,0.3055));
#4093=CARTESIAN_POINT('',(0.46575,-0.0148,0.3055));
#4094=CARTESIAN_POINT('',(0.22325,-0.0148,0.3055));
#4095=CARTESIAN_POINT('',(0.466,-0.0148,0.3055));
#4096=CARTESIAN_POINT('',(0.466,-0.014,0.3055));
#4097=CARTESIAN_POINT('',(0.4668,-0.014,0.3055));
#4098=CARTESIAN_POINT('',(0.4668,0.,0.3055));
#4099=CARTESIAN_POINT('',(0.4668,0.014,0.3055));
#4100=CARTESIAN_POINT('',(0.466,0.014,0.3055));
#4101=CARTESIAN_POINT('',(0.466,0.0148,0.3055));
#4102=CARTESIAN_POINT('',(0.22325,0.0148,0.3055));
#4103=CARTESIAN_POINT('',(0.46575,0.0148,0.3055));
#4104=CARTESIAN_POINT('',(0.46575,0.0145,0.3055));
#4105=CARTESIAN_POINT('',(0.46545,0.0145,0.3055));
#4106=CARTESIAN_POINT('',(0.46545,0.,0.3055));
#4107=CARTESIAN_POINT('',(0.46545,0.0135,0.3055));
#4108=CARTESIAN_POINT('',(0.46425,0.0135,0.3055));
#4109=CARTESIAN_POINT('',(0.46425,0.0123,0.3055));
#4110=CARTESIAN_POINT('',(0.435,0.0123,0.3055));
#4111=CARTESIAN_POINT('',(0.435,0.0123,0.3055));
#4112=CARTESIAN_POINT('',(0.435,0.0105,0.3055));
#4113=CARTESIAN_POINT('',(0.4332,0.0105,0.3055));
#4114=CARTESIAN_POINT('',(0.4332,0.0095,0.3055));
#4115=CARTESIAN_POINT('',(0.4332,0.0095,0.3055));
#4116=CARTESIAN_POINT('',(0.435,0.0095,0.3055));
#4117=CARTESIAN_POINT('',(0.46575,0.0145,0.3023));
#4118=CARTESIAN_POINT('',(0.46525,0.0145,0.3023));
#4119=CARTESIAN_POINT('',(0.46525,0.0145,0.3025));
#4120=CARTESIAN_POINT('',(0.46525,0.0145,0.3053));
#4121=CARTESIAN_POINT('',(0.46575,0.0145,0.3053));
#4122=CARTESIAN_POINT('',(0.46575,0.015,0.3053));
#4123=CARTESIAN_POINT('',(0.46575,0.015,0.3023));
#4124=CARTESIAN_POINT('',(0.46575,0.015,0.3025));
#4125=CARTESIAN_POINT('',(0.46575,0.0145,0.3025));
#4126=CARTESIAN_POINT('',(0.46525,0.014,0.3023));
#4127=CARTESIAN_POINT('',(0.46525,0.0135,0.3023));
#4128=CARTESIAN_POINT('',(0.46525,0.0135,0.3025));
#4129=CARTESIAN_POINT('',(0.46525,0.0135,0.3053));
#4130=CARTESIAN_POINT('',(0.46525,0.014,0.3053));
#4131=CARTESIAN_POINT('',(0.46525,0.0135,0.3025));
#4132=CARTESIAN_POINT('',(0.46425,0.0135,0.3023));
#4133=CARTESIAN_POINT('',(0.46425,0.0125,0.3023));
#4134=CARTESIAN_POINT('',(0.46425,0.0125,0.3025));
#4135=CARTESIAN_POINT('',(0.46425,0.0125,0.3053));
#4136=CARTESIAN_POINT('',(0.46425,0.0135,0.3053));
#4137=CARTESIAN_POINT('',(0.46425,0.0135,0.3025));
#4138=CARTESIAN_POINT('',(0.449625,0.0125,0.3023));
#4139=CARTESIAN_POINT('',(0.435,0.0125,0.3023));
#4140=CARTESIAN_POINT('',(0.435,0.0125,0.3025));
#4141=CARTESIAN_POINT('',(0.435,0.0125,0.3053));
#4142=CARTESIAN_POINT('',(0.46425,0.0125,0.3053));
#4143=CARTESIAN_POINT('',(0.449625,0.0125,0.3025));
#4144=CARTESIAN_POINT('',(0.435,0.0105,0.3023));
#4145=CARTESIAN_POINT('',(0.433,0.0105,0.3023));
#4146=CARTESIAN_POINT('',(0.433,0.0105,0.3025));
#4147=CARTESIAN_POINT('',(0.433,0.0105,0.3053));
#4148=CARTESIAN_POINT('',(0.435,0.0105,0.3053));
#4149=CARTESIAN_POINT('',(0.435,0.0105,0.3025));
#4150=CARTESIAN_POINT('',(0.433,0.01,0.3023));
#4151=CARTESIAN_POINT('',(0.433,0.0095,0.3023));
#4152=CARTESIAN_POINT('',(0.433,0.0095,0.3025));
#4153=CARTESIAN_POINT('',(0.433,0.0095,0.3053));
#4154=CARTESIAN_POINT('',(0.433,0.0105,0.3053));
#4155=CARTESIAN_POINT('',(0.433,0.01,0.3025));
#4156=CARTESIAN_POINT('',(0.435,0.0095,0.3023));
#4157=CARTESIAN_POINT('',(0.435,0.0075,0.3023));
#4158=CARTESIAN_POINT('',(0.435,0.0075,0.3025));
#4159=CARTESIAN_POINT('',(0.435,0.0075,0.3053));
#4160=CARTESIAN_POINT('',(0.435,0.0095,0.3053));
#4161=CARTESIAN_POINT('',(0.435,0.0095,0.3025));
#4162=CARTESIAN_POINT('',(0.445875,0.0075,0.3023));
#4163=CARTESIAN_POINT('',(0.45675,0.0075,0.3023));
#4164=CARTESIAN_POINT('',(0.45675,0.0075,0.3025));
#4165=CARTESIAN_POINT('',(0.45675,0.0075,0.3053));
#4166=CARTESIAN_POINT('',(0.435,0.0075,0.3053));
#4167=CARTESIAN_POINT('',(0.445875,0.0075,0.3025));
#4168=CARTESIAN_POINT('',(0.45675,-0.00749999999999999,0.3025));
#4169=CARTESIAN_POINT('',(0.45675,-0.00749999999999999,0.3053));
#4170=CARTESIAN_POINT('',(0.458058996938996,-0.00749999999999999,0.3025));
#4171=CARTESIAN_POINT('',(0.458058996938996,-0.00749999999999999,0.3053));
#4172=CARTESIAN_POINT('',(0.460666569342368,-0.00587708718668417,0.3025));
#4173=CARTESIAN_POINT('',(0.460666569342368,-0.00587708718668417,0.3053));
#4174=CARTESIAN_POINT('',(0.462291715328816,4.1333122821832E-17,0.3025));
#4175=CARTESIAN_POINT('',(0.462291715328816,4.1333122821832E-17,0.3053));
#4176=CARTESIAN_POINT('',(0.460666569342368,0.00587708718668416,0.3025));
#4177=CARTESIAN_POINT('',(0.460666569342368,0.00587708718668416,0.3053));
#4178=CARTESIAN_POINT('',(0.458058996938996,0.00750000000000002,0.3025));
#4179=CARTESIAN_POINT('',(0.458058996938996,0.00750000000000002,0.3053));
#4180=CARTESIAN_POINT('',(0.45675,0.00750000000000001,0.3025));
#4181=CARTESIAN_POINT('',(0.45675,0.00750000000000001,0.3053));
#4182=CARTESIAN_POINT('',(0.45675,-0.0075,0.3023));
#4183=CARTESIAN_POINT('',(0.45675,-0.0075,0.3025));
#4184=CARTESIAN_POINT('',(0.45675,-0.0075,0.3053));
#4185=CARTESIAN_POINT('',(0.45675,-0.0075,0.3053));
#4186=CARTESIAN_POINT('',(0.457588483755508,-0.0075,0.3053));
#4187=CARTESIAN_POINT('',(0.459196123786025,-0.00682695939569068,0.3053));
#4188=CARTESIAN_POINT('',(0.460731372573625,-0.00481158029483582,0.3053));
#4189=CARTESIAN_POINT('',(0.461572114581775,-0.00246817417352546,0.3053));
#4190=CARTESIAN_POINT('',(0.461838567693941,2.5616402871654E-6,0.3053));
#4191=CARTESIAN_POINT('',(0.46157361462507,0.00245945995591824,0.3053));
#4192=CARTESIAN_POINT('',(0.460732793182272,0.00480902360924674,0.3053));
#4193=CARTESIAN_POINT('',(0.459201121929441,0.00682361446284873,0.3053));
#4194=CARTESIAN_POINT('',(0.457588100381833,0.00749999999999999,0.3053));
#4195=CARTESIAN_POINT('',(0.45675,0.0075,0.3053));
#4196=CARTESIAN_POINT('',(0.45675,0.0075,0.3025));
#4197=CARTESIAN_POINT('',(0.457588483755508,0.0075,0.3025));
#4198=CARTESIAN_POINT('',(0.459196123786025,0.0068269593956907,0.3025));
#4199=CARTESIAN_POINT('',(0.460731372573625,0.00481158029483584,0.3025));
#4200=CARTESIAN_POINT('',(0.461572114581775,0.0024681741735255,0.3025));
#4201=CARTESIAN_POINT('',(0.461838567693941,-2.56164028714318E-6,0.3025));
#4202=CARTESIAN_POINT('',(0.46157361462507,-0.00245945995591821,0.3025));
#4203=CARTESIAN_POINT('',(0.460732793182272,-0.00480902360924673,0.3025));
#4204=CARTESIAN_POINT('',(0.459201121929441,-0.0068236144628487,0.3025));
#4205=CARTESIAN_POINT('',(0.457588100381833,-0.0075,0.3025));
#4206=CARTESIAN_POINT('',(0.45675,-0.0075,0.3025));
#4207=CARTESIAN_POINT('',(0.445875,-0.0075,0.3023));
#4208=CARTESIAN_POINT('',(0.435,-0.0075,0.3023));
#4209=CARTESIAN_POINT('',(0.435,-0.0075,0.3025));
#4210=CARTESIAN_POINT('',(0.435,-0.0075,0.3053));
#4211=CARTESIAN_POINT('',(0.45675,-0.0075,0.3053));
#4212=CARTESIAN_POINT('',(0.445875,-0.0075,0.3025));
#4213=CARTESIAN_POINT('',(0.435,-0.0095,0.3023));
#4214=CARTESIAN_POINT('',(0.433,-0.0095,0.3023));
#4215=CARTESIAN_POINT('',(0.433,-0.0095,0.3025));
#4216=CARTESIAN_POINT('',(0.433,-0.0095,0.3053));
#4217=CARTESIAN_POINT('',(0.435,-0.0095,0.3053));
#4218=CARTESIAN_POINT('',(0.435,-0.0095,0.3025));
#4219=CARTESIAN_POINT('',(0.433,-0.01,0.3023));
#4220=CARTESIAN_POINT('',(0.433,-0.0105,0.3023));
#4221=CARTESIAN_POINT('',(0.433,-0.0105,0.3025));
#4222=CARTESIAN_POINT('',(0.433,-0.0105,0.3053));
#4223=CARTESIAN_POINT('',(0.433,-0.0095,0.3053));
#4224=CARTESIAN_POINT('',(0.433,-0.01,0.3025));
#4225=CARTESIAN_POINT('',(0.435,-0.0105,0.3023));
#4226=CARTESIAN_POINT('',(0.435,-0.0125,0.3023));
#4227=CARTESIAN_POINT('',(0.435,-0.0125,0.3025));
#4228=CARTESIAN_POINT('',(0.435,-0.0125,0.3053));
#4229=CARTESIAN_POINT('',(0.435,-0.0105,0.3053));
#4230=CARTESIAN_POINT('',(0.435,-0.0105,0.3025));
#4231=CARTESIAN_POINT('',(0.449625,-0.0125,0.3023));
#4232=CARTESIAN_POINT('',(0.46425,-0.0125,0.3023));
#4233=CARTESIAN_POINT('',(0.46425,-0.0125,0.3025));
#4234=CARTESIAN_POINT('',(0.46425,-0.0125,0.3053));
#4235=CARTESIAN_POINT('',(0.435,-0.0125,0.3053));
#4236=CARTESIAN_POINT('',(0.449625,-0.0125,0.3025));
#4237=CARTESIAN_POINT('',(0.46425,-0.0135,0.3023));
#4238=CARTESIAN_POINT('',(0.46525,-0.0135,0.3023));
#4239=CARTESIAN_POINT('',(0.46525,-0.0135,0.3025));
#4240=CARTESIAN_POINT('',(0.46525,-0.0135,0.3053));
#4241=CARTESIAN_POINT('',(0.46425,-0.0135,0.3053));
#4242=CARTESIAN_POINT('',(0.46425,-0.0135,0.3025));
#4243=CARTESIAN_POINT('',(0.46525,-0.014,0.3023));
#4244=CARTESIAN_POINT('',(0.46525,-0.0145,0.3023));
#4245=CARTESIAN_POINT('',(0.46525,-0.0145,0.3025));
#4246=CARTESIAN_POINT('',(0.46525,-0.0145,0.3053));
#4247=CARTESIAN_POINT('',(0.46525,-0.014,0.3053));
#4248=CARTESIAN_POINT('',(0.46525,-0.0145,0.3025));
#4249=CARTESIAN_POINT('',(0.46575,-0.0145,0.3023));
#4250=CARTESIAN_POINT('',(0.46575,-0.015,0.3023));
#4251=CARTESIAN_POINT('',(0.46575,-0.015,0.3025));
#4252=CARTESIAN_POINT('',(0.46575,-0.015,0.3053));
#4253=CARTESIAN_POINT('',(0.46575,-0.0145,0.3053));
#4254=CARTESIAN_POINT('',(0.46575,-0.0145,0.3025));
#4255=CARTESIAN_POINT('',(0.465875,-0.015,0.3023));
#4256=CARTESIAN_POINT('',(0.466,-0.015,0.3023));
#4257=CARTESIAN_POINT('',(0.466,-0.015,0.3025));
#4258=CARTESIAN_POINT('',(0.466,-0.015,0.3053));
#4259=CARTESIAN_POINT('',(0.465875,-0.015,0.3053));
#4260=CARTESIAN_POINT('',(0.466,-0.015,0.3025));
#4261=CARTESIAN_POINT('',(0.466,-0.014,0.3023));
#4262=CARTESIAN_POINT('',(0.467,-0.014,0.3023));
#4263=CARTESIAN_POINT('',(0.467,-0.014,0.3025));
#4264=CARTESIAN_POINT('',(0.467,-0.014,0.3053));
#4265=CARTESIAN_POINT('',(0.466,-0.014,0.3053));
#4266=CARTESIAN_POINT('',(0.466,-0.014,0.3025));
#4267=CARTESIAN_POINT('',(0.467,5.20417042793042E-18,0.3023));
#4268=CARTESIAN_POINT('',(0.467,0.014,0.3023));
#4269=CARTESIAN_POINT('',(0.467,0.014,0.3025));
#4270=CARTESIAN_POINT('',(0.467,0.014,0.3053));
#4271=CARTESIAN_POINT('',(0.467,5.20417042793042E-18,0.3053));
#4272=CARTESIAN_POINT('',(0.467,0.014,0.3025));
#4273=CARTESIAN_POINT('',(0.466,0.014,0.3023));
#4274=CARTESIAN_POINT('',(0.466,0.015,0.3023));
#4275=CARTESIAN_POINT('',(0.466,0.015,0.3025));
#4276=CARTESIAN_POINT('',(0.466,0.015,0.3053));
#4277=CARTESIAN_POINT('',(0.466,0.014,0.3053));
#4278=CARTESIAN_POINT('',(0.466,0.014,0.3025));
#4279=CARTESIAN_POINT('',(0.465875,0.015,0.3023));
#4280=CARTESIAN_POINT('',(0.465875,0.015,0.3053));
#4281=CARTESIAN_POINT('',(0.46575,0.015,0.3025));
#4282=CARTESIAN_POINT('',(0.22325,0.,0.3023));
#4283=CARTESIAN_POINT('',(0.22325,-0.0077,0.3023));
#4284=CARTESIAN_POINT('',(0.435,-0.0077,0.3023));
#4285=CARTESIAN_POINT('',(0.45675,-0.0077,0.3023));
#4286=CARTESIAN_POINT('',(0.45675,-0.0077,0.3023));
#4287=CARTESIAN_POINT('',(0.457615123832596,-0.0077,0.3023));
#4288=CARTESIAN_POINT('',(0.459275183428322,-0.00702721714211779,0.3023));
#4289=CARTESIAN_POINT('',(0.460885206819616,-0.00496238488252083,0.3023));
#4290=CARTESIAN_POINT('',(0.461764201278174,-0.00254203802839745,0.3023));
#4291=CARTESIAN_POINT('',(0.462042811507986,-5.92194811604358E-6,0.3023));
#4292=CARTESIAN_POINT('',(0.461764549137053,0.00254363150196951,0.3023));
#4293=CARTESIAN_POINT('',(0.460885767573913,0.00495948453148916,0.3023));
#4294=CARTESIAN_POINT('',(0.459279647059391,0.00702454251619487,0.3023));
#4295=CARTESIAN_POINT('',(0.457615096274551,0.0077,0.3023));
#4296=CARTESIAN_POINT('',(0.45675,0.0077,0.3023));
#4297=CARTESIAN_POINT('',(0.45675,0.0077,0.3023));
#4298=CARTESIAN_POINT('',(0.22325,0.0077,0.3023));
#4299=CARTESIAN_POINT('',(0.435,0.0077,0.3023));
#4300=CARTESIAN_POINT('',(0.435,0.0095,0.3023));
#4301=CARTESIAN_POINT('',(0.4332,0.0095,0.3023));
#4302=CARTESIAN_POINT('',(0.4332,0.,0.3023));
#4303=CARTESIAN_POINT('',(0.4332,0.0105,0.3023));
#4304=CARTESIAN_POINT('',(0.435,0.0105,0.3023));
#4305=CARTESIAN_POINT('',(0.435,0.0123,0.3023));
#4306=CARTESIAN_POINT('',(0.22325,0.0123,0.3023));
#4307=CARTESIAN_POINT('',(0.46425,0.0123,0.3023));
#4308=CARTESIAN_POINT('',(0.46425,0.0135,0.3023));
#4309=CARTESIAN_POINT('',(0.46545,0.0135,0.3023));
#4310=CARTESIAN_POINT('',(0.46545,0.0145,0.3023));
#4311=CARTESIAN_POINT('',(0.46545,0.0145,0.3023));
#4312=CARTESIAN_POINT('',(0.46575,0.0145,0.3023));
#4313=CARTESIAN_POINT('',(0.46575,0.0148,0.3023));
#4314=CARTESIAN_POINT('',(0.466,0.0148,0.3023));
#4315=CARTESIAN_POINT('',(0.466,0.0148,0.3023));
#4316=CARTESIAN_POINT('',(0.466,0.014,0.3023));
#4317=CARTESIAN_POINT('',(0.4668,0.014,0.3023));
#4318=CARTESIAN_POINT('',(0.4668,-0.014,0.3023));
#4319=CARTESIAN_POINT('',(0.4668,-0.014,0.3023));
#4320=CARTESIAN_POINT('',(0.466,-0.014,0.3023));
#4321=CARTESIAN_POINT('',(0.466,-0.0148,0.3023));
#4322=CARTESIAN_POINT('',(0.46575,-0.0148,0.3023));
#4323=CARTESIAN_POINT('',(0.46575,-0.0148,0.3023));
#4324=CARTESIAN_POINT('',(0.46575,-0.0145,0.3023));
#4325=CARTESIAN_POINT('',(0.46545,-0.0145,0.3023));
#4326=CARTESIAN_POINT('',(0.46545,-0.0135,0.3023));
#4327=CARTESIAN_POINT('',(0.46545,-0.0135,0.3023));
#4328=CARTESIAN_POINT('',(0.46425,-0.0135,0.3023));
#4329=CARTESIAN_POINT('',(0.46425,-0.0123,0.3023));
#4330=CARTESIAN_POINT('',(0.22325,-0.0123,0.3023));
#4331=CARTESIAN_POINT('',(0.435,-0.0123,0.3023));
#4332=CARTESIAN_POINT('',(0.435,-0.0105,0.3023));
#4333=CARTESIAN_POINT('',(0.4332,-0.0105,0.3023));
#4334=CARTESIAN_POINT('',(0.4332,0.,0.3023));
#4335=CARTESIAN_POINT('',(0.4332,-0.0095,0.3023));
#4336=CARTESIAN_POINT('',(0.435,-0.0095,0.3023));
#4337=CARTESIAN_POINT('',(0.274779052734375,0.,0.3053));
#4338=CARTESIAN_POINT('',(0.466353589838486,0.00394794379340275,0.3053));
#4339=CARTESIAN_POINT('',(0.466353589838486,0.00121767209727767,0.3053));
#4340=CARTESIAN_POINT('',(0.466353589838486,0.00380153363188896,0.3053));
#4341=CARTESIAN_POINT('',(0.465828559027778,0.00380153363188896,0.3053));
#4342=CARTESIAN_POINT('',(0.465974969189292,0.00380153363188896,0.3053));
#4343=CARTESIAN_POINT('',(0.465974969189292,0.00214390733506943,0.3053));
#4344=CARTESIAN_POINT('',(0.465974969189292,0.00180342756886362,0.3053));
#4345=CARTESIAN_POINT('',(0.464721605462122,0.00299130849818818,0.3053));
#4346=CARTESIAN_POINT('',(0.464722572213546,0.00299039225531696,0.3053));
#4347=CARTESIAN_POINT('',(0.464722572213546,0.00299039225531696,0.3053));
#4348=CARTESIAN_POINT('',(0.464502022938591,0.0031918898796711,0.3053));
#4349=CARTESIAN_POINT('',(0.464274346948421,0.00338541428579018,0.3053));
#4350=CARTESIAN_POINT('',(0.464005161406083,0.00352000705695936,0.3053));
#4351=CARTESIAN_POINT('',(0.464005161406085,0.00352000705696168,0.3053));
#4352=CARTESIAN_POINT('',(0.464005161406085,0.00352000705696168,0.3053));
#4353=CARTESIAN_POINT('',(0.463827736738463,0.00360871939077251,0.3053));
#4354=CARTESIAN_POINT('',(0.463635071724367,0.00366595420480564,0.3053));
#4355=CARTESIAN_POINT('',(0.463436089409722,0.00366595420480564,0.3053));
#4356=CARTESIAN_POINT('',(0.463436089409722,0.00366595420480564,0.3053));
#4357=CARTESIAN_POINT('',(0.463436089409722,0.00366595420480564,0.3053));
#4358=CARTESIAN_POINT('',(0.463149659744752,0.00366595420480564,0.3053));
#4359=CARTESIAN_POINT('',(0.462856142891398,0.00357534697324488,0.3053));
#4360=CARTESIAN_POINT('',(0.462667256705623,0.00335763815467658,0.3053));
#4361=CARTESIAN_POINT('',(0.462667256705623,0.00335763815467656,0.3053));
#4362=CARTESIAN_POINT('',(0.462667256705623,0.00335763815467656,0.3053));
#4363=CARTESIAN_POINT('',(0.462452504576502,0.00311011644140806,0.3053));
#4364=CARTESIAN_POINT('',(0.462391798616375,0.00277187745981785,0.3053));
#4365=CARTESIAN_POINT('',(0.462391798616375,0.00244642469618054,0.3053));
#4366=CARTESIAN_POINT('',(0.462391798616375,0.00244642469618054,0.3053));
#4367=CARTESIAN_POINT('',(0.462391798616375,0.00244642469618054,0.3053));
#4368=CARTESIAN_POINT('',(0.462391798616375,0.00220682767201503,0.3053));
#4369=CARTESIAN_POINT('',(0.462440423655486,0.00196988712884998,0.3053));
#4370=CARTESIAN_POINT('',(0.462554564098902,0.0017582456416987,0.3053));
#4371=CARTESIAN_POINT('',(0.462554564098902,0.0017582456416987,0.3053));
#4372=CARTESIAN_POINT('',(0.462554564098902,0.0017582456416987,0.3053));
#4373=CARTESIAN_POINT('',(0.462657486717734,0.00156740446867303,0.3053));
#4374=CARTESIAN_POINT('',(0.462808337043113,0.00140669859606023,0.3053));
#4375=CARTESIAN_POINT('',(0.462996460672934,0.00129814469920146,0.3053));
#4376=CARTESIAN_POINT('',(0.462996460672934,0.00129814469920143,0.3053));
#4377=CARTESIAN_POINT('',(0.462996460672934,0.00129814469920143,0.3053));
#4378=CARTESIAN_POINT('',(0.463144490790202,0.00121272615769656,0.3053));
#4379=CARTESIAN_POINT('',(0.463306955750985,0.00116053880437418,0.3053));
#4380=CARTESIAN_POINT('',(0.463476907980847,0.00114234185323609,0.3053));
#4381=CARTESIAN_POINT('',(0.463476907980847,0.00114234185323608,0.3053));
#4382=CARTESIAN_POINT('',(0.463476907980847,0.00182386610243054,0.3053));
#4383=CARTESIAN_POINT('',(0.463476907980848,0.0016858121426997,0.3053));
#4384=CARTESIAN_POINT('',(0.463476907980848,0.0016858121426997,0.3053));
#4385=CARTESIAN_POINT('',(0.463309237981654,0.00170571372103918,0.3053));
#4386=CARTESIAN_POINT('',(0.463147509077355,0.00176572772445995,0.3053));
#4387=CARTESIAN_POINT('',(0.463017827961692,0.00187446272167805,0.3053));
#4388=CARTESIAN_POINT('',(0.463017827961692,0.00187446272167796,0.3053));
#4389=CARTESIAN_POINT('',(0.463017827961692,0.00187446272167796,0.3053));
#4390=CARTESIAN_POINT('',(0.46285563115182,0.00201046147199768,0.3053));
#4391=CARTESIAN_POINT('',(0.462771341574597,0.00222032030448399,0.3053));
#4392=CARTESIAN_POINT('',(0.462771341574597,0.0024316677517361,0.3053));
#4393=CARTESIAN_POINT('',(0.462771341574597,0.0024316677517361,0.3053));
#4394=CARTESIAN_POINT('',(0.462771341574597,0.0024316677517361,0.3053));
#4395=CARTESIAN_POINT('',(0.462771341574597,0.00262339685000659,0.3053));
#4396=CARTESIAN_POINT('',(0.462835849803125,0.00281754583598009,0.3053));
#4397=CARTESIAN_POINT('',(0.462980317328085,0.00294531191296763,0.3053));
#4398=CARTESIAN_POINT('',(0.462980317328085,0.00294531191296769,0.3053));
#4399=CARTESIAN_POINT('',(0.462980317328085,0.00294531191296769,0.3053));
#4400=CARTESIAN_POINT('',(0.46312612471268,0.00307426295252311,0.3053));
#4401=CARTESIAN_POINT('',(0.463323479430151,0.00312316254866655,0.3053));
#4402=CARTESIAN_POINT('',(0.463517252604167,0.00312316254866655,0.3053));
#4403=CARTESIAN_POINT('',(0.463517252604167,0.00312316254866655,0.3053));
#4404=CARTESIAN_POINT('',(0.463517252604167,0.00312316254866655,0.3053));
#4405=CARTESIAN_POINT('',(0.463697240712634,0.00312316254866655,0.3053));
#4406=CARTESIAN_POINT('',(0.463868733326205,0.00305970037018197,0.3053));
#4407=CARTESIAN_POINT('',(0.464023204232713,0.00296870637464757,0.3053));
#4408=CARTESIAN_POINT('',(0.464023204232713,0.00296870637464762,0.3053));
#4409=CARTESIAN_POINT('',(0.464023204232713,0.00296870637464762,0.3053));
#4410=CARTESIAN_POINT('',(0.464227661303773,0.00284826708784889,0.3053));
#4411=CARTESIAN_POINT('',(0.464407289764962,0.00269577094051023,0.3053));
#4412=CARTESIAN_POINT('',(0.464581508312459,0.00253628991364478,0.3053));
#4413=CARTESIAN_POINT('',(0.464581508312458,0.00253628991364428,0.3053));
#4414=CARTESIAN_POINT('',(0.466029265119796,0.0011780375105848,0.3053));
#4415=CARTESIAN_POINT('',(0.465987018743083,0.00121767209727767,0.3053));
#4416=CARTESIAN_POINT('',(0.4665,0.00121767209727767,0.3053));
#4417=CARTESIAN_POINT('',(0.274779052734375,0.,0.3053));
#4418=CARTESIAN_POINT('',(0.465875488917429,-0.000331611317965058,0.3053));
#4419=CARTESIAN_POINT('',(0.465930157608207,-0.000390547824751978,0.3053));
#4420=CARTESIAN_POINT('',(0.466010194131729,-0.000418504117997734,0.3053));
#4421=CARTESIAN_POINT('',(0.466090494791667,-0.000418504117997734,0.3053));
#4422=CARTESIAN_POINT('',(0.465875488917429,-0.000331611317965057,0.3053));
#4423=CARTESIAN_POINT('',(0.466090494791667,-0.000418504118000098,0.3053));
#4424=CARTESIAN_POINT('',(0.466090494791667,-0.000418504118000098,0.3053));
#4425=CARTESIAN_POINT('',(0.466169240111411,-0.000418504118000098,0.3053));
#4426=CARTESIAN_POINT('',(0.466247965873371,-0.000391309971850808,0.3053));
#4427=CARTESIAN_POINT('',(0.466301584240305,-0.000333240268794707,0.3053));
#4428=CARTESIAN_POINT('',(0.466301584240307,-0.000333240268797268,0.3053));
#4429=CARTESIAN_POINT('',(0.466301584240307,-0.000333240268797268,0.3053));
#4430=CARTESIAN_POINT('',(0.466360507876277,-0.000269424859275248,0.3053));
#4431=CARTESIAN_POINT('',(0.46638494834543,-0.000182091662749856,0.3053));
#4432=CARTESIAN_POINT('',(0.46638494834543,-9.54589843749773E-5,0.3053));
#4433=CARTESIAN_POINT('',(0.466384948345431,-9.54589843749996E-5,0.3053));
#4434=CARTESIAN_POINT('',(0.466384948345431,-9.54589843749996E-5,0.3053));
#4435=CARTESIAN_POINT('',(0.466384948345431,-7.8985746423593E-6,0.3053));
#4436=CARTESIAN_POINT('',(0.466360987784039,8.09907338082186E-5,0.3053));
#4437=CARTESIAN_POINT('',(0.466301412238806,0.000145736986740093,0.3053));
#4438=CARTESIAN_POINT('',(0.466301412238806,0.000145736986740483,0.3053));
#4439=CARTESIAN_POINT('',(0.466301412238806,0.000145736986740483,0.3053));
#4440=CARTESIAN_POINT('',(0.466247971497538,0.000203815981023636,0.3053));
#4441=CARTESIAN_POINT('',(0.466169332701684,0.000231275385358355,0.3053));
#4442=CARTESIAN_POINT('',(0.466090494791666,0.000231275385358582,0.3053));
#4443=CARTESIAN_POINT('',(0.466090494791667,0.000231275385361209,0.3053));
#4444=CARTESIAN_POINT('',(0.466090494791667,0.000231275385361209,0.3053));
#4445=CARTESIAN_POINT('',(0.466010298227459,0.00023127538536121,0.3053));
#4446=CARTESIAN_POINT('',(0.465930289504525,0.000203203532704752,0.3053));
#4447=CARTESIAN_POINT('',(0.465875659627779,0.000144105784998802,0.3053));
#4448=CARTESIAN_POINT('',(0.465875659627777,0.000144105785001487,0.3053));
#4449=CARTESIAN_POINT('',(0.465875659627777,0.000144105785001487,0.3053));
#4450=CARTESIAN_POINT('',(0.465816180813207,7.97625320649605E-5,0.3053));
#4451=CARTESIAN_POINT('',(0.465790507383736,-8.02590374278901E-6,0.3053));
#4452=CARTESIAN_POINT('',(0.465790507383736,-9.54589843750266E-5,0.3053));
#4453=CARTESIAN_POINT('',(0.465790507383736,-9.54589843749996E-5,0.3053));
#4454=CARTESIAN_POINT('',(0.465790507383736,-9.54589843749996E-5,0.3053));
#4455=CARTESIAN_POINT('',(0.465790507383736,-0.000181830430627384,0.3053));
#4456=CARTESIAN_POINT('',(0.465816539980407,-0.000268060419316925,0.3053));
#4457=CARTESIAN_POINT('',(0.465875488917429,-0.000331611317965055,0.3053));
#4458=CARTESIAN_POINT('',(0.274779052734375,0.,0.3053));
#4459=CARTESIAN_POINT('',(0.464179233512208,-0.0031824273003472,0.3053));
#4460=CARTESIAN_POINT('',(0.464179233512208,-0.00273879665798609,0.3053));
#4461=CARTESIAN_POINT('',(0.464179233512208,-0.00303601713883342,0.3053));
#4462=CARTESIAN_POINT('',(0.464683973524306,-0.00303601713883342,0.3053));
#4463=CARTESIAN_POINT('',(0.464537563362792,-0.00303601713883342,0.3053));
#4464=CARTESIAN_POINT('',(0.464537563362792,-0.00274156358506943,0.3053));
#4465=CARTESIAN_POINT('',(0.464537563362792,-0.00274156358506943,0.3053));
#4466=CARTESIAN_POINT('',(0.464537563362792,-0.00274156358506943,0.3053));
#4467=CARTESIAN_POINT('',(0.464537563362792,-0.00252429990087375,0.3053));
#4468=CARTESIAN_POINT('',(0.464632061954796,-0.00205466968024439,0.3053));
#4469=CARTESIAN_POINT('',(0.465093460390813,-0.00190342165272231,0.3053));
#4470=CARTESIAN_POINT('',(0.465312065972222,-0.00190342165272231,0.3053));
#4471=CARTESIAN_POINT('',(0.465312065972222,-0.00190342165272231,0.3053));
#4472=CARTESIAN_POINT('',(0.465312065972222,-0.00190342165272231,0.3053));
#4473=CARTESIAN_POINT('',(0.46550772449633,-0.00190342165272231,0.3053));
#4474=CARTESIAN_POINT('',(0.465702218316435,-0.00197465384719286,0.3053));
#4475=CARTESIAN_POINT('',(0.465836081126159,-0.00211835951057347,0.3053));
#4476=CARTESIAN_POINT('',(0.465836081126159,-0.00211835951057348,0.3053));
#4477=CARTESIAN_POINT('',(0.465836081126159,-0.00211835951057348,0.3053));
#4478=CARTESIAN_POINT('',(0.46597632172723,-0.00226891192054662,0.3053));
#4479=CARTESIAN_POINT('',(0.466032152349014,-0.00247833441821059,0.3053));
#4480=CARTESIAN_POINT('',(0.466032152349014,-0.00268345811631944,0.3053));
#4481=CARTESIAN_POINT('',(0.466032152349014,-0.00268345811631943,0.3053));
#4482=CARTESIAN_POINT('',(0.466032152349014,-0.00268345811631943,0.3053));
#4483=CARTESIAN_POINT('',(0.466032152349014,-0.00287647125469293,0.3053));
#4484=CARTESIAN_POINT('',(0.465972617977562,-0.00306668672879058,0.3053));
#4485=CARTESIAN_POINT('',(0.465847744628206,-0.0032146136195667,0.3053));
#4486=CARTESIAN_POINT('',(0.465847744628206,-0.00321461361956669,0.3053));
#4487=CARTESIAN_POINT('',(0.465847744628206,-0.00321461361956669,0.3053));
#4488=CARTESIAN_POINT('',(0.465756793870465,-0.00332235528642969,0.3053));
#4489=CARTESIAN_POINT('',(0.465634313994587,-0.00339965159824396,0.3053));
#4490=CARTESIAN_POINT('',(0.465496290803874,-0.00342913510819889,0.3053));
#4491=CARTESIAN_POINT('',(0.465496290803875,-0.00342913510819883,0.3053));
#4492=CARTESIAN_POINT('',(0.465496290803875,-0.00413056098090275,0.3053));
#4493=CARTESIAN_POINT('',(0.465496290803875,-0.00397559810744986,0.3053));
#4494=CARTESIAN_POINT('',(0.465496290803875,-0.00397559810744986,0.3053));
#4495=CARTESIAN_POINT('',(0.465737510322962,-0.00394640378510261,0.3053));
#4496=CARTESIAN_POINT('',(0.465958819486742,-0.00382445079009678,0.3053));
#4497=CARTESIAN_POINT('',(0.466113889566468,-0.0036376765355169,0.3053));
#4498=CARTESIAN_POINT('',(0.466113889566468,-0.00363767653551709,0.3053));
#4499=CARTESIAN_POINT('',(0.466113889566468,-0.00363767653551709,0.3053));
#4500=CARTESIAN_POINT('',(0.466329174956176,-0.00337837591314283,0.3053));
#4501=CARTESIAN_POINT('',(0.466411695307236,-0.00303916657974461,0.3053));
#4502=CARTESIAN_POINT('',(0.466411695307236,-0.00270374891493052,0.3053));
#4503=CARTESIAN_POINT('',(0.466411695307236,-0.00270374891493054,0.3053));
#4504=CARTESIAN_POINT('',(0.466411695307236,-0.00270374891493054,0.3053));
#4505=CARTESIAN_POINT('',(0.466411695307236,-0.00235090281556937,0.3053));
#4506=CARTESIAN_POINT('',(0.466334980097481,-0.00199241209788436,0.3053));
#4507=CARTESIAN_POINT('',(0.466107772739101,-0.0017180250694592,0.3053));
#4508=CARTESIAN_POINT('',(0.466107772739101,-0.0017180250694592,0.3053));
#4509=CARTESIAN_POINT('',(0.466107772739101,-0.0017180250694592,0.3053));
#4510=CARTESIAN_POINT('',(0.465916919244704,-0.00148754079480481,0.3053));
#4511=CARTESIAN_POINT('',(0.465623365764807,-0.00136339692366656,0.3053));
#4512=CARTESIAN_POINT('',(0.465324055989583,-0.00136339692366656,0.3053));
#4513=CARTESIAN_POINT('',(0.465324055989583,-0.00136339692366656,0.3053));
#4514=CARTESIAN_POINT('',(0.465324055989583,-0.00136339692366656,0.3053));
#4515=CARTESIAN_POINT('',(0.465140782196769,-0.00136339692366656,0.3053));
#4516=CARTESIAN_POINT('',(0.464958396106615,-0.00140824498271616,0.3053));
#4517=CARTESIAN_POINT('',(0.464807482075592,-0.00151196408040066,0.3053));
#4518=CARTESIAN_POINT('',(0.464807482075592,-0.00151196408040064,0.3053));
#4519=CARTESIAN_POINT('',(0.464807482075592,-0.00151196408040064,0.3053));
#4520=CARTESIAN_POINT('',(0.464548711060704,-0.00168981034154188,0.3053));
#4521=CARTESIAN_POINT('',(0.464464564080339,-0.00201621762757459,0.3053));
#4522=CARTESIAN_POINT('',(0.464359302227372,-0.00230912017496197,0.3053));
#4523=CARTESIAN_POINT('',(0.464359302227365,-0.00230912017496552,0.3053));
#4524=CARTESIAN_POINT('',(0.464359302227365,-0.00230912017496548,0.3053));
#4525=CARTESIAN_POINT('',(0.46423796028757,-0.00204130117927566,0.3053));
#4526=CARTESIAN_POINT('',(0.464127331185475,-0.00175241939800523,0.3053));
#4527=CARTESIAN_POINT('',(0.463886270982073,-0.00157701940238737,0.3053));
#4528=CARTESIAN_POINT('',(0.463886270982073,-0.00157701940238733,0.3053));
#4529=CARTESIAN_POINT('',(0.463886270982073,-0.00157701940238733,0.3053));
#4530=CARTESIAN_POINT('',(0.463756844796495,-0.00148284644450019,0.3053));
#4531=CARTESIAN_POINT('',(0.463601965521117,-0.00142888086463878,0.3053));
#4532=CARTESIAN_POINT('',(0.463441623263889,-0.00142888086463878,0.3053));
#4533=CARTESIAN_POINT('',(0.463441623263889,-0.00142888086463878,0.3053));
#4534=CARTESIAN_POINT('',(0.463441623263889,-0.00142888086463878,0.3053));
#4535=CARTESIAN_POINT('',(0.463153239108259,-0.00142888086463878,0.3053));
#4536=CARTESIAN_POINT('',(0.46286295232725,-0.00153292506875533,0.3053));
#4537=CARTESIAN_POINT('',(0.462675948367914,-0.00175456941419179,0.3053));
#4538=CARTESIAN_POINT('',(0.462675948367914,-0.00175456941419177,0.3053));
#4539=CARTESIAN_POINT('',(0.462675948367914,-0.00175456941419177,0.3053));
#4540=CARTESIAN_POINT('',(0.462456171132283,-0.00201505791778458,0.3053));
#4541=CARTESIAN_POINT('',(0.462391798616375,-0.00236522387744822,0.3053));
#4542=CARTESIAN_POINT('',(0.462391798616375,-0.00270374891493054,0.3053));
#4543=CARTESIAN_POINT('',(0.462391798616375,-0.00270374891493054,0.3053));
#4544=CARTESIAN_POINT('',(0.462391798616375,-0.00270374891493054,0.3053));
#4545=CARTESIAN_POINT('',(0.462391798616375,-0.0029250677250562,0.3053));
#4546=CARTESIAN_POINT('',(0.462432237218912,-0.00314269212602935,0.3053));
#4547=CARTESIAN_POINT('',(0.462525391737624,-0.00334418622606429,0.3053));
#4548=CARTESIAN_POINT('',(0.462525391737624,-0.00334418622606429,0.3053));
#4549=CARTESIAN_POINT('',(0.462525391737624,-0.00334418622606429,0.3053));
#4550=CARTESIAN_POINT('',(0.462605777272469,-0.0035180608939112,0.3053));
#4551=CARTESIAN_POINT('',(0.462723920360717,-0.00367212532679806,0.3053));
#4552=CARTESIAN_POINT('',(0.462882963940454,-0.00378030868050647,0.3053));
#4553=CARTESIAN_POINT('',(0.462882963940454,-0.00378030868050647,0.3053));
#4554=CARTESIAN_POINT('',(0.462882963940454,-0.00378030868050647,0.3053));
#4555=CARTESIAN_POINT('',(0.462991414489349,-0.00385407804680433,0.3053));
#4556=CARTESIAN_POINT('',(0.463113769660392,-0.00390230055621451,0.3053));
#4557=CARTESIAN_POINT('',(0.46324356379682,-0.00392182904983081,0.3053));
#4558=CARTESIAN_POINT('',(0.46324356379682,-0.0039218290498308,0.3053));
#4559=CARTESIAN_POINT('',(0.46324356379682,-0.00324606662326387,0.3053));
#4560=CARTESIAN_POINT('',(0.46324356379682,-0.00337561127671924,0.3053));
#4561=CARTESIAN_POINT('',(0.46324356379682,-0.00337561127671924,0.3053));
#4562=CARTESIAN_POINT('',(0.463121323716589,-0.00334608460624922,0.3053));
#4563=CARTESIAN_POINT('',(0.463014129740728,-0.00327439756477255,0.3053));
#4564=CARTESIAN_POINT('',(0.46293502904974,-0.003176914318836,0.3053));
#4565=CARTESIAN_POINT('',(0.46293502904974,-0.00317691431883597,0.3053));
#4566=CARTESIAN_POINT('',(0.46293502904974,-0.00317691431883597,0.3053));
#4567=CARTESIAN_POINT('',(0.462822850131281,-0.00303866565172103,0.3053));
#4568=CARTESIAN_POINT('',(0.462771341574597,-0.0028611690171406,0.3053));
#4569=CARTESIAN_POINT('',(0.462771341574597,-0.00268345811631943,0.3053));
#4570=CARTESIAN_POINT('',(0.462771341574597,-0.00268345811631943,0.3053));
#4571=CARTESIAN_POINT('',(0.462771341574597,-0.00268345811631943,0.3053));
#4572=CARTESIAN_POINT('',(0.462771341574597,-0.00249591815810652,0.3053));
#4573=CARTESIAN_POINT('',(0.462823014903773,-0.00230567590314347,0.3053));
#4574=CARTESIAN_POINT('',(0.462951809392399,-0.0021676216800407,0.3053));
#4575=CARTESIAN_POINT('',(0.462951809392401,-0.00216762168004185,0.3053));
#4576=CARTESIAN_POINT('',(0.462951809392401,-0.00216762168004185,0.3053));
#4577=CARTESIAN_POINT('',(0.463079133102281,-0.00203114397794905,0.3053));
#4578=CARTESIAN_POINT('',(0.463267408270556,-0.00196982790272231,0.3053));
#4579=CARTESIAN_POINT('',(0.46345361328125,-0.00196982790272231,0.3053));
#4580=CARTESIAN_POINT('',(0.46345361328125,-0.00196982790272231,0.3053));
#4581=CARTESIAN_POINT('',(0.46345361328125,-0.00196982790272231,0.3053));
#4582=CARTESIAN_POINT('',(0.463645223510559,-0.00196982790272231,0.3053));
#4583=CARTESIAN_POINT('',(0.463836948577297,-0.00202986929692222,0.3053));
#4584=CARTESIAN_POINT('',(0.463975701125556,-0.00216337828957831,0.3053));
#4585=CARTESIAN_POINT('',(0.463975701125556,-0.00216337828957853,0.3053));
#4586=CARTESIAN_POINT('',(0.463975701125556,-0.00216337828957853,0.3053));
#4587=CARTESIAN_POINT('',(0.464127997007913,-0.0023099188042877,0.3053));
#4588=CARTESIAN_POINT('',(0.464179233512208,-0.00252865408853425,0.3053));
#4589=CARTESIAN_POINT('',(0.464179233512208,-0.00273879665798609,0.3053));
#4590=CARTESIAN_POINT('',(0.463823318142361,0.,0.3053));
#4591=CARTESIAN_POINT('',(0.463650113061611,0.00185066102168052,0.305400000000012));
#4592=CARTESIAN_POINT('',(0.46369119729761,0.00189174525767994,0.305471159984142));
#4593=CARTESIAN_POINT('',(0.463759166535495,0.00195971449556493,0.3055));
#4594=CARTESIAN_POINT('',(0.463823318142361,0.00202386610243054,0.3055));
#4595=CARTESIAN_POINT('',(0.463650113061611,0.00185066102168038,0.305400000000012));
#4596=CARTESIAN_POINT('',(0.463650113061604,0.,0.3054));
#4597=CARTESIAN_POINT('',(0.463650113061611,0.000961459204014052,0.305400000000012));
#4598=CARTESIAN_POINT('',(0.463650113061611,0.000961459204013904,0.305400000000012));
#4599=CARTESIAN_POINT('',(0.46369119729761,0.000920374968014491,0.305471159984142));
#4600=CARTESIAN_POINT('',(0.463759166535495,0.000852405730129487,0.3055));
#4601=CARTESIAN_POINT('',(0.463823318142361,0.000788254123263883,0.3055));
#4602=CARTESIAN_POINT('',(0.462823326568445,0.000998103732227434,0.3055));
#4603=CARTESIAN_POINT('',(0.462881037936608,0.00109811738788541,0.3055));
#4604=CARTESIAN_POINT('',(0.46290989362069,0.00114812421571437,0.3054));
#4605=CARTESIAN_POINT('',(0.462974121553071,0.000911089758867116,0.3055));
#4606=CARTESIAN_POINT('',(0.463020969399775,0.00101737204392445,0.305499999995755));
#4607=CARTESIAN_POINT('',(0.463044393329356,0.00107051318757861,0.305399999997309));
#4608=CARTESIAN_POINT('',(0.463304688824534,0.000784723132012782,0.3055));
#4609=CARTESIAN_POINT('',(0.463324448759435,0.000900713636449719,0.305500000002123));
#4610=CARTESIAN_POINT('',(0.463334328723774,0.000958708888105394,0.305400000001346));
#4611=CARTESIAN_POINT('',(0.463655644044291,0.000788254123263883,0.3055));
#4612=CARTESIAN_POINT('',(0.463655644044297,0.00090372417710185,0.3055));
#4613=CARTESIAN_POINT('',(0.463655644044295,0.000961459204020802,0.3054));
#4614=CARTESIAN_POINT('',(0.463829541098578,0.000788254123263883,0.3055));
#4615=CARTESIAN_POINT('',(0.463829541098578,0.00090372417710185,0.3055));
#4616=CARTESIAN_POINT('',(0.463829541098578,0.000961459204020802,0.3054));
#4617=CARTESIAN_POINT('',(0.463650113061611,0.000961459204020763,0.3054));
#4618=CARTESIAN_POINT('',(0.463391087533443,0.000961459204020763,0.3054));
#4619=CARTESIAN_POINT('',(0.463134647282103,0.00101843351283468,0.3054));
#4620=CARTESIAN_POINT('',(0.46290989362069,0.0011481242157144,0.3054));
#4621=CARTESIAN_POINT('',(0.46290989362069,0.00114812421571443,0.3054));
#4622=CARTESIAN_POINT('',(0.462823326568445,0.000998103732227419,0.3053));
#4623=CARTESIAN_POINT('',(0.463129113759255,0.00200718600999081,0.3054));
#4624=CARTESIAN_POINT('',(0.46316620902511,0.00205142710609509,0.3055));
#4625=CARTESIAN_POINT('',(0.463240399556819,0.00213990929830357,0.3055));
#4626=CARTESIAN_POINT('',(0.463239813842381,0.00191436625184059,0.30540000000051));
#4627=CARTESIAN_POINT('',(0.46326630996291,0.00196749454621544,0.305500000000804));
#4628=CARTESIAN_POINT('',(0.46331930217866,0.00207375110730883,0.3055));
#4629=CARTESIAN_POINT('',(0.463519346783112,0.00183228848768305,0.305399999999745));
#4630=CARTESIAN_POINT('',(0.463519284531864,0.00189157155047632,0.305499999999598));
#4631=CARTESIAN_POINT('',(0.463519160042017,0.00201013768989086,0.3055));
#4632=CARTESIAN_POINT('',(0.463724783664437,0.00185066102167371,0.3054));
#4633=CARTESIAN_POINT('',(0.463724783664436,0.0019083960485927,0.3055));
#4634=CARTESIAN_POINT('',(0.46372478366444,0.00202386610243054,0.3055));
#4635=CARTESIAN_POINT('',(0.463826975092057,0.00185066102167371,0.3054));
#4636=CARTESIAN_POINT('',(0.463826975092057,0.0019083960485927,0.3055));
#4637=CARTESIAN_POINT('',(0.463826975092057,0.00202386610243054,0.3055));
#4638=CARTESIAN_POINT('',(0.463240399556819,0.00213990929830357,0.3053));
#4639=CARTESIAN_POINT('',(0.463129113759256,0.00200718600999078,0.3054));
#4640=CARTESIAN_POINT('',(0.463129113759256,0.00200718600999078,0.3054));
#4641=CARTESIAN_POINT('',(0.46327267345803,0.00188681410104376,0.3054));
#4642=CARTESIAN_POINT('',(0.46346384375423,0.00185066102167365,0.3054));
#4643=CARTESIAN_POINT('',(0.463650113061611,0.00185066102167365,0.3054));
#4644=CARTESIAN_POINT('',(0.46290989362069,0.00114812421571437,0.3054));
#4645=CARTESIAN_POINT('',(0.462881037936608,0.00109811738788541,0.3055));
#4646=CARTESIAN_POINT('',(0.462823326568445,0.000998103732227433,0.3055));
#4647=CARTESIAN_POINT('',(0.462694301754266,0.00127252823866295,0.3054));
#4648=CARTESIAN_POINT('',(0.462656375079571,0.00122775568289778,0.3055));
#4649=CARTESIAN_POINT('',(0.462580521733207,0.00113821057657188,0.3055));
#4650=CARTESIAN_POINT('',(0.462521543846603,0.00145458350252566,0.305400000005729));
#4651=CARTESIAN_POINT('',(0.462475242956059,0.00141880588037205,0.305500000009037));
#4652=CARTESIAN_POINT('',(0.462382641159166,0.00134725064026204,0.3055));
#4653=CARTESIAN_POINT('',(0.462402116079045,0.00167602884754118,0.3054));
#4654=CARTESIAN_POINT('',(0.462351300072426,0.00164862324948864,0.3055));
#4655=CARTESIAN_POINT('',(0.462249668059188,0.00159381205338351,0.3055));
#4656=CARTESIAN_POINT('',(0.46290989362069,0.00114812421571443,0.3054));
#4657=CARTESIAN_POINT('',(0.462693915709117,0.00127275100480511,0.3054));
#4658=CARTESIAN_POINT('',(0.462520303370697,0.00145688361365918,0.3054));
#4659=CARTESIAN_POINT('',(0.462402116079045,0.00167602884754109,0.3054));
#4660=CARTESIAN_POINT('',(0.462402116079045,0.00167602884754111,0.3054));
#4661=CARTESIAN_POINT('',(0.462249668059188,0.00159381205338353,0.3053));
#4662=CARTESIAN_POINT('',(0.462944546655354,0.0024316677517361,0.3054));
#4663=CARTESIAN_POINT('',(0.463002281682273,0.0024316677517361,0.3055));
#4664=CARTESIAN_POINT('',(0.463117751736111,0.0024316677517361,0.3055));
#4665=CARTESIAN_POINT('',(0.462944546471544,0.00229108102552136,0.305400000000014));
#4666=CARTESIAN_POINT('',(0.463002281348401,0.00230130696323788,0.305500000000007));
#4667=CARTESIAN_POINT('',(0.463117751528186,0.00232175883867092,0.3055));
#4668=CARTESIAN_POINT('',(0.463007594194938,0.00210907732097033,0.3054));
#4669=CARTESIAN_POINT('',(0.463057066276601,0.00214294041493257,0.3055));
#4670=CARTESIAN_POINT('',(0.463156010907943,0.00221066716102975,0.3055));
#4671=CARTESIAN_POINT('',(0.463129113759255,0.00200718600999071,0.3054));
#4672=CARTESIAN_POINT('',(0.46316620902511,0.00205142710609496,0.3055));
#4673=CARTESIAN_POINT('',(0.463240399556819,0.00213990929830357,0.3055));
#4674=CARTESIAN_POINT('',(0.463117751736111,0.0024316677517361,0.3053));
#4675=CARTESIAN_POINT('',(0.462944546655354,0.0024316677517361,0.3054));
#4676=CARTESIAN_POINT('',(0.462944546655354,0.0024316677517361,0.3054));
#4677=CARTESIAN_POINT('',(0.462944546655354,0.00227109526990676,0.3054));
#4678=CARTESIAN_POINT('',(0.463005831859083,0.00211055539422102,0.3054));
#4679=CARTESIAN_POINT('',(0.463129113759256,0.00200718600999079,0.3054));
#4680=CARTESIAN_POINT('',(0.462402116079045,0.00167602884754119,0.3054));
#4681=CARTESIAN_POINT('',(0.462351300072426,0.00164862324948864,0.3055));
#4682=CARTESIAN_POINT('',(0.462249668059188,0.00159381205338353,0.3055));
#4683=CARTESIAN_POINT('',(0.462276422607885,0.00190909221125812,0.305400000006061));
#4684=CARTESIAN_POINT('',(0.462220645984338,0.00189088470280895,0.30550000000956));
#4685=CARTESIAN_POINT('',(0.462109092707904,0.0018544696835502,0.3055));
#4686=CARTESIAN_POINT('',(0.462218593527448,0.00217396492570003,0.3054));
#4687=CARTESIAN_POINT('',(0.462160858491267,0.00216615688941581,0.3055));
#4688=CARTESIAN_POINT('',(0.462045388433353,0.00215054081684736,0.3055));
#4689=CARTESIAN_POINT('',(0.462218593535618,0.00244642469618054,0.3054));
#4690=CARTESIAN_POINT('',(0.462160858508699,0.00244642469618054,0.3055));
#4691=CARTESIAN_POINT('',(0.462045388454861,0.00244642469618054,0.3055));
#4692=CARTESIAN_POINT('',(0.462402116079045,0.00167602884754111,0.3054));
#4693=CARTESIAN_POINT('',(0.462274821106152,0.00191206172566694,0.3054));
#4694=CARTESIAN_POINT('',(0.462218593535618,0.00217868505113778,0.3054));
#4695=CARTESIAN_POINT('',(0.462218593535618,0.00244642469618054,0.3054));
#4696=CARTESIAN_POINT('',(0.462218593535618,0.00244642469618054,0.3054));
#4697=CARTESIAN_POINT('',(0.462045388454861,0.00244642469618054,0.3053));
#4698=CARTESIAN_POINT('',(0.463095062308102,0.00281556758915773,0.3054));
#4699=CARTESIAN_POINT('',(0.463133310634774,0.00277231948122109,0.3055));
#4700=CARTESIAN_POINT('',(0.463209807288119,0.0026858232653477,0.3055));
#4701=CARTESIAN_POINT('',(0.463036569578996,0.0027638373579076,0.305399999998789));
#4702=CARTESIAN_POINT('',(0.463082597936279,0.00272747008843734,0.305499999998083));
#4703=CARTESIAN_POINT('',(0.463174655069178,0.00265473508222658,0.3055));
#4704=CARTESIAN_POINT('',(0.462951081183854,0.00261470954054733,0.305399999999883));
#4705=CARTESIAN_POINT('',(0.463009431815771,0.00260053141090226,0.305499999999819));
#4706=CARTESIAN_POINT('',(0.463126132781402,0.0025721753852629,0.3055));
#4707=CARTESIAN_POINT('',(0.462944546577739,0.00249042530207858,0.305400000001444));
#4708=CARTESIAN_POINT('',(0.463002281540233,0.00248638328200493,0.305500000002278));
#4709=CARTESIAN_POINT('',(0.463117751643295,0.00247829924182613,0.3055));
#4710=CARTESIAN_POINT('',(0.462944546655354,0.00243166775173609,0.3054));
#4711=CARTESIAN_POINT('',(0.463002281682273,0.0024316677517361,0.3055));
#4712=CARTESIAN_POINT('',(0.463117751736111,0.0024316677517361,0.3055));
#4713=CARTESIAN_POINT('',(0.463209807288119,0.0026858232653477,0.3053));
#4714=CARTESIAN_POINT('',(0.463095062308102,0.0028155675891577,0.3054));
#4715=CARTESIAN_POINT('',(0.463095062308102,0.0028155675891577,0.3054));
#4716=CARTESIAN_POINT('',(0.462987524770274,0.0027204621366278,0.3054));
#4717=CARTESIAN_POINT('',(0.462944546655354,0.00257413252395625,0.3054));
#4718=CARTESIAN_POINT('',(0.462944546655354,0.0024316677517361,0.3054));
#4719=CARTESIAN_POINT('',(0.462218593535618,0.00244642469618054,0.3054));
#4720=CARTESIAN_POINT('',(0.462160858508699,0.00244642469618054,0.3055));
#4721=CARTESIAN_POINT('',(0.462045388454861,0.00244642469618054,0.3055));
#4722=CARTESIAN_POINT('',(0.462218593516099,0.0028297847836392,0.30539999999684));
#4723=CARTESIAN_POINT('',(0.462160858470407,0.00283789842613377,0.305499999995015));
#4724=CARTESIAN_POINT('',(0.462045388419351,0.00285412571119211,0.3055));
#4725=CARTESIAN_POINT('',(0.462304761002799,0.00320412751301434,0.3054));
#4726=CARTESIAN_POINT('',(0.462248866548828,0.00322780370147277,0.3055));
#4727=CARTESIAN_POINT('',(0.462137077618798,0.00327515609756561,0.3055));
#4728=CARTESIAN_POINT('',(0.462536428568486,0.00347114585720521,0.3054));
#4729=CARTESIAN_POINT('',(0.46249281918944,0.00350898175804809,0.3055));
#4730=CARTESIAN_POINT('',(0.462405600431349,0.00358465355973389,0.3055));
#4731=CARTESIAN_POINT('',(0.462218593535618,0.00244642469618054,0.3054));
#4732=CARTESIAN_POINT('',(0.462218593535618,0.00281341567567642,0.3054));
#4733=CARTESIAN_POINT('',(0.462294459649362,0.00319225427338513,0.3054));
#4734=CARTESIAN_POINT('',(0.462536428568486,0.00347114585720525,0.3054));
#4735=CARTESIAN_POINT('',(0.462536428568486,0.00347114585720524,0.3054));
#4736=CARTESIAN_POINT('',(0.462405600431349,0.00358465355973389,0.3053));
#4737=CARTESIAN_POINT('',(0.463517252604167,0.00294995746790963,0.3054));
#4738=CARTESIAN_POINT('',(0.463517252604167,0.00289222244099067,0.3055));
#4739=CARTESIAN_POINT('',(0.463517252604167,0.00277675238715276,0.3055));
#4740=CARTESIAN_POINT('',(0.46338690955304,0.00294995756469015,0.3054));
#4741=CARTESIAN_POINT('',(0.463393830010077,0.00289222262084655,0.3055));
#4742=CARTESIAN_POINT('',(0.463407670924132,0.00277675251586032,0.3055));
#4743=CARTESIAN_POINT('',(0.463227207652838,0.00293243602272282,0.305400000002247));
#4744=CARTESIAN_POINT('',(0.463248932622476,0.00287457477436537,0.305500000003544));
#4745=CARTESIAN_POINT('',(0.463292382568356,0.00275885225960057,0.3055));
#4746=CARTESIAN_POINT('',(0.463095062308102,0.00281556758915767,0.3054));
#4747=CARTESIAN_POINT('',(0.463133310634774,0.00277231948122102,0.3055));
#4748=CARTESIAN_POINT('',(0.463209807288119,0.00268582326534773,0.3055));
#4749=CARTESIAN_POINT('',(0.463517252604167,0.00277675238715276,0.3053));
#4750=CARTESIAN_POINT('',(0.463517252604167,0.00294995746790966,0.3054));
#4751=CARTESIAN_POINT('',(0.463517252604167,0.00294995746790965,0.3054));
#4752=CARTESIAN_POINT('',(0.463365578621662,0.00294995746790965,0.3054));
#4753=CARTESIAN_POINT('',(0.463209333649578,0.00291662837092557,0.3054));
#4754=CARTESIAN_POINT('',(0.463095062308102,0.00281556758915768,0.3054));
#4755=CARTESIAN_POINT('',(0.462536428568486,0.00347114585720523,0.3054));
#4756=CARTESIAN_POINT('',(0.46249281918944,0.00350898175804811,0.3055));
#4757=CARTESIAN_POINT('',(0.462405600431349,0.0035846535597339,0.3055));
#4758=CARTESIAN_POINT('',(0.462755151513551,0.00372324430282512,0.305399999997017));
#4759=CARTESIAN_POINT('',(0.462723253354176,0.00377457846971535,0.305499999995277));
#4760=CARTESIAN_POINT('',(0.462659457038682,0.00387724681157279,0.3055));
#4761=CARTESIAN_POINT('',(0.463083011809721,0.00383915930593424,0.3054));
#4762=CARTESIAN_POINT('',(0.463071849049137,0.00389689435598966,0.3055));
#4763=CARTESIAN_POINT('',(0.463049523527955,0.00401236442014576,0.3055));
#4764=CARTESIAN_POINT('',(0.463436089409722,0.0038391592855625,0.3054));
#4765=CARTESIAN_POINT('',(0.463436089409722,0.00389689431248146,0.3055));
#4766=CARTESIAN_POINT('',(0.463436089409722,0.00401236436631942,0.3055));
#4767=CARTESIAN_POINT('',(0.462536428568486,0.00347114585720524,0.3054));
#4768=CARTESIAN_POINT('',(0.462757959468948,0.00372648073210863,0.3054));
#4769=CARTESIAN_POINT('',(0.463099879860981,0.00383915928556254,0.3054));
#4770=CARTESIAN_POINT('',(0.463436089409722,0.00383915928556253,0.3054));
#4771=CARTESIAN_POINT('',(0.463436089409722,0.00383915928556253,0.3054));
#4772=CARTESIAN_POINT('',(0.463436089409722,0.00401236436631942,0.3053));
#4773=CARTESIAN_POINT('',(0.463935293371628,0.00281946938022843,0.3054));
#4774=CARTESIAN_POINT('',(0.463905989751266,0.00276972371542199,0.3055));
#4775=CARTESIAN_POINT('',(0.463847382510543,0.00267023238580909,0.3055));
#4776=CARTESIAN_POINT('',(0.463819177462539,0.00288786970903787,0.30540000000002));
#4777=CARTESIAN_POINT('',(0.463794934826921,0.00283514283432262,0.305500000000032));
#4778=CARTESIAN_POINT('',(0.463746449491224,0.00272968897561769,0.3055));
#4779=CARTESIAN_POINT('',(0.463683254599618,0.00294995724085008,0.305399999999996));
#4780=CARTESIAN_POINT('',(0.463667076085659,0.00289222203115565,0.305499999999993));
#4781=CARTESIAN_POINT('',(0.463634719057747,0.00277675214258827,0.3055));
#4782=CARTESIAN_POINT('',(0.463517252604167,0.00294995746790966,0.3054));
#4783=CARTESIAN_POINT('',(0.463517252604167,0.0028922224409907,0.3055));
#4784=CARTESIAN_POINT('',(0.463517252604167,0.00277675238715276,0.3055));
#4785=CARTESIAN_POINT('',(0.463847382510543,0.00267023238580909,0.3053));
#4786=CARTESIAN_POINT('',(0.463935293371628,0.00281946938022835,0.3054));
#4787=CARTESIAN_POINT('',(0.463935293371628,0.00281946938022834,0.3054));
#4788=CARTESIAN_POINT('',(0.463807474511275,0.00289476348622624,0.3054));
#4789=CARTESIAN_POINT('',(0.463666315375612,0.00294995746790965,0.3054));
#4790=CARTESIAN_POINT('',(0.463517252604167,0.00294995746790965,0.3054));
#4791=CARTESIAN_POINT('',(0.463436089409722,0.00383915928556253,0.3054));
#4792=CARTESIAN_POINT('',(0.463436089409722,0.00389689431248149,0.3055));
#4793=CARTESIAN_POINT('',(0.463436089409722,0.00401236436631942,0.3055));
#4794=CARTESIAN_POINT('',(0.463656818902528,0.00383915927869457,0.305399999990297));
#4795=CARTESIAN_POINT('',(0.463667171283379,0.00389689429809774,0.305499999984639));
#4796=CARTESIAN_POINT('',(0.463687876085589,0.0040123643495179,0.3055));
#4797=CARTESIAN_POINT('',(0.463876462116379,0.00377800588221446,0.305400000002662));
#4798=CARTESIAN_POINT('',(0.463896002334223,0.00383278550943168,0.305500000004199));
#4799=CARTESIAN_POINT('',(0.46393508275107,0.0039423447481696,0.3055));
#4800=CARTESIAN_POINT('',(0.464082621073009,0.00367492639081,0.3054));
#4801=CARTESIAN_POINT('',(0.464108440961984,0.00372656616875943,0.3055));
#4802=CARTESIAN_POINT('',(0.464160080739933,0.0038298457246583,0.3055));
#4803=CARTESIAN_POINT('',(0.463436089409722,0.00383915928556253,0.3054));
#4804=CARTESIAN_POINT('',(0.463661983896131,0.00383915928556253,0.3054));
#4805=CARTESIAN_POINT('',(0.463881129358581,0.00377567224802397,0.3054));
#4806=CARTESIAN_POINT('',(0.464082621073009,0.00367492639080998,0.3054));
#4807=CARTESIAN_POINT('',(0.464082621073009,0.00367492639080999,0.3054));
#4808=CARTESIAN_POINT('',(0.464160080739933,0.00382984572465829,0.3053));
#4809=CARTESIAN_POINT('',(0.463847382510543,0.00267023238580909,0.3055));
#4810=CARTESIAN_POINT('',(0.463905989751266,0.002769723715422,0.3055));
#4811=CARTESIAN_POINT('',(0.463935293371628,0.00281946938022844,0.3054));
#4812=CARTESIAN_POINT('',(0.464030763253373,0.00256220827505339,0.3055));
#4813=CARTESIAN_POINT('',(0.464104190925412,0.00265296929227117,0.305499999996103));
#4814=CARTESIAN_POINT('',(0.464140904838036,0.00269834992220278,0.305399999997529));
#4815=CARTESIAN_POINT('',(0.464192788492849,0.00242249256719027,0.3055));
#4816=CARTESIAN_POINT('',(0.464270756172882,0.00250766518135334,0.3055));
#4817=CARTESIAN_POINT('',(0.464309740012902,0.00255025148843705,0.3054));
#4818=CARTESIAN_POINT('',(0.464349632672169,0.00227891617343939,0.3055));
#4819=CARTESIAN_POINT('',(0.464427600352204,0.00236408878760243,0.3055));
#4820=CARTESIAN_POINT('',(0.464466584192221,0.00240667509468394,0.3054));
#4821=CARTESIAN_POINT('',(0.464463774466617,0.00240924713664415,0.3054));
#4822=CARTESIAN_POINT('',(0.46444016480492,0.0023837700946034,0.305460161042599));
#4823=CARTESIAN_POINT('',(0.464393350348966,0.0023332501286367,0.305500000000064));
#4824=CARTESIAN_POINT('',(0.464346047633945,0.00228219777979413,0.3055));
#4825=CARTESIAN_POINT('',(0.464463774466607,0.0024092471366528,0.3054));
#4826=CARTESIAN_POINT('',(0.464463774466602,0.00240924713665797,0.3054));
#4827=CARTESIAN_POINT('',(0.464298929856488,0.00256013920275055,0.3054));
#4828=CARTESIAN_POINT('',(0.464128088330101,0.00270589988039864,0.3054));
#4829=CARTESIAN_POINT('',(0.463935293371628,0.00281946938022835,0.3054));
#4830=CARTESIAN_POINT('',(0.464082621073009,0.00367492639081002,0.3054));
#4831=CARTESIAN_POINT('',(0.464108440961984,0.00372656616875945,0.3055));
#4832=CARTESIAN_POINT('',(0.464160080739933,0.0038298457246583,0.3055));
#4833=CARTESIAN_POINT('',(0.464352916231073,0.00353977876002731,0.305399999997902));
#4834=CARTESIAN_POINT('',(0.464388095839552,0.00358673862091274,0.305499999996632));
#4835=CARTESIAN_POINT('',(0.464458455101291,0.00368065841415936,0.3055));
#4836=CARTESIAN_POINT('',(0.464600160463718,0.00333692429453608,0.305399999992996));
#4837=CARTESIAN_POINT('',(0.464639111143521,0.00337954092736525,0.305499999988952));
#4838=CARTESIAN_POINT('',(0.464717012532253,0.00346477419322384,0.3055));
#4839=CARTESIAN_POINT('',(0.464846133883799,0.00311210988814693,0.3054));
#4840=CARTESIAN_POINT('',(0.464885084569754,0.00315472652101485,0.3055));
#4841=CARTESIAN_POINT('',(0.464962985941663,0.00323995978675064,0.3055));
#4842=CARTESIAN_POINT('',(0.464082621073009,0.00367492639080999,0.3054));
#4843=CARTESIAN_POINT('',(0.464366625939527,0.0035329239575515,0.3054));
#4844=CARTESIAN_POINT('',(0.464607832743357,0.00332991200575622,0.3054));
#4845=CARTESIAN_POINT('',(0.464840575919928,0.00311718974759958,0.3054));
#4846=CARTESIAN_POINT('',(0.464840575919926,0.00311718974760125,0.3054));
#4847=CARTESIAN_POINT('',(0.464840575919936,0.00311718974759211,0.3054));
#4848=CARTESIAN_POINT('',(0.464864236463264,0.00314261139594948,0.305460149383429));
#4849=CARTESIAN_POINT('',(0.464911206843309,0.00319307788222452,0.305500000000004));
#4850=CARTESIAN_POINT('',(0.46495858482699,0.00324398231093048,0.3055));
#4851=CARTESIAN_POINT('',(0.337254282001999,0.121516792432837,0.3053));
#4852=CARTESIAN_POINT('',(0.46584995954949,0.000871261935763882,0.3053));
#4853=CARTESIAN_POINT('',(0.465918489146286,0.00104446701652078,0.3054));
#4854=CARTESIAN_POINT('',(0.337372789599056,0.121643109294102,0.3054));
#4855=CARTESIAN_POINT('',(0.339245135381218,0.122389451354844,0.3053));
#4856=CARTESIAN_POINT('',(0.339125988947413,0.122263736887454,0.3054));
#4857=CARTESIAN_POINT('',(0.465801764108535,0.00220621945702238,0.3054));
#4858=CARTESIAN_POINT('',(0.465628559027778,0.00260901134518115,0.3053));
#4859=CARTESIAN_POINT('',(0.22325,0.000871261935763883,0.3053));
#4860=CARTESIAN_POINT('',(0.4667,0.000871261935763883,0.3053));
#4861=CARTESIAN_POINT('',(0.466526794919243,0.00104446701652078,0.3054));
#4862=CARTESIAN_POINT('',(0.22325,0.00104446701652078,0.3054));
#4863=CARTESIAN_POINT('',(0.465628559027778,0.,0.3053));
#4864=CARTESIAN_POINT('',(0.465801764108535,0.,0.3054));
#4865=CARTESIAN_POINT('',(0.465801764108535,0.00397473871264586,0.3054));
#4866=CARTESIAN_POINT('',(0.465628559027778,0.00414794379340275,0.3053));
#4867=CARTESIAN_POINT('',(0.4667,0.,0.3053));
#4868=CARTESIAN_POINT('',(0.4667,0.00414794379340275,0.3053));
#4869=CARTESIAN_POINT('',(0.466526794919243,0.00397473871264586,0.3054));
#4870=CARTESIAN_POINT('',(0.466526794919243,0.,0.3054));
#4871=CARTESIAN_POINT('',(0.22325,0.00414794379340275,0.3053));
#4872=CARTESIAN_POINT('',(0.22325,0.00397473871264586,0.3054));
#4873=CARTESIAN_POINT('',(0.465748471753893,0.000261678080790268,0.3054));
#4874=CARTESIAN_POINT('',(0.465706075795932,0.000300868846053265,0.3055));
#4875=CARTESIAN_POINT('',(0.46562128388001,0.000379250376579266,0.3055));
#4876=CARTESIAN_POINT('',(0.465836603760101,0.000357017904411672,0.3054));
#4877=CARTESIAN_POINT('',(0.465804688241075,0.000407546256230875,0.3055));
#4878=CARTESIAN_POINT('',(0.465740857184562,0.00050860297693325,0.3055));
#4879=CARTESIAN_POINT('',(0.465953322625894,0.00040448047811556,0.3054));
#4880=CARTESIAN_POINT('',(0.465940399466698,0.000462215529563894,0.3055));
#4881=CARTESIAN_POINT('',(0.465914553148319,0.000577685630171579,0.3055));
#4882=CARTESIAN_POINT('',(0.466090494791667,0.000404480466118105,0.3054));
#4883=CARTESIAN_POINT('',(0.466090494791667,0.000462215493037065,0.3055));
#4884=CARTESIAN_POINT('',(0.466090494791667,0.000577685546874998,0.3055));
#4885=CARTESIAN_POINT('',(0.46562128388001,0.000379250376579266,0.3053));
#4886=CARTESIAN_POINT('',(0.465748471753893,0.000261678080790363,0.3054));
#4887=CARTESIAN_POINT('',(0.465748471753893,0.000261678080790364,0.3054));
#4888=CARTESIAN_POINT('',(0.465835704886275,0.000356045521395762,0.3054));
#4889=CARTESIAN_POINT('',(0.465962281435558,0.000404480466118106,0.3054));
#4890=CARTESIAN_POINT('',(0.466090494791667,0.000404480466118106,0.3054));
#4891=CARTESIAN_POINT('',(0.466090494791667,0.000404480466118105,0.3054));
#4892=CARTESIAN_POINT('',(0.466090494791667,0.000577685546874998,0.3053));
#4893=CARTESIAN_POINT('',(0.466090494791667,0.00040448046611805,0.3054));
#4894=CARTESIAN_POINT('',(0.466090494791667,0.000462215493036993,0.3055));
#4895=CARTESIAN_POINT('',(0.466090494791667,0.000577685546874998,0.3055));
#4896=CARTESIAN_POINT('',(0.466226554510287,0.000404480480229575,0.3054));
#4897=CARTESIAN_POINT('',(0.466239475347822,0.000462215534260407,0.3055));
#4898=CARTESIAN_POINT('',(0.466265317022891,0.000577685636616431,0.3055));
#4899=CARTESIAN_POINT('',(0.466341924167085,0.000357508714404562,0.305399999999996));
#4900=CARTESIAN_POINT('',(0.46637389603362,0.000408028535962931,0.305499999999994));
#4901=CARTESIAN_POINT('',(0.46643783978967,0.000509068200190575,0.3055));
#4902=CARTESIAN_POINT('',(0.466428870408188,0.000263016205095207,0.3054));
#4903=CARTESIAN_POINT('',(0.466471356464649,0.000302109277880049,0.3055));
#4904=CARTESIAN_POINT('',(0.46655632857757,0.000380295423449814,0.3055));
#4905=CARTESIAN_POINT('',(0.466090494791667,0.00040448046611811,0.3054));
#4906=CARTESIAN_POINT('',(0.466217511982451,0.00040448046611811,0.3054));
#4907=CARTESIAN_POINT('',(0.466342801723859,0.00035655500164898,0.3054));
#4908=CARTESIAN_POINT('',(0.466428870408188,0.000263016205095144,0.3054));
#4909=CARTESIAN_POINT('',(0.466428870408188,0.000263016205095157,0.3054));
#4910=CARTESIAN_POINT('',(0.46655632857757,0.00038029542344983,0.3053));
#4911=CARTESIAN_POINT('',(0.465617302302979,-9.54589843749996E-5,0.3054));
#4912=CARTESIAN_POINT('',(0.46555956727606,-9.54589843749996E-5,0.3055));
#4913=CARTESIAN_POINT('',(0.465444097222222,-9.54589843749996E-5,0.3055));
#4914=CARTESIAN_POINT('',(0.465617302294936,4.40976688683292E-5,0.305400000005393));
#4915=CARTESIAN_POINT('',(0.465559567246661,5.55637718000943E-5,0.305500000008507));
#4916=CARTESIAN_POINT('',(0.465444097143141,7.84959776681715E-5,0.3055));
#4917=CARTESIAN_POINT('',(0.465660308473573,0.000166304412078411,0.305400000000994));
#4918=CARTESIAN_POINT('',(0.465607880233779,0.000194642413292771,0.305500000001567));
#4919=CARTESIAN_POINT('',(0.465503023734736,0.000251318429850191,0.3055));
#4920=CARTESIAN_POINT('',(0.465748471753893,0.000261678080790269,0.3054));
#4921=CARTESIAN_POINT('',(0.465706075795932,0.000300868846053267,0.3055));
#4922=CARTESIAN_POINT('',(0.46562128388001,0.000379250376579266,0.3055));
#4923=CARTESIAN_POINT('',(0.465444097222222,-9.54589843749996E-5,0.3053));
#4924=CARTESIAN_POINT('',(0.465617302302979,-9.54589843749996E-5,0.3054));
#4925=CARTESIAN_POINT('',(0.465617302302979,-9.54589843749996E-5,0.3054));
#4926=CARTESIAN_POINT('',(0.465617302302979,3.54141870608013E-5,0.3054));
#4927=CARTESIAN_POINT('',(0.465659500403909,0.000165430263521398,0.3054));
#4928=CARTESIAN_POINT('',(0.465748471753893,0.00026167808079037,0.3054));
#4929=CARTESIAN_POINT('',(0.466428870408188,0.000263016205095213,0.3054));
#4930=CARTESIAN_POINT('',(0.466471356464649,0.000302109277880057,0.3055));
#4931=CARTESIAN_POINT('',(0.46655632857757,0.000380295423449814,0.3055));
#4932=CARTESIAN_POINT('',(0.466516052179717,0.00016826769461388,0.305399999996026));
#4933=CARTESIAN_POINT('',(0.466568801619831,0.000196206591216715,0.305499999993732));
#4934=CARTESIAN_POINT('',(0.466674300536139,0.00025208440236316,0.3055));
#4935=CARTESIAN_POINT('',(0.466558153436105,4.51755284335246E-5,0.305399999994612));
#4936=CARTESIAN_POINT('',(0.466615888486179,5.62741880349579E-5,0.305499999991502));
#4937=CARTESIAN_POINT('',(0.466731358589419,7.84715072332933E-5,0.3055));
#4938=CARTESIAN_POINT('',(0.466558153426188,-9.54589843749996E-5,0.3054));
#4939=CARTESIAN_POINT('',(0.466615888453107,-9.54589843749996E-5,0.3055));
#4940=CARTESIAN_POINT('',(0.466731358506945,-9.54589843749996E-5,0.3055));
#4941=CARTESIAN_POINT('',(0.466428870408188,0.00026301620509516,0.3054));
#4942=CARTESIAN_POINT('',(0.46651773233107,0.000166441737963482,0.3054));
#4943=CARTESIAN_POINT('',(0.466558153426188,3.53392599219919E-5,0.3054));
#4944=CARTESIAN_POINT('',(0.466558153426188,-9.54589843749949E-5,0.3054));
#4945=CARTESIAN_POINT('',(0.466558153426188,-9.54589843749996E-5,0.3054));
#4946=CARTESIAN_POINT('',(0.466731358506945,-9.54589843749996E-5,0.3053));
#4947=CARTESIAN_POINT('',(0.465748502996055,-0.000449401707101096,0.3054));
#4948=CARTESIAN_POINT('',(0.465706174355598,-0.00048866517014663,0.3055));
#4949=CARTESIAN_POINT('',(0.465621517074682,-0.000567192096237661,0.3055));
#4950=CARTESIAN_POINT('',(0.465660505922173,-0.000354534973530397,0.305399999996063));
#4951=CARTESIAN_POINT('',(0.4656082399468,-0.000383085332483467,0.305499999993789));
#4952=CARTESIAN_POINT('',(0.465503707997515,-0.000440186064321364,0.3055));
#4953=CARTESIAN_POINT('',(0.465617302287938,-0.00023353633127297,0.3054));
#4954=CARTESIAN_POINT('',(0.465559567236032,-0.000245181584126082,0.3055));
#4955=CARTESIAN_POINT('',(0.465444097145077,-0.000268472089832298,0.3055));
#4956=CARTESIAN_POINT('',(0.465617302302979,-9.54589843749996E-5,0.3054));
#4957=CARTESIAN_POINT('',(0.46555956727606,-9.54589843749996E-5,0.3055));
#4958=CARTESIAN_POINT('',(0.465444097222222,-9.54589843749996E-5,0.3055));
#4959=CARTESIAN_POINT('',(0.465621517074682,-0.000567192096237661,0.3053));
#4960=CARTESIAN_POINT('',(0.465748502996055,-0.00044940170710138,0.3054));
#4961=CARTESIAN_POINT('',(0.465748502996055,-0.000449401707101379,0.3054));
#4962=CARTESIAN_POINT('',(0.465659902685308,-0.00035388464347072,0.3054));
#4963=CARTESIAN_POINT('',(0.465617302302979,-0.000225417821841612,0.3054));
#4964=CARTESIAN_POINT('',(0.465617302302979,-9.54589843750084E-5,0.3054));
#4965=CARTESIAN_POINT('',(0.466558153426188,-9.54589843749996E-5,0.3054));
#4966=CARTESIAN_POINT('',(0.466615888453107,-9.54589843749996E-5,0.3055));
#4967=CARTESIAN_POINT('',(0.466731358506945,-9.54589843749996E-5,0.3055));
#4968=CARTESIAN_POINT('',(0.466558153445517,-0.00023471049877218,0.30540000000134));
#4969=CARTESIAN_POINT('',(0.466615888500815,-0.000245987797400439,0.305500000002114));
#4970=CARTESIAN_POINT('',(0.466731358588426,-0.000268542394655788,0.3055));
#4971=CARTESIAN_POINT('',(0.466515926270731,-0.000356423000750946,0.3054));
#4972=CARTESIAN_POINT('',(0.46656852161428,-0.000384567652656848,0.3055));
#4973=CARTESIAN_POINT('',(0.466673712318312,-0.000440856972094273,0.3055));
#4974=CARTESIAN_POINT('',(0.466428838929729,-0.000450740243350758,0.3054));
#4975=CARTESIAN_POINT('',(0.466471257159536,-0.000489906901535262,0.3055));
#4976=CARTESIAN_POINT('',(0.466556093619151,-0.000568240217904287,0.3055));
#4977=CARTESIAN_POINT('',(0.466558153426188,-9.54589843749996E-5,0.3054));
#4978=CARTESIAN_POINT('',(0.466558153426188,-0.000225502796327721,0.3054));
#4979=CARTESIAN_POINT('',(0.466517217487426,-0.000355024597845016,0.3054));
#4980=CARTESIAN_POINT('',(0.466428838929729,-0.000450740243350764,0.3054));
#4981=CARTESIAN_POINT('',(0.466428838929729,-0.000450740243350754,0.3054));
#4982=CARTESIAN_POINT('',(0.466556093619151,-0.000568240217904267,0.3053));
#4983=CARTESIAN_POINT('',(0.466090494791667,-0.000591709198757019,0.3054));
#4984=CARTESIAN_POINT('',(0.466090494791667,-0.000649444225675989,0.3055));
#4985=CARTESIAN_POINT('',(0.466090494791667,-0.000764914279513886,0.3055));
#4986=CARTESIAN_POINT('',(0.465953326418875,-0.000591709212931828,0.305400000000004));
#4987=CARTESIAN_POINT('',(0.465940446090743,-0.000649444266711713,0.305500000000006));
#4988=CARTESIAN_POINT('',(0.465914685434444,-0.000764914367894806,0.3055));
#4989=CARTESIAN_POINT('',(0.465836664558051,-0.000544445761980545,0.3054));
#4990=CARTESIAN_POINT('',(0.465804840867088,-0.000595034270680159,0.3055));
#4991=CARTESIAN_POINT('',(0.46574119346365,-0.000696211308046456,0.3055));
#4992=CARTESIAN_POINT('',(0.465748502996055,-0.000449401707101092,0.3054));
#4993=CARTESIAN_POINT('',(0.465706174355598,-0.000488665170146624,0.3055));
#4994=CARTESIAN_POINT('',(0.465621517074682,-0.000567192096237661,0.3055));
#4995=CARTESIAN_POINT('',(0.466090494791667,-0.000764914279513886,0.3053));
#4996=CARTESIAN_POINT('',(0.466090494791667,-0.000591709198756994,0.3054));
#4997=CARTESIAN_POINT('',(0.466090494791667,-0.000591709198756998,0.3054));
#4998=CARTESIAN_POINT('',(0.46596224942998,-0.000591709198756998,0.3054));
#4999=CARTESIAN_POINT('',(0.465835782138582,-0.000543494462984507,0.3054));
#5000=CARTESIAN_POINT('',(0.465748502996055,-0.00044940170710134,0.3054));
#5001=CARTESIAN_POINT('',(0.466428838929729,-0.000450740243350744,0.3054));
#5002=CARTESIAN_POINT('',(0.466471257159536,-0.000489906901535243,0.3055));
#5003=CARTESIAN_POINT('',(0.466556093619151,-0.000568240217904287,0.3055));
#5004=CARTESIAN_POINT('',(0.466341883108551,-0.00054491503062369,0.305399999999008));
#5005=CARTESIAN_POINT('',(0.466373764498472,-0.000595493294228604,0.305499999998435));
#5006=CARTESIAN_POINT('',(0.466437527302398,-0.000696649839851297,0.3055));
#5007=CARTESIAN_POINT('',(0.466226448885864,-0.000591709211031565,0.305400000000007));
#5008=CARTESIAN_POINT('',(0.466239316833244,-0.000649444262977931,0.305500000000012));
#5009=CARTESIAN_POINT('',(0.466265052727965,-0.000764914364410048,0.3055));
#5010=CARTESIAN_POINT('',(0.466090494791667,-0.000591709198756965,0.3054));
#5011=CARTESIAN_POINT('',(0.466090494791667,-0.000649444225675916,0.3055));
#5012=CARTESIAN_POINT('',(0.466090494791667,-0.000764914279513886,0.3055));
#5013=CARTESIAN_POINT('',(0.466428838929729,-0.000450740243350757,0.3054));
#5014=CARTESIAN_POINT('',(0.466342614949899,-0.000544122440373676,0.3054));
#5015=CARTESIAN_POINT('',(0.466217289963987,-0.000591709198756993,0.3054));
#5016=CARTESIAN_POINT('',(0.466090494791667,-0.000591709198756993,0.3054));
#5017=CARTESIAN_POINT('',(0.463988177029827,-0.00143696527916599,0.3054));
#5018=CARTESIAN_POINT('',(0.464022145712411,-0.00139028057142558,0.3055));
#5019=CARTESIAN_POINT('',(0.46409008307758,-0.0012969111559447,0.3055));
#5020=CARTESIAN_POINT('',(0.464137740939227,-0.00154579082560536,0.3054));
#5021=CARTESIAN_POINT('',(0.464178981477065,-0.0015043972541515,0.3055));
#5022=CARTESIAN_POINT('',(0.46426146255101,-0.0014216101136097,0.3055));
#5023=CARTESIAN_POINT('',(0.464257763675319,-0.00168885541046717,0.305399999999997));
#5024=CARTESIAN_POINT('',(0.464305454304491,-0.00165526559951144,0.305499999999995));
#5025=CARTESIAN_POINT('',(0.46440083554877,-0.0015880859847544,0.3055));
#5026=CARTESIAN_POINT('',(0.464342318828101,-0.00185515464560893,0.3054));
#5027=CARTESIAN_POINT('',(0.464393783443934,-0.00182898736354634,0.3055));
#5028=CARTESIAN_POINT('',(0.464496712675599,-0.00177665279942114,0.3055));
#5029=CARTESIAN_POINT('',(0.46409008307758,-0.0012969111559447,0.3053));
#5030=CARTESIAN_POINT('',(0.463988177029827,-0.00143696527916599,0.3054));
#5031=CARTESIAN_POINT('',(0.463988177029827,-0.001436965279166,0.3054));
#5032=CARTESIAN_POINT('',(0.464137442433356,-0.00154557362992332,0.3054));
#5033=CARTESIAN_POINT('',(0.464256718244563,-0.00168786088754381,0.3054));
#5034=CARTESIAN_POINT('',(0.464340802267255,-0.0018521814509038,0.3054));
#5035=CARTESIAN_POINT('',(0.464340802267257,-0.00185218145090311,0.3054));
#5036=CARTESIAN_POINT('',(0.464340802267257,-0.0018521814509044,0.305400000000002));
#5037=CARTESIAN_POINT('',(0.464336564804333,-0.00175509165154035,0.305470070490925));
#5038=CARTESIAN_POINT('',(0.464330517012777,-0.00163495646255579,0.3055));
#5039=CARTESIAN_POINT('',(0.464324802148812,-0.00151558875059086,0.3055));
#5040=CARTESIAN_POINT('',(0.463441623263889,-0.0012556757838819,0.3054));
#5041=CARTESIAN_POINT('',(0.463441623263889,-0.00119794075696294,0.3055));
#5042=CARTESIAN_POINT('',(0.463441623263889,-0.00108247070312499,0.3055));
#5043=CARTESIAN_POINT('',(0.463639116355053,-0.00125567578386708,0.305400000001792));
#5044=CARTESIAN_POINT('',(0.463650835654242,-0.00119794075454401,0.305500000002837));
#5045=CARTESIAN_POINT('',(0.463674274245127,-0.00108247069178907,0.3055));
#5046=CARTESIAN_POINT('',(0.463825957554975,-0.00131893128608678,0.3054));
#5047=CARTESIAN_POINT('',(0.463851273666438,-0.00126595078543838,0.3055));
#5048=CARTESIAN_POINT('',(0.463901905880084,-0.00115998979691165,0.3055));
#5049=CARTESIAN_POINT('',(0.463988177029826,-0.00143696527916598,0.3054));
#5050=CARTESIAN_POINT('',(0.464022145712411,-0.00139028057142556,0.3055));
#5051=CARTESIAN_POINT('',(0.46409008307758,-0.00129691115594469,0.3055));
#5052=CARTESIAN_POINT('',(0.463441623263889,-0.00108247070312499,0.3053));
#5053=CARTESIAN_POINT('',(0.463441623263889,-0.00125567578388189,0.3054));
#5054=CARTESIAN_POINT('',(0.463441623263889,-0.00125567578388188,0.3054));
#5055=CARTESIAN_POINT('',(0.463638594356951,-0.00125567578388188,0.3054));
#5056=CARTESIAN_POINT('',(0.463829134722964,-0.00132124306731624,0.3054));
#5057=CARTESIAN_POINT('',(0.463988177029827,-0.00143696527916606,0.3054));
#5058=CARTESIAN_POINT('',(0.464611274795618,-0.00122647729736987,0.3055));
#5059=CARTESIAN_POINT('',(0.464676677222276,-0.00132163955838013,0.3055));
#5060=CARTESIAN_POINT('',(0.464709378435605,-0.00136922068888524,0.3054));
#5061=CARTESIAN_POINT('',(0.46441242894826,-0.00136313864817041,0.3055));
#5062=CARTESIAN_POINT('',(0.46449945387688,-0.0014434403564918,0.305500000005003));
#5063=CARTESIAN_POINT('',(0.464542966330038,-0.00148359120405114,0.305400000003172));
#5064=CARTESIAN_POINT('',(0.464268659291152,-0.00156783302205143,0.3055));
#5065=CARTESIAN_POINT('',(0.464369495828801,-0.00162653467539145,0.305499999977337));
#5066=CARTESIAN_POINT('',(0.464419914142815,-0.00165588550833997,0.305399999985646));
#5067=CARTESIAN_POINT('',(0.464178709277807,-0.00179100582015914,0.3055));
#5068=CARTESIAN_POINT('',(0.464285807478364,-0.00183417188056178,0.3055));
#5069=CARTESIAN_POINT('',(0.464339356578643,-0.0018557549107631,0.3054));
#5070=CARTESIAN_POINT('',(0.464340802267258,-0.00185218145090361,0.3054));
#5071=CARTESIAN_POINT('',(0.4644184144341,-0.00166105533748776,0.305399999999998));
#5072=CARTESIAN_POINT('',(0.464538872296848,-0.00148640490788544,0.3054));
#5073=CARTESIAN_POINT('',(0.464709378435605,-0.00136922068888527,0.3054));
#5074=CARTESIAN_POINT('',(0.464709378435605,-0.00136922068888526,0.3054));
#5075=CARTESIAN_POINT('',(0.464611274795618,-0.00122647729736989,0.3053));
#5076=CARTESIAN_POINT('',(0.462543566710246,-0.00164287744172745,0.3054));
#5077=CARTESIAN_POINT('',(0.462499439491023,-0.00160564678423912,0.3055));
#5078=CARTESIAN_POINT('',(0.462411185052578,-0.00153118546926233,0.3055));
#5079=CARTESIAN_POINT('',(0.462762897979146,-0.00138291751438086,0.305400000002308));
#5080=CARTESIAN_POINT('',(0.462729593533291,-0.00133285927869433,0.305500000003641));
#5081=CARTESIAN_POINT('',(0.462662984632759,-0.00123274280794442,0.3055));
#5082=CARTESIAN_POINT('',(0.463088079552334,-0.00125567576429606,0.3054));
#5083=CARTESIAN_POINT('',(0.463075937099977,-0.00119794071474592,0.3055));
#5084=CARTESIAN_POINT('',(0.463051652195255,-0.00108247064954269,0.3055));
#5085=CARTESIAN_POINT('',(0.463441623263889,-0.00125567578388197,0.3054));
#5086=CARTESIAN_POINT('',(0.463441623263889,-0.00119794075696304,0.3055));
#5087=CARTESIAN_POINT('',(0.463441623263889,-0.00108247070312499,0.3055));
#5088=CARTESIAN_POINT('',(0.462411185052578,-0.00153118546926233,0.3053));
#5089=CARTESIAN_POINT('',(0.462543566710246,-0.00164287744172706,0.3054));
#5090=CARTESIAN_POINT('',(0.462543566710246,-0.00164287744172706,0.3054));
#5091=CARTESIAN_POINT('',(0.462762745363726,-0.00138309840091591,0.3054));
#5092=CARTESIAN_POINT('',(0.463102722996939,-0.00125567578388188,0.3054));
#5093=CARTESIAN_POINT('',(0.463441623263889,-0.00125567578388188,0.3054));
#5094=CARTESIAN_POINT('',(0.464709378435605,-0.00136922068888528,0.3054));
#5095=CARTESIAN_POINT('',(0.464676677222276,-0.00132163955838017,0.3055));
#5096=CARTESIAN_POINT('',(0.464611274795618,-0.00122647729736988,0.3055));
#5097=CARTESIAN_POINT('',(0.464886674312894,-0.00124737007433624,0.305400000004426));
#5098=CARTESIAN_POINT('',(0.464864273232581,-0.00119270994673626,0.305500000006982));
#5099=CARTESIAN_POINT('',(0.464819471050747,-0.00108338968750969,0.3055));
#5100=CARTESIAN_POINT('',(0.465099597761948,-0.00119019183170057,0.3054));
#5101=CARTESIAN_POINT('',(0.465090336487945,-0.00113245679104042,0.3055));
#5102=CARTESIAN_POINT('',(0.465071813939954,-0.00101698672775264,0.3055));
#5103=CARTESIAN_POINT('',(0.465324055989583,-0.0011901918429097,0.3054));
#5104=CARTESIAN_POINT('',(0.465324055989583,-0.00113245681599075,0.3055));
#5105=CARTESIAN_POINT('',(0.465324055989583,-0.00101698676215277,0.3055));
#5106=CARTESIAN_POINT('',(0.464709378435605,-0.00136922068888526,0.3054));
#5107=CARTESIAN_POINT('',(0.464889377918872,-0.00124551195311244,0.3054));
#5108=CARTESIAN_POINT('',(0.465106197843026,-0.00119019184290965,0.3054));
#5109=CARTESIAN_POINT('',(0.465324055989583,-0.00119019184290965,0.3054));
#5110=CARTESIAN_POINT('',(0.465324055989583,-0.00119019184290966,0.3054));
#5111=CARTESIAN_POINT('',(0.465324055989583,-0.00101698676215277,0.3053));
#5112=CARTESIAN_POINT('',(0.462218593535618,-0.00270374891493054,0.3054));
#5113=CARTESIAN_POINT('',(0.462160858508699,-0.00270374891493054,0.3055));
#5114=CARTESIAN_POINT('',(0.462045388454861,-0.00270374891493054,0.3055));
#5115=CARTESIAN_POINT('',(0.462218593520002,-0.00230833114891064,0.305400000000083));
#5116=CARTESIAN_POINT('',(0.462160858476254,-0.00230020655982514,0.305500000000057));
#5117=CARTESIAN_POINT('',(0.462045388417891,-0.00228395738165431,0.3055));
#5118=CARTESIAN_POINT('',(0.462307057559703,-0.0019231972807889,0.305400000007509));
#5119=CARTESIAN_POINT('',(0.462251200486148,-0.00189986931781794,0.305500000011845));
#5120=CARTESIAN_POINT('',(0.462139486301397,-0.00185321338629581,0.3055));
#5121=CARTESIAN_POINT('',(0.462543566710246,-0.00164287744172746,0.3054));
#5122=CARTESIAN_POINT('',(0.462499439491023,-0.00160564678423913,0.3055));
#5123=CARTESIAN_POINT('',(0.462411185052578,-0.00153118546926234,0.3055));
#5124=CARTESIAN_POINT('',(0.462045388454861,-0.00270374891493054,0.3053));
#5125=CARTESIAN_POINT('',(0.462218593535618,-0.00270374891493054,0.3054));
#5126=CARTESIAN_POINT('',(0.462218593535618,-0.00270374891493054,0.3054));
#5127=CARTESIAN_POINT('',(0.462218593535618,-0.00232448332342183,0.3054));
#5128=CARTESIAN_POINT('',(0.462297520052069,-0.00193450148376531,0.3054));
#5129=CARTESIAN_POINT('',(0.462543566710246,-0.00164287744172704,0.3054));
#5130=CARTESIAN_POINT('',(0.465324055989583,-0.0011901918429097,0.3054));
#5131=CARTESIAN_POINT('',(0.465324055989583,-0.00113245681599075,0.3055));
#5132=CARTESIAN_POINT('',(0.465324055989583,-0.00101698676215277,0.3055));
#5133=CARTESIAN_POINT('',(0.465685391386148,-0.00119019182745434,0.3054));
#5134=CARTESIAN_POINT('',(0.465698769447132,-0.00113245678196924,0.3055));
#5135=CARTESIAN_POINT('',(0.465725525569123,-0.00101698671652158,0.3055));
#5136=CARTESIAN_POINT('',(0.466014289190928,-0.00133355535578369,0.305400000002424));
#5137=CARTESIAN_POINT('',(0.466048895742439,-0.00128482318510258,0.305500000003823));
#5138=CARTESIAN_POINT('',(0.466118108817757,-0.00118735885828615,0.3055));
#5139=CARTESIAN_POINT('',(0.466241178272409,-0.00160755804414055,0.3054));
#5140=CARTESIAN_POINT('',(0.466285646783511,-0.00157073570236772,0.3055));
#5141=CARTESIAN_POINT('',(0.466374583805717,-0.00149709101882201,0.3055));
#5142=CARTESIAN_POINT('',(0.465324055989583,-0.00119019184290966,0.3054));
#5143=CARTESIAN_POINT('',(0.465674132093904,-0.00119019184290966,0.3054));
#5144=CARTESIAN_POINT('',(0.466017771424977,-0.00133776070379944,0.3054));
#5145=CARTESIAN_POINT('',(0.466241178272409,-0.0016075580441406,0.3054));
#5146=CARTESIAN_POINT('',(0.466241178272409,-0.00160755804414061,0.3054));
#5147=CARTESIAN_POINT('',(0.466374583805717,-0.00149709101882199,0.3053));
#5148=CARTESIAN_POINT('',(0.462368175273086,-0.00341687035966985,0.3054));
#5149=CARTESIAN_POINT('',(0.462315769784906,-0.00344109840420499,0.3055));
#5150=CARTESIAN_POINT('',(0.462210958808547,-0.00348955449327534,0.3055));
#5151=CARTESIAN_POINT('',(0.462266079087605,-0.00319603534524653,0.305399999999977));
#5152=CARTESIAN_POINT('',(0.46220987875319,-0.00321205509645921,0.305499999999963));
#5153=CARTESIAN_POINT('',(0.462097478080613,-0.00324409460068167,0.3055));
#5154=CARTESIAN_POINT('',(0.462218593525806,-0.00295274574562461,0.305399999997905));
#5155=CARTESIAN_POINT('',(0.462160858489535,-0.00295983376626925,0.305499999996696));
#5156=CARTESIAN_POINT('',(0.462045388437413,-0.0029740098076091,0.3055));
#5157=CARTESIAN_POINT('',(0.462218593535618,-0.00270374891493054,0.3054));
#5158=CARTESIAN_POINT('',(0.462160858508699,-0.00270374891493054,0.3055));
#5159=CARTESIAN_POINT('',(0.462045388454861,-0.00270374891493054,0.3055));
#5160=CARTESIAN_POINT('',(0.462210958808547,-0.00348955449327534,0.3053));
#5161=CARTESIAN_POINT('',(0.462368175273086,-0.00341687035966983,0.3054));
#5162=CARTESIAN_POINT('',(0.462368175273086,-0.00341687035966983,0.3054));
#5163=CARTESIAN_POINT('',(0.462264440719956,-0.00319249154569106,0.3054));
#5164=CARTESIAN_POINT('',(0.462218593535618,-0.00295027832479493,0.3054));
#5165=CARTESIAN_POINT('',(0.462218593535618,-0.00270374891493054,0.3054));
#5166=CARTESIAN_POINT('',(0.466241178272409,-0.00160755804414053,0.3054));
#5167=CARTESIAN_POINT('',(0.466285646783511,-0.0015707357023677,0.3055));
#5168=CARTESIAN_POINT('',(0.466374583805717,-0.00149709101882201,0.3055));
#5169=CARTESIAN_POINT('',(0.466486132967642,-0.00190337764955999,0.305400000006684));
#5170=CARTESIAN_POINT('',(0.466541194006689,-0.00187934738336319,0.30550000001058));
#5171=CARTESIAN_POINT('',(0.466651316069385,-0.00183128684033918,0.3055));
#5172=CARTESIAN_POINT('',(0.466584900381924,-0.00229742346830101,0.305399999986606));
#5173=CARTESIAN_POINT('',(0.466642635412641,-0.00228872805383618,0.305499999978872));
#5174=CARTESIAN_POINT('',(0.466758105503303,-0.00227133722523055,0.3055));
#5175=CARTESIAN_POINT('',(0.466584900387993,-0.00270374891493054,0.3054));
#5176=CARTESIAN_POINT('',(0.466642635414912,-0.00270374891493054,0.3055));
#5177=CARTESIAN_POINT('',(0.46675810546875,-0.00270374891493054,0.3055));
#5178=CARTESIAN_POINT('',(0.466241178272409,-0.00160755804414061,0.3054));
#5179=CARTESIAN_POINT('',(0.466492198586403,-0.00191070279491853,0.3054));
#5180=CARTESIAN_POINT('',(0.466584900387993,-0.00231139890707542,0.3054));
#5181=CARTESIAN_POINT('',(0.466584900387993,-0.00270374891493055,0.3054));
#5182=CARTESIAN_POINT('',(0.466584900387993,-0.00270374891493054,0.3054));
#5183=CARTESIAN_POINT('',(0.46675810546875,-0.00270374891493054,0.3053));
#5184=CARTESIAN_POINT('',(0.462785548226131,-0.00392352243195161,0.3054));
#5185=CARTESIAN_POINT('',(0.462753076321357,-0.00397126034910015,0.3055));
#5186=CARTESIAN_POINT('',(0.462688132511809,-0.00406673618339727,0.3055));
#5187=CARTESIAN_POINT('',(0.46260368004971,-0.00379981351583087,0.30539999999558));
#5188=CARTESIAN_POINT('',(0.462561930739901,-0.00384124083173685,0.305499999993028));
#5189=CARTESIAN_POINT('',(0.462478432136301,-0.00392409546717258,0.3055));
#5190=CARTESIAN_POINT('',(0.462463744221853,-0.00362358694073919,0.305399999992873));
#5191=CARTESIAN_POINT('',(0.462414921423225,-0.00365556441716664,0.305499999988758));
#5192=CARTESIAN_POINT('',(0.462317275869963,-0.00371951936356986,0.3055));
#5193=CARTESIAN_POINT('',(0.462368175273086,-0.00341687035966987,0.3054));
#5194=CARTESIAN_POINT('',(0.462315769784906,-0.00344109840420502,0.3055));
#5195=CARTESIAN_POINT('',(0.462210958808547,-0.00348955449327534,0.3055));
#5196=CARTESIAN_POINT('',(0.462688132511809,-0.00406673618339727,0.3053));
#5197=CARTESIAN_POINT('',(0.462785548226131,-0.00392352243195188,0.3054));
#5198=CARTESIAN_POINT('',(0.462785548226131,-0.00392352243195188,0.3054));
#5199=CARTESIAN_POINT('',(0.462601135652208,-0.00379808278361163,0.3054));
#5200=CARTESIAN_POINT('',(0.462461577727502,-0.003618900746965,0.3054));
#5201=CARTESIAN_POINT('',(0.462368175273086,-0.00341687035966982,0.3054));
#5202=CARTESIAN_POINT('',(0.466584900387993,-0.00270374891493054,0.3054));
#5203=CARTESIAN_POINT('',(0.466642635414912,-0.00270374891493054,0.3055));
#5204=CARTESIAN_POINT('',(0.46675810546875,-0.00270374891493054,0.3055));
#5205=CARTESIAN_POINT('',(0.466584900392593,-0.00309031688073409,0.305399999993596));
#5206=CARTESIAN_POINT('',(0.466642635429639,-0.0030995915925602,0.305499999989881));
#5207=CARTESIAN_POINT('',(0.466758105504106,-0.00311814101636815,0.3055));
#5208=CARTESIAN_POINT('',(0.466482404925432,-0.00346496562359141,0.305400000007397));
#5209=CARTESIAN_POINT('',(0.466536740672861,-0.00348990344713822,0.305500000011667));
#5210=CARTESIAN_POINT('',(0.466645412142004,-0.00353977909830898,0.3055));
#5211=CARTESIAN_POINT('',(0.466247150986722,-0.00374831736826809,0.3054));
#5212=CARTESIAN_POINT('',(0.46629157146014,-0.00378519764585187,0.3055));
#5213=CARTESIAN_POINT('',(0.466380412406976,-0.00385895820101961,0.3055));
#5214=CARTESIAN_POINT('',(0.466584900387993,-0.00270374891493054,0.3054));
#5215=CARTESIAN_POINT('',(0.466584900387993,-0.00307949019528068,0.3054));
#5216=CARTESIAN_POINT('',(0.466488199933864,-0.00345798581301663,0.3054));
#5217=CARTESIAN_POINT('',(0.466247150986722,-0.00374831736826833,0.3054));
#5218=CARTESIAN_POINT('',(0.466247150986722,-0.00374831736826833,0.3054));
#5219=CARTESIAN_POINT('',(0.466380412406976,-0.0038589582010196,0.3053));
#5220=CARTESIAN_POINT('',(0.462688132511809,-0.00406673618339727,0.3055));
#5221=CARTESIAN_POINT('',(0.462753076321357,-0.00397126034910014,0.3055));
#5222=CARTESIAN_POINT('',(0.462785548226131,-0.0039235224319516,0.3054));
#5223=CARTESIAN_POINT('',(0.462819337185163,-0.0041559831929749,0.3055));
#5224=CARTESIAN_POINT('',(0.462872437730987,-0.00405245142618468,0.305499999996731));
#5225=CARTESIAN_POINT('',(0.462898988009325,-0.0040006855411784,0.305399999997928));
#5226=CARTESIAN_POINT('',(0.463116349091568,-0.00428628818606802,0.3055));
#5227=CARTESIAN_POINT('',(0.463137082641876,-0.00416974137267269,0.305500000001634));
#5228=CARTESIAN_POINT('',(0.463147449414325,-0.00411146796678068,0.305400000001036));
#5229=CARTESIAN_POINT('',(0.463437211982173,-0.0042789116753472,0.3055));
#5230=CARTESIAN_POINT('',(0.463437211982193,-0.00416344162150921,0.3055));
#5231=CARTESIAN_POINT('',(0.463437211982186,-0.00410570659459026,0.3054));
#5232=CARTESIAN_POINT('',(0.463595643474974,-0.0042789116753472,0.3055));
#5233=CARTESIAN_POINT('',(0.463595643474974,-0.00416344162150921,0.3055));
#5234=CARTESIAN_POINT('',(0.463595643474974,-0.00410570659459026,0.3054));
#5235=CARTESIAN_POINT('',(0.463416768877583,-0.00410570659459717,0.305400000000012));
#5236=CARTESIAN_POINT('',(0.463457853113582,-0.00414679083059658,0.305471159984142));
#5237=CARTESIAN_POINT('',(0.463525822351467,-0.00421476006848159,0.3055));
#5238=CARTESIAN_POINT('',(0.463589973958333,-0.0042789116753472,0.3055));
#5239=CARTESIAN_POINT('',(0.463416768877583,-0.00410570659459703,0.305400000000012));
#5240=CARTESIAN_POINT('',(0.463416768877583,-0.00410570659459032,0.3054));
#5241=CARTESIAN_POINT('',(0.463193043802527,-0.00410570659459032,0.3054));
#5242=CARTESIAN_POINT('',(0.46297111117574,-0.00404974457965433,0.3054));
#5243=CARTESIAN_POINT('',(0.462785548226131,-0.00392352243195189,0.3054));
#5244=CARTESIAN_POINT('',(0.466247150986722,-0.0037483173682681,0.3054));
#5245=CARTESIAN_POINT('',(0.46629157146014,-0.00378519764585189,0.3055));
#5246=CARTESIAN_POINT('',(0.466380412406976,-0.00385895820101961,0.3055));
#5247=CARTESIAN_POINT('',(0.466116352204853,-0.00390585806278643,0.305400000005794));
#5248=CARTESIAN_POINT('',(0.466155015423877,-0.00394967268738133,0.30550000000918));
#5249=CARTESIAN_POINT('',(0.466232341831319,-0.00403730193120049,0.3055));
#5250=CARTESIAN_POINT('',(0.465789628688976,-0.0041477516553146,0.305399999997103));
#5251=CARTESIAN_POINT('',(0.465808896851728,-0.00420580417407441,0.30549999999541));
#5252=CARTESIAN_POINT('',(0.46584743319253,-0.0043219092142796,0.3055));
#5253=CARTESIAN_POINT('',(0.465372855428503,-0.00415735590014577,0.3054));
#5254=CARTESIAN_POINT('',(0.4653728554285,-0.00421509092706471,0.3055));
#5255=CARTESIAN_POINT('',(0.465372855428508,-0.00433056098090276,0.3055));
#5256=CARTESIAN_POINT('',(0.465141605289473,-0.00415735590014577,0.3054));
#5257=CARTESIAN_POINT('',(0.465141605289473,-0.00421509092706471,0.3055));
#5258=CARTESIAN_POINT('',(0.465141605289473,-0.00433056098090276,0.3055));
#5259=CARTESIAN_POINT('',(0.466247150986722,-0.00374831736826833,0.3054));
#5260=CARTESIAN_POINT('',(0.466022337474916,-0.00401909414326814,0.3054));
#5261=CARTESIAN_POINT('',(0.465674620776254,-0.00415735590014586,0.3054));
#5262=CARTESIAN_POINT('',(0.465323085723111,-0.00415735590014586,0.3054));
#5263=CARTESIAN_POINT('',(0.465323085723111,-0.00415735590015259,0.305400000000012));
#5264=CARTESIAN_POINT('',(0.465323085723111,-0.00415735590015272,0.305400000000012));
#5265=CARTESIAN_POINT('',(0.465282001487112,-0.00419844013615221,0.305471159984142));
#5266=CARTESIAN_POINT('',(0.465214032249227,-0.00426640937403712,0.3055));
#5267=CARTESIAN_POINT('',(0.465149880642361,-0.00433056098090276,0.3055));
#5268=CARTESIAN_POINT('',(0.463589973958333,0.,0.3053));
#5269=CARTESIAN_POINT('',(0.463416768877583,-0.0032192717040139,0.305400000000012));
#5270=CARTESIAN_POINT('',(0.463457853113582,-0.00317818746801449,0.305471159984142));
#5271=CARTESIAN_POINT('',(0.463525822351467,-0.00311021823012948,0.3055));
#5272=CARTESIAN_POINT('',(0.463589973958333,-0.00304606662326387,0.3055));
#5273=CARTESIAN_POINT('',(0.463416768877583,-0.00321927170401404,0.305400000000012));
#5274=CARTESIAN_POINT('',(0.463416768877576,0.,0.3054));
#5275=CARTESIAN_POINT('',(0.465149880642361,0.,0.3053));
#5276=CARTESIAN_POINT('',(0.465323085723118,0.,0.3054));
#5277=CARTESIAN_POINT('',(0.465323085723111,-0.0032709210095696,0.305400000000012));
#5278=CARTESIAN_POINT('',(0.465323085723111,-0.00327092100956946,0.305400000000012));
#5279=CARTESIAN_POINT('',(0.465282001487112,-0.00322983677356997,0.305471159984142));
#5280=CARTESIAN_POINT('',(0.465214032249227,-0.00316186753568506,0.3055));
#5281=CARTESIAN_POINT('',(0.465149880642361,-0.00309771592881942,0.3055));
#5282=CARTESIAN_POINT('',(0.463069526436143,-0.00306777929672668,0.3054));
#5283=CARTESIAN_POINT('',(0.463114358898277,-0.00303140095602338,0.3055));
#5284=CARTESIAN_POINT('',(0.463204023822545,-0.0029586442746168,0.3055));
#5285=CARTESIAN_POINT('',(0.463103058614782,-0.00310910455378352,0.3054));
#5286=CARTESIAN_POINT('',(0.463144037227931,-0.0030679770396691,0.3055));
#5287=CARTESIAN_POINT('',(0.4632259949202,-0.002985721633339,0.3055));
#5288=CARTESIAN_POINT('',(0.463197966550713,-0.00319787591440241,0.3054));
#5289=CARTESIAN_POINT('',(0.463225104661735,-0.00314309931122716,0.3055));
#5290=CARTESIAN_POINT('',(0.463279380667434,-0.00303354628042371,0.3055));
#5291=CARTESIAN_POINT('',(0.463402019206726,-0.00322492179382082,0.3054));
#5292=CARTESIAN_POINT('',(0.46339623515421,-0.00316640269386217,0.3055));
#5293=CARTESIAN_POINT('',(0.463384667107424,-0.00304936444668221,0.3055));
#5294=CARTESIAN_POINT('',(0.463483391429844,-0.0032176573926493,0.3054));
#5295=CARTESIAN_POINT('',(0.463485044016277,-0.00316014638659882,0.3055));
#5296=CARTESIAN_POINT('',(0.463488349172503,-0.00304512438800149,0.3055));
#5297=CARTESIAN_POINT('',(0.463557779302507,-0.00321927170402075,0.3054));
#5298=CARTESIAN_POINT('',(0.463557779302507,-0.00316153667710178,0.3055));
#5299=CARTESIAN_POINT('',(0.463557779302505,-0.00304606662326387,0.3055));
#5300=CARTESIAN_POINT('',(0.463592455773343,-0.00321927170402075,0.3054));
#5301=CARTESIAN_POINT('',(0.463592455773343,-0.00316153667710178,0.3055));
#5302=CARTESIAN_POINT('',(0.463592455773343,-0.00304606662326387,0.3055));
#5303=CARTESIAN_POINT('',(0.463204023822545,-0.0029586442746168,0.3053));
#5304=CARTESIAN_POINT('',(0.463069526436143,-0.00306777929672638,0.3054));
#5305=CARTESIAN_POINT('',(0.463069526436143,-0.00306777929672638,0.3054));
#5306=CARTESIAN_POINT('',(0.463152925519073,-0.00317055985667629,0.3054));
#5307=CARTESIAN_POINT('',(0.463284777452315,-0.00321927170402076,0.3054));
#5308=CARTESIAN_POINT('',(0.463416768877583,-0.00321927170402076,0.3054));
#5309=CARTESIAN_POINT('',(0.465583039247925,-0.00299116102582343,0.3055));
#5310=CARTESIAN_POINT('',(0.465671274374685,-0.00306564522373794,0.3055));
#5311=CARTESIAN_POINT('',(0.465715391938065,-0.00310288732269508,0.3054));
#5312=CARTESIAN_POINT('',(0.465557655954342,-0.00302123066492632,0.3055));
#5313=CARTESIAN_POINT('',(0.465638534755017,-0.00310442948741035,0.305500000000003));
#5314=CARTESIAN_POINT('',(0.465678974017723,-0.0031460287824737,0.305400000000001));
#5315=CARTESIAN_POINT('',(0.465497597326839,-0.00307444724632852,0.3055));
#5316=CARTESIAN_POINT('',(0.465554929874183,-0.00318054126632904,0.305499999999999));
#5317=CARTESIAN_POINT('',(0.465583596210415,-0.00323358832913758,0.305399999999999));
#5318=CARTESIAN_POINT('',(0.465342645179215,-0.00310949299193205,0.3055));
#5319=CARTESIAN_POINT('',(0.465324737023309,-0.0032299333861257,0.3055));
#5320=CARTESIAN_POINT('',(0.46531578290782,-0.00329015355153733,0.3054));
#5321=CARTESIAN_POINT('',(0.465225150307965,-0.00309771592881942,0.3055));
#5322=CARTESIAN_POINT('',(0.465225150307964,-0.00321318598265757,0.3055));
#5323=CARTESIAN_POINT('',(0.465225150307964,-0.00327092100957648,0.3054));
#5324=CARTESIAN_POINT('',(0.465147087128999,-0.00309771592881942,0.3055));
#5325=CARTESIAN_POINT('',(0.465147087128999,-0.00321318598265757,0.3055));
#5326=CARTESIAN_POINT('',(0.465147087128999,-0.00327092100957648,0.3054));
#5327=CARTESIAN_POINT('',(0.465323085723111,-0.00327092100957631,0.3054));
#5328=CARTESIAN_POINT('',(0.465471338960296,-0.00327092100957631,0.3054));
#5329=CARTESIAN_POINT('',(0.465619429225422,-0.00321656622844321,0.3054));
#5330=CARTESIAN_POINT('',(0.465715391938066,-0.00310288732269508,0.3054));
#5331=CARTESIAN_POINT('',(0.465715391938066,-0.00310288732269505,0.3054));
#5332=CARTESIAN_POINT('',(0.465583039247925,-0.00299116102582343,0.3053));
#5333=CARTESIAN_POINT('',(0.462944546655354,-0.00268345811631943,0.3054));
#5334=CARTESIAN_POINT('',(0.463002281682273,-0.00268345811631943,0.3055));
#5335=CARTESIAN_POINT('',(0.463117751736111,-0.00268345811631943,0.3055));
#5336=CARTESIAN_POINT('',(0.46294454652896,-0.00280723580541114,0.305400000000767));
#5337=CARTESIAN_POINT('',(0.463002281451143,-0.00279884171839805,0.305500000001205));
#5338=CARTESIAN_POINT('',(0.463117751585807,-0.00278205354435353,0.3055));
#5339=CARTESIAN_POINT('',(0.462978296996179,-0.00295534877417883,0.305400000000014));
#5340=CARTESIAN_POINT('',(0.463032792566801,-0.00293087927496648,0.305500000000022));
#5341=CARTESIAN_POINT('',(0.463141783868142,-0.00288194014658849,0.3055));
#5342=CARTESIAN_POINT('',(0.463069526436143,-0.00306777929672667,0.3054));
#5343=CARTESIAN_POINT('',(0.463114358898277,-0.00303140095602337,0.3055));
#5344=CARTESIAN_POINT('',(0.463204023822545,-0.0029586442746168,0.3055));
#5345=CARTESIAN_POINT('',(0.463117751736111,-0.00268345811631943,0.3053));
#5346=CARTESIAN_POINT('',(0.462944546655354,-0.00268345811631943,0.3054));
#5347=CARTESIAN_POINT('',(0.462944546655354,-0.00268345811631943,0.3054));
#5348=CARTESIAN_POINT('',(0.462944546655354,-0.0028215672765819,0.3054));
#5349=CARTESIAN_POINT('',(0.462982301578192,-0.00296028387319562,0.3054));
#5350=CARTESIAN_POINT('',(0.463069526436143,-0.00306777929672637,0.3054));
#5351=CARTESIAN_POINT('',(0.465715391938065,-0.00310288732269506,0.3054));
#5352=CARTESIAN_POINT('',(0.465671274374685,-0.0030656452237379,0.3055));
#5353=CARTESIAN_POINT('',(0.465583039247925,-0.00299116102582343,0.3055));
#5354=CARTESIAN_POINT('',(0.465815063746728,-0.00298481474497032,0.305400000000005));
#5355=CARTESIAN_POINT('',(0.465761650312743,-0.00295858481196508,0.305500000000007));
#5356=CARTESIAN_POINT('',(0.465654823228152,-0.00290612476311423,0.3055));
#5357=CARTESIAN_POINT('',(0.465858947397206,-0.00282207101251977,0.305400000003441));
#5358=CARTESIAN_POINT('',(0.465801212476069,-0.00281286742591605,0.305500000005429));
#5359=CARTESIAN_POINT('',(0.46568574233577,-0.00279446025262589,0.3055));
#5360=CARTESIAN_POINT('',(0.465858947268257,-0.00268345811631943,0.3054));
#5361=CARTESIAN_POINT('',(0.465801212241338,-0.00268345811631943,0.3055));
#5362=CARTESIAN_POINT('',(0.4656857421875,-0.00268345811631943,0.3055));
#5363=CARTESIAN_POINT('',(0.465715391938066,-0.00310288732269505,0.3054));
#5364=CARTESIAN_POINT('',(0.465813583932011,-0.00298656757602076,0.3054));
#5365=CARTESIAN_POINT('',(0.465858947268257,-0.00283541700540285,0.3054));
#5366=CARTESIAN_POINT('',(0.465858947268257,-0.00268345811631943,0.3054));
#5367=CARTESIAN_POINT('',(0.465858947268257,-0.00268345811631943,0.3054));
#5368=CARTESIAN_POINT('',(0.4656857421875,-0.00268345811631943,0.3053));
#5369=CARTESIAN_POINT('',(0.463078457556538,-0.00228577515024309,0.3054));
#5370=CARTESIAN_POINT('',(0.46312067361125,-0.00232515964031022,0.3055));
#5371=CARTESIAN_POINT('',(0.463205105720675,-0.00240392862044454,0.3055));
#5372=CARTESIAN_POINT('',(0.462966193260214,-0.00240611061316399,0.305400000000814));
#5373=CARTESIAN_POINT('',(0.463022904013142,-0.00242995823253864,0.305500000001302));
#5374=CARTESIAN_POINT('',(0.4631363256853,-0.00247765362964834,0.3055));
#5375=CARTESIAN_POINT('',(0.462944546541847,-0.00256133050685264,0.305400000002329));
#5376=CARTESIAN_POINT('',(0.463002281472151,-0.00256862761927376,0.305500000003673));
#5377=CARTESIAN_POINT('',(0.463117751589035,-0.00258322184406002,0.3055));
#5378=CARTESIAN_POINT('',(0.462944546655354,-0.00268345811631943,0.3054));
#5379=CARTESIAN_POINT('',(0.463002281682273,-0.00268345811631943,0.3055));
#5380=CARTESIAN_POINT('',(0.463117751736111,-0.00268345811631943,0.3055));
#5381=CARTESIAN_POINT('',(0.463205105720675,-0.00240392862044454,0.3053));
#5382=CARTESIAN_POINT('',(0.463078457556538,-0.00228577515024317,0.3054));
#5383=CARTESIAN_POINT('',(0.463078457556538,-0.00228577515024318,0.3054));
#5384=CARTESIAN_POINT('',(0.462979652679799,-0.00239168364557128,0.3054));
#5385=CARTESIAN_POINT('',(0.462944546655354,-0.00253933055456622,0.3054));
#5386=CARTESIAN_POINT('',(0.462944546655354,-0.00268345811631944,0.3054));
#5387=CARTESIAN_POINT('',(0.465858947268257,-0.00268345811631943,0.3054));
#5388=CARTESIAN_POINT('',(0.465801212241338,-0.00268345811631943,0.3055));
#5389=CARTESIAN_POINT('',(0.4656857421875,-0.00268345811631943,0.3055));
#5390=CARTESIAN_POINT('',(0.465858947366363,-0.00254323989056641,0.305400000000914));
#5391=CARTESIAN_POINT('',(0.465801212423347,-0.00255061114487027,0.305500000001443));
#5392=CARTESIAN_POINT('',(0.465685742316505,-0.00256535365345606,0.3055));
#5393=CARTESIAN_POINT('',(0.465834102178177,-0.00237034905993832,0.305400000004733));
#5394=CARTESIAN_POINT('',(0.465777334744397,-0.0023941122086289,0.305500000007466));
#5395=CARTESIAN_POINT('',(0.465663799775628,-0.00244163858178797,0.3055));
#5396=CARTESIAN_POINT('',(0.465709343232377,-0.00223641672669982,0.3054));
#5397=CARTESIAN_POINT('',(0.465667097267783,-0.00227576913207526,0.3055));
#5398=CARTESIAN_POINT('',(0.465582605338594,-0.00235447394282622,0.3055));
#5399=CARTESIAN_POINT('',(0.465858947268257,-0.00268345811631943,0.3054));
#5400=CARTESIAN_POINT('',(0.465858947268257,-0.00252187892727553,0.3054));
#5401=CARTESIAN_POINT('',(0.465819902479677,-0.00235510533041919,0.3054));
#5402=CARTESIAN_POINT('',(0.465709343232377,-0.00223641672669986,0.3054));
#5403=CARTESIAN_POINT('',(0.465709343232377,-0.00223641672669985,0.3054));
#5404=CARTESIAN_POINT('',(0.465582605338594,-0.00235447394282625,0.3053));
#5405=CARTESIAN_POINT('',(0.46345361328125,-0.00214303298347924,0.3054));
#5406=CARTESIAN_POINT('',(0.46345361328125,-0.00220076801039821,0.3055));
#5407=CARTESIAN_POINT('',(0.46345361328125,-0.0023162380642361,0.3055));
#5408=CARTESIAN_POINT('',(0.463338595871859,-0.00214303281643491,0.3053999999993));
#5409=CARTESIAN_POINT('',(0.463346656565176,-0.00220076770568495,0.305499999998892));
#5410=CARTESIAN_POINT('',(0.463362777954733,-0.00231623786915333,0.3055));
#5411=CARTESIAN_POINT('',(0.463182230476203,-0.00217454081886214,0.3054));
#5412=CARTESIAN_POINT('',(0.463210662761401,-0.0022286996425456,0.3055));
#5413=CARTESIAN_POINT('',(0.46326752810606,-0.00233701801224532,0.3055));
#5414=CARTESIAN_POINT('',(0.463078457556538,-0.00228577515024312,0.3054));
#5415=CARTESIAN_POINT('',(0.46312067361125,-0.00232515964031027,0.3055));
#5416=CARTESIAN_POINT('',(0.463205105720675,-0.00240392862044454,0.3055));
#5417=CARTESIAN_POINT('',(0.46345361328125,-0.0023162380642361,0.3053));
#5418=CARTESIAN_POINT('',(0.46345361328125,-0.0021430329834792,0.3054));
#5419=CARTESIAN_POINT('',(0.46345361328125,-0.00214303298347921,0.3054));
#5420=CARTESIAN_POINT('',(0.463315096252352,-0.00214303298347921,0.3054));
#5421=CARTESIAN_POINT('',(0.46317324519046,-0.00218417271911175,0.3054));
#5422=CARTESIAN_POINT('',(0.463078457556538,-0.00228577515024321,0.3054));
#5423=CARTESIAN_POINT('',(0.465709343232377,-0.00223641672669982,0.3054));
#5424=CARTESIAN_POINT('',(0.465667097267782,-0.00227576913207526,0.3055));
#5425=CARTESIAN_POINT('',(0.465582605338594,-0.00235447394282624,0.3055));
#5426=CARTESIAN_POINT('',(0.465607663836958,-0.00212726045636735,0.305400000000933));
#5427=CARTESIAN_POINT('',(0.465576509179905,-0.0021785193754203,0.305500000001468));
#5428=CARTESIAN_POINT('',(0.465514199314746,-0.00228103772319774,0.3055));
#5429=CARTESIAN_POINT('',(0.465440844780749,-0.00207662655864704,0.3054));
#5430=CARTESIAN_POINT('',(0.465431275834451,-0.00213436144383505,0.3055));
#5431=CARTESIAN_POINT('',(0.465412137941854,-0.00224983162120839,0.3055));
#5432=CARTESIAN_POINT('',(0.465312065972222,-0.00207662673347915,0.3054));
#5433=CARTESIAN_POINT('',(0.465312065972222,-0.00213436176039809,0.3055));
#5434=CARTESIAN_POINT('',(0.465312065972222,-0.0022498318142361,0.3055));
#5435=CARTESIAN_POINT('',(0.465709343232377,-0.00223641672669985,0.3054));
#5436=CARTESIAN_POINT('',(0.465608062470337,-0.00212768884980324,0.3054));
#5437=CARTESIAN_POINT('',(0.465459941103785,-0.0020766267334792,0.3054));
#5438=CARTESIAN_POINT('',(0.465312065972222,-0.0020766267334792,0.3054));
#5439=CARTESIAN_POINT('',(0.465312065972222,-0.0020766267334792,0.3054));
#5440=CARTESIAN_POINT('',(0.465312065972222,-0.0022498318142361,0.3053));
#5441=CARTESIAN_POINT('',(0.463855607676727,-0.00228818839953971,0.3054));
#5442=CARTESIAN_POINT('',(0.463815576527117,-0.00232979176952653,0.3055));
#5443=CARTESIAN_POINT('',(0.463735514227898,-0.00241299850950031,0.3055));
#5444=CARTESIAN_POINT('',(0.463743155527724,-0.00217998561102301,0.3054));
#5445=CARTESIAN_POINT('',(0.463715932227783,-0.00223391261015323,0.3055));
#5446=CARTESIAN_POINT('',(0.463661485272708,-0.00234176697756246,0.3055));
#5447=CARTESIAN_POINT('',(0.463581275545606,-0.00214303284492905,0.305400000000002));
#5448=CARTESIAN_POINT('',(0.463572824777353,-0.00220076775690896,0.305500000000003));
#5449=CARTESIAN_POINT('',(0.463555923240839,-0.00231623789886464,0.3055));
#5450=CARTESIAN_POINT('',(0.46345361328125,-0.00214303298347911,0.3054));
#5451=CARTESIAN_POINT('',(0.46345361328125,-0.00220076801039804,0.3055));
#5452=CARTESIAN_POINT('',(0.46345361328125,-0.0023162380642361,0.3055));
#5453=CARTESIAN_POINT('',(0.463735514227898,-0.00241299850950031,0.3053));
#5454=CARTESIAN_POINT('',(0.463855607676727,-0.00228818839953944,0.3054));
#5455=CARTESIAN_POINT('',(0.463855607676727,-0.00228818839953944,0.3054));
#5456=CARTESIAN_POINT('',(0.463749025657169,-0.00218563418886098,0.3054));
#5457=CARTESIAN_POINT('',(0.463600601346866,-0.0021430329834792,0.3054));
#5458=CARTESIAN_POINT('',(0.46345361328125,-0.0021430329834792,0.3054));
#5459=CARTESIAN_POINT('',(0.465312065972222,-0.0020766267334792,0.3054));
#5460=CARTESIAN_POINT('',(0.465312065972222,-0.00213436176039816,0.3055));
#5461=CARTESIAN_POINT('',(0.465312065972222,-0.0022498318142361,0.3055));
#5462=CARTESIAN_POINT('',(0.465236979972467,-0.00207662668055512,0.305399999999996));
#5463=CARTESIAN_POINT('',(0.465240872043441,-0.00213436166209803,0.305499999999994));
#5464=CARTESIAN_POINT('',(0.4652486561854,-0.00224983174410561,0.3055));
#5465=CARTESIAN_POINT('',(0.465082419219281,-0.00207903884228118,0.305400000000002));
#5466=CARTESIAN_POINT('',(0.465095313948014,-0.00213899694410015,0.305500000000003));
#5467=CARTESIAN_POINT('',(0.465121103403276,-0.00225891309252443,0.3055));
#5468=CARTESIAN_POINT('',(0.464796447482958,-0.00226305206558342,0.3054));
#5469=CARTESIAN_POINT('',(0.464848621854638,-0.00229729445180834,0.305499999999999));
#5470=CARTESIAN_POINT('',(0.464952970605703,-0.00236577923912343,0.3055));
#5471=CARTESIAN_POINT('',(0.464720322219176,-0.00252924944934632,0.3054));
#5472=CARTESIAN_POINT('',(0.464777734485444,-0.0025376422818316,0.3055));
#5473=CARTESIAN_POINT('',(0.464892558989359,-0.00255442794255493,0.3055));
#5474=CARTESIAN_POINT('',(0.464710768415433,-0.00267008367477999,0.3054));
#5475=CARTESIAN_POINT('',(0.464768503417359,-0.00267284072973471,0.3055));
#5476=CARTESIAN_POINT('',(0.464883973482855,-0.0026783548396442,0.3055));
#5477=CARTESIAN_POINT('',(0.464710768443549,-0.00274156358506943,0.3054));
#5478=CARTESIAN_POINT('',(0.464768503470468,-0.00274156358506943,0.3055));
#5479=CARTESIAN_POINT('',(0.464883973524306,-0.00274156358506943,0.3055));
#5480=CARTESIAN_POINT('',(0.465312065972222,-0.00207662673347921,0.3054));
#5481=CARTESIAN_POINT('',(0.465139596778844,-0.00207662673347921,0.3054));
#5482=CARTESIAN_POINT('',(0.464769812083908,-0.00218922344451568,0.3054));
#5483=CARTESIAN_POINT('',(0.464710768443549,-0.00256955836681761,0.3054));
#5484=CARTESIAN_POINT('',(0.464710768443549,-0.00274156358506943,0.3054));
#5485=CARTESIAN_POINT('',(0.464710768443549,-0.00274156358506943,0.3054));
#5486=CARTESIAN_POINT('',(0.464883973524306,-0.00274156358506943,0.3053));
#5487=CARTESIAN_POINT('',(0.464006028431452,-0.0027387966579861,0.3054));
#5488=CARTESIAN_POINT('',(0.463948293404533,-0.0027387966579861,0.3055));
#5489=CARTESIAN_POINT('',(0.463832823350695,-0.00273879665798609,0.3055));
#5490=CARTESIAN_POINT('',(0.464006028471527,-0.00267113125228951,0.305399999999552));
#5491=CARTESIAN_POINT('',(0.463948293479674,-0.00267427593265931,0.30549999999929));
#5492=CARTESIAN_POINT('',(0.463832823407136,-0.00268056529340996,0.3055));
#5493=CARTESIAN_POINT('',(0.463998570347395,-0.00253643645474288,0.305400000000699));
#5494=CARTESIAN_POINT('',(0.463940611250369,-0.00254616309156068,0.305500000001105));
#5495=CARTESIAN_POINT('',(0.463824692969661,-0.00256561649934355,0.3055));
#5496=CARTESIAN_POINT('',(0.463930790295634,-0.00236053004025863,0.305399999999049));
#5497=CARTESIAN_POINT('',(0.463879830009044,-0.00239161747818371,0.305499999998501));
#5498=CARTESIAN_POINT('',(0.463777909698007,-0.00245379208572821,0.3055));
#5499=CARTESIAN_POINT('',(0.463855607676728,-0.00228818839953937,0.3054));
#5500=CARTESIAN_POINT('',(0.463815576527118,-0.00232979176952636,0.3055));
#5501=CARTESIAN_POINT('',(0.463735514227899,-0.00241299850950033,0.3055));
#5502=CARTESIAN_POINT('',(0.463832823350695,-0.00273879665798609,0.3053));
#5503=CARTESIAN_POINT('',(0.464006028431451,-0.00273879665798609,0.3054));
#5504=CARTESIAN_POINT('',(0.464006028431451,-0.00273879665798609,0.3054));
#5505=CARTESIAN_POINT('',(0.464006028431451,-0.00257544214512568,0.3054));
#5506=CARTESIAN_POINT('',(0.463974197509389,-0.00240229663968753,0.3054));
#5507=CARTESIAN_POINT('',(0.463855607676727,-0.00228818839953942,0.3054));
#5508=CARTESIAN_POINT('',(0.464883973524306,0.,0.3053));
#5509=CARTESIAN_POINT('',(0.464710768443549,0.,0.3054));
#5510=CARTESIAN_POINT('',(0.464710768443549,-0.0032092222195903,0.3054));
#5511=CARTESIAN_POINT('',(0.464883973524306,-0.0033824273003472,0.3053));
#5512=CARTESIAN_POINT('',(0.463832823350695,0.,0.3053));
#5513=CARTESIAN_POINT('',(0.463832823350695,-0.0033824273003472,0.3053));
#5514=CARTESIAN_POINT('',(0.464006028431451,-0.00320922221959031,0.3054));
#5515=CARTESIAN_POINT('',(0.464006028431451,0.,0.3054));
#5516=CARTESIAN_POINT('',(0.22325,-0.0033824273003472,0.3053));
#5517=CARTESIAN_POINT('',(0.22325,-0.00320922221959031,0.3054));
#5518=CARTESIAN_POINT('',(0.4668,0.,0.3053));
#5519=CARTESIAN_POINT('',(0.4668,0.014,0.3053));
#5520=CARTESIAN_POINT('',(0.4668,-0.014,0.3053));
#5521=CARTESIAN_POINT('',(0.466,-0.014,0.3053));
#5522=CARTESIAN_POINT('',(0.466,-0.0148,0.3053));
#5523=CARTESIAN_POINT('',(0.466,0.014,0.3053));
#5524=CARTESIAN_POINT('',(0.466,0.0148,0.3053));
#5525=CARTESIAN_POINT('',(0.22325,-0.0148,0.3053));
#5526=CARTESIAN_POINT('',(0.46575,-0.0148,0.3053));
#5527=CARTESIAN_POINT('',(0.22325,0.0148,0.3053));
#5528=CARTESIAN_POINT('',(0.46575,0.0148,0.3053));
#5529=CARTESIAN_POINT('',(0.46575,-0.0145,0.3053));
#5530=CARTESIAN_POINT('',(0.46545,-0.0145,0.3053));
#5531=CARTESIAN_POINT('',(0.46575,0.0145,0.3053));
#5532=CARTESIAN_POINT('',(0.46545,0.0145,0.3053));
#5533=CARTESIAN_POINT('',(0.46545,0.,0.3053));
#5534=CARTESIAN_POINT('',(0.46545,-0.0135,0.3053));
#5535=CARTESIAN_POINT('',(0.46545,0.,0.3053));
#5536=CARTESIAN_POINT('',(0.46545,0.0135,0.3053));
#5537=CARTESIAN_POINT('',(0.46425,-0.0135,0.3053));
#5538=CARTESIAN_POINT('',(0.46425,-0.0123,0.3053));
#5539=CARTESIAN_POINT('',(0.46425,0.0135,0.3053));
#5540=CARTESIAN_POINT('',(0.46425,0.0123,0.3053));
#5541=CARTESIAN_POINT('',(0.449625,-0.0123,0.3053));
#5542=CARTESIAN_POINT('',(0.435,-0.0123,0.3053));
#5543=CARTESIAN_POINT('',(0.449625,0.0123,0.3053));
#5544=CARTESIAN_POINT('',(0.435,0.0123,0.3053));
#5545=CARTESIAN_POINT('',(0.435,-0.0105,0.3053));
#5546=CARTESIAN_POINT('',(0.4332,-0.0105,0.3053));
#5547=CARTESIAN_POINT('',(0.435,0.0105,0.3053));
#5548=CARTESIAN_POINT('',(0.4332,0.0105,0.3053));
#5549=CARTESIAN_POINT('',(0.4332,-0.01,0.3053));
#5550=CARTESIAN_POINT('',(0.4332,-0.0095,0.3053));
#5551=CARTESIAN_POINT('',(0.4332,0.01,0.3053));
#5552=CARTESIAN_POINT('',(0.4332,0.0095,0.3053));
#5553=CARTESIAN_POINT('',(0.435,-0.0095,0.3053));
#5554=CARTESIAN_POINT('',(0.435,-0.0077,0.3053));
#5555=CARTESIAN_POINT('',(0.435,0.0095,0.3053));
#5556=CARTESIAN_POINT('',(0.435,0.0077,0.3053));
#5557=CARTESIAN_POINT('',(0.445875,-0.0077,0.3053));
#5558=CARTESIAN_POINT('',(0.45675,-0.0077,0.3053));
#5559=CARTESIAN_POINT('',(0.445875,0.0077,0.3053));
#5560=CARTESIAN_POINT('',(0.45675,0.0077,0.3053));
#5561=CARTESIAN_POINT('',(0.45675,0.0075,0.3053));
#5562=CARTESIAN_POINT('',(0.45675,0.0075,0.3055));
#5563=CARTESIAN_POINT('',(0.45675,0.0077,0.3055));
#5564=CARTESIAN_POINT('',(0.457566154554947,0.0075,0.3053));
#5565=CARTESIAN_POINT('',(0.457566154553727,0.00749999998847334,0.305499999999185));
#5566=CARTESIAN_POINT('',(0.457615123830411,0.00769999998780077,0.3055));
#5567=CARTESIAN_POINT('',(0.459140052882922,0.00686688583871596,0.3053));
#5568=CARTESIAN_POINT('',(0.459140052883489,0.00686688584406411,0.305500000000379));
#5569=CARTESIAN_POINT('',(0.459275183429336,0.00702721714777801,0.3055));
#5570=CARTESIAN_POINT('',(0.460706091053759,0.00486771435209106,0.3053));
#5571=CARTESIAN_POINT('',(0.460706091053606,0.00486771435066254,0.305499999999898));
#5572=CARTESIAN_POINT('',(0.460885206819344,0.00496238488100904,0.3055));
#5573=CARTESIAN_POINT('',(0.461567199779214,0.00249757197665762,0.3053));
#5574=CARTESIAN_POINT('',(0.461567199779258,0.00249757197702356,0.305500000000029));
#5575=CARTESIAN_POINT('',(0.461764201278249,0.0025420380287848,0.3055));
#5576=CARTESIAN_POINT('',(0.461841314944845,5.81917734495815E-6,0.3053));
#5577=CARTESIAN_POINT('',(0.461841314944822,5.81917730970521E-6,0.305499999999985));
#5578=CARTESIAN_POINT('',(0.462042811507958,5.92194807869362E-6,0.3055));
#5579=CARTESIAN_POINT('',(0.461567536950635,-0.00249914029413716,0.3053));
#5580=CARTESIAN_POINT('',(0.461567536950681,-0.00249914029436209,0.305500000000029));
#5581=CARTESIAN_POINT('',(0.461764549137088,-0.00254363150220722,0.3055));
#5582=CARTESIAN_POINT('',(0.460706657171678,-0.00486486938376066,0.3053));
#5583=CARTESIAN_POINT('',(0.460706657171516,-0.00486486938282568,0.305499999999898));
#5584=CARTESIAN_POINT('',(0.460885767573798,-0.00495948453050066,0.3055));
#5585=CARTESIAN_POINT('',(0.459144325571474,-0.00686433875662699,0.3053));
#5586=CARTESIAN_POINT('',(0.459144325572078,-0.00686433876014195,0.305500000000378));
#5587=CARTESIAN_POINT('',(0.459279647059815,-0.00702454251991093,0.3055));
#5588=CARTESIAN_POINT('',(0.457566128557992,-0.0075,0.3053));
#5589=CARTESIAN_POINT('',(0.457566128556692,-0.00749999999242175,0.305499999999185));
#5590=CARTESIAN_POINT('',(0.457615096273639,-0.00769999999198812,0.3055));
#5591=CARTESIAN_POINT('',(0.45675,-0.0075,0.3053));
#5592=CARTESIAN_POINT('',(0.45675,-0.0075,0.3055));
#5593=CARTESIAN_POINT('',(0.45675,-0.0077,0.3055));
#5594=CARTESIAN_POINT('',(0.4668,5.20417042793042E-18,0.3025));
#5595=CARTESIAN_POINT('',(0.4668,0.014,0.3025));
#5596=CARTESIAN_POINT('',(0.4668,-0.014,0.3025));
#5597=CARTESIAN_POINT('',(0.466,-0.014,0.3025));
#5598=CARTESIAN_POINT('',(0.466,-0.0148,0.3025));
#5599=CARTESIAN_POINT('',(0.466,0.014,0.3025));
#5600=CARTESIAN_POINT('',(0.466,0.0148,0.3025));
#5601=CARTESIAN_POINT('',(0.465875,-0.0148,0.3025));
#5602=CARTESIAN_POINT('',(0.46575,-0.0148,0.3025));
#5603=CARTESIAN_POINT('',(0.465875,0.0148,0.3025));
#5604=CARTESIAN_POINT('',(0.46575,0.0148,0.3025));
#5605=CARTESIAN_POINT('',(0.46575,-0.0145,0.3025));
#5606=CARTESIAN_POINT('',(0.46545,-0.0145,0.3025));
#5607=CARTESIAN_POINT('',(0.46575,0.0145,0.3025));
#5608=CARTESIAN_POINT('',(0.46545,0.0145,0.3025));
#5609=CARTESIAN_POINT('',(0.46545,-0.014,0.3025));
#5610=CARTESIAN_POINT('',(0.46545,-0.0135,0.3025));
#5611=CARTESIAN_POINT('',(0.46545,0.014,0.3025));
#5612=CARTESIAN_POINT('',(0.46545,0.0135,0.3025));
#5613=CARTESIAN_POINT('',(0.46425,-0.0135,0.3025));
#5614=CARTESIAN_POINT('',(0.46425,-0.0123,0.3025));
#5615=CARTESIAN_POINT('',(0.46425,0.0135,0.3025));
#5616=CARTESIAN_POINT('',(0.46425,0.0123,0.3025));
#5617=CARTESIAN_POINT('',(0.22325,-0.0123,0.3025));
#5618=CARTESIAN_POINT('',(0.435,-0.0123,0.3025));
#5619=CARTESIAN_POINT('',(0.22325,0.0123,0.3025));
#5620=CARTESIAN_POINT('',(0.435,0.0123,0.3025));
#5621=CARTESIAN_POINT('',(0.435,-0.0105,0.3025));
#5622=CARTESIAN_POINT('',(0.4332,-0.0105,0.3025));
#5623=CARTESIAN_POINT('',(0.435,0.0105,0.3025));
#5624=CARTESIAN_POINT('',(0.4332,0.0105,0.3025));
#5625=CARTESIAN_POINT('',(0.4332,0.,0.3025));
#5626=CARTESIAN_POINT('',(0.4332,-0.0095,0.3025));
#5627=CARTESIAN_POINT('',(0.4332,0.,0.3025));
#5628=CARTESIAN_POINT('',(0.4332,0.0095,0.3025));
#5629=CARTESIAN_POINT('',(0.435,-0.0095,0.3025));
#5630=CARTESIAN_POINT('',(0.435,-0.0077,0.3025));
#5631=CARTESIAN_POINT('',(0.435,0.0095,0.3025));
#5632=CARTESIAN_POINT('',(0.435,0.0077,0.3025));
#5633=CARTESIAN_POINT('',(0.22325,-0.0077,0.3025));
#5634=CARTESIAN_POINT('',(0.45675,-0.0077,0.3025));
#5635=CARTESIAN_POINT('',(0.22325,0.0077,0.3025));
#5636=CARTESIAN_POINT('',(0.45675,0.0077,0.3025));
#5637=CARTESIAN_POINT('',(0.45675,-0.0075,0.3025));
#5638=CARTESIAN_POINT('',(0.45675,-0.0075,0.3023));
#5639=CARTESIAN_POINT('',(0.45675,-0.0077,0.3023));
#5640=CARTESIAN_POINT('',(0.457566154554947,-0.0075,0.3025));
#5641=CARTESIAN_POINT('',(0.457566154553727,-0.00749999998843833,0.302299999999185));
#5642=CARTESIAN_POINT('',(0.457615123830411,-0.00769999998776476,0.3023));
#5643=CARTESIAN_POINT('',(0.459140052882922,-0.00686688583871593,0.3025));
#5644=CARTESIAN_POINT('',(0.459140052883489,-0.00686688584408033,0.302300000000378));
#5645=CARTESIAN_POINT('',(0.459275183429336,-0.0070272171477947,0.3023));
#5646=CARTESIAN_POINT('',(0.460706091053759,-0.00486771435209103,0.3025));
#5647=CARTESIAN_POINT('',(0.460706091053606,-0.00486771435065813,0.302299999999898));
#5648=CARTESIAN_POINT('',(0.460885206819344,-0.00496238488100451,0.3023));
#5649=CARTESIAN_POINT('',(0.461567199779214,-0.0024975719766576,0.3025));
#5650=CARTESIAN_POINT('',(0.461567199779258,-0.0024975719770248,0.302300000000029));
#5651=CARTESIAN_POINT('',(0.461764201278249,-0.00254203802878606,0.3023));
#5652=CARTESIAN_POINT('',(0.461841314944844,-5.81917734494115E-6,0.3025));
#5653=CARTESIAN_POINT('',(0.461841314944823,-5.81917730904789E-6,0.302299999999986));
#5654=CARTESIAN_POINT('',(0.462042811507957,-5.92194807803386E-6,0.3023));
#5655=CARTESIAN_POINT('',(0.461567536950637,0.00249914029413719,0.3025));
#5656=CARTESIAN_POINT('',(0.461567536950679,0.00249914029436081,0.302300000000029));
#5657=CARTESIAN_POINT('',(0.461764549137091,0.00254363150220596,0.3023));
#5658=CARTESIAN_POINT('',(0.460706657171669,0.00486486938376068,0.3025));
#5659=CARTESIAN_POINT('',(0.460706657171524,0.00486486938283028,0.302299999999898));
#5660=CARTESIAN_POINT('',(0.460885767573789,0.00495948453050519,0.3023));
#5661=CARTESIAN_POINT('',(0.459144325571508,0.00686433875662702,0.3025));
#5662=CARTESIAN_POINT('',(0.459144325572046,0.00686433876012497,0.302300000000378));
#5663=CARTESIAN_POINT('',(0.459279647059848,0.00702454251989424,0.3023));
#5664=CARTESIAN_POINT('',(0.45756612855792,0.0075,0.3025));
#5665=CARTESIAN_POINT('',(0.45756612855676,0.00749999999245836,0.302299999999185));
#5666=CARTESIAN_POINT('',(0.457615096273567,0.00769999999202414,0.3023));
#5667=CARTESIAN_POINT('',(0.45675,0.0075,0.3025));
#5668=CARTESIAN_POINT('',(0.45675,0.0075,0.3023));
#5669=CARTESIAN_POINT('',(0.45675,0.0077,0.3023));
#5670=CARTESIAN_POINT('',(0.463988177029827,-0.00143696527916603,0.3054));
#5671=CARTESIAN_POINT('',(0.463954208347242,-0.00148364998690641,0.3053));
#5672=CARTESIAN_POINT('',(0.463886270982073,-0.00157701940238728,0.3053));
#5673=CARTESIAN_POINT('',(0.464129903942258,-0.00154008847539855,0.305400000006741));
#5674=CARTESIAN_POINT('',(0.46408904444768,-0.00158175928617136,0.305300000000845));
#5675=CARTESIAN_POINT('',(0.464007325440943,-0.00166510092658068,0.3053));
#5676=CARTESIAN_POINT('',(0.464362422378498,-0.00183261763683621,0.305399999996628));
#5677=CARTESIAN_POINT('',(0.464307489211086,-0.00185463278151698,0.305299999998465));
#5678=CARTESIAN_POINT('',(0.464197622890133,-0.00189866306146631,0.3053));
#5679=CARTESIAN_POINT('',(0.464458130280375,-0.00210755221683517,0.305400000000003));
#5680=CARTESIAN_POINT('',(0.464405541147474,-0.00213137901012067,0.305300000002226));
#5681=CARTESIAN_POINT('',(0.464300362871511,-0.00217903259665243,0.3053));
#5682=CARTESIAN_POINT('',(0.464519257076401,-0.00224246778806909,0.3054));
#5683=CARTESIAN_POINT('',(0.464466667940062,-0.00226629458123241,0.3053));
#5684=CARTESIAN_POINT('',(0.464361489667384,-0.00231394816755906,0.3053));
#5685=CARTESIAN_POINT('',(0.464340802267257,-0.00185218145090311,0.3054));
#5686=CARTESIAN_POINT('',(0.464346481249614,-0.00198229970031011,0.305306092610408));
#5687=CARTESIAN_POINT('',(0.464352935682473,-0.00215084458464488,0.3053));
#5688=CARTESIAN_POINT('',(0.464359302227372,-0.00230912017496179,0.3053));
#5689=CARTESIAN_POINT('',(0.463886270982073,-0.00157701940238732,0.3055));
#5690=CARTESIAN_POINT('',(0.463886270982073,-0.00157701940238732,0.3053));
#5691=CARTESIAN_POINT('',(0.463954208347242,-0.00148364998690646,0.3053));
#5692=CARTESIAN_POINT('',(0.463988177029826,-0.00143696527916606,0.3054));
#5693=CARTESIAN_POINT('',(0.463756844821339,-0.00148284639467777,0.3053));
#5694=CARTESIAN_POINT('',(0.463808345164289,-0.00137751704746537,0.305300000004745));
#5695=CARTESIAN_POINT('',(0.463834095281441,-0.00132485243365622,0.305400000042708));
#5696=CARTESIAN_POINT('',(0.463601965527183,-0.00142888082102463,0.3053));
#5697=CARTESIAN_POINT('',(0.463625116384604,-0.00131341073829985,0.305300000000139));
#5698=CARTESIAN_POINT('',(0.463636691812978,-0.00125567576214543,0.305400000037649));
#5699=CARTESIAN_POINT('',(0.463441623263889,-0.00142888086463878,0.3053));
#5700=CARTESIAN_POINT('',(0.463441623263889,-0.00131341081080083,0.3053));
#5701=CARTESIAN_POINT('',(0.463441623263889,-0.00125567578388189,0.3054));
#5702=CARTESIAN_POINT('',(0.463441623263889,-0.00142888086463878,0.3055));
#5703=CARTESIAN_POINT('',(0.464807482075592,-0.00151196408040066,0.3053));
#5704=CARTESIAN_POINT('',(0.464742079648934,-0.00141680181939038,0.3053));
#5705=CARTESIAN_POINT('',(0.464709378435605,-0.00136922068888528,0.3054));
#5706=CARTESIAN_POINT('',(0.464677320289991,-0.00160142078555246,0.3053));
#5707=CARTESIAN_POINT('',(0.464590911289755,-0.00152069577686297,0.305299999998871));
#5708=CARTESIAN_POINT('',(0.46454770676685,-0.00148033323567712,0.305399999974187));
#5709=CARTESIAN_POINT('',(0.464495662129588,-0.00186410143536387,0.3053));
#5710=CARTESIAN_POINT('',(0.464382628825181,-0.00182915695404726,0.305300000003623));
#5711=CARTESIAN_POINT('',(0.464326112177445,-0.00181168473177773,0.305400000012908));
#5712=CARTESIAN_POINT('',(0.464410354226051,-0.00216706243948561,0.3053));
#5713=CARTESIAN_POINT('',(0.464301688268663,-0.00212801061432763,0.305299999993884));
#5714=CARTESIAN_POINT('',(0.464247355303825,-0.00210848470181331,0.305400000000003));
#5715=CARTESIAN_POINT('',(0.464357407514017,-0.00231439242082059,0.3053));
#5716=CARTESIAN_POINT('',(0.464248741565863,-0.00227534059570268,0.3053));
#5717=CARTESIAN_POINT('',(0.464194408591786,-0.00225581468314373,0.3054));
#5718=CARTESIAN_POINT('',(0.464807482075592,-0.00151196408040067,0.3055));
#5719=CARTESIAN_POINT('',(0.463441623263889,-0.00142888086463878,0.3053));
#5720=CARTESIAN_POINT('',(0.463441623263889,-0.00131341081080083,0.3053));
#5721=CARTESIAN_POINT('',(0.463441623263889,-0.00125567578388189,0.3054));
#5722=CARTESIAN_POINT('',(0.463297431180479,-0.00142888083080075,0.3053));
#5723=CARTESIAN_POINT('',(0.46328638889374,-0.00131341076757392,0.3053));
#5724=CARTESIAN_POINT('',(0.463280867750376,-0.00125567577190155,0.305400000020751));
#5725=CARTESIAN_POINT('',(0.463009245558391,-0.00146923912795244,0.3053));
#5726=CARTESIAN_POINT('',(0.462967535718285,-0.00135627051896538,0.305300000001325));
#5727=CARTESIAN_POINT('',(0.462946680776473,-0.00129978618067007,0.305399999975459));
#5728=CARTESIAN_POINT('',(0.462769450319009,-0.00164374721292417,0.3053));
#5729=CARTESIAN_POINT('',(0.462692026807232,-0.0015564486327978,0.305299999997351));
#5730=CARTESIAN_POINT('',(0.462653315094857,-0.00151279937439724,0.305400000028332));
#5731=CARTESIAN_POINT('',(0.462675948367914,-0.00175456941419178,0.3053));
#5732=CARTESIAN_POINT('',(0.462587693929469,-0.00168010809921529,0.3053));
#5733=CARTESIAN_POINT('',(0.462543566710246,-0.00164287744172703,0.3054));
#5734=CARTESIAN_POINT('',(0.462675948367914,-0.00175456941419179,0.3055));
#5735=CARTESIAN_POINT('',(0.465324055989583,-0.00136339692366656,0.3053));
#5736=CARTESIAN_POINT('',(0.465324055989583,-0.00124792686982861,0.3053));
#5737=CARTESIAN_POINT('',(0.465324055989583,-0.00119019184290967,0.3054));
#5738=CARTESIAN_POINT('',(0.465140782187846,-0.00136339687270753,0.3053));
#5739=CARTESIAN_POINT('',(0.465123521698217,-0.00124792680043922,0.305299999999994));
#5740=CARTESIAN_POINT('',(0.465114891453405,-0.00119019182325851,0.305400000034037));
#5741=CARTESIAN_POINT('',(0.464958396100589,-0.00140824497197768,0.3053));
#5742=CARTESIAN_POINT('',(0.464914229776345,-0.00129848770261413,0.305300000000293));
#5743=CARTESIAN_POINT('',(0.464892146626437,-0.00124360908670105,0.305400000013151));
#5744=CARTESIAN_POINT('',(0.464807482075592,-0.0015119640804007,0.3053));
#5745=CARTESIAN_POINT('',(0.464742079648934,-0.00141680181939043,0.3053));
#5746=CARTESIAN_POINT('',(0.464709378435605,-0.00136922068888531,0.3054));
#5747=CARTESIAN_POINT('',(0.465324055989583,-0.00136339692366655,0.3055));
#5748=CARTESIAN_POINT('',(0.462675948367914,-0.00175456941419173,0.3053));
#5749=CARTESIAN_POINT('',(0.462587693929469,-0.00168010809921523,0.3053));
#5750=CARTESIAN_POINT('',(0.462543566710246,-0.001642877441727,0.3054));
#5751=CARTESIAN_POINT('',(0.462456171195064,-0.00201505795490312,0.3053));
#5752=CARTESIAN_POINT('',(0.462342306142489,-0.00197095133565627,0.305299999991316));
#5753=CARTESIAN_POINT('',(0.462285373584573,-0.001948897982808,0.30539999996127));
#5754=CARTESIAN_POINT('',(0.462391798571218,-0.00236522387597241,0.3053));
#5755=CARTESIAN_POINT('',(0.462276328526441,-0.00235039880834889,0.30530000000996));
#5756=CARTESIAN_POINT('',(0.462218593522078,-0.00234298627440484,0.305400000023453));
#5757=CARTESIAN_POINT('',(0.462391798616375,-0.00270374891493054,0.3053));
#5758=CARTESIAN_POINT('',(0.462276328562537,-0.00270374891493054,0.3053));
#5759=CARTESIAN_POINT('',(0.462218593535618,-0.00270374891493054,0.3054));
#5760=CARTESIAN_POINT('',(0.462391798616375,-0.00270374891493054,0.3055));
#5761=CARTESIAN_POINT('',(0.466107772739101,-0.00171802506945925,0.3053));
#5762=CARTESIAN_POINT('',(0.466196709761306,-0.00164438038591346,0.3053));
#5763=CARTESIAN_POINT('',(0.466241178272409,-0.00160755804414054,0.3054));
#5764=CARTESIAN_POINT('',(0.465916919286019,-0.0014875407465689,0.3053));
#5765=CARTESIAN_POINT('',(0.465986777114441,-0.00139085505565865,0.305299999984799));
#5766=CARTESIAN_POINT('',(0.466021706004244,-0.00134251225934341,0.305400000044388));
#5767=CARTESIAN_POINT('',(0.465623365771462,-0.00136339684281983,0.3053));
#5768=CARTESIAN_POINT('',(0.465648298346568,-0.00124792676672774,0.30530000001696));
#5769=CARTESIAN_POINT('',(0.465660764595337,-0.00119019181433633,0.30540000004949));
#5770=CARTESIAN_POINT('',(0.465324055989583,-0.00136339692366656,0.3053));
#5771=CARTESIAN_POINT('',(0.465324055989583,-0.00124792686982861,0.3053));
#5772=CARTESIAN_POINT('',(0.465324055989583,-0.00119019184290967,0.3054));
#5773=CARTESIAN_POINT('',(0.466107772739101,-0.0017180250694592,0.3055));
#5774=CARTESIAN_POINT('',(0.462391798616375,-0.00270374891493054,0.3053));
#5775=CARTESIAN_POINT('',(0.462276328562537,-0.00270374891493054,0.3053));
#5776=CARTESIAN_POINT('',(0.462218593535618,-0.00270374891493054,0.3054));
#5777=CARTESIAN_POINT('',(0.462391798596208,-0.00292506772844286,0.3053));
#5778=CARTESIAN_POINT('',(0.462276328550479,-0.00293884450973563,0.305300000008739));
#5779=CARTESIAN_POINT('',(0.462218593528674,-0.00294573290026607,0.305400000012028));
#5780=CARTESIAN_POINT('',(0.462432237221746,-0.00314269212485472,0.3053));
#5781=CARTESIAN_POINT('',(0.462319632151585,-0.00317428952485802,0.305299999997225));
#5782=CARTESIAN_POINT('',(0.462263329620745,-0.00319008822585799,0.305399999998699));
#5783=CARTESIAN_POINT('',(0.462525391737624,-0.00334418622606431,0.3053));
#5784=CARTESIAN_POINT('',(0.462420580761265,-0.00339264231513468,0.3053));
#5785=CARTESIAN_POINT('',(0.462368175273085,-0.00341687035966985,0.3054));
#5786=CARTESIAN_POINT('',(0.462525391737624,-0.0033441862260643,0.3055));
#5787=CARTESIAN_POINT('',(0.466411695307236,-0.00270374891493054,0.3053));
#5788=CARTESIAN_POINT('',(0.466527165361074,-0.00270374891493054,0.3053));
#5789=CARTESIAN_POINT('',(0.466584900387993,-0.00270374891493054,0.3054));
#5790=CARTESIAN_POINT('',(0.466411695343344,-0.00235090280917825,0.3053));
#5791=CARTESIAN_POINT('',(0.466527165415864,-0.00233476484832539,0.305300000008459));
#5792=CARTESIAN_POINT('',(0.466584900399194,-0.00232669586778694,0.3054000000194));
#5793=CARTESIAN_POINT('',(0.466334980069475,-0.00199241211466067,0.3053));
#5794=CARTESIAN_POINT('',(0.466446496447255,-0.00194603540170827,0.30529999999823));
#5795=CARTESIAN_POINT('',(0.466502254660165,-0.00192284702869854,0.305399999985029));
#5796=CARTESIAN_POINT('',(0.466107772739101,-0.0017180250694592,0.3053));
#5797=CARTESIAN_POINT('',(0.466196709761306,-0.00164438038591341,0.3053));
#5798=CARTESIAN_POINT('',(0.466241178272409,-0.00160755804414051,0.3054));
#5799=CARTESIAN_POINT('',(0.466411695307236,-0.00270374891493054,0.3055));
#5800=CARTESIAN_POINT('',(0.462525391737624,-0.0033441862260643,0.3053));
#5801=CARTESIAN_POINT('',(0.462420580761265,-0.00339264231513468,0.3053));
#5802=CARTESIAN_POINT('',(0.462368175273085,-0.00341687035966985,0.3054));
#5803=CARTESIAN_POINT('',(0.462605777240963,-0.00351806091577841,0.3053));
#5804=CARTESIAN_POINT('',(0.462507756976443,-0.00358120542109162,0.305299999996145));
#5805=CARTESIAN_POINT('',(0.46245874689154,-0.00361277765596926,0.305400000024575));
#5806=CARTESIAN_POINT('',(0.462723920359233,-0.00367212532862142,0.3053));
#5807=CARTESIAN_POINT('',(0.462639818537289,-0.00375456965219833,0.305300000006491));
#5808=CARTESIAN_POINT('',(0.462597767615692,-0.00379579180770252,0.305400000004287));
#5809=CARTESIAN_POINT('',(0.462882963940454,-0.00378030868050648,0.3053));
#5810=CARTESIAN_POINT('',(0.462818020130906,-0.00387578451480341,0.3053));
#5811=CARTESIAN_POINT('',(0.462785548226131,-0.00392352243195183,0.3054));
#5812=CARTESIAN_POINT('',(0.462882963940454,-0.00378030868050648,0.3055));
#5813=CARTESIAN_POINT('',(0.466113889566468,-0.00363767653551704,0.3053));
#5814=CARTESIAN_POINT('',(0.466202730513304,-0.00371143709068456,0.3053));
#5815=CARTESIAN_POINT('',(0.466247150986722,-0.0037483173682683,0.3054));
#5816=CARTESIAN_POINT('',(0.466329174942126,-0.00337837590501492,0.3053));
#5817=CARTESIAN_POINT('',(0.466438789909504,-0.00342711519988627,0.3053000000093));
#5818=CARTESIAN_POINT('',(0.466493597378661,-0.0034514848527124,0.305399999994975));
#5819=CARTESIAN_POINT('',(0.466411695355516,-0.00303916658071715,0.3053));
#5820=CARTESIAN_POINT('',(0.466527165431529,-0.00305650988437018,0.305300000009567));
#5821=CARTESIAN_POINT('',(0.4665849004029,-0.00306518153606954,0.30540000002582));
#5822=CARTESIAN_POINT('',(0.466411695307236,-0.00270374891493054,0.3053));
#5823=CARTESIAN_POINT('',(0.466527165361074,-0.00270374891493054,0.3053));
#5824=CARTESIAN_POINT('',(0.466584900387993,-0.00270374891493054,0.3054));
#5825=CARTESIAN_POINT('',(0.466113889566468,-0.00363767653551706,0.3055));
#5826=CARTESIAN_POINT('',(0.462882963940454,-0.00378030868050648,0.3053));
#5827=CARTESIAN_POINT('',(0.462818020130906,-0.00387578451480341,0.3053));
#5828=CARTESIAN_POINT('',(0.462785548226131,-0.00392352243195183,0.3054));
#5829=CARTESIAN_POINT('',(0.462962163467415,-0.00383418116461899,0.3053));
#5830=CARTESIAN_POINT('',(0.462907023497363,-0.00393632569464054,0.305300000004482));
#5831=CARTESIAN_POINT('',(0.462879453512873,-0.00398739794384342,0.305400000010969));
#5832=CARTESIAN_POINT('',(0.463135516046633,-0.00391637602090332,0.3053));
#5833=CARTESIAN_POINT('',(0.463101630073591,-0.0040301816184277,0.305299999997759));
#5834=CARTESIAN_POINT('',(0.4630846870868,-0.00408708442509381,0.305399999994515));
#5835=CARTESIAN_POINT('',(0.463326097013906,-0.00393250151383341,0.3053));
#5836=CARTESIAN_POINT('',(0.463326097013903,-0.00404797156767136,0.3053));
#5837=CARTESIAN_POINT('',(0.463326097013906,-0.00410570659459031,0.3054));
#5838=CARTESIAN_POINT('',(0.463420134018915,-0.00393250151383341,0.3053));
#5839=CARTESIAN_POINT('',(0.463420134018915,-0.00404797156767136,0.3053));
#5840=CARTESIAN_POINT('',(0.463420134018915,-0.00410570659459031,0.3054));
#5841=CARTESIAN_POINT('',(0.463416768877583,-0.00410570659459703,0.305400000000012));
#5842=CARTESIAN_POINT('',(0.463374442918936,-0.00406338063595005,0.305326689289145));
#5843=CARTESIAN_POINT('',(0.463304300197885,-0.00399230362191821,0.3053));
#5844=CARTESIAN_POINT('',(0.46324356379682,-0.00392182904983077,0.3053));
#5845=CARTESIAN_POINT('',(0.466247150986722,-0.00374831736826833,0.3054));
#5846=CARTESIAN_POINT('',(0.466202730513304,-0.00371143709068459,0.3053));
#5847=CARTESIAN_POINT('',(0.466113889566468,-0.00363767653551708,0.3053));
#5848=CARTESIAN_POINT('',(0.466135639749358,-0.00388262716951205,0.305400000023909));
#5849=CARTESIAN_POINT('',(0.466096127601078,-0.00383983510815592,0.305299999998849));
#5850=CARTESIAN_POINT('',(0.466017103246001,-0.00375425093257241,0.3053));
#5851=CARTESIAN_POINT('',(0.465849664725898,-0.00411396211305858,0.305399999988045));
#5852=CARTESIAN_POINT('',(0.465824508408772,-0.00405784797887917,0.305300000000575));
#5853=CARTESIAN_POINT('',(0.465774195803793,-0.00394561973695587,0.3053));
#5854=CARTESIAN_POINT('',(0.465467577469712,-0.00415735590014586,0.3054));
#5855=CARTESIAN_POINT('',(0.465467577469712,-0.00409962087322691,0.3053));
#5856=CARTESIAN_POINT('',(0.465467577469683,-0.00398415081938897,0.3053));
#5857=CARTESIAN_POINT('',(0.465317723142826,-0.00415735590014586,0.3054));
#5858=CARTESIAN_POINT('',(0.465317723142826,-0.00409962087322691,0.3053));
#5859=CARTESIAN_POINT('',(0.465317723142826,-0.00398415081938897,0.3053));
#5860=CARTESIAN_POINT('',(0.465323085723111,-0.00415735590015259,0.305400000000012));
#5861=CARTESIAN_POINT('',(0.4653651814983,-0.0041152601249632,0.305327087978588));
#5862=CARTESIAN_POINT('',(0.465434888858974,-0.00404481305542832,0.305300000000001));
#5863=CARTESIAN_POINT('',(0.465496290803875,-0.00397559810744989,0.3053));
#5864=CARTESIAN_POINT('',(0.46324356379682,0.,0.3055));
#5865=CARTESIAN_POINT('',(0.463416768877583,-0.00321927170401404,0.305400000000012));
#5866=CARTESIAN_POINT('',(0.463377246623176,-0.00325879395842058,0.305331545447339));
#5867=CARTESIAN_POINT('',(0.463311740846284,-0.00332185572601706,0.305300000000001));
#5868=CARTESIAN_POINT('',(0.463243563796819,-0.00337561127671907,0.3053));
#5869=CARTESIAN_POINT('',(0.465496290803875,0.,0.3055));
#5870=CARTESIAN_POINT('',(0.465323085723111,-0.0032709210095696,0.305400000000012));
#5871=CARTESIAN_POINT('',(0.465362785734785,-0.00331062102124354,0.305331237562721));
#5872=CARTESIAN_POINT('',(0.465428523258997,-0.00337423647612398,0.3053));
#5873=CARTESIAN_POINT('',(0.465496290803875,-0.00342913510819872,0.3053));
#5874=CARTESIAN_POINT('',(0.463069526436143,-0.00306777929672633,0.3054));
#5875=CARTESIAN_POINT('',(0.463024693974008,-0.00310415763742954,0.3053));
#5876=CARTESIAN_POINT('',(0.46293502904974,-0.00317691431883597,0.3053));
#5877=CARTESIAN_POINT('',(0.463112974845855,-0.00312132486879518,0.305400000003581));
#5878=CARTESIAN_POINT('',(0.46307313573424,-0.00316385701006805,0.305299999995649));
#5879=CARTESIAN_POINT('',(0.462993457521137,-0.003248921300553,0.3053));
#5880=CARTESIAN_POINT('',(0.463220384550087,-0.00320135781120299,0.30539999999821));
#5881=CARTESIAN_POINT('',(0.463193902703451,-0.00325696089614827,0.305300000002175));
#5882=CARTESIAN_POINT('',(0.463140939005123,-0.00336816706206932,0.3053));
#5883=CARTESIAN_POINT('',(0.463328191712679,-0.00321927170402076,0.3054));
#5884=CARTESIAN_POINT('',(0.463328191712577,-0.00327700673093971,0.3053));
#5885=CARTESIAN_POINT('',(0.46332819171236,-0.00339247678477766,0.3053));
#5886=CARTESIAN_POINT('',(0.46342005627753,-0.00321927170402076,0.3054));
#5887=CARTESIAN_POINT('',(0.46342005627753,-0.00327700673093971,0.3053));
#5888=CARTESIAN_POINT('',(0.46342005627753,-0.00339247678477766,0.3053));
#5889=CARTESIAN_POINT('',(0.46293502904974,-0.00317691431883597,0.3055));
#5890=CARTESIAN_POINT('',(0.465847744628206,-0.00321461361956665,0.3053));
#5891=CARTESIAN_POINT('',(0.465759509501446,-0.00314012942165227,0.3053));
#5892=CARTESIAN_POINT('',(0.465715391938066,-0.00310288732269514,0.3054));
#5893=CARTESIAN_POINT('',(0.465782936285061,-0.00329138663808211,0.3053));
#5894=CARTESIAN_POINT('',(0.465704748213445,-0.00320500051542668,0.305300000006244));
#5895=CARTESIAN_POINT('',(0.465665654164005,-0.00316180745458627,0.305400000000511));
#5896=CARTESIAN_POINT('',(0.465621113934499,-0.00341794608008383,0.3053));
#5897=CARTESIAN_POINT('',(0.465569302478073,-0.00330657832568225,0.305299999996865));
#5898=CARTESIAN_POINT('',(0.46554339675669,-0.00325089444823799,0.305399999999745));
#5899=CARTESIAN_POINT('',(0.465418667251128,-0.00344412609033321,0.3053));
#5900=CARTESIAN_POINT('',(0.465418667251026,-0.00332865603649546,0.305300000000025));
#5901=CARTESIAN_POINT('',(0.465418667250946,-0.00327092100957634,0.3054));
#5902=CARTESIAN_POINT('',(0.465319538367432,-0.00344412609033321,0.3053));
#5903=CARTESIAN_POINT('',(0.465319538367432,-0.00332865603649527,0.3053));
#5904=CARTESIAN_POINT('',(0.465319538367432,-0.00327092100957632,0.3054));
#5905=CARTESIAN_POINT('',(0.465847744628206,-0.00321461361956667,0.3055));
#5906=CARTESIAN_POINT('',(0.46293502904974,-0.00317691431883597,0.3053));
#5907=CARTESIAN_POINT('',(0.463024693974008,-0.00310415763742954,0.3053));
#5908=CARTESIAN_POINT('',(0.463069526436143,-0.00306777929672633,0.3054));
#5909=CARTESIAN_POINT('',(0.462822850140373,-0.0030386656462964,0.3053));
#5910=CARTESIAN_POINT('',(0.462930548805922,-0.0029881336406481,0.305299999993626));
#5911=CARTESIAN_POINT('',(0.462984398137588,-0.0029628676505605,0.305400000011594));
#5912=CARTESIAN_POINT('',(0.462771341495525,-0.00286116902077077,0.3053));
#5913=CARTESIAN_POINT('',(0.462886811602982,-0.0028411404835282,0.305300000016585));
#5914=CARTESIAN_POINT('',(0.462944546646268,-0.00283112621468761,0.305399999984264));
#5915=CARTESIAN_POINT('',(0.462771341574597,-0.00268345811631943,0.3053));
#5916=CARTESIAN_POINT('',(0.462886811628435,-0.00268345811631943,0.3053));
#5917=CARTESIAN_POINT('',(0.462944546655354,-0.00268345811631943,0.3054));
#5918=CARTESIAN_POINT('',(0.462771341574597,-0.00268345811631943,0.3055));
#5919=CARTESIAN_POINT('',(0.466032152349014,-0.00268345811631943,0.3053));
#5920=CARTESIAN_POINT('',(0.465916682295176,-0.00268345811631943,0.3053));
#5921=CARTESIAN_POINT('',(0.465858947268257,-0.00268345811631943,0.3054));
#5922=CARTESIAN_POINT('',(0.46603215240183,-0.00287647126370927,0.3053));
#5923=CARTESIAN_POINT('',(0.465916682335484,-0.00285509744546496,0.30530000000772));
#5924=CARTESIAN_POINT('',(0.465858947272362,-0.00284441053624115,0.30539999999289));
#5925=CARTESIAN_POINT('',(0.465972617975861,-0.0030666867277934,0.3053));
#5926=CARTESIAN_POINT('',(0.465866182528137,-0.00301376291323456,0.305300000014177));
#5927=CARTESIAN_POINT('',(0.465812964785452,-0.00298730101730621,0.305400000010339));
#5928=CARTESIAN_POINT('',(0.465847744628206,-0.00321461361956668,0.3053));
#5929=CARTESIAN_POINT('',(0.465759509501446,-0.00314012942165228,0.3053));
#5930=CARTESIAN_POINT('',(0.465715391938066,-0.00310288732269515,0.3054));
#5931=CARTESIAN_POINT('',(0.466032152349014,-0.00268345811631943,0.3055));
#5932=CARTESIAN_POINT('',(0.462771341574597,-0.00268345811631943,0.3053));
#5933=CARTESIAN_POINT('',(0.462886811628435,-0.00268345811631943,0.3053));
#5934=CARTESIAN_POINT('',(0.462944546655354,-0.00268345811631943,0.3054));
#5935=CARTESIAN_POINT('',(0.462771341498072,-0.00249541340740245,0.3053));
#5936=CARTESIAN_POINT('',(0.462886811587538,-0.00251446908158412,0.305300000004791));
#5937=CARTESIAN_POINT('',(0.462944546646861,-0.00252399691861169,0.305399999985289));
#5938=CARTESIAN_POINT('',(0.462822605123505,-0.00230611524378245,0.3053));
#5939=CARTESIAN_POINT('',(0.462931085815375,-0.00235910661732782,0.305299999977097));
#5940=CARTESIAN_POINT('',(0.462985326178454,-0.00238560227171423,0.30540000002764));
#5941=CARTESIAN_POINT('',(0.462951809392401,-0.00216762168004184,0.3053));
#5942=CARTESIAN_POINT('',(0.463036241501826,-0.00224639066017614,0.3053));
#5943=CARTESIAN_POINT('',(0.463078457556538,-0.00228577515024334,0.3054));
#5944=CARTESIAN_POINT('',(0.462951809392401,-0.00216762168004184,0.3055));
#5945=CARTESIAN_POINT('',(0.465836081126159,-0.00211835951057348,0.3053));
#5946=CARTESIAN_POINT('',(0.465751589196971,-0.00219706432132445,0.3053));
#5947=CARTESIAN_POINT('',(0.465709343232376,-0.00223641672669994,0.3054));
#5948=CARTESIAN_POINT('',(0.465976321687785,-0.0022689119474595,0.3053));
#5949=CARTESIAN_POINT('',(0.465867632385384,-0.00232164017984735,0.305299999991223));
#5950=CARTESIAN_POINT('',(0.465813287779695,-0.00234800427244381,0.305400000020076));
#5951=CARTESIAN_POINT('',(0.466032152431095,-0.00247833441166609,0.3053));
#5952=CARTESIAN_POINT('',(0.465916682372014,-0.00249696319057423,0.305300000012458));
#5953=CARTESIAN_POINT('',(0.465858947279692,-0.00250627757986422,0.305399999980194));
#5954=CARTESIAN_POINT('',(0.466032152349014,-0.00268345811631943,0.3053));
#5955=CARTESIAN_POINT('',(0.465916682295176,-0.00268345811631943,0.3053));
#5956=CARTESIAN_POINT('',(0.465858947268257,-0.00268345811631943,0.3054));
#5957=CARTESIAN_POINT('',(0.465836081126159,-0.0021183595105735,0.3055));
#5958=CARTESIAN_POINT('',(0.462951809392401,-0.00216762168004184,0.3053));
#5959=CARTESIAN_POINT('',(0.463036241501826,-0.00224639066017614,0.3053));
#5960=CARTESIAN_POINT('',(0.463078457556538,-0.00228577515024334,0.3054));
#5961=CARTESIAN_POINT('',(0.463079133113004,-0.00203114399211084,0.3053));
#5962=CARTESIAN_POINT('',(0.463139379483453,-0.00213583755886598,0.305299999981576));
#5963=CARTESIAN_POINT('',(0.463169502682046,-0.0021881843158335,0.305400000022538));
#5964=CARTESIAN_POINT('',(0.463267408261863,-0.00196982779945792,0.3053));
#5965=CARTESIAN_POINT('',(0.463288973722197,-0.00208529789290156,0.305300000003169));
#5966=CARTESIAN_POINT('',(0.463299756445201,-0.00214303297250618,0.305399999980994));
#5967=CARTESIAN_POINT('',(0.46345361328125,-0.00196982790272224,0.3053));
#5968=CARTESIAN_POINT('',(0.46345361328125,-0.0020852979565602,0.3053));
#5969=CARTESIAN_POINT('',(0.46345361328125,-0.00214303298347915,0.3054));
#5970=CARTESIAN_POINT('',(0.46345361328125,-0.00196982790272231,0.3055));
#5971=CARTESIAN_POINT('',(0.465312065972222,-0.00190342165272231,0.3053));
#5972=CARTESIAN_POINT('',(0.465312065972222,-0.00201889170656026,0.3053));
#5973=CARTESIAN_POINT('',(0.465312065972222,-0.0020766267334792,0.3054));
#5974=CARTESIAN_POINT('',(0.465507724509136,-0.00190342157654512,0.3053));
#5975=CARTESIAN_POINT('',(0.465483947691718,-0.00201889166703043,0.305300000000025));
#5976=CARTESIAN_POINT('',(0.465472059282905,-0.00207662672817762,0.305399999990817));
#5977=CARTESIAN_POINT('',(0.465702218362192,-0.00197465379878676,0.3053));
#5978=CARTESIAN_POINT('',(0.465639728724571,-0.00207697956695969,0.305299999514055));
#5979=CARTESIAN_POINT('',(0.465608485013559,-0.00212814246014815,0.305399999997366));
#5980=CARTESIAN_POINT('',(0.46583608112616,-0.00211835951057337,0.3053));
#5981=CARTESIAN_POINT('',(0.465751589196971,-0.0021970643213243,0.3053));
#5982=CARTESIAN_POINT('',(0.465709343232377,-0.00223641672669969,0.3054));
#5983=CARTESIAN_POINT('',(0.465312065972222,-0.00190342165272232,0.3055));
#5984=CARTESIAN_POINT('',(0.46345361328125,-0.00196982790272231,0.3053));
#5985=CARTESIAN_POINT('',(0.46345361328125,-0.00208529795656026,0.3053));
#5986=CARTESIAN_POINT('',(0.46345361328125,-0.0021430329834792,0.3054));
#5987=CARTESIAN_POINT('',(0.463645223522865,-0.001969827830436,0.3053));
#5988=CARTESIAN_POINT('',(0.463624058742743,-0.00208529791485179,0.305300000000025));
#5989=CARTESIAN_POINT('',(0.463613476352636,-0.00214303297687423,0.30539999998856));
#5990=CARTESIAN_POINT('',(0.463836948605731,-0.00202986926533403,0.3053));
#5991=CARTESIAN_POINT('',(0.463780443523451,-0.00213574295977892,0.305300000037928));
#5992=CARTESIAN_POINT('',(0.463752190894233,-0.00218867980827408,0.305399999998586));
#5993=CARTESIAN_POINT('',(0.463975701125556,-0.00216337828957853,0.3053));
#5994=CARTESIAN_POINT('',(0.463895638826337,-0.00224658502955239,0.3053));
#5995=CARTESIAN_POINT('',(0.463855607676727,-0.00228818839953927,0.3054));
#5996=CARTESIAN_POINT('',(0.463975701125556,-0.00216337828957855,0.3055));
#5997=CARTESIAN_POINT('',(0.464537563362792,-0.00274156358506943,0.3053));
#5998=CARTESIAN_POINT('',(0.46465303341663,-0.00274156358506943,0.3053));
#5999=CARTESIAN_POINT('',(0.464710768443549,-0.00274156358506943,0.3054));
#6000=CARTESIAN_POINT('',(0.464537563296947,-0.00252429989030115,0.3053));
#6001=CARTESIAN_POINT('',(0.464653033375366,-0.00253932186265287,0.30530000000603));
#6002=CARTESIAN_POINT('',(0.464710768432864,-0.00254683284874738,0.305399999981494));
#6003=CARTESIAN_POINT('',(0.464632061992797,-0.00205466973138643,0.3053));
#6004=CARTESIAN_POINT('',(0.464738793203462,-0.00214095702804649,0.305299999990711));
#6005=CARTESIAN_POINT('',(0.464792158814024,-0.00218410065747133,0.305400000020235));
#6006=CARTESIAN_POINT('',(0.465093460380655,-0.00190342156101074,0.3053));
#6007=CARTESIAN_POINT('',(0.465113073345441,-0.00201889164227451,0.305300000012548));
#6008=CARTESIAN_POINT('',(0.465122879799088,-0.00207662672079813,0.305399999978036));
#6009=CARTESIAN_POINT('',(0.465312065972222,-0.00190342165272231,0.3053));
#6010=CARTESIAN_POINT('',(0.465312065972222,-0.00201889170656026,0.3053));
#6011=CARTESIAN_POINT('',(0.465312065972222,-0.0020766267334792,0.3054));
#6012=CARTESIAN_POINT('',(0.464537563362792,-0.00274156358506943,0.3055));
#6013=CARTESIAN_POINT('',(0.463975701125556,-0.0021633782895785,0.3053));
#6014=CARTESIAN_POINT('',(0.463895638826337,-0.00224658502955246,0.3053));
#6015=CARTESIAN_POINT('',(0.463855607676728,-0.00228818839953944,0.3054));
#6016=CARTESIAN_POINT('',(0.464127996914282,-0.00230991887253142,0.3053));
#6017=CARTESIAN_POINT('',(0.464017103293622,-0.00236345939966954,0.305299999997379));
#6018=CARTESIAN_POINT('',(0.46396165653043,-0.00239022962051344,0.305400000034248));
#6019=CARTESIAN_POINT('',(0.464179233606102,-0.00252865408228143,0.3053));
#6020=CARTESIAN_POINT('',(0.464063763005344,-0.00254579644178373,0.305299999655892));
#6021=CARTESIAN_POINT('',(0.464006028445769,-0.00255436762616346,0.3053999999752));
#6022=CARTESIAN_POINT('',(0.464179233512208,-0.0027387966579861,0.3053));
#6023=CARTESIAN_POINT('',(0.46406376345837,-0.0027387966579861,0.3053));
#6024=CARTESIAN_POINT('',(0.464006028431451,-0.0027387966579861,0.3054));
#6025=CARTESIAN_POINT('',(0.464179233512208,-0.00273879665798609,0.3055));
#6026=CARTESIAN_POINT('',(0.464537563362792,0.,0.3055));
#6027=CARTESIAN_POINT('',(0.464537563362792,-0.00303601713883342,0.3055));
#6028=CARTESIAN_POINT('',(0.464179233512208,0.,0.3055));
#6029=CARTESIAN_POINT('',(0.464179233512208,-0.00303601713883342,0.3055));
#6030=CARTESIAN_POINT('',(0.22325,-0.00303601713883342,0.3055));
#6031=CARTESIAN_POINT('',(0.466090494791667,0.000231275385361209,0.3053));
#6032=CARTESIAN_POINT('',(0.466090494791667,0.000346745439199156,0.3053));
#6033=CARTESIAN_POINT('',(0.466090494791667,0.000404480466118104,0.3054));
#6034=CARTESIAN_POINT('',(0.466010298193897,0.000231275637641019,0.3053));
#6035=CARTESIAN_POINT('',(0.465989234058139,0.000346745920285496,0.305300000000008));
#6036=CARTESIAN_POINT('',(0.465978701990234,0.000404480614990503,0.305400000257855));
#6037=CARTESIAN_POINT('',(0.465930289269132,0.000203203783691072,0.3053));
#6038=CARTESIAN_POINT('',(0.465865695948551,0.000303436455278165,0.305300000005605));
#6039=CARTESIAN_POINT('',(0.465833399815039,0.000353552292204003,0.305400000424296));
#6040=CARTESIAN_POINT('',(0.465875659627777,0.000144105785001487,0.3053));
#6041=CARTESIAN_POINT('',(0.465790867711855,0.000222487315527388,0.3053));
#6042=CARTESIAN_POINT('',(0.465748471753894,0.000261678080790272,0.3054));
#6043=CARTESIAN_POINT('',(0.465875659627777,0.00014410578500148,0.3055));
#6044=CARTESIAN_POINT('',(0.466090494791667,0.000231275385361218,0.3055));
#6045=CARTESIAN_POINT('',(0.466301412238806,0.000145736986740448,0.3053));
#6046=CARTESIAN_POINT('',(0.466386384351727,0.00022392313231019,0.3053));
#6047=CARTESIAN_POINT('',(0.466428870408188,0.000263016205094991,0.3054));
#6048=CARTESIAN_POINT('',(0.466247971659842,0.000203816194091882,0.3053));
#6049=CARTESIAN_POINT('',(0.466312660716515,0.000304046437311752,0.305300000006789));
#6050=CARTESIAN_POINT('',(0.466345004739607,0.000354161108339129,0.305400000384182));
#6051=CARTESIAN_POINT('',(0.466169332718349,0.000231275676889734,0.3053));
#6052=CARTESIAN_POINT('',(0.466190271775565,0.00034674597520538,0.305300000199941));
#6053=CARTESIAN_POINT('',(0.466200740846322,0.000404480630479982,0.305400000284683));
#6054=CARTESIAN_POINT('',(0.466090494791667,0.000231275385361209,0.3053));
#6055=CARTESIAN_POINT('',(0.466090494791667,0.000346745439199156,0.3053));
#6056=CARTESIAN_POINT('',(0.466090494791667,0.000404480466118104,0.3054));
#6057=CARTESIAN_POINT('',(0.466301412238806,0.000145736986740497,0.3055));
#6058=CARTESIAN_POINT('',(0.465875659627777,0.000144105785001481,0.3053));
#6059=CARTESIAN_POINT('',(0.465790867711855,0.000222487315527384,0.3053));
#6060=CARTESIAN_POINT('',(0.465748471753894,0.000261678080790268,0.3054));
#6061=CARTESIAN_POINT('',(0.465816180709588,7.97625980855716E-5,0.3053));
#6062=CARTESIAN_POINT('',(0.465710835924371,0.000135910669846527,0.305300000007978));
#6063=CARTESIAN_POINT('',(0.46565816376375,0.000163984474398518,0.305400000196737));
#6064=CARTESIAN_POINT('',(0.465790507168085,-8.02589536178873E-6,0.3053));
#6065=CARTESIAN_POINT('',(0.465675037004989,1.10407848269981E-5,0.305300000024508));
#6066=CARTESIAN_POINT('',(0.465617302194089,2.05741249328418E-5,0.305400000188603));
#6067=CARTESIAN_POINT('',(0.465790507383736,-9.5458984375002E-5,0.3053));
#6068=CARTESIAN_POINT('',(0.465675037329898,-9.54589843750012E-5,0.3053));
#6069=CARTESIAN_POINT('',(0.465617302302979,-9.54589843750008E-5,0.3054));
#6070=CARTESIAN_POINT('',(0.465790507383736,-9.54589843749996E-5,0.3055));
#6071=CARTESIAN_POINT('',(0.466384948345431,-9.54589843749996E-5,0.3053));
#6072=CARTESIAN_POINT('',(0.466500418399269,-9.54589843749996E-5,0.3053));
#6073=CARTESIAN_POINT('',(0.466558153426188,-9.54589843749996E-5,0.3054));
#6074=CARTESIAN_POINT('',(0.466384948525389,-7.89855053603281E-6,0.3053));
#6075=CARTESIAN_POINT('',(0.466500418710034,1.02085993241516E-5,0.305300000002057));
#6076=CARTESIAN_POINT('',(0.466558153519052,1.9262174255219E-5,0.305400000160846));
#6077=CARTESIAN_POINT('',(0.46636098794297,8.09908641583572E-5,0.3053));
#6078=CARTESIAN_POINT('',(0.466467646583106,0.000135609120650911,0.305300000293688));
#6079=CARTESIAN_POINT('',(0.466520974905362,0.000162917949675032,0.305400000254474));
#6080=CARTESIAN_POINT('',(0.466301412238806,0.000145736986740482,0.3053));
#6081=CARTESIAN_POINT('',(0.466386384351727,0.000223923132310214,0.3053));
#6082=CARTESIAN_POINT('',(0.466428870408188,0.000263016205095015,0.3054));
#6083=CARTESIAN_POINT('',(0.466384948345431,-9.54589843749996E-5,0.3055));
#6084=CARTESIAN_POINT('',(0.465790507383736,-9.54589843749996E-5,0.3053));
#6085=CARTESIAN_POINT('',(0.465675037329898,-9.54589843749996E-5,0.3053));
#6086=CARTESIAN_POINT('',(0.465617302302979,-9.54589843749996E-5,0.3054));
#6087=CARTESIAN_POINT('',(0.465790507194633,-0.000181830456708291,0.3053));
#6088=CARTESIAN_POINT('',(0.465675036995234,-0.00020133397398335,0.305300000002372));
#6089=CARTESIAN_POINT('',(0.465617302199763,-0.000211085732619748,0.305400000178776));
#6090=CARTESIAN_POINT('',(0.465816539791855,-0.000268060584504364,0.3053));
#6091=CARTESIAN_POINT('',(0.465711746670203,-0.00032488012936489,0.305299999997222));
#6092=CARTESIAN_POINT('',(0.465659350476703,-0.000353289566973643,0.305400000284264));
#6093=CARTESIAN_POINT('',(0.465875488917429,-0.000331611317965098,0.3053));
#6094=CARTESIAN_POINT('',(0.465790831636513,-0.000410138244055997,0.3053));
#6095=CARTESIAN_POINT('',(0.465748502996055,-0.000449401707101441,0.3054));
#6096=CARTESIAN_POINT('',(0.465875488917429,-0.000331611317965068,0.3055));
#6097=CARTESIAN_POINT('',(0.466301584240307,-0.000333240268797214,0.3053));
#6098=CARTESIAN_POINT('',(0.466386420699922,-0.000411573585166253,0.3053));
#6099=CARTESIAN_POINT('',(0.466428838929729,-0.000450740243350791,0.3054));
#6100=CARTESIAN_POINT('',(0.466360507967583,-0.000269424916851737,0.3053));
#6101=CARTESIAN_POINT('',(0.466466551070836,-0.00032479136992177,0.305299999999538));
#6102=CARTESIAN_POINT('',(0.466519572378526,-0.00035247437022042,0.305400000192545));
#6103=CARTESIAN_POINT('',(0.466384948559486,-0.000182091670882543,0.3053));
#6104=CARTESIAN_POINT('',(0.466500418788116,-0.000200626662779898,0.305300000021102));
#6105=CARTESIAN_POINT('',(0.466558153533144,-0.000209894158718618,0.305400000185254));
#6106=CARTESIAN_POINT('',(0.466384948345431,-9.54589843749994E-5,0.3053));
#6107=CARTESIAN_POINT('',(0.466500418399269,-9.54589843749995E-5,0.3053));
#6108=CARTESIAN_POINT('',(0.466558153426188,-9.54589843749995E-5,0.3054));
#6109=CARTESIAN_POINT('',(0.466301584240307,-0.000333240268797237,0.3055));
#6110=CARTESIAN_POINT('',(0.465875488917429,-0.000331611317965077,0.3053));
#6111=CARTESIAN_POINT('',(0.465790831636513,-0.000410138244055983,0.3053));
#6112=CARTESIAN_POINT('',(0.465748502996055,-0.000449401707101427,0.3054));
#6113=CARTESIAN_POINT('',(0.465930157453805,-0.000390548029071896,0.3053));
#6114=CARTESIAN_POINT('',(0.465865776170617,-0.000490934414637142,0.305299999997859));
#6115=CARTESIAN_POINT('',(0.465833585994349,-0.000541127180355784,0.305400000362568));
#6116=CARTESIAN_POINT('',(0.466010194115799,-0.000418504402735593,0.3053));
#6117=CARTESIAN_POINT('',(0.465989199446623,-0.000533974691665693,0.305300000181098));
#6118=CARTESIAN_POINT('',(0.465978701697309,-0.000591709357878301,0.305400000275606));
#6119=CARTESIAN_POINT('',(0.466090494791667,-0.000418504118000098,0.3053));
#6120=CARTESIAN_POINT('',(0.466090494791667,-0.000533974171838044,0.3053));
#6121=CARTESIAN_POINT('',(0.466090494791667,-0.000591709198756992,0.3054));
#6122=CARTESIAN_POINT('',(0.466090494791667,-0.000418504118000098,0.3055));
#6123=CARTESIAN_POINT('',(0.466090494791667,-0.000418504118000098,0.3053));
#6124=CARTESIAN_POINT('',(0.466090494791667,-0.000533974171838044,0.3053));
#6125=CARTESIAN_POINT('',(0.466090494791667,-0.000591709198756992,0.3054));
#6126=CARTESIAN_POINT('',(0.466169240145157,-0.000418504374336625,0.3053));
#6127=CARTESIAN_POINT('',(0.46619005737011,-0.000533974661277459,0.3053));
#6128=CARTESIAN_POINT('',(0.466200465982581,-0.000591709350254711,0.305400000262402));
#6129=CARTESIAN_POINT('',(0.466247966115513,-0.000391310230147943,0.3053));
#6130=CARTESIAN_POINT('',(0.46631238679252,-0.000491754884319929,0.305299999997209));
#6131=CARTESIAN_POINT('',(0.46634459657016,-0.000541976687626475,0.305400000445776));
#6132=CARTESIAN_POINT('',(0.466301584240307,-0.000333240268797259,0.3053));
#6133=CARTESIAN_POINT('',(0.466386420699922,-0.000411573585166284,0.3053));
#6134=CARTESIAN_POINT('',(0.466428838929729,-0.000450740243350821,0.3054));
#6135=CARTESIAN_POINT('',(0.463476907980847,0.,0.3055));
#6136=CARTESIAN_POINT('',(0.463650113061611,0.00185066102168038,0.305400000000012));
#6137=CARTESIAN_POINT('',(0.463609768541982,0.00181031650205155,0.305330121242197));
#6138=CARTESIAN_POINT('',(0.463543154284274,0.00174471016187368,0.3053));
#6139=CARTESIAN_POINT('',(0.463476907980847,0.00168581214269972,0.3053));
#6140=CARTESIAN_POINT('',(0.463650113061611,0.000961459204014052,0.305400000000012));
#6141=CARTESIAN_POINT('',(0.463608112140939,0.00100346012468591,0.305327252271432));
#6142=CARTESIAN_POINT('',(0.463538639841375,0.00107370308386185,0.3053));
#6143=CARTESIAN_POINT('',(0.463476907980847,0.00114234185323609,0.3053));
#6144=CARTESIAN_POINT('',(0.462996460672934,0.00129814469920138,0.3053));
#6145=CARTESIAN_POINT('',(0.462938749304771,0.00119813104354336,0.3053));
#6146=CARTESIAN_POINT('',(0.462909893620689,0.00114812421571434,0.3054));
#6147=CARTESIAN_POINT('',(0.463096452004719,0.0012404462099541,0.3053));
#6148=CARTESIAN_POINT('',(0.463047930281339,0.00113512980179067,0.305299999996063));
#6149=CARTESIAN_POINT('',(0.463023669431222,0.00108247160214899,0.305400000002947));
#6150=CARTESIAN_POINT('',(0.463308554140439,0.00115397327510462,0.3053));
#6151=CARTESIAN_POINT('',(0.463278093445937,0.00104000321898922,0.305300000001968));
#6152=CARTESIAN_POINT('',(0.463262863092896,0.000983018188711561,0.305399999998526));
#6153=CARTESIAN_POINT('',(0.463539996839706,0.00113466428477767,0.3053));
#6154=CARTESIAN_POINT('',(0.463539996839418,0.00101919423093972,0.3053));
#6155=CARTESIAN_POINT('',(0.463539996839281,0.000961459204020777,0.3054));
#6156=CARTESIAN_POINT('',(0.463654199849228,0.00113466428477767,0.3053));
#6157=CARTESIAN_POINT('',(0.463654199849228,0.00101919423093972,0.3053));
#6158=CARTESIAN_POINT('',(0.463654199849228,0.000961459204020777,0.3054));
#6159=CARTESIAN_POINT('',(0.462996460672934,0.00129814469920142,0.3055));
#6160=CARTESIAN_POINT('',(0.463129113759256,0.00200718600999093,0.3054));
#6161=CARTESIAN_POINT('',(0.463092018493401,0.00196294491388658,0.3053));
#6162=CARTESIAN_POINT('',(0.463017827961692,0.00187446272167797,0.3053));
#6163=CARTESIAN_POINT('',(0.463265631946957,0.00189271828057244,0.305400000019461));
#6164=CARTESIAN_POINT('',(0.46324160779003,0.0018375173526352,0.305299999986939));
#6165=CARTESIAN_POINT('',(0.463193559492321,0.00172711544540024,0.3053));
#6166=CARTESIAN_POINT('',(0.46342606270686,0.00185066102163638,0.305399999999935));
#6167=CARTESIAN_POINT('',(0.463426062649384,0.00179292599426503,0.305299999962163));
#6168=CARTESIAN_POINT('',(0.46342606270686,0.00167745594059598,0.3053));
#6169=CARTESIAN_POINT('',(0.463654194950666,0.00185066102167365,0.3054));
#6170=CARTESIAN_POINT('',(0.463654194950666,0.0017929259947547,0.3053));
#6171=CARTESIAN_POINT('',(0.463654194950666,0.00167745594091676,0.3053));
#6172=CARTESIAN_POINT('',(0.463017827961692,0.00187446272167797,0.3055));
#6173=CARTESIAN_POINT('',(0.462554564098902,0.00175824564169869,0.3053));
#6174=CARTESIAN_POINT('',(0.462452932085664,0.00170343444559356,0.3053));
#6175=CARTESIAN_POINT('',(0.462402116079045,0.00167602884754096,0.3054));
#6176=CARTESIAN_POINT('',(0.462657486696588,0.00156740445224302,0.3053));
#6177=CARTESIAN_POINT('',(0.46256463244295,0.00149631726512529,0.305299999974205));
#6178=CARTESIAN_POINT('',(0.462518205402225,0.00146077368663313,0.305400000018104));
#6179=CARTESIAN_POINT('',(0.462808337030843,0.00140669857910146,0.3053));
#6180=CARTESIAN_POINT('',(0.462732508249318,0.00131713928423914,0.305299999990561));
#6181=CARTESIAN_POINT('',(0.462694593892881,0.00127235965918336,0.3054000000149));
#6182=CARTESIAN_POINT('',(0.462996460672934,0.00129814469920146,0.3053));
#6183=CARTESIAN_POINT('',(0.462938749304771,0.00119813104354342,0.3053));
#6184=CARTESIAN_POINT('',(0.46290989362069,0.0011481242157144,0.3054));
#6185=CARTESIAN_POINT('',(0.462554564098902,0.00175824564169871,0.3055));
#6186=CARTESIAN_POINT('',(0.463017827961692,0.00187446272167797,0.3053));
#6187=CARTESIAN_POINT('',(0.463092018493401,0.00196294491388658,0.3053));
#6188=CARTESIAN_POINT('',(0.463129113759256,0.00200718600999093,0.3054));
#6189=CARTESIAN_POINT('',(0.462855631116408,0.00201046144044502,0.3053));
#6190=CARTESIAN_POINT('',(0.4629551289467,0.00207772400438292,0.305299999983658));
#6191=CARTESIAN_POINT('',(0.463004877893087,0.00211135527946211,0.305400000005328));
#6192=CARTESIAN_POINT('',(0.46277134148206,0.00222032029402864,0.3053));
#6193=CARTESIAN_POINT('',(0.462886811564649,0.00224555884339036,0.305299999993064));
#6194=CARTESIAN_POINT('',(0.462944546646961,0.00225817811815393,0.305399999985463));
#6195=CARTESIAN_POINT('',(0.462771341574597,0.00243166775173609,0.3053));
#6196=CARTESIAN_POINT('',(0.462886811628435,0.00243166775173609,0.3053));
#6197=CARTESIAN_POINT('',(0.462944546655354,0.00243166775173609,0.3054));
#6198=CARTESIAN_POINT('',(0.462771341574597,0.0024316677517361,0.3055));
#6199=CARTESIAN_POINT('',(0.462391798616375,0.00244642469618054,0.3053));
#6200=CARTESIAN_POINT('',(0.462276328562537,0.00244642469618054,0.3053));
#6201=CARTESIAN_POINT('',(0.462218593535618,0.00244642469618054,0.3054));
#6202=CARTESIAN_POINT('',(0.462391798590413,0.00220682766767972,0.3053));
#6203=CARTESIAN_POINT('',(0.462276328544192,0.00219180345685438,0.305300000009215));
#6204=CARTESIAN_POINT('',(0.462218593526757,0.00218429135133138,0.305400000015348));
#6205=CARTESIAN_POINT('',(0.46244042365991,0.00196988713084509,0.3053));
#6206=CARTESIAN_POINT('',(0.462328572310266,0.00193402474600014,0.30529999996986));
#6207=CARTESIAN_POINT('',(0.462272646701343,0.00191609355244261,0.305399999998354));
#6208=CARTESIAN_POINT('',(0.462554564098902,0.00175824564169869,0.3053));
#6209=CARTESIAN_POINT('',(0.462452932085664,0.00170343444559357,0.3053));
#6210=CARTESIAN_POINT('',(0.462402116079045,0.00167602884754098,0.3054));
#6211=CARTESIAN_POINT('',(0.462391798616375,0.00244642469618054,0.3055));
#6212=CARTESIAN_POINT('',(0.462771341574597,0.0024316677517361,0.3053));
#6213=CARTESIAN_POINT('',(0.462886811628435,0.0024316677517361,0.3053));
#6214=CARTESIAN_POINT('',(0.462944546655354,0.0024316677517361,0.3054));
#6215=CARTESIAN_POINT('',(0.46277134148396,0.00262339686527236,0.3053));
#6216=CARTESIAN_POINT('',(0.462886811575977,0.00260153067445464,0.305299999999939));
#6217=CARTESIAN_POINT('',(0.462944546647043,0.00259059757904641,0.305399999985605));
#6218=CARTESIAN_POINT('',(0.462835849774604,0.00281754586380045,0.3053));
#6219=CARTESIAN_POINT('',(0.462939816366725,0.00275534382217522,0.305299999999635));
#6220=CARTESIAN_POINT('',(0.462991799655677,0.00272424281030969,0.305400000006897));
#6221=CARTESIAN_POINT('',(0.462980317328085,0.00294531191296775,0.3053));
#6222=CARTESIAN_POINT('',(0.46305681398143,0.00285881569709439,0.3053));
#6223=CARTESIAN_POINT('',(0.463095062308102,0.00281556758915775,0.3054));
#6224=CARTESIAN_POINT('',(0.462980317328085,0.00294531191296768,0.3055));
#6225=CARTESIAN_POINT('',(0.462667256705623,0.00335763815467659,0.3053));
#6226=CARTESIAN_POINT('',(0.462580037947532,0.00343330995636232,0.3053));
#6227=CARTESIAN_POINT('',(0.462536428568486,0.00347114585720515,0.3054));
#6228=CARTESIAN_POINT('',(0.462452504647204,0.00311011639833282,0.3053));
#6229=CARTESIAN_POINT('',(0.462338200882251,0.00315457016657924,0.305300000019135));
#6230=CARTESIAN_POINT('',(0.462281048897883,0.0031767971011459,0.305399999955253));
#6231=CARTESIAN_POINT('',(0.46239179856896,0.00277187746165521,0.3053));
#6232=CARTESIAN_POINT('',(0.462276328531026,0.00278658757710328,0.305300000014864));
#6233=CARTESIAN_POINT('',(0.462218593521305,0.00279394263464869,0.305400000024792));
#6234=CARTESIAN_POINT('',(0.462391798616375,0.00244642469618054,0.3053));
#6235=CARTESIAN_POINT('',(0.462276328562537,0.00244642469618054,0.3053));
#6236=CARTESIAN_POINT('',(0.462218593535618,0.00244642469618054,0.3054));
#6237=CARTESIAN_POINT('',(0.462667256705623,0.00335763815467657,0.3055));
#6238=CARTESIAN_POINT('',(0.462980317328085,0.00294531191296769,0.3053));
#6239=CARTESIAN_POINT('',(0.46305681398143,0.00285881569709435,0.3053));
#6240=CARTESIAN_POINT('',(0.463095062308102,0.00281556758915771,0.3054));
#6241=CARTESIAN_POINT('',(0.463126124751044,0.00307426289220463,0.3053));
#6242=CARTESIAN_POINT('',(0.463176105096509,0.00296431585796746,0.305299999995602));
#6243=CARTESIAN_POINT('',(0.463201095252259,0.00290934237138161,0.305400000023483));
#6244=CARTESIAN_POINT('',(0.46332347942637,0.00312316263576432,0.3053));
#6245=CARTESIAN_POINT('',(0.46334122878743,0.00300769255699385,0.305300000002087));
#6246=CARTESIAN_POINT('',(0.463350103463151,0.00294995748032888,0.305399999978489));
#6247=CARTESIAN_POINT('',(0.463517252604167,0.00312316254866655,0.3053));
#6248=CARTESIAN_POINT('',(0.463517252604167,0.0030076924948286,0.3053));
#6249=CARTESIAN_POINT('',(0.463517252604167,0.00294995746790966,0.3054));
#6250=CARTESIAN_POINT('',(0.463517252604167,0.00312316254866655,0.3055));
#6251=CARTESIAN_POINT('',(0.463436089409722,0.00366595420480564,0.3053));
#6252=CARTESIAN_POINT('',(0.463436089409722,0.00378142425864358,0.3053));
#6253=CARTESIAN_POINT('',(0.463436089409722,0.00383915928556253,0.3054));
#6254=CARTESIAN_POINT('',(0.463149659734743,0.00366595427072416,0.3053));
#6255=CARTESIAN_POINT('',(0.463129650651746,0.00378142434061665,0.305299999999982));
#6256=CARTESIAN_POINT('',(0.463119646110394,0.00383915930806273,0.305400000038972));
#6257=CARTESIAN_POINT('',(0.462856142846028,0.0035753470206318,0.3053));
#6258=CARTESIAN_POINT('',(0.462793022330912,0.00367879428626135,0.305300000024747));
#6259=CARTESIAN_POINT('',(0.462761462082223,0.00373051786209965,0.305400000049802));
#6260=CARTESIAN_POINT('',(0.462667256705623,0.00335763815467657,0.3053));
#6261=CARTESIAN_POINT('',(0.462580037947532,0.0034333099563623,0.3053));
#6262=CARTESIAN_POINT('',(0.462536428568486,0.00347114585720513,0.3054));
#6263=CARTESIAN_POINT('',(0.463436089409722,0.00366595420480564,0.3055));
#6264=CARTESIAN_POINT('',(0.463517252604167,0.00312316254866655,0.3053));
#6265=CARTESIAN_POINT('',(0.463517252604167,0.0030076924948286,0.3053));
#6266=CARTESIAN_POINT('',(0.463517252604167,0.00294995746790966,0.3054));
#6267=CARTESIAN_POINT('',(0.463697240696063,0.00312316245189227,0.3053));
#6268=CARTESIAN_POINT('',(0.463670094542022,0.00300769242611208,0.305299999999948));
#6269=CARTESIAN_POINT('',(0.463656521465064,0.00294995745423788,0.30540000002368));
#6270=CARTESIAN_POINT('',(0.463868733349086,0.00305970041947286,0.3053));
#6271=CARTESIAN_POINT('',(0.463822034392113,0.00295319427421061,0.305299999998937));
#6272=CARTESIAN_POINT('',(0.463798684903323,0.00289994117997264,0.305399999985509));
#6273=CARTESIAN_POINT('',(0.464023204232713,0.00296870637464762,0.3053));
#6274=CARTESIAN_POINT('',(0.46396459699199,0.00286921504503477,0.3053));
#6275=CARTESIAN_POINT('',(0.463935293371628,0.00281946938022836,0.3054));
#6276=CARTESIAN_POINT('',(0.464023204232713,0.00296870637464761,0.3055));
#6277=CARTESIAN_POINT('',(0.464005161406085,0.00352000705696169,0.3053));
#6278=CARTESIAN_POINT('',(0.464056801184034,0.00362328661286059,0.3053));
#6279=CARTESIAN_POINT('',(0.464082621073009,0.00367492639081004,0.3054));
#6280=CARTESIAN_POINT('',(0.463827736749325,0.00360871942282126,0.3053));
#6281=CARTESIAN_POINT('',(0.463867480616891,0.00371794693718666,0.30529999999267));
#6282=CARTESIAN_POINT('',(0.463887352552144,0.00377256066397139,0.30540000001972));
#6283=CARTESIAN_POINT('',(0.463635071721826,0.0036659541754556,0.3053));
#6284=CARTESIAN_POINT('',(0.463656792794165,0.00378142422301453,0.305300000000006));
#6285=CARTESIAN_POINT('',(0.463667653330358,0.00383915927587042,0.305399999983213));
#6286=CARTESIAN_POINT('',(0.463436089409722,0.00366595420480564,0.3053));
#6287=CARTESIAN_POINT('',(0.463436089409722,0.00378142425864358,0.3053));
#6288=CARTESIAN_POINT('',(0.463436089409722,0.00383915928556253,0.3054));
#6289=CARTESIAN_POINT('',(0.464005161406085,0.00352000705696169,0.3055));
#6290=CARTESIAN_POINT('',(0.464023204232713,0.00296870637464762,0.3053));
#6291=CARTESIAN_POINT('',(0.46396459699199,0.00286921504503477,0.3053));
#6292=CARTESIAN_POINT('',(0.463935293371628,0.00281946938022836,0.3054));
#6293=CARTESIAN_POINT('',(0.464229159334503,0.00284738450072416,0.3053));
#6294=CARTESIAN_POINT('',(0.464157155283836,0.00275578484219741,0.305300000001724));
#6295=CARTESIAN_POINT('',(0.464121153288806,0.00270998507096461,0.305400000038903));
#6296=CARTESIAN_POINT('',(0.464409527081319,0.0026937228835246,0.3053));
#6297=CARTESIAN_POINT('',(0.464331559404501,0.00260855026937017,0.305300000002115));
#6298=CARTESIAN_POINT('',(0.464292575561275,0.00256596396228291,0.305400000000006));
#6299=CARTESIAN_POINT('',(0.464584641573754,0.00253342170164206,0.3053));
#6300=CARTESIAN_POINT('',(0.46450667389372,0.00244824908747904,0.3053));
#6301=CARTESIAN_POINT('',(0.464467690053703,0.00240566278039752,0.3054));
#6302=CARTESIAN_POINT('',(0.464463774466607,0.0024092471366528,0.3054));
#6303=CARTESIAN_POINT('',(0.46448771581387,0.0024350820985704,0.305338993771652));
#6304=CARTESIAN_POINT('',(0.464534208216375,0.0024852500173215,0.305299999999994));
#6305=CARTESIAN_POINT('',(0.464581508312469,0.002536289913656,0.3053));
#6306=CARTESIAN_POINT('',(0.464082621073009,0.00367492639081003,0.3054));
#6307=CARTESIAN_POINT('',(0.464056801184034,0.00362328661286059,0.3053));
#6308=CARTESIAN_POINT('',(0.464005161406085,0.00352000705696168,0.3053));
#6309=CARTESIAN_POINT('',(0.464385342077706,0.00352356581202195,0.30539999988158));
#6310=CARTESIAN_POINT('',(0.464349039541857,0.00347716714973188,0.305299999995694));
#6311=CARTESIAN_POINT('',(0.464276434673261,0.00338437019218996,0.3053));
#6312=CARTESIAN_POINT('',(0.464622346737998,0.00331664652678604,0.305400000000004));
#6313=CARTESIAN_POINT('',(0.464583396053467,0.00327402989392928,0.305300000000926));
#6314=CARTESIAN_POINT('',(0.464505494680147,0.00318879662818525,0.3053));
#6315=CARTESIAN_POINT('',(0.464844551755225,0.00311355591963973,0.3054));
#6316=CARTESIAN_POINT('',(0.46480560106927,0.00307093928677182,0.3053));
#6317=CARTESIAN_POINT('',(0.464727699697361,0.00298570602103598,0.3053));
#6318=CARTESIAN_POINT('',(0.464840575919926,0.00311718974760125,0.3054));
#6319=CARTESIAN_POINT('',(0.464816575997245,0.00309140345916033,0.305338987852835));
#6320=CARTESIAN_POINT('',(0.46476994961566,0.00304130537802153,0.305299999999967));
#6321=CARTESIAN_POINT('',(0.46472257221348,0.00299039225524892,0.3053));
#6322=CARTESIAN_POINT('',(0.337491297196113,0.121769426155366,0.3055));
#6323=CARTESIAN_POINT('',(0.465987018743083,0.00121767209727767,0.3055));
#6324=CARTESIAN_POINT('',(0.339006842513607,0.122138022420063,0.3055));
#6325=CARTESIAN_POINT('',(0.465974969189292,0.00180342756886362,0.3055));
#6326=CARTESIAN_POINT('',(0.22325,0.00121767209727767,0.3055));
#6327=CARTESIAN_POINT('',(0.466353589838486,0.00121767209727767,0.3055));
#6328=CARTESIAN_POINT('',(0.465974969189292,0.,0.3055));
#6329=CARTESIAN_POINT('',(0.465974969189292,0.00380153363188896,0.3055));
#6330=CARTESIAN_POINT('',(0.466353589838486,0.,0.3055));
#6331=CARTESIAN_POINT('',(0.466353589838486,0.00380153363188896,0.3055));
#6332=CARTESIAN_POINT('',(0.22325,0.00380153363188896,0.3055));
#6333=MECHANICAL_DESIGN_GEOMETRIC_PRESENTATION_REPRESENTATION('',(#2876),
#6334);
#6334=(
GEOMETRIC_REPRESENTATION_CONTEXT(3)
GLOBAL_UNCERTAINTY_ASSIGNED_CONTEXT((#6335))
GLOBAL_UNIT_ASSIGNED_CONTEXT((#6338,#6337,#6336))
REPRESENTATION_CONTEXT('BLOCKS_spacer_3.2','TOP_LEVEL_ASSEMBLY_PART')
);
#6335=UNCERTAINTY_MEASURE_WITH_UNIT(LENGTH_MEASURE(2.E-5),#6338,
'DISTANCE_ACCURACY_VALUE','Maximum Tolerance applied to model');
#6336=(
NAMED_UNIT(*)
SI_UNIT($,.STERADIAN.)
SOLID_ANGLE_UNIT()
);
#6337=(
NAMED_UNIT(*)
PLANE_ANGLE_UNIT()
SI_UNIT($,.RADIAN.)
);
#6338=(
LENGTH_UNIT()
NAMED_UNIT(*)
SI_UNIT($,.METRE.)
);
#6339=PRODUCT_DEFINITION_SHAPE('','',#6340);
#6340=PRODUCT_DEFINITION('','',#6342,#6341);
#6341=PRODUCT_DEFINITION_CONTEXT('',#6348,'design');
#6342=PRODUCT_DEFINITION_FORMATION_WITH_SPECIFIED_SOURCE('','',#6344,
 .NOT_KNOWN.);
#6343=PRODUCT_RELATED_PRODUCT_CATEGORY('','',(#6344));
#6344=PRODUCT('BLOCKS_spacer_3.2','BLOCKS_spacer_3.2',
'BLOCKS_spacer_3.2',(#6346));
#6345=PRODUCT_CATEGORY('','');
#6346=PRODUCT_CONTEXT('',#6348,'mechanical');
#6347=APPLICATION_PROTOCOL_DEFINITION('international standard',
'ap242_managed_model_based_3d_engineering',2020,#6348);
#6348=APPLICATION_CONTEXT('managed model based 3d engineering');
ENDSEC;
END-ISO-10303-21;
