ISO-10303-21;
HEADER;
/* Generated by software containing ST-Developer
 * from STEP Tools, Inc. (www.steptools.com) 
 */
/* OPTION: using custom renumber hook */

FILE_DESCRIPTION(
/* description */ ('STEP AP242 Edition 2',
'CAx-IF Rec.Pracs.---Representation and Presentation of Product Manufa
cturing Information (PMI)---4.0---2014-10-13',
'CAx-IF Rec.Pracs.---3D Tessellated Geometry---0.4---2014-09-14','2;1',
'CAx-IF Rec.Pracs.---User Defined Attributes---1.5---2016-08-15'),
/* implementation_level */ '2;1');

FILE_NAME(
/* name */ 'blocks - BLOCKS_lens_clamp',
/* time_stamp */ '2026-05-09T16:42:18Z',
/* author */ (''),
/* organization */ (''),
/* preprocessor_version */ 'ST-DEVELOPER v20',
/* originating_system */ 'ONSHAPE BY PTC INC, 1.214',
/* authorisation */ '  ');

FILE_SCHEMA (('AP242_MANAGED_MODEL_BASED_3D_ENGINEERING_MIM_LF { 1 0 10303 442 3 1 4 }'));
ENDSEC;

DATA;
#10=SHAPE_REPRESENTATION_RELATIONSHIP('','',#1100,#11);
#11=ADVANCED_BREP_SHAPE_REPRESENTATION('',(#1098),#2061);
#12=SPHERICAL_SURFACE('',#1157,0.0005);
#13=SPHERICAL_SURFACE('',#1159,0.0005);
#14=SPHERICAL_SURFACE('',#1161,0.0005);
#15=SPHERICAL_SURFACE('',#1163,0.0005);
#16=SPHERICAL_SURFACE('',#1179,0.0005);
#17=SPHERICAL_SURFACE('',#1181,0.0005);
#18=SPHERICAL_SURFACE('',#1183,0.0005);
#19=SPHERICAL_SURFACE('',#1185,0.0005);
#20=SPHERICAL_SURFACE('',#1217,0.0005);
#21=SPHERICAL_SURFACE('',#1219,0.0005);
#22=SPHERICAL_SURFACE('',#1221,0.0005);
#23=SPHERICAL_SURFACE('',#1223,0.0005);
#24=SPHERICAL_SURFACE('',#1239,0.0005);
#25=SPHERICAL_SURFACE('',#1241,0.0005);
#26=SPHERICAL_SURFACE('',#1243,0.0005);
#27=SPHERICAL_SURFACE('',#1245,0.0005);
#28=TOROIDAL_SURFACE('',#1141,0.001,0.0005);
#29=TOROIDAL_SURFACE('',#1167,0.0135,0.0005);
#30=TOROIDAL_SURFACE('',#1200,0.001,0.0005);
#31=TOROIDAL_SURFACE('',#1202,0.001,0.0005);
#32=TOROIDAL_SURFACE('',#1225,0.0135,0.0005);
#33=TOROIDAL_SURFACE('',#1254,0.001,0.0005);
#34=TOROIDAL_SURFACE('',#1257,0.002125,0.0005);
#35=(
BOUNDED_SURFACE()
B_SPLINE_SURFACE(3,2,((#1833,#1834,#1835),(#1836,#1837,#1838),(#1839,#1840,
#1841),(#1842,#1843,#1844)),.UNSPECIFIED.,.F.,.F.,.F.)
B_SPLINE_SURFACE_WITH_KNOTS((4,4),(3,3),(0.000978126858205359,0.00196898949045772),
(0.,1.),.PIECEWISE_BEZIER_KNOTS.)
GEOMETRIC_REPRESENTATION_ITEM()
RATIONAL_B_SPLINE_SURFACE(((1.,0.597835602325095,1.),(1.,0.597835607581575,
1.),(1.,0.612767541431763,1.),(1.,0.641681712839464,1.)))
REPRESENTATION_ITEM('')
SURFACE()
);
#36=(
BOUNDED_SURFACE()
B_SPLINE_SURFACE(3,2,((#1850,#1851,#1852),(#1853,#1854,#1855),(#1856,#1857,
#1858),(#1859,#1860,#1861)),.UNSPECIFIED.,.F.,.F.,.F.)
B_SPLINE_SURFACE_WITH_KNOTS((4,4),(3,3),(1.16331700643955,1.24699740220086),
(0.,1.),.PIECEWISE_BEZIER_KNOTS.)
GEOMETRIC_REPRESENTATION_ITEM()
RATIONAL_B_SPLINE_SURFACE(((1.,0.624569598476073,1.),(1.,0.630255779375128,
1.),(1.,0.635966862687116,1.),(1.,0.641681712839466,1.)))
REPRESENTATION_ITEM('')
SURFACE()
);
#37=(
BOUNDED_SURFACE()
B_SPLINE_SURFACE(3,2,((#1905,#1906,#1907),(#1908,#1909,#1910),(#1911,#1912,
#1913),(#1914,#1915,#1916)),.UNSPECIFIED.,.F.,.F.,.F.)
B_SPLINE_SURFACE_WITH_KNOTS((4,4),(3,3),(1.89459525138893,1.97827564715025),
(0.,1.),.PIECEWISE_BEZIER_KNOTS.)
GEOMETRIC_REPRESENTATION_ITEM()
RATIONAL_B_SPLINE_SURFACE(((1.,0.641681712839466,1.),(1.,0.635966862693347,
1.),(1.,0.630255779379949,1.),(1.,0.624569598476066,1.)))
REPRESENTATION_ITEM('')
SURFACE()
);
#38=(
BOUNDED_SURFACE()
B_SPLINE_SURFACE(3,2,((#1936,#1937,#1938),(#1939,#1940,#1941),(#1942,#1943,
#1944),(#1945,#1946,#1947)),.UNSPECIFIED.,.F.,.F.,.F.)
B_SPLINE_SURFACE_WITH_KNOTS((4,4),(3,3),(0.00150039229834467,0.00249076245433851),
(0.,1.),.PIECEWISE_BEZIER_KNOTS.)
GEOMETRIC_REPRESENTATION_ITEM()
RATIONAL_B_SPLINE_SURFACE(((1.,0.641681712839463,1.),(1.,0.612688632703284,
1.),(1.,0.597835607065571,1.),(1.,0.597835602325094,1.)))
REPRESENTATION_ITEM('')
SURFACE()
);
#39=(
BOUNDED_SURFACE()
B_SPLINE_SURFACE(3,2,((#1949,#1950,#1951),(#1952,#1953,#1954),(#1955,#1956,
#1957),(#1958,#1959,#1960)),.UNSPECIFIED.,.F.,.F.,.F.)
B_SPLINE_SURFACE_WITH_KNOTS((4,4),(3,3),(0.00150039229834463,0.00249076245433856),
(0.,1.),.PIECEWISE_BEZIER_KNOTS.)
GEOMETRIC_REPRESENTATION_ITEM()
RATIONAL_B_SPLINE_SURFACE(((1.,0.641681712839469,1.),(1.,0.612688632699733,
1.),(1.,0.597835607066833,1.),(1.,0.597835602325094,1.)))
REPRESENTATION_ITEM('')
SURFACE()
);
#40=(
BOUNDED_SURFACE()
B_SPLINE_SURFACE(3,2,((#1968,#1969,#1970),(#1971,#1972,#1973),(#1974,#1975,
#1976),(#1977,#1978,#1979)),.UNSPECIFIED.,.F.,.F.,.F.)
B_SPLINE_SURFACE_WITH_KNOTS((4,4),(3,3),(5.03618790497872,5.11986830074004),
(0.,1.),.PIECEWISE_BEZIER_KNOTS.)
GEOMETRIC_REPRESENTATION_ITEM()
RATIONAL_B_SPLINE_SURFACE(((1.,0.641681712839466,1.),(1.,0.635966862688698,
1.),(1.,0.630255779378567,1.),(1.,0.624569598476061,1.)))
REPRESENTATION_ITEM('')
SURFACE()
);
#41=(
BOUNDED_SURFACE()
B_SPLINE_SURFACE(3,2,((#2023,#2024,#2025),(#2026,#2027,#2028),(#2029,#2030,
#2031),(#2032,#2033,#2034)),.UNSPECIFIED.,.F.,.F.,.F.)
B_SPLINE_SURFACE_WITH_KNOTS((4,4),(3,3),(4.30490966002934,4.38859005579066),
(0.,1.),.PIECEWISE_BEZIER_KNOTS.)
GEOMETRIC_REPRESENTATION_ITEM()
RATIONAL_B_SPLINE_SURFACE(((1.,0.624569598476073,1.),(1.,0.630255779375197,
1.),(1.,0.635966862696787,1.),(1.,0.641681712839468,1.)))
REPRESENTATION_ITEM('')
SURFACE()
);
#42=(
BOUNDED_SURFACE()
B_SPLINE_SURFACE(3,2,((#2040,#2041,#2042),(#2043,#2044,#2045),(#2046,#2047,
#2048),(#2049,#2050,#2051)),.UNSPECIFIED.,.F.,.F.,.F.)
B_SPLINE_SURFACE_WITH_KNOTS((4,4),(3,3),(0.000978126858205359,0.00196898949045772),
(0.,1.),.PIECEWISE_BEZIER_KNOTS.)
GEOMETRIC_REPRESENTATION_ITEM()
RATIONAL_B_SPLINE_SURFACE(((1.,0.597835602325095,1.),(1.,0.597835607581575,
1.),(1.,0.612767541434059,1.),(1.,0.641681712839459,1.)))
REPRESENTATION_ITEM('')
SURFACE()
);
#43=ELLIPSE('',#1110,0.0158113883008419,0.013);
#44=ELLIPSE('',#1111,0.0158113883008419,0.013);
#45=ELLIPSE('',#1113,0.0158113883008419,0.013);
#46=ELLIPSE('',#1114,0.0158113883008419,0.013);
#47=ELLIPSE('',#1119,0.0162249807395879,0.0135);
#48=ELLIPSE('',#1121,0.0162249807395879,0.0135);
#49=ELLIPSE('',#1127,0.0162249807395879,0.0135);
#50=ELLIPSE('',#1132,0.0162249807395879,0.0135);
#51=B_SPLINE_CURVE_WITH_KNOTS('',3,(#1674,#1675,#1676,#1677),
 .UNSPECIFIED.,.F.,.F.,(4,4),(0.,0.000994300753499756),.UNSPECIFIED.);
#52=B_SPLINE_CURVE_WITH_KNOTS('',3,(#1685,#1686,#1687,#1688),
 .UNSPECIFIED.,.F.,.F.,(4,4),(0.,0.000982490520743357),.UNSPECIFIED.);
#53=B_SPLINE_CURVE_WITH_KNOTS('',3,(#1696,#1697,#1698,#1699),
 .UNSPECIFIED.,.F.,.F.,(4,4),(0.,0.000994300753499753),.UNSPECIFIED.);
#54=B_SPLINE_CURVE_WITH_KNOTS('',3,(#1707,#1708,#1709,#1710),
 .UNSPECIFIED.,.F.,.F.,(4,4),(0.,0.000982490520743411),.UNSPECIFIED.);
#55=B_SPLINE_CURVE_WITH_KNOTS('',3,(#1828,#1829,#1830,#1831),
 .UNSPECIFIED.,.F.,.F.,(4,4),(0.,0.000513834318263198),.UNSPECIFIED.);
#56=B_SPLINE_CURVE_WITH_KNOTS('',3,(#1922,#1923,#1924,#1925),
 .UNSPECIFIED.,.F.,.F.,(4,4),(0.,0.000514560837889128),.UNSPECIFIED.);
#57=B_SPLINE_CURVE_WITH_KNOTS('',3,(#1931,#1932,#1933,#1934),
 .UNSPECIFIED.,.F.,.F.,(4,4),(0.,0.000514560837889113),.UNSPECIFIED.);
#58=B_SPLINE_CURVE_WITH_KNOTS('',3,(#2052,#2053,#2054,#2055),
 .UNSPECIFIED.,.F.,.F.,(4,4),(0.,0.000513834318263202),.UNSPECIFIED.);
#59=CYLINDRICAL_SURFACE('',#1108,0.013);
#60=CYLINDRICAL_SURFACE('',#1133,0.001625);
#61=CYLINDRICAL_SURFACE('',#1137,0.0005);
#62=CYLINDRICAL_SURFACE('',#1145,0.0005);
#63=CYLINDRICAL_SURFACE('',#1147,0.0005);
#64=CYLINDRICAL_SURFACE('',#1150,0.0005);
#65=CYLINDRICAL_SURFACE('',#1152,0.0005);
#66=CYLINDRICAL_SURFACE('',#1154,0.0005);
#67=CYLINDRICAL_SURFACE('',#1165,0.0005);
#68=CYLINDRICAL_SURFACE('',#1169,0.0005);
#69=CYLINDRICAL_SURFACE('',#1172,0.0005);
#70=CYLINDRICAL_SURFACE('',#1174,0.0005);
#71=CYLINDRICAL_SURFACE('',#1176,0.0005);
#72=CYLINDRICAL_SURFACE('',#1188,0.0005);
#73=CYLINDRICAL_SURFACE('',#1190,0.0005);
#74=CYLINDRICAL_SURFACE('',#1192,0.0005);
#75=CYLINDRICAL_SURFACE('',#1194,0.0005);
#76=CYLINDRICAL_SURFACE('',#1196,0.0005);
#77=CYLINDRICAL_SURFACE('',#1204,0.0005);
#78=CYLINDRICAL_SURFACE('',#1207,0.0005);
#79=CYLINDRICAL_SURFACE('',#1210,0.0005);
#80=CYLINDRICAL_SURFACE('',#1212,0.0005);
#81=CYLINDRICAL_SURFACE('',#1214,0.0005);
#82=CYLINDRICAL_SURFACE('',#1227,0.0005);
#83=CYLINDRICAL_SURFACE('',#1229,0.0005);
#84=CYLINDRICAL_SURFACE('',#1232,0.0005);
#85=CYLINDRICAL_SURFACE('',#1234,0.0005);
#86=CYLINDRICAL_SURFACE('',#1236,0.0005);
#87=CYLINDRICAL_SURFACE('',#1247,0.0005);
#88=CYLINDRICAL_SURFACE('',#1250,0.0005);
#89=CYLINDRICAL_SURFACE('',#1252,0.0005);
#90=CYLINDRICAL_SURFACE('',#1256,0.0005);
#91=LINE('',#1639,#151);
#92=LINE('',#1641,#152);
#93=LINE('',#1643,#153);
#94=LINE('',#1647,#154);
#95=LINE('',#1649,#155);
#96=LINE('',#1651,#156);
#97=LINE('',#1655,#157);
#98=LINE('',#1657,#158);
#99=LINE('',#1659,#159);
#100=LINE('',#1663,#160);
#101=LINE('',#1665,#161);
#102=LINE('',#1667,#162);
#103=LINE('',#1672,#163);
#104=LINE('',#1681,#164);
#105=LINE('',#1690,#165);
#106=LINE('',#1694,#166);
#107=LINE('',#1703,#167);
#108=LINE('',#1712,#168);
#109=LINE('',#1714,#169);
#110=LINE('',#1717,#170);
#111=LINE('',#1719,#171);
#112=LINE('',#1721,#172);
#113=LINE('',#1723,#173);
#114=LINE('',#1726,#174);
#115=LINE('',#1728,#175);
#116=LINE('',#1732,#176);
#117=LINE('',#1735,#177);
#118=LINE('',#1737,#178);
#119=LINE('',#1741,#179);
#120=LINE('',#1744,#180);
#121=LINE('',#1746,#181);
#122=LINE('',#1750,#182);
#123=LINE('',#1753,#183);
#124=LINE('',#1755,#184);
#125=LINE('',#1759,#185);
#126=LINE('',#1762,#186);
#127=LINE('',#1764,#187);
#128=LINE('',#1766,#188);
#129=LINE('',#1768,#189);
#130=LINE('',#1771,#190);
#131=LINE('',#1773,#191);
#132=LINE('',#1775,#192);
#133=LINE('',#1777,#193);
#134=LINE('',#1780,#194);
#135=LINE('',#1782,#195);
#136=LINE('',#1786,#196);
#137=LINE('',#1789,#197);
#138=LINE('',#1791,#198);
#139=LINE('',#1793,#199);
#140=LINE('',#1795,#200);
#141=LINE('',#1798,#201);
#142=LINE('',#1800,#202);
#143=LINE('',#1802,#203);
#144=LINE('',#1804,#204);
#145=LINE('',#1807,#205);
#146=LINE('',#1809,#206);
#147=LINE('',#1811,#207);
#148=LINE('',#1813,#208);
#149=LINE('',#1816,#209);
#150=LINE('',#1818,#210);
#151=VECTOR('',#1266,1.);
#152=VECTOR('',#1267,1.);
#153=VECTOR('',#1268,1.);
#154=VECTOR('',#1271,1.);
#155=VECTOR('',#1272,1.);
#156=VECTOR('',#1273,1.);
#157=VECTOR('',#1276,1.);
#158=VECTOR('',#1277,1.);
#159=VECTOR('',#1278,1.);
#160=VECTOR('',#1281,1.);
#161=VECTOR('',#1282,1.);
#162=VECTOR('',#1283,1.);
#163=VECTOR('',#1288,1.);
#164=VECTOR('',#1291,1.);
#165=VECTOR('',#1294,1.);
#166=VECTOR('',#1297,1.);
#167=VECTOR('',#1300,1.);
#168=VECTOR('',#1303,1.);
#169=VECTOR('',#1306,1.);
#170=VECTOR('',#1307,1.);
#171=VECTOR('',#1308,1.);
#172=VECTOR('',#1309,1.);
#173=VECTOR('',#1312,1.);
#174=VECTOR('',#1313,1.);
#175=VECTOR('',#1314,1.);
#176=VECTOR('',#1319,1.);
#177=VECTOR('',#1320,1.);
#178=VECTOR('',#1321,1.);
#179=VECTOR('',#1326,1.);
#180=VECTOR('',#1327,1.);
#181=VECTOR('',#1328,1.);
#182=VECTOR('',#1333,1.);
#183=VECTOR('',#1334,1.);
#184=VECTOR('',#1335,1.);
#185=VECTOR('',#1340,1.);
#186=VECTOR('',#1341,1.);
#187=VECTOR('',#1342,1.);
#188=VECTOR('',#1343,1.);
#189=VECTOR('',#1346,1.);
#190=VECTOR('',#1347,1.);
#191=VECTOR('',#1348,1.);
#192=VECTOR('',#1349,1.);
#193=VECTOR('',#1352,1.);
#194=VECTOR('',#1353,1.);
#195=VECTOR('',#1354,1.);
#196=VECTOR('',#1359,1.);
#197=VECTOR('',#1360,1.);
#198=VECTOR('',#1361,1.);
#199=VECTOR('',#1362,1.);
#200=VECTOR('',#1365,1.);
#201=VECTOR('',#1366,1.);
#202=VECTOR('',#1367,1.);
#203=VECTOR('',#1368,1.);
#204=VECTOR('',#1371,1.);
#205=VECTOR('',#1372,1.);
#206=VECTOR('',#1373,1.);
#207=VECTOR('',#1374,1.);
#208=VECTOR('',#1377,1.);
#209=VECTOR('',#1378,1.);
#210=VECTOR('',#1379,1.);
#211=ORIENTED_EDGE('',*,*,#521,.T.);
#212=ORIENTED_EDGE('',*,*,#522,.F.);
#213=ORIENTED_EDGE('',*,*,#523,.T.);
#214=ORIENTED_EDGE('',*,*,#524,.T.);
#215=ORIENTED_EDGE('',*,*,#525,.T.);
#216=ORIENTED_EDGE('',*,*,#526,.F.);
#217=ORIENTED_EDGE('',*,*,#527,.T.);
#218=ORIENTED_EDGE('',*,*,#528,.T.);
#219=ORIENTED_EDGE('',*,*,#529,.T.);
#220=ORIENTED_EDGE('',*,*,#530,.F.);
#221=ORIENTED_EDGE('',*,*,#531,.T.);
#222=ORIENTED_EDGE('',*,*,#532,.T.);
#223=ORIENTED_EDGE('',*,*,#533,.T.);
#224=ORIENTED_EDGE('',*,*,#534,.F.);
#225=ORIENTED_EDGE('',*,*,#535,.T.);
#226=ORIENTED_EDGE('',*,*,#536,.T.);
#227=ORIENTED_EDGE('',*,*,#537,.T.);
#228=ORIENTED_EDGE('',*,*,#538,.T.);
#229=ORIENTED_EDGE('',*,*,#539,.T.);
#230=ORIENTED_EDGE('',*,*,#540,.F.);
#231=ORIENTED_EDGE('',*,*,#541,.T.);
#232=ORIENTED_EDGE('',*,*,#542,.T.);
#233=ORIENTED_EDGE('',*,*,#543,.T.);
#234=ORIENTED_EDGE('',*,*,#544,.F.);
#235=ORIENTED_EDGE('',*,*,#545,.T.);
#236=ORIENTED_EDGE('',*,*,#546,.T.);
#237=ORIENTED_EDGE('',*,*,#547,.T.);
#238=ORIENTED_EDGE('',*,*,#548,.F.);
#239=ORIENTED_EDGE('',*,*,#549,.T.);
#240=ORIENTED_EDGE('',*,*,#550,.T.);
#241=ORIENTED_EDGE('',*,*,#551,.T.);
#242=ORIENTED_EDGE('',*,*,#552,.F.);
#243=ORIENTED_EDGE('',*,*,#553,.T.);
#244=ORIENTED_EDGE('',*,*,#554,.T.);
#245=ORIENTED_EDGE('',*,*,#555,.T.);
#246=ORIENTED_EDGE('',*,*,#556,.T.);
#247=ORIENTED_EDGE('',*,*,#557,.T.);
#248=ORIENTED_EDGE('',*,*,#558,.T.);
#249=ORIENTED_EDGE('',*,*,#559,.T.);
#250=ORIENTED_EDGE('',*,*,#560,.T.);
#251=ORIENTED_EDGE('',*,*,#561,.T.);
#252=ORIENTED_EDGE('',*,*,#562,.T.);
#253=ORIENTED_EDGE('',*,*,#563,.T.);
#254=ORIENTED_EDGE('',*,*,#564,.T.);
#255=ORIENTED_EDGE('',*,*,#565,.T.);
#256=ORIENTED_EDGE('',*,*,#566,.T.);
#257=ORIENTED_EDGE('',*,*,#567,.T.);
#258=ORIENTED_EDGE('',*,*,#568,.T.);
#259=ORIENTED_EDGE('',*,*,#569,.T.);
#260=ORIENTED_EDGE('',*,*,#570,.T.);
#261=ORIENTED_EDGE('',*,*,#571,.T.);
#262=ORIENTED_EDGE('',*,*,#572,.T.);
#263=ORIENTED_EDGE('',*,*,#573,.T.);
#264=ORIENTED_EDGE('',*,*,#574,.T.);
#265=ORIENTED_EDGE('',*,*,#575,.T.);
#266=ORIENTED_EDGE('',*,*,#576,.T.);
#267=ORIENTED_EDGE('',*,*,#577,.T.);
#268=ORIENTED_EDGE('',*,*,#578,.T.);
#269=ORIENTED_EDGE('',*,*,#579,.T.);
#270=ORIENTED_EDGE('',*,*,#580,.T.);
#271=ORIENTED_EDGE('',*,*,#581,.T.);
#272=ORIENTED_EDGE('',*,*,#582,.T.);
#273=ORIENTED_EDGE('',*,*,#583,.T.);
#274=ORIENTED_EDGE('',*,*,#584,.T.);
#275=ORIENTED_EDGE('',*,*,#585,.T.);
#276=ORIENTED_EDGE('',*,*,#586,.T.);
#277=ORIENTED_EDGE('',*,*,#587,.T.);
#278=ORIENTED_EDGE('',*,*,#588,.T.);
#279=ORIENTED_EDGE('',*,*,#589,.T.);
#280=ORIENTED_EDGE('',*,*,#590,.T.);
#281=ORIENTED_EDGE('',*,*,#591,.T.);
#282=ORIENTED_EDGE('',*,*,#592,.T.);
#283=ORIENTED_EDGE('',*,*,#593,.T.);
#284=ORIENTED_EDGE('',*,*,#594,.T.);
#285=ORIENTED_EDGE('',*,*,#595,.T.);
#286=ORIENTED_EDGE('',*,*,#596,.T.);
#287=ORIENTED_EDGE('',*,*,#597,.T.);
#288=ORIENTED_EDGE('',*,*,#598,.T.);
#289=ORIENTED_EDGE('',*,*,#599,.T.);
#290=ORIENTED_EDGE('',*,*,#600,.T.);
#291=ORIENTED_EDGE('',*,*,#601,.T.);
#292=ORIENTED_EDGE('',*,*,#602,.T.);
#293=ORIENTED_EDGE('',*,*,#603,.F.);
#294=ORIENTED_EDGE('',*,*,#603,.T.);
#295=ORIENTED_EDGE('',*,*,#604,.F.);
#296=ORIENTED_EDGE('',*,*,#556,.F.);
#297=ORIENTED_EDGE('',*,*,#605,.F.);
#298=ORIENTED_EDGE('',*,*,#582,.F.);
#299=ORIENTED_EDGE('',*,*,#606,.F.);
#300=ORIENTED_EDGE('',*,*,#604,.T.);
#301=ORIENTED_EDGE('',*,*,#607,.F.);
#302=ORIENTED_EDGE('',*,*,#540,.T.);
#303=ORIENTED_EDGE('',*,*,#608,.F.);
#304=ORIENTED_EDGE('',*,*,#605,.T.);
#305=ORIENTED_EDGE('',*,*,#609,.F.);
#306=ORIENTED_EDGE('',*,*,#526,.T.);
#307=ORIENTED_EDGE('',*,*,#607,.T.);
#308=ORIENTED_EDGE('',*,*,#585,.F.);
#309=ORIENTED_EDGE('',*,*,#610,.F.);
#310=ORIENTED_EDGE('',*,*,#541,.F.);
#311=ORIENTED_EDGE('',*,*,#606,.T.);
#312=ORIENTED_EDGE('',*,*,#539,.F.);
#313=ORIENTED_EDGE('',*,*,#611,.F.);
#314=ORIENTED_EDGE('',*,*,#557,.F.);
#315=ORIENTED_EDGE('',*,*,#612,.F.);
#316=ORIENTED_EDGE('',*,*,#554,.F.);
#317=ORIENTED_EDGE('',*,*,#613,.F.);
#318=ORIENTED_EDGE('',*,*,#560,.F.);
#319=ORIENTED_EDGE('',*,*,#609,.T.);
#320=ORIENTED_EDGE('',*,*,#555,.F.);
#321=ORIENTED_EDGE('',*,*,#614,.F.);
#322=ORIENTED_EDGE('',*,*,#527,.F.);
#323=ORIENTED_EDGE('',*,*,#608,.T.);
#324=ORIENTED_EDGE('',*,*,#525,.F.);
#325=ORIENTED_EDGE('',*,*,#615,.F.);
#326=ORIENTED_EDGE('',*,*,#583,.F.);
#327=ORIENTED_EDGE('',*,*,#616,.F.);
#328=ORIENTED_EDGE('',*,*,#584,.F.);
#329=ORIENTED_EDGE('',*,*,#617,.F.);
#330=ORIENTED_EDGE('',*,*,#578,.F.);
#331=ORIENTED_EDGE('',*,*,#610,.T.);
#332=ORIENTED_EDGE('',*,*,#616,.T.);
#333=ORIENTED_EDGE('',*,*,#618,.F.);
#334=ORIENTED_EDGE('',*,*,#613,.T.);
#335=ORIENTED_EDGE('',*,*,#611,.T.);
#336=ORIENTED_EDGE('',*,*,#619,.F.);
#337=ORIENTED_EDGE('',*,*,#614,.T.);
#338=ORIENTED_EDGE('',*,*,#612,.T.);
#339=ORIENTED_EDGE('',*,*,#620,.F.);
#340=ORIENTED_EDGE('',*,*,#617,.T.);
#341=ORIENTED_EDGE('',*,*,#615,.T.);
#342=ORIENTED_EDGE('',*,*,#621,.F.);
#343=ORIENTED_EDGE('',*,*,#618,.T.);
#344=ORIENTED_EDGE('',*,*,#581,.F.);
#345=ORIENTED_EDGE('',*,*,#622,.F.);
#346=ORIENTED_EDGE('',*,*,#542,.F.);
#347=ORIENTED_EDGE('',*,*,#619,.T.);
#348=ORIENTED_EDGE('',*,*,#538,.F.);
#349=ORIENTED_EDGE('',*,*,#623,.F.);
#350=ORIENTED_EDGE('',*,*,#561,.F.);
#351=ORIENTED_EDGE('',*,*,#624,.F.);
#352=ORIENTED_EDGE('',*,*,#558,.F.);
#353=ORIENTED_EDGE('',*,*,#625,.F.);
#354=ORIENTED_EDGE('',*,*,#588,.F.);
#355=ORIENTED_EDGE('',*,*,#620,.T.);
#356=ORIENTED_EDGE('',*,*,#559,.F.);
#357=ORIENTED_EDGE('',*,*,#626,.F.);
#358=ORIENTED_EDGE('',*,*,#528,.F.);
#359=ORIENTED_EDGE('',*,*,#621,.T.);
#360=ORIENTED_EDGE('',*,*,#524,.F.);
#361=ORIENTED_EDGE('',*,*,#627,.F.);
#362=ORIENTED_EDGE('',*,*,#579,.F.);
#363=ORIENTED_EDGE('',*,*,#628,.F.);
#364=ORIENTED_EDGE('',*,*,#580,.F.);
#365=ORIENTED_EDGE('',*,*,#629,.F.);
#366=ORIENTED_EDGE('',*,*,#598,.F.);
#367=ORIENTED_EDGE('',*,*,#622,.T.);
#368=ORIENTED_EDGE('',*,*,#628,.T.);
#369=ORIENTED_EDGE('',*,*,#630,.F.);
#370=ORIENTED_EDGE('',*,*,#625,.T.);
#371=ORIENTED_EDGE('',*,*,#623,.T.);
#372=ORIENTED_EDGE('',*,*,#631,.F.);
#373=ORIENTED_EDGE('',*,*,#626,.T.);
#374=ORIENTED_EDGE('',*,*,#624,.T.);
#375=ORIENTED_EDGE('',*,*,#632,.F.);
#376=ORIENTED_EDGE('',*,*,#629,.T.);
#377=ORIENTED_EDGE('',*,*,#627,.T.);
#378=ORIENTED_EDGE('',*,*,#633,.F.);
#379=ORIENTED_EDGE('',*,*,#630,.T.);
#380=ORIENTED_EDGE('',*,*,#601,.F.);
#381=ORIENTED_EDGE('',*,*,#634,.F.);
#382=ORIENTED_EDGE('',*,*,#543,.F.);
#383=ORIENTED_EDGE('',*,*,#631,.T.);
#384=ORIENTED_EDGE('',*,*,#553,.F.);
#385=ORIENTED_EDGE('',*,*,#635,.F.);
#386=ORIENTED_EDGE('',*,*,#589,.F.);
#387=ORIENTED_EDGE('',*,*,#636,.F.);
#388=ORIENTED_EDGE('',*,*,#586,.F.);
#389=ORIENTED_EDGE('',*,*,#637,.F.);
#390=ORIENTED_EDGE('',*,*,#564,.F.);
#391=ORIENTED_EDGE('',*,*,#632,.T.);
#392=ORIENTED_EDGE('',*,*,#587,.F.);
#393=ORIENTED_EDGE('',*,*,#638,.F.);
#394=ORIENTED_EDGE('',*,*,#529,.F.);
#395=ORIENTED_EDGE('',*,*,#633,.T.);
#396=ORIENTED_EDGE('',*,*,#523,.F.);
#397=ORIENTED_EDGE('',*,*,#639,.F.);
#398=ORIENTED_EDGE('',*,*,#599,.F.);
#399=ORIENTED_EDGE('',*,*,#640,.F.);
#400=ORIENTED_EDGE('',*,*,#600,.F.);
#401=ORIENTED_EDGE('',*,*,#641,.F.);
#402=ORIENTED_EDGE('',*,*,#575,.F.);
#403=ORIENTED_EDGE('',*,*,#634,.T.);
#404=ORIENTED_EDGE('',*,*,#640,.T.);
#405=ORIENTED_EDGE('',*,*,#642,.F.);
#406=ORIENTED_EDGE('',*,*,#544,.T.);
#407=ORIENTED_EDGE('',*,*,#635,.T.);
#408=ORIENTED_EDGE('',*,*,#552,.T.);
#409=ORIENTED_EDGE('',*,*,#643,.F.);
#410=ORIENTED_EDGE('',*,*,#637,.T.);
#411=ORIENTED_EDGE('',*,*,#638,.T.);
#412=ORIENTED_EDGE('',*,*,#636,.T.);
#413=ORIENTED_EDGE('',*,*,#644,.F.);
#414=ORIENTED_EDGE('',*,*,#530,.T.);
#415=ORIENTED_EDGE('',*,*,#639,.T.);
#416=ORIENTED_EDGE('',*,*,#522,.T.);
#417=ORIENTED_EDGE('',*,*,#645,.F.);
#418=ORIENTED_EDGE('',*,*,#641,.T.);
#419=ORIENTED_EDGE('',*,*,#642,.T.);
#420=ORIENTED_EDGE('',*,*,#574,.F.);
#421=ORIENTED_EDGE('',*,*,#646,.F.);
#422=ORIENTED_EDGE('',*,*,#545,.F.);
#423=ORIENTED_EDGE('',*,*,#643,.T.);
#424=ORIENTED_EDGE('',*,*,#551,.F.);
#425=ORIENTED_EDGE('',*,*,#647,.F.);
#426=ORIENTED_EDGE('',*,*,#565,.F.);
#427=ORIENTED_EDGE('',*,*,#648,.F.);
#428=ORIENTED_EDGE('',*,*,#562,.F.);
#429=ORIENTED_EDGE('',*,*,#649,.F.);
#430=ORIENTED_EDGE('',*,*,#592,.F.);
#431=ORIENTED_EDGE('',*,*,#644,.T.);
#432=ORIENTED_EDGE('',*,*,#563,.F.);
#433=ORIENTED_EDGE('',*,*,#650,.F.);
#434=ORIENTED_EDGE('',*,*,#531,.F.);
#435=ORIENTED_EDGE('',*,*,#645,.T.);
#436=ORIENTED_EDGE('',*,*,#537,.F.);
#437=ORIENTED_EDGE('',*,*,#651,.F.);
#438=ORIENTED_EDGE('',*,*,#576,.F.);
#439=ORIENTED_EDGE('',*,*,#652,.F.);
#440=ORIENTED_EDGE('',*,*,#577,.F.);
#441=ORIENTED_EDGE('',*,*,#653,.F.);
#442=ORIENTED_EDGE('',*,*,#570,.F.);
#443=ORIENTED_EDGE('',*,*,#646,.T.);
#444=ORIENTED_EDGE('',*,*,#652,.T.);
#445=ORIENTED_EDGE('',*,*,#654,.F.);
#446=ORIENTED_EDGE('',*,*,#649,.T.);
#447=ORIENTED_EDGE('',*,*,#647,.T.);
#448=ORIENTED_EDGE('',*,*,#655,.F.);
#449=ORIENTED_EDGE('',*,*,#650,.T.);
#450=ORIENTED_EDGE('',*,*,#648,.T.);
#451=ORIENTED_EDGE('',*,*,#656,.F.);
#452=ORIENTED_EDGE('',*,*,#653,.T.);
#453=ORIENTED_EDGE('',*,*,#651,.T.);
#454=ORIENTED_EDGE('',*,*,#657,.F.);
#455=ORIENTED_EDGE('',*,*,#654,.T.);
#456=ORIENTED_EDGE('',*,*,#573,.F.);
#457=ORIENTED_EDGE('',*,*,#658,.F.);
#458=ORIENTED_EDGE('',*,*,#546,.F.);
#459=ORIENTED_EDGE('',*,*,#655,.T.);
#460=ORIENTED_EDGE('',*,*,#550,.F.);
#461=ORIENTED_EDGE('',*,*,#659,.F.);
#462=ORIENTED_EDGE('',*,*,#593,.F.);
#463=ORIENTED_EDGE('',*,*,#660,.F.);
#464=ORIENTED_EDGE('',*,*,#590,.F.);
#465=ORIENTED_EDGE('',*,*,#661,.F.);
#466=ORIENTED_EDGE('',*,*,#568,.F.);
#467=ORIENTED_EDGE('',*,*,#656,.T.);
#468=ORIENTED_EDGE('',*,*,#591,.F.);
#469=ORIENTED_EDGE('',*,*,#662,.F.);
#470=ORIENTED_EDGE('',*,*,#532,.F.);
#471=ORIENTED_EDGE('',*,*,#657,.T.);
#472=ORIENTED_EDGE('',*,*,#536,.F.);
#473=ORIENTED_EDGE('',*,*,#663,.F.);
#474=ORIENTED_EDGE('',*,*,#571,.F.);
#475=ORIENTED_EDGE('',*,*,#664,.F.);
#476=ORIENTED_EDGE('',*,*,#572,.F.);
#477=ORIENTED_EDGE('',*,*,#665,.F.);
#478=ORIENTED_EDGE('',*,*,#597,.F.);
#479=ORIENTED_EDGE('',*,*,#658,.T.);
#480=ORIENTED_EDGE('',*,*,#664,.T.);
#481=ORIENTED_EDGE('',*,*,#666,.F.);
#482=ORIENTED_EDGE('',*,*,#661,.T.);
#483=ORIENTED_EDGE('',*,*,#659,.T.);
#484=ORIENTED_EDGE('',*,*,#667,.F.);
#485=ORIENTED_EDGE('',*,*,#662,.T.);
#486=ORIENTED_EDGE('',*,*,#660,.T.);
#487=ORIENTED_EDGE('',*,*,#668,.F.);
#488=ORIENTED_EDGE('',*,*,#665,.T.);
#489=ORIENTED_EDGE('',*,*,#663,.T.);
#490=ORIENTED_EDGE('',*,*,#669,.F.);
#491=ORIENTED_EDGE('',*,*,#666,.T.);
#492=ORIENTED_EDGE('',*,*,#596,.F.);
#493=ORIENTED_EDGE('',*,*,#670,.F.);
#494=ORIENTED_EDGE('',*,*,#547,.F.);
#495=ORIENTED_EDGE('',*,*,#667,.T.);
#496=ORIENTED_EDGE('',*,*,#549,.F.);
#497=ORIENTED_EDGE('',*,*,#671,.F.);
#498=ORIENTED_EDGE('',*,*,#569,.F.);
#499=ORIENTED_EDGE('',*,*,#668,.T.);
#500=ORIENTED_EDGE('',*,*,#567,.F.);
#501=ORIENTED_EDGE('',*,*,#672,.F.);
#502=ORIENTED_EDGE('',*,*,#533,.F.);
#503=ORIENTED_EDGE('',*,*,#669,.T.);
#504=ORIENTED_EDGE('',*,*,#535,.F.);
#505=ORIENTED_EDGE('',*,*,#673,.F.);
#506=ORIENTED_EDGE('',*,*,#594,.F.);
#507=ORIENTED_EDGE('',*,*,#548,.T.);
#508=ORIENTED_EDGE('',*,*,#670,.T.);
#509=ORIENTED_EDGE('',*,*,#674,.F.);
#510=ORIENTED_EDGE('',*,*,#671,.T.);
#511=ORIENTED_EDGE('',*,*,#534,.T.);
#512=ORIENTED_EDGE('',*,*,#672,.T.);
#513=ORIENTED_EDGE('',*,*,#675,.F.);
#514=ORIENTED_EDGE('',*,*,#673,.T.);
#515=ORIENTED_EDGE('',*,*,#674,.T.);
#516=ORIENTED_EDGE('',*,*,#595,.F.);
#517=ORIENTED_EDGE('',*,*,#675,.T.);
#518=ORIENTED_EDGE('',*,*,#566,.F.);
#519=ORIENTED_EDGE('',*,*,#521,.F.);
#520=ORIENTED_EDGE('',*,*,#602,.F.);
#521=EDGE_CURVE('',#676,#676,#759,.T.);
#522=EDGE_CURVE('',#677,#678,#760,.F.);
#523=EDGE_CURVE('',#677,#679,#91,.F.);
#524=EDGE_CURVE('',#679,#680,#92,.F.);
#525=EDGE_CURVE('',#680,#681,#93,.F.);
#526=EDGE_CURVE('',#682,#681,#761,.F.);
#527=EDGE_CURVE('',#682,#683,#94,.F.);
#528=EDGE_CURVE('',#683,#684,#95,.F.);
#529=EDGE_CURVE('',#684,#685,#96,.F.);
#530=EDGE_CURVE('',#686,#685,#762,.F.);
#531=EDGE_CURVE('',#686,#687,#97,.F.);
#532=EDGE_CURVE('',#687,#688,#98,.F.);
#533=EDGE_CURVE('',#688,#689,#99,.F.);
#534=EDGE_CURVE('',#690,#689,#763,.F.);
#535=EDGE_CURVE('',#690,#691,#100,.F.);
#536=EDGE_CURVE('',#691,#692,#101,.F.);
#537=EDGE_CURVE('',#692,#678,#102,.F.);
#538=EDGE_CURVE('',#693,#694,#764,.F.);
#539=EDGE_CURVE('',#694,#695,#103,.T.);
#540=EDGE_CURVE('',#696,#695,#51,.T.);
#541=EDGE_CURVE('',#696,#697,#43,.T.);
#542=EDGE_CURVE('',#697,#698,#104,.T.);
#543=EDGE_CURVE('',#698,#699,#44,.T.);
#544=EDGE_CURVE('',#700,#699,#52,.T.);
#545=EDGE_CURVE('',#700,#701,#105,.T.);
#546=EDGE_CURVE('',#701,#702,#765,.F.);
#547=EDGE_CURVE('',#702,#703,#106,.F.);
#548=EDGE_CURVE('',#704,#703,#53,.T.);
#549=EDGE_CURVE('',#704,#705,#45,.T.);
#550=EDGE_CURVE('',#705,#706,#107,.F.);
#551=EDGE_CURVE('',#706,#707,#46,.T.);
#552=EDGE_CURVE('',#708,#707,#54,.T.);
#553=EDGE_CURVE('',#708,#693,#108,.F.);
#554=EDGE_CURVE('',#709,#710,#109,.T.);
#555=EDGE_CURVE('',#710,#711,#110,.T.);
#556=EDGE_CURVE('',#711,#712,#111,.F.);
#557=EDGE_CURVE('',#712,#709,#112,.F.);
#558=EDGE_CURVE('',#713,#714,#113,.T.);
#559=EDGE_CURVE('',#714,#715,#114,.T.);
#560=EDGE_CURVE('',#715,#716,#115,.F.);
#561=EDGE_CURVE('',#716,#713,#766,.T.);
#562=EDGE_CURVE('',#717,#718,#116,.T.);
#563=EDGE_CURVE('',#718,#719,#117,.T.);
#564=EDGE_CURVE('',#719,#720,#118,.F.);
#565=EDGE_CURVE('',#720,#717,#47,.T.);
#566=EDGE_CURVE('',#721,#722,#119,.T.);
#567=EDGE_CURVE('',#722,#723,#120,.T.);
#568=EDGE_CURVE('',#723,#724,#121,.F.);
#569=EDGE_CURVE('',#724,#721,#48,.T.);
#570=EDGE_CURVE('',#725,#726,#122,.T.);
#571=EDGE_CURVE('',#726,#727,#123,.T.);
#572=EDGE_CURVE('',#727,#728,#124,.F.);
#573=EDGE_CURVE('',#728,#725,#767,.T.);
#574=EDGE_CURVE('',#729,#730,#125,.F.);
#575=EDGE_CURVE('',#730,#731,#126,.T.);
#576=EDGE_CURVE('',#731,#732,#127,.T.);
#577=EDGE_CURVE('',#732,#729,#128,.F.);
#578=EDGE_CURVE('',#733,#734,#129,.T.);
#579=EDGE_CURVE('',#734,#735,#130,.T.);
#580=EDGE_CURVE('',#735,#736,#131,.F.);
#581=EDGE_CURVE('',#736,#733,#132,.F.);
#582=EDGE_CURVE('',#737,#738,#133,.T.);
#583=EDGE_CURVE('',#738,#739,#134,.T.);
#584=EDGE_CURVE('',#739,#740,#135,.F.);
#585=EDGE_CURVE('',#740,#737,#49,.T.);
#586=EDGE_CURVE('',#741,#742,#136,.T.);
#587=EDGE_CURVE('',#742,#743,#137,.T.);
#588=EDGE_CURVE('',#743,#744,#138,.F.);
#589=EDGE_CURVE('',#744,#741,#139,.T.);
#590=EDGE_CURVE('',#745,#746,#140,.T.);
#591=EDGE_CURVE('',#746,#747,#141,.T.);
#592=EDGE_CURVE('',#747,#748,#142,.F.);
#593=EDGE_CURVE('',#748,#745,#143,.T.);
#594=EDGE_CURVE('',#749,#750,#144,.T.);
#595=EDGE_CURVE('',#750,#751,#145,.F.);
#596=EDGE_CURVE('',#751,#752,#146,.T.);
#597=EDGE_CURVE('',#752,#749,#147,.T.);
#598=EDGE_CURVE('',#753,#754,#148,.T.);
#599=EDGE_CURVE('',#754,#755,#149,.T.);
#600=EDGE_CURVE('',#755,#756,#150,.F.);
#601=EDGE_CURVE('',#756,#753,#50,.T.);
#602=EDGE_CURVE('',#757,#757,#768,.F.);
#603=EDGE_CURVE('',#758,#758,#769,.T.);
#604=EDGE_CURVE('',#712,#737,#55,.T.);
#605=EDGE_CURVE('',#738,#711,#770,.T.);
#606=EDGE_CURVE('',#712,#695,#771,.F.);
#607=EDGE_CURVE('',#696,#737,#772,.F.);
#608=EDGE_CURVE('',#738,#681,#773,.F.);
#609=EDGE_CURVE('',#682,#711,#774,.F.);
#610=EDGE_CURVE('',#697,#740,#775,.T.);
#611=EDGE_CURVE('',#709,#694,#776,.T.);
#612=EDGE_CURVE('',#710,#715,#777,.T.);
#613=EDGE_CURVE('',#716,#709,#778,.T.);
#614=EDGE_CURVE('',#683,#710,#779,.T.);
#615=EDGE_CURVE('',#739,#680,#780,.T.);
#616=EDGE_CURVE('',#740,#733,#781,.T.);
#617=EDGE_CURVE('',#734,#739,#782,.T.);
#618=EDGE_CURVE('',#697,#733,#783,.F.);
#619=EDGE_CURVE('',#716,#694,#784,.F.);
#620=EDGE_CURVE('',#683,#715,#785,.F.);
#621=EDGE_CURVE('',#734,#680,#786,.F.);
#622=EDGE_CURVE('',#698,#736,#787,.T.);
#623=EDGE_CURVE('',#713,#693,#788,.T.);
#624=EDGE_CURVE('',#714,#743,#789,.T.);
#625=EDGE_CURVE('',#744,#713,#790,.T.);
#626=EDGE_CURVE('',#684,#714,#791,.T.);
#627=EDGE_CURVE('',#735,#679,#792,.T.);
#628=EDGE_CURVE('',#736,#753,#793,.T.);
#629=EDGE_CURVE('',#754,#735,#794,.T.);
#630=EDGE_CURVE('',#698,#753,#795,.F.);
#631=EDGE_CURVE('',#744,#693,#796,.F.);
#632=EDGE_CURVE('',#684,#743,#797,.F.);
#633=EDGE_CURVE('',#754,#679,#798,.F.);
#634=EDGE_CURVE('',#699,#756,#799,.T.);
#635=EDGE_CURVE('',#741,#708,#800,.T.);
#636=EDGE_CURVE('',#742,#719,#801,.T.);
#637=EDGE_CURVE('',#720,#741,#56,.T.);
#638=EDGE_CURVE('',#685,#742,#802,.T.);
#639=EDGE_CURVE('',#755,#677,#803,.T.);
#640=EDGE_CURVE('',#756,#730,#57,.T.);
#641=EDGE_CURVE('',#731,#755,#804,.T.);
#642=EDGE_CURVE('',#700,#730,#805,.F.);
#643=EDGE_CURVE('',#720,#707,#806,.F.);
#644=EDGE_CURVE('',#686,#719,#807,.F.);
#645=EDGE_CURVE('',#731,#678,#808,.F.);
#646=EDGE_CURVE('',#701,#729,#809,.T.);
#647=EDGE_CURVE('',#717,#706,#810,.T.);
#648=EDGE_CURVE('',#718,#747,#811,.T.);
#649=EDGE_CURVE('',#748,#717,#812,.T.);
#650=EDGE_CURVE('',#687,#718,#813,.T.);
#651=EDGE_CURVE('',#732,#692,#814,.T.);
#652=EDGE_CURVE('',#729,#725,#815,.T.);
#653=EDGE_CURVE('',#726,#732,#816,.T.);
#654=EDGE_CURVE('',#701,#725,#817,.F.);
#655=EDGE_CURVE('',#748,#706,#818,.F.);
#656=EDGE_CURVE('',#687,#747,#819,.F.);
#657=EDGE_CURVE('',#726,#692,#820,.F.);
#658=EDGE_CURVE('',#702,#728,#821,.T.);
#659=EDGE_CURVE('',#745,#705,#822,.T.);
#660=EDGE_CURVE('',#746,#723,#823,.T.);
#661=EDGE_CURVE('',#724,#745,#824,.T.);
#662=EDGE_CURVE('',#688,#746,#825,.T.);
#663=EDGE_CURVE('',#727,#691,#826,.T.);
#664=EDGE_CURVE('',#728,#752,#827,.T.);
#665=EDGE_CURVE('',#749,#727,#828,.T.);
#666=EDGE_CURVE('',#702,#752,#829,.F.);
#667=EDGE_CURVE('',#724,#705,#830,.F.);
#668=EDGE_CURVE('',#688,#723,#831,.F.);
#669=EDGE_CURVE('',#749,#691,#832,.F.);
#670=EDGE_CURVE('',#703,#751,#833,.T.);
#671=EDGE_CURVE('',#721,#704,#834,.T.);
#672=EDGE_CURVE('',#689,#722,#835,.T.);
#673=EDGE_CURVE('',#750,#690,#836,.T.);
#674=EDGE_CURVE('',#721,#751,#58,.F.);
#675=EDGE_CURVE('',#750,#722,#837,.F.);
#676=VERTEX_POINT('',#1635);
#677=VERTEX_POINT('',#1637);
#678=VERTEX_POINT('',#1638);
#679=VERTEX_POINT('',#1640);
#680=VERTEX_POINT('',#1642);
#681=VERTEX_POINT('',#1644);
#682=VERTEX_POINT('',#1646);
#683=VERTEX_POINT('',#1648);
#684=VERTEX_POINT('',#1650);
#685=VERTEX_POINT('',#1652);
#686=VERTEX_POINT('',#1654);
#687=VERTEX_POINT('',#1656);
#688=VERTEX_POINT('',#1658);
#689=VERTEX_POINT('',#1660);
#690=VERTEX_POINT('',#1662);
#691=VERTEX_POINT('',#1664);
#692=VERTEX_POINT('',#1666);
#693=VERTEX_POINT('',#1670);
#694=VERTEX_POINT('',#1671);
#695=VERTEX_POINT('',#1673);
#696=VERTEX_POINT('',#1678);
#697=VERTEX_POINT('',#1680);
#698=VERTEX_POINT('',#1682);
#699=VERTEX_POINT('',#1684);
#700=VERTEX_POINT('',#1689);
#701=VERTEX_POINT('',#1691);
#702=VERTEX_POINT('',#1693);
#703=VERTEX_POINT('',#1695);
#704=VERTEX_POINT('',#1700);
#705=VERTEX_POINT('',#1702);
#706=VERTEX_POINT('',#1704);
#707=VERTEX_POINT('',#1706);
#708=VERTEX_POINT('',#1711);
#709=VERTEX_POINT('',#1715);
#710=VERTEX_POINT('',#1716);
#711=VERTEX_POINT('',#1718);
#712=VERTEX_POINT('',#1720);
#713=VERTEX_POINT('',#1724);
#714=VERTEX_POINT('',#1725);
#715=VERTEX_POINT('',#1727);
#716=VERTEX_POINT('',#1729);
#717=VERTEX_POINT('',#1733);
#718=VERTEX_POINT('',#1734);
#719=VERTEX_POINT('',#1736);
#720=VERTEX_POINT('',#1738);
#721=VERTEX_POINT('',#1742);
#722=VERTEX_POINT('',#1743);
#723=VERTEX_POINT('',#1745);
#724=VERTEX_POINT('',#1747);
#725=VERTEX_POINT('',#1751);
#726=VERTEX_POINT('',#1752);
#727=VERTEX_POINT('',#1754);
#728=VERTEX_POINT('',#1756);
#729=VERTEX_POINT('',#1760);
#730=VERTEX_POINT('',#1761);
#731=VERTEX_POINT('',#1763);
#732=VERTEX_POINT('',#1765);
#733=VERTEX_POINT('',#1769);
#734=VERTEX_POINT('',#1770);
#735=VERTEX_POINT('',#1772);
#736=VERTEX_POINT('',#1774);
#737=VERTEX_POINT('',#1778);
#738=VERTEX_POINT('',#1779);
#739=VERTEX_POINT('',#1781);
#740=VERTEX_POINT('',#1783);
#741=VERTEX_POINT('',#1787);
#742=VERTEX_POINT('',#1788);
#743=VERTEX_POINT('',#1790);
#744=VERTEX_POINT('',#1792);
#745=VERTEX_POINT('',#1796);
#746=VERTEX_POINT('',#1797);
#747=VERTEX_POINT('',#1799);
#748=VERTEX_POINT('',#1801);
#749=VERTEX_POINT('',#1805);
#750=VERTEX_POINT('',#1806);
#751=VERTEX_POINT('',#1808);
#752=VERTEX_POINT('',#1810);
#753=VERTEX_POINT('',#1814);
#754=VERTEX_POINT('',#1815);
#755=VERTEX_POINT('',#1817);
#756=VERTEX_POINT('',#1819);
#757=VERTEX_POINT('',#1823);
#758=VERTEX_POINT('',#1825);
#759=CIRCLE('',#1103,0.002125);
#760=CIRCLE('',#1104,0.001);
#761=CIRCLE('',#1105,0.001);
#762=CIRCLE('',#1106,0.001);
#763=CIRCLE('',#1107,0.001);
#764=CIRCLE('',#1109,0.013);
#765=CIRCLE('',#1112,0.013);
#766=CIRCLE('',#1117,0.0135);
#767=CIRCLE('',#1123,0.0135);
#768=CIRCLE('',#1134,0.001625);
#769=CIRCLE('',#1135,0.001625);
#770=CIRCLE('',#1138,0.0005);
#771=CIRCLE('',#1139,0.0005);
#772=CIRCLE('',#1140,0.0005);
#773=CIRCLE('',#1142,0.0005);
#774=CIRCLE('',#1143,0.0005);
#775=CIRCLE('',#1144,0.0005);
#776=CIRCLE('',#1146,0.0005);
#777=CIRCLE('',#1148,0.0005);
#778=CIRCLE('',#1149,0.0005);
#779=CIRCLE('',#1151,0.0005);
#780=CIRCLE('',#1153,0.0005);
#781=CIRCLE('',#1155,0.0005);
#782=CIRCLE('',#1156,0.0005);
#783=CIRCLE('',#1158,0.0005);
#784=CIRCLE('',#1160,0.0005);
#785=CIRCLE('',#1162,0.0005);
#786=CIRCLE('',#1164,0.0005);
#787=CIRCLE('',#1166,0.0005);
#788=CIRCLE('',#1168,0.0005);
#789=CIRCLE('',#1170,0.0005);
#790=CIRCLE('',#1171,0.0005);
#791=CIRCLE('',#1173,0.0005);
#792=CIRCLE('',#1175,0.0005);
#793=CIRCLE('',#1177,0.0005);
#794=CIRCLE('',#1178,0.0005);
#795=CIRCLE('',#1180,0.0005);
#796=CIRCLE('',#1182,0.0005);
#797=CIRCLE('',#1184,0.0005);
#798=CIRCLE('',#1186,0.0005);
#799=CIRCLE('',#1187,0.0005);
#800=CIRCLE('',#1189,0.0005);
#801=CIRCLE('',#1191,0.0005);
#802=CIRCLE('',#1193,0.0005);
#803=CIRCLE('',#1195,0.0005);
#804=CIRCLE('',#1197,0.0005);
#805=CIRCLE('',#1198,0.0005);
#806=CIRCLE('',#1199,0.0005);
#807=CIRCLE('',#1201,0.0005);
#808=CIRCLE('',#1203,0.0005);
#809=CIRCLE('',#1205,0.0005);
#810=CIRCLE('',#1206,0.0005);
#811=CIRCLE('',#1208,0.0005);
#812=CIRCLE('',#1209,0.0005);
#813=CIRCLE('',#1211,0.0005);
#814=CIRCLE('',#1213,0.0005);
#815=CIRCLE('',#1215,0.0005);
#816=CIRCLE('',#1216,0.0005);
#817=CIRCLE('',#1218,0.0005);
#818=CIRCLE('',#1220,0.0005);
#819=CIRCLE('',#1222,0.0005);
#820=CIRCLE('',#1224,0.0005);
#821=CIRCLE('',#1226,0.0005);
#822=CIRCLE('',#1228,0.0005);
#823=CIRCLE('',#1230,0.0005);
#824=CIRCLE('',#1231,0.0005);
#825=CIRCLE('',#1233,0.0005);
#826=CIRCLE('',#1235,0.0005);
#827=CIRCLE('',#1237,0.0005);
#828=CIRCLE('',#1238,0.0005);
#829=CIRCLE('',#1240,0.0005);
#830=CIRCLE('',#1242,0.0005);
#831=CIRCLE('',#1244,0.0005);
#832=CIRCLE('',#1246,0.0005);
#833=CIRCLE('',#1248,0.0005);
#834=CIRCLE('',#1249,0.0005);
#835=CIRCLE('',#1251,0.0005);
#836=CIRCLE('',#1253,0.0005);
#837=CIRCLE('',#1255,0.0005);
#838=EDGE_LOOP('',(#211));
#839=EDGE_LOOP('',(#212,#213,#214,#215,#216,#217,#218,#219,#220,#221,#222,
#223,#224,#225,#226,#227));
#840=EDGE_LOOP('',(#228,#229,#230,#231,#232,#233,#234,#235,#236,#237,#238,
#239,#240,#241,#242,#243));
#841=EDGE_LOOP('',(#244,#245,#246,#247));
#842=EDGE_LOOP('',(#248,#249,#250,#251));
#843=EDGE_LOOP('',(#252,#253,#254,#255));
#844=EDGE_LOOP('',(#256,#257,#258,#259));
#845=EDGE_LOOP('',(#260,#261,#262,#263));
#846=EDGE_LOOP('',(#264,#265,#266,#267));
#847=EDGE_LOOP('',(#268,#269,#270,#271));
#848=EDGE_LOOP('',(#272,#273,#274,#275));
#849=EDGE_LOOP('',(#276,#277,#278,#279));
#850=EDGE_LOOP('',(#280,#281,#282,#283));
#851=EDGE_LOOP('',(#284,#285,#286,#287));
#852=EDGE_LOOP('',(#288,#289,#290,#291));
#853=EDGE_LOOP('',(#292));
#854=EDGE_LOOP('',(#293));
#855=EDGE_LOOP('',(#294));
#856=EDGE_LOOP('',(#295,#296,#297,#298));
#857=EDGE_LOOP('',(#299,#300,#301,#302));
#858=EDGE_LOOP('',(#303,#304,#305,#306));
#859=EDGE_LOOP('',(#307,#308,#309,#310));
#860=EDGE_LOOP('',(#311,#312,#313,#314));
#861=EDGE_LOOP('',(#315,#316,#317,#318));
#862=EDGE_LOOP('',(#319,#320,#321,#322));
#863=EDGE_LOOP('',(#323,#324,#325,#326));
#864=EDGE_LOOP('',(#327,#328,#329,#330));
#865=EDGE_LOOP('',(#331,#332,#333));
#866=EDGE_LOOP('',(#334,#335,#336));
#867=EDGE_LOOP('',(#337,#338,#339));
#868=EDGE_LOOP('',(#340,#341,#342));
#869=EDGE_LOOP('',(#343,#344,#345,#346));
#870=EDGE_LOOP('',(#347,#348,#349,#350));
#871=EDGE_LOOP('',(#351,#352,#353,#354));
#872=EDGE_LOOP('',(#355,#356,#357,#358));
#873=EDGE_LOOP('',(#359,#360,#361,#362));
#874=EDGE_LOOP('',(#363,#364,#365,#366));
#875=EDGE_LOOP('',(#367,#368,#369));
#876=EDGE_LOOP('',(#370,#371,#372));
#877=EDGE_LOOP('',(#373,#374,#375));
#878=EDGE_LOOP('',(#376,#377,#378));
#879=EDGE_LOOP('',(#379,#380,#381,#382));
#880=EDGE_LOOP('',(#383,#384,#385,#386));
#881=EDGE_LOOP('',(#387,#388,#389,#390));
#882=EDGE_LOOP('',(#391,#392,#393,#394));
#883=EDGE_LOOP('',(#395,#396,#397,#398));
#884=EDGE_LOOP('',(#399,#400,#401,#402));
#885=EDGE_LOOP('',(#403,#404,#405,#406));
#886=EDGE_LOOP('',(#407,#408,#409,#410));
#887=EDGE_LOOP('',(#411,#412,#413,#414));
#888=EDGE_LOOP('',(#415,#416,#417,#418));
#889=EDGE_LOOP('',(#419,#420,#421,#422));
#890=EDGE_LOOP('',(#423,#424,#425,#426));
#891=EDGE_LOOP('',(#427,#428,#429,#430));
#892=EDGE_LOOP('',(#431,#432,#433,#434));
#893=EDGE_LOOP('',(#435,#436,#437,#438));
#894=EDGE_LOOP('',(#439,#440,#441,#442));
#895=EDGE_LOOP('',(#443,#444,#445));
#896=EDGE_LOOP('',(#446,#447,#448));
#897=EDGE_LOOP('',(#449,#450,#451));
#898=EDGE_LOOP('',(#452,#453,#454));
#899=EDGE_LOOP('',(#455,#456,#457,#458));
#900=EDGE_LOOP('',(#459,#460,#461,#462));
#901=EDGE_LOOP('',(#463,#464,#465,#466));
#902=EDGE_LOOP('',(#467,#468,#469,#470));
#903=EDGE_LOOP('',(#471,#472,#473,#474));
#904=EDGE_LOOP('',(#475,#476,#477,#478));
#905=EDGE_LOOP('',(#479,#480,#481));
#906=EDGE_LOOP('',(#482,#483,#484));
#907=EDGE_LOOP('',(#485,#486,#487));
#908=EDGE_LOOP('',(#488,#489,#490));
#909=EDGE_LOOP('',(#491,#492,#493,#494));
#910=EDGE_LOOP('',(#495,#496,#497,#498));
#911=EDGE_LOOP('',(#499,#500,#501,#502));
#912=EDGE_LOOP('',(#503,#504,#505,#506));
#913=EDGE_LOOP('',(#507,#508,#509,#510));
#914=EDGE_LOOP('',(#511,#512,#513,#514));
#915=EDGE_LOOP('',(#515,#516,#517,#518));
#916=EDGE_LOOP('',(#519));
#917=EDGE_LOOP('',(#520));
#918=FACE_BOUND('',#838,.T.);
#919=FACE_BOUND('',#839,.T.);
#920=FACE_BOUND('',#840,.T.);
#921=FACE_BOUND('',#841,.T.);
#922=FACE_BOUND('',#842,.T.);
#923=FACE_BOUND('',#843,.T.);
#924=FACE_BOUND('',#844,.T.);
#925=FACE_BOUND('',#845,.T.);
#926=FACE_BOUND('',#846,.T.);
#927=FACE_BOUND('',#847,.T.);
#928=FACE_BOUND('',#848,.T.);
#929=FACE_BOUND('',#849,.T.);
#930=FACE_BOUND('',#850,.T.);
#931=FACE_BOUND('',#851,.T.);
#932=FACE_BOUND('',#852,.T.);
#933=FACE_BOUND('',#853,.T.);
#934=FACE_BOUND('',#854,.T.);
#935=FACE_BOUND('',#855,.T.);
#936=FACE_BOUND('',#856,.T.);
#937=FACE_BOUND('',#857,.T.);
#938=FACE_BOUND('',#858,.T.);
#939=FACE_BOUND('',#859,.T.);
#940=FACE_BOUND('',#860,.T.);
#941=FACE_BOUND('',#861,.T.);
#942=FACE_BOUND('',#862,.T.);
#943=FACE_BOUND('',#863,.T.);
#944=FACE_BOUND('',#864,.T.);
#945=FACE_BOUND('',#865,.T.);
#946=FACE_BOUND('',#866,.T.);
#947=FACE_BOUND('',#867,.T.);
#948=FACE_BOUND('',#868,.T.);
#949=FACE_BOUND('',#869,.T.);
#950=FACE_BOUND('',#870,.T.);
#951=FACE_BOUND('',#871,.T.);
#952=FACE_BOUND('',#872,.T.);
#953=FACE_BOUND('',#873,.T.);
#954=FACE_BOUND('',#874,.T.);
#955=FACE_BOUND('',#875,.T.);
#956=FACE_BOUND('',#876,.T.);
#957=FACE_BOUND('',#877,.T.);
#958=FACE_BOUND('',#878,.T.);
#959=FACE_BOUND('',#879,.T.);
#960=FACE_BOUND('',#880,.T.);
#961=FACE_BOUND('',#881,.T.);
#962=FACE_BOUND('',#882,.T.);
#963=FACE_BOUND('',#883,.T.);
#964=FACE_BOUND('',#884,.T.);
#965=FACE_BOUND('',#885,.T.);
#966=FACE_BOUND('',#886,.T.);
#967=FACE_BOUND('',#887,.T.);
#968=FACE_BOUND('',#888,.T.);
#969=FACE_BOUND('',#889,.T.);
#970=FACE_BOUND('',#890,.T.);
#971=FACE_BOUND('',#891,.T.);
#972=FACE_BOUND('',#892,.T.);
#973=FACE_BOUND('',#893,.T.);
#974=FACE_BOUND('',#894,.T.);
#975=FACE_BOUND('',#895,.T.);
#976=FACE_BOUND('',#896,.T.);
#977=FACE_BOUND('',#897,.T.);
#978=FACE_BOUND('',#898,.T.);
#979=FACE_BOUND('',#899,.T.);
#980=FACE_BOUND('',#900,.T.);
#981=FACE_BOUND('',#901,.T.);
#982=FACE_BOUND('',#902,.T.);
#983=FACE_BOUND('',#903,.T.);
#984=FACE_BOUND('',#904,.T.);
#985=FACE_BOUND('',#905,.T.);
#986=FACE_BOUND('',#906,.T.);
#987=FACE_BOUND('',#907,.T.);
#988=FACE_BOUND('',#908,.T.);
#989=FACE_BOUND('',#909,.T.);
#990=FACE_BOUND('',#910,.T.);
#991=FACE_BOUND('',#911,.T.);
#992=FACE_BOUND('',#912,.T.);
#993=FACE_BOUND('',#913,.T.);
#994=FACE_BOUND('',#914,.T.);
#995=FACE_BOUND('',#915,.T.);
#996=FACE_BOUND('',#916,.T.);
#997=FACE_BOUND('',#917,.T.);
#998=PLANE('',#1102);
#999=PLANE('',#1115);
#1000=PLANE('',#1116);
#1001=PLANE('',#1118);
#1002=PLANE('',#1120);
#1003=PLANE('',#1122);
#1004=PLANE('',#1124);
#1005=PLANE('',#1125);
#1006=PLANE('',#1126);
#1007=PLANE('',#1128);
#1008=PLANE('',#1129);
#1009=PLANE('',#1130);
#1010=PLANE('',#1131);
#1011=PLANE('',#1136);
#1012=ADVANCED_FACE('',(#918,#919),#998,.F.);
#1013=ADVANCED_FACE('',(#920),#59,.F.);
#1014=ADVANCED_FACE('',(#921),#999,.F.);
#1015=ADVANCED_FACE('',(#922),#1000,.F.);
#1016=ADVANCED_FACE('',(#923),#1001,.F.);
#1017=ADVANCED_FACE('',(#924),#1002,.F.);
#1018=ADVANCED_FACE('',(#925),#1003,.F.);
#1019=ADVANCED_FACE('',(#926),#1004,.F.);
#1020=ADVANCED_FACE('',(#927),#1005,.F.);
#1021=ADVANCED_FACE('',(#928),#1006,.F.);
#1022=ADVANCED_FACE('',(#929),#1007,.F.);
#1023=ADVANCED_FACE('',(#930),#1008,.F.);
#1024=ADVANCED_FACE('',(#931),#1009,.F.);
#1025=ADVANCED_FACE('',(#932),#1010,.F.);
#1026=ADVANCED_FACE('',(#933,#934),#60,.F.);
#1027=ADVANCED_FACE('',(#935),#1011,.T.);
#1028=ADVANCED_FACE('',(#936),#61,.F.);
#1029=ADVANCED_FACE('',(#937),#35,.T.);
#1030=ADVANCED_FACE('',(#938),#28,.T.);
#1031=ADVANCED_FACE('',(#939),#36,.T.);
#1032=ADVANCED_FACE('',(#940),#62,.T.);
#1033=ADVANCED_FACE('',(#941),#63,.T.);
#1034=ADVANCED_FACE('',(#942),#64,.T.);
#1035=ADVANCED_FACE('',(#943),#65,.T.);
#1036=ADVANCED_FACE('',(#944),#66,.T.);
#1037=ADVANCED_FACE('',(#945),#12,.T.);
#1038=ADVANCED_FACE('',(#946),#13,.T.);
#1039=ADVANCED_FACE('',(#947),#14,.T.);
#1040=ADVANCED_FACE('',(#948),#15,.T.);
#1041=ADVANCED_FACE('',(#949),#67,.T.);
#1042=ADVANCED_FACE('',(#950),#29,.T.);
#1043=ADVANCED_FACE('',(#951),#68,.T.);
#1044=ADVANCED_FACE('',(#952),#69,.T.);
#1045=ADVANCED_FACE('',(#953),#70,.T.);
#1046=ADVANCED_FACE('',(#954),#71,.T.);
#1047=ADVANCED_FACE('',(#955),#16,.T.);
#1048=ADVANCED_FACE('',(#956),#17,.T.);
#1049=ADVANCED_FACE('',(#957),#18,.T.);
#1050=ADVANCED_FACE('',(#958),#19,.T.);
#1051=ADVANCED_FACE('',(#959),#37,.T.);
#1052=ADVANCED_FACE('',(#960),#72,.T.);
#1053=ADVANCED_FACE('',(#961),#73,.F.);
#1054=ADVANCED_FACE('',(#962),#74,.T.);
#1055=ADVANCED_FACE('',(#963),#75,.T.);
#1056=ADVANCED_FACE('',(#964),#76,.F.);
#1057=ADVANCED_FACE('',(#965),#38,.T.);
#1058=ADVANCED_FACE('',(#966),#39,.T.);
#1059=ADVANCED_FACE('',(#967),#30,.T.);
#1060=ADVANCED_FACE('',(#968),#31,.T.);
#1061=ADVANCED_FACE('',(#969),#77,.T.);
#1062=ADVANCED_FACE('',(#970),#40,.T.);
#1063=ADVANCED_FACE('',(#971),#78,.T.);
#1064=ADVANCED_FACE('',(#972),#79,.T.);
#1065=ADVANCED_FACE('',(#973),#80,.T.);
#1066=ADVANCED_FACE('',(#974),#81,.T.);
#1067=ADVANCED_FACE('',(#975),#20,.T.);
#1068=ADVANCED_FACE('',(#976),#21,.T.);
#1069=ADVANCED_FACE('',(#977),#22,.T.);
#1070=ADVANCED_FACE('',(#978),#23,.T.);
#1071=ADVANCED_FACE('',(#979),#32,.T.);
#1072=ADVANCED_FACE('',(#980),#82,.T.);
#1073=ADVANCED_FACE('',(#981),#83,.T.);
#1074=ADVANCED_FACE('',(#982),#84,.T.);
#1075=ADVANCED_FACE('',(#983),#85,.T.);
#1076=ADVANCED_FACE('',(#984),#86,.T.);
#1077=ADVANCED_FACE('',(#985),#24,.T.);
#1078=ADVANCED_FACE('',(#986),#25,.T.);
#1079=ADVANCED_FACE('',(#987),#26,.T.);
#1080=ADVANCED_FACE('',(#988),#27,.T.);
#1081=ADVANCED_FACE('',(#989),#87,.T.);
#1082=ADVANCED_FACE('',(#990),#41,.T.);
#1083=ADVANCED_FACE('',(#991),#88,.T.);
#1084=ADVANCED_FACE('',(#992),#89,.T.);
#1085=ADVANCED_FACE('',(#993),#42,.T.);
#1086=ADVANCED_FACE('',(#994),#33,.T.);
#1087=ADVANCED_FACE('',(#995),#90,.F.);
#1088=ADVANCED_FACE('',(#996,#997),#34,.T.);
#1089=CLOSED_SHELL('',(#1012,#1013,#1014,#1015,#1016,#1017,#1018,#1019,
#1020,#1021,#1022,#1023,#1024,#1025,#1026,#1027,#1028,#1029,#1030,#1031,
#1032,#1033,#1034,#1035,#1036,#1037,#1038,#1039,#1040,#1041,#1042,#1043,
#1044,#1045,#1046,#1047,#1048,#1049,#1050,#1051,#1052,#1053,#1054,#1055,
#1056,#1057,#1058,#1059,#1060,#1061,#1062,#1063,#1064,#1065,#1066,#1067,
#1068,#1069,#1070,#1071,#1072,#1073,#1074,#1075,#1076,#1077,#1078,#1079,
#1080,#1081,#1082,#1083,#1084,#1085,#1086,#1087,#1088));
#1090=STYLED_ITEM('',(#1091),#1098);
#1091=PRESENTATION_STYLE_ASSIGNMENT((#1092));
#1092=SURFACE_STYLE_USAGE(.BOTH.,#1093);
#1093=SURFACE_SIDE_STYLE('',(#1094));
#1094=SURFACE_STYLE_FILL_AREA(#1095);
#1095=FILL_AREA_STYLE('',(#1096));
#1096=FILL_AREA_STYLE_COLOUR('',#1097);
#1097=COLOUR_RGB('',0.231372549019608,0.380392156862745,0.705882352941177);
#1098=MANIFOLD_SOLID_BREP('BLOCKS_lens_clamp',#1089);
#1099=SHAPE_DEFINITION_REPRESENTATION(#2066,#1100);
#1100=SHAPE_REPRESENTATION('BLOCKS_lens_clamp',(#1101),#2061);
#1101=AXIS2_PLACEMENT_3D('',#1632,#1258,#1259);
#1102=AXIS2_PLACEMENT_3D('',#1633,#1260,#1261);
#1103=AXIS2_PLACEMENT_3D('',#1634,#1262,#1263);
#1104=AXIS2_PLACEMENT_3D('',#1636,#1264,#1265);
#1105=AXIS2_PLACEMENT_3D('',#1645,#1269,#1270);
#1106=AXIS2_PLACEMENT_3D('',#1653,#1274,#1275);
#1107=AXIS2_PLACEMENT_3D('',#1661,#1279,#1280);
#1108=AXIS2_PLACEMENT_3D('',#1668,#1284,#1285);
#1109=AXIS2_PLACEMENT_3D('',#1669,#1286,#1287);
#1110=AXIS2_PLACEMENT_3D('',#1679,#1289,#1290);
#1111=AXIS2_PLACEMENT_3D('',#1683,#1292,#1293);
#1112=AXIS2_PLACEMENT_3D('',#1692,#1295,#1296);
#1113=AXIS2_PLACEMENT_3D('',#1701,#1298,#1299);
#1114=AXIS2_PLACEMENT_3D('',#1705,#1301,#1302);
#1115=AXIS2_PLACEMENT_3D('',#1713,#1304,#1305);
#1116=AXIS2_PLACEMENT_3D('',#1722,#1310,#1311);
#1117=AXIS2_PLACEMENT_3D('',#1730,#1315,#1316);
#1118=AXIS2_PLACEMENT_3D('',#1731,#1317,#1318);
#1119=AXIS2_PLACEMENT_3D('',#1739,#1322,#1323);
#1120=AXIS2_PLACEMENT_3D('',#1740,#1324,#1325);
#1121=AXIS2_PLACEMENT_3D('',#1748,#1329,#1330);
#1122=AXIS2_PLACEMENT_3D('',#1749,#1331,#1332);
#1123=AXIS2_PLACEMENT_3D('',#1757,#1336,#1337);
#1124=AXIS2_PLACEMENT_3D('',#1758,#1338,#1339);
#1125=AXIS2_PLACEMENT_3D('',#1767,#1344,#1345);
#1126=AXIS2_PLACEMENT_3D('',#1776,#1350,#1351);
#1127=AXIS2_PLACEMENT_3D('',#1784,#1355,#1356);
#1128=AXIS2_PLACEMENT_3D('',#1785,#1357,#1358);
#1129=AXIS2_PLACEMENT_3D('',#1794,#1363,#1364);
#1130=AXIS2_PLACEMENT_3D('',#1803,#1369,#1370);
#1131=AXIS2_PLACEMENT_3D('',#1812,#1375,#1376);
#1132=AXIS2_PLACEMENT_3D('',#1820,#1380,#1381);
#1133=AXIS2_PLACEMENT_3D('',#1821,#1382,#1383);
#1134=AXIS2_PLACEMENT_3D('',#1822,#1384,#1385);
#1135=AXIS2_PLACEMENT_3D('',#1824,#1386,#1387);
#1136=AXIS2_PLACEMENT_3D('',#1826,#1388,#1389);
#1137=AXIS2_PLACEMENT_3D('',#1827,#1390,#1391);
#1138=AXIS2_PLACEMENT_3D('',#1832,#1392,#1393);
#1139=AXIS2_PLACEMENT_3D('',#1845,#1394,#1395);
#1140=AXIS2_PLACEMENT_3D('',#1846,#1396,#1397);
#1141=AXIS2_PLACEMENT_3D('',#1847,#1398,#1399);
#1142=AXIS2_PLACEMENT_3D('',#1848,#1400,#1401);
#1143=AXIS2_PLACEMENT_3D('',#1849,#1402,#1403);
#1144=AXIS2_PLACEMENT_3D('',#1862,#1404,#1405);
#1145=AXIS2_PLACEMENT_3D('',#1863,#1406,#1407);
#1146=AXIS2_PLACEMENT_3D('',#1864,#1408,#1409);
#1147=AXIS2_PLACEMENT_3D('',#1865,#1410,#1411);
#1148=AXIS2_PLACEMENT_3D('',#1866,#1412,#1413);
#1149=AXIS2_PLACEMENT_3D('',#1867,#1414,#1415);
#1150=AXIS2_PLACEMENT_3D('',#1868,#1416,#1417);
#1151=AXIS2_PLACEMENT_3D('',#1869,#1418,#1419);
#1152=AXIS2_PLACEMENT_3D('',#1870,#1420,#1421);
#1153=AXIS2_PLACEMENT_3D('',#1871,#1422,#1423);
#1154=AXIS2_PLACEMENT_3D('',#1872,#1424,#1425);
#1155=AXIS2_PLACEMENT_3D('',#1873,#1426,#1427);
#1156=AXIS2_PLACEMENT_3D('',#1874,#1428,#1429);
#1157=AXIS2_PLACEMENT_3D('',#1875,#1430,#1431);
#1158=AXIS2_PLACEMENT_3D('',#1876,#1432,#1433);
#1159=AXIS2_PLACEMENT_3D('',#1877,#1434,#1435);
#1160=AXIS2_PLACEMENT_3D('',#1878,#1436,#1437);
#1161=AXIS2_PLACEMENT_3D('',#1879,#1438,#1439);
#1162=AXIS2_PLACEMENT_3D('',#1880,#1440,#1441);
#1163=AXIS2_PLACEMENT_3D('',#1881,#1442,#1443);
#1164=AXIS2_PLACEMENT_3D('',#1882,#1444,#1445);
#1165=AXIS2_PLACEMENT_3D('',#1883,#1446,#1447);
#1166=AXIS2_PLACEMENT_3D('',#1884,#1448,#1449);
#1167=AXIS2_PLACEMENT_3D('',#1885,#1450,#1451);
#1168=AXIS2_PLACEMENT_3D('',#1886,#1452,#1453);
#1169=AXIS2_PLACEMENT_3D('',#1887,#1454,#1455);
#1170=AXIS2_PLACEMENT_3D('',#1888,#1456,#1457);
#1171=AXIS2_PLACEMENT_3D('',#1889,#1458,#1459);
#1172=AXIS2_PLACEMENT_3D('',#1890,#1460,#1461);
#1173=AXIS2_PLACEMENT_3D('',#1891,#1462,#1463);
#1174=AXIS2_PLACEMENT_3D('',#1892,#1464,#1465);
#1175=AXIS2_PLACEMENT_3D('',#1893,#1466,#1467);
#1176=AXIS2_PLACEMENT_3D('',#1894,#1468,#1469);
#1177=AXIS2_PLACEMENT_3D('',#1895,#1470,#1471);
#1178=AXIS2_PLACEMENT_3D('',#1896,#1472,#1473);
#1179=AXIS2_PLACEMENT_3D('',#1897,#1474,#1475);
#1180=AXIS2_PLACEMENT_3D('',#1898,#1476,#1477);
#1181=AXIS2_PLACEMENT_3D('',#1899,#1478,#1479);
#1182=AXIS2_PLACEMENT_3D('',#1900,#1480,#1481);
#1183=AXIS2_PLACEMENT_3D('',#1901,#1482,#1483);
#1184=AXIS2_PLACEMENT_3D('',#1902,#1484,#1485);
#1185=AXIS2_PLACEMENT_3D('',#1903,#1486,#1487);
#1186=AXIS2_PLACEMENT_3D('',#1904,#1488,#1489);
#1187=AXIS2_PLACEMENT_3D('',#1917,#1490,#1491);
#1188=AXIS2_PLACEMENT_3D('',#1918,#1492,#1493);
#1189=AXIS2_PLACEMENT_3D('',#1919,#1494,#1495);
#1190=AXIS2_PLACEMENT_3D('',#1920,#1496,#1497);
#1191=AXIS2_PLACEMENT_3D('',#1921,#1498,#1499);
#1192=AXIS2_PLACEMENT_3D('',#1926,#1500,#1501);
#1193=AXIS2_PLACEMENT_3D('',#1927,#1502,#1503);
#1194=AXIS2_PLACEMENT_3D('',#1928,#1504,#1505);
#1195=AXIS2_PLACEMENT_3D('',#1929,#1506,#1507);
#1196=AXIS2_PLACEMENT_3D('',#1930,#1508,#1509);
#1197=AXIS2_PLACEMENT_3D('',#1935,#1510,#1511);
#1198=AXIS2_PLACEMENT_3D('',#1948,#1512,#1513);
#1199=AXIS2_PLACEMENT_3D('',#1961,#1514,#1515);
#1200=AXIS2_PLACEMENT_3D('',#1962,#1516,#1517);
#1201=AXIS2_PLACEMENT_3D('',#1963,#1518,#1519);
#1202=AXIS2_PLACEMENT_3D('',#1964,#1520,#1521);
#1203=AXIS2_PLACEMENT_3D('',#1965,#1522,#1523);
#1204=AXIS2_PLACEMENT_3D('',#1966,#1524,#1525);
#1205=AXIS2_PLACEMENT_3D('',#1967,#1526,#1527);
#1206=AXIS2_PLACEMENT_3D('',#1980,#1528,#1529);
#1207=AXIS2_PLACEMENT_3D('',#1981,#1530,#1531);
#1208=AXIS2_PLACEMENT_3D('',#1982,#1532,#1533);
#1209=AXIS2_PLACEMENT_3D('',#1983,#1534,#1535);
#1210=AXIS2_PLACEMENT_3D('',#1984,#1536,#1537);
#1211=AXIS2_PLACEMENT_3D('',#1985,#1538,#1539);
#1212=AXIS2_PLACEMENT_3D('',#1986,#1540,#1541);
#1213=AXIS2_PLACEMENT_3D('',#1987,#1542,#1543);
#1214=AXIS2_PLACEMENT_3D('',#1988,#1544,#1545);
#1215=AXIS2_PLACEMENT_3D('',#1989,#1546,#1547);
#1216=AXIS2_PLACEMENT_3D('',#1990,#1548,#1549);
#1217=AXIS2_PLACEMENT_3D('',#1991,#1550,#1551);
#1218=AXIS2_PLACEMENT_3D('',#1992,#1552,#1553);
#1219=AXIS2_PLACEMENT_3D('',#1993,#1554,#1555);
#1220=AXIS2_PLACEMENT_3D('',#1994,#1556,#1557);
#1221=AXIS2_PLACEMENT_3D('',#1995,#1558,#1559);
#1222=AXIS2_PLACEMENT_3D('',#1996,#1560,#1561);
#1223=AXIS2_PLACEMENT_3D('',#1997,#1562,#1563);
#1224=AXIS2_PLACEMENT_3D('',#1998,#1564,#1565);
#1225=AXIS2_PLACEMENT_3D('',#1999,#1566,#1567);
#1226=AXIS2_PLACEMENT_3D('',#2000,#1568,#1569);
#1227=AXIS2_PLACEMENT_3D('',#2001,#1570,#1571);
#1228=AXIS2_PLACEMENT_3D('',#2002,#1572,#1573);
#1229=AXIS2_PLACEMENT_3D('',#2003,#1574,#1575);
#1230=AXIS2_PLACEMENT_3D('',#2004,#1576,#1577);
#1231=AXIS2_PLACEMENT_3D('',#2005,#1578,#1579);
#1232=AXIS2_PLACEMENT_3D('',#2006,#1580,#1581);
#1233=AXIS2_PLACEMENT_3D('',#2007,#1582,#1583);
#1234=AXIS2_PLACEMENT_3D('',#2008,#1584,#1585);
#1235=AXIS2_PLACEMENT_3D('',#2009,#1586,#1587);
#1236=AXIS2_PLACEMENT_3D('',#2010,#1588,#1589);
#1237=AXIS2_PLACEMENT_3D('',#2011,#1590,#1591);
#1238=AXIS2_PLACEMENT_3D('',#2012,#1592,#1593);
#1239=AXIS2_PLACEMENT_3D('',#2013,#1594,#1595);
#1240=AXIS2_PLACEMENT_3D('',#2014,#1596,#1597);
#1241=AXIS2_PLACEMENT_3D('',#2015,#1598,#1599);
#1242=AXIS2_PLACEMENT_3D('',#2016,#1600,#1601);
#1243=AXIS2_PLACEMENT_3D('',#2017,#1602,#1603);
#1244=AXIS2_PLACEMENT_3D('',#2018,#1604,#1605);
#1245=AXIS2_PLACEMENT_3D('',#2019,#1606,#1607);
#1246=AXIS2_PLACEMENT_3D('',#2020,#1608,#1609);
#1247=AXIS2_PLACEMENT_3D('',#2021,#1610,#1611);
#1248=AXIS2_PLACEMENT_3D('',#2022,#1612,#1613);
#1249=AXIS2_PLACEMENT_3D('',#2035,#1614,#1615);
#1250=AXIS2_PLACEMENT_3D('',#2036,#1616,#1617);
#1251=AXIS2_PLACEMENT_3D('',#2037,#1618,#1619);
#1252=AXIS2_PLACEMENT_3D('',#2038,#1620,#1621);
#1253=AXIS2_PLACEMENT_3D('',#2039,#1622,#1623);
#1254=AXIS2_PLACEMENT_3D('',#2056,#1624,#1625);
#1255=AXIS2_PLACEMENT_3D('',#2057,#1626,#1627);
#1256=AXIS2_PLACEMENT_3D('',#2058,#1628,#1629);
#1257=AXIS2_PLACEMENT_3D('',#2059,#1630,#1631);
#1258=DIRECTION('',(0.,0.,1.));
#1259=DIRECTION('',(1.,0.,0.));
#1260=DIRECTION('',(0.,1.,0.));
#1261=DIRECTION('',(-1.,0.,0.));
#1262=DIRECTION('',(0.,1.,0.));
#1263=DIRECTION('',(0.,0.,1.));
#1264=DIRECTION('',(0.,1.,0.));
#1265=DIRECTION('',(0.,0.,1.));
#1266=DIRECTION('',(-0.832050294337843,0.,-0.55470019622523));
#1267=DIRECTION('',(0.,0.,-1.));
#1268=DIRECTION('',(0.832050294337844,0.,-0.554700196225229));
#1269=DIRECTION('',(0.,1.,0.));
#1270=DIRECTION('',(0.,0.,1.));
#1271=DIRECTION('',(0.,0.,-1.));
#1272=DIRECTION('',(1.,0.,0.));
#1273=DIRECTION('',(0.,0.,1.));
#1274=DIRECTION('',(0.,1.,0.));
#1275=DIRECTION('',(0.,0.,1.));
#1276=DIRECTION('',(0.832050294337843,0.,0.55470019622523));
#1277=DIRECTION('',(0.,0.,1.));
#1278=DIRECTION('',(-0.832050294337843,0.,0.55470019622523));
#1279=DIRECTION('',(0.,1.,0.));
#1280=DIRECTION('',(0.,0.,1.));
#1281=DIRECTION('',(0.,0.,1.));
#1282=DIRECTION('',(-1.,0.,0.));
#1283=DIRECTION('',(0.,0.,-1.));
#1284=DIRECTION('',(0.,0.,-1.));
#1285=DIRECTION('',(-1.,0.,0.));
#1286=DIRECTION('',(0.,0.,-1.));
#1287=DIRECTION('',(-1.,0.,0.));
#1288=DIRECTION('',(0.,0.,-1.));
#1289=DIRECTION('',(0.569209978830309,0.,0.822192191643779));
#1290=DIRECTION('',(0.822192191643778,0.,-0.569209978830308));
#1291=DIRECTION('',(0.,0.,-1.));
#1292=DIRECTION('',(0.569209978830309,0.,-0.822192191643778));
#1293=DIRECTION('',(-0.822192191643778,0.,-0.569209978830309));
#1294=DIRECTION('',(0.,0.,-1.));
#1295=DIRECTION('',(0.,0.,1.));
#1296=DIRECTION('',(1.,0.,0.));
#1297=DIRECTION('',(0.,0.,-1.));
#1298=DIRECTION('',(-0.569209978830309,0.,-0.822192191643778));
#1299=DIRECTION('',(0.822192191643778,0.,-0.569209978830309));
#1300=DIRECTION('',(0.,0.,-1.));
#1301=DIRECTION('',(-0.569209978830309,0.,0.822192191643778));
#1302=DIRECTION('',(-0.822192191643778,0.,-0.569209978830309));
#1303=DIRECTION('',(0.,0.,-1.));
#1304=DIRECTION('',(-1.,0.,0.));
#1305=DIRECTION('',(0.,0.,1.));
#1306=DIRECTION('',(0.,-1.,0.));
#1307=DIRECTION('',(0.,0.,-1.));
#1308=DIRECTION('',(0.,-1.,0.));
#1309=DIRECTION('',(0.,0.,-1.));
#1310=DIRECTION('',(0.,0.,-1.));
#1311=DIRECTION('',(-1.,0.,0.));
#1312=DIRECTION('',(0.,-1.,0.));
#1313=DIRECTION('',(1.,0.,0.));
#1314=DIRECTION('',(0.,-1.,0.));
#1315=DIRECTION('',(0.,0.,-1.));
#1316=DIRECTION('',(-1.,0.,0.));
#1317=DIRECTION('',(0.55470019622523,0.,-0.832050294337843));
#1318=DIRECTION('',(-0.832050294337843,0.,-0.55470019622523));
#1319=DIRECTION('',(0.,-1.,0.));
#1320=DIRECTION('',(0.832050294337843,0.,0.55470019622523));
#1321=DIRECTION('',(0.,-1.,0.));
#1322=DIRECTION('',(0.55470019622523,0.,-0.832050294337843));
#1323=DIRECTION('',(-0.832050294337843,0.,-0.55470019622523));
#1324=DIRECTION('',(0.55470019622523,0.,0.832050294337843));
#1325=DIRECTION('',(0.832050294337843,0.,-0.55470019622523));
#1326=DIRECTION('',(0.,-1.,0.));
#1327=DIRECTION('',(-0.832050294337843,0.,0.55470019622523));
#1328=DIRECTION('',(0.,-1.,0.));
#1329=DIRECTION('',(0.55470019622523,0.,0.832050294337843));
#1330=DIRECTION('',(0.832050294337843,0.,-0.55470019622523));
#1331=DIRECTION('',(0.,0.,1.));
#1332=DIRECTION('',(1.,0.,0.));
#1333=DIRECTION('',(0.,-1.,0.));
#1334=DIRECTION('',(-1.,0.,0.));
#1335=DIRECTION('',(0.,-1.,0.));
#1336=DIRECTION('',(0.,0.,1.));
#1337=DIRECTION('',(1.,0.,0.));
#1338=DIRECTION('',(-1.,0.,0.));
#1339=DIRECTION('',(0.,0.,1.));
#1340=DIRECTION('',(0.,0.,-1.));
#1341=DIRECTION('',(0.,-1.,0.));
#1342=DIRECTION('',(0.,0.,-1.));
#1343=DIRECTION('',(0.,-1.,0.));
#1344=DIRECTION('',(-1.,0.,0.));
#1345=DIRECTION('',(0.,0.,1.));
#1346=DIRECTION('',(0.,-1.,0.));
#1347=DIRECTION('',(0.,0.,-1.));
#1348=DIRECTION('',(0.,-1.,0.));
#1349=DIRECTION('',(0.,0.,-1.));
#1350=DIRECTION('',(-0.554700196225229,0.,-0.832050294337844));
#1351=DIRECTION('',(-0.832050294337844,0.,0.554700196225229));
#1352=DIRECTION('',(0.,-1.,0.));
#1353=DIRECTION('',(0.832050294337844,0.,-0.554700196225229));
#1354=DIRECTION('',(0.,-1.,0.));
#1355=DIRECTION('',(-0.554700196225229,0.,-0.832050294337844));
#1356=DIRECTION('',(0.832050294337844,0.,-0.554700196225229));
#1357=DIRECTION('',(1.,0.,0.));
#1358=DIRECTION('',(0.,0.,-1.));
#1359=DIRECTION('',(0.,-1.,0.));
#1360=DIRECTION('',(0.,0.,1.));
#1361=DIRECTION('',(0.,-1.,0.));
#1362=DIRECTION('',(0.,0.,-1.));
#1363=DIRECTION('',(1.,0.,0.));
#1364=DIRECTION('',(0.,0.,-1.));
#1365=DIRECTION('',(0.,-1.,0.));
#1366=DIRECTION('',(0.,0.,1.));
#1367=DIRECTION('',(0.,-1.,0.));
#1368=DIRECTION('',(0.,0.,-1.));
#1369=DIRECTION('',(1.,0.,0.));
#1370=DIRECTION('',(0.,0.,-1.));
#1371=DIRECTION('',(0.,0.,1.));
#1372=DIRECTION('',(0.,-1.,0.));
#1373=DIRECTION('',(0.,0.,-1.));
#1374=DIRECTION('',(0.,-1.,0.));
#1375=DIRECTION('',(-0.55470019622523,0.,0.832050294337843));
#1376=DIRECTION('',(0.832050294337843,0.,0.55470019622523));
#1377=DIRECTION('',(0.,-1.,0.));
#1378=DIRECTION('',(-0.832050294337843,0.,-0.55470019622523));
#1379=DIRECTION('',(0.,-1.,0.));
#1380=DIRECTION('',(-0.55470019622523,0.,0.832050294337843));
#1381=DIRECTION('',(-0.832050294337843,0.,-0.55470019622523));
#1382=DIRECTION('',(0.,-1.,0.));
#1383=DIRECTION('',(0.,0.,-1.));
#1384=DIRECTION('',(0.,1.,0.));
#1385=DIRECTION('',(0.,0.,1.));
#1386=DIRECTION('',(0.,-1.,0.));
#1387=DIRECTION('',(0.,0.,-1.));
#1388=DIRECTION('',(0.,-1.,0.));
#1389=DIRECTION('',(1.,0.,0.));
#1390=DIRECTION('',(0.,1.,0.));
#1391=DIRECTION('',(0.,0.,1.));
#1392=DIRECTION('',(0.,1.,0.));
#1393=DIRECTION('',(0.,0.,1.));
#1394=DIRECTION('',(0.,0.,-1.));
#1395=DIRECTION('',(-1.,0.,0.));
#1396=DIRECTION('',(-0.801391373702732,-0.268955646903816,0.534260915801819));
#1397=DIRECTION('',(0.554700196225228,0.,0.832050294337845));
#1398=DIRECTION('',(0.,1.,0.));
#1399=DIRECTION('',(0.,0.,1.));
#1400=DIRECTION('',(-0.832050294337845,0.,0.554700196225228));
#1401=DIRECTION('',(0.554700196225228,0.,0.832050294337845));
#1402=DIRECTION('',(0.,0.,-1.));
#1403=DIRECTION('',(-1.,0.,0.));
#1404=DIRECTION('',(0.783078996292985,0.338006362915433,-0.52205266419534));
#1405=DIRECTION('',(-0.554700196225241,0.,-0.832050294337836));
#1406=DIRECTION('',(0.,0.,-1.));
#1407=DIRECTION('',(-1.,0.,0.));
#1408=DIRECTION('',(0.,0.,1.));
#1409=DIRECTION('',(1.,0.,0.));
#1410=DIRECTION('',(0.,-1.,0.));
#1411=DIRECTION('',(0.,0.,-1.));
#1412=DIRECTION('',(0.,-1.,0.));
#1413=DIRECTION('',(0.,0.,-1.));
#1414=DIRECTION('',(-1.04083408558608E-14,1.,0.));
#1415=DIRECTION('',(-1.,-1.04083408558608E-14,0.));
#1416=DIRECTION('',(0.,0.,-1.));
#1417=DIRECTION('',(-1.,0.,0.));
#1418=DIRECTION('',(0.,0.,1.));
#1419=DIRECTION('',(1.,0.,0.));
#1420=DIRECTION('',(0.832050294337844,0.,-0.554700196225229));
#1421=DIRECTION('',(-0.554700196225229,0.,-0.832050294337844));
#1422=DIRECTION('',(0.832050294337845,-5.77350871512508E-15,-0.554700196225228));
#1423=DIRECTION('',(-0.554700196225228,0.,-0.832050294337845));
#1424=DIRECTION('',(0.,-1.,0.));
#1425=DIRECTION('',(0.,0.,-1.));
#1426=DIRECTION('',(3.46944695195364E-15,1.,-2.31296463463575E-15));
#1427=DIRECTION('',(-1.,3.46944695195364E-15,0.));
#1428=DIRECTION('',(0.,-1.,0.));
#1429=DIRECTION('',(0.,0.,-1.));
#1430=DIRECTION('',(-0.396296296296298,0.918122674560343,1.38777878078144E-14));
#1431=DIRECTION('',(-0.918122674560343,-0.396296296296298,0.));
#1432=DIRECTION('',(0.,-1.51153960057244E-14,1.));
#1433=DIRECTION('',(0.,-1.,-1.51153960057244E-14));
#1434=DIRECTION('',(-2.60208521396521E-15,-6.93889390390722E-15,1.));
#1435=DIRECTION('',(0.,-1.,-6.93889390390722E-15));
#1436=DIRECTION('',(0.958472435780441,0.285185185185185,3.16727671707944E-15));
#1437=DIRECTION('',(-0.285185185185185,0.958472435780441,0.));
#1438=DIRECTION('',(1.,0.,0.));
#1439=DIRECTION('',(0.,0.,-1.));
#1440=DIRECTION('',(1.,0.,0.));
#1441=DIRECTION('',(0.,0.,-1.));
#1442=DIRECTION('',(-1.73472347597681E-15,-1.,0.));
#1443=DIRECTION('',(1.,-1.73472347597681E-15,0.));
#1444=DIRECTION('',(0.,0.,1.));
#1445=DIRECTION('',(1.,0.,0.));
#1446=DIRECTION('',(0.,0.,-1.));
#1447=DIRECTION('',(-1.,0.,0.));
#1448=DIRECTION('',(1.38777878078145E-14,5.99017545412044E-15,-1.));
#1449=DIRECTION('',(-1.,0.,-1.38777878078145E-14));
#1450=DIRECTION('',(0.,0.,-1.));
#1451=DIRECTION('',(-1.,0.,0.));
#1452=DIRECTION('',(-0.958472435780442,0.285185185185183,0.));
#1453=DIRECTION('',(-0.285185185185183,-0.958472435780442,0.));
#1454=DIRECTION('',(0.,-1.,0.));
#1455=DIRECTION('',(0.,0.,-1.));
#1456=DIRECTION('',(0.,-1.,0.));
#1457=DIRECTION('',(0.,0.,-1.));
#1458=DIRECTION('',(0.,1.,1.04083408558608E-14));
#1459=DIRECTION('',(0.,-1.04083408558608E-14,1.));
#1460=DIRECTION('',(1.,0.,0.));
#1461=DIRECTION('',(0.,0.,-1.));
#1462=DIRECTION('',(-1.,0.,0.));
#1463=DIRECTION('',(0.,0.,1.));
#1464=DIRECTION('',(0.,0.,-1.));
#1465=DIRECTION('',(-1.,0.,0.));
#1466=DIRECTION('',(0.,0.,-1.));
#1467=DIRECTION('',(-1.,0.,0.));
#1468=DIRECTION('',(0.,-1.,0.));
#1469=DIRECTION('',(0.,0.,-1.));
#1470=DIRECTION('',(0.,1.,0.));
#1471=DIRECTION('',(0.,0.,1.));
#1472=DIRECTION('',(0.,-1.,0.));
#1473=DIRECTION('',(0.,0.,-1.));
#1474=DIRECTION('',(-0.396296296296298,0.918122674560343,-1.38777878078144E-14));
#1475=DIRECTION('',(-0.918122674560343,-0.396296296296298,0.));
#1476=DIRECTION('',(0.783078996292988,0.338006362915448,0.522052664195325));
#1477=DIRECTION('',(0.554700196225229,0.,-0.832050294337844));
#1478=DIRECTION('',(2.60208521396521E-15,-6.93889390390722E-15,1.));
#1479=DIRECTION('',(0.,-1.,-6.93889390390722E-15));
#1480=DIRECTION('',(0.,0.,1.));
#1481=DIRECTION('',(1.,0.,0.));
#1482=DIRECTION('',(0.,0.,1.));
#1483=DIRECTION('',(1.,0.,0.));
#1484=DIRECTION('',(0.,0.,1.));
#1485=DIRECTION('',(1.,0.,0.));
#1486=DIRECTION('',(-1.73472347597681E-15,-1.,0.));
#1487=DIRECTION('',(1.,-1.73472347597681E-15,0.));
#1488=DIRECTION('',(0.832050294337842,0.,0.554700196225231));
#1489=DIRECTION('',(0.554700196225231,0.,-0.832050294337842));
#1490=DIRECTION('',(-0.801391373702731,-0.268955646903818,-0.53426091580182));
#1491=DIRECTION('',(-0.554700196225228,0.,0.832050294337844));
#1492=DIRECTION('',(0.,0.,-1.));
#1493=DIRECTION('',(-1.,0.,0.));
#1494=DIRECTION('',(0.,0.,-1.));
#1495=DIRECTION('',(-1.,0.,0.));
#1496=DIRECTION('',(0.,1.,0.));
#1497=DIRECTION('',(0.,0.,1.));
#1498=DIRECTION('',(0.,1.,0.));
#1499=DIRECTION('',(0.,0.,1.));
#1500=DIRECTION('',(0.,0.,1.));
#1501=DIRECTION('',(1.,0.,0.));
#1502=DIRECTION('',(0.,0.,-1.));
#1503=DIRECTION('',(-1.,0.,0.));
#1504=DIRECTION('',(-0.832050294337843,0.,-0.55470019622523));
#1505=DIRECTION('',(-0.55470019622523,0.,0.832050294337843));
#1506=DIRECTION('',(-0.832050294337844,0.,-0.554700196225229));
#1507=DIRECTION('',(-0.554700196225229,0.,0.832050294337844));
#1508=DIRECTION('',(0.,1.,0.));
#1509=DIRECTION('',(0.,0.,1.));
#1510=DIRECTION('',(0.,1.,0.));
#1511=DIRECTION('',(0.,0.,1.));
#1512=DIRECTION('',(0.,0.,1.));
#1513=DIRECTION('',(1.,0.,0.));
#1514=DIRECTION('',(0.801391373702732,-0.268955646903818,0.534260915801818));
#1515=DIRECTION('',(0.554700196225227,0.,-0.832050294337845));
#1516=DIRECTION('',(0.,1.,0.));
#1517=DIRECTION('',(0.,0.,1.));
#1518=DIRECTION('',(0.832050294337844,-1.44337717878127E-15,0.554700196225229));
#1519=DIRECTION('',(0.554700196225229,0.,-0.832050294337844));
#1520=DIRECTION('',(0.,1.,0.));
#1521=DIRECTION('',(0.,0.,1.));
#1522=DIRECTION('',(0.,0.,1.));
#1523=DIRECTION('',(1.,0.,0.));
#1524=DIRECTION('',(0.,0.,-1.));
#1525=DIRECTION('',(-1.,0.,0.));
#1526=DIRECTION('',(0.,0.,-1.));
#1527=DIRECTION('',(-1.,0.,0.));
#1528=DIRECTION('',(-0.783078996292992,0.338006362915436,-0.522052664195327));
#1529=DIRECTION('',(-0.554700196225229,0.,0.832050294337844));
#1530=DIRECTION('',(0.,-1.,0.));
#1531=DIRECTION('',(0.,0.,-1.));
#1532=DIRECTION('',(0.,-1.,0.));
#1533=DIRECTION('',(0.,0.,-1.));
#1534=DIRECTION('',(0.,1.,-4.16975629425699E-15));
#1535=DIRECTION('',(0.,4.16975629425699E-15,1.));
#1536=DIRECTION('',(0.832050294337843,0.,0.55470019622523));
#1537=DIRECTION('',(0.55470019622523,0.,-0.832050294337843));
#1538=DIRECTION('',(-0.832050294337844,0.,-0.554700196225229));
#1539=DIRECTION('',(-0.554700196225229,0.,0.832050294337844));
#1540=DIRECTION('',(0.,0.,-1.));
#1541=DIRECTION('',(-1.,0.,0.));
#1542=DIRECTION('',(0.,0.,-1.));
#1543=DIRECTION('',(-1.,0.,0.));
#1544=DIRECTION('',(0.,-1.,0.));
#1545=DIRECTION('',(0.,0.,-1.));
#1546=DIRECTION('',(0.,1.,-1.04083408558608E-14));
#1547=DIRECTION('',(0.,1.04083408558608E-14,1.));
#1548=DIRECTION('',(0.,-1.,0.));
#1549=DIRECTION('',(0.,0.,-1.));
#1550=DIRECTION('',(-2.60208521396521E-15,-3.46944695195361E-15,-1.));
#1551=DIRECTION('',(0.,1.,-3.46944695195361E-15));
#1552=DIRECTION('',(0.958472435780442,0.285185185185182,0.));
#1553=DIRECTION('',(-0.285185185185182,0.958472435780442,0.));
#1554=DIRECTION('',(0.396296296296293,0.918122674560345,0.));
#1555=DIRECTION('',(-0.918122674560345,0.396296296296293,0.));
#1556=DIRECTION('',(0.,0.,1.));
#1557=DIRECTION('',(1.,0.,0.));
#1558=DIRECTION('',(0.,-1.,0.));
#1559=DIRECTION('',(0.,0.,-1.));
#1560=DIRECTION('',(0.,0.,1.));
#1561=DIRECTION('',(1.,0.,0.));
#1562=DIRECTION('',(1.,0.,0.));
#1563=DIRECTION('',(0.,0.,-1.));
#1564=DIRECTION('',(1.,0.,0.));
#1565=DIRECTION('',(0.,0.,-1.));
#1566=DIRECTION('',(0.,0.,1.));
#1567=DIRECTION('',(1.,0.,0.));
#1568=DIRECTION('',(-0.958472435780441,0.285185185185185,-2.33593439936694E-15));
#1569=DIRECTION('',(-0.285185185185185,-0.958472435780441,0.));
#1570=DIRECTION('',(0.,0.,-1.));
#1571=DIRECTION('',(-1.,0.,0.));
#1572=DIRECTION('',(0.,0.,-1.));
#1573=DIRECTION('',(-1.,0.,0.));
#1574=DIRECTION('',(0.,-1.,0.));
#1575=DIRECTION('',(0.,0.,-1.));
#1576=DIRECTION('',(0.,-1.,0.));
#1577=DIRECTION('',(0.,0.,-1.));
#1578=DIRECTION('',(0.,1.,0.));
#1579=DIRECTION('',(0.,0.,1.));
#1580=DIRECTION('',(0.,0.,1.));
#1581=DIRECTION('',(1.,0.,0.));
#1582=DIRECTION('',(0.,0.,-1.));
#1583=DIRECTION('',(-1.,0.,0.));
#1584=DIRECTION('',(-1.,0.,0.));
#1585=DIRECTION('',(0.,0.,1.));
#1586=DIRECTION('',(-1.,0.,0.));
#1587=DIRECTION('',(0.,0.,1.));
#1588=DIRECTION('',(0.,-1.,0.));
#1589=DIRECTION('',(0.,0.,-1.));
#1590=DIRECTION('',(1.04083408558608E-14,1.,0.));
#1591=DIRECTION('',(-1.,1.04083408558608E-14,0.));
#1592=DIRECTION('',(0.,-1.,0.));
#1593=DIRECTION('',(0.,0.,-1.));
#1594=DIRECTION('',(2.60208521396521E-15,-6.93889390390722E-15,-1.));
#1595=DIRECTION('',(0.,1.,-6.93889390390722E-15));
#1596=DIRECTION('',(0.,0.,-1.));
#1597=DIRECTION('',(-1.,0.,0.));
#1598=DIRECTION('',(0.396296296296296,0.918122674560343,0.));
#1599=DIRECTION('',(-0.918122674560343,0.396296296296296,0.));
#1600=DIRECTION('',(-0.783078996292993,0.338006362915436,0.522052664195325));
#1601=DIRECTION('',(0.554700196225227,0.,0.832050294337846));
#1602=DIRECTION('',(1.73472347597681E-15,-1.,0.));
#1603=DIRECTION('',(1.,1.73472347597681E-15,0.));
#1604=DIRECTION('',(-0.832050294337845,0.,0.554700196225228));
#1605=DIRECTION('',(0.554700196225228,0.,0.832050294337845));
#1606=DIRECTION('',(0.,0.,-1.));
#1607=DIRECTION('',(-1.,0.,0.));
#1608=DIRECTION('',(0.,0.,-1.));
#1609=DIRECTION('',(-1.,0.,0.));
#1610=DIRECTION('',(0.,0.,-1.));
#1611=DIRECTION('',(-1.,0.,0.));
#1612=DIRECTION('',(0.,0.,1.));
#1613=DIRECTION('',(1.,0.,0.));
#1614=DIRECTION('',(0.801391373702731,-0.268955646903816,-0.53426091580182));
#1615=DIRECTION('',(-0.554700196225229,0.,-0.832050294337844));
#1616=DIRECTION('',(-0.832050294337843,0.,0.55470019622523));
#1617=DIRECTION('',(0.55470019622523,0.,0.832050294337843));
#1618=DIRECTION('',(0.832050294337844,0.,-0.554700196225229));
#1619=DIRECTION('',(-0.554700196225229,0.,-0.832050294337844));
#1620=DIRECTION('',(0.,0.,1.));
#1621=DIRECTION('',(1.,0.,0.));
#1622=DIRECTION('',(0.,0.,1.));
#1623=DIRECTION('',(1.,0.,0.));
#1624=DIRECTION('',(0.,1.,0.));
#1625=DIRECTION('',(0.,0.,1.));
#1626=DIRECTION('',(0.,1.,0.));
#1627=DIRECTION('',(0.,0.,1.));
#1628=DIRECTION('',(0.,1.,0.));
#1629=DIRECTION('',(0.,0.,1.));
#1630=DIRECTION('',(0.,1.,0.));
#1631=DIRECTION('',(0.,0.,1.));
#1632=CARTESIAN_POINT('',(0.,0.,0.));
#1633=CARTESIAN_POINT('',(0.,-0.022,-0.057));
#1634=CARTESIAN_POINT('',(6.07153216591882E-18,-0.022,-0.057));
#1635=CARTESIAN_POINT('',(6.07153216591882E-18,-0.022,-0.054875));
#1636=CARTESIAN_POINT('',(0.00485,-0.022,-0.0611873143154708));
#1637=CARTESIAN_POINT('',(0.00429529980377477,-0.022,-0.060355264021133));
#1638=CARTESIAN_POINT('',(0.00385,-0.022,-0.0611873143154708));
#1639=CARTESIAN_POINT('',(0.00287021410322284,-0.022,-0.0613053211548343));
#1640=CARTESIAN_POINT('',(0.00535,-0.022,-0.0596521305569828));
#1641=CARTESIAN_POINT('',(0.00535,-0.022,-0.057));
#1642=CARTESIAN_POINT('',(0.00535,-0.022,-0.0543478694430172));
#1643=CARTESIAN_POINT('',(0.00287021410322283,-0.022,-0.0526946788451658));
#1644=CARTESIAN_POINT('',(0.00429529980377477,-0.022,-0.053644735978867));
#1645=CARTESIAN_POINT('',(0.00485,-0.022,-0.0528126856845292));
#1646=CARTESIAN_POINT('',(0.00385,-0.022,-0.0528126856845292));
#1647=CARTESIAN_POINT('',(0.00385,-0.022,-0.057));
#1648=CARTESIAN_POINT('',(0.00385,-0.022,-0.05265));
#1649=CARTESIAN_POINT('',(0.,-0.022,-0.05265));
#1650=CARTESIAN_POINT('',(-0.00385,-0.022,-0.05265));
#1651=CARTESIAN_POINT('',(-0.00385,-0.022,-0.057));
#1652=CARTESIAN_POINT('',(-0.00385,-0.022,-0.0528126856845292));
#1653=CARTESIAN_POINT('',(-0.00485,-0.022,-0.0528126856845292));
#1654=CARTESIAN_POINT('',(-0.00429529980377477,-0.022,-0.0536447359788671));
#1655=CARTESIAN_POINT('',(-0.00287021410322284,-0.022,-0.0526946788451658));
#1656=CARTESIAN_POINT('',(-0.00535,-0.022,-0.0543478694430172));
#1657=CARTESIAN_POINT('',(-0.00535,-0.022,-0.057));
#1658=CARTESIAN_POINT('',(-0.00535,-0.022,-0.0596521305569828));
#1659=CARTESIAN_POINT('',(-0.00287021410322284,-0.022,-0.0613053211548343));
#1660=CARTESIAN_POINT('',(-0.00429529980377477,-0.022,-0.060355264021133));
#1661=CARTESIAN_POINT('',(-0.00485,-0.022,-0.0611873143154708));
#1662=CARTESIAN_POINT('',(-0.00385,-0.022,-0.0611873143154708));
#1663=CARTESIAN_POINT('',(-0.00385,-0.022,-0.057));
#1664=CARTESIAN_POINT('',(-0.00385,-0.022,-0.06135));
#1665=CARTESIAN_POINT('',(0.,-0.022,-0.06135));
#1666=CARTESIAN_POINT('',(0.00385,-0.022,-0.06135));
#1667=CARTESIAN_POINT('',(0.00385,-0.022,-0.057));
#1668=CARTESIAN_POINT('',(8.67361737988404E-19,-0.000707106781186541,-0.052));
#1669=CARTESIAN_POINT('',(8.67361737988404E-19,-0.000707106781186541,-0.05265));
#1670=CARTESIAN_POINT('',(-0.0037074074074074,-0.0131672484463323,-0.05265));
#1671=CARTESIAN_POINT('',(0.00370740740740741,-0.0131672484463323,-0.05265));
#1672=CARTESIAN_POINT('',(0.00370740740740741,-0.0131672484463323,-0.052));
#1673=CARTESIAN_POINT('',(0.00370740740740741,-0.0131672484463323,-0.0528126856845292));
#1674=CARTESIAN_POINT('',(0.00413621462585719,-0.0130315430185503,-0.053644735978867));
#1675=CARTESIAN_POINT('',(0.00387352445102053,-0.0131197046936405,-0.0534628735501339));
#1676=CARTESIAN_POINT('',(0.00370740740740741,-0.0131672484463323,-0.053144152419487));
#1677=CARTESIAN_POINT('',(0.00370740740740741,-0.0131672484463323,-0.0528126856845292));
#1678=CARTESIAN_POINT('',(0.00413621462585719,-0.0130315430185503,-0.053644735978867));
#1679=CARTESIAN_POINT('',(8.67361737988404E-19,-0.000707106781186541,-0.0507812027763505));
#1680=CARTESIAN_POINT('',(0.00515185185185185,-0.012642701550471,-0.0543478694430172));
#1681=CARTESIAN_POINT('',(0.00515185185185185,-0.012642701550471,-0.052));
#1682=CARTESIAN_POINT('',(0.00515185185185185,-0.012642701550471,-0.0596521305569828));
#1683=CARTESIAN_POINT('',(8.67361737988404E-19,-0.000707106781186541,-0.0632187972236495));
#1684=CARTESIAN_POINT('',(0.00413621462585719,-0.0130315430185503,-0.060355264021133));
#1685=CARTESIAN_POINT('',(0.00370740740740741,-0.0131672484463323,-0.0611873143154708));
#1686=CARTESIAN_POINT('',(0.00370740740740741,-0.0131672484463323,-0.0608557219690843));
#1687=CARTESIAN_POINT('',(0.0038734285811269,-0.0131197368686178,-0.0605371928213309));
#1688=CARTESIAN_POINT('',(0.00413621462585719,-0.0130315430185503,-0.060355264021133));
#1689=CARTESIAN_POINT('',(0.00370740740740741,-0.0131672484463323,-0.0611873143154708));
#1690=CARTESIAN_POINT('',(0.00370740740740741,-0.0131672484463323,-0.052));
#1691=CARTESIAN_POINT('',(0.00370740740740741,-0.0131672484463323,-0.06135));
#1692=CARTESIAN_POINT('',(8.67361737988404E-19,-0.000707106781186541,-0.06135));
#1693=CARTESIAN_POINT('',(-0.00370740740740741,-0.0131672484463323,-0.06135));
#1694=CARTESIAN_POINT('',(-0.00370740740740741,-0.0131672484463323,-0.052));
#1695=CARTESIAN_POINT('',(-0.00370740740740741,-0.0131672484463323,-0.0611873143154708));
#1696=CARTESIAN_POINT('',(-0.00413621462585719,-0.0130315430185503,-0.060355264021133));
#1697=CARTESIAN_POINT('',(-0.00387352445102053,-0.0131197046936405,-0.0605371264498661));
#1698=CARTESIAN_POINT('',(-0.00370740740740741,-0.0131672484463323,-0.060855847580513));
#1699=CARTESIAN_POINT('',(-0.00370740740740741,-0.0131672484463323,-0.0611873143154708));
#1700=CARTESIAN_POINT('',(-0.00413621462585719,-0.0130315430185503,-0.060355264021133));
#1701=CARTESIAN_POINT('',(8.67361737988404E-19,-0.000707106781186541,-0.0632187972236495));
#1702=CARTESIAN_POINT('',(-0.00515185185185185,-0.012642701550471,-0.0596521305569828));
#1703=CARTESIAN_POINT('',(-0.00515185185185185,-0.012642701550471,-0.052));
#1704=CARTESIAN_POINT('',(-0.00515185185185185,-0.012642701550471,-0.0543478694430172));
#1705=CARTESIAN_POINT('',(8.67361737988404E-19,-0.000707106781186541,-0.0507812027763505));
#1706=CARTESIAN_POINT('',(-0.00413621462585719,-0.0130315430185503,-0.0536447359788671));
#1707=CARTESIAN_POINT('',(-0.0037074074074074,-0.0131672484463323,-0.0528126856845292));
#1708=CARTESIAN_POINT('',(-0.0037074074074074,-0.0131672484463323,-0.0531442780309157));
#1709=CARTESIAN_POINT('',(-0.00387342858112685,-0.0131197368686178,-0.0534628071786692));
#1710=CARTESIAN_POINT('',(-0.00413621462585719,-0.0130315430185503,-0.0536447359788671));
#1711=CARTESIAN_POINT('',(-0.0037074074074074,-0.0131672484463323,-0.0528126856845292));
#1712=CARTESIAN_POINT('',(-0.0037074074074074,-0.0131672484463323,-0.052));
#1713=CARTESIAN_POINT('',(0.00435,0.0122948932188135,-0.0526151387818866));
#1714=CARTESIAN_POINT('',(0.00435,0.0122948932188135,-0.05265));
#1715=CARTESIAN_POINT('',(0.00435,-0.0136464846642225,-0.05265));
#1716=CARTESIAN_POINT('',(0.00435,-0.0215,-0.05265));
#1717=CARTESIAN_POINT('',(0.00435,-0.0215,-0.0526151387818866));
#1718=CARTESIAN_POINT('',(0.00435,-0.0215,-0.0528126856845292));
#1719=CARTESIAN_POINT('',(0.00435,-0.0129577190107855,-0.0528126856845292));
#1720=CARTESIAN_POINT('',(0.00435,-0.0136464846642225,-0.0528126856845292));
#1721=CARTESIAN_POINT('',(0.00435,-0.0136464846642225,-0.0526151387818866));
#1722=CARTESIAN_POINT('',(0.,0.0122948932188135,-0.05215));
#1723=CARTESIAN_POINT('',(-0.00385,0.0122948932188135,-0.05215));
#1724=CARTESIAN_POINT('',(-0.00385,-0.0136464846642225,-0.05215));
#1725=CARTESIAN_POINT('',(-0.00385,-0.0215,-0.05215));
#1726=CARTESIAN_POINT('',(0.,-0.0215,-0.05215));
#1727=CARTESIAN_POINT('',(0.00385,-0.0215,-0.05215));
#1728=CARTESIAN_POINT('',(0.00385,0.0122948932188135,-0.05215));
#1729=CARTESIAN_POINT('',(0.00385,-0.0136464846642225,-0.05215));
#1730=CARTESIAN_POINT('',(8.67361737988404E-19,-0.000707106781186541,-0.05215));
#1731=CARTESIAN_POINT('',(-0.0051,0.0122948932188135,-0.0535802775637732));
#1732=CARTESIAN_POINT('',(-0.00562735009811262,0.0122948932188135,-0.0539318442958483));
#1733=CARTESIAN_POINT('',(-0.00562735009811262,-0.0131017628877512,-0.0539318442958483));
#1734=CARTESIAN_POINT('',(-0.00562735009811262,-0.0215,-0.0539318442958483));
#1735=CARTESIAN_POINT('',(-0.0051,-0.0215,-0.0535802775637732));
#1736=CARTESIAN_POINT('',(-0.00457264990188738,-0.0215,-0.0532287108316981));
#1737=CARTESIAN_POINT('',(-0.00457264990188738,-0.0129577190107855,-0.0532287108316981));
#1738=CARTESIAN_POINT('',(-0.00457264990188738,-0.0135055597969105,-0.0532287108316981));
#1739=CARTESIAN_POINT('',(-0.000277350098112614,-0.000707106781186541,-0.0503651776291816));
#1740=CARTESIAN_POINT('',(-0.0051,0.0122948932188135,-0.0604197224362268));
#1741=CARTESIAN_POINT('',(-0.00457264990188739,-0.022,-0.0607712891683019));
#1742=CARTESIAN_POINT('',(-0.00457264990188739,-0.0135055597969105,-0.0607712891683019));
#1743=CARTESIAN_POINT('',(-0.00457264990188739,-0.0215,-0.0607712891683019));
#1744=CARTESIAN_POINT('',(-0.0051,-0.0215,-0.0604197224362268));
#1745=CARTESIAN_POINT('',(-0.00562735009811261,-0.0215,-0.0600681557041517));
#1746=CARTESIAN_POINT('',(-0.00562735009811261,0.0122948932188135,-0.0600681557041517));
#1747=CARTESIAN_POINT('',(-0.00562735009811261,-0.0131017628877512,-0.0600681557041517));
#1748=CARTESIAN_POINT('',(-0.000277350098112614,-0.000707106781186541,-0.0636348223708184));
#1749=CARTESIAN_POINT('',(-8.67361737988404E-19,0.0122948932188135,-0.06185));
#1750=CARTESIAN_POINT('',(0.00385,0.0122948932188135,-0.06185));
#1751=CARTESIAN_POINT('',(0.00385,-0.0136464846642225,-0.06185));
#1752=CARTESIAN_POINT('',(0.00385,-0.0215,-0.06185));
#1753=CARTESIAN_POINT('',(-8.67361737988404E-19,-0.0215,-0.06185));
#1754=CARTESIAN_POINT('',(-0.00385,-0.0215,-0.06185));
#1755=CARTESIAN_POINT('',(-0.00385,0.0122948932188135,-0.06185));
#1756=CARTESIAN_POINT('',(-0.00385,-0.0136464846642225,-0.06185));
#1757=CARTESIAN_POINT('',(8.67361737988404E-19,-0.000707106781186541,-0.06185));
#1758=CARTESIAN_POINT('',(0.00435,0.0122948932188135,-0.0613848612181134));
#1759=CARTESIAN_POINT('',(0.00435,-0.0136464846642225,-0.0613848612181134));
#1760=CARTESIAN_POINT('',(0.00435,-0.0136464846642225,-0.06135));
#1761=CARTESIAN_POINT('',(0.00435,-0.0136464846642225,-0.0611873143154708));
#1762=CARTESIAN_POINT('',(0.00435,-0.022,-0.0611873143154708));
#1763=CARTESIAN_POINT('',(0.00435,-0.0215,-0.0611873143154708));
#1764=CARTESIAN_POINT('',(0.00435,-0.0215,-0.0613848612181134));
#1765=CARTESIAN_POINT('',(0.00435,-0.0215,-0.06135));
#1766=CARTESIAN_POINT('',(0.00435,0.0122948932188135,-0.06135));
#1767=CARTESIAN_POINT('',(0.00585,0.0122948932188135,-0.057));
#1768=CARTESIAN_POINT('',(0.00585,0.0122948932188135,-0.0543478694430172));
#1769=CARTESIAN_POINT('',(0.00585,-0.0131017628877512,-0.0543478694430172));
#1770=CARTESIAN_POINT('',(0.00585,-0.0215,-0.0543478694430172));
#1771=CARTESIAN_POINT('',(0.00585,-0.0215,-0.057));
#1772=CARTESIAN_POINT('',(0.00585,-0.0215,-0.0596521305569828));
#1773=CARTESIAN_POINT('',(0.00585,0.0122948932188135,-0.0596521305569828));
#1774=CARTESIAN_POINT('',(0.00585,-0.0131017628877512,-0.0596521305569828));
#1775=CARTESIAN_POINT('',(0.00585,-0.0131017628877512,-0.057));
#1776=CARTESIAN_POINT('',(0.0051,0.0122948932188135,-0.0535802775637732));
#1777=CARTESIAN_POINT('',(0.00457264990188738,-0.022,-0.0532287108316981));
#1778=CARTESIAN_POINT('',(0.00457264990188738,-0.0135055597969105,-0.0532287108316981));
#1779=CARTESIAN_POINT('',(0.00457264990188738,-0.0215,-0.0532287108316981));
#1780=CARTESIAN_POINT('',(0.0051,-0.0215,-0.0535802775637732));
#1781=CARTESIAN_POINT('',(0.00562735009811262,-0.0215,-0.0539318442958483));
#1782=CARTESIAN_POINT('',(0.00562735009811262,0.0122948932188135,-0.0539318442958483));
#1783=CARTESIAN_POINT('',(0.00562735009811262,-0.0131017628877512,-0.0539318442958483));
#1784=CARTESIAN_POINT('',(0.000277350098112615,-0.000707106781186541,-0.0503651776291816));
#1785=CARTESIAN_POINT('',(-0.00435,0.0122948932188135,-0.0526151387818866));
#1786=CARTESIAN_POINT('',(-0.00435,-0.022,-0.0528126856845292));
#1787=CARTESIAN_POINT('',(-0.00435,-0.0136464846642225,-0.0528126856845292));
#1788=CARTESIAN_POINT('',(-0.00435,-0.0215,-0.0528126856845292));
#1789=CARTESIAN_POINT('',(-0.00435,-0.0215,-0.0526151387818866));
#1790=CARTESIAN_POINT('',(-0.00435,-0.0215,-0.05265));
#1791=CARTESIAN_POINT('',(-0.00435,0.0122948932188135,-0.05265));
#1792=CARTESIAN_POINT('',(-0.00435,-0.0136464846642225,-0.05265));
#1793=CARTESIAN_POINT('',(-0.00435,-0.0136464846642225,-0.0526151387818866));
#1794=CARTESIAN_POINT('',(-0.00585,0.0122948932188135,-0.057));
#1795=CARTESIAN_POINT('',(-0.00585,0.0122948932188135,-0.0596521305569828));
#1796=CARTESIAN_POINT('',(-0.00585,-0.0131017628877512,-0.0596521305569828));
#1797=CARTESIAN_POINT('',(-0.00585,-0.0215,-0.0596521305569828));
#1798=CARTESIAN_POINT('',(-0.00585,-0.0215,-0.057));
#1799=CARTESIAN_POINT('',(-0.00585,-0.0215,-0.0543478694430172));
#1800=CARTESIAN_POINT('',(-0.00585,0.0122948932188135,-0.0543478694430172));
#1801=CARTESIAN_POINT('',(-0.00585,-0.0131017628877512,-0.0543478694430172));
#1802=CARTESIAN_POINT('',(-0.00585,-0.0131017628877512,-0.057));
#1803=CARTESIAN_POINT('',(-0.00435,0.0122948932188135,-0.0613848612181134));
#1804=CARTESIAN_POINT('',(-0.00435,-0.0215,-0.0613848612181134));
#1805=CARTESIAN_POINT('',(-0.00435,-0.0215,-0.06135));
#1806=CARTESIAN_POINT('',(-0.00435,-0.0215,-0.0611873143154708));
#1807=CARTESIAN_POINT('',(-0.00435,-0.0129577190107855,-0.0611873143154708));
#1808=CARTESIAN_POINT('',(-0.00435,-0.0136464846642225,-0.0611873143154708));
#1809=CARTESIAN_POINT('',(-0.00435,-0.0136464846642225,-0.0613848612181134));
#1810=CARTESIAN_POINT('',(-0.00435,-0.0136464846642225,-0.06135));
#1811=CARTESIAN_POINT('',(-0.00435,0.0122948932188135,-0.06135));
#1812=CARTESIAN_POINT('',(0.0051,0.0122948932188135,-0.0604197224362268));
#1813=CARTESIAN_POINT('',(0.00562735009811262,0.0122948932188135,-0.0600681557041517));
#1814=CARTESIAN_POINT('',(0.00562735009811262,-0.0131017628877512,-0.0600681557041517));
#1815=CARTESIAN_POINT('',(0.00562735009811262,-0.0215,-0.0600681557041517));
#1816=CARTESIAN_POINT('',(0.0051,-0.0215,-0.0604197224362268));
#1817=CARTESIAN_POINT('',(0.00457264990188738,-0.0215,-0.0607712891683019));
#1818=CARTESIAN_POINT('',(0.00457264990188738,-0.0129577190107855,-0.0607712891683019));
#1819=CARTESIAN_POINT('',(0.00457264990188738,-0.0135055597969105,-0.0607712891683019));
#1820=CARTESIAN_POINT('',(0.000277350098112616,-0.000707106781186541,-0.0636348223708184));
#1821=CARTESIAN_POINT('',(6.07153216591882E-18,-0.02,-0.057));
#1822=CARTESIAN_POINT('',(6.07153216591882E-18,-0.0215,-0.057));
#1823=CARTESIAN_POINT('',(6.07153216591882E-18,-0.0215,-0.055375));
#1824=CARTESIAN_POINT('',(6.07153216591882E-18,-0.02,-0.057));
#1825=CARTESIAN_POINT('',(6.07153216591882E-18,-0.02,-0.058625));
#1826=CARTESIAN_POINT('',(-1.7347234759768E-18,-0.02,-0.057));
#1827=CARTESIAN_POINT('',(0.00485,0.0122948932188135,-0.0528126856845292));
#1828=CARTESIAN_POINT('',(0.00435,-0.0136464846642225,-0.0528126856845292));
#1829=CARTESIAN_POINT('',(0.00435,-0.0136464846642225,-0.0529870790922878));
#1830=CARTESIAN_POINT('',(0.00444640280361778,-0.0135902995909712,-0.0531445460995184));
#1831=CARTESIAN_POINT('',(0.00457264990188739,-0.0135055597969104,-0.0532287108316981));
#1832=CARTESIAN_POINT('',(0.00485,-0.0215,-0.0528126856845292));
#1833=CARTESIAN_POINT('',(0.00435,-0.0136464846642225,-0.0528126856845292));
#1834=CARTESIAN_POINT('',(0.00435,-0.0129760505770186,-0.0528126856845292));
#1835=CARTESIAN_POINT('',(0.00370740740740741,-0.0131672484463323,-0.0528126856845292));
#1836=CARTESIAN_POINT('',(0.00435,-0.0136464846464795,-0.0529802560148401));
#1837=CARTESIAN_POINT('',(0.00435000000591806,-0.0129760505720163,-0.0529134014458059));
#1838=CARTESIAN_POINT('',(0.00370740746488462,-0.0131672484292304,-0.0531478263451498));
#1839=CARTESIAN_POINT('',(0.00443872759075,-0.0135954513638213,-0.0531394292909399));
#1840=CARTESIAN_POINT('',(0.00435489200330201,-0.0129655333969648,-0.0530184183471274));
#1841=CARTESIAN_POINT('',(0.00387829014326024,-0.0131181052755767,-0.0534661729503193));
#1842=CARTESIAN_POINT('',(0.00457264990188738,-0.0135055597969105,-0.0532287108316981));
#1843=CARTESIAN_POINT('',(0.00443891044528718,-0.0129299550147342,-0.0531395511939647));
#1844=CARTESIAN_POINT('',(0.00413621462585717,-0.0130315430185503,-0.053644735978867));
#1845=CARTESIAN_POINT('',(0.00385,-0.0136464846642225,-0.0528126856845292));
#1846=CARTESIAN_POINT('',(0.00429529980377477,-0.0135055597969105,-0.053644735978867));
#1847=CARTESIAN_POINT('',(0.00485,-0.0215,-0.0528126856845292));
#1848=CARTESIAN_POINT('',(0.00429529980377477,-0.0215,-0.053644735978867));
#1849=CARTESIAN_POINT('',(0.00385,-0.0215,-0.0528126856845292));
#1850=CARTESIAN_POINT('',(0.00515185185185188,-0.012642701550471,-0.0543478694430172));
#1851=CARTESIAN_POINT('',(0.00545151826738606,-0.0125133542487529,-0.0538146230753639));
#1852=CARTESIAN_POINT('',(0.00562735009811264,-0.0131017628877512,-0.0539318442958483));
#1853=CARTESIAN_POINT('',(0.00481892675342811,-0.0127864045512847,-0.0541173828364137));
#1854=CARTESIAN_POINT('',(0.00512334042007125,-0.0126648347543656,-0.0535958378438214));
#1855=CARTESIAN_POINT('',(0.00528162018820958,-0.0132509929270572,-0.0537013576892462));
#1856=CARTESIAN_POINT('',(0.0044799858602654,-0.0129161696594511,-0.0538827314488453));
#1857=CARTESIAN_POINT('',(0.00478549272502959,-0.0128041595842209,-0.0533706060471264));
#1858=CARTESIAN_POINT('',(0.00492964310685086,-0.0133857490009216,-0.0534667063016737));
#1859=CARTESIAN_POINT('',(0.00413621462585719,-0.0130315430185503,-0.053644735978867));
#1860=CARTESIAN_POINT('',(0.00443891044528719,-0.0129299550147342,-0.0531395511939646));
#1861=CARTESIAN_POINT('',(0.00457264990188739,-0.0135055597969105,-0.0532287108316981));
#1862=CARTESIAN_POINT('',(0.00535,-0.0131017628877512,-0.0543478694430172));
#1863=CARTESIAN_POINT('',(0.00385,-0.0136464846642225,-0.052));
#1864=CARTESIAN_POINT('',(0.00385,-0.0136464846642225,-0.05265));
#1865=CARTESIAN_POINT('',(0.00385,0.0122948932188135,-0.05265));
#1866=CARTESIAN_POINT('',(0.00385,-0.0215,-0.05265));
#1867=CARTESIAN_POINT('',(0.00385,-0.0136464846642225,-0.05265));
#1868=CARTESIAN_POINT('',(0.00385,-0.0215,-0.0526151387818866));
#1869=CARTESIAN_POINT('',(0.00385,-0.0215,-0.05265));
#1870=CARTESIAN_POINT('',(0.00482264990188739,-0.0215,-0.0539963027109421));
#1871=CARTESIAN_POINT('',(0.00535,-0.0215,-0.0543478694430172));
#1872=CARTESIAN_POINT('',(0.00535,0.0122948932188135,-0.0543478694430172));
#1873=CARTESIAN_POINT('',(0.00535,-0.0131017628877512,-0.0543478694430172));
#1874=CARTESIAN_POINT('',(0.00535,-0.0215,-0.0543478694430172));
#1875=CARTESIAN_POINT('',(0.00535,-0.0131017628877512,-0.0543478694430172));
#1876=CARTESIAN_POINT('',(0.00535,-0.0131017628877512,-0.0543478694430172));
#1877=CARTESIAN_POINT('',(0.00385,-0.0136464846642225,-0.05265));
#1878=CARTESIAN_POINT('',(0.00385,-0.0136464846642225,-0.05265));
#1879=CARTESIAN_POINT('',(0.00385,-0.0215,-0.05265));
#1880=CARTESIAN_POINT('',(0.00385,-0.0215,-0.05265));
#1881=CARTESIAN_POINT('',(0.00535,-0.0215,-0.0543478694430172));
#1882=CARTESIAN_POINT('',(0.00535,-0.0215,-0.0543478694430172));
#1883=CARTESIAN_POINT('',(0.00535,-0.0131017628877512,-0.052));
#1884=CARTESIAN_POINT('',(0.00535,-0.0131017628877512,-0.0596521305569828));
#1885=CARTESIAN_POINT('',(8.67361737988404E-19,-0.000707106781186541,-0.05265));
#1886=CARTESIAN_POINT('',(-0.00385,-0.0136464846642225,-0.05265));
#1887=CARTESIAN_POINT('',(-0.00385,0.0122948932188135,-0.05265));
#1888=CARTESIAN_POINT('',(-0.00385,-0.0215,-0.05265));
#1889=CARTESIAN_POINT('',(-0.00385,-0.0136464846642225,-0.05265));
#1890=CARTESIAN_POINT('',(0.,-0.0215,-0.05265));
#1891=CARTESIAN_POINT('',(-0.00385,-0.0215,-0.05265));
#1892=CARTESIAN_POINT('',(0.00535,-0.0215,-0.057));
#1893=CARTESIAN_POINT('',(0.00535,-0.0215,-0.0596521305569828));
#1894=CARTESIAN_POINT('',(0.00535,0.0122948932188135,-0.0596521305569828));
#1895=CARTESIAN_POINT('',(0.00535,-0.0131017628877512,-0.0596521305569828));
#1896=CARTESIAN_POINT('',(0.00535,-0.0215,-0.0596521305569828));
#1897=CARTESIAN_POINT('',(0.00535,-0.0131017628877512,-0.0596521305569828));
#1898=CARTESIAN_POINT('',(0.00535,-0.0131017628877512,-0.0596521305569828));
#1899=CARTESIAN_POINT('',(-0.00385,-0.0136464846642225,-0.05265));
#1900=CARTESIAN_POINT('',(-0.00385,-0.0136464846642225,-0.05265));
#1901=CARTESIAN_POINT('',(-0.00385,-0.0215,-0.05265));
#1902=CARTESIAN_POINT('',(-0.00385,-0.0215,-0.05265));
#1903=CARTESIAN_POINT('',(0.00535,-0.0215,-0.0596521305569828));
#1904=CARTESIAN_POINT('',(0.00535,-0.0215,-0.0596521305569828));
#1905=CARTESIAN_POINT('',(0.00413621462585718,-0.0130315430185503,-0.060355264021133));
#1906=CARTESIAN_POINT('',(0.00443891044528717,-0.0129299550147342,-0.0608604488060354));
#1907=CARTESIAN_POINT('',(0.00457264990188738,-0.0135055597969104,-0.0607712891683019));
#1908=CARTESIAN_POINT('',(0.00447998586026684,-0.0129161696594506,-0.0601172685511547));
#1909=CARTESIAN_POINT('',(0.00478549272502446,-0.0128041595842291,-0.0606293939528753));
#1910=CARTESIAN_POINT('',(0.00492964310685192,-0.0133857490009224,-0.0605332936983255));
#1911=CARTESIAN_POINT('',(0.00481892675342957,-0.0127864045512841,-0.0598826171635817));
#1912=CARTESIAN_POINT('',(0.00512334042007513,-0.01266483475437,-0.0604041621561716));
#1913=CARTESIAN_POINT('',(0.00528162018821301,-0.0132509929270576,-0.0602986423107515));
#1914=CARTESIAN_POINT('',(0.00515185185185187,-0.012642701550471,-0.0596521305569828));
#1915=CARTESIAN_POINT('',(0.00545151826738605,-0.0125133542487529,-0.0601853769246361));
#1916=CARTESIAN_POINT('',(0.00562735009811263,-0.0131017628877512,-0.0600681557041517));
#1917=CARTESIAN_POINT('',(0.00429529980377477,-0.0135055597969105,-0.060355264021133));
#1918=CARTESIAN_POINT('',(-0.00385,-0.0136464846642225,-0.052));
#1919=CARTESIAN_POINT('',(-0.00385,-0.0136464846642225,-0.0528126856845292));
#1920=CARTESIAN_POINT('',(-0.00485,0.0122948932188135,-0.0528126856845292));
#1921=CARTESIAN_POINT('',(-0.00485,-0.0215,-0.0528126856845292));
#1922=CARTESIAN_POINT('',(-0.00457264990188738,-0.0135055597969105,-0.0532287108316981));
#1923=CARTESIAN_POINT('',(-0.00444640504923263,-0.0135902980836658,-0.0531445475965949));
#1924=CARTESIAN_POINT('',(-0.00435,-0.0136464846642225,-0.0529870875370779));
#1925=CARTESIAN_POINT('',(-0.00435,-0.0136464846642225,-0.0528126856845292));
#1926=CARTESIAN_POINT('',(-0.00385,-0.0215,-0.0526151387818866));
#1927=CARTESIAN_POINT('',(-0.00385,-0.0215,-0.0528126856845292));
#1928=CARTESIAN_POINT('',(0.00482264990188739,-0.0215,-0.0600036972890579));
#1929=CARTESIAN_POINT('',(0.00429529980377477,-0.0215,-0.060355264021133));
#1930=CARTESIAN_POINT('',(0.00485,0.0122948932188135,-0.0611873143154708));
#1931=CARTESIAN_POINT('',(0.00457264990188738,-0.0135055597969105,-0.0607712891683019));
#1932=CARTESIAN_POINT('',(0.00444640504923264,-0.0135902980836658,-0.0608554524034051));
#1933=CARTESIAN_POINT('',(0.00435,-0.0136464846642225,-0.0610129124629221));
#1934=CARTESIAN_POINT('',(0.00435,-0.0136464846642225,-0.0611873143154708));
#1935=CARTESIAN_POINT('',(0.00485,-0.0215,-0.0611873143154708));
#1936=CARTESIAN_POINT('',(0.0045726499018874,-0.0135055597969105,-0.0607712891683019));
#1937=CARTESIAN_POINT('',(0.0044389104452872,-0.0129299550147342,-0.0608604488060354));
#1938=CARTESIAN_POINT('',(0.00413621462585719,-0.0130315430185503,-0.060355264021133));
#1939=CARTESIAN_POINT('',(0.00443836206975331,-0.0135956966863272,-0.0608608143897246));
#1940=CARTESIAN_POINT('',(0.00435465189057587,-0.0129656350795758,-0.0609819279063035));
#1941=CARTESIAN_POINT('',(0.00387758622863341,-0.0131183415169689,-0.0605343144890375));
#1942=CARTESIAN_POINT('',(0.00435,-0.0136464846482207,-0.0610201147343686));
#1943=CARTESIAN_POINT('',(0.00435000000532819,-0.0129760505725104,-0.0610868213876478));
#1944=CARTESIAN_POINT('',(0.00370740745925845,-0.0131672484309045,-0.0608529151532652));
#1945=CARTESIAN_POINT('',(0.00435,-0.0136464846642225,-0.0611873143154708));
#1946=CARTESIAN_POINT('',(0.00435,-0.0129760505770186,-0.0611873143154708));
#1947=CARTESIAN_POINT('',(0.00370740740740741,-0.0131672484463323,-0.0611873143154708));
#1948=CARTESIAN_POINT('',(0.00385,-0.0136464846642225,-0.0611873143154708));
#1949=CARTESIAN_POINT('',(-0.00457264990188737,-0.0135055597969105,-0.0532287108316982));
#1950=CARTESIAN_POINT('',(-0.00443891044528717,-0.0129299550147343,-0.0531395511939647));
#1951=CARTESIAN_POINT('',(-0.00413621462585719,-0.0130315430185503,-0.0536447359788671));
#1952=CARTESIAN_POINT('',(-0.00443836206975505,-0.0135956966863191,-0.0531391856102766));
#1953=CARTESIAN_POINT('',(-0.0043546518906025,-0.0129656350795618,-0.053018072093666));
#1954=CARTESIAN_POINT('',(-0.00387758622865826,-0.0131183415169606,-0.05346568551093));
#1955=CARTESIAN_POINT('',(-0.00435,-0.0136464846482193,-0.0529798852656314));
#1956=CARTESIAN_POINT('',(-0.00435000000532641,-0.0129760505725094,-0.052913178612343));
#1957=CARTESIAN_POINT('',(-0.00370740745925891,-0.0131672484309043,-0.0531470848467348));
#1958=CARTESIAN_POINT('',(-0.00435,-0.0136464846642225,-0.0528126856845292));
#1959=CARTESIAN_POINT('',(-0.00435,-0.0129760505770186,-0.0528126856845292));
#1960=CARTESIAN_POINT('',(-0.00370740740740741,-0.0131672484463323,-0.0528126856845292));
#1961=CARTESIAN_POINT('',(-0.00429529980377477,-0.0135055597969105,-0.0536447359788671));
#1962=CARTESIAN_POINT('',(-0.00485,-0.0215,-0.0528126856845292));
#1963=CARTESIAN_POINT('',(-0.00429529980377477,-0.0215,-0.0536447359788671));
#1964=CARTESIAN_POINT('',(0.00485,-0.0215,-0.0611873143154708));
#1965=CARTESIAN_POINT('',(0.00385,-0.0215,-0.0611873143154708));
#1966=CARTESIAN_POINT('',(0.00385,-0.0136464846642225,-0.052));
#1967=CARTESIAN_POINT('',(0.00385,-0.0136464846642225,-0.06135));
#1968=CARTESIAN_POINT('',(-0.00413621462585718,-0.0130315430185503,-0.053644735978867));
#1969=CARTESIAN_POINT('',(-0.00443891044528717,-0.0129299550147342,-0.0531395511939646));
#1970=CARTESIAN_POINT('',(-0.00457264990188738,-0.0135055597969104,-0.0532287108316981));
#1971=CARTESIAN_POINT('',(-0.00447998586026684,-0.0129161696594506,-0.0538827314488453));
#1972=CARTESIAN_POINT('',(-0.00478549272503028,-0.0128041595842206,-0.0533706060471224));
#1973=CARTESIAN_POINT('',(-0.00492964310685191,-0.0133857490009224,-0.0534667063016744));
#1974=CARTESIAN_POINT('',(-0.00481892675342814,-0.0127864045512847,-0.054117382836416));
#1975=CARTESIAN_POINT('',(-0.00512334042007156,-0.0126648347543718,-0.0535958378438156));
#1976=CARTESIAN_POINT('',(-0.005281620188211,-0.0132509929270574,-0.0537013576892472));
#1977=CARTESIAN_POINT('',(-0.00515185185185191,-0.012642701550471,-0.0543478694430172));
#1978=CARTESIAN_POINT('',(-0.0054515182673861,-0.0125133542487529,-0.0538146230753639));
#1979=CARTESIAN_POINT('',(-0.00562735009811267,-0.0131017628877511,-0.0539318442958483));
#1980=CARTESIAN_POINT('',(-0.00535,-0.0131017628877512,-0.0543478694430172));
#1981=CARTESIAN_POINT('',(-0.00535,0.0122948932188135,-0.0543478694430172));
#1982=CARTESIAN_POINT('',(-0.00535,-0.0215,-0.0543478694430172));
#1983=CARTESIAN_POINT('',(-0.00535,-0.0131017628877512,-0.0543478694430172));
#1984=CARTESIAN_POINT('',(-0.00482264990188738,-0.0215,-0.0539963027109421));
#1985=CARTESIAN_POINT('',(-0.00535,-0.0215,-0.0543478694430172));
#1986=CARTESIAN_POINT('',(0.00385,-0.0215,-0.0613848612181134));
#1987=CARTESIAN_POINT('',(0.00385,-0.0215,-0.06135));
#1988=CARTESIAN_POINT('',(0.00385,0.0122948932188135,-0.06135));
#1989=CARTESIAN_POINT('',(0.00385,-0.0136464846642225,-0.06135));
#1990=CARTESIAN_POINT('',(0.00385,-0.0215,-0.06135));
#1991=CARTESIAN_POINT('',(0.00385,-0.0136464846642225,-0.06135));
#1992=CARTESIAN_POINT('',(0.00385,-0.0136464846642225,-0.06135));
#1993=CARTESIAN_POINT('',(-0.00535,-0.0131017628877512,-0.0543478694430172));
#1994=CARTESIAN_POINT('',(-0.00535,-0.0131017628877512,-0.0543478694430172));
#1995=CARTESIAN_POINT('',(-0.00535,-0.0215,-0.0543478694430172));
#1996=CARTESIAN_POINT('',(-0.00535,-0.0215,-0.0543478694430172));
#1997=CARTESIAN_POINT('',(0.00385,-0.0215,-0.06135));
#1998=CARTESIAN_POINT('',(0.00385,-0.0215,-0.06135));
#1999=CARTESIAN_POINT('',(8.67361737988404E-19,-0.000707106781186541,-0.06135));
#2000=CARTESIAN_POINT('',(-0.00385,-0.0136464846642225,-0.06135));
#2001=CARTESIAN_POINT('',(-0.00535,-0.0131017628877512,-0.052));
#2002=CARTESIAN_POINT('',(-0.00535,-0.0131017628877512,-0.0596521305569828));
#2003=CARTESIAN_POINT('',(-0.00535,0.0122948932188135,-0.0596521305569828));
#2004=CARTESIAN_POINT('',(-0.00535,-0.0215,-0.0596521305569828));
#2005=CARTESIAN_POINT('',(-0.00535,-0.0131017628877512,-0.0596521305569828));
#2006=CARTESIAN_POINT('',(-0.00535,-0.0215,-0.057));
#2007=CARTESIAN_POINT('',(-0.00535,-0.0215,-0.0596521305569828));
#2008=CARTESIAN_POINT('',(-8.67361737988404E-19,-0.0215,-0.06135));
#2009=CARTESIAN_POINT('',(-0.00385,-0.0215,-0.06135));
#2010=CARTESIAN_POINT('',(-0.00385,0.0122948932188135,-0.06135));
#2011=CARTESIAN_POINT('',(-0.00385,-0.0136464846642225,-0.06135));
#2012=CARTESIAN_POINT('',(-0.00385,-0.0215,-0.06135));
#2013=CARTESIAN_POINT('',(-0.00385,-0.0136464846642225,-0.06135));
#2014=CARTESIAN_POINT('',(-0.00385,-0.0136464846642225,-0.06135));
#2015=CARTESIAN_POINT('',(-0.00535,-0.0131017628877512,-0.0596521305569828));
#2016=CARTESIAN_POINT('',(-0.00535,-0.0131017628877512,-0.0596521305569828));
#2017=CARTESIAN_POINT('',(-0.00535,-0.0215,-0.0596521305569828));
#2018=CARTESIAN_POINT('',(-0.00535,-0.0215,-0.0596521305569828));
#2019=CARTESIAN_POINT('',(-0.00385,-0.0215,-0.06135));
#2020=CARTESIAN_POINT('',(-0.00385,-0.0215,-0.06135));
#2021=CARTESIAN_POINT('',(-0.00385,-0.0136464846642225,-0.052));
#2022=CARTESIAN_POINT('',(-0.00385,-0.0136464846642225,-0.0611873143154708));
#2023=CARTESIAN_POINT('',(-0.00515185185185187,-0.012642701550471,-0.0596521305569828));
#2024=CARTESIAN_POINT('',(-0.00545151826738605,-0.0125133542487529,-0.0601853769246361));
#2025=CARTESIAN_POINT('',(-0.00562735009811263,-0.0131017628877512,-0.0600681557041517));
#2026=CARTESIAN_POINT('',(-0.00481892675342825,-0.0127864045512846,-0.0598826171635886));
#2027=CARTESIAN_POINT('',(-0.0051233404200738,-0.0126648347543669,-0.0604041621561808));
#2028=CARTESIAN_POINT('',(-0.00528162018820884,-0.0132509929270581,-0.0602986423107543));
#2029=CARTESIAN_POINT('',(-0.00447998586026519,-0.0129161696594512,-0.0601172685511547));
#2030=CARTESIAN_POINT('',(-0.00478549272501861,-0.0128041595842389,-0.0606293939528733));
#2031=CARTESIAN_POINT('',(-0.00492964310685121,-0.0133857490009228,-0.060533293698326));
#2032=CARTESIAN_POINT('',(-0.00413621462585715,-0.0130315430185503,-0.060355264021133));
#2033=CARTESIAN_POINT('',(-0.00443891044528714,-0.0129299550147342,-0.0608604488060354));
#2034=CARTESIAN_POINT('',(-0.00457264990188735,-0.0135055597969105,-0.0607712891683019));
#2035=CARTESIAN_POINT('',(-0.00429529980377477,-0.0135055597969105,-0.060355264021133));
#2036=CARTESIAN_POINT('',(-0.00482264990188739,-0.0215,-0.0600036972890579));
#2037=CARTESIAN_POINT('',(-0.00429529980377477,-0.0215,-0.060355264021133));
#2038=CARTESIAN_POINT('',(-0.00385,-0.0215,-0.0613848612181134));
#2039=CARTESIAN_POINT('',(-0.00385,-0.0215,-0.0611873143154708));
#2040=CARTESIAN_POINT('',(-0.00435,-0.0136464846642225,-0.0611873143154708));
#2041=CARTESIAN_POINT('',(-0.00435,-0.0129760505770186,-0.0611873143154708));
#2042=CARTESIAN_POINT('',(-0.00370740740740741,-0.0131672484463323,-0.0611873143154708));
#2043=CARTESIAN_POINT('',(-0.00435,-0.0136464846464795,-0.0610197439851599));
#2044=CARTESIAN_POINT('',(-0.00435000000591806,-0.0129760505720163,-0.06108659855419));
#2045=CARTESIAN_POINT('',(-0.00370740746488462,-0.0131672484292304,-0.0608521736548502));
#2046=CARTESIAN_POINT('',(-0.004438727590749,-0.0135954513638204,-0.0608605707090608));
#2047=CARTESIAN_POINT('',(-0.00435489200329927,-0.0129655333969672,-0.0609815816528694));
#2048=CARTESIAN_POINT('',(-0.00387829014325855,-0.0131181052755773,-0.0605338270496807));
#2049=CARTESIAN_POINT('',(-0.00457264990188738,-0.0135055597969105,-0.0607712891683019));
#2050=CARTESIAN_POINT('',(-0.00443891044528718,-0.0129299550147342,-0.0608604488060353));
#2051=CARTESIAN_POINT('',(-0.00413621462585717,-0.0130315430185503,-0.060355264021133));
#2052=CARTESIAN_POINT('',(-0.00435,-0.0136464846642225,-0.0611873143154708));
#2053=CARTESIAN_POINT('',(-0.00435,-0.0136464846642225,-0.0610129209077122));
#2054=CARTESIAN_POINT('',(-0.00444640280361778,-0.0135902995909712,-0.0608554539004817));
#2055=CARTESIAN_POINT('',(-0.00457264990188739,-0.0135055597969104,-0.0607712891683019));
#2056=CARTESIAN_POINT('',(-0.00485,-0.0215,-0.0611873143154708));
#2057=CARTESIAN_POINT('',(-0.00485,-0.0215,-0.0611873143154708));
#2058=CARTESIAN_POINT('',(-0.00485,0.0122948932188135,-0.0611873143154708));
#2059=CARTESIAN_POINT('',(6.07153216591882E-18,-0.0215,-0.057));
#2060=MECHANICAL_DESIGN_GEOMETRIC_PRESENTATION_REPRESENTATION('',(#1090),
#2061);
#2061=(
GEOMETRIC_REPRESENTATION_CONTEXT(3)
GLOBAL_UNCERTAINTY_ASSIGNED_CONTEXT((#2062))
GLOBAL_UNIT_ASSIGNED_CONTEXT((#2065,#2064,#2063))
REPRESENTATION_CONTEXT('BLOCKS_lens_clamp','TOP_LEVEL_ASSEMBLY_PART')
);
#2062=UNCERTAINTY_MEASURE_WITH_UNIT(LENGTH_MEASURE(2.E-5),#2065,
'DISTANCE_ACCURACY_VALUE','Maximum Tolerance applied to model');
#2063=(
NAMED_UNIT(*)
SI_UNIT($,.STERADIAN.)
SOLID_ANGLE_UNIT()
);
#2064=(
NAMED_UNIT(*)
PLANE_ANGLE_UNIT()
SI_UNIT($,.RADIAN.)
);
#2065=(
LENGTH_UNIT()
NAMED_UNIT(*)
SI_UNIT($,.METRE.)
);
#2066=PRODUCT_DEFINITION_SHAPE('','',#2067);
#2067=PRODUCT_DEFINITION('','',#2069,#2068);
#2068=PRODUCT_DEFINITION_CONTEXT('',#2075,'design');
#2069=PRODUCT_DEFINITION_FORMATION_WITH_SPECIFIED_SOURCE('','',#2071,
 .NOT_KNOWN.);
#2070=PRODUCT_RELATED_PRODUCT_CATEGORY('','',(#2071));
#2071=PRODUCT('BLOCKS_lens_clamp','BLOCKS_lens_clamp',
'BLOCKS_lens_clamp',(#2073));
#2072=PRODUCT_CATEGORY('','');
#2073=PRODUCT_CONTEXT('',#2075,'mechanical');
#2074=APPLICATION_PROTOCOL_DEFINITION('international standard',
'ap242_managed_model_based_3d_engineering',2020,#2075);
#2075=APPLICATION_CONTEXT('managed model based 3d engineering');
ENDSEC;
END-ISO-10303-21;
