ISO-10303-21;
HEADER;
/* Generated by software containing ST-Developer
 * from STEP Tools, Inc. (www.steptools.com) 
 */
/* OPTION: using custom renumber hook */

FILE_DESCRIPTION(
/* description */ ('STEP AP242 Edition 2',
'CAx-IF Rec.Pracs.---Representation and Presentation of Product Manufa
cturing Information (PMI)---4.0---2014-10-13',
'CAx-IF Rec.Pracs.---3D Tessellated Geometry---0.4---2014-09-14','2;1',
'CAx-IF Rec.Pracs.---User Defined Attributes---1.5---2016-08-15'),
/* implementation_level */ '2;1');

FILE_NAME(
/* name */ 'blocks - BLOCKS_spacer_1.6',
/* time_stamp */ '2026-05-16T13:03:04Z',
/* author */ (''),
/* organization */ (''),
/* preprocessor_version */ 'ST-DEVELOPER v20',
/* originating_system */ 'ONSHAPE BY PTC INC, 1.215',
/* authorisation */ '  ');

FILE_SCHEMA (('AP242_MANAGED_MODEL_BASED_3D_ENGINEERING_MIM_LF { 1 0 10303 442 3 1 4 }'));
ENDSEC;

DATA;
#10=SHAPE_REPRESENTATION_RELATIONSHIP('','',#2385,#11);
#11=ADVANCED_BREP_SHAPE_REPRESENTATION('',(#2383),#5023);
#12=TOROIDAL_SURFACE('',#2507,0.000799999999999958,0.0002);
#13=TOROIDAL_SURFACE('',#2509,0.0008,0.0002);
#14=TOROIDAL_SURFACE('',#2515,0.000300000000000006,0.0002);
#15=TOROIDAL_SURFACE('',#2517,0.0003,0.0002);
#16=TOROIDAL_SURFACE('',#2523,0.0012,0.0002);
#17=TOROIDAL_SURFACE('',#2525,0.0012,0.0002);
#18=TOROIDAL_SURFACE('',#2531,0.0018,0.0002);
#19=TOROIDAL_SURFACE('',#2533,0.0018,0.0002);
#20=TOROIDAL_SURFACE('',#2539,0.0018,0.0002);
#21=TOROIDAL_SURFACE('',#2541,0.0018,0.0002);
#22=TOROIDAL_SURFACE('',#2550,0.000799999999999958,0.0002);
#23=TOROIDAL_SURFACE('',#2552,0.0008,0.0002);
#24=TOROIDAL_SURFACE('',#2558,0.000300000000000006,0.0002);
#25=TOROIDAL_SURFACE('',#2560,0.0003,0.0002);
#26=TOROIDAL_SURFACE('',#2566,0.0012,0.0002);
#27=TOROIDAL_SURFACE('',#2568,0.0012,0.0002);
#28=TOROIDAL_SURFACE('',#2574,0.0018,0.0002);
#29=TOROIDAL_SURFACE('',#2576,0.0018,0.0002);
#30=TOROIDAL_SURFACE('',#2582,0.0018,0.0002);
#31=TOROIDAL_SURFACE('',#2584,0.0018,0.0002);
#32=ELLIPSE('',#2477,0.000282842712474619,0.0002);
#33=ELLIPSE('',#2480,0.000282842712474619,0.0002);
#34=ELLIPSE('',#2491,0.000337088740363356,0.0002);
#35=ELLIPSE('',#2492,0.000244586717705824,0.0002);
#36=ELLIPSE('',#2494,0.000337088740363356,0.0002);
#37=ELLIPSE('',#2496,0.000202995880971638,0.0002);
#38=ELLIPSE('',#2498,0.000282842712474619,0.0002);
#39=ELLIPSE('',#2500,0.000282842712474619,0.0002);
#40=ELLIPSE('',#2502,0.000282842712474619,0.0002);
#41=ELLIPSE('',#2600,0.000337088740363356,0.0002);
#42=ELLIPSE('',#2601,0.000337088740363356,0.0002);
#43=ELLIPSE('',#2603,0.000244586717705824,0.0002);
#44=ELLIPSE('',#2605,0.000282842712474619,0.0002);
#45=ELLIPSE('',#2607,0.000347441644130339,0.0002);
#46=ELLIPSE('',#2609,0.000282842712474619,0.0002);
#47=ELLIPSE('',#2633,0.000141421356237309,0.0001);
#48=ELLIPSE('',#2636,0.000141421356237309,0.0001);
#49=(
BOUNDED_SURFACE()
B_SPLINE_SURFACE(3,2,((#3857,#3858,#3859),(#3860,#3861,#3862),(#3863,#3864,
#3865),(#3866,#3867,#3868)),.UNSPECIFIED.,.F.,.F.,.F.)
B_SPLINE_SURFACE_WITH_KNOTS((4,4),(3,3),(-2.2139408362154E-16,0.000455457908831688),
(0.341081377401831,1.),.PIECEWISE_BEZIER_KNOTS.)
GEOMETRIC_REPRESENTATION_ITEM()
RATIONAL_B_SPLINE_SURFACE(((0.868347502412656,0.807007203691096,1.),(0.868347502412656,
0.807007203691096,1.),(0.868347502412656,0.807007203691096,1.),(0.868347502412656,
0.807007203691096,1.)))
REPRESENTATION_ITEM('')
SURFACE()
);
#50=(
BOUNDED_SURFACE()
B_SPLINE_SURFACE(3,2,((#3877,#3878,#3879),(#3880,#3881,#3882),(#3883,#3884,
#3885),(#3886,#3887,#3888)),.UNSPECIFIED.,.F.,.F.,.F.)
B_SPLINE_SURFACE_WITH_KNOTS((4,4),(3,3),(-1.65340831304039E-18,0.000448876218662017),
(0.341081377401797,1.),.PIECEWISE_BEZIER_KNOTS.)
GEOMETRIC_REPRESENTATION_ITEM()
RATIONAL_B_SPLINE_SURFACE(((0.868347502412663,0.807007203691086,1.),(0.868347502412663,
0.807007203691086,1.),(0.868347502412662,0.807007203691086,1.),(0.868347502412662,
0.807007203691086,1.)))
REPRESENTATION_ITEM('')
SURFACE()
);
#51=(
BOUNDED_SURFACE()
B_SPLINE_SURFACE(3,2,((#3895,#3896,#3897),(#3898,#3899,#3900),(#3901,#3902,
#3903),(#3904,#3905,#3906)),.UNSPECIFIED.,.F.,.F.,.F.)
B_SPLINE_SURFACE_WITH_KNOTS((4,4),(3,3),(0.,0.000333806505737164),(0.34108137740181,
1.),.PIECEWISE_BEZIER_KNOTS.)
GEOMETRIC_REPRESENTATION_ITEM()
RATIONAL_B_SPLINE_SURFACE(((0.86834750241266,0.80700720369109,1.),(0.86834750241266,
0.80700720369109,1.),(0.86834750241266,0.80700720369109,1.),(0.86834750241266,
0.80700720369109,1.)))
REPRESENTATION_ITEM('')
SURFACE()
);
#52=(
BOUNDED_SURFACE()
B_SPLINE_SURFACE(3,2,((#3913,#3914,#3915),(#3916,#3917,#3918),(#3919,#3920,
#3921),(#3922,#3923,#3924)),.UNSPECIFIED.,.F.,.F.,.F.)
B_SPLINE_SURFACE_WITH_KNOTS((4,4),(3,3),(0.,0.000318404978224134),(0.341081377401835,
1.),.PIECEWISE_BEZIER_KNOTS.)
GEOMETRIC_REPRESENTATION_ITEM()
RATIONAL_B_SPLINE_SURFACE(((0.868347502412655,0.807007203691097,1.),(0.868347502412655,
0.807007203691097,1.),(0.868347502412655,0.807007203691097,1.),(0.868347502412655,
0.807007203691097,1.)))
REPRESENTATION_ITEM('')
SURFACE()
);
#53=(
BOUNDED_SURFACE()
B_SPLINE_SURFACE(3,2,((#3931,#3932,#3933),(#3934,#3935,#3936),(#3937,#3938,
#3939),(#3940,#3941,#3942)),.UNSPECIFIED.,.F.,.F.,.F.)
B_SPLINE_SURFACE_WITH_KNOTS((4,4),(3,3),(-2.57498015965307E-18,0.000271488722912131),
(0.341081377401906,1.),.PIECEWISE_BEZIER_KNOTS.)
GEOMETRIC_REPRESENTATION_ITEM()
RATIONAL_B_SPLINE_SURFACE(((0.868347502412642,0.807007203691118,1.),(0.868347502412642,
0.807007203691118,1.),(0.868347502412642,0.807007203691118,1.),(0.868347502412642,
0.807007203691118,1.)))
REPRESENTATION_ITEM('')
SURFACE()
);
#54=(
BOUNDED_SURFACE()
B_SPLINE_SURFACE(3,2,((#3949,#3950,#3951),(#3952,#3953,#3954),(#3955,#3956,
#3957),(#3958,#3959,#3960),(#3961,#3962,#3963)),.UNSPECIFIED.,.F.,.F.,.F.)
B_SPLINE_SURFACE_WITH_KNOTS((4,1,4),(3,3),(-3.58979339309951E-16,0.000173187822047297,
0.000346375644094953),(0.341081377401803,1.),.UNSPECIFIED.)
GEOMETRIC_REPRESENTATION_ITEM()
RATIONAL_B_SPLINE_SURFACE(((0.868347502412661,0.807007203691088,1.),(0.868347502412661,
0.807007203691088,1.),(0.868347502412661,0.807007203691088,1.),(0.868347502412661,
0.807007203691088,1.),(0.868347502412661,0.807007203691088,1.)))
REPRESENTATION_ITEM('')
SURFACE()
);
#55=(
BOUNDED_SURFACE()
B_SPLINE_SURFACE(3,2,((#3970,#3971,#3972),(#3973,#3974,#3975),(#3976,#3977,
#3978),(#3979,#3980,#3981)),.UNSPECIFIED.,.F.,.F.,.F.)
B_SPLINE_SURFACE_WITH_KNOTS((4,4),(3,3),(-1.23490627446099E-16,0.000254760017319569),
(0.34108137740217,1.),.PIECEWISE_BEZIER_KNOTS.)
GEOMETRIC_REPRESENTATION_ITEM()
RATIONAL_B_SPLINE_SURFACE(((0.868347502412593,0.807007203691195,1.),(0.868347502412593,
0.807007203691195,1.),(0.868347502412593,0.807007203691195,1.),(0.868347502412593,
0.807007203691195,1.)))
REPRESENTATION_ITEM('')
SURFACE()
);
#56=(
BOUNDED_SURFACE()
B_SPLINE_SURFACE(3,2,((#3991,#3992,#3993),(#3994,#3995,#3996),(#3997,#3998,
#3999),(#4000,#4001,#4002)),.UNSPECIFIED.,.F.,.F.,.F.)
B_SPLINE_SURFACE_WITH_KNOTS((4,4),(3,3),(-5.42101086242752E-20,0.000561117666047908),
(0.341081377401939,1.),.PIECEWISE_BEZIER_KNOTS.)
GEOMETRIC_REPRESENTATION_ITEM()
RATIONAL_B_SPLINE_SURFACE(((0.868347502412636,0.807007203691127,1.),(0.868347502412636,
0.807007203691127,1.),(0.868347502412636,0.807007203691127,1.),(0.868347502412636,
0.807007203691127,1.)))
REPRESENTATION_ITEM('')
SURFACE()
);
#57=(
BOUNDED_SURFACE()
B_SPLINE_SURFACE(3,2,((#4011,#4012,#4013),(#4014,#4015,#4016),(#4017,#4018,
#4019),(#4020,#4021,#4022)),.UNSPECIFIED.,.F.,.F.,.F.)
B_SPLINE_SURFACE_WITH_KNOTS((4,4),(3,3),(-2.4459601011273E-16,0.000843187687237753),
(0.226540919660761,1.),.PIECEWISE_BEZIER_KNOTS.)
GEOMETRIC_REPRESENTATION_ITEM()
RATIONAL_B_SPLINE_SURFACE(((0.897358423438381,0.773459080338948,1.),(0.897358423438381,
0.773459080338948,1.),(0.897358423438381,0.773459080338948,1.),(0.897358423438381,
0.773459080338948,1.)))
REPRESENTATION_ITEM('')
SURFACE()
);
#58=(
BOUNDED_SURFACE()
B_SPLINE_SURFACE(3,2,((#4031,#4032,#4033),(#4034,#4035,#4036),(#4037,#4038,
#4039),(#4040,#4041,#4042)),.UNSPECIFIED.,.F.,.F.,.F.)
B_SPLINE_SURFACE_WITH_KNOTS((4,4),(3,3),(0.,0.0008685178051795),(0.226540919660874,
1.),.PIECEWISE_BEZIER_KNOTS.)
GEOMETRIC_REPRESENTATION_ITEM()
RATIONAL_B_SPLINE_SURFACE(((0.897358423438345,0.773459080338981,1.),(0.897358423438345,
0.773459080338981,1.),(0.897358423438345,0.773459080338981,1.),(0.897358423438345,
0.773459080338981,1.)))
REPRESENTATION_ITEM('')
SURFACE()
);
#59=(
BOUNDED_SURFACE()
B_SPLINE_SURFACE(3,2,((#4049,#4050,#4051),(#4052,#4053,#4054),(#4055,#4056,
#4057),(#4058,#4059,#4060)),.UNSPECIFIED.,.F.,.F.,.F.)
B_SPLINE_SURFACE_WITH_KNOTS((4,4),(3,3),(0.,0.000868774366235633),(0.226540919660661,
1.),.PIECEWISE_BEZIER_KNOTS.)
GEOMETRIC_REPRESENTATION_ITEM()
RATIONAL_B_SPLINE_SURFACE(((0.897358423438413,0.773459080338918,1.),(0.897358423438413,
0.773459080338918,1.),(0.897358423438413,0.773459080338918,1.),(0.897358423438413,
0.773459080338918,1.)))
REPRESENTATION_ITEM('')
SURFACE()
);
#60=(
BOUNDED_SURFACE()
B_SPLINE_SURFACE(3,2,((#4067,#4068,#4069),(#4070,#4071,#4072),(#4073,#4074,
#4075),(#4076,#4077,#4078)),.UNSPECIFIED.,.F.,.F.,.F.)
B_SPLINE_SURFACE_WITH_KNOTS((4,4),(3,3),(0.,0.00124211874076918),(0.226540919660988,
1.),.PIECEWISE_BEZIER_KNOTS.)
GEOMETRIC_REPRESENTATION_ITEM()
RATIONAL_B_SPLINE_SURFACE(((0.897358423438309,0.773459080339014,1.),(0.897358423438309,
0.773459080339014,1.),(0.897358423438309,0.773459080339014,1.),(0.897358423438309,
0.773459080339014,1.)))
REPRESENTATION_ITEM('')
SURFACE()
);
#61=(
BOUNDED_SURFACE()
B_SPLINE_SURFACE(3,2,((#4085,#4086,#4087),(#4088,#4089,#4090),(#4091,#4092,
#4093),(#4094,#4095,#4096)),.UNSPECIFIED.,.F.,.F.,.F.)
B_SPLINE_SURFACE_WITH_KNOTS((4,4),(3,3),(0.,0.00136611827318374),(0.2265409196608,
1.),.PIECEWISE_BEZIER_KNOTS.)
GEOMETRIC_REPRESENTATION_ITEM()
RATIONAL_B_SPLINE_SURFACE(((0.897358423438369,0.773459080338959,1.),(0.897358423438369,
0.773459080338959,1.),(0.897358423438369,0.773459080338959,1.),(0.897358423438369,
0.773459080338959,1.)))
REPRESENTATION_ITEM('')
SURFACE()
);
#62=(
BOUNDED_SURFACE()
B_SPLINE_SURFACE(3,2,((#4103,#4104,#4105),(#4106,#4107,#4108),(#4109,#4110,
#4111),(#4112,#4113,#4114)),.UNSPECIFIED.,.F.,.F.,.F.)
B_SPLINE_SURFACE_WITH_KNOTS((4,4),(3,3),(-2.16840434497101E-19,0.00116169136675981),
(0.22654091966122,1.),.PIECEWISE_BEZIER_KNOTS.)
GEOMETRIC_REPRESENTATION_ITEM()
RATIONAL_B_SPLINE_SURFACE(((0.897358423438234,0.773459080339082,1.),(0.897358423438234,
0.773459080339082,1.),(0.897358423438234,0.773459080339082,1.),(0.897358423438234,
0.773459080339082,1.)))
REPRESENTATION_ITEM('')
SURFACE()
);
#63=(
BOUNDED_SURFACE()
B_SPLINE_SURFACE(3,2,((#4121,#4122,#4123),(#4124,#4125,#4126),(#4127,#4128,
#4129),(#4130,#4131,#4132)),.UNSPECIFIED.,.F.,.F.,.F.)
B_SPLINE_SURFACE_WITH_KNOTS((4,4),(3,3),(-5.96311194867027E-19,0.00147158936091191),
(0.226540919660797,1.),.PIECEWISE_BEZIER_KNOTS.)
GEOMETRIC_REPRESENTATION_ITEM()
RATIONAL_B_SPLINE_SURFACE(((0.89735842343837,0.773459080338958,1.),(0.89735842343837,
0.773459080338958,1.),(0.89735842343837,0.773459080338958,1.),(0.89735842343837,
0.773459080338958,1.)))
REPRESENTATION_ITEM('')
SURFACE()
);
#64=(
BOUNDED_SURFACE()
B_SPLINE_SURFACE(3,2,((#4139,#4140,#4141),(#4142,#4143,#4144),(#4145,#4146,
#4147),(#4148,#4149,#4150)),.UNSPECIFIED.,.F.,.F.,.F.)
B_SPLINE_SURFACE_WITH_KNOTS((4,4),(3,3),(0.,0.00105897314662312),(0.,0.773459080339019),
 .PIECEWISE_BEZIER_KNOTS.)
GEOMETRIC_REPRESENTATION_ITEM()
RATIONAL_B_SPLINE_SURFACE(((1.,0.773459080339012,0.897358423438311),(1.,
0.773459080339012,0.897358423438311),(1.,0.773459080339012,0.897358423438311),
(1.,0.773459080339012,0.897358423438311)))
REPRESENTATION_ITEM('')
SURFACE()
);
#65=(
BOUNDED_SURFACE()
B_SPLINE_SURFACE(3,2,((#4165,#4166,#4167),(#4168,#4169,#4170),(#4171,#4172,
#4173),(#4174,#4175,#4176)),.UNSPECIFIED.,.F.,.F.,.F.)
B_SPLINE_SURFACE_WITH_KNOTS((4,4),(3,3),(-1.75207071073658E-16,0.000740600372390792),
(0.226540919661326,1.),.PIECEWISE_BEZIER_KNOTS.)
GEOMETRIC_REPRESENTATION_ITEM()
RATIONAL_B_SPLINE_SURFACE(((0.8973584234382,0.773459080339113,1.),(0.8973584234382,
0.773459080339113,1.),(0.8973584234382,0.773459080339113,1.),(0.8973584234382,
0.773459080339113,1.)))
REPRESENTATION_ITEM('')
SURFACE()
);
#66=(
BOUNDED_SURFACE()
B_SPLINE_SURFACE(3,2,((#4183,#4184,#4185),(#4186,#4187,#4188),(#4189,#4190,
#4191),(#4192,#4193,#4194)),.UNSPECIFIED.,.F.,.F.,.F.)
B_SPLINE_SURFACE_WITH_KNOTS((4,4),(3,3),(-1.66316613259276E-16,0.00133743229616688),
(0.226540919660505,1.),.PIECEWISE_BEZIER_KNOTS.)
GEOMETRIC_REPRESENTATION_ITEM()
RATIONAL_B_SPLINE_SURFACE(((0.897358423438463,0.773459080338873,1.),(0.897358423438463,
0.773459080338873,1.),(0.897358423438463,0.773459080338873,1.),(0.897358423438463,
0.773459080338873,1.)))
REPRESENTATION_ITEM('')
SURFACE()
);
#67=(
BOUNDED_SURFACE()
B_SPLINE_SURFACE(3,2,((#4201,#4202,#4203),(#4204,#4205,#4206),(#4207,#4208,
#4209),(#4210,#4211,#4212)),.UNSPECIFIED.,.F.,.F.,.F.)
B_SPLINE_SURFACE_WITH_KNOTS((4,4),(3,3),(0.,0.000841840379586085),(0.,0.773459080338321),
 .PIECEWISE_BEZIER_KNOTS.)
GEOMETRIC_REPRESENTATION_ITEM()
RATIONAL_B_SPLINE_SURFACE(((1.,0.773459080339217,0.897358423438087),(1.,
0.773459080339217,0.897358423438087),(1.,0.773459080339217,0.897358423438087),
(1.,0.773459080339217,0.897358423438087)))
REPRESENTATION_ITEM('')
SURFACE()
);
#68=(
BOUNDED_SURFACE()
B_SPLINE_SURFACE(3,2,((#4222,#4223,#4224),(#4225,#4226,#4227),(#4228,#4229,
#4230),(#4231,#4232,#4233)),.UNSPECIFIED.,.F.,.F.,.F.)
B_SPLINE_SURFACE_WITH_KNOTS((4,4),(3,3),(0.,0.00123044532821475),(0.226540919660749,
1.),.PIECEWISE_BEZIER_KNOTS.)
GEOMETRIC_REPRESENTATION_ITEM()
RATIONAL_B_SPLINE_SURFACE(((0.897358423438385,0.773459080338944,1.),(0.897358423438385,
0.773459080338944,1.),(0.897358423438385,0.773459080338944,1.),(0.897358423438385,
0.773459080338944,1.)))
REPRESENTATION_ITEM('')
SURFACE()
);
#69=(
BOUNDED_SURFACE()
B_SPLINE_SURFACE(3,2,((#4244,#4245,#4246),(#4247,#4248,#4249),(#4250,#4251,
#4252),(#4253,#4254,#4255),(#4256,#4257,#4258)),.UNSPECIFIED.,.F.,.F.,.F.)
B_SPLINE_SURFACE_WITH_KNOTS((4,1,4),(3,3),(0.,0.000642480773021451,0.0012849615460429),
(0.226540919659317,1.),.UNSPECIFIED.)
GEOMETRIC_REPRESENTATION_ITEM()
RATIONAL_B_SPLINE_SURFACE(((0.897358423438844,0.773459080338525,1.),(0.897358423438844,
0.773459080338525,1.),(0.897358423438844,0.773459080338525,1.),(0.897358423438844,
0.773459080338525,1.),(0.897358423438844,0.773459080338525,1.)))
REPRESENTATION_ITEM('')
SURFACE()
);
#70=(
BOUNDED_SURFACE()
B_SPLINE_SURFACE(3,2,((#4271,#4272,#4273),(#4274,#4275,#4276),(#4277,#4278,
#4279),(#4280,#4281,#4282)),.UNSPECIFIED.,.F.,.F.,.F.)
B_SPLINE_SURFACE_WITH_KNOTS((4,4),(3,3),(-2.24592480030372E-16,0.000524718746978797),
(0.341081377401848,1.),.PIECEWISE_BEZIER_KNOTS.)
GEOMETRIC_REPRESENTATION_ITEM()
RATIONAL_B_SPLINE_SURFACE(((0.868347502412653,0.807007203691101,1.),(0.868347502412653,
0.807007203691101,1.),(0.868347502412653,0.807007203691101,1.),(0.868347502412653,
0.807007203691101,1.)))
REPRESENTATION_ITEM('')
SURFACE()
);
#71=(
BOUNDED_SURFACE()
B_SPLINE_SURFACE(3,2,((#4291,#4292,#4293),(#4294,#4295,#4296),(#4297,#4298,
#4299),(#4300,#4301,#4302)),.UNSPECIFIED.,.F.,.F.,.F.)
B_SPLINE_SURFACE_WITH_KNOTS((4,4),(3,3),(0.,0.000521698977786079),(0.341081377402009,
1.),.PIECEWISE_BEZIER_KNOTS.)
GEOMETRIC_REPRESENTATION_ITEM()
RATIONAL_B_SPLINE_SURFACE(((0.868347502412623,0.807007203691148,1.),(0.868347502412623,
0.807007203691148,1.),(0.868347502412623,0.807007203691148,1.),(0.868347502412623,
0.807007203691148,1.)))
REPRESENTATION_ITEM('')
SURFACE()
);
#72=(
BOUNDED_SURFACE()
B_SPLINE_SURFACE(3,2,((#4309,#4310,#4311),(#4312,#4313,#4314),(#4315,#4316,
#4317),(#4318,#4319,#4320)),.UNSPECIFIED.,.F.,.F.,.F.)
B_SPLINE_SURFACE_WITH_KNOTS((4,4),(3,3),(-8.13151629364128E-20,0.00051974055604636),
(0.341081377401902,1.),.PIECEWISE_BEZIER_KNOTS.)
GEOMETRIC_REPRESENTATION_ITEM()
RATIONAL_B_SPLINE_SURFACE(((0.868347502412643,0.807007203691117,1.),(0.868347502412643,
0.807007203691117,1.),(0.868347502412643,0.807007203691117,1.),(0.868347502412643,
0.807007203691117,1.)))
REPRESENTATION_ITEM('')
SURFACE()
);
#73=(
BOUNDED_SURFACE()
B_SPLINE_SURFACE(3,2,((#4327,#4328,#4329),(#4330,#4331,#4332),(#4333,#4334,
#4335),(#4336,#4337,#4338)),.UNSPECIFIED.,.F.,.F.,.F.)
B_SPLINE_SURFACE_WITH_KNOTS((4,4),(3,3),(-1.18421982289729E-16,0.000519217497100391),
(0.341081377401893,1.),.PIECEWISE_BEZIER_KNOTS.)
GEOMETRIC_REPRESENTATION_ITEM()
RATIONAL_B_SPLINE_SURFACE(((0.868347502412644,0.807007203691114,1.),(0.868347502412644,
0.807007203691114,1.),(0.868347502412644,0.807007203691114,1.),(0.868347502412644,
0.807007203691114,1.)))
REPRESENTATION_ITEM('')
SURFACE()
);
#74=(
BOUNDED_SURFACE()
B_SPLINE_SURFACE(3,2,((#4345,#4346,#4347),(#4348,#4349,#4350),(#4351,#4352,
#4353),(#4354,#4355,#4356)),.UNSPECIFIED.,.F.,.F.,.F.)
B_SPLINE_SURFACE_WITH_KNOTS((4,4),(3,3),(-3.70526092446921E-17,0.000516549682478385),
(0.341081377401827,1.),.PIECEWISE_BEZIER_KNOTS.)
GEOMETRIC_REPRESENTATION_ITEM()
RATIONAL_B_SPLINE_SURFACE(((0.868347502412657,0.807007203691095,1.),(0.868347502412657,
0.807007203691095,1.),(0.868347502412657,0.807007203691095,1.),(0.868347502412657,
0.807007203691095,1.)))
REPRESENTATION_ITEM('')
SURFACE()
);
#75=(
BOUNDED_SURFACE()
B_SPLINE_SURFACE(3,2,((#4363,#4364,#4365),(#4366,#4367,#4368),(#4369,#4370,
#4371),(#4372,#4373,#4374)),.UNSPECIFIED.,.F.,.F.,.F.)
B_SPLINE_SURFACE_WITH_KNOTS((4,4),(3,3),(-5.42101086242752E-20,0.000517167589722234),
(0.341081377401769,1.),.PIECEWISE_BEZIER_KNOTS.)
GEOMETRIC_REPRESENTATION_ITEM()
RATIONAL_B_SPLINE_SURFACE(((0.868347502412667,0.807007203691078,1.),(0.868347502412667,
0.807007203691078,1.),(0.868347502412667,0.807007203691078,1.),(0.868347502412667,
0.807007203691078,1.)))
REPRESENTATION_ITEM('')
SURFACE()
);
#76=(
BOUNDED_SURFACE()
B_SPLINE_SURFACE(3,2,((#4381,#4382,#4383),(#4384,#4385,#4386),(#4387,#4388,
#4389),(#4390,#4391,#4392)),.UNSPECIFIED.,.F.,.F.,.F.)
B_SPLINE_SURFACE_WITH_KNOTS((4,4),(3,3),(0.,0.000524675681467456),(0.341081377401697,
1.),.PIECEWISE_BEZIER_KNOTS.)
GEOMETRIC_REPRESENTATION_ITEM()
RATIONAL_B_SPLINE_SURFACE(((0.868347502412681,0.807007203691056,1.),(0.868347502412681,
0.807007203691056,1.),(0.868347502412681,0.807007203691056,1.),(0.868347502412681,
0.807007203691056,1.)))
REPRESENTATION_ITEM('')
SURFACE()
);
#77=(
BOUNDED_SURFACE()
B_SPLINE_SURFACE(3,2,((#4399,#4400,#4401),(#4402,#4403,#4404),(#4405,#4406,
#4407),(#4408,#4409,#4410)),.UNSPECIFIED.,.F.,.F.,.F.)
B_SPLINE_SURFACE_WITH_KNOTS((4,4),(3,3),(0.,0.000520561514777186),(0.341081377401892,
1.),.PIECEWISE_BEZIER_KNOTS.)
GEOMETRIC_REPRESENTATION_ITEM()
RATIONAL_B_SPLINE_SURFACE(((0.868347502412645,0.807007203691114,1.),(0.868347502412645,
0.807007203691114,1.),(0.868347502412645,0.807007203691114,1.),(0.868347502412645,
0.807007203691114,1.)))
REPRESENTATION_ITEM('')
SURFACE()
);
#78=(
BOUNDED_SURFACE()
B_SPLINE_SURFACE(3,2,((#4494,#4495,#4496),(#4497,#4498,#4499),(#4500,#4501,
#4502),(#4503,#4504,#4505),(#4506,#4507,#4508),(#4509,#4510,#4511),(#4512,
#4513,#4514),(#4515,#4516,#4517),(#4518,#4519,#4520),(#4521,#4522,#4523),
(#4524,#4525,#4526)),.UNSPECIFIED.,.F.,.F.,.F.)
B_SPLINE_SURFACE_WITH_KNOTS((4,1,1,1,1,1,1,1,4),(3,3),(1.10913882245267E-16,
0.00255589898167713,0.00511179796335416,0.00766769694503118,0.0102235959267082,
0.0127794949083852,0.0153353938900622,0.0178912928717393,0.0204471918534163),
(0.,1.),.UNSPECIFIED.)
GEOMETRIC_REPRESENTATION_ITEM()
RATIONAL_B_SPLINE_SURFACE(((1.,0.707106781186549,1.),(1.,0.707106781186549,
1.),(1.,0.707106781186547,1.),(1.,0.707106781186548,1.),(1.,0.707106781186548,
1.),(1.,0.707106781186548,1.),(1.,0.707106781186547,1.),(1.,0.707106781186548,
1.),(1.,0.707106781186547,1.),(1.,0.707106781186549,1.),(1.,0.707106781186549,
1.)))
REPRESENTATION_ITEM('')
SURFACE()
);
#79=(
BOUNDED_SURFACE()
B_SPLINE_SURFACE(3,2,((#4570,#4571,#4572),(#4573,#4574,#4575),(#4576,#4577,
#4578),(#4579,#4580,#4581),(#4582,#4583,#4584),(#4585,#4586,#4587),(#4588,
#4589,#4590),(#4591,#4592,#4593),(#4594,#4595,#4596),(#4597,#4598,#4599),
(#4600,#4601,#4602)),.UNSPECIFIED.,.F.,.F.,.F.)
B_SPLINE_SURFACE_WITH_KNOTS((4,1,1,1,1,1,1,1,4),(3,3),(-3.10732342634346E-16,
0.00255589898167665,0.0051117979633536,0.00766769694503056,0.0102235959267075,
0.0127794949083845,0.0153353938900614,0.0178912928717384,0.0204471918534153),
(0.,1.),.UNSPECIFIED.)
GEOMETRIC_REPRESENTATION_ITEM()
RATIONAL_B_SPLINE_SURFACE(((1.,0.707106781186549,1.),(1.,0.707106781186549,
1.),(1.,0.707106781186546,1.),(1.,0.707106781186548,1.),(1.,0.707106781186547,
1.),(1.,0.707106781186548,1.),(1.,0.707106781186547,1.),(1.,0.707106781186548,
1.),(1.,0.707106781186547,1.),(1.,0.707106781186549,1.),(1.,0.707106781186549,
1.)))
REPRESENTATION_ITEM('')
SURFACE()
);
#80=(
BOUNDED_SURFACE()
B_SPLINE_SURFACE(3,2,((#4603,#4604,#4605),(#4606,#4607,#4608),(#4609,#4610,
#4611),(#4612,#4613,#4614)),.UNSPECIFIED.,.F.,.F.,.F.)
B_SPLINE_SURFACE_WITH_KNOTS((4,4),(3,3),(-5.55653613398821E-19,0.000686332912154792),
(0.,1.),.PIECEWISE_BEZIER_KNOTS.)
GEOMETRIC_REPRESENTATION_ITEM()
RATIONAL_B_SPLINE_SURFACE(((1.,0.866025403784415,1.),(1.,0.866025403784415,
1.),(1.,0.866025403784423,1.),(1.,0.866025403784423,1.)))
REPRESENTATION_ITEM('')
SURFACE()
);
#81=(
BOUNDED_SURFACE()
B_SPLINE_SURFACE(3,2,((#4617,#4618,#4619),(#4620,#4621,#4622),(#4623,#4624,
#4625),(#4626,#4627,#4628)),.UNSPECIFIED.,.F.,.F.,.F.)
B_SPLINE_SURFACE_WITH_KNOTS((4,4),(3,3),(-2.71050543121376E-20,0.000676937949016872),
(0.,1.),.PIECEWISE_BEZIER_KNOTS.)
GEOMETRIC_REPRESENTATION_ITEM()
RATIONAL_B_SPLINE_SURFACE(((1.,0.866025403784423,1.),(1.,0.866025403784423,
1.),(1.,0.866025403784486,1.),(1.,0.866025403784486,1.)))
REPRESENTATION_ITEM('')
SURFACE()
);
#82=(
BOUNDED_SURFACE()
B_SPLINE_SURFACE(3,2,((#4630,#4631,#4632),(#4633,#4634,#4635),(#4636,#4637,
#4638),(#4639,#4640,#4641)),.UNSPECIFIED.,.F.,.F.,.F.)
B_SPLINE_SURFACE_WITH_KNOTS((4,4),(3,3),(1.62630325872826E-19,0.000642404230226804),
(0.,1.),.PIECEWISE_BEZIER_KNOTS.)
GEOMETRIC_REPRESENTATION_ITEM()
RATIONAL_B_SPLINE_SURFACE(((1.,0.866025403784352,1.),(1.,0.866025403784352,
1.),(1.,0.866025403784423,1.),(1.,0.866025403784423,1.)))
REPRESENTATION_ITEM('')
SURFACE()
);
#83=(
BOUNDED_SURFACE()
B_SPLINE_SURFACE(3,2,((#4643,#4644,#4645),(#4646,#4647,#4648),(#4649,#4650,
#4651),(#4652,#4653,#4654)),.UNSPECIFIED.,.F.,.F.,.F.)
B_SPLINE_SURFACE_WITH_KNOTS((4,4),(3,3),(-1.7257788080538E-16,0.00063311229443502),
(0.,1.),.PIECEWISE_BEZIER_KNOTS.)
GEOMETRIC_REPRESENTATION_ITEM()
RATIONAL_B_SPLINE_SURFACE(((1.,0.866025403784434,1.),(1.,0.866025403784434,
1.),(1.,0.866025403784352,1.),(1.,0.866025403784352,1.)))
REPRESENTATION_ITEM('')
SURFACE()
);
#84=(
BOUNDED_SURFACE()
B_SPLINE_SURFACE(3,2,((#4656,#4657,#4658),(#4659,#4660,#4661),(#4662,#4663,
#4664),(#4665,#4666,#4667)),.UNSPECIFIED.,.F.,.F.,.F.)
B_SPLINE_SURFACE_WITH_KNOTS((4,4),(3,3),(-1.4379231312589E-17,0.000466482599128042),
(0.,1.),.PIECEWISE_BEZIER_KNOTS.)
GEOMETRIC_REPRESENTATION_ITEM()
RATIONAL_B_SPLINE_SURFACE(((1.,0.866025403784486,1.),(1.,0.866025403784486,
1.),(1.,0.866025403784352,1.),(1.,0.866025403784352,1.)))
REPRESENTATION_ITEM('')
SURFACE()
);
#85=(
BOUNDED_SURFACE()
B_SPLINE_SURFACE(3,2,((#4669,#4670,#4671),(#4672,#4673,#4674),(#4675,#4676,
#4677),(#4678,#4679,#4680)),.UNSPECIFIED.,.F.,.F.,.F.)
B_SPLINE_SURFACE_WITH_KNOTS((4,4),(3,3),(1.62630325872826E-19,0.000676302445019111),
(0.,1.),.PIECEWISE_BEZIER_KNOTS.)
GEOMETRIC_REPRESENTATION_ITEM()
RATIONAL_B_SPLINE_SURFACE(((1.,0.866025403784352,1.),(1.,0.866025403784352,
1.),(1.,0.866025403784356,1.),(1.,0.866025403784356,1.)))
REPRESENTATION_ITEM('')
SURFACE()
);
#86=(
BOUNDED_SURFACE()
B_SPLINE_SURFACE(3,2,((#4682,#4683,#4684),(#4685,#4686,#4687),(#4688,#4689,
#4690),(#4691,#4692,#4693)),.UNSPECIFIED.,.F.,.F.,.F.)
B_SPLINE_SURFACE_WITH_KNOTS((4,4),(3,3),(-2.95580617273861E-17,0.000489063797488405),
(0.,1.),.PIECEWISE_BEZIER_KNOTS.)
GEOMETRIC_REPRESENTATION_ITEM()
RATIONAL_B_SPLINE_SURFACE(((1.,0.866025403784423,1.),(1.,0.866025403784423,
1.),(1.,0.866025403784416,1.),(1.,0.866025403784416,1.)))
REPRESENTATION_ITEM('')
SURFACE()
);
#87=(
BOUNDED_SURFACE()
B_SPLINE_SURFACE(3,2,((#4698,#4699,#4700),(#4701,#4702,#4703),(#4704,#4705,
#4706),(#4707,#4708,#4709)),.UNSPECIFIED.,.F.,.F.,.F.)
B_SPLINE_SURFACE_WITH_KNOTS((4,4),(3,3),(4.29073009761138E-17,0.000770568463670384),
(0.,1.),.PIECEWISE_BEZIER_KNOTS.)
GEOMETRIC_REPRESENTATION_ITEM()
RATIONAL_B_SPLINE_SURFACE(((1.,0.866025403784404,1.),(1.,0.866025403784404,
1.),(1.,0.866025403784423,1.),(1.,0.866025403784423,1.)))
REPRESENTATION_ITEM('')
SURFACE()
);
#88=(
BOUNDED_SURFACE()
B_SPLINE_SURFACE(3,2,((#4724,#4725,#4726),(#4727,#4728,#4729),(#4730,#4731,
#4732),(#4733,#4734,#4735)),.UNSPECIFIED.,.F.,.F.,.F.)
B_SPLINE_SURFACE_WITH_KNOTS((4,4),(3,3),(-2.71050543121376E-20,0.000238488276513539),
(0.,1.),.PIECEWISE_BEZIER_KNOTS.)
GEOMETRIC_REPRESENTATION_ITEM()
RATIONAL_B_SPLINE_SURFACE(((1.,0.866025403784423,1.),(1.,0.866025403784423,
1.),(1.,0.866025403784425,1.),(1.,0.866025403784425,1.)))
REPRESENTATION_ITEM('')
SURFACE()
);
#89=(
BOUNDED_SURFACE()
B_SPLINE_SURFACE(3,2,((#4738,#4739,#4740),(#4741,#4742,#4743),(#4744,#4745,
#4746),(#4747,#4748,#4749)),.UNSPECIFIED.,.F.,.F.,.F.)
B_SPLINE_SURFACE_WITH_KNOTS((4,4),(3,3),(7.38883780548871E-17,0.000233116330178012),
(0.,1.),.PIECEWISE_BEZIER_KNOTS.)
GEOMETRIC_REPRESENTATION_ITEM()
RATIONAL_B_SPLINE_SURFACE(((1.,0.866025403784508,1.),(1.,0.866025403784508,
1.),(1.,0.866025403784423,1.),(1.,0.866025403784423,1.)))
REPRESENTATION_ITEM('')
SURFACE()
);
#90=(
BOUNDED_SURFACE()
B_SPLINE_SURFACE(3,2,((#4751,#4752,#4753),(#4754,#4755,#4756),(#4757,#4758,
#4759),(#4760,#4761,#4762)),.UNSPECIFIED.,.F.,.F.,.F.)
B_SPLINE_SURFACE_WITH_KNOTS((4,4),(3,3),(2.71050543121376E-20,0.000258675482831525),
(0.,1.),.PIECEWISE_BEZIER_KNOTS.)
GEOMETRIC_REPRESENTATION_ITEM()
RATIONAL_B_SPLINE_SURFACE(((1.,0.866025403784425,1.),(1.,0.866025403784425,
1.),(1.,0.866025403784507,1.),(1.,0.866025403784507,1.)))
REPRESENTATION_ITEM('')
SURFACE()
);
#91=(
BOUNDED_SURFACE()
B_SPLINE_SURFACE(3,2,((#4764,#4765,#4766),(#4767,#4768,#4769),(#4770,#4771,
#4772),(#4773,#4774,#4775)),.UNSPECIFIED.,.F.,.F.,.F.)
B_SPLINE_SURFACE_WITH_KNOTS((4,4),(3,3),(-1.89735380184963E-19,0.0002603557205905),
(0.,1.),.PIECEWISE_BEZIER_KNOTS.)
GEOMETRIC_REPRESENTATION_ITEM()
RATIONAL_B_SPLINE_SURFACE(((1.,0.866025403784352,1.),(1.,0.866025403784352,
1.),(1.,0.866025403784489,1.),(1.,0.866025403784489,1.)))
REPRESENTATION_ITEM('')
SURFACE()
);
#92=(
BOUNDED_SURFACE()
B_SPLINE_SURFACE(3,2,((#4777,#4778,#4779),(#4780,#4781,#4782),(#4783,#4784,
#4785),(#4786,#4787,#4788)),.UNSPECIFIED.,.F.,.F.,.F.)
B_SPLINE_SURFACE_WITH_KNOTS((4,4),(3,3),(2.71050543121376E-20,0.000256684483450905),
(0.,1.),.PIECEWISE_BEZIER_KNOTS.)
GEOMETRIC_REPRESENTATION_ITEM()
RATIONAL_B_SPLINE_SURFACE(((1.,0.866025403784507,1.),(1.,0.866025403784507,
1.),(1.,0.866025403784358,1.),(1.,0.866025403784358,1.)))
REPRESENTATION_ITEM('')
SURFACE()
);
#93=(
BOUNDED_SURFACE()
B_SPLINE_SURFACE(3,2,((#4790,#4791,#4792),(#4793,#4794,#4795),(#4796,#4797,
#4798),(#4799,#4800,#4801)),.UNSPECIFIED.,.F.,.F.,.F.)
B_SPLINE_SURFACE_WITH_KNOTS((4,4),(3,3),(-2.30989272848037E-16,0.000256224714035187),
(0.,1.),.PIECEWISE_BEZIER_KNOTS.)
GEOMETRIC_REPRESENTATION_ITEM()
RATIONAL_B_SPLINE_SURFACE(((1.,0.866025403784346,1.),(1.,0.866025403784346,
1.),(1.,0.866025403784352,1.),(1.,0.866025403784352,1.)))
REPRESENTATION_ITEM('')
SURFACE()
);
#94=(
BOUNDED_SURFACE()
B_SPLINE_SURFACE(3,2,((#4803,#4804,#4805),(#4806,#4807,#4808),(#4809,#4810,
#4811),(#4812,#4813,#4814)),.UNSPECIFIED.,.F.,.F.,.F.)
B_SPLINE_SURFACE_WITH_KNOTS((4,4),(3,3),(1.4499848804278E-16,0.000237445914767333),
(0.,1.),.PIECEWISE_BEZIER_KNOTS.)
GEOMETRIC_REPRESENTATION_ITEM()
RATIONAL_B_SPLINE_SURFACE(((1.,0.86602540378436,1.),(1.,0.86602540378436,
1.),(1.,0.866025403784423,1.),(1.,0.866025403784423,1.)))
REPRESENTATION_ITEM('')
SURFACE()
);
#95=(
BOUNDED_SURFACE()
B_SPLINE_SURFACE(3,2,((#4816,#4817,#4818),(#4819,#4820,#4821),(#4822,#4823,
#4824),(#4825,#4826,#4827)),.UNSPECIFIED.,.F.,.F.,.F.)
B_SPLINE_SURFACE_WITH_KNOTS((4,4),(3,3),(-1.35525271560688E-20,0.000234214892971682),
(0.,1.),.PIECEWISE_BEZIER_KNOTS.)
GEOMETRIC_REPRESENTATION_ITEM()
RATIONAL_B_SPLINE_SURFACE(((1.,0.866025403784423,1.),(1.,0.866025403784423,
1.),(1.,0.866025403784351,1.),(1.,0.866025403784351,1.)))
REPRESENTATION_ITEM('')
SURFACE()
);
#96=(
BOUNDED_SURFACE()
B_SPLINE_SURFACE(3,2,((#4828,#4829,#4830),(#4831,#4832,#4833),(#4834,#4835,
#4836),(#4837,#4838,#4839)),.UNSPECIFIED.,.F.,.F.,.F.)
B_SPLINE_SURFACE_WITH_KNOTS((4,4),(3,3),(-1.13543072513544E-16,0.000678101762054337),
(0.,1.),.PIECEWISE_BEZIER_KNOTS.)
GEOMETRIC_REPRESENTATION_ITEM()
RATIONAL_B_SPLINE_SURFACE(((1.,0.816496580927723,1.),(1.,0.816496580927723,
1.),(1.,0.816496580927723,1.),(1.,0.816496580927723,1.)))
REPRESENTATION_ITEM('')
SURFACE()
);
#97=(
BOUNDED_SURFACE()
B_SPLINE_SURFACE(3,2,((#4842,#4843,#4844),(#4845,#4846,#4847),(#4848,#4849,
#4850),(#4851,#4852,#4853)),.UNSPECIFIED.,.F.,.F.,.F.)
B_SPLINE_SURFACE_WITH_KNOTS((4,4),(3,3),(-1.45337301221682E-16,0.000723668597473413),
(0.,1.),.PIECEWISE_BEZIER_KNOTS.)
GEOMETRIC_REPRESENTATION_ITEM()
RATIONAL_B_SPLINE_SURFACE(((1.,0.816496580927722,1.),(1.,0.816496580927722,
1.),(1.,0.816496580927715,1.),(1.,0.816496580927715,1.)))
REPRESENTATION_ITEM('')
SURFACE()
);
#98=(
BOUNDED_SURFACE()
B_SPLINE_SURFACE(3,2,((#4855,#4856,#4857),(#4858,#4859,#4860),(#4861,#4862,
#4863),(#4864,#4865,#4866)),.UNSPECIFIED.,.F.,.F.,.F.)
B_SPLINE_SURFACE_WITH_KNOTS((4,4),(3,3),(8.13151629364128E-20,0.000716023885153325),
(0.,1.),.PIECEWISE_BEZIER_KNOTS.)
GEOMETRIC_REPRESENTATION_ITEM()
RATIONAL_B_SPLINE_SURFACE(((1.,0.816496580927727,1.),(1.,0.816496580927727,
1.),(1.,0.816496580927721,1.),(1.,0.816496580927721,1.)))
REPRESENTATION_ITEM('')
SURFACE()
);
#99=(
BOUNDED_SURFACE()
B_SPLINE_SURFACE(3,2,((#4868,#4869,#4870),(#4871,#4872,#4873),(#4874,#4875,
#4876),(#4877,#4878,#4879)),.UNSPECIFIED.,.F.,.F.,.F.)
B_SPLINE_SURFACE_WITH_KNOTS((4,4),(3,3),(-5.4752209710518E-17,0.00104033848637032),
(0.,1.),.PIECEWISE_BEZIER_KNOTS.)
GEOMETRIC_REPRESENTATION_ITEM()
RATIONAL_B_SPLINE_SURFACE(((1.,0.816496580927715,1.),(1.,0.816496580927715,
1.),(1.,0.816496580927708,1.),(1.,0.816496580927708,1.)))
REPRESENTATION_ITEM('')
SURFACE()
);
#100=(
BOUNDED_SURFACE()
B_SPLINE_SURFACE(3,2,((#4881,#4882,#4883),(#4884,#4885,#4886),(#4887,#4888,
#4889),(#4890,#4891,#4892)),.UNSPECIFIED.,.F.,.F.,.F.)
B_SPLINE_SURFACE_WITH_KNOTS((4,4),(3,3),(-1.25713241899694E-16,0.00112643083560049),
(0.,1.),.PIECEWISE_BEZIER_KNOTS.)
GEOMETRIC_REPRESENTATION_ITEM()
RATIONAL_B_SPLINE_SURFACE(((1.,0.816496580927716,1.),(1.,0.816496580927716,
1.),(1.,0.816496580927727,1.),(1.,0.816496580927727,1.)))
REPRESENTATION_ITEM('')
SURFACE()
);
#101=(
BOUNDED_SURFACE()
B_SPLINE_SURFACE(3,2,((#4894,#4895,#4896),(#4897,#4898,#4899),(#4900,#4901,
#4902),(#4903,#4904,#4905)),.UNSPECIFIED.,.F.,.F.,.F.)
B_SPLINE_SURFACE_WITH_KNOTS((4,4),(3,3),(-8.73324849937074E-17,0.000912721937021929),
(0.,1.),.PIECEWISE_BEZIER_KNOTS.)
GEOMETRIC_REPRESENTATION_ITEM()
RATIONAL_B_SPLINE_SURFACE(((1.,0.816496580927709,1.),(1.,0.816496580927709,
1.),(1.,0.816496580927727,1.),(1.,0.816496580927727,1.)))
REPRESENTATION_ITEM('')
SURFACE()
);
#102=(
BOUNDED_SURFACE()
B_SPLINE_SURFACE(3,2,((#4907,#4908,#4909),(#4910,#4911,#4912),(#4913,#4914,
#4915),(#4916,#4917,#4918)),.UNSPECIFIED.,.F.,.F.,.F.)
B_SPLINE_SURFACE_WITH_KNOTS((4,4),(3,3),(-5.42101086242752E-19,0.00126082870119313),
(0.,1.),.PIECEWISE_BEZIER_KNOTS.)
GEOMETRIC_REPRESENTATION_ITEM()
RATIONAL_B_SPLINE_SURFACE(((1.,0.816496580927715,1.),(1.,0.816496580927715,
1.),(1.,0.81649658092772,1.),(1.,0.81649658092772,1.)))
REPRESENTATION_ITEM('')
SURFACE()
);
#103=(
BOUNDED_SURFACE()
B_SPLINE_SURFACE(3,2,((#4920,#4921,#4922),(#4923,#4924,#4925),(#4926,#4927,
#4928),(#4929,#4930,#4931),(#4932,#4933,#4934)),.UNSPECIFIED.,.F.,.F.,.F.)
B_SPLINE_SURFACE_WITH_KNOTS((4,1,4),(3,3),(-2.71050543121376E-20,0.000559021834538933,
0.00111804366907787),(0.,1.),.UNSPECIFIED.)
GEOMETRIC_REPRESENTATION_ITEM()
RATIONAL_B_SPLINE_SURFACE(((1.,0.816496580927727,1.),(1.,0.816496580927727,
1.),(1.,0.816496580927662,1.),(1.,0.81649658092773,1.),(1.,0.81649658092773,
1.)))
REPRESENTATION_ITEM('')
SURFACE()
);
#104=(
BOUNDED_SURFACE()
B_SPLINE_SURFACE(3,2,((#4941,#4942,#4943),(#4944,#4945,#4946),(#4947,#4948,
#4949),(#4950,#4951,#4952),(#4953,#4954,#4955)),.UNSPECIFIED.,.F.,.F.,.F.)
B_SPLINE_SURFACE_WITH_KNOTS((4,1,4),(3,3),(1.40566811662746E-16,0.000612768961103317,
0.00122553792220649),(0.,1.),.UNSPECIFIED.)
GEOMETRIC_REPRESENTATION_ITEM()
RATIONAL_B_SPLINE_SURFACE(((1.,0.816496580927739,1.),(1.,0.816496580927739,
1.),(1.,0.816496580927705,1.),(1.,0.816496580927713,1.),(1.,0.816496580927713,
1.)))
REPRESENTATION_ITEM('')
SURFACE()
);
#105=(
BOUNDED_SURFACE()
B_SPLINE_SURFACE(3,2,((#4957,#4958,#4959),(#4960,#4961,#4962),(#4963,#4964,
#4965),(#4966,#4967,#4968)),.UNSPECIFIED.,.F.,.F.,.F.)
B_SPLINE_SURFACE_WITH_KNOTS((4,4),(3,3),(-1.96403223545749E-16,0.00120249577390816),
(0.,1.),.PIECEWISE_BEZIER_KNOTS.)
GEOMETRIC_REPRESENTATION_ITEM()
RATIONAL_B_SPLINE_SURFACE(((1.,0.816496580927702,1.),(1.,0.816496580927702,
1.),(1.,0.816496580927715,1.),(1.,0.816496580927715,1.)))
REPRESENTATION_ITEM('')
SURFACE()
);
#106=(
BOUNDED_SURFACE()
B_SPLINE_SURFACE(3,2,((#4970,#4971,#4972),(#4973,#4974,#4975),(#4976,#4977,
#4978),(#4979,#4980,#4981)),.UNSPECIFIED.,.F.,.F.,.F.)
B_SPLINE_SURFACE_WITH_KNOTS((4,4),(3,3),(0.000340118812054097,0.0013711682596015),
(0.,1.),.PIECEWISE_BEZIER_KNOTS.)
GEOMETRIC_REPRESENTATION_ITEM()
RATIONAL_B_SPLINE_SURFACE(((1.,0.816496580927577,1.),(1.,0.816496580927577,
1.),(1.,0.81649658092773,1.),(1.,0.81649658092773,1.)))
REPRESENTATION_ITEM('')
SURFACE()
);
#107=(
BOUNDED_SURFACE()
B_SPLINE_SURFACE(3,2,((#4991,#4992,#4993),(#4994,#4995,#4996),(#4997,#4998,
#4999),(#5000,#5001,#5002)),.UNSPECIFIED.,.F.,.F.,.F.)
B_SPLINE_SURFACE_WITH_KNOTS((4,4),(3,3),(-4.82469966756049E-18,0.00105799984714304),
(0.,1.),.PIECEWISE_BEZIER_KNOTS.)
GEOMETRIC_REPRESENTATION_ITEM()
RATIONAL_B_SPLINE_SURFACE(((1.,0.816496580927567,1.),(1.,0.816496580927567,
1.),(1.,0.816496580927704,1.),(1.,0.816496580927704,1.)))
REPRESENTATION_ITEM('')
SURFACE()
);
#108=(
BOUNDED_SURFACE()
B_SPLINE_SURFACE(3,2,((#5006,#5007,#5008),(#5009,#5010,#5011),(#5012,#5013,
#5014),(#5015,#5016,#5017)),.UNSPECIFIED.,.F.,.F.,.F.)
B_SPLINE_SURFACE_WITH_KNOTS((4,4),(3,3),(-6.7357323044538E-6,0.00112262205074151),
(0.,1.),.PIECEWISE_BEZIER_KNOTS.)
GEOMETRIC_REPRESENTATION_ITEM()
RATIONAL_B_SPLINE_SURFACE(((1.,0.816496580927689,1.),(1.,0.816496580927689,
1.),(1.,0.816496580927565,1.),(1.,0.816496580927565,1.)))
REPRESENTATION_ITEM('')
SURFACE()
);
#109=B_SPLINE_SURFACE_WITH_KNOTS('',3,1,((#3475,#3476),(#3477,#3478),(#3479,
#3480),(#3481,#3482),(#3483,#3484),(#3485,#3486),(#3487,#3488)),
 .SURF_OF_LINEAR_EXTRUSION.,.F.,.F.,.F.,(4,1,1,1,4),(2,2),(3.14159265358979,
3.92699081698724,4.71238898038469,5.49778714378214,6.28318530717959),(0.,
1.),.UNSPECIFIED.);
#110=CYLINDRICAL_SURFACE('',#2398,0.0005);
#111=CYLINDRICAL_SURFACE('',#2402,0.001);
#112=CYLINDRICAL_SURFACE('',#2406,0.002);
#113=CYLINDRICAL_SURFACE('',#2410,0.002);
#114=CYLINDRICAL_SURFACE('',#2415,0.002);
#115=CYLINDRICAL_SURFACE('',#2419,0.002);
#116=CYLINDRICAL_SURFACE('',#2423,0.001);
#117=CYLINDRICAL_SURFACE('',#2427,0.000500000000000007);
#118=CYLINDRICAL_SURFACE('',#2431,0.000999999999999958);
#119=CYLINDRICAL_SURFACE('',#2435,0.001);
#120=CYLINDRICAL_SURFACE('',#2462,0.0002);
#121=CYLINDRICAL_SURFACE('',#2471,0.0002);
#122=CYLINDRICAL_SURFACE('',#2476,0.0002);
#123=CYLINDRICAL_SURFACE('',#2479,0.0002);
#124=CYLINDRICAL_SURFACE('',#2481,0.0002);
#125=CYLINDRICAL_SURFACE('',#2490,0.0002);
#126=CYLINDRICAL_SURFACE('',#2493,0.0002);
#127=CYLINDRICAL_SURFACE('',#2495,0.0002);
#128=CYLINDRICAL_SURFACE('',#2497,0.0002);
#129=CYLINDRICAL_SURFACE('',#2499,0.0002);
#130=CYLINDRICAL_SURFACE('',#2501,0.0002);
#131=CYLINDRICAL_SURFACE('',#2503,0.0002);
#132=CYLINDRICAL_SURFACE('',#2504,0.0002);
#133=CYLINDRICAL_SURFACE('',#2511,0.0002);
#134=CYLINDRICAL_SURFACE('',#2513,0.0002);
#135=CYLINDRICAL_SURFACE('',#2519,0.0002);
#136=CYLINDRICAL_SURFACE('',#2521,0.0002);
#137=CYLINDRICAL_SURFACE('',#2527,0.0002);
#138=CYLINDRICAL_SURFACE('',#2529,0.0002);
#139=CYLINDRICAL_SURFACE('',#2535,0.0002);
#140=CYLINDRICAL_SURFACE('',#2537,0.0002);
#141=CYLINDRICAL_SURFACE('',#2543,0.0002);
#142=CYLINDRICAL_SURFACE('',#2545,0.0002);
#143=CYLINDRICAL_SURFACE('',#2547,0.0002);
#144=CYLINDRICAL_SURFACE('',#2554,0.0002);
#145=CYLINDRICAL_SURFACE('',#2556,0.0002);
#146=CYLINDRICAL_SURFACE('',#2562,0.0002);
#147=CYLINDRICAL_SURFACE('',#2564,0.0002);
#148=CYLINDRICAL_SURFACE('',#2570,0.0002);
#149=CYLINDRICAL_SURFACE('',#2572,0.0002);
#150=CYLINDRICAL_SURFACE('',#2578,0.0002);
#151=CYLINDRICAL_SURFACE('',#2580,0.0002);
#152=CYLINDRICAL_SURFACE('',#2586,0.0002);
#153=CYLINDRICAL_SURFACE('',#2588,0.0002);
#154=CYLINDRICAL_SURFACE('',#2598,0.0002);
#155=CYLINDRICAL_SURFACE('',#2599,0.0002);
#156=CYLINDRICAL_SURFACE('',#2602,0.0002);
#157=CYLINDRICAL_SURFACE('',#2604,0.0002);
#158=CYLINDRICAL_SURFACE('',#2606,0.0002);
#159=CYLINDRICAL_SURFACE('',#2608,0.0002);
#160=CYLINDRICAL_SURFACE('',#2610,0.0002);
#161=CYLINDRICAL_SURFACE('',#2627,0.0001);
#162=CYLINDRICAL_SURFACE('',#2632,0.0001);
#163=CYLINDRICAL_SURFACE('',#2635,0.0001);
#164=CYLINDRICAL_SURFACE('',#2637,0.0001);
#165=CIRCLE('',#2388,0.0018);
#166=CIRCLE('',#2389,0.0018);
#167=CIRCLE('',#2390,0.0012);
#168=CIRCLE('',#2391,0.000300000000000006);
#169=CIRCLE('',#2392,0.000799999999999958);
#170=CIRCLE('',#2393,0.0008);
#171=CIRCLE('',#2394,0.0003);
#172=CIRCLE('',#2395,0.0012);
#173=CIRCLE('',#2396,0.0018);
#174=CIRCLE('',#2397,0.0018);
#175=CIRCLE('',#2399,0.0005);
#176=CIRCLE('',#2400,0.0005);
#177=CIRCLE('',#2403,0.001);
#178=CIRCLE('',#2404,0.001);
#179=CIRCLE('',#2407,0.002);
#180=CIRCLE('',#2408,0.002);
#181=CIRCLE('',#2411,0.002);
#182=CIRCLE('',#2412,0.002);
#183=CIRCLE('',#2416,0.002);
#184=CIRCLE('',#2417,0.002);
#185=CIRCLE('',#2420,0.002);
#186=CIRCLE('',#2421,0.002);
#187=CIRCLE('',#2424,0.001);
#188=CIRCLE('',#2425,0.001);
#189=CIRCLE('',#2428,0.000500000000000007);
#190=CIRCLE('',#2429,0.000500000000000007);
#191=CIRCLE('',#2432,0.000999999999999958);
#192=CIRCLE('',#2433,0.000999999999999958);
#193=CIRCLE('',#2436,0.001);
#194=CIRCLE('',#2437,0.001);
#195=CIRCLE('',#2440,0.0018);
#196=CIRCLE('',#2441,0.0018);
#197=CIRCLE('',#2442,0.0012);
#198=CIRCLE('',#2443,0.0003);
#199=CIRCLE('',#2444,0.0008);
#200=CIRCLE('',#2445,0.000799999999999958);
#201=CIRCLE('',#2446,0.000300000000000006);
#202=CIRCLE('',#2447,0.0012);
#203=CIRCLE('',#2448,0.0018);
#204=CIRCLE('',#2449,0.0018);
#205=CIRCLE('',#2454,0.0002);
#206=CIRCLE('',#2455,0.0002);
#207=CIRCLE('',#2456,0.0002);
#208=CIRCLE('',#2457,0.0002);
#209=CIRCLE('',#2458,0.0002);
#210=CIRCLE('',#2459,0.0002);
#211=CIRCLE('',#2460,0.0002);
#212=CIRCLE('',#2461,0.0002);
#213=CIRCLE('',#2463,0.0002);
#214=CIRCLE('',#2464,0.0002);
#215=CIRCLE('',#2465,0.0002);
#216=CIRCLE('',#2466,0.0002);
#217=CIRCLE('',#2467,0.0002);
#218=CIRCLE('',#2468,0.0002);
#219=CIRCLE('',#2469,0.0002);
#220=CIRCLE('',#2470,0.0002);
#221=CIRCLE('',#2472,0.0002);
#222=CIRCLE('',#2473,0.0002);
#223=CIRCLE('',#2474,0.0002);
#224=CIRCLE('',#2475,0.0002);
#225=CIRCLE('',#2478,0.0002);
#226=CIRCLE('',#2482,0.0002);
#227=CIRCLE('',#2483,0.0002);
#228=CIRCLE('',#2484,0.0002);
#229=CIRCLE('',#2485,0.0002);
#230=CIRCLE('',#2486,0.0002);
#231=CIRCLE('',#2487,0.0002);
#232=CIRCLE('',#2488,0.0002);
#233=CIRCLE('',#2489,0.0002);
#234=CIRCLE('',#2505,0.0002);
#235=CIRCLE('',#2506,0.0002);
#236=CIRCLE('',#2508,0.0002);
#237=CIRCLE('',#2510,0.0002);
#238=CIRCLE('',#2512,0.0002);
#239=CIRCLE('',#2514,0.0002);
#240=CIRCLE('',#2516,0.0002);
#241=CIRCLE('',#2518,0.0002);
#242=CIRCLE('',#2520,0.0002);
#243=CIRCLE('',#2522,0.0002);
#244=CIRCLE('',#2524,0.0002);
#245=CIRCLE('',#2526,0.0002);
#246=CIRCLE('',#2528,0.0002);
#247=CIRCLE('',#2530,0.0002);
#248=CIRCLE('',#2532,0.0002);
#249=CIRCLE('',#2534,0.0002);
#250=CIRCLE('',#2536,0.0002);
#251=CIRCLE('',#2538,0.0002);
#252=CIRCLE('',#2540,0.0002);
#253=CIRCLE('',#2542,0.0002);
#254=CIRCLE('',#2544,0.0002);
#255=CIRCLE('',#2546,0.0002);
#256=CIRCLE('',#2548,0.0002);
#257=CIRCLE('',#2549,0.0002);
#258=CIRCLE('',#2551,0.0002);
#259=CIRCLE('',#2553,0.0002);
#260=CIRCLE('',#2555,0.0002);
#261=CIRCLE('',#2557,0.0002);
#262=CIRCLE('',#2559,0.0002);
#263=CIRCLE('',#2561,0.0002);
#264=CIRCLE('',#2563,0.0002);
#265=CIRCLE('',#2565,0.0002);
#266=CIRCLE('',#2567,0.0002);
#267=CIRCLE('',#2569,0.0002);
#268=CIRCLE('',#2571,0.0002);
#269=CIRCLE('',#2573,0.0002);
#270=CIRCLE('',#2575,0.0002);
#271=CIRCLE('',#2577,0.0002);
#272=CIRCLE('',#2579,0.0002);
#273=CIRCLE('',#2581,0.0002);
#274=CIRCLE('',#2583,0.0002);
#275=CIRCLE('',#2585,0.0002);
#276=CIRCLE('',#2587,0.0002);
#277=CIRCLE('',#2589,0.0002);
#278=CIRCLE('',#2590,0.0002);
#279=CIRCLE('',#2591,0.0002);
#280=CIRCLE('',#2592,0.0002);
#281=CIRCLE('',#2593,0.0002);
#282=CIRCLE('',#2594,0.0002);
#283=CIRCLE('',#2595,0.0002);
#284=CIRCLE('',#2596,0.0002);
#285=CIRCLE('',#2597,0.0002);
#286=CIRCLE('',#2611,0.0002);
#287=CIRCLE('',#2612,0.0002);
#288=CIRCLE('',#2613,0.0002);
#289=CIRCLE('',#2614,0.0002);
#290=CIRCLE('',#2615,0.0002);
#291=CIRCLE('',#2616,0.0002);
#292=CIRCLE('',#2617,0.0002);
#293=CIRCLE('',#2618,0.0002);
#294=CIRCLE('',#2619,0.0001);
#295=CIRCLE('',#2620,0.0001);
#296=CIRCLE('',#2621,0.0001);
#297=CIRCLE('',#2622,0.0001);
#298=CIRCLE('',#2623,0.0001);
#299=CIRCLE('',#2624,0.0001);
#300=CIRCLE('',#2625,0.0001);
#301=CIRCLE('',#2626,0.0001);
#302=CIRCLE('',#2628,0.0001);
#303=CIRCLE('',#2629,0.0001);
#304=CIRCLE('',#2630,0.0001);
#305=CIRCLE('',#2631,0.0001);
#306=CIRCLE('',#2634,0.0001);
#307=LINE('',#3249,#406);
#308=LINE('',#3251,#407);
#309=LINE('',#3253,#408);
#310=LINE('',#3305,#409);
#311=LINE('',#3356,#410);
#312=LINE('',#3359,#411);
#313=LINE('',#3361,#412);
#314=LINE('',#3363,#413);
#315=LINE('',#3365,#414);
#316=LINE('',#3367,#415);
#317=LINE('',#3369,#416);
#318=LINE('',#3370,#417);
#319=LINE('',#3385,#418);
#320=LINE('',#3389,#419);
#321=LINE('',#3393,#420);
#322=LINE('',#3397,#421);
#323=LINE('',#3401,#422);
#324=LINE('',#3405,#423);
#325=LINE('',#3409,#424);
#326=LINE('',#3413,#425);
#327=LINE('',#3417,#426);
#328=LINE('',#3421,#427);
#329=LINE('',#3425,#428);
#330=LINE('',#3430,#429);
#331=LINE('',#3434,#430);
#332=LINE('',#3437,#431);
#333=LINE('',#3438,#432);
#334=LINE('',#3440,#433);
#335=LINE('',#3446,#434);
#336=LINE('',#3449,#435);
#337=LINE('',#3450,#436);
#338=LINE('',#3452,#437);
#339=LINE('',#3458,#438);
#340=LINE('',#3461,#439);
#341=LINE('',#3462,#440);
#342=LINE('',#3464,#441);
#343=LINE('',#3470,#442);
#344=LINE('',#3473,#443);
#345=LINE('',#3474,#444);
#346=LINE('',#3489,#445);
#347=LINE('',#3515,#446);
#348=LINE('',#3518,#447);
#349=LINE('',#3519,#448);
#350=LINE('',#3521,#449);
#351=LINE('',#3527,#450);
#352=LINE('',#3530,#451);
#353=LINE('',#3531,#452);
#354=LINE('',#3533,#453);
#355=LINE('',#3539,#454);
#356=LINE('',#3542,#455);
#357=LINE('',#3543,#456);
#358=LINE('',#3545,#457);
#359=LINE('',#3551,#458);
#360=LINE('',#3554,#459);
#361=LINE('',#3555,#460);
#362=LINE('',#3557,#461);
#363=LINE('',#3563,#462);
#364=LINE('',#3566,#463);
#365=LINE('',#3567,#464);
#366=LINE('',#3569,#465);
#367=LINE('',#3575,#466);
#368=LINE('',#3578,#467);
#369=LINE('',#3579,#468);
#370=LINE('',#3581,#469);
#371=LINE('',#3587,#470);
#372=LINE('',#3588,#471);
#373=LINE('',#3590,#472);
#374=LINE('',#3605,#473);
#375=LINE('',#3609,#474);
#376=LINE('',#3613,#475);
#377=LINE('',#3617,#476);
#378=LINE('',#3621,#477);
#379=LINE('',#3625,#478);
#380=LINE('',#3629,#479);
#381=LINE('',#3633,#480);
#382=LINE('',#3637,#481);
#383=LINE('',#3641,#482);
#384=LINE('',#3651,#483);
#385=LINE('',#3653,#484);
#386=LINE('',#3670,#485);
#387=LINE('',#3724,#486);
#388=LINE('',#3802,#487);
#389=LINE('',#3805,#488);
#390=LINE('',#3807,#489);
#391=LINE('',#3809,#490);
#392=LINE('',#3811,#491);
#393=LINE('',#3813,#492);
#394=LINE('',#3821,#493);
#395=LINE('',#4010,#494);
#396=LINE('',#4162,#495);
#397=LINE('',#4243,#496);
#398=LINE('',#4268,#497);
#399=LINE('',#4270,#498);
#400=LINE('',#4418,#499);
#401=LINE('',#4424,#500);
#402=LINE('',#4426,#501);
#403=LINE('',#4432,#502);
#404=LINE('',#4448,#503);
#405=LINE('',#4450,#504);
#406=VECTOR('',#2642,1.);
#407=VECTOR('',#2643,1.);
#408=VECTOR('',#2644,1.);
#409=VECTOR('',#2645,1.);
#410=VECTOR('',#2646,1.);
#411=VECTOR('',#2647,1.);
#412=VECTOR('',#2648,1.);
#413=VECTOR('',#2649,1.);
#414=VECTOR('',#2650,1.);
#415=VECTOR('',#2651,1.);
#416=VECTOR('',#2652,1.);
#417=VECTOR('',#2653,1.);
#418=VECTOR('',#2654,1.);
#419=VECTOR('',#2657,1.);
#420=VECTOR('',#2660,1.);
#421=VECTOR('',#2663,1.);
#422=VECTOR('',#2666,1.);
#423=VECTOR('',#2669,1.);
#424=VECTOR('',#2672,1.);
#425=VECTOR('',#2675,1.);
#426=VECTOR('',#2678,1.);
#427=VECTOR('',#2681,1.);
#428=VECTOR('',#2686,1.);
#429=VECTOR('',#2689,1.);
#430=VECTOR('',#2694,1.);
#431=VECTOR('',#2695,1.);
#432=VECTOR('',#2696,1.);
#433=VECTOR('',#2699,1.);
#434=VECTOR('',#2706,1.);
#435=VECTOR('',#2707,1.);
#436=VECTOR('',#2708,1.);
#437=VECTOR('',#2711,1.);
#438=VECTOR('',#2718,1.);
#439=VECTOR('',#2719,1.);
#440=VECTOR('',#2720,1.);
#441=VECTOR('',#2723,1.);
#442=VECTOR('',#2730,1.);
#443=VECTOR('',#2731,1.);
#444=VECTOR('',#2732,1.);
#445=VECTOR('',#2733,1.);
#446=VECTOR('',#2736,1.);
#447=VECTOR('',#2737,1.);
#448=VECTOR('',#2738,1.);
#449=VECTOR('',#2741,1.);
#450=VECTOR('',#2748,1.);
#451=VECTOR('',#2749,1.);
#452=VECTOR('',#2750,1.);
#453=VECTOR('',#2753,1.);
#454=VECTOR('',#2760,1.);
#455=VECTOR('',#2761,1.);
#456=VECTOR('',#2762,1.);
#457=VECTOR('',#2765,1.);
#458=VECTOR('',#2772,1.);
#459=VECTOR('',#2773,1.);
#460=VECTOR('',#2774,1.);
#461=VECTOR('',#2777,1.);
#462=VECTOR('',#2784,1.);
#463=VECTOR('',#2785,1.);
#464=VECTOR('',#2786,1.);
#465=VECTOR('',#2789,1.);
#466=VECTOR('',#2796,1.);
#467=VECTOR('',#2797,1.);
#468=VECTOR('',#2798,1.);
#469=VECTOR('',#2801,1.);
#470=VECTOR('',#2808,1.);
#471=VECTOR('',#2809,1.);
#472=VECTOR('',#2812,1.);
#473=VECTOR('',#2813,1.);
#474=VECTOR('',#2816,1.);
#475=VECTOR('',#2819,1.);
#476=VECTOR('',#2822,1.);
#477=VECTOR('',#2825,1.);
#478=VECTOR('',#2828,1.);
#479=VECTOR('',#2831,1.);
#480=VECTOR('',#2834,1.);
#481=VECTOR('',#2837,1.);
#482=VECTOR('',#2840,1.);
#483=VECTOR('',#2845,1.);
#484=VECTOR('',#2846,1.);
#485=VECTOR('',#2847,1.);
#486=VECTOR('',#2848,1.);
#487=VECTOR('',#2853,1.);
#488=VECTOR('',#2854,1.);
#489=VECTOR('',#2855,1.);
#490=VECTOR('',#2856,1.);
#491=VECTOR('',#2857,1.);
#492=VECTOR('',#2858,1.);
#493=VECTOR('',#2861,1.);
#494=VECTOR('',#2880,1.);
#495=VECTOR('',#2899,1.);
#496=VECTOR('',#2912,1.);
#497=VECTOR('',#2919,1.);
#498=VECTOR('',#2922,1.);
#499=VECTOR('',#2943,1.);
#500=VECTOR('',#2950,1.);
#501=VECTOR('',#2953,1.);
#502=VECTOR('',#2960,1.);
#503=VECTOR('',#2969,1.);
#504=VECTOR('',#2972,1.);
#505=ORIENTED_EDGE('',*,*,#1221,.T.);
#506=ORIENTED_EDGE('',*,*,#1222,.T.);
#507=ORIENTED_EDGE('',*,*,#1223,.T.);
#508=ORIENTED_EDGE('',*,*,#1224,.T.);
#509=ORIENTED_EDGE('',*,*,#1225,.T.);
#510=ORIENTED_EDGE('',*,*,#1226,.T.);
#511=ORIENTED_EDGE('',*,*,#1227,.T.);
#512=ORIENTED_EDGE('',*,*,#1228,.T.);
#513=ORIENTED_EDGE('',*,*,#1229,.T.);
#514=ORIENTED_EDGE('',*,*,#1230,.T.);
#515=ORIENTED_EDGE('',*,*,#1231,.T.);
#516=ORIENTED_EDGE('',*,*,#1232,.T.);
#517=ORIENTED_EDGE('',*,*,#1233,.T.);
#518=ORIENTED_EDGE('',*,*,#1234,.T.);
#519=ORIENTED_EDGE('',*,*,#1235,.T.);
#520=ORIENTED_EDGE('',*,*,#1236,.T.);
#521=ORIENTED_EDGE('',*,*,#1237,.T.);
#522=ORIENTED_EDGE('',*,*,#1238,.T.);
#523=ORIENTED_EDGE('',*,*,#1239,.T.);
#524=ORIENTED_EDGE('',*,*,#1240,.T.);
#525=ORIENTED_EDGE('',*,*,#1241,.T.);
#526=ORIENTED_EDGE('',*,*,#1242,.T.);
#527=ORIENTED_EDGE('',*,*,#1243,.T.);
#528=ORIENTED_EDGE('',*,*,#1244,.T.);
#529=ORIENTED_EDGE('',*,*,#1245,.T.);
#530=ORIENTED_EDGE('',*,*,#1246,.T.);
#531=ORIENTED_EDGE('',*,*,#1247,.T.);
#532=ORIENTED_EDGE('',*,*,#1248,.T.);
#533=ORIENTED_EDGE('',*,*,#1249,.T.);
#534=ORIENTED_EDGE('',*,*,#1250,.T.);
#535=ORIENTED_EDGE('',*,*,#1251,.T.);
#536=ORIENTED_EDGE('',*,*,#1252,.T.);
#537=ORIENTED_EDGE('',*,*,#1253,.T.);
#538=ORIENTED_EDGE('',*,*,#1254,.T.);
#539=ORIENTED_EDGE('',*,*,#1255,.T.);
#540=ORIENTED_EDGE('',*,*,#1256,.T.);
#541=ORIENTED_EDGE('',*,*,#1257,.T.);
#542=ORIENTED_EDGE('',*,*,#1258,.T.);
#543=ORIENTED_EDGE('',*,*,#1259,.T.);
#544=ORIENTED_EDGE('',*,*,#1260,.T.);
#545=ORIENTED_EDGE('',*,*,#1261,.T.);
#546=ORIENTED_EDGE('',*,*,#1262,.T.);
#547=ORIENTED_EDGE('',*,*,#1263,.T.);
#548=ORIENTED_EDGE('',*,*,#1264,.T.);
#549=ORIENTED_EDGE('',*,*,#1265,.T.);
#550=ORIENTED_EDGE('',*,*,#1266,.T.);
#551=ORIENTED_EDGE('',*,*,#1267,.T.);
#552=ORIENTED_EDGE('',*,*,#1268,.T.);
#553=ORIENTED_EDGE('',*,*,#1269,.T.);
#554=ORIENTED_EDGE('',*,*,#1270,.T.);
#555=ORIENTED_EDGE('',*,*,#1271,.T.);
#556=ORIENTED_EDGE('',*,*,#1272,.T.);
#557=ORIENTED_EDGE('',*,*,#1273,.T.);
#558=ORIENTED_EDGE('',*,*,#1274,.T.);
#559=ORIENTED_EDGE('',*,*,#1275,.T.);
#560=ORIENTED_EDGE('',*,*,#1276,.T.);
#561=ORIENTED_EDGE('',*,*,#1277,.F.);
#562=ORIENTED_EDGE('',*,*,#1278,.T.);
#563=ORIENTED_EDGE('',*,*,#1279,.T.);
#564=ORIENTED_EDGE('',*,*,#1280,.T.);
#565=ORIENTED_EDGE('',*,*,#1275,.F.);
#566=ORIENTED_EDGE('',*,*,#1281,.T.);
#567=ORIENTED_EDGE('',*,*,#1282,.T.);
#568=ORIENTED_EDGE('',*,*,#1283,.T.);
#569=ORIENTED_EDGE('',*,*,#1279,.F.);
#570=ORIENTED_EDGE('',*,*,#1284,.T.);
#571=ORIENTED_EDGE('',*,*,#1285,.T.);
#572=ORIENTED_EDGE('',*,*,#1286,.T.);
#573=ORIENTED_EDGE('',*,*,#1282,.F.);
#574=ORIENTED_EDGE('',*,*,#1287,.T.);
#575=ORIENTED_EDGE('',*,*,#1288,.T.);
#576=ORIENTED_EDGE('',*,*,#1289,.T.);
#577=ORIENTED_EDGE('',*,*,#1285,.F.);
#578=ORIENTED_EDGE('',*,*,#1290,.T.);
#579=ORIENTED_EDGE('',*,*,#1291,.T.);
#580=ORIENTED_EDGE('',*,*,#1292,.T.);
#581=ORIENTED_EDGE('',*,*,#1288,.F.);
#582=ORIENTED_EDGE('',*,*,#1293,.T.);
#583=ORIENTED_EDGE('',*,*,#1294,.T.);
#584=ORIENTED_EDGE('',*,*,#1295,.T.);
#585=ORIENTED_EDGE('',*,*,#1291,.F.);
#586=ORIENTED_EDGE('',*,*,#1296,.T.);
#587=ORIENTED_EDGE('',*,*,#1297,.T.);
#588=ORIENTED_EDGE('',*,*,#1298,.T.);
#589=ORIENTED_EDGE('',*,*,#1294,.F.);
#590=ORIENTED_EDGE('',*,*,#1299,.T.);
#591=ORIENTED_EDGE('',*,*,#1300,.T.);
#592=ORIENTED_EDGE('',*,*,#1301,.T.);
#593=ORIENTED_EDGE('',*,*,#1297,.F.);
#594=ORIENTED_EDGE('',*,*,#1302,.T.);
#595=ORIENTED_EDGE('',*,*,#1303,.T.);
#596=ORIENTED_EDGE('',*,*,#1304,.T.);
#597=ORIENTED_EDGE('',*,*,#1300,.F.);
#598=ORIENTED_EDGE('',*,*,#1305,.T.);
#599=ORIENTED_EDGE('',*,*,#1306,.T.);
#600=ORIENTED_EDGE('',*,*,#1307,.T.);
#601=ORIENTED_EDGE('',*,*,#1303,.F.);
#602=ORIENTED_EDGE('',*,*,#1308,.T.);
#603=ORIENTED_EDGE('',*,*,#1309,.T.);
#604=ORIENTED_EDGE('',*,*,#1310,.T.);
#605=ORIENTED_EDGE('',*,*,#1306,.F.);
#606=ORIENTED_EDGE('',*,*,#1311,.T.);
#607=ORIENTED_EDGE('',*,*,#1312,.T.);
#608=ORIENTED_EDGE('',*,*,#1313,.T.);
#609=ORIENTED_EDGE('',*,*,#1309,.F.);
#610=ORIENTED_EDGE('',*,*,#1314,.T.);
#611=ORIENTED_EDGE('',*,*,#1315,.T.);
#612=ORIENTED_EDGE('',*,*,#1316,.T.);
#613=ORIENTED_EDGE('',*,*,#1312,.F.);
#614=ORIENTED_EDGE('',*,*,#1317,.T.);
#615=ORIENTED_EDGE('',*,*,#1318,.T.);
#616=ORIENTED_EDGE('',*,*,#1319,.T.);
#617=ORIENTED_EDGE('',*,*,#1315,.F.);
#618=ORIENTED_EDGE('',*,*,#1320,.T.);
#619=ORIENTED_EDGE('',*,*,#1321,.T.);
#620=ORIENTED_EDGE('',*,*,#1322,.T.);
#621=ORIENTED_EDGE('',*,*,#1318,.F.);
#622=ORIENTED_EDGE('',*,*,#1323,.T.);
#623=ORIENTED_EDGE('',*,*,#1324,.T.);
#624=ORIENTED_EDGE('',*,*,#1325,.T.);
#625=ORIENTED_EDGE('',*,*,#1321,.F.);
#626=ORIENTED_EDGE('',*,*,#1326,.T.);
#627=ORIENTED_EDGE('',*,*,#1327,.T.);
#628=ORIENTED_EDGE('',*,*,#1328,.T.);
#629=ORIENTED_EDGE('',*,*,#1324,.F.);
#630=ORIENTED_EDGE('',*,*,#1329,.T.);
#631=ORIENTED_EDGE('',*,*,#1330,.T.);
#632=ORIENTED_EDGE('',*,*,#1331,.T.);
#633=ORIENTED_EDGE('',*,*,#1327,.F.);
#634=ORIENTED_EDGE('',*,*,#1332,.T.);
#635=ORIENTED_EDGE('',*,*,#1333,.T.);
#636=ORIENTED_EDGE('',*,*,#1334,.T.);
#637=ORIENTED_EDGE('',*,*,#1330,.F.);
#638=ORIENTED_EDGE('',*,*,#1335,.T.);
#639=ORIENTED_EDGE('',*,*,#1336,.T.);
#640=ORIENTED_EDGE('',*,*,#1337,.T.);
#641=ORIENTED_EDGE('',*,*,#1333,.F.);
#642=ORIENTED_EDGE('',*,*,#1338,.T.);
#643=ORIENTED_EDGE('',*,*,#1277,.T.);
#644=ORIENTED_EDGE('',*,*,#1339,.T.);
#645=ORIENTED_EDGE('',*,*,#1336,.F.);
#646=ORIENTED_EDGE('',*,*,#1340,.T.);
#647=ORIENTED_EDGE('',*,*,#1341,.T.);
#648=ORIENTED_EDGE('',*,*,#1342,.T.);
#649=ORIENTED_EDGE('',*,*,#1343,.T.);
#650=ORIENTED_EDGE('',*,*,#1344,.T.);
#651=ORIENTED_EDGE('',*,*,#1345,.T.);
#652=ORIENTED_EDGE('',*,*,#1346,.T.);
#653=ORIENTED_EDGE('',*,*,#1347,.T.);
#654=ORIENTED_EDGE('',*,*,#1348,.T.);
#655=ORIENTED_EDGE('',*,*,#1349,.T.);
#656=ORIENTED_EDGE('',*,*,#1350,.T.);
#657=ORIENTED_EDGE('',*,*,#1351,.T.);
#658=ORIENTED_EDGE('',*,*,#1352,.T.);
#659=ORIENTED_EDGE('',*,*,#1353,.T.);
#660=ORIENTED_EDGE('',*,*,#1354,.T.);
#661=ORIENTED_EDGE('',*,*,#1355,.T.);
#662=ORIENTED_EDGE('',*,*,#1356,.T.);
#663=ORIENTED_EDGE('',*,*,#1357,.T.);
#664=ORIENTED_EDGE('',*,*,#1358,.T.);
#665=ORIENTED_EDGE('',*,*,#1359,.T.);
#666=ORIENTED_EDGE('',*,*,#1360,.T.);
#667=ORIENTED_EDGE('',*,*,#1361,.T.);
#668=ORIENTED_EDGE('',*,*,#1362,.T.);
#669=ORIENTED_EDGE('',*,*,#1363,.T.);
#670=ORIENTED_EDGE('',*,*,#1364,.T.);
#671=ORIENTED_EDGE('',*,*,#1365,.T.);
#672=ORIENTED_EDGE('',*,*,#1366,.T.);
#673=ORIENTED_EDGE('',*,*,#1367,.T.);
#674=ORIENTED_EDGE('',*,*,#1368,.T.);
#675=ORIENTED_EDGE('',*,*,#1369,.T.);
#676=ORIENTED_EDGE('',*,*,#1370,.T.);
#677=ORIENTED_EDGE('',*,*,#1371,.T.);
#678=ORIENTED_EDGE('',*,*,#1372,.T.);
#679=ORIENTED_EDGE('',*,*,#1373,.T.);
#680=ORIENTED_EDGE('',*,*,#1374,.T.);
#681=ORIENTED_EDGE('',*,*,#1375,.T.);
#682=ORIENTED_EDGE('',*,*,#1376,.T.);
#683=ORIENTED_EDGE('',*,*,#1377,.T.);
#684=ORIENTED_EDGE('',*,*,#1378,.T.);
#685=ORIENTED_EDGE('',*,*,#1379,.T.);
#686=ORIENTED_EDGE('',*,*,#1380,.T.);
#687=ORIENTED_EDGE('',*,*,#1381,.T.);
#688=ORIENTED_EDGE('',*,*,#1382,.T.);
#689=ORIENTED_EDGE('',*,*,#1383,.T.);
#690=ORIENTED_EDGE('',*,*,#1384,.T.);
#691=ORIENTED_EDGE('',*,*,#1385,.T.);
#692=ORIENTED_EDGE('',*,*,#1386,.T.);
#693=ORIENTED_EDGE('',*,*,#1387,.T.);
#694=ORIENTED_EDGE('',*,*,#1388,.T.);
#695=ORIENTED_EDGE('',*,*,#1389,.T.);
#696=ORIENTED_EDGE('',*,*,#1390,.T.);
#697=ORIENTED_EDGE('',*,*,#1391,.T.);
#698=ORIENTED_EDGE('',*,*,#1392,.T.);
#699=ORIENTED_EDGE('',*,*,#1393,.T.);
#700=ORIENTED_EDGE('',*,*,#1394,.T.);
#701=ORIENTED_EDGE('',*,*,#1395,.T.);
#702=ORIENTED_EDGE('',*,*,#1396,.T.);
#703=ORIENTED_EDGE('',*,*,#1397,.T.);
#704=ORIENTED_EDGE('',*,*,#1398,.T.);
#705=ORIENTED_EDGE('',*,*,#1399,.T.);
#706=ORIENTED_EDGE('',*,*,#1400,.T.);
#707=ORIENTED_EDGE('',*,*,#1401,.T.);
#708=ORIENTED_EDGE('',*,*,#1402,.T.);
#709=ORIENTED_EDGE('',*,*,#1403,.T.);
#710=ORIENTED_EDGE('',*,*,#1404,.T.);
#711=ORIENTED_EDGE('',*,*,#1405,.T.);
#712=ORIENTED_EDGE('',*,*,#1406,.T.);
#713=ORIENTED_EDGE('',*,*,#1407,.T.);
#714=ORIENTED_EDGE('',*,*,#1408,.T.);
#715=ORIENTED_EDGE('',*,*,#1409,.T.);
#716=ORIENTED_EDGE('',*,*,#1410,.T.);
#717=ORIENTED_EDGE('',*,*,#1411,.F.);
#718=ORIENTED_EDGE('',*,*,#1412,.T.);
#719=ORIENTED_EDGE('',*,*,#1413,.F.);
#720=ORIENTED_EDGE('',*,*,#1408,.F.);
#721=ORIENTED_EDGE('',*,*,#1414,.F.);
#722=ORIENTED_EDGE('',*,*,#1415,.T.);
#723=ORIENTED_EDGE('',*,*,#1411,.T.);
#724=ORIENTED_EDGE('',*,*,#1407,.F.);
#725=ORIENTED_EDGE('',*,*,#1413,.T.);
#726=ORIENTED_EDGE('',*,*,#1416,.T.);
#727=ORIENTED_EDGE('',*,*,#1417,.F.);
#728=ORIENTED_EDGE('',*,*,#1409,.F.);
#729=ORIENTED_EDGE('',*,*,#1418,.F.);
#730=ORIENTED_EDGE('',*,*,#1419,.T.);
#731=ORIENTED_EDGE('',*,*,#1414,.T.);
#732=ORIENTED_EDGE('',*,*,#1406,.F.);
#733=ORIENTED_EDGE('',*,*,#1417,.T.);
#734=ORIENTED_EDGE('',*,*,#1420,.T.);
#735=ORIENTED_EDGE('',*,*,#1421,.F.);
#736=ORIENTED_EDGE('',*,*,#1410,.F.);
#737=ORIENTED_EDGE('',*,*,#1422,.F.);
#738=ORIENTED_EDGE('',*,*,#1423,.T.);
#739=ORIENTED_EDGE('',*,*,#1418,.T.);
#740=ORIENTED_EDGE('',*,*,#1405,.F.);
#741=ORIENTED_EDGE('',*,*,#1421,.T.);
#742=ORIENTED_EDGE('',*,*,#1424,.T.);
#743=ORIENTED_EDGE('',*,*,#1425,.F.);
#744=ORIENTED_EDGE('',*,*,#1402,.F.);
#745=ORIENTED_EDGE('',*,*,#1426,.F.);
#746=ORIENTED_EDGE('',*,*,#1427,.T.);
#747=ORIENTED_EDGE('',*,*,#1422,.T.);
#748=ORIENTED_EDGE('',*,*,#1404,.F.);
#749=ORIENTED_EDGE('',*,*,#1425,.T.);
#750=ORIENTED_EDGE('',*,*,#1428,.T.);
#751=ORIENTED_EDGE('',*,*,#1426,.T.);
#752=ORIENTED_EDGE('',*,*,#1403,.F.);
#753=ORIENTED_EDGE('',*,*,#1429,.F.);
#754=ORIENTED_EDGE('',*,*,#1430,.T.);
#755=ORIENTED_EDGE('',*,*,#1431,.F.);
#756=ORIENTED_EDGE('',*,*,#1231,.F.);
#757=ORIENTED_EDGE('',*,*,#1432,.F.);
#758=ORIENTED_EDGE('',*,*,#1433,.T.);
#759=ORIENTED_EDGE('',*,*,#1429,.T.);
#760=ORIENTED_EDGE('',*,*,#1230,.F.);
#761=ORIENTED_EDGE('',*,*,#1431,.T.);
#762=ORIENTED_EDGE('',*,*,#1434,.T.);
#763=ORIENTED_EDGE('',*,*,#1435,.F.);
#764=ORIENTED_EDGE('',*,*,#1232,.F.);
#765=ORIENTED_EDGE('',*,*,#1436,.F.);
#766=ORIENTED_EDGE('',*,*,#1437,.T.);
#767=ORIENTED_EDGE('',*,*,#1432,.T.);
#768=ORIENTED_EDGE('',*,*,#1229,.F.);
#769=ORIENTED_EDGE('',*,*,#1435,.T.);
#770=ORIENTED_EDGE('',*,*,#1438,.T.);
#771=ORIENTED_EDGE('',*,*,#1439,.F.);
#772=ORIENTED_EDGE('',*,*,#1233,.F.);
#773=ORIENTED_EDGE('',*,*,#1440,.F.);
#774=ORIENTED_EDGE('',*,*,#1441,.T.);
#775=ORIENTED_EDGE('',*,*,#1436,.T.);
#776=ORIENTED_EDGE('',*,*,#1228,.F.);
#777=ORIENTED_EDGE('',*,*,#1439,.T.);
#778=ORIENTED_EDGE('',*,*,#1442,.T.);
#779=ORIENTED_EDGE('',*,*,#1443,.F.);
#780=ORIENTED_EDGE('',*,*,#1234,.F.);
#781=ORIENTED_EDGE('',*,*,#1444,.F.);
#782=ORIENTED_EDGE('',*,*,#1445,.T.);
#783=ORIENTED_EDGE('',*,*,#1440,.T.);
#784=ORIENTED_EDGE('',*,*,#1227,.F.);
#785=ORIENTED_EDGE('',*,*,#1443,.T.);
#786=ORIENTED_EDGE('',*,*,#1446,.T.);
#787=ORIENTED_EDGE('',*,*,#1447,.F.);
#788=ORIENTED_EDGE('',*,*,#1235,.F.);
#789=ORIENTED_EDGE('',*,*,#1448,.F.);
#790=ORIENTED_EDGE('',*,*,#1449,.T.);
#791=ORIENTED_EDGE('',*,*,#1444,.T.);
#792=ORIENTED_EDGE('',*,*,#1226,.F.);
#793=ORIENTED_EDGE('',*,*,#1447,.T.);
#794=ORIENTED_EDGE('',*,*,#1450,.T.);
#795=ORIENTED_EDGE('',*,*,#1451,.F.);
#796=ORIENTED_EDGE('',*,*,#1236,.F.);
#797=ORIENTED_EDGE('',*,*,#1452,.F.);
#798=ORIENTED_EDGE('',*,*,#1453,.T.);
#799=ORIENTED_EDGE('',*,*,#1448,.T.);
#800=ORIENTED_EDGE('',*,*,#1225,.F.);
#801=ORIENTED_EDGE('',*,*,#1451,.T.);
#802=ORIENTED_EDGE('',*,*,#1454,.T.);
#803=ORIENTED_EDGE('',*,*,#1455,.F.);
#804=ORIENTED_EDGE('',*,*,#1237,.F.);
#805=ORIENTED_EDGE('',*,*,#1456,.F.);
#806=ORIENTED_EDGE('',*,*,#1457,.T.);
#807=ORIENTED_EDGE('',*,*,#1452,.T.);
#808=ORIENTED_EDGE('',*,*,#1224,.F.);
#809=ORIENTED_EDGE('',*,*,#1455,.T.);
#810=ORIENTED_EDGE('',*,*,#1458,.T.);
#811=ORIENTED_EDGE('',*,*,#1459,.F.);
#812=ORIENTED_EDGE('',*,*,#1221,.F.);
#813=ORIENTED_EDGE('',*,*,#1460,.F.);
#814=ORIENTED_EDGE('',*,*,#1461,.T.);
#815=ORIENTED_EDGE('',*,*,#1456,.T.);
#816=ORIENTED_EDGE('',*,*,#1223,.F.);
#817=ORIENTED_EDGE('',*,*,#1459,.T.);
#818=ORIENTED_EDGE('',*,*,#1462,.T.);
#819=ORIENTED_EDGE('',*,*,#1460,.T.);
#820=ORIENTED_EDGE('',*,*,#1222,.F.);
#821=ORIENTED_EDGE('',*,*,#1463,.F.);
#822=ORIENTED_EDGE('',*,*,#1464,.T.);
#823=ORIENTED_EDGE('',*,*,#1465,.F.);
#824=ORIENTED_EDGE('',*,*,#1243,.F.);
#825=ORIENTED_EDGE('',*,*,#1465,.T.);
#826=ORIENTED_EDGE('',*,*,#1466,.T.);
#827=ORIENTED_EDGE('',*,*,#1467,.F.);
#828=ORIENTED_EDGE('',*,*,#1244,.F.);
#829=ORIENTED_EDGE('',*,*,#1468,.F.);
#830=ORIENTED_EDGE('',*,*,#1469,.T.);
#831=ORIENTED_EDGE('',*,*,#1463,.T.);
#832=ORIENTED_EDGE('',*,*,#1242,.F.);
#833=ORIENTED_EDGE('',*,*,#1467,.T.);
#834=ORIENTED_EDGE('',*,*,#1470,.T.);
#835=ORIENTED_EDGE('',*,*,#1471,.F.);
#836=ORIENTED_EDGE('',*,*,#1245,.F.);
#837=ORIENTED_EDGE('',*,*,#1472,.F.);
#838=ORIENTED_EDGE('',*,*,#1473,.T.);
#839=ORIENTED_EDGE('',*,*,#1468,.T.);
#840=ORIENTED_EDGE('',*,*,#1241,.F.);
#841=ORIENTED_EDGE('',*,*,#1471,.T.);
#842=ORIENTED_EDGE('',*,*,#1474,.T.);
#843=ORIENTED_EDGE('',*,*,#1475,.F.);
#844=ORIENTED_EDGE('',*,*,#1238,.F.);
#845=ORIENTED_EDGE('',*,*,#1476,.F.);
#846=ORIENTED_EDGE('',*,*,#1477,.T.);
#847=ORIENTED_EDGE('',*,*,#1472,.T.);
#848=ORIENTED_EDGE('',*,*,#1240,.F.);
#849=ORIENTED_EDGE('',*,*,#1475,.T.);
#850=ORIENTED_EDGE('',*,*,#1478,.T.);
#851=ORIENTED_EDGE('',*,*,#1476,.T.);
#852=ORIENTED_EDGE('',*,*,#1239,.F.);
#853=ORIENTED_EDGE('',*,*,#1479,.F.);
#854=ORIENTED_EDGE('',*,*,#1480,.T.);
#855=ORIENTED_EDGE('',*,*,#1481,.F.);
#856=ORIENTED_EDGE('',*,*,#1251,.F.);
#857=ORIENTED_EDGE('',*,*,#1482,.F.);
#858=ORIENTED_EDGE('',*,*,#1483,.T.);
#859=ORIENTED_EDGE('',*,*,#1479,.T.);
#860=ORIENTED_EDGE('',*,*,#1250,.F.);
#861=ORIENTED_EDGE('',*,*,#1481,.T.);
#862=ORIENTED_EDGE('',*,*,#1484,.T.);
#863=ORIENTED_EDGE('',*,*,#1485,.F.);
#864=ORIENTED_EDGE('',*,*,#1252,.F.);
#865=ORIENTED_EDGE('',*,*,#1486,.F.);
#866=ORIENTED_EDGE('',*,*,#1487,.T.);
#867=ORIENTED_EDGE('',*,*,#1482,.T.);
#868=ORIENTED_EDGE('',*,*,#1249,.F.);
#869=ORIENTED_EDGE('',*,*,#1488,.T.);
#870=ORIENTED_EDGE('',*,*,#1489,.T.);
#871=ORIENTED_EDGE('',*,*,#1490,.F.);
#872=ORIENTED_EDGE('',*,*,#1246,.F.);
#873=ORIENTED_EDGE('',*,*,#1485,.T.);
#874=ORIENTED_EDGE('',*,*,#1491,.F.);
#875=ORIENTED_EDGE('',*,*,#1492,.T.);
#876=ORIENTED_EDGE('',*,*,#1486,.T.);
#877=ORIENTED_EDGE('',*,*,#1248,.F.);
#878=ORIENTED_EDGE('',*,*,#1490,.T.);
#879=ORIENTED_EDGE('',*,*,#1493,.T.);
#880=ORIENTED_EDGE('',*,*,#1491,.T.);
#881=ORIENTED_EDGE('',*,*,#1247,.F.);
#882=ORIENTED_EDGE('',*,*,#1494,.F.);
#883=ORIENTED_EDGE('',*,*,#1265,.F.);
#884=ORIENTED_EDGE('',*,*,#1495,.F.);
#885=ORIENTED_EDGE('',*,*,#1334,.F.);
#886=ORIENTED_EDGE('',*,*,#1495,.T.);
#887=ORIENTED_EDGE('',*,*,#1264,.F.);
#888=ORIENTED_EDGE('',*,*,#1496,.F.);
#889=ORIENTED_EDGE('',*,*,#1331,.F.);
#890=ORIENTED_EDGE('',*,*,#1494,.T.);
#891=ORIENTED_EDGE('',*,*,#1337,.F.);
#892=ORIENTED_EDGE('',*,*,#1497,.F.);
#893=ORIENTED_EDGE('',*,*,#1266,.F.);
#894=ORIENTED_EDGE('',*,*,#1496,.T.);
#895=ORIENTED_EDGE('',*,*,#1263,.F.);
#896=ORIENTED_EDGE('',*,*,#1498,.F.);
#897=ORIENTED_EDGE('',*,*,#1328,.F.);
#898=ORIENTED_EDGE('',*,*,#1497,.T.);
#899=ORIENTED_EDGE('',*,*,#1339,.F.);
#900=ORIENTED_EDGE('',*,*,#1499,.F.);
#901=ORIENTED_EDGE('',*,*,#1267,.F.);
#902=ORIENTED_EDGE('',*,*,#1498,.T.);
#903=ORIENTED_EDGE('',*,*,#1262,.F.);
#904=ORIENTED_EDGE('',*,*,#1500,.F.);
#905=ORIENTED_EDGE('',*,*,#1325,.F.);
#906=ORIENTED_EDGE('',*,*,#1499,.T.);
#907=ORIENTED_EDGE('',*,*,#1276,.F.);
#908=ORIENTED_EDGE('',*,*,#1501,.F.);
#909=ORIENTED_EDGE('',*,*,#1268,.F.);
#910=ORIENTED_EDGE('',*,*,#1500,.T.);
#911=ORIENTED_EDGE('',*,*,#1261,.F.);
#912=ORIENTED_EDGE('',*,*,#1502,.F.);
#913=ORIENTED_EDGE('',*,*,#1322,.F.);
#914=ORIENTED_EDGE('',*,*,#1501,.T.);
#915=ORIENTED_EDGE('',*,*,#1280,.F.);
#916=ORIENTED_EDGE('',*,*,#1503,.F.);
#917=ORIENTED_EDGE('',*,*,#1269,.F.);
#918=ORIENTED_EDGE('',*,*,#1502,.T.);
#919=ORIENTED_EDGE('',*,*,#1260,.F.);
#920=ORIENTED_EDGE('',*,*,#1504,.F.);
#921=ORIENTED_EDGE('',*,*,#1319,.F.);
#922=ORIENTED_EDGE('',*,*,#1503,.T.);
#923=ORIENTED_EDGE('',*,*,#1283,.F.);
#924=ORIENTED_EDGE('',*,*,#1505,.F.);
#925=ORIENTED_EDGE('',*,*,#1270,.F.);
#926=ORIENTED_EDGE('',*,*,#1504,.T.);
#927=ORIENTED_EDGE('',*,*,#1259,.F.);
#928=ORIENTED_EDGE('',*,*,#1506,.F.);
#929=ORIENTED_EDGE('',*,*,#1316,.F.);
#930=ORIENTED_EDGE('',*,*,#1505,.T.);
#931=ORIENTED_EDGE('',*,*,#1286,.F.);
#932=ORIENTED_EDGE('',*,*,#1507,.F.);
#933=ORIENTED_EDGE('',*,*,#1271,.F.);
#934=ORIENTED_EDGE('',*,*,#1506,.T.);
#935=ORIENTED_EDGE('',*,*,#1258,.F.);
#936=ORIENTED_EDGE('',*,*,#1508,.F.);
#937=ORIENTED_EDGE('',*,*,#1313,.F.);
#938=ORIENTED_EDGE('',*,*,#1507,.T.);
#939=ORIENTED_EDGE('',*,*,#1289,.F.);
#940=ORIENTED_EDGE('',*,*,#1509,.F.);
#941=ORIENTED_EDGE('',*,*,#1272,.F.);
#942=ORIENTED_EDGE('',*,*,#1508,.T.);
#943=ORIENTED_EDGE('',*,*,#1257,.F.);
#944=ORIENTED_EDGE('',*,*,#1510,.F.);
#945=ORIENTED_EDGE('',*,*,#1310,.F.);
#946=ORIENTED_EDGE('',*,*,#1509,.T.);
#947=ORIENTED_EDGE('',*,*,#1292,.F.);
#948=ORIENTED_EDGE('',*,*,#1511,.F.);
#949=ORIENTED_EDGE('',*,*,#1273,.F.);
#950=ORIENTED_EDGE('',*,*,#1510,.T.);
#951=ORIENTED_EDGE('',*,*,#1256,.F.);
#952=ORIENTED_EDGE('',*,*,#1512,.F.);
#953=ORIENTED_EDGE('',*,*,#1307,.F.);
#954=ORIENTED_EDGE('',*,*,#1511,.T.);
#955=ORIENTED_EDGE('',*,*,#1295,.F.);
#956=ORIENTED_EDGE('',*,*,#1513,.F.);
#957=ORIENTED_EDGE('',*,*,#1274,.F.);
#958=ORIENTED_EDGE('',*,*,#1512,.T.);
#959=ORIENTED_EDGE('',*,*,#1255,.F.);
#960=ORIENTED_EDGE('',*,*,#1514,.F.);
#961=ORIENTED_EDGE('',*,*,#1304,.F.);
#962=ORIENTED_EDGE('',*,*,#1513,.T.);
#963=ORIENTED_EDGE('',*,*,#1298,.F.);
#964=ORIENTED_EDGE('',*,*,#1515,.F.);
#965=ORIENTED_EDGE('',*,*,#1253,.F.);
#966=ORIENTED_EDGE('',*,*,#1514,.T.);
#967=ORIENTED_EDGE('',*,*,#1254,.F.);
#968=ORIENTED_EDGE('',*,*,#1515,.T.);
#969=ORIENTED_EDGE('',*,*,#1301,.F.);
#970=ORIENTED_EDGE('',*,*,#1516,.F.);
#971=ORIENTED_EDGE('',*,*,#1335,.F.);
#972=ORIENTED_EDGE('',*,*,#1517,.F.);
#973=ORIENTED_EDGE('',*,*,#1353,.F.);
#974=ORIENTED_EDGE('',*,*,#1517,.T.);
#975=ORIENTED_EDGE('',*,*,#1332,.F.);
#976=ORIENTED_EDGE('',*,*,#1518,.F.);
#977=ORIENTED_EDGE('',*,*,#1354,.F.);
#978=ORIENTED_EDGE('',*,*,#1516,.T.);
#979=ORIENTED_EDGE('',*,*,#1352,.F.);
#980=ORIENTED_EDGE('',*,*,#1519,.F.);
#981=ORIENTED_EDGE('',*,*,#1338,.F.);
#982=ORIENTED_EDGE('',*,*,#1518,.T.);
#983=ORIENTED_EDGE('',*,*,#1329,.F.);
#984=ORIENTED_EDGE('',*,*,#1520,.F.);
#985=ORIENTED_EDGE('',*,*,#1355,.F.);
#986=ORIENTED_EDGE('',*,*,#1519,.T.);
#987=ORIENTED_EDGE('',*,*,#1351,.F.);
#988=ORIENTED_EDGE('',*,*,#1521,.F.);
#989=ORIENTED_EDGE('',*,*,#1340,.F.);
#990=ORIENTED_EDGE('',*,*,#1520,.T.);
#991=ORIENTED_EDGE('',*,*,#1326,.F.);
#992=ORIENTED_EDGE('',*,*,#1522,.F.);
#993=ORIENTED_EDGE('',*,*,#1356,.F.);
#994=ORIENTED_EDGE('',*,*,#1521,.T.);
#995=ORIENTED_EDGE('',*,*,#1350,.F.);
#996=ORIENTED_EDGE('',*,*,#1523,.F.);
#997=ORIENTED_EDGE('',*,*,#1278,.F.);
#998=ORIENTED_EDGE('',*,*,#1522,.T.);
#999=ORIENTED_EDGE('',*,*,#1323,.F.);
#1000=ORIENTED_EDGE('',*,*,#1524,.F.);
#1001=ORIENTED_EDGE('',*,*,#1357,.F.);
#1002=ORIENTED_EDGE('',*,*,#1523,.T.);
#1003=ORIENTED_EDGE('',*,*,#1349,.F.);
#1004=ORIENTED_EDGE('',*,*,#1525,.F.);
#1005=ORIENTED_EDGE('',*,*,#1281,.F.);
#1006=ORIENTED_EDGE('',*,*,#1524,.T.);
#1007=ORIENTED_EDGE('',*,*,#1320,.F.);
#1008=ORIENTED_EDGE('',*,*,#1526,.F.);
#1009=ORIENTED_EDGE('',*,*,#1358,.F.);
#1010=ORIENTED_EDGE('',*,*,#1525,.T.);
#1011=ORIENTED_EDGE('',*,*,#1348,.F.);
#1012=ORIENTED_EDGE('',*,*,#1527,.F.);
#1013=ORIENTED_EDGE('',*,*,#1284,.F.);
#1014=ORIENTED_EDGE('',*,*,#1526,.T.);
#1015=ORIENTED_EDGE('',*,*,#1317,.F.);
#1016=ORIENTED_EDGE('',*,*,#1528,.F.);
#1017=ORIENTED_EDGE('',*,*,#1359,.F.);
#1018=ORIENTED_EDGE('',*,*,#1527,.T.);
#1019=ORIENTED_EDGE('',*,*,#1347,.F.);
#1020=ORIENTED_EDGE('',*,*,#1529,.F.);
#1021=ORIENTED_EDGE('',*,*,#1287,.F.);
#1022=ORIENTED_EDGE('',*,*,#1528,.T.);
#1023=ORIENTED_EDGE('',*,*,#1314,.F.);
#1024=ORIENTED_EDGE('',*,*,#1530,.F.);
#1025=ORIENTED_EDGE('',*,*,#1360,.F.);
#1026=ORIENTED_EDGE('',*,*,#1529,.T.);
#1027=ORIENTED_EDGE('',*,*,#1346,.F.);
#1028=ORIENTED_EDGE('',*,*,#1531,.F.);
#1029=ORIENTED_EDGE('',*,*,#1290,.F.);
#1030=ORIENTED_EDGE('',*,*,#1530,.T.);
#1031=ORIENTED_EDGE('',*,*,#1311,.F.);
#1032=ORIENTED_EDGE('',*,*,#1532,.F.);
#1033=ORIENTED_EDGE('',*,*,#1361,.F.);
#1034=ORIENTED_EDGE('',*,*,#1531,.T.);
#1035=ORIENTED_EDGE('',*,*,#1345,.F.);
#1036=ORIENTED_EDGE('',*,*,#1533,.F.);
#1037=ORIENTED_EDGE('',*,*,#1293,.F.);
#1038=ORIENTED_EDGE('',*,*,#1532,.T.);
#1039=ORIENTED_EDGE('',*,*,#1308,.F.);
#1040=ORIENTED_EDGE('',*,*,#1534,.F.);
#1041=ORIENTED_EDGE('',*,*,#1362,.F.);
#1042=ORIENTED_EDGE('',*,*,#1533,.T.);
#1043=ORIENTED_EDGE('',*,*,#1344,.F.);
#1044=ORIENTED_EDGE('',*,*,#1535,.F.);
#1045=ORIENTED_EDGE('',*,*,#1296,.F.);
#1046=ORIENTED_EDGE('',*,*,#1534,.T.);
#1047=ORIENTED_EDGE('',*,*,#1305,.F.);
#1048=ORIENTED_EDGE('',*,*,#1536,.F.);
#1049=ORIENTED_EDGE('',*,*,#1341,.F.);
#1050=ORIENTED_EDGE('',*,*,#1535,.T.);
#1051=ORIENTED_EDGE('',*,*,#1343,.F.);
#1052=ORIENTED_EDGE('',*,*,#1537,.F.);
#1053=ORIENTED_EDGE('',*,*,#1299,.F.);
#1054=ORIENTED_EDGE('',*,*,#1536,.T.);
#1055=ORIENTED_EDGE('',*,*,#1302,.F.);
#1056=ORIENTED_EDGE('',*,*,#1537,.T.);
#1057=ORIENTED_EDGE('',*,*,#1342,.F.);
#1058=ORIENTED_EDGE('',*,*,#1538,.F.);
#1059=ORIENTED_EDGE('',*,*,#1412,.F.);
#1060=ORIENTED_EDGE('',*,*,#1539,.F.);
#1061=ORIENTED_EDGE('',*,*,#1384,.F.);
#1062=ORIENTED_EDGE('',*,*,#1539,.T.);
#1063=ORIENTED_EDGE('',*,*,#1415,.F.);
#1064=ORIENTED_EDGE('',*,*,#1540,.F.);
#1065=ORIENTED_EDGE('',*,*,#1385,.F.);
#1066=ORIENTED_EDGE('',*,*,#1538,.T.);
#1067=ORIENTED_EDGE('',*,*,#1383,.F.);
#1068=ORIENTED_EDGE('',*,*,#1541,.F.);
#1069=ORIENTED_EDGE('',*,*,#1416,.F.);
#1070=ORIENTED_EDGE('',*,*,#1540,.T.);
#1071=ORIENTED_EDGE('',*,*,#1419,.F.);
#1072=ORIENTED_EDGE('',*,*,#1542,.F.);
#1073=ORIENTED_EDGE('',*,*,#1386,.F.);
#1074=ORIENTED_EDGE('',*,*,#1541,.T.);
#1075=ORIENTED_EDGE('',*,*,#1382,.F.);
#1076=ORIENTED_EDGE('',*,*,#1543,.F.);
#1077=ORIENTED_EDGE('',*,*,#1420,.F.);
#1078=ORIENTED_EDGE('',*,*,#1542,.T.);
#1079=ORIENTED_EDGE('',*,*,#1423,.F.);
#1080=ORIENTED_EDGE('',*,*,#1544,.F.);
#1081=ORIENTED_EDGE('',*,*,#1387,.F.);
#1082=ORIENTED_EDGE('',*,*,#1543,.T.);
#1083=ORIENTED_EDGE('',*,*,#1381,.F.);
#1084=ORIENTED_EDGE('',*,*,#1545,.F.);
#1085=ORIENTED_EDGE('',*,*,#1424,.F.);
#1086=ORIENTED_EDGE('',*,*,#1544,.T.);
#1087=ORIENTED_EDGE('',*,*,#1427,.F.);
#1088=ORIENTED_EDGE('',*,*,#1546,.F.);
#1089=ORIENTED_EDGE('',*,*,#1379,.F.);
#1090=ORIENTED_EDGE('',*,*,#1545,.T.);
#1091=ORIENTED_EDGE('',*,*,#1380,.F.);
#1092=ORIENTED_EDGE('',*,*,#1546,.T.);
#1093=ORIENTED_EDGE('',*,*,#1428,.F.);
#1094=ORIENTED_EDGE('',*,*,#1547,.F.);
#1095=ORIENTED_EDGE('',*,*,#1400,.F.);
#1096=ORIENTED_EDGE('',*,*,#1548,.F.);
#1097=ORIENTED_EDGE('',*,*,#1483,.F.);
#1098=ORIENTED_EDGE('',*,*,#1548,.T.);
#1099=ORIENTED_EDGE('',*,*,#1399,.F.);
#1100=ORIENTED_EDGE('',*,*,#1549,.F.);
#1101=ORIENTED_EDGE('',*,*,#1480,.F.);
#1102=ORIENTED_EDGE('',*,*,#1547,.T.);
#1103=ORIENTED_EDGE('',*,*,#1487,.F.);
#1104=ORIENTED_EDGE('',*,*,#1550,.F.);
#1105=ORIENTED_EDGE('',*,*,#1401,.F.);
#1106=ORIENTED_EDGE('',*,*,#1549,.T.);
#1107=ORIENTED_EDGE('',*,*,#1398,.F.);
#1108=ORIENTED_EDGE('',*,*,#1551,.F.);
#1109=ORIENTED_EDGE('',*,*,#1488,.F.);
#1110=ORIENTED_EDGE('',*,*,#1484,.F.);
#1111=ORIENTED_EDGE('',*,*,#1550,.T.);
#1112=ORIENTED_EDGE('',*,*,#1492,.F.);
#1113=ORIENTED_EDGE('',*,*,#1552,.F.);
#1114=ORIENTED_EDGE('',*,*,#1396,.F.);
#1115=ORIENTED_EDGE('',*,*,#1551,.T.);
#1116=ORIENTED_EDGE('',*,*,#1397,.F.);
#1117=ORIENTED_EDGE('',*,*,#1552,.T.);
#1118=ORIENTED_EDGE('',*,*,#1493,.F.);
#1119=ORIENTED_EDGE('',*,*,#1489,.F.);
#1120=ORIENTED_EDGE('',*,*,#1553,.F.);
#1121=ORIENTED_EDGE('',*,*,#1393,.F.);
#1122=ORIENTED_EDGE('',*,*,#1554,.F.);
#1123=ORIENTED_EDGE('',*,*,#1464,.F.);
#1124=ORIENTED_EDGE('',*,*,#1554,.T.);
#1125=ORIENTED_EDGE('',*,*,#1392,.F.);
#1126=ORIENTED_EDGE('',*,*,#1555,.F.);
#1127=ORIENTED_EDGE('',*,*,#1466,.F.);
#1128=ORIENTED_EDGE('',*,*,#1553,.T.);
#1129=ORIENTED_EDGE('',*,*,#1469,.F.);
#1130=ORIENTED_EDGE('',*,*,#1556,.F.);
#1131=ORIENTED_EDGE('',*,*,#1394,.F.);
#1132=ORIENTED_EDGE('',*,*,#1555,.T.);
#1133=ORIENTED_EDGE('',*,*,#1391,.F.);
#1134=ORIENTED_EDGE('',*,*,#1557,.F.);
#1135=ORIENTED_EDGE('',*,*,#1470,.F.);
#1136=ORIENTED_EDGE('',*,*,#1556,.T.);
#1137=ORIENTED_EDGE('',*,*,#1473,.F.);
#1138=ORIENTED_EDGE('',*,*,#1558,.F.);
#1139=ORIENTED_EDGE('',*,*,#1395,.F.);
#1140=ORIENTED_EDGE('',*,*,#1557,.T.);
#1141=ORIENTED_EDGE('',*,*,#1390,.F.);
#1142=ORIENTED_EDGE('',*,*,#1559,.F.);
#1143=ORIENTED_EDGE('',*,*,#1474,.F.);
#1144=ORIENTED_EDGE('',*,*,#1558,.T.);
#1145=ORIENTED_EDGE('',*,*,#1477,.F.);
#1146=ORIENTED_EDGE('',*,*,#1560,.F.);
#1147=ORIENTED_EDGE('',*,*,#1388,.F.);
#1148=ORIENTED_EDGE('',*,*,#1559,.T.);
#1149=ORIENTED_EDGE('',*,*,#1389,.F.);
#1150=ORIENTED_EDGE('',*,*,#1560,.T.);
#1151=ORIENTED_EDGE('',*,*,#1478,.F.);
#1152=ORIENTED_EDGE('',*,*,#1561,.F.);
#1153=ORIENTED_EDGE('',*,*,#1430,.F.);
#1154=ORIENTED_EDGE('',*,*,#1562,.F.);
#1155=ORIENTED_EDGE('',*,*,#1373,.F.);
#1156=ORIENTED_EDGE('',*,*,#1562,.T.);
#1157=ORIENTED_EDGE('',*,*,#1433,.F.);
#1158=ORIENTED_EDGE('',*,*,#1563,.F.);
#1159=ORIENTED_EDGE('',*,*,#1374,.F.);
#1160=ORIENTED_EDGE('',*,*,#1561,.T.);
#1161=ORIENTED_EDGE('',*,*,#1372,.F.);
#1162=ORIENTED_EDGE('',*,*,#1564,.F.);
#1163=ORIENTED_EDGE('',*,*,#1434,.F.);
#1164=ORIENTED_EDGE('',*,*,#1563,.T.);
#1165=ORIENTED_EDGE('',*,*,#1437,.F.);
#1166=ORIENTED_EDGE('',*,*,#1565,.F.);
#1167=ORIENTED_EDGE('',*,*,#1375,.F.);
#1168=ORIENTED_EDGE('',*,*,#1564,.T.);
#1169=ORIENTED_EDGE('',*,*,#1371,.F.);
#1170=ORIENTED_EDGE('',*,*,#1566,.F.);
#1171=ORIENTED_EDGE('',*,*,#1438,.F.);
#1172=ORIENTED_EDGE('',*,*,#1565,.T.);
#1173=ORIENTED_EDGE('',*,*,#1441,.F.);
#1174=ORIENTED_EDGE('',*,*,#1567,.F.);
#1175=ORIENTED_EDGE('',*,*,#1376,.F.);
#1176=ORIENTED_EDGE('',*,*,#1566,.T.);
#1177=ORIENTED_EDGE('',*,*,#1370,.F.);
#1178=ORIENTED_EDGE('',*,*,#1568,.F.);
#1179=ORIENTED_EDGE('',*,*,#1442,.F.);
#1180=ORIENTED_EDGE('',*,*,#1567,.T.);
#1181=ORIENTED_EDGE('',*,*,#1445,.F.);
#1182=ORIENTED_EDGE('',*,*,#1569,.F.);
#1183=ORIENTED_EDGE('',*,*,#1377,.F.);
#1184=ORIENTED_EDGE('',*,*,#1568,.T.);
#1185=ORIENTED_EDGE('',*,*,#1369,.F.);
#1186=ORIENTED_EDGE('',*,*,#1570,.F.);
#1187=ORIENTED_EDGE('',*,*,#1446,.F.);
#1188=ORIENTED_EDGE('',*,*,#1569,.T.);
#1189=ORIENTED_EDGE('',*,*,#1449,.F.);
#1190=ORIENTED_EDGE('',*,*,#1571,.F.);
#1191=ORIENTED_EDGE('',*,*,#1378,.F.);
#1192=ORIENTED_EDGE('',*,*,#1570,.T.);
#1193=ORIENTED_EDGE('',*,*,#1368,.F.);
#1194=ORIENTED_EDGE('',*,*,#1572,.F.);
#1195=ORIENTED_EDGE('',*,*,#1450,.F.);
#1196=ORIENTED_EDGE('',*,*,#1571,.T.);
#1197=ORIENTED_EDGE('',*,*,#1453,.F.);
#1198=ORIENTED_EDGE('',*,*,#1573,.F.);
#1199=ORIENTED_EDGE('',*,*,#1574,.T.);
#1200=ORIENTED_EDGE('',*,*,#1363,.F.);
#1201=ORIENTED_EDGE('',*,*,#1572,.T.);
#1202=ORIENTED_EDGE('',*,*,#1367,.F.);
#1203=ORIENTED_EDGE('',*,*,#1575,.F.);
#1204=ORIENTED_EDGE('',*,*,#1454,.F.);
#1205=ORIENTED_EDGE('',*,*,#1576,.F.);
#1206=ORIENTED_EDGE('',*,*,#1573,.T.);
#1207=ORIENTED_EDGE('',*,*,#1457,.F.);
#1208=ORIENTED_EDGE('',*,*,#1575,.T.);
#1209=ORIENTED_EDGE('',*,*,#1366,.F.);
#1210=ORIENTED_EDGE('',*,*,#1577,.F.);
#1211=ORIENTED_EDGE('',*,*,#1458,.F.);
#1212=ORIENTED_EDGE('',*,*,#1576,.T.);
#1213=ORIENTED_EDGE('',*,*,#1461,.F.);
#1214=ORIENTED_EDGE('',*,*,#1578,.F.);
#1215=ORIENTED_EDGE('',*,*,#1364,.F.);
#1216=ORIENTED_EDGE('',*,*,#1574,.F.);
#1217=ORIENTED_EDGE('',*,*,#1577,.T.);
#1218=ORIENTED_EDGE('',*,*,#1365,.F.);
#1219=ORIENTED_EDGE('',*,*,#1578,.T.);
#1220=ORIENTED_EDGE('',*,*,#1462,.F.);
#1221=EDGE_CURVE('',#1579,#1580,#1790,.T.);
#1222=EDGE_CURVE('',#1580,#1581,#307,.T.);
#1223=EDGE_CURVE('',#1581,#1582,#308,.T.);
#1224=EDGE_CURVE('',#1582,#1583,#309,.T.);
#1225=EDGE_CURVE('',#1583,#1584,#1791,.T.);
#1226=EDGE_CURVE('',#1584,#1585,#1792,.T.);
#1227=EDGE_CURVE('',#1585,#1586,#1793,.T.);
#1228=EDGE_CURVE('',#1586,#1587,#1794,.T.);
#1229=EDGE_CURVE('',#1587,#1588,#1795,.T.);
#1230=EDGE_CURVE('',#1588,#1589,#1796,.T.);
#1231=EDGE_CURVE('',#1589,#1590,#1797,.T.);
#1232=EDGE_CURVE('',#1590,#1591,#1798,.T.);
#1233=EDGE_CURVE('',#1591,#1592,#1799,.T.);
#1234=EDGE_CURVE('',#1592,#1593,#1800,.T.);
#1235=EDGE_CURVE('',#1593,#1594,#310,.T.);
#1236=EDGE_CURVE('',#1594,#1595,#1801,.T.);
#1237=EDGE_CURVE('',#1595,#1579,#1802,.T.);
#1238=EDGE_CURVE('',#1596,#1597,#1803,.T.);
#1239=EDGE_CURVE('',#1597,#1598,#1804,.T.);
#1240=EDGE_CURVE('',#1598,#1599,#1805,.T.);
#1241=EDGE_CURVE('',#1599,#1600,#1806,.T.);
#1242=EDGE_CURVE('',#1600,#1601,#1807,.T.);
#1243=EDGE_CURVE('',#1601,#1602,#1808,.T.);
#1244=EDGE_CURVE('',#1602,#1603,#1809,.T.);
#1245=EDGE_CURVE('',#1603,#1596,#1810,.T.);
#1246=EDGE_CURVE('',#1604,#1605,#311,.T.);
#1247=EDGE_CURVE('',#1605,#1606,#312,.T.);
#1248=EDGE_CURVE('',#1606,#1607,#313,.T.);
#1249=EDGE_CURVE('',#1607,#1608,#314,.T.);
#1250=EDGE_CURVE('',#1608,#1609,#315,.T.);
#1251=EDGE_CURVE('',#1609,#1610,#316,.T.);
#1252=EDGE_CURVE('',#1610,#1604,#317,.T.);
#1253=EDGE_CURVE('',#1611,#1612,#318,.F.);
#1254=EDGE_CURVE('',#1612,#1613,#1811,.T.);
#1255=EDGE_CURVE('',#1613,#1614,#319,.F.);
#1256=EDGE_CURVE('',#1614,#1615,#165,.T.);
#1257=EDGE_CURVE('',#1615,#1616,#320,.F.);
#1258=EDGE_CURVE('',#1616,#1617,#166,.T.);
#1259=EDGE_CURVE('',#1617,#1618,#321,.F.);
#1260=EDGE_CURVE('',#1618,#1619,#167,.F.);
#1261=EDGE_CURVE('',#1619,#1620,#322,.T.);
#1262=EDGE_CURVE('',#1620,#1621,#168,.T.);
#1263=EDGE_CURVE('',#1621,#1622,#323,.T.);
#1264=EDGE_CURVE('',#1622,#1623,#169,.T.);
#1265=EDGE_CURVE('',#1623,#1624,#324,.T.);
#1266=EDGE_CURVE('',#1624,#1625,#170,.T.);
#1267=EDGE_CURVE('',#1625,#1626,#325,.T.);
#1268=EDGE_CURVE('',#1626,#1627,#171,.T.);
#1269=EDGE_CURVE('',#1627,#1628,#326,.T.);
#1270=EDGE_CURVE('',#1628,#1629,#172,.F.);
#1271=EDGE_CURVE('',#1629,#1630,#327,.F.);
#1272=EDGE_CURVE('',#1630,#1631,#173,.T.);
#1273=EDGE_CURVE('',#1631,#1632,#328,.F.);
#1274=EDGE_CURVE('',#1632,#1611,#174,.T.);
#1275=EDGE_CURVE('',#1633,#1634,#329,.T.);
#1276=EDGE_CURVE('',#1634,#1635,#175,.F.);
#1277=EDGE_CURVE('',#1636,#1635,#330,.T.);
#1278=EDGE_CURVE('',#1636,#1633,#176,.T.);
#1279=EDGE_CURVE('',#1637,#1638,#331,.T.);
#1280=EDGE_CURVE('',#1638,#1634,#332,.F.);
#1281=EDGE_CURVE('',#1633,#1637,#333,.T.);
#1282=EDGE_CURVE('',#1639,#1640,#334,.T.);
#1283=EDGE_CURVE('',#1640,#1638,#177,.T.);
#1284=EDGE_CURVE('',#1637,#1639,#178,.F.);
#1285=EDGE_CURVE('',#1641,#1642,#335,.T.);
#1286=EDGE_CURVE('',#1642,#1640,#336,.T.);
#1287=EDGE_CURVE('',#1639,#1641,#337,.F.);
#1288=EDGE_CURVE('',#1643,#1644,#338,.T.);
#1289=EDGE_CURVE('',#1644,#1642,#179,.F.);
#1290=EDGE_CURVE('',#1641,#1643,#180,.T.);
#1291=EDGE_CURVE('',#1645,#1646,#339,.T.);
#1292=EDGE_CURVE('',#1646,#1644,#340,.T.);
#1293=EDGE_CURVE('',#1643,#1645,#341,.F.);
#1294=EDGE_CURVE('',#1647,#1648,#342,.T.);
#1295=EDGE_CURVE('',#1648,#1646,#181,.F.);
#1296=EDGE_CURVE('',#1645,#1647,#182,.T.);
#1297=EDGE_CURVE('',#1649,#1650,#343,.T.);
#1298=EDGE_CURVE('',#1650,#1648,#344,.T.);
#1299=EDGE_CURVE('',#1647,#1649,#345,.F.);
#1300=EDGE_CURVE('',#1651,#1652,#346,.T.);
#1301=EDGE_CURVE('',#1652,#1650,#1812,.T.);
#1302=EDGE_CURVE('',#1649,#1651,#1813,.T.);
#1303=EDGE_CURVE('',#1653,#1654,#347,.T.);
#1304=EDGE_CURVE('',#1654,#1652,#348,.T.);
#1305=EDGE_CURVE('',#1651,#1653,#349,.F.);
#1306=EDGE_CURVE('',#1655,#1656,#350,.T.);
#1307=EDGE_CURVE('',#1656,#1654,#183,.F.);
#1308=EDGE_CURVE('',#1653,#1655,#184,.T.);
#1309=EDGE_CURVE('',#1657,#1658,#351,.T.);
#1310=EDGE_CURVE('',#1658,#1656,#352,.T.);
#1311=EDGE_CURVE('',#1655,#1657,#353,.F.);
#1312=EDGE_CURVE('',#1659,#1660,#354,.T.);
#1313=EDGE_CURVE('',#1660,#1658,#185,.F.);
#1314=EDGE_CURVE('',#1657,#1659,#186,.T.);
#1315=EDGE_CURVE('',#1661,#1662,#355,.T.);
#1316=EDGE_CURVE('',#1662,#1660,#356,.T.);
#1317=EDGE_CURVE('',#1659,#1661,#357,.F.);
#1318=EDGE_CURVE('',#1663,#1664,#358,.T.);
#1319=EDGE_CURVE('',#1664,#1662,#187,.T.);
#1320=EDGE_CURVE('',#1661,#1663,#188,.F.);
#1321=EDGE_CURVE('',#1665,#1666,#359,.T.);
#1322=EDGE_CURVE('',#1666,#1664,#360,.F.);
#1323=EDGE_CURVE('',#1663,#1665,#361,.T.);
#1324=EDGE_CURVE('',#1667,#1668,#362,.T.);
#1325=EDGE_CURVE('',#1668,#1666,#189,.F.);
#1326=EDGE_CURVE('',#1665,#1667,#190,.T.);
#1327=EDGE_CURVE('',#1669,#1670,#363,.T.);
#1328=EDGE_CURVE('',#1670,#1668,#364,.F.);
#1329=EDGE_CURVE('',#1667,#1669,#365,.T.);
#1330=EDGE_CURVE('',#1671,#1672,#366,.T.);
#1331=EDGE_CURVE('',#1672,#1670,#191,.F.);
#1332=EDGE_CURVE('',#1669,#1671,#192,.T.);
#1333=EDGE_CURVE('',#1673,#1674,#367,.T.);
#1334=EDGE_CURVE('',#1674,#1672,#368,.F.);
#1335=EDGE_CURVE('',#1671,#1673,#369,.T.);
#1336=EDGE_CURVE('',#1675,#1676,#370,.T.);
#1337=EDGE_CURVE('',#1676,#1674,#193,.F.);
#1338=EDGE_CURVE('',#1673,#1675,#194,.T.);
#1339=EDGE_CURVE('',#1635,#1676,#371,.F.);
#1340=EDGE_CURVE('',#1675,#1636,#372,.T.);
#1341=EDGE_CURVE('',#1677,#1678,#373,.T.);
#1342=EDGE_CURVE('',#1678,#1679,#1814,.T.);
#1343=EDGE_CURVE('',#1679,#1680,#374,.T.);
#1344=EDGE_CURVE('',#1680,#1681,#195,.F.);
#1345=EDGE_CURVE('',#1681,#1682,#375,.T.);
#1346=EDGE_CURVE('',#1682,#1683,#196,.F.);
#1347=EDGE_CURVE('',#1683,#1684,#376,.T.);
#1348=EDGE_CURVE('',#1684,#1685,#197,.T.);
#1349=EDGE_CURVE('',#1685,#1686,#377,.F.);
#1350=EDGE_CURVE('',#1686,#1687,#198,.F.);
#1351=EDGE_CURVE('',#1687,#1688,#378,.F.);
#1352=EDGE_CURVE('',#1688,#1689,#199,.F.);
#1353=EDGE_CURVE('',#1689,#1690,#379,.F.);
#1354=EDGE_CURVE('',#1690,#1691,#200,.F.);
#1355=EDGE_CURVE('',#1691,#1692,#380,.F.);
#1356=EDGE_CURVE('',#1692,#1693,#201,.F.);
#1357=EDGE_CURVE('',#1693,#1694,#381,.F.);
#1358=EDGE_CURVE('',#1694,#1695,#202,.T.);
#1359=EDGE_CURVE('',#1695,#1696,#382,.T.);
#1360=EDGE_CURVE('',#1696,#1697,#203,.F.);
#1361=EDGE_CURVE('',#1697,#1698,#383,.T.);
#1362=EDGE_CURVE('',#1698,#1677,#204,.F.);
#1363=EDGE_CURVE('',#1699,#1700,#1815,.T.);
#1364=EDGE_CURVE('',#1700,#1701,#384,.T.);
#1365=EDGE_CURVE('',#1701,#1702,#385,.T.);
#1366=EDGE_CURVE('',#1702,#1703,#1816,.T.);
#1367=EDGE_CURVE('',#1703,#1704,#1817,.T.);
#1368=EDGE_CURVE('',#1704,#1705,#1818,.T.);
#1369=EDGE_CURVE('',#1705,#1706,#386,.T.);
#1370=EDGE_CURVE('',#1706,#1707,#1819,.T.);
#1371=EDGE_CURVE('',#1707,#1708,#1820,.T.);
#1372=EDGE_CURVE('',#1708,#1709,#1821,.T.);
#1373=EDGE_CURVE('',#1709,#1710,#1822,.T.);
#1374=EDGE_CURVE('',#1710,#1711,#1823,.T.);
#1375=EDGE_CURVE('',#1711,#1712,#1824,.T.);
#1376=EDGE_CURVE('',#1712,#1713,#1825,.T.);
#1377=EDGE_CURVE('',#1713,#1714,#1826,.T.);
#1378=EDGE_CURVE('',#1714,#1699,#1827,.T.);
#1379=EDGE_CURVE('',#1715,#1716,#1828,.T.);
#1380=EDGE_CURVE('',#1716,#1717,#387,.T.);
#1381=EDGE_CURVE('',#1717,#1718,#1829,.T.);
#1382=EDGE_CURVE('',#1718,#1719,#1830,.T.);
#1383=EDGE_CURVE('',#1719,#1720,#1831,.T.);
#1384=EDGE_CURVE('',#1720,#1721,#1832,.T.);
#1385=EDGE_CURVE('',#1721,#1722,#1833,.T.);
#1386=EDGE_CURVE('',#1722,#1723,#1834,.T.);
#1387=EDGE_CURVE('',#1723,#1715,#1835,.T.);
#1388=EDGE_CURVE('',#1724,#1725,#1836,.T.);
#1389=EDGE_CURVE('',#1725,#1726,#1837,.T.);
#1390=EDGE_CURVE('',#1726,#1727,#1838,.T.);
#1391=EDGE_CURVE('',#1727,#1728,#1839,.T.);
#1392=EDGE_CURVE('',#1728,#1729,#1840,.T.);
#1393=EDGE_CURVE('',#1729,#1730,#1841,.T.);
#1394=EDGE_CURVE('',#1730,#1731,#1842,.T.);
#1395=EDGE_CURVE('',#1731,#1724,#1843,.T.);
#1396=EDGE_CURVE('',#1732,#1733,#388,.T.);
#1397=EDGE_CURVE('',#1733,#1734,#389,.T.);
#1398=EDGE_CURVE('',#1734,#1735,#390,.T.);
#1399=EDGE_CURVE('',#1735,#1736,#391,.T.);
#1400=EDGE_CURVE('',#1736,#1737,#392,.T.);
#1401=EDGE_CURVE('',#1737,#1732,#393,.T.);
#1402=EDGE_CURVE('',#1738,#1739,#1844,.T.);
#1403=EDGE_CURVE('',#1739,#1740,#394,.T.);
#1404=EDGE_CURVE('',#1740,#1741,#1845,.T.);
#1405=EDGE_CURVE('',#1741,#1742,#1846,.T.);
#1406=EDGE_CURVE('',#1742,#1743,#1847,.T.);
#1407=EDGE_CURVE('',#1743,#1744,#1848,.T.);
#1408=EDGE_CURVE('',#1744,#1745,#1849,.T.);
#1409=EDGE_CURVE('',#1745,#1746,#1850,.T.);
#1410=EDGE_CURVE('',#1746,#1738,#1851,.T.);
#1411=EDGE_CURVE('',#1747,#1744,#205,.T.);
#1412=EDGE_CURVE('',#1747,#1748,#1852,.T.);
#1413=EDGE_CURVE('',#1745,#1748,#206,.T.);
#1414=EDGE_CURVE('',#1749,#1743,#207,.T.);
#1415=EDGE_CURVE('',#1749,#1747,#1853,.T.);
#1416=EDGE_CURVE('',#1748,#1750,#1854,.T.);
#1417=EDGE_CURVE('',#1746,#1750,#208,.T.);
#1418=EDGE_CURVE('',#1751,#1742,#209,.T.);
#1419=EDGE_CURVE('',#1751,#1749,#1855,.T.);
#1420=EDGE_CURVE('',#1750,#1752,#1856,.T.);
#1421=EDGE_CURVE('',#1738,#1752,#210,.T.);
#1422=EDGE_CURVE('',#1753,#1741,#211,.T.);
#1423=EDGE_CURVE('',#1753,#1751,#1857,.T.);
#1424=EDGE_CURVE('',#1752,#1754,#1858,.T.);
#1425=EDGE_CURVE('',#1739,#1754,#1859,.F.);
#1426=EDGE_CURVE('',#1755,#1740,#212,.T.);
#1427=EDGE_CURVE('',#1755,#1753,#1860,.T.);
#1428=EDGE_CURVE('',#1754,#1755,#395,.T.);
#1429=EDGE_CURVE('',#1756,#1589,#213,.T.);
#1430=EDGE_CURVE('',#1756,#1757,#1861,.T.);
#1431=EDGE_CURVE('',#1590,#1757,#214,.T.);
#1432=EDGE_CURVE('',#1758,#1588,#215,.T.);
#1433=EDGE_CURVE('',#1758,#1756,#1862,.T.);
#1434=EDGE_CURVE('',#1757,#1759,#1863,.T.);
#1435=EDGE_CURVE('',#1591,#1759,#216,.T.);
#1436=EDGE_CURVE('',#1760,#1587,#217,.T.);
#1437=EDGE_CURVE('',#1760,#1758,#1864,.T.);
#1438=EDGE_CURVE('',#1759,#1761,#1865,.T.);
#1439=EDGE_CURVE('',#1592,#1761,#218,.T.);
#1440=EDGE_CURVE('',#1762,#1586,#219,.T.);
#1441=EDGE_CURVE('',#1762,#1760,#1866,.T.);
#1442=EDGE_CURVE('',#1761,#1763,#1867,.T.);
#1443=EDGE_CURVE('',#1593,#1763,#220,.T.);
#1444=EDGE_CURVE('',#1764,#1585,#1868,.T.);
#1445=EDGE_CURVE('',#1764,#1762,#1869,.T.);
#1446=EDGE_CURVE('',#1763,#1765,#396,.T.);
#1447=EDGE_CURVE('',#1594,#1765,#221,.T.);
#1448=EDGE_CURVE('',#1766,#1584,#222,.T.);
#1449=EDGE_CURVE('',#1766,#1764,#1870,.T.);
#1450=EDGE_CURVE('',#1765,#1767,#1871,.T.);
#1451=EDGE_CURVE('',#1595,#1767,#223,.T.);
#1452=EDGE_CURVE('',#1768,#1583,#1872,.T.);
#1453=EDGE_CURVE('',#1768,#1766,#1873,.T.);
#1454=EDGE_CURVE('',#1767,#1769,#1874,.T.);
#1455=EDGE_CURVE('',#1579,#1769,#224,.T.);
#1456=EDGE_CURVE('',#1770,#1582,#32,.F.);
#1457=EDGE_CURVE('',#1770,#1768,#397,.T.);
#1458=EDGE_CURVE('',#1769,#1771,#1875,.T.);
#1459=EDGE_CURVE('',#1580,#1771,#225,.T.);
#1460=EDGE_CURVE('',#1772,#1581,#33,.F.);
#1461=EDGE_CURVE('',#1772,#1770,#398,.T.);
#1462=EDGE_CURVE('',#1771,#1772,#399,.T.);
#1463=EDGE_CURVE('',#1773,#1601,#226,.T.);
#1464=EDGE_CURVE('',#1773,#1774,#1876,.T.);
#1465=EDGE_CURVE('',#1602,#1774,#227,.T.);
#1466=EDGE_CURVE('',#1774,#1775,#1877,.T.);
#1467=EDGE_CURVE('',#1603,#1775,#228,.T.);
#1468=EDGE_CURVE('',#1776,#1600,#229,.T.);
#1469=EDGE_CURVE('',#1776,#1773,#1878,.T.);
#1470=EDGE_CURVE('',#1775,#1777,#1879,.T.);
#1471=EDGE_CURVE('',#1596,#1777,#230,.T.);
#1472=EDGE_CURVE('',#1778,#1599,#231,.T.);
#1473=EDGE_CURVE('',#1778,#1776,#1880,.T.);
#1474=EDGE_CURVE('',#1777,#1779,#1881,.T.);
#1475=EDGE_CURVE('',#1597,#1779,#232,.T.);
#1476=EDGE_CURVE('',#1780,#1598,#233,.T.);
#1477=EDGE_CURVE('',#1780,#1778,#1882,.T.);
#1478=EDGE_CURVE('',#1779,#1780,#1883,.T.);
#1479=EDGE_CURVE('',#1781,#1609,#34,.F.);
#1480=EDGE_CURVE('',#1781,#1782,#400,.T.);
#1481=EDGE_CURVE('',#1610,#1782,#35,.T.);
#1482=EDGE_CURVE('',#1783,#1608,#36,.F.);
#1483=EDGE_CURVE('',#1783,#1781,#401,.T.);
#1484=EDGE_CURVE('',#1782,#1784,#402,.T.);
#1485=EDGE_CURVE('',#1604,#1784,#37,.T.);
#1486=EDGE_CURVE('',#1785,#1607,#38,.F.);
#1487=EDGE_CURVE('',#1785,#1783,#403,.T.);
#1488=EDGE_CURVE('',#1784,#1786,#1884,.T.);
#1489=EDGE_CURVE('',#1786,#1787,#1885,.T.);
#1490=EDGE_CURVE('',#1605,#1787,#39,.T.);
#1491=EDGE_CURVE('',#1788,#1606,#40,.F.);
#1492=EDGE_CURVE('',#1788,#1785,#404,.T.);
#1493=EDGE_CURVE('',#1787,#1788,#405,.T.);
#1494=EDGE_CURVE('',#1624,#1674,#234,.T.);
#1495=EDGE_CURVE('',#1672,#1623,#235,.T.);
#1496=EDGE_CURVE('',#1670,#1622,#236,.T.);
#1497=EDGE_CURVE('',#1625,#1676,#237,.T.);
#1498=EDGE_CURVE('',#1668,#1621,#238,.T.);
#1499=EDGE_CURVE('',#1626,#1635,#239,.T.);
#1500=EDGE_CURVE('',#1666,#1620,#240,.T.);
#1501=EDGE_CURVE('',#1627,#1634,#241,.T.);
#1502=EDGE_CURVE('',#1664,#1619,#242,.T.);
#1503=EDGE_CURVE('',#1628,#1638,#243,.T.);
#1504=EDGE_CURVE('',#1662,#1618,#244,.T.);
#1505=EDGE_CURVE('',#1629,#1640,#245,.T.);
#1506=EDGE_CURVE('',#1660,#1617,#246,.T.);
#1507=EDGE_CURVE('',#1630,#1642,#247,.T.);
#1508=EDGE_CURVE('',#1658,#1616,#248,.T.);
#1509=EDGE_CURVE('',#1631,#1644,#249,.T.);
#1510=EDGE_CURVE('',#1656,#1615,#250,.T.);
#1511=EDGE_CURVE('',#1632,#1646,#251,.T.);
#1512=EDGE_CURVE('',#1654,#1614,#252,.T.);
#1513=EDGE_CURVE('',#1611,#1648,#253,.T.);
#1514=EDGE_CURVE('',#1652,#1613,#254,.T.);
#1515=EDGE_CURVE('',#1612,#1650,#255,.T.);
#1516=EDGE_CURVE('',#1673,#1689,#256,.T.);
#1517=EDGE_CURVE('',#1690,#1671,#257,.T.);
#1518=EDGE_CURVE('',#1691,#1669,#258,.T.);
#1519=EDGE_CURVE('',#1675,#1688,#259,.T.);
#1520=EDGE_CURVE('',#1692,#1667,#260,.T.);
#1521=EDGE_CURVE('',#1636,#1687,#261,.T.);
#1522=EDGE_CURVE('',#1693,#1665,#262,.T.);
#1523=EDGE_CURVE('',#1633,#1686,#263,.T.);
#1524=EDGE_CURVE('',#1694,#1663,#264,.T.);
#1525=EDGE_CURVE('',#1637,#1685,#265,.T.);
#1526=EDGE_CURVE('',#1695,#1661,#266,.T.);
#1527=EDGE_CURVE('',#1639,#1684,#267,.T.);
#1528=EDGE_CURVE('',#1696,#1659,#268,.T.);
#1529=EDGE_CURVE('',#1641,#1683,#269,.T.);
#1530=EDGE_CURVE('',#1697,#1657,#270,.T.);
#1531=EDGE_CURVE('',#1643,#1682,#271,.T.);
#1532=EDGE_CURVE('',#1698,#1655,#272,.T.);
#1533=EDGE_CURVE('',#1645,#1681,#273,.T.);
#1534=EDGE_CURVE('',#1677,#1653,#274,.T.);
#1535=EDGE_CURVE('',#1647,#1680,#275,.T.);
#1536=EDGE_CURVE('',#1678,#1651,#276,.T.);
#1537=EDGE_CURVE('',#1649,#1679,#277,.T.);
#1538=EDGE_CURVE('',#1748,#1720,#278,.T.);
#1539=EDGE_CURVE('',#1721,#1747,#279,.T.);
#1540=EDGE_CURVE('',#1722,#1749,#280,.T.);
#1541=EDGE_CURVE('',#1750,#1719,#281,.T.);
#1542=EDGE_CURVE('',#1723,#1751,#282,.T.);
#1543=EDGE_CURVE('',#1752,#1718,#283,.T.);
#1544=EDGE_CURVE('',#1715,#1753,#284,.T.);
#1545=EDGE_CURVE('',#1754,#1717,#1886,.T.);
#1546=EDGE_CURVE('',#1716,#1755,#285,.T.);
#1547=EDGE_CURVE('',#1737,#1783,#41,.T.);
#1548=EDGE_CURVE('',#1781,#1736,#42,.F.);
#1549=EDGE_CURVE('',#1782,#1735,#43,.F.);
#1550=EDGE_CURVE('',#1732,#1785,#44,.T.);
#1551=EDGE_CURVE('',#1786,#1734,#45,.F.);
#1552=EDGE_CURVE('',#1733,#1788,#46,.T.);
#1553=EDGE_CURVE('',#1730,#1773,#286,.T.);
#1554=EDGE_CURVE('',#1774,#1729,#287,.T.);
#1555=EDGE_CURVE('',#1775,#1728,#288,.T.);
#1556=EDGE_CURVE('',#1731,#1776,#289,.T.);
#1557=EDGE_CURVE('',#1777,#1727,#290,.T.);
#1558=EDGE_CURVE('',#1724,#1778,#291,.T.);
#1559=EDGE_CURVE('',#1779,#1726,#292,.T.);
#1560=EDGE_CURVE('',#1725,#1780,#293,.T.);
#1561=EDGE_CURVE('',#1757,#1709,#294,.T.);
#1562=EDGE_CURVE('',#1710,#1756,#295,.T.);
#1563=EDGE_CURVE('',#1711,#1758,#296,.T.);
#1564=EDGE_CURVE('',#1759,#1708,#297,.T.);
#1565=EDGE_CURVE('',#1712,#1760,#298,.T.);
#1566=EDGE_CURVE('',#1761,#1707,#299,.T.);
#1567=EDGE_CURVE('',#1713,#1762,#300,.T.);
#1568=EDGE_CURVE('',#1763,#1706,#301,.T.);
#1569=EDGE_CURVE('',#1714,#1764,#1887,.F.);
#1570=EDGE_CURVE('',#1765,#1705,#302,.T.);
#1571=EDGE_CURVE('',#1699,#1766,#303,.T.);
#1572=EDGE_CURVE('',#1767,#1704,#304,.T.);
#1573=EDGE_CURVE('',#1789,#1768,#1888,.F.);
#1574=EDGE_CURVE('',#1789,#1700,#1889,.F.);
#1575=EDGE_CURVE('',#1769,#1703,#305,.T.);
#1576=EDGE_CURVE('',#1789,#1770,#47,.T.);
#1577=EDGE_CURVE('',#1771,#1702,#306,.T.);
#1578=EDGE_CURVE('',#1701,#1772,#48,.T.);
#1579=VERTEX_POINT('',#3247);
#1580=VERTEX_POINT('',#3248);
#1581=VERTEX_POINT('',#3250);
#1582=VERTEX_POINT('',#3252);
#1583=VERTEX_POINT('',#3254);
#1584=VERTEX_POINT('',#3259);
#1585=VERTEX_POINT('',#3264);
#1586=VERTEX_POINT('',#3269);
#1587=VERTEX_POINT('',#3274);
#1588=VERTEX_POINT('',#3279);
#1589=VERTEX_POINT('',#3284);
#1590=VERTEX_POINT('',#3289);
#1591=VERTEX_POINT('',#3294);
#1592=VERTEX_POINT('',#3299);
#1593=VERTEX_POINT('',#3304);
#1594=VERTEX_POINT('',#3306);
#1595=VERTEX_POINT('',#3311);
#1596=VERTEX_POINT('',#3320);
#1597=VERTEX_POINT('',#3321);
#1598=VERTEX_POINT('',#3326);
#1599=VERTEX_POINT('',#3331);
#1600=VERTEX_POINT('',#3336);
#1601=VERTEX_POINT('',#3341);
#1602=VERTEX_POINT('',#3346);
#1603=VERTEX_POINT('',#3351);
#1604=VERTEX_POINT('',#3357);
#1605=VERTEX_POINT('',#3358);
#1606=VERTEX_POINT('',#3360);
#1607=VERTEX_POINT('',#3362);
#1608=VERTEX_POINT('',#3364);
#1609=VERTEX_POINT('',#3366);
#1610=VERTEX_POINT('',#3368);
#1611=VERTEX_POINT('',#3371);
#1612=VERTEX_POINT('',#3372);
#1613=VERTEX_POINT('',#3384);
#1614=VERTEX_POINT('',#3386);
#1615=VERTEX_POINT('',#3388);
#1616=VERTEX_POINT('',#3390);
#1617=VERTEX_POINT('',#3392);
#1618=VERTEX_POINT('',#3394);
#1619=VERTEX_POINT('',#3396);
#1620=VERTEX_POINT('',#3398);
#1621=VERTEX_POINT('',#3400);
#1622=VERTEX_POINT('',#3402);
#1623=VERTEX_POINT('',#3404);
#1624=VERTEX_POINT('',#3406);
#1625=VERTEX_POINT('',#3408);
#1626=VERTEX_POINT('',#3410);
#1627=VERTEX_POINT('',#3412);
#1628=VERTEX_POINT('',#3414);
#1629=VERTEX_POINT('',#3416);
#1630=VERTEX_POINT('',#3418);
#1631=VERTEX_POINT('',#3420);
#1632=VERTEX_POINT('',#3422);
#1633=VERTEX_POINT('',#3426);
#1634=VERTEX_POINT('',#3427);
#1635=VERTEX_POINT('',#3429);
#1636=VERTEX_POINT('',#3431);
#1637=VERTEX_POINT('',#3435);
#1638=VERTEX_POINT('',#3436);
#1639=VERTEX_POINT('',#3441);
#1640=VERTEX_POINT('',#3442);
#1641=VERTEX_POINT('',#3447);
#1642=VERTEX_POINT('',#3448);
#1643=VERTEX_POINT('',#3453);
#1644=VERTEX_POINT('',#3454);
#1645=VERTEX_POINT('',#3459);
#1646=VERTEX_POINT('',#3460);
#1647=VERTEX_POINT('',#3465);
#1648=VERTEX_POINT('',#3466);
#1649=VERTEX_POINT('',#3471);
#1650=VERTEX_POINT('',#3472);
#1651=VERTEX_POINT('',#3490);
#1652=VERTEX_POINT('',#3491);
#1653=VERTEX_POINT('',#3516);
#1654=VERTEX_POINT('',#3517);
#1655=VERTEX_POINT('',#3522);
#1656=VERTEX_POINT('',#3523);
#1657=VERTEX_POINT('',#3528);
#1658=VERTEX_POINT('',#3529);
#1659=VERTEX_POINT('',#3534);
#1660=VERTEX_POINT('',#3535);
#1661=VERTEX_POINT('',#3540);
#1662=VERTEX_POINT('',#3541);
#1663=VERTEX_POINT('',#3546);
#1664=VERTEX_POINT('',#3547);
#1665=VERTEX_POINT('',#3552);
#1666=VERTEX_POINT('',#3553);
#1667=VERTEX_POINT('',#3558);
#1668=VERTEX_POINT('',#3559);
#1669=VERTEX_POINT('',#3564);
#1670=VERTEX_POINT('',#3565);
#1671=VERTEX_POINT('',#3570);
#1672=VERTEX_POINT('',#3571);
#1673=VERTEX_POINT('',#3576);
#1674=VERTEX_POINT('',#3577);
#1675=VERTEX_POINT('',#3582);
#1676=VERTEX_POINT('',#3583);
#1677=VERTEX_POINT('',#3591);
#1678=VERTEX_POINT('',#3592);
#1679=VERTEX_POINT('',#3604);
#1680=VERTEX_POINT('',#3606);
#1681=VERTEX_POINT('',#3608);
#1682=VERTEX_POINT('',#3610);
#1683=VERTEX_POINT('',#3612);
#1684=VERTEX_POINT('',#3614);
#1685=VERTEX_POINT('',#3616);
#1686=VERTEX_POINT('',#3618);
#1687=VERTEX_POINT('',#3620);
#1688=VERTEX_POINT('',#3622);
#1689=VERTEX_POINT('',#3624);
#1690=VERTEX_POINT('',#3626);
#1691=VERTEX_POINT('',#3628);
#1692=VERTEX_POINT('',#3630);
#1693=VERTEX_POINT('',#3632);
#1694=VERTEX_POINT('',#3634);
#1695=VERTEX_POINT('',#3636);
#1696=VERTEX_POINT('',#3638);
#1697=VERTEX_POINT('',#3640);
#1698=VERTEX_POINT('',#3642);
#1699=VERTEX_POINT('',#3649);
#1700=VERTEX_POINT('',#3650);
#1701=VERTEX_POINT('',#3652);
#1702=VERTEX_POINT('',#3654);
#1703=VERTEX_POINT('',#3659);
#1704=VERTEX_POINT('',#3664);
#1705=VERTEX_POINT('',#3669);
#1706=VERTEX_POINT('',#3671);
#1707=VERTEX_POINT('',#3676);
#1708=VERTEX_POINT('',#3681);
#1709=VERTEX_POINT('',#3686);
#1710=VERTEX_POINT('',#3691);
#1711=VERTEX_POINT('',#3696);
#1712=VERTEX_POINT('',#3701);
#1713=VERTEX_POINT('',#3706);
#1714=VERTEX_POINT('',#3712);
#1715=VERTEX_POINT('',#3722);
#1716=VERTEX_POINT('',#3723);
#1717=VERTEX_POINT('',#3725);
#1718=VERTEX_POINT('',#3730);
#1719=VERTEX_POINT('',#3735);
#1720=VERTEX_POINT('',#3740);
#1721=VERTEX_POINT('',#3745);
#1722=VERTEX_POINT('',#3750);
#1723=VERTEX_POINT('',#3755);
#1724=VERTEX_POINT('',#3765);
#1725=VERTEX_POINT('',#3766);
#1726=VERTEX_POINT('',#3771);
#1727=VERTEX_POINT('',#3776);
#1728=VERTEX_POINT('',#3781);
#1729=VERTEX_POINT('',#3786);
#1730=VERTEX_POINT('',#3791);
#1731=VERTEX_POINT('',#3796);
#1732=VERTEX_POINT('',#3803);
#1733=VERTEX_POINT('',#3804);
#1734=VERTEX_POINT('',#3806);
#1735=VERTEX_POINT('',#3808);
#1736=VERTEX_POINT('',#3810);
#1737=VERTEX_POINT('',#3812);
#1738=VERTEX_POINT('',#3819);
#1739=VERTEX_POINT('',#3820);
#1740=VERTEX_POINT('',#3822);
#1741=VERTEX_POINT('',#3827);
#1742=VERTEX_POINT('',#3832);
#1743=VERTEX_POINT('',#3837);
#1744=VERTEX_POINT('',#3842);
#1745=VERTEX_POINT('',#3847);
#1746=VERTEX_POINT('',#3852);
#1747=VERTEX_POINT('',#3870);
#1748=VERTEX_POINT('',#3875);
#1749=VERTEX_POINT('',#3890);
#1750=VERTEX_POINT('',#3911);
#1751=VERTEX_POINT('',#3926);
#1752=VERTEX_POINT('',#3947);
#1753=VERTEX_POINT('',#3965);
#1754=VERTEX_POINT('',#3986);
#1755=VERTEX_POINT('',#4004);
#1756=VERTEX_POINT('',#4024);
#1757=VERTEX_POINT('',#4029);
#1758=VERTEX_POINT('',#4044);
#1759=VERTEX_POINT('',#4065);
#1760=VERTEX_POINT('',#4080);
#1761=VERTEX_POINT('',#4101);
#1762=VERTEX_POINT('',#4116);
#1763=VERTEX_POINT('',#4137);
#1764=VERTEX_POINT('',#4156);
#1765=VERTEX_POINT('',#4163);
#1766=VERTEX_POINT('',#4178);
#1767=VERTEX_POINT('',#4199);
#1768=VERTEX_POINT('',#4217);
#1769=VERTEX_POINT('',#4238);
#1770=VERTEX_POINT('',#4242);
#1771=VERTEX_POINT('',#4263);
#1772=VERTEX_POINT('',#4267);
#1773=VERTEX_POINT('',#4284);
#1774=VERTEX_POINT('',#4289);
#1775=VERTEX_POINT('',#4307);
#1776=VERTEX_POINT('',#4322);
#1777=VERTEX_POINT('',#4343);
#1778=VERTEX_POINT('',#4358);
#1779=VERTEX_POINT('',#4379);
#1780=VERTEX_POINT('',#4394);
#1781=VERTEX_POINT('',#4417);
#1782=VERTEX_POINT('',#4419);
#1783=VERTEX_POINT('',#4423);
#1784=VERTEX_POINT('',#4427);
#1785=VERTEX_POINT('',#4431);
#1786=VERTEX_POINT('',#4438);
#1787=VERTEX_POINT('',#4443);
#1788=VERTEX_POINT('',#4447);
#1789=VERTEX_POINT('',#4986);
#1790=B_SPLINE_CURVE_WITH_KNOTS('',3,(#3243,#3244,#3245,#3246),
 .UNSPECIFIED.,.F.,.F.,(4,4),(4.33680868994202E-18,0.00127730800014581),
 .UNSPECIFIED.);
#1791=B_SPLINE_CURVE_WITH_KNOTS('',3,(#3255,#3256,#3257,#3258),
 .UNSPECIFIED.,.F.,.F.,(4,4),(0.,0.000840890060582764),.UNSPECIFIED.);
#1792=B_SPLINE_CURVE_WITH_KNOTS('',3,(#3260,#3261,#3262,#3263),
 .UNSPECIFIED.,.F.,.F.,(4,4),(4.77048955893622E-18,0.000231084452937891),
 .UNSPECIFIED.);
#1793=B_SPLINE_CURVE_WITH_KNOTS('',3,(#3265,#3266,#3267,#3268),
 .UNSPECIFIED.,.F.,.F.,(4,4),(7.19469634236211E-16,0.000472037203866322),
 .UNSPECIFIED.);
#1794=B_SPLINE_CURVE_WITH_KNOTS('',3,(#3270,#3271,#3272,#3273),
 .UNSPECIFIED.,.F.,.F.,(4,4),(0.,0.00116169136676128),.UNSPECIFIED.);
#1795=B_SPLINE_CURVE_WITH_KNOTS('',3,(#3275,#3276,#3277,#3278),
 .UNSPECIFIED.,.F.,.F.,(4,4),(1.30104260698261E-18,0.00124211874076909),
 .UNSPECIFIED.);
#1796=B_SPLINE_CURVE_WITH_KNOTS('',3,(#3280,#3281,#3282,#3283),
 .UNSPECIFIED.,.F.,.F.,(4,4),(0.,0.000868517805179168),.UNSPECIFIED.);
#1797=B_SPLINE_CURVE_WITH_KNOTS('',3,(#3285,#3286,#3287,#3288),
 .UNSPECIFIED.,.F.,.F.,(4,4),(1.73472347597681E-18,0.000843187687237946),
 .UNSPECIFIED.);
#1798=B_SPLINE_CURVE_WITH_KNOTS('',3,(#3290,#3291,#3292,#3293),
 .UNSPECIFIED.,.F.,.F.,(4,4),(4.33680868994202E-18,0.000868774366235528),
 .UNSPECIFIED.);
#1799=B_SPLINE_CURVE_WITH_KNOTS('',3,(#3295,#3296,#3297,#3298),
 .UNSPECIFIED.,.F.,.F.,(4,4),(0.,0.00136611827318375),.UNSPECIFIED.);
#1800=B_SPLINE_CURVE_WITH_KNOTS('',3,(#3300,#3301,#3302,#3303),
 .UNSPECIFIED.,.F.,.F.,(4,4),(6.50521303491303E-19,0.0014715893609118),
 .UNSPECIFIED.);
#1801=B_SPLINE_CURVE_WITH_KNOTS('',3,(#3307,#3308,#3309,#3310),
 .UNSPECIFIED.,.F.,.F.,(4,4),(0.,0.00133743229616706),.UNSPECIFIED.);
#1802=B_SPLINE_CURVE_WITH_KNOTS('',3,(#3312,#3313,#3314,#3315),
 .UNSPECIFIED.,.F.,.F.,(4,4),(0.,0.00123044532821476),.UNSPECIFIED.);
#1803=B_SPLINE_CURVE_WITH_KNOTS('',3,(#3316,#3317,#3318,#3319),
 .UNSPECIFIED.,.F.,.F.,(4,4),(0.,0.000517167589722128),.UNSPECIFIED.);
#1804=B_SPLINE_CURVE_WITH_KNOTS('',3,(#3322,#3323,#3324,#3325),
 .UNSPECIFIED.,.F.,.F.,(4,4),(2.92734586571086E-18,0.000520561514776956),
 .UNSPECIFIED.);
#1805=B_SPLINE_CURVE_WITH_KNOTS('',3,(#3327,#3328,#3329,#3330),
 .UNSPECIFIED.,.F.,.F.,(4,4),(0.,0.000524675681467067),.UNSPECIFIED.);
#1806=B_SPLINE_CURVE_WITH_KNOTS('',3,(#3332,#3333,#3334,#3335),
 .UNSPECIFIED.,.F.,.F.,(4,4),(1.30104260698261E-18,0.000516549682478292),
 .UNSPECIFIED.);
#1807=B_SPLINE_CURVE_WITH_KNOTS('',3,(#3337,#3338,#3339,#3340),
 .UNSPECIFIED.,.F.,.F.,(4,4),(0.,0.000519740556046193),.UNSPECIFIED.);
#1808=B_SPLINE_CURVE_WITH_KNOTS('',3,(#3342,#3343,#3344,#3345),
 .UNSPECIFIED.,.F.,.F.,(4,4),(1.89735380184963E-18,0.000524718746978591),
 .UNSPECIFIED.);
#1809=B_SPLINE_CURVE_WITH_KNOTS('',3,(#3347,#3348,#3349,#3350),
 .UNSPECIFIED.,.F.,.F.,(4,4),(0.,0.000521698977786026),.UNSPECIFIED.);
#1810=B_SPLINE_CURVE_WITH_KNOTS('',3,(#3352,#3353,#3354,#3355),
 .UNSPECIFIED.,.F.,.F.,(4,4),(3.57786716920216E-18,0.000519217497100456),
 .UNSPECIFIED.);
#1811=B_SPLINE_CURVE_WITH_KNOTS('',3,(#3373,#3374,#3375,#3376,#3377,#3378,
#3379,#3380,#3381,#3382,#3383),.UNSPECIFIED.,.F.,.F.,(4,1,1,1,1,1,1,1,4),
(0.,0.00255589898167697,0.00511179796335395,0.00766769694503092,0.0102235959267079,
0.0127794949083849,0.0153353938900618,0.0178912928717388,0.0204471918534158),
 .UNSPECIFIED.);
#1812=B_SPLINE_CURVE_WITH_KNOTS('',3,(#3492,#3493,#3494,#3495,#3496,#3497,
#3498,#3499,#3500,#3501,#3502),.UNSPECIFIED.,.F.,.F.,(4,1,1,1,1,1,1,1,4),
(0.,0.00249883048964953,0.00499766097929906,0.00749649146894859,0.00999532195859812,
0.0124941524482477,0.0149929829378972,0.0174918134275467,0.0199906439171962),
 .UNSPECIFIED.);
#1813=B_SPLINE_CURVE_WITH_KNOTS('',3,(#3503,#3504,#3505,#3506,#3507,#3508,
#3509,#3510,#3511,#3512,#3513),.UNSPECIFIED.,.F.,.F.,(4,1,1,1,1,1,1,1,4),
(0.,0.00249883048964953,0.00499766097929905,0.00749649146894858,0.00999532195859811,
0.0124941524482476,0.0149929829378972,0.0174918134275467,0.0199906439171962),
 .UNSPECIFIED.);
#1814=B_SPLINE_CURVE_WITH_KNOTS('',3,(#3593,#3594,#3595,#3596,#3597,#3598,
#3599,#3600,#3601,#3602,#3603),.UNSPECIFIED.,.F.,.F.,(4,1,1,1,1,1,1,1,4),
(0.,0.00255589898167699,0.00511179796335398,0.00766769694503096,0.010223595926708,
0.0127794949083849,0.0153353938900619,0.0178912928717389,0.0204471918534159),
 .UNSPECIFIED.);
#1815=B_SPLINE_CURVE_WITH_KNOTS('',3,(#3645,#3646,#3647,#3648),
 .UNSPECIFIED.,.F.,.F.,(4,4),(0.00154548083380788,0.00258267862063447),
 .UNSPECIFIED.);
#1816=B_SPLINE_CURVE_WITH_KNOTS('',3,(#3655,#3656,#3657,#3658),
 .UNSPECIFIED.,.F.,.F.,(4,4),(0.,0.00112222118382069),.UNSPECIFIED.);
#1817=B_SPLINE_CURVE_WITH_KNOTS('',3,(#3660,#3661,#3662,#3663),
 .UNSPECIFIED.,.F.,.F.,(4,4),(2.60208521396521E-18,0.00105799984714295),
 .UNSPECIFIED.);
#1818=B_SPLINE_CURVE_WITH_KNOTS('',3,(#3665,#3666,#3667,#3668),
 .UNSPECIFIED.,.F.,.F.,(4,4),(0.,0.00120249577390827),.UNSPECIFIED.);
#1819=B_SPLINE_CURVE_WITH_KNOTS('',3,(#3672,#3673,#3674,#3675),
 .UNSPECIFIED.,.F.,.F.,(4,4),(0.,0.00126082870119312),.UNSPECIFIED.);
#1820=B_SPLINE_CURVE_WITH_KNOTS('',3,(#3677,#3678,#3679,#3680),
 .UNSPECIFIED.,.F.,.F.,(4,4),(3.03576608295941E-18,0.00112643083560059),
 .UNSPECIFIED.);
#1821=B_SPLINE_CURVE_WITH_KNOTS('',3,(#3682,#3683,#3684,#3685),
 .UNSPECIFIED.,.F.,.F.,(4,4),(0.,0.000716023885153272),.UNSPECIFIED.);
#1822=B_SPLINE_CURVE_WITH_KNOTS('',3,(#3687,#3688,#3689,#3690),
 .UNSPECIFIED.,.F.,.F.,(4,4),(3.03576608295941E-18,0.000678101762054459),
 .UNSPECIFIED.);
#1823=B_SPLINE_CURVE_WITH_KNOTS('',3,(#3692,#3693,#3694,#3695),
 .UNSPECIFIED.,.F.,.F.,(4,4),(0.,0.000723668597473613),.UNSPECIFIED.);
#1824=B_SPLINE_CURVE_WITH_KNOTS('',3,(#3697,#3698,#3699,#3700),
 .UNSPECIFIED.,.F.,.F.,(4,4),(0.,0.00104033848637038),.UNSPECIFIED.);
#1825=B_SPLINE_CURVE_WITH_KNOTS('',3,(#3702,#3703,#3704,#3705),
 .UNSPECIFIED.,.F.,.F.,(4,4),(3.03576608295941E-18,0.000912721937022132),
 .UNSPECIFIED.);
#1826=B_SPLINE_CURVE_WITH_KNOTS('',3,(#3707,#3708,#3709,#3710,#3711),
 .UNSPECIFIED.,.F.,.F.,(4,1,4),(0.,0.00055568497393233,0.00111136994786466),
 .UNSPECIFIED.);
#1827=B_SPLINE_CURVE_WITH_KNOTS('',3,(#3713,#3714,#3715,#3716,#3717),
 .UNSPECIFIED.,.F.,.F.,(4,1,4),(0.00191919809364618,0.00253346130696807,
0.00314772452028996),.UNSPECIFIED.);
#1828=B_SPLINE_CURVE_WITH_KNOTS('',3,(#3718,#3719,#3720,#3721),
 .UNSPECIFIED.,.F.,.F.,(4,4),(0.,0.000770568463669782),.UNSPECIFIED.);
#1829=B_SPLINE_CURVE_WITH_KNOTS('',3,(#3726,#3727,#3728,#3729),
 .UNSPECIFIED.,.F.,.F.,(4,4),(0.,0.000493186171073067),.UNSPECIFIED.);
#1830=B_SPLINE_CURVE_WITH_KNOTS('',3,(#3731,#3732,#3733,#3734),
 .UNSPECIFIED.,.F.,.F.,(4,4),(0.,0.000466482599128136),.UNSPECIFIED.);
#1831=B_SPLINE_CURVE_WITH_KNOTS('',3,(#3736,#3737,#3738,#3739),
 .UNSPECIFIED.,.F.,.F.,(4,4),(0.,0.000642404230226732),.UNSPECIFIED.);
#1832=B_SPLINE_CURVE_WITH_KNOTS('',3,(#3741,#3742,#3743,#3744),
 .UNSPECIFIED.,.F.,.F.,(4,4),(0.,0.000684963844294894),.UNSPECIFIED.);
#1833=B_SPLINE_CURVE_WITH_KNOTS('',3,(#3746,#3747,#3748,#3749),
 .UNSPECIFIED.,.F.,.F.,(4,4),(0.,0.000676937949016801),.UNSPECIFIED.);
#1834=B_SPLINE_CURVE_WITH_KNOTS('',3,(#3751,#3752,#3753,#3754),
 .UNSPECIFIED.,.F.,.F.,(4,4),(0.,0.000633112294435277),.UNSPECIFIED.);
#1835=B_SPLINE_CURVE_WITH_KNOTS('',3,(#3756,#3757,#3758,#3759),
 .UNSPECIFIED.,.F.,.F.,(4,4),(0.,0.000676302445019095),.UNSPECIFIED.);
#1836=B_SPLINE_CURVE_WITH_KNOTS('',3,(#3761,#3762,#3763,#3764),
 .UNSPECIFIED.,.F.,.F.,(4,4),(0.,0.000237445914767341),.UNSPECIFIED.);
#1837=B_SPLINE_CURVE_WITH_KNOTS('',3,(#3767,#3768,#3769,#3770),
 .UNSPECIFIED.,.F.,.F.,(4,4),(0.,0.000234214892971894),.UNSPECIFIED.);
#1838=B_SPLINE_CURVE_WITH_KNOTS('',3,(#3772,#3773,#3774,#3775),
 .UNSPECIFIED.,.F.,.F.,(4,4),(0.,0.000256224714035572),.UNSPECIFIED.);
#1839=B_SPLINE_CURVE_WITH_KNOTS('',3,(#3777,#3778,#3779,#3780),
 .UNSPECIFIED.,.F.,.F.,(4,4),(0.,0.000260355720590561),.UNSPECIFIED.);
#1840=B_SPLINE_CURVE_WITH_KNOTS('',3,(#3782,#3783,#3784,#3785),
 .UNSPECIFIED.,.F.,.F.,(4,4),(0.,0.000233116330178092),.UNSPECIFIED.);
#1841=B_SPLINE_CURVE_WITH_KNOTS('',3,(#3787,#3788,#3789,#3790),
 .UNSPECIFIED.,.F.,.F.,(4,4),(0.,0.000238488276513756),.UNSPECIFIED.);
#1842=B_SPLINE_CURVE_WITH_KNOTS('',3,(#3792,#3793,#3794,#3795),
 .UNSPECIFIED.,.F.,.F.,(4,4),(0.,0.00025867548283158),.UNSPECIFIED.);
#1843=B_SPLINE_CURVE_WITH_KNOTS('',3,(#3797,#3798,#3799,#3800),
 .UNSPECIFIED.,.F.,.F.,(4,4),(0.,0.000256684483450864),.UNSPECIFIED.);
#1844=B_SPLINE_CURVE_WITH_KNOTS('',3,(#3815,#3816,#3817,#3818),
 .UNSPECIFIED.,.F.,.F.,(4,4),(3.03576608295941E-18,0.000218171830259196),
 .UNSPECIFIED.);
#1845=B_SPLINE_CURVE_WITH_KNOTS('',3,(#3823,#3824,#3825,#3826),
 .UNSPECIFIED.,.F.,.F.,(4,4),(0.,0.000561117666047508),.UNSPECIFIED.);
#1846=B_SPLINE_CURVE_WITH_KNOTS('',3,(#3828,#3829,#3830,#3831),
 .UNSPECIFIED.,.F.,.F.,(4,4),(0.,0.00034637564409508),.UNSPECIFIED.);
#1847=B_SPLINE_CURVE_WITH_KNOTS('',3,(#3833,#3834,#3835,#3836),
 .UNSPECIFIED.,.F.,.F.,(4,4),(0.,0.000318404978224175),.UNSPECIFIED.);
#1848=B_SPLINE_CURVE_WITH_KNOTS('',3,(#3838,#3839,#3840,#3841),
 .UNSPECIFIED.,.F.,.F.,(4,4),(0.,0.000448876218661297),.UNSPECIFIED.);
#1849=B_SPLINE_CURVE_WITH_KNOTS('',3,(#3843,#3844,#3845,#3846),
 .UNSPECIFIED.,.F.,.F.,(4,4),(0.,0.000455457908831812),.UNSPECIFIED.);
#1850=B_SPLINE_CURVE_WITH_KNOTS('',3,(#3848,#3849,#3850,#3851),
 .UNSPECIFIED.,.F.,.F.,(4,4),(0.,0.000333806505737134),.UNSPECIFIED.);
#1851=B_SPLINE_CURVE_WITH_KNOTS('',3,(#3853,#3854,#3855,#3856),
 .UNSPECIFIED.,.F.,.F.,(4,4),(0.,0.000271488722912142),.UNSPECIFIED.);
#1852=B_SPLINE_CURVE_WITH_KNOTS('',3,(#3871,#3872,#3873,#3874),
 .UNSPECIFIED.,.F.,.F.,(4,4),(0.,0.000566980664141917),.UNSPECIFIED.);
#1853=B_SPLINE_CURVE_WITH_KNOTS('',3,(#3891,#3892,#3893,#3894),
 .UNSPECIFIED.,.F.,.F.,(4,4),(0.,0.000565133515619887),.UNSPECIFIED.);
#1854=B_SPLINE_CURVE_WITH_KNOTS('',3,(#3907,#3908,#3909,#3910),
 .UNSPECIFIED.,.F.,.F.,(4,4),(0.,0.000493452050558768),.UNSPECIFIED.);
#1855=B_SPLINE_CURVE_WITH_KNOTS('',3,(#3927,#3928,#3929,#3930),
 .UNSPECIFIED.,.F.,.F.,(4,4),(0.,0.000477083960006659),.UNSPECIFIED.);
#1856=B_SPLINE_CURVE_WITH_KNOTS('',3,(#3943,#3944,#3945,#3946),
 .UNSPECIFIED.,.F.,.F.,(4,4),(0.,0.000371303243199534),.UNSPECIFIED.);
#1857=B_SPLINE_CURVE_WITH_KNOTS('',3,(#3966,#3967,#3968,#3969),
 .UNSPECIFIED.,.F.,.F.,(4,4),(0.,0.000516200708193429),.UNSPECIFIED.);
#1858=B_SPLINE_CURVE_WITH_KNOTS('',3,(#3982,#3983,#3984,#3985),
 .UNSPECIFIED.,.F.,.F.,(4,4),(3.03576608295941E-18,0.000349993412350807),
 .UNSPECIFIED.);
#1859=B_SPLINE_CURVE_WITH_KNOTS('',3,(#3987,#3988,#3989,#3990),
 .UNSPECIFIED.,.F.,.F.,(4,4),(0.000104450062877469,0.000316779016041521),
 .UNSPECIFIED.);
#1860=B_SPLINE_CURVE_WITH_KNOTS('',3,(#4005,#4006,#4007,#4008),
 .UNSPECIFIED.,.F.,.F.,(4,4),(0.,0.000663766878396608),.UNSPECIFIED.);
#1861=B_SPLINE_CURVE_WITH_KNOTS('',3,(#4025,#4026,#4027,#4028),
 .UNSPECIFIED.,.F.,.F.,(4,4),(0.,0.000734274713178874),.UNSPECIFIED.);
#1862=B_SPLINE_CURVE_WITH_KNOTS('',3,(#4045,#4046,#4047,#4048),
 .UNSPECIFIED.,.F.,.F.,(4,4),(0.,0.000775554025393647),.UNSPECIFIED.);
#1863=B_SPLINE_CURVE_WITH_KNOTS('',3,(#4061,#4062,#4063,#4064),
 .UNSPECIFIED.,.F.,.F.,(4,4),(3.90312782094782E-18,0.000772293448641637),
 .UNSPECIFIED.);
#1864=B_SPLINE_CURVE_WITH_KNOTS('',3,(#4081,#4082,#4083,#4084),
 .UNSPECIFIED.,.F.,.F.,(4,4),(0.,0.00110217149296043),.UNSPECIFIED.);
#1865=B_SPLINE_CURVE_WITH_KNOTS('',3,(#4097,#4098,#4099,#4100),
 .UNSPECIFIED.,.F.,.F.,(4,4),(0.,0.00121718314547648),.UNSPECIFIED.);
#1866=B_SPLINE_CURVE_WITH_KNOTS('',3,(#4117,#4118,#4119,#4120),
 .UNSPECIFIED.,.F.,.F.,(4,4),(0.,0.000998831075782206),.UNSPECIFIED.);
#1867=B_SPLINE_CURVE_WITH_KNOTS('',3,(#4133,#4134,#4135,#4136),
 .UNSPECIFIED.,.F.,.F.,(4,4),(6.50521303491303E-19,0.00134432884656238),
 .UNSPECIFIED.);
#1868=B_SPLINE_CURVE_WITH_KNOTS('',3,(#4151,#4152,#4153,#4154,#4155),
 .UNSPECIFIED.,.F.,.F.,(4,1,4),(7.77806841400154E-5,0.000380951901714548,
0.000684123119289081),.UNSPECIFIED.);
#1869=B_SPLINE_CURVE_WITH_KNOTS('',3,(#4157,#4158,#4159,#4160),
 .UNSPECIFIED.,.F.,.F.,(4,4),(2.60208521396521E-18,0.000921017181676597),
 .UNSPECIFIED.);
#1870=B_SPLINE_CURVE_WITH_KNOTS('',3,(#4179,#4180,#4181,#4182),
 .UNSPECIFIED.,.F.,.F.,(4,4),(4.33680868994202E-18,0.000867710550767013),
 .UNSPECIFIED.);
#1871=B_SPLINE_CURVE_WITH_KNOTS('',3,(#4195,#4196,#4197,#4198),
 .UNSPECIFIED.,.F.,.F.,(4,4),(0.,0.00124618067821919),.UNSPECIFIED.);
#1872=B_SPLINE_CURVE_WITH_KNOTS('',3,(#4213,#4214,#4215,#4216),
 .UNSPECIFIED.,.F.,.F.,(4,4),(6.76409976277001E-5,0.000312589465000117),
 .UNSPECIFIED.);
#1873=B_SPLINE_CURVE_WITH_KNOTS('',3,(#4218,#4219,#4220,#4221),
 .UNSPECIFIED.,.F.,.F.,(4,4),(0.,0.000970399321053412),.UNSPECIFIED.);
#1874=B_SPLINE_CURVE_WITH_KNOTS('',3,(#4234,#4235,#4236,#4237),
 .UNSPECIFIED.,.F.,.F.,(4,4),(1.0842021724855E-18,0.00111570102767067),
 .UNSPECIFIED.);
#1875=B_SPLINE_CURVE_WITH_KNOTS('',3,(#4259,#4260,#4261,#4262),
 .UNSPECIFIED.,.F.,.F.,(4,4),(0.,0.00116999482184559),.UNSPECIFIED.);
#1876=B_SPLINE_CURVE_WITH_KNOTS('',3,(#4285,#4286,#4287,#4288),
 .UNSPECIFIED.,.F.,.F.,(4,4),(7.04731412115578E-19,0.000384529063585146),
 .UNSPECIFIED.);
#1877=B_SPLINE_CURVE_WITH_KNOTS('',3,(#4303,#4304,#4305,#4306),
 .UNSPECIFIED.,.F.,.F.,(4,4),(0.,0.000380414088750459),.UNSPECIFIED.);
#1878=B_SPLINE_CURVE_WITH_KNOTS('',3,(#4323,#4324,#4325,#4326),
 .UNSPECIFIED.,.F.,.F.,(4,4),(0.,0.000392319035318638),.UNSPECIFIED.);
#1879=B_SPLINE_CURVE_WITH_KNOTS('',3,(#4339,#4340,#4341,#4342),
 .UNSPECIFIED.,.F.,.F.,(4,4),(1.51788304147971E-18,0.000393067283191662),
 .UNSPECIFIED.);
#1880=B_SPLINE_CURVE_WITH_KNOTS('',3,(#4359,#4360,#4361,#4362),
 .UNSPECIFIED.,.F.,.F.,(4,4),(5.96311194867027E-19,0.000390688792306209),
 .UNSPECIFIED.);
#1881=B_SPLINE_CURVE_WITH_KNOTS('',3,(#4375,#4376,#4377,#4378),
 .UNSPECIFIED.,.F.,.F.,(4,4),(0.,0.00038984606006498),.UNSPECIFIED.);
#1882=B_SPLINE_CURVE_WITH_KNOTS('',3,(#4395,#4396,#4397,#4398),
 .UNSPECIFIED.,.F.,.F.,(4,4),(0.,0.000384121052590062),.UNSPECIFIED.);
#1883=B_SPLINE_CURVE_WITH_KNOTS('',3,(#4411,#4412,#4413,#4414),
 .UNSPECIFIED.,.F.,.F.,(4,4),(1.40946282423116E-18,0.000380292091278463),
 .UNSPECIFIED.);
#1884=B_SPLINE_CURVE_WITH_KNOTS('',3,(#4434,#4435,#4436,#4437),
 .UNSPECIFIED.,.F.,.F.,(4,4),(8.67361737988404E-19,9.98999074869941E-5),
 .UNSPECIFIED.);
#1885=B_SPLINE_CURVE_WITH_KNOTS('',3,(#4439,#4440,#4441,#4442),
 .UNSPECIFIED.,.F.,.F.,(4,4),(8.05377145114878E-5,0.000154602261586689),
 .UNSPECIFIED.);
#1886=B_SPLINE_CURVE_WITH_KNOTS('',3,(#4694,#4695,#4696,#4697),
 .UNSPECIFIED.,.F.,.F.,(4,4),(0.,0.000211816917337253),.UNSPECIFIED.);
#1887=B_SPLINE_CURVE_WITH_KNOTS('',3,(#4935,#4936,#4937,#4938),
 .UNSPECIFIED.,.F.,.F.,(4,4),(0.,0.000311696350199738),.UNSPECIFIED.);
#1888=B_SPLINE_CURVE_WITH_KNOTS('',3,(#4982,#4983,#4984,#4985),
 .UNSPECIFIED.,.F.,.F.,(4,4),(0.,0.989331050226342),.UNSPECIFIED.);
#1889=B_SPLINE_CURVE_WITH_KNOTS('',3,(#4987,#4988,#4989,#4990),
 .UNSPECIFIED.,.F.,.F.,(4,4),(-2.00014234036528E-6,-1.63751566223701E-7),
 .UNSPECIFIED.);
#1890=EDGE_LOOP('',(#505,#506,#507,#508,#509,#510,#511,#512,#513,#514,#515,
#516,#517,#518,#519,#520,#521));
#1891=EDGE_LOOP('',(#522,#523,#524,#525,#526,#527,#528,#529));
#1892=EDGE_LOOP('',(#530,#531,#532,#533,#534,#535,#536));
#1893=EDGE_LOOP('',(#537,#538,#539,#540,#541,#542,#543,#544,#545,#546,#547,
#548,#549,#550,#551,#552,#553,#554,#555,#556,#557,#558));
#1894=EDGE_LOOP('',(#559,#560,#561,#562));
#1895=EDGE_LOOP('',(#563,#564,#565,#566));
#1896=EDGE_LOOP('',(#567,#568,#569,#570));
#1897=EDGE_LOOP('',(#571,#572,#573,#574));
#1898=EDGE_LOOP('',(#575,#576,#577,#578));
#1899=EDGE_LOOP('',(#579,#580,#581,#582));
#1900=EDGE_LOOP('',(#583,#584,#585,#586));
#1901=EDGE_LOOP('',(#587,#588,#589,#590));
#1902=EDGE_LOOP('',(#591,#592,#593,#594));
#1903=EDGE_LOOP('',(#595,#596,#597,#598));
#1904=EDGE_LOOP('',(#599,#600,#601,#602));
#1905=EDGE_LOOP('',(#603,#604,#605,#606));
#1906=EDGE_LOOP('',(#607,#608,#609,#610));
#1907=EDGE_LOOP('',(#611,#612,#613,#614));
#1908=EDGE_LOOP('',(#615,#616,#617,#618));
#1909=EDGE_LOOP('',(#619,#620,#621,#622));
#1910=EDGE_LOOP('',(#623,#624,#625,#626));
#1911=EDGE_LOOP('',(#627,#628,#629,#630));
#1912=EDGE_LOOP('',(#631,#632,#633,#634));
#1913=EDGE_LOOP('',(#635,#636,#637,#638));
#1914=EDGE_LOOP('',(#639,#640,#641,#642));
#1915=EDGE_LOOP('',(#643,#644,#645,#646));
#1916=EDGE_LOOP('',(#647,#648,#649,#650,#651,#652,#653,#654,#655,#656,#657,
#658,#659,#660,#661,#662,#663,#664,#665,#666,#667,#668));
#1917=EDGE_LOOP('',(#669,#670,#671,#672,#673,#674,#675,#676,#677,#678,#679,
#680,#681,#682,#683,#684));
#1918=EDGE_LOOP('',(#685,#686,#687,#688,#689,#690,#691,#692,#693));
#1919=EDGE_LOOP('',(#694,#695,#696,#697,#698,#699,#700,#701));
#1920=EDGE_LOOP('',(#702,#703,#704,#705,#706,#707));
#1921=EDGE_LOOP('',(#708,#709,#710,#711,#712,#713,#714,#715,#716));
#1922=EDGE_LOOP('',(#717,#718,#719,#720));
#1923=EDGE_LOOP('',(#721,#722,#723,#724));
#1924=EDGE_LOOP('',(#725,#726,#727,#728));
#1925=EDGE_LOOP('',(#729,#730,#731,#732));
#1926=EDGE_LOOP('',(#733,#734,#735,#736));
#1927=EDGE_LOOP('',(#737,#738,#739,#740));
#1928=EDGE_LOOP('',(#741,#742,#743,#744));
#1929=EDGE_LOOP('',(#745,#746,#747,#748));
#1930=EDGE_LOOP('',(#749,#750,#751,#752));
#1931=EDGE_LOOP('',(#753,#754,#755,#756));
#1932=EDGE_LOOP('',(#757,#758,#759,#760));
#1933=EDGE_LOOP('',(#761,#762,#763,#764));
#1934=EDGE_LOOP('',(#765,#766,#767,#768));
#1935=EDGE_LOOP('',(#769,#770,#771,#772));
#1936=EDGE_LOOP('',(#773,#774,#775,#776));
#1937=EDGE_LOOP('',(#777,#778,#779,#780));
#1938=EDGE_LOOP('',(#781,#782,#783,#784));
#1939=EDGE_LOOP('',(#785,#786,#787,#788));
#1940=EDGE_LOOP('',(#789,#790,#791,#792));
#1941=EDGE_LOOP('',(#793,#794,#795,#796));
#1942=EDGE_LOOP('',(#797,#798,#799,#800));
#1943=EDGE_LOOP('',(#801,#802,#803,#804));
#1944=EDGE_LOOP('',(#805,#806,#807,#808));
#1945=EDGE_LOOP('',(#809,#810,#811,#812));
#1946=EDGE_LOOP('',(#813,#814,#815,#816));
#1947=EDGE_LOOP('',(#817,#818,#819,#820));
#1948=EDGE_LOOP('',(#821,#822,#823,#824));
#1949=EDGE_LOOP('',(#825,#826,#827,#828));
#1950=EDGE_LOOP('',(#829,#830,#831,#832));
#1951=EDGE_LOOP('',(#833,#834,#835,#836));
#1952=EDGE_LOOP('',(#837,#838,#839,#840));
#1953=EDGE_LOOP('',(#841,#842,#843,#844));
#1954=EDGE_LOOP('',(#845,#846,#847,#848));
#1955=EDGE_LOOP('',(#849,#850,#851,#852));
#1956=EDGE_LOOP('',(#853,#854,#855,#856));
#1957=EDGE_LOOP('',(#857,#858,#859,#860));
#1958=EDGE_LOOP('',(#861,#862,#863,#864));
#1959=EDGE_LOOP('',(#865,#866,#867,#868));
#1960=EDGE_LOOP('',(#869,#870,#871,#872,#873));
#1961=EDGE_LOOP('',(#874,#875,#876,#877));
#1962=EDGE_LOOP('',(#878,#879,#880,#881));
#1963=EDGE_LOOP('',(#882,#883,#884,#885));
#1964=EDGE_LOOP('',(#886,#887,#888,#889));
#1965=EDGE_LOOP('',(#890,#891,#892,#893));
#1966=EDGE_LOOP('',(#894,#895,#896,#897));
#1967=EDGE_LOOP('',(#898,#899,#900,#901));
#1968=EDGE_LOOP('',(#902,#903,#904,#905));
#1969=EDGE_LOOP('',(#906,#907,#908,#909));
#1970=EDGE_LOOP('',(#910,#911,#912,#913));
#1971=EDGE_LOOP('',(#914,#915,#916,#917));
#1972=EDGE_LOOP('',(#918,#919,#920,#921));
#1973=EDGE_LOOP('',(#922,#923,#924,#925));
#1974=EDGE_LOOP('',(#926,#927,#928,#929));
#1975=EDGE_LOOP('',(#930,#931,#932,#933));
#1976=EDGE_LOOP('',(#934,#935,#936,#937));
#1977=EDGE_LOOP('',(#938,#939,#940,#941));
#1978=EDGE_LOOP('',(#942,#943,#944,#945));
#1979=EDGE_LOOP('',(#946,#947,#948,#949));
#1980=EDGE_LOOP('',(#950,#951,#952,#953));
#1981=EDGE_LOOP('',(#954,#955,#956,#957));
#1982=EDGE_LOOP('',(#958,#959,#960,#961));
#1983=EDGE_LOOP('',(#962,#963,#964,#965));
#1984=EDGE_LOOP('',(#966,#967,#968,#969));
#1985=EDGE_LOOP('',(#970,#971,#972,#973));
#1986=EDGE_LOOP('',(#974,#975,#976,#977));
#1987=EDGE_LOOP('',(#978,#979,#980,#981));
#1988=EDGE_LOOP('',(#982,#983,#984,#985));
#1989=EDGE_LOOP('',(#986,#987,#988,#989));
#1990=EDGE_LOOP('',(#990,#991,#992,#993));
#1991=EDGE_LOOP('',(#994,#995,#996,#997));
#1992=EDGE_LOOP('',(#998,#999,#1000,#1001));
#1993=EDGE_LOOP('',(#1002,#1003,#1004,#1005));
#1994=EDGE_LOOP('',(#1006,#1007,#1008,#1009));
#1995=EDGE_LOOP('',(#1010,#1011,#1012,#1013));
#1996=EDGE_LOOP('',(#1014,#1015,#1016,#1017));
#1997=EDGE_LOOP('',(#1018,#1019,#1020,#1021));
#1998=EDGE_LOOP('',(#1022,#1023,#1024,#1025));
#1999=EDGE_LOOP('',(#1026,#1027,#1028,#1029));
#2000=EDGE_LOOP('',(#1030,#1031,#1032,#1033));
#2001=EDGE_LOOP('',(#1034,#1035,#1036,#1037));
#2002=EDGE_LOOP('',(#1038,#1039,#1040,#1041));
#2003=EDGE_LOOP('',(#1042,#1043,#1044,#1045));
#2004=EDGE_LOOP('',(#1046,#1047,#1048,#1049));
#2005=EDGE_LOOP('',(#1050,#1051,#1052,#1053));
#2006=EDGE_LOOP('',(#1054,#1055,#1056,#1057));
#2007=EDGE_LOOP('',(#1058,#1059,#1060,#1061));
#2008=EDGE_LOOP('',(#1062,#1063,#1064,#1065));
#2009=EDGE_LOOP('',(#1066,#1067,#1068,#1069));
#2010=EDGE_LOOP('',(#1070,#1071,#1072,#1073));
#2011=EDGE_LOOP('',(#1074,#1075,#1076,#1077));
#2012=EDGE_LOOP('',(#1078,#1079,#1080,#1081));
#2013=EDGE_LOOP('',(#1082,#1083,#1084,#1085));
#2014=EDGE_LOOP('',(#1086,#1087,#1088,#1089));
#2015=EDGE_LOOP('',(#1090,#1091,#1092,#1093));
#2016=EDGE_LOOP('',(#1094,#1095,#1096,#1097));
#2017=EDGE_LOOP('',(#1098,#1099,#1100,#1101));
#2018=EDGE_LOOP('',(#1102,#1103,#1104,#1105));
#2019=EDGE_LOOP('',(#1106,#1107,#1108,#1109,#1110));
#2020=EDGE_LOOP('',(#1111,#1112,#1113,#1114));
#2021=EDGE_LOOP('',(#1115,#1116,#1117,#1118,#1119));
#2022=EDGE_LOOP('',(#1120,#1121,#1122,#1123));
#2023=EDGE_LOOP('',(#1124,#1125,#1126,#1127));
#2024=EDGE_LOOP('',(#1128,#1129,#1130,#1131));
#2025=EDGE_LOOP('',(#1132,#1133,#1134,#1135));
#2026=EDGE_LOOP('',(#1136,#1137,#1138,#1139));
#2027=EDGE_LOOP('',(#1140,#1141,#1142,#1143));
#2028=EDGE_LOOP('',(#1144,#1145,#1146,#1147));
#2029=EDGE_LOOP('',(#1148,#1149,#1150,#1151));
#2030=EDGE_LOOP('',(#1152,#1153,#1154,#1155));
#2031=EDGE_LOOP('',(#1156,#1157,#1158,#1159));
#2032=EDGE_LOOP('',(#1160,#1161,#1162,#1163));
#2033=EDGE_LOOP('',(#1164,#1165,#1166,#1167));
#2034=EDGE_LOOP('',(#1168,#1169,#1170,#1171));
#2035=EDGE_LOOP('',(#1172,#1173,#1174,#1175));
#2036=EDGE_LOOP('',(#1176,#1177,#1178,#1179));
#2037=EDGE_LOOP('',(#1180,#1181,#1182,#1183));
#2038=EDGE_LOOP('',(#1184,#1185,#1186,#1187));
#2039=EDGE_LOOP('',(#1188,#1189,#1190,#1191));
#2040=EDGE_LOOP('',(#1192,#1193,#1194,#1195));
#2041=EDGE_LOOP('',(#1196,#1197,#1198,#1199,#1200));
#2042=EDGE_LOOP('',(#1201,#1202,#1203,#1204));
#2043=EDGE_LOOP('',(#1205,#1206,#1207));
#2044=EDGE_LOOP('',(#1208,#1209,#1210,#1211));
#2045=EDGE_LOOP('',(#1212,#1213,#1214,#1215,#1216));
#2046=EDGE_LOOP('',(#1217,#1218,#1219,#1220));
#2047=FACE_BOUND('',#1890,.T.);
#2048=FACE_BOUND('',#1891,.T.);
#2049=FACE_BOUND('',#1892,.T.);
#2050=FACE_BOUND('',#1893,.T.);
#2051=FACE_BOUND('',#1894,.T.);
#2052=FACE_BOUND('',#1895,.T.);
#2053=FACE_BOUND('',#1896,.T.);
#2054=FACE_BOUND('',#1897,.T.);
#2055=FACE_BOUND('',#1898,.T.);
#2056=FACE_BOUND('',#1899,.T.);
#2057=FACE_BOUND('',#1900,.T.);
#2058=FACE_BOUND('',#1901,.T.);
#2059=FACE_BOUND('',#1902,.T.);
#2060=FACE_BOUND('',#1903,.T.);
#2061=FACE_BOUND('',#1904,.T.);
#2062=FACE_BOUND('',#1905,.T.);
#2063=FACE_BOUND('',#1906,.T.);
#2064=FACE_BOUND('',#1907,.T.);
#2065=FACE_BOUND('',#1908,.T.);
#2066=FACE_BOUND('',#1909,.T.);
#2067=FACE_BOUND('',#1910,.T.);
#2068=FACE_BOUND('',#1911,.T.);
#2069=FACE_BOUND('',#1912,.T.);
#2070=FACE_BOUND('',#1913,.T.);
#2071=FACE_BOUND('',#1914,.T.);
#2072=FACE_BOUND('',#1915,.T.);
#2073=FACE_BOUND('',#1916,.T.);
#2074=FACE_BOUND('',#1917,.T.);
#2075=FACE_BOUND('',#1918,.T.);
#2076=FACE_BOUND('',#1919,.T.);
#2077=FACE_BOUND('',#1920,.T.);
#2078=FACE_BOUND('',#1921,.T.);
#2079=FACE_BOUND('',#1922,.T.);
#2080=FACE_BOUND('',#1923,.T.);
#2081=FACE_BOUND('',#1924,.T.);
#2082=FACE_BOUND('',#1925,.T.);
#2083=FACE_BOUND('',#1926,.T.);
#2084=FACE_BOUND('',#1927,.T.);
#2085=FACE_BOUND('',#1928,.T.);
#2086=FACE_BOUND('',#1929,.T.);
#2087=FACE_BOUND('',#1930,.T.);
#2088=FACE_BOUND('',#1931,.T.);
#2089=FACE_BOUND('',#1932,.T.);
#2090=FACE_BOUND('',#1933,.T.);
#2091=FACE_BOUND('',#1934,.T.);
#2092=FACE_BOUND('',#1935,.T.);
#2093=FACE_BOUND('',#1936,.T.);
#2094=FACE_BOUND('',#1937,.T.);
#2095=FACE_BOUND('',#1938,.T.);
#2096=FACE_BOUND('',#1939,.T.);
#2097=FACE_BOUND('',#1940,.T.);
#2098=FACE_BOUND('',#1941,.T.);
#2099=FACE_BOUND('',#1942,.T.);
#2100=FACE_BOUND('',#1943,.T.);
#2101=FACE_BOUND('',#1944,.T.);
#2102=FACE_BOUND('',#1945,.T.);
#2103=FACE_BOUND('',#1946,.T.);
#2104=FACE_BOUND('',#1947,.T.);
#2105=FACE_BOUND('',#1948,.T.);
#2106=FACE_BOUND('',#1949,.T.);
#2107=FACE_BOUND('',#1950,.T.);
#2108=FACE_BOUND('',#1951,.T.);
#2109=FACE_BOUND('',#1952,.T.);
#2110=FACE_BOUND('',#1953,.T.);
#2111=FACE_BOUND('',#1954,.T.);
#2112=FACE_BOUND('',#1955,.T.);
#2113=FACE_BOUND('',#1956,.T.);
#2114=FACE_BOUND('',#1957,.T.);
#2115=FACE_BOUND('',#1958,.T.);
#2116=FACE_BOUND('',#1959,.T.);
#2117=FACE_BOUND('',#1960,.T.);
#2118=FACE_BOUND('',#1961,.T.);
#2119=FACE_BOUND('',#1962,.T.);
#2120=FACE_BOUND('',#1963,.T.);
#2121=FACE_BOUND('',#1964,.T.);
#2122=FACE_BOUND('',#1965,.T.);
#2123=FACE_BOUND('',#1966,.T.);
#2124=FACE_BOUND('',#1967,.T.);
#2125=FACE_BOUND('',#1968,.T.);
#2126=FACE_BOUND('',#1969,.T.);
#2127=FACE_BOUND('',#1970,.T.);
#2128=FACE_BOUND('',#1971,.T.);
#2129=FACE_BOUND('',#1972,.T.);
#2130=FACE_BOUND('',#1973,.T.);
#2131=FACE_BOUND('',#1974,.T.);
#2132=FACE_BOUND('',#1975,.T.);
#2133=FACE_BOUND('',#1976,.T.);
#2134=FACE_BOUND('',#1977,.T.);
#2135=FACE_BOUND('',#1978,.T.);
#2136=FACE_BOUND('',#1979,.T.);
#2137=FACE_BOUND('',#1980,.T.);
#2138=FACE_BOUND('',#1981,.T.);
#2139=FACE_BOUND('',#1982,.T.);
#2140=FACE_BOUND('',#1983,.T.);
#2141=FACE_BOUND('',#1984,.T.);
#2142=FACE_BOUND('',#1985,.T.);
#2143=FACE_BOUND('',#1986,.T.);
#2144=FACE_BOUND('',#1987,.T.);
#2145=FACE_BOUND('',#1988,.T.);
#2146=FACE_BOUND('',#1989,.T.);
#2147=FACE_BOUND('',#1990,.T.);
#2148=FACE_BOUND('',#1991,.T.);
#2149=FACE_BOUND('',#1992,.T.);
#2150=FACE_BOUND('',#1993,.T.);
#2151=FACE_BOUND('',#1994,.T.);
#2152=FACE_BOUND('',#1995,.T.);
#2153=FACE_BOUND('',#1996,.T.);
#2154=FACE_BOUND('',#1997,.T.);
#2155=FACE_BOUND('',#1998,.T.);
#2156=FACE_BOUND('',#1999,.T.);
#2157=FACE_BOUND('',#2000,.T.);
#2158=FACE_BOUND('',#2001,.T.);
#2159=FACE_BOUND('',#2002,.T.);
#2160=FACE_BOUND('',#2003,.T.);
#2161=FACE_BOUND('',#2004,.T.);
#2162=FACE_BOUND('',#2005,.T.);
#2163=FACE_BOUND('',#2006,.T.);
#2164=FACE_BOUND('',#2007,.T.);
#2165=FACE_BOUND('',#2008,.T.);
#2166=FACE_BOUND('',#2009,.T.);
#2167=FACE_BOUND('',#2010,.T.);
#2168=FACE_BOUND('',#2011,.T.);
#2169=FACE_BOUND('',#2012,.T.);
#2170=FACE_BOUND('',#2013,.T.);
#2171=FACE_BOUND('',#2014,.T.);
#2172=FACE_BOUND('',#2015,.T.);
#2173=FACE_BOUND('',#2016,.T.);
#2174=FACE_BOUND('',#2017,.T.);
#2175=FACE_BOUND('',#2018,.T.);
#2176=FACE_BOUND('',#2019,.T.);
#2177=FACE_BOUND('',#2020,.T.);
#2178=FACE_BOUND('',#2021,.T.);
#2179=FACE_BOUND('',#2022,.T.);
#2180=FACE_BOUND('',#2023,.T.);
#2181=FACE_BOUND('',#2024,.T.);
#2182=FACE_BOUND('',#2025,.T.);
#2183=FACE_BOUND('',#2026,.T.);
#2184=FACE_BOUND('',#2027,.T.);
#2185=FACE_BOUND('',#2028,.T.);
#2186=FACE_BOUND('',#2029,.T.);
#2187=FACE_BOUND('',#2030,.T.);
#2188=FACE_BOUND('',#2031,.T.);
#2189=FACE_BOUND('',#2032,.T.);
#2190=FACE_BOUND('',#2033,.T.);
#2191=FACE_BOUND('',#2034,.T.);
#2192=FACE_BOUND('',#2035,.T.);
#2193=FACE_BOUND('',#2036,.T.);
#2194=FACE_BOUND('',#2037,.T.);
#2195=FACE_BOUND('',#2038,.T.);
#2196=FACE_BOUND('',#2039,.T.);
#2197=FACE_BOUND('',#2040,.T.);
#2198=FACE_BOUND('',#2041,.T.);
#2199=FACE_BOUND('',#2042,.T.);
#2200=FACE_BOUND('',#2043,.T.);
#2201=FACE_BOUND('',#2044,.T.);
#2202=FACE_BOUND('',#2045,.T.);
#2203=FACE_BOUND('',#2046,.T.);
#2204=PLANE('',#2387);
#2205=PLANE('',#2401);
#2206=PLANE('',#2405);
#2207=PLANE('',#2409);
#2208=PLANE('',#2413);
#2209=PLANE('',#2414);
#2210=PLANE('',#2418);
#2211=PLANE('',#2422);
#2212=PLANE('',#2426);
#2213=PLANE('',#2430);
#2214=PLANE('',#2434);
#2215=PLANE('',#2438);
#2216=PLANE('',#2439);
#2217=PLANE('',#2450);
#2218=PLANE('',#2451);
#2219=PLANE('',#2452);
#2220=PLANE('',#2453);
#2221=ADVANCED_FACE('',(#2047,#2048,#2049,#2050),#2204,.T.);
#2222=ADVANCED_FACE('',(#2051),#110,.T.);
#2223=ADVANCED_FACE('',(#2052),#2205,.T.);
#2224=ADVANCED_FACE('',(#2053),#111,.F.);
#2225=ADVANCED_FACE('',(#2054),#2206,.F.);
#2226=ADVANCED_FACE('',(#2055),#112,.T.);
#2227=ADVANCED_FACE('',(#2056),#2207,.F.);
#2228=ADVANCED_FACE('',(#2057),#113,.T.);
#2229=ADVANCED_FACE('',(#2058),#2208,.F.);
#2230=ADVANCED_FACE('',(#2059),#109,.F.);
#2231=ADVANCED_FACE('',(#2060),#2209,.F.);
#2232=ADVANCED_FACE('',(#2061),#114,.T.);
#2233=ADVANCED_FACE('',(#2062),#2210,.F.);
#2234=ADVANCED_FACE('',(#2063),#115,.T.);
#2235=ADVANCED_FACE('',(#2064),#2211,.F.);
#2236=ADVANCED_FACE('',(#2065),#116,.F.);
#2237=ADVANCED_FACE('',(#2066),#2212,.T.);
#2238=ADVANCED_FACE('',(#2067),#117,.T.);
#2239=ADVANCED_FACE('',(#2068),#2213,.T.);
#2240=ADVANCED_FACE('',(#2069),#118,.T.);
#2241=ADVANCED_FACE('',(#2070),#2214,.T.);
#2242=ADVANCED_FACE('',(#2071),#119,.T.);
#2243=ADVANCED_FACE('',(#2072),#2215,.T.);
#2244=ADVANCED_FACE('',(#2073),#2216,.F.);
#2245=ADVANCED_FACE('',(#2074,#2075),#2217,.T.);
#2246=ADVANCED_FACE('',(#2076),#2218,.T.);
#2247=ADVANCED_FACE('',(#2077),#2219,.T.);
#2248=ADVANCED_FACE('',(#2078),#2220,.T.);
#2249=ADVANCED_FACE('',(#2079),#49,.T.);
#2250=ADVANCED_FACE('',(#2080),#50,.T.);
#2251=ADVANCED_FACE('',(#2081),#51,.T.);
#2252=ADVANCED_FACE('',(#2082),#52,.T.);
#2253=ADVANCED_FACE('',(#2083),#53,.T.);
#2254=ADVANCED_FACE('',(#2084),#54,.T.);
#2255=ADVANCED_FACE('',(#2085),#55,.T.);
#2256=ADVANCED_FACE('',(#2086),#56,.T.);
#2257=ADVANCED_FACE('',(#2087),#120,.T.);
#2258=ADVANCED_FACE('',(#2088),#57,.T.);
#2259=ADVANCED_FACE('',(#2089),#58,.T.);
#2260=ADVANCED_FACE('',(#2090),#59,.T.);
#2261=ADVANCED_FACE('',(#2091),#60,.T.);
#2262=ADVANCED_FACE('',(#2092),#61,.T.);
#2263=ADVANCED_FACE('',(#2093),#62,.T.);
#2264=ADVANCED_FACE('',(#2094),#63,.T.);
#2265=ADVANCED_FACE('',(#2095),#64,.T.);
#2266=ADVANCED_FACE('',(#2096),#121,.T.);
#2267=ADVANCED_FACE('',(#2097),#65,.T.);
#2268=ADVANCED_FACE('',(#2098),#66,.T.);
#2269=ADVANCED_FACE('',(#2099),#67,.T.);
#2270=ADVANCED_FACE('',(#2100),#68,.T.);
#2271=ADVANCED_FACE('',(#2101),#122,.T.);
#2272=ADVANCED_FACE('',(#2102),#69,.T.);
#2273=ADVANCED_FACE('',(#2103),#123,.T.);
#2274=ADVANCED_FACE('',(#2104),#124,.T.);
#2275=ADVANCED_FACE('',(#2105),#70,.T.);
#2276=ADVANCED_FACE('',(#2106),#71,.T.);
#2277=ADVANCED_FACE('',(#2107),#72,.T.);
#2278=ADVANCED_FACE('',(#2108),#73,.T.);
#2279=ADVANCED_FACE('',(#2109),#74,.T.);
#2280=ADVANCED_FACE('',(#2110),#75,.T.);
#2281=ADVANCED_FACE('',(#2111),#76,.T.);
#2282=ADVANCED_FACE('',(#2112),#77,.T.);
#2283=ADVANCED_FACE('',(#2113),#125,.T.);
#2284=ADVANCED_FACE('',(#2114),#126,.T.);
#2285=ADVANCED_FACE('',(#2115),#127,.T.);
#2286=ADVANCED_FACE('',(#2116),#128,.T.);
#2287=ADVANCED_FACE('',(#2117),#129,.T.);
#2288=ADVANCED_FACE('',(#2118),#130,.T.);
#2289=ADVANCED_FACE('',(#2119),#131,.T.);
#2290=ADVANCED_FACE('',(#2120),#132,.T.);
#2291=ADVANCED_FACE('',(#2121),#12,.T.);
#2292=ADVANCED_FACE('',(#2122),#13,.T.);
#2293=ADVANCED_FACE('',(#2123),#133,.T.);
#2294=ADVANCED_FACE('',(#2124),#134,.T.);
#2295=ADVANCED_FACE('',(#2125),#14,.T.);
#2296=ADVANCED_FACE('',(#2126),#15,.T.);
#2297=ADVANCED_FACE('',(#2127),#135,.T.);
#2298=ADVANCED_FACE('',(#2128),#136,.T.);
#2299=ADVANCED_FACE('',(#2129),#16,.T.);
#2300=ADVANCED_FACE('',(#2130),#17,.T.);
#2301=ADVANCED_FACE('',(#2131),#137,.T.);
#2302=ADVANCED_FACE('',(#2132),#138,.T.);
#2303=ADVANCED_FACE('',(#2133),#18,.T.);
#2304=ADVANCED_FACE('',(#2134),#19,.T.);
#2305=ADVANCED_FACE('',(#2135),#139,.T.);
#2306=ADVANCED_FACE('',(#2136),#140,.T.);
#2307=ADVANCED_FACE('',(#2137),#20,.T.);
#2308=ADVANCED_FACE('',(#2138),#21,.T.);
#2309=ADVANCED_FACE('',(#2139),#141,.T.);
#2310=ADVANCED_FACE('',(#2140),#142,.T.);
#2311=ADVANCED_FACE('',(#2141),#78,.T.);
#2312=ADVANCED_FACE('',(#2142),#143,.T.);
#2313=ADVANCED_FACE('',(#2143),#22,.T.);
#2314=ADVANCED_FACE('',(#2144),#23,.T.);
#2315=ADVANCED_FACE('',(#2145),#144,.T.);
#2316=ADVANCED_FACE('',(#2146),#145,.T.);
#2317=ADVANCED_FACE('',(#2147),#24,.T.);
#2318=ADVANCED_FACE('',(#2148),#25,.T.);
#2319=ADVANCED_FACE('',(#2149),#146,.T.);
#2320=ADVANCED_FACE('',(#2150),#147,.T.);
#2321=ADVANCED_FACE('',(#2151),#26,.T.);
#2322=ADVANCED_FACE('',(#2152),#27,.T.);
#2323=ADVANCED_FACE('',(#2153),#148,.T.);
#2324=ADVANCED_FACE('',(#2154),#149,.T.);
#2325=ADVANCED_FACE('',(#2155),#28,.T.);
#2326=ADVANCED_FACE('',(#2156),#29,.T.);
#2327=ADVANCED_FACE('',(#2157),#150,.T.);
#2328=ADVANCED_FACE('',(#2158),#151,.T.);
#2329=ADVANCED_FACE('',(#2159),#30,.T.);
#2330=ADVANCED_FACE('',(#2160),#31,.T.);
#2331=ADVANCED_FACE('',(#2161),#152,.T.);
#2332=ADVANCED_FACE('',(#2162),#153,.T.);
#2333=ADVANCED_FACE('',(#2163),#79,.T.);
#2334=ADVANCED_FACE('',(#2164),#80,.F.);
#2335=ADVANCED_FACE('',(#2165),#81,.F.);
#2336=ADVANCED_FACE('',(#2166),#82,.F.);
#2337=ADVANCED_FACE('',(#2167),#83,.F.);
#2338=ADVANCED_FACE('',(#2168),#84,.F.);
#2339=ADVANCED_FACE('',(#2169),#85,.F.);
#2340=ADVANCED_FACE('',(#2170),#86,.F.);
#2341=ADVANCED_FACE('',(#2171),#87,.F.);
#2342=ADVANCED_FACE('',(#2172),#154,.F.);
#2343=ADVANCED_FACE('',(#2173),#155,.F.);
#2344=ADVANCED_FACE('',(#2174),#156,.F.);
#2345=ADVANCED_FACE('',(#2175),#157,.F.);
#2346=ADVANCED_FACE('',(#2176),#158,.F.);
#2347=ADVANCED_FACE('',(#2177),#159,.F.);
#2348=ADVANCED_FACE('',(#2178),#160,.F.);
#2349=ADVANCED_FACE('',(#2179),#88,.F.);
#2350=ADVANCED_FACE('',(#2180),#89,.F.);
#2351=ADVANCED_FACE('',(#2181),#90,.F.);
#2352=ADVANCED_FACE('',(#2182),#91,.F.);
#2353=ADVANCED_FACE('',(#2183),#92,.F.);
#2354=ADVANCED_FACE('',(#2184),#93,.F.);
#2355=ADVANCED_FACE('',(#2185),#94,.F.);
#2356=ADVANCED_FACE('',(#2186),#95,.F.);
#2357=ADVANCED_FACE('',(#2187),#96,.F.);
#2358=ADVANCED_FACE('',(#2188),#97,.F.);
#2359=ADVANCED_FACE('',(#2189),#98,.F.);
#2360=ADVANCED_FACE('',(#2190),#99,.F.);
#2361=ADVANCED_FACE('',(#2191),#100,.F.);
#2362=ADVANCED_FACE('',(#2192),#101,.F.);
#2363=ADVANCED_FACE('',(#2193),#102,.F.);
#2364=ADVANCED_FACE('',(#2194),#103,.F.);
#2365=ADVANCED_FACE('',(#2195),#161,.F.);
#2366=ADVANCED_FACE('',(#2196),#104,.F.);
#2367=ADVANCED_FACE('',(#2197),#105,.F.);
#2368=ADVANCED_FACE('',(#2198),#106,.F.);
#2369=ADVANCED_FACE('',(#2199),#107,.F.);
#2370=ADVANCED_FACE('',(#2200),#162,.F.);
#2371=ADVANCED_FACE('',(#2201),#108,.F.);
#2372=ADVANCED_FACE('',(#2202),#163,.F.);
#2373=ADVANCED_FACE('',(#2203),#164,.F.);
#2374=CLOSED_SHELL('',(#2221,#2222,#2223,#2224,#2225,#2226,#2227,#2228,
#2229,#2230,#2231,#2232,#2233,#2234,#2235,#2236,#2237,#2238,#2239,#2240,
#2241,#2242,#2243,#2244,#2245,#2246,#2247,#2248,#2249,#2250,#2251,#2252,
#2253,#2254,#2255,#2256,#2257,#2258,#2259,#2260,#2261,#2262,#2263,#2264,
#2265,#2266,#2267,#2268,#2269,#2270,#2271,#2272,#2273,#2274,#2275,#2276,
#2277,#2278,#2279,#2280,#2281,#2282,#2283,#2284,#2285,#2286,#2287,#2288,
#2289,#2290,#2291,#2292,#2293,#2294,#2295,#2296,#2297,#2298,#2299,#2300,
#2301,#2302,#2303,#2304,#2305,#2306,#2307,#2308,#2309,#2310,#2311,#2312,
#2313,#2314,#2315,#2316,#2317,#2318,#2319,#2320,#2321,#2322,#2323,#2324,
#2325,#2326,#2327,#2328,#2329,#2330,#2331,#2332,#2333,#2334,#2335,#2336,
#2337,#2338,#2339,#2340,#2341,#2342,#2343,#2344,#2345,#2346,#2347,#2348,
#2349,#2350,#2351,#2352,#2353,#2354,#2355,#2356,#2357,#2358,#2359,#2360,
#2361,#2362,#2363,#2364,#2365,#2366,#2367,#2368,#2369,#2370,#2371,#2372,
#2373));
#2375=STYLED_ITEM('',(#2376),#2383);
#2376=PRESENTATION_STYLE_ASSIGNMENT((#2377));
#2377=SURFACE_STYLE_USAGE(.BOTH.,#2378);
#2378=SURFACE_SIDE_STYLE('',(#2379));
#2379=SURFACE_STYLE_FILL_AREA(#2380);
#2380=FILL_AREA_STYLE('',(#2381));
#2381=FILL_AREA_STYLE_COLOUR('',#2382);
#2382=COLOUR_RGB('',0.231372549019608,0.380392156862745,0.705882352941177);
#2383=MANIFOLD_SOLID_BREP('BLOCKS_spacer_1.6',#2374);
#2384=SHAPE_DEFINITION_REPRESENTATION(#5028,#2385);
#2385=SHAPE_REPRESENTATION('BLOCKS_spacer_1.6',(#2386),#5023);
#2386=AXIS2_PLACEMENT_3D('',#3241,#2638,#2639);
#2387=AXIS2_PLACEMENT_3D('',#3242,#2640,#2641);
#2388=AXIS2_PLACEMENT_3D('',#3387,#2655,#2656);
#2389=AXIS2_PLACEMENT_3D('',#3391,#2658,#2659);
#2390=AXIS2_PLACEMENT_3D('',#3395,#2661,#2662);
#2391=AXIS2_PLACEMENT_3D('',#3399,#2664,#2665);
#2392=AXIS2_PLACEMENT_3D('',#3403,#2667,#2668);
#2393=AXIS2_PLACEMENT_3D('',#3407,#2670,#2671);
#2394=AXIS2_PLACEMENT_3D('',#3411,#2673,#2674);
#2395=AXIS2_PLACEMENT_3D('',#3415,#2676,#2677);
#2396=AXIS2_PLACEMENT_3D('',#3419,#2679,#2680);
#2397=AXIS2_PLACEMENT_3D('',#3423,#2682,#2683);
#2398=AXIS2_PLACEMENT_3D('',#3424,#2684,#2685);
#2399=AXIS2_PLACEMENT_3D('',#3428,#2687,#2688);
#2400=AXIS2_PLACEMENT_3D('',#3432,#2690,#2691);
#2401=AXIS2_PLACEMENT_3D('',#3433,#2692,#2693);
#2402=AXIS2_PLACEMENT_3D('',#3439,#2697,#2698);
#2403=AXIS2_PLACEMENT_3D('',#3443,#2700,#2701);
#2404=AXIS2_PLACEMENT_3D('',#3444,#2702,#2703);
#2405=AXIS2_PLACEMENT_3D('',#3445,#2704,#2705);
#2406=AXIS2_PLACEMENT_3D('',#3451,#2709,#2710);
#2407=AXIS2_PLACEMENT_3D('',#3455,#2712,#2713);
#2408=AXIS2_PLACEMENT_3D('',#3456,#2714,#2715);
#2409=AXIS2_PLACEMENT_3D('',#3457,#2716,#2717);
#2410=AXIS2_PLACEMENT_3D('',#3463,#2721,#2722);
#2411=AXIS2_PLACEMENT_3D('',#3467,#2724,#2725);
#2412=AXIS2_PLACEMENT_3D('',#3468,#2726,#2727);
#2413=AXIS2_PLACEMENT_3D('',#3469,#2728,#2729);
#2414=AXIS2_PLACEMENT_3D('',#3514,#2734,#2735);
#2415=AXIS2_PLACEMENT_3D('',#3520,#2739,#2740);
#2416=AXIS2_PLACEMENT_3D('',#3524,#2742,#2743);
#2417=AXIS2_PLACEMENT_3D('',#3525,#2744,#2745);
#2418=AXIS2_PLACEMENT_3D('',#3526,#2746,#2747);
#2419=AXIS2_PLACEMENT_3D('',#3532,#2751,#2752);
#2420=AXIS2_PLACEMENT_3D('',#3536,#2754,#2755);
#2421=AXIS2_PLACEMENT_3D('',#3537,#2756,#2757);
#2422=AXIS2_PLACEMENT_3D('',#3538,#2758,#2759);
#2423=AXIS2_PLACEMENT_3D('',#3544,#2763,#2764);
#2424=AXIS2_PLACEMENT_3D('',#3548,#2766,#2767);
#2425=AXIS2_PLACEMENT_3D('',#3549,#2768,#2769);
#2426=AXIS2_PLACEMENT_3D('',#3550,#2770,#2771);
#2427=AXIS2_PLACEMENT_3D('',#3556,#2775,#2776);
#2428=AXIS2_PLACEMENT_3D('',#3560,#2778,#2779);
#2429=AXIS2_PLACEMENT_3D('',#3561,#2780,#2781);
#2430=AXIS2_PLACEMENT_3D('',#3562,#2782,#2783);
#2431=AXIS2_PLACEMENT_3D('',#3568,#2787,#2788);
#2432=AXIS2_PLACEMENT_3D('',#3572,#2790,#2791);
#2433=AXIS2_PLACEMENT_3D('',#3573,#2792,#2793);
#2434=AXIS2_PLACEMENT_3D('',#3574,#2794,#2795);
#2435=AXIS2_PLACEMENT_3D('',#3580,#2799,#2800);
#2436=AXIS2_PLACEMENT_3D('',#3584,#2802,#2803);
#2437=AXIS2_PLACEMENT_3D('',#3585,#2804,#2805);
#2438=AXIS2_PLACEMENT_3D('',#3586,#2806,#2807);
#2439=AXIS2_PLACEMENT_3D('',#3589,#2810,#2811);
#2440=AXIS2_PLACEMENT_3D('',#3607,#2814,#2815);
#2441=AXIS2_PLACEMENT_3D('',#3611,#2817,#2818);
#2442=AXIS2_PLACEMENT_3D('',#3615,#2820,#2821);
#2443=AXIS2_PLACEMENT_3D('',#3619,#2823,#2824);
#2444=AXIS2_PLACEMENT_3D('',#3623,#2826,#2827);
#2445=AXIS2_PLACEMENT_3D('',#3627,#2829,#2830);
#2446=AXIS2_PLACEMENT_3D('',#3631,#2832,#2833);
#2447=AXIS2_PLACEMENT_3D('',#3635,#2835,#2836);
#2448=AXIS2_PLACEMENT_3D('',#3639,#2838,#2839);
#2449=AXIS2_PLACEMENT_3D('',#3643,#2841,#2842);
#2450=AXIS2_PLACEMENT_3D('',#3644,#2843,#2844);
#2451=AXIS2_PLACEMENT_3D('',#3760,#2849,#2850);
#2452=AXIS2_PLACEMENT_3D('',#3801,#2851,#2852);
#2453=AXIS2_PLACEMENT_3D('',#3814,#2859,#2860);
#2454=AXIS2_PLACEMENT_3D('',#3869,#2862,#2863);
#2455=AXIS2_PLACEMENT_3D('',#3876,#2864,#2865);
#2456=AXIS2_PLACEMENT_3D('',#3889,#2866,#2867);
#2457=AXIS2_PLACEMENT_3D('',#3912,#2868,#2869);
#2458=AXIS2_PLACEMENT_3D('',#3925,#2870,#2871);
#2459=AXIS2_PLACEMENT_3D('',#3948,#2872,#2873);
#2460=AXIS2_PLACEMENT_3D('',#3964,#2874,#2875);
#2461=AXIS2_PLACEMENT_3D('',#4003,#2876,#2877);
#2462=AXIS2_PLACEMENT_3D('',#4009,#2878,#2879);
#2463=AXIS2_PLACEMENT_3D('',#4023,#2881,#2882);
#2464=AXIS2_PLACEMENT_3D('',#4030,#2883,#2884);
#2465=AXIS2_PLACEMENT_3D('',#4043,#2885,#2886);
#2466=AXIS2_PLACEMENT_3D('',#4066,#2887,#2888);
#2467=AXIS2_PLACEMENT_3D('',#4079,#2889,#2890);
#2468=AXIS2_PLACEMENT_3D('',#4102,#2891,#2892);
#2469=AXIS2_PLACEMENT_3D('',#4115,#2893,#2894);
#2470=AXIS2_PLACEMENT_3D('',#4138,#2895,#2896);
#2471=AXIS2_PLACEMENT_3D('',#4161,#2897,#2898);
#2472=AXIS2_PLACEMENT_3D('',#4164,#2900,#2901);
#2473=AXIS2_PLACEMENT_3D('',#4177,#2902,#2903);
#2474=AXIS2_PLACEMENT_3D('',#4200,#2904,#2905);
#2475=AXIS2_PLACEMENT_3D('',#4239,#2906,#2907);
#2476=AXIS2_PLACEMENT_3D('',#4240,#2908,#2909);
#2477=AXIS2_PLACEMENT_3D('',#4241,#2910,#2911);
#2478=AXIS2_PLACEMENT_3D('',#4264,#2913,#2914);
#2479=AXIS2_PLACEMENT_3D('',#4265,#2915,#2916);
#2480=AXIS2_PLACEMENT_3D('',#4266,#2917,#2918);
#2481=AXIS2_PLACEMENT_3D('',#4269,#2920,#2921);
#2482=AXIS2_PLACEMENT_3D('',#4283,#2923,#2924);
#2483=AXIS2_PLACEMENT_3D('',#4290,#2925,#2926);
#2484=AXIS2_PLACEMENT_3D('',#4308,#2927,#2928);
#2485=AXIS2_PLACEMENT_3D('',#4321,#2929,#2930);
#2486=AXIS2_PLACEMENT_3D('',#4344,#2931,#2932);
#2487=AXIS2_PLACEMENT_3D('',#4357,#2933,#2934);
#2488=AXIS2_PLACEMENT_3D('',#4380,#2935,#2936);
#2489=AXIS2_PLACEMENT_3D('',#4393,#2937,#2938);
#2490=AXIS2_PLACEMENT_3D('',#4415,#2939,#2940);
#2491=AXIS2_PLACEMENT_3D('',#4416,#2941,#2942);
#2492=AXIS2_PLACEMENT_3D('',#4420,#2944,#2945);
#2493=AXIS2_PLACEMENT_3D('',#4421,#2946,#2947);
#2494=AXIS2_PLACEMENT_3D('',#4422,#2948,#2949);
#2495=AXIS2_PLACEMENT_3D('',#4425,#2951,#2952);
#2496=AXIS2_PLACEMENT_3D('',#4428,#2954,#2955);
#2497=AXIS2_PLACEMENT_3D('',#4429,#2956,#2957);
#2498=AXIS2_PLACEMENT_3D('',#4430,#2958,#2959);
#2499=AXIS2_PLACEMENT_3D('',#4433,#2961,#2962);
#2500=AXIS2_PLACEMENT_3D('',#4444,#2963,#2964);
#2501=AXIS2_PLACEMENT_3D('',#4445,#2965,#2966);
#2502=AXIS2_PLACEMENT_3D('',#4446,#2967,#2968);
#2503=AXIS2_PLACEMENT_3D('',#4449,#2970,#2971);
#2504=AXIS2_PLACEMENT_3D('',#4451,#2973,#2974);
#2505=AXIS2_PLACEMENT_3D('',#4452,#2975,#2976);
#2506=AXIS2_PLACEMENT_3D('',#4453,#2977,#2978);
#2507=AXIS2_PLACEMENT_3D('',#4454,#2979,#2980);
#2508=AXIS2_PLACEMENT_3D('',#4455,#2981,#2982);
#2509=AXIS2_PLACEMENT_3D('',#4456,#2983,#2984);
#2510=AXIS2_PLACEMENT_3D('',#4457,#2985,#2986);
#2511=AXIS2_PLACEMENT_3D('',#4458,#2987,#2988);
#2512=AXIS2_PLACEMENT_3D('',#4459,#2989,#2990);
#2513=AXIS2_PLACEMENT_3D('',#4460,#2991,#2992);
#2514=AXIS2_PLACEMENT_3D('',#4461,#2993,#2994);
#2515=AXIS2_PLACEMENT_3D('',#4462,#2995,#2996);
#2516=AXIS2_PLACEMENT_3D('',#4463,#2997,#2998);
#2517=AXIS2_PLACEMENT_3D('',#4464,#2999,#3000);
#2518=AXIS2_PLACEMENT_3D('',#4465,#3001,#3002);
#2519=AXIS2_PLACEMENT_3D('',#4466,#3003,#3004);
#2520=AXIS2_PLACEMENT_3D('',#4467,#3005,#3006);
#2521=AXIS2_PLACEMENT_3D('',#4468,#3007,#3008);
#2522=AXIS2_PLACEMENT_3D('',#4469,#3009,#3010);
#2523=AXIS2_PLACEMENT_3D('',#4470,#3011,#3012);
#2524=AXIS2_PLACEMENT_3D('',#4471,#3013,#3014);
#2525=AXIS2_PLACEMENT_3D('',#4472,#3015,#3016);
#2526=AXIS2_PLACEMENT_3D('',#4473,#3017,#3018);
#2527=AXIS2_PLACEMENT_3D('',#4474,#3019,#3020);
#2528=AXIS2_PLACEMENT_3D('',#4475,#3021,#3022);
#2529=AXIS2_PLACEMENT_3D('',#4476,#3023,#3024);
#2530=AXIS2_PLACEMENT_3D('',#4477,#3025,#3026);
#2531=AXIS2_PLACEMENT_3D('',#4478,#3027,#3028);
#2532=AXIS2_PLACEMENT_3D('',#4479,#3029,#3030);
#2533=AXIS2_PLACEMENT_3D('',#4480,#3031,#3032);
#2534=AXIS2_PLACEMENT_3D('',#4481,#3033,#3034);
#2535=AXIS2_PLACEMENT_3D('',#4482,#3035,#3036);
#2536=AXIS2_PLACEMENT_3D('',#4483,#3037,#3038);
#2537=AXIS2_PLACEMENT_3D('',#4484,#3039,#3040);
#2538=AXIS2_PLACEMENT_3D('',#4485,#3041,#3042);
#2539=AXIS2_PLACEMENT_3D('',#4486,#3043,#3044);
#2540=AXIS2_PLACEMENT_3D('',#4487,#3045,#3046);
#2541=AXIS2_PLACEMENT_3D('',#4488,#3047,#3048);
#2542=AXIS2_PLACEMENT_3D('',#4489,#3049,#3050);
#2543=AXIS2_PLACEMENT_3D('',#4490,#3051,#3052);
#2544=AXIS2_PLACEMENT_3D('',#4491,#3053,#3054);
#2545=AXIS2_PLACEMENT_3D('',#4492,#3055,#3056);
#2546=AXIS2_PLACEMENT_3D('',#4493,#3057,#3058);
#2547=AXIS2_PLACEMENT_3D('',#4527,#3059,#3060);
#2548=AXIS2_PLACEMENT_3D('',#4528,#3061,#3062);
#2549=AXIS2_PLACEMENT_3D('',#4529,#3063,#3064);
#2550=AXIS2_PLACEMENT_3D('',#4530,#3065,#3066);
#2551=AXIS2_PLACEMENT_3D('',#4531,#3067,#3068);
#2552=AXIS2_PLACEMENT_3D('',#4532,#3069,#3070);
#2553=AXIS2_PLACEMENT_3D('',#4533,#3071,#3072);
#2554=AXIS2_PLACEMENT_3D('',#4534,#3073,#3074);
#2555=AXIS2_PLACEMENT_3D('',#4535,#3075,#3076);
#2556=AXIS2_PLACEMENT_3D('',#4536,#3077,#3078);
#2557=AXIS2_PLACEMENT_3D('',#4537,#3079,#3080);
#2558=AXIS2_PLACEMENT_3D('',#4538,#3081,#3082);
#2559=AXIS2_PLACEMENT_3D('',#4539,#3083,#3084);
#2560=AXIS2_PLACEMENT_3D('',#4540,#3085,#3086);
#2561=AXIS2_PLACEMENT_3D('',#4541,#3087,#3088);
#2562=AXIS2_PLACEMENT_3D('',#4542,#3089,#3090);
#2563=AXIS2_PLACEMENT_3D('',#4543,#3091,#3092);
#2564=AXIS2_PLACEMENT_3D('',#4544,#3093,#3094);
#2565=AXIS2_PLACEMENT_3D('',#4545,#3095,#3096);
#2566=AXIS2_PLACEMENT_3D('',#4546,#3097,#3098);
#2567=AXIS2_PLACEMENT_3D('',#4547,#3099,#3100);
#2568=AXIS2_PLACEMENT_3D('',#4548,#3101,#3102);
#2569=AXIS2_PLACEMENT_3D('',#4549,#3103,#3104);
#2570=AXIS2_PLACEMENT_3D('',#4550,#3105,#3106);
#2571=AXIS2_PLACEMENT_3D('',#4551,#3107,#3108);
#2572=AXIS2_PLACEMENT_3D('',#4552,#3109,#3110);
#2573=AXIS2_PLACEMENT_3D('',#4553,#3111,#3112);
#2574=AXIS2_PLACEMENT_3D('',#4554,#3113,#3114);
#2575=AXIS2_PLACEMENT_3D('',#4555,#3115,#3116);
#2576=AXIS2_PLACEMENT_3D('',#4556,#3117,#3118);
#2577=AXIS2_PLACEMENT_3D('',#4557,#3119,#3120);
#2578=AXIS2_PLACEMENT_3D('',#4558,#3121,#3122);
#2579=AXIS2_PLACEMENT_3D('',#4559,#3123,#3124);
#2580=AXIS2_PLACEMENT_3D('',#4560,#3125,#3126);
#2581=AXIS2_PLACEMENT_3D('',#4561,#3127,#3128);
#2582=AXIS2_PLACEMENT_3D('',#4562,#3129,#3130);
#2583=AXIS2_PLACEMENT_3D('',#4563,#3131,#3132);
#2584=AXIS2_PLACEMENT_3D('',#4564,#3133,#3134);
#2585=AXIS2_PLACEMENT_3D('',#4565,#3135,#3136);
#2586=AXIS2_PLACEMENT_3D('',#4566,#3137,#3138);
#2587=AXIS2_PLACEMENT_3D('',#4567,#3139,#3140);
#2588=AXIS2_PLACEMENT_3D('',#4568,#3141,#3142);
#2589=AXIS2_PLACEMENT_3D('',#4569,#3143,#3144);
#2590=AXIS2_PLACEMENT_3D('',#4615,#3145,#3146);
#2591=AXIS2_PLACEMENT_3D('',#4616,#3147,#3148);
#2592=AXIS2_PLACEMENT_3D('',#4629,#3149,#3150);
#2593=AXIS2_PLACEMENT_3D('',#4642,#3151,#3152);
#2594=AXIS2_PLACEMENT_3D('',#4655,#3153,#3154);
#2595=AXIS2_PLACEMENT_3D('',#4668,#3155,#3156);
#2596=AXIS2_PLACEMENT_3D('',#4681,#3157,#3158);
#2597=AXIS2_PLACEMENT_3D('',#4710,#3159,#3160);
#2598=AXIS2_PLACEMENT_3D('',#4711,#3161,#3162);
#2599=AXIS2_PLACEMENT_3D('',#4712,#3163,#3164);
#2600=AXIS2_PLACEMENT_3D('',#4713,#3165,#3166);
#2601=AXIS2_PLACEMENT_3D('',#4714,#3167,#3168);
#2602=AXIS2_PLACEMENT_3D('',#4715,#3169,#3170);
#2603=AXIS2_PLACEMENT_3D('',#4716,#3171,#3172);
#2604=AXIS2_PLACEMENT_3D('',#4717,#3173,#3174);
#2605=AXIS2_PLACEMENT_3D('',#4718,#3175,#3176);
#2606=AXIS2_PLACEMENT_3D('',#4719,#3177,#3178);
#2607=AXIS2_PLACEMENT_3D('',#4720,#3179,#3180);
#2608=AXIS2_PLACEMENT_3D('',#4721,#3181,#3182);
#2609=AXIS2_PLACEMENT_3D('',#4722,#3183,#3184);
#2610=AXIS2_PLACEMENT_3D('',#4723,#3185,#3186);
#2611=AXIS2_PLACEMENT_3D('',#4736,#3187,#3188);
#2612=AXIS2_PLACEMENT_3D('',#4737,#3189,#3190);
#2613=AXIS2_PLACEMENT_3D('',#4750,#3191,#3192);
#2614=AXIS2_PLACEMENT_3D('',#4763,#3193,#3194);
#2615=AXIS2_PLACEMENT_3D('',#4776,#3195,#3196);
#2616=AXIS2_PLACEMENT_3D('',#4789,#3197,#3198);
#2617=AXIS2_PLACEMENT_3D('',#4802,#3199,#3200);
#2618=AXIS2_PLACEMENT_3D('',#4815,#3201,#3202);
#2619=AXIS2_PLACEMENT_3D('',#4840,#3203,#3204);
#2620=AXIS2_PLACEMENT_3D('',#4841,#3205,#3206);
#2621=AXIS2_PLACEMENT_3D('',#4854,#3207,#3208);
#2622=AXIS2_PLACEMENT_3D('',#4867,#3209,#3210);
#2623=AXIS2_PLACEMENT_3D('',#4880,#3211,#3212);
#2624=AXIS2_PLACEMENT_3D('',#4893,#3213,#3214);
#2625=AXIS2_PLACEMENT_3D('',#4906,#3215,#3216);
#2626=AXIS2_PLACEMENT_3D('',#4919,#3217,#3218);
#2627=AXIS2_PLACEMENT_3D('',#4939,#3219,#3220);
#2628=AXIS2_PLACEMENT_3D('',#4940,#3221,#3222);
#2629=AXIS2_PLACEMENT_3D('',#4956,#3223,#3224);
#2630=AXIS2_PLACEMENT_3D('',#4969,#3225,#3226);
#2631=AXIS2_PLACEMENT_3D('',#5003,#3227,#3228);
#2632=AXIS2_PLACEMENT_3D('',#5004,#3229,#3230);
#2633=AXIS2_PLACEMENT_3D('',#5005,#3231,#3232);
#2634=AXIS2_PLACEMENT_3D('',#5018,#3233,#3234);
#2635=AXIS2_PLACEMENT_3D('',#5019,#3235,#3236);
#2636=AXIS2_PLACEMENT_3D('',#5020,#3237,#3238);
#2637=AXIS2_PLACEMENT_3D('',#5021,#3239,#3240);
#2638=DIRECTION('',(0.,0.,1.));
#2639=DIRECTION('',(1.,0.,0.));
#2640=DIRECTION('',(0.,0.,1.));
#2641=DIRECTION('',(1.,0.,0.));
#2642=DIRECTION('',(0.,1.,0.));
#2643=DIRECTION('',(1.,0.,0.));
#2644=DIRECTION('',(0.,-1.,0.));
#2645=DIRECTION('',(-1.,0.,0.));
#2646=DIRECTION('',(0.,1.,0.));
#2647=DIRECTION('',(1.,0.,0.));
#2648=DIRECTION('',(0.,-1.,0.));
#2649=DIRECTION('',(-1.,0.,0.));
#2650=DIRECTION('',(0.295953255620313,-0.955202423828446,0.));
#2651=DIRECTION('',(-1.,0.,0.));
#2652=DIRECTION('',(-0.33728584930962,0.941402281628576,0.));
#2653=DIRECTION('',(-1.,0.,0.));
#2654=DIRECTION('',(1.,0.,0.));
#2655=DIRECTION('',(0.,0.,1.));
#2656=DIRECTION('',(1.,0.,0.));
#2657=DIRECTION('',(0.,1.,0.));
#2658=DIRECTION('',(0.,0.,1.));
#2659=DIRECTION('',(1.,0.,0.));
#2660=DIRECTION('',(-1.,-1.18613571006961E-16,0.));
#2661=DIRECTION('',(0.,0.,1.));
#2662=DIRECTION('',(1.,0.,0.));
#2663=DIRECTION('',(0.,-1.,0.));
#2664=DIRECTION('',(0.,0.,1.));
#2665=DIRECTION('',(1.,0.,0.));
#2666=DIRECTION('',(1.,0.,0.));
#2667=DIRECTION('',(0.,0.,1.));
#2668=DIRECTION('',(1.,0.,0.));
#2669=DIRECTION('',(0.,1.,0.));
#2670=DIRECTION('',(0.,0.,1.));
#2671=DIRECTION('',(1.,0.,0.));
#2672=DIRECTION('',(-1.,0.,0.));
#2673=DIRECTION('',(0.,0.,1.));
#2674=DIRECTION('',(1.,0.,0.));
#2675=DIRECTION('',(0.,-1.,0.));
#2676=DIRECTION('',(0.,0.,1.));
#2677=DIRECTION('',(1.,0.,0.));
#2678=DIRECTION('',(1.,0.,0.));
#2679=DIRECTION('',(0.,0.,1.));
#2680=DIRECTION('',(1.,0.,0.));
#2681=DIRECTION('',(0.,1.,0.));
#2682=DIRECTION('',(0.,0.,1.));
#2683=DIRECTION('',(1.,0.,0.));
#2684=DIRECTION('',(0.,0.,1.));
#2685=DIRECTION('',(1.,0.,0.));
#2686=DIRECTION('',(0.,0.,1.));
#2687=DIRECTION('',(0.,0.,1.));
#2688=DIRECTION('',(1.,0.,0.));
#2689=DIRECTION('',(0.,0.,1.));
#2690=DIRECTION('',(0.,0.,1.));
#2691=DIRECTION('',(1.,0.,0.));
#2692=DIRECTION('',(-1.,0.,0.));
#2693=DIRECTION('',(0.,0.,1.));
#2694=DIRECTION('',(0.,0.,1.));
#2695=DIRECTION('',(0.,-1.,0.));
#2696=DIRECTION('',(0.,-1.,0.));
#2697=DIRECTION('',(0.,0.,1.));
#2698=DIRECTION('',(1.,0.,0.));
#2699=DIRECTION('',(0.,0.,1.));
#2700=DIRECTION('',(0.,0.,1.));
#2701=DIRECTION('',(1.,0.,0.));
#2702=DIRECTION('',(0.,0.,1.));
#2703=DIRECTION('',(1.,0.,0.));
#2704=DIRECTION('',(0.,-1.,0.));
#2705=DIRECTION('',(0.,0.,-1.));
#2706=DIRECTION('',(0.,0.,1.));
#2707=DIRECTION('',(1.,0.,0.));
#2708=DIRECTION('',(1.,0.,0.));
#2709=DIRECTION('',(0.,0.,1.));
#2710=DIRECTION('',(1.,0.,0.));
#2711=DIRECTION('',(0.,0.,1.));
#2712=DIRECTION('',(0.,0.,1.));
#2713=DIRECTION('',(1.,0.,0.));
#2714=DIRECTION('',(0.,0.,1.));
#2715=DIRECTION('',(1.,0.,0.));
#2716=DIRECTION('',(1.,0.,0.));
#2717=DIRECTION('',(0.,0.,-1.));
#2718=DIRECTION('',(0.,0.,1.));
#2719=DIRECTION('',(0.,1.,0.));
#2720=DIRECTION('',(0.,1.,0.));
#2721=DIRECTION('',(0.,0.,1.));
#2722=DIRECTION('',(1.,0.,0.));
#2723=DIRECTION('',(0.,0.,1.));
#2724=DIRECTION('',(0.,0.,1.));
#2725=DIRECTION('',(1.,0.,0.));
#2726=DIRECTION('',(0.,0.,1.));
#2727=DIRECTION('',(1.,0.,0.));
#2728=DIRECTION('',(0.,1.,0.));
#2729=DIRECTION('',(0.,0.,1.));
#2730=DIRECTION('',(0.,0.,1.));
#2731=DIRECTION('',(-1.,0.,0.));
#2732=DIRECTION('',(-1.,0.,0.));
#2733=DIRECTION('',(0.,0.,1.));
#2734=DIRECTION('',(0.,-1.,0.));
#2735=DIRECTION('',(0.,0.,-1.));
#2736=DIRECTION('',(0.,0.,1.));
#2737=DIRECTION('',(1.,0.,0.));
#2738=DIRECTION('',(1.,0.,0.));
#2739=DIRECTION('',(0.,0.,1.));
#2740=DIRECTION('',(1.,0.,0.));
#2741=DIRECTION('',(0.,0.,1.));
#2742=DIRECTION('',(0.,0.,1.));
#2743=DIRECTION('',(1.,0.,0.));
#2744=DIRECTION('',(0.,0.,1.));
#2745=DIRECTION('',(1.,0.,0.));
#2746=DIRECTION('',(1.,0.,0.));
#2747=DIRECTION('',(0.,0.,-1.));
#2748=DIRECTION('',(0.,0.,1.));
#2749=DIRECTION('',(0.,1.,0.));
#2750=DIRECTION('',(0.,1.,0.));
#2751=DIRECTION('',(0.,0.,1.));
#2752=DIRECTION('',(1.,0.,0.));
#2753=DIRECTION('',(0.,0.,1.));
#2754=DIRECTION('',(0.,0.,1.));
#2755=DIRECTION('',(1.,0.,0.));
#2756=DIRECTION('',(0.,0.,1.));
#2757=DIRECTION('',(1.,0.,0.));
#2758=DIRECTION('',(-1.18613571006961E-16,1.,0.));
#2759=DIRECTION('',(-1.,-1.18613571006961E-16,0.));
#2760=DIRECTION('',(0.,0.,1.));
#2761=DIRECTION('',(-1.,-1.18613571006961E-16,0.));
#2762=DIRECTION('',(-1.,-1.18613571006961E-16,0.));
#2763=DIRECTION('',(0.,0.,1.));
#2764=DIRECTION('',(1.,0.,0.));
#2765=DIRECTION('',(0.,0.,1.));
#2766=DIRECTION('',(0.,0.,1.));
#2767=DIRECTION('',(1.,0.,0.));
#2768=DIRECTION('',(0.,0.,1.));
#2769=DIRECTION('',(1.,0.,0.));
#2770=DIRECTION('',(-1.,0.,0.));
#2771=DIRECTION('',(0.,0.,1.));
#2772=DIRECTION('',(0.,0.,1.));
#2773=DIRECTION('',(0.,-1.,0.));
#2774=DIRECTION('',(0.,-1.,0.));
#2775=DIRECTION('',(0.,0.,1.));
#2776=DIRECTION('',(1.,0.,0.));
#2777=DIRECTION('',(0.,0.,1.));
#2778=DIRECTION('',(0.,0.,1.));
#2779=DIRECTION('',(1.,0.,0.));
#2780=DIRECTION('',(0.,0.,1.));
#2781=DIRECTION('',(1.,0.,0.));
#2782=DIRECTION('',(0.,-1.,0.));
#2783=DIRECTION('',(0.,0.,-1.));
#2784=DIRECTION('',(0.,0.,1.));
#2785=DIRECTION('',(1.,0.,0.));
#2786=DIRECTION('',(1.,0.,0.));
#2787=DIRECTION('',(0.,0.,1.));
#2788=DIRECTION('',(1.,0.,0.));
#2789=DIRECTION('',(0.,0.,1.));
#2790=DIRECTION('',(0.,0.,1.));
#2791=DIRECTION('',(1.,0.,0.));
#2792=DIRECTION('',(0.,0.,1.));
#2793=DIRECTION('',(1.,0.,0.));
#2794=DIRECTION('',(1.,0.,0.));
#2795=DIRECTION('',(0.,0.,-1.));
#2796=DIRECTION('',(0.,0.,1.));
#2797=DIRECTION('',(0.,1.,0.));
#2798=DIRECTION('',(0.,1.,0.));
#2799=DIRECTION('',(0.,0.,1.));
#2800=DIRECTION('',(1.,0.,0.));
#2801=DIRECTION('',(0.,0.,1.));
#2802=DIRECTION('',(0.,0.,1.));
#2803=DIRECTION('',(1.,0.,0.));
#2804=DIRECTION('',(0.,0.,1.));
#2805=DIRECTION('',(1.,0.,0.));
#2806=DIRECTION('',(0.,1.,0.));
#2807=DIRECTION('',(0.,0.,1.));
#2808=DIRECTION('',(-1.,0.,0.));
#2809=DIRECTION('',(-1.,0.,0.));
#2810=DIRECTION('',(0.,0.,1.));
#2811=DIRECTION('',(1.,0.,0.));
#2812=DIRECTION('',(1.,0.,0.));
#2813=DIRECTION('',(-1.,0.,0.));
#2814=DIRECTION('',(0.,0.,1.));
#2815=DIRECTION('',(1.,0.,0.));
#2816=DIRECTION('',(0.,1.,0.));
#2817=DIRECTION('',(0.,0.,1.));
#2818=DIRECTION('',(1.,0.,0.));
#2819=DIRECTION('',(1.,0.,0.));
#2820=DIRECTION('',(0.,0.,1.));
#2821=DIRECTION('',(1.,0.,0.));
#2822=DIRECTION('',(0.,-1.,0.));
#2823=DIRECTION('',(0.,0.,1.));
#2824=DIRECTION('',(1.,0.,0.));
#2825=DIRECTION('',(-1.,0.,0.));
#2826=DIRECTION('',(0.,0.,1.));
#2827=DIRECTION('',(1.,0.,0.));
#2828=DIRECTION('',(0.,1.,0.));
#2829=DIRECTION('',(0.,0.,1.));
#2830=DIRECTION('',(1.,0.,0.));
#2831=DIRECTION('',(1.,0.,0.));
#2832=DIRECTION('',(0.,0.,1.));
#2833=DIRECTION('',(1.,0.,0.));
#2834=DIRECTION('',(0.,-1.,0.));
#2835=DIRECTION('',(0.,0.,1.));
#2836=DIRECTION('',(1.,0.,0.));
#2837=DIRECTION('',(-1.,-1.18613571006961E-16,0.));
#2838=DIRECTION('',(0.,0.,1.));
#2839=DIRECTION('',(1.,0.,0.));
#2840=DIRECTION('',(0.,1.,0.));
#2841=DIRECTION('',(0.,0.,1.));
#2842=DIRECTION('',(1.,0.,0.));
#2843=DIRECTION('',(0.,0.,1.));
#2844=DIRECTION('',(1.,0.,0.));
#2845=DIRECTION('',(-1.,0.,0.));
#2846=DIRECTION('',(0.,-1.,0.));
#2847=DIRECTION('',(1.,0.,0.));
#2848=DIRECTION('',(-1.,0.,0.));
#2849=DIRECTION('',(0.,0.,1.));
#2850=DIRECTION('',(1.,0.,0.));
#2851=DIRECTION('',(0.,0.,1.));
#2852=DIRECTION('',(1.,0.,0.));
#2853=DIRECTION('',(0.,1.,0.));
#2854=DIRECTION('',(-1.,0.,0.));
#2855=DIRECTION('',(0.33728584930962,-0.941402281628576,0.));
#2856=DIRECTION('',(1.,0.,0.));
#2857=DIRECTION('',(-0.295953255620313,0.955202423828446,0.));
#2858=DIRECTION('',(1.,0.,0.));
#2859=DIRECTION('',(0.,0.,1.));
#2860=DIRECTION('',(1.,0.,0.));
#2861=DIRECTION('',(1.,0.,0.));
#2862=DIRECTION('',(1.,0.,0.));
#2863=DIRECTION('',(0.,0.,-1.));
#2864=DIRECTION('',(-0.782373033735014,-0.62281011238119,0.));
#2865=DIRECTION('',(0.62281011238119,-0.782373033735014,0.));
#2866=DIRECTION('',(0.787686031783366,-0.616076874532208,4.00771131471584E-14));
#2867=DIRECTION('',(0.616076874532208,0.787686031783366,0.));
#2868=DIRECTION('',(0.,-1.,0.));
#2869=DIRECTION('',(0.,0.,-1.));
#2870=DIRECTION('',(0.,-1.,0.));
#2871=DIRECTION('',(0.,0.,-1.));
#2872=DIRECTION('',(0.539322164845194,-0.842099520547716,0.));
#2873=DIRECTION('',(0.842099520547716,0.539322164845194,0.));
#2874=DIRECTION('',(-0.819458760492023,-0.573138150756759,-1.11851573073277E-14));
#2875=DIRECTION('',(0.573138150756759,-0.819458760492023,0.));
#2876=DIRECTION('',(-1.,0.,0.));
#2877=DIRECTION('',(0.,0.,1.));
#2878=DIRECTION('',(1.,0.,0.));
#2879=DIRECTION('',(0.,0.,-1.));
#2880=DIRECTION('',(1.,0.,0.));
#2881=DIRECTION('',(-0.88180839804424,0.471607834051398,-2.65885483884678E-14));
#2882=DIRECTION('',(-0.471607834051398,-0.88180839804424,0.));
#2883=DIRECTION('',(0.494942175184822,-0.868925913541147,0.));
#2884=DIRECTION('',(0.868925913541147,0.494942175184822,0.));
#2885=DIRECTION('',(-1.,0.,0.));
#2886=DIRECTION('',(0.,0.,1.));
#2887=DIRECTION('',(0.,-1.,0.));
#2888=DIRECTION('',(0.,0.,-1.));
#2889=DIRECTION('',(-0.771930235616998,-0.635707252861163,-4.13541110770165E-14));
#2890=DIRECTION('',(0.635707252861163,-0.771930235616997,0.));
#2891=DIRECTION('',(-0.749553706565366,-0.6619435330707,0.));
#2892=DIRECTION('',(0.6619435330707,-0.749553706565366,0.));
#2893=DIRECTION('',(0.,-1.,0.));
#2894=DIRECTION('',(0.,0.,-1.));
#2895=DIRECTION('',(-1.,0.,0.));
#2896=DIRECTION('',(0.,0.,1.));
#2897=DIRECTION('',(-1.,0.,0.));
#2898=DIRECTION('',(0.,0.,1.));
#2899=DIRECTION('',(-1.,0.,0.));
#2900=DIRECTION('',(-1.,0.,0.));
#2901=DIRECTION('',(0.,0.,1.));
#2902=DIRECTION('',(-0.638559470811958,0.769572480170876,5.00623292931848E-14));
#2903=DIRECTION('',(-0.769572480170876,-0.638559470811958,0.));
#2904=DIRECTION('',(-0.896943924750757,0.442144315639937,0.));
#2905=DIRECTION('',(-0.442144315639937,-0.896943924750758,0.));
#2906=DIRECTION('',(-0.510747432510018,0.859730806813636,0.));
#2907=DIRECTION('',(-0.859730806813636,-0.510747432510018,0.));
#2908=DIRECTION('',(0.,-1.,0.));
#2909=DIRECTION('',(0.,0.,-1.));
#2910=DIRECTION('',(0.707106781186548,-0.707106781186548,0.));
#2911=DIRECTION('',(-0.707106781186548,-0.707106781186548,0.));
#2912=DIRECTION('',(0.,-1.,0.));
#2913=DIRECTION('',(-4.10934044677808E-8,1.,0.));
#2914=DIRECTION('',(-1.,-4.10934044677808E-8,0.));
#2915=DIRECTION('',(1.,0.,0.));
#2916=DIRECTION('',(0.,0.,-1.));
#2917=DIRECTION('',(0.707106781186548,0.707106781186548,0.));
#2918=DIRECTION('',(-0.707106781186548,0.707106781186548,0.));
#2919=DIRECTION('',(1.,0.,0.));
#2920=DIRECTION('',(0.,1.,0.));
#2921=DIRECTION('',(0.,0.,1.));
#2922=DIRECTION('',(0.,1.,0.));
#2923=DIRECTION('',(-0.678803966229633,-0.734319532241189,-3.06518070379492E-14));
#2924=DIRECTION('',(0.734319532241189,-0.678803966229633,0.));
#2925=DIRECTION('',(1.,0.,0.));
#2926=DIRECTION('',(0.,0.,-1.));
#2927=DIRECTION('',(0.677111882874173,-0.735880084029044,0.));
#2928=DIRECTION('',(0.735880084029044,0.677111882874173,0.));
#2929=DIRECTION('',(0.,-1.,0.));
#2930=DIRECTION('',(0.,0.,-1.));
#2931=DIRECTION('',(0.,-1.,0.));
#2932=DIRECTION('',(0.,0.,-1.));
#2933=DIRECTION('',(0.680063128757772,-0.733153558883942,-1.11284135383055E-14));
#2934=DIRECTION('',(0.733153558883942,0.680063128757772,0.));
#2935=DIRECTION('',(-0.678386419382437,-0.734705291935124,0.));
#2936=DIRECTION('',(0.734705291935124,-0.678386419382437,0.));
#2937=DIRECTION('',(1.,0.,0.));
#2938=DIRECTION('',(0.,0.,-1.));
#2939=DIRECTION('',(-1.,0.,0.));
#2940=DIRECTION('',(0.,0.,1.));
#2941=DIRECTION('',(-0.593315575549676,-0.804969954600888,0.));
#2942=DIRECTION('',(-0.804969954600888,0.593315575549676,0.));
#2943=DIRECTION('',(-1.,0.,0.));
#2944=DIRECTION('',(-0.817705891292713,0.575636235260768,0.));
#2945=DIRECTION('',(0.575636235260768,0.817705891292713,0.));
#2946=DIRECTION('',(0.295953255620313,-0.955202423828446,0.));
#2947=DIRECTION('',(0.955202423828446,0.295953255620313,0.));
#2948=DIRECTION('',(-0.593315575549676,-0.804969954600888,0.));
#2949=DIRECTION('',(-0.804969954600888,0.593315575549676,0.));
#2950=DIRECTION('',(0.295953255620313,-0.955202423828446,0.));
#2951=DIRECTION('',(-0.33728584930962,0.941402281628576,0.));
#2952=DIRECTION('',(-0.941402281628576,-0.33728584930962,0.));
#2953=DIRECTION('',(-0.33728584930962,0.941402281628576,0.));
#2954=DIRECTION('',(-0.171169095299683,0.985241666198851,0.));
#2955=DIRECTION('',(0.985241666198851,0.171169095299683,0.));
#2956=DIRECTION('',(-1.,0.,0.));
#2957=DIRECTION('',(0.,0.,1.));
#2958=DIRECTION('',(-0.707106781186548,-0.707106781186548,0.));
#2959=DIRECTION('',(-0.707106781186548,0.707106781186548,0.));
#2960=DIRECTION('',(-1.,0.,0.));
#2961=DIRECTION('',(0.,1.,0.));
#2962=DIRECTION('',(0.,0.,1.));
#2963=DIRECTION('',(0.707106781186548,0.707106781186548,0.));
#2964=DIRECTION('',(0.707106781186548,-0.707106781186548,0.));
#2965=DIRECTION('',(0.,-1.,0.));
#2966=DIRECTION('',(0.,0.,-1.));
#2967=DIRECTION('',(0.707106781186548,-0.707106781186548,0.));
#2968=DIRECTION('',(0.707106781186548,0.707106781186548,0.));
#2969=DIRECTION('',(0.,-1.,0.));
#2970=DIRECTION('',(1.,0.,0.));
#2971=DIRECTION('',(0.,0.,-1.));
#2972=DIRECTION('',(1.,0.,0.));
#2973=DIRECTION('',(0.,1.,0.));
#2974=DIRECTION('',(0.,0.,1.));
#2975=DIRECTION('',(0.,1.,0.));
#2976=DIRECTION('',(0.,0.,1.));
#2977=DIRECTION('',(0.,-1.,-9.54097911787349E-14));
#2978=DIRECTION('',(0.,9.54097911787349E-14,-1.));
#2979=DIRECTION('',(0.,0.,1.));
#2980=DIRECTION('',(1.,0.,0.));
#2981=DIRECTION('',(-1.,0.,0.));
#2982=DIRECTION('',(0.,0.,1.));
#2983=DIRECTION('',(0.,0.,1.));
#2984=DIRECTION('',(1.,0.,0.));
#2985=DIRECTION('',(-1.,0.,0.));
#2986=DIRECTION('',(0.,0.,1.));
#2987=DIRECTION('',(1.,0.,0.));
#2988=DIRECTION('',(0.,0.,-1.));
#2989=DIRECTION('',(-1.,0.,0.));
#2990=DIRECTION('',(0.,0.,1.));
#2991=DIRECTION('',(-1.,0.,0.));
#2992=DIRECTION('',(0.,0.,1.));
#2993=DIRECTION('',(-1.,0.,0.));
#2994=DIRECTION('',(0.,0.,1.));
#2995=DIRECTION('',(0.,0.,1.));
#2996=DIRECTION('',(1.,0.,0.));
#2997=DIRECTION('',(0.,1.,0.));
#2998=DIRECTION('',(0.,0.,1.));
#2999=DIRECTION('',(0.,0.,1.));
#3000=DIRECTION('',(1.,0.,0.));
#3001=DIRECTION('',(0.,-1.,0.));
#3002=DIRECTION('',(0.,0.,-1.));
#3003=DIRECTION('',(0.,-1.,0.));
#3004=DIRECTION('',(0.,0.,-1.));
#3005=DIRECTION('',(0.,1.,0.));
#3006=DIRECTION('',(0.,0.,1.));
#3007=DIRECTION('',(0.,-1.,0.));
#3008=DIRECTION('',(0.,0.,-1.));
#3009=DIRECTION('',(0.,-1.,0.));
#3010=DIRECTION('',(0.,0.,-1.));
#3011=DIRECTION('',(0.,0.,1.));
#3012=DIRECTION('',(1.,0.,0.));
#3013=DIRECTION('',(-1.,0.,0.));
#3014=DIRECTION('',(0.,0.,1.));
#3015=DIRECTION('',(0.,0.,1.));
#3016=DIRECTION('',(1.,0.,0.));
#3017=DIRECTION('',(-1.,0.,0.));
#3018=DIRECTION('',(0.,0.,1.));
#3019=DIRECTION('',(1.,1.18613571006961E-16,0.));
#3020=DIRECTION('',(-1.18613571006961E-16,1.,0.));
#3021=DIRECTION('',(-1.,0.,0.));
#3022=DIRECTION('',(0.,0.,1.));
#3023=DIRECTION('',(-1.,0.,0.));
#3024=DIRECTION('',(0.,0.,1.));
#3025=DIRECTION('',(-1.,0.,0.));
#3026=DIRECTION('',(0.,0.,1.));
#3027=DIRECTION('',(0.,0.,1.));
#3028=DIRECTION('',(1.,0.,0.));
#3029=DIRECTION('',(0.,1.,0.));
#3030=DIRECTION('',(0.,0.,1.));
#3031=DIRECTION('',(0.,0.,1.));
#3032=DIRECTION('',(1.,0.,0.));
#3033=DIRECTION('',(0.,-1.,0.));
#3034=DIRECTION('',(0.,0.,-1.));
#3035=DIRECTION('',(0.,-1.,0.));
#3036=DIRECTION('',(0.,0.,-1.));
#3037=DIRECTION('',(0.,1.,0.));
#3038=DIRECTION('',(0.,0.,1.));
#3039=DIRECTION('',(0.,-1.,0.));
#3040=DIRECTION('',(0.,0.,-1.));
#3041=DIRECTION('',(0.,-1.,0.));
#3042=DIRECTION('',(0.,0.,-1.));
#3043=DIRECTION('',(0.,0.,1.));
#3044=DIRECTION('',(1.,0.,0.));
#3045=DIRECTION('',(1.,0.,0.));
#3046=DIRECTION('',(0.,0.,-1.));
#3047=DIRECTION('',(0.,0.,1.));
#3048=DIRECTION('',(1.,0.,0.));
#3049=DIRECTION('',(1.,0.,0.));
#3050=DIRECTION('',(0.,0.,-1.));
#3051=DIRECTION('',(-1.,0.,0.));
#3052=DIRECTION('',(0.,0.,1.));
#3053=DIRECTION('',(1.,0.,0.));
#3054=DIRECTION('',(0.,0.,-1.));
#3055=DIRECTION('',(1.,0.,0.));
#3056=DIRECTION('',(0.,0.,-1.));
#3057=DIRECTION('',(1.,0.,0.));
#3058=DIRECTION('',(0.,0.,-1.));
#3059=DIRECTION('',(0.,-1.,0.));
#3060=DIRECTION('',(0.,0.,-1.));
#3061=DIRECTION('',(0.,1.,0.));
#3062=DIRECTION('',(0.,0.,1.));
#3063=DIRECTION('',(9.54097911787349E-14,-1.,0.));
#3064=DIRECTION('',(1.,9.54097911787349E-14,0.));
#3065=DIRECTION('',(0.,0.,1.));
#3066=DIRECTION('',(1.,0.,0.));
#3067=DIRECTION('',(-1.,0.,0.));
#3068=DIRECTION('',(0.,0.,1.));
#3069=DIRECTION('',(0.,0.,1.));
#3070=DIRECTION('',(1.,0.,0.));
#3071=DIRECTION('',(-1.,0.,0.));
#3072=DIRECTION('',(0.,0.,1.));
#3073=DIRECTION('',(-1.,0.,0.));
#3074=DIRECTION('',(0.,0.,1.));
#3075=DIRECTION('',(-1.,0.,0.));
#3076=DIRECTION('',(0.,0.,1.));
#3077=DIRECTION('',(1.,0.,0.));
#3078=DIRECTION('',(0.,0.,-1.));
#3079=DIRECTION('',(-1.,0.,0.));
#3080=DIRECTION('',(0.,0.,1.));
#3081=DIRECTION('',(0.,0.,1.));
#3082=DIRECTION('',(1.,0.,0.));
#3083=DIRECTION('',(0.,1.,0.));
#3084=DIRECTION('',(0.,0.,1.));
#3085=DIRECTION('',(0.,0.,1.));
#3086=DIRECTION('',(1.,0.,0.));
#3087=DIRECTION('',(0.,-1.,0.));
#3088=DIRECTION('',(0.,0.,-1.));
#3089=DIRECTION('',(0.,1.,0.));
#3090=DIRECTION('',(0.,0.,1.));
#3091=DIRECTION('',(0.,1.,0.));
#3092=DIRECTION('',(0.,0.,1.));
#3093=DIRECTION('',(0.,1.,0.));
#3094=DIRECTION('',(0.,0.,1.));
#3095=DIRECTION('',(0.,-1.,0.));
#3096=DIRECTION('',(0.,0.,-1.));
#3097=DIRECTION('',(0.,0.,1.));
#3098=DIRECTION('',(1.,0.,0.));
#3099=DIRECTION('',(-1.,0.,0.));
#3100=DIRECTION('',(0.,0.,1.));
#3101=DIRECTION('',(0.,0.,1.));
#3102=DIRECTION('',(1.,0.,0.));
#3103=DIRECTION('',(-1.,0.,0.));
#3104=DIRECTION('',(0.,0.,1.));
#3105=DIRECTION('',(-1.,-1.18613571006961E-16,0.));
#3106=DIRECTION('',(1.18613571006961E-16,-1.,0.));
#3107=DIRECTION('',(-1.,0.,0.));
#3108=DIRECTION('',(0.,0.,1.));
#3109=DIRECTION('',(1.,0.,0.));
#3110=DIRECTION('',(0.,0.,-1.));
#3111=DIRECTION('',(-1.,0.,0.));
#3112=DIRECTION('',(0.,0.,1.));
#3113=DIRECTION('',(0.,0.,1.));
#3114=DIRECTION('',(1.,0.,0.));
#3115=DIRECTION('',(0.,1.,0.));
#3116=DIRECTION('',(0.,0.,1.));
#3117=DIRECTION('',(0.,0.,1.));
#3118=DIRECTION('',(1.,0.,0.));
#3119=DIRECTION('',(0.,-1.,0.));
#3120=DIRECTION('',(0.,0.,-1.));
#3121=DIRECTION('',(0.,1.,0.));
#3122=DIRECTION('',(0.,0.,1.));
#3123=DIRECTION('',(0.,1.,0.));
#3124=DIRECTION('',(0.,0.,1.));
#3125=DIRECTION('',(0.,1.,0.));
#3126=DIRECTION('',(0.,0.,1.));
#3127=DIRECTION('',(0.,-1.,0.));
#3128=DIRECTION('',(0.,0.,-1.));
#3129=DIRECTION('',(0.,0.,1.));
#3130=DIRECTION('',(1.,0.,0.));
#3131=DIRECTION('',(1.,0.,0.));
#3132=DIRECTION('',(0.,0.,-1.));
#3133=DIRECTION('',(0.,0.,1.));
#3134=DIRECTION('',(1.,0.,0.));
#3135=DIRECTION('',(1.,0.,0.));
#3136=DIRECTION('',(0.,0.,-1.));
#3137=DIRECTION('',(1.,0.,0.));
#3138=DIRECTION('',(0.,0.,-1.));
#3139=DIRECTION('',(1.,0.,0.));
#3140=DIRECTION('',(0.,0.,-1.));
#3141=DIRECTION('',(-1.,0.,0.));
#3142=DIRECTION('',(0.,0.,1.));
#3143=DIRECTION('',(1.,0.,0.));
#3144=DIRECTION('',(0.,0.,-1.));
#3145=DIRECTION('',(0.782373033735073,0.622810112381116,4.32161329209358E-14));
#3146=DIRECTION('',(-0.622810112381116,0.782373033735073,0.));
#3147=DIRECTION('',(-1.,0.,0.));
#3148=DIRECTION('',(0.,0.,1.));
#3149=DIRECTION('',(-0.787686031783381,0.616076874532189,0.));
#3150=DIRECTION('',(-0.616076874532189,-0.787686031783381,0.));
#3151=DIRECTION('',(0.,1.,0.));
#3152=DIRECTION('',(0.,0.,1.));
#3153=DIRECTION('',(0.,1.,0.));
#3154=DIRECTION('',(0.,0.,1.));
#3155=DIRECTION('',(-0.539322164845318,0.842099520547637,-8.58225761849239E-14));
#3156=DIRECTION('',(-0.842099520547637,-0.539322164845318,0.));
#3157=DIRECTION('',(0.819458760492119,0.573138150756621,0.));
#3158=DIRECTION('',(-0.573138150756621,0.81945876049212,0.));
#3159=DIRECTION('',(1.,0.,0.));
#3160=DIRECTION('',(0.,0.,-1.));
#3161=DIRECTION('',(1.,0.,0.));
#3162=DIRECTION('',(0.,0.,-1.));
#3163=DIRECTION('',(0.295953255620313,-0.955202423828446,0.));
#3164=DIRECTION('',(0.955202423828446,0.295953255620313,0.));
#3165=DIRECTION('',(-0.593315575549676,-0.804969954600888,0.));
#3166=DIRECTION('',(-0.804969954600888,0.593315575549676,0.));
#3167=DIRECTION('',(-0.593315575549676,-0.804969954600888,0.));
#3168=DIRECTION('',(-0.804969954600888,0.593315575549676,0.));
#3169=DIRECTION('',(-1.,0.,0.));
#3170=DIRECTION('',(0.,0.,1.));
#3171=DIRECTION('',(-0.817705891292713,0.575636235260768,0.));
#3172=DIRECTION('',(0.575636235260768,0.817705891292713,0.));
#3173=DIRECTION('',(-1.,0.,0.));
#3174=DIRECTION('',(0.,0.,1.));
#3175=DIRECTION('',(-0.707106781186548,-0.707106781186548,0.));
#3176=DIRECTION('',(-0.707106781186548,0.707106781186548,0.));
#3177=DIRECTION('',(-0.33728584930962,0.941402281628576,0.));
#3178=DIRECTION('',(-0.941402281628576,-0.33728584930962,0.));
#3179=DIRECTION('',(0.575636235260768,0.817705891292713,0.));
#3180=DIRECTION('',(0.817705891292713,-0.575636235260768,0.));
#3181=DIRECTION('',(0.,-1.,0.));
#3182=DIRECTION('',(0.,0.,-1.));
#3183=DIRECTION('',(0.707106781186548,-0.707106781186548,0.));
#3184=DIRECTION('',(0.707106781186548,0.707106781186548,0.));
#3185=DIRECTION('',(1.,0.,0.));
#3186=DIRECTION('',(0.,0.,-1.));
#3187=DIRECTION('',(0.678803966229523,0.734319532241291,0.));
#3188=DIRECTION('',(-0.734319532241291,0.678803966229523,0.));
#3189=DIRECTION('',(-1.,0.,0.));
#3190=DIRECTION('',(0.,0.,1.));
#3191=DIRECTION('',(-0.677111882874144,0.735880084029071,-5.38543880410425E-14));
#3192=DIRECTION('',(-0.735880084029071,-0.677111882874144,0.));
#3193=DIRECTION('',(0.,1.,0.));
#3194=DIRECTION('',(0.,0.,1.));
#3195=DIRECTION('',(0.,1.,0.));
#3196=DIRECTION('',(0.,0.,1.));
#3197=DIRECTION('',(-0.680063128757965,0.733153558883763,0.));
#3198=DIRECTION('',(-0.733153558883763,-0.680063128757965,0.));
#3199=DIRECTION('',(0.678386419382374,0.734705291935182,-1.13311950727112E-13));
#3200=DIRECTION('',(-0.734705291935182,0.678386419382374,0.));
#3201=DIRECTION('',(-1.,0.,0.));
#3202=DIRECTION('',(0.,0.,1.));
#3203=DIRECTION('',(-0.494942175184859,0.868925913541126,-8.29040399607503E-14));
#3204=DIRECTION('',(-0.868925913541126,-0.494942175184859,0.));
#3205=DIRECTION('',(0.881808398044162,-0.471607834051543,0.));
#3206=DIRECTION('',(0.471607834051543,0.881808398044163,0.));
#3207=DIRECTION('',(1.,0.,0.));
#3208=DIRECTION('',(0.,0.,-1.));
#3209=DIRECTION('',(0.,1.,0.));
#3210=DIRECTION('',(0.,0.,1.));
#3211=DIRECTION('',(0.771930235616945,0.635707252861226,0.));
#3212=DIRECTION('',(-0.635707252861226,0.771930235616945,0.));
#3213=DIRECTION('',(0.749553706565349,0.661943533070719,-5.6392809863436E-13));
#3214=DIRECTION('',(-0.661943533070719,0.749553706565349,0.));
#3215=DIRECTION('',(0.,1.,0.));
#3216=DIRECTION('',(0.,0.,1.));
#3217=DIRECTION('',(1.,0.,0.));
#3218=DIRECTION('',(0.,0.,-1.));
#3219=DIRECTION('',(-1.,0.,0.));
#3220=DIRECTION('',(0.,0.,1.));
#3221=DIRECTION('',(1.,0.,0.));
#3222=DIRECTION('',(0.,0.,-1.));
#3223=DIRECTION('',(0.638559470812134,-0.769572480170729,0.));
#3224=DIRECTION('',(0.769572480170729,0.638559470812134,0.));
#3225=DIRECTION('',(0.896943924750706,-0.442144315640041,2.87624296541461E-15));
#3226=DIRECTION('',(0.442144315640041,0.896943924750706,0.));
#3227=DIRECTION('',(0.510747432509881,-0.859730806813717,1.26768593156034E-13));
#3228=DIRECTION('',(0.859730806813717,0.510747432509881,0.));
#3229=DIRECTION('',(0.,-1.,0.));
#3230=DIRECTION('',(0.,0.,-1.));
#3231=DIRECTION('',(0.707106781186548,-0.707106781186548,0.));
#3232=DIRECTION('',(-0.707106781186548,-0.707106781186548,0.));
#3233=DIRECTION('',(0.00289851012307063,-0.999987397967161,0.00409909086672616));
#3234=DIRECTION('',(0.,-0.00409910808580559,-0.999991598621159));
#3235=DIRECTION('',(1.,0.,0.));
#3236=DIRECTION('',(0.,0.,-1.));
#3237=DIRECTION('',(0.707106781186548,0.707106781186548,0.));
#3238=DIRECTION('',(-0.707106781186548,0.707106781186548,0.));
#3239=DIRECTION('',(0.,1.,0.));
#3240=DIRECTION('',(0.,0.,1.));
#3241=CARTESIAN_POINT('',(0.,0.,0.));
#3242=CARTESIAN_POINT('',(0.22325,0.,0.3055));
#3243=CARTESIAN_POINT('',(0.262377804272665,0.00196243927217853,0.3055));
#3244=CARTESIAN_POINT('',(0.262159626422135,0.00232969362829611,0.3055));
#3245=CARTESIAN_POINT('',(0.262061998549052,0.00275715154158052,0.3055));
#3246=CARTESIAN_POINT('',(0.262060143508991,0.00318381075567013,0.3055));
#3247=CARTESIAN_POINT('',(0.262377804272665,0.00196243927217854,0.3055));
#3248=CARTESIAN_POINT('',(0.262060143508991,0.00318381075567012,0.3055));
#3249=CARTESIAN_POINT('',(0.262060145399305,0.,0.3055));
#3250=CARTESIAN_POINT('',(0.262060145399305,0.00352215711805554,0.3055));
#3251=CARTESIAN_POINT('',(0.22325,0.00352215711805554,0.3055));
#3252=CARTESIAN_POINT('',(0.263146343315973,0.00352215711805554,0.3055));
#3253=CARTESIAN_POINT('',(0.263146343315973,0.,0.3055));
#3254=CARTESIAN_POINT('',(0.263146343315973,0.00324341804328873,0.3055));
#3255=CARTESIAN_POINT('',(0.263146343315973,0.00324341804328873,0.3055));
#3256=CARTESIAN_POINT('',(0.263150653230298,0.00296304475206104,0.3055));
#3257=CARTESIAN_POINT('',(0.263213963596803,0.00267722178381453,0.3055));
#3258=CARTESIAN_POINT('',(0.263394013237354,0.00246023142541236,0.3055));
#3259=CARTESIAN_POINT('',(0.263394013237354,0.00246023142541237,0.3055));
#3260=CARTESIAN_POINT('',(0.263394013237354,0.00246023142541238,0.3055));
#3261=CARTESIAN_POINT('',(0.263443597140891,0.00240047441080963,0.3055));
#3262=CARTESIAN_POINT('',(0.263499721258587,0.0023477158055664,0.3055));
#3263=CARTESIAN_POINT('',(0.263562848042519,0.0023024504602914,0.3055));
#3264=CARTESIAN_POINT('',(0.263562848042519,0.00230245046029144,0.3055));
#3265=CARTESIAN_POINT('',(0.26356284804252,0.00230245046029252,0.3055));
#3266=CARTESIAN_POINT('',(0.26351369846061,0.00245192723685524,0.3055));
#3267=CARTESIAN_POINT('',(0.263492491319445,0.0026062156560479,0.3055));
#3268=CARTESIAN_POINT('',(0.263492491319445,0.00276323784722219,0.3055));
#3269=CARTESIAN_POINT('',(0.263492491319445,0.00276323784722221,0.3055));
#3270=CARTESIAN_POINT('',(0.263492491319445,0.00276323784722221,0.3055));
#3271=CARTESIAN_POINT('',(0.263492491319445,0.00315392998002879,0.3055));
#3272=CARTESIAN_POINT('',(0.263655255726725,0.00353951557507708,0.3055));
#3273=CARTESIAN_POINT('',(0.263957331205678,0.0037882836165678,0.3055));
#3274=CARTESIAN_POINT('',(0.263957331205678,0.00378828361656782,0.3055));
#3275=CARTESIAN_POINT('',(0.263957331205678,0.00378828361656782,0.3055));
#3276=CARTESIAN_POINT('',(0.264279019961916,0.0040532037687643,0.3055));
#3277=CARTESIAN_POINT('',(0.264701184097678,0.00415670572916668,0.3055));
#3278=CARTESIAN_POINT('',(0.265116536458333,0.00415670572916668,0.3055));
#3279=CARTESIAN_POINT('',(0.265116536458333,0.00415670572916664,0.3055));
#3280=CARTESIAN_POINT('',(0.265116536458334,0.00415670572916665,0.3055));
#3281=CARTESIAN_POINT('',(0.265406527545178,0.00415670572916665,0.3055));
#3282=CARTESIAN_POINT('',(0.265695651821133,0.00409280164601787,0.3055));
#3283=CARTESIAN_POINT('',(0.265951472174449,0.00395598407544218,0.3055));
#3284=CARTESIAN_POINT('',(0.265951472174449,0.00395598407544216,0.3055));
#3285=CARTESIAN_POINT('',(0.265951472174449,0.00395598407544216,0.3055));
#3286=CARTESIAN_POINT('',(0.266199920227396,0.00382310935074636,0.3055));
#3287=CARTESIAN_POINT('',(0.266407575975919,0.0036215923449233,0.3055));
#3288=CARTESIAN_POINT('',(0.266546967691389,0.00337687471975914,0.3055));
#3289=CARTESIAN_POINT('',(0.266546967691389,0.00337687471975916,0.3055));
#3290=CARTESIAN_POINT('',(0.266546967691389,0.00337687471975915,0.3055));
#3291=CARTESIAN_POINT('',(0.266690696941694,0.00312454207084486,0.3055));
#3292=CARTESIAN_POINT('',(0.26675810546875,0.00283478906113785,0.3055));
#3293=CARTESIAN_POINT('',(0.26675810546875,0.00254465060763889,0.3055));
#3294=CARTESIAN_POINT('',(0.26675810546875,0.00254465060763888,0.3055));
#3295=CARTESIAN_POINT('',(0.26675810546875,0.00254465060763888,0.3055));
#3296=CARTESIAN_POINT('',(0.26675810546875,0.00208415629497603,0.3055));
#3297=CARTESIAN_POINT('',(0.266574857571289,0.00162947903798876,0.3055));
#3298=CARTESIAN_POINT('',(0.266228878506961,0.00132393908507582,0.3055));
#3299=CARTESIAN_POINT('',(0.266228878506961,0.00132393908507581,0.3055));
#3300=CARTESIAN_POINT('',(0.266228878506961,0.00132393908507581,0.3055));
#3301=CARTESIAN_POINT('',(0.265858745845999,0.000997068683187003,0.3055));
#3302=CARTESIAN_POINT('',(0.265357845949393,0.000866189236111105,0.3055));
#3303=CARTESIAN_POINT('',(0.264865668402778,0.000866189236111105,0.3055));
#3304=CARTESIAN_POINT('',(0.264865668402778,0.000866189236111105,0.3055));
#3305=CARTESIAN_POINT('',(0.22325,0.000866189236111105,0.3055));
#3306=CARTESIAN_POINT('',(0.26456591796875,0.000866189236111105,0.3055));
#3307=CARTESIAN_POINT('',(0.26456591796875,0.000866189236111105,0.3055));
#3308=CARTESIAN_POINT('',(0.264119528536358,0.000866189236111105,0.3055));
#3309=CARTESIAN_POINT('',(0.26367187757421,0.000947028778217358,0.3055));
#3310=CARTESIAN_POINT('',(0.263271108897288,0.00114458582442485,0.3055));
#3311=CARTESIAN_POINT('',(0.263271108897288,0.00114458582442484,0.3055));
#3312=CARTESIAN_POINT('',(0.263271108897288,0.00114458582442484,0.3055));
#3313=CARTESIAN_POINT('',(0.262902330201748,0.00132637355882255,0.3055));
#3314=CARTESIAN_POINT('',(0.262587771066761,0.00160900642102277,0.3055));
#3315=CARTESIAN_POINT('',(0.262377804272665,0.0019624392721786,0.3055));
#3316=CARTESIAN_POINT('',(0.266731358506944,-0.000104220920138888,0.3055));
#3317=CARTESIAN_POINT('',(0.266731358506944,-0.000277304323090348,0.3055));
#3318=CARTESIAN_POINT('',(0.26667371230484,-0.000449618897846808,0.3055));
#3319=CARTESIAN_POINT('',(0.266556093619151,-0.000577002153668143,0.3055));
#3320=CARTESIAN_POINT('',(0.266731358506944,-0.000104220920138888,0.3055));
#3321=CARTESIAN_POINT('',(0.266556093619151,-0.000577002153668156,0.3055));
#3322=CARTESIAN_POINT('',(0.266556093619151,-0.000577002153668163,0.3055));
#3323=CARTESIAN_POINT('',(0.266437527274119,-0.000705411742438535,0.3055));
#3324=CARTESIAN_POINT('',(0.266265052717892,-0.000773676215277775,0.3055));
#3325=CARTESIAN_POINT('',(0.266090494791667,-0.000773676215277775,0.3055));
#3326=CARTESIAN_POINT('',(0.266090494791667,-0.000773676215277775,0.3055));
#3327=CARTESIAN_POINT('',(0.266090494791667,-0.000773676215277775,0.3055));
#3328=CARTESIAN_POINT('',(0.265914685443482,-0.000773676215277775,0.3055));
#3329=CARTESIAN_POINT('',(0.265741193488385,-0.000704973214060918,0.3055));
#3330=CARTESIAN_POINT('',(0.265621517074681,-0.000575954032001509,0.3055));
#3331=CARTESIAN_POINT('',(0.265621517074681,-0.000575954032001554,0.3055));
#3332=CARTESIAN_POINT('',(0.265621517074681,-0.000575954032001552,0.3055));
#3333=CARTESIAN_POINT('',(0.265503708017545,-0.000448947985274798,0.3055));
#3334=CARTESIAN_POINT('',(0.265444097222222,-0.000277234018426343,0.3055));
#3335=CARTESIAN_POINT('',(0.265444097222222,-0.000104220920138994,0.3055));
#3336=CARTESIAN_POINT('',(0.265444097222223,-0.000104220920138888,0.3055));
#3337=CARTESIAN_POINT('',(0.265444097222223,-0.000104220920138888,0.3055));
#3338=CARTESIAN_POINT('',(0.265444097222223,6.97340347679014E-5,0.3055));
#3339=CARTESIAN_POINT('',(0.265503023752274,0.000242556481071382,0.3055));
#3340=CARTESIAN_POINT('',(0.26562128388001,0.000370488440815369,0.3055));
#3341=CARTESIAN_POINT('',(0.26562128388001,0.000370488440815365,0.3055));
#3342=CARTESIAN_POINT('',(0.26562128388001,0.000370488440815369,0.3055));
#3343=CARTESIAN_POINT('',(0.265740857214034,0.000499841006618438,0.3055));
#3344=CARTESIAN_POINT('',(0.265914553158364,0.000568923611111109,0.3055));
#3345=CARTESIAN_POINT('',(0.266090494791667,0.000568923611111109,0.3055));
#3346=CARTESIAN_POINT('',(0.266090494791667,0.000568923611111109,0.3055));
#3347=CARTESIAN_POINT('',(0.266090494791667,0.000568923611111109,0.3055));
#3348=CARTESIAN_POINT('',(0.266265317013787,0.000568923611111109,0.3055));
#3349=CARTESIAN_POINT('',(0.266437839765097,0.000500306234826175,0.3055));
#3350=CARTESIAN_POINT('',(0.26655632857757,0.000371533487685898,0.3055));
#3351=CARTESIAN_POINT('',(0.26655632857757,0.000371533487685941,0.3055));
#3352=CARTESIAN_POINT('',(0.26655632857757,0.000371533487685936,0.3055));
#3353=CARTESIAN_POINT('',(0.266674300528919,0.000243322461313236,0.3055));
#3354=CARTESIAN_POINT('',(0.266731358506945,6.97095641885736E-5,0.3055));
#3355=CARTESIAN_POINT('',(0.266731358506945,-0.000104220920138858,0.3055));
#3356=CARTESIAN_POINT('',(0.262097960069445,0.,0.3055));
#3357=CARTESIAN_POINT('',(0.262097960069445,-0.00213945582268467,0.3055));
#3358=CARTESIAN_POINT('',(0.262097960069445,-0.00181524522569443,0.3055));
#3359=CARTESIAN_POINT('',(0.22325,-0.00181524522569443,0.3055));
#3360=CARTESIAN_POINT('',(0.2667,-0.00181524522569443,0.3055));
#3361=CARTESIAN_POINT('',(0.2667,0.,0.3055));
#3362=CARTESIAN_POINT('',(0.2667,-0.00304809027777776,0.3055));
#3363=CARTESIAN_POINT('',(0.22325,-0.00304809027777776,0.3055));
#3364=CARTESIAN_POINT('',(0.263560788582333,-0.00304809027777776,0.3055));
#3365=CARTESIAN_POINT('',(0.259168353253837,0.0111286920100013,0.3055));
#3366=CARTESIAN_POINT('',(0.26386883979761,-0.0040423394097222,0.3055));
#3367=CARTESIAN_POINT('',(0.22325,-0.0040423394097222,0.3055));
#3368=CARTESIAN_POINT('',(0.26277972568582,-0.0040423394097222,0.3055));
#3369=CARTESIAN_POINT('',(0.256999224793841,0.0120916808576665,0.3055));
#3370=CARTESIAN_POINT('',(0.25675,0.0077,0.3055));
#3371=CARTESIAN_POINT('',(0.235,0.0077,0.3055));
#3372=CARTESIAN_POINT('',(0.25675,0.0077,0.3055));
#3373=CARTESIAN_POINT('',(0.25675,0.0077,0.3055));
#3374=CARTESIAN_POINT('',(0.257615123832595,0.0077,0.3055));
#3375=CARTESIAN_POINT('',(0.259275183428322,0.00702721714211789,0.3055));
#3376=CARTESIAN_POINT('',(0.260885206819616,0.00496238488252094,0.3055));
#3377=CARTESIAN_POINT('',(0.261764201278174,0.00254203802839751,0.3055));
#3378=CARTESIAN_POINT('',(0.262042811507986,5.92194811624186E-6,0.3055));
#3379=CARTESIAN_POINT('',(0.261764549137053,-0.00254363150196939,0.3055));
#3380=CARTESIAN_POINT('',(0.260885767573913,-0.0049594845314891,0.3055));
#3381=CARTESIAN_POINT('',(0.259279647059391,-0.00702454251619476,0.3055));
#3382=CARTESIAN_POINT('',(0.257615096274551,-0.0077,0.3055));
#3383=CARTESIAN_POINT('',(0.25675,-0.0077,0.3055));
#3384=CARTESIAN_POINT('',(0.25675,-0.0077,0.3055));
#3385=CARTESIAN_POINT('',(0.235,-0.0077,0.3055));
#3386=CARTESIAN_POINT('',(0.235,-0.0077,0.3055));
#3387=CARTESIAN_POINT('',(0.235,-0.0095,0.3055));
#3388=CARTESIAN_POINT('',(0.2332,-0.0095,0.3055));
#3389=CARTESIAN_POINT('',(0.2332,-0.0105,0.3055));
#3390=CARTESIAN_POINT('',(0.2332,-0.0105,0.3055));
#3391=CARTESIAN_POINT('',(0.235,-0.0105,0.3055));
#3392=CARTESIAN_POINT('',(0.235,-0.0123,0.3055));
#3393=CARTESIAN_POINT('',(0.26425,-0.0123,0.3055));
#3394=CARTESIAN_POINT('',(0.26425,-0.0123,0.3055));
#3395=CARTESIAN_POINT('',(0.26425,-0.0135,0.3055));
#3396=CARTESIAN_POINT('',(0.26545,-0.0135,0.3055));
#3397=CARTESIAN_POINT('',(0.26545,0.,0.3055));
#3398=CARTESIAN_POINT('',(0.26545,-0.0145,0.3055));
#3399=CARTESIAN_POINT('',(0.26575,-0.0145,0.3055));
#3400=CARTESIAN_POINT('',(0.26575,-0.0148,0.3055));
#3401=CARTESIAN_POINT('',(0.22325,-0.0148,0.3055));
#3402=CARTESIAN_POINT('',(0.266,-0.0148,0.3055));
#3403=CARTESIAN_POINT('',(0.266,-0.014,0.3055));
#3404=CARTESIAN_POINT('',(0.2668,-0.014,0.3055));
#3405=CARTESIAN_POINT('',(0.2668,0.,0.3055));
#3406=CARTESIAN_POINT('',(0.2668,0.014,0.3055));
#3407=CARTESIAN_POINT('',(0.266,0.014,0.3055));
#3408=CARTESIAN_POINT('',(0.266,0.0148,0.3055));
#3409=CARTESIAN_POINT('',(0.22325,0.0148,0.3055));
#3410=CARTESIAN_POINT('',(0.26575,0.0148,0.3055));
#3411=CARTESIAN_POINT('',(0.26575,0.0145,0.3055));
#3412=CARTESIAN_POINT('',(0.26545,0.0145,0.3055));
#3413=CARTESIAN_POINT('',(0.26545,0.,0.3055));
#3414=CARTESIAN_POINT('',(0.26545,0.0135,0.3055));
#3415=CARTESIAN_POINT('',(0.26425,0.0135,0.3055));
#3416=CARTESIAN_POINT('',(0.26425,0.0123,0.3055));
#3417=CARTESIAN_POINT('',(0.235,0.0123,0.3055));
#3418=CARTESIAN_POINT('',(0.235,0.0123,0.3055));
#3419=CARTESIAN_POINT('',(0.235,0.0105,0.3055));
#3420=CARTESIAN_POINT('',(0.2332,0.0105,0.3055));
#3421=CARTESIAN_POINT('',(0.2332,0.0095,0.3055));
#3422=CARTESIAN_POINT('',(0.2332,0.0095,0.3055));
#3423=CARTESIAN_POINT('',(0.235,0.0095,0.3055));
#3424=CARTESIAN_POINT('',(0.26575,0.0145,0.3039));
#3425=CARTESIAN_POINT('',(0.26525,0.0145,0.3039));
#3426=CARTESIAN_POINT('',(0.26525,0.0145,0.3041));
#3427=CARTESIAN_POINT('',(0.26525,0.0145,0.3053));
#3428=CARTESIAN_POINT('',(0.26575,0.0145,0.3053));
#3429=CARTESIAN_POINT('',(0.26575,0.015,0.3053));
#3430=CARTESIAN_POINT('',(0.26575,0.015,0.3039));
#3431=CARTESIAN_POINT('',(0.26575,0.015,0.3041));
#3432=CARTESIAN_POINT('',(0.26575,0.0145,0.3041));
#3433=CARTESIAN_POINT('',(0.26525,0.014,0.3039));
#3434=CARTESIAN_POINT('',(0.26525,0.0135,0.3039));
#3435=CARTESIAN_POINT('',(0.26525,0.0135,0.3041));
#3436=CARTESIAN_POINT('',(0.26525,0.0135,0.3053));
#3437=CARTESIAN_POINT('',(0.26525,0.014,0.3053));
#3438=CARTESIAN_POINT('',(0.26525,0.0135,0.3041));
#3439=CARTESIAN_POINT('',(0.26425,0.0135,0.3039));
#3440=CARTESIAN_POINT('',(0.26425,0.0125,0.3039));
#3441=CARTESIAN_POINT('',(0.26425,0.0125,0.3041));
#3442=CARTESIAN_POINT('',(0.26425,0.0125,0.3053));
#3443=CARTESIAN_POINT('',(0.26425,0.0135,0.3053));
#3444=CARTESIAN_POINT('',(0.26425,0.0135,0.3041));
#3445=CARTESIAN_POINT('',(0.249625,0.0125,0.3039));
#3446=CARTESIAN_POINT('',(0.235,0.0125,0.3039));
#3447=CARTESIAN_POINT('',(0.235,0.0125,0.3041));
#3448=CARTESIAN_POINT('',(0.235,0.0125,0.3053));
#3449=CARTESIAN_POINT('',(0.26425,0.0125,0.3053));
#3450=CARTESIAN_POINT('',(0.249625,0.0125,0.3041));
#3451=CARTESIAN_POINT('',(0.235,0.0105,0.3039));
#3452=CARTESIAN_POINT('',(0.233,0.0105,0.3039));
#3453=CARTESIAN_POINT('',(0.233,0.0105,0.3041));
#3454=CARTESIAN_POINT('',(0.233,0.0105,0.3053));
#3455=CARTESIAN_POINT('',(0.235,0.0105,0.3053));
#3456=CARTESIAN_POINT('',(0.235,0.0105,0.3041));
#3457=CARTESIAN_POINT('',(0.233,0.01,0.3039));
#3458=CARTESIAN_POINT('',(0.233,0.0095,0.3039));
#3459=CARTESIAN_POINT('',(0.233,0.0095,0.3041));
#3460=CARTESIAN_POINT('',(0.233,0.0095,0.3053));
#3461=CARTESIAN_POINT('',(0.233,0.0105,0.3053));
#3462=CARTESIAN_POINT('',(0.233,0.01,0.3041));
#3463=CARTESIAN_POINT('',(0.235,0.0095,0.3039));
#3464=CARTESIAN_POINT('',(0.235,0.0075,0.3039));
#3465=CARTESIAN_POINT('',(0.235,0.0075,0.3041));
#3466=CARTESIAN_POINT('',(0.235,0.0075,0.3053));
#3467=CARTESIAN_POINT('',(0.235,0.0095,0.3053));
#3468=CARTESIAN_POINT('',(0.235,0.0095,0.3041));
#3469=CARTESIAN_POINT('',(0.245875,0.0075,0.3039));
#3470=CARTESIAN_POINT('',(0.25675,0.0075,0.3039));
#3471=CARTESIAN_POINT('',(0.25675,0.0075,0.3041));
#3472=CARTESIAN_POINT('',(0.25675,0.0075,0.3053));
#3473=CARTESIAN_POINT('',(0.235,0.0075,0.3053));
#3474=CARTESIAN_POINT('',(0.245875,0.0075,0.3041));
#3475=CARTESIAN_POINT('',(0.25675,-0.00749999999999999,0.3041));
#3476=CARTESIAN_POINT('',(0.25675,-0.00749999999999999,0.3053));
#3477=CARTESIAN_POINT('',(0.258058996938996,-0.00749999999999999,0.3041));
#3478=CARTESIAN_POINT('',(0.258058996938996,-0.00749999999999999,0.3053));
#3479=CARTESIAN_POINT('',(0.260666569342368,-0.00587708718668417,0.3041));
#3480=CARTESIAN_POINT('',(0.260666569342368,-0.00587708718668417,0.3053));
#3481=CARTESIAN_POINT('',(0.262291715328816,4.1333122821832E-17,0.3041));
#3482=CARTESIAN_POINT('',(0.262291715328816,4.1333122821832E-17,0.3053));
#3483=CARTESIAN_POINT('',(0.260666569342368,0.00587708718668416,0.3041));
#3484=CARTESIAN_POINT('',(0.260666569342368,0.00587708718668416,0.3053));
#3485=CARTESIAN_POINT('',(0.258058996938996,0.00750000000000002,0.3041));
#3486=CARTESIAN_POINT('',(0.258058996938996,0.00750000000000002,0.3053));
#3487=CARTESIAN_POINT('',(0.25675,0.00750000000000001,0.3041));
#3488=CARTESIAN_POINT('',(0.25675,0.00750000000000001,0.3053));
#3489=CARTESIAN_POINT('',(0.25675,-0.0075,0.3039));
#3490=CARTESIAN_POINT('',(0.25675,-0.0075,0.3041));
#3491=CARTESIAN_POINT('',(0.25675,-0.0075,0.3053));
#3492=CARTESIAN_POINT('',(0.25675,-0.0075,0.3053));
#3493=CARTESIAN_POINT('',(0.257588483755508,-0.0075,0.3053));
#3494=CARTESIAN_POINT('',(0.259196123786025,-0.00682695939569069,0.3053));
#3495=CARTESIAN_POINT('',(0.260731372573625,-0.00481158029483587,0.3053));
#3496=CARTESIAN_POINT('',(0.261572114581775,-0.00246817417352551,0.3053));
#3497=CARTESIAN_POINT('',(0.261838567693941,2.56164028715276E-6,0.3053));
#3498=CARTESIAN_POINT('',(0.26157361462507,0.00245945995591837,0.3053));
#3499=CARTESIAN_POINT('',(0.260732793182272,0.0048090236092468,0.3053));
#3500=CARTESIAN_POINT('',(0.259201121929441,0.00682361446284872,0.3053));
#3501=CARTESIAN_POINT('',(0.257588100381833,0.00749999999999999,0.3053));
#3502=CARTESIAN_POINT('',(0.25675,0.0075,0.3053));
#3503=CARTESIAN_POINT('',(0.25675,0.0075,0.3041));
#3504=CARTESIAN_POINT('',(0.257588483755508,0.0075,0.3041));
#3505=CARTESIAN_POINT('',(0.259196123786025,0.00682695939569067,0.3041));
#3506=CARTESIAN_POINT('',(0.260731372573625,0.00481158029483585,0.3041));
#3507=CARTESIAN_POINT('',(0.261572114581775,0.00246817417352555,0.3041));
#3508=CARTESIAN_POINT('',(0.261838567693941,-2.56164028713525E-6,0.3041));
#3509=CARTESIAN_POINT('',(0.26157361462507,-0.00245945995591833,0.3041));
#3510=CARTESIAN_POINT('',(0.260732793182272,-0.00480902360924679,0.3041));
#3511=CARTESIAN_POINT('',(0.259201121929441,-0.00682361446284868,0.3041));
#3512=CARTESIAN_POINT('',(0.257588100381833,-0.0075,0.3041));
#3513=CARTESIAN_POINT('',(0.25675,-0.0075,0.3041));
#3514=CARTESIAN_POINT('',(0.245875,-0.0075,0.3039));
#3515=CARTESIAN_POINT('',(0.235,-0.0075,0.3039));
#3516=CARTESIAN_POINT('',(0.235,-0.0075,0.3041));
#3517=CARTESIAN_POINT('',(0.235,-0.0075,0.3053));
#3518=CARTESIAN_POINT('',(0.25675,-0.0075,0.3053));
#3519=CARTESIAN_POINT('',(0.245875,-0.0075,0.3041));
#3520=CARTESIAN_POINT('',(0.235,-0.0095,0.3039));
#3521=CARTESIAN_POINT('',(0.233,-0.0095,0.3039));
#3522=CARTESIAN_POINT('',(0.233,-0.0095,0.3041));
#3523=CARTESIAN_POINT('',(0.233,-0.0095,0.3053));
#3524=CARTESIAN_POINT('',(0.235,-0.0095,0.3053));
#3525=CARTESIAN_POINT('',(0.235,-0.0095,0.3041));
#3526=CARTESIAN_POINT('',(0.233,-0.01,0.3039));
#3527=CARTESIAN_POINT('',(0.233,-0.0105,0.3039));
#3528=CARTESIAN_POINT('',(0.233,-0.0105,0.3041));
#3529=CARTESIAN_POINT('',(0.233,-0.0105,0.3053));
#3530=CARTESIAN_POINT('',(0.233,-0.0095,0.3053));
#3531=CARTESIAN_POINT('',(0.233,-0.01,0.3041));
#3532=CARTESIAN_POINT('',(0.235,-0.0105,0.3039));
#3533=CARTESIAN_POINT('',(0.235,-0.0125,0.3039));
#3534=CARTESIAN_POINT('',(0.235,-0.0125,0.3041));
#3535=CARTESIAN_POINT('',(0.235,-0.0125,0.3053));
#3536=CARTESIAN_POINT('',(0.235,-0.0105,0.3053));
#3537=CARTESIAN_POINT('',(0.235,-0.0105,0.3041));
#3538=CARTESIAN_POINT('',(0.249625,-0.0125,0.3039));
#3539=CARTESIAN_POINT('',(0.26425,-0.0125,0.3039));
#3540=CARTESIAN_POINT('',(0.26425,-0.0125,0.3041));
#3541=CARTESIAN_POINT('',(0.26425,-0.0125,0.3053));
#3542=CARTESIAN_POINT('',(0.235,-0.0125,0.3053));
#3543=CARTESIAN_POINT('',(0.249625,-0.0125,0.3041));
#3544=CARTESIAN_POINT('',(0.26425,-0.0135,0.3039));
#3545=CARTESIAN_POINT('',(0.26525,-0.0135,0.3039));
#3546=CARTESIAN_POINT('',(0.26525,-0.0135,0.3041));
#3547=CARTESIAN_POINT('',(0.26525,-0.0135,0.3053));
#3548=CARTESIAN_POINT('',(0.26425,-0.0135,0.3053));
#3549=CARTESIAN_POINT('',(0.26425,-0.0135,0.3041));
#3550=CARTESIAN_POINT('',(0.26525,-0.014,0.3039));
#3551=CARTESIAN_POINT('',(0.26525,-0.0145,0.3039));
#3552=CARTESIAN_POINT('',(0.26525,-0.0145,0.3041));
#3553=CARTESIAN_POINT('',(0.26525,-0.0145,0.3053));
#3554=CARTESIAN_POINT('',(0.26525,-0.014,0.3053));
#3555=CARTESIAN_POINT('',(0.26525,-0.0145,0.3041));
#3556=CARTESIAN_POINT('',(0.26575,-0.0145,0.3039));
#3557=CARTESIAN_POINT('',(0.26575,-0.015,0.3039));
#3558=CARTESIAN_POINT('',(0.26575,-0.015,0.3041));
#3559=CARTESIAN_POINT('',(0.26575,-0.015,0.3053));
#3560=CARTESIAN_POINT('',(0.26575,-0.0145,0.3053));
#3561=CARTESIAN_POINT('',(0.26575,-0.0145,0.3041));
#3562=CARTESIAN_POINT('',(0.265875,-0.015,0.3039));
#3563=CARTESIAN_POINT('',(0.266,-0.015,0.3039));
#3564=CARTESIAN_POINT('',(0.266,-0.015,0.3041));
#3565=CARTESIAN_POINT('',(0.266,-0.015,0.3053));
#3566=CARTESIAN_POINT('',(0.265875,-0.015,0.3053));
#3567=CARTESIAN_POINT('',(0.266,-0.015,0.3041));
#3568=CARTESIAN_POINT('',(0.266,-0.014,0.3039));
#3569=CARTESIAN_POINT('',(0.267,-0.014,0.3039));
#3570=CARTESIAN_POINT('',(0.267,-0.014,0.3041));
#3571=CARTESIAN_POINT('',(0.267,-0.014,0.3053));
#3572=CARTESIAN_POINT('',(0.266,-0.014,0.3053));
#3573=CARTESIAN_POINT('',(0.266,-0.014,0.3041));
#3574=CARTESIAN_POINT('',(0.267,5.20417042793042E-18,0.3039));
#3575=CARTESIAN_POINT('',(0.267,0.014,0.3039));
#3576=CARTESIAN_POINT('',(0.267,0.014,0.3041));
#3577=CARTESIAN_POINT('',(0.267,0.014,0.3053));
#3578=CARTESIAN_POINT('',(0.267,5.20417042793042E-18,0.3053));
#3579=CARTESIAN_POINT('',(0.267,0.014,0.3041));
#3580=CARTESIAN_POINT('',(0.266,0.014,0.3039));
#3581=CARTESIAN_POINT('',(0.266,0.015,0.3039));
#3582=CARTESIAN_POINT('',(0.266,0.015,0.3041));
#3583=CARTESIAN_POINT('',(0.266,0.015,0.3053));
#3584=CARTESIAN_POINT('',(0.266,0.014,0.3053));
#3585=CARTESIAN_POINT('',(0.266,0.014,0.3041));
#3586=CARTESIAN_POINT('',(0.265875,0.015,0.3039));
#3587=CARTESIAN_POINT('',(0.265875,0.015,0.3053));
#3588=CARTESIAN_POINT('',(0.26575,0.015,0.3041));
#3589=CARTESIAN_POINT('',(0.22325,0.,0.3039));
#3590=CARTESIAN_POINT('',(0.22325,-0.0077,0.3039));
#3591=CARTESIAN_POINT('',(0.235,-0.0077,0.3039));
#3592=CARTESIAN_POINT('',(0.25675,-0.0077,0.3039));
#3593=CARTESIAN_POINT('',(0.25675,-0.0077,0.3039));
#3594=CARTESIAN_POINT('',(0.257615123832596,-0.0077,0.3039));
#3595=CARTESIAN_POINT('',(0.259275183428322,-0.00702721714211785,0.3039));
#3596=CARTESIAN_POINT('',(0.260885206819616,-0.00496238488252092,0.3039));
#3597=CARTESIAN_POINT('',(0.261764201278174,-0.00254203802839749,0.3039));
#3598=CARTESIAN_POINT('',(0.262042811507986,-5.92194811622634E-6,0.3039));
#3599=CARTESIAN_POINT('',(0.261764549137053,0.00254363150196942,0.3039));
#3600=CARTESIAN_POINT('',(0.260885767573913,0.00495948453148911,0.3039));
#3601=CARTESIAN_POINT('',(0.259279647059391,0.00702454251619482,0.3039));
#3602=CARTESIAN_POINT('',(0.257615096274551,0.0077,0.3039));
#3603=CARTESIAN_POINT('',(0.25675,0.0077,0.3039));
#3604=CARTESIAN_POINT('',(0.25675,0.0077,0.3039));
#3605=CARTESIAN_POINT('',(0.22325,0.0077,0.3039));
#3606=CARTESIAN_POINT('',(0.235,0.0077,0.3039));
#3607=CARTESIAN_POINT('',(0.235,0.0095,0.3039));
#3608=CARTESIAN_POINT('',(0.2332,0.0095,0.3039));
#3609=CARTESIAN_POINT('',(0.2332,0.,0.3039));
#3610=CARTESIAN_POINT('',(0.2332,0.0105,0.3039));
#3611=CARTESIAN_POINT('',(0.235,0.0105,0.3039));
#3612=CARTESIAN_POINT('',(0.235,0.0123,0.3039));
#3613=CARTESIAN_POINT('',(0.22325,0.0123,0.3039));
#3614=CARTESIAN_POINT('',(0.26425,0.0123,0.3039));
#3615=CARTESIAN_POINT('',(0.26425,0.0135,0.3039));
#3616=CARTESIAN_POINT('',(0.26545,0.0135,0.3039));
#3617=CARTESIAN_POINT('',(0.26545,0.0145,0.3039));
#3618=CARTESIAN_POINT('',(0.26545,0.0145,0.3039));
#3619=CARTESIAN_POINT('',(0.26575,0.0145,0.3039));
#3620=CARTESIAN_POINT('',(0.26575,0.0148,0.3039));
#3621=CARTESIAN_POINT('',(0.266,0.0148,0.3039));
#3622=CARTESIAN_POINT('',(0.266,0.0148,0.3039));
#3623=CARTESIAN_POINT('',(0.266,0.014,0.3039));
#3624=CARTESIAN_POINT('',(0.2668,0.014,0.3039));
#3625=CARTESIAN_POINT('',(0.2668,-0.014,0.3039));
#3626=CARTESIAN_POINT('',(0.2668,-0.014,0.3039));
#3627=CARTESIAN_POINT('',(0.266,-0.014,0.3039));
#3628=CARTESIAN_POINT('',(0.266,-0.0148,0.3039));
#3629=CARTESIAN_POINT('',(0.26575,-0.0148,0.3039));
#3630=CARTESIAN_POINT('',(0.26575,-0.0148,0.3039));
#3631=CARTESIAN_POINT('',(0.26575,-0.0145,0.3039));
#3632=CARTESIAN_POINT('',(0.26545,-0.0145,0.3039));
#3633=CARTESIAN_POINT('',(0.26545,-0.0135,0.3039));
#3634=CARTESIAN_POINT('',(0.26545,-0.0135,0.3039));
#3635=CARTESIAN_POINT('',(0.26425,-0.0135,0.3039));
#3636=CARTESIAN_POINT('',(0.26425,-0.0123,0.3039));
#3637=CARTESIAN_POINT('',(0.22325,-0.0123,0.3039));
#3638=CARTESIAN_POINT('',(0.235,-0.0123,0.3039));
#3639=CARTESIAN_POINT('',(0.235,-0.0105,0.3039));
#3640=CARTESIAN_POINT('',(0.2332,-0.0105,0.3039));
#3641=CARTESIAN_POINT('',(0.2332,0.,0.3039));
#3642=CARTESIAN_POINT('',(0.2332,-0.0095,0.3039));
#3643=CARTESIAN_POINT('',(0.235,-0.0095,0.3039));
#3644=CARTESIAN_POINT('',(0.274779052734375,0.,0.3053));
#3645=CARTESIAN_POINT('',(0.263176345269616,0.00227961953261163,0.3053));
#3646=CARTESIAN_POINT('',(0.262955574427653,0.00254568584618995,0.3053));
#3647=CARTESIAN_POINT('',(0.26286868240361,0.0028956876016628,0.3053));
#3648=CARTESIAN_POINT('',(0.262863520455489,0.00323996379591948,0.3053));
#3649=CARTESIAN_POINT('',(0.263176345269616,0.00227961953261154,0.3053));
#3650=CARTESIAN_POINT('',(0.262863505341525,0.00323991684619831,0.3053));
#3651=CARTESIAN_POINT('',(0.262260145399305,0.00323931440558091,0.3053));
#3652=CARTESIAN_POINT('',(0.26234298811178,0.00323931440558091,0.3053));
#3653=CARTESIAN_POINT('',(0.26234298811178,0.00318381076388887,0.3053));
#3654=CARTESIAN_POINT('',(0.26234298811178,0.00318381076341876,0.3053));
#3655=CARTESIAN_POINT('',(0.262342988918263,0.00318381076703039,0.3053));
#3656=CARTESIAN_POINT('',(0.262344676905271,0.00280688094474546,0.3053));
#3657=CARTESIAN_POINT('',(0.262428020266677,0.00243169366323901,0.3053));
#3658=CARTESIAN_POINT('',(0.262620972866063,0.00210690046137912,0.3053));
#3659=CARTESIAN_POINT('',(0.262620972866063,0.00210690046137911,0.3053));
#3660=CARTESIAN_POINT('',(0.262620972866063,0.00210690046137911,0.3053));
#3661=CARTESIAN_POINT('',(0.262803703527998,0.00179931363976102,0.3053));
#3662=CARTESIAN_POINT('',(0.263075340078107,0.00155642961182548,0.3053));
#3663=CARTESIAN_POINT('',(0.26339616619483,0.00139827987703894,0.3053));
#3664=CARTESIAN_POINT('',(0.263396166194829,0.00139827987703896,0.3053));
#3665=CARTESIAN_POINT('',(0.263396166194829,0.00139827987703896,0.3053));
#3666=CARTESIAN_POINT('',(0.263758929599684,0.00121945735207057,0.3053));
#3667=CARTESIAN_POINT('',(0.264162310135821,0.00114903194858574,0.3053));
#3668=CARTESIAN_POINT('',(0.26456591796875,0.00114903194858574,0.3053));
#3669=CARTESIAN_POINT('',(0.26456591796875,0.00114903194858573,0.3053));
#3670=CARTESIAN_POINT('',(0.264865668402778,0.00114903194858573,0.3053));
#3671=CARTESIAN_POINT('',(0.264865668402778,0.00114903194858573,0.3053));
#3672=CARTESIAN_POINT('',(0.264865668402778,0.00114903194858573,0.3053));
#3673=CARTESIAN_POINT('',(0.265289415900113,0.00114903194858573,0.3053));
#3674=CARTESIAN_POINT('',(0.265722378656612,0.00125398867657813,0.3053));
#3675=CARTESIAN_POINT('',(0.266041652602563,0.00153594488858613,0.3053));
#3676=CARTESIAN_POINT('',(0.266041652602563,0.00153594488858614,0.3053));
#3677=CARTESIAN_POINT('',(0.266041652602563,0.00153594488858614,0.3053));
#3678=CARTESIAN_POINT('',(0.266327107970174,0.00178803534310003,0.3053));
#3679=CARTESIAN_POINT('',(0.266475262756275,0.00216397451251361,0.3053));
#3680=CARTESIAN_POINT('',(0.266475262756275,0.00254465060763886,0.3053));
#3681=CARTESIAN_POINT('',(0.266475262756275,0.00254465060763888,0.3053));
#3682=CARTESIAN_POINT('',(0.266475262756275,0.00254465060763888,0.3053));
#3683=CARTESIAN_POINT('',(0.266475262756275,0.0027868558247319,0.3053));
#3684=CARTESIAN_POINT('',(0.266421457251242,0.00302575604908683,0.3053));
#3685=CARTESIAN_POINT('',(0.266301198329064,0.00323688393241178,0.3053));
#3686=CARTESIAN_POINT('',(0.266301198329064,0.00323688393241179,0.3053));
#3687=CARTESIAN_POINT('',(0.266301198329064,0.00323688393241178,0.3053));
#3688=CARTESIAN_POINT('',(0.266187738684021,0.00343607493019241,0.3053));
#3689=CARTESIAN_POINT('',(0.266020344896981,0.00359839661236919,0.3053));
#3690=CARTESIAN_POINT('',(0.265818081335442,0.00370657099625642,0.3053));
#3691=CARTESIAN_POINT('',(0.265818081335442,0.00370657099625641,0.3053));
#3692=CARTESIAN_POINT('',(0.265818081335442,0.00370657099625641,0.3053));
#3693=CARTESIAN_POINT('',(0.265602331013636,0.00382195835499353,0.3053));
#3694=CARTESIAN_POINT('',(0.265360891629021,0.00387386301669202,0.3053));
#3695=CARTESIAN_POINT('',(0.265116536458334,0.00387386301669202,0.3053));
#3696=CARTESIAN_POINT('',(0.265116536458333,0.00387386301669202,0.3053));
#3697=CARTESIAN_POINT('',(0.265116536458333,0.00387386301669202,0.3053));
#3698=CARTESIAN_POINT('',(0.264765668072923,0.00387386301669202,0.3053));
#3699=CARTESIAN_POINT('',(0.264409935435065,0.0037946068289479,0.3053));
#3700=CARTESIAN_POINT('',(0.264137136369417,0.00356994877488474,0.3053));
#3701=CARTESIAN_POINT('',(0.264137136369417,0.00356994877488476,0.3053));
#3702=CARTESIAN_POINT('',(0.264137136369417,0.00356994877488475,0.3053));
#3703=CARTESIAN_POINT('',(0.263899721278858,0.00337443046501274,0.3053));
#3704=CARTESIAN_POINT('',(0.263775334031919,0.00307044317340335,0.3053));
#3705=CARTESIAN_POINT('',(0.263775334031919,0.00276323784722222,0.3053));
#3706=CARTESIAN_POINT('',(0.263775334031919,0.00276323784722221,0.3053));
#3707=CARTESIAN_POINT('',(0.263775334031919,0.00276323784722221,0.3053));
#3708=CARTESIAN_POINT('',(0.263775334031919,0.00257541149503958,0.3053));
#3709=CARTESIAN_POINT('',(0.263850842061273,0.00219510660239712,0.3053));
#3710=CARTESIAN_POINT('',(0.264134906698722,0.00193522963928622,0.3053));
#3711=CARTESIAN_POINT('',(0.264269201653489,0.00180348228528769,0.3053));
#3712=CARTESIAN_POINT('',(0.264269201653489,0.00180348228528769,0.3053));
#3713=CARTESIAN_POINT('',(0.264269201653489,0.00180348228528776,0.3053));
#3714=CARTESIAN_POINT('',(0.264066323273472,0.00183114751892641,0.3053));
#3715=CARTESIAN_POINT('',(0.263651099054462,0.00187681591220994,0.3053));
#3716=CARTESIAN_POINT('',(0.263307991512598,0.00212096347887276,0.3053));
#3717=CARTESIAN_POINT('',(0.263176345269616,0.00227961953261152,0.3053));
#3718=CARTESIAN_POINT('',(0.265734927789153,0.0019459951327447,0.3053));
#3719=CARTESIAN_POINT('',(0.265521433585494,0.0017966750217378,0.3053));
#3720=CARTESIAN_POINT('',(0.265257019742759,0.00175539105376375,0.3053));
#3721=CARTESIAN_POINT('',(0.264998480902778,0.00175539105376375,0.3053));
#3722=CARTESIAN_POINT('',(0.265734927789153,0.0019459951327447,0.3053));
#3723=CARTESIAN_POINT('',(0.264998480902778,0.00175539105376398,0.3053));
#3724=CARTESIAN_POINT('',(0.264744845920139,0.00175539105376398,0.3053));
#3725=CARTESIAN_POINT('',(0.264713624645472,0.00175539105376414,0.3053));
#3726=CARTESIAN_POINT('',(0.264713624645472,0.00175539105376414,0.3053));
#3727=CARTESIAN_POINT('',(0.264563497696868,0.00182246905207648,0.3053));
#3728=CARTESIAN_POINT('',(0.264431656034057,0.00192608211645472,0.3053));
#3729=CARTESIAN_POINT('',(0.264343016666936,0.00206448393529252,0.3053));
#3730=CARTESIAN_POINT('',(0.264343016666936,0.00206448393529255,0.3053));
#3731=CARTESIAN_POINT('',(0.264343016666936,0.00206448393529255,0.3053));
#3732=CARTESIAN_POINT('',(0.264257958990727,0.00219729328937325,0.3053));
#3733=CARTESIAN_POINT('',(0.26421475520307,0.00235191519079804,0.3053));
#3734=CARTESIAN_POINT('',(0.26421475520307,0.00250960286458337,0.3053));
#3735=CARTESIAN_POINT('',(0.26421475520307,0.00250960286458332,0.3053));
#3736=CARTESIAN_POINT('',(0.26421475520307,0.00250960286458332,0.3053));
#3737=CARTESIAN_POINT('',(0.26421475520307,0.00272672465517735,0.3053));
#3738=CARTESIAN_POINT('',(0.264310021621002,0.00293825231729919,0.3053));
#3739=CARTESIAN_POINT('',(0.264480266093771,0.00307377587785816,0.3053));
#3740=CARTESIAN_POINT('',(0.264480266093771,0.00307377587785817,0.3053));
#3741=CARTESIAN_POINT('',(0.264480266093771,0.00307377587785818,0.3053));
#3742=CARTESIAN_POINT('',(0.26466147156711,0.0032180249717662,0.3053));
#3743=CARTESIAN_POINT('',(0.264894317891302,0.00327303776568046,0.3053));
#3744=CARTESIAN_POINT('',(0.265124837239584,0.00327303776568046,0.3053));
#3745=CARTESIAN_POINT('',(0.265124837239584,0.00327303776568043,0.3053));
#3746=CARTESIAN_POINT('',(0.265124837239584,0.00327303776568043,0.3053));
#3747=CARTESIAN_POINT('',(0.265353422874303,0.00327303776568043,0.3053));
#3748=CARTESIAN_POINT('',(0.265583152729134,0.00321805824858803,0.3053));
#3749=CARTESIAN_POINT('',(0.26576427218033,0.00307639837281611,0.3053));
#3750=CARTESIAN_POINT('',(0.26576427218033,0.00307639837281609,0.3053));
#3751=CARTESIAN_POINT('',(0.26576427218033,0.00307639837281609,0.3053));
#3752=CARTESIAN_POINT('',(0.265931991315121,0.00294521935453718,0.3053));
#3753=CARTESIAN_POINT('',(0.266032152349014,0.00274009713563495,0.3053));
#3754=CARTESIAN_POINT('',(0.266032152349014,0.00252712673611109,0.3053));
#3755=CARTESIAN_POINT('',(0.266032152349014,0.0025271267361111,0.3053));
#3756=CARTESIAN_POINT('',(0.266032152349014,0.0025271267361111,0.3053));
#3757=CARTESIAN_POINT('',(0.266032152349014,0.0022985621728061,0.3053));
#3758=CARTESIAN_POINT('',(0.265922604497214,0.00207725821343194,0.3053));
#3759=CARTESIAN_POINT('',(0.265734927789153,0.00194599513274465,0.3053));
#3760=CARTESIAN_POINT('',(0.274779052734375,0.,0.3053));
#3761=CARTESIAN_POINT('',(0.265875488917429,-0.000340373253728946,0.3053));
#3762=CARTESIAN_POINT('',(0.265930157608207,-0.000399309760515843,0.3053));
#3763=CARTESIAN_POINT('',(0.266010194131729,-0.000427266053761506,0.3053));
#3764=CARTESIAN_POINT('',(0.266090494791667,-0.000427266053761622,0.3053));
#3765=CARTESIAN_POINT('',(0.265875488917429,-0.000340373253728946,0.3053));
#3766=CARTESIAN_POINT('',(0.266090494791667,-0.000427266053763986,0.3053));
#3767=CARTESIAN_POINT('',(0.266090494791667,-0.000427266053763986,0.3053));
#3768=CARTESIAN_POINT('',(0.266169240111411,-0.000427266053763986,0.3053));
#3769=CARTESIAN_POINT('',(0.266247965873371,-0.00040007190761485,0.3053));
#3770=CARTESIAN_POINT('',(0.266301584240304,-0.000342002204558633,0.3053));
#3771=CARTESIAN_POINT('',(0.266301584240306,-0.000342002204561156,0.3053));
#3772=CARTESIAN_POINT('',(0.266301584240306,-0.000342002204561156,0.3053));
#3773=CARTESIAN_POINT('',(0.266360507876276,-0.000278186795039072,0.3053));
#3774=CARTESIAN_POINT('',(0.266384948345431,-0.000190853598513955,0.3053));
#3775=CARTESIAN_POINT('',(0.266384948345431,-0.000104220920138865,0.3053));
#3776=CARTESIAN_POINT('',(0.266384948345431,-0.000104220920138888,0.3053));
#3777=CARTESIAN_POINT('',(0.266384948345431,-0.000104220920138888,0.3053));
#3778=CARTESIAN_POINT('',(0.266384948345431,-1.66605104064111E-5,0.3053));
#3779=CARTESIAN_POINT('',(0.266360987784038,7.22287980443885E-5,0.3053));
#3780=CARTESIAN_POINT('',(0.266301412238806,0.000136975050976193,0.3053));
#3781=CARTESIAN_POINT('',(0.266301412238806,0.000136975050976594,0.3053));
#3782=CARTESIAN_POINT('',(0.266301412238806,0.000136975050976594,0.3053));
#3783=CARTESIAN_POINT('',(0.266247971497539,0.00019505404526002,0.3053));
#3784=CARTESIAN_POINT('',(0.266169332701685,0.000222513449594694,0.3053));
#3785=CARTESIAN_POINT('',(0.266090494791667,0.000222513449594694,0.3053));
#3786=CARTESIAN_POINT('',(0.266090494791667,0.000222513449597321,0.3053));
#3787=CARTESIAN_POINT('',(0.266090494791667,0.000222513449597321,0.3053));
#3788=CARTESIAN_POINT('',(0.266010298227458,0.000222513449597321,0.3053));
#3789=CARTESIAN_POINT('',(0.265930289504524,0.00019444159694099,0.3053));
#3790=CARTESIAN_POINT('',(0.265875659627778,0.00013534384923494,0.3053));
#3791=CARTESIAN_POINT('',(0.265875659627776,0.000135343849237599,0.3053));
#3792=CARTESIAN_POINT('',(0.265875659627776,0.000135343849237599,0.3053));
#3793=CARTESIAN_POINT('',(0.265816180813206,7.10005963011702E-5,0.3053));
#3794=CARTESIAN_POINT('',(0.265790507383736,-1.67878395068359E-5,0.3053));
#3795=CARTESIAN_POINT('',(0.265790507383736,-0.000104220920138914,0.3053));
#3796=CARTESIAN_POINT('',(0.265790507383736,-0.000104220920138888,0.3053));
#3797=CARTESIAN_POINT('',(0.265790507383736,-0.000104220920138888,0.3053));
#3798=CARTESIAN_POINT('',(0.265790507383736,-0.00019059236639127,0.3053));
#3799=CARTESIAN_POINT('',(0.265816539980407,-0.000276822355080885,0.3053));
#3800=CARTESIAN_POINT('',(0.265875488917429,-0.000340373253728944,0.3053));
#3801=CARTESIAN_POINT('',(0.274779052734375,0.,0.3053));
#3802=CARTESIAN_POINT('',(0.266353589838487,-0.00201524522569444,0.3053));
#3803=CARTESIAN_POINT('',(0.266353589838487,-0.00270168011626398,0.3053));
#3804=CARTESIAN_POINT('',(0.266353589838487,-0.00216165538720822,0.3053));
#3805=CARTESIAN_POINT('',(0.262297960069445,-0.00216165538720822,0.3053));
#3806=CARTESIAN_POINT('',(0.262473886246165,-0.00216165538720822,0.3053));
#3807=CARTESIAN_POINT('',(0.263058349523297,-0.0037929573340485,0.3053));
#3808=CARTESIAN_POINT('',(0.263023586275982,-0.00369592924820841,0.3053));
#3809=CARTESIAN_POINT('',(0.263597493489584,-0.00369592924820841,0.3053));
#3810=CARTESIAN_POINT('',(0.263398854205662,-0.00369592924820841,0.3053));
#3811=CARTESIAN_POINT('',(0.263149590933154,-0.00289142084173366,0.3053));
#3812=CARTESIAN_POINT('',(0.263090802990384,-0.00270168011626398,0.3053));
#3813=CARTESIAN_POINT('',(0.2665,-0.00270168011626398,0.3053));
#3814=CARTESIAN_POINT('',(0.22325,0.,0.3055));
#3815=CARTESIAN_POINT('',(0.264634728497859,0.00225131061352458,0.3055));
#3816=CARTESIAN_POINT('',(0.264674181216107,0.00218970900082268,0.3055));
#3817=CARTESIAN_POINT('',(0.264727486220281,0.00213728117280035,0.3055));
#3818=CARTESIAN_POINT('',(0.264791536007872,0.00210180121527778,0.3055));
#3819=CARTESIAN_POINT('',(0.264634728497859,0.00225131061352458,0.3055));
#3820=CARTESIAN_POINT('',(0.264791536007872,0.00210180121527779,0.3055));
#3821=CARTESIAN_POINT('',(0.22325,0.00210180121527776,0.3055));
#3822=CARTESIAN_POINT('',(0.264998480902778,0.00210180121527776,0.3055));
#3823=CARTESIAN_POINT('',(0.264998480902778,0.00210180121527776,0.3055));
#3824=CARTESIAN_POINT('',(0.265185975196276,0.00210180121527776,0.3055));
#3825=CARTESIAN_POINT('',(0.26538184348545,0.00212177466378821,0.3055));
#3826=CARTESIAN_POINT('',(0.265536386909779,0.00222986397432063,0.3055));
#3827=CARTESIAN_POINT('',(0.265536386909779,0.00222986397432061,0.3055));
#3828=CARTESIAN_POINT('',(0.265536386909779,0.00222986397432061,0.3055));
#3829=CARTESIAN_POINT('',(0.265632087960554,0.00229679830452864,0.3055));
#3830=CARTESIAN_POINT('',(0.2656857421875,0.00241036268664331,0.3055));
#3831=CARTESIAN_POINT('',(0.2656857421875,0.0025271267361111,0.3055));
#3832=CARTESIAN_POINT('',(0.2656857421875,0.0025271267361111,0.3055));
#3833=CARTESIAN_POINT('',(0.2656857421875,0.0025271267361111,0.3055));
#3834=CARTESIAN_POINT('',(0.2656857421875,0.00263449015102418,0.3055));
#3835=CARTESIAN_POINT('',(0.265635530981764,0.00273730935066728,0.3055));
#3836=CARTESIAN_POINT('',(0.265550856890719,0.00280353592732391,0.3055));
#3837=CARTESIAN_POINT('',(0.265550856890719,0.00280353592732387,0.3055));
#3838=CARTESIAN_POINT('',(0.265550856890719,0.00280353592732387,0.3055));
#3839=CARTESIAN_POINT('',(0.265431457266184,0.00289692256176347,0.3055));
#3840=CARTESIAN_POINT('',(0.265275919113996,0.00292662760416679,0.3055));
#3841=CARTESIAN_POINT('',(0.265124837239584,0.00292662760416679,0.3055));
#3842=CARTESIAN_POINT('',(0.265124837239584,0.00292662760416665,0.3055));
#3843=CARTESIAN_POINT('',(0.265124837239584,0.00292662760416665,0.3055));
#3844=CARTESIAN_POINT('',(0.264972577103629,0.00292662760416665,0.3055));
#3845=CARTESIAN_POINT('',(0.26481564309959,0.002897985091495,0.3055));
#3846=CARTESIAN_POINT('',(0.264696013845393,0.002802753908878,0.3055));
#3847=CARTESIAN_POINT('',(0.264696013845393,0.00280275390887798,0.3055));
#3848=CARTESIAN_POINT('',(0.264696013845393,0.00280275390887798,0.3055));
#3849=CARTESIAN_POINT('',(0.264608011193581,0.00273269916631689,0.3055));
#3850=CARTESIAN_POINT('',(0.264561165364583,0.0026220246652292,0.3055));
#3851=CARTESIAN_POINT('',(0.264561165364583,0.00250960286458332,0.3055));
#3852=CARTESIAN_POINT('',(0.264561165364583,0.00250960286458332,0.3055));
#3853=CARTESIAN_POINT('',(0.264561165364583,0.00250960286458332,0.3055));
#3854=CARTESIAN_POINT('',(0.264561165364583,0.00241857912880348,0.3055));
#3855=CARTESIAN_POINT('',(0.264585600519099,0.00232801921194024,0.3055));
#3856=CARTESIAN_POINT('',(0.264634728497859,0.00225131061352456,0.3055));
#3857=CARTESIAN_POINT('',(0.265124837239584,0.00309983268492358,0.3054));
#3858=CARTESIAN_POINT('',(0.265124837239584,0.00304209765800464,0.3055));
#3859=CARTESIAN_POINT('',(0.265124837239584,0.00292662760416665,0.3055));
#3860=CARTESIAN_POINT('',(0.264950717279147,0.00309983274665645,0.305399999999965));
#3861=CARTESIAN_POINT('',(0.264958003885017,0.0030420977741946,0.305499999999945));
#3862=CARTESIAN_POINT('',(0.264972577096842,0.00292662769320306,0.3055));
#3863=CARTESIAN_POINT('',(0.264751285088605,0.00306813689026165,0.3054));
#3864=CARTESIAN_POINT('',(0.264772737815606,0.00301141954034437,0.3055));
#3865=CARTESIAN_POINT('',(0.264815643159003,0.00289798497946256,0.3055));
#3866=CARTESIAN_POINT('',(0.264588139969582,0.00293826489336801,0.3054));
#3867=CARTESIAN_POINT('',(0.264624097928185,0.00289309456520469,0.3055));
#3868=CARTESIAN_POINT('',(0.264696013845393,0.00280275390887798,0.3055));
#3869=CARTESIAN_POINT('',(0.265124837239584,0.00292662760416665,0.3053));
#3870=CARTESIAN_POINT('',(0.265124837239584,0.00309983268492354,0.3054));
#3871=CARTESIAN_POINT('',(0.265124837239584,0.00309983268492354,0.3054));
#3872=CARTESIAN_POINT('',(0.264933565857705,0.00309983268492354,0.3054));
#3873=CARTESIAN_POINT('',(0.264738832927811,0.00305822441932577,0.3054));
#3874=CARTESIAN_POINT('',(0.264588139969582,0.00293826489336805,0.3054));
#3875=CARTESIAN_POINT('',(0.264588139969582,0.00293826489336807,0.3054));
#3876=CARTESIAN_POINT('',(0.264696013845393,0.00280275390887798,0.3053));
#3877=CARTESIAN_POINT('',(0.265657564535524,0.00293996715006998,0.3054));
#3878=CARTESIAN_POINT('',(0.265621995320589,0.0028944900758213,0.3055));
#3879=CARTESIAN_POINT('',(0.265550856890719,0.00280353592732386,0.3055));
#3880=CARTESIAN_POINT('',(0.265496340304455,0.00306606620676591,0.305399999999977));
#3881=CARTESIAN_POINT('',(0.265474712586485,0.00300968493467529,0.305499999999964));
#3882=CARTESIAN_POINT('',(0.265431457222726,0.0028969224827183,0.3055));
#3883=CARTESIAN_POINT('',(0.26529815976832,0.00309983274673101,0.3054));
#3884=CARTESIAN_POINT('',(0.265290746219282,0.00304209777416095,0.3055));
#3885=CARTESIAN_POINT('',(0.265275919121208,0.00292662769248732,0.3055));
#3886=CARTESIAN_POINT('',(0.265124837239584,0.00309983268492359,0.3054));
#3887=CARTESIAN_POINT('',(0.265124837239584,0.00304209765800464,0.3055));
#3888=CARTESIAN_POINT('',(0.265124837239584,0.00292662760416665,0.3055));
#3889=CARTESIAN_POINT('',(0.265550856890719,0.00280353592732386,0.3053));
#3890=CARTESIAN_POINT('',(0.265657564535525,0.00293996715006997,0.3054));
#3891=CARTESIAN_POINT('',(0.265657564535525,0.00293996715006997,0.3054));
#3892=CARTESIAN_POINT('',(0.265507235299717,0.00305754491838107,0.3054));
#3893=CARTESIAN_POINT('',(0.265314680285803,0.00309983268492354,0.3054));
#3894=CARTESIAN_POINT('',(0.265124837239584,0.00309983268492354,0.3054));
#3895=CARTESIAN_POINT('',(0.264588139969582,0.00293826489336801,0.3054));
#3896=CARTESIAN_POINT('',(0.264624097928185,0.00289309456520469,0.3055));
#3897=CARTESIAN_POINT('',(0.264696013845393,0.00280275390887798,0.3055));
#3898=CARTESIAN_POINT('',(0.264466589593809,0.00284150474585027,0.3054));
#3899=CARTESIAN_POINT('',(0.264513729929508,0.00280523644764206,0.3055));
#3900=CARTESIAN_POINT('',(0.264608011008308,0.00273269933944889,0.3055));
#3901=CARTESIAN_POINT('',(0.264387960067305,0.00265694842834964,0.3054));
#3902=CARTESIAN_POINT('',(0.264445694920534,0.00264530718226407,0.3055));
#3903=CARTESIAN_POINT('',(0.264561165134222,0.00262202469009286,0.3055));
#3904=CARTESIAN_POINT('',(0.264387960283827,0.00250960286458332,0.3054));
#3905=CARTESIAN_POINT('',(0.264445695310746,0.00250960286458332,0.3055));
#3906=CARTESIAN_POINT('',(0.264561165364583,0.00250960286458332,0.3055));
#3907=CARTESIAN_POINT('',(0.264588139969582,0.00293826489336807,0.3054));
#3908=CARTESIAN_POINT('',(0.264459049406459,0.00283550201088188,0.3054));
#3909=CARTESIAN_POINT('',(0.264387960283826,0.00267432347820194,0.3054));
#3910=CARTESIAN_POINT('',(0.264387960283826,0.00250960286458332,0.3054));
#3911=CARTESIAN_POINT('',(0.264387960283826,0.00250960286458332,0.3054));
#3912=CARTESIAN_POINT('',(0.264561165364583,0.00250960286458332,0.3053));
#3913=CARTESIAN_POINT('',(0.265858947268257,0.0025271267361111,0.3054));
#3914=CARTESIAN_POINT('',(0.265801212241338,0.00252712673611109,0.3055));
#3915=CARTESIAN_POINT('',(0.2656857421875,0.0025271267361111,0.3055));
#3916=CARTESIAN_POINT('',(0.265858947529558,0.00267318082754886,0.3054));
#3917=CARTESIAN_POINT('',(0.265801212706325,0.00266028394808989,0.3055));
#3918=CARTESIAN_POINT('',(0.265685742437466,0.00263449018917194,0.3055));
#3919=CARTESIAN_POINT('',(0.265772593245085,0.00284999951695596,0.305399999999957));
#3920=CARTESIAN_POINT('',(0.265726906023835,0.0028124363707383,0.305499999999932));
#3921=CARTESIAN_POINT('',(0.265635531173396,0.00273730955660976,0.3055));
#3922=CARTESIAN_POINT('',(0.265657564535524,0.00293996715006998,0.3054));
#3923=CARTESIAN_POINT('',(0.265621995320589,0.00289449007582129,0.3055));
#3924=CARTESIAN_POINT('',(0.265550856890719,0.00280353592732386,0.3055));
#3925=CARTESIAN_POINT('',(0.2656857421875,0.0025271267361111,0.3053));
#3926=CARTESIAN_POINT('',(0.265858947268257,0.0025271267361111,0.3054));
#3927=CARTESIAN_POINT('',(0.265858947268257,0.0025271267361111,0.3054));
#3928=CARTESIAN_POINT('',(0.265858947268257,0.0026872849697279,0.3054));
#3929=CARTESIAN_POINT('',(0.265783685311609,0.00284132366724998,0.3054));
#3930=CARTESIAN_POINT('',(0.265657564535525,0.00293996715006999,0.3054));
#3931=CARTESIAN_POINT('',(0.264387960283827,0.00250960286458332,0.3054));
#3932=CARTESIAN_POINT('',(0.264445695310746,0.00250960286458332,0.3055));
#3933=CARTESIAN_POINT('',(0.264561165364583,0.00250960286458332,0.3055));
#3934=CARTESIAN_POINT('',(0.264387960185093,0.00239121035839342,0.3054));
#3935=CARTESIAN_POINT('',(0.264445695133146,0.00240033327813228,0.3055));
#3936=CARTESIAN_POINT('',(0.264561165261132,0.00241857911760999,0.3055));
#3937=CARTESIAN_POINT('',(0.26442265061368,0.00226129632117427,0.3054));
#3938=CARTESIAN_POINT('',(0.26447696716283,0.00228353723258671,0.3055));
#3939=CARTESIAN_POINT('',(0.26458560044239,0.00232801917149696,0.3055));
#3940=CARTESIAN_POINT('',(0.264488872582398,0.00215789727440855,0.3054));
#3941=CARTESIAN_POINT('',(0.264537491220885,0.00218903505411388,0.3055));
#3942=CARTESIAN_POINT('',(0.264634728497859,0.00225131061352458,0.3055));
#3943=CARTESIAN_POINT('',(0.264387960283826,0.00250960286458332,0.3054));
#3944=CARTESIAN_POINT('',(0.264387960283826,0.00238505037642643,0.3054));
#3945=CARTESIAN_POINT('',(0.264421686135129,0.00226280242891688,0.3054));
#3946=CARTESIAN_POINT('',(0.264488872582398,0.00215789727440858,0.3054));
#3947=CARTESIAN_POINT('',(0.264488872582398,0.00215789727440859,0.3054));
#3948=CARTESIAN_POINT('',(0.264634728497859,0.00225131061352458,0.3053));
#3949=CARTESIAN_POINT('',(0.265635657349466,0.00208792955353269,0.3054));
#3950=CARTESIAN_POINT('',(0.265602567202904,0.00213524102712864,0.3055));
#3951=CARTESIAN_POINT('',(0.265536386909779,0.00222986397432062,0.3055));
#3952=CARTESIAN_POINT('',(0.265700982444901,0.00213361844218272,0.3053999999991));
#3953=CARTESIAN_POINT('',(0.265662067538855,0.00217685588007423,0.305499999998576));
#3954=CARTESIAN_POINT('',(0.265584237531039,0.00226333103879409,0.3055));
#3955=CARTESIAN_POINT('',(0.26583289813795,0.00227200948905857,0.30540000000045));
#3956=CARTESIAN_POINT('',(0.265777519094698,0.00229811697566567,0.305500000000712));
#3957=CARTESIAN_POINT('',(0.265666761246834,0.00235033180741154,0.3055));
#3958=CARTESIAN_POINT('',(0.265858947388339,0.00245040933088824,0.3054));
#3959=CARTESIAN_POINT('',(0.265801212457605,0.00245652111963946,0.3055));
#3960=CARTESIAN_POINT('',(0.265685742314582,0.0024687446971419,0.3055));
#3961=CARTESIAN_POINT('',(0.265858947268257,0.0025271267361111,0.3054));
#3962=CARTESIAN_POINT('',(0.265801212241338,0.0025271267361111,0.3055));
#3963=CARTESIAN_POINT('',(0.2656857421875,0.0025271267361111,0.3055));
#3964=CARTESIAN_POINT('',(0.265536386909779,0.00222986397432062,0.3053));
#3965=CARTESIAN_POINT('',(0.265635657349466,0.00208792955353265,0.3054));
#3966=CARTESIAN_POINT('',(0.265635657349466,0.00208792955353265,0.3054));
#3967=CARTESIAN_POINT('',(0.265777442556225,0.00218709563134454,0.3054));
#3968=CARTESIAN_POINT('',(0.265858947268257,0.0023545510765765,0.3054));
#3969=CARTESIAN_POINT('',(0.265858947268257,0.00252712673611111,0.3054));
#3970=CARTESIAN_POINT('',(0.264488872582398,0.00215789727440857,0.3054));
#3971=CARTESIAN_POINT('',(0.264537491220885,0.00218903505411391,0.3055));
#3972=CARTESIAN_POINT('',(0.264634728497859,0.00225131061352458,0.3055));
#3973=CARTESIAN_POINT('',(0.264550017430889,0.00206242528379644,0.305399999999342));
#3974=CARTESIAN_POINT('',(0.264593610707972,0.00210140951512286,0.305499999998958));
#3975=CARTESIAN_POINT('',(0.264680797487878,0.00217937812135771,0.3055));
#3976=CARTESIAN_POINT('',(0.264646715993591,0.00197571012681,0.3054));
#3977=CARTESIAN_POINT('',(0.264680036022065,0.00202399425214134,0.3055));
#3978=CARTESIAN_POINT('',(0.264746676191909,0.00212056275176549,0.3055));
#3979=CARTESIAN_POINT('',(0.264752512850789,0.00192773435183866,0.3054));
#3980=CARTESIAN_POINT('',(0.264776356982287,0.00198031562917602,0.3055));
#3981=CARTESIAN_POINT('',(0.264824045245284,0.00208547818385071,0.3055));
#3982=CARTESIAN_POINT('',(0.264488872582398,0.00215789727440858,0.3054));
#3983=CARTESIAN_POINT('',(0.264552672106574,0.00205828047350191,0.3054));
#3984=CARTESIAN_POINT('',(0.26464286625873,0.0019778798770854,0.3054));
#3985=CARTESIAN_POINT('',(0.264750620567267,0.0019285961345209,0.3054));
#3986=CARTESIAN_POINT('',(0.264750620567267,0.00192859613452124,0.3054));
#3987=CARTESIAN_POINT('',(0.264750620567267,0.00192859613452098,0.3054));
#3988=CARTESIAN_POINT('',(0.264758288792993,0.00196379825753819,0.3054609718656));
#3989=CARTESIAN_POINT('',(0.264773863275001,0.00203326351619021,0.3055));
#3990=CARTESIAN_POINT('',(0.264791536007872,0.00210180121527774,0.3055));
#3991=CARTESIAN_POINT('',(0.264998480902778,0.00192859613452085,0.3054));
#3992=CARTESIAN_POINT('',(0.264998480902778,0.0019863311614398,0.3055));
#3993=CARTESIAN_POINT('',(0.264998480902778,0.00210180121527776,0.3055));
#3994=CARTESIAN_POINT('',(0.265202831397369,0.00192859609813847,0.3054));
#3995=CARTESIAN_POINT('',(0.26519721266504,0.00198633109162712,0.3055));
#3996=CARTESIAN_POINT('',(0.265185975200377,0.00210180115648235,0.3055));
#3997=CARTESIAN_POINT('',(0.265425954776016,0.00194126176409165,0.3054));
#3998=CARTESIAN_POINT('',(0.265411250805205,0.00200143306695461,0.3055));
#3999=CARTESIAN_POINT('',(0.265381843312368,0.00212177503101713,0.3055));
#4000=CARTESIAN_POINT('',(0.265635657349466,0.0020879295535327,0.3054));
#4001=CARTESIAN_POINT('',(0.265602567202904,0.00213524102712866,0.3055));
#4002=CARTESIAN_POINT('',(0.265536386909779,0.00222986397432062,0.3055));
#4003=CARTESIAN_POINT('',(0.264998480902778,0.00210180121527776,0.3053));
#4004=CARTESIAN_POINT('',(0.264998480902778,0.00192859613452087,0.3054));
#4005=CARTESIAN_POINT('',(0.264998480902778,0.00192859613452087,0.3054));
#4006=CARTESIAN_POINT('',(0.265221551492307,0.00192859613452087,0.3054));
#4007=CARTESIAN_POINT('',(0.265451227894472,0.00195893763609058,0.3054));
#4008=CARTESIAN_POINT('',(0.265635657349466,0.00208792955353266,0.3054));
#4009=CARTESIAN_POINT('',(0.22325,0.00210180121527776,0.3053));
#4010=CARTESIAN_POINT('',(0.22325,0.00192859613452087,0.3054));
#4011=CARTESIAN_POINT('',(0.265862544948444,0.00378970868931822,0.305366666666667));
#4012=CARTESIAN_POINT('',(0.265884776754945,0.00383127753584917,0.3055));
#4013=CARTESIAN_POINT('',(0.265951472174449,0.00395598407544215,0.3055));
#4014=CARTESIAN_POINT('',(0.266082011979677,0.00367233356803431,0.305366666665034));
#4015=CARTESIAN_POINT('',(0.266111489044296,0.00371002752305199,0.305499999995793));
#4016=CARTESIAN_POINT('',(0.26619992023801,0.00382310936853907,0.3055));
#4017=CARTESIAN_POINT('',(0.26626020334964,0.00349934389716263,0.305366666666685));
#4018=CARTESIAN_POINT('',(0.266297046510303,0.00352990601187831,0.305500000000047));
#4019=CARTESIAN_POINT('',(0.266407575985603,0.00362159235228458,0.3055));
#4020=CARTESIAN_POINT('',(0.266383121449839,0.00328354752819437,0.305366666666667));
#4021=CARTESIAN_POINT('',(0.266424083010226,0.00330687932608555,0.3055));
#4022=CARTESIAN_POINT('',(0.266546967691389,0.00337687471975915,0.3055));
#4023=CARTESIAN_POINT('',(0.265951472174449,0.00395598407544215,0.3053));
#4024=CARTESIAN_POINT('',(0.265862544948444,0.00378970868931832,0.305366666666667));
#4025=CARTESIAN_POINT('',(0.265862544948445,0.00378970868931832,0.305366666666667));
#4026=CARTESIAN_POINT('',(0.266079642492097,0.00367360081081925,0.305366666666667));
#4027=CARTESIAN_POINT('',(0.266261237991928,0.00349752746427667,0.305366666666667));
#4028=CARTESIAN_POINT('',(0.266383121449839,0.00328354752819423,0.305366666666667));
#4029=CARTESIAN_POINT('',(0.266383121449839,0.00328354752819425,0.305366666666667));
#4030=CARTESIAN_POINT('',(0.266546967691389,0.00337687471975916,0.3053));
#4031=CARTESIAN_POINT('',(0.265116536458334,0.00396814392085022,0.305366666666667));
#4032=CARTESIAN_POINT('',(0.265116536458333,0.00401528437292931,0.3055));
#4033=CARTESIAN_POINT('',(0.265116536458334,0.00415670572916665,0.3055));
#4034=CARTESIAN_POINT('',(0.265380413768575,0.00396814392641098,0.305366666666667));
#4035=CARTESIAN_POINT('',(0.265386942212933,0.00401528439048815,0.3055));
#4036=CARTESIAN_POINT('',(0.265406527546007,0.0041567057518344,0.3055));
#4037=CARTESIAN_POINT('',(0.265635781840396,0.00391098589220728,0.305366666666667));
#4038=CARTESIAN_POINT('',(0.265650749333435,0.00395643982624357,0.3055));
#4039=CARTESIAN_POINT('',(0.265695651819029,0.00409280164042778,0.3055));
#4040=CARTESIAN_POINT('',(0.265862544948444,0.00378970868931823,0.305366666666667));
#4041=CARTESIAN_POINT('',(0.265884776754945,0.0038312775358492,0.3055));
#4042=CARTESIAN_POINT('',(0.265951472174449,0.00395598407544215,0.3055));
#4043=CARTESIAN_POINT('',(0.265116536458333,0.00415670572916664,0.3053));
#4044=CARTESIAN_POINT('',(0.265116536458333,0.00396814392085023,0.305366666666667));
#4045=CARTESIAN_POINT('',(0.265116536458333,0.00396814392085023,0.305366666666667));
#4046=CARTESIAN_POINT('',(0.265375842604155,0.00396814392085023,0.305366666666667));
#4047=CARTESIAN_POINT('',(0.265633656981904,0.00391212230930643,0.305366666666667));
#4048=CARTESIAN_POINT('',(0.265862544948444,0.00378970868931831,0.305366666666667));
#4049=CARTESIAN_POINT('',(0.266383121449839,0.00328354752819437,0.305366666666667));
#4050=CARTESIAN_POINT('',(0.266424083010226,0.00330687932608554,0.3055));
#4051=CARTESIAN_POINT('',(0.266546967691389,0.00337687471975914,0.3055));
#4052=CARTESIAN_POINT('',(0.266509704145036,0.00306131755858434,0.305366666666667));
#4053=CARTESIAN_POINT('',(0.266554952343508,0.00307712368625036,0.3055));
#4054=CARTESIAN_POINT('',(0.266690696942187,0.00312454207110572,0.3055));
#4055=CARTESIAN_POINT('',(0.266569543665429,0.00280750967953876,0.305366666666667));
#4056=CARTESIAN_POINT('',(0.266616684128474,0.00281432952552155,0.3055));
#4057=CARTESIAN_POINT('',(0.266758105490388,0.0028347890634699,0.3055));
#4058=CARTESIAN_POINT('',(0.266569543660434,0.00254465060763888,0.305366666666667));
#4059=CARTESIAN_POINT('',(0.266616684112513,0.00254465060763888,0.3055));
#4060=CARTESIAN_POINT('',(0.26675810546875,0.00254465060763888,0.3055));
#4061=CARTESIAN_POINT('',(0.266383121449839,0.00328354752819425,0.305366666666667));
#4062=CARTESIAN_POINT('',(0.26651093438662,0.00305915773394508,0.305366666666667));
#4063=CARTESIAN_POINT('',(0.266569543660434,0.00280255399158049,0.305366666666667));
#4064=CARTESIAN_POINT('',(0.266569543660434,0.00254465060763888,0.305366666666667));
#4065=CARTESIAN_POINT('',(0.266569543660434,0.00254465060763888,0.305366666666667));
#4066=CARTESIAN_POINT('',(0.26675810546875,0.00254465060763888,0.3053));
#4067=CARTESIAN_POINT('',(0.264077201314837,0.00364272705544568,0.305366666666667));
#4068=CARTESIAN_POINT('',(0.264047233787547,0.00367911619572622,0.3055));
#4069=CARTESIAN_POINT('',(0.263957331205678,0.00378828361656783,0.3055));
#4070=CARTESIAN_POINT('',(0.264357552677121,0.00387360464111352,0.305366666666682));
#4071=CARTESIAN_POINT('',(0.264337919505493,0.00391850441352103,0.30550000000004));
#4072=CARTESIAN_POINT('',(0.264279019970697,0.00405320375483279,0.3055));
#4073=CARTESIAN_POINT('',(0.264729784749438,0.00396814393040883,0.305366666666667));
#4074=CARTESIAN_POINT('',(0.264722634585863,0.00401528440262116,0.3055));
#4075=CARTESIAN_POINT('',(0.264701184095141,0.0041567057647804,0.3055));
#4076=CARTESIAN_POINT('',(0.265116536458333,0.00396814392085023,0.305366666666667));
#4077=CARTESIAN_POINT('',(0.265116536458333,0.00401528437292934,0.3055));
#4078=CARTESIAN_POINT('',(0.265116536458333,0.00415670572916664,0.3055));
#4079=CARTESIAN_POINT('',(0.263957331205678,0.00378828361656783,0.3053));
#4080=CARTESIAN_POINT('',(0.264077201314837,0.00364272705544578,0.305366666666667));
#4081=CARTESIAN_POINT('',(0.264077201314837,0.00364272705544578,0.305366666666667));
#4082=CARTESIAN_POINT('',(0.264365459673654,0.00388011629211802,0.305366666666667));
#4083=CARTESIAN_POINT('',(0.264744346780854,0.00396814392085023,0.305366666666667));
#4084=CARTESIAN_POINT('',(0.265116536458333,0.00396814392085023,0.305366666666667));
#4085=CARTESIAN_POINT('',(0.266569543660434,0.00254465060763888,0.305366666666667));
#4086=CARTESIAN_POINT('',(0.266616684112513,0.00254465060763888,0.3055));
#4087=CARTESIAN_POINT('',(0.26675810546875,0.00254465060763888,0.3055));
#4088=CARTESIAN_POINT('',(0.266569543668909,0.00212540087336938,0.305366666666667));
#4089=CARTESIAN_POINT('',(0.266616684139557,0.00211508972739434,0.3055));
#4090=CARTESIAN_POINT('',(0.266758105505228,0.00208415628946912,0.3055));
#4091=CARTESIAN_POINT('',(0.26641224459318,0.00173743820258258,0.305366666666667));
#4092=CARTESIAN_POINT('',(0.266452897850079,0.00171044839862459,0.3055));
#4093=CARTESIAN_POINT('',(0.26657485759611,0.00162947901469445,0.3055));
#4094=CARTESIAN_POINT('',(0.266104061237362,0.0014652762874159,0.305366666666667));
#4095=CARTESIAN_POINT('',(0.266135265554762,0.0014299419868309,0.3055));
#4096=CARTESIAN_POINT('',(0.266228878506962,0.0013239390850758,0.3055));
#4097=CARTESIAN_POINT('',(0.266569543660434,0.00254465060763888,0.305366666666667));
#4098=CARTESIAN_POINT('',(0.266569543660434,0.00213766776386293,0.305366666666667));
#4099=CARTESIAN_POINT('',(0.266409451653146,0.00173497171953661,0.305366666666667));
#4100=CARTESIAN_POINT('',(0.266104061237362,0.00146527628741604,0.305366666666667));
#4101=CARTESIAN_POINT('',(0.266104061237362,0.00146527628741604,0.305366666666667));
#4102=CARTESIAN_POINT('',(0.266228878506961,0.00132393908507581,0.3053));
#4103=CARTESIAN_POINT('',(0.263681053127761,0.00276323784722221,0.305366666666667));
#4104=CARTESIAN_POINT('',(0.263633912675682,0.00276323784722221,0.3055));
#4105=CARTESIAN_POINT('',(0.263492491319445,0.00276323784722221,0.3055));
#4106=CARTESIAN_POINT('',(0.26368105310941,0.0031113809805942,0.305366666657611));
#4107=CARTESIAN_POINT('',(0.263633912621551,0.00312201823193267,0.305499999976664));
#4108=CARTESIAN_POINT('',(0.26349249127069,0.00315392998654678,0.3055));
#4109=CARTESIAN_POINT('',(0.263815254009013,0.00342700575288771,0.305366666666667));
#4110=CARTESIAN_POINT('',(0.263775254426752,0.00345513322070565,0.3055));
#4111=CARTESIAN_POINT('',(0.263655255698853,0.00353951560124253,0.3055));
#4112=CARTESIAN_POINT('',(0.264077201314837,0.00364272705544569,0.305366666666667));
#4113=CARTESIAN_POINT('',(0.264047233787547,0.00367911619572626,0.3055));
#4114=CARTESIAN_POINT('',(0.263957331205678,0.00378828361656783,0.3055));
#4115=CARTESIAN_POINT('',(0.263492491319445,0.00276323784722221,0.3053));
#4116=CARTESIAN_POINT('',(0.263681053127761,0.00276323784722221,0.305366666666667));
#4117=CARTESIAN_POINT('',(0.263681053127761,0.00276323784722221,0.305366666666667));
#4118=CARTESIAN_POINT('',(0.263681053127761,0.00309806729314448,0.305366666666667));
#4119=CARTESIAN_POINT('',(0.263818311430762,0.00342952362150161,0.305366666666667));
#4120=CARTESIAN_POINT('',(0.264077201314837,0.00364272705544579,0.305366666666667));
#4121=CARTESIAN_POINT('',(0.266104061237362,0.0014652762874159,0.305366666666667));
#4122=CARTESIAN_POINT('',(0.266135265554762,0.0014299419868309,0.3055));
#4123=CARTESIAN_POINT('',(0.266228878506961,0.00132393908507581,0.3055));
#4124=CARTESIAN_POINT('',(0.265775231528626,0.00117488122660259,0.305366666663781));
#4125=CARTESIAN_POINT('',(0.265796110098778,0.00113042809630527,0.305499999992565));
#4126=CARTESIAN_POINT('',(0.265858745841184,0.000997068690171048,0.3055));
#4127=CARTESIAN_POINT('',(0.265327935534886,0.001054751035657,0.305366666666667));
#4128=CARTESIAN_POINT('',(0.265335413139148,0.0010076105652224,0.3055));
#4129=CARTESIAN_POINT('',(0.265357845951949,0.000866189204238118,0.3055));
#4130=CARTESIAN_POINT('',(0.264865668402778,0.00105475104442754,0.305366666666667));
#4131=CARTESIAN_POINT('',(0.264865668402778,0.00100761059234846,0.3055));
#4132=CARTESIAN_POINT('',(0.264865668402778,0.000866189236111105,0.3055));
#4133=CARTESIAN_POINT('',(0.266104061237362,0.00146527628741604,0.305366666666667));
#4134=CARTESIAN_POINT('',(0.26576763555395,0.00116817308648082,0.305366666666667));
#4135=CARTESIAN_POINT('',(0.265312291584573,0.00105475104442752,0.305366666666667));
#4136=CARTESIAN_POINT('',(0.264865668402778,0.00105475104442752,0.305366666666667));
#4137=CARTESIAN_POINT('',(0.264865668402778,0.00105475104442752,0.305366666666667));
#4138=CARTESIAN_POINT('',(0.264865668402778,0.000866189236111105,0.3053));
#4139=CARTESIAN_POINT('',(0.263492491319445,0.00276323784722221,0.3055));
#4140=CARTESIAN_POINT('',(0.263633912675682,0.00276323784722221,0.3055));
#4141=CARTESIAN_POINT('',(0.263681053127761,0.0027632378472222,0.305366666666667));
#4142=CARTESIAN_POINT('',(0.263492491282167,0.00240651604640937,0.3055));
#4143=CARTESIAN_POINT('',(0.263633912650412,0.00243569823693101,0.3055));
#4144=CARTESIAN_POINT('',(0.263681053120024,0.00244542563377164,0.305366666666667));
#4145=CARTESIAN_POINT('',(0.26362094109867,0.00205533280852629,0.3055));
#4146=CARTESIAN_POINT('',(0.263747000716526,0.00212857197636328,0.305500000000044));
#4147=CARTESIAN_POINT('',(0.263789020602264,0.00215298504511473,0.305366666666684));
#4148=CARTESIAN_POINT('',(0.263869270204737,0.00180014212137507,0.3055));
#4149=CARTESIAN_POINT('',(0.263970623530689,0.00189877022750317,0.3055));
#4150=CARTESIAN_POINT('',(0.264004407972673,0.00193164626287921,0.305366666666667));
#4151=CARTESIAN_POINT('',(0.264000563978217,0.00193561424393713,0.305366666666675));
#4152=CARTESIAN_POINT('',(0.263934065576007,0.00197020184473376,0.305434140248157));
#4153=CARTESIAN_POINT('',(0.263758965569192,0.00207853489691614,0.30548219554324));
#4154=CARTESIAN_POINT('',(0.263622779992493,0.00222108276807662,0.3055));
#4155=CARTESIAN_POINT('',(0.263562848042521,0.00230245046028821,0.3055));
#4156=CARTESIAN_POINT('',(0.26400056397821,0.00193561424393944,0.305366666666667));
#4157=CARTESIAN_POINT('',(0.26400056397821,0.00193561424393944,0.305366666666667));
#4158=CARTESIAN_POINT('',(0.263787435121052,0.00215660876415444,0.305366666666667));
#4159=CARTESIAN_POINT('',(0.263681053127761,0.00245694871887037,0.305366666666667));
#4160=CARTESIAN_POINT('',(0.263681053127761,0.00276323784722223,0.305366666666667));
#4161=CARTESIAN_POINT('',(0.22325,0.000866189236111105,0.3053));
#4162=CARTESIAN_POINT('',(0.22325,0.00105475104442752,0.305366666666667));
#4163=CARTESIAN_POINT('',(0.26456591796875,0.00105475104442752,0.305366666666667));
#4164=CARTESIAN_POINT('',(0.26456591796875,0.000866189236111105,0.3053));
#4165=CARTESIAN_POINT('',(0.263248901258862,0.00233982349687846,0.305366666666667));
#4166=CARTESIAN_POINT('',(0.263285179253485,0.00236992547901198,0.3055));
#4167=CARTESIAN_POINT('',(0.263394013237354,0.00246023142541239,0.3055));
#4168=CARTESIAN_POINT('',(0.263439340560017,0.00211031179675649,0.305366666659452));
#4169=CARTESIAN_POINT('',(0.263467764115308,0.00214987964386585,0.305499999981407));
#4170=CARTESIAN_POINT('',(0.263553034926211,0.00226858326816994,0.3055));
#4171=CARTESIAN_POINT('',(0.263730104722431,0.00197723819933348,0.305366666666667));
#4172=CARTESIAN_POINT('',(0.263745048055639,0.00202263358436032,0.3055));
#4173=CARTESIAN_POINT('',(0.263789878085993,0.00215881993917928,0.3055));
#4174=CARTESIAN_POINT('',(0.264005491692897,0.00193484818081326,0.305366666666667));
#4175=CARTESIAN_POINT('',(0.264012663509614,0.00198143988895109,0.3055));
#4176=CARTESIAN_POINT('',(0.264034178959766,0.00212121501336437,0.3055));
#4177=CARTESIAN_POINT('',(0.263394013237354,0.00246023142541239,0.3053));
#4178=CARTESIAN_POINT('',(0.263248901258862,0.00233982349687851,0.305366666666667));
#4179=CARTESIAN_POINT('',(0.263248901258862,0.0023398234968785,0.305366666666667));
#4180=CARTESIAN_POINT('',(0.26343622840628,0.00211406250822945,0.305366666666667));
#4181=CARTESIAN_POINT('',(0.263711283061209,0.00198102978451837,0.305366666666667));
#4182=CARTESIAN_POINT('',(0.26400056397821,0.00193561424393944,0.305366666666667));
#4183=CARTESIAN_POINT('',(0.26456591796875,0.00105475104442757,0.305366666666666));
#4184=CARTESIAN_POINT('',(0.26456591796875,0.00100761059234853,0.3055));
#4185=CARTESIAN_POINT('',(0.26456591796875,0.000866189236111105,0.3055));
#4186=CARTESIAN_POINT('',(0.264141541341806,0.00105475103969199,0.30536666666408));
#4187=CARTESIAN_POINT('',(0.26413603813624,0.00100761057781105,0.305499999993334));
#4188=CARTESIAN_POINT('',(0.264119528535936,0.000866189219645889,0.3055));
#4189=CARTESIAN_POINT('',(0.26372440285409,0.00113136366735814,0.305366666666666));
#4190=CARTESIAN_POINT('',(0.263711271538351,0.00108527995470987,0.3055));
#4191=CARTESIAN_POINT('',(0.263671877579441,0.000947028793041329,0.3055));
#4192=CARTESIAN_POINT('',(0.263354480428982,0.00131371519283431,0.305366666666666));
#4193=CARTESIAN_POINT('',(0.263333637546059,0.00127143285073201,0.3055));
#4194=CARTESIAN_POINT('',(0.263271108897288,0.00114458582442484,0.3055));
#4195=CARTESIAN_POINT('',(0.26456591796875,0.00105475104442752,0.305366666666667));
#4196=CARTESIAN_POINT('',(0.264148663889412,0.00105475104442752,0.305366666666667));
#4197=CARTESIAN_POINT('',(0.263729194215118,0.00112900178326631,0.305366666666667));
#4198=CARTESIAN_POINT('',(0.263354480428983,0.00131371519283425,0.305366666666667));
#4199=CARTESIAN_POINT('',(0.263354480428983,0.00131371519283426,0.305366666666667));
#4200=CARTESIAN_POINT('',(0.263271108897288,0.00114458582442484,0.3053));
#4201=CARTESIAN_POINT('',(0.263394013237354,0.00246023142541239,0.3055));
#4202=CARTESIAN_POINT('',(0.263285179253485,0.00236992547901203,0.3055));
#4203=CARTESIAN_POINT('',(0.263248901258862,0.00233982349687849,0.305366666666667));
#4204=CARTESIAN_POINT('',(0.26321257551036,0.00267889473410195,0.3055));
#4205=CARTESIAN_POINT('',(0.263076061117443,0.00262194838338302,0.3055));
#4206=CARTESIAN_POINT('',(0.263030556293229,0.00260296624442256,0.305366666666667));
#4207=CARTESIAN_POINT('',(0.263150391830884,0.00296763549383758,0.3055));
#4208=CARTESIAN_POINT('',(0.263008985714423,0.00296555938446079,0.3055));
#4209=CARTESIAN_POINT('',(0.262961850342278,0.00296486734800173,0.305366666666667));
#4210=CARTESIAN_POINT('',(0.263146248761952,0.00324982452216358,0.3055));
#4211=CARTESIAN_POINT('',(0.263004842645501,0.00324774841278665,0.3055));
#4212=CARTESIAN_POINT('',(0.26295770727335,0.00324705637632767,0.305366666666667));
#4213=CARTESIAN_POINT('',(0.262957781507656,0.00324200030081163,0.305366666666667));
#4214=CARTESIAN_POINT('',(0.26298537823508,0.0032422033859454,0.305444721999065));
#4215=CARTESIAN_POINT('',(0.263064562677831,0.00324279122856283,0.305499999999808));
#4216=CARTESIAN_POINT('',(0.263146343315503,0.00324341804329596,0.3055));
#4217=CARTESIAN_POINT('',(0.262957781507644,0.0032420003008094,0.305366666666635));
#4218=CARTESIAN_POINT('',(0.262957781507656,0.00324200030081207,0.305366666666667));
#4219=CARTESIAN_POINT('',(0.262962550571995,0.00291798977155426,0.305366666666669));
#4220=CARTESIAN_POINT('',(0.263041263078308,0.00259006272578564,0.305366666666667));
#4221=CARTESIAN_POINT('',(0.263248901258862,0.00233982349687851,0.305366666666667));
#4222=CARTESIAN_POINT('',(0.263354480428982,0.00131371519283429,0.305366666666667));
#4223=CARTESIAN_POINT('',(0.263333637546059,0.00127143285073196,0.3055));
#4224=CARTESIAN_POINT('',(0.263271108897288,0.00114458582442484,0.3055));
#4225=CARTESIAN_POINT('',(0.263014436613105,0.00148133819732323,0.305366666666667));
#4226=CARTESIAN_POINT('',(0.2629864100052,0.0014425970275831,0.3055));
#4227=CARTESIAN_POINT('',(0.262902330193215,0.00132637354216254,0.3055));
#4228=CARTESIAN_POINT('',(0.262731755949237,0.00173582755438569,0.305366666666667));
#4229=CARTESIAN_POINT('',(0.262695759726614,0.00170412226962347,0.3055));
#4230=CARTESIAN_POINT('',(0.262587771062187,0.00160900641736088,0.3055));
#4231=CARTESIAN_POINT('',(0.262539916668263,0.00205874673164549,0.305366666666667));
#4232=CARTESIAN_POINT('',(0.262499388569364,0.00203466986677877,0.3055));
#4233=CARTESIAN_POINT('',(0.262377804272665,0.00196243927217854,0.3055));
#4234=CARTESIAN_POINT('',(0.263354480428983,0.00131371519283426,0.305366666666667));
#4235=CARTESIAN_POINT('',(0.263018717681782,0.0014792278698053,0.305366666666667));
#4236=CARTESIAN_POINT('',(0.262731224205185,0.0017367226301062,0.305366666666667));
#4237=CARTESIAN_POINT('',(0.262539916668263,0.00205874673164562,0.305366666666667));
#4238=CARTESIAN_POINT('',(0.262539916668263,0.00205874673164559,0.305366666666667));
#4239=CARTESIAN_POINT('',(0.262377804272665,0.00196243927217854,0.3053));
#4240=CARTESIAN_POINT('',(0.263146343315973,0.,0.3053));
#4241=CARTESIAN_POINT('',(0.263146343315973,0.00352215711805554,0.3053));
#4242=CARTESIAN_POINT('',(0.262957781507656,0.00333359530973912,0.305366666666667));
#4243=CARTESIAN_POINT('',(0.262957781507656,0.,0.305366666666667));
#4244=CARTESIAN_POINT('',(0.262539916668263,0.00205874673164556,0.305366666666666));
#4245=CARTESIAN_POINT('',(0.262499388569364,0.00203466986677893,0.3055));
#4246=CARTESIAN_POINT('',(0.262377804272665,0.00196243927217852,0.3055));
#4247=CARTESIAN_POINT('',(0.262439776473699,0.00222731069405865,0.305366666666666));
#4248=CARTESIAN_POINT('',(0.262396847780161,0.0022072747044199,0.3055));
#4249=CARTESIAN_POINT('',(0.262268061695646,0.00214716673318598,0.3055));
#4250=CARTESIAN_POINT('',(0.262291718485845,0.00260000724174265,0.305366666666666));
#4251=CARTESIAN_POINT('',(0.262245274057375,0.00258731276417737,0.3055));
#4252=CARTESIAN_POINT('',(0.262105940773927,0.00254922933263985,0.3055));
#4253=CARTESIAN_POINT('',(0.262249603252834,0.00297769550084304,0.305366666666666));
#4254=CARTESIAN_POINT('',(0.26220246324632,0.00297749054429293,0.3055));
#4255=CARTESIAN_POINT('',(0.262061043226747,0.00297687567464261,0.3055));
#4256=CARTESIAN_POINT('',(0.262248670143499,0.00319231064673347,0.305366666666666));
#4257=CARTESIAN_POINT('',(0.262201530136976,0.00319210569018335,0.3055));
#4258=CARTESIAN_POINT('',(0.262060110117405,0.00319149082053299,0.3055));
#4259=CARTESIAN_POINT('',(0.262539916668263,0.00205874673164559,0.305366666666667));
#4260=CARTESIAN_POINT('',(0.262338824706325,0.00239724075760726,0.305366666666667));
#4261=CARTESIAN_POINT('',(0.262250417280854,0.00279046905494257,0.305366666666667));
#4262=CARTESIAN_POINT('',(0.262248707099515,0.00318381076294874,0.305366666666667));
#4263=CARTESIAN_POINT('',(0.262248705515328,0.00318381076341877,0.305366666106578));
#4264=CARTESIAN_POINT('',(0.262060143508991,0.00318381075567012,0.3053));
#4265=CARTESIAN_POINT('',(0.22325,0.00352215711805554,0.3053));
#4266=CARTESIAN_POINT('',(0.262060145399305,0.00352215711805554,0.3053));
#4267=CARTESIAN_POINT('',(0.262248707207622,0.00333359530973912,0.305366666666667));
#4268=CARTESIAN_POINT('',(0.22325,0.00333359530973912,0.305366666666667));
#4269=CARTESIAN_POINT('',(0.262060145399305,0.,0.3053));
#4270=CARTESIAN_POINT('',(0.262248707207622,0.,0.305366666666667));
#4271=CARTESIAN_POINT('',(0.265748471753893,0.00025291614502657,0.3054));
#4272=CARTESIAN_POINT('',(0.265706075795932,0.000292106910289487,0.3055));
#4273=CARTESIAN_POINT('',(0.26562128388001,0.000370488440815378,0.3055));
#4274=CARTESIAN_POINT('',(0.265836603756658,0.000348255968675027,0.30539999999593));
#4275=CARTESIAN_POINT('',(0.265804688235604,0.000398784320427153,0.305499999993557));
#4276=CARTESIAN_POINT('',(0.265740857184665,0.000499841041099074,0.3055));
#4277=CARTESIAN_POINT('',(0.265953322625914,0.000395718542351697,0.3054));
#4278=CARTESIAN_POINT('',(0.265940399466724,0.000453453593800086,0.3055));
#4279=CARTESIAN_POINT('',(0.265914553148348,0.000568923694407843,0.3055));
#4280=CARTESIAN_POINT('',(0.266090494791667,0.000395718530354179,0.3054));
#4281=CARTESIAN_POINT('',(0.266090494791667,0.000453453557273127,0.3055));
#4282=CARTESIAN_POINT('',(0.266090494791667,0.000568923611111109,0.3055));
#4283=CARTESIAN_POINT('',(0.26562128388001,0.000370488440815378,0.3053));
#4284=CARTESIAN_POINT('',(0.265748471753893,0.000252916145026474,0.3054));
#4285=CARTESIAN_POINT('',(0.265748471753893,0.000252916145026476,0.3054));
#4286=CARTESIAN_POINT('',(0.265835704886275,0.000347283585632073,0.3054));
#4287=CARTESIAN_POINT('',(0.265962281435558,0.000395718530353848,0.3054));
#4288=CARTESIAN_POINT('',(0.266090494791667,0.000395718530354218,0.3054));
#4289=CARTESIAN_POINT('',(0.266090494791667,0.000395718530354216,0.3054));
#4290=CARTESIAN_POINT('',(0.266090494791667,0.000568923611111109,0.3053));
#4291=CARTESIAN_POINT('',(0.266090494791667,0.000395718530354205,0.3054));
#4292=CARTESIAN_POINT('',(0.266090494791667,0.000453453557273162,0.3055));
#4293=CARTESIAN_POINT('',(0.266090494791667,0.000568923611111109,0.3055));
#4294=CARTESIAN_POINT('',(0.266226554510407,0.000395718544465751,0.3054));
#4295=CARTESIAN_POINT('',(0.266239475347954,0.000453453598496611,0.3055));
#4296=CARTESIAN_POINT('',(0.266265317023055,0.000568923700852552,0.3055));
#4297=CARTESIAN_POINT('',(0.266341924167044,0.000348746778770041,0.3054));
#4298=CARTESIAN_POINT('',(0.266373896033649,0.000399266600333226,0.3055));
#4299=CARTESIAN_POINT('',(0.266437839789727,0.000500306264504137,0.3055));
#4300=CARTESIAN_POINT('',(0.266428870408188,0.000254254269331133,0.3054));
#4301=CARTESIAN_POINT('',(0.266471356464648,0.000293347342116056,0.3055));
#4302=CARTESIAN_POINT('',(0.26655632857757,0.000371533487685926,0.3055));
#4303=CARTESIAN_POINT('',(0.266090494791667,0.000395718530354222,0.3054));
#4304=CARTESIAN_POINT('',(0.266217511982451,0.000395718530354222,0.3054));
#4305=CARTESIAN_POINT('',(0.266342801723859,0.000347793065885608,0.3054));
#4306=CARTESIAN_POINT('',(0.266428870408188,0.000254254269331312,0.3054));
#4307=CARTESIAN_POINT('',(0.266428870408188,0.000254254269331268,0.3054));
#4308=CARTESIAN_POINT('',(0.26655632857757,0.000371533487685941,0.3053));
#4309=CARTESIAN_POINT('',(0.265617302302979,-0.000104220920138888,0.3054));
#4310=CARTESIAN_POINT('',(0.265559567276061,-0.000104220920138888,0.3055));
#4311=CARTESIAN_POINT('',(0.265444097222223,-0.000104220920138888,0.3055));
#4312=CARTESIAN_POINT('',(0.265617302285519,3.53357331082681E-5,0.30539999999866));
#4313=CARTESIAN_POINT('',(0.265559567231801,4.68018360535325E-5,0.305499999997879));
#4314=CARTESIAN_POINT('',(0.265444097143112,6.97340419428543E-5,0.3055));
#4315=CARTESIAN_POINT('',(0.265660308472115,0.000157542476299898,0.305399999999999));
#4316=CARTESIAN_POINT('',(0.265607880231501,0.000185880477495521,0.305499999999998));
#4317=CARTESIAN_POINT('',(0.265503023734895,0.000242556494096023,0.3055));
#4318=CARTESIAN_POINT('',(0.265748471753893,0.000252916145026576,0.3054));
#4319=CARTESIAN_POINT('',(0.265706075795932,0.000292106910289495,0.3055));
#4320=CARTESIAN_POINT('',(0.26562128388001,0.000370488440815378,0.3055));
#4321=CARTESIAN_POINT('',(0.265444097222223,-0.000104220920138888,0.3053));
#4322=CARTESIAN_POINT('',(0.265617302302979,-0.000104220920138888,0.3054));
#4323=CARTESIAN_POINT('',(0.265617302302979,-0.000104220920138888,0.3054));
#4324=CARTESIAN_POINT('',(0.265617302302979,2.66522512970982E-5,0.3054));
#4325=CARTESIAN_POINT('',(0.26565950040391,0.000156668327757531,0.3054));
#4326=CARTESIAN_POINT('',(0.265748471753894,0.000252916145026487,0.3054));
#4327=CARTESIAN_POINT('',(0.266428870408188,0.00025425426933112,0.3054));
#4328=CARTESIAN_POINT('',(0.266471356464648,0.000293347342116039,0.3055));
#4329=CARTESIAN_POINT('',(0.26655632857757,0.000371533487685926,0.3055));
#4330=CARTESIAN_POINT('',(0.266516052185804,0.000159505758932932,0.3054));
#4331=CARTESIAN_POINT('',(0.266568801629504,0.000187444655543163,0.3055));
#4332=CARTESIAN_POINT('',(0.266674300536298,0.000243322466605617,0.3055));
#4333=CARTESIAN_POINT('',(0.266558153444359,3.64135926601115E-5,0.3054));
#4334=CARTESIAN_POINT('',(0.266615888499202,4.751225226732E-5,0.3055));
#4335=CARTESIAN_POINT('',(0.266731358589437,6.97095714817585E-5,0.3055));
#4336=CARTESIAN_POINT('',(0.266558153426188,-0.000104220920138888,0.3054));
#4337=CARTESIAN_POINT('',(0.266615888453106,-0.000104220920138888,0.3055));
#4338=CARTESIAN_POINT('',(0.266731358506944,-0.000104220920138888,0.3055));
#4339=CARTESIAN_POINT('',(0.266428870408188,0.000254254269331271,0.3054));
#4340=CARTESIAN_POINT('',(0.266517732331069,0.000157679802199634,0.3054));
#4341=CARTESIAN_POINT('',(0.266558153426187,2.6577324158131E-5,0.3054));
#4342=CARTESIAN_POINT('',(0.266558153426187,-0.000104220920138877,0.3054));
#4343=CARTESIAN_POINT('',(0.266558153426187,-0.000104220920138888,0.3054));
#4344=CARTESIAN_POINT('',(0.266731358506944,-0.000104220920138888,0.3053));
#4345=CARTESIAN_POINT('',(0.265748502996055,-0.000458163642865366,0.3054));
#4346=CARTESIAN_POINT('',(0.265706174355597,-0.00049742710591074,0.3055));
#4347=CARTESIAN_POINT('',(0.265621517074681,-0.000575954032001549,0.3055));
#4348=CARTESIAN_POINT('',(0.265660505928214,-0.000363296909199741,0.3054));
#4349=CARTESIAN_POINT('',(0.265608239956401,-0.000391847268122645,0.3055));
#4350=CARTESIAN_POINT('',(0.265503707997664,-0.000448947999994377,0.3055));
#4351=CARTESIAN_POINT('',(0.265617302287957,-0.00024229826710124,0.3054));
#4352=CARTESIAN_POINT('',(0.265559567236069,-0.000253943519957076,0.3055));
#4353=CARTESIAN_POINT('',(0.265444097145111,-0.00027723402566876,0.3055));
#4354=CARTESIAN_POINT('',(0.265617302302979,-0.000104220920138888,0.3054));
#4355=CARTESIAN_POINT('',(0.26555956727606,-0.000104220920138888,0.3055));
#4356=CARTESIAN_POINT('',(0.265444097222223,-0.000104220920138888,0.3055));
#4357=CARTESIAN_POINT('',(0.265621517074681,-0.000575954032001549,0.3053));
#4358=CARTESIAN_POINT('',(0.265748502996056,-0.000458163642865269,0.3054));
#4359=CARTESIAN_POINT('',(0.265748502996056,-0.000458163642865268,0.3054));
#4360=CARTESIAN_POINT('',(0.265659902685309,-0.000362646579234708,0.3054));
#4361=CARTESIAN_POINT('',(0.265617302302979,-0.000234179757605626,0.3054));
#4362=CARTESIAN_POINT('',(0.265617302302979,-0.0001042209201389,0.3054));
#4363=CARTESIAN_POINT('',(0.266558153426188,-0.000104220920138888,0.3054));
#4364=CARTESIAN_POINT('',(0.266615888453106,-0.000104220920138888,0.3055));
#4365=CARTESIAN_POINT('',(0.266731358506944,-0.000104220920138888,0.3055));
#4366=CARTESIAN_POINT('',(0.266558153448139,-0.000243472434540041,0.305400000005332));
#4367=CARTESIAN_POINT('',(0.266615888504942,-0.000254749733163685,0.305500000008441));
#4368=CARTESIAN_POINT('',(0.266731358588382,-0.000277304330405922,0.3055));
#4369=CARTESIAN_POINT('',(0.266515926270702,-0.000365184936554699,0.3054));
#4370=CARTESIAN_POINT('',(0.266568521614266,-0.000393329588446884,0.3055));
#4371=CARTESIAN_POINT('',(0.266673712318312,-0.000449618907853772,0.3055));
#4372=CARTESIAN_POINT('',(0.266428838929729,-0.000459502179114618,0.3054));
#4373=CARTESIAN_POINT('',(0.266471257159536,-0.000498668837299112,0.3055));
#4374=CARTESIAN_POINT('',(0.266556093619151,-0.000577002153668176,0.3055));
#4375=CARTESIAN_POINT('',(0.266558153426188,-0.000104220920138888,0.3054));
#4376=CARTESIAN_POINT('',(0.266558153426187,-0.000234264732091599,0.3054));
#4377=CARTESIAN_POINT('',(0.266517217487426,-0.000363786533608779,0.3054));
#4378=CARTESIAN_POINT('',(0.266428838929729,-0.000459502179114642,0.3054));
#4379=CARTESIAN_POINT('',(0.266428838929729,-0.000459502179114643,0.3054));
#4380=CARTESIAN_POINT('',(0.266556093619151,-0.000577002153668156,0.3053));
#4381=CARTESIAN_POINT('',(0.266090494791667,-0.00060047113452082,0.3054));
#4382=CARTESIAN_POINT('',(0.266090494791667,-0.00065820616143976,0.3055));
#4383=CARTESIAN_POINT('',(0.266090494791667,-0.000773676215277775,0.3055));
#4384=CARTESIAN_POINT('',(0.265953326418906,-0.000600471148695677,0.305400000000002));
#4385=CARTESIAN_POINT('',(0.265940446090769,-0.000658206202475579,0.305500000000004));
#4386=CARTESIAN_POINT('',(0.265914685434498,-0.000773676303658781,0.3055));
#4387=CARTESIAN_POINT('',(0.265836664558213,-0.000553207697767861,0.3054));
#4388=CARTESIAN_POINT('',(0.26580484086733,-0.000603796206404345,0.3055));
#4389=CARTESIAN_POINT('',(0.265741193463894,-0.000704973243781501,0.3055));
#4390=CARTESIAN_POINT('',(0.265748502996055,-0.000458163642865352,0.3054));
#4391=CARTESIAN_POINT('',(0.265706174355597,-0.00049742710591072,0.3055));
#4392=CARTESIAN_POINT('',(0.265621517074681,-0.000575954032001549,0.3055));
#4393=CARTESIAN_POINT('',(0.266090494791667,-0.000773676215277775,0.3053));
#4394=CARTESIAN_POINT('',(0.266090494791667,-0.000600471134520882,0.3054));
#4395=CARTESIAN_POINT('',(0.266090494791667,-0.000600471134520887,0.3054));
#4396=CARTESIAN_POINT('',(0.265962249429979,-0.000600471134520887,0.3054));
#4397=CARTESIAN_POINT('',(0.265835782138582,-0.000552256398748692,0.3054));
#4398=CARTESIAN_POINT('',(0.265748502996056,-0.000458163642865236,0.3054));
#4399=CARTESIAN_POINT('',(0.266428838929729,-0.000459502179114631,0.3054));
#4400=CARTESIAN_POINT('',(0.266471257159536,-0.00049866883729913,0.3055));
#4401=CARTESIAN_POINT('',(0.266556093619151,-0.000577002153668176,0.3055));
#4402=CARTESIAN_POINT('',(0.26634188310884,-0.000553676966443324,0.305399999998654));
#4403=CARTESIAN_POINT('',(0.266373764498975,-0.000604255230032432,0.305499999997869));
#4404=CARTESIAN_POINT('',(0.266437527302402,-0.000705411775621824,0.3055));
#4405=CARTESIAN_POINT('',(0.266226448885943,-0.00060047114679541,0.3054));
#4406=CARTESIAN_POINT('',(0.266239316833322,-0.000658206198741743,0.3055));
#4407=CARTESIAN_POINT('',(0.26626505272809,-0.0007736763001739,0.3055));
#4408=CARTESIAN_POINT('',(0.266090494791667,-0.000600471134520852,0.3054));
#4409=CARTESIAN_POINT('',(0.266090494791667,-0.000658206161439803,0.3055));
#4410=CARTESIAN_POINT('',(0.266090494791667,-0.000773676215277775,0.3055));
#4411=CARTESIAN_POINT('',(0.266428838929729,-0.000459502179114646,0.3054));
#4412=CARTESIAN_POINT('',(0.266342614949899,-0.000552884376138046,0.3054));
#4413=CARTESIAN_POINT('',(0.266217289963986,-0.000600471134520884,0.3054));
#4414=CARTESIAN_POINT('',(0.266090494791667,-0.000600471134520884,0.3054));
#4415=CARTESIAN_POINT('',(0.22325,-0.0040423394097222,0.3053));
#4416=CARTESIAN_POINT('',(0.26386883979761,-0.0040423394097222,0.3053));
#4417=CARTESIAN_POINT('',(0.263633847001636,-0.00386913432896531,0.3054));
#4418=CARTESIAN_POINT('',(0.22325,-0.0038691343289653,0.3054));
#4419=CARTESIAN_POINT('',(0.262901655980901,-0.0038691343289653,0.3054));
#4420=CARTESIAN_POINT('',(0.26277972568582,-0.0040423394097222,0.3053));
#4421=CARTESIAN_POINT('',(0.259168353253837,0.0111286920100013,0.3053));
#4422=CARTESIAN_POINT('',(0.263560788582333,-0.00304809027777776,0.3053));
#4423=CARTESIAN_POINT('',(0.263325795786358,-0.00287488519702087,0.3054));
#4424=CARTESIAN_POINT('',(0.259002907340878,0.0110774314024613,0.3054));
#4425=CARTESIAN_POINT('',(0.256999224793841,0.0120916808576665,0.3053));
#4426=CARTESIAN_POINT('',(0.257162280452055,0.0121501004804343,0.3054));
#4427=CARTESIAN_POINT('',(0.262271165150201,-0.00210936436594709,0.3054));
#4428=CARTESIAN_POINT('',(0.262097960069445,-0.00213945582268466,0.3053));
#4429=CARTESIAN_POINT('',(0.22325,-0.00304809027777776,0.3053));
#4430=CARTESIAN_POINT('',(0.2667,-0.00304809027777776,0.3053));
#4431=CARTESIAN_POINT('',(0.266526794919243,-0.00287488519702086,0.3054));
#4432=CARTESIAN_POINT('',(0.22325,-0.00287488519702087,0.3054));
#4433=CARTESIAN_POINT('',(0.262097960069445,0.,0.3053));
#4434=CARTESIAN_POINT('',(0.262271165150202,-0.00210936436594709,0.3054));
#4435=CARTESIAN_POINT('',(0.262288032590258,-0.00210643393318764,0.305370784736828));
#4436=CARTESIAN_POINT('',(0.262290067654263,-0.00206523192555008,0.305356704636747));
#4437=CARTESIAN_POINT('',(0.262292595549343,-0.00203403310232854,0.305346011193906));
#4438=CARTESIAN_POINT('',(0.262292595549343,-0.00203403310232852,0.305346011193906));
#4439=CARTESIAN_POINT('',(0.262292595549343,-0.00203403310232859,0.305346011193906));
#4440=CARTESIAN_POINT('',(0.262288911851925,-0.00201523105708549,0.305361593884851));
#4441=CARTESIAN_POINT('',(0.262282379374023,-0.00199966453027315,0.305380576394573));
#4442=CARTESIAN_POINT('',(0.262271165150201,-0.00198845030645131,0.3054));
#4443=CARTESIAN_POINT('',(0.262271165150201,-0.00198845030645133,0.3054));
#4444=CARTESIAN_POINT('',(0.262097960069445,-0.00181524522569443,0.3053));
#4445=CARTESIAN_POINT('',(0.2667,0.,0.3053));
#4446=CARTESIAN_POINT('',(0.2667,-0.00181524522569443,0.3053));
#4447=CARTESIAN_POINT('',(0.266526794919243,-0.00198845030645133,0.3054));
#4448=CARTESIAN_POINT('',(0.266526794919243,0.,0.3054));
#4449=CARTESIAN_POINT('',(0.22325,-0.00181524522569443,0.3053));
#4450=CARTESIAN_POINT('',(0.22325,-0.00198845030645133,0.3054));
#4451=CARTESIAN_POINT('',(0.2668,0.,0.3053));
#4452=CARTESIAN_POINT('',(0.2668,0.014,0.3053));
#4453=CARTESIAN_POINT('',(0.2668,-0.014,0.3053));
#4454=CARTESIAN_POINT('',(0.266,-0.014,0.3053));
#4455=CARTESIAN_POINT('',(0.266,-0.0148,0.3053));
#4456=CARTESIAN_POINT('',(0.266,0.014,0.3053));
#4457=CARTESIAN_POINT('',(0.266,0.0148,0.3053));
#4458=CARTESIAN_POINT('',(0.22325,-0.0148,0.3053));
#4459=CARTESIAN_POINT('',(0.26575,-0.0148,0.3053));
#4460=CARTESIAN_POINT('',(0.22325,0.0148,0.3053));
#4461=CARTESIAN_POINT('',(0.26575,0.0148,0.3053));
#4462=CARTESIAN_POINT('',(0.26575,-0.0145,0.3053));
#4463=CARTESIAN_POINT('',(0.26545,-0.0145,0.3053));
#4464=CARTESIAN_POINT('',(0.26575,0.0145,0.3053));
#4465=CARTESIAN_POINT('',(0.26545,0.0145,0.3053));
#4466=CARTESIAN_POINT('',(0.26545,0.,0.3053));
#4467=CARTESIAN_POINT('',(0.26545,-0.0135,0.3053));
#4468=CARTESIAN_POINT('',(0.26545,0.,0.3053));
#4469=CARTESIAN_POINT('',(0.26545,0.0135,0.3053));
#4470=CARTESIAN_POINT('',(0.26425,-0.0135,0.3053));
#4471=CARTESIAN_POINT('',(0.26425,-0.0123,0.3053));
#4472=CARTESIAN_POINT('',(0.26425,0.0135,0.3053));
#4473=CARTESIAN_POINT('',(0.26425,0.0123,0.3053));
#4474=CARTESIAN_POINT('',(0.249625,-0.0123,0.3053));
#4475=CARTESIAN_POINT('',(0.235,-0.0123,0.3053));
#4476=CARTESIAN_POINT('',(0.249625,0.0123,0.3053));
#4477=CARTESIAN_POINT('',(0.235,0.0123,0.3053));
#4478=CARTESIAN_POINT('',(0.235,-0.0105,0.3053));
#4479=CARTESIAN_POINT('',(0.2332,-0.0105,0.3053));
#4480=CARTESIAN_POINT('',(0.235,0.0105,0.3053));
#4481=CARTESIAN_POINT('',(0.2332,0.0105,0.3053));
#4482=CARTESIAN_POINT('',(0.2332,-0.01,0.3053));
#4483=CARTESIAN_POINT('',(0.2332,-0.0095,0.3053));
#4484=CARTESIAN_POINT('',(0.2332,0.01,0.3053));
#4485=CARTESIAN_POINT('',(0.2332,0.0095,0.3053));
#4486=CARTESIAN_POINT('',(0.235,-0.0095,0.3053));
#4487=CARTESIAN_POINT('',(0.235,-0.0077,0.3053));
#4488=CARTESIAN_POINT('',(0.235,0.0095,0.3053));
#4489=CARTESIAN_POINT('',(0.235,0.0077,0.3053));
#4490=CARTESIAN_POINT('',(0.245875,-0.0077,0.3053));
#4491=CARTESIAN_POINT('',(0.25675,-0.0077,0.3053));
#4492=CARTESIAN_POINT('',(0.245875,0.0077,0.3053));
#4493=CARTESIAN_POINT('',(0.25675,0.0077,0.3053));
#4494=CARTESIAN_POINT('',(0.25675,0.0075,0.3053));
#4495=CARTESIAN_POINT('',(0.25675,0.0075,0.3055));
#4496=CARTESIAN_POINT('',(0.25675,0.0077,0.3055));
#4497=CARTESIAN_POINT('',(0.257566154554947,0.0075,0.3053));
#4498=CARTESIAN_POINT('',(0.257566154554237,0.00749999998847334,0.305499999999185));
#4499=CARTESIAN_POINT('',(0.257615123830411,0.00769999998780077,0.3055));
#4500=CARTESIAN_POINT('',(0.259140052882922,0.00686688583871603,0.3053));
#4501=CARTESIAN_POINT('',(0.259140052883252,0.00686688584406418,0.305500000000378));
#4502=CARTESIAN_POINT('',(0.259275183429336,0.00702721714777808,0.3055));
#4503=CARTESIAN_POINT('',(0.260706091053758,0.00486771435209105,0.3053));
#4504=CARTESIAN_POINT('',(0.26070609105367,0.00486771435066253,0.305499999999898));
#4505=CARTESIAN_POINT('',(0.260885206819344,0.00496238488100903,0.3055));
#4506=CARTESIAN_POINT('',(0.261567199779214,0.00249757197665763,0.3053));
#4507=CARTESIAN_POINT('',(0.261567199779239,0.00249757197702357,0.305500000000029));
#4508=CARTESIAN_POINT('',(0.261764201278249,0.00254203802878481,0.3055));
#4509=CARTESIAN_POINT('',(0.261841314944845,5.8191773450989E-6,0.3053));
#4510=CARTESIAN_POINT('',(0.261841314944832,5.81917730984536E-6,0.305499999999985));
#4511=CARTESIAN_POINT('',(0.262042811507958,5.92194807883743E-6,0.3055));
#4512=CARTESIAN_POINT('',(0.261567536950635,-0.0024991402941371,0.3053));
#4513=CARTESIAN_POINT('',(0.26156753695066,-0.00249914029436203,0.305500000000029));
#4514=CARTESIAN_POINT('',(0.261764549137088,-0.00254363150220715,0.3055));
#4515=CARTESIAN_POINT('',(0.260706657171678,-0.00486486938376064,0.3053));
#4516=CARTESIAN_POINT('',(0.26070665717159,-0.00486486938282567,0.305499999999898));
#4517=CARTESIAN_POINT('',(0.260885767573798,-0.00495948453050064,0.3055));
#4518=CARTESIAN_POINT('',(0.259144325571474,-0.00686433875662689,0.3053));
#4519=CARTESIAN_POINT('',(0.259144325571802,-0.00686433876014185,0.305500000000378));
#4520=CARTESIAN_POINT('',(0.259279647059815,-0.00702454251991083,0.3055));
#4521=CARTESIAN_POINT('',(0.257566128557992,-0.0075,0.3053));
#4522=CARTESIAN_POINT('',(0.257566128557287,-0.00749999999242175,0.305499999999185));
#4523=CARTESIAN_POINT('',(0.257615096273639,-0.00769999999198812,0.3055));
#4524=CARTESIAN_POINT('',(0.25675,-0.0075,0.3053));
#4525=CARTESIAN_POINT('',(0.25675,-0.0075,0.3055));
#4526=CARTESIAN_POINT('',(0.25675,-0.0077,0.3055));
#4527=CARTESIAN_POINT('',(0.2668,5.20417042793042E-18,0.3041));
#4528=CARTESIAN_POINT('',(0.2668,0.014,0.3041));
#4529=CARTESIAN_POINT('',(0.2668,-0.014,0.3041));
#4530=CARTESIAN_POINT('',(0.266,-0.014,0.3041));
#4531=CARTESIAN_POINT('',(0.266,-0.0148,0.3041));
#4532=CARTESIAN_POINT('',(0.266,0.014,0.3041));
#4533=CARTESIAN_POINT('',(0.266,0.0148,0.3041));
#4534=CARTESIAN_POINT('',(0.265875,-0.0148,0.3041));
#4535=CARTESIAN_POINT('',(0.26575,-0.0148,0.3041));
#4536=CARTESIAN_POINT('',(0.265875,0.0148,0.3041));
#4537=CARTESIAN_POINT('',(0.26575,0.0148,0.3041));
#4538=CARTESIAN_POINT('',(0.26575,-0.0145,0.3041));
#4539=CARTESIAN_POINT('',(0.26545,-0.0145,0.3041));
#4540=CARTESIAN_POINT('',(0.26575,0.0145,0.3041));
#4541=CARTESIAN_POINT('',(0.26545,0.0145,0.3041));
#4542=CARTESIAN_POINT('',(0.26545,-0.014,0.3041));
#4543=CARTESIAN_POINT('',(0.26545,-0.0135,0.3041));
#4544=CARTESIAN_POINT('',(0.26545,0.014,0.3041));
#4545=CARTESIAN_POINT('',(0.26545,0.0135,0.3041));
#4546=CARTESIAN_POINT('',(0.26425,-0.0135,0.3041));
#4547=CARTESIAN_POINT('',(0.26425,-0.0123,0.3041));
#4548=CARTESIAN_POINT('',(0.26425,0.0135,0.3041));
#4549=CARTESIAN_POINT('',(0.26425,0.0123,0.3041));
#4550=CARTESIAN_POINT('',(0.22325,-0.0123,0.3041));
#4551=CARTESIAN_POINT('',(0.235,-0.0123,0.3041));
#4552=CARTESIAN_POINT('',(0.22325,0.0123,0.3041));
#4553=CARTESIAN_POINT('',(0.235,0.0123,0.3041));
#4554=CARTESIAN_POINT('',(0.235,-0.0105,0.3041));
#4555=CARTESIAN_POINT('',(0.2332,-0.0105,0.3041));
#4556=CARTESIAN_POINT('',(0.235,0.0105,0.3041));
#4557=CARTESIAN_POINT('',(0.2332,0.0105,0.3041));
#4558=CARTESIAN_POINT('',(0.2332,0.,0.3041));
#4559=CARTESIAN_POINT('',(0.2332,-0.0095,0.3041));
#4560=CARTESIAN_POINT('',(0.2332,0.,0.3041));
#4561=CARTESIAN_POINT('',(0.2332,0.0095,0.3041));
#4562=CARTESIAN_POINT('',(0.235,-0.0095,0.3041));
#4563=CARTESIAN_POINT('',(0.235,-0.0077,0.3041));
#4564=CARTESIAN_POINT('',(0.235,0.0095,0.3041));
#4565=CARTESIAN_POINT('',(0.235,0.0077,0.3041));
#4566=CARTESIAN_POINT('',(0.22325,-0.0077,0.3041));
#4567=CARTESIAN_POINT('',(0.25675,-0.0077,0.3041));
#4568=CARTESIAN_POINT('',(0.22325,0.0077,0.3041));
#4569=CARTESIAN_POINT('',(0.25675,0.0077,0.3041));
#4570=CARTESIAN_POINT('',(0.25675,-0.0075,0.3041));
#4571=CARTESIAN_POINT('',(0.25675,-0.0075,0.3039));
#4572=CARTESIAN_POINT('',(0.25675,-0.0077,0.3039));
#4573=CARTESIAN_POINT('',(0.257566154554947,-0.0075,0.3041));
#4574=CARTESIAN_POINT('',(0.257566154554237,-0.00749999998843833,0.303899999999185));
#4575=CARTESIAN_POINT('',(0.257615123830411,-0.00769999998776476,0.3039));
#4576=CARTESIAN_POINT('',(0.259140052882922,-0.00686688583871599,0.3041));
#4577=CARTESIAN_POINT('',(0.259140052883252,-0.00686688584408039,0.303900000000378));
#4578=CARTESIAN_POINT('',(0.259275183429336,-0.00702721714779476,0.3039));
#4579=CARTESIAN_POINT('',(0.260706091053759,-0.00486771435209103,0.3041));
#4580=CARTESIAN_POINT('',(0.26070609105367,-0.00486771435065813,0.303899999999898));
#4581=CARTESIAN_POINT('',(0.260885206819344,-0.00496238488100451,0.3039));
#4582=CARTESIAN_POINT('',(0.261567199779214,-0.0024975719766576,0.3041));
#4583=CARTESIAN_POINT('',(0.261567199779239,-0.0024975719770248,0.303900000000029));
#4584=CARTESIAN_POINT('',(0.261764201278248,-0.00254203802878607,0.3039));
#4585=CARTESIAN_POINT('',(0.261841314944845,-5.81917734508069E-6,0.3041));
#4586=CARTESIAN_POINT('',(0.261841314944832,-5.81917730918766E-6,0.303899999999985));
#4587=CARTESIAN_POINT('',(0.262042811507958,-5.92194807817583E-6,0.3039));
#4588=CARTESIAN_POINT('',(0.261567536950634,0.00249914029413715,0.3041));
#4589=CARTESIAN_POINT('',(0.261567536950659,0.00249914029436078,0.303900000000029));
#4590=CARTESIAN_POINT('',(0.261764549137087,0.00254363150220592,0.3039));
#4591=CARTESIAN_POINT('',(0.260706657171681,0.00486486938376064,0.3041));
#4592=CARTESIAN_POINT('',(0.260706657171592,0.00486486938283025,0.303899999999898));
#4593=CARTESIAN_POINT('',(0.260885767573801,0.00495948453050515,0.3039));
#4594=CARTESIAN_POINT('',(0.259144325571463,0.00686433875662696,0.3041));
#4595=CARTESIAN_POINT('',(0.259144325571794,0.00686433876012492,0.303900000000378));
#4596=CARTESIAN_POINT('',(0.259279647059804,0.00702454251989418,0.3039));
#4597=CARTESIAN_POINT('',(0.257566128558016,0.0075,0.3041));
#4598=CARTESIAN_POINT('',(0.257566128557304,0.00749999999245836,0.303899999999185));
#4599=CARTESIAN_POINT('',(0.257615096273663,0.00769999999202414,0.3039));
#4600=CARTESIAN_POINT('',(0.25675,0.0075,0.3041));
#4601=CARTESIAN_POINT('',(0.25675,0.0075,0.3039));
#4602=CARTESIAN_POINT('',(0.25675,0.0077,0.3039));
#4603=CARTESIAN_POINT('',(0.264480266093771,0.00307377587785815,0.3053));
#4604=CARTESIAN_POINT('',(0.264552182010978,0.00298343522153142,0.3053));
#4605=CARTESIAN_POINT('',(0.264588139969582,0.00293826489336808,0.3054));
#4606=CARTESIAN_POINT('',(0.264661833778903,0.00321831323748571,0.3053));
#4607=CARTESIAN_POINT('',(0.26470826172918,0.00310768282685169,0.305300000002254));
#4608=CARTESIAN_POINT('',(0.26473147568006,0.00305236764829719,0.30540000001978));
#4609=CARTESIAN_POINT('',(0.264894199370481,0.0032730378193447,0.3053));
#4610=CARTESIAN_POINT('',(0.264911349808502,0.0031575677512674,0.30529999999997));
#4611=CARTESIAN_POINT('',(0.264919925027563,0.00309983269300005,0.305399999986011));
#4612=CARTESIAN_POINT('',(0.265124837239584,0.00327303776568043,0.3053));
#4613=CARTESIAN_POINT('',(0.265124837239584,0.00315756771184249,0.3053));
#4614=CARTESIAN_POINT('',(0.265124837239584,0.00309983268492354,0.3054));
#4615=CARTESIAN_POINT('',(0.264480266093771,0.00307377587785817,0.3055));
#4616=CARTESIAN_POINT('',(0.265124837239584,0.00327303776568043,0.3055));
#4617=CARTESIAN_POINT('',(0.265124837239584,0.00327303776568043,0.3053));
#4618=CARTESIAN_POINT('',(0.265124837239584,0.00315756771184249,0.3053));
#4619=CARTESIAN_POINT('',(0.265124837239584,0.00309983268492354,0.3054));
#4620=CARTESIAN_POINT('',(0.265353422882691,0.00327303781752101,0.3053));
#4621=CARTESIAN_POINT('',(0.265336092083422,0.00315756774945655,0.3053));
#4622=CARTESIAN_POINT('',(0.265327426683824,0.00309983269254886,0.305399999986793));
#4623=CARTESIAN_POINT('',(0.265583152705289,0.00321805820528958,0.3053));
#4624=CARTESIAN_POINT('',(0.265536885892238,0.00310765109365336,0.305299999990471));
#4625=CARTESIAN_POINT('',(0.265513752516671,0.00305244756166512,0.305400000017377));
#4626=CARTESIAN_POINT('',(0.26576427218033,0.00307639837281599,0.3053));
#4627=CARTESIAN_POINT('',(0.265693133750459,0.00298544422431857,0.3053));
#4628=CARTESIAN_POINT('',(0.265657564535524,0.00293996715006988,0.3054));
#4629=CARTESIAN_POINT('',(0.26576427218033,0.00307639837281609,0.3055));
#4630=CARTESIAN_POINT('',(0.26421475520307,0.00250960286458332,0.3053));
#4631=CARTESIAN_POINT('',(0.264330225256908,0.00250960286458332,0.3053));
#4632=CARTESIAN_POINT('',(0.264387960283826,0.00250960286458332,0.3054));
#4633=CARTESIAN_POINT('',(0.264214755125969,0.00272672466809908,0.3053));
#4634=CARTESIAN_POINT('',(0.264330225227163,0.00269899012816283,0.305300000007425));
#4635=CARTESIAN_POINT('',(0.264387960279898,0.00268512285810316,0.305399999993197));
#4636=CARTESIAN_POINT('',(0.264310021559414,0.00293825238319192,0.3053));
#4637=CARTESIAN_POINT('',(0.264406486732197,0.00286745416544155,0.305300000001995));
#4638=CARTESIAN_POINT('',(0.264454719325367,0.00283205504481372,0.305399999991354));
#4639=CARTESIAN_POINT('',(0.264480266093771,0.00307377587785809,0.3053));
#4640=CARTESIAN_POINT('',(0.264552182010978,0.00298343522153137,0.3053));
#4641=CARTESIAN_POINT('',(0.264588139969582,0.00293826489336803,0.3054));
#4642=CARTESIAN_POINT('',(0.26421475520307,0.00250960286458332,0.3055));
#4643=CARTESIAN_POINT('',(0.26576427218033,0.00307639837281609,0.3053));
#4644=CARTESIAN_POINT('',(0.265693133750459,0.00298544422431866,0.3053));
#4645=CARTESIAN_POINT('',(0.265657564535524,0.00293996715006995,0.3054));
#4646=CARTESIAN_POINT('',(0.265931991375196,0.00294521941322766,0.3053));
#4647=CARTESIAN_POINT('',(0.265837507501984,0.002872524494814,0.305299999998192));
#4648=CARTESIAN_POINT('',(0.265790265561376,0.00283617702748051,0.305399999994019));
#4649=CARTESIAN_POINT('',(0.266032152435925,0.00274009714613142,0.3053));
#4650=CARTESIAN_POINT('',(0.265916682342586,0.00271036246268162,0.305300000008498));
#4651=CARTESIAN_POINT('',(0.265858947272397,0.00269549512085125,0.30539999999283));
#4652=CARTESIAN_POINT('',(0.266032152349014,0.0025271267361111,0.3053));
#4653=CARTESIAN_POINT('',(0.265916682295176,0.0025271267361111,0.3053));
#4654=CARTESIAN_POINT('',(0.265858947268257,0.0025271267361111,0.3054));
#4655=CARTESIAN_POINT('',(0.266032152349014,0.0025271267361111,0.3055));
#4656=CARTESIAN_POINT('',(0.264343016666936,0.0020644839352926,0.3053));
#4657=CARTESIAN_POINT('',(0.264440253943911,0.00212675949470328,0.3053));
#4658=CARTESIAN_POINT('',(0.264488872582398,0.00215789727440861,0.3054));
#4659=CARTESIAN_POINT('',(0.264257958986735,0.00219729328767163,0.3053));
#4660=CARTESIAN_POINT('',(0.264366830451417,0.00224140320044411,0.305299999994642));
#4661=CARTESIAN_POINT('',(0.264421266182109,0.00226345815137025,0.305400000005917));
#4662=CARTESIAN_POINT('',(0.26421475516803,0.00235191518682245,0.3053));
#4663=CARTESIAN_POINT('',(0.264330225246272,0.00237165393783597,0.305300000006964));
#4664=CARTESIAN_POINT('',(0.264387960281963,0.00238152331325703,0.305399999996772));
#4665=CARTESIAN_POINT('',(0.26421475520307,0.00250960286458332,0.3053));
#4666=CARTESIAN_POINT('',(0.264330225256908,0.00250960286458332,0.3053));
#4667=CARTESIAN_POINT('',(0.264387960283826,0.00250960286458332,0.3054));
#4668=CARTESIAN_POINT('',(0.264343016666936,0.00206448393529257,0.3055));
#4669=CARTESIAN_POINT('',(0.266032152349014,0.0025271267361111,0.3053));
#4670=CARTESIAN_POINT('',(0.265916682295176,0.0025271267361111,0.3053));
#4671=CARTESIAN_POINT('',(0.265858947268257,0.0025271267361111,0.3054));
#4672=CARTESIAN_POINT('',(0.266032152435869,0.00229856215828006,0.3053));
#4673=CARTESIAN_POINT('',(0.265916682342589,0.00232795518335341,0.30530000000723));
#4674=CARTESIAN_POINT('',(0.265858947272822,0.00234265169580069,0.305399999992094));
#4675=CARTESIAN_POINT('',(0.265922604561447,0.00207725813968119,0.3053));
#4676=CARTESIAN_POINT('',(0.265830018600987,0.00215341273246318,0.305300000021661));
#4677=CARTESIAN_POINT('',(0.2657837255837,0.00219149004117233,0.305399999991136));
#4678=CARTESIAN_POINT('',(0.265734927789153,0.0019459951327446,0.3053));
#4679=CARTESIAN_POINT('',(0.265668747496028,0.00204061807993659,0.3053));
#4680=CARTESIAN_POINT('',(0.265635657349466,0.00208792955353256,0.3054));
#4681=CARTESIAN_POINT('',(0.265734927789153,0.00194599513274466,0.3055));
#4682=CARTESIAN_POINT('',(0.264488872582398,0.0021578972744086,0.3054));
#4683=CARTESIAN_POINT('',(0.264440253943911,0.00212675949470327,0.3053));
#4684=CARTESIAN_POINT('',(0.264343016666936,0.00206448393529257,0.3053));
#4685=CARTESIAN_POINT('',(0.26456040315519,0.00204620918881394,0.305400000001632));
#4686=CARTESIAN_POINT('',(0.264517663359485,0.00200589215159936,0.305300000001012));
#4687=CARTESIAN_POINT('',(0.264432183760663,0.00192525807410499,0.3053));
#4688=CARTESIAN_POINT('',(0.264635905541641,0.00197982463739338,0.305400000000002));
#4689=CARTESIAN_POINT('',(0.264612353111096,0.0019271120549118,0.30529999999992));
#4690=CARTESIAN_POINT('',(0.264565248250227,0.00182168688994237,0.3053));
#4691=CARTESIAN_POINT('',(0.264786985150567,0.00191232098234024,0.3054));
#4692=CARTESIAN_POINT('',(0.264763432720095,0.00185960839985559,0.3053));
#4693=CARTESIAN_POINT('',(0.264716327859152,0.00175418323488623,0.3053));
#4694=CARTESIAN_POINT('',(0.264750620567267,0.00192859613452124,0.3054));
#4695=CARTESIAN_POINT('',(0.264742863607702,0.00189298666570969,0.305338322590788));
#4696=CARTESIAN_POINT('',(0.26472835070763,0.00182444797606434,0.3053));
#4697=CARTESIAN_POINT('',(0.264713624645472,0.00175539105376393,0.3053));
#4698=CARTESIAN_POINT('',(0.265734927789153,0.00194599513274467,0.3053));
#4699=CARTESIAN_POINT('',(0.265668747496028,0.00204061807993666,0.3053));
#4700=CARTESIAN_POINT('',(0.265635657349466,0.00208792955353261,0.3054));
#4701=CARTESIAN_POINT('',(0.265521433526395,0.00179667514655837,0.3053));
#4702=CARTESIAN_POINT('',(0.265484894224793,0.00191202926819205,0.305300000002947));
#4703=CARTESIAN_POINT('',(0.265466624603472,0.0019697062813553,0.305400000033561));
#4704=CARTESIAN_POINT('',(0.265257019748722,0.00175539100800327,0.3053));
#4705=CARTESIAN_POINT('',(0.265243885775898,0.00187086106950496,0.305300000003174));
#4706=CARTESIAN_POINT('',(0.265237318785381,0.00192859612594441,0.305399999985146));
#4707=CARTESIAN_POINT('',(0.264998480902778,0.00175539105376398,0.3053));
#4708=CARTESIAN_POINT('',(0.264998480902778,0.00187086110760193,0.3053));
#4709=CARTESIAN_POINT('',(0.264998480902778,0.00192859613452087,0.3054));
#4710=CARTESIAN_POINT('',(0.264998480902778,0.00175539105376398,0.3055));
#4711=CARTESIAN_POINT('',(0.22325,0.00175539105376398,0.3055));
#4712=CARTESIAN_POINT('',(0.25883746142792,0.0110261707949213,0.3055));
#4713=CARTESIAN_POINT('',(0.263090802990384,-0.00270168011626397,0.3055));
#4714=CARTESIAN_POINT('',(0.263398854205662,-0.00369592924820841,0.3055));
#4715=CARTESIAN_POINT('',(0.22325,-0.00369592924820841,0.3055));
#4716=CARTESIAN_POINT('',(0.263023586275982,-0.00369592924820841,0.3055));
#4717=CARTESIAN_POINT('',(0.22325,-0.00270168011626398,0.3055));
#4718=CARTESIAN_POINT('',(0.266353589838487,-0.00270168011626398,0.3055));
#4719=CARTESIAN_POINT('',(0.257325336110269,0.0122085201032022,0.3055));
#4720=CARTESIAN_POINT('',(0.262473886246165,-0.00216165538720822,0.3055));
#4721=CARTESIAN_POINT('',(0.266353589838487,0.,0.3055));
#4722=CARTESIAN_POINT('',(0.266353589838487,-0.00216165538720822,0.3055));
#4723=CARTESIAN_POINT('',(0.22325,-0.00216165538720822,0.3055));
#4724=CARTESIAN_POINT('',(0.266090494791667,0.000222513449597321,0.3053));
#4725=CARTESIAN_POINT('',(0.266090494791667,0.000337983503435267,0.3053));
#4726=CARTESIAN_POINT('',(0.266090494791667,0.000395718530354215,0.3054));
#4727=CARTESIAN_POINT('',(0.266010298193896,0.000222513701877148,0.3053));
#4728=CARTESIAN_POINT('',(0.265989234058128,0.000337983984521675,0.3053));
#4729=CARTESIAN_POINT('',(0.265978701990238,0.000395718679226632,0.305400000257855));
#4730=CARTESIAN_POINT('',(0.265930289269183,0.000194441847867641,0.3053));
#4731=CARTESIAN_POINT('',(0.265865695940521,0.000294674519364537,0.305300000000699));
#4732=CARTESIAN_POINT('',(0.265833399814912,0.00034479035628526,0.305400000424274));
#4733=CARTESIAN_POINT('',(0.265875659627776,0.000135343849237591,0.3053));
#4734=CARTESIAN_POINT('',(0.265790867711854,0.000213725379763521,0.3053));
#4735=CARTESIAN_POINT('',(0.265748471753893,0.000252916145026472,0.3054));
#4736=CARTESIAN_POINT('',(0.265875659627776,0.000135343849237592,0.3055));
#4737=CARTESIAN_POINT('',(0.266090494791667,0.000222513449597329,0.3055));
#4738=CARTESIAN_POINT('',(0.266301412238806,0.000136975050976559,0.3053));
#4739=CARTESIAN_POINT('',(0.266386384351728,0.000215161196546373,0.3053));
#4740=CARTESIAN_POINT('',(0.266428870408188,0.000254254269331289,0.3054));
#4741=CARTESIAN_POINT('',(0.266247971659827,0.000195054258297295,0.3053));
#4742=CARTESIAN_POINT('',(0.266312660703754,0.000295284501454158,0.305299999997202));
#4743=CARTESIAN_POINT('',(0.266345004739706,0.000345399172471415,0.305400000384187));
#4744=CARTESIAN_POINT('',(0.26616933271829,0.000222513741110689,0.3053));
#4745=CARTESIAN_POINT('',(0.266190271644909,0.000337984039418583,0.305300000200355));
#4746=CARTESIAN_POINT('',(0.266200740846288,0.000395718694711958,0.305400000284676));
#4747=CARTESIAN_POINT('',(0.266090494791667,0.000222513449597321,0.3053));
#4748=CARTESIAN_POINT('',(0.266090494791667,0.000337983503435267,0.3053));
#4749=CARTESIAN_POINT('',(0.266090494791667,0.000395718530354215,0.3054));
#4750=CARTESIAN_POINT('',(0.266301412238806,0.000136975050976609,0.3055));
#4751=CARTESIAN_POINT('',(0.265875659627776,0.000135343849237593,0.3053));
#4752=CARTESIAN_POINT('',(0.265790867711854,0.000213725379763522,0.3053));
#4753=CARTESIAN_POINT('',(0.265748471753893,0.000252916145026472,0.3054));
#4754=CARTESIAN_POINT('',(0.265816180709665,7.10006622708063E-5,0.3053));
#4755=CARTESIAN_POINT('',(0.265710835912037,0.000127148733997772,0.30529999999977));
#4756=CARTESIAN_POINT('',(0.265658163763719,0.000155222538581405,0.305400000196712));
#4757=CARTESIAN_POINT('',(0.265790507168196,-1.67878311298464E-5,0.3053));
#4758=CARTESIAN_POINT('',(0.265675036979574,2.27884906093033E-6,0.305300000013647));
#4759=CARTESIAN_POINT('',(0.265617302194105,1.18121891633119E-5,0.305400000188576));
#4760=CARTESIAN_POINT('',(0.265790507383736,-0.00010422092013889,0.3053));
#4761=CARTESIAN_POINT('',(0.265675037329898,-0.000104220920138889,0.3053));
#4762=CARTESIAN_POINT('',(0.265617302302979,-0.000104220920138889,0.3054));
#4763=CARTESIAN_POINT('',(0.265790507383736,-0.000104220920138888,0.3055));
#4764=CARTESIAN_POINT('',(0.266384948345431,-0.000104220920138888,0.3053));
#4765=CARTESIAN_POINT('',(0.266500418399269,-0.000104220920138888,0.3053));
#4766=CARTESIAN_POINT('',(0.266558153426187,-0.000104220920138888,0.3054));
#4767=CARTESIAN_POINT('',(0.266384948525389,-1.66604863000522E-5,0.3053));
#4768=CARTESIAN_POINT('',(0.266500418710562,1.44666356137977E-6,0.305300000004209));
#4769=CARTESIAN_POINT('',(0.266558153519052,1.05002384942362E-5,0.305400000160846));
#4770=CARTESIAN_POINT('',(0.266360987942932,7.22289283596396E-5,0.3053));
#4771=CARTESIAN_POINT('',(0.266467646383993,0.000126847184778085,0.305300000285967));
#4772=CARTESIAN_POINT('',(0.266520974905443,0.000154156013817092,0.305400000254466));
#4773=CARTESIAN_POINT('',(0.266301412238806,0.000136975050976604,0.3053));
#4774=CARTESIAN_POINT('',(0.266386384351728,0.000215161196546422,0.3053));
#4775=CARTESIAN_POINT('',(0.266428870408188,0.00025425426933132,0.3054));
#4776=CARTESIAN_POINT('',(0.266384948345431,-0.000104220920138888,0.3055));
#4777=CARTESIAN_POINT('',(0.265790507383736,-0.000104220920138888,0.3053));
#4778=CARTESIAN_POINT('',(0.265675037329898,-0.000104220920138888,0.3053));
#4779=CARTESIAN_POINT('',(0.265617302302979,-0.000104220920138888,0.3054));
#4780=CARTESIAN_POINT('',(0.265790507194712,-0.000190592392461253,0.3053));
#4781=CARTESIAN_POINT('',(0.265675036987584,-0.000210095909732426,0.305299999995297));
#4782=CARTESIAN_POINT('',(0.265617302199775,-0.000219847668370425,0.305400000178756));
#4783=CARTESIAN_POINT('',(0.265816539791891,-0.00027682252024056,0.3053));
#4784=CARTESIAN_POINT('',(0.265711746681432,-0.00033364206510714,0.305300000007981));
#4785=CARTESIAN_POINT('',(0.26565935047672,-0.000362051502721405,0.305400000284223));
#4786=CARTESIAN_POINT('',(0.265875488917429,-0.000340373253728954,0.3053));
#4787=CARTESIAN_POINT('',(0.265790831636513,-0.000418900179819809,0.3053));
#4788=CARTESIAN_POINT('',(0.265748502996055,-0.000458163642865214,0.3054));
#4789=CARTESIAN_POINT('',(0.265875488917429,-0.000340373253728957,0.3055));
#4790=CARTESIAN_POINT('',(0.266301584240306,-0.000342002204561102,0.3053));
#4791=CARTESIAN_POINT('',(0.266386420699921,-0.000420335520930116,0.3053));
#4792=CARTESIAN_POINT('',(0.266428838929729,-0.000459502179114586,0.3054));
#4793=CARTESIAN_POINT('',(0.266360507967628,-0.000278186852646062,0.3053));
#4794=CARTESIAN_POINT('',(0.266466551075814,-0.000333553305705788,0.305300000004838));
#4795=CARTESIAN_POINT('',(0.26651957237854,-0.00036123630597422,0.305400000192553));
#4796=CARTESIAN_POINT('',(0.266384948559466,-0.000190853606645975,0.3053));
#4797=CARTESIAN_POINT('',(0.266500418770276,-0.000209388598534203,0.305300000016529));
#4798=CARTESIAN_POINT('',(0.266558153533144,-0.000218656094469831,0.305400000185255));
#4799=CARTESIAN_POINT('',(0.266384948345431,-0.000104220920138888,0.3053));
#4800=CARTESIAN_POINT('',(0.266500418399269,-0.000104220920138888,0.3053));
#4801=CARTESIAN_POINT('',(0.266558153426187,-0.000104220920138888,0.3054));
#4802=CARTESIAN_POINT('',(0.266301584240306,-0.000342002204561125,0.3055));
#4803=CARTESIAN_POINT('',(0.265875488917429,-0.000340373253728967,0.3053));
#4804=CARTESIAN_POINT('',(0.265790831636513,-0.000418900179819817,0.3053));
#4805=CARTESIAN_POINT('',(0.265748502996055,-0.000458163642865222,0.3054));
#4806=CARTESIAN_POINT('',(0.265930157453823,-0.000399309964805948,0.3053));
#4807=CARTESIAN_POINT('',(0.265865776176314,-0.000499696350313732,0.305300000002821));
#4808=CARTESIAN_POINT('',(0.265833585994273,-0.000549889116015656,0.305400000362542));
#4809=CARTESIAN_POINT('',(0.266010194115799,-0.000427266338502102,0.3053));
#4810=CARTESIAN_POINT('',(0.265989199328963,-0.000542736627437724,0.305300000182231));
#4811=CARTESIAN_POINT('',(0.265978701697317,-0.000600471293641567,0.305400000275605));
#4812=CARTESIAN_POINT('',(0.266090494791667,-0.000427266053763987,0.3053));
#4813=CARTESIAN_POINT('',(0.266090494791667,-0.000542736107601933,0.3053));
#4814=CARTESIAN_POINT('',(0.266090494791667,-0.000600471134520881,0.3054));
#4815=CARTESIAN_POINT('',(0.266090494791667,-0.000427266053763986,0.3055));
#4816=CARTESIAN_POINT('',(0.266090494791667,-0.000427266053763987,0.3053));
#4817=CARTESIAN_POINT('',(0.266090494791667,-0.000542736107601933,0.3053));
#4818=CARTESIAN_POINT('',(0.266090494791667,-0.000600471134520881,0.3054));
#4819=CARTESIAN_POINT('',(0.266169240145157,-0.000427266310100629,0.3053));
#4820=CARTESIAN_POINT('',(0.266190057370104,-0.000542736597041473,0.3053));
#4821=CARTESIAN_POINT('',(0.266200465982572,-0.000600471286018631,0.305400000262402));
#4822=CARTESIAN_POINT('',(0.26624796611555,-0.000400072165947877,0.3053));
#4823=CARTESIAN_POINT('',(0.266312386796953,-0.000500516820108363,0.30530000000015));
#4824=CARTESIAN_POINT('',(0.266344596570177,-0.000550738623384486,0.305400000445791));
#4825=CARTESIAN_POINT('',(0.266301584240307,-0.000342002204561141,0.3053));
#4826=CARTESIAN_POINT('',(0.266386420699921,-0.000420335520930141,0.3053));
#4827=CARTESIAN_POINT('',(0.266428838929729,-0.000459502179114612,0.3054));
#4828=CARTESIAN_POINT('',(0.266301198329064,0.0032368839324118,0.3053));
#4829=CARTESIAN_POINT('',(0.266362640669645,0.00327188162924863,0.3053));
#4830=CARTESIAN_POINT('',(0.266383121449839,0.00328354752819424,0.305366666666667));
#4831=CARTESIAN_POINT('',(0.266187738697305,0.00343607494105427,0.3053));
#4832=CARTESIAN_POINT('',(0.266243069242201,0.00348180258146615,0.305299999998422));
#4833=CARTESIAN_POINT('',(0.266261512740613,0.00349704511781609,0.30536666667415));
#4834=CARTESIAN_POINT('',(0.266020344912199,0.00359839663466412,0.3053));
#4835=CARTESIAN_POINT('',(0.266064416691493,0.00365501448807356,0.305300000026405));
#4836=CARTESIAN_POINT('',(0.266079107239458,0.00367388707840648,0.305366666677485));
#4837=CARTESIAN_POINT('',(0.265818081335442,0.00370657099625644,0.3053));
#4838=CARTESIAN_POINT('',(0.265851429045194,0.0037689242660529,0.3053));
#4839=CARTESIAN_POINT('',(0.265862544948444,0.00378970868931839,0.305366666666667));
#4840=CARTESIAN_POINT('',(0.266301198329064,0.00323688393241179,0.3054));
#4841=CARTESIAN_POINT('',(0.265818081335442,0.00370657099625641,0.3054));
#4842=CARTESIAN_POINT('',(0.265818081335442,0.00370657099625642,0.3053));
#4843=CARTESIAN_POINT('',(0.265851429045194,0.00376892426605288,0.3053));
#4844=CARTESIAN_POINT('',(0.265862544948444,0.00378970868931837,0.305366666666667));
#4845=CARTESIAN_POINT('',(0.265602331009859,0.00382195834372349,0.3053));
#4846=CARTESIAN_POINT('',(0.26562460173964,0.00389023579144035,0.305299999997322));
#4847=CARTESIAN_POINT('',(0.26563202532402,0.00391299494944579,0.305366666663168));
#4848=CARTESIAN_POINT('',(0.265360891631246,0.00387386304539654,0.3053));
#4849=CARTESIAN_POINT('',(0.265370431883261,0.00394457372742182,0.305300000007389));
#4850=CARTESIAN_POINT('',(0.265373611958717,0.00396814392460263,0.30536666667728));
#4851=CARTESIAN_POINT('',(0.265116536458333,0.00387386301669202,0.3053));
#4852=CARTESIAN_POINT('',(0.265116536458333,0.00394457369481068,0.3053));
#4853=CARTESIAN_POINT('',(0.265116536458333,0.00396814392085023,0.305366666666667));
#4854=CARTESIAN_POINT('',(0.265116536458333,0.00387386301669202,0.3054));
#4855=CARTESIAN_POINT('',(0.266475262756276,0.00254465060763888,0.3053));
#4856=CARTESIAN_POINT('',(0.266545973434394,0.00254465060763888,0.3053));
#4857=CARTESIAN_POINT('',(0.266569543660434,0.00254465060763888,0.305366666666667));
#4858=CARTESIAN_POINT('',(0.266475262780988,0.00278685582899896,0.3053));
#4859=CARTESIAN_POINT('',(0.26654597346347,0.00279679768571779,0.305300000000169));
#4860=CARTESIAN_POINT('',(0.266569543663802,0.00280011163795552,0.305366666676195));
#4861=CARTESIAN_POINT('',(0.266421457253542,0.00302575605016815,0.3053));
#4862=CARTESIAN_POINT('',(0.266489452098343,0.00304925005813915,0.305299999971508));
#4863=CARTESIAN_POINT('',(0.266512117076081,0.00305708139243725,0.305366666668188));
#4864=CARTESIAN_POINT('',(0.266301198329064,0.00323688393241178,0.3053));
#4865=CARTESIAN_POINT('',(0.266362640669645,0.00327188162924862,0.3053));
#4866=CARTESIAN_POINT('',(0.266383121449839,0.00328354752819423,0.305366666666667));
#4867=CARTESIAN_POINT('',(0.266475262756275,0.00254465060763888,0.3054));
#4868=CARTESIAN_POINT('',(0.265116536458333,0.00387386301669202,0.3053));
#4869=CARTESIAN_POINT('',(0.265116536458333,0.00394457369481068,0.3053));
#4870=CARTESIAN_POINT('',(0.265116536458333,0.00396814392085023,0.305366666666667));
#4871=CARTESIAN_POINT('',(0.264765668067177,0.00387386305400019,0.3053));
#4872=CARTESIAN_POINT('',(0.264755564334449,0.00394457373585941,0.305299999999893));
#4873=CARTESIAN_POINT('',(0.264752196423716,0.00396814392555001,0.30536666667996));
#4874=CARTESIAN_POINT('',(0.264409935453311,0.00379460679619741,0.3053));
#4875=CARTESIAN_POINT('',(0.264381268662631,0.00386260127003665,0.305300000000006));
#4876=CARTESIAN_POINT('',(0.264371713044017,0.00388526612100616,0.305366666654595));
#4877=CARTESIAN_POINT('',(0.264137136369417,0.00356994877488475,0.3053));
#4878=CARTESIAN_POINT('',(0.264092185078482,0.00362453248530554,0.3053));
#4879=CARTESIAN_POINT('',(0.264077201314837,0.00364272705544579,0.305366666666667));
#4880=CARTESIAN_POINT('',(0.264137136369417,0.00356994877488476,0.3054));
#4881=CARTESIAN_POINT('',(0.266041652602563,0.00153594488858616,0.3053));
#4882=CARTESIAN_POINT('',(0.266088459078662,0.00148294343770859,0.3053));
#4883=CARTESIAN_POINT('',(0.266104061237362,0.00146527628741607,0.305366666666667));
#4884=CARTESIAN_POINT('',(0.266327107999933,0.00178803531906065,0.3053));
#4885=CARTESIAN_POINT('',(0.266387900222944,0.00174738490401497,0.305300000002531));
#4886=CARTESIAN_POINT('',(0.266408164265413,0.00173383479840612,0.305366666682119));
#4887=CARTESIAN_POINT('',(0.266475262813648,0.00216397450801168,0.3053));
#4888=CARTESIAN_POINT('',(0.266545973504079,0.00214920430382784,0.3053000000057));
#4889=CARTESIAN_POINT('',(0.2665695436679,0.0021442809023698,0.305366666687785));
#4890=CARTESIAN_POINT('',(0.266475262756276,0.00254465060763887,0.3053));
#4891=CARTESIAN_POINT('',(0.266545973434394,0.00254465060763887,0.3053));
#4892=CARTESIAN_POINT('',(0.266569543660434,0.00254465060763887,0.305366666666667));
#4893=CARTESIAN_POINT('',(0.266041652602563,0.00153594488858615,0.3054));
#4894=CARTESIAN_POINT('',(0.264137136369417,0.00356994877488475,0.3053));
#4895=CARTESIAN_POINT('',(0.264092185078482,0.00362453248530554,0.3053));
#4896=CARTESIAN_POINT('',(0.264077201314837,0.00364272705544579,0.305366666666667));
#4897=CARTESIAN_POINT('',(0.263899721232999,0.00337443050645721,0.3053));
#4898=CARTESIAN_POINT('',(0.263839999837121,0.00341685062012755,0.305300000001955));
#4899=CARTESIAN_POINT('',(0.26382009274936,0.00343099060158949,0.305366666692498));
#4900=CARTESIAN_POINT('',(0.263775333958573,0.00307044318118916,0.3053));
#4901=CARTESIAN_POINT('',(0.263704623235131,0.00308543920358984,0.305299999961768));
#4902=CARTESIAN_POINT('',(0.263681053117781,0.00309043787818532,0.305366666694895));
#4903=CARTESIAN_POINT('',(0.263775334031919,0.00276323784722221,0.3053));
#4904=CARTESIAN_POINT('',(0.2637046233538,0.00276323784722221,0.3053));
#4905=CARTESIAN_POINT('',(0.263681053127761,0.00276323784722221,0.305366666666667));
#4906=CARTESIAN_POINT('',(0.263775334031919,0.00276323784722221,0.3054));
#4907=CARTESIAN_POINT('',(0.264865668402778,0.00114903194858573,0.3053));
#4908=CARTESIAN_POINT('',(0.264865668402778,0.00107832127046707,0.3053));
#4909=CARTESIAN_POINT('',(0.264865668402778,0.00105475104442752,0.305366666666667));
#4910=CARTESIAN_POINT('',(0.265289415904559,0.00114903191402995,0.3053));
#4911=CARTESIAN_POINT('',(0.265300041430503,0.00107832123296619,0.305300000000022));
#4912=CARTESIAN_POINT('',(0.265303583272484,0.00105475104015166,0.305366666678761));
#4913=CARTESIAN_POINT('',(0.265722378661775,0.00125398866999838,0.3053));
#4914=CARTESIAN_POINT('',(0.265753139198699,0.00118681649082476,0.305300000374102));
#4915=CARTESIAN_POINT('',(0.265763392269892,0.00116442576920664,0.305366666669809));
#4916=CARTESIAN_POINT('',(0.266041652602563,0.00153594488858614,0.3053));
#4917=CARTESIAN_POINT('',(0.266088459078662,0.00148294343770857,0.3053));
#4918=CARTESIAN_POINT('',(0.266104061237362,0.00146527628741606,0.305366666666667));
#4919=CARTESIAN_POINT('',(0.264865668402778,0.00114903194858573,0.3054));
#4920=CARTESIAN_POINT('',(0.263775334031919,0.00276323784722221,0.3053));
#4921=CARTESIAN_POINT('',(0.2637046233538,0.00276323784722221,0.3053));
#4922=CARTESIAN_POINT('',(0.263681053127761,0.00276323784722221,0.305366666666667));
#4923=CARTESIAN_POINT('',(0.263775333997646,0.00257428360138468,0.3053));
#4924=CARTESIAN_POINT('',(0.263704623310312,0.00256504284260262,0.305299999996917));
#4925=CARTESIAN_POINT('',(0.263681053122985,0.0025619625897125,0.305366666680174));
#4926=CARTESIAN_POINT('',(0.263852023048422,0.00219179543161421,0.3053));
#4927=CARTESIAN_POINT('',(0.263788136821756,0.00215365602930978,0.305300000055893));
#4928=CARTESIAN_POINT('',(0.263766841329492,0.00214094289501976,0.305366666659999));
#4929=CARTESIAN_POINT('',(0.264138937513549,0.00193127529097171,0.3053));
#4930=CARTESIAN_POINT('',(0.264089418485923,0.00188079880838129,0.305299999891298));
#4931=CARTESIAN_POINT('',(0.264072912268348,0.00186397331452439,0.305366666666495));
#4932=CARTESIAN_POINT('',(0.264274036198912,0.00179873945210923,0.3053));
#4933=CARTESIAN_POINT('',(0.26422451726543,0.00174826297019056,0.3053));
#4934=CARTESIAN_POINT('',(0.26420801095427,0.00173143747621767,0.305366666666667));
#4935=CARTESIAN_POINT('',(0.26400056397821,0.00193561424393944,0.305366666666667));
#4936=CARTESIAN_POINT('',(0.264070409787783,0.00189928556688039,0.305295796589087));
#4937=CARTESIAN_POINT('',(0.264175904196022,0.00184920492023411,0.3053));
#4938=CARTESIAN_POINT('',(0.264269201653489,0.0018034822852877,0.3053));
#4939=CARTESIAN_POINT('',(0.22325,0.00114903194858573,0.3054));
#4940=CARTESIAN_POINT('',(0.26456591796875,0.00114903194858573,0.3054));
#4941=CARTESIAN_POINT('',(0.263248901258862,0.00233982349687857,0.305366666666667));
#4942=CARTESIAN_POINT('',(0.263230762261551,0.00232477250581182,0.3053));
#4943=CARTESIAN_POINT('',(0.263176345269616,0.00227961953261159,0.3053));
#4944=CARTESIAN_POINT('',(0.263371110784419,0.00219254028862659,0.305366666667126));
#4945=CARTESIAN_POINT('',(0.263355491964081,0.00217445205396172,0.305299999996845));
#4946=CARTESIAN_POINT('',(0.26330863551092,0.00212018734756496,0.3053));
#4947=CARTESIAN_POINT('',(0.263684172037761,0.00196832744152019,0.305366666666437));
#4948=CARTESIAN_POINT('',(0.263676526526388,0.00194509847776741,0.305300000001593));
#4949=CARTESIAN_POINT('',(0.263653589988305,0.00187541158770915,0.3053));
#4950=CARTESIAN_POINT('',(0.264084581733411,0.00192381117419597,0.305366666666667));
#4951=CARTESIAN_POINT('',(0.264081397084616,0.00190045708316774,0.305299999999968));
#4952=CARTESIAN_POINT('',(0.264071843138305,0.00183039481008496,0.3053));
#4953=CARTESIAN_POINT('',(0.26428926489452,0.00189589983404478,0.305366666666667));
#4954=CARTESIAN_POINT('',(0.264286080245744,0.00187254574301718,0.3053));
#4955=CARTESIAN_POINT('',(0.264276526299414,0.00180248346993434,0.3053));
#4956=CARTESIAN_POINT('',(0.263176345269616,0.00227961953261154,0.3054));
#4957=CARTESIAN_POINT('',(0.263396166194829,0.00139827987703897,0.3053));
#4958=CARTESIAN_POINT('',(0.263364901870444,0.00133485636388543,0.3053));
#4959=CARTESIAN_POINT('',(0.263354480428982,0.00131371519283427,0.305366666666667));
#4960=CARTESIAN_POINT('',(0.263758929606249,0.00121945737163006,0.3053));
#4961=CARTESIAN_POINT('',(0.263739502289646,0.00115019886403254,0.305300000004214));
#4962=CARTESIAN_POINT('',(0.263733026503896,0.00112711267716452,0.305366666659714));
#4963=CARTESIAN_POINT('',(0.264162310134185,0.0011490319311117,0.3053));
#4964=CARTESIAN_POINT('',(0.26415425028307,0.00107832125182391,0.305300000000027));
#4965=CARTESIAN_POINT('',(0.264151563666025,0.00105475104231272,0.305366666672648));
#4966=CARTESIAN_POINT('',(0.26456591796875,0.00114903194858573,0.3053));
#4967=CARTESIAN_POINT('',(0.26456591796875,0.00107832127046707,0.3053));
#4968=CARTESIAN_POINT('',(0.26456591796875,0.00105475104442752,0.305366666666667));
#4969=CARTESIAN_POINT('',(0.263396166194829,0.00139827987703896,0.3054));
#4970=CARTESIAN_POINT('',(0.262957781503689,0.00324200057037128,0.305366666666667));
#4971=CARTESIAN_POINT('',(0.262934213830376,0.00324165368398131,0.3053));
#4972=CARTESIAN_POINT('',(0.262863510810437,0.00324061302481142,0.3053));
#4973=CARTESIAN_POINT('',(0.262962639385184,0.00291195283740967,0.305366666654365));
#4974=CARTESIAN_POINT('',(0.262939122151635,0.00290817747632508,0.30530000001517));
#4975=CARTESIAN_POINT('',(0.262868570502979,0.00289685139396229,0.3053));
#4976=CARTESIAN_POINT('',(0.263045123794023,0.00258540990792444,0.305366666665697));
#4977=CARTESIAN_POINT('',(0.263022679087011,0.00257554789656088,0.305299999879757));
#4978=CARTESIAN_POINT('',(0.262955345387401,0.00254596187181863,0.3053));
#4979=CARTESIAN_POINT('',(0.263248901258862,0.00233982349687847,0.305366666666667));
#4980=CARTESIAN_POINT('',(0.263230762261551,0.00232477250581172,0.3053));
#4981=CARTESIAN_POINT('',(0.263176345269616,0.00227961953261148,0.3053));
#4982=CARTESIAN_POINT('',(0.262957781507656,0.00324200030081034,0.305366666666667));
#4983=CARTESIAN_POINT('',(0.26294425010351,0.00324154276052522,0.305328394076144));
#4984=CARTESIAN_POINT('',(0.262905404581873,0.0032410852202401,0.30530054173398));
#4985=CARTESIAN_POINT('',(0.262864813870165,0.00324062767995499,0.305300008623719));
#4986=CARTESIAN_POINT('',(0.262864813877959,0.00324062768004282,0.305300008623821));
#4987=CARTESIAN_POINT('',(0.262863530281528,0.00323931440558091,0.3053));
#4988=CARTESIAN_POINT('',(0.262863959876524,0.0032397504803957,0.3053));
#4989=CARTESIAN_POINT('',(0.262864389461355,0.00324018654489173,0.305300002853967));
#4990=CARTESIAN_POINT('',(0.262864819036036,0.00324062259908429,0.305300008557627));
#4991=CARTESIAN_POINT('',(0.262620972866063,0.00210690046137911,0.3053));
#4992=CARTESIAN_POINT('',(0.262560180717713,0.00207078516407899,0.3053));
#4993=CARTESIAN_POINT('',(0.262539916668263,0.00205874673164563,0.305366666666667));
#4994=CARTESIAN_POINT('',(0.262803703522716,0.00179931363528207,0.3053));
#4995=CARTESIAN_POINT('',(0.262749707550853,0.0017517585171206,0.305300000033865));
#4996=CARTESIAN_POINT('',(0.262731708861995,0.00173590681506752,0.305366666669625));
#4997=CARTESIAN_POINT('',(0.263075340066742,0.00155642959415186,0.3053));
#4998=CARTESIAN_POINT('',(0.26303346064292,0.00149823874226702,0.305300000001325));
#4999=CARTESIAN_POINT('',(0.263019500843027,0.00147884181110421,0.305366666674343));
#5000=CARTESIAN_POINT('',(0.263396166194829,0.00139827987703894,0.3053));
#5001=CARTESIAN_POINT('',(0.263364901870444,0.00133485636388541,0.3053));
#5002=CARTESIAN_POINT('',(0.263354480428982,0.00131371519283425,0.305366666666667));
#5003=CARTESIAN_POINT('',(0.262620972866063,0.00210690046137912,0.3054));
#5004=CARTESIAN_POINT('',(0.262863500603498,0.,0.3054));
#5005=CARTESIAN_POINT('',(0.262863500603498,0.00323931440558091,0.3054));
#5006=CARTESIAN_POINT('',(0.262342957602946,0.00319100788779274,0.3053));
#5007=CARTESIAN_POINT('',(0.26227224759316,0.00319070045296756,0.3053));
#5008=CARTESIAN_POINT('',(0.262248677589899,0.0031905979746925,0.305366666666667));
#5009=CARTESIAN_POINT('',(0.262344606860705,0.00281167860806762,0.3053));
#5010=CARTESIAN_POINT('',(0.262273896850925,0.00281137117324223,0.3053));
#5011=CARTESIAN_POINT('',(0.262250326847639,0.0028112686949673,0.30536666666666));
#5012=CARTESIAN_POINT('',(0.262426790995539,0.00243376289089193,0.3053));
#5013=CARTESIAN_POINT('',(0.262358664745804,0.00240999298347554,0.305300000031263));
#5014=CARTESIAN_POINT('',(0.262335955952008,0.00240206967594573,0.305366666663334));
#5015=CARTESIAN_POINT('',(0.262620972866063,0.00210690046137912,0.3053));
#5016=CARTESIAN_POINT('',(0.262560180717713,0.00207078516407899,0.3053));
#5017=CARTESIAN_POINT('',(0.262539916668263,0.00205874673164563,0.305366666666667));
#5018=CARTESIAN_POINT('',(0.262342987112562,0.00318422067604891,0.3054));
#5019=CARTESIAN_POINT('',(0.22325,0.00323931440558091,0.3054));
#5020=CARTESIAN_POINT('',(0.26234298811178,0.00323931440558091,0.3054));
#5021=CARTESIAN_POINT('',(0.26234298811178,0.,0.3054));
#5022=MECHANICAL_DESIGN_GEOMETRIC_PRESENTATION_REPRESENTATION('',(#2375),
#5023);
#5023=(
GEOMETRIC_REPRESENTATION_CONTEXT(3)
GLOBAL_UNCERTAINTY_ASSIGNED_CONTEXT((#5024))
GLOBAL_UNIT_ASSIGNED_CONTEXT((#5027,#5026,#5025))
REPRESENTATION_CONTEXT('BLOCKS_spacer_1.6','TOP_LEVEL_ASSEMBLY_PART')
);
#5024=UNCERTAINTY_MEASURE_WITH_UNIT(LENGTH_MEASURE(2.E-5),#5027,
'DISTANCE_ACCURACY_VALUE','Maximum Tolerance applied to model');
#5025=(
NAMED_UNIT(*)
SI_UNIT($,.STERADIAN.)
SOLID_ANGLE_UNIT()
);
#5026=(
NAMED_UNIT(*)
PLANE_ANGLE_UNIT()
SI_UNIT($,.RADIAN.)
);
#5027=(
LENGTH_UNIT()
NAMED_UNIT(*)
SI_UNIT($,.METRE.)
);
#5028=PRODUCT_DEFINITION_SHAPE('','',#5029);
#5029=PRODUCT_DEFINITION('','',#5031,#5030);
#5030=PRODUCT_DEFINITION_CONTEXT('',#5037,'design');
#5031=PRODUCT_DEFINITION_FORMATION_WITH_SPECIFIED_SOURCE('','',#5033,
 .NOT_KNOWN.);
#5032=PRODUCT_RELATED_PRODUCT_CATEGORY('','',(#5033));
#5033=PRODUCT('BLOCKS_spacer_1.6','BLOCKS_spacer_1.6',
'BLOCKS_spacer_1.6',(#5035));
#5034=PRODUCT_CATEGORY('','');
#5035=PRODUCT_CONTEXT('',#5037,'mechanical');
#5036=APPLICATION_PROTOCOL_DEFINITION('international standard',
'ap242_managed_model_based_3d_engineering',2020,#5037);
#5037=APPLICATION_CONTEXT('managed model based 3d engineering');
ENDSEC;
END-ISO-10303-21;
