ISO-10303-21;
HEADER;
/* Generated by software containing ST-Developer
 * from STEP Tools, Inc. (www.steptools.com) 
 */
/* OPTION: using custom renumber hook */

FILE_DESCRIPTION(
/* description */ ('STEP AP242 Edition 2',
'CAx-IF Rec.Pracs.---Representation and Presentation of Product Manufa
cturing Information (PMI)---4.0---2014-10-13',
'CAx-IF Rec.Pracs.---3D Tessellated Geometry---0.4---2014-09-14','2;1',
'CAx-IF Rec.Pracs.---User Defined Attributes---1.5---2016-08-15'),
/* implementation_level */ '2;1');

FILE_NAME(
/* name */ 'detector_block - BLOCKS_detector_block',
/* time_stamp */ '2026-05-15T17:29:42Z',
/* author */ (''),
/* organization */ (''),
/* preprocessor_version */ 'ST-DEVELOPER v20',
/* originating_system */ 'ONSHAPE BY PTC INC, 1.214',
/* authorisation */ '  ');

FILE_SCHEMA (('AP242_MANAGED_MODEL_BASED_3D_ENGINEERING_MIM_LF { 1 0 10303 442 3 1 4 }'));
ENDSEC;

DATA;
#10=SHAPE_REPRESENTATION_RELATIONSHIP('','',#1876,#11);
#11=ADVANCED_BREP_SHAPE_REPRESENTATION('',(#1874),#3566);
#12=SPHERICAL_SURFACE('',#2067,0.0005);
#13=SPHERICAL_SURFACE('',#2069,0.0005);
#14=SPHERICAL_SURFACE('',#2081,0.0005);
#15=SPHERICAL_SURFACE('',#2083,0.0005);
#16=SPHERICAL_SURFACE('',#2086,0.0005);
#17=SPHERICAL_SURFACE('',#2095,0.0005);
#18=(
BOUNDED_SURFACE()
B_SPLINE_SURFACE(3,2,((#3250,#3251,#3252),(#3253,#3254,#3255),(#3256,#3257,
#3258),(#3259,#3260,#3261),(#3262,#3263,#3264),(#3265,#3266,#3267),(#3268,
#3269,#3270)),.UNSPECIFIED.,.F.,.F.,.F.)
B_SPLINE_SURFACE_WITH_KNOTS((4,1,1,1,4),(3,3),(6.28318530717959,6.67588438887831,
7.06858347057703,7.46128255227576,7.85398163397448),(0.,1.),
 .UNSPECIFIED.)
GEOMETRIC_REPRESENTATION_ITEM()
RATIONAL_B_SPLINE_SURFACE(((1.,0.707106781186548,1.),(1.,0.707106782482353,
1.),(1.,0.746571860232676,1.),(1.,0.86902903455372,1.),(1.,0.973464424259081,
1.),(1.,0.999999999884295,1.),(1.,1.,1.)))
REPRESENTATION_ITEM('')
SURFACE()
);
#19=(
BOUNDED_SURFACE()
B_SPLINE_SURFACE(3,2,((#3278,#3279,#3280),(#3281,#3282,#3283),(#3284,#3285,
#3286),(#3287,#3288,#3289),(#3290,#3291,#3292),(#3293,#3294,#3295),(#3296,
#3297,#3298)),.UNSPECIFIED.,.F.,.F.,.F.)
B_SPLINE_SURFACE_WITH_KNOTS((4,1,1,1,4),(3,3),(6.28318530717959,6.67588438887831,
7.06858347057703,7.46128255227576,7.85398163397448),(0.,1.),
 .UNSPECIFIED.)
GEOMETRIC_REPRESENTATION_ITEM()
RATIONAL_B_SPLINE_SURFACE(((1.,0.707106781186547,1.),(1.,0.707106782482385,
1.),(1.,0.74657186023266,1.),(1.,0.869029034553723,1.),(1.,0.973464424259079,
1.),(1.,0.999999999884295,1.),(1.,1.,1.)))
REPRESENTATION_ITEM('')
SURFACE()
);
#20=(
BOUNDED_SURFACE()
B_SPLINE_SURFACE(3,2,((#3406,#3407,#3408),(#3409,#3410,#3411),(#3412,#3413,
#3414),(#3415,#3416,#3417),(#3418,#3419,#3420),(#3421,#3422,#3423),(#3424,
#3425,#3426)),.UNSPECIFIED.,.F.,.F.,.F.)
B_SPLINE_SURFACE_WITH_KNOTS((4,1,1,1,4),(3,3),(1.51788304147971E-18,0.00120707171330167,
0.00241414342660333,0.003621215139905,0.00482828685320666),(0.,1.),
 .UNSPECIFIED.)
GEOMETRIC_REPRESENTATION_ITEM()
RATIONAL_B_SPLINE_SURFACE(((1.,0.707106781186549,1.),(1.,0.660927444820866,
1.),(1.,0.557281078174127,1.),(1.,0.471375004604005,1.),(1.,0.557219286013171,
1.),(1.,0.660983031472609,1.),(1.,0.707106781186548,1.)))
REPRESENTATION_ITEM('')
SURFACE()
);
#21=(
BOUNDED_SURFACE()
B_SPLINE_SURFACE(3,2,((#3432,#3433,#3434),(#3435,#3436,#3437),(#3438,#3439,
#3440),(#3441,#3442,#3443),(#3444,#3445,#3446),(#3447,#3448,#3449),(#3450,
#3451,#3452)),.UNSPECIFIED.,.F.,.F.,.F.)
B_SPLINE_SURFACE_WITH_KNOTS((4,1,1,1,4),(3,3),(6.39679281766448E-18,0.00120707171330167,
0.00241414342660334,0.00362121513990501,0.00482828685320667),(0.,1.),
 .UNSPECIFIED.)
GEOMETRIC_REPRESENTATION_ITEM()
RATIONAL_B_SPLINE_SURFACE(((1.,0.707106781186549,1.),(1.,0.660927444820866,
1.),(1.,0.557281078174128,1.),(1.,0.471375004604003,1.),(1.,0.557219286013176,
1.),(1.,0.660983031472609,1.),(1.,0.707106781186548,1.)))
REPRESENTATION_ITEM('')
SURFACE()
);
#22=(
BOUNDED_SURFACE()
B_SPLINE_SURFACE(3,2,((#3478,#3479,#3480),(#3481,#3482,#3483),(#3484,#3485,
#3486),(#3487,#3488,#3489),(#3490,#3491,#3492)),.UNSPECIFIED.,.F.,.F.,.F.)
B_SPLINE_SURFACE_WITH_KNOTS((4,1,4),(3,3),(1.40946282423116E-18,0.00114033329276717,
0.00228066658553433),(0.,1.),.UNSPECIFIED.)
GEOMETRIC_REPRESENTATION_ITEM()
RATIONAL_B_SPLINE_SURFACE(((1.,0.707106781186548,1.),(1.,0.772325375043737,
1.),(1.,0.919667546511931,1.),(1.,0.999999999988922,1.),(1.,1.,1.)))
REPRESENTATION_ITEM('')
SURFACE()
);
#23=(
BOUNDED_SURFACE()
B_SPLINE_SURFACE(3,2,((#3502,#3503,#3504),(#3505,#3506,#3507),(#3508,#3509,
#3510),(#3511,#3512,#3513),(#3514,#3515,#3516)),.UNSPECIFIED.,.F.,.F.,.F.)
B_SPLINE_SURFACE_WITH_KNOTS((4,1,4),(3,3),(1.40946282423116E-18,0.00114033329276717,
0.00228066658553433),(0.,1.),.UNSPECIFIED.)
GEOMETRIC_REPRESENTATION_ITEM()
RATIONAL_B_SPLINE_SURFACE(((1.,0.707106781186548,1.),(1.,0.772325375043737,
1.),(1.,0.919667546511931,1.),(1.,0.999999999988922,1.),(1.,1.,1.)))
REPRESENTATION_ITEM('')
SURFACE()
);
#24=(
BOUNDED_SURFACE()
B_SPLINE_SURFACE(3,2,((#3517,#3518,#3519),(#3520,#3521,#3522),(#3523,#3524,
#3525),(#3526,#3527,#3528),(#3529,#3530,#3531),(#3532,#3533,#3534),(#3535,
#3536,#3537)),.UNSPECIFIED.,.F.,.F.,.F.)
B_SPLINE_SURFACE_WITH_KNOTS((4,1,1,1,4),(3,3),(0.00334223143694801,0.0050065215164769,
0.00667081159600579,0.00833510167553467,0.00999939175506356),(0.,1.),
 .UNSPECIFIED.)
GEOMETRIC_REPRESENTATION_ITEM()
RATIONAL_B_SPLINE_SURFACE(((1.,0.772392975816656,1.),(1.,0.772392976338754,
1.),(1.,0.741170447477242,1.),(1.,0.690061745616809,1.),(1.,0.741223259968304,
1.),(1.,0.772392976244779,1.),(1.,0.772392975816656,1.)))
REPRESENTATION_ITEM('')
SURFACE()
);
#25=(
BOUNDED_SURFACE()
B_SPLINE_SURFACE(3,2,((#3540,#3541,#3542),(#3543,#3544,#3545),(#3546,#3547,
#3548),(#3549,#3550,#3551),(#3552,#3553,#3554),(#3555,#3556,#3557),(#3558,
#3559,#3560)),.UNSPECIFIED.,.F.,.F.,.F.)
B_SPLINE_SURFACE_WITH_KNOTS((4,1,1,1,4),(3,3),(0.00554205954321975,0.00720670109878033,
0.00887134265434092,0.0105359842099015,0.0122006257654621),(0.,1.),
 .UNSPECIFIED.)
GEOMETRIC_REPRESENTATION_ITEM()
RATIONAL_B_SPLINE_SURFACE(((1.,0.772392975816656,1.),(1.,0.772392976533747,
1.),(1.,0.74105214639583,1.),(1.,0.690086200022904,1.),(1.,0.741243769905395,
1.),(1.,0.772392976051922,1.),(1.,0.772392975816656,1.)))
REPRESENTATION_ITEM('')
SURFACE()
);
#26=ELLIPSE('',#2011,0.00111803398874989,0.001);
#27=ELLIPSE('',#2014,0.00111803398874989,0.001);
#28=ELLIPSE('',#2018,0.00111803398874989,0.001);
#29=ELLIPSE('',#2021,0.00111803398874989,0.001);
#30=TOROIDAL_SURFACE('',#1992,0.0175,0.005);
#31=TOROIDAL_SURFACE('',#2005,0.0015,0.001);
#32=TOROIDAL_SURFACE('',#2008,0.0115,0.001);
#33=TOROIDAL_SURFACE('',#2012,0.00149999999999998,0.001);
#34=TOROIDAL_SURFACE('',#2019,0.0015,0.001);
#35=TOROIDAL_SURFACE('',#2022,0.0115,0.001);
#36=TOROIDAL_SURFACE('',#2026,0.0015,0.001);
#37=TOROIDAL_SURFACE('',#2028,0.0015,0.001);
#38=TOROIDAL_SURFACE('',#2032,0.0115,0.001);
#39=TOROIDAL_SURFACE('',#2034,0.0015,0.001);
#40=TOROIDAL_SURFACE('',#2035,0.0115,0.001);
#41=TOROIDAL_SURFACE('',#2039,0.00375,0.0005);
#42=TOROIDAL_SURFACE('',#2041,0.0015,0.0005);
#43=TOROIDAL_SURFACE('',#2047,0.0015,0.0005);
#44=TOROIDAL_SURFACE('',#2049,0.0015,0.0005);
#45=TOROIDAL_SURFACE('',#2051,0.0015,0.0005);
#46=TOROIDAL_SURFACE('',#2065,0.0015,0.0005);
#47=TOROIDAL_SURFACE('',#2071,0.0015,0.0005);
#48=TOROIDAL_SURFACE('',#2093,0.001,0.0005);
#49=TOROIDAL_SURFACE('',#2097,0.011,0.0005);
#50=TOROIDAL_SURFACE('',#2101,0.00099999999999998,0.0005);
#51=TOROIDAL_SURFACE('',#2103,0.001,0.0005);
#52=TOROIDAL_SURFACE('',#2107,0.011,0.0005);
#53=TOROIDAL_SURFACE('',#2109,0.001,0.0005);
#54=TOROIDAL_SURFACE('',#2111,0.001,0.0005);
#55=TOROIDAL_SURFACE('',#2113,0.011,0.0005);
#56=TOROIDAL_SURFACE('',#2117,0.001,0.0005);
#57=TOROIDAL_SURFACE('',#2118,0.002125,0.0005);
#58=TOROIDAL_SURFACE('',#2119,0.002125,0.0005);
#59=TOROIDAL_SURFACE('',#2120,0.00375,0.0005);
#60=TOROIDAL_SURFACE('',#2123,0.002125,0.0005);
#61=TOROIDAL_SURFACE('',#2124,0.002125,0.0005);
#62=TOROIDAL_SURFACE('',#2125,0.00375,0.0005);
#63=TOROIDAL_SURFACE('',#2128,0.002125,0.0005);
#64=TOROIDAL_SURFACE('',#2134,0.00275,0.0005);
#65=TOROIDAL_SURFACE('',#2140,0.0025,0.0005);
#66=TOROIDAL_SURFACE('',#2143,0.002125,0.0005);
#67=TOROIDAL_SURFACE('',#2145,0.0025,0.0005);
#68=PLANE('',#1888);
#69=PLANE('',#1898);
#70=PLANE('',#1905);
#71=PLANE('',#1915);
#72=PLANE('',#1919);
#73=PLANE('',#1920);
#74=PLANE('',#1921);
#75=PLANE('',#1927);
#76=PLANE('',#1931);
#77=PLANE('',#1934);
#78=PLANE('',#1938);
#79=PLANE('',#1953);
#80=PLANE('',#1964);
#81=PLANE('',#1971);
#82=PLANE('',#1975);
#83=PLANE('',#1978);
#84=PLANE('',#1979);
#85=PLANE('',#1985);
#86=PLANE('',#1990);
#87=LINE('',#2819,#180);
#88=LINE('',#2829,#181);
#89=LINE('',#2838,#182);
#90=LINE('',#2842,#183);
#91=LINE('',#2846,#184);
#92=LINE('',#2849,#185);
#93=LINE('',#2851,#186);
#94=LINE('',#2853,#187);
#95=LINE('',#2855,#188);
#96=LINE('',#2861,#189);
#97=LINE('',#2867,#190);
#98=LINE('',#2873,#191);
#99=LINE('',#2876,#192);
#100=LINE('',#2877,#193);
#101=LINE('',#2882,#194);
#102=LINE('',#2888,#195);
#103=LINE('',#2891,#196);
#104=LINE('',#2892,#197);
#105=LINE('',#2894,#198);
#106=LINE('',#2900,#199);
#107=LINE('',#2906,#200);
#108=LINE('',#2912,#201);
#109=LINE('',#2915,#202);
#110=LINE('',#2916,#203);
#111=LINE('',#2918,#204);
#112=LINE('',#2924,#205);
#113=LINE('',#2927,#206);
#114=LINE('',#2928,#207);
#115=LINE('',#2930,#208);
#116=LINE('',#2933,#209);
#117=LINE('',#2935,#210);
#118=LINE('',#2937,#211);
#119=LINE('',#2939,#212);
#120=LINE('',#2944,#213);
#121=LINE('',#2948,#214);
#122=LINE('',#2952,#215);
#123=LINE('',#2954,#216);
#124=LINE('',#2956,#217);
#125=LINE('',#2960,#218);
#126=LINE('',#2964,#219);
#127=LINE('',#2967,#220);
#128=LINE('',#2969,#221);
#129=LINE('',#2971,#222);
#130=LINE('',#2976,#223);
#131=LINE('',#2981,#224);
#132=LINE('',#2985,#225);
#133=LINE('',#2987,#226);
#134=LINE('',#2993,#227);
#135=LINE('',#2996,#228);
#136=LINE('',#2998,#229);
#137=LINE('',#3000,#230);
#138=LINE('',#3004,#231);
#139=LINE('',#3013,#232);
#140=LINE('',#3015,#233);
#141=LINE('',#3017,#234);
#142=LINE('',#3025,#235);
#143=LINE('',#3032,#236);
#144=LINE('',#3035,#237);
#145=LINE('',#3037,#238);
#146=LINE('',#3041,#239);
#147=LINE('',#3043,#240);
#148=LINE('',#3045,#241);
#149=LINE('',#3053,#242);
#150=LINE('',#3061,#243);
#151=LINE('',#3063,#244);
#152=LINE('',#3065,#245);
#153=LINE('',#3074,#246);
#154=LINE('',#3083,#247);
#155=LINE('',#3091,#248);
#156=LINE('',#3093,#249);
#157=LINE('',#3095,#250);
#158=LINE('',#3108,#251);
#159=LINE('',#3112,#252);
#160=LINE('',#3116,#253);
#161=LINE('',#3120,#254);
#162=LINE('',#3124,#255);
#163=LINE('',#3128,#256);
#164=LINE('',#3130,#257);
#165=LINE('',#3133,#258);
#166=LINE('',#3135,#259);
#167=LINE('',#3137,#260);
#168=LINE('',#3141,#261);
#169=LINE('',#3145,#262);
#170=LINE('',#3147,#263);
#171=LINE('',#3149,#264);
#172=LINE('',#3151,#265);
#173=LINE('',#3162,#266);
#174=LINE('',#3166,#267);
#175=LINE('',#3169,#268);
#176=LINE('',#3170,#269);
#177=LINE('',#3172,#270);
#178=LINE('',#3174,#271);
#179=LINE('',#3176,#272);
#180=VECTOR('',#2170,1.);
#181=VECTOR('',#2171,1.);
#182=VECTOR('',#2174,1.);
#183=VECTOR('',#2177,1.);
#184=VECTOR('',#2182,1.);
#185=VECTOR('',#2183,1.);
#186=VECTOR('',#2184,1.);
#187=VECTOR('',#2185,1.);
#188=VECTOR('',#2188,1.);
#189=VECTOR('',#2195,1.);
#190=VECTOR('',#2202,1.);
#191=VECTOR('',#2209,1.);
#192=VECTOR('',#2210,1.);
#193=VECTOR('',#2211,1.);
#194=VECTOR('',#2220,1.);
#195=VECTOR('',#2227,1.);
#196=VECTOR('',#2228,1.);
#197=VECTOR('',#2229,1.);
#198=VECTOR('',#2232,1.);
#199=VECTOR('',#2239,1.);
#200=VECTOR('',#2246,1.);
#201=VECTOR('',#2253,1.);
#202=VECTOR('',#2254,1.);
#203=VECTOR('',#2255,1.);
#204=VECTOR('',#2258,1.);
#205=VECTOR('',#2265,1.);
#206=VECTOR('',#2266,1.);
#207=VECTOR('',#2267,1.);
#208=VECTOR('',#2270,1.);
#209=VECTOR('',#2271,1.);
#210=VECTOR('',#2272,1.);
#211=VECTOR('',#2273,1.);
#212=VECTOR('',#2276,1.);
#213=VECTOR('',#2279,1.);
#214=VECTOR('',#2282,1.);
#215=VECTOR('',#2285,1.);
#216=VECTOR('',#2286,1.);
#217=VECTOR('',#2287,1.);
#218=VECTOR('',#2290,1.);
#219=VECTOR('',#2295,1.);
#220=VECTOR('',#2296,1.);
#221=VECTOR('',#2297,1.);
#222=VECTOR('',#2298,1.);
#223=VECTOR('',#2307,1.);
#224=VECTOR('',#2310,1.);
#225=VECTOR('',#2313,1.);
#226=VECTOR('',#2314,1.);
#227=VECTOR('',#2321,1.);
#228=VECTOR('',#2322,1.);
#229=VECTOR('',#2323,1.);
#230=VECTOR('',#2324,1.);
#231=VECTOR('',#2329,1.);
#232=VECTOR('',#2336,1.);
#233=VECTOR('',#2337,1.);
#234=VECTOR('',#2338,1.);
#235=VECTOR('',#2345,1.);
#236=VECTOR('',#2352,1.);
#237=VECTOR('',#2353,1.);
#238=VECTOR('',#2354,1.);
#239=VECTOR('',#2357,1.);
#240=VECTOR('',#2358,1.);
#241=VECTOR('',#2359,1.);
#242=VECTOR('',#2360,1.);
#243=VECTOR('',#2361,1.);
#244=VECTOR('',#2362,1.);
#245=VECTOR('',#2363,1.);
#246=VECTOR('',#2374,1.);
#247=VECTOR('',#2381,1.);
#248=VECTOR('',#2388,1.);
#249=VECTOR('',#2389,1.);
#250=VECTOR('',#2390,1.);
#251=VECTOR('',#2403,1.);
#252=VECTOR('',#2406,1.);
#253=VECTOR('',#2409,1.);
#254=VECTOR('',#2412,1.);
#255=VECTOR('',#2415,1.);
#256=VECTOR('',#2418,1.);
#257=VECTOR('',#2421,1.);
#258=VECTOR('',#2422,1.);
#259=VECTOR('',#2423,1.);
#260=VECTOR('',#2424,1.);
#261=VECTOR('',#2429,1.);
#262=VECTOR('',#2434,1.);
#263=VECTOR('',#2435,1.);
#264=VECTOR('',#2436,1.);
#265=VECTOR('',#2439,1.);
#266=VECTOR('',#2440,1.);
#267=VECTOR('',#2445,1.);
#268=VECTOR('',#2446,1.);
#269=VECTOR('',#2447,1.);
#270=VECTOR('',#2450,1.);
#271=VECTOR('',#2451,1.);
#272=VECTOR('',#2452,1.);
#273=B_SPLINE_CURVE_WITH_KNOTS('',3,(#2813,#2814,#2815,#2816),
 .UNSPECIFIED.,.F.,.F.,(4,4),(0.,0.00166201594514751),.UNSPECIFIED.);
#274=B_SPLINE_CURVE_WITH_KNOTS('',3,(#2821,#2822,#2823,#2824,#2825,#2826,
#2827),.UNSPECIFIED.,.F.,.F.,(4,1,1,1,4),(0.00136792004980887,0.00301559622314228,
0.00466327239647569,0.00631094856980911,0.00795862474314252),
 .UNSPECIFIED.);
#275=B_SPLINE_CURVE_WITH_KNOTS('',3,(#2831,#2832,#2833,#2834),
 .UNSPECIFIED.,.F.,.F.,(4,4),(0.00136676923946269,0.00303351534026066),
 .UNSPECIFIED.);
#276=B_SPLINE_CURVE_WITH_KNOTS('',3,(#3047,#3048,#3049,#3050,#3051),
 .UNSPECIFIED.,.F.,.F.,(4,1,4),(0.,0.00114033329276717,0.00228066658553434),
 .UNSPECIFIED.);
#277=B_SPLINE_CURVE_WITH_KNOTS('',3,(#3055,#3056,#3057,#3058,#3059),
 .UNSPECIFIED.,.F.,.F.,(4,1,4),(0.,0.00114033329276717,0.00228066658553434),
 .UNSPECIFIED.);
#278=B_SPLINE_CURVE_WITH_KNOTS('',3,(#3154,#3155,#3156,#3157,#3158,#3159,
#3160),.UNSPECIFIED.,.F.,.F.,(4,1,1,1,4),(0.,0.001291958408049,0.002583916816098,
0.003875875224147,0.005167833632196),.UNSPECIFIED.);
#279=B_SPLINE_CURVE_WITH_KNOTS('',3,(#3178,#3179,#3180,#3181,#3182,#3183,
#3184),.UNSPECIFIED.,.F.,.F.,(4,1,1,1,4),(0.,0.00129125324975351,0.00258250649950702,
0.00387375974926052,0.00516501299901403),.UNSPECIFIED.);
#280=B_SPLINE_CURVE_WITH_KNOTS('',3,(#3190,#3191,#3192,#3193,#3194),
 .UNSPECIFIED.,.F.,.F.,(4,1,4),(0.,0.00212221125349383,0.00424442250698765),
 .UNSPECIFIED.);
#281=B_SPLINE_CURVE_WITH_KNOTS('',3,(#3204,#3205,#3206,#3207,#3208),
 .UNSPECIFIED.,.F.,.F.,(4,1,4),(0.,0.00212221125349383,0.00424442250698765),
 .UNSPECIFIED.);
#282=B_SPLINE_CURVE_WITH_KNOTS('',3,(#3224,#3225,#3226,#3227,#3228,#3229,
#3230),.UNSPECIFIED.,.F.,.F.,(4,1,1,1,4),(0.,0.00126168552735923,0.00252337105471847,
0.0037850565820777,0.00504674210943693),.UNSPECIFIED.);
#283=B_SPLINE_CURVE_WITH_KNOTS('',3,(#3233,#3234,#3235,#3236,#3237,#3238,
#3239),.UNSPECIFIED.,.F.,.F.,(4,1,1,1,4),(0.,0.00126168552735923,0.00252337105471847,
0.0037850565820777,0.00504674210943694),.UNSPECIFIED.);
#284=B_SPLINE_CURVE_WITH_KNOTS('',3,(#3301,#3302,#3303,#3304,#3305),
 .UNSPECIFIED.,.F.,.F.,(4,1,4),(-7.94561521564865E-6,0.00149145278379903,
0.0029908511828137),.UNSPECIFIED.);
#285=B_SPLINE_CURVE_WITH_KNOTS('',3,(#3466,#3467,#3468,#3469,#3470),
 .UNSPECIFIED.,.F.,.F.,(4,1,4),(0.,0.00106948516061007,0.00213897032122015),
 .UNSPECIFIED.);
#286=B_SPLINE_CURVE_WITH_KNOTS('',3,(#3474,#3475,#3476,#3477),
 .UNSPECIFIED.,.F.,.F.,(4,4),(-7.69327323586458E-6,0.00143042939390071),
 .UNSPECIFIED.);
#287=B_SPLINE_CURVE_WITH_KNOTS('',3,(#3495,#3496,#3497,#3498,#3499),
 .UNSPECIFIED.,.F.,.F.,(4,1,4),(0.,0.00106948516061007,0.00213897032122015),
 .UNSPECIFIED.);
#288=ORIENTED_EDGE('',*,*,#824,.T.);
#289=ORIENTED_EDGE('',*,*,#825,.T.);
#290=ORIENTED_EDGE('',*,*,#826,.T.);
#291=ORIENTED_EDGE('',*,*,#827,.T.);
#292=ORIENTED_EDGE('',*,*,#828,.T.);
#293=ORIENTED_EDGE('',*,*,#829,.T.);
#294=ORIENTED_EDGE('',*,*,#830,.T.);
#295=ORIENTED_EDGE('',*,*,#831,.T.);
#296=ORIENTED_EDGE('',*,*,#832,.T.);
#297=ORIENTED_EDGE('',*,*,#833,.T.);
#298=ORIENTED_EDGE('',*,*,#834,.F.);
#299=ORIENTED_EDGE('',*,*,#835,.T.);
#300=ORIENTED_EDGE('',*,*,#836,.T.);
#301=ORIENTED_EDGE('',*,*,#837,.T.);
#302=ORIENTED_EDGE('',*,*,#838,.F.);
#303=ORIENTED_EDGE('',*,*,#839,.T.);
#304=ORIENTED_EDGE('',*,*,#840,.T.);
#305=ORIENTED_EDGE('',*,*,#841,.T.);
#306=ORIENTED_EDGE('',*,*,#842,.F.);
#307=ORIENTED_EDGE('',*,*,#843,.T.);
#308=ORIENTED_EDGE('',*,*,#838,.T.);
#309=ORIENTED_EDGE('',*,*,#844,.T.);
#310=ORIENTED_EDGE('',*,*,#845,.F.);
#311=ORIENTED_EDGE('',*,*,#846,.T.);
#312=ORIENTED_EDGE('',*,*,#842,.T.);
#313=ORIENTED_EDGE('',*,*,#847,.T.);
#314=ORIENTED_EDGE('',*,*,#848,.F.);
#315=ORIENTED_EDGE('',*,*,#849,.T.);
#316=ORIENTED_EDGE('',*,*,#845,.T.);
#317=ORIENTED_EDGE('',*,*,#850,.T.);
#318=ORIENTED_EDGE('',*,*,#851,.F.);
#319=ORIENTED_EDGE('',*,*,#852,.T.);
#320=ORIENTED_EDGE('',*,*,#848,.T.);
#321=ORIENTED_EDGE('',*,*,#853,.T.);
#322=ORIENTED_EDGE('',*,*,#836,.F.);
#323=ORIENTED_EDGE('',*,*,#854,.T.);
#324=ORIENTED_EDGE('',*,*,#851,.T.);
#325=ORIENTED_EDGE('',*,*,#855,.T.);
#326=ORIENTED_EDGE('',*,*,#856,.F.);
#327=ORIENTED_EDGE('',*,*,#857,.T.);
#328=ORIENTED_EDGE('',*,*,#834,.T.);
#329=ORIENTED_EDGE('',*,*,#858,.T.);
#330=ORIENTED_EDGE('',*,*,#859,.F.);
#331=ORIENTED_EDGE('',*,*,#860,.T.);
#332=ORIENTED_EDGE('',*,*,#856,.T.);
#333=ORIENTED_EDGE('',*,*,#861,.T.);
#334=ORIENTED_EDGE('',*,*,#862,.F.);
#335=ORIENTED_EDGE('',*,*,#863,.T.);
#336=ORIENTED_EDGE('',*,*,#859,.T.);
#337=ORIENTED_EDGE('',*,*,#864,.T.);
#338=ORIENTED_EDGE('',*,*,#865,.F.);
#339=ORIENTED_EDGE('',*,*,#866,.T.);
#340=ORIENTED_EDGE('',*,*,#862,.T.);
#341=ORIENTED_EDGE('',*,*,#867,.T.);
#342=ORIENTED_EDGE('',*,*,#868,.F.);
#343=ORIENTED_EDGE('',*,*,#869,.T.);
#344=ORIENTED_EDGE('',*,*,#865,.T.);
#345=ORIENTED_EDGE('',*,*,#870,.T.);
#346=ORIENTED_EDGE('',*,*,#871,.F.);
#347=ORIENTED_EDGE('',*,*,#872,.T.);
#348=ORIENTED_EDGE('',*,*,#868,.T.);
#349=ORIENTED_EDGE('',*,*,#873,.T.);
#350=ORIENTED_EDGE('',*,*,#874,.F.);
#351=ORIENTED_EDGE('',*,*,#875,.T.);
#352=ORIENTED_EDGE('',*,*,#871,.T.);
#353=ORIENTED_EDGE('',*,*,#876,.T.);
#354=ORIENTED_EDGE('',*,*,#877,.F.);
#355=ORIENTED_EDGE('',*,*,#878,.T.);
#356=ORIENTED_EDGE('',*,*,#874,.T.);
#357=ORIENTED_EDGE('',*,*,#879,.T.);
#358=ORIENTED_EDGE('',*,*,#880,.T.);
#359=ORIENTED_EDGE('',*,*,#881,.T.);
#360=ORIENTED_EDGE('',*,*,#882,.T.);
#361=ORIENTED_EDGE('',*,*,#883,.T.);
#362=ORIENTED_EDGE('',*,*,#884,.T.);
#363=ORIENTED_EDGE('',*,*,#885,.T.);
#364=ORIENTED_EDGE('',*,*,#886,.T.);
#365=ORIENTED_EDGE('',*,*,#887,.T.);
#366=ORIENTED_EDGE('',*,*,#888,.T.);
#367=ORIENTED_EDGE('',*,*,#889,.T.);
#368=ORIENTED_EDGE('',*,*,#890,.T.);
#369=ORIENTED_EDGE('',*,*,#891,.T.);
#370=ORIENTED_EDGE('',*,*,#892,.T.);
#371=ORIENTED_EDGE('',*,*,#893,.T.);
#372=ORIENTED_EDGE('',*,*,#894,.T.);
#373=ORIENTED_EDGE('',*,*,#895,.T.);
#374=ORIENTED_EDGE('',*,*,#896,.T.);
#375=ORIENTED_EDGE('',*,*,#897,.T.);
#376=ORIENTED_EDGE('',*,*,#898,.T.);
#377=ORIENTED_EDGE('',*,*,#899,.T.);
#378=ORIENTED_EDGE('',*,*,#840,.F.);
#379=ORIENTED_EDGE('',*,*,#900,.T.);
#380=ORIENTED_EDGE('',*,*,#877,.T.);
#381=ORIENTED_EDGE('',*,*,#901,.T.);
#382=ORIENTED_EDGE('',*,*,#902,.T.);
#383=ORIENTED_EDGE('',*,*,#903,.T.);
#384=ORIENTED_EDGE('',*,*,#904,.T.);
#385=ORIENTED_EDGE('',*,*,#905,.T.);
#386=ORIENTED_EDGE('',*,*,#906,.T.);
#387=ORIENTED_EDGE('',*,*,#907,.T.);
#388=ORIENTED_EDGE('',*,*,#908,.T.);
#389=ORIENTED_EDGE('',*,*,#909,.T.);
#390=ORIENTED_EDGE('',*,*,#910,.T.);
#391=ORIENTED_EDGE('',*,*,#911,.T.);
#392=ORIENTED_EDGE('',*,*,#912,.T.);
#393=ORIENTED_EDGE('',*,*,#913,.T.);
#394=ORIENTED_EDGE('',*,*,#914,.T.);
#395=ORIENTED_EDGE('',*,*,#915,.T.);
#396=ORIENTED_EDGE('',*,*,#916,.T.);
#397=ORIENTED_EDGE('',*,*,#917,.T.);
#398=ORIENTED_EDGE('',*,*,#918,.T.);
#399=ORIENTED_EDGE('',*,*,#919,.T.);
#400=ORIENTED_EDGE('',*,*,#920,.T.);
#401=ORIENTED_EDGE('',*,*,#921,.T.);
#402=ORIENTED_EDGE('',*,*,#922,.T.);
#403=ORIENTED_EDGE('',*,*,#923,.T.);
#404=ORIENTED_EDGE('',*,*,#924,.T.);
#405=ORIENTED_EDGE('',*,*,#925,.T.);
#406=ORIENTED_EDGE('',*,*,#926,.T.);
#407=ORIENTED_EDGE('',*,*,#927,.T.);
#408=ORIENTED_EDGE('',*,*,#928,.T.);
#409=ORIENTED_EDGE('',*,*,#929,.T.);
#410=ORIENTED_EDGE('',*,*,#930,.T.);
#411=ORIENTED_EDGE('',*,*,#931,.T.);
#412=ORIENTED_EDGE('',*,*,#932,.T.);
#413=ORIENTED_EDGE('',*,*,#933,.T.);
#414=ORIENTED_EDGE('',*,*,#934,.T.);
#415=ORIENTED_EDGE('',*,*,#935,.T.);
#416=ORIENTED_EDGE('',*,*,#936,.T.);
#417=ORIENTED_EDGE('',*,*,#937,.T.);
#418=ORIENTED_EDGE('',*,*,#938,.T.);
#419=ORIENTED_EDGE('',*,*,#939,.T.);
#420=ORIENTED_EDGE('',*,*,#940,.T.);
#421=ORIENTED_EDGE('',*,*,#941,.T.);
#422=ORIENTED_EDGE('',*,*,#942,.T.);
#423=ORIENTED_EDGE('',*,*,#943,.T.);
#424=ORIENTED_EDGE('',*,*,#944,.T.);
#425=ORIENTED_EDGE('',*,*,#945,.T.);
#426=ORIENTED_EDGE('',*,*,#946,.T.);
#427=ORIENTED_EDGE('',*,*,#947,.T.);
#428=ORIENTED_EDGE('',*,*,#948,.T.);
#429=ORIENTED_EDGE('',*,*,#949,.T.);
#430=ORIENTED_EDGE('',*,*,#950,.T.);
#431=ORIENTED_EDGE('',*,*,#951,.T.);
#432=ORIENTED_EDGE('',*,*,#952,.T.);
#433=ORIENTED_EDGE('',*,*,#953,.T.);
#434=ORIENTED_EDGE('',*,*,#954,.T.);
#435=ORIENTED_EDGE('',*,*,#955,.T.);
#436=ORIENTED_EDGE('',*,*,#956,.T.);
#437=ORIENTED_EDGE('',*,*,#957,.T.);
#438=ORIENTED_EDGE('',*,*,#958,.T.);
#439=ORIENTED_EDGE('',*,*,#959,.T.);
#440=ORIENTED_EDGE('',*,*,#960,.T.);
#441=ORIENTED_EDGE('',*,*,#961,.T.);
#442=ORIENTED_EDGE('',*,*,#962,.T.);
#443=ORIENTED_EDGE('',*,*,#963,.T.);
#444=ORIENTED_EDGE('',*,*,#964,.T.);
#445=ORIENTED_EDGE('',*,*,#965,.T.);
#446=ORIENTED_EDGE('',*,*,#966,.T.);
#447=ORIENTED_EDGE('',*,*,#967,.T.);
#448=ORIENTED_EDGE('',*,*,#968,.T.);
#449=ORIENTED_EDGE('',*,*,#969,.T.);
#450=ORIENTED_EDGE('',*,*,#970,.T.);
#451=ORIENTED_EDGE('',*,*,#971,.T.);
#452=ORIENTED_EDGE('',*,*,#972,.T.);
#453=ORIENTED_EDGE('',*,*,#973,.T.);
#454=ORIENTED_EDGE('',*,*,#974,.F.);
#455=ORIENTED_EDGE('',*,*,#975,.T.);
#456=ORIENTED_EDGE('',*,*,#974,.T.);
#457=ORIENTED_EDGE('',*,*,#976,.T.);
#458=ORIENTED_EDGE('',*,*,#977,.F.);
#459=ORIENTED_EDGE('',*,*,#978,.T.);
#460=ORIENTED_EDGE('',*,*,#977,.T.);
#461=ORIENTED_EDGE('',*,*,#979,.T.);
#462=ORIENTED_EDGE('',*,*,#980,.T.);
#463=ORIENTED_EDGE('',*,*,#981,.T.);
#464=ORIENTED_EDGE('',*,*,#982,.F.);
#465=ORIENTED_EDGE('',*,*,#983,.T.);
#466=ORIENTED_EDGE('',*,*,#984,.T.);
#467=ORIENTED_EDGE('',*,*,#985,.T.);
#468=ORIENTED_EDGE('',*,*,#986,.F.);
#469=ORIENTED_EDGE('',*,*,#987,.T.);
#470=ORIENTED_EDGE('',*,*,#982,.T.);
#471=ORIENTED_EDGE('',*,*,#988,.T.);
#472=ORIENTED_EDGE('',*,*,#984,.F.);
#473=ORIENTED_EDGE('',*,*,#989,.T.);
#474=ORIENTED_EDGE('',*,*,#990,.T.);
#475=ORIENTED_EDGE('',*,*,#991,.T.);
#476=ORIENTED_EDGE('',*,*,#990,.F.);
#477=ORIENTED_EDGE('',*,*,#992,.T.);
#478=ORIENTED_EDGE('',*,*,#986,.T.);
#479=ORIENTED_EDGE('',*,*,#993,.T.);
#480=ORIENTED_EDGE('',*,*,#994,.T.);
#481=ORIENTED_EDGE('',*,*,#995,.T.);
#482=ORIENTED_EDGE('',*,*,#996,.F.);
#483=ORIENTED_EDGE('',*,*,#997,.T.);
#484=ORIENTED_EDGE('',*,*,#996,.T.);
#485=ORIENTED_EDGE('',*,*,#998,.T.);
#486=ORIENTED_EDGE('',*,*,#999,.T.);
#487=ORIENTED_EDGE('',*,*,#1000,.F.);
#488=ORIENTED_EDGE('',*,*,#1001,.T.);
#489=ORIENTED_EDGE('',*,*,#1000,.T.);
#490=ORIENTED_EDGE('',*,*,#914,.F.);
#491=ORIENTED_EDGE('',*,*,#944,.F.);
#492=ORIENTED_EDGE('',*,*,#935,.F.);
#493=ORIENTED_EDGE('',*,*,#1002,.T.);
#494=ORIENTED_EDGE('',*,*,#972,.F.);
#495=ORIENTED_EDGE('',*,*,#1003,.T.);
#496=ORIENTED_EDGE('',*,*,#980,.F.);
#497=ORIENTED_EDGE('',*,*,#1004,.T.);
#498=ORIENTED_EDGE('',*,*,#939,.F.);
#499=ORIENTED_EDGE('',*,*,#1005,.T.);
#500=ORIENTED_EDGE('',*,*,#931,.F.);
#501=ORIENTED_EDGE('',*,*,#1006,.T.);
#502=ORIENTED_EDGE('',*,*,#896,.F.);
#503=ORIENTED_EDGE('',*,*,#1007,.T.);
#504=ORIENTED_EDGE('',*,*,#933,.F.);
#505=ORIENTED_EDGE('',*,*,#1008,.T.);
#506=ORIENTED_EDGE('',*,*,#882,.F.);
#507=ORIENTED_EDGE('',*,*,#1009,.T.);
#508=ORIENTED_EDGE('',*,*,#929,.F.);
#509=ORIENTED_EDGE('',*,*,#1010,.T.);
#510=ORIENTED_EDGE('',*,*,#941,.F.);
#511=ORIENTED_EDGE('',*,*,#1011,.T.);
#512=ORIENTED_EDGE('',*,*,#1012,.F.);
#513=ORIENTED_EDGE('',*,*,#870,.F.);
#514=ORIENTED_EDGE('',*,*,#1013,.F.);
#515=ORIENTED_EDGE('',*,*,#922,.F.);
#516=ORIENTED_EDGE('',*,*,#1013,.T.);
#517=ORIENTED_EDGE('',*,*,#867,.F.);
#518=ORIENTED_EDGE('',*,*,#1014,.F.);
#519=ORIENTED_EDGE('',*,*,#923,.F.);
#520=ORIENTED_EDGE('',*,*,#1012,.T.);
#521=ORIENTED_EDGE('',*,*,#921,.F.);
#522=ORIENTED_EDGE('',*,*,#1015,.F.);
#523=ORIENTED_EDGE('',*,*,#873,.F.);
#524=ORIENTED_EDGE('',*,*,#1014,.T.);
#525=ORIENTED_EDGE('',*,*,#864,.F.);
#526=ORIENTED_EDGE('',*,*,#1016,.F.);
#527=ORIENTED_EDGE('',*,*,#924,.F.);
#528=ORIENTED_EDGE('',*,*,#876,.F.);
#529=ORIENTED_EDGE('',*,*,#1015,.T.);
#530=ORIENTED_EDGE('',*,*,#1017,.F.);
#531=ORIENTED_EDGE('',*,*,#1016,.T.);
#532=ORIENTED_EDGE('',*,*,#861,.F.);
#533=ORIENTED_EDGE('',*,*,#1018,.F.);
#534=ORIENTED_EDGE('',*,*,#925,.F.);
#535=ORIENTED_EDGE('',*,*,#1017,.T.);
#536=ORIENTED_EDGE('',*,*,#920,.F.);
#537=ORIENTED_EDGE('',*,*,#1019,.F.);
#538=ORIENTED_EDGE('',*,*,#879,.F.);
#539=ORIENTED_EDGE('',*,*,#1018,.T.);
#540=ORIENTED_EDGE('',*,*,#858,.F.);
#541=ORIENTED_EDGE('',*,*,#1020,.F.);
#542=ORIENTED_EDGE('',*,*,#926,.F.);
#543=ORIENTED_EDGE('',*,*,#901,.F.);
#544=ORIENTED_EDGE('',*,*,#1019,.T.);
#545=ORIENTED_EDGE('',*,*,#1021,.F.);
#546=ORIENTED_EDGE('',*,*,#833,.F.);
#547=ORIENTED_EDGE('',*,*,#1022,.T.);
#548=ORIENTED_EDGE('',*,*,#837,.F.);
#549=ORIENTED_EDGE('',*,*,#1023,.F.);
#550=ORIENTED_EDGE('',*,*,#927,.F.);
#551=ORIENTED_EDGE('',*,*,#1020,.T.);
#552=ORIENTED_EDGE('',*,*,#1021,.T.);
#553=ORIENTED_EDGE('',*,*,#919,.F.);
#554=ORIENTED_EDGE('',*,*,#1024,.F.);
#555=ORIENTED_EDGE('',*,*,#841,.F.);
#556=ORIENTED_EDGE('',*,*,#1023,.T.);
#557=ORIENTED_EDGE('',*,*,#855,.F.);
#558=ORIENTED_EDGE('',*,*,#1025,.F.);
#559=ORIENTED_EDGE('',*,*,#928,.F.);
#560=ORIENTED_EDGE('',*,*,#1024,.T.);
#561=ORIENTED_EDGE('',*,*,#918,.F.);
#562=ORIENTED_EDGE('',*,*,#1026,.F.);
#563=ORIENTED_EDGE('',*,*,#844,.F.);
#564=ORIENTED_EDGE('',*,*,#1025,.T.);
#565=ORIENTED_EDGE('',*,*,#853,.F.);
#566=ORIENTED_EDGE('',*,*,#1027,.F.);
#567=ORIENTED_EDGE('',*,*,#915,.F.);
#568=ORIENTED_EDGE('',*,*,#1026,.T.);
#569=ORIENTED_EDGE('',*,*,#917,.F.);
#570=ORIENTED_EDGE('',*,*,#1028,.F.);
#571=ORIENTED_EDGE('',*,*,#847,.F.);
#572=ORIENTED_EDGE('',*,*,#1027,.T.);
#573=ORIENTED_EDGE('',*,*,#850,.F.);
#574=ORIENTED_EDGE('',*,*,#1028,.T.);
#575=ORIENTED_EDGE('',*,*,#916,.F.);
#576=ORIENTED_EDGE('',*,*,#943,.F.);
#577=ORIENTED_EDGE('',*,*,#959,.F.);
#578=ORIENTED_EDGE('',*,*,#1029,.F.);
#579=ORIENTED_EDGE('',*,*,#979,.F.);
#580=ORIENTED_EDGE('',*,*,#1030,.F.);
#581=ORIENTED_EDGE('',*,*,#884,.F.);
#582=ORIENTED_EDGE('',*,*,#1030,.T.);
#583=ORIENTED_EDGE('',*,*,#976,.F.);
#584=ORIENTED_EDGE('',*,*,#1031,.F.);
#585=ORIENTED_EDGE('',*,*,#885,.F.);
#586=ORIENTED_EDGE('',*,*,#1029,.T.);
#587=ORIENTED_EDGE('',*,*,#895,.F.);
#588=ORIENTED_EDGE('',*,*,#1032,.F.);
#589=ORIENTED_EDGE('',*,*,#1004,.F.);
#590=ORIENTED_EDGE('',*,*,#1031,.T.);
#591=ORIENTED_EDGE('',*,*,#973,.F.);
#592=ORIENTED_EDGE('',*,*,#1033,.F.);
#593=ORIENTED_EDGE('',*,*,#886,.F.);
#594=ORIENTED_EDGE('',*,*,#1032,.T.);
#595=ORIENTED_EDGE('',*,*,#894,.F.);
#596=ORIENTED_EDGE('',*,*,#1034,.F.);
#597=ORIENTED_EDGE('',*,*,#940,.F.);
#598=ORIENTED_EDGE('',*,*,#1033,.T.);
#599=ORIENTED_EDGE('',*,*,#1002,.F.);
#600=ORIENTED_EDGE('',*,*,#1035,.F.);
#601=ORIENTED_EDGE('',*,*,#887,.F.);
#602=ORIENTED_EDGE('',*,*,#1034,.T.);
#603=ORIENTED_EDGE('',*,*,#893,.F.);
#604=ORIENTED_EDGE('',*,*,#1036,.F.);
#605=ORIENTED_EDGE('',*,*,#1011,.F.);
#606=ORIENTED_EDGE('',*,*,#1037,.F.);
#607=ORIENTED_EDGE('',*,*,#1009,.F.);
#608=ORIENTED_EDGE('',*,*,#1038,.F.);
#609=ORIENTED_EDGE('',*,*,#905,.F.);
#610=ORIENTED_EDGE('',*,*,#1035,.T.);
#611=ORIENTED_EDGE('',*,*,#934,.F.);
#612=ORIENTED_EDGE('',*,*,#1039,.F.);
#613=ORIENTED_EDGE('',*,*,#888,.F.);
#614=ORIENTED_EDGE('',*,*,#1036,.T.);
#615=ORIENTED_EDGE('',*,*,#892,.F.);
#616=ORIENTED_EDGE('',*,*,#1040,.F.);
#617=ORIENTED_EDGE('',*,*,#883,.F.);
#618=ORIENTED_EDGE('',*,*,#1041,.F.);
#619=ORIENTED_EDGE('',*,*,#880,.F.);
#620=ORIENTED_EDGE('',*,*,#1042,.F.);
#621=ORIENTED_EDGE('',*,*,#912,.F.);
#622=ORIENTED_EDGE('',*,*,#1038,.T.);
#623=ORIENTED_EDGE('',*,*,#881,.F.);
#624=ORIENTED_EDGE('',*,*,#1043,.F.);
#625=ORIENTED_EDGE('',*,*,#906,.F.);
#626=ORIENTED_EDGE('',*,*,#1037,.T.);
#627=ORIENTED_EDGE('',*,*,#904,.F.);
#628=ORIENTED_EDGE('',*,*,#1044,.F.);
#629=ORIENTED_EDGE('',*,*,#930,.F.);
#630=ORIENTED_EDGE('',*,*,#1039,.T.);
#631=ORIENTED_EDGE('',*,*,#1007,.F.);
#632=ORIENTED_EDGE('',*,*,#1045,.F.);
#633=ORIENTED_EDGE('',*,*,#889,.F.);
#634=ORIENTED_EDGE('',*,*,#1042,.T.);
#635=ORIENTED_EDGE('',*,*,#1040,.T.);
#636=ORIENTED_EDGE('',*,*,#1046,.F.);
#637=ORIENTED_EDGE('',*,*,#1043,.T.);
#638=ORIENTED_EDGE('',*,*,#1041,.T.);
#639=ORIENTED_EDGE('',*,*,#1047,.F.);
#640=ORIENTED_EDGE('',*,*,#1044,.T.);
#641=ORIENTED_EDGE('',*,*,#903,.F.);
#642=ORIENTED_EDGE('',*,*,#1048,.F.);
#643=ORIENTED_EDGE('',*,*,#1006,.F.);
#644=ORIENTED_EDGE('',*,*,#1045,.T.);
#645=ORIENTED_EDGE('',*,*,#899,.F.);
#646=ORIENTED_EDGE('',*,*,#1049,.F.);
#647=ORIENTED_EDGE('',*,*,#890,.F.);
#648=ORIENTED_EDGE('',*,*,#1046,.T.);
#649=ORIENTED_EDGE('',*,*,#891,.F.);
#650=ORIENTED_EDGE('',*,*,#1050,.F.);
#651=ORIENTED_EDGE('',*,*,#913,.F.);
#652=ORIENTED_EDGE('',*,*,#1047,.T.);
#653=ORIENTED_EDGE('',*,*,#911,.F.);
#654=ORIENTED_EDGE('',*,*,#1051,.F.);
#655=ORIENTED_EDGE('',*,*,#907,.F.);
#656=ORIENTED_EDGE('',*,*,#1048,.T.);
#657=ORIENTED_EDGE('',*,*,#902,.F.);
#658=ORIENTED_EDGE('',*,*,#1052,.F.);
#659=ORIENTED_EDGE('',*,*,#897,.F.);
#660=ORIENTED_EDGE('',*,*,#1050,.T.);
#661=ORIENTED_EDGE('',*,*,#1049,.T.);
#662=ORIENTED_EDGE('',*,*,#1053,.F.);
#663=ORIENTED_EDGE('',*,*,#1052,.T.);
#664=ORIENTED_EDGE('',*,*,#1051,.T.);
#665=ORIENTED_EDGE('',*,*,#1054,.F.);
#666=ORIENTED_EDGE('',*,*,#1053,.T.);
#667=ORIENTED_EDGE('',*,*,#898,.F.);
#668=ORIENTED_EDGE('',*,*,#1054,.T.);
#669=ORIENTED_EDGE('',*,*,#910,.F.);
#670=ORIENTED_EDGE('',*,*,#1055,.F.);
#671=ORIENTED_EDGE('',*,*,#1056,.F.);
#672=ORIENTED_EDGE('',*,*,#875,.F.);
#673=ORIENTED_EDGE('',*,*,#1056,.T.);
#674=ORIENTED_EDGE('',*,*,#953,.F.);
#675=ORIENTED_EDGE('',*,*,#1057,.F.);
#676=ORIENTED_EDGE('',*,*,#872,.F.);
#677=ORIENTED_EDGE('',*,*,#1055,.T.);
#678=ORIENTED_EDGE('',*,*,#878,.F.);
#679=ORIENTED_EDGE('',*,*,#1058,.F.);
#680=ORIENTED_EDGE('',*,*,#954,.F.);
#681=ORIENTED_EDGE('',*,*,#1057,.T.);
#682=ORIENTED_EDGE('',*,*,#952,.F.);
#683=ORIENTED_EDGE('',*,*,#1059,.F.);
#684=ORIENTED_EDGE('',*,*,#869,.F.);
#685=ORIENTED_EDGE('',*,*,#1058,.T.);
#686=ORIENTED_EDGE('',*,*,#900,.F.);
#687=ORIENTED_EDGE('',*,*,#1060,.F.);
#688=ORIENTED_EDGE('',*,*,#1059,.T.);
#689=ORIENTED_EDGE('',*,*,#951,.F.);
#690=ORIENTED_EDGE('',*,*,#1061,.F.);
#691=ORIENTED_EDGE('',*,*,#866,.F.);
#692=ORIENTED_EDGE('',*,*,#1060,.T.);
#693=ORIENTED_EDGE('',*,*,#839,.F.);
#694=ORIENTED_EDGE('',*,*,#1062,.F.);
#695=ORIENTED_EDGE('',*,*,#955,.F.);
#696=ORIENTED_EDGE('',*,*,#1061,.T.);
#697=ORIENTED_EDGE('',*,*,#950,.F.);
#698=ORIENTED_EDGE('',*,*,#1063,.F.);
#699=ORIENTED_EDGE('',*,*,#863,.F.);
#700=ORIENTED_EDGE('',*,*,#1062,.T.);
#701=ORIENTED_EDGE('',*,*,#843,.F.);
#702=ORIENTED_EDGE('',*,*,#1064,.F.);
#703=ORIENTED_EDGE('',*,*,#956,.F.);
#704=ORIENTED_EDGE('',*,*,#1063,.T.);
#705=ORIENTED_EDGE('',*,*,#949,.F.);
#706=ORIENTED_EDGE('',*,*,#1065,.F.);
#707=ORIENTED_EDGE('',*,*,#860,.F.);
#708=ORIENTED_EDGE('',*,*,#1064,.T.);
#709=ORIENTED_EDGE('',*,*,#846,.F.);
#710=ORIENTED_EDGE('',*,*,#1066,.F.);
#711=ORIENTED_EDGE('',*,*,#957,.F.);
#712=ORIENTED_EDGE('',*,*,#1065,.T.);
#713=ORIENTED_EDGE('',*,*,#948,.F.);
#714=ORIENTED_EDGE('',*,*,#1067,.F.);
#715=ORIENTED_EDGE('',*,*,#857,.F.);
#716=ORIENTED_EDGE('',*,*,#1066,.T.);
#717=ORIENTED_EDGE('',*,*,#849,.F.);
#718=ORIENTED_EDGE('',*,*,#1068,.F.);
#719=ORIENTED_EDGE('',*,*,#958,.F.);
#720=ORIENTED_EDGE('',*,*,#1067,.T.);
#721=ORIENTED_EDGE('',*,*,#947,.F.);
#722=ORIENTED_EDGE('',*,*,#1069,.F.);
#723=ORIENTED_EDGE('',*,*,#835,.F.);
#724=ORIENTED_EDGE('',*,*,#1068,.T.);
#725=ORIENTED_EDGE('',*,*,#852,.F.);
#726=ORIENTED_EDGE('',*,*,#1070,.F.);
#727=ORIENTED_EDGE('',*,*,#945,.F.);
#728=ORIENTED_EDGE('',*,*,#1069,.T.);
#729=ORIENTED_EDGE('',*,*,#946,.F.);
#730=ORIENTED_EDGE('',*,*,#1070,.T.);
#731=ORIENTED_EDGE('',*,*,#854,.F.);
#732=ORIENTED_EDGE('',*,*,#997,.F.);
#733=ORIENTED_EDGE('',*,*,#826,.F.);
#734=ORIENTED_EDGE('',*,*,#908,.F.);
#735=ORIENTED_EDGE('',*,*,#827,.F.);
#736=ORIENTED_EDGE('',*,*,#1071,.F.);
#737=ORIENTED_EDGE('',*,*,#932,.F.);
#738=ORIENTED_EDGE('',*,*,#1072,.F.);
#739=ORIENTED_EDGE('',*,*,#994,.F.);
#740=ORIENTED_EDGE('',*,*,#1072,.T.);
#741=ORIENTED_EDGE('',*,*,#1008,.F.);
#742=ORIENTED_EDGE('',*,*,#1071,.T.);
#743=ORIENTED_EDGE('',*,*,#995,.F.);
#744=ORIENTED_EDGE('',*,*,#1001,.F.);
#745=ORIENTED_EDGE('',*,*,#824,.F.);
#746=ORIENTED_EDGE('',*,*,#909,.F.);
#747=ORIENTED_EDGE('',*,*,#825,.F.);
#748=ORIENTED_EDGE('',*,*,#1073,.F.);
#749=ORIENTED_EDGE('',*,*,#942,.F.);
#750=ORIENTED_EDGE('',*,*,#1074,.F.);
#751=ORIENTED_EDGE('',*,*,#998,.F.);
#752=ORIENTED_EDGE('',*,*,#1074,.T.);
#753=ORIENTED_EDGE('',*,*,#1010,.F.);
#754=ORIENTED_EDGE('',*,*,#1073,.T.);
#755=ORIENTED_EDGE('',*,*,#999,.F.);
#756=ORIENTED_EDGE('',*,*,#1075,.F.);
#757=ORIENTED_EDGE('',*,*,#960,.F.);
#758=ORIENTED_EDGE('',*,*,#1076,.F.);
#759=ORIENTED_EDGE('',*,*,#993,.F.);
#760=ORIENTED_EDGE('',*,*,#1077,.F.);
#761=ORIENTED_EDGE('',*,*,#975,.F.);
#762=ORIENTED_EDGE('',*,*,#1078,.F.);
#763=ORIENTED_EDGE('',*,*,#965,.F.);
#764=ORIENTED_EDGE('',*,*,#1078,.T.);
#765=ORIENTED_EDGE('',*,*,#978,.F.);
#766=ORIENTED_EDGE('',*,*,#1079,.F.);
#767=ORIENTED_EDGE('',*,*,#966,.F.);
#768=ORIENTED_EDGE('',*,*,#1076,.T.);
#769=ORIENTED_EDGE('',*,*,#971,.F.);
#770=ORIENTED_EDGE('',*,*,#1080,.F.);
#771=ORIENTED_EDGE('',*,*,#991,.F.);
#772=ORIENTED_EDGE('',*,*,#1075,.T.);
#773=ORIENTED_EDGE('',*,*,#988,.F.);
#774=ORIENTED_EDGE('',*,*,#1081,.F.);
#775=ORIENTED_EDGE('',*,*,#961,.F.);
#776=ORIENTED_EDGE('',*,*,#1077,.T.);
#777=ORIENTED_EDGE('',*,*,#964,.F.);
#778=ORIENTED_EDGE('',*,*,#1082,.F.);
#779=ORIENTED_EDGE('',*,*,#1003,.F.);
#780=ORIENTED_EDGE('',*,*,#1079,.T.);
#781=ORIENTED_EDGE('',*,*,#981,.F.);
#782=ORIENTED_EDGE('',*,*,#1083,.F.);
#783=ORIENTED_EDGE('',*,*,#967,.F.);
#784=ORIENTED_EDGE('',*,*,#1080,.T.);
#785=ORIENTED_EDGE('',*,*,#970,.F.);
#786=ORIENTED_EDGE('',*,*,#1084,.F.);
#787=ORIENTED_EDGE('',*,*,#962,.F.);
#788=ORIENTED_EDGE('',*,*,#1081,.T.);
#789=ORIENTED_EDGE('',*,*,#985,.F.);
#790=ORIENTED_EDGE('',*,*,#936,.F.);
#791=ORIENTED_EDGE('',*,*,#1082,.T.);
#792=ORIENTED_EDGE('',*,*,#1085,.F.);
#793=ORIENTED_EDGE('',*,*,#1083,.T.);
#794=ORIENTED_EDGE('',*,*,#1005,.F.);
#795=ORIENTED_EDGE('',*,*,#1086,.F.);
#796=ORIENTED_EDGE('',*,*,#968,.F.);
#797=ORIENTED_EDGE('',*,*,#1084,.T.);
#798=ORIENTED_EDGE('',*,*,#969,.F.);
#799=ORIENTED_EDGE('',*,*,#1087,.F.);
#800=ORIENTED_EDGE('',*,*,#937,.F.);
#801=ORIENTED_EDGE('',*,*,#1085,.T.);
#802=ORIENTED_EDGE('',*,*,#963,.F.);
#803=ORIENTED_EDGE('',*,*,#1086,.T.);
#804=ORIENTED_EDGE('',*,*,#938,.F.);
#805=ORIENTED_EDGE('',*,*,#1087,.T.);
#806=ORIENTED_EDGE('',*,*,#830,.F.);
#807=ORIENTED_EDGE('',*,*,#1088,.T.);
#808=ORIENTED_EDGE('',*,*,#992,.F.);
#809=ORIENTED_EDGE('',*,*,#1089,.T.);
#810=ORIENTED_EDGE('',*,*,#983,.F.);
#811=ORIENTED_EDGE('',*,*,#1090,.T.);
#812=ORIENTED_EDGE('',*,*,#828,.F.);
#813=ORIENTED_EDGE('',*,*,#1022,.F.);
#814=ORIENTED_EDGE('',*,*,#832,.F.);
#815=ORIENTED_EDGE('',*,*,#1091,.T.);
#816=ORIENTED_EDGE('',*,*,#1088,.F.);
#817=ORIENTED_EDGE('',*,*,#829,.F.);
#818=ORIENTED_EDGE('',*,*,#1090,.F.);
#819=ORIENTED_EDGE('',*,*,#987,.F.);
#820=ORIENTED_EDGE('',*,*,#1089,.F.);
#821=ORIENTED_EDGE('',*,*,#989,.F.);
#822=ORIENTED_EDGE('',*,*,#1091,.F.);
#823=ORIENTED_EDGE('',*,*,#831,.F.);
#824=EDGE_CURVE('',#1092,#1092,#1248,.T.);
#825=EDGE_CURVE('',#1093,#1093,#1249,.T.);
#826=EDGE_CURVE('',#1094,#1094,#1250,.T.);
#827=EDGE_CURVE('',#1095,#1095,#1251,.T.);
#828=EDGE_CURVE('',#1096,#1097,#273,.T.);
#829=EDGE_CURVE('',#1097,#1098,#87,.F.);
#830=EDGE_CURVE('',#1098,#1099,#274,.T.);
#831=EDGE_CURVE('',#1099,#1100,#88,.T.);
#832=EDGE_CURVE('',#1100,#1101,#275,.T.);
#833=EDGE_CURVE('',#1101,#1102,#1252,.F.);
#834=EDGE_CURVE('',#1103,#1102,#89,.T.);
#835=EDGE_CURVE('',#1103,#1104,#1253,.T.);
#836=EDGE_CURVE('',#1104,#1105,#90,.T.);
#837=EDGE_CURVE('',#1105,#1096,#1254,.F.);
#838=EDGE_CURVE('',#1106,#1107,#91,.T.);
#839=EDGE_CURVE('',#1106,#1108,#92,.T.);
#840=EDGE_CURVE('',#1108,#1109,#93,.T.);
#841=EDGE_CURVE('',#1109,#1107,#94,.F.);
#842=EDGE_CURVE('',#1110,#1111,#95,.T.);
#843=EDGE_CURVE('',#1110,#1106,#1255,.T.);
#844=EDGE_CURVE('',#1107,#1111,#1256,.F.);
#845=EDGE_CURVE('',#1112,#1113,#96,.T.);
#846=EDGE_CURVE('',#1112,#1110,#1257,.T.);
#847=EDGE_CURVE('',#1111,#1113,#1258,.F.);
#848=EDGE_CURVE('',#1114,#1115,#97,.T.);
#849=EDGE_CURVE('',#1114,#1112,#1259,.T.);
#850=EDGE_CURVE('',#1113,#1115,#1260,.F.);
#851=EDGE_CURVE('',#1116,#1117,#98,.T.);
#852=EDGE_CURVE('',#1116,#1114,#99,.T.);
#853=EDGE_CURVE('',#1115,#1117,#100,.F.);
#854=EDGE_CURVE('',#1104,#1116,#1261,.T.);
#855=EDGE_CURVE('',#1117,#1105,#1262,.F.);
#856=EDGE_CURVE('',#1118,#1119,#101,.T.);
#857=EDGE_CURVE('',#1118,#1103,#1263,.T.);
#858=EDGE_CURVE('',#1102,#1119,#1264,.F.);
#859=EDGE_CURVE('',#1120,#1121,#102,.T.);
#860=EDGE_CURVE('',#1120,#1118,#103,.F.);
#861=EDGE_CURVE('',#1119,#1121,#104,.T.);
#862=EDGE_CURVE('',#1122,#1123,#105,.T.);
#863=EDGE_CURVE('',#1122,#1120,#1265,.T.);
#864=EDGE_CURVE('',#1121,#1123,#1266,.F.);
#865=EDGE_CURVE('',#1124,#1125,#106,.T.);
#866=EDGE_CURVE('',#1124,#1122,#1267,.T.);
#867=EDGE_CURVE('',#1123,#1125,#1268,.F.);
#868=EDGE_CURVE('',#1126,#1127,#107,.T.);
#869=EDGE_CURVE('',#1126,#1124,#1269,.T.);
#870=EDGE_CURVE('',#1125,#1127,#1270,.F.);
#871=EDGE_CURVE('',#1128,#1129,#108,.T.);
#872=EDGE_CURVE('',#1128,#1126,#109,.T.);
#873=EDGE_CURVE('',#1127,#1129,#110,.F.);
#874=EDGE_CURVE('',#1130,#1131,#111,.T.);
#875=EDGE_CURVE('',#1130,#1128,#1271,.T.);
#876=EDGE_CURVE('',#1129,#1131,#1272,.T.);
#877=EDGE_CURVE('',#1132,#1133,#112,.T.);
#878=EDGE_CURVE('',#1132,#1130,#113,.T.);
#879=EDGE_CURVE('',#1131,#1133,#114,.F.);
#880=EDGE_CURVE('',#1134,#1135,#115,.T.);
#881=EDGE_CURVE('',#1135,#1136,#116,.T.);
#882=EDGE_CURVE('',#1136,#1137,#117,.F.);
#883=EDGE_CURVE('',#1137,#1134,#118,.F.);
#884=EDGE_CURVE('',#1138,#1139,#119,.T.);
#885=EDGE_CURVE('',#1139,#1140,#1273,.T.);
#886=EDGE_CURVE('',#1140,#1141,#120,.F.);
#887=EDGE_CURVE('',#1141,#1142,#1274,.F.);
#888=EDGE_CURVE('',#1142,#1143,#121,.T.);
#889=EDGE_CURVE('',#1143,#1144,#1275,.F.);
#890=EDGE_CURVE('',#1144,#1145,#122,.F.);
#891=EDGE_CURVE('',#1145,#1146,#123,.F.);
#892=EDGE_CURVE('',#1146,#1147,#124,.T.);
#893=EDGE_CURVE('',#1147,#1148,#1276,.F.);
#894=EDGE_CURVE('',#1148,#1149,#125,.T.);
#895=EDGE_CURVE('',#1149,#1138,#1277,.F.);
#896=EDGE_CURVE('',#1150,#1151,#126,.T.);
#897=EDGE_CURVE('',#1151,#1152,#127,.F.);
#898=EDGE_CURVE('',#1152,#1153,#128,.F.);
#899=EDGE_CURVE('',#1153,#1150,#129,.T.);
#900=EDGE_CURVE('',#1108,#1132,#1278,.T.);
#901=EDGE_CURVE('',#1133,#1109,#1279,.T.);
#902=EDGE_CURVE('',#1154,#1155,#130,.T.);
#903=EDGE_CURVE('',#1155,#1156,#1280,.T.);
#904=EDGE_CURVE('',#1156,#1157,#131,.F.);
#905=EDGE_CURVE('',#1157,#1158,#1281,.T.);
#906=EDGE_CURVE('',#1158,#1159,#132,.F.);
#907=EDGE_CURVE('',#1159,#1154,#133,.T.);
#908=EDGE_CURVE('',#1160,#1160,#1282,.F.);
#909=EDGE_CURVE('',#1161,#1161,#1283,.F.);
#910=EDGE_CURVE('',#1162,#1163,#134,.T.);
#911=EDGE_CURVE('',#1163,#1164,#135,.F.);
#912=EDGE_CURVE('',#1164,#1165,#136,.F.);
#913=EDGE_CURVE('',#1165,#1162,#137,.T.);
#914=EDGE_CURVE('',#1166,#1166,#1284,.F.);
#915=EDGE_CURVE('',#1167,#1168,#138,.T.);
#916=EDGE_CURVE('',#1168,#1169,#1285,.T.);
#917=EDGE_CURVE('',#1169,#1170,#1286,.T.);
#918=EDGE_CURVE('',#1170,#1171,#1287,.T.);
#919=EDGE_CURVE('',#1171,#1172,#139,.T.);
#920=EDGE_CURVE('',#1172,#1173,#140,.T.);
#921=EDGE_CURVE('',#1173,#1174,#141,.T.);
#922=EDGE_CURVE('',#1174,#1175,#1288,.T.);
#923=EDGE_CURVE('',#1175,#1176,#1289,.T.);
#924=EDGE_CURVE('',#1176,#1177,#1290,.T.);
#925=EDGE_CURVE('',#1177,#1178,#142,.F.);
#926=EDGE_CURVE('',#1178,#1179,#1291,.T.);
#927=EDGE_CURVE('',#1179,#1180,#1292,.T.);
#928=EDGE_CURVE('',#1180,#1167,#1293,.T.);
#929=EDGE_CURVE('',#1181,#1182,#143,.T.);
#930=EDGE_CURVE('',#1182,#1183,#144,.T.);
#931=EDGE_CURVE('',#1183,#1184,#145,.F.);
#932=EDGE_CURVE('',#1184,#1185,#1294,.T.);
#933=EDGE_CURVE('',#1185,#1186,#146,.F.);
#934=EDGE_CURVE('',#1186,#1187,#147,.F.);
#935=EDGE_CURVE('',#1187,#1188,#148,.F.);
#936=EDGE_CURVE('',#1188,#1189,#276,.F.);
#937=EDGE_CURVE('',#1189,#1190,#149,.F.);
#938=EDGE_CURVE('',#1190,#1191,#277,.T.);
#939=EDGE_CURVE('',#1191,#1192,#150,.T.);
#940=EDGE_CURVE('',#1192,#1193,#151,.F.);
#941=EDGE_CURVE('',#1193,#1194,#152,.T.);
#942=EDGE_CURVE('',#1194,#1181,#1295,.T.);
#943=EDGE_CURVE('',#1195,#1195,#1296,.F.);
#944=EDGE_CURVE('',#1196,#1196,#1297,.T.);
#945=EDGE_CURVE('',#1197,#1198,#153,.F.);
#946=EDGE_CURVE('',#1198,#1199,#1298,.F.);
#947=EDGE_CURVE('',#1199,#1200,#1299,.F.);
#948=EDGE_CURVE('',#1200,#1201,#1300,.F.);
#949=EDGE_CURVE('',#1201,#1202,#154,.T.);
#950=EDGE_CURVE('',#1202,#1203,#1301,.F.);
#951=EDGE_CURVE('',#1203,#1204,#1302,.F.);
#952=EDGE_CURVE('',#1204,#1205,#1303,.F.);
#953=EDGE_CURVE('',#1205,#1206,#155,.F.);
#954=EDGE_CURVE('',#1206,#1207,#156,.F.);
#955=EDGE_CURVE('',#1207,#1208,#157,.F.);
#956=EDGE_CURVE('',#1208,#1209,#1304,.F.);
#957=EDGE_CURVE('',#1209,#1210,#1305,.F.);
#958=EDGE_CURVE('',#1210,#1197,#1306,.F.);
#959=EDGE_CURVE('',#1211,#1211,#1307,.T.);
#960=EDGE_CURVE('',#1212,#1213,#1308,.F.);
#961=EDGE_CURVE('',#1213,#1214,#158,.F.);
#962=EDGE_CURVE('',#1214,#1215,#1309,.F.);
#963=EDGE_CURVE('',#1215,#1216,#159,.T.);
#964=EDGE_CURVE('',#1216,#1217,#1310,.F.);
#965=EDGE_CURVE('',#1217,#1218,#160,.T.);
#966=EDGE_CURVE('',#1218,#1219,#1311,.T.);
#967=EDGE_CURVE('',#1219,#1220,#161,.F.);
#968=EDGE_CURVE('',#1220,#1221,#1312,.F.);
#969=EDGE_CURVE('',#1221,#1222,#162,.T.);
#970=EDGE_CURVE('',#1222,#1223,#1313,.F.);
#971=EDGE_CURVE('',#1223,#1212,#163,.T.);
#972=EDGE_CURVE('',#1224,#1225,#164,.T.);
#973=EDGE_CURVE('',#1225,#1226,#165,.T.);
#974=EDGE_CURVE('',#1227,#1226,#166,.T.);
#975=EDGE_CURVE('',#1227,#1224,#167,.F.);
#976=EDGE_CURVE('',#1226,#1228,#1314,.F.);
#977=EDGE_CURVE('',#1229,#1228,#168,.T.);
#978=EDGE_CURVE('',#1229,#1227,#1315,.F.);
#979=EDGE_CURVE('',#1228,#1230,#169,.F.);
#980=EDGE_CURVE('',#1230,#1231,#170,.F.);
#981=EDGE_CURVE('',#1231,#1229,#171,.T.);
#982=EDGE_CURVE('',#1232,#1233,#172,.T.);
#983=EDGE_CURVE('',#1232,#1234,#278,.T.);
#984=EDGE_CURVE('',#1234,#1235,#173,.T.);
#985=EDGE_CURVE('',#1235,#1233,#1316,.T.);
#986=EDGE_CURVE('',#1236,#1237,#174,.T.);
#987=EDGE_CURVE('',#1236,#1232,#175,.F.);
#988=EDGE_CURVE('',#1233,#1237,#176,.T.);
#989=EDGE_CURVE('',#1234,#1238,#177,.F.);
#990=EDGE_CURVE('',#1238,#1239,#178,.T.);
#991=EDGE_CURVE('',#1239,#1235,#179,.F.);
#992=EDGE_CURVE('',#1238,#1236,#279,.T.);
#993=EDGE_CURVE('',#1237,#1239,#1317,.T.);
#994=EDGE_CURVE('',#1240,#1241,#1318,.F.);
#995=EDGE_CURVE('',#1241,#1240,#280,.T.);
#996=EDGE_CURVE('',#1242,#1242,#1319,.T.);
#997=EDGE_CURVE('',#1243,#1243,#1320,.F.);
#998=EDGE_CURVE('',#1244,#1245,#1321,.F.);
#999=EDGE_CURVE('',#1245,#1244,#281,.T.);
#1000=EDGE_CURVE('',#1246,#1246,#1322,.T.);
#1001=EDGE_CURVE('',#1247,#1247,#1323,.F.);
#1002=EDGE_CURVE('',#1187,#1225,#1324,.T.);
#1003=EDGE_CURVE('',#1224,#1188,#1325,.T.);
#1004=EDGE_CURVE('',#1230,#1192,#1326,.T.);
#1005=EDGE_CURVE('',#1191,#1231,#1327,.T.);
#1006=EDGE_CURVE('',#1183,#1151,#1328,.F.);
#1007=EDGE_CURVE('',#1150,#1186,#1329,.T.);
#1008=EDGE_CURVE('',#1185,#1184,#282,.T.);
#1009=EDGE_CURVE('',#1136,#1182,#1330,.F.);
#1010=EDGE_CURVE('',#1181,#1194,#283,.T.);
#1011=EDGE_CURVE('',#1193,#1137,#1331,.T.);
#1012=EDGE_CURVE('',#1127,#1174,#1332,.T.);
#1013=EDGE_CURVE('',#1175,#1125,#1333,.T.);
#1014=EDGE_CURVE('',#1176,#1123,#1334,.T.);
#1015=EDGE_CURVE('',#1129,#1173,#26,.F.);
#1016=EDGE_CURVE('',#1177,#1121,#1335,.T.);
#1017=EDGE_CURVE('',#1131,#1173,#27,.F.);
#1018=EDGE_CURVE('',#1178,#1119,#1336,.T.);
#1019=EDGE_CURVE('',#1133,#1172,#28,.F.);
#1020=EDGE_CURVE('',#1179,#1102,#1337,.T.);
#1021=EDGE_CURVE('',#1109,#1172,#29,.F.);
#1022=EDGE_CURVE('',#1101,#1096,#284,.T.);
#1023=EDGE_CURVE('',#1180,#1105,#1338,.T.);
#1024=EDGE_CURVE('',#1107,#1171,#1339,.T.);
#1025=EDGE_CURVE('',#1167,#1117,#1340,.T.);
#1026=EDGE_CURVE('',#1111,#1170,#1341,.T.);
#1027=EDGE_CURVE('',#1168,#1115,#1342,.T.);
#1028=EDGE_CURVE('',#1113,#1169,#1343,.T.);
#1029=EDGE_CURVE('',#1230,#1138,#1344,.T.);
#1030=EDGE_CURVE('',#1139,#1228,#1345,.T.);
#1031=EDGE_CURVE('',#1140,#1226,#1346,.T.);
#1032=EDGE_CURVE('',#1192,#1149,#1347,.T.);
#1033=EDGE_CURVE('',#1141,#1225,#1348,.T.);
#1034=EDGE_CURVE('',#1193,#1148,#1349,.T.);
#1035=EDGE_CURVE('',#1142,#1187,#1350,.T.);
#1036=EDGE_CURVE('',#1137,#1147,#1351,.T.);
#1037=EDGE_CURVE('',#1182,#1157,#1352,.T.);
#1038=EDGE_CURVE('',#1158,#1136,#1353,.T.);
#1039=EDGE_CURVE('',#1143,#1186,#1354,.T.);
#1040=EDGE_CURVE('',#1134,#1146,#1355,.T.);
#1041=EDGE_CURVE('',#1135,#1164,#1356,.T.);
#1042=EDGE_CURVE('',#1165,#1134,#1357,.T.);
#1043=EDGE_CURVE('',#1159,#1135,#1358,.T.);
#1044=EDGE_CURVE('',#1183,#1156,#1359,.T.);
#1045=EDGE_CURVE('',#1144,#1150,#1360,.T.);
#1046=EDGE_CURVE('',#1165,#1146,#1361,.F.);
#1047=EDGE_CURVE('',#1159,#1164,#1362,.F.);
#1048=EDGE_CURVE('',#1151,#1155,#1363,.T.);
#1049=EDGE_CURVE('',#1145,#1153,#1364,.T.);
#1050=EDGE_CURVE('',#1162,#1145,#1365,.T.);
#1051=EDGE_CURVE('',#1154,#1163,#1366,.T.);
#1052=EDGE_CURVE('',#1152,#1154,#1367,.T.);
#1053=EDGE_CURVE('',#1162,#1153,#1368,.F.);
#1054=EDGE_CURVE('',#1152,#1163,#1369,.F.);
#1055=EDGE_CURVE('',#1206,#1130,#1370,.T.);
#1056=EDGE_CURVE('',#1128,#1206,#1371,.T.);
#1057=EDGE_CURVE('',#1126,#1205,#1372,.T.);
#1058=EDGE_CURVE('',#1207,#1132,#1373,.T.);
#1059=EDGE_CURVE('',#1124,#1204,#1374,.T.);
#1060=EDGE_CURVE('',#1207,#1108,#1375,.T.);
#1061=EDGE_CURVE('',#1122,#1203,#1376,.T.);
#1062=EDGE_CURVE('',#1208,#1106,#1377,.T.);
#1063=EDGE_CURVE('',#1120,#1202,#1378,.T.);
#1064=EDGE_CURVE('',#1209,#1110,#1379,.T.);
#1065=EDGE_CURVE('',#1118,#1201,#1380,.T.);
#1066=EDGE_CURVE('',#1210,#1112,#1381,.T.);
#1067=EDGE_CURVE('',#1103,#1200,#1382,.T.);
#1068=EDGE_CURVE('',#1197,#1114,#1383,.T.);
#1069=EDGE_CURVE('',#1104,#1199,#1384,.T.);
#1070=EDGE_CURVE('',#1198,#1116,#1385,.T.);
#1071=EDGE_CURVE('',#1185,#1240,#1386,.T.);
#1072=EDGE_CURVE('',#1241,#1184,#1387,.T.);
#1073=EDGE_CURVE('',#1181,#1244,#1388,.T.);
#1074=EDGE_CURVE('',#1245,#1194,#1389,.T.);
#1075=EDGE_CURVE('',#1213,#1237,#1390,.T.);
#1076=EDGE_CURVE('',#1239,#1212,#1391,.T.);
#1077=EDGE_CURVE('',#1224,#1217,#1392,.T.);
#1078=EDGE_CURVE('',#1218,#1227,#1393,.T.);
#1079=EDGE_CURVE('',#1219,#1229,#1394,.T.);
#1080=EDGE_CURVE('',#1235,#1223,#1395,.T.);
#1081=EDGE_CURVE('',#1214,#1233,#1396,.T.);
#1082=EDGE_CURVE('',#1188,#1216,#285,.F.);
#1083=EDGE_CURVE('',#1220,#1231,#1397,.T.);
#1084=EDGE_CURVE('',#1215,#1222,#286,.T.);
#1085=EDGE_CURVE('',#1189,#1216,#1398,.T.);
#1086=EDGE_CURVE('',#1221,#1191,#287,.T.);
#1087=EDGE_CURVE('',#1190,#1221,#1399,.T.);
#1088=EDGE_CURVE('',#1098,#1236,#1400,.F.);
#1089=EDGE_CURVE('',#1238,#1099,#1401,.T.);
#1090=EDGE_CURVE('',#1232,#1097,#1402,.T.);
#1091=EDGE_CURVE('',#1100,#1234,#1403,.F.);
#1092=VERTEX_POINT('',#2804);
#1093=VERTEX_POINT('',#2806);
#1094=VERTEX_POINT('',#2809);
#1095=VERTEX_POINT('',#2811);
#1096=VERTEX_POINT('',#2817);
#1097=VERTEX_POINT('',#2818);
#1098=VERTEX_POINT('',#2820);
#1099=VERTEX_POINT('',#2828);
#1100=VERTEX_POINT('',#2830);
#1101=VERTEX_POINT('',#2835);
#1102=VERTEX_POINT('',#2837);
#1103=VERTEX_POINT('',#2839);
#1104=VERTEX_POINT('',#2841);
#1105=VERTEX_POINT('',#2843);
#1106=VERTEX_POINT('',#2847);
#1107=VERTEX_POINT('',#2848);
#1108=VERTEX_POINT('',#2850);
#1109=VERTEX_POINT('',#2852);
#1110=VERTEX_POINT('',#2856);
#1111=VERTEX_POINT('',#2857);
#1112=VERTEX_POINT('',#2862);
#1113=VERTEX_POINT('',#2863);
#1114=VERTEX_POINT('',#2868);
#1115=VERTEX_POINT('',#2869);
#1116=VERTEX_POINT('',#2874);
#1117=VERTEX_POINT('',#2875);
#1118=VERTEX_POINT('',#2883);
#1119=VERTEX_POINT('',#2884);
#1120=VERTEX_POINT('',#2889);
#1121=VERTEX_POINT('',#2890);
#1122=VERTEX_POINT('',#2895);
#1123=VERTEX_POINT('',#2896);
#1124=VERTEX_POINT('',#2901);
#1125=VERTEX_POINT('',#2902);
#1126=VERTEX_POINT('',#2907);
#1127=VERTEX_POINT('',#2908);
#1128=VERTEX_POINT('',#2913);
#1129=VERTEX_POINT('',#2914);
#1130=VERTEX_POINT('',#2919);
#1131=VERTEX_POINT('',#2920);
#1132=VERTEX_POINT('',#2925);
#1133=VERTEX_POINT('',#2926);
#1134=VERTEX_POINT('',#2931);
#1135=VERTEX_POINT('',#2932);
#1136=VERTEX_POINT('',#2934);
#1137=VERTEX_POINT('',#2936);
#1138=VERTEX_POINT('',#2940);
#1139=VERTEX_POINT('',#2941);
#1140=VERTEX_POINT('',#2943);
#1141=VERTEX_POINT('',#2945);
#1142=VERTEX_POINT('',#2947);
#1143=VERTEX_POINT('',#2949);
#1144=VERTEX_POINT('',#2951);
#1145=VERTEX_POINT('',#2953);
#1146=VERTEX_POINT('',#2955);
#1147=VERTEX_POINT('',#2957);
#1148=VERTEX_POINT('',#2959);
#1149=VERTEX_POINT('',#2961);
#1150=VERTEX_POINT('',#2965);
#1151=VERTEX_POINT('',#2966);
#1152=VERTEX_POINT('',#2968);
#1153=VERTEX_POINT('',#2970);
#1154=VERTEX_POINT('',#2977);
#1155=VERTEX_POINT('',#2978);
#1156=VERTEX_POINT('',#2980);
#1157=VERTEX_POINT('',#2982);
#1158=VERTEX_POINT('',#2984);
#1159=VERTEX_POINT('',#2986);
#1160=VERTEX_POINT('',#2990);
#1161=VERTEX_POINT('',#2992);
#1162=VERTEX_POINT('',#2994);
#1163=VERTEX_POINT('',#2995);
#1164=VERTEX_POINT('',#2997);
#1165=VERTEX_POINT('',#2999);
#1166=VERTEX_POINT('',#3002);
#1167=VERTEX_POINT('',#3005);
#1168=VERTEX_POINT('',#3006);
#1169=VERTEX_POINT('',#3008);
#1170=VERTEX_POINT('',#3010);
#1171=VERTEX_POINT('',#3012);
#1172=VERTEX_POINT('',#3014);
#1173=VERTEX_POINT('',#3016);
#1174=VERTEX_POINT('',#3018);
#1175=VERTEX_POINT('',#3020);
#1176=VERTEX_POINT('',#3022);
#1177=VERTEX_POINT('',#3024);
#1178=VERTEX_POINT('',#3026);
#1179=VERTEX_POINT('',#3028);
#1180=VERTEX_POINT('',#3030);
#1181=VERTEX_POINT('',#3033);
#1182=VERTEX_POINT('',#3034);
#1183=VERTEX_POINT('',#3036);
#1184=VERTEX_POINT('',#3038);
#1185=VERTEX_POINT('',#3040);
#1186=VERTEX_POINT('',#3042);
#1187=VERTEX_POINT('',#3044);
#1188=VERTEX_POINT('',#3046);
#1189=VERTEX_POINT('',#3052);
#1190=VERTEX_POINT('',#3054);
#1191=VERTEX_POINT('',#3060);
#1192=VERTEX_POINT('',#3062);
#1193=VERTEX_POINT('',#3064);
#1194=VERTEX_POINT('',#3066);
#1195=VERTEX_POINT('',#3070);
#1196=VERTEX_POINT('',#3072);
#1197=VERTEX_POINT('',#3075);
#1198=VERTEX_POINT('',#3076);
#1199=VERTEX_POINT('',#3078);
#1200=VERTEX_POINT('',#3080);
#1201=VERTEX_POINT('',#3082);
#1202=VERTEX_POINT('',#3084);
#1203=VERTEX_POINT('',#3086);
#1204=VERTEX_POINT('',#3088);
#1205=VERTEX_POINT('',#3090);
#1206=VERTEX_POINT('',#3092);
#1207=VERTEX_POINT('',#3094);
#1208=VERTEX_POINT('',#3096);
#1209=VERTEX_POINT('',#3098);
#1210=VERTEX_POINT('',#3100);
#1211=VERTEX_POINT('',#3103);
#1212=VERTEX_POINT('',#3106);
#1213=VERTEX_POINT('',#3107);
#1214=VERTEX_POINT('',#3109);
#1215=VERTEX_POINT('',#3111);
#1216=VERTEX_POINT('',#3113);
#1217=VERTEX_POINT('',#3115);
#1218=VERTEX_POINT('',#3117);
#1219=VERTEX_POINT('',#3119);
#1220=VERTEX_POINT('',#3121);
#1221=VERTEX_POINT('',#3123);
#1222=VERTEX_POINT('',#3125);
#1223=VERTEX_POINT('',#3127);
#1224=VERTEX_POINT('',#3131);
#1225=VERTEX_POINT('',#3132);
#1226=VERTEX_POINT('',#3134);
#1227=VERTEX_POINT('',#3136);
#1228=VERTEX_POINT('',#3140);
#1229=VERTEX_POINT('',#3142);
#1230=VERTEX_POINT('',#3146);
#1231=VERTEX_POINT('',#3148);
#1232=VERTEX_POINT('',#3152);
#1233=VERTEX_POINT('',#3153);
#1234=VERTEX_POINT('',#3161);
#1235=VERTEX_POINT('',#3163);
#1236=VERTEX_POINT('',#3167);
#1237=VERTEX_POINT('',#3168);
#1238=VERTEX_POINT('',#3173);
#1239=VERTEX_POINT('',#3175);
#1240=VERTEX_POINT('',#3188);
#1241=VERTEX_POINT('',#3189);
#1242=VERTEX_POINT('',#3196);
#1243=VERTEX_POINT('',#3199);
#1244=VERTEX_POINT('',#3202);
#1245=VERTEX_POINT('',#3203);
#1246=VERTEX_POINT('',#3210);
#1247=VERTEX_POINT('',#3213);
#1248=CIRCLE('',#1879,0.001625);
#1249=CIRCLE('',#1880,0.001625);
#1250=CIRCLE('',#1882,0.001625);
#1251=CIRCLE('',#1883,0.001625);
#1252=CIRCLE('',#1885,0.0105);
#1253=CIRCLE('',#1886,0.0105);
#1254=CIRCLE('',#1887,0.0105);
#1255=CIRCLE('',#1890,0.0005);
#1256=CIRCLE('',#1891,0.0005);
#1257=CIRCLE('',#1893,0.0105);
#1258=CIRCLE('',#1894,0.0105);
#1259=CIRCLE('',#1896,0.0005);
#1260=CIRCLE('',#1897,0.0005);
#1261=CIRCLE('',#1900,0.0005);
#1262=CIRCLE('',#1901,0.0005);
#1263=CIRCLE('',#1903,0.000499999999999991);
#1264=CIRCLE('',#1904,0.000499999999999991);
#1265=CIRCLE('',#1907,0.00049999999999998);
#1266=CIRCLE('',#1908,0.00049999999999998);
#1267=CIRCLE('',#1910,0.0105);
#1268=CIRCLE('',#1911,0.0105);
#1269=CIRCLE('',#1913,0.0005);
#1270=CIRCLE('',#1914,0.0005);
#1271=CIRCLE('',#1917,0.0005);
#1272=CIRCLE('',#1918,0.0005);
#1273=CIRCLE('',#1922,0.00375);
#1274=CIRCLE('',#1923,0.0015);
#1275=CIRCLE('',#1924,0.0015);
#1276=CIRCLE('',#1925,0.0015);
#1277=CIRCLE('',#1926,0.0015);
#1278=CIRCLE('',#1929,0.0005);
#1279=CIRCLE('',#1930,0.0005);
#1280=CIRCLE('',#1932,0.0015);
#1281=CIRCLE('',#1933,0.0015);
#1282=CIRCLE('',#1935,0.002125);
#1283=CIRCLE('',#1936,0.002125);
#1284=CIRCLE('',#1937,0.0175);
#1285=CIRCLE('',#1939,0.0015);
#1286=CIRCLE('',#1940,0.0115);
#1287=CIRCLE('',#1941,0.0015);
#1288=CIRCLE('',#1942,0.0015);
#1289=CIRCLE('',#1943,0.0115);
#1290=CIRCLE('',#1944,0.00149999999999998);
#1291=CIRCLE('',#1945,0.0015);
#1292=CIRCLE('',#1946,0.0115);
#1293=CIRCLE('',#1947,0.0015);
#1294=CIRCLE('',#1948,0.00375);
#1295=CIRCLE('',#1949,0.00375);
#1296=CIRCLE('',#1951,0.0125);
#1297=CIRCLE('',#1952,0.0125);
#1298=CIRCLE('',#1954,0.001);
#1299=CIRCLE('',#1955,0.011);
#1300=CIRCLE('',#1956,0.001);
#1301=CIRCLE('',#1957,0.00099999999999998);
#1302=CIRCLE('',#1958,0.011);
#1303=CIRCLE('',#1959,0.001);
#1304=CIRCLE('',#1960,0.001);
#1305=CIRCLE('',#1961,0.011);
#1306=CIRCLE('',#1962,0.001);
#1307=CIRCLE('',#1963,0.0115);
#1308=CIRCLE('',#1965,0.002125);
#1309=CIRCLE('',#1966,0.002125);
#1310=CIRCLE('',#1967,0.0025);
#1311=CIRCLE('',#1968,0.00275);
#1312=CIRCLE('',#1969,0.0025);
#1313=CIRCLE('',#1970,0.002125);
#1314=CIRCLE('',#1973,0.00325);
#1315=CIRCLE('',#1974,0.00325);
#1316=CIRCLE('',#1977,0.001625);
#1317=CIRCLE('',#1981,0.001625);
#1318=CIRCLE('',#1983,0.00325);
#1319=CIRCLE('',#1984,0.00325);
#1320=CIRCLE('',#1986,0.002125);
#1321=CIRCLE('',#1988,0.00325);
#1322=CIRCLE('',#1989,0.00325);
#1323=CIRCLE('',#1991,0.002125);
#1324=CIRCLE('',#1994,0.002);
#1325=CIRCLE('',#1995,0.002);
#1326=CIRCLE('',#1997,0.002);
#1327=CIRCLE('',#1998,0.002);
#1328=CIRCLE('',#2000,0.002);
#1329=CIRCLE('',#2001,0.002);
#1330=CIRCLE('',#2003,0.002);
#1331=CIRCLE('',#2004,0.002);
#1332=CIRCLE('',#2006,0.001);
#1333=CIRCLE('',#2007,0.001);
#1334=CIRCLE('',#2009,0.001);
#1335=CIRCLE('',#2013,0.001);
#1336=CIRCLE('',#2016,0.001);
#1337=CIRCLE('',#2020,0.001);
#1338=CIRCLE('',#2023,0.001);
#1339=CIRCLE('',#2025,0.001);
#1340=CIRCLE('',#2027,0.001);
#1341=CIRCLE('',#2029,0.001);
#1342=CIRCLE('',#2031,0.001);
#1343=CIRCLE('',#2033,0.001);
#1344=CIRCLE('',#2037,0.0005);
#1345=CIRCLE('',#2038,0.0005);
#1346=CIRCLE('',#2040,0.0005);
#1347=CIRCLE('',#2042,0.0005);
#1348=CIRCLE('',#2044,0.0005);
#1349=CIRCLE('',#2046,0.0005);
#1350=CIRCLE('',#2048,0.0005);
#1351=CIRCLE('',#2050,0.0005);
#1352=CIRCLE('',#2052,0.0005);
#1353=CIRCLE('',#2053,0.0005);
#1354=CIRCLE('',#2055,0.0005);
#1355=CIRCLE('',#2057,0.0005);
#1356=CIRCLE('',#2059,0.0005);
#1357=CIRCLE('',#2060,0.0005);
#1358=CIRCLE('',#2062,0.0005);
#1359=CIRCLE('',#2064,0.0005);
#1360=CIRCLE('',#2066,0.0005);
#1361=CIRCLE('',#2068,0.0005);
#1362=CIRCLE('',#2070,0.0005);
#1363=CIRCLE('',#2072,0.0005);
#1364=CIRCLE('',#2074,0.0005);
#1365=CIRCLE('',#2076,0.0005);
#1366=CIRCLE('',#2078,0.0005);
#1367=CIRCLE('',#2080,0.0005);
#1368=CIRCLE('',#2082,0.0005);
#1369=CIRCLE('',#2084,0.0005);
#1370=CIRCLE('',#2087,0.0005);
#1371=CIRCLE('',#2088,0.0005);
#1372=CIRCLE('',#2090,0.0005);
#1373=CIRCLE('',#2092,0.0005);
#1374=CIRCLE('',#2094,0.0005);
#1375=CIRCLE('',#2096,0.0005);
#1376=CIRCLE('',#2098,0.0005);
#1377=CIRCLE('',#2100,0.0005);
#1378=CIRCLE('',#2102,0.0005);
#1379=CIRCLE('',#2104,0.0005);
#1380=CIRCLE('',#2106,0.0005);
#1381=CIRCLE('',#2108,0.0005);
#1382=CIRCLE('',#2110,0.0005);
#1383=CIRCLE('',#2112,0.0005);
#1384=CIRCLE('',#2114,0.0005);
#1385=CIRCLE('',#2116,0.0005);
#1386=CIRCLE('',#2121,0.0005);
#1387=CIRCLE('',#2122,0.0005);
#1388=CIRCLE('',#2126,0.0005);
#1389=CIRCLE('',#2127,0.0005);
#1390=CIRCLE('',#2129,0.0005);
#1391=CIRCLE('',#2130,0.0005);
#1392=CIRCLE('',#2132,0.0005);
#1393=CIRCLE('',#2133,0.0005);
#1394=CIRCLE('',#2135,0.0005);
#1395=CIRCLE('',#2137,0.0005);
#1396=CIRCLE('',#2139,0.0005);
#1397=CIRCLE('',#2142,0.0005);
#1398=CIRCLE('',#2144,0.0005);
#1399=CIRCLE('',#2147,0.0005);
#1400=CIRCLE('',#2148,0.0005);
#1401=CIRCLE('',#2149,0.0005);
#1402=CIRCLE('',#2150,0.0005);
#1403=CIRCLE('',#2151,0.0005);
#1404=EDGE_LOOP('',(#288));
#1405=EDGE_LOOP('',(#289));
#1406=EDGE_LOOP('',(#290));
#1407=EDGE_LOOP('',(#291));
#1408=EDGE_LOOP('',(#292,#293,#294,#295,#296,#297,#298,#299,#300,#301));
#1409=EDGE_LOOP('',(#302,#303,#304,#305));
#1410=EDGE_LOOP('',(#306,#307,#308,#309));
#1411=EDGE_LOOP('',(#310,#311,#312,#313));
#1412=EDGE_LOOP('',(#314,#315,#316,#317));
#1413=EDGE_LOOP('',(#318,#319,#320,#321));
#1414=EDGE_LOOP('',(#322,#323,#324,#325));
#1415=EDGE_LOOP('',(#326,#327,#328,#329));
#1416=EDGE_LOOP('',(#330,#331,#332,#333));
#1417=EDGE_LOOP('',(#334,#335,#336,#337));
#1418=EDGE_LOOP('',(#338,#339,#340,#341));
#1419=EDGE_LOOP('',(#342,#343,#344,#345));
#1420=EDGE_LOOP('',(#346,#347,#348,#349));
#1421=EDGE_LOOP('',(#350,#351,#352,#353));
#1422=EDGE_LOOP('',(#354,#355,#356,#357));
#1423=EDGE_LOOP('',(#358,#359,#360,#361));
#1424=EDGE_LOOP('',(#362,#363,#364,#365,#366,#367,#368,#369,#370,#371,#372,
#373));
#1425=EDGE_LOOP('',(#374,#375,#376,#377));
#1426=EDGE_LOOP('',(#378,#379,#380,#381));
#1427=EDGE_LOOP('',(#382,#383,#384,#385,#386,#387));
#1428=EDGE_LOOP('',(#388));
#1429=EDGE_LOOP('',(#389));
#1430=EDGE_LOOP('',(#390,#391,#392,#393));
#1431=EDGE_LOOP('',(#394));
#1432=EDGE_LOOP('',(#395,#396,#397,#398,#399,#400,#401,#402,#403,#404,#405,
#406,#407,#408));
#1433=EDGE_LOOP('',(#409,#410,#411,#412,#413,#414,#415,#416,#417,#418,#419,
#420,#421,#422));
#1434=EDGE_LOOP('',(#423));
#1435=EDGE_LOOP('',(#424));
#1436=EDGE_LOOP('',(#425,#426,#427,#428,#429,#430,#431,#432,#433,#434,#435,
#436,#437,#438));
#1437=EDGE_LOOP('',(#439));
#1438=EDGE_LOOP('',(#440,#441,#442,#443,#444,#445,#446,#447,#448,#449,#450,
#451));
#1439=EDGE_LOOP('',(#452,#453,#454,#455));
#1440=EDGE_LOOP('',(#456,#457,#458,#459));
#1441=EDGE_LOOP('',(#460,#461,#462,#463));
#1442=EDGE_LOOP('',(#464,#465,#466,#467));
#1443=EDGE_LOOP('',(#468,#469,#470,#471));
#1444=EDGE_LOOP('',(#472,#473,#474,#475));
#1445=EDGE_LOOP('',(#476,#477,#478,#479));
#1446=EDGE_LOOP('',(#480,#481));
#1447=EDGE_LOOP('',(#482));
#1448=EDGE_LOOP('',(#483));
#1449=EDGE_LOOP('',(#484));
#1450=EDGE_LOOP('',(#485,#486));
#1451=EDGE_LOOP('',(#487));
#1452=EDGE_LOOP('',(#488));
#1453=EDGE_LOOP('',(#489));
#1454=EDGE_LOOP('',(#490));
#1455=EDGE_LOOP('',(#491));
#1456=EDGE_LOOP('',(#492,#493,#494,#495));
#1457=EDGE_LOOP('',(#496,#497,#498,#499));
#1458=EDGE_LOOP('',(#500,#501,#502,#503,#504,#505));
#1459=EDGE_LOOP('',(#506,#507,#508,#509,#510,#511));
#1460=EDGE_LOOP('',(#512,#513,#514,#515));
#1461=EDGE_LOOP('',(#516,#517,#518,#519));
#1462=EDGE_LOOP('',(#520,#521,#522,#523));
#1463=EDGE_LOOP('',(#524,#525,#526,#527));
#1464=EDGE_LOOP('',(#528,#529,#530));
#1465=EDGE_LOOP('',(#531,#532,#533,#534));
#1466=EDGE_LOOP('',(#535,#536,#537,#538));
#1467=EDGE_LOOP('',(#539,#540,#541,#542));
#1468=EDGE_LOOP('',(#543,#544,#545));
#1469=EDGE_LOOP('',(#546,#547,#548,#549,#550,#551));
#1470=EDGE_LOOP('',(#552,#553,#554,#555));
#1471=EDGE_LOOP('',(#556,#557,#558,#559));
#1472=EDGE_LOOP('',(#560,#561,#562,#563));
#1473=EDGE_LOOP('',(#564,#565,#566,#567));
#1474=EDGE_LOOP('',(#568,#569,#570,#571));
#1475=EDGE_LOOP('',(#572,#573,#574,#575));
#1476=EDGE_LOOP('',(#576));
#1477=EDGE_LOOP('',(#577));
#1478=EDGE_LOOP('',(#578,#579,#580,#581));
#1479=EDGE_LOOP('',(#582,#583,#584,#585));
#1480=EDGE_LOOP('',(#586,#587,#588,#589));
#1481=EDGE_LOOP('',(#590,#591,#592,#593));
#1482=EDGE_LOOP('',(#594,#595,#596,#597));
#1483=EDGE_LOOP('',(#598,#599,#600,#601));
#1484=EDGE_LOOP('',(#602,#603,#604,#605));
#1485=EDGE_LOOP('',(#606,#607,#608,#609));
#1486=EDGE_LOOP('',(#610,#611,#612,#613));
#1487=EDGE_LOOP('',(#614,#615,#616,#617));
#1488=EDGE_LOOP('',(#618,#619,#620,#621));
#1489=EDGE_LOOP('',(#622,#623,#624,#625));
#1490=EDGE_LOOP('',(#626,#627,#628,#629));
#1491=EDGE_LOOP('',(#630,#631,#632,#633));
#1492=EDGE_LOOP('',(#634,#635,#636));
#1493=EDGE_LOOP('',(#637,#638,#639));
#1494=EDGE_LOOP('',(#640,#641,#642,#643));
#1495=EDGE_LOOP('',(#644,#645,#646,#647));
#1496=EDGE_LOOP('',(#648,#649,#650,#651));
#1497=EDGE_LOOP('',(#652,#653,#654,#655));
#1498=EDGE_LOOP('',(#656,#657,#658,#659));
#1499=EDGE_LOOP('',(#660,#661,#662));
#1500=EDGE_LOOP('',(#663,#664,#665));
#1501=EDGE_LOOP('',(#666,#667,#668,#669));
#1502=EDGE_LOOP('',(#670,#671,#672));
#1503=EDGE_LOOP('',(#673,#674,#675,#676));
#1504=EDGE_LOOP('',(#677,#678,#679,#680));
#1505=EDGE_LOOP('',(#681,#682,#683,#684));
#1506=EDGE_LOOP('',(#685,#686,#687));
#1507=EDGE_LOOP('',(#688,#689,#690,#691));
#1508=EDGE_LOOP('',(#692,#693,#694,#695));
#1509=EDGE_LOOP('',(#696,#697,#698,#699));
#1510=EDGE_LOOP('',(#700,#701,#702,#703));
#1511=EDGE_LOOP('',(#704,#705,#706,#707));
#1512=EDGE_LOOP('',(#708,#709,#710,#711));
#1513=EDGE_LOOP('',(#712,#713,#714,#715));
#1514=EDGE_LOOP('',(#716,#717,#718,#719));
#1515=EDGE_LOOP('',(#720,#721,#722,#723));
#1516=EDGE_LOOP('',(#724,#725,#726,#727));
#1517=EDGE_LOOP('',(#728,#729,#730,#731));
#1518=EDGE_LOOP('',(#732));
#1519=EDGE_LOOP('',(#733));
#1520=EDGE_LOOP('',(#734));
#1521=EDGE_LOOP('',(#735));
#1522=EDGE_LOOP('',(#736,#737,#738,#739));
#1523=EDGE_LOOP('',(#740,#741,#742,#743));
#1524=EDGE_LOOP('',(#744));
#1525=EDGE_LOOP('',(#745));
#1526=EDGE_LOOP('',(#746));
#1527=EDGE_LOOP('',(#747));
#1528=EDGE_LOOP('',(#748,#749,#750,#751));
#1529=EDGE_LOOP('',(#752,#753,#754,#755));
#1530=EDGE_LOOP('',(#756,#757,#758,#759));
#1531=EDGE_LOOP('',(#760,#761,#762,#763));
#1532=EDGE_LOOP('',(#764,#765,#766,#767));
#1533=EDGE_LOOP('',(#768,#769,#770,#771));
#1534=EDGE_LOOP('',(#772,#773,#774,#775));
#1535=EDGE_LOOP('',(#776,#777,#778,#779));
#1536=EDGE_LOOP('',(#780,#781,#782,#783));
#1537=EDGE_LOOP('',(#784,#785,#786,#787,#788,#789));
#1538=EDGE_LOOP('',(#790,#791,#792));
#1539=EDGE_LOOP('',(#793,#794,#795,#796));
#1540=EDGE_LOOP('',(#797,#798,#799,#800,#801,#802));
#1541=EDGE_LOOP('',(#803,#804,#805));
#1542=EDGE_LOOP('',(#806,#807,#808,#809));
#1543=EDGE_LOOP('',(#810,#811,#812,#813,#814,#815));
#1544=EDGE_LOOP('',(#816,#817,#818,#819));
#1545=EDGE_LOOP('',(#820,#821,#822,#823));
#1546=FACE_BOUND('',#1404,.T.);
#1547=FACE_BOUND('',#1405,.T.);
#1548=FACE_BOUND('',#1406,.T.);
#1549=FACE_BOUND('',#1407,.T.);
#1550=FACE_BOUND('',#1408,.T.);
#1551=FACE_BOUND('',#1409,.T.);
#1552=FACE_BOUND('',#1410,.T.);
#1553=FACE_BOUND('',#1411,.T.);
#1554=FACE_BOUND('',#1412,.T.);
#1555=FACE_BOUND('',#1413,.T.);
#1556=FACE_BOUND('',#1414,.T.);
#1557=FACE_BOUND('',#1415,.T.);
#1558=FACE_BOUND('',#1416,.T.);
#1559=FACE_BOUND('',#1417,.T.);
#1560=FACE_BOUND('',#1418,.T.);
#1561=FACE_BOUND('',#1419,.T.);
#1562=FACE_BOUND('',#1420,.T.);
#1563=FACE_BOUND('',#1421,.T.);
#1564=FACE_BOUND('',#1422,.T.);
#1565=FACE_BOUND('',#1423,.T.);
#1566=FACE_BOUND('',#1424,.T.);
#1567=FACE_BOUND('',#1425,.T.);
#1568=FACE_BOUND('',#1426,.T.);
#1569=FACE_BOUND('',#1427,.T.);
#1570=FACE_BOUND('',#1428,.T.);
#1571=FACE_BOUND('',#1429,.T.);
#1572=FACE_BOUND('',#1430,.T.);
#1573=FACE_BOUND('',#1431,.T.);
#1574=FACE_BOUND('',#1432,.T.);
#1575=FACE_BOUND('',#1433,.T.);
#1576=FACE_BOUND('',#1434,.T.);
#1577=FACE_BOUND('',#1435,.T.);
#1578=FACE_BOUND('',#1436,.T.);
#1579=FACE_BOUND('',#1437,.T.);
#1580=FACE_BOUND('',#1438,.T.);
#1581=FACE_BOUND('',#1439,.T.);
#1582=FACE_BOUND('',#1440,.T.);
#1583=FACE_BOUND('',#1441,.T.);
#1584=FACE_BOUND('',#1442,.T.);
#1585=FACE_BOUND('',#1443,.T.);
#1586=FACE_BOUND('',#1444,.T.);
#1587=FACE_BOUND('',#1445,.T.);
#1588=FACE_BOUND('',#1446,.T.);
#1589=FACE_BOUND('',#1447,.T.);
#1590=FACE_BOUND('',#1448,.T.);
#1591=FACE_BOUND('',#1449,.T.);
#1592=FACE_BOUND('',#1450,.T.);
#1593=FACE_BOUND('',#1451,.T.);
#1594=FACE_BOUND('',#1452,.T.);
#1595=FACE_BOUND('',#1453,.T.);
#1596=FACE_BOUND('',#1454,.T.);
#1597=FACE_BOUND('',#1455,.T.);
#1598=FACE_BOUND('',#1456,.T.);
#1599=FACE_BOUND('',#1457,.T.);
#1600=FACE_BOUND('',#1458,.T.);
#1601=FACE_BOUND('',#1459,.T.);
#1602=FACE_BOUND('',#1460,.T.);
#1603=FACE_BOUND('',#1461,.T.);
#1604=FACE_BOUND('',#1462,.T.);
#1605=FACE_BOUND('',#1463,.T.);
#1606=FACE_BOUND('',#1464,.T.);
#1607=FACE_BOUND('',#1465,.T.);
#1608=FACE_BOUND('',#1466,.T.);
#1609=FACE_BOUND('',#1467,.T.);
#1610=FACE_BOUND('',#1468,.T.);
#1611=FACE_BOUND('',#1469,.T.);
#1612=FACE_BOUND('',#1470,.T.);
#1613=FACE_BOUND('',#1471,.T.);
#1614=FACE_BOUND('',#1472,.T.);
#1615=FACE_BOUND('',#1473,.T.);
#1616=FACE_BOUND('',#1474,.T.);
#1617=FACE_BOUND('',#1475,.T.);
#1618=FACE_BOUND('',#1476,.T.);
#1619=FACE_BOUND('',#1477,.T.);
#1620=FACE_BOUND('',#1478,.T.);
#1621=FACE_BOUND('',#1479,.T.);
#1622=FACE_BOUND('',#1480,.T.);
#1623=FACE_BOUND('',#1481,.T.);
#1624=FACE_BOUND('',#1482,.T.);
#1625=FACE_BOUND('',#1483,.T.);
#1626=FACE_BOUND('',#1484,.T.);
#1627=FACE_BOUND('',#1485,.T.);
#1628=FACE_BOUND('',#1486,.T.);
#1629=FACE_BOUND('',#1487,.T.);
#1630=FACE_BOUND('',#1488,.T.);
#1631=FACE_BOUND('',#1489,.T.);
#1632=FACE_BOUND('',#1490,.T.);
#1633=FACE_BOUND('',#1491,.T.);
#1634=FACE_BOUND('',#1492,.T.);
#1635=FACE_BOUND('',#1493,.T.);
#1636=FACE_BOUND('',#1494,.T.);
#1637=FACE_BOUND('',#1495,.T.);
#1638=FACE_BOUND('',#1496,.T.);
#1639=FACE_BOUND('',#1497,.T.);
#1640=FACE_BOUND('',#1498,.T.);
#1641=FACE_BOUND('',#1499,.T.);
#1642=FACE_BOUND('',#1500,.T.);
#1643=FACE_BOUND('',#1501,.T.);
#1644=FACE_BOUND('',#1502,.T.);
#1645=FACE_BOUND('',#1503,.T.);
#1646=FACE_BOUND('',#1504,.T.);
#1647=FACE_BOUND('',#1505,.T.);
#1648=FACE_BOUND('',#1506,.T.);
#1649=FACE_BOUND('',#1507,.T.);
#1650=FACE_BOUND('',#1508,.T.);
#1651=FACE_BOUND('',#1509,.T.);
#1652=FACE_BOUND('',#1510,.T.);
#1653=FACE_BOUND('',#1511,.T.);
#1654=FACE_BOUND('',#1512,.T.);
#1655=FACE_BOUND('',#1513,.T.);
#1656=FACE_BOUND('',#1514,.T.);
#1657=FACE_BOUND('',#1515,.T.);
#1658=FACE_BOUND('',#1516,.T.);
#1659=FACE_BOUND('',#1517,.T.);
#1660=FACE_BOUND('',#1518,.T.);
#1661=FACE_BOUND('',#1519,.T.);
#1662=FACE_BOUND('',#1520,.T.);
#1663=FACE_BOUND('',#1521,.T.);
#1664=FACE_BOUND('',#1522,.T.);
#1665=FACE_BOUND('',#1523,.T.);
#1666=FACE_BOUND('',#1524,.T.);
#1667=FACE_BOUND('',#1525,.T.);
#1668=FACE_BOUND('',#1526,.T.);
#1669=FACE_BOUND('',#1527,.T.);
#1670=FACE_BOUND('',#1528,.T.);
#1671=FACE_BOUND('',#1529,.T.);
#1672=FACE_BOUND('',#1530,.T.);
#1673=FACE_BOUND('',#1531,.T.);
#1674=FACE_BOUND('',#1532,.T.);
#1675=FACE_BOUND('',#1533,.T.);
#1676=FACE_BOUND('',#1534,.T.);
#1677=FACE_BOUND('',#1535,.T.);
#1678=FACE_BOUND('',#1536,.T.);
#1679=FACE_BOUND('',#1537,.T.);
#1680=FACE_BOUND('',#1538,.T.);
#1681=FACE_BOUND('',#1539,.T.);
#1682=FACE_BOUND('',#1540,.T.);
#1683=FACE_BOUND('',#1541,.T.);
#1684=FACE_BOUND('',#1542,.T.);
#1685=FACE_BOUND('',#1543,.T.);
#1686=FACE_BOUND('',#1544,.T.);
#1687=FACE_BOUND('',#1545,.T.);
#1688=CYLINDRICAL_SURFACE('',#1878,0.001625);
#1689=CYLINDRICAL_SURFACE('',#1881,0.001625);
#1690=CYLINDRICAL_SURFACE('',#1884,0.0105);
#1691=CYLINDRICAL_SURFACE('',#1889,0.0005);
#1692=CYLINDRICAL_SURFACE('',#1892,0.0105);
#1693=CYLINDRICAL_SURFACE('',#1895,0.0005);
#1694=CYLINDRICAL_SURFACE('',#1899,0.0005);
#1695=CYLINDRICAL_SURFACE('',#1902,0.000499999999999991);
#1696=CYLINDRICAL_SURFACE('',#1906,0.00049999999999998);
#1697=CYLINDRICAL_SURFACE('',#1909,0.0105);
#1698=CYLINDRICAL_SURFACE('',#1912,0.0005);
#1699=CYLINDRICAL_SURFACE('',#1916,0.0005);
#1700=CYLINDRICAL_SURFACE('',#1928,0.0005);
#1701=CYLINDRICAL_SURFACE('',#1950,0.0125);
#1702=CYLINDRICAL_SURFACE('',#1972,0.00325);
#1703=CYLINDRICAL_SURFACE('',#1976,0.001625);
#1704=CYLINDRICAL_SURFACE('',#1980,0.001625);
#1705=CYLINDRICAL_SURFACE('',#1982,0.00325);
#1706=CYLINDRICAL_SURFACE('',#1987,0.00325);
#1707=CYLINDRICAL_SURFACE('',#1993,0.002);
#1708=CYLINDRICAL_SURFACE('',#1996,0.002);
#1709=CYLINDRICAL_SURFACE('',#1999,0.002);
#1710=CYLINDRICAL_SURFACE('',#2002,0.002);
#1711=CYLINDRICAL_SURFACE('',#2010,0.001);
#1712=CYLINDRICAL_SURFACE('',#2015,0.001);
#1713=CYLINDRICAL_SURFACE('',#2017,0.001);
#1714=CYLINDRICAL_SURFACE('',#2024,0.001);
#1715=CYLINDRICAL_SURFACE('',#2030,0.001);
#1716=CYLINDRICAL_SURFACE('',#2036,0.0005);
#1717=CYLINDRICAL_SURFACE('',#2043,0.0005);
#1718=CYLINDRICAL_SURFACE('',#2045,0.0005);
#1719=CYLINDRICAL_SURFACE('',#2054,0.0005);
#1720=CYLINDRICAL_SURFACE('',#2056,0.0005);
#1721=CYLINDRICAL_SURFACE('',#2058,0.0005);
#1722=CYLINDRICAL_SURFACE('',#2061,0.0005);
#1723=CYLINDRICAL_SURFACE('',#2063,0.0005);
#1724=CYLINDRICAL_SURFACE('',#2073,0.0005);
#1725=CYLINDRICAL_SURFACE('',#2075,0.0005);
#1726=CYLINDRICAL_SURFACE('',#2077,0.0005);
#1727=CYLINDRICAL_SURFACE('',#2079,0.0005);
#1728=CYLINDRICAL_SURFACE('',#2085,0.0005);
#1729=CYLINDRICAL_SURFACE('',#2089,0.0005);
#1730=CYLINDRICAL_SURFACE('',#2091,0.0005);
#1731=CYLINDRICAL_SURFACE('',#2099,0.0005);
#1732=CYLINDRICAL_SURFACE('',#2105,0.0005);
#1733=CYLINDRICAL_SURFACE('',#2115,0.0005);
#1734=CYLINDRICAL_SURFACE('',#2131,0.0005);
#1735=CYLINDRICAL_SURFACE('',#2136,0.0005);
#1736=CYLINDRICAL_SURFACE('',#2138,0.0005);
#1737=CYLINDRICAL_SURFACE('',#2141,0.0005);
#1738=CYLINDRICAL_SURFACE('',#2146,0.0005);
#1739=CYLINDRICAL_SURFACE('',#2152,0.0005);
#1740=CYLINDRICAL_SURFACE('',#2153,0.0005);
#1741=ADVANCED_FACE('',(#1546,#1547),#1688,.F.);
#1742=ADVANCED_FACE('',(#1548,#1549),#1689,.F.);
#1743=ADVANCED_FACE('',(#1550),#1690,.F.);
#1744=ADVANCED_FACE('',(#1551),#68,.T.);
#1745=ADVANCED_FACE('',(#1552),#1691,.F.);
#1746=ADVANCED_FACE('',(#1553),#1692,.F.);
#1747=ADVANCED_FACE('',(#1554),#1693,.F.);
#1748=ADVANCED_FACE('',(#1555),#69,.T.);
#1749=ADVANCED_FACE('',(#1556),#1694,.F.);
#1750=ADVANCED_FACE('',(#1557),#1695,.F.);
#1751=ADVANCED_FACE('',(#1558),#70,.F.);
#1752=ADVANCED_FACE('',(#1559),#1696,.F.);
#1753=ADVANCED_FACE('',(#1560),#1697,.F.);
#1754=ADVANCED_FACE('',(#1561),#1698,.F.);
#1755=ADVANCED_FACE('',(#1562),#71,.T.);
#1756=ADVANCED_FACE('',(#1563),#1699,.T.);
#1757=ADVANCED_FACE('',(#1564),#72,.T.);
#1758=ADVANCED_FACE('',(#1565),#73,.T.);
#1759=ADVANCED_FACE('',(#1566),#74,.F.);
#1760=ADVANCED_FACE('',(#1567),#75,.F.);
#1761=ADVANCED_FACE('',(#1568),#1700,.T.);
#1762=ADVANCED_FACE('',(#1569),#76,.T.);
#1763=ADVANCED_FACE('',(#1570,#1571,#1572,#1573),#77,.T.);
#1764=ADVANCED_FACE('',(#1574,#1575),#78,.F.);
#1765=ADVANCED_FACE('',(#1576,#1577),#1701,.T.);
#1766=ADVANCED_FACE('',(#1578,#1579),#79,.T.);
#1767=ADVANCED_FACE('',(#1580),#80,.T.);
#1768=ADVANCED_FACE('',(#1581),#81,.F.);
#1769=ADVANCED_FACE('',(#1582),#1702,.F.);
#1770=ADVANCED_FACE('',(#1583),#82,.T.);
#1771=ADVANCED_FACE('',(#1584),#1703,.F.);
#1772=ADVANCED_FACE('',(#1585),#83,.F.);
#1773=ADVANCED_FACE('',(#1586),#84,.T.);
#1774=ADVANCED_FACE('',(#1587),#1704,.F.);
#1775=ADVANCED_FACE('',(#1588,#1589),#1705,.F.);
#1776=ADVANCED_FACE('',(#1590,#1591),#85,.T.);
#1777=ADVANCED_FACE('',(#1592,#1593),#1706,.F.);
#1778=ADVANCED_FACE('',(#1594,#1595),#86,.T.);
#1779=ADVANCED_FACE('',(#1596,#1597),#30,.F.);
#1780=ADVANCED_FACE('',(#1598),#1707,.T.);
#1781=ADVANCED_FACE('',(#1599),#1708,.T.);
#1782=ADVANCED_FACE('',(#1600),#1709,.T.);
#1783=ADVANCED_FACE('',(#1601),#1710,.T.);
#1784=ADVANCED_FACE('',(#1602),#31,.T.);
#1785=ADVANCED_FACE('',(#1603),#32,.T.);
#1786=ADVANCED_FACE('',(#1604),#1711,.T.);
#1787=ADVANCED_FACE('',(#1605),#33,.T.);
#1788=ADVANCED_FACE('',(#1606),#18,.T.);
#1789=ADVANCED_FACE('',(#1607),#1712,.T.);
#1790=ADVANCED_FACE('',(#1608),#1713,.T.);
#1791=ADVANCED_FACE('',(#1609),#34,.T.);
#1792=ADVANCED_FACE('',(#1610),#19,.T.);
#1793=ADVANCED_FACE('',(#1611),#35,.T.);
#1794=ADVANCED_FACE('',(#1612),#1714,.T.);
#1795=ADVANCED_FACE('',(#1613),#36,.T.);
#1796=ADVANCED_FACE('',(#1614),#37,.T.);
#1797=ADVANCED_FACE('',(#1615),#1715,.T.);
#1798=ADVANCED_FACE('',(#1616),#38,.T.);
#1799=ADVANCED_FACE('',(#1617),#39,.T.);
#1800=ADVANCED_FACE('',(#1618,#1619),#40,.T.);
#1801=ADVANCED_FACE('',(#1620),#1716,.T.);
#1802=ADVANCED_FACE('',(#1621),#41,.T.);
#1803=ADVANCED_FACE('',(#1622),#42,.T.);
#1804=ADVANCED_FACE('',(#1623),#1717,.T.);
#1805=ADVANCED_FACE('',(#1624),#1718,.T.);
#1806=ADVANCED_FACE('',(#1625),#43,.T.);
#1807=ADVANCED_FACE('',(#1626),#44,.T.);
#1808=ADVANCED_FACE('',(#1627),#45,.T.);
#1809=ADVANCED_FACE('',(#1628),#1719,.T.);
#1810=ADVANCED_FACE('',(#1629),#1720,.T.);
#1811=ADVANCED_FACE('',(#1630),#1721,.T.);
#1812=ADVANCED_FACE('',(#1631),#1722,.T.);
#1813=ADVANCED_FACE('',(#1632),#1723,.T.);
#1814=ADVANCED_FACE('',(#1633),#46,.T.);
#1815=ADVANCED_FACE('',(#1634),#12,.T.);
#1816=ADVANCED_FACE('',(#1635),#13,.T.);
#1817=ADVANCED_FACE('',(#1636),#47,.T.);
#1818=ADVANCED_FACE('',(#1637),#1724,.T.);
#1819=ADVANCED_FACE('',(#1638),#1725,.T.);
#1820=ADVANCED_FACE('',(#1639),#1726,.T.);
#1821=ADVANCED_FACE('',(#1640),#1727,.T.);
#1822=ADVANCED_FACE('',(#1641),#14,.T.);
#1823=ADVANCED_FACE('',(#1642),#15,.T.);
#1824=ADVANCED_FACE('',(#1643),#1728,.T.);
#1825=ADVANCED_FACE('',(#1644),#16,.T.);
#1826=ADVANCED_FACE('',(#1645),#1729,.T.);
#1827=ADVANCED_FACE('',(#1646),#1730,.T.);
#1828=ADVANCED_FACE('',(#1647),#48,.T.);
#1829=ADVANCED_FACE('',(#1648),#17,.T.);
#1830=ADVANCED_FACE('',(#1649),#49,.T.);
#1831=ADVANCED_FACE('',(#1650),#1731,.T.);
#1832=ADVANCED_FACE('',(#1651),#50,.T.);
#1833=ADVANCED_FACE('',(#1652),#51,.T.);
#1834=ADVANCED_FACE('',(#1653),#1732,.T.);
#1835=ADVANCED_FACE('',(#1654),#52,.T.);
#1836=ADVANCED_FACE('',(#1655),#53,.T.);
#1837=ADVANCED_FACE('',(#1656),#54,.T.);
#1838=ADVANCED_FACE('',(#1657),#55,.T.);
#1839=ADVANCED_FACE('',(#1658),#1733,.T.);
#1840=ADVANCED_FACE('',(#1659),#56,.T.);
#1841=ADVANCED_FACE('',(#1660,#1661),#57,.T.);
#1842=ADVANCED_FACE('',(#1662,#1663),#58,.T.);
#1843=ADVANCED_FACE('',(#1664),#59,.T.);
#1844=ADVANCED_FACE('',(#1665),#20,.T.);
#1845=ADVANCED_FACE('',(#1666,#1667),#60,.T.);
#1846=ADVANCED_FACE('',(#1668,#1669),#61,.T.);
#1847=ADVANCED_FACE('',(#1670),#62,.T.);
#1848=ADVANCED_FACE('',(#1671),#21,.T.);
#1849=ADVANCED_FACE('',(#1672),#63,.T.);
#1850=ADVANCED_FACE('',(#1673),#1734,.F.);
#1851=ADVANCED_FACE('',(#1674),#64,.F.);
#1852=ADVANCED_FACE('',(#1675),#1735,.T.);
#1853=ADVANCED_FACE('',(#1676),#1736,.T.);
#1854=ADVANCED_FACE('',(#1677),#65,.F.);
#1855=ADVANCED_FACE('',(#1678),#1737,.F.);
#1856=ADVANCED_FACE('',(#1679),#66,.T.);
#1857=ADVANCED_FACE('',(#1680),#22,.T.);
#1858=ADVANCED_FACE('',(#1681),#67,.F.);
#1859=ADVANCED_FACE('',(#1682),#1738,.T.);
#1860=ADVANCED_FACE('',(#1683),#23,.T.);
#1861=ADVANCED_FACE('',(#1684),#24,.T.);
#1862=ADVANCED_FACE('',(#1685),#25,.T.);
#1863=ADVANCED_FACE('',(#1686),#1739,.T.);
#1864=ADVANCED_FACE('',(#1687),#1740,.T.);
#1865=CLOSED_SHELL('',(#1741,#1742,#1743,#1744,#1745,#1746,#1747,#1748,
#1749,#1750,#1751,#1752,#1753,#1754,#1755,#1756,#1757,#1758,#1759,#1760,
#1761,#1762,#1763,#1764,#1765,#1766,#1767,#1768,#1769,#1770,#1771,#1772,
#1773,#1774,#1775,#1776,#1777,#1778,#1779,#1780,#1781,#1782,#1783,#1784,
#1785,#1786,#1787,#1788,#1789,#1790,#1791,#1792,#1793,#1794,#1795,#1796,
#1797,#1798,#1799,#1800,#1801,#1802,#1803,#1804,#1805,#1806,#1807,#1808,
#1809,#1810,#1811,#1812,#1813,#1814,#1815,#1816,#1817,#1818,#1819,#1820,
#1821,#1822,#1823,#1824,#1825,#1826,#1827,#1828,#1829,#1830,#1831,#1832,
#1833,#1834,#1835,#1836,#1837,#1838,#1839,#1840,#1841,#1842,#1843,#1844,
#1845,#1846,#1847,#1848,#1849,#1850,#1851,#1852,#1853,#1854,#1855,#1856,
#1857,#1858,#1859,#1860,#1861,#1862,#1863,#1864));
#1866=STYLED_ITEM('',(#1867),#1874);
#1867=PRESENTATION_STYLE_ASSIGNMENT((#1868));
#1868=SURFACE_STYLE_USAGE(.BOTH.,#1869);
#1869=SURFACE_SIDE_STYLE('',(#1870));
#1870=SURFACE_STYLE_FILL_AREA(#1871);
#1871=FILL_AREA_STYLE('',(#1872));
#1872=FILL_AREA_STYLE_COLOUR('',#1873);
#1873=COLOUR_RGB('',0.231372549019608,0.380392156862745,0.705882352941177);
#1874=MANIFOLD_SOLID_BREP('BLOCKS_detector_block',#1865);
#1875=SHAPE_DEFINITION_REPRESENTATION(#3571,#1876);
#1876=SHAPE_REPRESENTATION('BLOCKS_detector_block',(#1877),#3566);
#1877=AXIS2_PLACEMENT_3D('',#2801,#2154,#2155);
#1878=AXIS2_PLACEMENT_3D('',#2802,#2156,#2157);
#1879=AXIS2_PLACEMENT_3D('',#2803,#2158,#2159);
#1880=AXIS2_PLACEMENT_3D('',#2805,#2160,#2161);
#1881=AXIS2_PLACEMENT_3D('',#2807,#2162,#2163);
#1882=AXIS2_PLACEMENT_3D('',#2808,#2164,#2165);
#1883=AXIS2_PLACEMENT_3D('',#2810,#2166,#2167);
#1884=AXIS2_PLACEMENT_3D('',#2812,#2168,#2169);
#1885=AXIS2_PLACEMENT_3D('',#2836,#2172,#2173);
#1886=AXIS2_PLACEMENT_3D('',#2840,#2175,#2176);
#1887=AXIS2_PLACEMENT_3D('',#2844,#2178,#2179);
#1888=AXIS2_PLACEMENT_3D('',#2845,#2180,#2181);
#1889=AXIS2_PLACEMENT_3D('',#2854,#2186,#2187);
#1890=AXIS2_PLACEMENT_3D('',#2858,#2189,#2190);
#1891=AXIS2_PLACEMENT_3D('',#2859,#2191,#2192);
#1892=AXIS2_PLACEMENT_3D('',#2860,#2193,#2194);
#1893=AXIS2_PLACEMENT_3D('',#2864,#2196,#2197);
#1894=AXIS2_PLACEMENT_3D('',#2865,#2198,#2199);
#1895=AXIS2_PLACEMENT_3D('',#2866,#2200,#2201);
#1896=AXIS2_PLACEMENT_3D('',#2870,#2203,#2204);
#1897=AXIS2_PLACEMENT_3D('',#2871,#2205,#2206);
#1898=AXIS2_PLACEMENT_3D('',#2872,#2207,#2208);
#1899=AXIS2_PLACEMENT_3D('',#2878,#2212,#2213);
#1900=AXIS2_PLACEMENT_3D('',#2879,#2214,#2215);
#1901=AXIS2_PLACEMENT_3D('',#2880,#2216,#2217);
#1902=AXIS2_PLACEMENT_3D('',#2881,#2218,#2219);
#1903=AXIS2_PLACEMENT_3D('',#2885,#2221,#2222);
#1904=AXIS2_PLACEMENT_3D('',#2886,#2223,#2224);
#1905=AXIS2_PLACEMENT_3D('',#2887,#2225,#2226);
#1906=AXIS2_PLACEMENT_3D('',#2893,#2230,#2231);
#1907=AXIS2_PLACEMENT_3D('',#2897,#2233,#2234);
#1908=AXIS2_PLACEMENT_3D('',#2898,#2235,#2236);
#1909=AXIS2_PLACEMENT_3D('',#2899,#2237,#2238);
#1910=AXIS2_PLACEMENT_3D('',#2903,#2240,#2241);
#1911=AXIS2_PLACEMENT_3D('',#2904,#2242,#2243);
#1912=AXIS2_PLACEMENT_3D('',#2905,#2244,#2245);
#1913=AXIS2_PLACEMENT_3D('',#2909,#2247,#2248);
#1914=AXIS2_PLACEMENT_3D('',#2910,#2249,#2250);
#1915=AXIS2_PLACEMENT_3D('',#2911,#2251,#2252);
#1916=AXIS2_PLACEMENT_3D('',#2917,#2256,#2257);
#1917=AXIS2_PLACEMENT_3D('',#2921,#2259,#2260);
#1918=AXIS2_PLACEMENT_3D('',#2922,#2261,#2262);
#1919=AXIS2_PLACEMENT_3D('',#2923,#2263,#2264);
#1920=AXIS2_PLACEMENT_3D('',#2929,#2268,#2269);
#1921=AXIS2_PLACEMENT_3D('',#2938,#2274,#2275);
#1922=AXIS2_PLACEMENT_3D('',#2942,#2277,#2278);
#1923=AXIS2_PLACEMENT_3D('',#2946,#2280,#2281);
#1924=AXIS2_PLACEMENT_3D('',#2950,#2283,#2284);
#1925=AXIS2_PLACEMENT_3D('',#2958,#2288,#2289);
#1926=AXIS2_PLACEMENT_3D('',#2962,#2291,#2292);
#1927=AXIS2_PLACEMENT_3D('',#2963,#2293,#2294);
#1928=AXIS2_PLACEMENT_3D('',#2972,#2299,#2300);
#1929=AXIS2_PLACEMENT_3D('',#2973,#2301,#2302);
#1930=AXIS2_PLACEMENT_3D('',#2974,#2303,#2304);
#1931=AXIS2_PLACEMENT_3D('',#2975,#2305,#2306);
#1932=AXIS2_PLACEMENT_3D('',#2979,#2308,#2309);
#1933=AXIS2_PLACEMENT_3D('',#2983,#2311,#2312);
#1934=AXIS2_PLACEMENT_3D('',#2988,#2315,#2316);
#1935=AXIS2_PLACEMENT_3D('',#2989,#2317,#2318);
#1936=AXIS2_PLACEMENT_3D('',#2991,#2319,#2320);
#1937=AXIS2_PLACEMENT_3D('',#3001,#2325,#2326);
#1938=AXIS2_PLACEMENT_3D('',#3003,#2327,#2328);
#1939=AXIS2_PLACEMENT_3D('',#3007,#2330,#2331);
#1940=AXIS2_PLACEMENT_3D('',#3009,#2332,#2333);
#1941=AXIS2_PLACEMENT_3D('',#3011,#2334,#2335);
#1942=AXIS2_PLACEMENT_3D('',#3019,#2339,#2340);
#1943=AXIS2_PLACEMENT_3D('',#3021,#2341,#2342);
#1944=AXIS2_PLACEMENT_3D('',#3023,#2343,#2344);
#1945=AXIS2_PLACEMENT_3D('',#3027,#2346,#2347);
#1946=AXIS2_PLACEMENT_3D('',#3029,#2348,#2349);
#1947=AXIS2_PLACEMENT_3D('',#3031,#2350,#2351);
#1948=AXIS2_PLACEMENT_3D('',#3039,#2355,#2356);
#1949=AXIS2_PLACEMENT_3D('',#3067,#2364,#2365);
#1950=AXIS2_PLACEMENT_3D('',#3068,#2366,#2367);
#1951=AXIS2_PLACEMENT_3D('',#3069,#2368,#2369);
#1952=AXIS2_PLACEMENT_3D('',#3071,#2370,#2371);
#1953=AXIS2_PLACEMENT_3D('',#3073,#2372,#2373);
#1954=AXIS2_PLACEMENT_3D('',#3077,#2375,#2376);
#1955=AXIS2_PLACEMENT_3D('',#3079,#2377,#2378);
#1956=AXIS2_PLACEMENT_3D('',#3081,#2379,#2380);
#1957=AXIS2_PLACEMENT_3D('',#3085,#2382,#2383);
#1958=AXIS2_PLACEMENT_3D('',#3087,#2384,#2385);
#1959=AXIS2_PLACEMENT_3D('',#3089,#2386,#2387);
#1960=AXIS2_PLACEMENT_3D('',#3097,#2391,#2392);
#1961=AXIS2_PLACEMENT_3D('',#3099,#2393,#2394);
#1962=AXIS2_PLACEMENT_3D('',#3101,#2395,#2396);
#1963=AXIS2_PLACEMENT_3D('',#3102,#2397,#2398);
#1964=AXIS2_PLACEMENT_3D('',#3104,#2399,#2400);
#1965=AXIS2_PLACEMENT_3D('',#3105,#2401,#2402);
#1966=AXIS2_PLACEMENT_3D('',#3110,#2404,#2405);
#1967=AXIS2_PLACEMENT_3D('',#3114,#2407,#2408);
#1968=AXIS2_PLACEMENT_3D('',#3118,#2410,#2411);
#1969=AXIS2_PLACEMENT_3D('',#3122,#2413,#2414);
#1970=AXIS2_PLACEMENT_3D('',#3126,#2416,#2417);
#1971=AXIS2_PLACEMENT_3D('',#3129,#2419,#2420);
#1972=AXIS2_PLACEMENT_3D('',#3138,#2425,#2426);
#1973=AXIS2_PLACEMENT_3D('',#3139,#2427,#2428);
#1974=AXIS2_PLACEMENT_3D('',#3143,#2430,#2431);
#1975=AXIS2_PLACEMENT_3D('',#3144,#2432,#2433);
#1976=AXIS2_PLACEMENT_3D('',#3150,#2437,#2438);
#1977=AXIS2_PLACEMENT_3D('',#3164,#2441,#2442);
#1978=AXIS2_PLACEMENT_3D('',#3165,#2443,#2444);
#1979=AXIS2_PLACEMENT_3D('',#3171,#2448,#2449);
#1980=AXIS2_PLACEMENT_3D('',#3177,#2453,#2454);
#1981=AXIS2_PLACEMENT_3D('',#3185,#2455,#2456);
#1982=AXIS2_PLACEMENT_3D('',#3186,#2457,#2458);
#1983=AXIS2_PLACEMENT_3D('',#3187,#2459,#2460);
#1984=AXIS2_PLACEMENT_3D('',#3195,#2461,#2462);
#1985=AXIS2_PLACEMENT_3D('',#3197,#2463,#2464);
#1986=AXIS2_PLACEMENT_3D('',#3198,#2465,#2466);
#1987=AXIS2_PLACEMENT_3D('',#3200,#2467,#2468);
#1988=AXIS2_PLACEMENT_3D('',#3201,#2469,#2470);
#1989=AXIS2_PLACEMENT_3D('',#3209,#2471,#2472);
#1990=AXIS2_PLACEMENT_3D('',#3211,#2473,#2474);
#1991=AXIS2_PLACEMENT_3D('',#3212,#2475,#2476);
#1992=AXIS2_PLACEMENT_3D('',#3214,#2477,#2478);
#1993=AXIS2_PLACEMENT_3D('',#3215,#2479,#2480);
#1994=AXIS2_PLACEMENT_3D('',#3216,#2481,#2482);
#1995=AXIS2_PLACEMENT_3D('',#3217,#2483,#2484);
#1996=AXIS2_PLACEMENT_3D('',#3218,#2485,#2486);
#1997=AXIS2_PLACEMENT_3D('',#3219,#2487,#2488);
#1998=AXIS2_PLACEMENT_3D('',#3220,#2489,#2490);
#1999=AXIS2_PLACEMENT_3D('',#3221,#2491,#2492);
#2000=AXIS2_PLACEMENT_3D('',#3222,#2493,#2494);
#2001=AXIS2_PLACEMENT_3D('',#3223,#2495,#2496);
#2002=AXIS2_PLACEMENT_3D('',#3231,#2497,#2498);
#2003=AXIS2_PLACEMENT_3D('',#3232,#2499,#2500);
#2004=AXIS2_PLACEMENT_3D('',#3240,#2501,#2502);
#2005=AXIS2_PLACEMENT_3D('',#3241,#2503,#2504);
#2006=AXIS2_PLACEMENT_3D('',#3242,#2505,#2506);
#2007=AXIS2_PLACEMENT_3D('',#3243,#2507,#2508);
#2008=AXIS2_PLACEMENT_3D('',#3244,#2509,#2510);
#2009=AXIS2_PLACEMENT_3D('',#3245,#2511,#2512);
#2010=AXIS2_PLACEMENT_3D('',#3246,#2513,#2514);
#2011=AXIS2_PLACEMENT_3D('',#3247,#2515,#2516);
#2012=AXIS2_PLACEMENT_3D('',#3248,#2517,#2518);
#2013=AXIS2_PLACEMENT_3D('',#3249,#2519,#2520);
#2014=AXIS2_PLACEMENT_3D('',#3271,#2521,#2522);
#2015=AXIS2_PLACEMENT_3D('',#3272,#2523,#2524);
#2016=AXIS2_PLACEMENT_3D('',#3273,#2525,#2526);
#2017=AXIS2_PLACEMENT_3D('',#3274,#2527,#2528);
#2018=AXIS2_PLACEMENT_3D('',#3275,#2529,#2530);
#2019=AXIS2_PLACEMENT_3D('',#3276,#2531,#2532);
#2020=AXIS2_PLACEMENT_3D('',#3277,#2533,#2534);
#2021=AXIS2_PLACEMENT_3D('',#3299,#2535,#2536);
#2022=AXIS2_PLACEMENT_3D('',#3300,#2537,#2538);
#2023=AXIS2_PLACEMENT_3D('',#3306,#2539,#2540);
#2024=AXIS2_PLACEMENT_3D('',#3307,#2541,#2542);
#2025=AXIS2_PLACEMENT_3D('',#3308,#2543,#2544);
#2026=AXIS2_PLACEMENT_3D('',#3309,#2545,#2546);
#2027=AXIS2_PLACEMENT_3D('',#3310,#2547,#2548);
#2028=AXIS2_PLACEMENT_3D('',#3311,#2549,#2550);
#2029=AXIS2_PLACEMENT_3D('',#3312,#2551,#2552);
#2030=AXIS2_PLACEMENT_3D('',#3313,#2553,#2554);
#2031=AXIS2_PLACEMENT_3D('',#3314,#2555,#2556);
#2032=AXIS2_PLACEMENT_3D('',#3315,#2557,#2558);
#2033=AXIS2_PLACEMENT_3D('',#3316,#2559,#2560);
#2034=AXIS2_PLACEMENT_3D('',#3317,#2561,#2562);
#2035=AXIS2_PLACEMENT_3D('',#3318,#2563,#2564);
#2036=AXIS2_PLACEMENT_3D('',#3319,#2565,#2566);
#2037=AXIS2_PLACEMENT_3D('',#3320,#2567,#2568);
#2038=AXIS2_PLACEMENT_3D('',#3321,#2569,#2570);
#2039=AXIS2_PLACEMENT_3D('',#3322,#2571,#2572);
#2040=AXIS2_PLACEMENT_3D('',#3323,#2573,#2574);
#2041=AXIS2_PLACEMENT_3D('',#3324,#2575,#2576);
#2042=AXIS2_PLACEMENT_3D('',#3325,#2577,#2578);
#2043=AXIS2_PLACEMENT_3D('',#3326,#2579,#2580);
#2044=AXIS2_PLACEMENT_3D('',#3327,#2581,#2582);
#2045=AXIS2_PLACEMENT_3D('',#3328,#2583,#2584);
#2046=AXIS2_PLACEMENT_3D('',#3329,#2585,#2586);
#2047=AXIS2_PLACEMENT_3D('',#3330,#2587,#2588);
#2048=AXIS2_PLACEMENT_3D('',#3331,#2589,#2590);
#2049=AXIS2_PLACEMENT_3D('',#3332,#2591,#2592);
#2050=AXIS2_PLACEMENT_3D('',#3333,#2593,#2594);
#2051=AXIS2_PLACEMENT_3D('',#3334,#2595,#2596);
#2052=AXIS2_PLACEMENT_3D('',#3335,#2597,#2598);
#2053=AXIS2_PLACEMENT_3D('',#3336,#2599,#2600);
#2054=AXIS2_PLACEMENT_3D('',#3337,#2601,#2602);
#2055=AXIS2_PLACEMENT_3D('',#3338,#2603,#2604);
#2056=AXIS2_PLACEMENT_3D('',#3339,#2605,#2606);
#2057=AXIS2_PLACEMENT_3D('',#3340,#2607,#2608);
#2058=AXIS2_PLACEMENT_3D('',#3341,#2609,#2610);
#2059=AXIS2_PLACEMENT_3D('',#3342,#2611,#2612);
#2060=AXIS2_PLACEMENT_3D('',#3343,#2613,#2614);
#2061=AXIS2_PLACEMENT_3D('',#3344,#2615,#2616);
#2062=AXIS2_PLACEMENT_3D('',#3345,#2617,#2618);
#2063=AXIS2_PLACEMENT_3D('',#3346,#2619,#2620);
#2064=AXIS2_PLACEMENT_3D('',#3347,#2621,#2622);
#2065=AXIS2_PLACEMENT_3D('',#3348,#2623,#2624);
#2066=AXIS2_PLACEMENT_3D('',#3349,#2625,#2626);
#2067=AXIS2_PLACEMENT_3D('',#3350,#2627,#2628);
#2068=AXIS2_PLACEMENT_3D('',#3351,#2629,#2630);
#2069=AXIS2_PLACEMENT_3D('',#3352,#2631,#2632);
#2070=AXIS2_PLACEMENT_3D('',#3353,#2633,#2634);
#2071=AXIS2_PLACEMENT_3D('',#3354,#2635,#2636);
#2072=AXIS2_PLACEMENT_3D('',#3355,#2637,#2638);
#2073=AXIS2_PLACEMENT_3D('',#3356,#2639,#2640);
#2074=AXIS2_PLACEMENT_3D('',#3357,#2641,#2642);
#2075=AXIS2_PLACEMENT_3D('',#3358,#2643,#2644);
#2076=AXIS2_PLACEMENT_3D('',#3359,#2645,#2646);
#2077=AXIS2_PLACEMENT_3D('',#3360,#2647,#2648);
#2078=AXIS2_PLACEMENT_3D('',#3361,#2649,#2650);
#2079=AXIS2_PLACEMENT_3D('',#3362,#2651,#2652);
#2080=AXIS2_PLACEMENT_3D('',#3363,#2653,#2654);
#2081=AXIS2_PLACEMENT_3D('',#3364,#2655,#2656);
#2082=AXIS2_PLACEMENT_3D('',#3365,#2657,#2658);
#2083=AXIS2_PLACEMENT_3D('',#3366,#2659,#2660);
#2084=AXIS2_PLACEMENT_3D('',#3367,#2661,#2662);
#2085=AXIS2_PLACEMENT_3D('',#3368,#2663,#2664);
#2086=AXIS2_PLACEMENT_3D('',#3369,#2665,#2666);
#2087=AXIS2_PLACEMENT_3D('',#3370,#2667,#2668);
#2088=AXIS2_PLACEMENT_3D('',#3371,#2669,#2670);
#2089=AXIS2_PLACEMENT_3D('',#3372,#2671,#2672);
#2090=AXIS2_PLACEMENT_3D('',#3373,#2673,#2674);
#2091=AXIS2_PLACEMENT_3D('',#3374,#2675,#2676);
#2092=AXIS2_PLACEMENT_3D('',#3375,#2677,#2678);
#2093=AXIS2_PLACEMENT_3D('',#3376,#2679,#2680);
#2094=AXIS2_PLACEMENT_3D('',#3377,#2681,#2682);
#2095=AXIS2_PLACEMENT_3D('',#3378,#2683,#2684);
#2096=AXIS2_PLACEMENT_3D('',#3379,#2685,#2686);
#2097=AXIS2_PLACEMENT_3D('',#3380,#2687,#2688);
#2098=AXIS2_PLACEMENT_3D('',#3381,#2689,#2690);
#2099=AXIS2_PLACEMENT_3D('',#3382,#2691,#2692);
#2100=AXIS2_PLACEMENT_3D('',#3383,#2693,#2694);
#2101=AXIS2_PLACEMENT_3D('',#3384,#2695,#2696);
#2102=AXIS2_PLACEMENT_3D('',#3385,#2697,#2698);
#2103=AXIS2_PLACEMENT_3D('',#3386,#2699,#2700);
#2104=AXIS2_PLACEMENT_3D('',#3387,#2701,#2702);
#2105=AXIS2_PLACEMENT_3D('',#3388,#2703,#2704);
#2106=AXIS2_PLACEMENT_3D('',#3389,#2705,#2706);
#2107=AXIS2_PLACEMENT_3D('',#3390,#2707,#2708);
#2108=AXIS2_PLACEMENT_3D('',#3391,#2709,#2710);
#2109=AXIS2_PLACEMENT_3D('',#3392,#2711,#2712);
#2110=AXIS2_PLACEMENT_3D('',#3393,#2713,#2714);
#2111=AXIS2_PLACEMENT_3D('',#3394,#2715,#2716);
#2112=AXIS2_PLACEMENT_3D('',#3395,#2717,#2718);
#2113=AXIS2_PLACEMENT_3D('',#3396,#2719,#2720);
#2114=AXIS2_PLACEMENT_3D('',#3397,#2721,#2722);
#2115=AXIS2_PLACEMENT_3D('',#3398,#2723,#2724);
#2116=AXIS2_PLACEMENT_3D('',#3399,#2725,#2726);
#2117=AXIS2_PLACEMENT_3D('',#3400,#2727,#2728);
#2118=AXIS2_PLACEMENT_3D('',#3401,#2729,#2730);
#2119=AXIS2_PLACEMENT_3D('',#3402,#2731,#2732);
#2120=AXIS2_PLACEMENT_3D('',#3403,#2733,#2734);
#2121=AXIS2_PLACEMENT_3D('',#3404,#2735,#2736);
#2122=AXIS2_PLACEMENT_3D('',#3405,#2737,#2738);
#2123=AXIS2_PLACEMENT_3D('',#3427,#2739,#2740);
#2124=AXIS2_PLACEMENT_3D('',#3428,#2741,#2742);
#2125=AXIS2_PLACEMENT_3D('',#3429,#2743,#2744);
#2126=AXIS2_PLACEMENT_3D('',#3430,#2745,#2746);
#2127=AXIS2_PLACEMENT_3D('',#3431,#2747,#2748);
#2128=AXIS2_PLACEMENT_3D('',#3453,#2749,#2750);
#2129=AXIS2_PLACEMENT_3D('',#3454,#2751,#2752);
#2130=AXIS2_PLACEMENT_3D('',#3455,#2753,#2754);
#2131=AXIS2_PLACEMENT_3D('',#3456,#2755,#2756);
#2132=AXIS2_PLACEMENT_3D('',#3457,#2757,#2758);
#2133=AXIS2_PLACEMENT_3D('',#3458,#2759,#2760);
#2134=AXIS2_PLACEMENT_3D('',#3459,#2761,#2762);
#2135=AXIS2_PLACEMENT_3D('',#3460,#2763,#2764);
#2136=AXIS2_PLACEMENT_3D('',#3461,#2765,#2766);
#2137=AXIS2_PLACEMENT_3D('',#3462,#2767,#2768);
#2138=AXIS2_PLACEMENT_3D('',#3463,#2769,#2770);
#2139=AXIS2_PLACEMENT_3D('',#3464,#2771,#2772);
#2140=AXIS2_PLACEMENT_3D('',#3465,#2773,#2774);
#2141=AXIS2_PLACEMENT_3D('',#3471,#2775,#2776);
#2142=AXIS2_PLACEMENT_3D('',#3472,#2777,#2778);
#2143=AXIS2_PLACEMENT_3D('',#3473,#2779,#2780);
#2144=AXIS2_PLACEMENT_3D('',#3493,#2781,#2782);
#2145=AXIS2_PLACEMENT_3D('',#3494,#2783,#2784);
#2146=AXIS2_PLACEMENT_3D('',#3500,#2785,#2786);
#2147=AXIS2_PLACEMENT_3D('',#3501,#2787,#2788);
#2148=AXIS2_PLACEMENT_3D('',#3538,#2789,#2790);
#2149=AXIS2_PLACEMENT_3D('',#3539,#2791,#2792);
#2150=AXIS2_PLACEMENT_3D('',#3561,#2793,#2794);
#2151=AXIS2_PLACEMENT_3D('',#3562,#2795,#2796);
#2152=AXIS2_PLACEMENT_3D('',#3563,#2797,#2798);
#2153=AXIS2_PLACEMENT_3D('',#3564,#2799,#2800);
#2154=DIRECTION('',(0.,0.,1.));
#2155=DIRECTION('',(1.,0.,0.));
#2156=DIRECTION('',(0.,1.,0.));
#2157=DIRECTION('',(0.,0.,1.));
#2158=DIRECTION('',(0.,1.,0.));
#2159=DIRECTION('',(0.,0.,1.));
#2160=DIRECTION('',(0.,-1.,0.));
#2161=DIRECTION('',(0.,0.,-1.));
#2162=DIRECTION('',(0.,1.,0.));
#2163=DIRECTION('',(0.,0.,1.));
#2164=DIRECTION('',(0.,1.,0.));
#2165=DIRECTION('',(0.,0.,1.));
#2166=DIRECTION('',(0.,-1.,0.));
#2167=DIRECTION('',(0.,0.,-1.));
#2168=DIRECTION('',(0.,1.,0.));
#2169=DIRECTION('',(0.,0.,1.));
#2170=DIRECTION('',(0.,1.,0.));
#2171=DIRECTION('',(0.,1.,0.));
#2172=DIRECTION('',(0.,-1.,0.));
#2173=DIRECTION('',(0.,0.,-1.));
#2174=DIRECTION('',(0.,1.,0.));
#2175=DIRECTION('',(0.,-1.,0.));
#2176=DIRECTION('',(0.,0.,-1.));
#2177=DIRECTION('',(0.,1.,0.));
#2178=DIRECTION('',(0.,-1.,0.));
#2179=DIRECTION('',(0.,0.,-1.));
#2180=DIRECTION('',(-1.,0.,0.));
#2181=DIRECTION('',(0.,0.,1.));
#2182=DIRECTION('',(0.,1.,0.));
#2183=DIRECTION('',(0.,0.,1.));
#2184=DIRECTION('',(0.,1.,0.));
#2185=DIRECTION('',(0.,0.,1.));
#2186=DIRECTION('',(0.,1.,0.));
#2187=DIRECTION('',(0.,0.,1.));
#2188=DIRECTION('',(0.,1.,0.));
#2189=DIRECTION('',(0.,-1.,0.));
#2190=DIRECTION('',(0.,0.,-1.));
#2191=DIRECTION('',(0.,-1.,0.));
#2192=DIRECTION('',(0.,0.,-1.));
#2193=DIRECTION('',(0.,1.,0.));
#2194=DIRECTION('',(0.,0.,1.));
#2195=DIRECTION('',(0.,1.,0.));
#2196=DIRECTION('',(0.,-1.,0.));
#2197=DIRECTION('',(0.,0.,-1.));
#2198=DIRECTION('',(0.,-1.,0.));
#2199=DIRECTION('',(0.,0.,-1.));
#2200=DIRECTION('',(0.,1.,0.));
#2201=DIRECTION('',(0.,0.,1.));
#2202=DIRECTION('',(0.,1.,0.));
#2203=DIRECTION('',(0.,-1.,0.));
#2204=DIRECTION('',(0.,0.,-1.));
#2205=DIRECTION('',(0.,-1.,0.));
#2206=DIRECTION('',(0.,0.,-1.));
#2207=DIRECTION('',(1.,0.,0.));
#2208=DIRECTION('',(0.,0.,-1.));
#2209=DIRECTION('',(0.,1.,0.));
#2210=DIRECTION('',(0.,0.,-1.));
#2211=DIRECTION('',(0.,0.,-1.));
#2212=DIRECTION('',(0.,1.,0.));
#2213=DIRECTION('',(0.,0.,1.));
#2214=DIRECTION('',(0.,-1.,0.));
#2215=DIRECTION('',(0.,0.,-1.));
#2216=DIRECTION('',(0.,-1.,0.));
#2217=DIRECTION('',(0.,0.,-1.));
#2218=DIRECTION('',(0.,1.,0.));
#2219=DIRECTION('',(0.,0.,1.));
#2220=DIRECTION('',(0.,1.,0.));
#2221=DIRECTION('',(0.,-1.,0.));
#2222=DIRECTION('',(0.,0.,-1.));
#2223=DIRECTION('',(0.,-1.,0.));
#2224=DIRECTION('',(0.,0.,-1.));
#2225=DIRECTION('',(1.,0.,0.));
#2226=DIRECTION('',(0.,0.,-1.));
#2227=DIRECTION('',(0.,1.,0.));
#2228=DIRECTION('',(0.,0.,-1.));
#2229=DIRECTION('',(0.,0.,-1.));
#2230=DIRECTION('',(0.,1.,0.));
#2231=DIRECTION('',(0.,0.,1.));
#2232=DIRECTION('',(0.,1.,0.));
#2233=DIRECTION('',(0.,-1.,0.));
#2234=DIRECTION('',(0.,0.,-1.));
#2235=DIRECTION('',(0.,-1.,0.));
#2236=DIRECTION('',(0.,0.,-1.));
#2237=DIRECTION('',(0.,1.,0.));
#2238=DIRECTION('',(0.,0.,1.));
#2239=DIRECTION('',(0.,1.,0.));
#2240=DIRECTION('',(0.,-1.,0.));
#2241=DIRECTION('',(0.,0.,-1.));
#2242=DIRECTION('',(0.,-1.,0.));
#2243=DIRECTION('',(0.,0.,-1.));
#2244=DIRECTION('',(0.,1.,0.));
#2245=DIRECTION('',(0.,0.,1.));
#2246=DIRECTION('',(0.,1.,0.));
#2247=DIRECTION('',(0.,-1.,0.));
#2248=DIRECTION('',(0.,0.,-1.));
#2249=DIRECTION('',(0.,-1.,0.));
#2250=DIRECTION('',(0.,0.,-1.));
#2251=DIRECTION('',(1.,0.,6.35468610110282E-16));
#2252=DIRECTION('',(6.35468610110282E-16,0.,-1.));
#2253=DIRECTION('',(0.,1.,0.));
#2254=DIRECTION('',(6.35468610110282E-16,0.,-1.));
#2255=DIRECTION('',(6.35468610110282E-16,0.,-1.));
#2256=DIRECTION('',(0.,1.,0.));
#2257=DIRECTION('',(0.,0.,1.));
#2258=DIRECTION('',(0.,1.,0.));
#2259=DIRECTION('',(0.,1.,0.));
#2260=DIRECTION('',(0.,0.,1.));
#2261=DIRECTION('',(0.,-1.,0.));
#2262=DIRECTION('',(0.,0.,-1.));
#2263=DIRECTION('',(0.,0.,1.));
#2264=DIRECTION('',(1.,0.,0.));
#2265=DIRECTION('',(0.,1.,0.));
#2266=DIRECTION('',(1.,0.,0.));
#2267=DIRECTION('',(1.,0.,0.));
#2268=DIRECTION('',(1.,0.,0.));
#2269=DIRECTION('',(0.,0.,-1.));
#2270=DIRECTION('',(0.,0.,-1.));
#2271=DIRECTION('',(0.,1.,0.));
#2272=DIRECTION('',(0.,0.,-1.));
#2273=DIRECTION('',(0.,1.,0.));
#2274=DIRECTION('',(0.,0.,-1.));
#2275=DIRECTION('',(-1.,0.,0.));
#2276=DIRECTION('',(1.15648231731787E-16,-1.,0.));
#2277=DIRECTION('',(0.,0.,-1.));
#2278=DIRECTION('',(-1.,0.,0.));
#2279=DIRECTION('',(1.15648231731787E-16,-1.,0.));
#2280=DIRECTION('',(0.,0.,-1.));
#2281=DIRECTION('',(-1.,0.,0.));
#2282=DIRECTION('',(-1.,0.,0.));
#2283=DIRECTION('',(0.,0.,-1.));
#2284=DIRECTION('',(-1.,0.,0.));
#2285=DIRECTION('',(0.,1.,0.));
#2286=DIRECTION('',(-1.,0.,0.));
#2287=DIRECTION('',(0.,1.,0.));
#2288=DIRECTION('',(0.,0.,-1.));
#2289=DIRECTION('',(-1.,0.,0.));
#2290=DIRECTION('',(-1.,0.,0.));
#2291=DIRECTION('',(0.,0.,-1.));
#2292=DIRECTION('',(-1.,0.,0.));
#2293=DIRECTION('',(1.,0.,0.));
#2294=DIRECTION('',(0.,0.,-1.));
#2295=DIRECTION('',(0.,0.,-1.));
#2296=DIRECTION('',(0.,1.,0.));
#2297=DIRECTION('',(0.,0.,-1.));
#2298=DIRECTION('',(0.,1.,0.));
#2299=DIRECTION('',(0.,1.,0.));
#2300=DIRECTION('',(0.,0.,1.));
#2301=DIRECTION('',(0.,1.,0.));
#2302=DIRECTION('',(0.,0.,1.));
#2303=DIRECTION('',(0.,-1.,0.));
#2304=DIRECTION('',(0.,0.,-1.));
#2305=DIRECTION('',(0.,0.,-1.));
#2306=DIRECTION('',(-1.,0.,0.));
#2307=DIRECTION('',(0.,1.,0.));
#2308=DIRECTION('',(0.,0.,-1.));
#2309=DIRECTION('',(-1.,0.,0.));
#2310=DIRECTION('',(-1.,0.,0.));
#2311=DIRECTION('',(0.,0.,-1.));
#2312=DIRECTION('',(-1.,0.,0.));
#2313=DIRECTION('',(0.,1.,0.));
#2314=DIRECTION('',(-1.,0.,0.));
#2315=DIRECTION('',(0.,-1.,0.));
#2316=DIRECTION('',(1.,0.,0.));
#2317=DIRECTION('',(0.,-1.,0.));
#2318=DIRECTION('',(0.,0.,-1.));
#2319=DIRECTION('',(0.,-1.,0.));
#2320=DIRECTION('',(0.,0.,-1.));
#2321=DIRECTION('',(0.,0.,-1.));
#2322=DIRECTION('',(-1.,0.,0.));
#2323=DIRECTION('',(0.,0.,-1.));
#2324=DIRECTION('',(-1.,0.,0.));
#2325=DIRECTION('',(0.,-1.,0.));
#2326=DIRECTION('',(0.,0.,-1.));
#2327=DIRECTION('',(0.,-1.,0.));
#2328=DIRECTION('',(1.,0.,0.));
#2329=DIRECTION('',(0.,0.,-1.));
#2330=DIRECTION('',(0.,-1.,0.));
#2331=DIRECTION('',(0.,0.,-1.));
#2332=DIRECTION('',(0.,-1.,0.));
#2333=DIRECTION('',(0.,0.,-1.));
#2334=DIRECTION('',(0.,-1.,0.));
#2335=DIRECTION('',(0.,0.,-1.));
#2336=DIRECTION('',(0.,0.,1.));
#2337=DIRECTION('',(1.,0.,0.));
#2338=DIRECTION('',(6.35468610110282E-16,0.,-1.));
#2339=DIRECTION('',(0.,-1.,0.));
#2340=DIRECTION('',(0.,0.,-1.));
#2341=DIRECTION('',(0.,-1.,0.));
#2342=DIRECTION('',(0.,0.,-1.));
#2343=DIRECTION('',(0.,-1.,0.));
#2344=DIRECTION('',(0.,0.,-1.));
#2345=DIRECTION('',(0.,0.,-1.));
#2346=DIRECTION('',(0.,-1.,0.));
#2347=DIRECTION('',(0.,0.,-1.));
#2348=DIRECTION('',(0.,-1.,0.));
#2349=DIRECTION('',(0.,0.,-1.));
#2350=DIRECTION('',(0.,-1.,0.));
#2351=DIRECTION('',(0.,0.,-1.));
#2352=DIRECTION('',(0.,0.,-1.));
#2353=DIRECTION('',(-1.,0.,0.));
#2354=DIRECTION('',(0.,0.,-1.));
#2355=DIRECTION('',(0.,-1.,0.));
#2356=DIRECTION('',(0.,0.,-1.));
#2357=DIRECTION('',(0.,0.,-1.));
#2358=DIRECTION('',(-1.,0.,0.));
#2359=DIRECTION('',(0.,0.,1.));
#2360=DIRECTION('',(-1.,0.,0.));
#2361=DIRECTION('',(0.,0.,1.));
#2362=DIRECTION('',(-1.,0.,0.));
#2363=DIRECTION('',(0.,0.,-1.));
#2364=DIRECTION('',(0.,-1.,0.));
#2365=DIRECTION('',(0.,0.,-1.));
#2366=DIRECTION('',(0.,1.,0.));
#2367=DIRECTION('',(0.,0.,1.));
#2368=DIRECTION('',(0.,-1.,0.));
#2369=DIRECTION('',(0.,0.,-1.));
#2370=DIRECTION('',(0.,-1.,0.));
#2371=DIRECTION('',(0.,0.,-1.));
#2372=DIRECTION('',(0.,-1.,0.));
#2373=DIRECTION('',(1.,0.,0.));
#2374=DIRECTION('',(0.,0.,-1.));
#2375=DIRECTION('',(0.,-1.,0.));
#2376=DIRECTION('',(0.,0.,-1.));
#2377=DIRECTION('',(0.,-1.,0.));
#2378=DIRECTION('',(0.,0.,-1.));
#2379=DIRECTION('',(0.,-1.,0.));
#2380=DIRECTION('',(0.,0.,-1.));
#2381=DIRECTION('',(0.,0.,-1.));
#2382=DIRECTION('',(0.,-1.,0.));
#2383=DIRECTION('',(0.,0.,-1.));
#2384=DIRECTION('',(0.,-1.,0.));
#2385=DIRECTION('',(0.,0.,-1.));
#2386=DIRECTION('',(0.,-1.,0.));
#2387=DIRECTION('',(0.,0.,-1.));
#2388=DIRECTION('',(6.35468610110282E-16,0.,-1.));
#2389=DIRECTION('',(1.,0.,0.));
#2390=DIRECTION('',(0.,0.,1.));
#2391=DIRECTION('',(0.,-1.,0.));
#2392=DIRECTION('',(0.,0.,-1.));
#2393=DIRECTION('',(0.,-1.,0.));
#2394=DIRECTION('',(0.,0.,-1.));
#2395=DIRECTION('',(0.,-1.,0.));
#2396=DIRECTION('',(0.,0.,-1.));
#2397=DIRECTION('',(0.,-1.,0.));
#2398=DIRECTION('',(0.,0.,-1.));
#2399=DIRECTION('',(0.,0.,1.));
#2400=DIRECTION('',(1.,0.,0.));
#2401=DIRECTION('',(0.,0.,1.));
#2402=DIRECTION('',(1.,0.,0.));
#2403=DIRECTION('',(4.33680868994202E-17,-1.,0.));
#2404=DIRECTION('',(0.,0.,1.));
#2405=DIRECTION('',(1.,0.,0.));
#2406=DIRECTION('',(-1.,0.,0.));
#2407=DIRECTION('',(0.,0.,1.));
#2408=DIRECTION('',(1.,0.,0.));
#2409=DIRECTION('',(1.15648231731787E-16,-1.,0.));
#2410=DIRECTION('',(0.,0.,1.));
#2411=DIRECTION('',(1.,0.,0.));
#2412=DIRECTION('',(1.15648231731787E-16,-1.,0.));
#2413=DIRECTION('',(0.,0.,1.));
#2414=DIRECTION('',(1.,0.,0.));
#2415=DIRECTION('',(-1.,0.,0.));
#2416=DIRECTION('',(0.,0.,1.));
#2417=DIRECTION('',(1.,0.,0.));
#2418=DIRECTION('',(4.33680868994202E-17,-1.,0.));
#2419=DIRECTION('',(-1.,-1.15648231731787E-16,0.));
#2420=DIRECTION('',(1.15648231731787E-16,-1.,0.));
#2421=DIRECTION('',(0.,0.,1.));
#2422=DIRECTION('',(1.15648231731787E-16,-1.,0.));
#2423=DIRECTION('',(0.,0.,1.));
#2424=DIRECTION('',(1.15648231731787E-16,-1.,0.));
#2425=DIRECTION('',(0.,0.,1.));
#2426=DIRECTION('',(1.,0.,0.));
#2427=DIRECTION('',(0.,0.,-1.));
#2428=DIRECTION('',(-1.,0.,0.));
#2429=DIRECTION('',(0.,0.,1.));
#2430=DIRECTION('',(0.,0.,1.));
#2431=DIRECTION('',(1.,0.,0.));
#2432=DIRECTION('',(-1.,-1.15648231731787E-16,0.));
#2433=DIRECTION('',(1.15648231731787E-16,-1.,0.));
#2434=DIRECTION('',(1.15648231731787E-16,-1.,0.));
#2435=DIRECTION('',(0.,0.,1.));
#2436=DIRECTION('',(1.15648231731787E-16,-1.,0.));
#2437=DIRECTION('',(0.,0.,1.));
#2438=DIRECTION('',(1.,0.,0.));
#2439=DIRECTION('',(0.,0.,1.));
#2440=DIRECTION('',(0.,0.,1.));
#2441=DIRECTION('',(0.,0.,1.));
#2442=DIRECTION('',(1.,0.,0.));
#2443=DIRECTION('',(-1.,-4.33680868994202E-17,0.));
#2444=DIRECTION('',(4.33680868994202E-17,-1.,0.));
#2445=DIRECTION('',(0.,0.,1.));
#2446=DIRECTION('',(4.33680868994202E-17,-1.,0.));
#2447=DIRECTION('',(4.33680868994202E-17,-1.,0.));
#2448=DIRECTION('',(-1.,-4.33680868994202E-17,0.));
#2449=DIRECTION('',(4.33680868994202E-17,-1.,0.));
#2450=DIRECTION('',(-4.33680868994202E-17,1.,0.));
#2451=DIRECTION('',(0.,0.,1.));
#2452=DIRECTION('',(4.33680868994202E-17,-1.,0.));
#2453=DIRECTION('',(0.,0.,1.));
#2454=DIRECTION('',(1.,0.,0.));
#2455=DIRECTION('',(0.,0.,1.));
#2456=DIRECTION('',(1.,0.,0.));
#2457=DIRECTION('',(0.,1.,0.));
#2458=DIRECTION('',(0.,0.,1.));
#2459=DIRECTION('',(0.,-1.,0.));
#2460=DIRECTION('',(0.,0.,-1.));
#2461=DIRECTION('',(0.,1.,0.));
#2462=DIRECTION('',(0.,0.,1.));
#2463=DIRECTION('',(0.,1.,0.));
#2464=DIRECTION('',(-1.,0.,0.));
#2465=DIRECTION('',(0.,1.,0.));
#2466=DIRECTION('',(0.,0.,1.));
#2467=DIRECTION('',(0.,1.,0.));
#2468=DIRECTION('',(0.,0.,1.));
#2469=DIRECTION('',(0.,-1.,0.));
#2470=DIRECTION('',(0.,0.,-1.));
#2471=DIRECTION('',(0.,1.,0.));
#2472=DIRECTION('',(0.,0.,1.));
#2473=DIRECTION('',(0.,1.,0.));
#2474=DIRECTION('',(-1.,0.,0.));
#2475=DIRECTION('',(0.,1.,0.));
#2476=DIRECTION('',(0.,0.,1.));
#2477=DIRECTION('',(0.,-1.,0.));
#2478=DIRECTION('',(0.,0.,-1.));
#2479=DIRECTION('',(0.,0.,1.));
#2480=DIRECTION('',(1.,0.,0.));
#2481=DIRECTION('',(0.,0.,-1.));
#2482=DIRECTION('',(-1.,0.,0.));
#2483=DIRECTION('',(0.,0.,1.));
#2484=DIRECTION('',(1.,0.,0.));
#2485=DIRECTION('',(0.,0.,-1.));
#2486=DIRECTION('',(-1.,0.,0.));
#2487=DIRECTION('',(0.,0.,-1.));
#2488=DIRECTION('',(-1.,0.,0.));
#2489=DIRECTION('',(0.,0.,1.));
#2490=DIRECTION('',(1.,0.,0.));
#2491=DIRECTION('',(0.,0.,-1.));
#2492=DIRECTION('',(-1.,0.,0.));
#2493=DIRECTION('',(0.,0.,-1.));
#2494=DIRECTION('',(-1.,0.,0.));
#2495=DIRECTION('',(0.,0.,-1.));
#2496=DIRECTION('',(-1.,0.,0.));
#2497=DIRECTION('',(0.,0.,1.));
#2498=DIRECTION('',(1.,0.,0.));
#2499=DIRECTION('',(0.,0.,-1.));
#2500=DIRECTION('',(-1.,0.,0.));
#2501=DIRECTION('',(0.,0.,-1.));
#2502=DIRECTION('',(-1.,0.,0.));
#2503=DIRECTION('',(0.,-1.,0.));
#2504=DIRECTION('',(0.,0.,-1.));
#2505=DIRECTION('',(0.,0.,1.));
#2506=DIRECTION('',(1.,0.,0.));
#2507=DIRECTION('',(0.968245836551854,0.,0.25));
#2508=DIRECTION('',(0.25,0.,-0.968245836551854));
#2509=DIRECTION('',(0.,-1.,0.));
#2510=DIRECTION('',(0.,0.,-1.));
#2511=DIRECTION('',(0.526782687642645,0.,0.85));
#2512=DIRECTION('',(0.85,0.,-0.526782687642645));
#2513=DIRECTION('',(-6.35468610110282E-16,0.,1.));
#2514=DIRECTION('',(1.,0.,6.35468610110282E-16));
#2515=DIRECTION('',(0.447213595499959,0.,-0.894427190999916));
#2516=DIRECTION('',(0.894427190999916,0.,0.447213595499959));
#2517=DIRECTION('',(0.,-1.,0.));
#2518=DIRECTION('',(0.,0.,-1.));
#2519=DIRECTION('',(0.,0.,1.));
#2520=DIRECTION('',(1.,0.,0.));
#2521=DIRECTION('',(0.894427190999916,0.,-0.447213595499957));
#2522=DIRECTION('',(0.447213595499957,0.,0.894427190999916));
#2523=DIRECTION('',(0.,0.,-1.));
#2524=DIRECTION('',(-1.,0.,0.));
#2525=DIRECTION('',(0.,0.,1.));
#2526=DIRECTION('',(1.,0.,0.));
#2527=DIRECTION('',(-1.,0.,0.));
#2528=DIRECTION('',(0.,0.,1.));
#2529=DIRECTION('',(0.894427190999916,0.,0.447213595499957));
#2530=DIRECTION('',(-0.447213595499957,0.,0.894427190999916));
#2531=DIRECTION('',(0.,-1.,0.));
#2532=DIRECTION('',(0.,0.,-1.));
#2533=DIRECTION('',(-0.526782687642637,0.,0.85));
#2534=DIRECTION('',(0.85,0.,0.526782687642637));
#2535=DIRECTION('',(0.447213595499957,0.,0.894427190999916));
#2536=DIRECTION('',(-0.894427190999916,0.,0.447213595499957));
#2537=DIRECTION('',(0.,-1.,0.));
#2538=DIRECTION('',(0.,0.,-1.));
#2539=DIRECTION('',(-0.526782687642626,0.,-0.85));
#2540=DIRECTION('',(-0.85,0.,0.526782687642626));
#2541=DIRECTION('',(0.,0.,-1.));
#2542=DIRECTION('',(-1.,0.,0.));
#2543=DIRECTION('',(0.,0.,-1.));
#2544=DIRECTION('',(-1.,0.,0.));
#2545=DIRECTION('',(0.,-1.,0.));
#2546=DIRECTION('',(0.,0.,-1.));
#2547=DIRECTION('',(0.,0.,-1.));
#2548=DIRECTION('',(-1.,0.,0.));
#2549=DIRECTION('',(0.,-1.,0.));
#2550=DIRECTION('',(0.,0.,-1.));
#2551=DIRECTION('',(-0.968245836551855,0.,0.25));
#2552=DIRECTION('',(0.25,0.,0.968245836551855));
#2553=DIRECTION('',(0.,0.,1.));
#2554=DIRECTION('',(1.,0.,0.));
#2555=DIRECTION('',(0.,0.,-1.));
#2556=DIRECTION('',(-1.,0.,0.));
#2557=DIRECTION('',(0.,-1.,0.));
#2558=DIRECTION('',(0.,0.,-1.));
#2559=DIRECTION('',(-0.526782687642637,-1.5804538452013E-14,0.85));
#2560=DIRECTION('',(0.85,0.,0.526782687642637));
#2561=DIRECTION('',(0.,-1.,0.));
#2562=DIRECTION('',(0.,0.,-1.));
#2563=DIRECTION('',(0.,-1.,0.));
#2564=DIRECTION('',(0.,0.,-1.));
#2565=DIRECTION('',(-1.15648231731787E-16,1.,0.));
#2566=DIRECTION('',(-1.,-1.15648231731787E-16,0.));
#2567=DIRECTION('',(0.,1.,0.));
#2568=DIRECTION('',(0.,0.,1.));
#2569=DIRECTION('',(0.,-1.,0.));
#2570=DIRECTION('',(0.,0.,-1.));
#2571=DIRECTION('',(0.,0.,-1.));
#2572=DIRECTION('',(-1.,0.,0.));
#2573=DIRECTION('',(0.,1.,0.));
#2574=DIRECTION('',(0.,0.,1.));
#2575=DIRECTION('',(0.,0.,-1.));
#2576=DIRECTION('',(-1.,0.,0.));
#2577=DIRECTION('',(1.,0.,0.));
#2578=DIRECTION('',(0.,0.,-1.));
#2579=DIRECTION('',(1.15648231731787E-16,-1.,0.));
#2580=DIRECTION('',(1.,1.15648231731787E-16,0.));
#2581=DIRECTION('',(0.,1.,0.));
#2582=DIRECTION('',(0.,0.,1.));
#2583=DIRECTION('',(-1.,0.,0.));
#2584=DIRECTION('',(0.,0.,1.));
#2585=DIRECTION('',(1.,0.,0.));
#2586=DIRECTION('',(0.,0.,-1.));
#2587=DIRECTION('',(0.,0.,-1.));
#2588=DIRECTION('',(-1.,0.,0.));
#2589=DIRECTION('',(-1.,0.,0.));
#2590=DIRECTION('',(0.,0.,1.));
#2591=DIRECTION('',(0.,0.,-1.));
#2592=DIRECTION('',(-1.,0.,0.));
#2593=DIRECTION('',(0.,-1.,0.));
#2594=DIRECTION('',(0.,0.,-1.));
#2595=DIRECTION('',(0.,0.,-1.));
#2596=DIRECTION('',(-1.,0.,0.));
#2597=DIRECTION('',(-1.,0.,0.));
#2598=DIRECTION('',(0.,0.,1.));
#2599=DIRECTION('',(0.,-1.,0.));
#2600=DIRECTION('',(0.,0.,-1.));
#2601=DIRECTION('',(-1.,0.,0.));
#2602=DIRECTION('',(0.,0.,1.));
#2603=DIRECTION('',(-1.,0.,0.));
#2604=DIRECTION('',(0.,0.,1.));
#2605=DIRECTION('',(0.,-1.,0.));
#2606=DIRECTION('',(0.,0.,-1.));
#2607=DIRECTION('',(0.,-1.,0.));
#2608=DIRECTION('',(0.,0.,-1.));
#2609=DIRECTION('',(0.,0.,-1.));
#2610=DIRECTION('',(-1.,0.,0.));
#2611=DIRECTION('',(0.,0.,-1.));
#2612=DIRECTION('',(-1.,0.,0.));
#2613=DIRECTION('',(0.,0.,1.));
#2614=DIRECTION('',(1.,0.,0.));
#2615=DIRECTION('',(0.,1.,0.));
#2616=DIRECTION('',(0.,0.,1.));
#2617=DIRECTION('',(0.,-1.,0.));
#2618=DIRECTION('',(0.,0.,-1.));
#2619=DIRECTION('',(1.,0.,0.));
#2620=DIRECTION('',(0.,0.,-1.));
#2621=DIRECTION('',(-1.,0.,0.));
#2622=DIRECTION('',(0.,0.,1.));
#2623=DIRECTION('',(0.,0.,-1.));
#2624=DIRECTION('',(-1.,0.,0.));
#2625=DIRECTION('',(0.,-1.,0.));
#2626=DIRECTION('',(0.,0.,-1.));
#2627=DIRECTION('',(1.,0.,0.));
#2628=DIRECTION('',(0.,0.,-1.));
#2629=DIRECTION('',(1.,0.,0.));
#2630=DIRECTION('',(0.,0.,-1.));
#2631=DIRECTION('',(1.,0.,0.));
#2632=DIRECTION('',(0.,0.,-1.));
#2633=DIRECTION('',(1.,0.,0.));
#2634=DIRECTION('',(0.,0.,-1.));
#2635=DIRECTION('',(0.,0.,-1.));
#2636=DIRECTION('',(-1.,0.,0.));
#2637=DIRECTION('',(0.,-1.,0.));
#2638=DIRECTION('',(0.,0.,-1.));
#2639=DIRECTION('',(0.,1.,0.));
#2640=DIRECTION('',(0.,0.,1.));
#2641=DIRECTION('',(0.,-1.,0.));
#2642=DIRECTION('',(0.,0.,-1.));
#2643=DIRECTION('',(1.,0.,0.));
#2644=DIRECTION('',(0.,0.,-1.));
#2645=DIRECTION('',(-1.,0.,0.));
#2646=DIRECTION('',(0.,0.,1.));
#2647=DIRECTION('',(-1.,0.,0.));
#2648=DIRECTION('',(0.,0.,1.));
#2649=DIRECTION('',(-1.,0.,0.));
#2650=DIRECTION('',(0.,0.,1.));
#2651=DIRECTION('',(0.,-1.,0.));
#2652=DIRECTION('',(0.,0.,-1.));
#2653=DIRECTION('',(0.,-1.,0.));
#2654=DIRECTION('',(0.,0.,-1.));
#2655=DIRECTION('',(0.,0.,1.));
#2656=DIRECTION('',(1.,0.,0.));
#2657=DIRECTION('',(0.,0.,1.));
#2658=DIRECTION('',(1.,0.,0.));
#2659=DIRECTION('',(0.,0.,-1.));
#2660=DIRECTION('',(-1.,0.,0.));
#2661=DIRECTION('',(0.,0.,-1.));
#2662=DIRECTION('',(-1.,0.,0.));
#2663=DIRECTION('',(0.,0.,1.));
#2664=DIRECTION('',(1.,0.,0.));
#2665=DIRECTION('',(0.,-1.,0.));
#2666=DIRECTION('',(0.,0.,-1.));
#2667=DIRECTION('',(-1.,0.,0.));
#2668=DIRECTION('',(0.,0.,1.));
#2669=DIRECTION('',(0.,0.,-1.));
#2670=DIRECTION('',(-1.,0.,0.));
#2671=DIRECTION('',(6.35468610110282E-16,0.,-1.));
#2672=DIRECTION('',(-1.,0.,-6.35468610110282E-16));
#2673=DIRECTION('',(0.,0.,-1.));
#2674=DIRECTION('',(-1.,0.,0.));
#2675=DIRECTION('',(1.,0.,0.));
#2676=DIRECTION('',(0.,0.,-1.));
#2677=DIRECTION('',(-1.,0.,0.));
#2678=DIRECTION('',(0.,0.,1.));
#2679=DIRECTION('',(0.,-1.,0.));
#2680=DIRECTION('',(0.,0.,-1.));
#2681=DIRECTION('',(0.968245836551853,-4.22663930435502E-15,0.250000000000004));
#2682=DIRECTION('',(0.250000000000004,0.,-0.968245836551853));
#2683=DIRECTION('',(0.,-1.,0.));
#2684=DIRECTION('',(0.,0.,-1.));
#2685=DIRECTION('',(0.,0.,-1.));
#2686=DIRECTION('',(-1.,0.,0.));
#2687=DIRECTION('',(0.,-1.,0.));
#2688=DIRECTION('',(0.,0.,-1.));
#2689=DIRECTION('',(0.526782687642637,-7.72570440830482E-15,0.85));
#2690=DIRECTION('',(0.85,0.,-0.526782687642637));
#2691=DIRECTION('',(0.,0.,1.));
#2692=DIRECTION('',(1.,0.,0.));
#2693=DIRECTION('',(0.,0.,-1.));
#2694=DIRECTION('',(-1.,0.,0.));
#2695=DIRECTION('',(0.,-1.,0.));
#2696=DIRECTION('',(0.,0.,-1.));
#2697=DIRECTION('',(0.,0.,1.));
#2698=DIRECTION('',(1.,0.,0.));
#2699=DIRECTION('',(0.,-1.,0.));
#2700=DIRECTION('',(0.,0.,-1.));
#2701=DIRECTION('',(-0.968245836551855,0.,0.25));
#2702=DIRECTION('',(0.25,0.,0.968245836551855));
#2703=DIRECTION('',(0.,0.,1.));
#2704=DIRECTION('',(1.,0.,0.));
#2705=DIRECTION('',(0.,0.,1.));
#2706=DIRECTION('',(1.,0.,0.));
#2707=DIRECTION('',(0.,-1.,0.));
#2708=DIRECTION('',(0.,0.,-1.));
#2709=DIRECTION('',(-0.526782687642637,0.,0.85));
#2710=DIRECTION('',(0.85,0.,0.526782687642637));
#2711=DIRECTION('',(0.,-1.,0.));
#2712=DIRECTION('',(0.,0.,-1.));
#2713=DIRECTION('',(-0.526782687642647,-1.10278639528688E-14,0.85));
#2714=DIRECTION('',(0.85,0.,0.526782687642647));
#2715=DIRECTION('',(0.,-1.,0.));
#2716=DIRECTION('',(0.,0.,-1.));
#2717=DIRECTION('',(0.,0.,1.));
#2718=DIRECTION('',(1.,0.,0.));
#2719=DIRECTION('',(0.,-1.,0.));
#2720=DIRECTION('',(0.,0.,-1.));
#2721=DIRECTION('',(-0.526782687642637,1.21492492720457E-14,-0.85));
#2722=DIRECTION('',(-0.85,0.,0.526782687642637));
#2723=DIRECTION('',(0.,0.,-1.));
#2724=DIRECTION('',(-1.,0.,0.));
#2725=DIRECTION('',(0.,0.,1.));
#2726=DIRECTION('',(1.,0.,0.));
#2727=DIRECTION('',(0.,-1.,0.));
#2728=DIRECTION('',(0.,0.,-1.));
#2729=DIRECTION('',(0.,1.,0.));
#2730=DIRECTION('',(0.,0.,1.));
#2731=DIRECTION('',(0.,-1.,0.));
#2732=DIRECTION('',(0.,0.,-1.));
#2733=DIRECTION('',(0.,-1.,0.));
#2734=DIRECTION('',(0.,0.,-1.));
#2735=DIRECTION('',(-0.6,0.,-0.8));
#2736=DIRECTION('',(-0.8,0.,0.6));
#2737=DIRECTION('',(-0.6,-1.38777878078143E-15,0.8));
#2738=DIRECTION('',(0.8,0.,0.6));
#2739=DIRECTION('',(0.,1.,0.));
#2740=DIRECTION('',(0.,0.,1.));
#2741=DIRECTION('',(0.,-1.,0.));
#2742=DIRECTION('',(0.,0.,-1.));
#2743=DIRECTION('',(0.,-1.,0.));
#2744=DIRECTION('',(0.,0.,-1.));
#2745=DIRECTION('',(0.6,0.,0.8));
#2746=DIRECTION('',(0.8,0.,-0.6));
#2747=DIRECTION('',(0.6,-5.55111512312578E-15,-0.8));
#2748=DIRECTION('',(-0.8,0.,-0.6));
#2749=DIRECTION('',(0.,0.,1.));
#2750=DIRECTION('',(1.,0.,0.));
#2751=DIRECTION('',(0.,1.,0.));
#2752=DIRECTION('',(0.,0.,1.));
#2753=DIRECTION('',(0.,1.,0.));
#2754=DIRECTION('',(0.,0.,1.));
#2755=DIRECTION('',(1.15648231731787E-16,-1.,0.));
#2756=DIRECTION('',(1.,1.15648231731787E-16,0.));
#2757=DIRECTION('',(0.,-1.,0.));
#2758=DIRECTION('',(0.,0.,-1.));
#2759=DIRECTION('',(0.,1.,0.));
#2760=DIRECTION('',(0.,0.,1.));
#2761=DIRECTION('',(0.,0.,1.));
#2762=DIRECTION('',(1.,0.,0.));
#2763=DIRECTION('',(0.,-1.,0.));
#2764=DIRECTION('',(0.,0.,-1.));
#2765=DIRECTION('',(4.33680868994202E-17,-1.,0.));
#2766=DIRECTION('',(1.,4.33680868994202E-17,0.));
#2767=DIRECTION('',(0.,1.,0.));
#2768=DIRECTION('',(0.,0.,1.));
#2769=DIRECTION('',(-4.33680868994202E-17,1.,0.));
#2770=DIRECTION('',(-1.,-4.33680868994202E-17,0.));
#2771=DIRECTION('',(0.,1.,0.));
#2772=DIRECTION('',(0.,0.,1.));
#2773=DIRECTION('',(0.,0.,1.));
#2774=DIRECTION('',(1.,0.,0.));
#2775=DIRECTION('',(-1.15648231731787E-16,1.,0.));
#2776=DIRECTION('',(-1.,-1.15648231731787E-16,0.));
#2777=DIRECTION('',(0.,-1.,0.));
#2778=DIRECTION('',(0.,0.,-1.));
#2779=DIRECTION('',(0.,0.,1.));
#2780=DIRECTION('',(1.,0.,0.));
#2781=DIRECTION('',(1.,0.,0.));
#2782=DIRECTION('',(0.,0.,-1.));
#2783=DIRECTION('',(0.,0.,1.));
#2784=DIRECTION('',(1.,0.,0.));
#2785=DIRECTION('',(1.,0.,0.));
#2786=DIRECTION('',(0.,0.,-1.));
#2787=DIRECTION('',(1.,0.,0.));
#2788=DIRECTION('',(0.,0.,-1.));
#2789=DIRECTION('',(0.,1.,0.));
#2790=DIRECTION('',(0.,0.,1.));
#2791=DIRECTION('',(0.,-1.,0.));
#2792=DIRECTION('',(0.,0.,-1.));
#2793=DIRECTION('',(0.,1.,0.));
#2794=DIRECTION('',(0.,0.,1.));
#2795=DIRECTION('',(-1.2245106889248E-15,-1.,2.41094708115514E-16));
#2796=DIRECTION('',(1.,-1.2245106889248E-15,0.));
#2797=DIRECTION('',(0.,1.,0.));
#2798=DIRECTION('',(0.,0.,1.));
#2799=DIRECTION('',(0.,1.,0.));
#2800=DIRECTION('',(0.,0.,1.));
#2801=CARTESIAN_POINT('',(0.,0.,0.));
#2802=CARTESIAN_POINT('',(0.025,-0.0125,-0.02));
#2803=CARTESIAN_POINT('',(0.025,-0.004,-0.02));
#2804=CARTESIAN_POINT('',(0.025,-0.004,-0.018375));
#2805=CARTESIAN_POINT('',(0.025,-0.012,-0.02));
#2806=CARTESIAN_POINT('',(0.025,-0.012,-0.021625));
#2807=CARTESIAN_POINT('',(-0.025,-0.0125,0.02));
#2808=CARTESIAN_POINT('',(-0.025,-0.004,0.02));
#2809=CARTESIAN_POINT('',(-0.025,-0.004,0.021625));
#2810=CARTESIAN_POINT('',(-0.025,-0.012,0.02));
#2811=CARTESIAN_POINT('',(-0.025,-0.012,0.018375));
#2812=CARTESIAN_POINT('',(-8.67361737988404E-19,-0.0125,8.67361737988404E-19));
#2813=CARTESIAN_POINT('',(-0.00143678117133317,-0.001,0.0104012335742306));
#2814=CARTESIAN_POINT('',(-0.00181770114914374,-0.00140044224870898,0.0103486149451039));
#2815=CARTESIAN_POINT('',(-0.00202840909090909,-0.00195000052756721,0.0103022112461318));
#2816=CARTESIAN_POINT('',(-0.00202840909090909,-0.0025,0.0103022112461318));
#2817=CARTESIAN_POINT('',(-0.00143678117133317,-0.001,0.0104012335742306));
#2818=CARTESIAN_POINT('',(-0.00202840909090909,-0.0025,0.0103022112461318));
#2819=CARTESIAN_POINT('',(-0.00202840909090909,-0.0125,0.0103022112461314));
#2820=CARTESIAN_POINT('',(-0.00202840909090909,-0.0075,0.0103022112461314));
#2821=CARTESIAN_POINT('',(-0.00202840909090909,-0.0075,0.0103022112461315));
#2822=CARTESIAN_POINT('',(-0.00202840909090909,-0.00804325384026793,0.0103022112461315));
#2823=CARTESIAN_POINT('',(-0.00161844616832987,-0.0091353768500909,0.0103973756434234));
#2824=CARTESIAN_POINT('',(7.30956304658927E-8,-0.00986953319993883,0.0105512718353233));
#2825=CARTESIAN_POINT('',(0.00161724777548873,-0.00913649031482464,0.0103975370087687));
#2826=CARTESIAN_POINT('',(0.00202840909090909,-0.00804354943943973,0.0103022112461315));
#2827=CARTESIAN_POINT('',(0.00202840909090909,-0.0075,0.0103022112461315));
#2828=CARTESIAN_POINT('',(0.00202840909090909,-0.0075,0.0103022112461314));
#2829=CARTESIAN_POINT('',(0.00202840909090909,-0.0125,0.0103022112461314));
#2830=CARTESIAN_POINT('',(0.00202840909090909,-0.0025,0.0103022112461314));
#2831=CARTESIAN_POINT('',(0.00202840909090909,-0.0025,0.0103022112461315));
#2832=CARTESIAN_POINT('',(0.00202840909090909,-0.00195016326565181,0.0103022112461315));
#2833=CARTESIAN_POINT('',(0.00181863313835388,-0.00140142200266473,0.0103484862041676));
#2834=CARTESIAN_POINT('',(0.00143678117133317,-0.001,0.0104012335742306));
#2835=CARTESIAN_POINT('',(0.00143678117133318,-0.001,0.0104012335742306));
#2836=CARTESIAN_POINT('',(-8.67361737988404E-19,-0.001,8.67361737988404E-19));
#2837=CARTESIAN_POINT('',(0.008925,-0.001,0.00553121822024769));
#2838=CARTESIAN_POINT('',(0.008925,-0.0125,0.00553121822024769));
#2839=CARTESIAN_POINT('',(0.008925,-0.047,0.00553121822024769));
#2840=CARTESIAN_POINT('',(-8.67361737988404E-19,-0.047,8.67361737988404E-19));
#2841=CARTESIAN_POINT('',(-0.008925,-0.047,0.00553121822024769));
#2842=CARTESIAN_POINT('',(-0.008925,-0.0125,0.00553121822024769));
#2843=CARTESIAN_POINT('',(-0.008925,-0.001,0.00553121822024769));
#2844=CARTESIAN_POINT('',(-8.67361737988404E-19,-0.001,8.67361737988404E-19));
#2845=CARTESIAN_POINT('',(-0.002,-0.0125,-0.00934122918275927));
#2846=CARTESIAN_POINT('',(-0.002,-0.0125,-0.00968245836551854));
#2847=CARTESIAN_POINT('',(-0.002,-0.047,-0.00968245836551854));
#2848=CARTESIAN_POINT('',(-0.002,-0.001,-0.00968245836551854));
#2849=CARTESIAN_POINT('',(-0.002,-0.047,-0.00934122918275927));
#2850=CARTESIAN_POINT('',(-0.002,-0.047,-0.009));
#2851=CARTESIAN_POINT('',(-0.002,-0.0125,-0.009));
#2852=CARTESIAN_POINT('',(-0.002,-0.001,-0.009));
#2853=CARTESIAN_POINT('',(-0.002,-0.001,-0.00968245836551854));
#2854=CARTESIAN_POINT('',(-0.0025,-0.0125,-0.00968245836551854));
#2855=CARTESIAN_POINT('',(-0.002625,-0.0125,-0.0101665812837945));
#2856=CARTESIAN_POINT('',(-0.002625,-0.047,-0.0101665812837945));
#2857=CARTESIAN_POINT('',(-0.002625,-0.001,-0.0101665812837945));
#2858=CARTESIAN_POINT('',(-0.0025,-0.047,-0.00968245836551854));
#2859=CARTESIAN_POINT('',(-0.0025,-0.001,-0.00968245836551854));
#2860=CARTESIAN_POINT('',(5.42101086242752E-18,-0.0125,2.16840434497101E-18));
#2861=CARTESIAN_POINT('',(-0.008925,-0.0125,-0.00553121822024768));
#2862=CARTESIAN_POINT('',(-0.008925,-0.047,-0.00553121822024768));
#2863=CARTESIAN_POINT('',(-0.008925,-0.001,-0.00553121822024768));
#2864=CARTESIAN_POINT('',(5.42101086242752E-18,-0.047,2.16840434497101E-18));
#2865=CARTESIAN_POINT('',(5.42101086242752E-18,-0.001,2.16840434497101E-18));
#2866=CARTESIAN_POINT('',(-0.0085,-0.0125,-0.00526782687642637));
#2867=CARTESIAN_POINT('',(-0.009,-0.0125,-0.00526782687642637));
#2868=CARTESIAN_POINT('',(-0.009,-0.047,-0.00526782687642637));
#2869=CARTESIAN_POINT('',(-0.009,-0.001,-0.00526782687642637));
#2870=CARTESIAN_POINT('',(-0.0085,-0.047,-0.00526782687642637));
#2871=CARTESIAN_POINT('',(-0.0085,-0.001,-0.00526782687642637));
#2872=CARTESIAN_POINT('',(-0.009,-0.0125,8.67361737988404E-19));
#2873=CARTESIAN_POINT('',(-0.009,-0.0125,0.00526782687642637));
#2874=CARTESIAN_POINT('',(-0.009,-0.047,0.00526782687642637));
#2875=CARTESIAN_POINT('',(-0.009,-0.001,0.00526782687642637));
#2876=CARTESIAN_POINT('',(-0.009,-0.047,8.67361737988404E-19));
#2877=CARTESIAN_POINT('',(-0.009,-0.001,0.00526782687642637));
#2878=CARTESIAN_POINT('',(-0.0085,-0.0125,0.00526782687642637));
#2879=CARTESIAN_POINT('',(-0.0085,-0.047,0.00526782687642637));
#2880=CARTESIAN_POINT('',(-0.0085,-0.001,0.00526782687642637));
#2881=CARTESIAN_POINT('',(0.0085,-0.0125,0.00526782687642637));
#2882=CARTESIAN_POINT('',(0.009,-0.0125,0.00526782687642637));
#2883=CARTESIAN_POINT('',(0.009,-0.047,0.00526782687642637));
#2884=CARTESIAN_POINT('',(0.009,-0.001,0.00526782687642637));
#2885=CARTESIAN_POINT('',(0.0085,-0.047,0.00526782687642637));
#2886=CARTESIAN_POINT('',(0.0085,-0.001,0.00526782687642637));
#2887=CARTESIAN_POINT('',(0.009,-0.0125,2.60208521396521E-18));
#2888=CARTESIAN_POINT('',(0.009,-0.0125,-0.00526782687642637));
#2889=CARTESIAN_POINT('',(0.009,-0.047,-0.00526782687642637));
#2890=CARTESIAN_POINT('',(0.009,-0.001,-0.00526782687642637));
#2891=CARTESIAN_POINT('',(0.009,-0.047,0.00526782687642637));
#2892=CARTESIAN_POINT('',(0.009,-0.001,2.60208521396521E-18));
#2893=CARTESIAN_POINT('',(0.0085,-0.0125,-0.00526782687642637));
#2894=CARTESIAN_POINT('',(0.008925,-0.0125,-0.00553121822024768));
#2895=CARTESIAN_POINT('',(0.008925,-0.047,-0.00553121822024768));
#2896=CARTESIAN_POINT('',(0.008925,-0.001,-0.00553121822024768));
#2897=CARTESIAN_POINT('',(0.0085,-0.047,-0.00526782687642637));
#2898=CARTESIAN_POINT('',(0.0085,-0.001,-0.00526782687642637));
#2899=CARTESIAN_POINT('',(-1.7347234759768E-18,-0.0125,1.3010426069826E-18));
#2900=CARTESIAN_POINT('',(0.002625,-0.0125,-0.0101665812837945));
#2901=CARTESIAN_POINT('',(0.002625,-0.047,-0.0101665812837945));
#2902=CARTESIAN_POINT('',(0.002625,-0.001,-0.0101665812837945));
#2903=CARTESIAN_POINT('',(-1.7347234759768E-18,-0.047,1.3010426069826E-18));
#2904=CARTESIAN_POINT('',(-1.7347234759768E-18,-0.001,1.3010426069826E-18));
#2905=CARTESIAN_POINT('',(0.0025,-0.0125,-0.00968245836551854));
#2906=CARTESIAN_POINT('',(0.002,-0.0125,-0.00968245836551854));
#2907=CARTESIAN_POINT('',(0.002,-0.047,-0.00968245836551854));
#2908=CARTESIAN_POINT('',(0.002,-0.001,-0.00968245836551854));
#2909=CARTESIAN_POINT('',(0.0025,-0.047,-0.00968245836551854));
#2910=CARTESIAN_POINT('',(0.0025,-0.001,-0.00968245836551854));
#2911=CARTESIAN_POINT('',(0.002,-0.0125,-0.00934122918275927));
#2912=CARTESIAN_POINT('',(0.002,-0.0125,-0.009));
#2913=CARTESIAN_POINT('',(0.002,-0.047,-0.009));
#2914=CARTESIAN_POINT('',(0.002,-0.001,-0.009));
#2915=CARTESIAN_POINT('',(0.002,-0.047,-0.00934122918275927));
#2916=CARTESIAN_POINT('',(0.002,-0.001,-0.009));
#2917=CARTESIAN_POINT('',(0.0015,-0.0125,-0.009));
#2918=CARTESIAN_POINT('',(0.0015,-0.0125,-0.0085));
#2919=CARTESIAN_POINT('',(0.0015,-0.047,-0.0085));
#2920=CARTESIAN_POINT('',(0.0015,-0.001,-0.0085));
#2921=CARTESIAN_POINT('',(0.0015,-0.047,-0.009));
#2922=CARTESIAN_POINT('',(0.0015,-0.001,-0.009));
#2923=CARTESIAN_POINT('',(4.33680868994202E-19,-0.0125,-0.0085));
#2924=CARTESIAN_POINT('',(-0.0015,-0.0125,-0.0085));
#2925=CARTESIAN_POINT('',(-0.0015,-0.047,-0.0085));
#2926=CARTESIAN_POINT('',(-0.0015,-0.001,-0.0085));
#2927=CARTESIAN_POINT('',(4.33680868994202E-19,-0.047,-0.0085));
#2928=CARTESIAN_POINT('',(-0.0015,-0.001,-0.0085));
#2929=CARTESIAN_POINT('',(0.03,-0.0125,0.));
#2930=CARTESIAN_POINT('',(0.03,-0.012,0.));
#2931=CARTESIAN_POINT('',(0.03,-0.012,0.0245));
#2932=CARTESIAN_POINT('',(0.03,-0.012,-0.0245));
#2933=CARTESIAN_POINT('',(0.03,-0.0125,-0.0245));
#2934=CARTESIAN_POINT('',(0.03,-0.002,-0.0245));
#2935=CARTESIAN_POINT('',(0.03,-0.002,0.025));
#2936=CARTESIAN_POINT('',(0.03,-0.002,0.0245));
#2937=CARTESIAN_POINT('',(0.03,-0.0125,0.0245));
#2938=CARTESIAN_POINT('',(0.,-0.0125,0.025));
#2939=CARTESIAN_POINT('',(0.00375,-0.0075,0.025));
#2940=CARTESIAN_POINT('',(0.00375,-0.002,0.025));
#2941=CARTESIAN_POINT('',(0.00375,-0.0075,0.025));
#2942=CARTESIAN_POINT('',(4.33680868994202E-19,-0.0075,0.025));
#2943=CARTESIAN_POINT('',(-0.00375,-0.0075,0.025));
#2944=CARTESIAN_POINT('',(-0.00375,-0.0125,0.025));
#2945=CARTESIAN_POINT('',(-0.00375,-0.002,0.025));
#2946=CARTESIAN_POINT('',(-0.00525,-0.002,0.025));
#2947=CARTESIAN_POINT('',(-0.00525,-0.0005,0.025));
#2948=CARTESIAN_POINT('',(0.,-0.0005,0.025));
#2949=CARTESIAN_POINT('',(-0.028,-0.0005,0.025));
#2950=CARTESIAN_POINT('',(-0.028,-0.002,0.025));
#2951=CARTESIAN_POINT('',(-0.0295,-0.002,0.025));
#2952=CARTESIAN_POINT('',(-0.0295,-0.0125,0.025));
#2953=CARTESIAN_POINT('',(-0.0295,-0.012,0.025));
#2954=CARTESIAN_POINT('',(0.03,-0.012,0.025));
#2955=CARTESIAN_POINT('',(0.0295,-0.012,0.025));
#2956=CARTESIAN_POINT('',(0.0295,-0.002,0.025));
#2957=CARTESIAN_POINT('',(0.0295,-0.002,0.025));
#2958=CARTESIAN_POINT('',(0.028,-0.002,0.025));
#2959=CARTESIAN_POINT('',(0.028,-0.0005,0.025));
#2960=CARTESIAN_POINT('',(0.,-0.0005,0.025));
#2961=CARTESIAN_POINT('',(0.00525,-0.0005,0.025));
#2962=CARTESIAN_POINT('',(0.00525,-0.002,0.025));
#2963=CARTESIAN_POINT('',(-0.03,-0.0125,0.));
#2964=CARTESIAN_POINT('',(-0.03,-0.002,0.));
#2965=CARTESIAN_POINT('',(-0.03,-0.002,0.0245));
#2966=CARTESIAN_POINT('',(-0.03,-0.002,-0.0245));
#2967=CARTESIAN_POINT('',(-0.03,-0.0125,-0.0245));
#2968=CARTESIAN_POINT('',(-0.03,-0.012,-0.0245));
#2969=CARTESIAN_POINT('',(-0.03,-0.012,0.025));
#2970=CARTESIAN_POINT('',(-0.03,-0.012,0.0245));
#2971=CARTESIAN_POINT('',(-0.03,-0.0125,0.0245));
#2972=CARTESIAN_POINT('',(-0.0015,-0.0125,-0.009));
#2973=CARTESIAN_POINT('',(-0.0015,-0.047,-0.009));
#2974=CARTESIAN_POINT('',(-0.0015,-0.001,-0.009));
#2975=CARTESIAN_POINT('',(0.,-0.0125,-0.025));
#2976=CARTESIAN_POINT('',(-0.0295,-0.002,-0.025));
#2977=CARTESIAN_POINT('',(-0.0295,-0.012,-0.025));
#2978=CARTESIAN_POINT('',(-0.0295,-0.002,-0.025));
#2979=CARTESIAN_POINT('',(-0.028,-0.002,-0.025));
#2980=CARTESIAN_POINT('',(-0.028,-0.0005,-0.025));
#2981=CARTESIAN_POINT('',(0.028,-0.0005,-0.025));
#2982=CARTESIAN_POINT('',(0.028,-0.0005,-0.025));
#2983=CARTESIAN_POINT('',(0.028,-0.002,-0.025));
#2984=CARTESIAN_POINT('',(0.0295,-0.002,-0.025));
#2985=CARTESIAN_POINT('',(0.0295,-0.0125,-0.025));
#2986=CARTESIAN_POINT('',(0.0295,-0.012,-0.025));
#2987=CARTESIAN_POINT('',(0.,-0.012,-0.025));
#2988=CARTESIAN_POINT('',(0.,-0.0125,0.));
#2989=CARTESIAN_POINT('',(-0.025,-0.0125,0.02));
#2990=CARTESIAN_POINT('',(-0.025,-0.0125,0.017875));
#2991=CARTESIAN_POINT('',(0.025,-0.0125,-0.02));
#2992=CARTESIAN_POINT('',(0.025,-0.0125,-0.022125));
#2993=CARTESIAN_POINT('',(-0.0295,-0.0125,-0.025));
#2994=CARTESIAN_POINT('',(-0.0295,-0.0125,0.0245));
#2995=CARTESIAN_POINT('',(-0.0295,-0.0125,-0.0245));
#2996=CARTESIAN_POINT('',(0.,-0.0125,-0.0245));
#2997=CARTESIAN_POINT('',(0.0295,-0.0125,-0.0245));
#2998=CARTESIAN_POINT('',(0.0295,-0.0125,0.));
#2999=CARTESIAN_POINT('',(0.0295,-0.0125,0.0245));
#3000=CARTESIAN_POINT('',(-0.03,-0.0125,0.0245));
#3001=CARTESIAN_POINT('',(-1.7347234759768E-18,-0.0125,2.0664468564497E-18));
#3002=CARTESIAN_POINT('',(-1.7347234759768E-18,-0.0125,-0.0175));
#3003=CARTESIAN_POINT('',(0.,0.,0.));
#3004=CARTESIAN_POINT('',(-0.01,0.,-0.00526782687642637));
#3005=CARTESIAN_POINT('',(-0.01,0.,0.00526782687642637));
#3006=CARTESIAN_POINT('',(-0.01,0.,-0.00526782687642637));
#3007=CARTESIAN_POINT('',(-0.0085,0.,-0.00526782687642637));
#3008=CARTESIAN_POINT('',(-0.009775,0.,-0.00605800090789031));
#3009=CARTESIAN_POINT('',(5.42101086242752E-18,0.,2.16840434497101E-18));
#3010=CARTESIAN_POINT('',(-0.002875,0.,-0.0111348271203463));
#3011=CARTESIAN_POINT('',(-0.0025,0.,-0.00968245836551854));
#3012=CARTESIAN_POINT('',(-0.001,0.,-0.00968245836551854));
#3013=CARTESIAN_POINT('',(-0.001,0.,-0.009));
#3014=CARTESIAN_POINT('',(-0.001,0.,-0.0095));
#3015=CARTESIAN_POINT('',(0.0015,0.,-0.0095));
#3016=CARTESIAN_POINT('',(0.001,0.,-0.0095));
#3017=CARTESIAN_POINT('',(0.001,0.,-0.00968245836551854));
#3018=CARTESIAN_POINT('',(0.001,0.,-0.00968245836551854));
#3019=CARTESIAN_POINT('',(0.0025,0.,-0.00968245836551854));
#3020=CARTESIAN_POINT('',(0.002875,0.,-0.0111348271203463));
#3021=CARTESIAN_POINT('',(-1.7347234759768E-18,0.,1.3010426069826E-18));
#3022=CARTESIAN_POINT('',(0.009775,0.,-0.00605800090789033));
#3023=CARTESIAN_POINT('',(0.0085,0.,-0.00526782687642637));
#3024=CARTESIAN_POINT('',(0.01,0.,-0.00526782687642637));
#3025=CARTESIAN_POINT('',(0.01,0.,0.));
#3026=CARTESIAN_POINT('',(0.01,0.,0.00526782687642637));
#3027=CARTESIAN_POINT('',(0.0085,0.,0.00526782687642637));
#3028=CARTESIAN_POINT('',(0.009775,0.,0.00605800090789033));
#3029=CARTESIAN_POINT('',(-8.67361737988404E-19,0.,8.67361737988404E-19));
#3030=CARTESIAN_POINT('',(-0.009775,0.,0.00605800090789032));
#3031=CARTESIAN_POINT('',(-0.0085,0.,0.00526782687642637));
#3032=CARTESIAN_POINT('',(0.028,0.,-0.025));
#3033=CARTESIAN_POINT('',(0.028,0.,-0.02225));
#3034=CARTESIAN_POINT('',(0.028,0.,-0.0245));
#3035=CARTESIAN_POINT('',(-0.028,0.,-0.0245));
#3036=CARTESIAN_POINT('',(-0.028,0.,-0.0245));
#3037=CARTESIAN_POINT('',(-0.028,0.,0.));
#3038=CARTESIAN_POINT('',(-0.028,0.,0.01775));
#3039=CARTESIAN_POINT('',(-0.025,0.,0.02));
#3040=CARTESIAN_POINT('',(-0.028,0.,0.02225));
#3041=CARTESIAN_POINT('',(-0.028,0.,0.));
#3042=CARTESIAN_POINT('',(-0.028,0.,0.0245));
#3043=CARTESIAN_POINT('',(0.,0.,0.0245));
#3044=CARTESIAN_POINT('',(-0.00525,0.,0.0245));
#3045=CARTESIAN_POINT('',(-0.00525,0.,0.));
#3046=CARTESIAN_POINT('',(-0.00525,0.,0.019));
#3047=CARTESIAN_POINT('',(-0.00325,0.,0.018));
#3048=CARTESIAN_POINT('',(-0.00363430424378489,0.,0.018));
#3049=CARTESIAN_POINT('',(-0.00436322253297929,0.,0.0182746779070051));
#3050=CARTESIAN_POINT('',(-0.00495556662108378,0.,0.018759597354652));
#3051=CARTESIAN_POINT('',(-0.00525,0.,0.019));
#3052=CARTESIAN_POINT('',(-0.00325,0.,0.018));
#3053=CARTESIAN_POINT('',(0.00525,0.,0.018));
#3054=CARTESIAN_POINT('',(0.00325,0.,0.018));
#3055=CARTESIAN_POINT('',(0.00325,0.,0.018));
#3056=CARTESIAN_POINT('',(0.00363430424378489,0.,0.018));
#3057=CARTESIAN_POINT('',(0.00436322253297929,0.,0.0182746779070051));
#3058=CARTESIAN_POINT('',(0.00495556662108378,0.,0.018759597354652));
#3059=CARTESIAN_POINT('',(0.00525,0.,0.019));
#3060=CARTESIAN_POINT('',(0.00525,0.,0.019));
#3061=CARTESIAN_POINT('',(0.00525,0.,0.025));
#3062=CARTESIAN_POINT('',(0.00525,0.,0.0245));
#3063=CARTESIAN_POINT('',(0.,0.,0.0245));
#3064=CARTESIAN_POINT('',(0.028,0.,0.0245));
#3065=CARTESIAN_POINT('',(0.028,0.,-0.025));
#3066=CARTESIAN_POINT('',(0.028,0.,-0.01775));
#3067=CARTESIAN_POINT('',(0.025,0.,-0.02));
#3068=CARTESIAN_POINT('',(-1.7347234759768E-18,-0.0475,2.0664468564497E-18));
#3069=CARTESIAN_POINT('',(-1.7347234759768E-18,-0.0465,2.0664468564497E-18));
#3070=CARTESIAN_POINT('',(-1.7347234759768E-18,-0.0465,-0.0125));
#3071=CARTESIAN_POINT('',(-1.7347234759768E-18,-0.0175,2.0664468564497E-18));
#3072=CARTESIAN_POINT('',(-1.7347234759768E-18,-0.0175,-0.0125));
#3073=CARTESIAN_POINT('',(0.,-0.0475,0.));
#3074=CARTESIAN_POINT('',(-0.0095,-0.0475,0.));
#3075=CARTESIAN_POINT('',(-0.0095,-0.0475,-0.00526782687642637));
#3076=CARTESIAN_POINT('',(-0.0095,-0.0475,0.00526782687642637));
#3077=CARTESIAN_POINT('',(-0.0085,-0.0475,0.00526782687642637));
#3078=CARTESIAN_POINT('',(-0.00935,-0.0475,0.005794609564069));
#3079=CARTESIAN_POINT('',(-8.67361737988404E-19,-0.0475,8.67361737988404E-19));
#3080=CARTESIAN_POINT('',(0.00935,-0.0475,0.00579460956406901));
#3081=CARTESIAN_POINT('',(0.0085,-0.0475,0.00526782687642637));
#3082=CARTESIAN_POINT('',(0.0095,-0.0475,0.00526782687642637));
#3083=CARTESIAN_POINT('',(0.0095,-0.0475,-0.00526782687642637));
#3084=CARTESIAN_POINT('',(0.0095,-0.0475,-0.00526782687642637));
#3085=CARTESIAN_POINT('',(0.0085,-0.0475,-0.00526782687642637));
#3086=CARTESIAN_POINT('',(0.00935,-0.0475,-0.00579460956406901));
#3087=CARTESIAN_POINT('',(-1.7347234759768E-18,-0.0475,1.3010426069826E-18));
#3088=CARTESIAN_POINT('',(0.00275,-0.0475,-0.0106507042020704));
#3089=CARTESIAN_POINT('',(0.0025,-0.0475,-0.00968245836551854));
#3090=CARTESIAN_POINT('',(0.0015,-0.0475,-0.00968245836551854));
#3091=CARTESIAN_POINT('',(0.0015,-0.0475,9.53202915165419E-19));
#3092=CARTESIAN_POINT('',(0.0015,-0.0475,-0.009));
#3093=CARTESIAN_POINT('',(0.,-0.0475,-0.009));
#3094=CARTESIAN_POINT('',(-0.0015,-0.0475,-0.009));
#3095=CARTESIAN_POINT('',(-0.0015,-0.0475,0.));
#3096=CARTESIAN_POINT('',(-0.0015,-0.0475,-0.00968245836551854));
#3097=CARTESIAN_POINT('',(-0.0025,-0.0475,-0.00968245836551854));
#3098=CARTESIAN_POINT('',(-0.00275,-0.0475,-0.0106507042020704));
#3099=CARTESIAN_POINT('',(5.42101086242752E-18,-0.0475,2.16840434497101E-18));
#3100=CARTESIAN_POINT('',(-0.00935,-0.0475,-0.005794609564069));
#3101=CARTESIAN_POINT('',(-0.0085,-0.0475,-0.00526782687642637));
#3102=CARTESIAN_POINT('',(-1.7347234759768E-18,-0.0475,2.0664468564497E-18));
#3103=CARTESIAN_POINT('',(-1.7347234759768E-18,-0.0475,-0.0115));
#3104=CARTESIAN_POINT('',(0.,-0.004625,0.0185));
#3105=CARTESIAN_POINT('',(2.16840434497101E-19,-0.0075,0.0185));
#3106=CARTESIAN_POINT('',(0.002125,-0.0075,0.0185));
#3107=CARTESIAN_POINT('',(-0.002125,-0.0075,0.0185));
#3108=CARTESIAN_POINT('',(-0.002125,-0.0025,0.0185));
#3109=CARTESIAN_POINT('',(-0.002125,-0.0025,0.0185));
#3110=CARTESIAN_POINT('',(0.,-0.0025,0.0185));
#3111=CARTESIAN_POINT('',(-0.000718070330817259,-0.0005,0.0185));
#3112=CARTESIAN_POINT('',(-0.00525,-0.0005,0.0185));
#3113=CARTESIAN_POINT('',(-0.00325,-0.000500000000000009,0.0185));
#3114=CARTESIAN_POINT('',(-0.00525,-0.002,0.0185));
#3115=CARTESIAN_POINT('',(-0.00275,-0.002,0.0185));
#3116=CARTESIAN_POINT('',(-0.00275,-0.004625,0.0185));
#3117=CARTESIAN_POINT('',(-0.00275,-0.0075,0.0185));
#3118=CARTESIAN_POINT('',(4.33680868994202E-19,-0.0075,0.0185));
#3119=CARTESIAN_POINT('',(0.00275,-0.0075,0.0185));
#3120=CARTESIAN_POINT('',(0.00275,-0.002,0.0185));
#3121=CARTESIAN_POINT('',(0.00275,-0.002,0.0185));
#3122=CARTESIAN_POINT('',(0.00525,-0.002,0.0185));
#3123=CARTESIAN_POINT('',(0.00325,-0.000500000000000009,0.0185));
#3124=CARTESIAN_POINT('',(-0.00525,-0.0005,0.0185));
#3125=CARTESIAN_POINT('',(0.000718070330817259,-0.0005,0.0185));
#3126=CARTESIAN_POINT('',(0.,-0.0025,0.0185));
#3127=CARTESIAN_POINT('',(0.002125,-0.0025,0.0185));
#3128=CARTESIAN_POINT('',(0.002125,-0.004625,0.0185));
#3129=CARTESIAN_POINT('',(-0.00325,-0.00375,0.0185));
#3130=CARTESIAN_POINT('',(-0.00325,-0.002,0.0185));
#3131=CARTESIAN_POINT('',(-0.00325,-0.002,0.019));
#3132=CARTESIAN_POINT('',(-0.00325,-0.002,0.0245));
#3133=CARTESIAN_POINT('',(-0.00325,-0.00375,0.0245));
#3134=CARTESIAN_POINT('',(-0.00325,-0.0075,0.0245));
#3135=CARTESIAN_POINT('',(-0.00325,-0.0075,0.0185));
#3136=CARTESIAN_POINT('',(-0.00325,-0.0075,0.019));
#3137=CARTESIAN_POINT('',(-0.00325,-0.00375,0.019));
#3138=CARTESIAN_POINT('',(4.33680868994202E-19,-0.0075,0.0185));
#3139=CARTESIAN_POINT('',(4.33680868994202E-19,-0.0075,0.0245));
#3140=CARTESIAN_POINT('',(0.00325,-0.0075,0.0245));
#3141=CARTESIAN_POINT('',(0.00325,-0.0075,0.0185));
#3142=CARTESIAN_POINT('',(0.00325,-0.0075,0.019));
#3143=CARTESIAN_POINT('',(4.33680868994202E-19,-0.0075,0.019));
#3144=CARTESIAN_POINT('',(0.00325,-0.00375,0.0185));
#3145=CARTESIAN_POINT('',(0.00325,-0.002,0.0245));
#3146=CARTESIAN_POINT('',(0.00325,-0.002,0.0245));
#3147=CARTESIAN_POINT('',(0.00325,-0.002,0.0185));
#3148=CARTESIAN_POINT('',(0.00325,-0.002,0.019));
#3149=CARTESIAN_POINT('',(0.00325,-0.0075,0.019));
#3150=CARTESIAN_POINT('',(0.,-0.0025,-0.025002));
#3151=CARTESIAN_POINT('',(-0.001625,-0.0025,-0.025002));
#3152=CARTESIAN_POINT('',(-0.001625,-0.0025,0.0107927927340425));
#3153=CARTESIAN_POINT('',(-0.001625,-0.0025,0.018));
#3154=CARTESIAN_POINT('',(-0.001625,-0.0025,0.0107927927340425));
#3155=CARTESIAN_POINT('',(-0.001625,-0.0020690363262016,0.0107927927340425));
#3156=CARTESIAN_POINT('',(-0.00127080001825696,-0.00122732911884942,0.0108978428099946));
#3157=CARTESIAN_POINT('',(-7.72730560867596E-7,-0.000698293941019847,0.0110511754475067));
#3158=CARTESIAN_POINT('',(0.00127339145556225,-0.00122949512986531,0.0108974553967467));
#3159=CARTESIAN_POINT('',(0.001625,-0.00206899220334946,0.0107927927340425));
#3160=CARTESIAN_POINT('',(0.001625,-0.0025,0.0107927927340425));
#3161=CARTESIAN_POINT('',(0.001625,-0.0025,0.0107927927340425));
#3162=CARTESIAN_POINT('',(0.001625,-0.0025,-0.025002));
#3163=CARTESIAN_POINT('',(0.001625,-0.0025,0.018));
#3164=CARTESIAN_POINT('',(0.,-0.0025,0.018));
#3165=CARTESIAN_POINT('',(-0.001625,-0.005,-0.025002));
#3166=CARTESIAN_POINT('',(-0.001625,-0.0075,-0.025002));
#3167=CARTESIAN_POINT('',(-0.001625,-0.0075,0.0107927927340425));
#3168=CARTESIAN_POINT('',(-0.001625,-0.0075,0.018));
#3169=CARTESIAN_POINT('',(-0.001625,-0.00377181920608651,0.0107927927340425));
#3170=CARTESIAN_POINT('',(-0.001625,-0.0075,0.018));
#3171=CARTESIAN_POINT('',(0.001625,-0.005,-0.025002));
#3172=CARTESIAN_POINT('',(0.001625,-0.005,0.0107927927340425));
#3173=CARTESIAN_POINT('',(0.001625,-0.0075,0.0107927927340425));
#3174=CARTESIAN_POINT('',(0.001625,-0.0075,-0.025002));
#3175=CARTESIAN_POINT('',(0.001625,-0.0075,0.018));
#3176=CARTESIAN_POINT('',(0.001625,-0.005,0.018));
#3177=CARTESIAN_POINT('',(2.16840434497101E-19,-0.0075,-0.025002));
#3178=CARTESIAN_POINT('',(0.001625,-0.0075,0.0107927927340425));
#3179=CARTESIAN_POINT('',(0.001625,-0.0079309808503652,0.0107927927340425));
#3180=CARTESIAN_POINT('',(0.00127245038352596,-0.0087710757693304,0.0108975562789218));
#3181=CARTESIAN_POINT('',(1.26309953373897E-7,-0.00930214172970644,0.0110512540566596));
#3182=CARTESIAN_POINT('',(-0.00127323695501661,-0.00877035730778499,0.0108974274934145));
#3183=CARTESIAN_POINT('',(-0.001625,-0.00793099122894643,0.0107927927340425));
#3184=CARTESIAN_POINT('',(-0.001625,-0.0075,0.0107927927340425));
#3185=CARTESIAN_POINT('',(2.16840434497101E-19,-0.0075,0.018));
#3186=CARTESIAN_POINT('',(-0.025,-0.0035,0.02));
#3187=CARTESIAN_POINT('',(-0.025,-0.0005,0.02));
#3188=CARTESIAN_POINT('',(-0.0276,-0.0005,0.02195));
#3189=CARTESIAN_POINT('',(-0.0276,-0.0005,0.01805));
#3190=CARTESIAN_POINT('',(-0.0276,-0.0005,0.01805));
#3191=CARTESIAN_POINT('',(-0.0280248230515288,-0.0005,0.0186164307353718));
#3192=CARTESIAN_POINT('',(-0.0284748306506685,-0.000901923557587808,0.0199983378363762));
#3193=CARTESIAN_POINT('',(-0.0280255149534478,-0.00049999999999999,0.0213826467287363));
#3194=CARTESIAN_POINT('',(-0.0276,-0.00049999999999999,0.02195));
#3195=CARTESIAN_POINT('',(-0.025,-0.0035,0.02));
#3196=CARTESIAN_POINT('',(-0.025,-0.0035,0.02325));
#3197=CARTESIAN_POINT('',(0.,-0.0035,0.));
#3198=CARTESIAN_POINT('',(-0.025,-0.0035,0.02));
#3199=CARTESIAN_POINT('',(-0.025,-0.0035,0.022125));
#3200=CARTESIAN_POINT('',(0.025,-0.0035,-0.02));
#3201=CARTESIAN_POINT('',(0.025,-0.0005,-0.02));
#3202=CARTESIAN_POINT('',(0.0276,-0.0005,-0.02195));
#3203=CARTESIAN_POINT('',(0.0276,-0.0005,-0.01805));
#3204=CARTESIAN_POINT('',(0.0276,-0.0005,-0.01805));
#3205=CARTESIAN_POINT('',(0.0280248230515288,-0.0005,-0.0186164307353718));
#3206=CARTESIAN_POINT('',(0.0284748306506685,-0.000901923557587808,-0.0199983378363762));
#3207=CARTESIAN_POINT('',(0.0280255149534478,-0.000499999999999991,-0.0213826467287363));
#3208=CARTESIAN_POINT('',(0.0276,-0.000499999999999991,-0.02195));
#3209=CARTESIAN_POINT('',(0.025,-0.0035,-0.02));
#3210=CARTESIAN_POINT('',(0.025,-0.0035,-0.01675));
#3211=CARTESIAN_POINT('',(0.,-0.0035,0.));
#3212=CARTESIAN_POINT('',(0.025,-0.0035,-0.02));
#3213=CARTESIAN_POINT('',(0.025,-0.0035,-0.017875));
#3214=CARTESIAN_POINT('',(-1.7347234759768E-18,-0.0175,2.0664468564497E-18));
#3215=CARTESIAN_POINT('',(-0.00525,-0.002,0.0185));
#3216=CARTESIAN_POINT('',(-0.00525,-0.002,0.0245));
#3217=CARTESIAN_POINT('',(-0.00525,-0.002,0.019));
#3218=CARTESIAN_POINT('',(0.00525,-0.002,0.));
#3219=CARTESIAN_POINT('',(0.00525,-0.002,0.0245));
#3220=CARTESIAN_POINT('',(0.00525,-0.002,0.019));
#3221=CARTESIAN_POINT('',(-0.028,-0.002,0.));
#3222=CARTESIAN_POINT('',(-0.028,-0.002,-0.0245));
#3223=CARTESIAN_POINT('',(-0.028,-0.002,0.0245));
#3224=CARTESIAN_POINT('',(-0.028,0.,0.02225));
#3225=CARTESIAN_POINT('',(-0.0283028277467633,0.,0.0219471722532367));
#3226=CARTESIAN_POINT('',(-0.0287985551645084,-0.000138075332974802,0.0212684086145203));
#3227=CARTESIAN_POINT('',(-0.0291005612251737,-0.000332832256767276,0.0199994444250273));
#3228=CARTESIAN_POINT('',(-0.0287991999236454,-0.000138290788104427,0.0187332001972421));
#3229=CARTESIAN_POINT('',(-0.028302615574331,-7.73612275285823E-20,0.018052615574331));
#3230=CARTESIAN_POINT('',(-0.028,-7.73612275285823E-20,0.01775));
#3231=CARTESIAN_POINT('',(0.028,-0.002,0.));
#3232=CARTESIAN_POINT('',(0.028,-0.002,-0.0245));
#3233=CARTESIAN_POINT('',(0.028,0.,-0.02225));
#3234=CARTESIAN_POINT('',(0.0283028277467633,0.,-0.0219471722532367));
#3235=CARTESIAN_POINT('',(0.0287985551645084,-0.000138075332974803,-0.0212684086145203));
#3236=CARTESIAN_POINT('',(0.0291005612251737,-0.000332832256767276,-0.0199994444250273));
#3237=CARTESIAN_POINT('',(0.0287991999236454,-0.000138290788104426,-0.0187332001972421));
#3238=CARTESIAN_POINT('',(0.028302615574331,-1.215292547428E-20,-0.018052615574331));
#3239=CARTESIAN_POINT('',(0.028,-1.215292547428E-20,-0.01775));
#3240=CARTESIAN_POINT('',(0.028,-0.002,0.0245));
#3241=CARTESIAN_POINT('',(0.0025,-0.001,-0.00968245836551854));
#3242=CARTESIAN_POINT('',(0.001,-0.001,-0.00968245836551854));
#3243=CARTESIAN_POINT('',(0.002875,-0.001,-0.0111348271203463));
#3244=CARTESIAN_POINT('',(-1.7347234759768E-18,-0.001,1.3010426069826E-18));
#3245=CARTESIAN_POINT('',(0.009775,-0.001,-0.00605800090789033));
#3246=CARTESIAN_POINT('',(0.001,-0.001,6.35468610110278E-19));
#3247=CARTESIAN_POINT('',(0.001,-0.001,-0.0095));
#3248=CARTESIAN_POINT('',(0.0085,-0.001,-0.00526782687642637));
#3249=CARTESIAN_POINT('',(0.01,-0.001,-0.00526782687642637));
#3250=CARTESIAN_POINT('',(0.002,-0.001,-0.009));
#3251=CARTESIAN_POINT('',(0.002,-0.001,-0.0085));
#3252=CARTESIAN_POINT('',(0.0015,-0.001,-0.0085));
#3253=CARTESIAN_POINT('',(0.002,-0.000869100131567758,-0.00900000000013085));
#3254=CARTESIAN_POINT('',(0.00199999999712029,-0.000803649935924873,-0.00850000000287976));
#3255=CARTESIAN_POINT('',(0.0014999999998691,-0.000869100131567758,-0.0085));
#3256=CARTESIAN_POINT('',(0.00194793123936677,-0.000607362021900035,-0.00902603438025586));
#3257=CARTESIAN_POINT('',(0.00189692826014436,-0.000446705262874718,-0.0086030717398556));
#3258=CARTESIAN_POINT('',(0.00147396561974416,-0.000607362021900038,-0.00855206876063322));
#3259=CARTESIAN_POINT('',(0.00172551785728402,-0.000274482131807699,-0.00913724107137436));
#3260=CARTESIAN_POINT('',(0.00160355733729445,-0.000158216897873956,-0.00889644266270558));
#3261=CARTESIAN_POINT('',(0.00136275892862565,-0.000274482131807702,-0.008774482142716));
#3262=CARTESIAN_POINT('',(0.00139263801861643,-5.20687637498779E-5,-0.00930368099068707));
#3263=CARTESIAN_POINT('',(0.0013022250952051,-2.67780527653658E-5,-0.00919777490479479));
#3264=CARTESIAN_POINT('',(0.00119631900931289,-5.20687637498797E-5,-0.00910736198138348));
#3265=CARTESIAN_POINT('',(0.00113089978116599,1.80754626140935E-18,-0.0094345501094171));
#3266=CARTESIAN_POINT('',(0.00109817480316066,-9.25599910150186E-8,-0.00940182519683955));
#3267=CARTESIAN_POINT('',(0.001065449890583,0.,-0.0093691002188342));
#3268=CARTESIAN_POINT('',(0.000999999999999992,0.,-0.0095));
#3269=CARTESIAN_POINT('',(0.000999999999999996,0.,-0.0095));
#3270=CARTESIAN_POINT('',(0.000999999999999999,0.,-0.0095));
#3271=CARTESIAN_POINT('',(0.001,-0.001,-0.0095));
#3272=CARTESIAN_POINT('',(0.01,-0.001,2.60208521396521E-18));
#3273=CARTESIAN_POINT('',(0.01,-0.001,0.00526782687642637));
#3274=CARTESIAN_POINT('',(0.,-0.001,-0.0095));
#3275=CARTESIAN_POINT('',(-0.001,-0.001,-0.0095));
#3276=CARTESIAN_POINT('',(0.0085,-0.001,0.00526782687642637));
#3277=CARTESIAN_POINT('',(0.009775,-0.001,0.00605800090789033));
#3278=CARTESIAN_POINT('',(-0.0015,-0.001,-0.0085));
#3279=CARTESIAN_POINT('',(-0.002,-0.001,-0.0085));
#3280=CARTESIAN_POINT('',(-0.002,-0.001,-0.009));
#3281=CARTESIAN_POINT('',(-0.00149999999986908,-0.000869100131567758,-0.0085));
#3282=CARTESIAN_POINT('',(-0.00199999999712025,-0.000803649935924881,-0.00850000000287973));
#3283=CARTESIAN_POINT('',(-0.002,-0.000869100131567758,-0.00900000000013085));
#3284=CARTESIAN_POINT('',(-0.00147396561974417,-0.000607362021900038,-0.00855206876063322));
#3285=CARTESIAN_POINT('',(-0.00189692826014438,-0.00044670526287471,-0.00860307173985562));
#3286=CARTESIAN_POINT('',(-0.00194793123936677,-0.000607362021900038,-0.00902603438025586));
#3287=CARTESIAN_POINT('',(-0.00136275892862565,-0.000274482131807701,-0.008774482142716));
#3288=CARTESIAN_POINT('',(-0.00160355733729445,-0.00015821689787396,-0.00889644266270557));
#3289=CARTESIAN_POINT('',(-0.00172551785728402,-0.000274482131807701,-0.00913724107137436));
#3290=CARTESIAN_POINT('',(-0.00119631900931289,-5.20687637498789E-5,-0.00910736198138348));
#3291=CARTESIAN_POINT('',(-0.00130222509520511,-2.67780527653637E-5,-0.00919777490479479));
#3292=CARTESIAN_POINT('',(-0.00139263801861644,-5.20687637498794E-5,-0.00930368099068707));
#3293=CARTESIAN_POINT('',(-0.001065449890583,6.50521303491303E-19,-0.0093691002188342));
#3294=CARTESIAN_POINT('',(-0.00109817480316067,-9.2559991014368E-8,-0.00940182519683955));
#3295=CARTESIAN_POINT('',(-0.001130899781166,8.77596226877002E-19,-0.0094345501094171));
#3296=CARTESIAN_POINT('',(-0.000999999999999999,6.50521303491303E-19,-0.0095));
#3297=CARTESIAN_POINT('',(-0.000999999999999999,6.50521303491303E-19,-0.0095));
#3298=CARTESIAN_POINT('',(-0.000999999999999999,6.50521303491303E-19,-0.0095));
#3299=CARTESIAN_POINT('',(-0.001,-0.001,-0.0095));
#3300=CARTESIAN_POINT('',(-8.67361737988404E-19,-0.001,8.67361737988404E-19));
#3301=CARTESIAN_POINT('',(0.00143678117133419,-0.00100000000000189,0.0104012335742305));
#3302=CARTESIAN_POINT('',(0.000996987238232152,-0.000770456616823171,0.0104619847955));
#3303=CARTESIAN_POINT('',(9.70117225635434E-7,-0.000491670999885125,0.0106791057315044));
#3304=CARTESIAN_POINT('',(-0.000996987238187635,-0.000770456616906311,0.0104619847955065));
#3305=CARTESIAN_POINT('',(-0.00143678117133317,-0.001,0.0104012335742306));
#3306=CARTESIAN_POINT('',(-0.009775,-0.001,0.00605800090789032));
#3307=CARTESIAN_POINT('',(-0.001,-0.001,0.));
#3308=CARTESIAN_POINT('',(-0.001,-0.001,-0.00968245836551854));
#3309=CARTESIAN_POINT('',(-0.0085,-0.001,0.00526782687642637));
#3310=CARTESIAN_POINT('',(-0.01,-0.001,0.00526782687642637));
#3311=CARTESIAN_POINT('',(-0.0025,-0.001,-0.00968245836551854));
#3312=CARTESIAN_POINT('',(-0.002875,-0.001,-0.0111348271203463));
#3313=CARTESIAN_POINT('',(-0.01,-0.001,0.));
#3314=CARTESIAN_POINT('',(-0.01,-0.001,-0.00526782687642637));
#3315=CARTESIAN_POINT('',(5.42101086242752E-18,-0.001,2.16840434497101E-18));
#3316=CARTESIAN_POINT('',(-0.009775,-0.001,-0.00605800090789032));
#3317=CARTESIAN_POINT('',(-0.0085,-0.001,-0.00526782687642637));
#3318=CARTESIAN_POINT('',(-1.7347234759768E-18,-0.0465,2.0664468564497E-18));
#3319=CARTESIAN_POINT('',(0.00375,-0.0125,0.0245));
#3320=CARTESIAN_POINT('',(0.00375,-0.002,0.0245));
#3321=CARTESIAN_POINT('',(0.00375,-0.0075,0.0245));
#3322=CARTESIAN_POINT('',(4.33680868994202E-19,-0.0075,0.0245));
#3323=CARTESIAN_POINT('',(-0.00375,-0.0075,0.0245));
#3324=CARTESIAN_POINT('',(0.00525,-0.002,0.0245));
#3325=CARTESIAN_POINT('',(0.00525,-0.0005,0.0245));
#3326=CARTESIAN_POINT('',(-0.00375,-0.00375,0.0245));
#3327=CARTESIAN_POINT('',(-0.00375,-0.002,0.0245));
#3328=CARTESIAN_POINT('',(0.,-0.0005,0.0245));
#3329=CARTESIAN_POINT('',(0.028,-0.0005,0.0245));
#3330=CARTESIAN_POINT('',(-0.00525,-0.002,0.0245));
#3331=CARTESIAN_POINT('',(-0.00525,-0.0005,0.0245));
#3332=CARTESIAN_POINT('',(0.028,-0.002,0.0245));
#3333=CARTESIAN_POINT('',(0.0295,-0.002,0.0245));
#3334=CARTESIAN_POINT('',(0.028,-0.002,-0.0245));
#3335=CARTESIAN_POINT('',(0.028,-0.0005,-0.0245));
#3336=CARTESIAN_POINT('',(0.0295,-0.002,-0.0245));
#3337=CARTESIAN_POINT('',(0.,-0.0005,0.0245));
#3338=CARTESIAN_POINT('',(-0.028,-0.0005,0.0245));
#3339=CARTESIAN_POINT('',(0.0295,-0.0125,0.0245));
#3340=CARTESIAN_POINT('',(0.0295,-0.012,0.0245));
#3341=CARTESIAN_POINT('',(0.0295,-0.012,0.));
#3342=CARTESIAN_POINT('',(0.0295,-0.012,-0.0245));
#3343=CARTESIAN_POINT('',(0.0295,-0.012,0.0245));
#3344=CARTESIAN_POINT('',(0.0295,-0.0125,-0.0245));
#3345=CARTESIAN_POINT('',(0.0295,-0.012,-0.0245));
#3346=CARTESIAN_POINT('',(0.,-0.0005,-0.0245));
#3347=CARTESIAN_POINT('',(-0.028,-0.0005,-0.0245));
#3348=CARTESIAN_POINT('',(-0.028,-0.002,0.0245));
#3349=CARTESIAN_POINT('',(-0.0295,-0.002,0.0245));
#3350=CARTESIAN_POINT('',(0.0295,-0.012,0.0245));
#3351=CARTESIAN_POINT('',(0.0295,-0.012,0.0245));
#3352=CARTESIAN_POINT('',(0.0295,-0.012,-0.0245));
#3353=CARTESIAN_POINT('',(0.0295,-0.012,-0.0245));
#3354=CARTESIAN_POINT('',(-0.028,-0.002,-0.0245));
#3355=CARTESIAN_POINT('',(-0.0295,-0.002,-0.0245));
#3356=CARTESIAN_POINT('',(-0.0295,-0.0125,0.0245));
#3357=CARTESIAN_POINT('',(-0.0295,-0.012,0.0245));
#3358=CARTESIAN_POINT('',(0.,-0.012,0.0245));
#3359=CARTESIAN_POINT('',(-0.0295,-0.012,0.0245));
#3360=CARTESIAN_POINT('',(0.,-0.012,-0.0245));
#3361=CARTESIAN_POINT('',(-0.0295,-0.012,-0.0245));
#3362=CARTESIAN_POINT('',(-0.0295,-0.0125,-0.0245));
#3363=CARTESIAN_POINT('',(-0.0295,-0.012,-0.0245));
#3364=CARTESIAN_POINT('',(-0.0295,-0.012,0.0245));
#3365=CARTESIAN_POINT('',(-0.0295,-0.012,0.0245));
#3366=CARTESIAN_POINT('',(-0.0295,-0.012,-0.0245));
#3367=CARTESIAN_POINT('',(-0.0295,-0.012,-0.0245));
#3368=CARTESIAN_POINT('',(-0.0295,-0.012,0.));
#3369=CARTESIAN_POINT('',(0.0015,-0.047,-0.009));
#3370=CARTESIAN_POINT('',(0.0015,-0.047,-0.009));
#3371=CARTESIAN_POINT('',(0.0015,-0.047,-0.009));
#3372=CARTESIAN_POINT('',(0.0015,-0.047,-0.00934122918275927));
#3373=CARTESIAN_POINT('',(0.0015,-0.047,-0.00968245836551854));
#3374=CARTESIAN_POINT('',(4.33680868994202E-19,-0.047,-0.009));
#3375=CARTESIAN_POINT('',(-0.0015,-0.047,-0.009));
#3376=CARTESIAN_POINT('',(0.0025,-0.047,-0.00968245836551854));
#3377=CARTESIAN_POINT('',(0.00275,-0.047,-0.0106507042020704));
#3378=CARTESIAN_POINT('',(-0.0015,-0.047,-0.009));
#3379=CARTESIAN_POINT('',(-0.0015,-0.047,-0.009));
#3380=CARTESIAN_POINT('',(-1.7347234759768E-18,-0.047,1.3010426069826E-18));
#3381=CARTESIAN_POINT('',(0.00935,-0.047,-0.005794609564069));
#3382=CARTESIAN_POINT('',(-0.0015,-0.047,-0.00934122918275927));
#3383=CARTESIAN_POINT('',(-0.0015,-0.047,-0.00968245836551854));
#3384=CARTESIAN_POINT('',(0.0085,-0.047,-0.00526782687642637));
#3385=CARTESIAN_POINT('',(0.0095,-0.047,-0.00526782687642637));
#3386=CARTESIAN_POINT('',(-0.0025,-0.047,-0.00968245836551854));
#3387=CARTESIAN_POINT('',(-0.00275,-0.047,-0.0106507042020704));
#3388=CARTESIAN_POINT('',(0.0095,-0.047,0.));
#3389=CARTESIAN_POINT('',(0.0095,-0.047,0.00526782687642637));
#3390=CARTESIAN_POINT('',(5.42101086242752E-18,-0.047,2.16840434497101E-18));
#3391=CARTESIAN_POINT('',(-0.00935,-0.047,-0.00579460956406901));
#3392=CARTESIAN_POINT('',(0.0085,-0.047,0.00526782687642637));
#3393=CARTESIAN_POINT('',(0.00935,-0.047,0.00579460956406901));
#3394=CARTESIAN_POINT('',(-0.0085,-0.047,-0.00526782687642637));
#3395=CARTESIAN_POINT('',(-0.0095,-0.047,-0.00526782687642637));
#3396=CARTESIAN_POINT('',(-8.67361737988404E-19,-0.047,8.67361737988404E-19));
#3397=CARTESIAN_POINT('',(-0.00935,-0.047,0.00579460956406901));
#3398=CARTESIAN_POINT('',(-0.0095,-0.047,8.67361737988404E-19));
#3399=CARTESIAN_POINT('',(-0.0095,-0.047,0.00526782687642637));
#3400=CARTESIAN_POINT('',(-0.0085,-0.047,0.00526782687642637));
#3401=CARTESIAN_POINT('',(-0.025,-0.004,0.02));
#3402=CARTESIAN_POINT('',(-0.025,-0.012,0.02));
#3403=CARTESIAN_POINT('',(-0.025,-0.0005,0.02));
#3404=CARTESIAN_POINT('',(-0.028,-0.0005,0.02225));
#3405=CARTESIAN_POINT('',(-0.028,-0.0005,0.01775));
#3406=CARTESIAN_POINT('',(-0.0276,-0.0005,0.02195));
#3407=CARTESIAN_POINT('',(-0.0276,-2.05998412772246E-18,0.02195));
#3408=CARTESIAN_POINT('',(-0.028,0.,0.02225));
#3409=CARTESIAN_POINT('',(-0.0278122491664678,-0.000500000040671587,0.0216670011113763));
#3410=CARTESIAN_POINT('',(-0.0278585208258058,6.9870435482876E-5,0.0216053055084308));
#3411=CARTESIAN_POINT('',(-0.028326537172229,0.,0.0219234628169093));
#3412=CARTESIAN_POINT('',(-0.0281356404063852,-0.00061461553784084,0.0210471363420596));
#3413=CARTESIAN_POINT('',(-0.0282005738721461,0.000108243979270489,0.0208314264895533));
#3414=CARTESIAN_POINT('',(-0.0288240621669563,-0.000152820744020665,0.02120823424262));
#3415=CARTESIAN_POINT('',(-0.0283071266310045,-0.000744123108580887,0.0199982094169845));
#3416=CARTESIAN_POINT('',(-0.0282791303385127,0.000198627626548409,0.0199982774125554));
#3417=CARTESIAN_POINT('',(-0.0290878871235473,-0.00032549746530262,0.0199979339423017));
#3418=CARTESIAN_POINT('',(-0.0281358522406226,-0.000614662841535343,0.0189543400437843));
#3419=CARTESIAN_POINT('',(-0.0282008608269281,0.000108315838262213,0.0191699930052098));
#3420=CARTESIAN_POINT('',(-0.02882438806351,-0.000152883813035164,0.0187934692809986));
#3421=CARTESIAN_POINT('',(-0.0278119936814425,-0.000500000036159789,0.0183326582419233));
#3422=CARTESIAN_POINT('',(-0.0278581879378705,6.97804685906172E-5,0.0183942506311381));
#3423=CARTESIAN_POINT('',(-0.0283261441236478,0.,0.0180761441262235));
#3424=CARTESIAN_POINT('',(-0.0276,-0.0005,0.01805));
#3425=CARTESIAN_POINT('',(-0.0276,0.,0.01805));
#3426=CARTESIAN_POINT('',(-0.028,0.,0.01775));
#3427=CARTESIAN_POINT('',(0.025,-0.004,-0.02));
#3428=CARTESIAN_POINT('',(0.025,-0.012,-0.02));
#3429=CARTESIAN_POINT('',(0.025,-0.0005,-0.02));
#3430=CARTESIAN_POINT('',(0.028,-0.0005,-0.02225));
#3431=CARTESIAN_POINT('',(0.028,-0.0005,-0.01775));
#3432=CARTESIAN_POINT('',(0.0276,-0.0005,-0.02195));
#3433=CARTESIAN_POINT('',(0.0276,-2.05998412772246E-18,-0.02195));
#3434=CARTESIAN_POINT('',(0.028,0.,-0.02225));
#3435=CARTESIAN_POINT('',(0.0278122491664678,-0.000500000040671587,-0.0216670011113763));
#3436=CARTESIAN_POINT('',(0.0278585208258058,6.98704354828761E-5,-0.0216053055084308));
#3437=CARTESIAN_POINT('',(0.028326537172229,0.,-0.0219234628169093));
#3438=CARTESIAN_POINT('',(0.0281356404063852,-0.000614615537840841,-0.0210471363420596));
#3439=CARTESIAN_POINT('',(0.0282005738721461,0.000108243979270488,-0.0208314264895533));
#3440=CARTESIAN_POINT('',(0.0288240621669563,-0.000152820744020665,-0.02120823424262));
#3441=CARTESIAN_POINT('',(0.0283071266310045,-0.000744123108580887,-0.0199982094169845));
#3442=CARTESIAN_POINT('',(0.0282791303385127,0.000198627626548412,-0.0199982774125554));
#3443=CARTESIAN_POINT('',(0.0290878871235473,-0.000325497465302621,-0.0199979339423017));
#3444=CARTESIAN_POINT('',(0.0281358522406226,-0.00061466284153534,-0.0189543400437843));
#3445=CARTESIAN_POINT('',(0.0282008608269281,0.000108315838262207,-0.0191699930052098));
#3446=CARTESIAN_POINT('',(0.02882438806351,-0.00015288381303516,-0.0187934692809986));
#3447=CARTESIAN_POINT('',(0.0278119936814425,-0.000500000036159789,-0.0183326582419233));
#3448=CARTESIAN_POINT('',(0.0278581879378705,6.97804685906172E-5,-0.0183942506311381));
#3449=CARTESIAN_POINT('',(0.0283261441236478,0.,-0.0180761441262235));
#3450=CARTESIAN_POINT('',(0.0276,-0.0005,-0.01805));
#3451=CARTESIAN_POINT('',(0.0276,0.,-0.01805));
#3452=CARTESIAN_POINT('',(0.028,0.,-0.01775));
#3453=CARTESIAN_POINT('',(2.16840434497101E-19,-0.0075,0.018));
#3454=CARTESIAN_POINT('',(-0.002125,-0.0075,0.018));
#3455=CARTESIAN_POINT('',(0.002125,-0.0075,0.018));
#3456=CARTESIAN_POINT('',(-0.00275,-0.004625,0.019));
#3457=CARTESIAN_POINT('',(-0.00275,-0.002,0.019));
#3458=CARTESIAN_POINT('',(-0.00275,-0.0075,0.019));
#3459=CARTESIAN_POINT('',(4.33680868994202E-19,-0.0075,0.019));
#3460=CARTESIAN_POINT('',(0.00275,-0.0075,0.019));
#3461=CARTESIAN_POINT('',(0.002125,-0.004625,0.018));
#3462=CARTESIAN_POINT('',(0.002125,-0.0025,0.018));
#3463=CARTESIAN_POINT('',(-0.002125,-0.005,0.018));
#3464=CARTESIAN_POINT('',(-0.002125,-0.0025,0.018));
#3465=CARTESIAN_POINT('',(-0.00525,-0.002,0.019));
#3466=CARTESIAN_POINT('',(-0.00325,-0.000500000000000009,0.0185));
#3467=CARTESIAN_POINT('',(-0.00358772302009466,-0.000380803639966601,0.0185));
#3468=CARTESIAN_POINT('',(-0.00423193319382111,-0.000116112216364007,0.0186895848443116));
#3469=CARTESIAN_POINT('',(-0.00490912524421517,0.,0.0188956288477715));
#3470=CARTESIAN_POINT('',(-0.00525,0.,0.019));
#3471=CARTESIAN_POINT('',(0.00275,-0.00375,0.019));
#3472=CARTESIAN_POINT('',(0.00275,-0.002,0.019));
#3473=CARTESIAN_POINT('',(0.,-0.0025,0.018));
#3474=CARTESIAN_POINT('',(-0.000718070330817259,-0.0005,0.0185));
#3475=CARTESIAN_POINT('',(-0.000245725187794146,-0.000418209276380941,0.0185));
#3476=CARTESIAN_POINT('',(0.000245725187803603,-0.00041820927632634,0.0185));
#3477=CARTESIAN_POINT('',(0.00071807033081726,-0.0005,0.0185));
#3478=CARTESIAN_POINT('',(-0.00325,0.,0.018));
#3479=CARTESIAN_POINT('',(-0.00325,0.,0.0185));
#3480=CARTESIAN_POINT('',(-0.00325,-0.0005,0.0185));
#3481=CARTESIAN_POINT('',(-0.00363430423371677,0.,0.0180000000675975));
#3482=CARTESIAN_POINT('',(-0.00348925928134997,-1.23161881343761E-17,0.0184155554992544));
#3483=CARTESIAN_POINT('',(-0.00351132686089345,-0.000407766982807268,0.0185));
#3484=CARTESIAN_POINT('',(-0.00436322253801354,0.,0.0182746778732065));
#3485=CARTESIAN_POINT('',(-0.00413470188274717,6.02837360564358E-14,0.0184275083863999));
#3486=CARTESIAN_POINT('',(-0.0040866826765469,-0.000165605091531086,0.0186373389535033));
#3487=CARTESIAN_POINT('',(-0.00495556662108339,0.,0.0187595973546518));
#3488=CARTESIAN_POINT('',(-0.00490649430129461,-1.10872479163799E-13,0.018819697985937));
#3489=CARTESIAN_POINT('',(-0.00485742209601502,0.,0.0188797986773246));
#3490=CARTESIAN_POINT('',(-0.00525,0.,0.019));
#3491=CARTESIAN_POINT('',(-0.00525,0.,0.019));
#3492=CARTESIAN_POINT('',(-0.00525,0.,0.019));
#3493=CARTESIAN_POINT('',(-0.00325,-0.0005,0.018));
#3494=CARTESIAN_POINT('',(0.00525,-0.002,0.019));
#3495=CARTESIAN_POINT('',(0.00325,-0.000500000000000009,0.0185));
#3496=CARTESIAN_POINT('',(0.00358772302009466,-0.000380803639966601,0.0185));
#3497=CARTESIAN_POINT('',(0.00423193319382111,-0.000116112216364007,0.0186895848443116));
#3498=CARTESIAN_POINT('',(0.00490912524421517,0.,0.0188956288477715));
#3499=CARTESIAN_POINT('',(0.00525,0.,0.019));
#3500=CARTESIAN_POINT('',(0.,-0.0005,0.018));
#3501=CARTESIAN_POINT('',(0.00325,-0.0005,0.018));
#3502=CARTESIAN_POINT('',(0.00325,-0.0005,0.0185));
#3503=CARTESIAN_POINT('',(0.00325,0.,0.0185));
#3504=CARTESIAN_POINT('',(0.00325,0.,0.018));
#3505=CARTESIAN_POINT('',(0.00351132686089345,-0.000407766982807268,0.0185));
#3506=CARTESIAN_POINT('',(0.00348925928134997,0.,0.0184155554992544));
#3507=CARTESIAN_POINT('',(0.00363430423371677,0.,0.0180000000675975));
#3508=CARTESIAN_POINT('',(0.00408668267654674,-0.000165605091531086,0.0186373389535023));
#3509=CARTESIAN_POINT('',(0.00413470188274699,1.89005106436899E-14,0.0184275083864003));
#3510=CARTESIAN_POINT('',(0.00436322253801354,0.,0.0182746778732065));
#3511=CARTESIAN_POINT('',(0.00485742209601535,0.,0.0188797986773266));
#3512=CARTESIAN_POINT('',(0.00490649430129494,-3.4764372503395E-14,0.0188196979859364));
#3513=CARTESIAN_POINT('',(0.00495556662108339,0.,0.0187595973546518));
#3514=CARTESIAN_POINT('',(0.00525,0.,0.019));
#3515=CARTESIAN_POINT('',(0.00525,0.,0.019));
#3516=CARTESIAN_POINT('',(0.00525,0.,0.019));
#3517=CARTESIAN_POINT('',(0.00202840909090909,-0.0075,0.0103022112461315));
#3518=CARTESIAN_POINT('',(0.001625,-0.0075,0.0103816387251266));
#3519=CARTESIAN_POINT('',(0.001625,-0.0075,0.0107927927340425));
#3520=CARTESIAN_POINT('',(0.00202840909939088,-0.00805593340902922,0.0103022112444615));
#3521=CARTESIAN_POINT('',(0.00162500000745557,-0.00794630398722971,0.0103816387240111));
#3522=CARTESIAN_POINT('',(0.001625,-0.00792512554808095,0.0107927927323027));
#3523=CARTESIAN_POINT('',(0.00158902739952133,-0.00916519056881066,0.0104021040538341));
#3524=CARTESIAN_POINT('',(0.00118840915260762,-0.00885074819666654,0.0104522224270129));
#3525=CARTESIAN_POINT('',(0.0012730023454289,-0.00877338102320827,0.0108974423421071));
#3526=CARTESIAN_POINT('',(4.56448927222268E-8,-0.00985517389125814,0.010548988008149));
#3527=CARTESIAN_POINT('',(9.91319923502604E-8,-0.00927250307727012,0.0105256849899518));
#3528=CARTESIAN_POINT('',(3.65669060179138E-8,-0.00930101532860907,0.0110513207704442));
#3529=CARTESIAN_POINT('',(-0.00159021481392876,-0.00916411382270017,0.0104019439055563));
#3530=CARTESIAN_POINT('',(-0.00118941593147652,-0.00884994439414267,0.01045212563387));
#3531=CARTESIAN_POINT('',(-0.00127395360678757,-0.0087725576291239,0.0108972745677212));
#3532=CARTESIAN_POINT('',(-0.00202840909788403,-0.00805560669298683,0.0103022112447582));
#3533=CARTESIAN_POINT('',(-0.00162500000612651,-0.00794604169926274,0.0103816387242095));
#3534=CARTESIAN_POINT('',(-0.001625,-0.0079248757064012,0.0107927927326126));
#3535=CARTESIAN_POINT('',(-0.00202840909090909,-0.0075,0.0103022112461315));
#3536=CARTESIAN_POINT('',(-0.001625,-0.0075,0.0103816387251266));
#3537=CARTESIAN_POINT('',(-0.001625,-0.0075,0.0107927927340425));
#3538=CARTESIAN_POINT('',(-0.002125,-0.0075,0.0107927927340425));
#3539=CARTESIAN_POINT('',(0.002125,-0.0075,0.0107927927340425));
#3540=CARTESIAN_POINT('',(-0.00202840909090909,-0.00250000000000012,0.0103022112461315));
#3541=CARTESIAN_POINT('',(-0.001625,-0.00250000000000009,0.0103816387251266));
#3542=CARTESIAN_POINT('',(-0.001625,-0.00250000000000009,0.0107927927340425));
#3543=CARTESIAN_POINT('',(-0.00202840910257136,-0.00194287916775157,0.0103022112438353));
#3544=CARTESIAN_POINT('',(-0.00162500001025592,-0.00205274274814203,0.010381638723585));
#3545=CARTESIAN_POINT('',(-0.00162500000000002,-0.0020739664223981,0.0107927927316447));
#3546=CARTESIAN_POINT('',(-0.00158651083684216,-0.000832614066109752,0.0104024627599486));
#3547=CARTESIAN_POINT('',(-0.00118631522917589,-0.00114763240160089,0.0104524392038922));
#3548=CARTESIAN_POINT('',(-0.00127098627687987,-0.00122494016820164,0.010897818129466));
#3549=CARTESIAN_POINT('',(-2.80694537023785E-7,-0.000145322051740241,0.0105489138626969));
#3550=CARTESIAN_POINT('',(-4.48439652066059E-7,-0.000727909155869894,0.0105256342795264));
#3551=CARTESIAN_POINT('',(-2.24869350972142E-7,-0.000699363921919007,0.0110512430942559));
#3552=CARTESIAN_POINT('',(0.00159088642192597,-0.000836098182318947,0.0104018817052898));
#3553=CARTESIAN_POINT('',(0.00119001662566137,-0.00115019534814706,0.0104520880286594));
#3554=CARTESIAN_POINT('',(0.00127449164443394,-0.00122760449236148,0.0108972094055372));
#3555=CARTESIAN_POINT('',(0.00202840909475896,-0.001945046769004,0.0103022112453735));
#3556=CARTESIAN_POINT('',(0.00162500000337362,-0.00205448290067295,0.0103816387246241));
#3557=CARTESIAN_POINT('',(0.001625,-0.00207562399982673,0.0107927927332574));
#3558=CARTESIAN_POINT('',(0.00202840909090909,-0.0025,0.0103022112461315));
#3559=CARTESIAN_POINT('',(0.001625,-0.0025,0.0103816387251266));
#3560=CARTESIAN_POINT('',(0.001625,-0.0025,0.0107927927340425));
#3561=CARTESIAN_POINT('',(-0.002125,-0.0025,0.0107927927340425));
#3562=CARTESIAN_POINT('',(0.002125,-0.0025,0.0107927927340425));
#3563=CARTESIAN_POINT('',(-0.002125,-0.0125,0.0107927927340425));
#3564=CARTESIAN_POINT('',(0.002125,-0.0125,0.0107927927340425));
#3565=MECHANICAL_DESIGN_GEOMETRIC_PRESENTATION_REPRESENTATION('',(#1866),
#3566);
#3566=(
GEOMETRIC_REPRESENTATION_CONTEXT(3)
GLOBAL_UNCERTAINTY_ASSIGNED_CONTEXT((#3567))
GLOBAL_UNIT_ASSIGNED_CONTEXT((#3570,#3569,#3568))
REPRESENTATION_CONTEXT('BLOCKS_detector_block',
'TOP_LEVEL_ASSEMBLY_PART')
);
#3567=UNCERTAINTY_MEASURE_WITH_UNIT(LENGTH_MEASURE(2.E-5),#3570,
'DISTANCE_ACCURACY_VALUE','Maximum Tolerance applied to model');
#3568=(
NAMED_UNIT(*)
SI_UNIT($,.STERADIAN.)
SOLID_ANGLE_UNIT()
);
#3569=(
NAMED_UNIT(*)
PLANE_ANGLE_UNIT()
SI_UNIT($,.RADIAN.)
);
#3570=(
LENGTH_UNIT()
NAMED_UNIT(*)
SI_UNIT($,.METRE.)
);
#3571=PRODUCT_DEFINITION_SHAPE('','',#3572);
#3572=PRODUCT_DEFINITION('','',#3574,#3573);
#3573=PRODUCT_DEFINITION_CONTEXT('',#3580,'design');
#3574=PRODUCT_DEFINITION_FORMATION_WITH_SPECIFIED_SOURCE('','',#3576,
 .NOT_KNOWN.);
#3575=PRODUCT_RELATED_PRODUCT_CATEGORY('','',(#3576));
#3576=PRODUCT('BLOCKS_detector_block','BLOCKS_detector_block',
'BLOCKS_detector_block',(#3578));
#3577=PRODUCT_CATEGORY('','');
#3578=PRODUCT_CONTEXT('',#3580,'mechanical');
#3579=APPLICATION_PROTOCOL_DEFINITION('international standard',
'ap242_managed_model_based_3d_engineering',2020,#3580);
#3580=APPLICATION_CONTEXT('managed model based 3d engineering');
ENDSEC;
END-ISO-10303-21;
