ISO-10303-21;
HEADER;
/* Generated by software containing ST-Developer
 * from STEP Tools, Inc. (www.steptools.com) 
 */
/* OPTION: using custom renumber hook */

FILE_DESCRIPTION(
/* description */ ('STEP AP242 Edition 2',
'CAx-IF Rec.Pracs.---Representation and Presentation of Product Manufa
cturing Information (PMI)---4.0---2014-10-13',
'CAx-IF Rec.Pracs.---3D Tessellated Geometry---0.4---2014-09-14','2;1',
'CAx-IF Rec.Pracs.---User Defined Attributes---1.5---2016-08-15'),
/* implementation_level */ '2;1');

FILE_NAME(
/* name */ 'blocks - BLOCKS_spacer_0.8',
/* time_stamp */ '2026-05-16T13:02:44Z',
/* author */ (''),
/* organization */ (''),
/* preprocessor_version */ 'ST-DEVELOPER v20',
/* originating_system */ 'ONSHAPE BY PTC INC, 1.215',
/* authorisation */ '  ');

FILE_SCHEMA (('AP242_MANAGED_MODEL_BASED_3D_ENGINEERING_MIM_LF { 1 0 10303 442 3 1 4 }'));
ENDSEC;

DATA;
#10=SHAPE_REPRESENTATION_RELATIONSHIP('','',#2985,#11);
#11=ADVANCED_BREP_SHAPE_REPRESENTATION('',(#2983),#6767);
#12=TOROIDAL_SURFACE('',#3119,0.0008,0.0002);
#13=TOROIDAL_SURFACE('',#3121,0.0008,0.0002);
#14=TOROIDAL_SURFACE('',#3127,0.000300000000000006,0.0002);
#15=TOROIDAL_SURFACE('',#3129,0.0003,0.0002);
#16=TOROIDAL_SURFACE('',#3135,0.0012,0.0002);
#17=TOROIDAL_SURFACE('',#3137,0.0012,0.0002);
#18=TOROIDAL_SURFACE('',#3143,0.0018,0.0002);
#19=TOROIDAL_SURFACE('',#3145,0.0018,0.0002);
#20=TOROIDAL_SURFACE('',#3151,0.00179999999999998,0.0002);
#21=TOROIDAL_SURFACE('',#3153,0.0018,0.0002);
#22=TOROIDAL_SURFACE('',#3162,0.0008,0.0002);
#23=TOROIDAL_SURFACE('',#3164,0.0008,0.0002);
#24=TOROIDAL_SURFACE('',#3170,0.000300000000000006,0.0002);
#25=TOROIDAL_SURFACE('',#3172,0.0003,0.0002);
#26=TOROIDAL_SURFACE('',#3178,0.0012,0.0002);
#27=TOROIDAL_SURFACE('',#3180,0.0012,0.0002);
#28=TOROIDAL_SURFACE('',#3186,0.0018,0.0002);
#29=TOROIDAL_SURFACE('',#3188,0.0018,0.0002);
#30=TOROIDAL_SURFACE('',#3194,0.00179999999999998,0.0002);
#31=TOROIDAL_SURFACE('',#3196,0.0018,0.0002);
#32=B_SPLINE_SURFACE_WITH_KNOTS('',3,1,((#4178,#4179),(#4180,#4181),(#4182,
#4183),(#4184,#4185),(#4186,#4187),(#4188,#4189),(#4190,#4191)),
 .SURF_OF_LINEAR_EXTRUSION.,.F.,.F.,.F.,(4,1,1,1,4),(2,2),(3.14159265358979,
3.92699081698724,4.71238898038469,5.49778714378214,6.28318530717959),(0.,
1.),.UNSPECIFIED.);
#33=CYLINDRICAL_SURFACE('',#2998,0.0005);
#34=CYLINDRICAL_SURFACE('',#3002,0.001);
#35=CYLINDRICAL_SURFACE('',#3006,0.002);
#36=CYLINDRICAL_SURFACE('',#3010,0.002);
#37=CYLINDRICAL_SURFACE('',#3015,0.00199999999999997);
#38=CYLINDRICAL_SURFACE('',#3019,0.002);
#39=CYLINDRICAL_SURFACE('',#3023,0.001);
#40=CYLINDRICAL_SURFACE('',#3027,0.000500000000000007);
#41=CYLINDRICAL_SURFACE('',#3031,0.001);
#42=CYLINDRICAL_SURFACE('',#3035,0.001);
#43=CYLINDRICAL_SURFACE('',#3057,0.0002);
#44=CYLINDRICAL_SURFACE('',#3065,0.0002);
#45=CYLINDRICAL_SURFACE('',#3106,0.0002);
#46=CYLINDRICAL_SURFACE('',#3114,0.0002);
#47=CYLINDRICAL_SURFACE('',#3116,0.0002);
#48=CYLINDRICAL_SURFACE('',#3123,0.0002);
#49=CYLINDRICAL_SURFACE('',#3125,0.0002);
#50=CYLINDRICAL_SURFACE('',#3131,0.0002);
#51=CYLINDRICAL_SURFACE('',#3133,0.0002);
#52=CYLINDRICAL_SURFACE('',#3139,0.0002);
#53=CYLINDRICAL_SURFACE('',#3141,0.0002);
#54=CYLINDRICAL_SURFACE('',#3147,0.0002);
#55=CYLINDRICAL_SURFACE('',#3149,0.0002);
#56=CYLINDRICAL_SURFACE('',#3155,0.0002);
#57=CYLINDRICAL_SURFACE('',#3157,0.0002);
#58=CYLINDRICAL_SURFACE('',#3159,0.0002);
#59=CYLINDRICAL_SURFACE('',#3166,0.0002);
#60=CYLINDRICAL_SURFACE('',#3168,0.0002);
#61=CYLINDRICAL_SURFACE('',#3174,0.0002);
#62=CYLINDRICAL_SURFACE('',#3176,0.0002);
#63=CYLINDRICAL_SURFACE('',#3182,0.0002);
#64=CYLINDRICAL_SURFACE('',#3184,0.0002);
#65=CYLINDRICAL_SURFACE('',#3190,0.0002);
#66=CYLINDRICAL_SURFACE('',#3192,0.0002);
#67=CYLINDRICAL_SURFACE('',#3198,0.0002);
#68=CYLINDRICAL_SURFACE('',#3200,0.0002);
#69=CYLINDRICAL_SURFACE('',#3203,0.0002);
#70=CYLINDRICAL_SURFACE('',#3211,0.0002);
#71=CYLINDRICAL_SURFACE('',#3213,0.0002);
#72=CYLINDRICAL_SURFACE('',#3221,0.0002);
#73=CIRCLE('',#2988,0.00179999999999998);
#74=CIRCLE('',#2989,0.0018);
#75=CIRCLE('',#2990,0.0012);
#76=CIRCLE('',#2991,0.000300000000000006);
#77=CIRCLE('',#2992,0.0008);
#78=CIRCLE('',#2993,0.0008);
#79=CIRCLE('',#2994,0.0003);
#80=CIRCLE('',#2995,0.0012);
#81=CIRCLE('',#2996,0.0018);
#82=CIRCLE('',#2997,0.0018);
#83=CIRCLE('',#2999,0.0005);
#84=CIRCLE('',#3000,0.0005);
#85=CIRCLE('',#3003,0.001);
#86=CIRCLE('',#3004,0.001);
#87=CIRCLE('',#3007,0.002);
#88=CIRCLE('',#3008,0.002);
#89=CIRCLE('',#3011,0.002);
#90=CIRCLE('',#3012,0.002);
#91=CIRCLE('',#3016,0.00199999999999997);
#92=CIRCLE('',#3017,0.00199999999999997);
#93=CIRCLE('',#3020,0.002);
#94=CIRCLE('',#3021,0.002);
#95=CIRCLE('',#3024,0.001);
#96=CIRCLE('',#3025,0.001);
#97=CIRCLE('',#3028,0.000500000000000007);
#98=CIRCLE('',#3029,0.000500000000000007);
#99=CIRCLE('',#3032,0.001);
#100=CIRCLE('',#3033,0.001);
#101=CIRCLE('',#3036,0.001);
#102=CIRCLE('',#3037,0.001);
#103=CIRCLE('',#3040,0.0018);
#104=CIRCLE('',#3041,0.0018);
#105=CIRCLE('',#3042,0.0012);
#106=CIRCLE('',#3043,0.0003);
#107=CIRCLE('',#3044,0.0008);
#108=CIRCLE('',#3045,0.0008);
#109=CIRCLE('',#3046,0.000300000000000006);
#110=CIRCLE('',#3047,0.0012);
#111=CIRCLE('',#3048,0.0018);
#112=CIRCLE('',#3049,0.00179999999999998);
#113=CIRCLE('',#3056,0.0002);
#114=CIRCLE('',#3058,0.0002);
#115=CIRCLE('',#3059,0.0002);
#116=CIRCLE('',#3060,0.0002);
#117=CIRCLE('',#3061,0.0002);
#118=CIRCLE('',#3062,0.0002);
#119=CIRCLE('',#3063,0.0002);
#120=CIRCLE('',#3064,0.0002);
#121=CIRCLE('',#3066,0.0002);
#122=CIRCLE('',#3067,0.0002);
#123=CIRCLE('',#3068,0.0002);
#124=CIRCLE('',#3069,0.0002);
#125=CIRCLE('',#3070,0.0002);
#126=CIRCLE('',#3071,0.0002);
#127=CIRCLE('',#3072,0.0002);
#128=CIRCLE('',#3073,0.0002);
#129=CIRCLE('',#3074,0.0002);
#130=CIRCLE('',#3075,0.0002);
#131=CIRCLE('',#3076,0.0002);
#132=CIRCLE('',#3077,0.0002);
#133=CIRCLE('',#3078,0.0002);
#134=CIRCLE('',#3079,0.0002);
#135=CIRCLE('',#3080,0.0002);
#136=CIRCLE('',#3081,0.0002);
#137=CIRCLE('',#3082,0.0002);
#138=CIRCLE('',#3083,0.0002);
#139=CIRCLE('',#3084,0.0002);
#140=CIRCLE('',#3085,0.0002);
#141=CIRCLE('',#3086,0.0002);
#142=CIRCLE('',#3087,0.0002);
#143=CIRCLE('',#3088,0.0002);
#144=CIRCLE('',#3089,0.0002);
#145=CIRCLE('',#3090,0.0002);
#146=CIRCLE('',#3091,0.0002);
#147=CIRCLE('',#3092,0.0002);
#148=CIRCLE('',#3093,0.0002);
#149=CIRCLE('',#3094,0.0002);
#150=CIRCLE('',#3095,0.0002);
#151=CIRCLE('',#3096,0.0002);
#152=CIRCLE('',#3097,0.0002);
#153=CIRCLE('',#3098,0.0002);
#154=CIRCLE('',#3099,0.0002);
#155=CIRCLE('',#3100,0.0002);
#156=CIRCLE('',#3101,0.0002);
#157=CIRCLE('',#3102,0.0002);
#158=CIRCLE('',#3103,0.0002);
#159=CIRCLE('',#3104,0.0002);
#160=CIRCLE('',#3105,0.0002);
#161=CIRCLE('',#3107,0.0002);
#162=CIRCLE('',#3108,0.0002);
#163=CIRCLE('',#3109,0.0002);
#164=CIRCLE('',#3110,0.0002);
#165=CIRCLE('',#3111,0.0002);
#166=CIRCLE('',#3112,0.0002);
#167=CIRCLE('',#3113,0.0002);
#168=CIRCLE('',#3115,0.0002);
#169=CIRCLE('',#3117,0.0002);
#170=CIRCLE('',#3118,0.0002);
#171=CIRCLE('',#3120,0.0002);
#172=CIRCLE('',#3122,0.0002);
#173=CIRCLE('',#3124,0.0002);
#174=CIRCLE('',#3126,0.0002);
#175=CIRCLE('',#3128,0.0002);
#176=CIRCLE('',#3130,0.0002);
#177=CIRCLE('',#3132,0.0002);
#178=CIRCLE('',#3134,0.0002);
#179=CIRCLE('',#3136,0.0002);
#180=CIRCLE('',#3138,0.0002);
#181=CIRCLE('',#3140,0.0002);
#182=CIRCLE('',#3142,0.0002);
#183=CIRCLE('',#3144,0.0002);
#184=CIRCLE('',#3146,0.0002);
#185=CIRCLE('',#3148,0.0002);
#186=CIRCLE('',#3150,0.0002);
#187=CIRCLE('',#3152,0.0002);
#188=CIRCLE('',#3154,0.0002);
#189=CIRCLE('',#3156,0.0002);
#190=CIRCLE('',#3158,0.0002);
#191=CIRCLE('',#3160,0.0002);
#192=CIRCLE('',#3161,0.0002);
#193=CIRCLE('',#3163,0.0002);
#194=CIRCLE('',#3165,0.0002);
#195=CIRCLE('',#3167,0.0002);
#196=CIRCLE('',#3169,0.0002);
#197=CIRCLE('',#3171,0.0002);
#198=CIRCLE('',#3173,0.0002);
#199=CIRCLE('',#3175,0.0002);
#200=CIRCLE('',#3177,0.0002);
#201=CIRCLE('',#3179,0.0002);
#202=CIRCLE('',#3181,0.0002);
#203=CIRCLE('',#3183,0.0002);
#204=CIRCLE('',#3185,0.0002);
#205=CIRCLE('',#3187,0.0002);
#206=CIRCLE('',#3189,0.0002);
#207=CIRCLE('',#3191,0.0002);
#208=CIRCLE('',#3193,0.0002);
#209=CIRCLE('',#3195,0.0002);
#210=CIRCLE('',#3197,0.0002);
#211=CIRCLE('',#3199,0.0002);
#212=CIRCLE('',#3201,0.0002);
#213=CIRCLE('',#3202,0.0002);
#214=CIRCLE('',#3204,0.0002);
#215=CIRCLE('',#3205,0.0002);
#216=CIRCLE('',#3206,0.0002);
#217=CIRCLE('',#3207,0.0002);
#218=CIRCLE('',#3208,0.0002);
#219=CIRCLE('',#3209,0.0002);
#220=CIRCLE('',#3210,0.0002);
#221=CIRCLE('',#3212,0.0002);
#222=CIRCLE('',#3214,0.0002);
#223=CIRCLE('',#3215,0.0002);
#224=CIRCLE('',#3216,0.0002);
#225=CIRCLE('',#3217,0.0002);
#226=CIRCLE('',#3218,0.0002);
#227=CIRCLE('',#3219,0.0002);
#228=CIRCLE('',#3220,0.0002);
#229=CIRCLE('',#3222,0.0002);
#230=CIRCLE('',#3223,0.0002);
#231=CIRCLE('',#3224,0.0002);
#232=CIRCLE('',#3225,0.0002);
#233=CIRCLE('',#3226,0.0002);
#234=CIRCLE('',#3227,0.0002);
#235=CIRCLE('',#3228,0.0002);
#236=CIRCLE('',#3229,0.0002);
#237=CIRCLE('',#3230,0.0002);
#238=CIRCLE('',#3231,0.0002);
#239=CIRCLE('',#3232,0.0002);
#240=CIRCLE('',#3233,0.0002);
#241=CIRCLE('',#3234,0.0002);
#242=CIRCLE('',#3235,0.0002);
#243=CIRCLE('',#3236,0.0002);
#244=CIRCLE('',#3237,0.0002);
#245=CIRCLE('',#3238,0.0002);
#246=CIRCLE('',#3239,0.0002);
#247=CIRCLE('',#3240,0.0002);
#248=CIRCLE('',#3241,0.0002);
#249=CIRCLE('',#3242,0.0002);
#250=CIRCLE('',#3243,0.0002);
#251=CIRCLE('',#3244,0.0002);
#252=CIRCLE('',#3245,0.0002);
#253=CIRCLE('',#3246,0.0002);
#254=CIRCLE('',#3247,0.0002);
#255=CIRCLE('',#3248,0.0002);
#256=CIRCLE('',#3249,0.0002);
#257=CIRCLE('',#3250,0.0002);
#258=CIRCLE('',#3251,0.0002);
#259=CIRCLE('',#3252,0.0002);
#260=CIRCLE('',#3253,0.0002);
#261=CIRCLE('',#3254,0.0002);
#262=CIRCLE('',#3255,0.0002);
#263=CIRCLE('',#3256,0.0002);
#264=CIRCLE('',#3257,0.0002);
#265=CIRCLE('',#3258,0.0002);
#266=CIRCLE('',#3259,0.0002);
#267=CIRCLE('',#3260,0.0002);
#268=LINE('',#4040,#346);
#269=LINE('',#4062,#347);
#270=LINE('',#4073,#348);
#271=LINE('',#4088,#349);
#272=LINE('',#4092,#350);
#273=LINE('',#4096,#351);
#274=LINE('',#4100,#352);
#275=LINE('',#4104,#353);
#276=LINE('',#4108,#354);
#277=LINE('',#4112,#355);
#278=LINE('',#4116,#356);
#279=LINE('',#4120,#357);
#280=LINE('',#4124,#358);
#281=LINE('',#4128,#359);
#282=LINE('',#4133,#360);
#283=LINE('',#4137,#361);
#284=LINE('',#4140,#362);
#285=LINE('',#4141,#363);
#286=LINE('',#4143,#364);
#287=LINE('',#4149,#365);
#288=LINE('',#4152,#366);
#289=LINE('',#4153,#367);
#290=LINE('',#4155,#368);
#291=LINE('',#4161,#369);
#292=LINE('',#4164,#370);
#293=LINE('',#4165,#371);
#294=LINE('',#4167,#372);
#295=LINE('',#4173,#373);
#296=LINE('',#4176,#374);
#297=LINE('',#4177,#375);
#298=LINE('',#4192,#376);
#299=LINE('',#4218,#377);
#300=LINE('',#4221,#378);
#301=LINE('',#4222,#379);
#302=LINE('',#4224,#380);
#303=LINE('',#4230,#381);
#304=LINE('',#4233,#382);
#305=LINE('',#4234,#383);
#306=LINE('',#4236,#384);
#307=LINE('',#4242,#385);
#308=LINE('',#4245,#386);
#309=LINE('',#4246,#387);
#310=LINE('',#4248,#388);
#311=LINE('',#4254,#389);
#312=LINE('',#4257,#390);
#313=LINE('',#4258,#391);
#314=LINE('',#4260,#392);
#315=LINE('',#4266,#393);
#316=LINE('',#4269,#394);
#317=LINE('',#4270,#395);
#318=LINE('',#4272,#396);
#319=LINE('',#4278,#397);
#320=LINE('',#4281,#398);
#321=LINE('',#4282,#399);
#322=LINE('',#4284,#400);
#323=LINE('',#4290,#401);
#324=LINE('',#4291,#402);
#325=LINE('',#4293,#403);
#326=LINE('',#4308,#404);
#327=LINE('',#4312,#405);
#328=LINE('',#4316,#406);
#329=LINE('',#4320,#407);
#330=LINE('',#4324,#408);
#331=LINE('',#4328,#409);
#332=LINE('',#4332,#410);
#333=LINE('',#4336,#411);
#334=LINE('',#4340,#412);
#335=LINE('',#4344,#413);
#336=LINE('',#4389,#414);
#337=LINE('',#4412,#415);
#338=LINE('',#4433,#416);
#339=LINE('',#4456,#417);
#340=LINE('',#4691,#418);
#341=LINE('',#4713,#419);
#342=LINE('',#4792,#420);
#343=LINE('',#4927,#421);
#344=LINE('',#5708,#422);
#345=LINE('',#5822,#423);
#346=VECTOR('',#3265,1.);
#347=VECTOR('',#3266,1.);
#348=VECTOR('',#3267,1.);
#349=VECTOR('',#3268,1.);
#350=VECTOR('',#3271,1.);
#351=VECTOR('',#3274,1.);
#352=VECTOR('',#3277,1.);
#353=VECTOR('',#3280,1.);
#354=VECTOR('',#3283,1.);
#355=VECTOR('',#3286,1.);
#356=VECTOR('',#3289,1.);
#357=VECTOR('',#3292,1.);
#358=VECTOR('',#3295,1.);
#359=VECTOR('',#3300,1.);
#360=VECTOR('',#3303,1.);
#361=VECTOR('',#3308,1.);
#362=VECTOR('',#3309,1.);
#363=VECTOR('',#3310,1.);
#364=VECTOR('',#3313,1.);
#365=VECTOR('',#3320,1.);
#366=VECTOR('',#3321,1.);
#367=VECTOR('',#3322,1.);
#368=VECTOR('',#3325,1.);
#369=VECTOR('',#3332,1.);
#370=VECTOR('',#3333,1.);
#371=VECTOR('',#3334,1.);
#372=VECTOR('',#3337,1.);
#373=VECTOR('',#3344,1.);
#374=VECTOR('',#3345,1.);
#375=VECTOR('',#3346,1.);
#376=VECTOR('',#3347,1.);
#377=VECTOR('',#3350,1.);
#378=VECTOR('',#3351,1.);
#379=VECTOR('',#3352,1.);
#380=VECTOR('',#3355,1.);
#381=VECTOR('',#3362,1.);
#382=VECTOR('',#3363,1.);
#383=VECTOR('',#3364,1.);
#384=VECTOR('',#3367,1.);
#385=VECTOR('',#3374,1.);
#386=VECTOR('',#3375,1.);
#387=VECTOR('',#3376,1.);
#388=VECTOR('',#3379,1.);
#389=VECTOR('',#3386,1.);
#390=VECTOR('',#3387,1.);
#391=VECTOR('',#3388,1.);
#392=VECTOR('',#3391,1.);
#393=VECTOR('',#3398,1.);
#394=VECTOR('',#3399,1.);
#395=VECTOR('',#3400,1.);
#396=VECTOR('',#3403,1.);
#397=VECTOR('',#3410,1.);
#398=VECTOR('',#3411,1.);
#399=VECTOR('',#3412,1.);
#400=VECTOR('',#3415,1.);
#401=VECTOR('',#3422,1.);
#402=VECTOR('',#3423,1.);
#403=VECTOR('',#3426,1.);
#404=VECTOR('',#3427,1.);
#405=VECTOR('',#3430,1.);
#406=VECTOR('',#3433,1.);
#407=VECTOR('',#3436,1.);
#408=VECTOR('',#3439,1.);
#409=VECTOR('',#3442,1.);
#410=VECTOR('',#3445,1.);
#411=VECTOR('',#3448,1.);
#412=VECTOR('',#3451,1.);
#413=VECTOR('',#3454,1.);
#414=VECTOR('',#3461,1.);
#415=VECTOR('',#3462,1.);
#416=VECTOR('',#3463,1.);
#417=VECTOR('',#3464,1.);
#418=VECTOR('',#3471,1.);
#419=VECTOR('',#3472,1.);
#420=VECTOR('',#3479,1.);
#421=VECTOR('',#3496,1.);
#422=VECTOR('',#3579,1.);
#423=VECTOR('',#3598,1.);
#424=PLANE('',#2987);
#425=PLANE('',#3001);
#426=PLANE('',#3005);
#427=PLANE('',#3009);
#428=PLANE('',#3013);
#429=PLANE('',#3014);
#430=PLANE('',#3018);
#431=PLANE('',#3022);
#432=PLANE('',#3026);
#433=PLANE('',#3030);
#434=PLANE('',#3034);
#435=PLANE('',#3038);
#436=PLANE('',#3039);
#437=PLANE('',#3050);
#438=PLANE('',#3051);
#439=PLANE('',#3052);
#440=PLANE('',#3053);
#441=PLANE('',#3054);
#442=PLANE('',#3055);
#443=ORIENTED_EDGE('',*,*,#1355,.F.);
#444=ORIENTED_EDGE('',*,*,#1356,.F.);
#445=ORIENTED_EDGE('',*,*,#1357,.T.);
#446=ORIENTED_EDGE('',*,*,#1358,.T.);
#447=ORIENTED_EDGE('',*,*,#1359,.T.);
#448=ORIENTED_EDGE('',*,*,#1360,.T.);
#449=ORIENTED_EDGE('',*,*,#1361,.T.);
#450=ORIENTED_EDGE('',*,*,#1362,.T.);
#451=ORIENTED_EDGE('',*,*,#1363,.T.);
#452=ORIENTED_EDGE('',*,*,#1364,.T.);
#453=ORIENTED_EDGE('',*,*,#1365,.T.);
#454=ORIENTED_EDGE('',*,*,#1366,.T.);
#455=ORIENTED_EDGE('',*,*,#1367,.T.);
#456=ORIENTED_EDGE('',*,*,#1368,.T.);
#457=ORIENTED_EDGE('',*,*,#1369,.T.);
#458=ORIENTED_EDGE('',*,*,#1370,.T.);
#459=ORIENTED_EDGE('',*,*,#1371,.T.);
#460=ORIENTED_EDGE('',*,*,#1372,.T.);
#461=ORIENTED_EDGE('',*,*,#1373,.T.);
#462=ORIENTED_EDGE('',*,*,#1374,.T.);
#463=ORIENTED_EDGE('',*,*,#1375,.T.);
#464=ORIENTED_EDGE('',*,*,#1376,.T.);
#465=ORIENTED_EDGE('',*,*,#1377,.T.);
#466=ORIENTED_EDGE('',*,*,#1378,.T.);
#467=ORIENTED_EDGE('',*,*,#1379,.T.);
#468=ORIENTED_EDGE('',*,*,#1380,.T.);
#469=ORIENTED_EDGE('',*,*,#1381,.T.);
#470=ORIENTED_EDGE('',*,*,#1382,.T.);
#471=ORIENTED_EDGE('',*,*,#1383,.T.);
#472=ORIENTED_EDGE('',*,*,#1384,.T.);
#473=ORIENTED_EDGE('',*,*,#1385,.T.);
#474=ORIENTED_EDGE('',*,*,#1386,.T.);
#475=ORIENTED_EDGE('',*,*,#1387,.T.);
#476=ORIENTED_EDGE('',*,*,#1388,.T.);
#477=ORIENTED_EDGE('',*,*,#1389,.T.);
#478=ORIENTED_EDGE('',*,*,#1390,.T.);
#479=ORIENTED_EDGE('',*,*,#1391,.T.);
#480=ORIENTED_EDGE('',*,*,#1392,.T.);
#481=ORIENTED_EDGE('',*,*,#1393,.T.);
#482=ORIENTED_EDGE('',*,*,#1394,.T.);
#483=ORIENTED_EDGE('',*,*,#1395,.T.);
#484=ORIENTED_EDGE('',*,*,#1396,.T.);
#485=ORIENTED_EDGE('',*,*,#1397,.T.);
#486=ORIENTED_EDGE('',*,*,#1398,.T.);
#487=ORIENTED_EDGE('',*,*,#1399,.T.);
#488=ORIENTED_EDGE('',*,*,#1400,.T.);
#489=ORIENTED_EDGE('',*,*,#1401,.T.);
#490=ORIENTED_EDGE('',*,*,#1402,.T.);
#491=ORIENTED_EDGE('',*,*,#1403,.T.);
#492=ORIENTED_EDGE('',*,*,#1404,.T.);
#493=ORIENTED_EDGE('',*,*,#1405,.T.);
#494=ORIENTED_EDGE('',*,*,#1406,.T.);
#495=ORIENTED_EDGE('',*,*,#1407,.T.);
#496=ORIENTED_EDGE('',*,*,#1408,.T.);
#497=ORIENTED_EDGE('',*,*,#1409,.T.);
#498=ORIENTED_EDGE('',*,*,#1410,.T.);
#499=ORIENTED_EDGE('',*,*,#1411,.T.);
#500=ORIENTED_EDGE('',*,*,#1412,.T.);
#501=ORIENTED_EDGE('',*,*,#1413,.T.);
#502=ORIENTED_EDGE('',*,*,#1414,.T.);
#503=ORIENTED_EDGE('',*,*,#1415,.F.);
#504=ORIENTED_EDGE('',*,*,#1416,.T.);
#505=ORIENTED_EDGE('',*,*,#1417,.T.);
#506=ORIENTED_EDGE('',*,*,#1418,.T.);
#507=ORIENTED_EDGE('',*,*,#1413,.F.);
#508=ORIENTED_EDGE('',*,*,#1419,.T.);
#509=ORIENTED_EDGE('',*,*,#1420,.T.);
#510=ORIENTED_EDGE('',*,*,#1421,.T.);
#511=ORIENTED_EDGE('',*,*,#1417,.F.);
#512=ORIENTED_EDGE('',*,*,#1422,.T.);
#513=ORIENTED_EDGE('',*,*,#1423,.T.);
#514=ORIENTED_EDGE('',*,*,#1424,.T.);
#515=ORIENTED_EDGE('',*,*,#1420,.F.);
#516=ORIENTED_EDGE('',*,*,#1425,.T.);
#517=ORIENTED_EDGE('',*,*,#1426,.T.);
#518=ORIENTED_EDGE('',*,*,#1427,.T.);
#519=ORIENTED_EDGE('',*,*,#1423,.F.);
#520=ORIENTED_EDGE('',*,*,#1428,.T.);
#521=ORIENTED_EDGE('',*,*,#1429,.T.);
#522=ORIENTED_EDGE('',*,*,#1430,.T.);
#523=ORIENTED_EDGE('',*,*,#1426,.F.);
#524=ORIENTED_EDGE('',*,*,#1431,.T.);
#525=ORIENTED_EDGE('',*,*,#1432,.T.);
#526=ORIENTED_EDGE('',*,*,#1433,.T.);
#527=ORIENTED_EDGE('',*,*,#1429,.F.);
#528=ORIENTED_EDGE('',*,*,#1434,.T.);
#529=ORIENTED_EDGE('',*,*,#1435,.T.);
#530=ORIENTED_EDGE('',*,*,#1436,.T.);
#531=ORIENTED_EDGE('',*,*,#1432,.F.);
#532=ORIENTED_EDGE('',*,*,#1437,.T.);
#533=ORIENTED_EDGE('',*,*,#1438,.T.);
#534=ORIENTED_EDGE('',*,*,#1439,.T.);
#535=ORIENTED_EDGE('',*,*,#1435,.F.);
#536=ORIENTED_EDGE('',*,*,#1440,.T.);
#537=ORIENTED_EDGE('',*,*,#1441,.T.);
#538=ORIENTED_EDGE('',*,*,#1442,.T.);
#539=ORIENTED_EDGE('',*,*,#1438,.F.);
#540=ORIENTED_EDGE('',*,*,#1443,.T.);
#541=ORIENTED_EDGE('',*,*,#1444,.T.);
#542=ORIENTED_EDGE('',*,*,#1445,.T.);
#543=ORIENTED_EDGE('',*,*,#1441,.F.);
#544=ORIENTED_EDGE('',*,*,#1446,.T.);
#545=ORIENTED_EDGE('',*,*,#1447,.T.);
#546=ORIENTED_EDGE('',*,*,#1448,.T.);
#547=ORIENTED_EDGE('',*,*,#1444,.F.);
#548=ORIENTED_EDGE('',*,*,#1449,.T.);
#549=ORIENTED_EDGE('',*,*,#1450,.T.);
#550=ORIENTED_EDGE('',*,*,#1451,.T.);
#551=ORIENTED_EDGE('',*,*,#1447,.F.);
#552=ORIENTED_EDGE('',*,*,#1452,.T.);
#553=ORIENTED_EDGE('',*,*,#1453,.T.);
#554=ORIENTED_EDGE('',*,*,#1454,.T.);
#555=ORIENTED_EDGE('',*,*,#1450,.F.);
#556=ORIENTED_EDGE('',*,*,#1455,.T.);
#557=ORIENTED_EDGE('',*,*,#1456,.T.);
#558=ORIENTED_EDGE('',*,*,#1457,.T.);
#559=ORIENTED_EDGE('',*,*,#1453,.F.);
#560=ORIENTED_EDGE('',*,*,#1458,.T.);
#561=ORIENTED_EDGE('',*,*,#1459,.T.);
#562=ORIENTED_EDGE('',*,*,#1460,.T.);
#563=ORIENTED_EDGE('',*,*,#1456,.F.);
#564=ORIENTED_EDGE('',*,*,#1461,.T.);
#565=ORIENTED_EDGE('',*,*,#1462,.T.);
#566=ORIENTED_EDGE('',*,*,#1463,.T.);
#567=ORIENTED_EDGE('',*,*,#1459,.F.);
#568=ORIENTED_EDGE('',*,*,#1464,.T.);
#569=ORIENTED_EDGE('',*,*,#1465,.T.);
#570=ORIENTED_EDGE('',*,*,#1466,.T.);
#571=ORIENTED_EDGE('',*,*,#1462,.F.);
#572=ORIENTED_EDGE('',*,*,#1467,.T.);
#573=ORIENTED_EDGE('',*,*,#1468,.T.);
#574=ORIENTED_EDGE('',*,*,#1469,.T.);
#575=ORIENTED_EDGE('',*,*,#1465,.F.);
#576=ORIENTED_EDGE('',*,*,#1470,.T.);
#577=ORIENTED_EDGE('',*,*,#1471,.T.);
#578=ORIENTED_EDGE('',*,*,#1472,.T.);
#579=ORIENTED_EDGE('',*,*,#1468,.F.);
#580=ORIENTED_EDGE('',*,*,#1473,.T.);
#581=ORIENTED_EDGE('',*,*,#1474,.T.);
#582=ORIENTED_EDGE('',*,*,#1475,.T.);
#583=ORIENTED_EDGE('',*,*,#1471,.F.);
#584=ORIENTED_EDGE('',*,*,#1476,.T.);
#585=ORIENTED_EDGE('',*,*,#1415,.T.);
#586=ORIENTED_EDGE('',*,*,#1477,.T.);
#587=ORIENTED_EDGE('',*,*,#1474,.F.);
#588=ORIENTED_EDGE('',*,*,#1478,.T.);
#589=ORIENTED_EDGE('',*,*,#1479,.T.);
#590=ORIENTED_EDGE('',*,*,#1480,.T.);
#591=ORIENTED_EDGE('',*,*,#1481,.T.);
#592=ORIENTED_EDGE('',*,*,#1482,.T.);
#593=ORIENTED_EDGE('',*,*,#1483,.T.);
#594=ORIENTED_EDGE('',*,*,#1484,.T.);
#595=ORIENTED_EDGE('',*,*,#1485,.T.);
#596=ORIENTED_EDGE('',*,*,#1486,.T.);
#597=ORIENTED_EDGE('',*,*,#1487,.T.);
#598=ORIENTED_EDGE('',*,*,#1488,.T.);
#599=ORIENTED_EDGE('',*,*,#1489,.T.);
#600=ORIENTED_EDGE('',*,*,#1490,.T.);
#601=ORIENTED_EDGE('',*,*,#1491,.T.);
#602=ORIENTED_EDGE('',*,*,#1492,.T.);
#603=ORIENTED_EDGE('',*,*,#1493,.T.);
#604=ORIENTED_EDGE('',*,*,#1494,.T.);
#605=ORIENTED_EDGE('',*,*,#1495,.T.);
#606=ORIENTED_EDGE('',*,*,#1496,.T.);
#607=ORIENTED_EDGE('',*,*,#1497,.T.);
#608=ORIENTED_EDGE('',*,*,#1498,.T.);
#609=ORIENTED_EDGE('',*,*,#1499,.T.);
#610=ORIENTED_EDGE('',*,*,#1500,.T.);
#611=ORIENTED_EDGE('',*,*,#1501,.T.);
#612=ORIENTED_EDGE('',*,*,#1502,.T.);
#613=ORIENTED_EDGE('',*,*,#1503,.T.);
#614=ORIENTED_EDGE('',*,*,#1504,.T.);
#615=ORIENTED_EDGE('',*,*,#1505,.T.);
#616=ORIENTED_EDGE('',*,*,#1506,.T.);
#617=ORIENTED_EDGE('',*,*,#1507,.T.);
#618=ORIENTED_EDGE('',*,*,#1508,.T.);
#619=ORIENTED_EDGE('',*,*,#1509,.T.);
#620=ORIENTED_EDGE('',*,*,#1510,.T.);
#621=ORIENTED_EDGE('',*,*,#1511,.T.);
#622=ORIENTED_EDGE('',*,*,#1512,.T.);
#623=ORIENTED_EDGE('',*,*,#1513,.T.);
#624=ORIENTED_EDGE('',*,*,#1514,.T.);
#625=ORIENTED_EDGE('',*,*,#1515,.T.);
#626=ORIENTED_EDGE('',*,*,#1516,.T.);
#627=ORIENTED_EDGE('',*,*,#1517,.T.);
#628=ORIENTED_EDGE('',*,*,#1518,.T.);
#629=ORIENTED_EDGE('',*,*,#1519,.T.);
#630=ORIENTED_EDGE('',*,*,#1520,.T.);
#631=ORIENTED_EDGE('',*,*,#1521,.T.);
#632=ORIENTED_EDGE('',*,*,#1522,.T.);
#633=ORIENTED_EDGE('',*,*,#1523,.T.);
#634=ORIENTED_EDGE('',*,*,#1524,.T.);
#635=ORIENTED_EDGE('',*,*,#1525,.T.);
#636=ORIENTED_EDGE('',*,*,#1526,.T.);
#637=ORIENTED_EDGE('',*,*,#1527,.T.);
#638=ORIENTED_EDGE('',*,*,#1528,.T.);
#639=ORIENTED_EDGE('',*,*,#1529,.T.);
#640=ORIENTED_EDGE('',*,*,#1530,.T.);
#641=ORIENTED_EDGE('',*,*,#1531,.T.);
#642=ORIENTED_EDGE('',*,*,#1532,.T.);
#643=ORIENTED_EDGE('',*,*,#1533,.T.);
#644=ORIENTED_EDGE('',*,*,#1534,.T.);
#645=ORIENTED_EDGE('',*,*,#1535,.T.);
#646=ORIENTED_EDGE('',*,*,#1536,.T.);
#647=ORIENTED_EDGE('',*,*,#1537,.T.);
#648=ORIENTED_EDGE('',*,*,#1538,.T.);
#649=ORIENTED_EDGE('',*,*,#1539,.T.);
#650=ORIENTED_EDGE('',*,*,#1540,.T.);
#651=ORIENTED_EDGE('',*,*,#1541,.T.);
#652=ORIENTED_EDGE('',*,*,#1542,.T.);
#653=ORIENTED_EDGE('',*,*,#1543,.T.);
#654=ORIENTED_EDGE('',*,*,#1544,.T.);
#655=ORIENTED_EDGE('',*,*,#1545,.T.);
#656=ORIENTED_EDGE('',*,*,#1546,.T.);
#657=ORIENTED_EDGE('',*,*,#1547,.T.);
#658=ORIENTED_EDGE('',*,*,#1548,.T.);
#659=ORIENTED_EDGE('',*,*,#1549,.T.);
#660=ORIENTED_EDGE('',*,*,#1550,.T.);
#661=ORIENTED_EDGE('',*,*,#1551,.T.);
#662=ORIENTED_EDGE('',*,*,#1552,.T.);
#663=ORIENTED_EDGE('',*,*,#1553,.T.);
#664=ORIENTED_EDGE('',*,*,#1554,.T.);
#665=ORIENTED_EDGE('',*,*,#1555,.T.);
#666=ORIENTED_EDGE('',*,*,#1556,.T.);
#667=ORIENTED_EDGE('',*,*,#1557,.T.);
#668=ORIENTED_EDGE('',*,*,#1558,.T.);
#669=ORIENTED_EDGE('',*,*,#1559,.T.);
#670=ORIENTED_EDGE('',*,*,#1560,.T.);
#671=ORIENTED_EDGE('',*,*,#1561,.T.);
#672=ORIENTED_EDGE('',*,*,#1562,.T.);
#673=ORIENTED_EDGE('',*,*,#1563,.T.);
#674=ORIENTED_EDGE('',*,*,#1564,.T.);
#675=ORIENTED_EDGE('',*,*,#1565,.T.);
#676=ORIENTED_EDGE('',*,*,#1566,.T.);
#677=ORIENTED_EDGE('',*,*,#1567,.T.);
#678=ORIENTED_EDGE('',*,*,#1568,.T.);
#679=ORIENTED_EDGE('',*,*,#1569,.T.);
#680=ORIENTED_EDGE('',*,*,#1570,.T.);
#681=ORIENTED_EDGE('',*,*,#1571,.T.);
#682=ORIENTED_EDGE('',*,*,#1572,.T.);
#683=ORIENTED_EDGE('',*,*,#1573,.T.);
#684=ORIENTED_EDGE('',*,*,#1574,.T.);
#685=ORIENTED_EDGE('',*,*,#1575,.T.);
#686=ORIENTED_EDGE('',*,*,#1576,.T.);
#687=ORIENTED_EDGE('',*,*,#1577,.T.);
#688=ORIENTED_EDGE('',*,*,#1578,.T.);
#689=ORIENTED_EDGE('',*,*,#1579,.T.);
#690=ORIENTED_EDGE('',*,*,#1580,.T.);
#691=ORIENTED_EDGE('',*,*,#1581,.T.);
#692=ORIENTED_EDGE('',*,*,#1582,.T.);
#693=ORIENTED_EDGE('',*,*,#1583,.T.);
#694=ORIENTED_EDGE('',*,*,#1584,.T.);
#695=ORIENTED_EDGE('',*,*,#1585,.T.);
#696=ORIENTED_EDGE('',*,*,#1586,.T.);
#697=ORIENTED_EDGE('',*,*,#1587,.F.);
#698=ORIENTED_EDGE('',*,*,#1588,.T.);
#699=ORIENTED_EDGE('',*,*,#1589,.F.);
#700=ORIENTED_EDGE('',*,*,#1575,.F.);
#701=ORIENTED_EDGE('',*,*,#1589,.T.);
#702=ORIENTED_EDGE('',*,*,#1590,.T.);
#703=ORIENTED_EDGE('',*,*,#1591,.F.);
#704=ORIENTED_EDGE('',*,*,#1576,.F.);
#705=ORIENTED_EDGE('',*,*,#1592,.F.);
#706=ORIENTED_EDGE('',*,*,#1593,.T.);
#707=ORIENTED_EDGE('',*,*,#1587,.T.);
#708=ORIENTED_EDGE('',*,*,#1574,.F.);
#709=ORIENTED_EDGE('',*,*,#1591,.T.);
#710=ORIENTED_EDGE('',*,*,#1594,.T.);
#711=ORIENTED_EDGE('',*,*,#1595,.F.);
#712=ORIENTED_EDGE('',*,*,#1577,.F.);
#713=ORIENTED_EDGE('',*,*,#1596,.F.);
#714=ORIENTED_EDGE('',*,*,#1597,.T.);
#715=ORIENTED_EDGE('',*,*,#1592,.T.);
#716=ORIENTED_EDGE('',*,*,#1573,.F.);
#717=ORIENTED_EDGE('',*,*,#1595,.T.);
#718=ORIENTED_EDGE('',*,*,#1598,.T.);
#719=ORIENTED_EDGE('',*,*,#1599,.F.);
#720=ORIENTED_EDGE('',*,*,#1578,.F.);
#721=ORIENTED_EDGE('',*,*,#1600,.F.);
#722=ORIENTED_EDGE('',*,*,#1601,.T.);
#723=ORIENTED_EDGE('',*,*,#1596,.T.);
#724=ORIENTED_EDGE('',*,*,#1572,.F.);
#725=ORIENTED_EDGE('',*,*,#1599,.T.);
#726=ORIENTED_EDGE('',*,*,#1602,.T.);
#727=ORIENTED_EDGE('',*,*,#1603,.F.);
#728=ORIENTED_EDGE('',*,*,#1569,.F.);
#729=ORIENTED_EDGE('',*,*,#1604,.F.);
#730=ORIENTED_EDGE('',*,*,#1605,.T.);
#731=ORIENTED_EDGE('',*,*,#1600,.T.);
#732=ORIENTED_EDGE('',*,*,#1571,.F.);
#733=ORIENTED_EDGE('',*,*,#1603,.T.);
#734=ORIENTED_EDGE('',*,*,#1606,.T.);
#735=ORIENTED_EDGE('',*,*,#1604,.T.);
#736=ORIENTED_EDGE('',*,*,#1570,.F.);
#737=ORIENTED_EDGE('',*,*,#1607,.F.);
#738=ORIENTED_EDGE('',*,*,#1608,.T.);
#739=ORIENTED_EDGE('',*,*,#1609,.F.);
#740=ORIENTED_EDGE('',*,*,#1566,.F.);
#741=ORIENTED_EDGE('',*,*,#1609,.T.);
#742=ORIENTED_EDGE('',*,*,#1610,.T.);
#743=ORIENTED_EDGE('',*,*,#1611,.F.);
#744=ORIENTED_EDGE('',*,*,#1567,.F.);
#745=ORIENTED_EDGE('',*,*,#1612,.F.);
#746=ORIENTED_EDGE('',*,*,#1613,.T.);
#747=ORIENTED_EDGE('',*,*,#1607,.T.);
#748=ORIENTED_EDGE('',*,*,#1565,.F.);
#749=ORIENTED_EDGE('',*,*,#1611,.T.);
#750=ORIENTED_EDGE('',*,*,#1614,.T.);
#751=ORIENTED_EDGE('',*,*,#1615,.F.);
#752=ORIENTED_EDGE('',*,*,#1568,.F.);
#753=ORIENTED_EDGE('',*,*,#1616,.F.);
#754=ORIENTED_EDGE('',*,*,#1617,.T.);
#755=ORIENTED_EDGE('',*,*,#1612,.T.);
#756=ORIENTED_EDGE('',*,*,#1564,.F.);
#757=ORIENTED_EDGE('',*,*,#1615,.T.);
#758=ORIENTED_EDGE('',*,*,#1618,.T.);
#759=ORIENTED_EDGE('',*,*,#1619,.F.);
#760=ORIENTED_EDGE('',*,*,#1561,.F.);
#761=ORIENTED_EDGE('',*,*,#1620,.F.);
#762=ORIENTED_EDGE('',*,*,#1621,.T.);
#763=ORIENTED_EDGE('',*,*,#1616,.T.);
#764=ORIENTED_EDGE('',*,*,#1563,.F.);
#765=ORIENTED_EDGE('',*,*,#1619,.T.);
#766=ORIENTED_EDGE('',*,*,#1622,.T.);
#767=ORIENTED_EDGE('',*,*,#1620,.T.);
#768=ORIENTED_EDGE('',*,*,#1562,.F.);
#769=ORIENTED_EDGE('',*,*,#1623,.F.);
#770=ORIENTED_EDGE('',*,*,#1624,.T.);
#771=ORIENTED_EDGE('',*,*,#1625,.F.);
#772=ORIENTED_EDGE('',*,*,#1584,.F.);
#773=ORIENTED_EDGE('',*,*,#1625,.T.);
#774=ORIENTED_EDGE('',*,*,#1626,.T.);
#775=ORIENTED_EDGE('',*,*,#1627,.F.);
#776=ORIENTED_EDGE('',*,*,#1585,.F.);
#777=ORIENTED_EDGE('',*,*,#1628,.F.);
#778=ORIENTED_EDGE('',*,*,#1629,.T.);
#779=ORIENTED_EDGE('',*,*,#1623,.T.);
#780=ORIENTED_EDGE('',*,*,#1583,.F.);
#781=ORIENTED_EDGE('',*,*,#1627,.T.);
#782=ORIENTED_EDGE('',*,*,#1630,.T.);
#783=ORIENTED_EDGE('',*,*,#1631,.F.);
#784=ORIENTED_EDGE('',*,*,#1586,.F.);
#785=ORIENTED_EDGE('',*,*,#1632,.F.);
#786=ORIENTED_EDGE('',*,*,#1633,.T.);
#787=ORIENTED_EDGE('',*,*,#1628,.T.);
#788=ORIENTED_EDGE('',*,*,#1582,.F.);
#789=ORIENTED_EDGE('',*,*,#1631,.T.);
#790=ORIENTED_EDGE('',*,*,#1634,.T.);
#791=ORIENTED_EDGE('',*,*,#1635,.F.);
#792=ORIENTED_EDGE('',*,*,#1579,.F.);
#793=ORIENTED_EDGE('',*,*,#1636,.F.);
#794=ORIENTED_EDGE('',*,*,#1637,.T.);
#795=ORIENTED_EDGE('',*,*,#1632,.T.);
#796=ORIENTED_EDGE('',*,*,#1581,.F.);
#797=ORIENTED_EDGE('',*,*,#1635,.T.);
#798=ORIENTED_EDGE('',*,*,#1638,.T.);
#799=ORIENTED_EDGE('',*,*,#1636,.T.);
#800=ORIENTED_EDGE('',*,*,#1580,.F.);
#801=ORIENTED_EDGE('',*,*,#1639,.F.);
#802=ORIENTED_EDGE('',*,*,#1640,.T.);
#803=ORIENTED_EDGE('',*,*,#1641,.F.);
#804=ORIENTED_EDGE('',*,*,#1366,.F.);
#805=ORIENTED_EDGE('',*,*,#1641,.T.);
#806=ORIENTED_EDGE('',*,*,#1642,.T.);
#807=ORIENTED_EDGE('',*,*,#1643,.F.);
#808=ORIENTED_EDGE('',*,*,#1367,.F.);
#809=ORIENTED_EDGE('',*,*,#1644,.F.);
#810=ORIENTED_EDGE('',*,*,#1645,.T.);
#811=ORIENTED_EDGE('',*,*,#1639,.T.);
#812=ORIENTED_EDGE('',*,*,#1365,.F.);
#813=ORIENTED_EDGE('',*,*,#1643,.T.);
#814=ORIENTED_EDGE('',*,*,#1646,.T.);
#815=ORIENTED_EDGE('',*,*,#1647,.F.);
#816=ORIENTED_EDGE('',*,*,#1368,.F.);
#817=ORIENTED_EDGE('',*,*,#1648,.F.);
#818=ORIENTED_EDGE('',*,*,#1649,.T.);
#819=ORIENTED_EDGE('',*,*,#1644,.T.);
#820=ORIENTED_EDGE('',*,*,#1364,.F.);
#821=ORIENTED_EDGE('',*,*,#1647,.T.);
#822=ORIENTED_EDGE('',*,*,#1650,.T.);
#823=ORIENTED_EDGE('',*,*,#1651,.F.);
#824=ORIENTED_EDGE('',*,*,#1369,.F.);
#825=ORIENTED_EDGE('',*,*,#1652,.F.);
#826=ORIENTED_EDGE('',*,*,#1653,.T.);
#827=ORIENTED_EDGE('',*,*,#1648,.T.);
#828=ORIENTED_EDGE('',*,*,#1363,.F.);
#829=ORIENTED_EDGE('',*,*,#1651,.T.);
#830=ORIENTED_EDGE('',*,*,#1654,.T.);
#831=ORIENTED_EDGE('',*,*,#1655,.F.);
#832=ORIENTED_EDGE('',*,*,#1370,.F.);
#833=ORIENTED_EDGE('',*,*,#1656,.F.);
#834=ORIENTED_EDGE('',*,*,#1657,.T.);
#835=ORIENTED_EDGE('',*,*,#1652,.T.);
#836=ORIENTED_EDGE('',*,*,#1362,.F.);
#837=ORIENTED_EDGE('',*,*,#1655,.T.);
#838=ORIENTED_EDGE('',*,*,#1658,.T.);
#839=ORIENTED_EDGE('',*,*,#1659,.F.);
#840=ORIENTED_EDGE('',*,*,#1371,.F.);
#841=ORIENTED_EDGE('',*,*,#1660,.F.);
#842=ORIENTED_EDGE('',*,*,#1661,.T.);
#843=ORIENTED_EDGE('',*,*,#1656,.T.);
#844=ORIENTED_EDGE('',*,*,#1361,.F.);
#845=ORIENTED_EDGE('',*,*,#1659,.T.);
#846=ORIENTED_EDGE('',*,*,#1662,.T.);
#847=ORIENTED_EDGE('',*,*,#1663,.F.);
#848=ORIENTED_EDGE('',*,*,#1372,.F.);
#849=ORIENTED_EDGE('',*,*,#1664,.F.);
#850=ORIENTED_EDGE('',*,*,#1665,.T.);
#851=ORIENTED_EDGE('',*,*,#1660,.T.);
#852=ORIENTED_EDGE('',*,*,#1360,.F.);
#853=ORIENTED_EDGE('',*,*,#1663,.T.);
#854=ORIENTED_EDGE('',*,*,#1666,.T.);
#855=ORIENTED_EDGE('',*,*,#1667,.F.);
#856=ORIENTED_EDGE('',*,*,#1357,.F.);
#857=ORIENTED_EDGE('',*,*,#1668,.F.);
#858=ORIENTED_EDGE('',*,*,#1669,.T.);
#859=ORIENTED_EDGE('',*,*,#1664,.T.);
#860=ORIENTED_EDGE('',*,*,#1359,.F.);
#861=ORIENTED_EDGE('',*,*,#1667,.T.);
#862=ORIENTED_EDGE('',*,*,#1670,.T.);
#863=ORIENTED_EDGE('',*,*,#1668,.T.);
#864=ORIENTED_EDGE('',*,*,#1358,.F.);
#865=ORIENTED_EDGE('',*,*,#1671,.F.);
#866=ORIENTED_EDGE('',*,*,#1672,.T.);
#867=ORIENTED_EDGE('',*,*,#1673,.F.);
#868=ORIENTED_EDGE('',*,*,#1378,.F.);
#869=ORIENTED_EDGE('',*,*,#1673,.T.);
#870=ORIENTED_EDGE('',*,*,#1674,.T.);
#871=ORIENTED_EDGE('',*,*,#1675,.F.);
#872=ORIENTED_EDGE('',*,*,#1379,.F.);
#873=ORIENTED_EDGE('',*,*,#1676,.F.);
#874=ORIENTED_EDGE('',*,*,#1677,.T.);
#875=ORIENTED_EDGE('',*,*,#1671,.T.);
#876=ORIENTED_EDGE('',*,*,#1377,.F.);
#877=ORIENTED_EDGE('',*,*,#1675,.T.);
#878=ORIENTED_EDGE('',*,*,#1678,.T.);
#879=ORIENTED_EDGE('',*,*,#1679,.F.);
#880=ORIENTED_EDGE('',*,*,#1380,.F.);
#881=ORIENTED_EDGE('',*,*,#1680,.F.);
#882=ORIENTED_EDGE('',*,*,#1681,.T.);
#883=ORIENTED_EDGE('',*,*,#1676,.T.);
#884=ORIENTED_EDGE('',*,*,#1376,.F.);
#885=ORIENTED_EDGE('',*,*,#1679,.T.);
#886=ORIENTED_EDGE('',*,*,#1682,.T.);
#887=ORIENTED_EDGE('',*,*,#1683,.F.);
#888=ORIENTED_EDGE('',*,*,#1373,.F.);
#889=ORIENTED_EDGE('',*,*,#1684,.F.);
#890=ORIENTED_EDGE('',*,*,#1685,.T.);
#891=ORIENTED_EDGE('',*,*,#1680,.T.);
#892=ORIENTED_EDGE('',*,*,#1375,.F.);
#893=ORIENTED_EDGE('',*,*,#1683,.T.);
#894=ORIENTED_EDGE('',*,*,#1686,.T.);
#895=ORIENTED_EDGE('',*,*,#1684,.T.);
#896=ORIENTED_EDGE('',*,*,#1374,.F.);
#897=ORIENTED_EDGE('',*,*,#1687,.F.);
#898=ORIENTED_EDGE('',*,*,#1688,.T.);
#899=ORIENTED_EDGE('',*,*,#1355,.T.);
#900=ORIENTED_EDGE('',*,*,#1689,.F.);
#901=ORIENTED_EDGE('',*,*,#1387,.F.);
#902=ORIENTED_EDGE('',*,*,#1689,.T.);
#903=ORIENTED_EDGE('',*,*,#1690,.T.);
#904=ORIENTED_EDGE('',*,*,#1691,.F.);
#905=ORIENTED_EDGE('',*,*,#1388,.F.);
#906=ORIENTED_EDGE('',*,*,#1692,.F.);
#907=ORIENTED_EDGE('',*,*,#1693,.T.);
#908=ORIENTED_EDGE('',*,*,#1687,.T.);
#909=ORIENTED_EDGE('',*,*,#1386,.F.);
#910=ORIENTED_EDGE('',*,*,#1691,.T.);
#911=ORIENTED_EDGE('',*,*,#1694,.T.);
#912=ORIENTED_EDGE('',*,*,#1695,.F.);
#913=ORIENTED_EDGE('',*,*,#1389,.F.);
#914=ORIENTED_EDGE('',*,*,#1696,.F.);
#915=ORIENTED_EDGE('',*,*,#1697,.T.);
#916=ORIENTED_EDGE('',*,*,#1692,.T.);
#917=ORIENTED_EDGE('',*,*,#1385,.F.);
#918=ORIENTED_EDGE('',*,*,#1695,.T.);
#919=ORIENTED_EDGE('',*,*,#1698,.T.);
#920=ORIENTED_EDGE('',*,*,#1699,.F.);
#921=ORIENTED_EDGE('',*,*,#1390,.F.);
#922=ORIENTED_EDGE('',*,*,#1700,.F.);
#923=ORIENTED_EDGE('',*,*,#1701,.T.);
#924=ORIENTED_EDGE('',*,*,#1696,.T.);
#925=ORIENTED_EDGE('',*,*,#1384,.F.);
#926=ORIENTED_EDGE('',*,*,#1699,.T.);
#927=ORIENTED_EDGE('',*,*,#1702,.T.);
#928=ORIENTED_EDGE('',*,*,#1703,.F.);
#929=ORIENTED_EDGE('',*,*,#1381,.F.);
#930=ORIENTED_EDGE('',*,*,#1704,.F.);
#931=ORIENTED_EDGE('',*,*,#1705,.T.);
#932=ORIENTED_EDGE('',*,*,#1700,.T.);
#933=ORIENTED_EDGE('',*,*,#1383,.F.);
#934=ORIENTED_EDGE('',*,*,#1703,.T.);
#935=ORIENTED_EDGE('',*,*,#1706,.T.);
#936=ORIENTED_EDGE('',*,*,#1704,.T.);
#937=ORIENTED_EDGE('',*,*,#1382,.F.);
#938=ORIENTED_EDGE('',*,*,#1707,.F.);
#939=ORIENTED_EDGE('',*,*,#1403,.F.);
#940=ORIENTED_EDGE('',*,*,#1708,.F.);
#941=ORIENTED_EDGE('',*,*,#1472,.F.);
#942=ORIENTED_EDGE('',*,*,#1708,.T.);
#943=ORIENTED_EDGE('',*,*,#1402,.F.);
#944=ORIENTED_EDGE('',*,*,#1709,.F.);
#945=ORIENTED_EDGE('',*,*,#1469,.F.);
#946=ORIENTED_EDGE('',*,*,#1707,.T.);
#947=ORIENTED_EDGE('',*,*,#1475,.F.);
#948=ORIENTED_EDGE('',*,*,#1710,.F.);
#949=ORIENTED_EDGE('',*,*,#1404,.F.);
#950=ORIENTED_EDGE('',*,*,#1709,.T.);
#951=ORIENTED_EDGE('',*,*,#1401,.F.);
#952=ORIENTED_EDGE('',*,*,#1711,.F.);
#953=ORIENTED_EDGE('',*,*,#1466,.F.);
#954=ORIENTED_EDGE('',*,*,#1710,.T.);
#955=ORIENTED_EDGE('',*,*,#1477,.F.);
#956=ORIENTED_EDGE('',*,*,#1712,.F.);
#957=ORIENTED_EDGE('',*,*,#1405,.F.);
#958=ORIENTED_EDGE('',*,*,#1711,.T.);
#959=ORIENTED_EDGE('',*,*,#1400,.F.);
#960=ORIENTED_EDGE('',*,*,#1713,.F.);
#961=ORIENTED_EDGE('',*,*,#1463,.F.);
#962=ORIENTED_EDGE('',*,*,#1712,.T.);
#963=ORIENTED_EDGE('',*,*,#1414,.F.);
#964=ORIENTED_EDGE('',*,*,#1714,.F.);
#965=ORIENTED_EDGE('',*,*,#1406,.F.);
#966=ORIENTED_EDGE('',*,*,#1713,.T.);
#967=ORIENTED_EDGE('',*,*,#1399,.F.);
#968=ORIENTED_EDGE('',*,*,#1715,.F.);
#969=ORIENTED_EDGE('',*,*,#1460,.F.);
#970=ORIENTED_EDGE('',*,*,#1714,.T.);
#971=ORIENTED_EDGE('',*,*,#1418,.F.);
#972=ORIENTED_EDGE('',*,*,#1716,.F.);
#973=ORIENTED_EDGE('',*,*,#1407,.F.);
#974=ORIENTED_EDGE('',*,*,#1715,.T.);
#975=ORIENTED_EDGE('',*,*,#1398,.F.);
#976=ORIENTED_EDGE('',*,*,#1717,.F.);
#977=ORIENTED_EDGE('',*,*,#1457,.F.);
#978=ORIENTED_EDGE('',*,*,#1716,.T.);
#979=ORIENTED_EDGE('',*,*,#1421,.F.);
#980=ORIENTED_EDGE('',*,*,#1718,.F.);
#981=ORIENTED_EDGE('',*,*,#1408,.F.);
#982=ORIENTED_EDGE('',*,*,#1717,.T.);
#983=ORIENTED_EDGE('',*,*,#1397,.F.);
#984=ORIENTED_EDGE('',*,*,#1719,.F.);
#985=ORIENTED_EDGE('',*,*,#1454,.F.);
#986=ORIENTED_EDGE('',*,*,#1718,.T.);
#987=ORIENTED_EDGE('',*,*,#1424,.F.);
#988=ORIENTED_EDGE('',*,*,#1720,.F.);
#989=ORIENTED_EDGE('',*,*,#1409,.F.);
#990=ORIENTED_EDGE('',*,*,#1719,.T.);
#991=ORIENTED_EDGE('',*,*,#1396,.F.);
#992=ORIENTED_EDGE('',*,*,#1721,.F.);
#993=ORIENTED_EDGE('',*,*,#1451,.F.);
#994=ORIENTED_EDGE('',*,*,#1720,.T.);
#995=ORIENTED_EDGE('',*,*,#1427,.F.);
#996=ORIENTED_EDGE('',*,*,#1722,.F.);
#997=ORIENTED_EDGE('',*,*,#1410,.F.);
#998=ORIENTED_EDGE('',*,*,#1721,.T.);
#999=ORIENTED_EDGE('',*,*,#1395,.F.);
#1000=ORIENTED_EDGE('',*,*,#1723,.F.);
#1001=ORIENTED_EDGE('',*,*,#1448,.F.);
#1002=ORIENTED_EDGE('',*,*,#1722,.T.);
#1003=ORIENTED_EDGE('',*,*,#1430,.F.);
#1004=ORIENTED_EDGE('',*,*,#1724,.F.);
#1005=ORIENTED_EDGE('',*,*,#1411,.F.);
#1006=ORIENTED_EDGE('',*,*,#1723,.T.);
#1007=ORIENTED_EDGE('',*,*,#1394,.F.);
#1008=ORIENTED_EDGE('',*,*,#1725,.F.);
#1009=ORIENTED_EDGE('',*,*,#1445,.F.);
#1010=ORIENTED_EDGE('',*,*,#1724,.T.);
#1011=ORIENTED_EDGE('',*,*,#1433,.F.);
#1012=ORIENTED_EDGE('',*,*,#1726,.F.);
#1013=ORIENTED_EDGE('',*,*,#1412,.F.);
#1014=ORIENTED_EDGE('',*,*,#1725,.T.);
#1015=ORIENTED_EDGE('',*,*,#1393,.F.);
#1016=ORIENTED_EDGE('',*,*,#1727,.F.);
#1017=ORIENTED_EDGE('',*,*,#1442,.F.);
#1018=ORIENTED_EDGE('',*,*,#1726,.T.);
#1019=ORIENTED_EDGE('',*,*,#1436,.F.);
#1020=ORIENTED_EDGE('',*,*,#1728,.F.);
#1021=ORIENTED_EDGE('',*,*,#1391,.F.);
#1022=ORIENTED_EDGE('',*,*,#1727,.T.);
#1023=ORIENTED_EDGE('',*,*,#1392,.F.);
#1024=ORIENTED_EDGE('',*,*,#1728,.T.);
#1025=ORIENTED_EDGE('',*,*,#1439,.F.);
#1026=ORIENTED_EDGE('',*,*,#1729,.F.);
#1027=ORIENTED_EDGE('',*,*,#1473,.F.);
#1028=ORIENTED_EDGE('',*,*,#1730,.F.);
#1029=ORIENTED_EDGE('',*,*,#1491,.F.);
#1030=ORIENTED_EDGE('',*,*,#1730,.T.);
#1031=ORIENTED_EDGE('',*,*,#1470,.F.);
#1032=ORIENTED_EDGE('',*,*,#1731,.F.);
#1033=ORIENTED_EDGE('',*,*,#1492,.F.);
#1034=ORIENTED_EDGE('',*,*,#1729,.T.);
#1035=ORIENTED_EDGE('',*,*,#1490,.F.);
#1036=ORIENTED_EDGE('',*,*,#1732,.F.);
#1037=ORIENTED_EDGE('',*,*,#1476,.F.);
#1038=ORIENTED_EDGE('',*,*,#1731,.T.);
#1039=ORIENTED_EDGE('',*,*,#1467,.F.);
#1040=ORIENTED_EDGE('',*,*,#1733,.F.);
#1041=ORIENTED_EDGE('',*,*,#1493,.F.);
#1042=ORIENTED_EDGE('',*,*,#1732,.T.);
#1043=ORIENTED_EDGE('',*,*,#1489,.F.);
#1044=ORIENTED_EDGE('',*,*,#1734,.F.);
#1045=ORIENTED_EDGE('',*,*,#1478,.F.);
#1046=ORIENTED_EDGE('',*,*,#1733,.T.);
#1047=ORIENTED_EDGE('',*,*,#1464,.F.);
#1048=ORIENTED_EDGE('',*,*,#1735,.F.);
#1049=ORIENTED_EDGE('',*,*,#1494,.F.);
#1050=ORIENTED_EDGE('',*,*,#1734,.T.);
#1051=ORIENTED_EDGE('',*,*,#1488,.F.);
#1052=ORIENTED_EDGE('',*,*,#1736,.F.);
#1053=ORIENTED_EDGE('',*,*,#1416,.F.);
#1054=ORIENTED_EDGE('',*,*,#1735,.T.);
#1055=ORIENTED_EDGE('',*,*,#1461,.F.);
#1056=ORIENTED_EDGE('',*,*,#1737,.F.);
#1057=ORIENTED_EDGE('',*,*,#1495,.F.);
#1058=ORIENTED_EDGE('',*,*,#1736,.T.);
#1059=ORIENTED_EDGE('',*,*,#1487,.F.);
#1060=ORIENTED_EDGE('',*,*,#1738,.F.);
#1061=ORIENTED_EDGE('',*,*,#1419,.F.);
#1062=ORIENTED_EDGE('',*,*,#1737,.T.);
#1063=ORIENTED_EDGE('',*,*,#1458,.F.);
#1064=ORIENTED_EDGE('',*,*,#1739,.F.);
#1065=ORIENTED_EDGE('',*,*,#1496,.F.);
#1066=ORIENTED_EDGE('',*,*,#1738,.T.);
#1067=ORIENTED_EDGE('',*,*,#1486,.F.);
#1068=ORIENTED_EDGE('',*,*,#1740,.F.);
#1069=ORIENTED_EDGE('',*,*,#1422,.F.);
#1070=ORIENTED_EDGE('',*,*,#1739,.T.);
#1071=ORIENTED_EDGE('',*,*,#1455,.F.);
#1072=ORIENTED_EDGE('',*,*,#1741,.F.);
#1073=ORIENTED_EDGE('',*,*,#1497,.F.);
#1074=ORIENTED_EDGE('',*,*,#1740,.T.);
#1075=ORIENTED_EDGE('',*,*,#1485,.F.);
#1076=ORIENTED_EDGE('',*,*,#1742,.F.);
#1077=ORIENTED_EDGE('',*,*,#1425,.F.);
#1078=ORIENTED_EDGE('',*,*,#1741,.T.);
#1079=ORIENTED_EDGE('',*,*,#1452,.F.);
#1080=ORIENTED_EDGE('',*,*,#1743,.F.);
#1081=ORIENTED_EDGE('',*,*,#1498,.F.);
#1082=ORIENTED_EDGE('',*,*,#1742,.T.);
#1083=ORIENTED_EDGE('',*,*,#1484,.F.);
#1084=ORIENTED_EDGE('',*,*,#1744,.F.);
#1085=ORIENTED_EDGE('',*,*,#1428,.F.);
#1086=ORIENTED_EDGE('',*,*,#1743,.T.);
#1087=ORIENTED_EDGE('',*,*,#1449,.F.);
#1088=ORIENTED_EDGE('',*,*,#1745,.F.);
#1089=ORIENTED_EDGE('',*,*,#1499,.F.);
#1090=ORIENTED_EDGE('',*,*,#1744,.T.);
#1091=ORIENTED_EDGE('',*,*,#1483,.F.);
#1092=ORIENTED_EDGE('',*,*,#1746,.F.);
#1093=ORIENTED_EDGE('',*,*,#1431,.F.);
#1094=ORIENTED_EDGE('',*,*,#1745,.T.);
#1095=ORIENTED_EDGE('',*,*,#1446,.F.);
#1096=ORIENTED_EDGE('',*,*,#1747,.F.);
#1097=ORIENTED_EDGE('',*,*,#1500,.F.);
#1098=ORIENTED_EDGE('',*,*,#1746,.T.);
#1099=ORIENTED_EDGE('',*,*,#1482,.F.);
#1100=ORIENTED_EDGE('',*,*,#1748,.F.);
#1101=ORIENTED_EDGE('',*,*,#1434,.F.);
#1102=ORIENTED_EDGE('',*,*,#1747,.T.);
#1103=ORIENTED_EDGE('',*,*,#1443,.F.);
#1104=ORIENTED_EDGE('',*,*,#1749,.F.);
#1105=ORIENTED_EDGE('',*,*,#1479,.F.);
#1106=ORIENTED_EDGE('',*,*,#1748,.T.);
#1107=ORIENTED_EDGE('',*,*,#1481,.F.);
#1108=ORIENTED_EDGE('',*,*,#1750,.F.);
#1109=ORIENTED_EDGE('',*,*,#1437,.F.);
#1110=ORIENTED_EDGE('',*,*,#1749,.T.);
#1111=ORIENTED_EDGE('',*,*,#1440,.F.);
#1112=ORIENTED_EDGE('',*,*,#1750,.T.);
#1113=ORIENTED_EDGE('',*,*,#1480,.F.);
#1114=ORIENTED_EDGE('',*,*,#1751,.F.);
#1115=ORIENTED_EDGE('',*,*,#1515,.F.);
#1116=ORIENTED_EDGE('',*,*,#1752,.F.);
#1117=ORIENTED_EDGE('',*,*,#1588,.F.);
#1118=ORIENTED_EDGE('',*,*,#1752,.T.);
#1119=ORIENTED_EDGE('',*,*,#1514,.F.);
#1120=ORIENTED_EDGE('',*,*,#1753,.F.);
#1121=ORIENTED_EDGE('',*,*,#1590,.F.);
#1122=ORIENTED_EDGE('',*,*,#1751,.T.);
#1123=ORIENTED_EDGE('',*,*,#1593,.F.);
#1124=ORIENTED_EDGE('',*,*,#1754,.F.);
#1125=ORIENTED_EDGE('',*,*,#1516,.F.);
#1126=ORIENTED_EDGE('',*,*,#1753,.T.);
#1127=ORIENTED_EDGE('',*,*,#1513,.F.);
#1128=ORIENTED_EDGE('',*,*,#1755,.F.);
#1129=ORIENTED_EDGE('',*,*,#1594,.F.);
#1130=ORIENTED_EDGE('',*,*,#1754,.T.);
#1131=ORIENTED_EDGE('',*,*,#1597,.F.);
#1132=ORIENTED_EDGE('',*,*,#1756,.F.);
#1133=ORIENTED_EDGE('',*,*,#1517,.F.);
#1134=ORIENTED_EDGE('',*,*,#1755,.T.);
#1135=ORIENTED_EDGE('',*,*,#1512,.F.);
#1136=ORIENTED_EDGE('',*,*,#1757,.F.);
#1137=ORIENTED_EDGE('',*,*,#1598,.F.);
#1138=ORIENTED_EDGE('',*,*,#1756,.T.);
#1139=ORIENTED_EDGE('',*,*,#1601,.F.);
#1140=ORIENTED_EDGE('',*,*,#1758,.F.);
#1141=ORIENTED_EDGE('',*,*,#1518,.F.);
#1142=ORIENTED_EDGE('',*,*,#1757,.T.);
#1143=ORIENTED_EDGE('',*,*,#1511,.F.);
#1144=ORIENTED_EDGE('',*,*,#1759,.F.);
#1145=ORIENTED_EDGE('',*,*,#1602,.F.);
#1146=ORIENTED_EDGE('',*,*,#1758,.T.);
#1147=ORIENTED_EDGE('',*,*,#1605,.F.);
#1148=ORIENTED_EDGE('',*,*,#1760,.F.);
#1149=ORIENTED_EDGE('',*,*,#1509,.F.);
#1150=ORIENTED_EDGE('',*,*,#1759,.T.);
#1151=ORIENTED_EDGE('',*,*,#1510,.F.);
#1152=ORIENTED_EDGE('',*,*,#1760,.T.);
#1153=ORIENTED_EDGE('',*,*,#1606,.F.);
#1154=ORIENTED_EDGE('',*,*,#1761,.F.);
#1155=ORIENTED_EDGE('',*,*,#1525,.F.);
#1156=ORIENTED_EDGE('',*,*,#1762,.F.);
#1157=ORIENTED_EDGE('',*,*,#1688,.F.);
#1158=ORIENTED_EDGE('',*,*,#1762,.T.);
#1159=ORIENTED_EDGE('',*,*,#1524,.F.);
#1160=ORIENTED_EDGE('',*,*,#1763,.F.);
#1161=ORIENTED_EDGE('',*,*,#1690,.F.);
#1162=ORIENTED_EDGE('',*,*,#1356,.T.);
#1163=ORIENTED_EDGE('',*,*,#1761,.T.);
#1164=ORIENTED_EDGE('',*,*,#1693,.F.);
#1165=ORIENTED_EDGE('',*,*,#1764,.F.);
#1166=ORIENTED_EDGE('',*,*,#1526,.F.);
#1167=ORIENTED_EDGE('',*,*,#1763,.T.);
#1168=ORIENTED_EDGE('',*,*,#1523,.F.);
#1169=ORIENTED_EDGE('',*,*,#1765,.F.);
#1170=ORIENTED_EDGE('',*,*,#1694,.F.);
#1171=ORIENTED_EDGE('',*,*,#1764,.T.);
#1172=ORIENTED_EDGE('',*,*,#1697,.F.);
#1173=ORIENTED_EDGE('',*,*,#1766,.F.);
#1174=ORIENTED_EDGE('',*,*,#1527,.F.);
#1175=ORIENTED_EDGE('',*,*,#1765,.T.);
#1176=ORIENTED_EDGE('',*,*,#1522,.F.);
#1177=ORIENTED_EDGE('',*,*,#1767,.F.);
#1178=ORIENTED_EDGE('',*,*,#1698,.F.);
#1179=ORIENTED_EDGE('',*,*,#1766,.T.);
#1180=ORIENTED_EDGE('',*,*,#1701,.F.);
#1181=ORIENTED_EDGE('',*,*,#1768,.F.);
#1182=ORIENTED_EDGE('',*,*,#1528,.F.);
#1183=ORIENTED_EDGE('',*,*,#1767,.T.);
#1184=ORIENTED_EDGE('',*,*,#1521,.F.);
#1185=ORIENTED_EDGE('',*,*,#1769,.F.);
#1186=ORIENTED_EDGE('',*,*,#1702,.F.);
#1187=ORIENTED_EDGE('',*,*,#1768,.T.);
#1188=ORIENTED_EDGE('',*,*,#1705,.F.);
#1189=ORIENTED_EDGE('',*,*,#1770,.F.);
#1190=ORIENTED_EDGE('',*,*,#1519,.F.);
#1191=ORIENTED_EDGE('',*,*,#1769,.T.);
#1192=ORIENTED_EDGE('',*,*,#1520,.F.);
#1193=ORIENTED_EDGE('',*,*,#1770,.T.);
#1194=ORIENTED_EDGE('',*,*,#1706,.F.);
#1195=ORIENTED_EDGE('',*,*,#1771,.F.);
#1196=ORIENTED_EDGE('',*,*,#1506,.F.);
#1197=ORIENTED_EDGE('',*,*,#1772,.F.);
#1198=ORIENTED_EDGE('',*,*,#1672,.F.);
#1199=ORIENTED_EDGE('',*,*,#1772,.T.);
#1200=ORIENTED_EDGE('',*,*,#1505,.F.);
#1201=ORIENTED_EDGE('',*,*,#1773,.F.);
#1202=ORIENTED_EDGE('',*,*,#1674,.F.);
#1203=ORIENTED_EDGE('',*,*,#1771,.T.);
#1204=ORIENTED_EDGE('',*,*,#1677,.F.);
#1205=ORIENTED_EDGE('',*,*,#1774,.F.);
#1206=ORIENTED_EDGE('',*,*,#1507,.F.);
#1207=ORIENTED_EDGE('',*,*,#1773,.T.);
#1208=ORIENTED_EDGE('',*,*,#1504,.F.);
#1209=ORIENTED_EDGE('',*,*,#1775,.F.);
#1210=ORIENTED_EDGE('',*,*,#1678,.F.);
#1211=ORIENTED_EDGE('',*,*,#1774,.T.);
#1212=ORIENTED_EDGE('',*,*,#1681,.F.);
#1213=ORIENTED_EDGE('',*,*,#1776,.F.);
#1214=ORIENTED_EDGE('',*,*,#1508,.F.);
#1215=ORIENTED_EDGE('',*,*,#1775,.T.);
#1216=ORIENTED_EDGE('',*,*,#1503,.F.);
#1217=ORIENTED_EDGE('',*,*,#1777,.F.);
#1218=ORIENTED_EDGE('',*,*,#1682,.F.);
#1219=ORIENTED_EDGE('',*,*,#1776,.T.);
#1220=ORIENTED_EDGE('',*,*,#1685,.F.);
#1221=ORIENTED_EDGE('',*,*,#1778,.F.);
#1222=ORIENTED_EDGE('',*,*,#1501,.F.);
#1223=ORIENTED_EDGE('',*,*,#1777,.T.);
#1224=ORIENTED_EDGE('',*,*,#1502,.F.);
#1225=ORIENTED_EDGE('',*,*,#1778,.T.);
#1226=ORIENTED_EDGE('',*,*,#1686,.F.);
#1227=ORIENTED_EDGE('',*,*,#1779,.F.);
#1228=ORIENTED_EDGE('',*,*,#1534,.F.);
#1229=ORIENTED_EDGE('',*,*,#1780,.F.);
#1230=ORIENTED_EDGE('',*,*,#1624,.F.);
#1231=ORIENTED_EDGE('',*,*,#1780,.T.);
#1232=ORIENTED_EDGE('',*,*,#1533,.F.);
#1233=ORIENTED_EDGE('',*,*,#1781,.F.);
#1234=ORIENTED_EDGE('',*,*,#1626,.F.);
#1235=ORIENTED_EDGE('',*,*,#1779,.T.);
#1236=ORIENTED_EDGE('',*,*,#1629,.F.);
#1237=ORIENTED_EDGE('',*,*,#1782,.F.);
#1238=ORIENTED_EDGE('',*,*,#1535,.F.);
#1239=ORIENTED_EDGE('',*,*,#1781,.T.);
#1240=ORIENTED_EDGE('',*,*,#1532,.F.);
#1241=ORIENTED_EDGE('',*,*,#1783,.F.);
#1242=ORIENTED_EDGE('',*,*,#1630,.F.);
#1243=ORIENTED_EDGE('',*,*,#1782,.T.);
#1244=ORIENTED_EDGE('',*,*,#1633,.F.);
#1245=ORIENTED_EDGE('',*,*,#1784,.F.);
#1246=ORIENTED_EDGE('',*,*,#1536,.F.);
#1247=ORIENTED_EDGE('',*,*,#1783,.T.);
#1248=ORIENTED_EDGE('',*,*,#1531,.F.);
#1249=ORIENTED_EDGE('',*,*,#1785,.F.);
#1250=ORIENTED_EDGE('',*,*,#1634,.F.);
#1251=ORIENTED_EDGE('',*,*,#1784,.T.);
#1252=ORIENTED_EDGE('',*,*,#1637,.F.);
#1253=ORIENTED_EDGE('',*,*,#1786,.F.);
#1254=ORIENTED_EDGE('',*,*,#1529,.F.);
#1255=ORIENTED_EDGE('',*,*,#1785,.T.);
#1256=ORIENTED_EDGE('',*,*,#1530,.F.);
#1257=ORIENTED_EDGE('',*,*,#1786,.T.);
#1258=ORIENTED_EDGE('',*,*,#1638,.F.);
#1259=ORIENTED_EDGE('',*,*,#1787,.F.);
#1260=ORIENTED_EDGE('',*,*,#1542,.F.);
#1261=ORIENTED_EDGE('',*,*,#1788,.F.);
#1262=ORIENTED_EDGE('',*,*,#1608,.F.);
#1263=ORIENTED_EDGE('',*,*,#1788,.T.);
#1264=ORIENTED_EDGE('',*,*,#1541,.F.);
#1265=ORIENTED_EDGE('',*,*,#1789,.F.);
#1266=ORIENTED_EDGE('',*,*,#1610,.F.);
#1267=ORIENTED_EDGE('',*,*,#1787,.T.);
#1268=ORIENTED_EDGE('',*,*,#1613,.F.);
#1269=ORIENTED_EDGE('',*,*,#1790,.F.);
#1270=ORIENTED_EDGE('',*,*,#1543,.F.);
#1271=ORIENTED_EDGE('',*,*,#1789,.T.);
#1272=ORIENTED_EDGE('',*,*,#1540,.F.);
#1273=ORIENTED_EDGE('',*,*,#1791,.F.);
#1274=ORIENTED_EDGE('',*,*,#1614,.F.);
#1275=ORIENTED_EDGE('',*,*,#1790,.T.);
#1276=ORIENTED_EDGE('',*,*,#1617,.F.);
#1277=ORIENTED_EDGE('',*,*,#1792,.F.);
#1278=ORIENTED_EDGE('',*,*,#1544,.F.);
#1279=ORIENTED_EDGE('',*,*,#1791,.T.);
#1280=ORIENTED_EDGE('',*,*,#1539,.F.);
#1281=ORIENTED_EDGE('',*,*,#1793,.F.);
#1282=ORIENTED_EDGE('',*,*,#1618,.F.);
#1283=ORIENTED_EDGE('',*,*,#1792,.T.);
#1284=ORIENTED_EDGE('',*,*,#1621,.F.);
#1285=ORIENTED_EDGE('',*,*,#1794,.F.);
#1286=ORIENTED_EDGE('',*,*,#1537,.F.);
#1287=ORIENTED_EDGE('',*,*,#1793,.T.);
#1288=ORIENTED_EDGE('',*,*,#1538,.F.);
#1289=ORIENTED_EDGE('',*,*,#1794,.T.);
#1290=ORIENTED_EDGE('',*,*,#1622,.F.);
#1291=ORIENTED_EDGE('',*,*,#1795,.F.);
#1292=ORIENTED_EDGE('',*,*,#1554,.F.);
#1293=ORIENTED_EDGE('',*,*,#1796,.F.);
#1294=ORIENTED_EDGE('',*,*,#1640,.F.);
#1295=ORIENTED_EDGE('',*,*,#1796,.T.);
#1296=ORIENTED_EDGE('',*,*,#1553,.F.);
#1297=ORIENTED_EDGE('',*,*,#1797,.F.);
#1298=ORIENTED_EDGE('',*,*,#1642,.F.);
#1299=ORIENTED_EDGE('',*,*,#1795,.T.);
#1300=ORIENTED_EDGE('',*,*,#1645,.F.);
#1301=ORIENTED_EDGE('',*,*,#1798,.F.);
#1302=ORIENTED_EDGE('',*,*,#1555,.F.);
#1303=ORIENTED_EDGE('',*,*,#1797,.T.);
#1304=ORIENTED_EDGE('',*,*,#1552,.F.);
#1305=ORIENTED_EDGE('',*,*,#1799,.F.);
#1306=ORIENTED_EDGE('',*,*,#1646,.F.);
#1307=ORIENTED_EDGE('',*,*,#1798,.T.);
#1308=ORIENTED_EDGE('',*,*,#1649,.F.);
#1309=ORIENTED_EDGE('',*,*,#1800,.F.);
#1310=ORIENTED_EDGE('',*,*,#1556,.F.);
#1311=ORIENTED_EDGE('',*,*,#1799,.T.);
#1312=ORIENTED_EDGE('',*,*,#1551,.F.);
#1313=ORIENTED_EDGE('',*,*,#1801,.F.);
#1314=ORIENTED_EDGE('',*,*,#1650,.F.);
#1315=ORIENTED_EDGE('',*,*,#1800,.T.);
#1316=ORIENTED_EDGE('',*,*,#1653,.F.);
#1317=ORIENTED_EDGE('',*,*,#1802,.F.);
#1318=ORIENTED_EDGE('',*,*,#1557,.F.);
#1319=ORIENTED_EDGE('',*,*,#1801,.T.);
#1320=ORIENTED_EDGE('',*,*,#1550,.F.);
#1321=ORIENTED_EDGE('',*,*,#1803,.F.);
#1322=ORIENTED_EDGE('',*,*,#1654,.F.);
#1323=ORIENTED_EDGE('',*,*,#1802,.T.);
#1324=ORIENTED_EDGE('',*,*,#1657,.F.);
#1325=ORIENTED_EDGE('',*,*,#1804,.F.);
#1326=ORIENTED_EDGE('',*,*,#1558,.F.);
#1327=ORIENTED_EDGE('',*,*,#1803,.T.);
#1328=ORIENTED_EDGE('',*,*,#1549,.F.);
#1329=ORIENTED_EDGE('',*,*,#1805,.F.);
#1330=ORIENTED_EDGE('',*,*,#1658,.F.);
#1331=ORIENTED_EDGE('',*,*,#1804,.T.);
#1332=ORIENTED_EDGE('',*,*,#1661,.F.);
#1333=ORIENTED_EDGE('',*,*,#1806,.F.);
#1334=ORIENTED_EDGE('',*,*,#1559,.F.);
#1335=ORIENTED_EDGE('',*,*,#1805,.T.);
#1336=ORIENTED_EDGE('',*,*,#1548,.F.);
#1337=ORIENTED_EDGE('',*,*,#1807,.F.);
#1338=ORIENTED_EDGE('',*,*,#1662,.F.);
#1339=ORIENTED_EDGE('',*,*,#1806,.T.);
#1340=ORIENTED_EDGE('',*,*,#1665,.F.);
#1341=ORIENTED_EDGE('',*,*,#1808,.F.);
#1342=ORIENTED_EDGE('',*,*,#1560,.F.);
#1343=ORIENTED_EDGE('',*,*,#1807,.T.);
#1344=ORIENTED_EDGE('',*,*,#1547,.F.);
#1345=ORIENTED_EDGE('',*,*,#1809,.F.);
#1346=ORIENTED_EDGE('',*,*,#1666,.F.);
#1347=ORIENTED_EDGE('',*,*,#1808,.T.);
#1348=ORIENTED_EDGE('',*,*,#1669,.F.);
#1349=ORIENTED_EDGE('',*,*,#1810,.F.);
#1350=ORIENTED_EDGE('',*,*,#1545,.F.);
#1351=ORIENTED_EDGE('',*,*,#1809,.T.);
#1352=ORIENTED_EDGE('',*,*,#1546,.F.);
#1353=ORIENTED_EDGE('',*,*,#1810,.T.);
#1354=ORIENTED_EDGE('',*,*,#1670,.F.);
#1355=EDGE_CURVE('',#1811,#1812,#2080,.T.);
#1356=EDGE_CURVE('',#1812,#1811,$,.T.);
#1357=EDGE_CURVE('',#1813,#1814,#2081,.T.);
#1358=EDGE_CURVE('',#1814,#1815,#2082,.T.);
#1359=EDGE_CURVE('',#1815,#1816,#2083,.T.);
#1360=EDGE_CURVE('',#1816,#1817,#2084,.T.);
#1361=EDGE_CURVE('',#1817,#1818,#2085,.T.);
#1362=EDGE_CURVE('',#1818,#1819,#2086,.T.);
#1363=EDGE_CURVE('',#1819,#1820,#2087,.T.);
#1364=EDGE_CURVE('',#1820,#1821,#2088,.T.);
#1365=EDGE_CURVE('',#1821,#1822,#2089,.T.);
#1366=EDGE_CURVE('',#1822,#1823,#2090,.T.);
#1367=EDGE_CURVE('',#1823,#1824,#2091,.T.);
#1368=EDGE_CURVE('',#1824,#1825,#2092,.T.);
#1369=EDGE_CURVE('',#1825,#1826,#2093,.T.);
#1370=EDGE_CURVE('',#1826,#1827,#2094,.T.);
#1371=EDGE_CURVE('',#1827,#1828,#2095,.T.);
#1372=EDGE_CURVE('',#1828,#1813,#2096,.T.);
#1373=EDGE_CURVE('',#1829,#1830,#2097,.T.);
#1374=EDGE_CURVE('',#1830,#1831,#2098,.T.);
#1375=EDGE_CURVE('',#1831,#1832,#2099,.T.);
#1376=EDGE_CURVE('',#1832,#1833,#2100,.T.);
#1377=EDGE_CURVE('',#1833,#1834,#2101,.T.);
#1378=EDGE_CURVE('',#1834,#1835,#2102,.T.);
#1379=EDGE_CURVE('',#1835,#1836,#2103,.T.);
#1380=EDGE_CURVE('',#1836,#1829,#2104,.T.);
#1381=EDGE_CURVE('',#1837,#1838,#2105,.T.);
#1382=EDGE_CURVE('',#1838,#1839,#2106,.T.);
#1383=EDGE_CURVE('',#1839,#1840,#268,.T.);
#1384=EDGE_CURVE('',#1840,#1841,#2107,.T.);
#1385=EDGE_CURVE('',#1841,#1842,#2108,.T.);
#1386=EDGE_CURVE('',#1842,#1843,#2109,.T.);
#1387=EDGE_CURVE('',#1843,#1844,#2110,.T.);
#1388=EDGE_CURVE('',#1844,#1845,#269,.T.);
#1389=EDGE_CURVE('',#1845,#1846,#2111,.T.);
#1390=EDGE_CURVE('',#1846,#1837,#2112,.T.);
#1391=EDGE_CURVE('',#1847,#1848,#270,.F.);
#1392=EDGE_CURVE('',#1848,#1849,#2113,.T.);
#1393=EDGE_CURVE('',#1849,#1850,#271,.F.);
#1394=EDGE_CURVE('',#1850,#1851,#73,.T.);
#1395=EDGE_CURVE('',#1851,#1852,#272,.F.);
#1396=EDGE_CURVE('',#1852,#1853,#74,.T.);
#1397=EDGE_CURVE('',#1853,#1854,#273,.F.);
#1398=EDGE_CURVE('',#1854,#1855,#75,.F.);
#1399=EDGE_CURVE('',#1855,#1856,#274,.T.);
#1400=EDGE_CURVE('',#1856,#1857,#76,.T.);
#1401=EDGE_CURVE('',#1857,#1858,#275,.T.);
#1402=EDGE_CURVE('',#1858,#1859,#77,.T.);
#1403=EDGE_CURVE('',#1859,#1860,#276,.T.);
#1404=EDGE_CURVE('',#1860,#1861,#78,.T.);
#1405=EDGE_CURVE('',#1861,#1862,#277,.T.);
#1406=EDGE_CURVE('',#1862,#1863,#79,.T.);
#1407=EDGE_CURVE('',#1863,#1864,#278,.T.);
#1408=EDGE_CURVE('',#1864,#1865,#80,.F.);
#1409=EDGE_CURVE('',#1865,#1866,#279,.F.);
#1410=EDGE_CURVE('',#1866,#1867,#81,.T.);
#1411=EDGE_CURVE('',#1867,#1868,#280,.F.);
#1412=EDGE_CURVE('',#1868,#1847,#82,.T.);
#1413=EDGE_CURVE('',#1869,#1870,#281,.T.);
#1414=EDGE_CURVE('',#1870,#1871,#83,.F.);
#1415=EDGE_CURVE('',#1872,#1871,#282,.T.);
#1416=EDGE_CURVE('',#1872,#1869,#84,.T.);
#1417=EDGE_CURVE('',#1873,#1874,#283,.T.);
#1418=EDGE_CURVE('',#1874,#1870,#284,.F.);
#1419=EDGE_CURVE('',#1869,#1873,#285,.T.);
#1420=EDGE_CURVE('',#1875,#1876,#286,.T.);
#1421=EDGE_CURVE('',#1876,#1874,#85,.T.);
#1422=EDGE_CURVE('',#1873,#1875,#86,.F.);
#1423=EDGE_CURVE('',#1877,#1878,#287,.T.);
#1424=EDGE_CURVE('',#1878,#1876,#288,.T.);
#1425=EDGE_CURVE('',#1875,#1877,#289,.F.);
#1426=EDGE_CURVE('',#1879,#1880,#290,.T.);
#1427=EDGE_CURVE('',#1880,#1878,#87,.F.);
#1428=EDGE_CURVE('',#1877,#1879,#88,.T.);
#1429=EDGE_CURVE('',#1881,#1882,#291,.T.);
#1430=EDGE_CURVE('',#1882,#1880,#292,.T.);
#1431=EDGE_CURVE('',#1879,#1881,#293,.F.);
#1432=EDGE_CURVE('',#1883,#1884,#294,.T.);
#1433=EDGE_CURVE('',#1884,#1882,#89,.F.);
#1434=EDGE_CURVE('',#1881,#1883,#90,.T.);
#1435=EDGE_CURVE('',#1885,#1886,#295,.T.);
#1436=EDGE_CURVE('',#1886,#1884,#296,.T.);
#1437=EDGE_CURVE('',#1883,#1885,#297,.F.);
#1438=EDGE_CURVE('',#1887,#1888,#298,.T.);
#1439=EDGE_CURVE('',#1888,#1886,#2114,.T.);
#1440=EDGE_CURVE('',#1885,#1887,#2115,.T.);
#1441=EDGE_CURVE('',#1889,#1890,#299,.T.);
#1442=EDGE_CURVE('',#1890,#1888,#300,.T.);
#1443=EDGE_CURVE('',#1887,#1889,#301,.F.);
#1444=EDGE_CURVE('',#1891,#1892,#302,.T.);
#1445=EDGE_CURVE('',#1892,#1890,#91,.F.);
#1446=EDGE_CURVE('',#1889,#1891,#92,.T.);
#1447=EDGE_CURVE('',#1893,#1894,#303,.T.);
#1448=EDGE_CURVE('',#1894,#1892,#304,.T.);
#1449=EDGE_CURVE('',#1891,#1893,#305,.F.);
#1450=EDGE_CURVE('',#1895,#1896,#306,.T.);
#1451=EDGE_CURVE('',#1896,#1894,#93,.F.);
#1452=EDGE_CURVE('',#1893,#1895,#94,.T.);
#1453=EDGE_CURVE('',#1897,#1898,#307,.T.);
#1454=EDGE_CURVE('',#1898,#1896,#308,.T.);
#1455=EDGE_CURVE('',#1895,#1897,#309,.F.);
#1456=EDGE_CURVE('',#1899,#1900,#310,.T.);
#1457=EDGE_CURVE('',#1900,#1898,#95,.T.);
#1458=EDGE_CURVE('',#1897,#1899,#96,.F.);
#1459=EDGE_CURVE('',#1901,#1902,#311,.T.);
#1460=EDGE_CURVE('',#1902,#1900,#312,.F.);
#1461=EDGE_CURVE('',#1899,#1901,#313,.T.);
#1462=EDGE_CURVE('',#1903,#1904,#314,.T.);
#1463=EDGE_CURVE('',#1904,#1902,#97,.F.);
#1464=EDGE_CURVE('',#1901,#1903,#98,.T.);
#1465=EDGE_CURVE('',#1905,#1906,#315,.T.);
#1466=EDGE_CURVE('',#1906,#1904,#316,.F.);
#1467=EDGE_CURVE('',#1903,#1905,#317,.T.);
#1468=EDGE_CURVE('',#1907,#1908,#318,.T.);
#1469=EDGE_CURVE('',#1908,#1906,#99,.F.);
#1470=EDGE_CURVE('',#1905,#1907,#100,.T.);
#1471=EDGE_CURVE('',#1909,#1910,#319,.T.);
#1472=EDGE_CURVE('',#1910,#1908,#320,.F.);
#1473=EDGE_CURVE('',#1907,#1909,#321,.T.);
#1474=EDGE_CURVE('',#1911,#1912,#322,.T.);
#1475=EDGE_CURVE('',#1912,#1910,#101,.F.);
#1476=EDGE_CURVE('',#1909,#1911,#102,.T.);
#1477=EDGE_CURVE('',#1871,#1912,#323,.F.);
#1478=EDGE_CURVE('',#1911,#1872,#324,.T.);
#1479=EDGE_CURVE('',#1913,#1914,#325,.T.);
#1480=EDGE_CURVE('',#1914,#1915,#2116,.T.);
#1481=EDGE_CURVE('',#1915,#1916,#326,.T.);
#1482=EDGE_CURVE('',#1916,#1917,#103,.F.);
#1483=EDGE_CURVE('',#1917,#1918,#327,.T.);
#1484=EDGE_CURVE('',#1918,#1919,#104,.F.);
#1485=EDGE_CURVE('',#1919,#1920,#328,.T.);
#1486=EDGE_CURVE('',#1920,#1921,#105,.T.);
#1487=EDGE_CURVE('',#1921,#1922,#329,.F.);
#1488=EDGE_CURVE('',#1922,#1923,#106,.F.);
#1489=EDGE_CURVE('',#1923,#1924,#330,.F.);
#1490=EDGE_CURVE('',#1924,#1925,#107,.F.);
#1491=EDGE_CURVE('',#1925,#1926,#331,.F.);
#1492=EDGE_CURVE('',#1926,#1927,#108,.F.);
#1493=EDGE_CURVE('',#1927,#1928,#332,.F.);
#1494=EDGE_CURVE('',#1928,#1929,#109,.F.);
#1495=EDGE_CURVE('',#1929,#1930,#333,.F.);
#1496=EDGE_CURVE('',#1930,#1931,#110,.T.);
#1497=EDGE_CURVE('',#1931,#1932,#334,.T.);
#1498=EDGE_CURVE('',#1932,#1933,#111,.F.);
#1499=EDGE_CURVE('',#1933,#1934,#335,.T.);
#1500=EDGE_CURVE('',#1934,#1913,#112,.F.);
#1501=EDGE_CURVE('',#1935,#1936,#2117,.T.);
#1502=EDGE_CURVE('',#1936,#1937,#2118,.T.);
#1503=EDGE_CURVE('',#1937,#1938,#2119,.T.);
#1504=EDGE_CURVE('',#1938,#1939,#2120,.T.);
#1505=EDGE_CURVE('',#1939,#1940,#2121,.T.);
#1506=EDGE_CURVE('',#1940,#1941,#2122,.T.);
#1507=EDGE_CURVE('',#1941,#1942,#2123,.T.);
#1508=EDGE_CURVE('',#1942,#1935,#2124,.T.);
#1509=EDGE_CURVE('',#1943,#1944,#336,.T.);
#1510=EDGE_CURVE('',#1944,#1945,#2125,.T.);
#1511=EDGE_CURVE('',#1945,#1946,#2126,.T.);
#1512=EDGE_CURVE('',#1946,#1947,#2127,.T.);
#1513=EDGE_CURVE('',#1947,#1948,#2128,.T.);
#1514=EDGE_CURVE('',#1948,#1949,#337,.T.);
#1515=EDGE_CURVE('',#1949,#1950,#2129,.T.);
#1516=EDGE_CURVE('',#1950,#1951,#2130,.T.);
#1517=EDGE_CURVE('',#1951,#1952,#2131,.T.);
#1518=EDGE_CURVE('',#1952,#1943,#2132,.T.);
#1519=EDGE_CURVE('',#1953,#1954,#338,.T.);
#1520=EDGE_CURVE('',#1954,#1955,#2133,.T.);
#1521=EDGE_CURVE('',#1955,#1956,#2134,.T.);
#1522=EDGE_CURVE('',#1956,#1957,#2135,.T.);
#1523=EDGE_CURVE('',#1957,#1958,#2136,.T.);
#1524=EDGE_CURVE('',#1958,#1959,#339,.T.);
#1525=EDGE_CURVE('',#1959,#1960,#2137,.T.);
#1526=EDGE_CURVE('',#1960,#1961,#2138,.T.);
#1527=EDGE_CURVE('',#1961,#1962,#2139,.T.);
#1528=EDGE_CURVE('',#1962,#1953,#2140,.T.);
#1529=EDGE_CURVE('',#1963,#1964,#2141,.T.);
#1530=EDGE_CURVE('',#1964,#1965,#2142,.T.);
#1531=EDGE_CURVE('',#1965,#1966,#2143,.T.);
#1532=EDGE_CURVE('',#1966,#1967,#2144,.T.);
#1533=EDGE_CURVE('',#1967,#1968,#2145,.T.);
#1534=EDGE_CURVE('',#1968,#1969,#2146,.T.);
#1535=EDGE_CURVE('',#1969,#1970,#2147,.T.);
#1536=EDGE_CURVE('',#1970,#1963,#2148,.T.);
#1537=EDGE_CURVE('',#1971,#1972,#2149,.T.);
#1538=EDGE_CURVE('',#1972,#1973,#2150,.T.);
#1539=EDGE_CURVE('',#1973,#1974,#2151,.T.);
#1540=EDGE_CURVE('',#1974,#1975,#2152,.T.);
#1541=EDGE_CURVE('',#1975,#1976,#2153,.T.);
#1542=EDGE_CURVE('',#1976,#1977,#2154,.T.);
#1543=EDGE_CURVE('',#1977,#1978,#2155,.T.);
#1544=EDGE_CURVE('',#1978,#1971,#2156,.T.);
#1545=EDGE_CURVE('',#1979,#1980,#2157,.T.);
#1546=EDGE_CURVE('',#1980,#1981,#2158,.T.);
#1547=EDGE_CURVE('',#1981,#1982,#2159,.T.);
#1548=EDGE_CURVE('',#1982,#1983,#2160,.T.);
#1549=EDGE_CURVE('',#1983,#1984,#2161,.T.);
#1550=EDGE_CURVE('',#1984,#1985,#2162,.T.);
#1551=EDGE_CURVE('',#1985,#1986,#2163,.T.);
#1552=EDGE_CURVE('',#1986,#1987,#2164,.T.);
#1553=EDGE_CURVE('',#1987,#1988,#2165,.T.);
#1554=EDGE_CURVE('',#1988,#1989,#2166,.T.);
#1555=EDGE_CURVE('',#1989,#1990,#2167,.T.);
#1556=EDGE_CURVE('',#1990,#1991,#2168,.T.);
#1557=EDGE_CURVE('',#1991,#1992,#2169,.T.);
#1558=EDGE_CURVE('',#1992,#1993,#2170,.T.);
#1559=EDGE_CURVE('',#1993,#1994,#2171,.T.);
#1560=EDGE_CURVE('',#1994,#1979,#2172,.T.);
#1561=EDGE_CURVE('',#1995,#1996,#2173,.T.);
#1562=EDGE_CURVE('',#1996,#1997,#2174,.T.);
#1563=EDGE_CURVE('',#1997,#1998,#2175,.T.);
#1564=EDGE_CURVE('',#1998,#1999,#2176,.T.);
#1565=EDGE_CURVE('',#1999,#2000,#2177,.T.);
#1566=EDGE_CURVE('',#2000,#2001,#2178,.T.);
#1567=EDGE_CURVE('',#2001,#2002,#2179,.T.);
#1568=EDGE_CURVE('',#2002,#1995,#2180,.T.);
#1569=EDGE_CURVE('',#2003,#2004,#2181,.T.);
#1570=EDGE_CURVE('',#2004,#2005,#2182,.T.);
#1571=EDGE_CURVE('',#2005,#2006,#340,.T.);
#1572=EDGE_CURVE('',#2006,#2007,#2183,.T.);
#1573=EDGE_CURVE('',#2007,#2008,#2184,.T.);
#1574=EDGE_CURVE('',#2008,#2009,#2185,.T.);
#1575=EDGE_CURVE('',#2009,#2010,#2186,.T.);
#1576=EDGE_CURVE('',#2010,#2011,#341,.T.);
#1577=EDGE_CURVE('',#2011,#2012,#2187,.T.);
#1578=EDGE_CURVE('',#2012,#2003,#2188,.T.);
#1579=EDGE_CURVE('',#2013,#2014,#2189,.T.);
#1580=EDGE_CURVE('',#2014,#2015,#2190,.T.);
#1581=EDGE_CURVE('',#2015,#2016,#2191,.T.);
#1582=EDGE_CURVE('',#2016,#2017,#2192,.T.);
#1583=EDGE_CURVE('',#2017,#2018,#2193,.T.);
#1584=EDGE_CURVE('',#2018,#2019,#2194,.T.);
#1585=EDGE_CURVE('',#2019,#2020,#2195,.T.);
#1586=EDGE_CURVE('',#2020,#2013,#2196,.T.);
#1587=EDGE_CURVE('',#2021,#2009,#113,.T.);
#1588=EDGE_CURVE('',#2021,#2022,#2197,.T.);
#1589=EDGE_CURVE('',#2010,#2022,#2198,.F.);
#1590=EDGE_CURVE('',#2022,#2023,#342,.T.);
#1591=EDGE_CURVE('',#2011,#2023,#114,.T.);
#1592=EDGE_CURVE('',#2024,#2008,#115,.T.);
#1593=EDGE_CURVE('',#2024,#2021,#2199,.T.);
#1594=EDGE_CURVE('',#2023,#2025,#2200,.T.);
#1595=EDGE_CURVE('',#2012,#2025,#116,.T.);
#1596=EDGE_CURVE('',#2026,#2007,#117,.T.);
#1597=EDGE_CURVE('',#2026,#2024,#2201,.T.);
#1598=EDGE_CURVE('',#2025,#2027,#2202,.T.);
#1599=EDGE_CURVE('',#2003,#2027,#118,.T.);
#1600=EDGE_CURVE('',#2028,#2006,#119,.T.);
#1601=EDGE_CURVE('',#2028,#2026,#2203,.T.);
#1602=EDGE_CURVE('',#2027,#2029,#2204,.T.);
#1603=EDGE_CURVE('',#2004,#2029,#120,.T.);
#1604=EDGE_CURVE('',#2030,#2005,#2205,.T.);
#1605=EDGE_CURVE('',#2030,#2028,#343,.T.);
#1606=EDGE_CURVE('',#2029,#2030,#2206,.T.);
#1607=EDGE_CURVE('',#2031,#2000,#121,.T.);
#1608=EDGE_CURVE('',#2031,#2032,#2207,.T.);
#1609=EDGE_CURVE('',#2001,#2032,#122,.T.);
#1610=EDGE_CURVE('',#2032,#2033,#2208,.T.);
#1611=EDGE_CURVE('',#2002,#2033,#123,.T.);
#1612=EDGE_CURVE('',#2034,#1999,#124,.T.);
#1613=EDGE_CURVE('',#2034,#2031,#2209,.T.);
#1614=EDGE_CURVE('',#2033,#2035,#2210,.T.);
#1615=EDGE_CURVE('',#1995,#2035,#125,.T.);
#1616=EDGE_CURVE('',#2036,#1998,#126,.T.);
#1617=EDGE_CURVE('',#2036,#2034,#2211,.T.);
#1618=EDGE_CURVE('',#2035,#2037,#2212,.T.);
#1619=EDGE_CURVE('',#1996,#2037,#127,.T.);
#1620=EDGE_CURVE('',#2038,#1997,#128,.T.);
#1621=EDGE_CURVE('',#2038,#2036,#2213,.T.);
#1622=EDGE_CURVE('',#2037,#2038,#2214,.T.);
#1623=EDGE_CURVE('',#2039,#2018,#129,.T.);
#1624=EDGE_CURVE('',#2039,#2040,#2215,.T.);
#1625=EDGE_CURVE('',#2019,#2040,#130,.T.);
#1626=EDGE_CURVE('',#2040,#2041,#2216,.T.);
#1627=EDGE_CURVE('',#2020,#2041,#131,.T.);
#1628=EDGE_CURVE('',#2042,#2017,#132,.T.);
#1629=EDGE_CURVE('',#2042,#2039,#2217,.T.);
#1630=EDGE_CURVE('',#2041,#2043,#2218,.T.);
#1631=EDGE_CURVE('',#2013,#2043,#133,.T.);
#1632=EDGE_CURVE('',#2044,#2016,#134,.T.);
#1633=EDGE_CURVE('',#2044,#2042,#2219,.T.);
#1634=EDGE_CURVE('',#2043,#2045,#2220,.T.);
#1635=EDGE_CURVE('',#2014,#2045,#135,.T.);
#1636=EDGE_CURVE('',#2046,#2015,#136,.T.);
#1637=EDGE_CURVE('',#2046,#2044,#2221,.T.);
#1638=EDGE_CURVE('',#2045,#2046,#2222,.T.);
#1639=EDGE_CURVE('',#2047,#1822,#137,.T.);
#1640=EDGE_CURVE('',#2047,#2048,#2223,.T.);
#1641=EDGE_CURVE('',#1823,#2048,#2224,.F.);
#1642=EDGE_CURVE('',#2048,#2049,#2225,.T.);
#1643=EDGE_CURVE('',#1824,#2049,#138,.T.);
#1644=EDGE_CURVE('',#2050,#1821,#139,.T.);
#1645=EDGE_CURVE('',#2050,#2047,#2226,.T.);
#1646=EDGE_CURVE('',#2049,#2051,#2227,.T.);
#1647=EDGE_CURVE('',#1825,#2051,#140,.T.);
#1648=EDGE_CURVE('',#2052,#1820,#141,.T.);
#1649=EDGE_CURVE('',#2052,#2050,#2228,.T.);
#1650=EDGE_CURVE('',#2051,#2053,#2229,.T.);
#1651=EDGE_CURVE('',#1826,#2053,#142,.T.);
#1652=EDGE_CURVE('',#2054,#1819,#143,.T.);
#1653=EDGE_CURVE('',#2054,#2052,#2230,.T.);
#1654=EDGE_CURVE('',#2053,#2055,#2231,.T.);
#1655=EDGE_CURVE('',#1827,#2055,#144,.T.);
#1656=EDGE_CURVE('',#2056,#1818,#145,.T.);
#1657=EDGE_CURVE('',#2056,#2054,#2232,.T.);
#1658=EDGE_CURVE('',#2055,#2057,#2233,.T.);
#1659=EDGE_CURVE('',#1828,#2057,#146,.T.);
#1660=EDGE_CURVE('',#2058,#1817,#147,.T.);
#1661=EDGE_CURVE('',#2058,#2056,#2234,.T.);
#1662=EDGE_CURVE('',#2057,#2059,#2235,.T.);
#1663=EDGE_CURVE('',#1813,#2059,#148,.T.);
#1664=EDGE_CURVE('',#2060,#1816,#149,.T.);
#1665=EDGE_CURVE('',#2060,#2058,#2236,.T.);
#1666=EDGE_CURVE('',#2059,#2061,#2237,.T.);
#1667=EDGE_CURVE('',#1814,#2061,#150,.T.);
#1668=EDGE_CURVE('',#2062,#1815,#2238,.T.);
#1669=EDGE_CURVE('',#2062,#2060,#2239,.T.);
#1670=EDGE_CURVE('',#2061,#2062,#2240,.T.);
#1671=EDGE_CURVE('',#2063,#1834,#151,.T.);
#1672=EDGE_CURVE('',#2063,#2064,#2241,.T.);
#1673=EDGE_CURVE('',#1835,#2064,#152,.T.);
#1674=EDGE_CURVE('',#2064,#2065,#2242,.T.);
#1675=EDGE_CURVE('',#1836,#2065,#153,.T.);
#1676=EDGE_CURVE('',#2066,#1833,#154,.T.);
#1677=EDGE_CURVE('',#2066,#2063,#2243,.T.);
#1678=EDGE_CURVE('',#2065,#2067,#2244,.T.);
#1679=EDGE_CURVE('',#1829,#2067,#155,.T.);
#1680=EDGE_CURVE('',#2068,#1832,#156,.T.);
#1681=EDGE_CURVE('',#2068,#2066,#2245,.T.);
#1682=EDGE_CURVE('',#2067,#2069,#2246,.T.);
#1683=EDGE_CURVE('',#1830,#2069,#157,.T.);
#1684=EDGE_CURVE('',#2070,#1831,#158,.T.);
#1685=EDGE_CURVE('',#2070,#2068,#2247,.T.);
#1686=EDGE_CURVE('',#2069,#2070,#2248,.T.);
#1687=EDGE_CURVE('',#2071,#1843,#159,.T.);
#1688=EDGE_CURVE('',#2071,#1811,#2249,.T.);
#1689=EDGE_CURVE('',#1844,#1812,#160,.T.);
#1690=EDGE_CURVE('',#1812,#2072,#344,.T.);
#1691=EDGE_CURVE('',#1845,#2072,#161,.T.);
#1692=EDGE_CURVE('',#2073,#1842,#162,.T.);
#1693=EDGE_CURVE('',#2073,#2071,#2250,.T.);
#1694=EDGE_CURVE('',#2072,#2074,#2251,.T.);
#1695=EDGE_CURVE('',#1846,#2074,#163,.T.);
#1696=EDGE_CURVE('',#2075,#1841,#164,.T.);
#1697=EDGE_CURVE('',#2075,#2073,#2252,.T.);
#1698=EDGE_CURVE('',#2074,#2076,#2253,.T.);
#1699=EDGE_CURVE('',#1837,#2076,#165,.T.);
#1700=EDGE_CURVE('',#2077,#1840,#166,.T.);
#1701=EDGE_CURVE('',#2077,#2075,#2254,.T.);
#1702=EDGE_CURVE('',#2076,#2078,#2255,.T.);
#1703=EDGE_CURVE('',#1838,#2078,#167,.T.);
#1704=EDGE_CURVE('',#2079,#1839,#168,.F.);
#1705=EDGE_CURVE('',#2079,#2077,#345,.T.);
#1706=EDGE_CURVE('',#2078,#2079,#2256,.T.);
#1707=EDGE_CURVE('',#1860,#1910,#169,.T.);
#1708=EDGE_CURVE('',#1908,#1859,#170,.T.);
#1709=EDGE_CURVE('',#1906,#1858,#171,.T.);
#1710=EDGE_CURVE('',#1861,#1912,#172,.T.);
#1711=EDGE_CURVE('',#1904,#1857,#173,.T.);
#1712=EDGE_CURVE('',#1862,#1871,#174,.T.);
#1713=EDGE_CURVE('',#1902,#1856,#175,.T.);
#1714=EDGE_CURVE('',#1863,#1870,#176,.T.);
#1715=EDGE_CURVE('',#1900,#1855,#177,.T.);
#1716=EDGE_CURVE('',#1864,#1874,#178,.T.);
#1717=EDGE_CURVE('',#1898,#1854,#179,.T.);
#1718=EDGE_CURVE('',#1865,#1876,#180,.T.);
#1719=EDGE_CURVE('',#1896,#1853,#181,.T.);
#1720=EDGE_CURVE('',#1866,#1878,#182,.T.);
#1721=EDGE_CURVE('',#1894,#1852,#183,.T.);
#1722=EDGE_CURVE('',#1867,#1880,#184,.T.);
#1723=EDGE_CURVE('',#1892,#1851,#185,.T.);
#1724=EDGE_CURVE('',#1868,#1882,#186,.T.);
#1725=EDGE_CURVE('',#1890,#1850,#187,.T.);
#1726=EDGE_CURVE('',#1847,#1884,#188,.T.);
#1727=EDGE_CURVE('',#1888,#1849,#189,.T.);
#1728=EDGE_CURVE('',#1848,#1886,#190,.T.);
#1729=EDGE_CURVE('',#1909,#1925,#191,.T.);
#1730=EDGE_CURVE('',#1926,#1907,#192,.T.);
#1731=EDGE_CURVE('',#1927,#1905,#193,.T.);
#1732=EDGE_CURVE('',#1911,#1924,#194,.T.);
#1733=EDGE_CURVE('',#1928,#1903,#195,.T.);
#1734=EDGE_CURVE('',#1872,#1923,#196,.T.);
#1735=EDGE_CURVE('',#1929,#1901,#197,.T.);
#1736=EDGE_CURVE('',#1869,#1922,#198,.T.);
#1737=EDGE_CURVE('',#1930,#1899,#199,.T.);
#1738=EDGE_CURVE('',#1873,#1921,#200,.T.);
#1739=EDGE_CURVE('',#1931,#1897,#201,.T.);
#1740=EDGE_CURVE('',#1875,#1920,#202,.T.);
#1741=EDGE_CURVE('',#1932,#1895,#203,.T.);
#1742=EDGE_CURVE('',#1877,#1919,#204,.T.);
#1743=EDGE_CURVE('',#1933,#1893,#205,.T.);
#1744=EDGE_CURVE('',#1879,#1918,#206,.T.);
#1745=EDGE_CURVE('',#1934,#1891,#207,.T.);
#1746=EDGE_CURVE('',#1881,#1917,#208,.T.);
#1747=EDGE_CURVE('',#1913,#1889,#209,.T.);
#1748=EDGE_CURVE('',#1883,#1916,#210,.T.);
#1749=EDGE_CURVE('',#1914,#1887,#211,.T.);
#1750=EDGE_CURVE('',#1885,#1915,#212,.T.);
#1751=EDGE_CURVE('',#1950,#2021,#213,.T.);
#1752=EDGE_CURVE('',#2022,#1949,#2257,.T.);
#1753=EDGE_CURVE('',#2023,#1948,#214,.T.);
#1754=EDGE_CURVE('',#1951,#2024,#215,.T.);
#1755=EDGE_CURVE('',#2025,#1947,#216,.T.);
#1756=EDGE_CURVE('',#1952,#2026,#217,.T.);
#1757=EDGE_CURVE('',#2027,#1946,#218,.T.);
#1758=EDGE_CURVE('',#1943,#2028,#219,.T.);
#1759=EDGE_CURVE('',#2029,#1945,#220,.T.);
#1760=EDGE_CURVE('',#1944,#2030,#2258,.F.);
#1761=EDGE_CURVE('',#1960,#2071,#221,.T.);
#1762=EDGE_CURVE('',#1811,#1959,#2259,.T.);
#1763=EDGE_CURVE('',#2072,#1958,#222,.T.);
#1764=EDGE_CURVE('',#1961,#2073,#223,.T.);
#1765=EDGE_CURVE('',#2074,#1957,#224,.T.);
#1766=EDGE_CURVE('',#1962,#2075,#225,.T.);
#1767=EDGE_CURVE('',#2076,#1956,#226,.T.);
#1768=EDGE_CURVE('',#1953,#2077,#227,.T.);
#1769=EDGE_CURVE('',#2078,#1955,#228,.T.);
#1770=EDGE_CURVE('',#1954,#2079,#229,.T.);
#1771=EDGE_CURVE('',#1941,#2063,#230,.T.);
#1772=EDGE_CURVE('',#2064,#1940,#231,.T.);
#1773=EDGE_CURVE('',#2065,#1939,#232,.T.);
#1774=EDGE_CURVE('',#1942,#2066,#233,.T.);
#1775=EDGE_CURVE('',#2067,#1938,#234,.T.);
#1776=EDGE_CURVE('',#1935,#2068,#235,.T.);
#1777=EDGE_CURVE('',#2069,#1937,#236,.T.);
#1778=EDGE_CURVE('',#1936,#2070,#237,.T.);
#1779=EDGE_CURVE('',#1969,#2039,#238,.T.);
#1780=EDGE_CURVE('',#2040,#1968,#239,.T.);
#1781=EDGE_CURVE('',#2041,#1967,#240,.T.);
#1782=EDGE_CURVE('',#1970,#2042,#241,.T.);
#1783=EDGE_CURVE('',#2043,#1966,#242,.T.);
#1784=EDGE_CURVE('',#1963,#2044,#243,.T.);
#1785=EDGE_CURVE('',#2045,#1965,#244,.T.);
#1786=EDGE_CURVE('',#1964,#2046,#245,.T.);
#1787=EDGE_CURVE('',#1977,#2031,#246,.T.);
#1788=EDGE_CURVE('',#2032,#1976,#247,.T.);
#1789=EDGE_CURVE('',#2033,#1975,#248,.T.);
#1790=EDGE_CURVE('',#1978,#2034,#249,.T.);
#1791=EDGE_CURVE('',#2035,#1974,#250,.T.);
#1792=EDGE_CURVE('',#1971,#2036,#251,.T.);
#1793=EDGE_CURVE('',#2037,#1973,#252,.T.);
#1794=EDGE_CURVE('',#1972,#2038,#253,.T.);
#1795=EDGE_CURVE('',#1989,#2047,#254,.T.);
#1796=EDGE_CURVE('',#2048,#1988,#2260,.T.);
#1797=EDGE_CURVE('',#2049,#1987,#255,.T.);
#1798=EDGE_CURVE('',#1990,#2050,#256,.T.);
#1799=EDGE_CURVE('',#2051,#1986,#257,.T.);
#1800=EDGE_CURVE('',#1991,#2052,#258,.T.);
#1801=EDGE_CURVE('',#2053,#1985,#259,.T.);
#1802=EDGE_CURVE('',#1992,#2054,#260,.T.);
#1803=EDGE_CURVE('',#2055,#1984,#261,.T.);
#1804=EDGE_CURVE('',#1993,#2056,#262,.T.);
#1805=EDGE_CURVE('',#2057,#1983,#263,.T.);
#1806=EDGE_CURVE('',#1994,#2058,#264,.T.);
#1807=EDGE_CURVE('',#2059,#1982,#265,.T.);
#1808=EDGE_CURVE('',#1979,#2060,#266,.T.);
#1809=EDGE_CURVE('',#2061,#1981,#267,.T.);
#1810=EDGE_CURVE('',#1980,#2062,#2261,.F.);
#1811=VERTEX_POINT('',#3906);
#1812=VERTEX_POINT('',#3907);
#1813=VERTEX_POINT('',#3913);
#1814=VERTEX_POINT('',#3914);
#1815=VERTEX_POINT('',#3919);
#1816=VERTEX_POINT('',#3924);
#1817=VERTEX_POINT('',#3929);
#1818=VERTEX_POINT('',#3934);
#1819=VERTEX_POINT('',#3939);
#1820=VERTEX_POINT('',#3944);
#1821=VERTEX_POINT('',#3949);
#1822=VERTEX_POINT('',#3954);
#1823=VERTEX_POINT('',#3959);
#1824=VERTEX_POINT('',#3964);
#1825=VERTEX_POINT('',#3969);
#1826=VERTEX_POINT('',#3974);
#1827=VERTEX_POINT('',#3979);
#1828=VERTEX_POINT('',#3984);
#1829=VERTEX_POINT('',#3993);
#1830=VERTEX_POINT('',#3994);
#1831=VERTEX_POINT('',#3999);
#1832=VERTEX_POINT('',#4004);
#1833=VERTEX_POINT('',#4009);
#1834=VERTEX_POINT('',#4014);
#1835=VERTEX_POINT('',#4019);
#1836=VERTEX_POINT('',#4024);
#1837=VERTEX_POINT('',#4033);
#1838=VERTEX_POINT('',#4034);
#1839=VERTEX_POINT('',#4039);
#1840=VERTEX_POINT('',#4041);
#1841=VERTEX_POINT('',#4046);
#1842=VERTEX_POINT('',#4051);
#1843=VERTEX_POINT('',#4056);
#1844=VERTEX_POINT('',#4061);
#1845=VERTEX_POINT('',#4063);
#1846=VERTEX_POINT('',#4068);
#1847=VERTEX_POINT('',#4074);
#1848=VERTEX_POINT('',#4075);
#1849=VERTEX_POINT('',#4087);
#1850=VERTEX_POINT('',#4089);
#1851=VERTEX_POINT('',#4091);
#1852=VERTEX_POINT('',#4093);
#1853=VERTEX_POINT('',#4095);
#1854=VERTEX_POINT('',#4097);
#1855=VERTEX_POINT('',#4099);
#1856=VERTEX_POINT('',#4101);
#1857=VERTEX_POINT('',#4103);
#1858=VERTEX_POINT('',#4105);
#1859=VERTEX_POINT('',#4107);
#1860=VERTEX_POINT('',#4109);
#1861=VERTEX_POINT('',#4111);
#1862=VERTEX_POINT('',#4113);
#1863=VERTEX_POINT('',#4115);
#1864=VERTEX_POINT('',#4117);
#1865=VERTEX_POINT('',#4119);
#1866=VERTEX_POINT('',#4121);
#1867=VERTEX_POINT('',#4123);
#1868=VERTEX_POINT('',#4125);
#1869=VERTEX_POINT('',#4129);
#1870=VERTEX_POINT('',#4130);
#1871=VERTEX_POINT('',#4132);
#1872=VERTEX_POINT('',#4134);
#1873=VERTEX_POINT('',#4138);
#1874=VERTEX_POINT('',#4139);
#1875=VERTEX_POINT('',#4144);
#1876=VERTEX_POINT('',#4145);
#1877=VERTEX_POINT('',#4150);
#1878=VERTEX_POINT('',#4151);
#1879=VERTEX_POINT('',#4156);
#1880=VERTEX_POINT('',#4157);
#1881=VERTEX_POINT('',#4162);
#1882=VERTEX_POINT('',#4163);
#1883=VERTEX_POINT('',#4168);
#1884=VERTEX_POINT('',#4169);
#1885=VERTEX_POINT('',#4174);
#1886=VERTEX_POINT('',#4175);
#1887=VERTEX_POINT('',#4193);
#1888=VERTEX_POINT('',#4194);
#1889=VERTEX_POINT('',#4219);
#1890=VERTEX_POINT('',#4220);
#1891=VERTEX_POINT('',#4225);
#1892=VERTEX_POINT('',#4226);
#1893=VERTEX_POINT('',#4231);
#1894=VERTEX_POINT('',#4232);
#1895=VERTEX_POINT('',#4237);
#1896=VERTEX_POINT('',#4238);
#1897=VERTEX_POINT('',#4243);
#1898=VERTEX_POINT('',#4244);
#1899=VERTEX_POINT('',#4249);
#1900=VERTEX_POINT('',#4250);
#1901=VERTEX_POINT('',#4255);
#1902=VERTEX_POINT('',#4256);
#1903=VERTEX_POINT('',#4261);
#1904=VERTEX_POINT('',#4262);
#1905=VERTEX_POINT('',#4267);
#1906=VERTEX_POINT('',#4268);
#1907=VERTEX_POINT('',#4273);
#1908=VERTEX_POINT('',#4274);
#1909=VERTEX_POINT('',#4279);
#1910=VERTEX_POINT('',#4280);
#1911=VERTEX_POINT('',#4285);
#1912=VERTEX_POINT('',#4286);
#1913=VERTEX_POINT('',#4294);
#1914=VERTEX_POINT('',#4295);
#1915=VERTEX_POINT('',#4307);
#1916=VERTEX_POINT('',#4309);
#1917=VERTEX_POINT('',#4311);
#1918=VERTEX_POINT('',#4313);
#1919=VERTEX_POINT('',#4315);
#1920=VERTEX_POINT('',#4317);
#1921=VERTEX_POINT('',#4319);
#1922=VERTEX_POINT('',#4321);
#1923=VERTEX_POINT('',#4323);
#1924=VERTEX_POINT('',#4325);
#1925=VERTEX_POINT('',#4327);
#1926=VERTEX_POINT('',#4329);
#1927=VERTEX_POINT('',#4331);
#1928=VERTEX_POINT('',#4333);
#1929=VERTEX_POINT('',#4335);
#1930=VERTEX_POINT('',#4337);
#1931=VERTEX_POINT('',#4339);
#1932=VERTEX_POINT('',#4341);
#1933=VERTEX_POINT('',#4343);
#1934=VERTEX_POINT('',#4345);
#1935=VERTEX_POINT('',#4352);
#1936=VERTEX_POINT('',#4353);
#1937=VERTEX_POINT('',#4358);
#1938=VERTEX_POINT('',#4363);
#1939=VERTEX_POINT('',#4368);
#1940=VERTEX_POINT('',#4373);
#1941=VERTEX_POINT('',#4378);
#1942=VERTEX_POINT('',#4383);
#1943=VERTEX_POINT('',#4390);
#1944=VERTEX_POINT('',#4391);
#1945=VERTEX_POINT('',#4396);
#1946=VERTEX_POINT('',#4401);
#1947=VERTEX_POINT('',#4406);
#1948=VERTEX_POINT('',#4411);
#1949=VERTEX_POINT('',#4413);
#1950=VERTEX_POINT('',#4418);
#1951=VERTEX_POINT('',#4423);
#1952=VERTEX_POINT('',#4428);
#1953=VERTEX_POINT('',#4434);
#1954=VERTEX_POINT('',#4435);
#1955=VERTEX_POINT('',#4440);
#1956=VERTEX_POINT('',#4445);
#1957=VERTEX_POINT('',#4450);
#1958=VERTEX_POINT('',#4455);
#1959=VERTEX_POINT('',#4457);
#1960=VERTEX_POINT('',#4462);
#1961=VERTEX_POINT('',#4467);
#1962=VERTEX_POINT('',#4472);
#1963=VERTEX_POINT('',#4482);
#1964=VERTEX_POINT('',#4483);
#1965=VERTEX_POINT('',#4488);
#1966=VERTEX_POINT('',#4493);
#1967=VERTEX_POINT('',#4498);
#1968=VERTEX_POINT('',#4503);
#1969=VERTEX_POINT('',#4508);
#1970=VERTEX_POINT('',#4513);
#1971=VERTEX_POINT('',#4522);
#1972=VERTEX_POINT('',#4523);
#1973=VERTEX_POINT('',#4528);
#1974=VERTEX_POINT('',#4533);
#1975=VERTEX_POINT('',#4538);
#1976=VERTEX_POINT('',#4543);
#1977=VERTEX_POINT('',#4548);
#1978=VERTEX_POINT('',#4553);
#1979=VERTEX_POINT('',#4562);
#1980=VERTEX_POINT('',#4563);
#1981=VERTEX_POINT('',#4568);
#1982=VERTEX_POINT('',#4573);
#1983=VERTEX_POINT('',#4578);
#1984=VERTEX_POINT('',#4583);
#1985=VERTEX_POINT('',#4588);
#1986=VERTEX_POINT('',#4593);
#1987=VERTEX_POINT('',#4598);
#1988=VERTEX_POINT('',#4603);
#1989=VERTEX_POINT('',#4608);
#1990=VERTEX_POINT('',#4613);
#1991=VERTEX_POINT('',#4618);
#1992=VERTEX_POINT('',#4623);
#1993=VERTEX_POINT('',#4628);
#1994=VERTEX_POINT('',#4633);
#1995=VERTEX_POINT('',#4643);
#1996=VERTEX_POINT('',#4644);
#1997=VERTEX_POINT('',#4649);
#1998=VERTEX_POINT('',#4654);
#1999=VERTEX_POINT('',#4659);
#2000=VERTEX_POINT('',#4664);
#2001=VERTEX_POINT('',#4669);
#2002=VERTEX_POINT('',#4674);
#2003=VERTEX_POINT('',#4684);
#2004=VERTEX_POINT('',#4685);
#2005=VERTEX_POINT('',#4690);
#2006=VERTEX_POINT('',#4692);
#2007=VERTEX_POINT('',#4697);
#2008=VERTEX_POINT('',#4702);
#2009=VERTEX_POINT('',#4707);
#2010=VERTEX_POINT('',#4712);
#2011=VERTEX_POINT('',#4714);
#2012=VERTEX_POINT('',#4719);
#2013=VERTEX_POINT('',#4729);
#2014=VERTEX_POINT('',#4730);
#2015=VERTEX_POINT('',#4735);
#2016=VERTEX_POINT('',#4740);
#2017=VERTEX_POINT('',#4745);
#2018=VERTEX_POINT('',#4750);
#2019=VERTEX_POINT('',#4755);
#2020=VERTEX_POINT('',#4760);
#2021=VERTEX_POINT('',#4781);
#2022=VERTEX_POINT('',#4786);
#2023=VERTEX_POINT('',#4793);
#2024=VERTEX_POINT('',#4811);
#2025=VERTEX_POINT('',#4835);
#2026=VERTEX_POINT('',#4853);
#2027=VERTEX_POINT('',#4877);
#2028=VERTEX_POINT('',#4895);
#2029=VERTEX_POINT('',#4919);
#2030=VERTEX_POINT('',#4926);
#2031=VERTEX_POINT('',#4960);
#2032=VERTEX_POINT('',#4965);
#2033=VERTEX_POINT('',#4983);
#2034=VERTEX_POINT('',#4998);
#2035=VERTEX_POINT('',#5019);
#2036=VERTEX_POINT('',#5034);
#2037=VERTEX_POINT('',#5055);
#2038=VERTEX_POINT('',#5070);
#2039=VERTEX_POINT('',#5104);
#2040=VERTEX_POINT('',#5109);
#2041=VERTEX_POINT('',#5127);
#2042=VERTEX_POINT('',#5145);
#2043=VERTEX_POINT('',#5169);
#2044=VERTEX_POINT('',#5187);
#2045=VERTEX_POINT('',#5211);
#2046=VERTEX_POINT('',#5226);
#2047=VERTEX_POINT('',#5260);
#2048=VERTEX_POINT('',#5265);
#2049=VERTEX_POINT('',#5286);
#2050=VERTEX_POINT('',#5301);
#2051=VERTEX_POINT('',#5322);
#2052=VERTEX_POINT('',#5337);
#2053=VERTEX_POINT('',#5358);
#2054=VERTEX_POINT('',#5373);
#2055=VERTEX_POINT('',#5394);
#2056=VERTEX_POINT('',#5409);
#2057=VERTEX_POINT('',#5430);
#2058=VERTEX_POINT('',#5445);
#2059=VERTEX_POINT('',#5466);
#2060=VERTEX_POINT('',#5481);
#2061=VERTEX_POINT('',#5502);
#2062=VERTEX_POINT('',#5520);
#2063=VERTEX_POINT('',#5554);
#2064=VERTEX_POINT('',#5559);
#2065=VERTEX_POINT('',#5577);
#2066=VERTEX_POINT('',#5592);
#2067=VERTEX_POINT('',#5613);
#2068=VERTEX_POINT('',#5628);
#2069=VERTEX_POINT('',#5649);
#2070=VERTEX_POINT('',#5664);
#2071=VERTEX_POINT('',#5701);
#2072=VERTEX_POINT('',#5709);
#2073=VERTEX_POINT('',#5724);
#2074=VERTEX_POINT('',#5745);
#2075=VERTEX_POINT('',#5760);
#2076=VERTEX_POINT('',#5781);
#2077=VERTEX_POINT('',#5796);
#2078=VERTEX_POINT('',#5817);
#2079=VERTEX_POINT('',#5821);
#2080=B_SPLINE_CURVE_WITH_KNOTS('',3,(#3902,#3903,#3904,#3905),
 .UNSPECIFIED.,.F.,.F.,(4,4),(0.00138876853601953,0.00138889961977413),
 .UNSPECIFIED.);
#2081=B_SPLINE_CURVE_WITH_KNOTS('',3,(#3909,#3910,#3911,#3912),
 .UNSPECIFIED.,.F.,.F.,(4,4),(0.,0.000765582737209833),.UNSPECIFIED.);
#2082=B_SPLINE_CURVE_WITH_KNOTS('',3,(#3915,#3916,#3917,#3918),
 .UNSPECIFIED.,.F.,.F.,(4,4),(8.67361737988404E-19,0.000412398414672574),
 .UNSPECIFIED.);
#2083=B_SPLINE_CURVE_WITH_KNOTS('',3,(#3920,#3921,#3922,#3923),
 .UNSPECIFIED.,.F.,.F.,(4,4),(0.,0.000343490879226273),.UNSPECIFIED.);
#2084=B_SPLINE_CURVE_WITH_KNOTS('',3,(#3925,#3926,#3927,#3928),
 .UNSPECIFIED.,.F.,.F.,(4,4),(0.,0.000685155203146478),.UNSPECIFIED.);
#2085=B_SPLINE_CURVE_WITH_KNOTS('',3,(#3930,#3931,#3932,#3933),
 .UNSPECIFIED.,.F.,.F.,(4,4),(0.,0.00112058594135748),.UNSPECIFIED.);
#2086=B_SPLINE_CURVE_WITH_KNOTS('',3,(#3935,#3936,#3937,#3938),
 .UNSPECIFIED.,.F.,.F.,(4,4),(0.,0.00119218611278071),.UNSPECIFIED.);
#2087=B_SPLINE_CURVE_WITH_KNOTS('',3,(#3940,#3941,#3942,#3943),
 .UNSPECIFIED.,.F.,.F.,(4,4),(0.,0.00117997352912752),.UNSPECIFIED.);
#2088=B_SPLINE_CURVE_WITH_KNOTS('',3,(#3945,#3946,#3947,#3948),
 .UNSPECIFIED.,.F.,.F.,(4,4),(0.,0.00112186742691903),.UNSPECIFIED.);
#2089=B_SPLINE_CURVE_WITH_KNOTS('',3,(#3950,#3951,#3952,#3953),
 .UNSPECIFIED.,.F.,.F.,(4,4),(0.,0.000687138744386174),.UNSPECIFIED.);
#2090=B_SPLINE_CURVE_WITH_KNOTS('',3,(#3955,#3956,#3957,#3958),
 .UNSPECIFIED.,.F.,.F.,(4,4),(0.,0.000344263453787963),.UNSPECIFIED.);
#2091=B_SPLINE_CURVE_WITH_KNOTS('',3,(#3960,#3961,#3962,#3963),
 .UNSPECIFIED.,.F.,.F.,(4,4),(2.18783294530189E-16,0.000415165693053616),
 .UNSPECIFIED.);
#2092=B_SPLINE_CURVE_WITH_KNOTS('',3,(#3965,#3966,#3967,#3968),
 .UNSPECIFIED.,.F.,.F.,(4,4),(0.,0.000764253936605348),.UNSPECIFIED.);
#2093=B_SPLINE_CURVE_WITH_KNOTS('',3,(#3970,#3971,#3972,#3973),
 .UNSPECIFIED.,.F.,.F.,(4,4),(0.,0.00116377168485353),.UNSPECIFIED.);
#2094=B_SPLINE_CURVE_WITH_KNOTS('',3,(#3975,#3976,#3977,#3978),
 .UNSPECIFIED.,.F.,.F.,(4,4),(3.46944695195361E-18,0.00124971213545707),
 .UNSPECIFIED.);
#2095=B_SPLINE_CURVE_WITH_KNOTS('',3,(#3980,#3981,#3982,#3983),
 .UNSPECIFIED.,.F.,.F.,(4,4),(0.,0.00125466302906013),.UNSPECIFIED.);
#2096=B_SPLINE_CURVE_WITH_KNOTS('',3,(#3985,#3986,#3987,#3988),
 .UNSPECIFIED.,.F.,.F.,(4,4),(0.,0.0011608409878942),.UNSPECIFIED.);
#2097=B_SPLINE_CURVE_WITH_KNOTS('',3,(#3989,#3990,#3991,#3992),
 .UNSPECIFIED.,.F.,.F.,(4,4),(0.,0.000517167589722183),.UNSPECIFIED.);
#2098=B_SPLINE_CURVE_WITH_KNOTS('',3,(#3995,#3996,#3997,#3998),
 .UNSPECIFIED.,.F.,.F.,(4,4),(0.,0.000520561514776943),.UNSPECIFIED.);
#2099=B_SPLINE_CURVE_WITH_KNOTS('',3,(#4000,#4001,#4002,#4003),
 .UNSPECIFIED.,.F.,.F.,(4,4),(0.,0.000524675681466982),.UNSPECIFIED.);
#2100=B_SPLINE_CURVE_WITH_KNOTS('',3,(#4005,#4006,#4007,#4008),
 .UNSPECIFIED.,.F.,.F.,(4,4),(1.30104260698261E-18,0.000516549682478527),
 .UNSPECIFIED.);
#2101=B_SPLINE_CURVE_WITH_KNOTS('',3,(#4010,#4011,#4012,#4013),
 .UNSPECIFIED.,.F.,.F.,(4,4),(0.,0.000519740556046208),.UNSPECIFIED.);
#2102=B_SPLINE_CURVE_WITH_KNOTS('',3,(#4015,#4016,#4017,#4018),
 .UNSPECIFIED.,.F.,.F.,(4,4),(6.50521303491303E-19,0.000524718746978559),
 .UNSPECIFIED.);
#2103=B_SPLINE_CURVE_WITH_KNOTS('',3,(#4020,#4021,#4022,#4023),
 .UNSPECIFIED.,.F.,.F.,(4,4),(0.,0.000521698977786381),.UNSPECIFIED.);
#2104=B_SPLINE_CURVE_WITH_KNOTS('',3,(#4025,#4026,#4027,#4028),
 .UNSPECIFIED.,.F.,.F.,(4,4),(1.62630325872826E-18,0.000519217497100223),
 .UNSPECIFIED.);
#2105=B_SPLINE_CURVE_WITH_KNOTS('',3,(#4029,#4030,#4031,#4032),
 .UNSPECIFIED.,.F.,.F.,(4,4),(0.,0.0013509113412593),.UNSPECIFIED.);
#2106=B_SPLINE_CURVE_WITH_KNOTS('',3,(#4035,#4036,#4037,#4038),
 .UNSPECIFIED.,.F.,.F.,(4,4),(4.33680868994202E-19,0.00150428653066725),
 .UNSPECIFIED.);
#2107=B_SPLINE_CURVE_WITH_KNOTS('',3,(#4042,#4043,#4044,#4045),
 .UNSPECIFIED.,.F.,.F.,(4,4),(0.,0.00154036797795233),.UNSPECIFIED.);
#2108=B_SPLINE_CURVE_WITH_KNOTS('',3,(#4047,#4048,#4049,#4050),
 .UNSPECIFIED.,.F.,.F.,(4,4),(1.0842021724855E-18,0.00136445337066806),
 .UNSPECIFIED.);
#2109=B_SPLINE_CURVE_WITH_KNOTS('',3,(#4052,#4053,#4054,#4055),
 .UNSPECIFIED.,.F.,.F.,(4,4),(0.,0.00135237416128546),.UNSPECIFIED.);
#2110=B_SPLINE_CURVE_WITH_KNOTS('',3,(#4057,#4058,#4059,#4060),
 .UNSPECIFIED.,.F.,.F.,(4,4),(0.,0.00150722936006653),.UNSPECIFIED.);
#2111=B_SPLINE_CURVE_WITH_KNOTS('',3,(#4064,#4065,#4066,#4067),
 .UNSPECIFIED.,.F.,.F.,(4,4),(0.,0.00154881181940298),.UNSPECIFIED.);
#2112=B_SPLINE_CURVE_WITH_KNOTS('',3,(#4069,#4070,#4071,#4072),
 .UNSPECIFIED.,.F.,.F.,(4,4),(0.,0.00135428775976411),.UNSPECIFIED.);
#2113=B_SPLINE_CURVE_WITH_KNOTS('',3,(#4076,#4077,#4078,#4079,#4080,#4081,
#4082,#4083,#4084,#4085,#4086),.UNSPECIFIED.,.F.,.F.,(4,1,1,1,1,1,1,1,4),
(0.,0.00255589898167696,0.00511179796335392,0.00766769694503087,0.0102235959267078,
0.0127794949083848,0.0153353938900617,0.0178912928717387,0.0204471918534157),
 .UNSPECIFIED.);
#2114=B_SPLINE_CURVE_WITH_KNOTS('',3,(#4195,#4196,#4197,#4198,#4199,#4200,
#4201,#4202,#4203,#4204,#4205),.UNSPECIFIED.,.F.,.F.,(4,1,1,1,1,1,1,1,4),
(0.,0.00249883048964952,0.00499766097929903,0.00749649146894855,0.00999532195859806,
0.0124941524482476,0.0149929829378971,0.0174918134275466,0.0199906439171961),
 .UNSPECIFIED.);
#2115=B_SPLINE_CURVE_WITH_KNOTS('',3,(#4206,#4207,#4208,#4209,#4210,#4211,
#4212,#4213,#4214,#4215,#4216),.UNSPECIFIED.,.F.,.F.,(4,1,1,1,1,1,1,1,4),
(0.,0.00249883048964952,0.00499766097929903,0.00749649146894855,0.00999532195859806,
0.0124941524482476,0.0149929829378971,0.0174918134275466,0.0199906439171961),
 .UNSPECIFIED.);
#2116=B_SPLINE_CURVE_WITH_KNOTS('',3,(#4296,#4297,#4298,#4299,#4300,#4301,
#4302,#4303,#4304,#4305,#4306),.UNSPECIFIED.,.F.,.F.,(4,1,1,1,1,1,1,1,4),
(0.,0.00255589898167697,0.00511179796335394,0.00766769694503091,0.0102235959267079,
0.0127794949083848,0.0153353938900618,0.0178912928717388,0.0204471918534158),
 .UNSPECIFIED.);
#2117=B_SPLINE_CURVE_WITH_KNOTS('',3,(#4348,#4349,#4350,#4351),
 .UNSPECIFIED.,.F.,.F.,(4,4),(0.,0.000237445914767329),.UNSPECIFIED.);
#2118=B_SPLINE_CURVE_WITH_KNOTS('',3,(#4354,#4355,#4356,#4357),
 .UNSPECIFIED.,.F.,.F.,(4,4),(0.,0.000234214892971948),.UNSPECIFIED.);
#2119=B_SPLINE_CURVE_WITH_KNOTS('',3,(#4359,#4360,#4361,#4362),
 .UNSPECIFIED.,.F.,.F.,(4,4),(0.,0.00025622471403554),.UNSPECIFIED.);
#2120=B_SPLINE_CURVE_WITH_KNOTS('',3,(#4364,#4365,#4366,#4367),
 .UNSPECIFIED.,.F.,.F.,(4,4),(0.,0.000260355720590575),.UNSPECIFIED.);
#2121=B_SPLINE_CURVE_WITH_KNOTS('',3,(#4369,#4370,#4371,#4372),
 .UNSPECIFIED.,.F.,.F.,(4,4),(0.,0.000233116330178078),.UNSPECIFIED.);
#2122=B_SPLINE_CURVE_WITH_KNOTS('',3,(#4374,#4375,#4376,#4377),
 .UNSPECIFIED.,.F.,.F.,(4,4),(0.,0.00023848827651374),.UNSPECIFIED.);
#2123=B_SPLINE_CURVE_WITH_KNOTS('',3,(#4379,#4380,#4381,#4382),
 .UNSPECIFIED.,.F.,.F.,(4,4),(0.,0.000258675482831673),.UNSPECIFIED.);
#2124=B_SPLINE_CURVE_WITH_KNOTS('',3,(#4384,#4385,#4386,#4387),
 .UNSPECIFIED.,.F.,.F.,(4,4),(0.,0.000256684483450786),.UNSPECIFIED.);
#2125=B_SPLINE_CURVE_WITH_KNOTS('',3,(#4392,#4393,#4394,#4395),
 .UNSPECIFIED.,.F.,.F.,(4,4),(0.,0.000826238747333354),.UNSPECIFIED.);
#2126=B_SPLINE_CURVE_WITH_KNOTS('',3,(#4397,#4398,#4399,#4400),
 .UNSPECIFIED.,.F.,.F.,(4,4),(0.,0.000679410878964028),.UNSPECIFIED.);
#2127=B_SPLINE_CURVE_WITH_KNOTS('',3,(#4402,#4403,#4404,#4405),
 .UNSPECIFIED.,.F.,.F.,(4,4),(0.,0.000690740170762907),.UNSPECIFIED.);
#2128=B_SPLINE_CURVE_WITH_KNOTS('',3,(#4407,#4408,#4409,#4410),
 .UNSPECIFIED.,.F.,.F.,(4,4),(0.,0.000855229795583053),.UNSPECIFIED.);
#2129=B_SPLINE_CURVE_WITH_KNOTS('',3,(#4414,#4415,#4416,#4417),
 .UNSPECIFIED.,.F.,.F.,(4,4),(0.,0.000812513125474143),.UNSPECIFIED.);
#2130=B_SPLINE_CURVE_WITH_KNOTS('',3,(#4419,#4420,#4421,#4422),
 .UNSPECIFIED.,.F.,.F.,(4,4),(0.,0.000658582828030696),.UNSPECIFIED.);
#2131=B_SPLINE_CURVE_WITH_KNOTS('',3,(#4424,#4425,#4426,#4427),
 .UNSPECIFIED.,.F.,.F.,(4,4),(0.,0.000675808557430835),.UNSPECIFIED.);
#2132=B_SPLINE_CURVE_WITH_KNOTS('',3,(#4429,#4430,#4431,#4432),
 .UNSPECIFIED.,.F.,.F.,(4,4),(0.,0.000858605385193523),.UNSPECIFIED.);
#2133=B_SPLINE_CURVE_WITH_KNOTS('',3,(#4436,#4437,#4438,#4439),
 .UNSPECIFIED.,.F.,.F.,(4,4),(1.05606499675291E-9,0.00126739368609669),
 .UNSPECIFIED.);
#2134=B_SPLINE_CURVE_WITH_KNOTS('',3,(#4441,#4442,#4443,#4444),
 .UNSPECIFIED.,.F.,.F.,(4,4),(0.,0.00104633971785363),.UNSPECIFIED.);
#2135=B_SPLINE_CURVE_WITH_KNOTS('',3,(#4446,#4447,#4448,#4449),
 .UNSPECIFIED.,.F.,.F.,(4,4),(0.,0.00104644580032748),.UNSPECIFIED.);
#2136=B_SPLINE_CURVE_WITH_KNOTS('',3,(#4451,#4452,#4453,#4454),
 .UNSPECIFIED.,.F.,.F.,(4,4),(0.,0.00130811064164277),.UNSPECIFIED.);
#2137=B_SPLINE_CURVE_WITH_KNOTS('',3,(#4458,#4459,#4460,#4461),
 .UNSPECIFIED.,.F.,.F.,(4,4),(0.,0.00127934884703506),.UNSPECIFIED.);
#2138=B_SPLINE_CURVE_WITH_KNOTS('',3,(#4463,#4464,#4465,#4466),
 .UNSPECIFIED.,.F.,.F.,(4,4),(0.,0.00104727787196653),.UNSPECIFIED.);
#2139=B_SPLINE_CURVE_WITH_KNOTS('',3,(#4468,#4469,#4470,#4471),
 .UNSPECIFIED.,.F.,.F.,(4,4),(0.,0.00105205937837737),.UNSPECIFIED.);
#2140=B_SPLINE_CURVE_WITH_KNOTS('',3,(#4473,#4474,#4475,#4476),
 .UNSPECIFIED.,.F.,.F.,(4,4),(0.,0.001304890209748),.UNSPECIFIED.);
#2141=B_SPLINE_CURVE_WITH_KNOTS('',3,(#4478,#4479,#4480,#4481),
 .UNSPECIFIED.,.F.,.F.,(4,4),(0.,0.000525770429602183),.UNSPECIFIED.);
#2142=B_SPLINE_CURVE_WITH_KNOTS('',3,(#4484,#4485,#4486,#4487),
 .UNSPECIFIED.,.F.,.F.,(4,4),(0.,0.00052966668492905),.UNSPECIFIED.);
#2143=B_SPLINE_CURVE_WITH_KNOTS('',3,(#4489,#4490,#4491,#4492),
 .UNSPECIFIED.,.F.,.F.,(4,4),(0.,0.000532291375999432),.UNSPECIFIED.);
#2144=B_SPLINE_CURVE_WITH_KNOTS('',3,(#4494,#4495,#4496,#4497),
 .UNSPECIFIED.,.F.,.F.,(4,4),(0.,0.000535238995640497),.UNSPECIFIED.);
#2145=B_SPLINE_CURVE_WITH_KNOTS('',3,(#4499,#4500,#4501,#4502),
 .UNSPECIFIED.,.F.,.F.,(4,4),(0.,0.000533225392972059),.UNSPECIFIED.);
#2146=B_SPLINE_CURVE_WITH_KNOTS('',3,(#4504,#4505,#4506,#4507),
 .UNSPECIFIED.,.F.,.F.,(4,4),(0.,0.000530043020083389),.UNSPECIFIED.);
#2147=B_SPLINE_CURVE_WITH_KNOTS('',3,(#4509,#4510,#4511,#4512),
 .UNSPECIFIED.,.F.,.F.,(4,4),(0.,0.000520983555910653),.UNSPECIFIED.);
#2148=B_SPLINE_CURVE_WITH_KNOTS('',3,(#4514,#4515,#4516,#4517),
 .UNSPECIFIED.,.F.,.F.,(4,4),(0.,0.000528638132980242),.UNSPECIFIED.);
#2149=B_SPLINE_CURVE_WITH_KNOTS('',3,(#4518,#4519,#4520,#4521),
 .UNSPECIFIED.,.F.,.F.,(4,4),(0.,0.000587523991963289),.UNSPECIFIED.);
#2150=B_SPLINE_CURVE_WITH_KNOTS('',3,(#4524,#4525,#4526,#4527),
 .UNSPECIFIED.,.F.,.F.,(4,4),(0.,0.000584355494202143),.UNSPECIFIED.);
#2151=B_SPLINE_CURVE_WITH_KNOTS('',3,(#4529,#4530,#4531,#4532),
 .UNSPECIFIED.,.F.,.F.,(4,4),(0.,0.00057967399240241),.UNSPECIFIED.);
#2152=B_SPLINE_CURVE_WITH_KNOTS('',3,(#4534,#4535,#4536,#4537),
 .UNSPECIFIED.,.F.,.F.,(4,4),(0.,0.000589788011631662),.UNSPECIFIED.);
#2153=B_SPLINE_CURVE_WITH_KNOTS('',3,(#4539,#4540,#4541,#4542),
 .UNSPECIFIED.,.F.,.F.,(4,4),(0.,0.000580396971789482),.UNSPECIFIED.);
#2154=B_SPLINE_CURVE_WITH_KNOTS('',3,(#4544,#4545,#4546,#4547),
 .UNSPECIFIED.,.F.,.F.,(4,4),(0.,0.000587653133825262),.UNSPECIFIED.);
#2155=B_SPLINE_CURVE_WITH_KNOTS('',3,(#4549,#4550,#4551,#4552),
 .UNSPECIFIED.,.F.,.F.,(4,4),(0.,0.000580805803776219),.UNSPECIFIED.);
#2156=B_SPLINE_CURVE_WITH_KNOTS('',3,(#4554,#4555,#4556,#4557),
 .UNSPECIFIED.,.F.,.F.,(4,4),(0.,0.000583790349691726),.UNSPECIFIED.);
#2157=B_SPLINE_CURVE_WITH_KNOTS('',3,(#4558,#4559,#4560,#4561),
 .UNSPECIFIED.,.F.,.F.,(4,4),(1.0842021724855E-18,0.000784729277326643),
 .UNSPECIFIED.);
#2158=B_SPLINE_CURVE_WITH_KNOTS('',3,(#4564,#4565,#4566,#4567),
 .UNSPECIFIED.,.F.,.F.,(4,4),(1.56125112837913E-17,0.000850388925789736),
 .UNSPECIFIED.);
#2159=B_SPLINE_CURVE_WITH_KNOTS('',3,(#4569,#4570,#4571,#4572),
 .UNSPECIFIED.,.F.,.F.,(4,4),(0.,0.000552525778494084),.UNSPECIFIED.);
#2160=B_SPLINE_CURVE_WITH_KNOTS('',3,(#4574,#4575,#4576,#4577),
 .UNSPECIFIED.,.F.,.F.,(4,4),(0.,0.000860405052994714),.UNSPECIFIED.);
#2161=B_SPLINE_CURVE_WITH_KNOTS('',3,(#4579,#4580,#4581,#4582),
 .UNSPECIFIED.,.F.,.F.,(4,4),(0.,0.0010042310121544),.UNSPECIFIED.);
#2162=B_SPLINE_CURVE_WITH_KNOTS('',3,(#4584,#4585,#4586,#4587),
 .UNSPECIFIED.,.F.,.F.,(4,4),(0.,0.000994273472046858),.UNSPECIFIED.);
#2163=B_SPLINE_CURVE_WITH_KNOTS('',3,(#4589,#4590,#4591,#4592),
 .UNSPECIFIED.,.F.,.F.,(4,4),(0.,0.000862358930831626),.UNSPECIFIED.);
#2164=B_SPLINE_CURVE_WITH_KNOTS('',3,(#4594,#4595,#4596,#4597),
 .UNSPECIFIED.,.F.,.F.,(4,4),(0.,0.000548683079657196),.UNSPECIFIED.);
#2165=B_SPLINE_CURVE_WITH_KNOTS('',3,(#4599,#4600,#4601,#4602),
 .UNSPECIFIED.,.F.,.F.,(4,4),(0.,0.000849714958276647),.UNSPECIFIED.);
#2166=B_SPLINE_CURVE_WITH_KNOTS('',3,(#4604,#4605,#4606,#4607),
 .UNSPECIFIED.,.F.,.F.,(4,4),(0.,0.000785668118836432),.UNSPECIFIED.);
#2167=B_SPLINE_CURVE_WITH_KNOTS('',3,(#4609,#4610,#4611,#4612),
 .UNSPECIFIED.,.F.,.F.,(4,4),(0.,0.000484276303830834),.UNSPECIFIED.);
#2168=B_SPLINE_CURVE_WITH_KNOTS('',3,(#4614,#4615,#4616,#4617),
 .UNSPECIFIED.,.F.,.F.,(4,4),(0.,0.000828168214054717),.UNSPECIFIED.);
#2169=B_SPLINE_CURVE_WITH_KNOTS('',3,(#4619,#4620,#4621,#4622),
 .UNSPECIFIED.,.F.,.F.,(4,4),(3.46944695195361E-18,0.000934179242587885),
 .UNSPECIFIED.);
#2170=B_SPLINE_CURVE_WITH_KNOTS('',3,(#4624,#4625,#4626,#4627),
 .UNSPECIFIED.,.F.,.F.,(4,4),(0.,0.000930678764300055),.UNSPECIFIED.);
#2171=B_SPLINE_CURVE_WITH_KNOTS('',3,(#4629,#4630,#4631,#4632),
 .UNSPECIFIED.,.F.,.F.,(4,4),(0.,0.000827093354133658),.UNSPECIFIED.);
#2172=B_SPLINE_CURVE_WITH_KNOTS('',3,(#4634,#4635,#4636,#4637),
 .UNSPECIFIED.,.F.,.F.,(4,4),(0.,0.000483405760380493),.UNSPECIFIED.);
#2173=B_SPLINE_CURVE_WITH_KNOTS('',3,(#4639,#4640,#4641,#4642),
 .UNSPECIFIED.,.F.,.F.,(4,4),(0.,0.000307118135535574),.UNSPECIFIED.);
#2174=B_SPLINE_CURVE_WITH_KNOTS('',3,(#4645,#4646,#4647,#4648),
 .UNSPECIFIED.,.F.,.F.,(4,4),(0.,0.000322573959191778),.UNSPECIFIED.);
#2175=B_SPLINE_CURVE_WITH_KNOTS('',3,(#4650,#4651,#4652,#4653),
 .UNSPECIFIED.,.F.,.F.,(4,4),(0.,0.000321788205228105),.UNSPECIFIED.);
#2176=B_SPLINE_CURVE_WITH_KNOTS('',3,(#4655,#4656,#4657,#4658),
 .UNSPECIFIED.,.F.,.F.,(4,4),(3.03576608295941E-18,0.000309684907816972),
 .UNSPECIFIED.);
#2177=B_SPLINE_CURVE_WITH_KNOTS('',3,(#4660,#4661,#4662,#4663),
 .UNSPECIFIED.,.F.,.F.,(4,4),(0.,0.000303842612946848),.UNSPECIFIED.);
#2178=B_SPLINE_CURVE_WITH_KNOTS('',3,(#4665,#4666,#4667,#4668),
 .UNSPECIFIED.,.F.,.F.,(4,4),(0.,0.00032487761975729),.UNSPECIFIED.);
#2179=B_SPLINE_CURVE_WITH_KNOTS('',3,(#4670,#4671,#4672,#4673),
 .UNSPECIFIED.,.F.,.F.,(4,4),(0.,0.000316912526743476),.UNSPECIFIED.);
#2180=B_SPLINE_CURVE_WITH_KNOTS('',3,(#4675,#4676,#4677,#4678),
 .UNSPECIFIED.,.F.,.F.,(4,4),(3.03576608295941E-18,0.000313854296228262),
 .UNSPECIFIED.);
#2181=B_SPLINE_CURVE_WITH_KNOTS('',3,(#4680,#4681,#4682,#4683),
 .UNSPECIFIED.,.F.,.F.,(4,4),(0.,0.000314797971330012),.UNSPECIFIED.);
#2182=B_SPLINE_CURVE_WITH_KNOTS('',3,(#4686,#4687,#4688,#4689),
 .UNSPECIFIED.,.F.,.F.,(4,4),(0.,0.000649819388549153),.UNSPECIFIED.);
#2183=B_SPLINE_CURVE_WITH_KNOTS('',3,(#4693,#4694,#4695,#4696),
 .UNSPECIFIED.,.F.,.F.,(4,4),(0.,0.000672937294440103),.UNSPECIFIED.);
#2184=B_SPLINE_CURVE_WITH_KNOTS('',3,(#4698,#4699,#4700,#4701),
 .UNSPECIFIED.,.F.,.F.,(4,4),(0.,0.000323691154515203),.UNSPECIFIED.);
#2185=B_SPLINE_CURVE_WITH_KNOTS('',3,(#4703,#4704,#4705,#4706),
 .UNSPECIFIED.,.F.,.F.,(4,4),(0.,0.000306341844078871),.UNSPECIFIED.);
#2186=B_SPLINE_CURVE_WITH_KNOTS('',3,(#4708,#4709,#4710,#4711),
 .UNSPECIFIED.,.F.,.F.,(4,4),(0.,0.000619945119445022),.UNSPECIFIED.);
#2187=B_SPLINE_CURVE_WITH_KNOTS('',3,(#4715,#4716,#4717,#4718),
 .UNSPECIFIED.,.F.,.F.,(4,4),(0.,0.000680857533493616),.UNSPECIFIED.);
#2188=B_SPLINE_CURVE_WITH_KNOTS('',3,(#4720,#4721,#4722,#4723),
 .UNSPECIFIED.,.F.,.F.,(4,4),(0.,0.000327244340070086),.UNSPECIFIED.);
#2189=B_SPLINE_CURVE_WITH_KNOTS('',3,(#4725,#4726,#4727,#4728),
 .UNSPECIFIED.,.F.,.F.,(4,4),(0.,0.000231994493838041),.UNSPECIFIED.);
#2190=B_SPLINE_CURVE_WITH_KNOTS('',3,(#4731,#4732,#4733,#4734),
 .UNSPECIFIED.,.F.,.F.,(4,4),(0.,0.000292675949000215),.UNSPECIFIED.);
#2191=B_SPLINE_CURVE_WITH_KNOTS('',3,(#4736,#4737,#4738,#4739),
 .UNSPECIFIED.,.F.,.F.,(4,4),(0.,0.000280038847678736),.UNSPECIFIED.);
#2192=B_SPLINE_CURVE_WITH_KNOTS('',3,(#4741,#4742,#4743,#4744),
 .UNSPECIFIED.,.F.,.F.,(4,4),(2.60208521396521E-18,0.000237818055737328),
 .UNSPECIFIED.);
#2193=B_SPLINE_CURVE_WITH_KNOTS('',3,(#4746,#4747,#4748,#4749),
 .UNSPECIFIED.,.F.,.F.,(4,4),(0.,0.000235628430209247),.UNSPECIFIED.);
#2194=B_SPLINE_CURVE_WITH_KNOTS('',3,(#4751,#4752,#4753,#4754),
 .UNSPECIFIED.,.F.,.F.,(4,4),(0.,0.000281467208498035),.UNSPECIFIED.);
#2195=B_SPLINE_CURVE_WITH_KNOTS('',3,(#4756,#4757,#4758,#4759),
 .UNSPECIFIED.,.F.,.F.,(4,4),(0.,0.000291915826657052),.UNSPECIFIED.);
#2196=B_SPLINE_CURVE_WITH_KNOTS('',3,(#4761,#4762,#4763,#4764),
 .UNSPECIFIED.,.F.,.F.,(4,4),(0.,0.000236562314741518),.UNSPECIFIED.);
#2197=B_SPLINE_CURVE_WITH_KNOTS('',3,(#4782,#4783,#4784,#4785),
 .UNSPECIFIED.,.F.,.F.,(4,4),(0.,0.000713717038190134),.UNSPECIFIED.);
#2198=B_SPLINE_CURVE_WITH_KNOTS('',3,(#4787,#4788,#4789,#4790),
 .UNSPECIFIED.,.F.,.F.,(4,4),(0.000104240610274449,0.000312575560662296),
 .UNSPECIFIED.);
#2199=B_SPLINE_CURVE_WITH_KNOTS('',3,(#4812,#4813,#4814,#4815),
 .UNSPECIFIED.,.F.,.F.,(4,4),(0.,0.000488476098712878),.UNSPECIFIED.);
#2200=B_SPLINE_CURVE_WITH_KNOTS('',3,(#4831,#4832,#4833,#4834),
 .UNSPECIFIED.,.F.,.F.,(4,4),(0.,0.000767706603735781),.UNSPECIFIED.);
#2201=B_SPLINE_CURVE_WITH_KNOTS('',3,(#4854,#4855,#4856,#4857),
 .UNSPECIFIED.,.F.,.F.,(4,4),(2.16840434497101E-18,0.000500003405554357),
 .UNSPECIFIED.);
#2202=B_SPLINE_CURVE_WITH_KNOTS('',3,(#4873,#4874,#4875,#4876),
 .UNSPECIFIED.,.F.,.F.,(4,4),(1.30104260698261E-18,0.00051697213295041),
 .UNSPECIFIED.);
#2203=B_SPLINE_CURVE_WITH_KNOTS('',3,(#4896,#4897,#4898,#4899),
 .UNSPECIFIED.,.F.,.F.,(4,4),(0.,0.000764391949369394),.UNSPECIFIED.);
#2204=B_SPLINE_CURVE_WITH_KNOTS('',3,(#4915,#4916,#4917,#4918),
 .UNSPECIFIED.,.F.,.F.,(4,4),(0.,0.000502677019152672),.UNSPECIFIED.);
#2205=B_SPLINE_CURVE_WITH_KNOTS('',3,(#4922,#4923,#4924,#4925),
 .UNSPECIFIED.,.F.,.F.,(4,4),(0.000104240416631735,0.000312622765004314),
 .UNSPECIFIED.);
#2206=B_SPLINE_CURVE_WITH_KNOTS('',3,(#4943,#4944,#4945,#4946),
 .UNSPECIFIED.,.F.,.F.,(4,4),(0.,0.000737046608867282),.UNSPECIFIED.);
#2207=B_SPLINE_CURVE_WITH_KNOTS('',3,(#4961,#4962,#4963,#4964),
 .UNSPECIFIED.,.F.,.F.,(4,4),(2.16840434497101E-18,0.000464352759363016),
 .UNSPECIFIED.);
#2208=B_SPLINE_CURVE_WITH_KNOTS('',3,(#4979,#4980,#4981,#4982),
 .UNSPECIFIED.,.F.,.F.,(4,4),(0.,0.00045198003541035),.UNSPECIFIED.);
#2209=B_SPLINE_CURVE_WITH_KNOTS('',3,(#4999,#5000,#5001,#5002),
 .UNSPECIFIED.,.F.,.F.,(4,4),(0.,0.000445750031323476),.UNSPECIFIED.);
#2210=B_SPLINE_CURVE_WITH_KNOTS('',3,(#5015,#5016,#5017,#5018),
 .UNSPECIFIED.,.F.,.F.,(4,4),(2.60208521396521E-18,0.000459371987163595),
 .UNSPECIFIED.);
#2211=B_SPLINE_CURVE_WITH_KNOTS('',3,(#5035,#5036,#5037,#5038),
 .UNSPECIFIED.,.F.,.F.,(4,4),(0.,0.000453793127414951),.UNSPECIFIED.);
#2212=B_SPLINE_CURVE_WITH_KNOTS('',3,(#5051,#5052,#5053,#5054),
 .UNSPECIFIED.,.F.,.F.,(4,4),(0.,0.000445138063902211),.UNSPECIFIED.);
#2213=B_SPLINE_CURVE_WITH_KNOTS('',3,(#5071,#5072,#5073,#5074),
 .UNSPECIFIED.,.F.,.F.,(4,4),(0.,0.000457744581511955),.UNSPECIFIED.);
#2214=B_SPLINE_CURVE_WITH_KNOTS('',3,(#5087,#5088,#5089,#5090),
 .UNSPECIFIED.,.F.,.F.,(4,4),(1.30104260698261E-18,0.000452750795439914),
 .UNSPECIFIED.);
#2215=B_SPLINE_CURVE_WITH_KNOTS('',3,(#5105,#5106,#5107,#5108),
 .UNSPECIFIED.,.F.,.F.,(4,4),(1.30104260698261E-18,0.000405621416077493),
 .UNSPECIFIED.);
#2216=B_SPLINE_CURVE_WITH_KNOTS('',3,(#5123,#5124,#5125,#5126),
 .UNSPECIFIED.,.F.,.F.,(4,4),(0.,0.000415210989316974),.UNSPECIFIED.);
#2217=B_SPLINE_CURVE_WITH_KNOTS('',3,(#5146,#5147,#5148,#5149),
 .UNSPECIFIED.,.F.,.F.,(4,4),(0.,0.000381279197940977),.UNSPECIFIED.);
#2218=B_SPLINE_CURVE_WITH_KNOTS('',3,(#5165,#5166,#5167,#5168),
 .UNSPECIFIED.,.F.,.F.,(4,4),(3.03576608295941E-18,0.000387222771291049),
 .UNSPECIFIED.);
#2219=B_SPLINE_CURVE_WITH_KNOTS('',3,(#5188,#5189,#5190,#5191),
 .UNSPECIFIED.,.F.,.F.,(4,4),(0.,0.00038846316402078),.UNSPECIFIED.);
#2220=B_SPLINE_CURVE_WITH_KNOTS('',3,(#5207,#5208,#5209,#5210),
 .UNSPECIFIED.,.F.,.F.,(4,4),(0.,0.000386479917926644),.UNSPECIFIED.);
#2221=B_SPLINE_CURVE_WITH_KNOTS('',3,(#5227,#5228,#5229,#5230),
 .UNSPECIFIED.,.F.,.F.,(4,4),(0.,0.000405402999323864),.UNSPECIFIED.);
#2222=B_SPLINE_CURVE_WITH_KNOTS('',3,(#5243,#5244,#5245,#5246),
 .UNSPECIFIED.,.F.,.F.,(4,4),(0.,0.00041176302612627),.UNSPECIFIED.);
#2223=B_SPLINE_CURVE_WITH_KNOTS('',3,(#5261,#5262,#5263,#5264),
 .UNSPECIFIED.,.F.,.F.,(4,4),(2.16840434497101E-18,0.00053041033746709),
 .UNSPECIFIED.);
#2224=B_SPLINE_CURVE_WITH_KNOTS('',3,(#5266,#5267,#5268,#5269),
 .UNSPECIFIED.,.F.,.F.,(4,4),(0.00011876735828015,0.000449165253749883),
 .UNSPECIFIED.);
#2225=B_SPLINE_CURVE_WITH_KNOTS('',3,(#5282,#5283,#5284,#5285),
 .UNSPECIFIED.,.F.,.F.,(4,4),(3.74575767654754E-17,0.000603446193350919),
 .UNSPECIFIED.);
#2226=B_SPLINE_CURVE_WITH_KNOTS('',3,(#5302,#5303,#5304,#5305),
 .UNSPECIFIED.,.F.,.F.,(4,4),(0.,0.000585712761444826),.UNSPECIFIED.);
#2227=B_SPLINE_CURVE_WITH_KNOTS('',3,(#5318,#5319,#5320,#5321),
 .UNSPECIFIED.,.F.,.F.,(4,4),(8.67361737988404E-19,0.000658944248622992),
 .UNSPECIFIED.);
#2228=B_SPLINE_CURVE_WITH_KNOTS('',3,(#5338,#5339,#5340,#5341),
 .UNSPECIFIED.,.F.,.F.,(4,4),(0.,0.000988096916458752),.UNSPECIFIED.);
#2229=B_SPLINE_CURVE_WITH_KNOTS('',3,(#5354,#5355,#5356,#5357),
 .UNSPECIFIED.,.F.,.F.,(4,4),(0.,0.00102034910613938),.UNSPECIFIED.);
#2230=B_SPLINE_CURVE_WITH_KNOTS('',3,(#5374,#5375,#5376,#5377),
 .UNSPECIFIED.,.F.,.F.,(4,4),(0.,0.00106738208536899),.UNSPECIFIED.);
#2231=B_SPLINE_CURVE_WITH_KNOTS('',3,(#5390,#5391,#5392,#5393),
 .UNSPECIFIED.,.F.,.F.,(4,4),(3.46944695195361E-18,0.00112130443174833),
 .UNSPECIFIED.);
#2232=B_SPLINE_CURVE_WITH_KNOTS('',3,(#5410,#5411,#5412,#5413),
 .UNSPECIFIED.,.F.,.F.,(4,4),(3.68628738645072E-18,0.00105661105849724),
 .UNSPECIFIED.);
#2233=B_SPLINE_CURVE_WITH_KNOTS('',3,(#5426,#5427,#5428,#5429),
 .UNSPECIFIED.,.F.,.F.,(4,4),(0.,0.00113463357832753),.UNSPECIFIED.);
#2234=B_SPLINE_CURVE_WITH_KNOTS('',3,(#5446,#5447,#5448,#5449),
 .UNSPECIFIED.,.F.,.F.,(4,4),(0.,0.000981469058696329),.UNSPECIFIED.);
#2235=B_SPLINE_CURVE_WITH_KNOTS('',3,(#5462,#5463,#5464,#5465),
 .UNSPECIFIED.,.F.,.F.,(4,4),(1.0842021724855E-18,0.0010226026278812),
 .UNSPECIFIED.);
#2236=B_SPLINE_CURVE_WITH_KNOTS('',3,(#5482,#5483,#5484,#5485),
 .UNSPECIFIED.,.F.,.F.,(4,4),(8.67361737988404E-19,0.000586682868380713),
 .UNSPECIFIED.);
#2237=B_SPLINE_CURVE_WITH_KNOTS('',3,(#5498,#5499,#5500,#5501),
 .UNSPECIFIED.,.F.,.F.,(4,4),(0.,0.000658876789822985),.UNSPECIFIED.);
#2238=B_SPLINE_CURVE_WITH_KNOTS('',3,(#5516,#5517,#5518,#5519),
 .UNSPECIFIED.,.F.,.F.,(4,4),(0.00011896590946736,0.000449493068011157),
 .UNSPECIFIED.);
#2239=B_SPLINE_CURVE_WITH_KNOTS('',3,(#5521,#5522,#5523,#5524),
 .UNSPECIFIED.,.F.,.F.,(4,4),(3.45648005693905E-17,0.00053498139696326),
 .UNSPECIFIED.);
#2240=B_SPLINE_CURVE_WITH_KNOTS('',3,(#5537,#5538,#5539,#5540),
 .UNSPECIFIED.,.F.,.F.,(4,4),(1.95156391047391E-18,0.000594196035074152),
 .UNSPECIFIED.);
#2241=B_SPLINE_CURVE_WITH_KNOTS('',3,(#5555,#5556,#5557,#5558),
 .UNSPECIFIED.,.F.,.F.,(4,4),(1.13841228110978E-18,0.000384529063585153),
 .UNSPECIFIED.);
#2242=B_SPLINE_CURVE_WITH_KNOTS('',3,(#5573,#5574,#5575,#5576),
 .UNSPECIFIED.,.F.,.F.,(4,4),(0.,0.000380414088750852),.UNSPECIFIED.);
#2243=B_SPLINE_CURVE_WITH_KNOTS('',3,(#5593,#5594,#5595,#5596),
 .UNSPECIFIED.,.F.,.F.,(4,4),(0.,0.000392319035318256),.UNSPECIFIED.);
#2244=B_SPLINE_CURVE_WITH_KNOTS('',3,(#5609,#5610,#5611,#5612),
 .UNSPECIFIED.,.F.,.F.,(4,4),(1.51788304147971E-18,0.000393067283192013),
 .UNSPECIFIED.);
#2245=B_SPLINE_CURVE_WITH_KNOTS('',3,(#5629,#5630,#5631,#5632),
 .UNSPECIFIED.,.F.,.F.,(4,4),(1.46367293285543E-18,0.000390688792306986),
 .UNSPECIFIED.);
#2246=B_SPLINE_CURVE_WITH_KNOTS('',3,(#5645,#5646,#5647,#5648),
 .UNSPECIFIED.,.F.,.F.,(4,4),(0.,0.000389846060064963),.UNSPECIFIED.);
#2247=B_SPLINE_CURVE_WITH_KNOTS('',3,(#5665,#5666,#5667,#5668),
 .UNSPECIFIED.,.F.,.F.,(4,4),(0.,0.000384121052589966),.UNSPECIFIED.);
#2248=B_SPLINE_CURVE_WITH_KNOTS('',3,(#5681,#5682,#5683,#5684),
 .UNSPECIFIED.,.F.,.F.,(4,4),(1.40946282423116E-18,0.000380292091278326),
 .UNSPECIFIED.);
#2249=B_SPLINE_CURVE_WITH_KNOTS('',3,(#5702,#5703,#5704,#5705),
 .UNSPECIFIED.,.F.,.F.,(4,4),(1.30104260698261E-18,0.00138876853601953),
 .UNSPECIFIED.);
#2250=B_SPLINE_CURVE_WITH_KNOTS('',3,(#5725,#5726,#5727,#5728),
 .UNSPECIFIED.,.F.,.F.,(4,4),(0.,0.00120832877174863),.UNSPECIFIED.);
#2251=B_SPLINE_CURVE_WITH_KNOTS('',3,(#5741,#5742,#5743,#5744),
 .UNSPECIFIED.,.F.,.F.,(4,4),(0.,0.00143149050399301),.UNSPECIFIED.);
#2252=B_SPLINE_CURVE_WITH_KNOTS('',3,(#5761,#5762,#5763,#5764),
 .UNSPECIFIED.,.F.,.F.,(4,4),(2.38524477946811E-18,0.00122297776045634),
 .UNSPECIFIED.);
#2253=B_SPLINE_CURVE_WITH_KNOTS('',3,(#5777,#5778,#5779,#5780),
 .UNSPECIFIED.,.F.,.F.,(4,4),(2.16840434497101E-18,0.00121563882428751),
 .UNSPECIFIED.);
#2254=B_SPLINE_CURVE_WITH_KNOTS('',3,(#5797,#5798,#5799,#5800),
 .UNSPECIFIED.,.F.,.F.,(4,4),(0.,0.0014261505249953),.UNSPECIFIED.);
#2255=B_SPLINE_CURVE_WITH_KNOTS('',3,(#5813,#5814,#5815,#5816),
 .UNSPECIFIED.,.F.,.F.,(4,4),(0.,0.00120712926701963),.UNSPECIFIED.);
#2256=B_SPLINE_CURVE_WITH_KNOTS('',3,(#5835,#5836,#5837,#5838),
 .UNSPECIFIED.,.F.,.F.,(4,4),(1.0842021724855E-18,0.00137946791860323),
 .UNSPECIFIED.);
#2257=B_SPLINE_CURVE_WITH_KNOTS('',3,(#6004,#6005,#6006,#6007),
 .UNSPECIFIED.,.F.,.F.,(4,4),(0.,0.000208350765450872),.UNSPECIFIED.);
#2258=B_SPLINE_CURVE_WITH_KNOTS('',3,(#6089,#6090,#6091,#6092),
 .UNSPECIFIED.,.F.,.F.,(4,4),(0.,0.000208329863134175),.UNSPECIFIED.);
#2259=B_SPLINE_CURVE_WITH_KNOTS('',3,(#6118,#6119,#6120,#6121),
 .UNSPECIFIED.,.F.,.F.,(4,4),(1.89153560770826E-9,0.000208330238286247),
 .UNSPECIFIED.);
#2260=B_SPLINE_CURVE_WITH_KNOTS('',3,(#6556,#6557,#6558,#6559),
 .UNSPECIFIED.,.F.,.F.,(4,4),(0.,0.000401298444138838),.UNSPECIFIED.);
#2261=B_SPLINE_CURVE_WITH_KNOTS('',3,(#6747,#6748,#6749,#6750),
 .UNSPECIFIED.,.F.,.F.,(4,4),(0.,0.000403947522830366),.UNSPECIFIED.);
#2262=EDGE_LOOP('',(#443,#444));
#2263=EDGE_LOOP('',(#445,#446,#447,#448,#449,#450,#451,#452,#453,#454,#455,
#456,#457,#458,#459,#460));
#2264=EDGE_LOOP('',(#461,#462,#463,#464,#465,#466,#467,#468));
#2265=EDGE_LOOP('',(#469,#470,#471,#472,#473,#474,#475,#476,#477,#478));
#2266=EDGE_LOOP('',(#479,#480,#481,#482,#483,#484,#485,#486,#487,#488,#489,
#490,#491,#492,#493,#494,#495,#496,#497,#498,#499,#500));
#2267=EDGE_LOOP('',(#501,#502,#503,#504));
#2268=EDGE_LOOP('',(#505,#506,#507,#508));
#2269=EDGE_LOOP('',(#509,#510,#511,#512));
#2270=EDGE_LOOP('',(#513,#514,#515,#516));
#2271=EDGE_LOOP('',(#517,#518,#519,#520));
#2272=EDGE_LOOP('',(#521,#522,#523,#524));
#2273=EDGE_LOOP('',(#525,#526,#527,#528));
#2274=EDGE_LOOP('',(#529,#530,#531,#532));
#2275=EDGE_LOOP('',(#533,#534,#535,#536));
#2276=EDGE_LOOP('',(#537,#538,#539,#540));
#2277=EDGE_LOOP('',(#541,#542,#543,#544));
#2278=EDGE_LOOP('',(#545,#546,#547,#548));
#2279=EDGE_LOOP('',(#549,#550,#551,#552));
#2280=EDGE_LOOP('',(#553,#554,#555,#556));
#2281=EDGE_LOOP('',(#557,#558,#559,#560));
#2282=EDGE_LOOP('',(#561,#562,#563,#564));
#2283=EDGE_LOOP('',(#565,#566,#567,#568));
#2284=EDGE_LOOP('',(#569,#570,#571,#572));
#2285=EDGE_LOOP('',(#573,#574,#575,#576));
#2286=EDGE_LOOP('',(#577,#578,#579,#580));
#2287=EDGE_LOOP('',(#581,#582,#583,#584));
#2288=EDGE_LOOP('',(#585,#586,#587,#588));
#2289=EDGE_LOOP('',(#589,#590,#591,#592,#593,#594,#595,#596,#597,#598,#599,
#600,#601,#602,#603,#604,#605,#606,#607,#608,#609,#610));
#2290=EDGE_LOOP('',(#611,#612,#613,#614,#615,#616,#617,#618));
#2291=EDGE_LOOP('',(#619,#620,#621,#622,#623,#624,#625,#626,#627,#628));
#2292=EDGE_LOOP('',(#629,#630,#631,#632,#633,#634,#635,#636,#637,#638));
#2293=EDGE_LOOP('',(#639,#640,#641,#642,#643,#644,#645,#646));
#2294=EDGE_LOOP('',(#647,#648,#649,#650,#651,#652,#653,#654));
#2295=EDGE_LOOP('',(#655,#656,#657,#658,#659,#660,#661,#662,#663,#664,#665,
#666,#667,#668,#669,#670));
#2296=EDGE_LOOP('',(#671,#672,#673,#674,#675,#676,#677,#678));
#2297=EDGE_LOOP('',(#679,#680,#681,#682,#683,#684,#685,#686,#687,#688));
#2298=EDGE_LOOP('',(#689,#690,#691,#692,#693,#694,#695,#696));
#2299=EDGE_LOOP('',(#697,#698,#699,#700));
#2300=EDGE_LOOP('',(#701,#702,#703,#704));
#2301=EDGE_LOOP('',(#705,#706,#707,#708));
#2302=EDGE_LOOP('',(#709,#710,#711,#712));
#2303=EDGE_LOOP('',(#713,#714,#715,#716));
#2304=EDGE_LOOP('',(#717,#718,#719,#720));
#2305=EDGE_LOOP('',(#721,#722,#723,#724));
#2306=EDGE_LOOP('',(#725,#726,#727,#728));
#2307=EDGE_LOOP('',(#729,#730,#731,#732));
#2308=EDGE_LOOP('',(#733,#734,#735,#736));
#2309=EDGE_LOOP('',(#737,#738,#739,#740));
#2310=EDGE_LOOP('',(#741,#742,#743,#744));
#2311=EDGE_LOOP('',(#745,#746,#747,#748));
#2312=EDGE_LOOP('',(#749,#750,#751,#752));
#2313=EDGE_LOOP('',(#753,#754,#755,#756));
#2314=EDGE_LOOP('',(#757,#758,#759,#760));
#2315=EDGE_LOOP('',(#761,#762,#763,#764));
#2316=EDGE_LOOP('',(#765,#766,#767,#768));
#2317=EDGE_LOOP('',(#769,#770,#771,#772));
#2318=EDGE_LOOP('',(#773,#774,#775,#776));
#2319=EDGE_LOOP('',(#777,#778,#779,#780));
#2320=EDGE_LOOP('',(#781,#782,#783,#784));
#2321=EDGE_LOOP('',(#785,#786,#787,#788));
#2322=EDGE_LOOP('',(#789,#790,#791,#792));
#2323=EDGE_LOOP('',(#793,#794,#795,#796));
#2324=EDGE_LOOP('',(#797,#798,#799,#800));
#2325=EDGE_LOOP('',(#801,#802,#803,#804));
#2326=EDGE_LOOP('',(#805,#806,#807,#808));
#2327=EDGE_LOOP('',(#809,#810,#811,#812));
#2328=EDGE_LOOP('',(#813,#814,#815,#816));
#2329=EDGE_LOOP('',(#817,#818,#819,#820));
#2330=EDGE_LOOP('',(#821,#822,#823,#824));
#2331=EDGE_LOOP('',(#825,#826,#827,#828));
#2332=EDGE_LOOP('',(#829,#830,#831,#832));
#2333=EDGE_LOOP('',(#833,#834,#835,#836));
#2334=EDGE_LOOP('',(#837,#838,#839,#840));
#2335=EDGE_LOOP('',(#841,#842,#843,#844));
#2336=EDGE_LOOP('',(#845,#846,#847,#848));
#2337=EDGE_LOOP('',(#849,#850,#851,#852));
#2338=EDGE_LOOP('',(#853,#854,#855,#856));
#2339=EDGE_LOOP('',(#857,#858,#859,#860));
#2340=EDGE_LOOP('',(#861,#862,#863,#864));
#2341=EDGE_LOOP('',(#865,#866,#867,#868));
#2342=EDGE_LOOP('',(#869,#870,#871,#872));
#2343=EDGE_LOOP('',(#873,#874,#875,#876));
#2344=EDGE_LOOP('',(#877,#878,#879,#880));
#2345=EDGE_LOOP('',(#881,#882,#883,#884));
#2346=EDGE_LOOP('',(#885,#886,#887,#888));
#2347=EDGE_LOOP('',(#889,#890,#891,#892));
#2348=EDGE_LOOP('',(#893,#894,#895,#896));
#2349=EDGE_LOOP('',(#897,#898,#899,#900,#901));
#2350=EDGE_LOOP('',(#902,#903,#904,#905));
#2351=EDGE_LOOP('',(#906,#907,#908,#909));
#2352=EDGE_LOOP('',(#910,#911,#912,#913));
#2353=EDGE_LOOP('',(#914,#915,#916,#917));
#2354=EDGE_LOOP('',(#918,#919,#920,#921));
#2355=EDGE_LOOP('',(#922,#923,#924,#925));
#2356=EDGE_LOOP('',(#926,#927,#928,#929));
#2357=EDGE_LOOP('',(#930,#931,#932,#933));
#2358=EDGE_LOOP('',(#934,#935,#936,#937));
#2359=EDGE_LOOP('',(#938,#939,#940,#941));
#2360=EDGE_LOOP('',(#942,#943,#944,#945));
#2361=EDGE_LOOP('',(#946,#947,#948,#949));
#2362=EDGE_LOOP('',(#950,#951,#952,#953));
#2363=EDGE_LOOP('',(#954,#955,#956,#957));
#2364=EDGE_LOOP('',(#958,#959,#960,#961));
#2365=EDGE_LOOP('',(#962,#963,#964,#965));
#2366=EDGE_LOOP('',(#966,#967,#968,#969));
#2367=EDGE_LOOP('',(#970,#971,#972,#973));
#2368=EDGE_LOOP('',(#974,#975,#976,#977));
#2369=EDGE_LOOP('',(#978,#979,#980,#981));
#2370=EDGE_LOOP('',(#982,#983,#984,#985));
#2371=EDGE_LOOP('',(#986,#987,#988,#989));
#2372=EDGE_LOOP('',(#990,#991,#992,#993));
#2373=EDGE_LOOP('',(#994,#995,#996,#997));
#2374=EDGE_LOOP('',(#998,#999,#1000,#1001));
#2375=EDGE_LOOP('',(#1002,#1003,#1004,#1005));
#2376=EDGE_LOOP('',(#1006,#1007,#1008,#1009));
#2377=EDGE_LOOP('',(#1010,#1011,#1012,#1013));
#2378=EDGE_LOOP('',(#1014,#1015,#1016,#1017));
#2379=EDGE_LOOP('',(#1018,#1019,#1020,#1021));
#2380=EDGE_LOOP('',(#1022,#1023,#1024,#1025));
#2381=EDGE_LOOP('',(#1026,#1027,#1028,#1029));
#2382=EDGE_LOOP('',(#1030,#1031,#1032,#1033));
#2383=EDGE_LOOP('',(#1034,#1035,#1036,#1037));
#2384=EDGE_LOOP('',(#1038,#1039,#1040,#1041));
#2385=EDGE_LOOP('',(#1042,#1043,#1044,#1045));
#2386=EDGE_LOOP('',(#1046,#1047,#1048,#1049));
#2387=EDGE_LOOP('',(#1050,#1051,#1052,#1053));
#2388=EDGE_LOOP('',(#1054,#1055,#1056,#1057));
#2389=EDGE_LOOP('',(#1058,#1059,#1060,#1061));
#2390=EDGE_LOOP('',(#1062,#1063,#1064,#1065));
#2391=EDGE_LOOP('',(#1066,#1067,#1068,#1069));
#2392=EDGE_LOOP('',(#1070,#1071,#1072,#1073));
#2393=EDGE_LOOP('',(#1074,#1075,#1076,#1077));
#2394=EDGE_LOOP('',(#1078,#1079,#1080,#1081));
#2395=EDGE_LOOP('',(#1082,#1083,#1084,#1085));
#2396=EDGE_LOOP('',(#1086,#1087,#1088,#1089));
#2397=EDGE_LOOP('',(#1090,#1091,#1092,#1093));
#2398=EDGE_LOOP('',(#1094,#1095,#1096,#1097));
#2399=EDGE_LOOP('',(#1098,#1099,#1100,#1101));
#2400=EDGE_LOOP('',(#1102,#1103,#1104,#1105));
#2401=EDGE_LOOP('',(#1106,#1107,#1108,#1109));
#2402=EDGE_LOOP('',(#1110,#1111,#1112,#1113));
#2403=EDGE_LOOP('',(#1114,#1115,#1116,#1117));
#2404=EDGE_LOOP('',(#1118,#1119,#1120,#1121));
#2405=EDGE_LOOP('',(#1122,#1123,#1124,#1125));
#2406=EDGE_LOOP('',(#1126,#1127,#1128,#1129));
#2407=EDGE_LOOP('',(#1130,#1131,#1132,#1133));
#2408=EDGE_LOOP('',(#1134,#1135,#1136,#1137));
#2409=EDGE_LOOP('',(#1138,#1139,#1140,#1141));
#2410=EDGE_LOOP('',(#1142,#1143,#1144,#1145));
#2411=EDGE_LOOP('',(#1146,#1147,#1148,#1149));
#2412=EDGE_LOOP('',(#1150,#1151,#1152,#1153));
#2413=EDGE_LOOP('',(#1154,#1155,#1156,#1157));
#2414=EDGE_LOOP('',(#1158,#1159,#1160,#1161,#1162));
#2415=EDGE_LOOP('',(#1163,#1164,#1165,#1166));
#2416=EDGE_LOOP('',(#1167,#1168,#1169,#1170));
#2417=EDGE_LOOP('',(#1171,#1172,#1173,#1174));
#2418=EDGE_LOOP('',(#1175,#1176,#1177,#1178));
#2419=EDGE_LOOP('',(#1179,#1180,#1181,#1182));
#2420=EDGE_LOOP('',(#1183,#1184,#1185,#1186));
#2421=EDGE_LOOP('',(#1187,#1188,#1189,#1190));
#2422=EDGE_LOOP('',(#1191,#1192,#1193,#1194));
#2423=EDGE_LOOP('',(#1195,#1196,#1197,#1198));
#2424=EDGE_LOOP('',(#1199,#1200,#1201,#1202));
#2425=EDGE_LOOP('',(#1203,#1204,#1205,#1206));
#2426=EDGE_LOOP('',(#1207,#1208,#1209,#1210));
#2427=EDGE_LOOP('',(#1211,#1212,#1213,#1214));
#2428=EDGE_LOOP('',(#1215,#1216,#1217,#1218));
#2429=EDGE_LOOP('',(#1219,#1220,#1221,#1222));
#2430=EDGE_LOOP('',(#1223,#1224,#1225,#1226));
#2431=EDGE_LOOP('',(#1227,#1228,#1229,#1230));
#2432=EDGE_LOOP('',(#1231,#1232,#1233,#1234));
#2433=EDGE_LOOP('',(#1235,#1236,#1237,#1238));
#2434=EDGE_LOOP('',(#1239,#1240,#1241,#1242));
#2435=EDGE_LOOP('',(#1243,#1244,#1245,#1246));
#2436=EDGE_LOOP('',(#1247,#1248,#1249,#1250));
#2437=EDGE_LOOP('',(#1251,#1252,#1253,#1254));
#2438=EDGE_LOOP('',(#1255,#1256,#1257,#1258));
#2439=EDGE_LOOP('',(#1259,#1260,#1261,#1262));
#2440=EDGE_LOOP('',(#1263,#1264,#1265,#1266));
#2441=EDGE_LOOP('',(#1267,#1268,#1269,#1270));
#2442=EDGE_LOOP('',(#1271,#1272,#1273,#1274));
#2443=EDGE_LOOP('',(#1275,#1276,#1277,#1278));
#2444=EDGE_LOOP('',(#1279,#1280,#1281,#1282));
#2445=EDGE_LOOP('',(#1283,#1284,#1285,#1286));
#2446=EDGE_LOOP('',(#1287,#1288,#1289,#1290));
#2447=EDGE_LOOP('',(#1291,#1292,#1293,#1294));
#2448=EDGE_LOOP('',(#1295,#1296,#1297,#1298));
#2449=EDGE_LOOP('',(#1299,#1300,#1301,#1302));
#2450=EDGE_LOOP('',(#1303,#1304,#1305,#1306));
#2451=EDGE_LOOP('',(#1307,#1308,#1309,#1310));
#2452=EDGE_LOOP('',(#1311,#1312,#1313,#1314));
#2453=EDGE_LOOP('',(#1315,#1316,#1317,#1318));
#2454=EDGE_LOOP('',(#1319,#1320,#1321,#1322));
#2455=EDGE_LOOP('',(#1323,#1324,#1325,#1326));
#2456=EDGE_LOOP('',(#1327,#1328,#1329,#1330));
#2457=EDGE_LOOP('',(#1331,#1332,#1333,#1334));
#2458=EDGE_LOOP('',(#1335,#1336,#1337,#1338));
#2459=EDGE_LOOP('',(#1339,#1340,#1341,#1342));
#2460=EDGE_LOOP('',(#1343,#1344,#1345,#1346));
#2461=EDGE_LOOP('',(#1347,#1348,#1349,#1350));
#2462=EDGE_LOOP('',(#1351,#1352,#1353,#1354));
#2463=FACE_BOUND('',#2262,.T.);
#2464=FACE_BOUND('',#2263,.T.);
#2465=FACE_BOUND('',#2264,.T.);
#2466=FACE_BOUND('',#2265,.T.);
#2467=FACE_BOUND('',#2266,.T.);
#2468=FACE_BOUND('',#2267,.T.);
#2469=FACE_BOUND('',#2268,.T.);
#2470=FACE_BOUND('',#2269,.T.);
#2471=FACE_BOUND('',#2270,.T.);
#2472=FACE_BOUND('',#2271,.T.);
#2473=FACE_BOUND('',#2272,.T.);
#2474=FACE_BOUND('',#2273,.T.);
#2475=FACE_BOUND('',#2274,.T.);
#2476=FACE_BOUND('',#2275,.T.);
#2477=FACE_BOUND('',#2276,.T.);
#2478=FACE_BOUND('',#2277,.T.);
#2479=FACE_BOUND('',#2278,.T.);
#2480=FACE_BOUND('',#2279,.T.);
#2481=FACE_BOUND('',#2280,.T.);
#2482=FACE_BOUND('',#2281,.T.);
#2483=FACE_BOUND('',#2282,.T.);
#2484=FACE_BOUND('',#2283,.T.);
#2485=FACE_BOUND('',#2284,.T.);
#2486=FACE_BOUND('',#2285,.T.);
#2487=FACE_BOUND('',#2286,.T.);
#2488=FACE_BOUND('',#2287,.T.);
#2489=FACE_BOUND('',#2288,.T.);
#2490=FACE_BOUND('',#2289,.T.);
#2491=FACE_BOUND('',#2290,.T.);
#2492=FACE_BOUND('',#2291,.T.);
#2493=FACE_BOUND('',#2292,.T.);
#2494=FACE_BOUND('',#2293,.T.);
#2495=FACE_BOUND('',#2294,.T.);
#2496=FACE_BOUND('',#2295,.T.);
#2497=FACE_BOUND('',#2296,.T.);
#2498=FACE_BOUND('',#2297,.T.);
#2499=FACE_BOUND('',#2298,.T.);
#2500=FACE_BOUND('',#2299,.T.);
#2501=FACE_BOUND('',#2300,.T.);
#2502=FACE_BOUND('',#2301,.T.);
#2503=FACE_BOUND('',#2302,.T.);
#2504=FACE_BOUND('',#2303,.T.);
#2505=FACE_BOUND('',#2304,.T.);
#2506=FACE_BOUND('',#2305,.T.);
#2507=FACE_BOUND('',#2306,.T.);
#2508=FACE_BOUND('',#2307,.T.);
#2509=FACE_BOUND('',#2308,.T.);
#2510=FACE_BOUND('',#2309,.T.);
#2511=FACE_BOUND('',#2310,.T.);
#2512=FACE_BOUND('',#2311,.T.);
#2513=FACE_BOUND('',#2312,.T.);
#2514=FACE_BOUND('',#2313,.T.);
#2515=FACE_BOUND('',#2314,.T.);
#2516=FACE_BOUND('',#2315,.T.);
#2517=FACE_BOUND('',#2316,.T.);
#2518=FACE_BOUND('',#2317,.T.);
#2519=FACE_BOUND('',#2318,.T.);
#2520=FACE_BOUND('',#2319,.T.);
#2521=FACE_BOUND('',#2320,.T.);
#2522=FACE_BOUND('',#2321,.T.);
#2523=FACE_BOUND('',#2322,.T.);
#2524=FACE_BOUND('',#2323,.T.);
#2525=FACE_BOUND('',#2324,.T.);
#2526=FACE_BOUND('',#2325,.T.);
#2527=FACE_BOUND('',#2326,.T.);
#2528=FACE_BOUND('',#2327,.T.);
#2529=FACE_BOUND('',#2328,.T.);
#2530=FACE_BOUND('',#2329,.T.);
#2531=FACE_BOUND('',#2330,.T.);
#2532=FACE_BOUND('',#2331,.T.);
#2533=FACE_BOUND('',#2332,.T.);
#2534=FACE_BOUND('',#2333,.T.);
#2535=FACE_BOUND('',#2334,.T.);
#2536=FACE_BOUND('',#2335,.T.);
#2537=FACE_BOUND('',#2336,.T.);
#2538=FACE_BOUND('',#2337,.T.);
#2539=FACE_BOUND('',#2338,.T.);
#2540=FACE_BOUND('',#2339,.T.);
#2541=FACE_BOUND('',#2340,.T.);
#2542=FACE_BOUND('',#2341,.T.);
#2543=FACE_BOUND('',#2342,.T.);
#2544=FACE_BOUND('',#2343,.T.);
#2545=FACE_BOUND('',#2344,.T.);
#2546=FACE_BOUND('',#2345,.T.);
#2547=FACE_BOUND('',#2346,.T.);
#2548=FACE_BOUND('',#2347,.T.);
#2549=FACE_BOUND('',#2348,.T.);
#2550=FACE_BOUND('',#2349,.T.);
#2551=FACE_BOUND('',#2350,.T.);
#2552=FACE_BOUND('',#2351,.T.);
#2553=FACE_BOUND('',#2352,.T.);
#2554=FACE_BOUND('',#2353,.T.);
#2555=FACE_BOUND('',#2354,.T.);
#2556=FACE_BOUND('',#2355,.T.);
#2557=FACE_BOUND('',#2356,.T.);
#2558=FACE_BOUND('',#2357,.T.);
#2559=FACE_BOUND('',#2358,.T.);
#2560=FACE_BOUND('',#2359,.T.);
#2561=FACE_BOUND('',#2360,.T.);
#2562=FACE_BOUND('',#2361,.T.);
#2563=FACE_BOUND('',#2362,.T.);
#2564=FACE_BOUND('',#2363,.T.);
#2565=FACE_BOUND('',#2364,.T.);
#2566=FACE_BOUND('',#2365,.T.);
#2567=FACE_BOUND('',#2366,.T.);
#2568=FACE_BOUND('',#2367,.T.);
#2569=FACE_BOUND('',#2368,.T.);
#2570=FACE_BOUND('',#2369,.T.);
#2571=FACE_BOUND('',#2370,.T.);
#2572=FACE_BOUND('',#2371,.T.);
#2573=FACE_BOUND('',#2372,.T.);
#2574=FACE_BOUND('',#2373,.T.);
#2575=FACE_BOUND('',#2374,.T.);
#2576=FACE_BOUND('',#2375,.T.);
#2577=FACE_BOUND('',#2376,.T.);
#2578=FACE_BOUND('',#2377,.T.);
#2579=FACE_BOUND('',#2378,.T.);
#2580=FACE_BOUND('',#2379,.T.);
#2581=FACE_BOUND('',#2380,.T.);
#2582=FACE_BOUND('',#2381,.T.);
#2583=FACE_BOUND('',#2382,.T.);
#2584=FACE_BOUND('',#2383,.T.);
#2585=FACE_BOUND('',#2384,.T.);
#2586=FACE_BOUND('',#2385,.T.);
#2587=FACE_BOUND('',#2386,.T.);
#2588=FACE_BOUND('',#2387,.T.);
#2589=FACE_BOUND('',#2388,.T.);
#2590=FACE_BOUND('',#2389,.T.);
#2591=FACE_BOUND('',#2390,.T.);
#2592=FACE_BOUND('',#2391,.T.);
#2593=FACE_BOUND('',#2392,.T.);
#2594=FACE_BOUND('',#2393,.T.);
#2595=FACE_BOUND('',#2394,.T.);
#2596=FACE_BOUND('',#2395,.T.);
#2597=FACE_BOUND('',#2396,.T.);
#2598=FACE_BOUND('',#2397,.T.);
#2599=FACE_BOUND('',#2398,.T.);
#2600=FACE_BOUND('',#2399,.T.);
#2601=FACE_BOUND('',#2400,.T.);
#2602=FACE_BOUND('',#2401,.T.);
#2603=FACE_BOUND('',#2402,.T.);
#2604=FACE_BOUND('',#2403,.T.);
#2605=FACE_BOUND('',#2404,.T.);
#2606=FACE_BOUND('',#2405,.T.);
#2607=FACE_BOUND('',#2406,.T.);
#2608=FACE_BOUND('',#2407,.T.);
#2609=FACE_BOUND('',#2408,.T.);
#2610=FACE_BOUND('',#2409,.T.);
#2611=FACE_BOUND('',#2410,.T.);
#2612=FACE_BOUND('',#2411,.T.);
#2613=FACE_BOUND('',#2412,.T.);
#2614=FACE_BOUND('',#2413,.T.);
#2615=FACE_BOUND('',#2414,.T.);
#2616=FACE_BOUND('',#2415,.T.);
#2617=FACE_BOUND('',#2416,.T.);
#2618=FACE_BOUND('',#2417,.T.);
#2619=FACE_BOUND('',#2418,.T.);
#2620=FACE_BOUND('',#2419,.T.);
#2621=FACE_BOUND('',#2420,.T.);
#2622=FACE_BOUND('',#2421,.T.);
#2623=FACE_BOUND('',#2422,.T.);
#2624=FACE_BOUND('',#2423,.T.);
#2625=FACE_BOUND('',#2424,.T.);
#2626=FACE_BOUND('',#2425,.T.);
#2627=FACE_BOUND('',#2426,.T.);
#2628=FACE_BOUND('',#2427,.T.);
#2629=FACE_BOUND('',#2428,.T.);
#2630=FACE_BOUND('',#2429,.T.);
#2631=FACE_BOUND('',#2430,.T.);
#2632=FACE_BOUND('',#2431,.T.);
#2633=FACE_BOUND('',#2432,.T.);
#2634=FACE_BOUND('',#2433,.T.);
#2635=FACE_BOUND('',#2434,.T.);
#2636=FACE_BOUND('',#2435,.T.);
#2637=FACE_BOUND('',#2436,.T.);
#2638=FACE_BOUND('',#2437,.T.);
#2639=FACE_BOUND('',#2438,.T.);
#2640=FACE_BOUND('',#2439,.T.);
#2641=FACE_BOUND('',#2440,.T.);
#2642=FACE_BOUND('',#2441,.T.);
#2643=FACE_BOUND('',#2442,.T.);
#2644=FACE_BOUND('',#2443,.T.);
#2645=FACE_BOUND('',#2444,.T.);
#2646=FACE_BOUND('',#2445,.T.);
#2647=FACE_BOUND('',#2446,.T.);
#2648=FACE_BOUND('',#2447,.T.);
#2649=FACE_BOUND('',#2448,.T.);
#2650=FACE_BOUND('',#2449,.T.);
#2651=FACE_BOUND('',#2450,.T.);
#2652=FACE_BOUND('',#2451,.T.);
#2653=FACE_BOUND('',#2452,.T.);
#2654=FACE_BOUND('',#2453,.T.);
#2655=FACE_BOUND('',#2454,.T.);
#2656=FACE_BOUND('',#2455,.T.);
#2657=FACE_BOUND('',#2456,.T.);
#2658=FACE_BOUND('',#2457,.T.);
#2659=FACE_BOUND('',#2458,.T.);
#2660=FACE_BOUND('',#2459,.T.);
#2661=FACE_BOUND('',#2460,.T.);
#2662=FACE_BOUND('',#2461,.T.);
#2663=FACE_BOUND('',#2462,.T.);
#2664=(
BOUNDED_SURFACE()
B_SPLINE_SURFACE(3,2,((#3890,#3891,#3892),(#3893,#3894,#3895),(#3896,#3897,
#3898),(#3899,#3900,#3901)),.UNSPECIFIED.,.F.,.F.,.F.)
B_SPLINE_SURFACE_WITH_KNOTS((4,4),(3,3),(0.00127306306458398,0.00127519587658266),
(0.,0.00433012698053042),.PIECEWISE_BEZIER_KNOTS.)
GEOMETRIC_REPRESENTATION_ITEM()
RATIONAL_B_SPLINE_SURFACE(((1.,0.999419872986221,0.998844770019712),(1.,
0.999419872986221,0.998844770019712),(1.,0.999419872986221,0.998844770019712),
(1.,0.999419872986221,0.998844770019712)))
REPRESENTATION_ITEM('')
SURFACE()
);
#2665=(
BOUNDED_SURFACE()
B_SPLINE_SURFACE(3,2,((#4765,#4766,#4767),(#4768,#4769,#4770),(#4771,#4772,
#4773),(#4774,#4775,#4776),(#4777,#4778,#4779)),.UNSPECIFIED.,.F.,.F.,.F.)
B_SPLINE_SURFACE_WITH_KNOTS((4,1,4),(3,3),(-2.80428891913376E-16,0.000312575131442154,
0.000625150262884588),(0.341081377402085,1.),.UNSPECIFIED.)
GEOMETRIC_REPRESENTATION_ITEM()
RATIONAL_B_SPLINE_SURFACE(((0.868347502412609,0.80700720369117,1.),(0.868347502412609,
0.80700720369117,1.),(0.868347502412609,0.80700720369117,1.),(0.868347502412609,
0.80700720369117,1.),(0.868347502412609,0.80700720369117,1.)))
REPRESENTATION_ITEM('')
SURFACE()
);
#2666=(
BOUNDED_SURFACE()
B_SPLINE_SURFACE(3,2,((#4795,#4796,#4797),(#4798,#4799,#4800),(#4801,#4802,
#4803),(#4804,#4805,#4806),(#4807,#4808,#4809)),.UNSPECIFIED.,.F.,.F.,.F.)
B_SPLINE_SURFACE_WITH_KNOTS((4,1,4),(3,3),(-2.54787510534094E-18,0.000153170922039514,
0.00030634184407903),(0.341081377401863,1.),.UNSPECIFIED.)
GEOMETRIC_REPRESENTATION_ITEM()
RATIONAL_B_SPLINE_SURFACE(((0.86834750241265,0.807007203691105,1.),(0.86834750241265,
0.807007203691105,1.),(0.86834750241265,0.807007203691105,1.),(0.86834750241265,
0.807007203691105,1.),(0.86834750241265,0.807007203691105,1.)))
REPRESENTATION_ITEM('')
SURFACE()
);
#2667=(
BOUNDED_SURFACE()
B_SPLINE_SURFACE(3,2,((#4816,#4817,#4818),(#4819,#4820,#4821),(#4822,#4823,
#4824),(#4825,#4826,#4827),(#4828,#4829,#4830)),.UNSPECIFIED.,.F.,.F.,.F.)
B_SPLINE_SURFACE_WITH_KNOTS((4,1,4),(3,3),(0.,0.000340428766746985,0.000680857533493969),
(0.341081377402116,1.),.UNSPECIFIED.)
GEOMETRIC_REPRESENTATION_ITEM()
RATIONAL_B_SPLINE_SURFACE(((0.868347502412603,0.807007203691179,1.),(0.868347502412603,
0.807007203691179,1.),(0.868347502412603,0.80700720369118,1.),(0.868347502412602,
0.807007203691179,1.),(0.868347502412602,0.807007203691179,1.)))
REPRESENTATION_ITEM('')
SURFACE()
);
#2668=(
BOUNDED_SURFACE()
B_SPLINE_SURFACE(3,2,((#4837,#4838,#4839),(#4840,#4841,#4842),(#4843,#4844,
#4845),(#4846,#4847,#4848),(#4849,#4850,#4851)),.UNSPECIFIED.,.F.,.F.,.F.)
B_SPLINE_SURFACE_WITH_KNOTS((4,1,4),(3,3),(0.,0.00016184557725766,0.000323691154515319),
(0.341081377401943,1.),.UNSPECIFIED.)
GEOMETRIC_REPRESENTATION_ITEM()
RATIONAL_B_SPLINE_SURFACE(((0.868347502412635,0.807007203691129,1.),(0.868347502412635,
0.807007203691129,1.),(0.868347502412635,0.807007203691129,1.),(0.868347502412635,
0.807007203691129,1.),(0.868347502412635,0.807007203691129,1.)))
REPRESENTATION_ITEM('')
SURFACE()
);
#2669=(
BOUNDED_SURFACE()
B_SPLINE_SURFACE(3,2,((#4858,#4859,#4860),(#4861,#4862,#4863),(#4864,#4865,
#4866),(#4867,#4868,#4869),(#4870,#4871,#4872)),.UNSPECIFIED.,.F.,.F.,.F.)
B_SPLINE_SURFACE_WITH_KNOTS((4,1,4),(3,3),(-1.42789426116341E-16,0.000163622170035228,
0.000327244340070599),(0.341081377401928,1.),.UNSPECIFIED.)
GEOMETRIC_REPRESENTATION_ITEM()
RATIONAL_B_SPLINE_SURFACE(((0.868347502412637,0.807007203691124,1.),(0.868347502412637,
0.807007203691124,1.),(0.868347502412638,0.807007203691125,1.),(0.868347502412638,
0.807007203691124,1.),(0.868347502412638,0.807007203691124,1.)))
REPRESENTATION_ITEM('')
SURFACE()
);
#2670=(
BOUNDED_SURFACE()
B_SPLINE_SURFACE(3,2,((#4879,#4880,#4881),(#4882,#4883,#4884),(#4885,#4886,
#4887),(#4888,#4889,#4890),(#4891,#4892,#4893)),.UNSPECIFIED.,.F.,.F.,.F.)
B_SPLINE_SURFACE_WITH_KNOTS((4,1,4),(3,3),(-4.15737323039567E-16,0.000336468647219625,
0.000672937294439666),(0.341081377402061,1.),.UNSPECIFIED.)
GEOMETRIC_REPRESENTATION_ITEM()
RATIONAL_B_SPLINE_SURFACE(((0.868347502412613,0.807007203691163,1.),(0.868347502412613,
0.807007203691163,1.),(0.868347502412613,0.807007203691163,1.),(0.868347502412613,
0.807007203691163,1.),(0.868347502412613,0.807007203691163,1.)))
REPRESENTATION_ITEM('')
SURFACE()
);
#2671=(
BOUNDED_SURFACE()
B_SPLINE_SURFACE(3,2,((#4900,#4901,#4902),(#4903,#4904,#4905),(#4906,#4907,
#4908),(#4909,#4910,#4911),(#4912,#4913,#4914)),.UNSPECIFIED.,.F.,.F.,.F.)
B_SPLINE_SURFACE_WITH_KNOTS((4,1,4),(3,3),(0.,0.000157398985665034,0.000314797971330069),
(0.341081377402024,1.),.UNSPECIFIED.)
GEOMETRIC_REPRESENTATION_ITEM()
RATIONAL_B_SPLINE_SURFACE(((0.86834750241262,0.807007203691152,1.),(0.86834750241262,
0.807007203691152,1.),(0.86834750241262,0.807007203691152,1.),(0.86834750241262,
0.807007203691152,1.),(0.86834750241262,0.807007203691152,1.)))
REPRESENTATION_ITEM('')
SURFACE()
);
#2672=(
BOUNDED_SURFACE()
B_SPLINE_SURFACE(3,2,((#4928,#4929,#4930),(#4931,#4932,#4933),(#4934,#4935,
#4936),(#4937,#4938,#4939),(#4940,#4941,#4942)),.UNSPECIFIED.,.F.,.F.,.F.)
B_SPLINE_SURFACE_WITH_KNOTS((4,1,4),(3,3),(-1.20861437177822E-16,0.00032734306397466,
0.00065468612794944),(0.341081377402172,1.),.UNSPECIFIED.)
GEOMETRIC_REPRESENTATION_ITEM()
RATIONAL_B_SPLINE_SURFACE(((0.868347502412592,0.807007203691196,1.),(0.868347502412592,
0.807007203691196,1.),(0.868347502412592,0.807007203691196,1.),(0.868347502412592,
0.807007203691196,1.),(0.868347502412592,0.807007203691196,1.)))
REPRESENTATION_ITEM('')
SURFACE()
);
#2673=(
BOUNDED_SURFACE()
B_SPLINE_SURFACE(3,2,((#4947,#4948,#4949),(#4950,#4951,#4952),(#4953,#4954,
#4955),(#4956,#4957,#4958)),.UNSPECIFIED.,.F.,.F.,.F.)
B_SPLINE_SURFACE_WITH_KNOTS((4,4),(3,3),(0.,0.000324877619757791),(0.341081377401994,
1.),.PIECEWISE_BEZIER_KNOTS.)
GEOMETRIC_REPRESENTATION_ITEM()
RATIONAL_B_SPLINE_SURFACE(((0.868347502412625,0.807007203691144,1.),(0.868347502412625,
0.807007203691144,1.),(0.868347502412625,0.807007203691144,1.),(0.868347502412625,
0.807007203691144,1.)))
REPRESENTATION_ITEM('')
SURFACE()
);
#2674=(
BOUNDED_SURFACE()
B_SPLINE_SURFACE(3,2,((#4967,#4968,#4969),(#4970,#4971,#4972),(#4973,#4974,
#4975),(#4976,#4977,#4978)),.UNSPECIFIED.,.F.,.F.,.F.)
B_SPLINE_SURFACE_WITH_KNOTS((4,4),(3,3),(-8.13151629364128E-20,0.000316912526743898),
(0.341081377401917,1.),.PIECEWISE_BEZIER_KNOTS.)
GEOMETRIC_REPRESENTATION_ITEM()
RATIONAL_B_SPLINE_SURFACE(((0.86834750241264,0.807007203691121,1.),(0.86834750241264,
0.807007203691121,1.),(0.86834750241264,0.807007203691121,1.),(0.86834750241264,
0.807007203691121,1.)))
REPRESENTATION_ITEM('')
SURFACE()
);
#2675=(
BOUNDED_SURFACE()
B_SPLINE_SURFACE(3,2,((#4985,#4986,#4987),(#4988,#4989,#4990),(#4991,#4992,
#4993),(#4994,#4995,#4996)),.UNSPECIFIED.,.F.,.F.,.F.)
B_SPLINE_SURFACE_WITH_KNOTS((4,4),(3,3),(0.,0.000303842612946819),(0.341081377401835,
1.),.PIECEWISE_BEZIER_KNOTS.)
GEOMETRIC_REPRESENTATION_ITEM()
RATIONAL_B_SPLINE_SURFACE(((0.868347502412655,0.807007203691097,1.),(0.868347502412655,
0.807007203691097,1.),(0.868347502412655,0.807007203691097,1.),(0.868347502412655,
0.807007203691097,1.)))
REPRESENTATION_ITEM('')
SURFACE()
);
#2676=(
BOUNDED_SURFACE()
B_SPLINE_SURFACE(3,2,((#5003,#5004,#5005),(#5006,#5007,#5008),(#5009,#5010,
#5011),(#5012,#5013,#5014)),.UNSPECIFIED.,.F.,.F.,.F.)
B_SPLINE_SURFACE_WITH_KNOTS((4,4),(3,3),(0.,0.000313854296228372),(0.341081377401935,
1.),.PIECEWISE_BEZIER_KNOTS.)
GEOMETRIC_REPRESENTATION_ITEM()
RATIONAL_B_SPLINE_SURFACE(((0.868347502412637,0.807007203691126,1.),(0.868347502412637,
0.807007203691126,1.),(0.868347502412637,0.807007203691126,1.),(0.868347502412637,
0.807007203691126,1.)))
REPRESENTATION_ITEM('')
SURFACE()
);
#2677=(
BOUNDED_SURFACE()
B_SPLINE_SURFACE(3,2,((#5021,#5022,#5023),(#5024,#5025,#5026),(#5027,#5028,
#5029),(#5030,#5031,#5032)),.UNSPECIFIED.,.F.,.F.,.F.)
B_SPLINE_SURFACE_WITH_KNOTS((4,4),(3,3),(0.,0.000309684907817317),(0.341081377402249,
1.),.PIECEWISE_BEZIER_KNOTS.)
GEOMETRIC_REPRESENTATION_ITEM()
RATIONAL_B_SPLINE_SURFACE(((0.868347502412578,0.807007203691218,1.),(0.868347502412578,
0.807007203691218,1.),(0.868347502412578,0.807007203691218,1.),(0.868347502412578,
0.807007203691218,1.)))
REPRESENTATION_ITEM('')
SURFACE()
);
#2678=(
BOUNDED_SURFACE()
B_SPLINE_SURFACE(3,2,((#5039,#5040,#5041),(#5042,#5043,#5044),(#5045,#5046,
#5047),(#5048,#5049,#5050)),.UNSPECIFIED.,.F.,.F.,.F.)
B_SPLINE_SURFACE_WITH_KNOTS((4,4),(3,3),(-1.13841228110978E-18,0.000307118135535484),
(0.341081377401965,1.),.PIECEWISE_BEZIER_KNOTS.)
GEOMETRIC_REPRESENTATION_ITEM()
RATIONAL_B_SPLINE_SURFACE(((0.868347502412631,0.807007203691135,1.),(0.868347502412631,
0.807007203691135,1.),(0.868347502412631,0.807007203691135,1.),(0.868347502412631,
0.807007203691135,1.)))
REPRESENTATION_ITEM('')
SURFACE()
);
#2679=(
BOUNDED_SURFACE()
B_SPLINE_SURFACE(3,2,((#5057,#5058,#5059),(#5060,#5061,#5062),(#5063,#5064,
#5065),(#5066,#5067,#5068)),.UNSPECIFIED.,.F.,.F.,.F.)
B_SPLINE_SURFACE_WITH_KNOTS((4,4),(3,3),(-2.71050543121376E-20,0.000321788205228103),
(0.341081377402297,1.),.PIECEWISE_BEZIER_KNOTS.)
GEOMETRIC_REPRESENTATION_ITEM()
RATIONAL_B_SPLINE_SURFACE(((0.868347502412569,0.807007203691232,1.),(0.868347502412569,
0.807007203691232,1.),(0.868347502412569,0.807007203691232,1.),(0.868347502412569,
0.807007203691232,1.)))
REPRESENTATION_ITEM('')
SURFACE()
);
#2680=(
BOUNDED_SURFACE()
B_SPLINE_SURFACE(3,2,((#5075,#5076,#5077),(#5078,#5079,#5080),(#5081,#5082,
#5083),(#5084,#5085,#5086)),.UNSPECIFIED.,.F.,.F.,.F.)
B_SPLINE_SURFACE_WITH_KNOTS((4,4),(3,3),(-4.33680868994202E-19,0.000322573959192502),
(0.341081377401914,1.),.PIECEWISE_BEZIER_KNOTS.)
GEOMETRIC_REPRESENTATION_ITEM()
RATIONAL_B_SPLINE_SURFACE(((0.868347502412641,0.80700720369112,1.),(0.868347502412641,
0.80700720369112,1.),(0.868347502412641,0.80700720369112,1.),(0.868347502412641,
0.80700720369112,1.)))
REPRESENTATION_ITEM('')
SURFACE()
);
#2681=(
BOUNDED_SURFACE()
B_SPLINE_SURFACE(3,2,((#5091,#5092,#5093),(#5094,#5095,#5096),(#5097,#5098,
#5099),(#5100,#5101,#5102)),.UNSPECIFIED.,.F.,.F.,.F.)
B_SPLINE_SURFACE_WITH_KNOTS((4,4),(3,3),(-6.04442711160669E-17,0.000281467208498574),
(0.341081377402331,1.),.PIECEWISE_BEZIER_KNOTS.)
GEOMETRIC_REPRESENTATION_ITEM()
RATIONAL_B_SPLINE_SURFACE(((0.868347502412563,0.807007203691242,1.),(0.868347502412563,
0.807007203691242,1.),(0.868347502412563,0.807007203691242,1.),(0.868347502412563,
0.807007203691242,1.)))
REPRESENTATION_ITEM('')
SURFACE()
);
#2682=(
BOUNDED_SURFACE()
B_SPLINE_SURFACE(3,2,((#5111,#5112,#5113),(#5114,#5115,#5116),(#5117,#5118,
#5119),(#5120,#5121,#5122)),.UNSPECIFIED.,.F.,.F.,.F.)
B_SPLINE_SURFACE_WITH_KNOTS((4,4),(3,3),(-1.93855348440408E-16,0.000291915826657019),
(0.34108137740198,1.),.PIECEWISE_BEZIER_KNOTS.)
GEOMETRIC_REPRESENTATION_ITEM()
RATIONAL_B_SPLINE_SURFACE(((0.868347502412628,0.80700720369114,1.),(0.868347502412628,
0.80700720369114,1.),(0.868347502412628,0.80700720369114,1.),(0.868347502412628,
0.80700720369114,1.)))
REPRESENTATION_ITEM('')
SURFACE()
);
#2683=(
BOUNDED_SURFACE()
B_SPLINE_SURFACE(3,2,((#5129,#5130,#5131),(#5132,#5133,#5134),(#5135,#5136,
#5137),(#5138,#5139,#5140),(#5141,#5142,#5143)),.UNSPECIFIED.,.F.,.F.,.F.)
B_SPLINE_SURFACE_WITH_KNOTS((4,1,4),(3,3),(-4.33680868994202E-19,0.000117814215104655,
0.00023562843020931),(0.341081377402146,1.),.UNSPECIFIED.)
GEOMETRIC_REPRESENTATION_ITEM()
RATIONAL_B_SPLINE_SURFACE(((0.868347502412597,0.807007203691188,1.),(0.868347502412597,
0.807007203691188,1.),(0.868347502412597,0.807007203691188,1.),(0.868347502412597,
0.807007203691188,1.),(0.868347502412597,0.807007203691188,1.)))
REPRESENTATION_ITEM('')
SURFACE()
);
#2684=(
BOUNDED_SURFACE()
B_SPLINE_SURFACE(3,2,((#5150,#5151,#5152),(#5153,#5154,#5155),(#5156,#5157,
#5158),(#5159,#5160,#5161),(#5162,#5163,#5164)),.UNSPECIFIED.,.F.,.F.,.F.)
B_SPLINE_SURFACE_WITH_KNOTS((4,1,4),(3,3),(-1.24534172037116E-16,0.000118281157370725,
0.000236562314741574),(0.341081377401809,1.),.UNSPECIFIED.)
GEOMETRIC_REPRESENTATION_ITEM()
RATIONAL_B_SPLINE_SURFACE(((0.86834750241266,0.807007203691089,1.),(0.86834750241266,
0.807007203691089,1.),(0.86834750241266,0.807007203691089,1.),(0.86834750241266,
0.807007203691089,1.),(0.86834750241266,0.807007203691089,1.)))
REPRESENTATION_ITEM('')
SURFACE()
);
#2685=(
BOUNDED_SURFACE()
B_SPLINE_SURFACE(3,2,((#5171,#5172,#5173),(#5174,#5175,#5176),(#5177,#5178,
#5179),(#5180,#5181,#5182),(#5183,#5184,#5185)),.UNSPECIFIED.,.F.,.F.,.F.)
B_SPLINE_SURFACE_WITH_KNOTS((4,1,4),(3,3),(-1.45770982090676E-16,0.000118909027868566,
0.000237818055737278),(0.341081377401686,1.),.UNSPECIFIED.)
GEOMETRIC_REPRESENTATION_ITEM()
RATIONAL_B_SPLINE_SURFACE(((0.868347502412683,0.807007203691053,1.),(0.868347502412683,
0.807007203691053,1.),(0.868347502412683,0.807007203691053,1.),(0.868347502412683,
0.807007203691053,1.),(0.868347502412683,0.807007203691053,1.)))
REPRESENTATION_ITEM('')
SURFACE()
);
#2686=(
BOUNDED_SURFACE()
B_SPLINE_SURFACE(3,2,((#5192,#5193,#5194),(#5195,#5196,#5197),(#5198,#5199,
#5200),(#5201,#5202,#5203),(#5204,#5205,#5206)),.UNSPECIFIED.,.F.,.F.,.F.)
B_SPLINE_SURFACE_WITH_KNOTS((4,1,4),(3,3),(0.,0.000115997246919045,0.00023199449383809),
(0.341081377401852,1.),.UNSPECIFIED.)
GEOMETRIC_REPRESENTATION_ITEM()
RATIONAL_B_SPLINE_SURFACE(((0.868347502412652,0.807007203691102,1.),(0.868347502412652,
0.807007203691102,1.),(0.868347502412652,0.807007203691102,1.),(0.868347502412652,
0.807007203691102,1.),(0.868347502412652,0.807007203691102,1.)))
REPRESENTATION_ITEM('')
SURFACE()
);
#2687=(
BOUNDED_SURFACE()
B_SPLINE_SURFACE(3,2,((#5213,#5214,#5215),(#5216,#5217,#5218),(#5219,#5220,
#5221),(#5222,#5223,#5224)),.UNSPECIFIED.,.F.,.F.,.F.)
B_SPLINE_SURFACE_WITH_KNOTS((4,4),(3,3),(0.,0.000280038847679078),(0.341081377401905,
1.),.PIECEWISE_BEZIER_KNOTS.)
GEOMETRIC_REPRESENTATION_ITEM()
RATIONAL_B_SPLINE_SURFACE(((0.868347502412642,0.807007203691118,1.),(0.868347502412642,
0.807007203691118,1.),(0.868347502412642,0.807007203691118,1.),(0.868347502412642,
0.807007203691118,1.)))
REPRESENTATION_ITEM('')
SURFACE()
);
#2688=(
BOUNDED_SURFACE()
B_SPLINE_SURFACE(3,2,((#5231,#5232,#5233),(#5234,#5235,#5236),(#5237,#5238,
#5239),(#5240,#5241,#5242)),.UNSPECIFIED.,.F.,.F.,.F.)
B_SPLINE_SURFACE_WITH_KNOTS((4,4),(3,3),(0.,0.000292675949001018),(0.34108137740194,
1.),.PIECEWISE_BEZIER_KNOTS.)
GEOMETRIC_REPRESENTATION_ITEM()
RATIONAL_B_SPLINE_SURFACE(((0.868347502412636,0.807007203691128,1.),(0.868347502412636,
0.807007203691128,1.),(0.868347502412636,0.807007203691128,1.),(0.868347502412636,
0.807007203691128,1.)))
REPRESENTATION_ITEM('')
SURFACE()
);
#2689=(
BOUNDED_SURFACE()
B_SPLINE_SURFACE(3,2,((#5247,#5248,#5249),(#5250,#5251,#5252),(#5253,#5254,
#5255),(#5256,#5257,#5258)),.UNSPECIFIED.,.F.,.F.,.F.)
B_SPLINE_SURFACE_WITH_KNOTS((4,4),(3,3),(0.,0.00061935863905827),(0.341081377401889,
1.),.PIECEWISE_BEZIER_KNOTS.)
GEOMETRIC_REPRESENTATION_ITEM()
RATIONAL_B_SPLINE_SURFACE(((0.868347502412645,0.807007203691113,1.),(0.868347502412645,
0.807007203691113,1.),(0.868347502412645,0.807007203691113,1.),(0.868347502412645,
0.807007203691113,1.)))
REPRESENTATION_ITEM('')
SURFACE()
);
#2690=(
BOUNDED_SURFACE()
B_SPLINE_SURFACE(3,2,((#5270,#5271,#5272),(#5273,#5274,#5275),(#5276,#5277,
#5278),(#5279,#5280,#5281)),.UNSPECIFIED.,.F.,.F.,.F.)
B_SPLINE_SURFACE_WITH_KNOTS((4,4),(3,3),(0.,0.000687606638993903),(0.,0.658918622598399),
 .PIECEWISE_BEZIER_KNOTS.)
GEOMETRIC_REPRESENTATION_ITEM()
RATIONAL_B_SPLINE_SURFACE(((1.,0.807007203691029,0.868347502412699),(1.,
0.807007203691029,0.868347502412699),(1.,0.807007203691029,0.868347502412699),
(1.,0.807007203691029,0.868347502412699)))
REPRESENTATION_ITEM('')
SURFACE()
);
#2691=(
BOUNDED_SURFACE()
B_SPLINE_SURFACE(3,2,((#5288,#5289,#5290),(#5291,#5292,#5293),(#5294,#5295,
#5296),(#5297,#5298,#5299)),.UNSPECIFIED.,.F.,.F.,.F.)
B_SPLINE_SURFACE_WITH_KNOTS((4,4),(3,3),(0.,0.000687138744386384),(0.341081377402004,
1.),.PIECEWISE_BEZIER_KNOTS.)
GEOMETRIC_REPRESENTATION_ITEM()
RATIONAL_B_SPLINE_SURFACE(((0.868347502412623,0.807007203691147,1.),(0.868347502412623,
0.807007203691147,1.),(0.868347502412624,0.807007203691147,1.),(0.868347502412624,
0.807007203691147,1.)))
REPRESENTATION_ITEM('')
SURFACE()
);
#2692=(
BOUNDED_SURFACE()
B_SPLINE_SURFACE(3,2,((#5306,#5307,#5308),(#5309,#5310,#5311),(#5312,#5313,
#5314),(#5315,#5316,#5317)),.UNSPECIFIED.,.F.,.F.,.F.)
B_SPLINE_SURFACE_WITH_KNOTS((4,4),(3,3),(-4.52383356469577E-17,0.000764253936605401),
(0.341081377401792,1.),.PIECEWISE_BEZIER_KNOTS.)
GEOMETRIC_REPRESENTATION_ITEM()
RATIONAL_B_SPLINE_SURFACE(((0.868347502412663,0.807007203691084,1.),(0.868347502412663,
0.807007203691084,1.),(0.868347502412663,0.807007203691084,1.),(0.868347502412663,
0.807007203691084,1.)))
REPRESENTATION_ITEM('')
SURFACE()
);
#2693=(
BOUNDED_SURFACE()
B_SPLINE_SURFACE(3,2,((#5324,#5325,#5326),(#5327,#5328,#5329),(#5330,#5331,
#5332),(#5333,#5334,#5335)),.UNSPECIFIED.,.F.,.F.,.F.)
B_SPLINE_SURFACE_WITH_KNOTS((4,4),(3,3),(0.,0.00112186742691912),(0.341081377402169,
1.),.PIECEWISE_BEZIER_KNOTS.)
GEOMETRIC_REPRESENTATION_ITEM()
RATIONAL_B_SPLINE_SURFACE(((0.868347502412593,0.807007203691195,1.),(0.868347502412593,
0.807007203691195,1.),(0.868347502412593,0.807007203691195,1.),(0.868347502412593,
0.807007203691195,1.)))
REPRESENTATION_ITEM('')
SURFACE()
);
#2694=(
BOUNDED_SURFACE()
B_SPLINE_SURFACE(3,2,((#5342,#5343,#5344),(#5345,#5346,#5347),(#5348,#5349,
#5350),(#5351,#5352,#5353)),.UNSPECIFIED.,.F.,.F.,.F.)
B_SPLINE_SURFACE_WITH_KNOTS((4,4),(3,3),(-1.92554305833426E-16,0.00116377168485332),
(0.341081377401696,1.),.PIECEWISE_BEZIER_KNOTS.)
GEOMETRIC_REPRESENTATION_ITEM()
RATIONAL_B_SPLINE_SURFACE(((0.868347502412681,0.807007203691056,1.),(0.868347502412681,
0.807007203691056,1.),(0.868347502412681,0.807007203691056,1.),(0.868347502412681,
0.807007203691056,1.)))
REPRESENTATION_ITEM('')
SURFACE()
);
#2695=(
BOUNDED_SURFACE()
B_SPLINE_SURFACE(3,2,((#5360,#5361,#5362),(#5363,#5364,#5365),(#5366,#5367,
#5368),(#5369,#5370,#5371)),.UNSPECIFIED.,.F.,.F.,.F.)
B_SPLINE_SURFACE_WITH_KNOTS((4,4),(3,3),(0.,0.00117997352912752),(0.34108137740196,
1.),.PIECEWISE_BEZIER_KNOTS.)
GEOMETRIC_REPRESENTATION_ITEM()
RATIONAL_B_SPLINE_SURFACE(((0.868347502412632,0.807007203691134,1.),(0.868347502412632,
0.807007203691134,1.),(0.868347502412632,0.807007203691134,1.),(0.868347502412632,
0.807007203691134,1.)))
REPRESENTATION_ITEM('')
SURFACE()
);
#2696=(
BOUNDED_SURFACE()
B_SPLINE_SURFACE(3,2,((#5378,#5379,#5380),(#5381,#5382,#5383),(#5384,#5385,
#5386),(#5387,#5388,#5389)),.UNSPECIFIED.,.F.,.F.,.F.)
B_SPLINE_SURFACE_WITH_KNOTS((4,4),(3,3),(0.,0.00124971213545735),(0.341081377401727,
1.),.PIECEWISE_BEZIER_KNOTS.)
GEOMETRIC_REPRESENTATION_ITEM()
RATIONAL_B_SPLINE_SURFACE(((0.868347502412675,0.807007203691065,1.),(0.868347502412675,
0.807007203691065,1.),(0.868347502412675,0.807007203691065,1.),(0.868347502412675,
0.807007203691065,1.)))
REPRESENTATION_ITEM('')
SURFACE()
);
#2697=(
BOUNDED_SURFACE()
B_SPLINE_SURFACE(3,2,((#5396,#5397,#5398),(#5399,#5400,#5401),(#5402,#5403,
#5404),(#5405,#5406,#5407)),.UNSPECIFIED.,.F.,.F.,.F.)
B_SPLINE_SURFACE_WITH_KNOTS((4,4),(3,3),(-1.84314369322536E-17,0.00119218611278074),
(0.341081377401859,1.),.PIECEWISE_BEZIER_KNOTS.)
GEOMETRIC_REPRESENTATION_ITEM()
RATIONAL_B_SPLINE_SURFACE(((0.868347502412651,0.807007203691104,1.),(0.868347502412651,
0.807007203691104,1.),(0.868347502412651,0.807007203691104,1.),(0.868347502412651,
0.807007203691104,1.)))
REPRESENTATION_ITEM('')
SURFACE()
);
#2698=(
BOUNDED_SURFACE()
B_SPLINE_SURFACE(3,2,((#5414,#5415,#5416),(#5417,#5418,#5419),(#5420,#5421,
#5422),(#5423,#5424,#5425)),.UNSPECIFIED.,.F.,.F.,.F.)
B_SPLINE_SURFACE_WITH_KNOTS((4,4),(3,3),(0.,0.00125466302906025),(0.341081377401771,
1.),.PIECEWISE_BEZIER_KNOTS.)
GEOMETRIC_REPRESENTATION_ITEM()
RATIONAL_B_SPLINE_SURFACE(((0.868347502412667,0.807007203691078,1.),(0.868347502412667,
0.807007203691078,1.),(0.868347502412667,0.807007203691078,1.),(0.868347502412667,
0.807007203691078,1.)))
REPRESENTATION_ITEM('')
SURFACE()
);
#2699=(
BOUNDED_SURFACE()
B_SPLINE_SURFACE(3,2,((#5432,#5433,#5434),(#5435,#5436,#5437),(#5438,#5439,
#5440),(#5441,#5442,#5443)),.UNSPECIFIED.,.F.,.F.,.F.)
B_SPLINE_SURFACE_WITH_KNOTS((4,4),(3,3),(0.,0.0011205859413564),(0.341081377402089,
1.),.PIECEWISE_BEZIER_KNOTS.)
GEOMETRIC_REPRESENTATION_ITEM()
RATIONAL_B_SPLINE_SURFACE(((0.868347502412608,0.807007203691172,1.),(0.868347502412608,
0.807007203691172,1.),(0.868347502412608,0.807007203691172,1.),(0.868347502412608,
0.807007203691172,1.)))
REPRESENTATION_ITEM('')
SURFACE()
);
#2700=(
BOUNDED_SURFACE()
B_SPLINE_SURFACE(3,2,((#5450,#5451,#5452),(#5453,#5454,#5455),(#5456,#5457,
#5458),(#5459,#5460,#5461)),.UNSPECIFIED.,.F.,.F.,.F.)
B_SPLINE_SURFACE_WITH_KNOTS((4,4),(3,3),(-1.65882932390282E-17,0.00116084098789416),
(0.341081377401813,1.),.PIECEWISE_BEZIER_KNOTS.)
GEOMETRIC_REPRESENTATION_ITEM()
RATIONAL_B_SPLINE_SURFACE(((0.868347502412659,0.80700720369109,1.),(0.868347502412659,
0.80700720369109,1.),(0.868347502412659,0.80700720369109,1.),(0.868347502412659,
0.80700720369109,1.)))
REPRESENTATION_ITEM('')
SURFACE()
);
#2701=(
BOUNDED_SURFACE()
B_SPLINE_SURFACE(3,2,((#5468,#5469,#5470),(#5471,#5472,#5473),(#5474,#5475,
#5476),(#5477,#5478,#5479)),.UNSPECIFIED.,.F.,.F.,.F.)
B_SPLINE_SURFACE_WITH_KNOTS((4,4),(3,3),(0.,0.000685155203146674),(0.341081377401859,
1.),.PIECEWISE_BEZIER_KNOTS.)
GEOMETRIC_REPRESENTATION_ITEM()
RATIONAL_B_SPLINE_SURFACE(((0.868347502412651,0.807007203691104,1.),(0.868347502412651,
0.807007203691104,1.),(0.868347502412651,0.807007203691104,1.),(0.868347502412651,
0.807007203691104,1.)))
REPRESENTATION_ITEM('')
SURFACE()
);
#2702=(
BOUNDED_SURFACE()
B_SPLINE_SURFACE(3,2,((#5486,#5487,#5488),(#5489,#5490,#5491),(#5492,#5493,
#5494),(#5495,#5496,#5497)),.UNSPECIFIED.,.F.,.F.,.F.)
B_SPLINE_SURFACE_WITH_KNOTS((4,4),(3,3),(0.,0.000765582737210171),(0.341081377402152,
1.),.PIECEWISE_BEZIER_KNOTS.)
GEOMETRIC_REPRESENTATION_ITEM()
RATIONAL_B_SPLINE_SURFACE(((0.868347502412596,0.80700720369119,1.),(0.868347502412596,
0.80700720369119,1.),(0.868347502412596,0.80700720369119,1.),(0.868347502412596,
0.80700720369119,1.)))
REPRESENTATION_ITEM('')
SURFACE()
);
#2703=(
BOUNDED_SURFACE()
B_SPLINE_SURFACE(3,2,((#5504,#5505,#5506),(#5507,#5508,#5509),(#5510,#5511,
#5512),(#5513,#5514,#5515)),.UNSPECIFIED.,.F.,.F.,.F.)
B_SPLINE_SURFACE_WITH_KNOTS((4,4),(3,3),(-3.26290643809513E-16,0.000618745163512972),
(0.,0.658918622598172),.PIECEWISE_BEZIER_KNOTS.)
GEOMETRIC_REPRESENTATION_ITEM()
RATIONAL_B_SPLINE_SURFACE(((1.,0.807007203691095,0.868347502412657),(1.,
0.807007203691095,0.868347502412657),(1.,0.80700720369103,0.868347502412612),
(1.,0.80700720369103,0.868347502412612)))
REPRESENTATION_ITEM('')
SURFACE()
);
#2704=(
BOUNDED_SURFACE()
B_SPLINE_SURFACE(3,2,((#5525,#5526,#5527),(#5528,#5529,#5530),(#5531,#5532,
#5533),(#5534,#5535,#5536)),.UNSPECIFIED.,.F.,.F.,.F.)
B_SPLINE_SURFACE_WITH_KNOTS((4,4),(3,3),(0.,0.000686660125154986),(0.341081377401978,
1.),.PIECEWISE_BEZIER_KNOTS.)
GEOMETRIC_REPRESENTATION_ITEM()
RATIONAL_B_SPLINE_SURFACE(((0.868347502412629,0.807007203691139,1.),(0.868347502412629,
0.807007203691139,1.),(0.868347502412629,0.807007203691139,1.),(0.868347502412629,
0.807007203691139,1.)))
REPRESENTATION_ITEM('')
SURFACE()
);
#2705=(
BOUNDED_SURFACE()
B_SPLINE_SURFACE(3,2,((#5541,#5542,#5543),(#5544,#5545,#5546),(#5547,#5548,
#5549),(#5550,#5551,#5552)),.UNSPECIFIED.,.F.,.F.,.F.)
B_SPLINE_SURFACE_WITH_KNOTS((4,4),(3,3),(-2.43213652342811E-16,0.000524718746978752),
(0.34108137740193,1.),.PIECEWISE_BEZIER_KNOTS.)
GEOMETRIC_REPRESENTATION_ITEM()
RATIONAL_B_SPLINE_SURFACE(((0.868347502412637,0.807007203691125,1.),(0.868347502412637,
0.807007203691125,1.),(0.868347502412637,0.807007203691125,1.),(0.868347502412637,
0.807007203691125,1.)))
REPRESENTATION_ITEM('')
SURFACE()
);
#2706=(
BOUNDED_SURFACE()
B_SPLINE_SURFACE(3,2,((#5561,#5562,#5563),(#5564,#5565,#5566),(#5567,#5568,
#5569),(#5570,#5571,#5572)),.UNSPECIFIED.,.F.,.F.,.F.)
B_SPLINE_SURFACE_WITH_KNOTS((4,4),(3,3),(0.,0.000521698977786431),(0.34108137740192,
1.),.PIECEWISE_BEZIER_KNOTS.)
GEOMETRIC_REPRESENTATION_ITEM()
RATIONAL_B_SPLINE_SURFACE(((0.868347502412639,0.807007203691122,1.),(0.868347502412639,
0.807007203691122,1.),(0.868347502412639,0.807007203691122,1.),(0.868347502412639,
0.807007203691122,1.)))
REPRESENTATION_ITEM('')
SURFACE()
);
#2707=(
BOUNDED_SURFACE()
B_SPLINE_SURFACE(3,2,((#5579,#5580,#5581),(#5582,#5583,#5584),(#5585,#5586,
#5587),(#5588,#5589,#5590)),.UNSPECIFIED.,.F.,.F.,.F.)
B_SPLINE_SURFACE_WITH_KNOTS((4,4),(3,3),(-2.43945488809238E-19,0.000519740556046418),
(0.341081377401824,1.),.PIECEWISE_BEZIER_KNOTS.)
GEOMETRIC_REPRESENTATION_ITEM()
RATIONAL_B_SPLINE_SURFACE(((0.868347502412657,0.807007203691094,1.),(0.868347502412657,
0.807007203691094,1.),(0.868347502412657,0.807007203691094,1.),(0.868347502412657,
0.807007203691094,1.)))
REPRESENTATION_ITEM('')
SURFACE()
);
#2708=(
BOUNDED_SURFACE()
B_SPLINE_SURFACE(3,2,((#5597,#5598,#5599),(#5600,#5601,#5602),(#5603,#5604,
#5605),(#5606,#5607,#5608)),.UNSPECIFIED.,.F.,.F.,.F.)
B_SPLINE_SURFACE_WITH_KNOTS((4,4),(3,3),(0.,0.000519217497100486),(0.341081377401971,
1.),.PIECEWISE_BEZIER_KNOTS.)
GEOMETRIC_REPRESENTATION_ITEM()
RATIONAL_B_SPLINE_SURFACE(((0.86834750241263,0.807007203691137,1.),(0.86834750241263,
0.807007203691137,1.),(0.86834750241263,0.807007203691137,1.),(0.86834750241263,
0.807007203691137,1.)))
REPRESENTATION_ITEM('')
SURFACE()
);
#2709=(
BOUNDED_SURFACE()
B_SPLINE_SURFACE(3,2,((#5615,#5616,#5617),(#5618,#5619,#5620),(#5621,#5622,
#5623),(#5624,#5625,#5626)),.UNSPECIFIED.,.F.,.F.,.F.)
B_SPLINE_SURFACE_WITH_KNOTS((4,4),(3,3),(-7.52165257161819E-17,0.000516549682478617),
(0.341081377401837,1.),.PIECEWISE_BEZIER_KNOTS.)
GEOMETRIC_REPRESENTATION_ITEM()
RATIONAL_B_SPLINE_SURFACE(((0.868347502412655,0.807007203691098,1.),(0.868347502412655,
0.807007203691098,1.),(0.868347502412655,0.807007203691098,1.),(0.868347502412655,
0.807007203691098,1.)))
REPRESENTATION_ITEM('')
SURFACE()
);
#2710=(
BOUNDED_SURFACE()
B_SPLINE_SURFACE(3,2,((#5633,#5634,#5635),(#5636,#5637,#5638),(#5639,#5640,
#5641),(#5642,#5643,#5644)),.UNSPECIFIED.,.F.,.F.,.F.)
B_SPLINE_SURFACE_WITH_KNOTS((4,4),(3,3),(0.,0.00051716758972219),(0.341081377401802,
1.),.PIECEWISE_BEZIER_KNOTS.)
GEOMETRIC_REPRESENTATION_ITEM()
RATIONAL_B_SPLINE_SURFACE(((0.868347502412661,0.807007203691087,1.),(0.868347502412661,
0.807007203691087,1.),(0.868347502412661,0.807007203691087,1.),(0.868347502412661,
0.807007203691087,1.)))
REPRESENTATION_ITEM('')
SURFACE()
);
#2711=(
BOUNDED_SURFACE()
B_SPLINE_SURFACE(3,2,((#5651,#5652,#5653),(#5654,#5655,#5656),(#5657,#5658,
#5659),(#5660,#5661,#5662)),.UNSPECIFIED.,.F.,.F.,.F.)
B_SPLINE_SURFACE_WITH_KNOTS((4,4),(3,3),(0.,0.000524675681467354),(0.341081377401836,
1.),.PIECEWISE_BEZIER_KNOTS.)
GEOMETRIC_REPRESENTATION_ITEM()
RATIONAL_B_SPLINE_SURFACE(((0.868347502412655,0.807007203691097,1.),(0.868347502412655,
0.807007203691097,1.),(0.868347502412655,0.807007203691097,1.),(0.868347502412655,
0.807007203691097,1.)))
REPRESENTATION_ITEM('')
SURFACE()
);
#2712=(
BOUNDED_SURFACE()
B_SPLINE_SURFACE(3,2,((#5669,#5670,#5671),(#5672,#5673,#5674),(#5675,#5676,
#5677),(#5678,#5679,#5680)),.UNSPECIFIED.,.F.,.F.,.F.)
B_SPLINE_SURFACE_WITH_KNOTS((4,4),(3,3),(0.,0.000520561514777152),(0.341081377402055,
1.),.PIECEWISE_BEZIER_KNOTS.)
GEOMETRIC_REPRESENTATION_ITEM()
RATIONAL_B_SPLINE_SURFACE(((0.868347502412614,0.807007203691161,1.),(0.868347502412614,
0.807007203691161,1.),(0.868347502412614,0.807007203691161,1.),(0.868347502412614,
0.807007203691161,1.)))
REPRESENTATION_ITEM('')
SURFACE()
);
#2713=(
BOUNDED_SURFACE()
B_SPLINE_SURFACE(3,2,((#5685,#5686,#5687),(#5688,#5689,#5690),(#5691,#5692,
#5693),(#5694,#5695,#5696),(#5697,#5698,#5699)),.UNSPECIFIED.,.F.,.F.,.F.)
B_SPLINE_SURFACE_WITH_KNOTS((4,1,4),(3,3),(-2.97505076130022E-16,0.000758134750707108,
0.00151626950141451),(0.341081377401532,1.),.UNSPECIFIED.)
GEOMETRIC_REPRESENTATION_ITEM()
RATIONAL_B_SPLINE_SURFACE(((0.868347502412712,0.807007203691008,1.),(0.868347502412712,
0.807007203691008,1.),(0.868347502412712,0.807007203691008,1.),(0.868347502412712,
0.807007203691008,1.),(0.868347502412712,0.807007203691008,1.)))
REPRESENTATION_ITEM('')
SURFACE()
);
#2714=(
BOUNDED_SURFACE()
B_SPLINE_SURFACE(3,2,((#5711,#5712,#5713),(#5714,#5715,#5716),(#5717,#5718,
#5719),(#5720,#5721,#5722)),.UNSPECIFIED.,.F.,.F.,.F.)
B_SPLINE_SURFACE_WITH_KNOTS((4,4),(3,3),(0.,0.00135237416128573),(0.341081377401828,
1.),.PIECEWISE_BEZIER_KNOTS.)
GEOMETRIC_REPRESENTATION_ITEM()
RATIONAL_B_SPLINE_SURFACE(((0.868347502412657,0.807007203691095,1.),(0.868347502412657,
0.807007203691095,1.),(0.868347502412657,0.807007203691095,1.),(0.868347502412657,
0.807007203691095,1.)))
REPRESENTATION_ITEM('')
SURFACE()
);
#2715=(
BOUNDED_SURFACE()
B_SPLINE_SURFACE(3,2,((#5729,#5730,#5731),(#5732,#5733,#5734),(#5735,#5736,
#5737),(#5738,#5739,#5740)),.UNSPECIFIED.,.F.,.F.,.F.)
B_SPLINE_SURFACE_WITH_KNOTS((4,4),(3,3),(-1.66370823367901E-16,0.0015488118194028),
(0.341081377401741,1.),.PIECEWISE_BEZIER_KNOTS.)
GEOMETRIC_REPRESENTATION_ITEM()
RATIONAL_B_SPLINE_SURFACE(((0.868347502412673,0.807007203691069,1.),(0.868347502412673,
0.807007203691069,1.),(0.868347502412673,0.807007203691069,1.),(0.868347502412673,
0.807007203691069,1.)))
REPRESENTATION_ITEM('')
SURFACE()
);
#2716=(
BOUNDED_SURFACE()
B_SPLINE_SURFACE(3,2,((#5747,#5748,#5749),(#5750,#5751,#5752),(#5753,#5754,
#5755),(#5756,#5757,#5758)),.UNSPECIFIED.,.F.,.F.,.F.)
B_SPLINE_SURFACE_WITH_KNOTS((4,4),(3,3),(-2.09793120375945E-17,0.00136445337066814),
(0.341081377401979,1.),.PIECEWISE_BEZIER_KNOTS.)
GEOMETRIC_REPRESENTATION_ITEM()
RATIONAL_B_SPLINE_SURFACE(((0.868347502412628,0.807007203691139,1.),(0.868347502412628,
0.807007203691139,1.),(0.868347502412628,0.807007203691139,1.),(0.868347502412628,
0.807007203691139,1.)))
REPRESENTATION_ITEM('')
SURFACE()
);
#2717=(
BOUNDED_SURFACE()
B_SPLINE_SURFACE(3,2,((#5765,#5766,#5767),(#5768,#5769,#5770),(#5771,#5772,
#5773),(#5774,#5775,#5776)),.UNSPECIFIED.,.F.,.F.,.F.)
B_SPLINE_SURFACE_WITH_KNOTS((4,4),(3,3),(0.,0.00135428775976449),(0.341081377401767,
1.),.PIECEWISE_BEZIER_KNOTS.)
GEOMETRIC_REPRESENTATION_ITEM()
RATIONAL_B_SPLINE_SURFACE(((0.868347502412668,0.807007203691077,1.),(0.868347502412668,
0.807007203691077,1.),(0.868347502412668,0.807007203691077,1.),(0.868347502412668,
0.807007203691077,1.)))
REPRESENTATION_ITEM('')
SURFACE()
);
#2718=(
BOUNDED_SURFACE()
B_SPLINE_SURFACE(3,2,((#5783,#5784,#5785),(#5786,#5787,#5788),(#5789,#5790,
#5791),(#5792,#5793,#5794)),.UNSPECIFIED.,.F.,.F.,.F.)
B_SPLINE_SURFACE_WITH_KNOTS((4,4),(3,3),(-5.57822017743792E-17,0.00154036797795233),
(0.341081377401965,1.),.PIECEWISE_BEZIER_KNOTS.)
GEOMETRIC_REPRESENTATION_ITEM()
RATIONAL_B_SPLINE_SURFACE(((0.868347502412631,0.807007203691135,1.),(0.868347502412631,
0.807007203691135,1.),(0.868347502412631,0.807007203691135,1.),(0.868347502412631,
0.807007203691135,1.)))
REPRESENTATION_ITEM('')
SURFACE()
);
#2719=(
BOUNDED_SURFACE()
B_SPLINE_SURFACE(3,2,((#5801,#5802,#5803),(#5804,#5805,#5806),(#5807,#5808,
#5809),(#5810,#5811,#5812)),.UNSPECIFIED.,.F.,.F.,.F.)
B_SPLINE_SURFACE_WITH_KNOTS((4,4),(3,3),(0.,0.00135091134126031),(0.341081377401891,
1.),.PIECEWISE_BEZIER_KNOTS.)
GEOMETRIC_REPRESENTATION_ITEM()
RATIONAL_B_SPLINE_SURFACE(((0.868347502412645,0.807007203691114,1.),(0.868347502412645,
0.807007203691114,1.),(0.868347502412645,0.807007203691114,1.),(0.868347502412645,
0.807007203691114,1.)))
REPRESENTATION_ITEM('')
SURFACE()
);
#2720=(
BOUNDED_SURFACE()
B_SPLINE_SURFACE(3,2,((#5823,#5824,#5825),(#5826,#5827,#5828),(#5829,#5830,
#5831),(#5832,#5833,#5834)),.UNSPECIFIED.,.F.,.F.,.F.)
B_SPLINE_SURFACE_WITH_KNOTS((4,4),(3,3),(-1.05818132034585E-16,0.00150428653066728),
(0.341081377401898,1.),.PIECEWISE_BEZIER_KNOTS.)
GEOMETRIC_REPRESENTATION_ITEM()
RATIONAL_B_SPLINE_SURFACE(((0.868347502412643,0.807007203691115,1.),(0.868347502412643,
0.807007203691115,1.),(0.868347502412643,0.807007203691115,1.),(0.868347502412643,
0.807007203691115,1.)))
REPRESENTATION_ITEM('')
SURFACE()
);
#2721=(
BOUNDED_SURFACE()
B_SPLINE_SURFACE(3,2,((#5882,#5883,#5884),(#5885,#5886,#5887),(#5888,#5889,
#5890),(#5891,#5892,#5893),(#5894,#5895,#5896),(#5897,#5898,#5899),(#5900,
#5901,#5902),(#5903,#5904,#5905),(#5906,#5907,#5908),(#5909,#5910,#5911),
(#5912,#5913,#5914)),.UNSPECIFIED.,.F.,.F.,.F.)
B_SPLINE_SURFACE_WITH_KNOTS((4,1,1,1,1,1,1,1,4),(3,3),(1.95806912350882E-16,
0.00255589898167721,0.00511179796335423,0.00766769694503124,0.0102235959267083,
0.0127794949083853,0.0153353938900623,0.0178912928717393,0.0204471918534163),
(0.,1.),.UNSPECIFIED.)
GEOMETRIC_REPRESENTATION_ITEM()
RATIONAL_B_SPLINE_SURFACE(((1.,0.707106781186647,1.),(1.,0.707106781186647,
1.),(1.,0.707106781186499,1.),(1.,0.707106781186561,1.),(1.,0.707106781186544,
1.),(1.,0.707106781186549,1.),(1.,0.707106781186544,1.),(1.,0.70710678118656,
1.),(1.,0.707106781186501,1.),(1.,0.707106781186647,1.),(1.,0.707106781186647,
1.)))
REPRESENTATION_ITEM('')
SURFACE()
);
#2722=(
BOUNDED_SURFACE()
B_SPLINE_SURFACE(3,2,((#5958,#5959,#5960),(#5961,#5962,#5963),(#5964,#5965,
#5966),(#5967,#5968,#5969),(#5970,#5971,#5972),(#5973,#5974,#5975),(#5976,
#5977,#5978),(#5979,#5980,#5981),(#5982,#5983,#5984),(#5985,#5986,#5987),
(#5988,#5989,#5990)),.UNSPECIFIED.,.F.,.F.,.F.)
B_SPLINE_SURFACE_WITH_KNOTS((4,1,1,1,1,1,1,1,4),(3,3),(1.9743321560961E-16,
0.00255589898167722,0.00511179796335424,0.00766769694503125,0.0102235959267083,
0.0127794949083853,0.0153353938900623,0.0178912928717393,0.0204471918534163),
(0.,1.),.UNSPECIFIED.)
GEOMETRIC_REPRESENTATION_ITEM()
RATIONAL_B_SPLINE_SURFACE(((1.,0.707106781186549,1.),(1.,0.707106781186549,
1.),(1.,0.707106781186546,1.),(1.,0.707106781186548,1.),(1.,0.707106781186547,
1.),(1.,0.707106781186548,1.),(1.,0.707106781186547,1.),(1.,0.707106781186549,
1.),(1.,0.707106781186544,1.),(1.,0.707106781186549,1.),(1.,0.707106781186549,
1.)))
REPRESENTATION_ITEM('')
SURFACE()
);
#2723=(
BOUNDED_SURFACE()
B_SPLINE_SURFACE(3,2,((#5991,#5992,#5993),(#5994,#5995,#5996),(#5997,#5998,
#5999),(#6000,#6001,#6002)),.UNSPECIFIED.,.F.,.F.,.F.)
B_SPLINE_SURFACE_WITH_KNOTS((4,4),(3,3),(-1.39889185304942E-16,0.000812556129996145),
(0.,1.),.PIECEWISE_BEZIER_KNOTS.)
GEOMETRIC_REPRESENTATION_ITEM()
RATIONAL_B_SPLINE_SURFACE(((1.,0.86602540378443,1.),(1.,0.86602540378443,
1.),(1.,0.866025403784423,1.),(1.,0.866025403784423,1.)))
REPRESENTATION_ITEM('')
SURFACE()
);
#2724=(
BOUNDED_SURFACE()
B_SPLINE_SURFACE(3,2,((#6010,#6011,#6012),(#6013,#6014,#6015),(#6016,#6017,
#6018),(#6019,#6020,#6021)),.UNSPECIFIED.,.F.,.F.,.F.)
B_SPLINE_SURFACE_WITH_KNOTS((4,4),(3,3),(-9.3363359578158E-17,0.000658582828030538),
(0.,1.),.PIECEWISE_BEZIER_KNOTS.)
GEOMETRIC_REPRESENTATION_ITEM()
RATIONAL_B_SPLINE_SURFACE(((1.,0.86602540378443,1.),(1.,0.86602540378443,
1.),(1.,0.866025403784352,1.),(1.,0.866025403784352,1.)))
REPRESENTATION_ITEM('')
SURFACE()
);
#2725=(
BOUNDED_SURFACE()
B_SPLINE_SURFACE(3,2,((#6023,#6024,#6025),(#6026,#6027,#6028),(#6029,#6030,
#6031),(#6032,#6033,#6034)),.UNSPECIFIED.,.F.,.F.,.F.)
B_SPLINE_SURFACE_WITH_KNOTS((4,4),(3,3),(-1.41949169432665E-16,0.000855229795583042),
(0.,1.),.PIECEWISE_BEZIER_KNOTS.)
GEOMETRIC_REPRESENTATION_ITEM()
RATIONAL_B_SPLINE_SURFACE(((1.,0.866025403784347,1.),(1.,0.866025403784347,
1.),(1.,0.866025403784423,1.),(1.,0.866025403784423,1.)))
REPRESENTATION_ITEM('')
SURFACE()
);
#2726=(
BOUNDED_SURFACE()
B_SPLINE_SURFACE(3,2,((#6036,#6037,#6038),(#6039,#6040,#6041),(#6042,#6043,
#6044),(#6045,#6046,#6047)),.UNSPECIFIED.,.F.,.F.,.F.)
B_SPLINE_SURFACE_WITH_KNOTS((4,4),(3,3),(4.60785923306339E-19,0.000676453021460372),
(0.,1.),.PIECEWISE_BEZIER_KNOTS.)
GEOMETRIC_REPRESENTATION_ITEM()
RATIONAL_B_SPLINE_SURFACE(((1.,0.866025403784352,1.),(1.,0.866025403784352,
1.),(1.,0.866025403784424,1.),(1.,0.866025403784424,1.)))
REPRESENTATION_ITEM('')
SURFACE()
);
#2727=(
BOUNDED_SURFACE()
B_SPLINE_SURFACE(3,2,((#6049,#6050,#6051),(#6052,#6053,#6054),(#6055,#6056,
#6057),(#6058,#6059,#6060)),.UNSPECIFIED.,.F.,.F.,.F.)
B_SPLINE_SURFACE_WITH_KNOTS((4,4),(3,3),(-5.42101086242752E-20,0.000690740170763041),
(0.,1.),.PIECEWISE_BEZIER_KNOTS.)
GEOMETRIC_REPRESENTATION_ITEM()
RATIONAL_B_SPLINE_SURFACE(((1.,0.866025403784352,1.),(1.,0.866025403784352,
1.),(1.,0.866025403784344,1.),(1.,0.866025403784344,1.)))
REPRESENTATION_ITEM('')
SURFACE()
);
#2728=(
BOUNDED_SURFACE()
B_SPLINE_SURFACE(3,2,((#6062,#6063,#6064),(#6065,#6066,#6067),(#6068,#6069,
#6070),(#6071,#6072,#6073)),.UNSPECIFIED.,.F.,.F.,.F.)
B_SPLINE_SURFACE_WITH_KNOTS((4,4),(3,3),(2.40963932834903E-17,0.000858605385193778),
(0.,1.),.PIECEWISE_BEZIER_KNOTS.)
GEOMETRIC_REPRESENTATION_ITEM()
RATIONAL_B_SPLINE_SURFACE(((1.,0.866025403784424,1.),(1.,0.866025403784424,
1.),(1.,0.866025403784423,1.),(1.,0.866025403784423,1.)))
REPRESENTATION_ITEM('')
SURFACE()
);
#2729=(
BOUNDED_SURFACE()
B_SPLINE_SURFACE(3,2,((#6075,#6076,#6077),(#6078,#6079,#6080),(#6081,#6082,
#6083),(#6084,#6085,#6086)),.UNSPECIFIED.,.F.,.F.,.F.)
B_SPLINE_SURFACE_WITH_KNOTS((4,4),(3,3),(-1.19099608647533E-16,0.000679410878964038),
(0.,1.),.PIECEWISE_BEZIER_KNOTS.)
GEOMETRIC_REPRESENTATION_ITEM()
RATIONAL_B_SPLINE_SURFACE(((1.,0.866025403784427,1.),(1.,0.866025403784427,
1.),(1.,0.866025403784352,1.),(1.,0.866025403784352,1.)))
REPRESENTATION_ITEM('')
SURFACE()
);
#2730=(
BOUNDED_SURFACE()
B_SPLINE_SURFACE(3,2,((#6093,#6094,#6095),(#6096,#6097,#6098),(#6099,#6100,
#6101),(#6102,#6103,#6104)),.UNSPECIFIED.,.F.,.F.,.F.)
B_SPLINE_SURFACE_WITH_KNOTS((4,4),(3,3),(7.20181293073496E-17,0.000830562993155406),
(0.,1.),.PIECEWISE_BEZIER_KNOTS.)
GEOMETRIC_REPRESENTATION_ITEM()
RATIONAL_B_SPLINE_SURFACE(((1.,0.866025403784426,1.),(1.,0.866025403784426,
1.),(1.,0.866025403784423,1.),(1.,0.866025403784423,1.)))
REPRESENTATION_ITEM('')
SURFACE()
);
#2731=(
BOUNDED_SURFACE()
B_SPLINE_SURFACE(3,2,((#6105,#6106,#6107),(#6108,#6109,#6110),(#6111,#6112,
#6113),(#6114,#6115,#6116)),.UNSPECIFIED.,.F.,.F.,.F.)
B_SPLINE_SURFACE_WITH_KNOTS((4,4),(3,3),(-2.55871712706579E-16,0.00128170823511894),
(0.,1.),.PIECEWISE_BEZIER_KNOTS.)
GEOMETRIC_REPRESENTATION_ITEM()
RATIONAL_B_SPLINE_SURFACE(((1.,0.866025403784427,1.),(1.,0.866025403784427,
1.),(1.,0.866025403784423,1.),(1.,0.866025403784423,1.)))
REPRESENTATION_ITEM('')
SURFACE()
);
#2732=(
BOUNDED_SURFACE()
B_SPLINE_SURFACE(3,2,((#6124,#6125,#6126),(#6127,#6128,#6129),(#6130,#6131,
#6132),(#6133,#6134,#6135),(#6136,#6137,#6138)),.UNSPECIFIED.,.F.,.F.,.F.)
B_SPLINE_SURFACE_WITH_KNOTS((4,1,4),(3,3),(-2.77609966264913E-16,0.000523638935983064,
0.0010472778719664),(0.,1.),.UNSPECIFIED.)
GEOMETRIC_REPRESENTATION_ITEM()
RATIONAL_B_SPLINE_SURFACE(((1.,0.866025403784347,1.),(1.,0.866025403784347,
1.),(1.,0.866025403779219,1.),(1.,0.866025403784352,1.),(1.,0.866025403784352,
1.)))
REPRESENTATION_ITEM('')
SURFACE()
);
#2733=(
BOUNDED_SURFACE()
B_SPLINE_SURFACE(3,2,((#6140,#6141,#6142),(#6143,#6144,#6145),(#6146,#6147,
#6148),(#6149,#6150,#6151)),.UNSPECIFIED.,.F.,.F.,.F.)
B_SPLINE_SURFACE_WITH_KNOTS((4,4),(3,3),(3.23525928269675E-16,0.00130811064164317),
(0.,1.),.PIECEWISE_BEZIER_KNOTS.)
GEOMETRIC_REPRESENTATION_ITEM()
RATIONAL_B_SPLINE_SURFACE(((1.,0.866025403784354,1.),(1.,0.866025403784354,
1.),(1.,0.866025403784423,1.),(1.,0.866025403784423,1.)))
REPRESENTATION_ITEM('')
SURFACE()
);
#2734=(
BOUNDED_SURFACE()
B_SPLINE_SURFACE(3,2,((#6153,#6154,#6155),(#6156,#6157,#6158),(#6159,#6160,
#6161),(#6162,#6163,#6164),(#6165,#6166,#6167)),.UNSPECIFIED.,.F.,.F.,.F.)
B_SPLINE_SURFACE_WITH_KNOTS((4,1,4),(3,3),(5.42101086242752E-20,0.000526029689188632,
0.00105205937837726),(0.,1.),.UNSPECIFIED.)
GEOMETRIC_REPRESENTATION_ITEM()
RATIONAL_B_SPLINE_SURFACE(((1.,0.866025403784352,1.),(1.,0.866025403784352,
1.),(1.,0.866025403784453,1.),(1.,0.866025403784425,1.),(1.,0.866025403784425,
1.)))
REPRESENTATION_ITEM('')
SURFACE()
);
#2735=(
BOUNDED_SURFACE()
B_SPLINE_SURFACE(3,2,((#6169,#6170,#6171),(#6172,#6173,#6174),(#6175,#6176,
#6177),(#6178,#6179,#6180),(#6181,#6182,#6183)),.UNSPECIFIED.,.F.,.F.,.F.)
B_SPLINE_SURFACE_WITH_KNOTS((4,1,4),(3,3),(-4.33680868994202E-19,0.000523222900163747,
0.00104644580032749),(0.,1.),.UNSPECIFIED.)
GEOMETRIC_REPRESENTATION_ITEM()
RATIONAL_B_SPLINE_SURFACE(((1.,0.866025403784352,1.),(1.,0.866025403784352,
1.),(1.,0.866025403784502,1.),(1.,0.866025403784344,1.),(1.,0.866025403784344,
1.)))
REPRESENTATION_ITEM('')
SURFACE()
);
#2736=(
BOUNDED_SURFACE()
B_SPLINE_SURFACE(3,2,((#6185,#6186,#6187),(#6188,#6189,#6190),(#6191,#6192,
#6193),(#6194,#6195,#6196)),.UNSPECIFIED.,.F.,.F.,.F.)
B_SPLINE_SURFACE_WITH_KNOTS((4,4),(3,3),(-4.34765071166687E-17,0.00130489020974808),
(0.,1.),.PIECEWISE_BEZIER_KNOTS.)
GEOMETRIC_REPRESENTATION_ITEM()
RATIONAL_B_SPLINE_SURFACE(((1.,0.866025403784426,1.),(1.,0.866025403784426,
1.),(1.,0.866025403784423,1.),(1.,0.866025403784423,1.)))
REPRESENTATION_ITEM('')
SURFACE()
);
#2737=(
BOUNDED_SURFACE()
B_SPLINE_SURFACE(3,2,((#6198,#6199,#6200),(#6201,#6202,#6203),(#6204,#6205,
#6206),(#6207,#6208,#6209),(#6210,#6211,#6212)),.UNSPECIFIED.,.F.,.F.,.F.)
B_SPLINE_SURFACE_WITH_KNOTS((4,1,4),(3,3),(-1.51896724365219E-16,0.000523169858926673,
0.0010463397178535),(0.,1.),.UNSPECIFIED.)
GEOMETRIC_REPRESENTATION_ITEM()
RATIONAL_B_SPLINE_SURFACE(((1.,0.866025403784421,1.),(1.,0.866025403784421,
1.),(1.,0.866025403778851,1.),(1.,0.866025403784352,1.),(1.,0.866025403784352,
1.)))
REPRESENTATION_ITEM('')
SURFACE()
);
#2738=(
BOUNDED_SURFACE()
B_SPLINE_SURFACE(3,2,((#6216,#6217,#6218),(#6219,#6220,#6221),(#6222,#6223,
#6224),(#6225,#6226,#6227)),.UNSPECIFIED.,.F.,.F.,.F.)
B_SPLINE_SURFACE_WITH_KNOTS((4,4),(3,3),(2.74791040616451E-16,0.00126739368609692),
(0.,1.),.PIECEWISE_BEZIER_KNOTS.)
GEOMETRIC_REPRESENTATION_ITEM()
RATIONAL_B_SPLINE_SURFACE(((1.,0.866025403784423,1.),(1.,0.866025403784423,
1.),(1.,0.866025403784414,1.),(1.,0.866025403784414,1.)))
REPRESENTATION_ITEM('')
SURFACE()
);
#2739=(
BOUNDED_SURFACE()
B_SPLINE_SURFACE(3,2,((#6228,#6229,#6230),(#6231,#6232,#6233),(#6234,#6235,
#6236),(#6237,#6238,#6239)),.UNSPECIFIED.,.F.,.F.,.F.)
B_SPLINE_SURFACE_WITH_KNOTS((4,4),(3,3),(-2.71050543121376E-20,0.000238488276513515),
(0.,1.),.PIECEWISE_BEZIER_KNOTS.)
GEOMETRIC_REPRESENTATION_ITEM()
RATIONAL_B_SPLINE_SURFACE(((1.,0.866025403784423,1.),(1.,0.866025403784423,
1.),(1.,0.866025403784421,1.),(1.,0.866025403784421,1.)))
REPRESENTATION_ITEM('')
SURFACE()
);
#2740=(
BOUNDED_SURFACE()
B_SPLINE_SURFACE(3,2,((#6242,#6243,#6244),(#6245,#6246,#6247),(#6248,#6249,
#6250),(#6251,#6252,#6253)),.UNSPECIFIED.,.F.,.F.,.F.)
B_SPLINE_SURFACE_WITH_KNOTS((4,4),(3,3),(5.38035328095932E-17,0.000233116330177988),
(0.,1.),.PIECEWISE_BEZIER_KNOTS.)
GEOMETRIC_REPRESENTATION_ITEM()
RATIONAL_B_SPLINE_SURFACE(((1.,0.866025403784418,1.),(1.,0.866025403784418,
1.),(1.,0.866025403784423,1.),(1.,0.866025403784423,1.)))
REPRESENTATION_ITEM('')
SURFACE()
);
#2741=(
BOUNDED_SURFACE()
B_SPLINE_SURFACE(3,2,((#6255,#6256,#6257),(#6258,#6259,#6260),(#6261,#6262,
#6263),(#6264,#6265,#6266)),.UNSPECIFIED.,.F.,.F.,.F.)
B_SPLINE_SURFACE_WITH_KNOTS((4,4),(3,3),(1.87566975839992E-17,0.0002586754828317),
(0.,1.),.PIECEWISE_BEZIER_KNOTS.)
GEOMETRIC_REPRESENTATION_ITEM()
RATIONAL_B_SPLINE_SURFACE(((1.,0.86602540378442,1.),(1.,0.86602540378442,
1.),(1.,0.866025403784352,1.),(1.,0.866025403784352,1.)))
REPRESENTATION_ITEM('')
SURFACE()
);
#2742=(
BOUNDED_SURFACE()
B_SPLINE_SURFACE(3,2,((#6268,#6269,#6270),(#6271,#6272,#6273),(#6274,#6275,
#6276),(#6277,#6278,#6279)),.UNSPECIFIED.,.F.,.F.,.F.)
B_SPLINE_SURFACE_WITH_KNOTS((4,4),(3,3),(1.0842021724855E-19,0.000260355720590469),
(0.,1.),.PIECEWISE_BEZIER_KNOTS.)
GEOMETRIC_REPRESENTATION_ITEM()
RATIONAL_B_SPLINE_SURFACE(((1.,0.866025403784352,1.),(1.,0.866025403784352,
1.),(1.,0.866025403784421,1.),(1.,0.866025403784421,1.)))
REPRESENTATION_ITEM('')
SURFACE()
);
#2743=(
BOUNDED_SURFACE()
B_SPLINE_SURFACE(3,2,((#6281,#6282,#6283),(#6284,#6285,#6286),(#6287,#6288,
#6289),(#6290,#6291,#6292)),.UNSPECIFIED.,.F.,.F.,.F.)
B_SPLINE_SURFACE_WITH_KNOTS((4,4),(3,3),(5.42101086242752E-20,0.000256684483450825),
(0.,1.),.PIECEWISE_BEZIER_KNOTS.)
GEOMETRIC_REPRESENTATION_ITEM()
RATIONAL_B_SPLINE_SURFACE(((1.,0.866025403784352,1.),(1.,0.866025403784352,
1.),(1.,0.866025403784418,1.),(1.,0.866025403784418,1.)))
REPRESENTATION_ITEM('')
SURFACE()
);
#2744=(
BOUNDED_SURFACE()
B_SPLINE_SURFACE(3,2,((#6294,#6295,#6296),(#6297,#6298,#6299),(#6300,#6301,
#6302),(#6303,#6304,#6305)),.UNSPECIFIED.,.F.,.F.,.F.)
B_SPLINE_SURFACE_WITH_KNOTS((4,4),(3,3),(-1.84991995680339E-16,0.000256224714035287),
(0.,1.),.PIECEWISE_BEZIER_KNOTS.)
GEOMETRIC_REPRESENTATION_ITEM()
RATIONAL_B_SPLINE_SURFACE(((1.,0.86602540378435,1.),(1.,0.86602540378435,
1.),(1.,0.866025403784352,1.),(1.,0.866025403784352,1.)))
REPRESENTATION_ITEM('')
SURFACE()
);
#2745=(
BOUNDED_SURFACE()
B_SPLINE_SURFACE(3,2,((#6307,#6308,#6309),(#6310,#6311,#6312),(#6313,#6314,
#6315),(#6316,#6317,#6318)),.UNSPECIFIED.,.F.,.F.,.F.)
B_SPLINE_SURFACE_WITH_KNOTS((4,4),(3,3),(1.48671222902075E-16,0.000237445914767311),
(0.,1.),.PIECEWISE_BEZIER_KNOTS.)
GEOMETRIC_REPRESENTATION_ITEM()
RATIONAL_B_SPLINE_SURFACE(((1.,0.866025403784419,1.),(1.,0.866025403784419,
1.),(1.,0.866025403784423,1.),(1.,0.866025403784423,1.)))
REPRESENTATION_ITEM('')
SURFACE()
);
#2746=(
BOUNDED_SURFACE()
B_SPLINE_SURFACE(3,2,((#6320,#6321,#6322),(#6323,#6324,#6325),(#6326,#6327,
#6328),(#6329,#6330,#6331)),.UNSPECIFIED.,.F.,.F.,.F.)
B_SPLINE_SURFACE_WITH_KNOTS((4,4),(3,3),(2.74980775996636E-17,0.000234214892971741),
(0.,1.),.PIECEWISE_BEZIER_KNOTS.)
GEOMETRIC_REPRESENTATION_ITEM()
RATIONAL_B_SPLINE_SURFACE(((1.,0.866025403784423,1.),(1.,0.866025403784423,
1.),(1.,0.866025403784344,1.),(1.,0.866025403784344,1.)))
REPRESENTATION_ITEM('')
SURFACE()
);
#2747=(
BOUNDED_SURFACE()
B_SPLINE_SURFACE(3,2,((#6332,#6333,#6334),(#6335,#6336,#6337),(#6338,#6339,
#6340),(#6341,#6342,#6343)),.UNSPECIFIED.,.F.,.F.,.F.)
B_SPLINE_SURFACE_WITH_KNOTS((4,4),(3,3),(5.42101086242752E-20,0.000530973762264795),
(0.,1.),.PIECEWISE_BEZIER_KNOTS.)
GEOMETRIC_REPRESENTATION_ITEM()
RATIONAL_B_SPLINE_SURFACE(((1.,0.866025403784423,1.),(1.,0.866025403784423,
1.),(1.,0.8660254037845,1.),(1.,0.8660254037845,1.)))
REPRESENTATION_ITEM('')
SURFACE()
);
#2748=(
BOUNDED_SURFACE()
B_SPLINE_SURFACE(3,2,((#6346,#6347,#6348),(#6349,#6350,#6351),(#6352,#6353,
#6354),(#6355,#6356,#6357)),.UNSPECIFIED.,.F.,.F.,.F.)
B_SPLINE_SURFACE_WITH_KNOTS((4,4),(3,3),(1.68539227712872E-16,0.000533225392972249),
(0.,1.),.PIECEWISE_BEZIER_KNOTS.)
GEOMETRIC_REPRESENTATION_ITEM()
RATIONAL_B_SPLINE_SURFACE(((1.,0.866025403784414,1.),(1.,0.866025403784414,
1.),(1.,0.866025403784423,1.),(1.,0.866025403784423,1.)))
REPRESENTATION_ITEM('')
SURFACE()
);
#2749=(
BOUNDED_SURFACE()
B_SPLINE_SURFACE(3,2,((#6359,#6360,#6361),(#6362,#6363,#6364),(#6365,#6366,
#6367),(#6368,#6369,#6370)),.UNSPECIFIED.,.F.,.F.,.F.)
B_SPLINE_SURFACE_WITH_KNOTS((4,4),(3,3),(-1.82606750900871E-16,0.000520983555910507),
(0.,1.),.PIECEWISE_BEZIER_KNOTS.)
GEOMETRIC_REPRESENTATION_ITEM()
RATIONAL_B_SPLINE_SURFACE(((1.,0.866025403784499,1.),(1.,0.866025403784499,
1.),(1.,0.866025403784507,1.),(1.,0.866025403784507,1.)))
REPRESENTATION_ITEM('')
SURFACE()
);
#2750=(
BOUNDED_SURFACE()
B_SPLINE_SURFACE(3,2,((#6372,#6373,#6374),(#6375,#6376,#6377),(#6378,#6379,
#6380),(#6381,#6382,#6383)),.UNSPECIFIED.,.F.,.F.,.F.)
B_SPLINE_SURFACE_WITH_KNOTS((4,4),(3,3),(1.89735380184963E-19,0.000535238995640537),
(0.,1.),.PIECEWISE_BEZIER_KNOTS.)
GEOMETRIC_REPRESENTATION_ITEM()
RATIONAL_B_SPLINE_SURFACE(((1.,0.866025403784352,1.),(1.,0.866025403784352,
1.),(1.,0.866025403784421,1.),(1.,0.866025403784422,1.)))
REPRESENTATION_ITEM('')
SURFACE()
);
#2751=(
BOUNDED_SURFACE()
B_SPLINE_SURFACE(3,2,((#6385,#6386,#6387),(#6388,#6389,#6390),(#6391,#6392,
#6393),(#6394,#6395,#6396)),.UNSPECIFIED.,.F.,.F.,.F.)
B_SPLINE_SURFACE_WITH_KNOTS((4,4),(3,3),(-1.89735380184963E-19,0.000528638132980203),
(0.,1.),.PIECEWISE_BEZIER_KNOTS.)
GEOMETRIC_REPRESENTATION_ITEM()
RATIONAL_B_SPLINE_SURFACE(((1.,0.866025403784507,1.),(1.,0.866025403784507,
1.),(1.,0.866025403784346,1.),(1.,0.866025403784346,1.)))
REPRESENTATION_ITEM('')
SURFACE()
);
#2752=(
BOUNDED_SURFACE()
B_SPLINE_SURFACE(3,2,((#6398,#6399,#6400),(#6401,#6402,#6403),(#6404,#6405,
#6406),(#6407,#6408,#6409)),.UNSPECIFIED.,.F.,.F.,.F.)
B_SPLINE_SURFACE_WITH_KNOTS((4,4),(3,3),(1.25631926736758E-16,0.000532291375999619),
(0.,1.),.PIECEWISE_BEZIER_KNOTS.)
GEOMETRIC_REPRESENTATION_ITEM()
RATIONAL_B_SPLINE_SURFACE(((1.,0.866025403784357,1.),(1.,0.866025403784357,
1.),(1.,0.866025403784352,1.),(1.,0.866025403784352,1.)))
REPRESENTATION_ITEM('')
SURFACE()
);
#2753=(
BOUNDED_SURFACE()
B_SPLINE_SURFACE(3,2,((#6411,#6412,#6413),(#6414,#6415,#6416),(#6417,#6418,
#6419),(#6420,#6421,#6422)),.UNSPECIFIED.,.F.,.F.,.F.)
B_SPLINE_SURFACE_WITH_KNOTS((4,4),(3,3),(-2.68583983178972E-16,0.000525770429601927),
(0.,1.),.PIECEWISE_BEZIER_KNOTS.)
GEOMETRIC_REPRESENTATION_ITEM()
RATIONAL_B_SPLINE_SURFACE(((1.,0.866025403784342,1.),(1.,0.866025403784342,
1.),(1.,0.866025403784423,1.),(1.,0.866025403784423,1.)))
REPRESENTATION_ITEM('')
SURFACE()
);
#2754=(
BOUNDED_SURFACE()
B_SPLINE_SURFACE(3,2,((#6424,#6425,#6426),(#6427,#6428,#6429),(#6430,#6431,
#6432),(#6433,#6434,#6435)),.UNSPECIFIED.,.F.,.F.,.F.)
B_SPLINE_SURFACE_WITH_KNOTS((4,4),(3,3),(2.72947896923226E-17,0.000530344334312776),
(0.,1.),.PIECEWISE_BEZIER_KNOTS.)
GEOMETRIC_REPRESENTATION_ITEM()
RATIONAL_B_SPLINE_SURFACE(((1.,0.866025403784423,1.),(1.,0.866025403784423,
1.),(1.,0.866025403784415,1.),(1.,0.866025403784415,1.)))
REPRESENTATION_ITEM('')
SURFACE()
);
#2755=(
BOUNDED_SURFACE()
B_SPLINE_SURFACE(3,2,((#6436,#6437,#6438),(#6439,#6440,#6441),(#6442,#6443,
#6444),(#6445,#6446,#6447)),.UNSPECIFIED.,.F.,.F.,.F.)
B_SPLINE_SURFACE_WITH_KNOTS((4,4),(3,3),(-6.7762635780344E-20,0.000587653133825265),
(0.,1.),.PIECEWISE_BEZIER_KNOTS.)
GEOMETRIC_REPRESENTATION_ITEM()
RATIONAL_B_SPLINE_SURFACE(((1.,0.866025403784423,1.),(1.,0.866025403784423,
1.),(1.,0.86602540378441,1.),(1.,0.86602540378441,1.)))
REPRESENTATION_ITEM('')
SURFACE()
);
#2756=(
BOUNDED_SURFACE()
B_SPLINE_SURFACE(3,2,((#6450,#6451,#6452),(#6453,#6454,#6455),(#6456,#6457,
#6458),(#6459,#6460,#6461)),.UNSPECIFIED.,.F.,.F.,.F.)
B_SPLINE_SURFACE_WITH_KNOTS((4,4),(3,3),(-1.99899775552015E-17,0.000580396971789618),
(0.,1.),.PIECEWISE_BEZIER_KNOTS.)
GEOMETRIC_REPRESENTATION_ITEM()
RATIONAL_B_SPLINE_SURFACE(((1.,0.866025403784422,1.),(1.,0.866025403784422,
1.),(1.,0.866025403784423,1.),(1.,0.866025403784423,1.)))
REPRESENTATION_ITEM('')
SURFACE()
);
#2757=(
BOUNDED_SURFACE()
B_SPLINE_SURFACE(3,2,((#6463,#6464,#6465),(#6466,#6467,#6468),(#6469,#6470,
#6471),(#6472,#6473,#6474)),.UNSPECIFIED.,.F.,.F.,.F.)
B_SPLINE_SURFACE_WITH_KNOTS((4,4),(3,3),(-1.19750129951024E-16,0.000580805803776062),
(0.,1.),.PIECEWISE_BEZIER_KNOTS.)
GEOMETRIC_REPRESENTATION_ITEM()
RATIONAL_B_SPLINE_SURFACE(((1.,0.86602540378441,1.),(1.,0.86602540378441,
1.),(1.,0.866025403784352,1.),(1.,0.866025403784352,1.)))
REPRESENTATION_ITEM('')
SURFACE()
);
#2758=(
BOUNDED_SURFACE()
B_SPLINE_SURFACE(3,2,((#6476,#6477,#6478),(#6479,#6480,#6481),(#6482,#6483,
#6484),(#6485,#6486,#6487)),.UNSPECIFIED.,.F.,.F.,.F.)
B_SPLINE_SURFACE_WITH_KNOTS((4,4),(3,3),(2.71050543121376E-20,0.000589788011631773),
(0.,1.),.PIECEWISE_BEZIER_KNOTS.)
GEOMETRIC_REPRESENTATION_ITEM()
RATIONAL_B_SPLINE_SURFACE(((1.,0.866025403784352,1.),(1.,0.866025403784352,
1.),(1.,0.866025403784424,1.),(1.,0.866025403784424,1.)))
REPRESENTATION_ITEM('')
SURFACE()
);
#2759=(
BOUNDED_SURFACE()
B_SPLINE_SURFACE(3,2,((#6489,#6490,#6491),(#6492,#6493,#6494),(#6495,#6496,
#6497),(#6498,#6499,#6500)),.UNSPECIFIED.,.F.,.F.,.F.)
B_SPLINE_SURFACE_WITH_KNOTS((4,4),(3,3),(4.60785923306339E-19,0.000583790349691747),
(0.,1.),.PIECEWISE_BEZIER_KNOTS.)
GEOMETRIC_REPRESENTATION_ITEM()
RATIONAL_B_SPLINE_SURFACE(((1.,0.866025403784352,1.),(1.,0.866025403784352,
1.),(1.,0.866025403784493,1.),(1.,0.866025403784493,1.)))
REPRESENTATION_ITEM('')
SURFACE()
);
#2760=(
BOUNDED_SURFACE()
B_SPLINE_SURFACE(3,2,((#6502,#6503,#6504),(#6505,#6506,#6507),(#6508,#6509,
#6510),(#6511,#6512,#6513)),.UNSPECIFIED.,.F.,.F.,.F.)
B_SPLINE_SURFACE_WITH_KNOTS((4,4),(3,3),(9.7103857073233E-17,0.000579673992402498),
(0.,1.),.PIECEWISE_BEZIER_KNOTS.)
GEOMETRIC_REPRESENTATION_ITEM()
RATIONAL_B_SPLINE_SURFACE(((1.,0.866025403784353,1.),(1.,0.866025403784352,
1.),(1.,0.866025403784352,1.),(1.,0.866025403784352,1.)))
REPRESENTATION_ITEM('')
SURFACE()
);
#2761=(
BOUNDED_SURFACE()
B_SPLINE_SURFACE(3,2,((#6515,#6516,#6517),(#6518,#6519,#6520),(#6521,#6522,
#6523),(#6524,#6525,#6526)),.UNSPECIFIED.,.F.,.F.,.F.)
B_SPLINE_SURFACE_WITH_KNOTS((4,4),(3,3),(5.92652012534889E-17,0.000587523991963432),
(0.,1.),.PIECEWISE_BEZIER_KNOTS.)
GEOMETRIC_REPRESENTATION_ITEM()
RATIONAL_B_SPLINE_SURFACE(((1.,0.866025403784495,1.),(1.,0.866025403784495,
1.),(1.,0.866025403784423,1.),(1.,0.866025403784423,1.)))
REPRESENTATION_ITEM('')
SURFACE()
);
#2762=(
BOUNDED_SURFACE()
B_SPLINE_SURFACE(3,2,((#6528,#6529,#6530),(#6531,#6532,#6533),(#6534,#6535,
#6536),(#6537,#6538,#6539)),.UNSPECIFIED.,.F.,.F.,.F.)
B_SPLINE_SURFACE_WITH_KNOTS((4,4),(3,3),(2.74032099095711E-17,0.000586483678758072),
(0.,1.),.PIECEWISE_BEZIER_KNOTS.)
GEOMETRIC_REPRESENTATION_ITEM()
RATIONAL_B_SPLINE_SURFACE(((1.,0.866025403784423,1.),(1.,0.866025403784423,
1.),(1.,0.866025403784354,1.),(1.,0.866025403784354,1.)))
REPRESENTATION_ITEM('')
SURFACE()
);
#2763=(
BOUNDED_SURFACE()
B_SPLINE_SURFACE(3,2,((#6540,#6541,#6542),(#6543,#6544,#6545),(#6546,#6547,
#6548),(#6549,#6550,#6551),(#6552,#6553,#6554)),.UNSPECIFIED.,.F.,.F.,.F.)
B_SPLINE_SURFACE_WITH_KNOTS((4,1,4),(3,3),(-9.18048189552101E-17,0.000394111458111585,
0.000788222916223262),(0.,1.),.UNSPECIFIED.)
GEOMETRIC_REPRESENTATION_ITEM()
RATIONAL_B_SPLINE_SURFACE(((1.,0.866025403784418,1.),(1.,0.866025403784417,
1.),(1.,0.866025403779483,1.),(1.,0.866025403784421,1.),(1.,0.866025403784421,
1.)))
REPRESENTATION_ITEM('')
SURFACE()
);
#2764=(
BOUNDED_SURFACE()
B_SPLINE_SURFACE(3,2,((#6560,#6561,#6562),(#6563,#6564,#6565),(#6566,#6567,
#6568),(#6569,#6570,#6571),(#6572,#6573,#6574)),.UNSPECIFIED.,.F.,.F.,.F.)
B_SPLINE_SURFACE_WITH_KNOTS((4,1,4),(3,3),(6.6976589205292E-17,0.000427581055195481,
0.000855162110390895),(0.,1.),.UNSPECIFIED.)
GEOMETRIC_REPRESENTATION_ITEM()
RATIONAL_B_SPLINE_SURFACE(((1.,0.866025403784409,1.),(1.,0.866025403784409,
1.),(1.,0.866025403782971,1.),(1.,0.866025403784428,1.),(1.,0.866025403784428,
1.)))
REPRESENTATION_ITEM('')
SURFACE()
);
#2765=(
BOUNDED_SURFACE()
B_SPLINE_SURFACE(3,2,((#6576,#6577,#6578),(#6579,#6580,#6581),(#6582,#6583,
#6584),(#6585,#6586,#6587)),.UNSPECIFIED.,.F.,.F.,.F.)
B_SPLINE_SURFACE_WITH_KNOTS((4,4),(3,3),(-4.59701721133854E-17,0.0004842763038308),
(0.,1.),.PIECEWISE_BEZIER_KNOTS.)
GEOMETRIC_REPRESENTATION_ITEM()
RATIONAL_B_SPLINE_SURFACE(((1.,0.866025403784418,1.),(1.,0.866025403784417,
1.),(1.,0.866025403784423,1.),(1.,0.866025403784423,1.)))
REPRESENTATION_ITEM('')
SURFACE()
);
#2766=(
BOUNDED_SURFACE()
B_SPLINE_SURFACE(3,2,((#6589,#6590,#6591),(#6592,#6593,#6594),(#6595,#6596,
#6597),(#6598,#6599,#6600)),.UNSPECIFIED.,.F.,.F.,.F.)
B_SPLINE_SURFACE_WITH_KNOTS((4,4),(3,3),(1.62630325872826E-19,0.000548683079657207),
(0.,1.),.PIECEWISE_BEZIER_KNOTS.)
GEOMETRIC_REPRESENTATION_ITEM()
RATIONAL_B_SPLINE_SURFACE(((1.,0.866025403784423,1.),(1.,0.866025403784423,
1.),(1.,0.866025403784355,1.),(1.,0.866025403784355,1.)))
REPRESENTATION_ITEM('')
SURFACE()
);
#2767=(
BOUNDED_SURFACE()
B_SPLINE_SURFACE(3,2,((#6602,#6603,#6604),(#6605,#6606,#6607),(#6608,#6609,
#6610),(#6611,#6612,#6613)),.UNSPECIFIED.,.F.,.F.,.F.)
B_SPLINE_SURFACE_WITH_KNOTS((4,4),(3,3),(2.71050543121376E-19,0.000828168214054729),
(0.,1.),.PIECEWISE_BEZIER_KNOTS.)
GEOMETRIC_REPRESENTATION_ITEM()
RATIONAL_B_SPLINE_SURFACE(((1.,0.866025403784423,1.),(1.,0.866025403784423,
1.),(1.,0.866025403784437,1.),(1.,0.866025403784437,1.)))
REPRESENTATION_ITEM('')
SURFACE()
);
#2768=(
BOUNDED_SURFACE()
B_SPLINE_SURFACE(3,2,((#6615,#6616,#6617),(#6618,#6619,#6620),(#6621,#6622,
#6623),(#6624,#6625,#6626)),.UNSPECIFIED.,.F.,.F.,.F.)
B_SPLINE_SURFACE_WITH_KNOTS((4,4),(3,3),(-1.1703962451981E-16,0.000862358930831424),
(0.,1.),.PIECEWISE_BEZIER_KNOTS.)
GEOMETRIC_REPRESENTATION_ITEM()
RATIONAL_B_SPLINE_SURFACE(((1.,0.866025403784352,1.),(1.,0.866025403784352,
1.),(1.,0.866025403784423,1.),(1.,0.866025403784423,1.)))
REPRESENTATION_ITEM('')
SURFACE()
);
#2769=(
BOUNDED_SURFACE()
B_SPLINE_SURFACE(3,2,((#6628,#6629,#6630),(#6631,#6632,#6633),(#6634,#6635,
#6636),(#6637,#6638,#6639)),.UNSPECIFIED.,.F.,.F.,.F.)
B_SPLINE_SURFACE_WITH_KNOTS((4,4),(3,3),(-1.82145964977565E-17,0.000934179242587976),
(0.,1.),.PIECEWISE_BEZIER_KNOTS.)
GEOMETRIC_REPRESENTATION_ITEM()
RATIONAL_B_SPLINE_SURFACE(((1.,0.866025403784426,1.),(1.,0.866025403784426,
1.),(1.,0.866025403784352,1.),(1.,0.866025403784352,1.)))
REPRESENTATION_ITEM('')
SURFACE()
);
#2770=(
BOUNDED_SURFACE()
B_SPLINE_SURFACE(3,2,((#6641,#6642,#6643),(#6644,#6645,#6646),(#6647,#6648,
#6649),(#6650,#6651,#6652)),.UNSPECIFIED.,.F.,.F.,.F.)
B_SPLINE_SURFACE_WITH_KNOTS((4,4),(3,3),(-1.0842021724855E-19,0.000994273472046817),
(0.,1.),.PIECEWISE_BEZIER_KNOTS.)
GEOMETRIC_REPRESENTATION_ITEM()
RATIONAL_B_SPLINE_SURFACE(((1.,0.866025403784352,1.),(1.,0.866025403784352,
1.),(1.,0.866025403784349,1.),(1.,0.866025403784349,1.)))
REPRESENTATION_ITEM('')
SURFACE()
);
#2771=(
BOUNDED_SURFACE()
B_SPLINE_SURFACE(3,2,((#6654,#6655,#6656),(#6657,#6658,#6659),(#6660,#6661,
#6662),(#6663,#6664,#6665)),.UNSPECIFIED.,.F.,.F.,.F.)
B_SPLINE_SURFACE_WITH_KNOTS((4,4),(3,3),(0.,0.000930678764299982),(0.,1.),
 .PIECEWISE_BEZIER_KNOTS.)
GEOMETRIC_REPRESENTATION_ITEM()
RATIONAL_B_SPLINE_SURFACE(((1.,0.866025403784352,1.),(1.,0.866025403784352,
1.),(1.,0.866025403784416,1.),(1.,0.866025403784416,1.)))
REPRESENTATION_ITEM('')
SURFACE()
);
#2772=(
BOUNDED_SURFACE()
B_SPLINE_SURFACE(3,2,((#6667,#6668,#6669),(#6670,#6671,#6672),(#6673,#6674,
#6675),(#6676,#6677,#6678)),.UNSPECIFIED.,.F.,.F.,.F.)
B_SPLINE_SURFACE_WITH_KNOTS((4,4),(3,3),(1.37747886014283E-16,0.0010042310121546),
(0.,1.),.PIECEWISE_BEZIER_KNOTS.)
GEOMETRIC_REPRESENTATION_ITEM()
RATIONAL_B_SPLINE_SURFACE(((1.,0.866025403784419,1.),(1.,0.866025403784419,
1.),(1.,0.866025403784352,1.),(1.,0.866025403784352,1.)))
REPRESENTATION_ITEM('')
SURFACE()
);
#2773=(
BOUNDED_SURFACE()
B_SPLINE_SURFACE(3,2,((#6680,#6681,#6682),(#6683,#6684,#6685),(#6686,#6687,
#6688),(#6689,#6690,#6691)),.UNSPECIFIED.,.F.,.F.,.F.)
B_SPLINE_SURFACE_WITH_KNOTS((4,4),(3,3),(3.50197301712818E-17,0.000827093354133752),
(0.,1.),.PIECEWISE_BEZIER_KNOTS.)
GEOMETRIC_REPRESENTATION_ITEM()
RATIONAL_B_SPLINE_SURFACE(((1.,0.866025403784416,1.),(1.,0.866025403784416,
1.),(1.,0.866025403784423,1.),(1.,0.866025403784423,1.)))
REPRESENTATION_ITEM('')
SURFACE()
);
#2774=(
BOUNDED_SURFACE()
B_SPLINE_SURFACE(3,2,((#6693,#6694,#6695),(#6696,#6697,#6698),(#6699,#6700,
#6701),(#6702,#6703,#6704)),.UNSPECIFIED.,.F.,.F.,.F.)
B_SPLINE_SURFACE_WITH_KNOTS((4,4),(3,3),(0.,0.000860405052994722),(0.,1.),
 .PIECEWISE_BEZIER_KNOTS.)
GEOMETRIC_REPRESENTATION_ITEM()
RATIONAL_B_SPLINE_SURFACE(((1.,0.866025403784423,1.),(1.,0.866025403784423,
1.),(1.,0.866025403784419,1.),(1.,0.866025403784419,1.)))
REPRESENTATION_ITEM('')
SURFACE()
);
#2775=(
BOUNDED_SURFACE()
B_SPLINE_SURFACE(3,2,((#6706,#6707,#6708),(#6709,#6710,#6711),(#6712,#6713,
#6714),(#6715,#6716,#6717)),.UNSPECIFIED.,.F.,.F.,.F.)
B_SPLINE_SURFACE_WITH_KNOTS((4,4),(3,3),(-5.42101086242752E-20,0.000483405760380496),
(0.,1.),.PIECEWISE_BEZIER_KNOTS.)
GEOMETRIC_REPRESENTATION_ITEM()
RATIONAL_B_SPLINE_SURFACE(((1.,0.866025403784423,1.),(1.,0.866025403784423,
1.),(1.,0.866025403784422,1.),(1.,0.866025403784422,1.)))
REPRESENTATION_ITEM('')
SURFACE()
);
#2776=(
BOUNDED_SURFACE()
B_SPLINE_SURFACE(3,2,((#6719,#6720,#6721),(#6722,#6723,#6724),(#6725,#6726,
#6727),(#6728,#6729,#6730)),.UNSPECIFIED.,.F.,.F.,.F.)
B_SPLINE_SURFACE_WITH_KNOTS((4,4),(3,3),(2.9354773820045E-16,0.000552525778494427),
(0.,1.),.PIECEWISE_BEZIER_KNOTS.)
GEOMETRIC_REPRESENTATION_ITEM()
RATIONAL_B_SPLINE_SURFACE(((1.,0.866025403784348,1.),(1.,0.866025403784348,
1.),(1.,0.866025403784423,1.),(1.,0.866025403784423,1.)))
REPRESENTATION_ITEM('')
SURFACE()
);
#2777=(
BOUNDED_SURFACE()
B_SPLINE_SURFACE(3,2,((#6732,#6733,#6734),(#6735,#6736,#6737),(#6738,#6739,
#6740),(#6741,#6742,#6743),(#6744,#6745,#6746)),.UNSPECIFIED.,.F.,.F.,.F.)
B_SPLINE_SURFACE_WITH_KNOTS((4,1,4),(3,3),(-1.38804983132457E-16,0.000394732004304367,
0.000789464008608872),(0.,1.),.UNSPECIFIED.)
GEOMETRIC_REPRESENTATION_ITEM()
RATIONAL_B_SPLINE_SURFACE(((1.,0.866025403784421,1.),(1.,0.866025403784421,
1.),(1.,0.866025403784437,1.),(1.,0.866025403784422,1.),(1.,0.866025403784422,
1.)))
REPRESENTATION_ITEM('')
SURFACE()
);
#2778=(
BOUNDED_SURFACE()
B_SPLINE_SURFACE(3,2,((#6751,#6752,#6753),(#6754,#6755,#6756),(#6757,#6758,
#6759),(#6760,#6761,#6762),(#6763,#6764,#6765)),.UNSPECIFIED.,.F.,.F.,.F.)
B_SPLINE_SURFACE_WITH_KNOTS((4,1,4),(3,3),(-1.14112278654099E-16,0.000427491095436225,
0.000854982190872565),(0.,1.),.UNSPECIFIED.)
GEOMETRIC_REPRESENTATION_ITEM()
RATIONAL_B_SPLINE_SURFACE(((1.,0.86602540378435,1.),(1.,0.86602540378435,
1.),(1.,0.866025403783009,1.),(1.,0.866025403784421,1.),(1.,0.866025403784421,
1.)))
REPRESENTATION_ITEM('')
SURFACE()
);
#2779=ADVANCED_FACE('',(#2463),#2664,.F.);
#2780=ADVANCED_FACE('',(#2464,#2465,#2466,#2467),#424,.T.);
#2781=ADVANCED_FACE('',(#2468),#33,.T.);
#2782=ADVANCED_FACE('',(#2469),#425,.T.);
#2783=ADVANCED_FACE('',(#2470),#34,.F.);
#2784=ADVANCED_FACE('',(#2471),#426,.F.);
#2785=ADVANCED_FACE('',(#2472),#35,.T.);
#2786=ADVANCED_FACE('',(#2473),#427,.F.);
#2787=ADVANCED_FACE('',(#2474),#36,.T.);
#2788=ADVANCED_FACE('',(#2475),#428,.F.);
#2789=ADVANCED_FACE('',(#2476),#32,.F.);
#2790=ADVANCED_FACE('',(#2477),#429,.F.);
#2791=ADVANCED_FACE('',(#2478),#37,.T.);
#2792=ADVANCED_FACE('',(#2479),#430,.F.);
#2793=ADVANCED_FACE('',(#2480),#38,.T.);
#2794=ADVANCED_FACE('',(#2481),#431,.F.);
#2795=ADVANCED_FACE('',(#2482),#39,.F.);
#2796=ADVANCED_FACE('',(#2483),#432,.T.);
#2797=ADVANCED_FACE('',(#2484),#40,.T.);
#2798=ADVANCED_FACE('',(#2485),#433,.T.);
#2799=ADVANCED_FACE('',(#2486),#41,.T.);
#2800=ADVANCED_FACE('',(#2487),#434,.T.);
#2801=ADVANCED_FACE('',(#2488),#42,.T.);
#2802=ADVANCED_FACE('',(#2489),#435,.T.);
#2803=ADVANCED_FACE('',(#2490),#436,.F.);
#2804=ADVANCED_FACE('',(#2491),#437,.T.);
#2805=ADVANCED_FACE('',(#2492,#2493),#438,.T.);
#2806=ADVANCED_FACE('',(#2494,#2495,#2496),#439,.T.);
#2807=ADVANCED_FACE('',(#2497),#440,.T.);
#2808=ADVANCED_FACE('',(#2498),#441,.T.);
#2809=ADVANCED_FACE('',(#2499),#442,.T.);
#2810=ADVANCED_FACE('',(#2500),#2665,.T.);
#2811=ADVANCED_FACE('',(#2501),#43,.T.);
#2812=ADVANCED_FACE('',(#2502),#2666,.T.);
#2813=ADVANCED_FACE('',(#2503),#2667,.T.);
#2814=ADVANCED_FACE('',(#2504),#2668,.T.);
#2815=ADVANCED_FACE('',(#2505),#2669,.T.);
#2816=ADVANCED_FACE('',(#2506),#2670,.T.);
#2817=ADVANCED_FACE('',(#2507),#2671,.T.);
#2818=ADVANCED_FACE('',(#2508),#44,.T.);
#2819=ADVANCED_FACE('',(#2509),#2672,.T.);
#2820=ADVANCED_FACE('',(#2510),#2673,.T.);
#2821=ADVANCED_FACE('',(#2511),#2674,.T.);
#2822=ADVANCED_FACE('',(#2512),#2675,.T.);
#2823=ADVANCED_FACE('',(#2513),#2676,.T.);
#2824=ADVANCED_FACE('',(#2514),#2677,.T.);
#2825=ADVANCED_FACE('',(#2515),#2678,.T.);
#2826=ADVANCED_FACE('',(#2516),#2679,.T.);
#2827=ADVANCED_FACE('',(#2517),#2680,.T.);
#2828=ADVANCED_FACE('',(#2518),#2681,.T.);
#2829=ADVANCED_FACE('',(#2519),#2682,.T.);
#2830=ADVANCED_FACE('',(#2520),#2683,.T.);
#2831=ADVANCED_FACE('',(#2521),#2684,.T.);
#2832=ADVANCED_FACE('',(#2522),#2685,.T.);
#2833=ADVANCED_FACE('',(#2523),#2686,.T.);
#2834=ADVANCED_FACE('',(#2524),#2687,.T.);
#2835=ADVANCED_FACE('',(#2525),#2688,.T.);
#2836=ADVANCED_FACE('',(#2526),#2689,.T.);
#2837=ADVANCED_FACE('',(#2527),#2690,.T.);
#2838=ADVANCED_FACE('',(#2528),#2691,.T.);
#2839=ADVANCED_FACE('',(#2529),#2692,.T.);
#2840=ADVANCED_FACE('',(#2530),#2693,.T.);
#2841=ADVANCED_FACE('',(#2531),#2694,.T.);
#2842=ADVANCED_FACE('',(#2532),#2695,.T.);
#2843=ADVANCED_FACE('',(#2533),#2696,.T.);
#2844=ADVANCED_FACE('',(#2534),#2697,.T.);
#2845=ADVANCED_FACE('',(#2535),#2698,.T.);
#2846=ADVANCED_FACE('',(#2536),#2699,.T.);
#2847=ADVANCED_FACE('',(#2537),#2700,.T.);
#2848=ADVANCED_FACE('',(#2538),#2701,.T.);
#2849=ADVANCED_FACE('',(#2539),#2702,.T.);
#2850=ADVANCED_FACE('',(#2540),#2703,.T.);
#2851=ADVANCED_FACE('',(#2541),#2704,.T.);
#2852=ADVANCED_FACE('',(#2542),#2705,.T.);
#2853=ADVANCED_FACE('',(#2543),#2706,.T.);
#2854=ADVANCED_FACE('',(#2544),#2707,.T.);
#2855=ADVANCED_FACE('',(#2545),#2708,.T.);
#2856=ADVANCED_FACE('',(#2546),#2709,.T.);
#2857=ADVANCED_FACE('',(#2547),#2710,.T.);
#2858=ADVANCED_FACE('',(#2548),#2711,.T.);
#2859=ADVANCED_FACE('',(#2549),#2712,.T.);
#2860=ADVANCED_FACE('',(#2550),#2713,.T.);
#2861=ADVANCED_FACE('',(#2551),#45,.T.);
#2862=ADVANCED_FACE('',(#2552),#2714,.T.);
#2863=ADVANCED_FACE('',(#2553),#2715,.T.);
#2864=ADVANCED_FACE('',(#2554),#2716,.T.);
#2865=ADVANCED_FACE('',(#2555),#2717,.T.);
#2866=ADVANCED_FACE('',(#2556),#2718,.T.);
#2867=ADVANCED_FACE('',(#2557),#2719,.T.);
#2868=ADVANCED_FACE('',(#2558),#46,.T.);
#2869=ADVANCED_FACE('',(#2559),#2720,.T.);
#2870=ADVANCED_FACE('',(#2560),#47,.T.);
#2871=ADVANCED_FACE('',(#2561),#12,.T.);
#2872=ADVANCED_FACE('',(#2562),#13,.T.);
#2873=ADVANCED_FACE('',(#2563),#48,.T.);
#2874=ADVANCED_FACE('',(#2564),#49,.T.);
#2875=ADVANCED_FACE('',(#2565),#14,.T.);
#2876=ADVANCED_FACE('',(#2566),#15,.T.);
#2877=ADVANCED_FACE('',(#2567),#50,.T.);
#2878=ADVANCED_FACE('',(#2568),#51,.T.);
#2879=ADVANCED_FACE('',(#2569),#16,.T.);
#2880=ADVANCED_FACE('',(#2570),#17,.T.);
#2881=ADVANCED_FACE('',(#2571),#52,.T.);
#2882=ADVANCED_FACE('',(#2572),#53,.T.);
#2883=ADVANCED_FACE('',(#2573),#18,.T.);
#2884=ADVANCED_FACE('',(#2574),#19,.T.);
#2885=ADVANCED_FACE('',(#2575),#54,.T.);
#2886=ADVANCED_FACE('',(#2576),#55,.T.);
#2887=ADVANCED_FACE('',(#2577),#20,.T.);
#2888=ADVANCED_FACE('',(#2578),#21,.T.);
#2889=ADVANCED_FACE('',(#2579),#56,.T.);
#2890=ADVANCED_FACE('',(#2580),#57,.T.);
#2891=ADVANCED_FACE('',(#2581),#2721,.T.);
#2892=ADVANCED_FACE('',(#2582),#58,.T.);
#2893=ADVANCED_FACE('',(#2583),#22,.T.);
#2894=ADVANCED_FACE('',(#2584),#23,.T.);
#2895=ADVANCED_FACE('',(#2585),#59,.T.);
#2896=ADVANCED_FACE('',(#2586),#60,.T.);
#2897=ADVANCED_FACE('',(#2587),#24,.T.);
#2898=ADVANCED_FACE('',(#2588),#25,.T.);
#2899=ADVANCED_FACE('',(#2589),#61,.T.);
#2900=ADVANCED_FACE('',(#2590),#62,.T.);
#2901=ADVANCED_FACE('',(#2591),#26,.T.);
#2902=ADVANCED_FACE('',(#2592),#27,.T.);
#2903=ADVANCED_FACE('',(#2593),#63,.T.);
#2904=ADVANCED_FACE('',(#2594),#64,.T.);
#2905=ADVANCED_FACE('',(#2595),#28,.T.);
#2906=ADVANCED_FACE('',(#2596),#29,.T.);
#2907=ADVANCED_FACE('',(#2597),#65,.T.);
#2908=ADVANCED_FACE('',(#2598),#66,.T.);
#2909=ADVANCED_FACE('',(#2599),#30,.T.);
#2910=ADVANCED_FACE('',(#2600),#31,.T.);
#2911=ADVANCED_FACE('',(#2601),#67,.T.);
#2912=ADVANCED_FACE('',(#2602),#68,.T.);
#2913=ADVANCED_FACE('',(#2603),#2722,.T.);
#2914=ADVANCED_FACE('',(#2604),#2723,.F.);
#2915=ADVANCED_FACE('',(#2605),#69,.F.);
#2916=ADVANCED_FACE('',(#2606),#2724,.F.);
#2917=ADVANCED_FACE('',(#2607),#2725,.F.);
#2918=ADVANCED_FACE('',(#2608),#2726,.F.);
#2919=ADVANCED_FACE('',(#2609),#2727,.F.);
#2920=ADVANCED_FACE('',(#2610),#2728,.F.);
#2921=ADVANCED_FACE('',(#2611),#2729,.F.);
#2922=ADVANCED_FACE('',(#2612),#70,.F.);
#2923=ADVANCED_FACE('',(#2613),#2730,.F.);
#2924=ADVANCED_FACE('',(#2614),#2731,.F.);
#2925=ADVANCED_FACE('',(#2615),#71,.F.);
#2926=ADVANCED_FACE('',(#2616),#2732,.F.);
#2927=ADVANCED_FACE('',(#2617),#2733,.F.);
#2928=ADVANCED_FACE('',(#2618),#2734,.F.);
#2929=ADVANCED_FACE('',(#2619),#2735,.F.);
#2930=ADVANCED_FACE('',(#2620),#2736,.F.);
#2931=ADVANCED_FACE('',(#2621),#2737,.F.);
#2932=ADVANCED_FACE('',(#2622),#72,.F.);
#2933=ADVANCED_FACE('',(#2623),#2738,.F.);
#2934=ADVANCED_FACE('',(#2624),#2739,.F.);
#2935=ADVANCED_FACE('',(#2625),#2740,.F.);
#2936=ADVANCED_FACE('',(#2626),#2741,.F.);
#2937=ADVANCED_FACE('',(#2627),#2742,.F.);
#2938=ADVANCED_FACE('',(#2628),#2743,.F.);
#2939=ADVANCED_FACE('',(#2629),#2744,.F.);
#2940=ADVANCED_FACE('',(#2630),#2745,.F.);
#2941=ADVANCED_FACE('',(#2631),#2746,.F.);
#2942=ADVANCED_FACE('',(#2632),#2747,.F.);
#2943=ADVANCED_FACE('',(#2633),#2748,.F.);
#2944=ADVANCED_FACE('',(#2634),#2749,.F.);
#2945=ADVANCED_FACE('',(#2635),#2750,.F.);
#2946=ADVANCED_FACE('',(#2636),#2751,.F.);
#2947=ADVANCED_FACE('',(#2637),#2752,.F.);
#2948=ADVANCED_FACE('',(#2638),#2753,.F.);
#2949=ADVANCED_FACE('',(#2639),#2754,.F.);
#2950=ADVANCED_FACE('',(#2640),#2755,.F.);
#2951=ADVANCED_FACE('',(#2641),#2756,.F.);
#2952=ADVANCED_FACE('',(#2642),#2757,.F.);
#2953=ADVANCED_FACE('',(#2643),#2758,.F.);
#2954=ADVANCED_FACE('',(#2644),#2759,.F.);
#2955=ADVANCED_FACE('',(#2645),#2760,.F.);
#2956=ADVANCED_FACE('',(#2646),#2761,.F.);
#2957=ADVANCED_FACE('',(#2647),#2762,.F.);
#2958=ADVANCED_FACE('',(#2648),#2763,.F.);
#2959=ADVANCED_FACE('',(#2649),#2764,.F.);
#2960=ADVANCED_FACE('',(#2650),#2765,.F.);
#2961=ADVANCED_FACE('',(#2651),#2766,.F.);
#2962=ADVANCED_FACE('',(#2652),#2767,.F.);
#2963=ADVANCED_FACE('',(#2653),#2768,.F.);
#2964=ADVANCED_FACE('',(#2654),#2769,.F.);
#2965=ADVANCED_FACE('',(#2655),#2770,.F.);
#2966=ADVANCED_FACE('',(#2656),#2771,.F.);
#2967=ADVANCED_FACE('',(#2657),#2772,.F.);
#2968=ADVANCED_FACE('',(#2658),#2773,.F.);
#2969=ADVANCED_FACE('',(#2659),#2774,.F.);
#2970=ADVANCED_FACE('',(#2660),#2775,.F.);
#2971=ADVANCED_FACE('',(#2661),#2776,.F.);
#2972=ADVANCED_FACE('',(#2662),#2777,.F.);
#2973=ADVANCED_FACE('',(#2663),#2778,.F.);
#2974=CLOSED_SHELL('',(#2779,#2780,#2781,#2782,#2783,#2784,#2785,#2786,
#2787,#2788,#2789,#2790,#2791,#2792,#2793,#2794,#2795,#2796,#2797,#2798,
#2799,#2800,#2801,#2802,#2803,#2804,#2805,#2806,#2807,#2808,#2809,#2810,
#2811,#2812,#2813,#2814,#2815,#2816,#2817,#2818,#2819,#2820,#2821,#2822,
#2823,#2824,#2825,#2826,#2827,#2828,#2829,#2830,#2831,#2832,#2833,#2834,
#2835,#2836,#2837,#2838,#2839,#2840,#2841,#2842,#2843,#2844,#2845,#2846,
#2847,#2848,#2849,#2850,#2851,#2852,#2853,#2854,#2855,#2856,#2857,#2858,
#2859,#2860,#2861,#2862,#2863,#2864,#2865,#2866,#2867,#2868,#2869,#2870,
#2871,#2872,#2873,#2874,#2875,#2876,#2877,#2878,#2879,#2880,#2881,#2882,
#2883,#2884,#2885,#2886,#2887,#2888,#2889,#2890,#2891,#2892,#2893,#2894,
#2895,#2896,#2897,#2898,#2899,#2900,#2901,#2902,#2903,#2904,#2905,#2906,
#2907,#2908,#2909,#2910,#2911,#2912,#2913,#2914,#2915,#2916,#2917,#2918,
#2919,#2920,#2921,#2922,#2923,#2924,#2925,#2926,#2927,#2928,#2929,#2930,
#2931,#2932,#2933,#2934,#2935,#2936,#2937,#2938,#2939,#2940,#2941,#2942,
#2943,#2944,#2945,#2946,#2947,#2948,#2949,#2950,#2951,#2952,#2953,#2954,
#2955,#2956,#2957,#2958,#2959,#2960,#2961,#2962,#2963,#2964,#2965,#2966,
#2967,#2968,#2969,#2970,#2971,#2972,#2973));
#2975=STYLED_ITEM('',(#2976),#2983);
#2976=PRESENTATION_STYLE_ASSIGNMENT((#2977));
#2977=SURFACE_STYLE_USAGE(.BOTH.,#2978);
#2978=SURFACE_SIDE_STYLE('',(#2979));
#2979=SURFACE_STYLE_FILL_AREA(#2980);
#2980=FILL_AREA_STYLE('',(#2981));
#2981=FILL_AREA_STYLE_COLOUR('',#2982);
#2982=COLOUR_RGB('',0.231372549019608,0.380392156862745,0.705882352941177);
#2983=MANIFOLD_SOLID_BREP('BLOCKS_spacer_0.8',#2974);
#2984=SHAPE_DEFINITION_REPRESENTATION(#6772,#2985);
#2985=SHAPE_REPRESENTATION('BLOCKS_spacer_0.8',(#2986),#6767);
#2986=AXIS2_PLACEMENT_3D('',#3889,#3261,#3262);
#2987=AXIS2_PLACEMENT_3D('',#3908,#3263,#3264);
#2988=AXIS2_PLACEMENT_3D('',#4090,#3269,#3270);
#2989=AXIS2_PLACEMENT_3D('',#4094,#3272,#3273);
#2990=AXIS2_PLACEMENT_3D('',#4098,#3275,#3276);
#2991=AXIS2_PLACEMENT_3D('',#4102,#3278,#3279);
#2992=AXIS2_PLACEMENT_3D('',#4106,#3281,#3282);
#2993=AXIS2_PLACEMENT_3D('',#4110,#3284,#3285);
#2994=AXIS2_PLACEMENT_3D('',#4114,#3287,#3288);
#2995=AXIS2_PLACEMENT_3D('',#4118,#3290,#3291);
#2996=AXIS2_PLACEMENT_3D('',#4122,#3293,#3294);
#2997=AXIS2_PLACEMENT_3D('',#4126,#3296,#3297);
#2998=AXIS2_PLACEMENT_3D('',#4127,#3298,#3299);
#2999=AXIS2_PLACEMENT_3D('',#4131,#3301,#3302);
#3000=AXIS2_PLACEMENT_3D('',#4135,#3304,#3305);
#3001=AXIS2_PLACEMENT_3D('',#4136,#3306,#3307);
#3002=AXIS2_PLACEMENT_3D('',#4142,#3311,#3312);
#3003=AXIS2_PLACEMENT_3D('',#4146,#3314,#3315);
#3004=AXIS2_PLACEMENT_3D('',#4147,#3316,#3317);
#3005=AXIS2_PLACEMENT_3D('',#4148,#3318,#3319);
#3006=AXIS2_PLACEMENT_3D('',#4154,#3323,#3324);
#3007=AXIS2_PLACEMENT_3D('',#4158,#3326,#3327);
#3008=AXIS2_PLACEMENT_3D('',#4159,#3328,#3329);
#3009=AXIS2_PLACEMENT_3D('',#4160,#3330,#3331);
#3010=AXIS2_PLACEMENT_3D('',#4166,#3335,#3336);
#3011=AXIS2_PLACEMENT_3D('',#4170,#3338,#3339);
#3012=AXIS2_PLACEMENT_3D('',#4171,#3340,#3341);
#3013=AXIS2_PLACEMENT_3D('',#4172,#3342,#3343);
#3014=AXIS2_PLACEMENT_3D('',#4217,#3348,#3349);
#3015=AXIS2_PLACEMENT_3D('',#4223,#3353,#3354);
#3016=AXIS2_PLACEMENT_3D('',#4227,#3356,#3357);
#3017=AXIS2_PLACEMENT_3D('',#4228,#3358,#3359);
#3018=AXIS2_PLACEMENT_3D('',#4229,#3360,#3361);
#3019=AXIS2_PLACEMENT_3D('',#4235,#3365,#3366);
#3020=AXIS2_PLACEMENT_3D('',#4239,#3368,#3369);
#3021=AXIS2_PLACEMENT_3D('',#4240,#3370,#3371);
#3022=AXIS2_PLACEMENT_3D('',#4241,#3372,#3373);
#3023=AXIS2_PLACEMENT_3D('',#4247,#3377,#3378);
#3024=AXIS2_PLACEMENT_3D('',#4251,#3380,#3381);
#3025=AXIS2_PLACEMENT_3D('',#4252,#3382,#3383);
#3026=AXIS2_PLACEMENT_3D('',#4253,#3384,#3385);
#3027=AXIS2_PLACEMENT_3D('',#4259,#3389,#3390);
#3028=AXIS2_PLACEMENT_3D('',#4263,#3392,#3393);
#3029=AXIS2_PLACEMENT_3D('',#4264,#3394,#3395);
#3030=AXIS2_PLACEMENT_3D('',#4265,#3396,#3397);
#3031=AXIS2_PLACEMENT_3D('',#4271,#3401,#3402);
#3032=AXIS2_PLACEMENT_3D('',#4275,#3404,#3405);
#3033=AXIS2_PLACEMENT_3D('',#4276,#3406,#3407);
#3034=AXIS2_PLACEMENT_3D('',#4277,#3408,#3409);
#3035=AXIS2_PLACEMENT_3D('',#4283,#3413,#3414);
#3036=AXIS2_PLACEMENT_3D('',#4287,#3416,#3417);
#3037=AXIS2_PLACEMENT_3D('',#4288,#3418,#3419);
#3038=AXIS2_PLACEMENT_3D('',#4289,#3420,#3421);
#3039=AXIS2_PLACEMENT_3D('',#4292,#3424,#3425);
#3040=AXIS2_PLACEMENT_3D('',#4310,#3428,#3429);
#3041=AXIS2_PLACEMENT_3D('',#4314,#3431,#3432);
#3042=AXIS2_PLACEMENT_3D('',#4318,#3434,#3435);
#3043=AXIS2_PLACEMENT_3D('',#4322,#3437,#3438);
#3044=AXIS2_PLACEMENT_3D('',#4326,#3440,#3441);
#3045=AXIS2_PLACEMENT_3D('',#4330,#3443,#3444);
#3046=AXIS2_PLACEMENT_3D('',#4334,#3446,#3447);
#3047=AXIS2_PLACEMENT_3D('',#4338,#3449,#3450);
#3048=AXIS2_PLACEMENT_3D('',#4342,#3452,#3453);
#3049=AXIS2_PLACEMENT_3D('',#4346,#3455,#3456);
#3050=AXIS2_PLACEMENT_3D('',#4347,#3457,#3458);
#3051=AXIS2_PLACEMENT_3D('',#4388,#3459,#3460);
#3052=AXIS2_PLACEMENT_3D('',#4477,#3465,#3466);
#3053=AXIS2_PLACEMENT_3D('',#4638,#3467,#3468);
#3054=AXIS2_PLACEMENT_3D('',#4679,#3469,#3470);
#3055=AXIS2_PLACEMENT_3D('',#4724,#3473,#3474);
#3056=AXIS2_PLACEMENT_3D('',#4780,#3475,#3476);
#3057=AXIS2_PLACEMENT_3D('',#4791,#3477,#3478);
#3058=AXIS2_PLACEMENT_3D('',#4794,#3480,#3481);
#3059=AXIS2_PLACEMENT_3D('',#4810,#3482,#3483);
#3060=AXIS2_PLACEMENT_3D('',#4836,#3484,#3485);
#3061=AXIS2_PLACEMENT_3D('',#4852,#3486,#3487);
#3062=AXIS2_PLACEMENT_3D('',#4878,#3488,#3489);
#3063=AXIS2_PLACEMENT_3D('',#4894,#3490,#3491);
#3064=AXIS2_PLACEMENT_3D('',#4920,#3492,#3493);
#3065=AXIS2_PLACEMENT_3D('',#4921,#3494,#3495);
#3066=AXIS2_PLACEMENT_3D('',#4959,#3497,#3498);
#3067=AXIS2_PLACEMENT_3D('',#4966,#3499,#3500);
#3068=AXIS2_PLACEMENT_3D('',#4984,#3501,#3502);
#3069=AXIS2_PLACEMENT_3D('',#4997,#3503,#3504);
#3070=AXIS2_PLACEMENT_3D('',#5020,#3505,#3506);
#3071=AXIS2_PLACEMENT_3D('',#5033,#3507,#3508);
#3072=AXIS2_PLACEMENT_3D('',#5056,#3509,#3510);
#3073=AXIS2_PLACEMENT_3D('',#5069,#3511,#3512);
#3074=AXIS2_PLACEMENT_3D('',#5103,#3513,#3514);
#3075=AXIS2_PLACEMENT_3D('',#5110,#3515,#3516);
#3076=AXIS2_PLACEMENT_3D('',#5128,#3517,#3518);
#3077=AXIS2_PLACEMENT_3D('',#5144,#3519,#3520);
#3078=AXIS2_PLACEMENT_3D('',#5170,#3521,#3522);
#3079=AXIS2_PLACEMENT_3D('',#5186,#3523,#3524);
#3080=AXIS2_PLACEMENT_3D('',#5212,#3525,#3526);
#3081=AXIS2_PLACEMENT_3D('',#5225,#3527,#3528);
#3082=AXIS2_PLACEMENT_3D('',#5259,#3529,#3530);
#3083=AXIS2_PLACEMENT_3D('',#5287,#3531,#3532);
#3084=AXIS2_PLACEMENT_3D('',#5300,#3533,#3534);
#3085=AXIS2_PLACEMENT_3D('',#5323,#3535,#3536);
#3086=AXIS2_PLACEMENT_3D('',#5336,#3537,#3538);
#3087=AXIS2_PLACEMENT_3D('',#5359,#3539,#3540);
#3088=AXIS2_PLACEMENT_3D('',#5372,#3541,#3542);
#3089=AXIS2_PLACEMENT_3D('',#5395,#3543,#3544);
#3090=AXIS2_PLACEMENT_3D('',#5408,#3545,#3546);
#3091=AXIS2_PLACEMENT_3D('',#5431,#3547,#3548);
#3092=AXIS2_PLACEMENT_3D('',#5444,#3549,#3550);
#3093=AXIS2_PLACEMENT_3D('',#5467,#3551,#3552);
#3094=AXIS2_PLACEMENT_3D('',#5480,#3553,#3554);
#3095=AXIS2_PLACEMENT_3D('',#5503,#3555,#3556);
#3096=AXIS2_PLACEMENT_3D('',#5553,#3557,#3558);
#3097=AXIS2_PLACEMENT_3D('',#5560,#3559,#3560);
#3098=AXIS2_PLACEMENT_3D('',#5578,#3561,#3562);
#3099=AXIS2_PLACEMENT_3D('',#5591,#3563,#3564);
#3100=AXIS2_PLACEMENT_3D('',#5614,#3565,#3566);
#3101=AXIS2_PLACEMENT_3D('',#5627,#3567,#3568);
#3102=AXIS2_PLACEMENT_3D('',#5650,#3569,#3570);
#3103=AXIS2_PLACEMENT_3D('',#5663,#3571,#3572);
#3104=AXIS2_PLACEMENT_3D('',#5700,#3573,#3574);
#3105=AXIS2_PLACEMENT_3D('',#5706,#3575,#3576);
#3106=AXIS2_PLACEMENT_3D('',#5707,#3577,#3578);
#3107=AXIS2_PLACEMENT_3D('',#5710,#3580,#3581);
#3108=AXIS2_PLACEMENT_3D('',#5723,#3582,#3583);
#3109=AXIS2_PLACEMENT_3D('',#5746,#3584,#3585);
#3110=AXIS2_PLACEMENT_3D('',#5759,#3586,#3587);
#3111=AXIS2_PLACEMENT_3D('',#5782,#3588,#3589);
#3112=AXIS2_PLACEMENT_3D('',#5795,#3590,#3591);
#3113=AXIS2_PLACEMENT_3D('',#5818,#3592,#3593);
#3114=AXIS2_PLACEMENT_3D('',#5819,#3594,#3595);
#3115=AXIS2_PLACEMENT_3D('',#5820,#3596,#3597);
#3116=AXIS2_PLACEMENT_3D('',#5839,#3599,#3600);
#3117=AXIS2_PLACEMENT_3D('',#5840,#3601,#3602);
#3118=AXIS2_PLACEMENT_3D('',#5841,#3603,#3604);
#3119=AXIS2_PLACEMENT_3D('',#5842,#3605,#3606);
#3120=AXIS2_PLACEMENT_3D('',#5843,#3607,#3608);
#3121=AXIS2_PLACEMENT_3D('',#5844,#3609,#3610);
#3122=AXIS2_PLACEMENT_3D('',#5845,#3611,#3612);
#3123=AXIS2_PLACEMENT_3D('',#5846,#3613,#3614);
#3124=AXIS2_PLACEMENT_3D('',#5847,#3615,#3616);
#3125=AXIS2_PLACEMENT_3D('',#5848,#3617,#3618);
#3126=AXIS2_PLACEMENT_3D('',#5849,#3619,#3620);
#3127=AXIS2_PLACEMENT_3D('',#5850,#3621,#3622);
#3128=AXIS2_PLACEMENT_3D('',#5851,#3623,#3624);
#3129=AXIS2_PLACEMENT_3D('',#5852,#3625,#3626);
#3130=AXIS2_PLACEMENT_3D('',#5853,#3627,#3628);
#3131=AXIS2_PLACEMENT_3D('',#5854,#3629,#3630);
#3132=AXIS2_PLACEMENT_3D('',#5855,#3631,#3632);
#3133=AXIS2_PLACEMENT_3D('',#5856,#3633,#3634);
#3134=AXIS2_PLACEMENT_3D('',#5857,#3635,#3636);
#3135=AXIS2_PLACEMENT_3D('',#5858,#3637,#3638);
#3136=AXIS2_PLACEMENT_3D('',#5859,#3639,#3640);
#3137=AXIS2_PLACEMENT_3D('',#5860,#3641,#3642);
#3138=AXIS2_PLACEMENT_3D('',#5861,#3643,#3644);
#3139=AXIS2_PLACEMENT_3D('',#5862,#3645,#3646);
#3140=AXIS2_PLACEMENT_3D('',#5863,#3647,#3648);
#3141=AXIS2_PLACEMENT_3D('',#5864,#3649,#3650);
#3142=AXIS2_PLACEMENT_3D('',#5865,#3651,#3652);
#3143=AXIS2_PLACEMENT_3D('',#5866,#3653,#3654);
#3144=AXIS2_PLACEMENT_3D('',#5867,#3655,#3656);
#3145=AXIS2_PLACEMENT_3D('',#5868,#3657,#3658);
#3146=AXIS2_PLACEMENT_3D('',#5869,#3659,#3660);
#3147=AXIS2_PLACEMENT_3D('',#5870,#3661,#3662);
#3148=AXIS2_PLACEMENT_3D('',#5871,#3663,#3664);
#3149=AXIS2_PLACEMENT_3D('',#5872,#3665,#3666);
#3150=AXIS2_PLACEMENT_3D('',#5873,#3667,#3668);
#3151=AXIS2_PLACEMENT_3D('',#5874,#3669,#3670);
#3152=AXIS2_PLACEMENT_3D('',#5875,#3671,#3672);
#3153=AXIS2_PLACEMENT_3D('',#5876,#3673,#3674);
#3154=AXIS2_PLACEMENT_3D('',#5877,#3675,#3676);
#3155=AXIS2_PLACEMENT_3D('',#5878,#3677,#3678);
#3156=AXIS2_PLACEMENT_3D('',#5879,#3679,#3680);
#3157=AXIS2_PLACEMENT_3D('',#5880,#3681,#3682);
#3158=AXIS2_PLACEMENT_3D('',#5881,#3683,#3684);
#3159=AXIS2_PLACEMENT_3D('',#5915,#3685,#3686);
#3160=AXIS2_PLACEMENT_3D('',#5916,#3687,#3688);
#3161=AXIS2_PLACEMENT_3D('',#5917,#3689,#3690);
#3162=AXIS2_PLACEMENT_3D('',#5918,#3691,#3692);
#3163=AXIS2_PLACEMENT_3D('',#5919,#3693,#3694);
#3164=AXIS2_PLACEMENT_3D('',#5920,#3695,#3696);
#3165=AXIS2_PLACEMENT_3D('',#5921,#3697,#3698);
#3166=AXIS2_PLACEMENT_3D('',#5922,#3699,#3700);
#3167=AXIS2_PLACEMENT_3D('',#5923,#3701,#3702);
#3168=AXIS2_PLACEMENT_3D('',#5924,#3703,#3704);
#3169=AXIS2_PLACEMENT_3D('',#5925,#3705,#3706);
#3170=AXIS2_PLACEMENT_3D('',#5926,#3707,#3708);
#3171=AXIS2_PLACEMENT_3D('',#5927,#3709,#3710);
#3172=AXIS2_PLACEMENT_3D('',#5928,#3711,#3712);
#3173=AXIS2_PLACEMENT_3D('',#5929,#3713,#3714);
#3174=AXIS2_PLACEMENT_3D('',#5930,#3715,#3716);
#3175=AXIS2_PLACEMENT_3D('',#5931,#3717,#3718);
#3176=AXIS2_PLACEMENT_3D('',#5932,#3719,#3720);
#3177=AXIS2_PLACEMENT_3D('',#5933,#3721,#3722);
#3178=AXIS2_PLACEMENT_3D('',#5934,#3723,#3724);
#3179=AXIS2_PLACEMENT_3D('',#5935,#3725,#3726);
#3180=AXIS2_PLACEMENT_3D('',#5936,#3727,#3728);
#3181=AXIS2_PLACEMENT_3D('',#5937,#3729,#3730);
#3182=AXIS2_PLACEMENT_3D('',#5938,#3731,#3732);
#3183=AXIS2_PLACEMENT_3D('',#5939,#3733,#3734);
#3184=AXIS2_PLACEMENT_3D('',#5940,#3735,#3736);
#3185=AXIS2_PLACEMENT_3D('',#5941,#3737,#3738);
#3186=AXIS2_PLACEMENT_3D('',#5942,#3739,#3740);
#3187=AXIS2_PLACEMENT_3D('',#5943,#3741,#3742);
#3188=AXIS2_PLACEMENT_3D('',#5944,#3743,#3744);
#3189=AXIS2_PLACEMENT_3D('',#5945,#3745,#3746);
#3190=AXIS2_PLACEMENT_3D('',#5946,#3747,#3748);
#3191=AXIS2_PLACEMENT_3D('',#5947,#3749,#3750);
#3192=AXIS2_PLACEMENT_3D('',#5948,#3751,#3752);
#3193=AXIS2_PLACEMENT_3D('',#5949,#3753,#3754);
#3194=AXIS2_PLACEMENT_3D('',#5950,#3755,#3756);
#3195=AXIS2_PLACEMENT_3D('',#5951,#3757,#3758);
#3196=AXIS2_PLACEMENT_3D('',#5952,#3759,#3760);
#3197=AXIS2_PLACEMENT_3D('',#5953,#3761,#3762);
#3198=AXIS2_PLACEMENT_3D('',#5954,#3763,#3764);
#3199=AXIS2_PLACEMENT_3D('',#5955,#3765,#3766);
#3200=AXIS2_PLACEMENT_3D('',#5956,#3767,#3768);
#3201=AXIS2_PLACEMENT_3D('',#5957,#3769,#3770);
#3202=AXIS2_PLACEMENT_3D('',#6003,#3771,#3772);
#3203=AXIS2_PLACEMENT_3D('',#6008,#3773,#3774);
#3204=AXIS2_PLACEMENT_3D('',#6009,#3775,#3776);
#3205=AXIS2_PLACEMENT_3D('',#6022,#3777,#3778);
#3206=AXIS2_PLACEMENT_3D('',#6035,#3779,#3780);
#3207=AXIS2_PLACEMENT_3D('',#6048,#3781,#3782);
#3208=AXIS2_PLACEMENT_3D('',#6061,#3783,#3784);
#3209=AXIS2_PLACEMENT_3D('',#6074,#3785,#3786);
#3210=AXIS2_PLACEMENT_3D('',#6087,#3787,#3788);
#3211=AXIS2_PLACEMENT_3D('',#6088,#3789,#3790);
#3212=AXIS2_PLACEMENT_3D('',#6117,#3791,#3792);
#3213=AXIS2_PLACEMENT_3D('',#6122,#3793,#3794);
#3214=AXIS2_PLACEMENT_3D('',#6123,#3795,#3796);
#3215=AXIS2_PLACEMENT_3D('',#6139,#3797,#3798);
#3216=AXIS2_PLACEMENT_3D('',#6152,#3799,#3800);
#3217=AXIS2_PLACEMENT_3D('',#6168,#3801,#3802);
#3218=AXIS2_PLACEMENT_3D('',#6184,#3803,#3804);
#3219=AXIS2_PLACEMENT_3D('',#6197,#3805,#3806);
#3220=AXIS2_PLACEMENT_3D('',#6213,#3807,#3808);
#3221=AXIS2_PLACEMENT_3D('',#6214,#3809,#3810);
#3222=AXIS2_PLACEMENT_3D('',#6215,#3811,#3812);
#3223=AXIS2_PLACEMENT_3D('',#6240,#3813,#3814);
#3224=AXIS2_PLACEMENT_3D('',#6241,#3815,#3816);
#3225=AXIS2_PLACEMENT_3D('',#6254,#3817,#3818);
#3226=AXIS2_PLACEMENT_3D('',#6267,#3819,#3820);
#3227=AXIS2_PLACEMENT_3D('',#6280,#3821,#3822);
#3228=AXIS2_PLACEMENT_3D('',#6293,#3823,#3824);
#3229=AXIS2_PLACEMENT_3D('',#6306,#3825,#3826);
#3230=AXIS2_PLACEMENT_3D('',#6319,#3827,#3828);
#3231=AXIS2_PLACEMENT_3D('',#6344,#3829,#3830);
#3232=AXIS2_PLACEMENT_3D('',#6345,#3831,#3832);
#3233=AXIS2_PLACEMENT_3D('',#6358,#3833,#3834);
#3234=AXIS2_PLACEMENT_3D('',#6371,#3835,#3836);
#3235=AXIS2_PLACEMENT_3D('',#6384,#3837,#3838);
#3236=AXIS2_PLACEMENT_3D('',#6397,#3839,#3840);
#3237=AXIS2_PLACEMENT_3D('',#6410,#3841,#3842);
#3238=AXIS2_PLACEMENT_3D('',#6423,#3843,#3844);
#3239=AXIS2_PLACEMENT_3D('',#6448,#3845,#3846);
#3240=AXIS2_PLACEMENT_3D('',#6449,#3847,#3848);
#3241=AXIS2_PLACEMENT_3D('',#6462,#3849,#3850);
#3242=AXIS2_PLACEMENT_3D('',#6475,#3851,#3852);
#3243=AXIS2_PLACEMENT_3D('',#6488,#3853,#3854);
#3244=AXIS2_PLACEMENT_3D('',#6501,#3855,#3856);
#3245=AXIS2_PLACEMENT_3D('',#6514,#3857,#3858);
#3246=AXIS2_PLACEMENT_3D('',#6527,#3859,#3860);
#3247=AXIS2_PLACEMENT_3D('',#6555,#3861,#3862);
#3248=AXIS2_PLACEMENT_3D('',#6575,#3863,#3864);
#3249=AXIS2_PLACEMENT_3D('',#6588,#3865,#3866);
#3250=AXIS2_PLACEMENT_3D('',#6601,#3867,#3868);
#3251=AXIS2_PLACEMENT_3D('',#6614,#3869,#3870);
#3252=AXIS2_PLACEMENT_3D('',#6627,#3871,#3872);
#3253=AXIS2_PLACEMENT_3D('',#6640,#3873,#3874);
#3254=AXIS2_PLACEMENT_3D('',#6653,#3875,#3876);
#3255=AXIS2_PLACEMENT_3D('',#6666,#3877,#3878);
#3256=AXIS2_PLACEMENT_3D('',#6679,#3879,#3880);
#3257=AXIS2_PLACEMENT_3D('',#6692,#3881,#3882);
#3258=AXIS2_PLACEMENT_3D('',#6705,#3883,#3884);
#3259=AXIS2_PLACEMENT_3D('',#6718,#3885,#3886);
#3260=AXIS2_PLACEMENT_3D('',#6731,#3887,#3888);
#3261=DIRECTION('',(0.,0.,1.));
#3262=DIRECTION('',(1.,0.,0.));
#3263=DIRECTION('',(0.,0.,1.));
#3264=DIRECTION('',(1.,0.,0.));
#3265=DIRECTION('',(1.,0.,0.));
#3266=DIRECTION('',(-1.,0.,0.));
#3267=DIRECTION('',(-1.,0.,0.));
#3268=DIRECTION('',(1.,0.,0.));
#3269=DIRECTION('',(0.,0.,1.));
#3270=DIRECTION('',(1.,0.,0.));
#3271=DIRECTION('',(0.,1.,0.));
#3272=DIRECTION('',(0.,0.,1.));
#3273=DIRECTION('',(1.,0.,0.));
#3274=DIRECTION('',(-1.,-1.18613571006961E-16,0.));
#3275=DIRECTION('',(0.,0.,1.));
#3276=DIRECTION('',(1.,0.,0.));
#3277=DIRECTION('',(0.,-1.,0.));
#3278=DIRECTION('',(0.,0.,1.));
#3279=DIRECTION('',(1.,0.,0.));
#3280=DIRECTION('',(1.,0.,0.));
#3281=DIRECTION('',(0.,0.,1.));
#3282=DIRECTION('',(1.,0.,0.));
#3283=DIRECTION('',(0.,1.,0.));
#3284=DIRECTION('',(0.,0.,1.));
#3285=DIRECTION('',(1.,0.,0.));
#3286=DIRECTION('',(-1.,0.,0.));
#3287=DIRECTION('',(0.,0.,1.));
#3288=DIRECTION('',(1.,0.,0.));
#3289=DIRECTION('',(0.,-1.,0.));
#3290=DIRECTION('',(0.,0.,1.));
#3291=DIRECTION('',(1.,0.,0.));
#3292=DIRECTION('',(1.,0.,0.));
#3293=DIRECTION('',(0.,0.,1.));
#3294=DIRECTION('',(1.,0.,0.));
#3295=DIRECTION('',(0.,1.,0.));
#3296=DIRECTION('',(0.,0.,1.));
#3297=DIRECTION('',(1.,0.,0.));
#3298=DIRECTION('',(0.,0.,1.));
#3299=DIRECTION('',(1.,0.,0.));
#3300=DIRECTION('',(0.,0.,1.));
#3301=DIRECTION('',(0.,0.,1.));
#3302=DIRECTION('',(1.,0.,0.));
#3303=DIRECTION('',(0.,0.,1.));
#3304=DIRECTION('',(0.,0.,1.));
#3305=DIRECTION('',(1.,0.,0.));
#3306=DIRECTION('',(-1.,0.,0.));
#3307=DIRECTION('',(0.,0.,1.));
#3308=DIRECTION('',(0.,0.,1.));
#3309=DIRECTION('',(0.,-1.,0.));
#3310=DIRECTION('',(0.,-1.,0.));
#3311=DIRECTION('',(0.,0.,1.));
#3312=DIRECTION('',(1.,0.,0.));
#3313=DIRECTION('',(0.,0.,1.));
#3314=DIRECTION('',(0.,0.,1.));
#3315=DIRECTION('',(1.,0.,0.));
#3316=DIRECTION('',(0.,0.,1.));
#3317=DIRECTION('',(1.,0.,0.));
#3318=DIRECTION('',(0.,-1.,0.));
#3319=DIRECTION('',(0.,0.,-1.));
#3320=DIRECTION('',(0.,0.,1.));
#3321=DIRECTION('',(1.,0.,0.));
#3322=DIRECTION('',(1.,0.,0.));
#3323=DIRECTION('',(0.,0.,1.));
#3324=DIRECTION('',(1.,0.,0.));
#3325=DIRECTION('',(0.,0.,1.));
#3326=DIRECTION('',(0.,0.,1.));
#3327=DIRECTION('',(1.,0.,0.));
#3328=DIRECTION('',(0.,0.,1.));
#3329=DIRECTION('',(1.,0.,0.));
#3330=DIRECTION('',(1.,0.,0.));
#3331=DIRECTION('',(0.,0.,-1.));
#3332=DIRECTION('',(0.,0.,1.));
#3333=DIRECTION('',(0.,1.,0.));
#3334=DIRECTION('',(0.,1.,0.));
#3335=DIRECTION('',(0.,0.,1.));
#3336=DIRECTION('',(1.,0.,0.));
#3337=DIRECTION('',(0.,0.,1.));
#3338=DIRECTION('',(0.,0.,1.));
#3339=DIRECTION('',(1.,0.,0.));
#3340=DIRECTION('',(0.,0.,1.));
#3341=DIRECTION('',(1.,0.,0.));
#3342=DIRECTION('',(0.,1.,0.));
#3343=DIRECTION('',(0.,0.,1.));
#3344=DIRECTION('',(0.,0.,1.));
#3345=DIRECTION('',(-1.,0.,0.));
#3346=DIRECTION('',(-1.,0.,0.));
#3347=DIRECTION('',(0.,0.,1.));
#3348=DIRECTION('',(0.,-1.,0.));
#3349=DIRECTION('',(0.,0.,-1.));
#3350=DIRECTION('',(0.,0.,1.));
#3351=DIRECTION('',(1.,0.,0.));
#3352=DIRECTION('',(1.,0.,0.));
#3353=DIRECTION('',(0.,0.,1.));
#3354=DIRECTION('',(1.,0.,0.));
#3355=DIRECTION('',(0.,0.,1.));
#3356=DIRECTION('',(0.,0.,1.));
#3357=DIRECTION('',(1.,0.,0.));
#3358=DIRECTION('',(0.,0.,1.));
#3359=DIRECTION('',(1.,0.,0.));
#3360=DIRECTION('',(1.,0.,0.));
#3361=DIRECTION('',(0.,0.,-1.));
#3362=DIRECTION('',(0.,0.,1.));
#3363=DIRECTION('',(0.,1.,0.));
#3364=DIRECTION('',(0.,1.,0.));
#3365=DIRECTION('',(0.,0.,1.));
#3366=DIRECTION('',(1.,0.,0.));
#3367=DIRECTION('',(0.,0.,1.));
#3368=DIRECTION('',(0.,0.,1.));
#3369=DIRECTION('',(1.,0.,0.));
#3370=DIRECTION('',(0.,0.,1.));
#3371=DIRECTION('',(1.,0.,0.));
#3372=DIRECTION('',(-1.18613571006961E-16,1.,0.));
#3373=DIRECTION('',(-1.,-1.18613571006961E-16,0.));
#3374=DIRECTION('',(0.,0.,1.));
#3375=DIRECTION('',(-1.,-1.18613571006961E-16,0.));
#3376=DIRECTION('',(-1.,-1.18613571006961E-16,0.));
#3377=DIRECTION('',(0.,0.,1.));
#3378=DIRECTION('',(1.,0.,0.));
#3379=DIRECTION('',(0.,0.,1.));
#3380=DIRECTION('',(0.,0.,1.));
#3381=DIRECTION('',(1.,0.,0.));
#3382=DIRECTION('',(0.,0.,1.));
#3383=DIRECTION('',(1.,0.,0.));
#3384=DIRECTION('',(-1.,0.,0.));
#3385=DIRECTION('',(0.,0.,1.));
#3386=DIRECTION('',(0.,0.,1.));
#3387=DIRECTION('',(0.,-1.,0.));
#3388=DIRECTION('',(0.,-1.,0.));
#3389=DIRECTION('',(0.,0.,1.));
#3390=DIRECTION('',(1.,0.,0.));
#3391=DIRECTION('',(0.,0.,1.));
#3392=DIRECTION('',(0.,0.,1.));
#3393=DIRECTION('',(1.,0.,0.));
#3394=DIRECTION('',(0.,0.,1.));
#3395=DIRECTION('',(1.,0.,0.));
#3396=DIRECTION('',(0.,-1.,0.));
#3397=DIRECTION('',(0.,0.,-1.));
#3398=DIRECTION('',(0.,0.,1.));
#3399=DIRECTION('',(1.,0.,0.));
#3400=DIRECTION('',(1.,0.,0.));
#3401=DIRECTION('',(0.,0.,1.));
#3402=DIRECTION('',(1.,0.,0.));
#3403=DIRECTION('',(0.,0.,1.));
#3404=DIRECTION('',(0.,0.,1.));
#3405=DIRECTION('',(1.,0.,0.));
#3406=DIRECTION('',(0.,0.,1.));
#3407=DIRECTION('',(1.,0.,0.));
#3408=DIRECTION('',(1.,0.,0.));
#3409=DIRECTION('',(0.,0.,-1.));
#3410=DIRECTION('',(0.,0.,1.));
#3411=DIRECTION('',(0.,1.,0.));
#3412=DIRECTION('',(0.,1.,0.));
#3413=DIRECTION('',(0.,0.,1.));
#3414=DIRECTION('',(1.,0.,0.));
#3415=DIRECTION('',(0.,0.,1.));
#3416=DIRECTION('',(0.,0.,1.));
#3417=DIRECTION('',(1.,0.,0.));
#3418=DIRECTION('',(0.,0.,1.));
#3419=DIRECTION('',(1.,0.,0.));
#3420=DIRECTION('',(0.,1.,0.));
#3421=DIRECTION('',(0.,0.,1.));
#3422=DIRECTION('',(-1.,0.,0.));
#3423=DIRECTION('',(-1.,0.,0.));
#3424=DIRECTION('',(0.,0.,1.));
#3425=DIRECTION('',(1.,0.,0.));
#3426=DIRECTION('',(1.,0.,0.));
#3427=DIRECTION('',(-1.,0.,0.));
#3428=DIRECTION('',(0.,0.,1.));
#3429=DIRECTION('',(1.,0.,0.));
#3430=DIRECTION('',(0.,1.,0.));
#3431=DIRECTION('',(0.,0.,1.));
#3432=DIRECTION('',(1.,0.,0.));
#3433=DIRECTION('',(1.,0.,0.));
#3434=DIRECTION('',(0.,0.,1.));
#3435=DIRECTION('',(1.,0.,0.));
#3436=DIRECTION('',(0.,-1.,0.));
#3437=DIRECTION('',(0.,0.,1.));
#3438=DIRECTION('',(1.,0.,0.));
#3439=DIRECTION('',(-1.,0.,0.));
#3440=DIRECTION('',(0.,0.,1.));
#3441=DIRECTION('',(1.,0.,0.));
#3442=DIRECTION('',(0.,1.,0.));
#3443=DIRECTION('',(0.,0.,1.));
#3444=DIRECTION('',(1.,0.,0.));
#3445=DIRECTION('',(1.,0.,0.));
#3446=DIRECTION('',(0.,0.,1.));
#3447=DIRECTION('',(1.,0.,0.));
#3448=DIRECTION('',(0.,-1.,0.));
#3449=DIRECTION('',(0.,0.,1.));
#3450=DIRECTION('',(1.,0.,0.));
#3451=DIRECTION('',(-1.,-1.18613571006961E-16,0.));
#3452=DIRECTION('',(0.,0.,1.));
#3453=DIRECTION('',(1.,0.,0.));
#3454=DIRECTION('',(0.,1.,0.));
#3455=DIRECTION('',(0.,0.,1.));
#3456=DIRECTION('',(1.,0.,0.));
#3457=DIRECTION('',(0.,0.,1.));
#3458=DIRECTION('',(1.,0.,0.));
#3459=DIRECTION('',(0.,0.,1.));
#3460=DIRECTION('',(1.,0.,0.));
#3461=DIRECTION('',(1.,0.,0.));
#3462=DIRECTION('',(-1.,0.,0.));
#3463=DIRECTION('',(-1.,0.,0.));
#3464=DIRECTION('',(1.,0.,0.));
#3465=DIRECTION('',(0.,0.,1.));
#3466=DIRECTION('',(1.,0.,0.));
#3467=DIRECTION('',(0.,0.,1.));
#3468=DIRECTION('',(1.,0.,0.));
#3469=DIRECTION('',(0.,0.,1.));
#3470=DIRECTION('',(1.,0.,0.));
#3471=DIRECTION('',(-1.,0.,0.));
#3472=DIRECTION('',(1.,0.,0.));
#3473=DIRECTION('',(0.,0.,1.));
#3474=DIRECTION('',(1.,0.,0.));
#3475=DIRECTION('',(-0.849747325331144,0.527190177348333,6.85896882712972E-15));
#3476=DIRECTION('',(-0.527190177348333,-0.849747325331144,0.));
#3477=DIRECTION('',(1.,0.,0.));
#3478=DIRECTION('',(0.,0.,-1.));
#3479=DIRECTION('',(1.,0.,0.));
#3480=DIRECTION('',(1.,0.,0.));
#3481=DIRECTION('',(0.,0.,-1.));
#3482=DIRECTION('',(0.,1.,0.));
#3483=DIRECTION('',(0.,0.,1.));
#3484=DIRECTION('',(0.872092613831952,0.489340855539116,0.));
#3485=DIRECTION('',(-0.489340855539116,0.872092613831952,0.));
#3486=DIRECTION('',(0.856758108519706,0.515718473089472,1.45377203117789E-14));
#3487=DIRECTION('',(-0.515718473089472,0.856758108519706,0.));
#3488=DIRECTION('',(0.,1.,0.));
#3489=DIRECTION('',(0.,0.,1.));
#3490=DIRECTION('',(1.,0.,0.));
#3491=DIRECTION('',(0.,0.,-1.));
#3492=DIRECTION('',(-0.869685915236217,0.493605519458346,0.));
#3493=DIRECTION('',(-0.493605519458346,-0.869685915236217,0.));
#3494=DIRECTION('',(-1.,0.,0.));
#3495=DIRECTION('',(0.,0.,1.));
#3496=DIRECTION('',(-1.,0.,0.));
#3497=DIRECTION('',(-0.716177582376354,0.697918097273284,-1.36203177110531E-14));
#3498=DIRECTION('',(-0.697918097273284,-0.716177582376354,0.));
#3499=DIRECTION('',(1.,0.,0.));
#3500=DIRECTION('',(0.,0.,-1.));
#3501=DIRECTION('',(0.725202842945308,0.688535283470675,0.));
#3502=DIRECTION('',(-0.688535283470675,0.725202842945308,0.));
#3503=DIRECTION('',(0.,1.,0.));
#3504=DIRECTION('',(0.,0.,1.));
#3505=DIRECTION('',(0.,1.,0.));
#3506=DIRECTION('',(0.,0.,1.));
#3507=DIRECTION('',(0.720096215879328,0.69387422482484,3.00919976794748E-15));
#3508=DIRECTION('',(-0.69387422482484,0.720096215879328,0.));
#3509=DIRECTION('',(-0.715400424568355,0.698714700380218,0.));
#3510=DIRECTION('',(-0.698714700380218,-0.715400424568355,0.));
#3511=DIRECTION('',(1.,0.,0.));
#3512=DIRECTION('',(0.,0.,-1.));
#3513=DIRECTION('',(-0.743057256082747,0.669227849228332,-7.25578288021239E-15));
#3514=DIRECTION('',(-0.669227849228332,-0.743057256082747,0.));
#3515=DIRECTION('',(1.,0.,0.));
#3516=DIRECTION('',(0.,0.,-1.));
#3517=DIRECTION('',(0.762336957502694,0.647180317396578,0.));
#3518=DIRECTION('',(-0.647180317396578,0.762336957502694,0.));
#3519=DIRECTION('',(0.,1.,0.));
#3520=DIRECTION('',(0.,0.,1.));
#3521=DIRECTION('',(0.,1.,0.));
#3522=DIRECTION('',(0.,0.,1.));
#3523=DIRECTION('',(0.752431471428773,0.658670540409643,7.14132030864415E-15));
#3524=DIRECTION('',(-0.658670540409643,0.752431471428773,0.));
#3525=DIRECTION('',(-0.765750437308342,0.643137829521856,0.));
#3526=DIRECTION('',(-0.643137829521856,-0.765750437308342,0.));
#3527=DIRECTION('',(1.,0.,0.));
#3528=DIRECTION('',(0.,0.,-1.));
#3529=DIRECTION('',(-0.839790117140511,0.542911189010805,7.06350588710722E-15));
#3530=DIRECTION('',(-0.542911189010805,-0.839790117140511,0.));
#3531=DIRECTION('',(0.821503820817217,0.570203009798014,0.));
#3532=DIRECTION('',(-0.570203009798014,0.821503820817217,0.));
#3533=DIRECTION('',(-1.,0.,0.));
#3534=DIRECTION('',(0.,0.,1.));
#3535=DIRECTION('',(1.,0.,0.));
#3536=DIRECTION('',(0.,0.,-1.));
#3537=DIRECTION('',(-0.660823597277682,-0.750541253550385,1.79022460680671E-14));
#3538=DIRECTION('',(0.750541253550385,-0.660823597277682,0.));
#3539=DIRECTION('',(0.649119270696697,-0.760686645347602,0.));
#3540=DIRECTION('',(0.760686645347602,0.649119270696697,0.));
#3541=DIRECTION('',(0.,-1.,0.));
#3542=DIRECTION('',(0.,0.,-1.));
#3543=DIRECTION('',(0.,-1.,0.));
#3544=DIRECTION('',(0.,0.,-1.));
#3545=DIRECTION('',(0.665498859989879,-0.746398866124656,4.85548363315895E-15));
#3546=DIRECTION('',(0.746398866124656,0.665498859989879,0.));
#3547=DIRECTION('',(-0.647994217756408,-0.761645254534065,0.));
#3548=DIRECTION('',(0.761645254534065,-0.647994217756408,0.));
#3549=DIRECTION('',(1.,0.,0.));
#3550=DIRECTION('',(0.,0.,-1.));
#3551=DIRECTION('',(-1.,0.,0.));
#3552=DIRECTION('',(0.,0.,1.));
#3553=DIRECTION('',(0.842032375698294,0.539426990681674,1.87151332862225E-14));
#3554=DIRECTION('',(-0.539426990681675,0.842032375698294,0.));
#3555=DIRECTION('',(-0.824084630400732,0.566466699760267,0.));
#3556=DIRECTION('',(-0.566466699760267,-0.824084630400733,0.));
#3557=DIRECTION('',(-0.678803966229747,-0.734319532241084,-7.5634329054669E-15));
#3558=DIRECTION('',(0.734319532241084,-0.678803966229747,0.));
#3559=DIRECTION('',(1.,0.,0.));
#3560=DIRECTION('',(0.,0.,-1.));
#3561=DIRECTION('',(0.677111882874032,-0.735880084029173,0.));
#3562=DIRECTION('',(0.735880084029173,0.677111882874032,0.));
#3563=DIRECTION('',(0.,-1.,0.));
#3564=DIRECTION('',(0.,0.,-1.));
#3565=DIRECTION('',(0.,-1.,0.));
#3566=DIRECTION('',(0.,0.,-1.));
#3567=DIRECTION('',(0.680063128757816,-0.733153558883901,1.66926203074574E-14));
#3568=DIRECTION('',(0.733153558883901,0.680063128757816,0.));
#3569=DIRECTION('',(-0.678386419382564,-0.734705291935007,0.));
#3570=DIRECTION('',(0.734705291935007,-0.678386419382564,0.));
#3571=DIRECTION('',(1.,0.,0.));
#3572=DIRECTION('',(0.,0.,-1.));
#3573=DIRECTION('',(0.779938109117137,0.62585664967849,4.07133083547596E-15));
#3574=DIRECTION('',(-0.62585664967849,0.779938109117137,0.));
#3575=DIRECTION('',(-0.999999999999887,-4.75730176612939E-7,0.));
#3576=DIRECTION('',(4.75730176612939E-7,-0.999999999999887,0.));
#3577=DIRECTION('',(-1.,0.,0.));
#3578=DIRECTION('',(0.,0.,1.));
#3579=DIRECTION('',(-1.,0.,0.));
#3580=DIRECTION('',(-1.,0.,0.));
#3581=DIRECTION('',(0.,0.,1.));
#3582=DIRECTION('',(0.,1.,0.));
#3583=DIRECTION('',(0.,0.,1.));
#3584=DIRECTION('',(-0.780637501617742,0.624984072651463,0.));
#3585=DIRECTION('',(-0.624984072651463,-0.780637501617742,0.));
#3586=DIRECTION('',(-0.788418266441393,0.615139526564136,-1.86741971103132E-14));
#3587=DIRECTION('',(-0.615139526564136,-0.788418266441393,0.));
#3588=DIRECTION('',(0.,1.,0.));
#3589=DIRECTION('',(0.,0.,1.));
#3590=DIRECTION('',(-1.,0.,0.));
#3591=DIRECTION('',(0.,0.,1.));
#3592=DIRECTION('',(0.779002205570549,0.627021182828954,0.));
#3593=DIRECTION('',(-0.627021182828954,0.779002205570549,0.));
#3594=DIRECTION('',(1.,0.,0.));
#3595=DIRECTION('',(0.,0.,-1.));
#3596=DIRECTION('',(0.999951629416811,0.00983558979747445,0.));
#3597=DIRECTION('',(-0.00983558979747445,0.999951629416811,0.));
#3598=DIRECTION('',(1.,0.,0.));
#3599=DIRECTION('',(0.,1.,0.));
#3600=DIRECTION('',(0.,0.,1.));
#3601=DIRECTION('',(0.,1.,0.));
#3602=DIRECTION('',(0.,0.,1.));
#3603=DIRECTION('',(0.,-1.,0.));
#3604=DIRECTION('',(0.,0.,-1.));
#3605=DIRECTION('',(0.,0.,1.));
#3606=DIRECTION('',(1.,0.,0.));
#3607=DIRECTION('',(-1.,0.,0.));
#3608=DIRECTION('',(0.,0.,1.));
#3609=DIRECTION('',(0.,0.,1.));
#3610=DIRECTION('',(1.,0.,0.));
#3611=DIRECTION('',(-1.,0.,0.));
#3612=DIRECTION('',(0.,0.,1.));
#3613=DIRECTION('',(1.,0.,0.));
#3614=DIRECTION('',(0.,0.,-1.));
#3615=DIRECTION('',(-1.,0.,0.));
#3616=DIRECTION('',(0.,0.,1.));
#3617=DIRECTION('',(-1.,0.,0.));
#3618=DIRECTION('',(0.,0.,1.));
#3619=DIRECTION('',(-1.,0.,0.));
#3620=DIRECTION('',(0.,0.,1.));
#3621=DIRECTION('',(0.,0.,1.));
#3622=DIRECTION('',(1.,0.,0.));
#3623=DIRECTION('',(0.,1.,0.));
#3624=DIRECTION('',(0.,0.,1.));
#3625=DIRECTION('',(0.,0.,1.));
#3626=DIRECTION('',(1.,0.,0.));
#3627=DIRECTION('',(0.,-1.,0.));
#3628=DIRECTION('',(0.,0.,-1.));
#3629=DIRECTION('',(0.,-1.,0.));
#3630=DIRECTION('',(0.,0.,-1.));
#3631=DIRECTION('',(0.,1.,0.));
#3632=DIRECTION('',(0.,0.,1.));
#3633=DIRECTION('',(0.,-1.,0.));
#3634=DIRECTION('',(0.,0.,-1.));
#3635=DIRECTION('',(0.,-1.,0.));
#3636=DIRECTION('',(0.,0.,-1.));
#3637=DIRECTION('',(0.,0.,1.));
#3638=DIRECTION('',(1.,0.,0.));
#3639=DIRECTION('',(-1.,0.,0.));
#3640=DIRECTION('',(0.,0.,1.));
#3641=DIRECTION('',(0.,0.,1.));
#3642=DIRECTION('',(1.,0.,0.));
#3643=DIRECTION('',(-1.,0.,0.));
#3644=DIRECTION('',(0.,0.,1.));
#3645=DIRECTION('',(1.,1.18613571006961E-16,0.));
#3646=DIRECTION('',(-1.18613571006961E-16,1.,0.));
#3647=DIRECTION('',(-1.,0.,0.));
#3648=DIRECTION('',(0.,0.,1.));
#3649=DIRECTION('',(-1.,0.,0.));
#3650=DIRECTION('',(0.,0.,1.));
#3651=DIRECTION('',(-1.,0.,0.));
#3652=DIRECTION('',(0.,0.,1.));
#3653=DIRECTION('',(0.,0.,1.));
#3654=DIRECTION('',(1.,0.,0.));
#3655=DIRECTION('',(2.60208521396513E-14,1.,-2.60208521396549E-14));
#3656=DIRECTION('',(0.,2.60208521396549E-14,1.));
#3657=DIRECTION('',(0.,0.,1.));
#3658=DIRECTION('',(1.,0.,0.));
#3659=DIRECTION('',(2.60208521396513E-14,-1.,0.));
#3660=DIRECTION('',(1.,2.60208521396513E-14,0.));
#3661=DIRECTION('',(0.,-1.,0.));
#3662=DIRECTION('',(0.,0.,-1.));
#3663=DIRECTION('',(0.,1.,-2.60208521396549E-14));
#3664=DIRECTION('',(0.,2.60208521396549E-14,1.));
#3665=DIRECTION('',(0.,-1.,0.));
#3666=DIRECTION('',(0.,0.,-1.));
#3667=DIRECTION('',(0.,-1.,0.));
#3668=DIRECTION('',(0.,0.,-1.));
#3669=DIRECTION('',(0.,0.,1.));
#3670=DIRECTION('',(1.,0.,0.));
#3671=DIRECTION('',(1.,0.,0.));
#3672=DIRECTION('',(0.,0.,-1.));
#3673=DIRECTION('',(0.,0.,1.));
#3674=DIRECTION('',(1.,0.,0.));
#3675=DIRECTION('',(1.,0.,0.));
#3676=DIRECTION('',(0.,0.,-1.));
#3677=DIRECTION('',(-1.,0.,0.));
#3678=DIRECTION('',(0.,0.,1.));
#3679=DIRECTION('',(1.,0.,0.));
#3680=DIRECTION('',(0.,0.,-1.));
#3681=DIRECTION('',(1.,0.,0.));
#3682=DIRECTION('',(0.,0.,-1.));
#3683=DIRECTION('',(1.,0.,0.));
#3684=DIRECTION('',(0.,0.,-1.));
#3685=DIRECTION('',(0.,-1.,0.));
#3686=DIRECTION('',(0.,0.,-1.));
#3687=DIRECTION('',(0.,1.,0.));
#3688=DIRECTION('',(0.,0.,1.));
#3689=DIRECTION('',(0.,-1.,0.));
#3690=DIRECTION('',(0.,0.,-1.));
#3691=DIRECTION('',(0.,0.,1.));
#3692=DIRECTION('',(1.,0.,0.));
#3693=DIRECTION('',(-1.,0.,0.));
#3694=DIRECTION('',(0.,0.,1.));
#3695=DIRECTION('',(0.,0.,1.));
#3696=DIRECTION('',(1.,0.,0.));
#3697=DIRECTION('',(-1.,0.,0.));
#3698=DIRECTION('',(0.,0.,1.));
#3699=DIRECTION('',(-1.,0.,0.));
#3700=DIRECTION('',(0.,0.,1.));
#3701=DIRECTION('',(-1.,0.,0.));
#3702=DIRECTION('',(0.,0.,1.));
#3703=DIRECTION('',(1.,0.,0.));
#3704=DIRECTION('',(0.,0.,-1.));
#3705=DIRECTION('',(-1.,0.,0.));
#3706=DIRECTION('',(0.,0.,1.));
#3707=DIRECTION('',(0.,0.,1.));
#3708=DIRECTION('',(1.,0.,0.));
#3709=DIRECTION('',(0.,1.,0.));
#3710=DIRECTION('',(0.,0.,1.));
#3711=DIRECTION('',(0.,0.,1.));
#3712=DIRECTION('',(1.,0.,0.));
#3713=DIRECTION('',(0.,-1.,0.));
#3714=DIRECTION('',(0.,0.,-1.));
#3715=DIRECTION('',(0.,1.,0.));
#3716=DIRECTION('',(0.,0.,1.));
#3717=DIRECTION('',(0.,1.,0.));
#3718=DIRECTION('',(0.,0.,1.));
#3719=DIRECTION('',(0.,1.,0.));
#3720=DIRECTION('',(0.,0.,1.));
#3721=DIRECTION('',(0.,-1.,0.));
#3722=DIRECTION('',(0.,0.,-1.));
#3723=DIRECTION('',(0.,0.,1.));
#3724=DIRECTION('',(1.,0.,0.));
#3725=DIRECTION('',(-1.,0.,0.));
#3726=DIRECTION('',(0.,0.,1.));
#3727=DIRECTION('',(0.,0.,1.));
#3728=DIRECTION('',(1.,0.,0.));
#3729=DIRECTION('',(-1.,0.,0.));
#3730=DIRECTION('',(0.,0.,1.));
#3731=DIRECTION('',(-1.,-1.18613571006961E-16,0.));
#3732=DIRECTION('',(1.18613571006961E-16,-1.,0.));
#3733=DIRECTION('',(-1.,0.,0.));
#3734=DIRECTION('',(0.,0.,1.));
#3735=DIRECTION('',(1.,0.,0.));
#3736=DIRECTION('',(0.,0.,-1.));
#3737=DIRECTION('',(-1.,0.,0.));
#3738=DIRECTION('',(0.,0.,1.));
#3739=DIRECTION('',(0.,0.,1.));
#3740=DIRECTION('',(1.,0.,0.));
#3741=DIRECTION('',(0.,1.,0.));
#3742=DIRECTION('',(0.,0.,1.));
#3743=DIRECTION('',(0.,0.,1.));
#3744=DIRECTION('',(1.,0.,0.));
#3745=DIRECTION('',(2.60208521396513E-14,-1.,0.));
#3746=DIRECTION('',(1.,2.60208521396513E-14,0.));
#3747=DIRECTION('',(0.,1.,0.));
#3748=DIRECTION('',(0.,0.,1.));
#3749=DIRECTION('',(-2.60208521396513E-14,1.,0.));
#3750=DIRECTION('',(-1.,-2.60208521396513E-14,0.));
#3751=DIRECTION('',(0.,1.,0.));
#3752=DIRECTION('',(0.,0.,1.));
#3753=DIRECTION('',(0.,-1.,0.));
#3754=DIRECTION('',(0.,0.,-1.));
#3755=DIRECTION('',(0.,0.,1.));
#3756=DIRECTION('',(1.,0.,0.));
#3757=DIRECTION('',(1.,0.,0.));
#3758=DIRECTION('',(0.,0.,-1.));
#3759=DIRECTION('',(0.,0.,1.));
#3760=DIRECTION('',(1.,0.,0.));
#3761=DIRECTION('',(1.,0.,0.));
#3762=DIRECTION('',(0.,0.,-1.));
#3763=DIRECTION('',(1.,0.,0.));
#3764=DIRECTION('',(0.,0.,-1.));
#3765=DIRECTION('',(1.,0.,0.));
#3766=DIRECTION('',(0.,0.,-1.));
#3767=DIRECTION('',(-1.,0.,0.));
#3768=DIRECTION('',(0.,0.,1.));
#3769=DIRECTION('',(1.,0.,0.));
#3770=DIRECTION('',(0.,0.,-1.));
#3771=DIRECTION('',(0.849747325331159,-0.52719017734831,0.));
#3772=DIRECTION('',(0.52719017734831,0.849747325331159,0.));
#3773=DIRECTION('',(1.,0.,0.));
#3774=DIRECTION('',(0.,0.,-1.));
#3775=DIRECTION('',(-1.,0.,0.));
#3776=DIRECTION('',(0.,0.,1.));
#3777=DIRECTION('',(0.,-1.,0.));
#3778=DIRECTION('',(0.,0.,-1.));
#3779=DIRECTION('',(-0.872092613831981,-0.489340855539064,1.37941548851971E-14));
#3780=DIRECTION('',(0.489340855539064,-0.872092613831982,0.));
#3781=DIRECTION('',(-0.856758108519672,-0.515718473089528,0.));
#3782=DIRECTION('',(0.515718473089528,-0.856758108519672,0.));
#3783=DIRECTION('',(0.,-1.,0.));
#3784=DIRECTION('',(0.,0.,-1.));
#3785=DIRECTION('',(-1.,0.,0.));
#3786=DIRECTION('',(0.,0.,1.));
#3787=DIRECTION('',(0.869685915236263,-0.493605519458265,-2.99694178866626E-14));
#3788=DIRECTION('',(0.493605519458265,0.869685915236263,0.));
#3789=DIRECTION('',(-1.,0.,0.));
#3790=DIRECTION('',(0.,0.,1.));
#3791=DIRECTION('',(-0.779938109117223,-0.625856649678383,0.));
#3792=DIRECTION('',(0.625856649678383,-0.779938109117223,0.));
#3793=DIRECTION('',(-1.,0.,0.));
#3794=DIRECTION('',(0.,0.,1.));
#3795=DIRECTION('',(1.,0.,0.));
#3796=DIRECTION('',(0.,0.,-1.));
#3797=DIRECTION('',(0.,-1.,0.));
#3798=DIRECTION('',(0.,0.,-1.));
#3799=DIRECTION('',(0.780637501617748,-0.624984072651457,-1.08417454294019E-14));
#3800=DIRECTION('',(0.624984072651457,0.780637501617748,0.));
#3801=DIRECTION('',(0.7884182664414,-0.615139526564126,0.));
#3802=DIRECTION('',(0.615139526564126,0.7884182664414,0.));
#3803=DIRECTION('',(0.,-1.,0.));
#3804=DIRECTION('',(0.,0.,-1.));
#3805=DIRECTION('',(1.,0.,0.));
#3806=DIRECTION('',(0.,0.,-1.));
#3807=DIRECTION('',(-0.77900220557051,-0.627021182829002,6.79817728617709E-15));
#3808=DIRECTION('',(0.627021182829002,-0.779002205570511,0.));
#3809=DIRECTION('',(1.,0.,0.));
#3810=DIRECTION('',(0.,0.,-1.));
#3811=DIRECTION('',(0.999951634095785,0.00983511409028946,0.));
#3812=DIRECTION('',(-0.00983511409028946,0.999951634095785,0.));
#3813=DIRECTION('',(0.678803966229701,0.734319532241127,0.));
#3814=DIRECTION('',(-0.734319532241127,0.678803966229701,0.));
#3815=DIRECTION('',(-1.,0.,0.));
#3816=DIRECTION('',(0.,0.,1.));
#3817=DIRECTION('',(-0.677111882873979,0.735880084029222,6.93125920158005E-14));
#3818=DIRECTION('',(-0.735880084029222,-0.677111882873979,0.));
#3819=DIRECTION('',(0.,1.,0.));
#3820=DIRECTION('',(0.,0.,1.));
#3821=DIRECTION('',(0.,1.,0.));
#3822=DIRECTION('',(0.,0.,1.));
#3823=DIRECTION('',(-0.680063128757782,0.733153558883933,0.));
#3824=DIRECTION('',(-0.733153558883933,-0.680063128757782,0.));
#3825=DIRECTION('',(0.678386419382459,0.734705291935104,1.5806969595957E-13));
#3826=DIRECTION('',(-0.734705291935104,0.678386419382459,0.));
#3827=DIRECTION('',(-1.,0.,0.));
#3828=DIRECTION('',(0.,0.,1.));
#3829=DIRECTION('',(0.743057256082704,-0.66922784922838,0.));
#3830=DIRECTION('',(0.66922784922838,0.743057256082704,0.));
#3831=DIRECTION('',(-1.,0.,0.));
#3832=DIRECTION('',(0.,0.,1.));
#3833=DIRECTION('',(-0.762336957502735,-0.64718031739653,4.06971097544527E-14));
#3834=DIRECTION('',(0.64718031739653,-0.762336957502736,0.));
#3835=DIRECTION('',(0.,-1.,0.));
#3836=DIRECTION('',(0.,0.,-1.));
#3837=DIRECTION('',(0.,-1.,0.));
#3838=DIRECTION('',(0.,0.,-1.));
#3839=DIRECTION('',(-0.752431471428748,-0.658670540409672,0.));
#3840=DIRECTION('',(0.658670540409672,-0.752431471428748,0.));
#3841=DIRECTION('',(0.76575043730833,-0.64313782952187,-5.5783314558024E-15));
#3842=DIRECTION('',(0.64313782952187,0.76575043730833,0.));
#3843=DIRECTION('',(-1.,0.,0.));
#3844=DIRECTION('',(0.,0.,1.));
#3845=DIRECTION('',(0.716177582376369,-0.697918097273269,0.));
#3846=DIRECTION('',(0.697918097273269,0.716177582376369,0.));
#3847=DIRECTION('',(-1.,0.,0.));
#3848=DIRECTION('',(0.,0.,1.));
#3849=DIRECTION('',(-0.725202842945467,-0.688535283470507,-1.27516523926403E-13));
#3850=DIRECTION('',(0.688535283470507,-0.725202842945467,0.));
#3851=DIRECTION('',(0.,-1.,0.));
#3852=DIRECTION('',(0.,0.,-1.));
#3853=DIRECTION('',(0.,-1.,0.));
#3854=DIRECTION('',(0.,0.,-1.));
#3855=DIRECTION('',(-0.7200962158794,-0.693874224824766,0.));
#3856=DIRECTION('',(0.693874224824766,-0.7200962158794,0.));
#3857=DIRECTION('',(0.715400424568343,-0.69871470038023,2.57566318673962E-14));
#3858=DIRECTION('',(0.69871470038023,0.715400424568343,0.));
#3859=DIRECTION('',(-1.,0.,0.));
#3860=DIRECTION('',(0.,0.,1.));
#3861=DIRECTION('',(0.839790117140585,-0.542911189010692,0.));
#3862=DIRECTION('',(0.542911189010692,0.839790117140585,0.));
#3863=DIRECTION('',(-0.821503820817277,-0.570203009797928,3.95657818867683E-14));
#3864=DIRECTION('',(0.570203009797928,-0.821503820817277,0.));
#3865=DIRECTION('',(1.,0.,0.));
#3866=DIRECTION('',(0.,0.,-1.));
#3867=DIRECTION('',(-1.,0.,0.));
#3868=DIRECTION('',(0.,0.,1.));
#3869=DIRECTION('',(0.660823597277726,0.750541253550347,0.));
#3870=DIRECTION('',(-0.750541253550347,0.660823597277726,0.));
#3871=DIRECTION('',(-0.649119270696727,0.760686645347576,7.0289680283735E-14));
#3872=DIRECTION('',(-0.760686645347576,-0.649119270696727,0.));
#3873=DIRECTION('',(0.,1.,0.));
#3874=DIRECTION('',(0.,0.,1.));
#3875=DIRECTION('',(0.,1.,0.));
#3876=DIRECTION('',(0.,0.,1.));
#3877=DIRECTION('',(-0.665498859989886,0.74639886612465,0.));
#3878=DIRECTION('',(-0.74639886612465,-0.665498859989886,0.));
#3879=DIRECTION('',(0.647994217756384,0.761645254534085,0.));
#3880=DIRECTION('',(-0.761645254534085,0.647994217756384,0.));
#3881=DIRECTION('',(-1.,0.,0.));
#3882=DIRECTION('',(0.,0.,1.));
#3883=DIRECTION('',(1.,0.,0.));
#3884=DIRECTION('',(0.,0.,-1.));
#3885=DIRECTION('',(-0.842032375698318,-0.539426990681637,0.));
#3886=DIRECTION('',(0.539426990681637,-0.842032375698318,0.));
#3887=DIRECTION('',(0.824084630400751,-0.566466699760239,-3.80781944442904E-14));
#3888=DIRECTION('',(0.566466699760239,0.824084630400751,0.));
#3889=CARTESIAN_POINT('',(0.,0.,0.));
#3890=CARTESIAN_POINT('',(0.164809661874344,-0.00404205689003076,0.3054));
#3891=CARTESIAN_POINT('',(0.164809659694118,-0.00404184026897903,0.305399624782329));
#3892=CARTESIAN_POINT('',(0.164809657497551,-0.00404162202436717,0.305399250506765));
#3893=CARTESIAN_POINT('',(0.164808905345225,-0.00404206448897823,0.305399999973516));
#3894=CARTESIAN_POINT('',(0.164808903218047,-0.00404184786722653,0.305399624755945));
#3895=CARTESIAN_POINT('',(0.164808901074925,-0.00404162962191117,0.305399250480479));
#3896=CARTESIAN_POINT('',(0.164808182215921,-0.00404207155494262,0.305400000011302));
#3897=CARTESIAN_POINT('',(0.164808180100017,-0.00404185493332459,0.305399624793589));
#3898=CARTESIAN_POINT('',(0.164808177968254,-0.00404163668814146,0.305399250517982));
#3899=CARTESIAN_POINT('',(0.164807479930238,-0.00404207845614501,0.3054));
#3900=CARTESIAN_POINT('',(0.164807477799535,-0.00404186183460051,0.305399624782329));
#3901=CARTESIAN_POINT('',(0.164807475652861,-0.00404164358949219,0.305399250506765));
#3902=CARTESIAN_POINT('',(0.16480861701816,-0.00404206727167366,0.3054));
#3903=CARTESIAN_POINT('',(0.164808573073344,-0.00404206770391776,0.3054));
#3904=CARTESIAN_POINT('',(0.164808529128527,-0.00404206813616186,0.3054));
#3905=CARTESIAN_POINT('',(0.164808485183711,-0.00404206856840595,0.3054));
#3906=CARTESIAN_POINT('',(0.16480861701816,-0.00404206727167366,0.3054));
#3907=CARTESIAN_POINT('',(0.164808485255806,-0.00404207485120719,0.305399996372799));
#3908=CARTESIAN_POINT('',(0.22325,0.,0.3055));
#3909=CARTESIAN_POINT('',(0.165349880642361,0.000886018880208311,0.3055));
#3910=CARTESIAN_POINT('',(0.165094062306768,0.000886018880208311,0.3055));
#3911=CARTESIAN_POINT('',(0.164839252458361,0.000954679194286561,0.3055));
#3912=CARTESIAN_POINT('',(0.164628324498589,0.00109966875100317,0.3055));
#3913=CARTESIAN_POINT('',(0.165349880642361,0.000886018880208311,0.3055));
#3914=CARTESIAN_POINT('',(0.164628324498589,0.00109966875100316,0.3055));
#3915=CARTESIAN_POINT('',(0.164628324498589,0.00109966875100317,0.3055));
#3916=CARTESIAN_POINT('',(0.164514741654324,0.00117774434732771,0.3055));
#3917=CARTESIAN_POINT('',(0.16441378645102,0.00127273848607362,0.3055));
#3918=CARTESIAN_POINT('',(0.164328855803644,0.00138128726439286,0.3055));
#3919=CARTESIAN_POINT('',(0.164328855803643,0.00138128726439327,0.3055));
#3920=CARTESIAN_POINT('',(0.164328855803643,0.00138128726439327,0.3055));
#3921=CARTESIAN_POINT('',(0.164252846947714,0.00129533542945942,0.3055));
#3922=CARTESIAN_POINT('',(0.164165384795812,0.00122022978314788,0.3055));
#3923=CARTESIAN_POINT('',(0.164068768644664,0.00115833506131864,0.3055));
#3924=CARTESIAN_POINT('',(0.164068768644664,0.00115833506131865,0.3055));
#3925=CARTESIAN_POINT('',(0.164068768644664,0.00115833506131865,0.3055));
#3926=CARTESIAN_POINT('',(0.163875818307041,0.00103472625127925,0.3055));
#3927=CARTESIAN_POINT('',(0.163647473529883,0.000975482855902755,0.3055));
#3928=CARTESIAN_POINT('',(0.163418565538195,0.000975482855902755,0.3055));
#3929=CARTESIAN_POINT('',(0.163418565538195,0.000975482855902755,0.3055));
#3930=CARTESIAN_POINT('',(0.163418565538195,0.000975482855902755,0.3055));
#3931=CARTESIAN_POINT('',(0.163041741728019,0.000975482855902755,0.3055));
#3932=CARTESIAN_POINT('',(0.162666152803432,0.00111783221228221,0.3055));
#3933=CARTESIAN_POINT('',(0.162414766450733,0.00139977783216868,0.3055));
#3934=CARTESIAN_POINT('',(0.162414766450733,0.00139977783216867,0.3055));
#3935=CARTESIAN_POINT('',(0.162414766450734,0.00139977783216867,0.3055));
#3936=CARTESIAN_POINT('',(0.162148668989036,0.00169822288689449,0.3055));
#3937=CARTESIAN_POINT('',(0.162045388454861,0.00210520129996068,0.3055));
#3938=CARTESIAN_POINT('',(0.162045388454861,0.00250360785590275,0.3055));
#3939=CARTESIAN_POINT('',(0.162045388454861,0.00250360785590275,0.3055));
#3940=CARTESIAN_POINT('',(0.162045388454861,0.00250360785590275,0.3055));
#3941=CARTESIAN_POINT('',(0.162045388454861,0.00290070737974678,0.3055));
#3942=CARTESIAN_POINT('',(0.1621476488537,0.00330674201456945,0.3055));
#3943=CARTESIAN_POINT('',(0.162411171046165,0.0036060416725805,0.3055));
#3944=CARTESIAN_POINT('',(0.162411171046165,0.0036060416725805,0.3055));
#3945=CARTESIAN_POINT('',(0.162411171046165,0.0036060416725805,0.3055));
#3946=CARTESIAN_POINT('',(0.162661906125098,0.00389081815639084,0.3055));
#3947=CARTESIAN_POINT('',(0.163039612229511,0.00403265516493052,0.3055));
#3948=CARTESIAN_POINT('',(0.163418565538195,0.00403265516493052,0.3055));
#3949=CARTESIAN_POINT('',(0.163418565538195,0.00403265516493052,0.3055));
#3950=CARTESIAN_POINT('',(0.163418565538195,0.00403265516493052,0.3055));
#3951=CARTESIAN_POINT('',(0.163648146270453,0.00403265516493052,0.3055));
#3952=CARTESIAN_POINT('',(0.163876594193917,0.00397265931989911,0.3055));
#3953=CARTESIAN_POINT('',(0.16406946548433,0.00384797104426139,0.3055));
#3954=CARTESIAN_POINT('',(0.16406946548433,0.0038479710442614,0.3055));
#3955=CARTESIAN_POINT('',(0.16406946548433,0.0038479710442614,0.3055));
#3956=CARTESIAN_POINT('',(0.164166086074156,0.00378550734263587,0.3055));
#3957=CARTESIAN_POINT('',(0.164253553108242,0.00370993777978081,0.3055));
#3958=CARTESIAN_POINT('',(0.164329580669867,0.00362358643466926,0.3055));
#3959=CARTESIAN_POINT('',(0.164329580669867,0.00362358643466925,0.3055));
#3960=CARTESIAN_POINT('',(0.164329580669867,0.00362358643466953,0.3055));
#3961=CARTESIAN_POINT('',(0.164414748840742,0.00373266676837266,0.3055));
#3962=CARTESIAN_POINT('',(0.164515728042017,0.00382857746449687,0.3055));
#3963=CARTESIAN_POINT('',(0.164629421854637,0.00390749195339952,0.3055));
#3964=CARTESIAN_POINT('',(0.164629421854637,0.00390749195339952,0.3055));
#3965=CARTESIAN_POINT('',(0.164629421854637,0.00390749195339952,0.3055));
#3966=CARTESIAN_POINT('',(0.164839494601473,0.00405330273295634,0.3055));
#3967=CARTESIAN_POINT('',(0.165094543981464,0.00412211914062496,0.3055));
#3968=CARTESIAN_POINT('',(0.165349880642361,0.00412211914062496,0.3055));
#3969=CARTESIAN_POINT('',(0.165349880642361,0.00412211914062496,0.3055));
#3970=CARTESIAN_POINT('',(0.165349880642361,0.00412211914062496,0.3055));
#3971=CARTESIAN_POINT('',(0.165741177950786,0.00412211914062496,0.3055));
#3972=CARTESIAN_POINT('',(0.166131000892771,0.00396983715432698,0.3055));
#3973=CARTESIAN_POINT('',(0.166385590020042,0.00367149052080597,0.3055));
#3974=CARTESIAN_POINT('',(0.166385590020042,0.00367149052080597,0.3055));
#3975=CARTESIAN_POINT('',(0.166385590020042,0.00367149052080597,0.3055));
#3976=CARTESIAN_POINT('',(0.166657883653915,0.0033523964186109,0.3055));
#3977=CARTESIAN_POINT('',(0.16675810546875,0.00292471077945517,0.3055));
#3978=CARTESIAN_POINT('',(0.16675810546875,0.00250683593749998,0.3055));
#3979=CARTESIAN_POINT('',(0.16675810546875,0.00250683593749997,0.3055));
#3980=CARTESIAN_POINT('',(0.16675810546875,0.00250683593749997,0.3055));
#3981=CARTESIAN_POINT('',(0.16675810546875,0.00208776937630074,0.3055));
#3982=CARTESIAN_POINT('',(0.166656792710853,0.00165980884847678,0.3055));
#3983=CARTESIAN_POINT('',(0.166384398278338,0.00133963943769871,0.3055));
#3984=CARTESIAN_POINT('',(0.166384398278338,0.00133963943769869,0.3055));
#3985=CARTESIAN_POINT('',(0.166384398278338,0.00133963943769869,0.3055));
#3986=CARTESIAN_POINT('',(0.166130204061733,0.0010408623599076,0.3055));
#3987=CARTESIAN_POINT('',(0.165741797791771,0.000886018880208311,0.3055));
#3988=CARTESIAN_POINT('',(0.165349880642361,0.000886018880208311,0.3055));
#3989=CARTESIAN_POINT('',(0.166731358506945,-6.96343315972374E-5,0.3055));
#3990=CARTESIAN_POINT('',(0.166731358506945,-0.000242717734548718,0.3055));
#3991=CARTESIAN_POINT('',(0.16667371230484,-0.000415032309305196,0.3055));
#3992=CARTESIAN_POINT('',(0.166556093619151,-0.000542415565126529,0.3055));
#3993=CARTESIAN_POINT('',(0.166731358506945,-6.96343315972374E-5,0.3055));
#3994=CARTESIAN_POINT('',(0.166556093619151,-0.000542415565126526,0.3055));
#3995=CARTESIAN_POINT('',(0.166556093619151,-0.000542415565126526,0.3055));
#3996=CARTESIAN_POINT('',(0.166437527274119,-0.000670825153896881,0.3055));
#3997=CARTESIAN_POINT('',(0.166265052717891,-0.000739089626736124,0.3055));
#3998=CARTESIAN_POINT('',(0.166090494791667,-0.000739089626736124,0.3055));
#3999=CARTESIAN_POINT('',(0.166090494791667,-0.000739089626736124,0.3055));
#4000=CARTESIAN_POINT('',(0.166090494791667,-0.000739089626736124,0.3055));
#4001=CARTESIAN_POINT('',(0.165914685443482,-0.000739089626736124,0.3055));
#4002=CARTESIAN_POINT('',(0.165741193488385,-0.0006703866255193,0.3055));
#4003=CARTESIAN_POINT('',(0.165621517074682,-0.000541367443459904,0.3055));
#4004=CARTESIAN_POINT('',(0.165621517074682,-0.000541367443459908,0.3055));
#4005=CARTESIAN_POINT('',(0.165621517074682,-0.00054136744345991,0.3055));
#4006=CARTESIAN_POINT('',(0.165503708017545,-0.000414361396733324,0.3055));
#4007=CARTESIAN_POINT('',(0.165444097222222,-0.000242647429884762,0.3055));
#4008=CARTESIAN_POINT('',(0.165444097222222,-6.96343315973333E-5,0.3055));
#4009=CARTESIAN_POINT('',(0.165444097222222,-6.96343315972374E-5,0.3055));
#4010=CARTESIAN_POINT('',(0.165444097222222,-6.96343315972374E-5,0.3055));
#4011=CARTESIAN_POINT('',(0.165444097222222,0.000104320623309616,0.3055));
#4012=CARTESIAN_POINT('',(0.165503023752274,0.000277143069613215,0.3055));
#4013=CARTESIAN_POINT('',(0.16562128388001,0.000405075029357037,0.3055));
#4014=CARTESIAN_POINT('',(0.16562128388001,0.000405075029357042,0.3055));
#4015=CARTESIAN_POINT('',(0.16562128388001,0.000405075029357044,0.3055));
#4016=CARTESIAN_POINT('',(0.165740857214034,0.000534427595160109,0.3055));
#4017=CARTESIAN_POINT('',(0.165914553158364,0.00060351019965276,0.3055));
#4018=CARTESIAN_POINT('',(0.166090494791667,0.00060351019965276,0.3055));
#4019=CARTESIAN_POINT('',(0.166090494791667,0.00060351019965276,0.3055));
#4020=CARTESIAN_POINT('',(0.166090494791667,0.00060351019965276,0.3055));
#4021=CARTESIAN_POINT('',(0.166265317013787,0.00060351019965276,0.3055));
#4022=CARTESIAN_POINT('',(0.166437839765097,0.000534892823367976,0.3055));
#4023=CARTESIAN_POINT('',(0.16655632857757,0.00040612007622756,0.3055));
#4024=CARTESIAN_POINT('',(0.16655632857757,0.000406120076227566,0.3055));
#4025=CARTESIAN_POINT('',(0.16655632857757,0.000406120076227564,0.3055));
#4026=CARTESIAN_POINT('',(0.16667430052892,0.000277909049854882,0.3055));
#4027=CARTESIAN_POINT('',(0.166731358506945,0.000104296152730134,0.3055));
#4028=CARTESIAN_POINT('',(0.166731358506945,-6.96343315971953E-5,0.3055));
#4029=CARTESIAN_POINT('',(0.162045388454861,-0.00259998914930555,0.3055));
#4030=CARTESIAN_POINT('',(0.162045388454861,-0.00214364784112842,0.3055));
#4031=CARTESIAN_POINT('',(0.162214080847819,-0.00168271329020133,0.3055));
#4032=CARTESIAN_POINT('',(0.162571454487393,-0.00139506218909423,0.3055));
#4033=CARTESIAN_POINT('',(0.162045388454861,-0.00259998914930555,0.3055));
#4034=CARTESIAN_POINT('',(0.162571454487393,-0.00139506218909423,0.3055));
#4035=CARTESIAN_POINT('',(0.162571454487393,-0.00139506218909423,0.3055));
#4036=CARTESIAN_POINT('',(0.162966287772821,-0.00107725970807491,0.3055));
#4037=CARTESIAN_POINT('',(0.163486542286163,-0.000984136510550373,0.3055));
#4038=CARTESIAN_POINT('',(0.163990274635513,-0.000979181766130536,0.3055));
#4039=CARTESIAN_POINT('',(0.163990274635513,-0.000979172092013898,0.3055));
#4040=CARTESIAN_POINT('',(0.22325,-0.000979172092013898,0.3055));
#4041=CARTESIAN_POINT('',(0.16476513671875,-0.000979172092013898,0.3055));
#4042=CARTESIAN_POINT('',(0.16476513671875,-0.000979172092013898,0.3055));
#4043=CARTESIAN_POINT('',(0.165279550370448,-0.000979172092013898,0.3055));
#4044=CARTESIAN_POINT('',(0.16581159697062,-0.00106338228783267,0.3055));
#4045=CARTESIAN_POINT('',(0.16621951770566,-0.00138165011407283,0.3055));
#4046=CARTESIAN_POINT('',(0.16621951770566,-0.00138165011407284,0.3055));
#4047=CARTESIAN_POINT('',(0.16621951770566,-0.00138165011407284,0.3055));
#4048=CARTESIAN_POINT('',(0.166584352230403,-0.00166630122678466,0.3055));
#4049=CARTESIAN_POINT('',(0.16675810546875,-0.00213217445061752,0.3055));
#4050=CARTESIAN_POINT('',(0.16675810546875,-0.00259399414062501,0.3055));
#4051=CARTESIAN_POINT('',(0.16675810546875,-0.002593994140625,0.3055));
#4052=CARTESIAN_POINT('',(0.16675810546875,-0.002593994140625,0.3055));
#4053=CARTESIAN_POINT('',(0.16675810546875,-0.00305083112257078,0.3055));
#4054=CARTESIAN_POINT('',(0.166588605027526,-0.00351214847308056,0.3055));
#4055=CARTESIAN_POINT('',(0.166230423066047,-0.00379956943605953,0.3055));
#4056=CARTESIAN_POINT('',(0.166230423066047,-0.00379956943605953,0.3055));
#4057=CARTESIAN_POINT('',(0.166230423066047,-0.00379956943605954,0.3055));
#4058=CARTESIAN_POINT('',(0.165834354296359,-0.00411739244065623,0.3055));
#4059=CARTESIAN_POINT('',(0.165313186397304,-0.00421031775336681,0.3055));
#4060=CARTESIAN_POINT('',(0.164808485338206,-0.00421528202607925,0.3055));
#4061=CARTESIAN_POINT('',(0.164808485338206,-0.00421528202607924,0.3055));
#4062=CARTESIAN_POINT('',(0.22325,-0.00421527235243055,0.3055));
#4063=CARTESIAN_POINT('',(0.164035590277778,-0.00421527235243055,0.3055));
#4064=CARTESIAN_POINT('',(0.164035590277778,-0.00421527235243055,0.3055));
#4065=CARTESIAN_POINT('',(0.163518400434413,-0.00421527235243055,0.3055));
#4066=CARTESIAN_POINT('',(0.162982365317692,-0.00413195581946713,0.3055));
#4067=CARTESIAN_POINT('',(0.162576012300053,-0.003806626632268,0.3055));
#4068=CARTESIAN_POINT('',(0.162576012300053,-0.00380662663226799,0.3055));
#4069=CARTESIAN_POINT('',(0.162576012300053,-0.00380662663226799,0.3055));
#4070=CARTESIAN_POINT('',(0.162217499907749,-0.00351959899834892,0.3055));
#4071=CARTESIAN_POINT('',(0.162045388454861,-0.00305843694788494,0.3055));
#4072=CARTESIAN_POINT('',(0.162045388454861,-0.00259998914930555,0.3055));
#4073=CARTESIAN_POINT('',(0.15675,0.0077,0.3055));
#4074=CARTESIAN_POINT('',(0.135,0.0077,0.3055));
#4075=CARTESIAN_POINT('',(0.15675,0.0077,0.3055));
#4076=CARTESIAN_POINT('',(0.15675,0.0077,0.3055));
#4077=CARTESIAN_POINT('',(0.157615123832596,0.0077,0.3055));
#4078=CARTESIAN_POINT('',(0.159275183428322,0.0070272171421179,0.3055));
#4079=CARTESIAN_POINT('',(0.160885206819616,0.00496238488252094,0.3055));
#4080=CARTESIAN_POINT('',(0.161764201278174,0.0025420380283976,0.3055));
#4081=CARTESIAN_POINT('',(0.162042811507986,5.92194811615191E-6,0.3055));
#4082=CARTESIAN_POINT('',(0.161764549137053,-0.00254363150196929,0.3055));
#4083=CARTESIAN_POINT('',(0.160885767573913,-0.00495948453148909,0.3055));
#4084=CARTESIAN_POINT('',(0.159279647059391,-0.00702454251619476,0.3055));
#4085=CARTESIAN_POINT('',(0.157615096274551,-0.0077,0.3055));
#4086=CARTESIAN_POINT('',(0.15675,-0.0077,0.3055));
#4087=CARTESIAN_POINT('',(0.15675,-0.0077,0.3055));
#4088=CARTESIAN_POINT('',(0.135,-0.0077,0.3055));
#4089=CARTESIAN_POINT('',(0.135,-0.0077,0.3055));
#4090=CARTESIAN_POINT('',(0.135,-0.0095,0.3055));
#4091=CARTESIAN_POINT('',(0.1332,-0.0095,0.3055));
#4092=CARTESIAN_POINT('',(0.1332,-0.0105,0.3055));
#4093=CARTESIAN_POINT('',(0.1332,-0.0105,0.3055));
#4094=CARTESIAN_POINT('',(0.135,-0.0105,0.3055));
#4095=CARTESIAN_POINT('',(0.135,-0.0123,0.3055));
#4096=CARTESIAN_POINT('',(0.16425,-0.0123,0.3055));
#4097=CARTESIAN_POINT('',(0.16425,-0.0123,0.3055));
#4098=CARTESIAN_POINT('',(0.16425,-0.0135,0.3055));
#4099=CARTESIAN_POINT('',(0.16545,-0.0135,0.3055));
#4100=CARTESIAN_POINT('',(0.16545,0.,0.3055));
#4101=CARTESIAN_POINT('',(0.16545,-0.0145,0.3055));
#4102=CARTESIAN_POINT('',(0.16575,-0.0145,0.3055));
#4103=CARTESIAN_POINT('',(0.16575,-0.0148,0.3055));
#4104=CARTESIAN_POINT('',(0.22325,-0.0148,0.3055));
#4105=CARTESIAN_POINT('',(0.166,-0.0148,0.3055));
#4106=CARTESIAN_POINT('',(0.166,-0.014,0.3055));
#4107=CARTESIAN_POINT('',(0.1668,-0.014,0.3055));
#4108=CARTESIAN_POINT('',(0.1668,0.,0.3055));
#4109=CARTESIAN_POINT('',(0.1668,0.014,0.3055));
#4110=CARTESIAN_POINT('',(0.166,0.014,0.3055));
#4111=CARTESIAN_POINT('',(0.166,0.0148,0.3055));
#4112=CARTESIAN_POINT('',(0.22325,0.0148,0.3055));
#4113=CARTESIAN_POINT('',(0.16575,0.0148,0.3055));
#4114=CARTESIAN_POINT('',(0.16575,0.0145,0.3055));
#4115=CARTESIAN_POINT('',(0.16545,0.0145,0.3055));
#4116=CARTESIAN_POINT('',(0.16545,0.,0.3055));
#4117=CARTESIAN_POINT('',(0.16545,0.0135,0.3055));
#4118=CARTESIAN_POINT('',(0.16425,0.0135,0.3055));
#4119=CARTESIAN_POINT('',(0.16425,0.0123,0.3055));
#4120=CARTESIAN_POINT('',(0.135,0.0123,0.3055));
#4121=CARTESIAN_POINT('',(0.135,0.0123,0.3055));
#4122=CARTESIAN_POINT('',(0.135,0.0105,0.3055));
#4123=CARTESIAN_POINT('',(0.1332,0.0105,0.3055));
#4124=CARTESIAN_POINT('',(0.1332,0.0095,0.3055));
#4125=CARTESIAN_POINT('',(0.1332,0.0095,0.3055));
#4126=CARTESIAN_POINT('',(0.135,0.0095,0.3055));
#4127=CARTESIAN_POINT('',(0.16575,0.0145,0.3047));
#4128=CARTESIAN_POINT('',(0.16525,0.0145,0.3047));
#4129=CARTESIAN_POINT('',(0.16525,0.0145,0.3049));
#4130=CARTESIAN_POINT('',(0.16525,0.0145,0.3053));
#4131=CARTESIAN_POINT('',(0.16575,0.0145,0.3053));
#4132=CARTESIAN_POINT('',(0.16575,0.015,0.3053));
#4133=CARTESIAN_POINT('',(0.16575,0.015,0.3047));
#4134=CARTESIAN_POINT('',(0.16575,0.015,0.3049));
#4135=CARTESIAN_POINT('',(0.16575,0.0145,0.3049));
#4136=CARTESIAN_POINT('',(0.16525,0.014,0.3047));
#4137=CARTESIAN_POINT('',(0.16525,0.0135,0.3047));
#4138=CARTESIAN_POINT('',(0.16525,0.0135,0.3049));
#4139=CARTESIAN_POINT('',(0.16525,0.0135,0.3053));
#4140=CARTESIAN_POINT('',(0.16525,0.014,0.3053));
#4141=CARTESIAN_POINT('',(0.16525,0.0135,0.3049));
#4142=CARTESIAN_POINT('',(0.16425,0.0135,0.3047));
#4143=CARTESIAN_POINT('',(0.16425,0.0125,0.3047));
#4144=CARTESIAN_POINT('',(0.16425,0.0125,0.3049));
#4145=CARTESIAN_POINT('',(0.16425,0.0125,0.3053));
#4146=CARTESIAN_POINT('',(0.16425,0.0135,0.3053));
#4147=CARTESIAN_POINT('',(0.16425,0.0135,0.3049));
#4148=CARTESIAN_POINT('',(0.149625,0.0125,0.3047));
#4149=CARTESIAN_POINT('',(0.135,0.0125,0.3047));
#4150=CARTESIAN_POINT('',(0.135,0.0125,0.3049));
#4151=CARTESIAN_POINT('',(0.135,0.0125,0.3053));
#4152=CARTESIAN_POINT('',(0.16425,0.0125,0.3053));
#4153=CARTESIAN_POINT('',(0.149625,0.0125,0.3049));
#4154=CARTESIAN_POINT('',(0.135,0.0105,0.3047));
#4155=CARTESIAN_POINT('',(0.133,0.0105,0.3047));
#4156=CARTESIAN_POINT('',(0.133,0.0105,0.3049));
#4157=CARTESIAN_POINT('',(0.133,0.0105,0.3053));
#4158=CARTESIAN_POINT('',(0.135,0.0105,0.3053));
#4159=CARTESIAN_POINT('',(0.135,0.0105,0.3049));
#4160=CARTESIAN_POINT('',(0.133,0.01,0.3047));
#4161=CARTESIAN_POINT('',(0.133,0.0095,0.3047));
#4162=CARTESIAN_POINT('',(0.133,0.0095,0.3049));
#4163=CARTESIAN_POINT('',(0.133,0.0095,0.3053));
#4164=CARTESIAN_POINT('',(0.133,0.0105,0.3053));
#4165=CARTESIAN_POINT('',(0.133,0.01,0.3049));
#4166=CARTESIAN_POINT('',(0.135,0.0095,0.3047));
#4167=CARTESIAN_POINT('',(0.135,0.0075,0.3047));
#4168=CARTESIAN_POINT('',(0.135,0.0075,0.3049));
#4169=CARTESIAN_POINT('',(0.135,0.0075,0.3053));
#4170=CARTESIAN_POINT('',(0.135,0.0095,0.3053));
#4171=CARTESIAN_POINT('',(0.135,0.0095,0.3049));
#4172=CARTESIAN_POINT('',(0.145875,0.0075,0.3047));
#4173=CARTESIAN_POINT('',(0.15675,0.0075,0.3047));
#4174=CARTESIAN_POINT('',(0.15675,0.0075,0.3049));
#4175=CARTESIAN_POINT('',(0.15675,0.0075,0.3053));
#4176=CARTESIAN_POINT('',(0.135,0.0075,0.3053));
#4177=CARTESIAN_POINT('',(0.145875,0.0075,0.3049));
#4178=CARTESIAN_POINT('',(0.15675,-0.00749999999999999,0.3049));
#4179=CARTESIAN_POINT('',(0.15675,-0.00749999999999999,0.3053));
#4180=CARTESIAN_POINT('',(0.158058996938996,-0.00749999999999999,0.3049));
#4181=CARTESIAN_POINT('',(0.158058996938996,-0.00749999999999999,0.3053));
#4182=CARTESIAN_POINT('',(0.160666569342368,-0.00587708718668417,0.3049));
#4183=CARTESIAN_POINT('',(0.160666569342368,-0.00587708718668417,0.3053));
#4184=CARTESIAN_POINT('',(0.162291715328816,4.1333122821832E-17,0.3049));
#4185=CARTESIAN_POINT('',(0.162291715328816,4.1333122821832E-17,0.3053));
#4186=CARTESIAN_POINT('',(0.160666569342368,0.00587708718668416,0.3049));
#4187=CARTESIAN_POINT('',(0.160666569342368,0.00587708718668416,0.3053));
#4188=CARTESIAN_POINT('',(0.158058996938996,0.00750000000000002,0.3049));
#4189=CARTESIAN_POINT('',(0.158058996938996,0.00750000000000002,0.3053));
#4190=CARTESIAN_POINT('',(0.15675,0.00750000000000001,0.3049));
#4191=CARTESIAN_POINT('',(0.15675,0.00750000000000001,0.3053));
#4192=CARTESIAN_POINT('',(0.15675,-0.0075,0.3047));
#4193=CARTESIAN_POINT('',(0.15675,-0.0075,0.3049));
#4194=CARTESIAN_POINT('',(0.15675,-0.0075,0.3053));
#4195=CARTESIAN_POINT('',(0.15675,-0.0075,0.3053));
#4196=CARTESIAN_POINT('',(0.157588483755508,-0.0075,0.3053));
#4197=CARTESIAN_POINT('',(0.159196123786025,-0.00682695939569066,0.3053));
#4198=CARTESIAN_POINT('',(0.160731372573625,-0.00481158029483584,0.3053));
#4199=CARTESIAN_POINT('',(0.161572114581775,-0.00246817417352551,0.3053));
#4200=CARTESIAN_POINT('',(0.161838567693941,2.56164028718824E-6,0.3053));
#4201=CARTESIAN_POINT('',(0.16157361462507,0.0024594599559184,0.3053));
#4202=CARTESIAN_POINT('',(0.160732793182272,0.00480902360924682,0.3053));
#4203=CARTESIAN_POINT('',(0.159201121929441,0.00682361446284874,0.3053));
#4204=CARTESIAN_POINT('',(0.157588100381833,0.0075,0.3053));
#4205=CARTESIAN_POINT('',(0.15675,0.0075,0.3053));
#4206=CARTESIAN_POINT('',(0.15675,0.0075,0.3049));
#4207=CARTESIAN_POINT('',(0.157588483755508,0.0075,0.3049));
#4208=CARTESIAN_POINT('',(0.159196123786025,0.00682695939569068,0.3049));
#4209=CARTESIAN_POINT('',(0.160731372573625,0.00481158029483587,0.3049));
#4210=CARTESIAN_POINT('',(0.161572114581775,0.00246817417352552,0.3049));
#4211=CARTESIAN_POINT('',(0.161838567693941,-2.56164028717115E-6,0.3049));
#4212=CARTESIAN_POINT('',(0.16157361462507,-0.00245945995591836,0.3049));
#4213=CARTESIAN_POINT('',(0.160732793182272,-0.00480902360924681,0.3049));
#4214=CARTESIAN_POINT('',(0.159201121929441,-0.0068236144628487,0.3049));
#4215=CARTESIAN_POINT('',(0.157588100381833,-0.0075,0.3049));
#4216=CARTESIAN_POINT('',(0.15675,-0.0075,0.3049));
#4217=CARTESIAN_POINT('',(0.145875,-0.0075,0.3047));
#4218=CARTESIAN_POINT('',(0.135,-0.0075,0.3047));
#4219=CARTESIAN_POINT('',(0.135,-0.0075,0.3049));
#4220=CARTESIAN_POINT('',(0.135,-0.0075,0.3053));
#4221=CARTESIAN_POINT('',(0.15675,-0.0075,0.3053));
#4222=CARTESIAN_POINT('',(0.145875,-0.0075,0.3049));
#4223=CARTESIAN_POINT('',(0.135,-0.0095,0.3047));
#4224=CARTESIAN_POINT('',(0.133,-0.0095,0.3047));
#4225=CARTESIAN_POINT('',(0.133,-0.0095,0.3049));
#4226=CARTESIAN_POINT('',(0.133,-0.0095,0.3053));
#4227=CARTESIAN_POINT('',(0.135,-0.0095,0.3053));
#4228=CARTESIAN_POINT('',(0.135,-0.0095,0.3049));
#4229=CARTESIAN_POINT('',(0.133,-0.01,0.3047));
#4230=CARTESIAN_POINT('',(0.133,-0.0105,0.3047));
#4231=CARTESIAN_POINT('',(0.133,-0.0105,0.3049));
#4232=CARTESIAN_POINT('',(0.133,-0.0105,0.3053));
#4233=CARTESIAN_POINT('',(0.133,-0.0095,0.3053));
#4234=CARTESIAN_POINT('',(0.133,-0.01,0.3049));
#4235=CARTESIAN_POINT('',(0.135,-0.0105,0.3047));
#4236=CARTESIAN_POINT('',(0.135,-0.0125,0.3047));
#4237=CARTESIAN_POINT('',(0.135,-0.0125,0.3049));
#4238=CARTESIAN_POINT('',(0.135,-0.0125,0.3053));
#4239=CARTESIAN_POINT('',(0.135,-0.0105,0.3053));
#4240=CARTESIAN_POINT('',(0.135,-0.0105,0.3049));
#4241=CARTESIAN_POINT('',(0.149625,-0.0125,0.3047));
#4242=CARTESIAN_POINT('',(0.16425,-0.0125,0.3047));
#4243=CARTESIAN_POINT('',(0.16425,-0.0125,0.3049));
#4244=CARTESIAN_POINT('',(0.16425,-0.0125,0.3053));
#4245=CARTESIAN_POINT('',(0.135,-0.0125,0.3053));
#4246=CARTESIAN_POINT('',(0.149625,-0.0125,0.3049));
#4247=CARTESIAN_POINT('',(0.16425,-0.0135,0.3047));
#4248=CARTESIAN_POINT('',(0.16525,-0.0135,0.3047));
#4249=CARTESIAN_POINT('',(0.16525,-0.0135,0.3049));
#4250=CARTESIAN_POINT('',(0.16525,-0.0135,0.3053));
#4251=CARTESIAN_POINT('',(0.16425,-0.0135,0.3053));
#4252=CARTESIAN_POINT('',(0.16425,-0.0135,0.3049));
#4253=CARTESIAN_POINT('',(0.16525,-0.014,0.3047));
#4254=CARTESIAN_POINT('',(0.16525,-0.0145,0.3047));
#4255=CARTESIAN_POINT('',(0.16525,-0.0145,0.3049));
#4256=CARTESIAN_POINT('',(0.16525,-0.0145,0.3053));
#4257=CARTESIAN_POINT('',(0.16525,-0.014,0.3053));
#4258=CARTESIAN_POINT('',(0.16525,-0.0145,0.3049));
#4259=CARTESIAN_POINT('',(0.16575,-0.0145,0.3047));
#4260=CARTESIAN_POINT('',(0.16575,-0.015,0.3047));
#4261=CARTESIAN_POINT('',(0.16575,-0.015,0.3049));
#4262=CARTESIAN_POINT('',(0.16575,-0.015,0.3053));
#4263=CARTESIAN_POINT('',(0.16575,-0.0145,0.3053));
#4264=CARTESIAN_POINT('',(0.16575,-0.0145,0.3049));
#4265=CARTESIAN_POINT('',(0.165875,-0.015,0.3047));
#4266=CARTESIAN_POINT('',(0.166,-0.015,0.3047));
#4267=CARTESIAN_POINT('',(0.166,-0.015,0.3049));
#4268=CARTESIAN_POINT('',(0.166,-0.015,0.3053));
#4269=CARTESIAN_POINT('',(0.165875,-0.015,0.3053));
#4270=CARTESIAN_POINT('',(0.166,-0.015,0.3049));
#4271=CARTESIAN_POINT('',(0.166,-0.014,0.3047));
#4272=CARTESIAN_POINT('',(0.167,-0.014,0.3047));
#4273=CARTESIAN_POINT('',(0.167,-0.014,0.3049));
#4274=CARTESIAN_POINT('',(0.167,-0.014,0.3053));
#4275=CARTESIAN_POINT('',(0.166,-0.014,0.3053));
#4276=CARTESIAN_POINT('',(0.166,-0.014,0.3049));
#4277=CARTESIAN_POINT('',(0.167,5.20417042793042E-18,0.3047));
#4278=CARTESIAN_POINT('',(0.167,0.014,0.3047));
#4279=CARTESIAN_POINT('',(0.167,0.014,0.3049));
#4280=CARTESIAN_POINT('',(0.167,0.014,0.3053));
#4281=CARTESIAN_POINT('',(0.167,5.20417042793042E-18,0.3053));
#4282=CARTESIAN_POINT('',(0.167,0.014,0.3049));
#4283=CARTESIAN_POINT('',(0.166,0.014,0.3047));
#4284=CARTESIAN_POINT('',(0.166,0.015,0.3047));
#4285=CARTESIAN_POINT('',(0.166,0.015,0.3049));
#4286=CARTESIAN_POINT('',(0.166,0.015,0.3053));
#4287=CARTESIAN_POINT('',(0.166,0.014,0.3053));
#4288=CARTESIAN_POINT('',(0.166,0.014,0.3049));
#4289=CARTESIAN_POINT('',(0.165875,0.015,0.3047));
#4290=CARTESIAN_POINT('',(0.165875,0.015,0.3053));
#4291=CARTESIAN_POINT('',(0.16575,0.015,0.3049));
#4292=CARTESIAN_POINT('',(0.22325,0.,0.3047));
#4293=CARTESIAN_POINT('',(0.22325,-0.0077,0.3047));
#4294=CARTESIAN_POINT('',(0.135,-0.0077,0.3047));
#4295=CARTESIAN_POINT('',(0.15675,-0.0077,0.3047));
#4296=CARTESIAN_POINT('',(0.15675,-0.0077,0.3047));
#4297=CARTESIAN_POINT('',(0.157615123832596,-0.0077,0.3047));
#4298=CARTESIAN_POINT('',(0.159275183428323,-0.00702721714211786,0.3047));
#4299=CARTESIAN_POINT('',(0.160885206819616,-0.00496238488252092,0.3047));
#4300=CARTESIAN_POINT('',(0.161764201278174,-0.00254203802839757,0.3047));
#4301=CARTESIAN_POINT('',(0.162042811507986,-5.92194811611557E-6,0.3047));
#4302=CARTESIAN_POINT('',(0.161764549137053,0.0025436315019693,0.3047));
#4303=CARTESIAN_POINT('',(0.160885767573913,0.00495948453148914,0.3047));
#4304=CARTESIAN_POINT('',(0.159279647059391,0.00702454251619478,0.3047));
#4305=CARTESIAN_POINT('',(0.157615096274551,0.0077,0.3047));
#4306=CARTESIAN_POINT('',(0.15675,0.0077,0.3047));
#4307=CARTESIAN_POINT('',(0.15675,0.0077,0.3047));
#4308=CARTESIAN_POINT('',(0.22325,0.0077,0.3047));
#4309=CARTESIAN_POINT('',(0.135,0.0077,0.3047));
#4310=CARTESIAN_POINT('',(0.135,0.0095,0.3047));
#4311=CARTESIAN_POINT('',(0.1332,0.0095,0.3047));
#4312=CARTESIAN_POINT('',(0.1332,0.,0.3047));
#4313=CARTESIAN_POINT('',(0.1332,0.0105,0.3047));
#4314=CARTESIAN_POINT('',(0.135,0.0105,0.3047));
#4315=CARTESIAN_POINT('',(0.135,0.0123,0.3047));
#4316=CARTESIAN_POINT('',(0.22325,0.0123,0.3047));
#4317=CARTESIAN_POINT('',(0.16425,0.0123,0.3047));
#4318=CARTESIAN_POINT('',(0.16425,0.0135,0.3047));
#4319=CARTESIAN_POINT('',(0.16545,0.0135,0.3047));
#4320=CARTESIAN_POINT('',(0.16545,0.0145,0.3047));
#4321=CARTESIAN_POINT('',(0.16545,0.0145,0.3047));
#4322=CARTESIAN_POINT('',(0.16575,0.0145,0.3047));
#4323=CARTESIAN_POINT('',(0.16575,0.0148,0.3047));
#4324=CARTESIAN_POINT('',(0.166,0.0148,0.3047));
#4325=CARTESIAN_POINT('',(0.166,0.0148,0.3047));
#4326=CARTESIAN_POINT('',(0.166,0.014,0.3047));
#4327=CARTESIAN_POINT('',(0.1668,0.014,0.3047));
#4328=CARTESIAN_POINT('',(0.1668,-0.014,0.3047));
#4329=CARTESIAN_POINT('',(0.1668,-0.014,0.3047));
#4330=CARTESIAN_POINT('',(0.166,-0.014,0.3047));
#4331=CARTESIAN_POINT('',(0.166,-0.0148,0.3047));
#4332=CARTESIAN_POINT('',(0.16575,-0.0148,0.3047));
#4333=CARTESIAN_POINT('',(0.16575,-0.0148,0.3047));
#4334=CARTESIAN_POINT('',(0.16575,-0.0145,0.3047));
#4335=CARTESIAN_POINT('',(0.16545,-0.0145,0.3047));
#4336=CARTESIAN_POINT('',(0.16545,-0.0135,0.3047));
#4337=CARTESIAN_POINT('',(0.16545,-0.0135,0.3047));
#4338=CARTESIAN_POINT('',(0.16425,-0.0135,0.3047));
#4339=CARTESIAN_POINT('',(0.16425,-0.0123,0.3047));
#4340=CARTESIAN_POINT('',(0.22325,-0.0123,0.3047));
#4341=CARTESIAN_POINT('',(0.135,-0.0123,0.3047));
#4342=CARTESIAN_POINT('',(0.135,-0.0105,0.3047));
#4343=CARTESIAN_POINT('',(0.1332,-0.0105,0.3047));
#4344=CARTESIAN_POINT('',(0.1332,0.,0.3047));
#4345=CARTESIAN_POINT('',(0.1332,-0.0095,0.3047));
#4346=CARTESIAN_POINT('',(0.135,-0.0095,0.3047));
#4347=CARTESIAN_POINT('',(0.274779052734375,0.,0.3053));
#4348=CARTESIAN_POINT('',(0.165875488917429,-0.000305786665187358,0.3053));
#4349=CARTESIAN_POINT('',(0.165930157608207,-0.000364723171974271,0.3053));
#4350=CARTESIAN_POINT('',(0.166010194131729,-0.000392679465219855,0.3053));
#4351=CARTESIAN_POINT('',(0.166090494791667,-0.000392679465219971,0.3053));
#4352=CARTESIAN_POINT('',(0.165875488917429,-0.000305786665187358,0.3053));
#4353=CARTESIAN_POINT('',(0.166090494791667,-0.000392679465222336,0.3053));
#4354=CARTESIAN_POINT('',(0.166090494791667,-0.000392679465222335,0.3053));
#4355=CARTESIAN_POINT('',(0.166169240111411,-0.000392679465222335,0.3053));
#4356=CARTESIAN_POINT('',(0.166247965873371,-0.000365485319073118,0.3053));
#4357=CARTESIAN_POINT('',(0.166301584240305,-0.000307415616016909,0.3053));
#4358=CARTESIAN_POINT('',(0.166301584240306,-0.000307415616019465,0.3053));
#4359=CARTESIAN_POINT('',(0.166301584240306,-0.000307415616019465,0.3053));
#4360=CARTESIAN_POINT('',(0.166360507876276,-0.000243600206497398,0.3053));
#4361=CARTESIAN_POINT('',(0.16638494834543,-0.000156267009972285,0.3053));
#4362=CARTESIAN_POINT('',(0.16638494834543,-6.96343315972167E-5,0.3053));
#4363=CARTESIAN_POINT('',(0.16638494834543,-6.96343315972374E-5,0.3053));
#4364=CARTESIAN_POINT('',(0.16638494834543,-6.96343315972374E-5,0.3053));
#4365=CARTESIAN_POINT('',(0.16638494834543,1.79260781352416E-5,0.3053));
#4366=CARTESIAN_POINT('',(0.166360987784038,0.000106815386586051,0.3053));
#4367=CARTESIAN_POINT('',(0.166301412238806,0.000171561639517876,0.3053));
#4368=CARTESIAN_POINT('',(0.166301412238807,0.000171561639518289,0.3053));
#4369=CARTESIAN_POINT('',(0.166301412238807,0.000171561639518289,0.3053));
#4370=CARTESIAN_POINT('',(0.166247971497539,0.000229640633801719,0.3053));
#4371=CARTESIAN_POINT('',(0.166169332701685,0.000257100038136345,0.3053));
#4372=CARTESIAN_POINT('',(0.166090494791667,0.000257100038136345,0.3053));
#4373=CARTESIAN_POINT('',(0.166090494791667,0.000257100038138972,0.3053));
#4374=CARTESIAN_POINT('',(0.166090494791667,0.000257100038138972,0.3053));
#4375=CARTESIAN_POINT('',(0.166010298227458,0.000257100038138972,0.3053));
#4376=CARTESIAN_POINT('',(0.165930289504524,0.000229028185482592,0.3053));
#4377=CARTESIAN_POINT('',(0.165875659627779,0.000169930437776545,0.3053));
#4378=CARTESIAN_POINT('',(0.165875659627777,0.000169930437779212,0.3053));
#4379=CARTESIAN_POINT('',(0.165875659627777,0.000169930437779212,0.3053));
#4380=CARTESIAN_POINT('',(0.165816180813206,0.000105587184842821,0.3053));
#4381=CARTESIAN_POINT('',(0.165790507383736,1.77987490347734E-5,0.3053));
#4382=CARTESIAN_POINT('',(0.165790507383736,-6.963433159726E-5,0.3053));
#4383=CARTESIAN_POINT('',(0.165790507383736,-6.96343315972374E-5,0.3053));
#4384=CARTESIAN_POINT('',(0.165790507383736,-6.96343315972374E-5,0.3053));
#4385=CARTESIAN_POINT('',(0.165790507383736,-0.000156005777849595,0.3053));
#4386=CARTESIAN_POINT('',(0.165816539980407,-0.000242235766539276,0.3053));
#4387=CARTESIAN_POINT('',(0.165875488917429,-0.000305786665187359,0.3053));
#4388=CARTESIAN_POINT('',(0.274779052734375,0.,0.3053));
#4389=CARTESIAN_POINT('',(0.16491455078125,-0.00186560698258344,0.3053));
#4390=CARTESIAN_POINT('',(0.163917534722223,-0.00186560698258344,0.3053));
#4391=CARTESIAN_POINT('',(0.164915371746996,-0.00186560698258344,0.3053));
#4392=CARTESIAN_POINT('',(0.164915371746996,-0.00186560698258344,0.3053));
#4393=CARTESIAN_POINT('',(0.165191837476793,-0.00186870753282415,0.3053));
#4394=CARTESIAN_POINT('',(0.165476638761685,-0.00188816769758749,0.3053));
#4395=CARTESIAN_POINT('',(0.165719133013133,-0.00202579957003121,0.3053));
#4396=CARTESIAN_POINT('',(0.165719133013133,-0.0020257995700312,0.3053));
#4397=CARTESIAN_POINT('',(0.165719133013133,-0.0020257995700312,0.3053));
#4398=CARTESIAN_POINT('',(0.165918507812535,-0.00213895823996183,0.3053));
#4399=CARTESIAN_POINT('',(0.166032152349017,-0.00236491221973461,0.3053));
#4400=CARTESIAN_POINT('',(0.166032152349018,-0.00259399414062468,0.3053));
#4401=CARTESIAN_POINT('',(0.166032152349014,-0.002593994140625,0.3053));
#4402=CARTESIAN_POINT('',(0.166032152349014,-0.002593994140625,0.3053));
#4403=CARTESIAN_POINT('',(0.166032152349014,-0.00282739625636402,0.3053));
#4404=CARTESIAN_POINT('',(0.16591252309875,-0.00305582432874829,0.3053));
#4405=CARTESIAN_POINT('',(0.165708363223695,-0.00317038070308506,0.3053));
#4406=CARTESIAN_POINT('',(0.165708363223695,-0.00317038070308501,0.3053));
#4407=CARTESIAN_POINT('',(0.165708363223695,-0.00317038070308501,0.3053));
#4408=CARTESIAN_POINT('',(0.16545627759474,-0.0033118287504431,0.3053));
#4409=CARTESIAN_POINT('',(0.165160550863408,-0.00332883746186108,0.3053));
#4410=CARTESIAN_POINT('',(0.164873969184028,-0.00332883746186108,0.3053));
#4411=CARTESIAN_POINT('',(0.164873969184028,-0.00332883746186101,0.3053));
#4412=CARTESIAN_POINT('',(0.163853895399306,-0.00332883746186101,0.3053));
#4413=CARTESIAN_POINT('',(0.163852633336525,-0.00332883746186101,0.3053));
#4414=CARTESIAN_POINT('',(0.163852633336525,-0.00332883746186101,0.3053));
#4415=CARTESIAN_POINT('',(0.163581827074263,-0.00332416838837372,0.3053));
#4416=CARTESIAN_POINT('',(0.163301406782432,-0.00330234914014444,0.3053));
#4417=CARTESIAN_POINT('',(0.163069298375986,-0.00315834719002264,0.3053));
#4418=CARTESIAN_POINT('',(0.163069298375986,-0.00315834719002264,0.3053));
#4419=CARTESIAN_POINT('',(0.163069298375986,-0.00315834719002264,0.3053));
#4420=CARTESIAN_POINT('',(0.162880483919153,-0.00304120515966092,0.3053));
#4421=CARTESIAN_POINT('',(0.162774108501681,-0.00282244565356202,0.3053));
#4422=CARTESIAN_POINT('',(0.162774108501681,-0.00260045030381945,0.3053));
#4423=CARTESIAN_POINT('',(0.16277410850168,-0.00260045030381945,0.3053));
#4424=CARTESIAN_POINT('',(0.16277410850168,-0.00260045030381945,0.3053));
#4425=CARTESIAN_POINT('',(0.16277410850168,-0.00237208463696905,0.3053));
#4426=CARTESIAN_POINT('',(0.162886250931016,-0.00214767155887299,0.3053));
#4427=CARTESIAN_POINT('',(0.163082506812907,-0.00202953695035621,0.3053));
#4428=CARTESIAN_POINT('',(0.163082506812907,-0.00202953695035617,0.3053));
#4429=CARTESIAN_POINT('',(0.163082506812907,-0.00202953695035617,0.3053));
#4430=CARTESIAN_POINT('',(0.163331271287567,-0.00187979522774462,0.3053));
#4431=CARTESIAN_POINT('',(0.163630113141754,-0.00186560698258355,0.3053));
#4432=CARTESIAN_POINT('',(0.163917534722222,-0.00186560698258314,0.3053));
#4433=CARTESIAN_POINT('',(0.163992241753473,-0.00132558225352769,0.3053));
#4434=CARTESIAN_POINT('',(0.16476513671875,-0.00132558225352769,0.3053));
#4435=CARTESIAN_POINT('',(0.163993681783763,-0.00132558225352769,0.3053));
#4436=CARTESIAN_POINT('',(0.163993680717339,-0.00132557518207236,0.3053));
#4437=CARTESIAN_POINT('',(0.163567072346201,-0.00132977144902468,0.3053));
#4438=CARTESIAN_POINT('',(0.163124746556177,-0.00139440020649667,0.3053));
#4439=CARTESIAN_POINT('',(0.162788660996609,-0.00166491646894665,0.3053));
#4440=CARTESIAN_POINT('',(0.162788660996609,-0.00166491646894551,0.3053));
#4441=CARTESIAN_POINT('',(0.162788660996609,-0.00166491646894551,0.3053));
#4442=CARTESIAN_POINT('',(0.16251301373126,-0.00188678576934896,0.3053));
#4443=CARTESIAN_POINT('',(0.162391798616375,-0.00224713793608378,0.3053));
#4444=CARTESIAN_POINT('',(0.162391798616375,-0.00259998914930556,0.3053));
#4445=CARTESIAN_POINT('',(0.162391798616375,-0.00259998914930555,0.3053));
#4446=CARTESIAN_POINT('',(0.162391798616375,-0.00259998914930555,0.3053));
#4447=CARTESIAN_POINT('',(0.162391798616375,-0.00295345182567174,0.3053));
#4448=CARTESIAN_POINT('',(0.162514744710291,-0.00331382244532104,0.3053));
#4449=CARTESIAN_POINT('',(0.162792513133604,-0.00353620586924888,0.3053));
#4450=CARTESIAN_POINT('',(0.162792513133604,-0.00353620586924887,0.3053));
#4451=CARTESIAN_POINT('',(0.162792513133604,-0.00353620586924887,0.3053));
#4452=CARTESIAN_POINT('',(0.163137516900607,-0.00381241839930933,0.3053));
#4453=CARTESIAN_POINT('',(0.163597379721404,-0.00386886219091676,0.3053));
#4454=CARTESIAN_POINT('',(0.164035590277778,-0.00386886219091676,0.3053));
#4455=CARTESIAN_POINT('',(0.164035590277778,-0.00386886219091676,0.3053));
#4456=CARTESIAN_POINT('',(0.164808485243055,-0.00386886219091676,0.3053));
#4457=CARTESIAN_POINT('',(0.164807758443203,-0.00386886219091675,0.3053));
#4458=CARTESIAN_POINT('',(0.164807758443203,-0.00386886219091675,0.3053));
#4459=CARTESIAN_POINT('',(0.165234344997442,-0.00386458662524313,0.3053));
#4460=CARTESIAN_POINT('',(0.165678204930186,-0.0037985427275252,0.3053));
#4461=CARTESIAN_POINT('',(0.166013619962947,-0.00352939094970932,0.3053));
#4462=CARTESIAN_POINT('',(0.166013619962948,-0.00352939094970948,0.3053));
#4463=CARTESIAN_POINT('',(0.166013619962948,-0.00352939094970948,0.3053));
#4464=CARTESIAN_POINT('',(0.166289847644681,-0.00330773370611927,0.3053));
#4465=CARTESIAN_POINT('',(0.166411695307236,-0.00294717136042026,0.3053));
#4466=CARTESIAN_POINT('',(0.166411695307236,-0.00259399414062499,0.3053));
#4467=CARTESIAN_POINT('',(0.166411695307236,-0.002593994140625,0.3053));
#4468=CARTESIAN_POINT('',(0.166411695307236,-0.002593994140625,0.3053));
#4469=CARTESIAN_POINT('',(0.166411695307236,-0.00223862672850351,0.3053));
#4470=CARTESIAN_POINT('',(0.166288576604308,-0.00187490481945739,0.3053));
#4471=CARTESIAN_POINT('',(0.16600642712291,-0.00165476621309123,0.3053));
#4472=CARTESIAN_POINT('',(0.16600642712291,-0.00165476621309123,0.3053));
#4473=CARTESIAN_POINT('',(0.16600642712291,-0.00165476621309123,0.3053));
#4474=CARTESIAN_POINT('',(0.16565892284989,-0.00138363650557026,0.3053));
#4475=CARTESIAN_POINT('',(0.165202223453444,-0.00132558225352769,0.3053));
#4476=CARTESIAN_POINT('',(0.16476513671875,-0.00132558225352769,0.3053));
#4477=CARTESIAN_POINT('',(0.274779052734375,0.,0.3053));
#4478=CARTESIAN_POINT('',(0.162969346274864,0.00298038930770434,0.3053));
#4479=CARTESIAN_POINT('',(0.163102974882966,0.0030973663758563,0.3053));
#4480=CARTESIAN_POINT('',(0.163282022398308,0.00314622027436098,0.3053));
#4481=CARTESIAN_POINT('',(0.163459147135417,0.00314622027436098,0.3053));
#4482=CARTESIAN_POINT('',(0.162969346274864,0.00298038930770434,0.3053));
#4483=CARTESIAN_POINT('',(0.163459147135417,0.00314622027436098,0.3053));
#4484=CARTESIAN_POINT('',(0.163459147135417,0.00314622027436098,0.3053));
#4485=CARTESIAN_POINT('',(0.163638305473171,0.00314622027436098,0.3053));
#4486=CARTESIAN_POINT('',(0.163818778649079,0.00309966022511714,0.3053));
#4487=CARTESIAN_POINT('',(0.163956819248566,0.00298372280319164,0.3053));
#4488=CARTESIAN_POINT('',(0.163956819248566,0.00298372280319164,0.3053));
#4489=CARTESIAN_POINT('',(0.163956819248566,0.00298372280319164,0.3053));
#4490=CARTESIAN_POINT('',(0.164094989220353,0.00286767672416775,0.3053));
#4491=CARTESIAN_POINT('',(0.16416170964068,0.00268695377313737,0.3053));
#4492=CARTESIAN_POINT('',(0.16416170964068,0.00250683593749997,0.3053));
#4493=CARTESIAN_POINT('',(0.16416170964068,0.00250683593749997,0.3053));
#4494=CARTESIAN_POINT('',(0.16416170964068,0.00250683593749997,0.3053));
#4495=CARTESIAN_POINT('',(0.16416170964068,0.00232688146191217,0.3053));
#4496=CARTESIAN_POINT('',(0.164095013882732,0.00214588223190924,0.3053));
#4497=CARTESIAN_POINT('',(0.163957411109868,0.00202906537639629,0.3053));
#4498=CARTESIAN_POINT('',(0.163957411109868,0.00202906537639628,0.3053));
#4499=CARTESIAN_POINT('',(0.163957411109868,0.00202906537639628,0.3053));
#4500=CARTESIAN_POINT('',(0.16382020542335,0.0019125856243973,0.3053));
#4501=CARTESIAN_POINT('',(0.163638641195723,0.00186468467355563,0.3053));
#4502=CARTESIAN_POINT('',(0.163459147135417,0.00186468467355563,0.3053));
#4503=CARTESIAN_POINT('',(0.163459147135417,0.00186468467355563,0.3053));
#4504=CARTESIAN_POINT('',(0.163459147135417,0.00186468467355563,0.3053));
#4505=CARTESIAN_POINT('',(0.163279859969695,0.00186468467355563,0.3053));
#4506=CARTESIAN_POINT('',(0.163097850785212,0.00191102155613435,0.3053));
#4507=CARTESIAN_POINT('',(0.162963650186949,0.00203188812059504,0.3053));
#4508=CARTESIAN_POINT('',(0.162963650186949,0.00203188812059514,0.3053));
#4509=CARTESIAN_POINT('',(0.162963650186949,0.00203188812059514,0.3053));
#4510=CARTESIAN_POINT('',(0.162832428112623,0.00215007210420332,0.3053));
#4511=CARTESIAN_POINT('',(0.162771341574598,0.00232736642081479,0.3053));
#4512=CARTESIAN_POINT('',(0.162771341574597,0.00250360785590273,0.3053));
#4513=CARTESIAN_POINT('',(0.162771341574597,0.00250360785590275,0.3053));
#4514=CARTESIAN_POINT('',(0.162771341574597,0.00250360785590275,0.3053));
#4515=CARTESIAN_POINT('',(0.162771341574597,0.00268220678859175,0.3053));
#4516=CARTESIAN_POINT('',(0.16283428879069,0.0028621614165744,0.3053));
#4517=CARTESIAN_POINT('',(0.162969346274864,0.00298038930770432,0.3053));
#4518=CARTESIAN_POINT('',(0.164749782375521,0.0030332994119529,0.3053));
#4519=CARTESIAN_POINT('',(0.164892377705576,0.00317070219497549,0.3053));
#4520=CARTESIAN_POINT('',(0.165091407290033,0.00323291732297209,0.3053));
#4521=CARTESIAN_POINT('',(0.165289008246528,0.00323291732297209,0.3053));
#4522=CARTESIAN_POINT('',(0.164749782375521,0.0030332994119529,0.3053));
#4523=CARTESIAN_POINT('',(0.165289008246528,0.00323291732297209,0.3053));
#4524=CARTESIAN_POINT('',(0.165289008246528,0.00323291732297209,0.3053));
#4525=CARTESIAN_POINT('',(0.165486701304057,0.00323291732297209,0.3053));
#4526=CARTESIAN_POINT('',(0.165687500122441,0.00317580682349705,0.3053));
#4527=CARTESIAN_POINT('',(0.165829865121371,0.0030367622910136,0.3053));
#4528=CARTESIAN_POINT('',(0.165829865121371,0.0030367622910136,0.3053));
#4529=CARTESIAN_POINT('',(0.165829865121371,0.0030367622910136,0.3053));
#4530=CARTESIAN_POINT('',(0.165969871110585,0.00290002174761229,0.3053));
#4531=CARTESIAN_POINT('',(0.166032152349014,0.00270252887920549,0.3053));
#4532=CARTESIAN_POINT('',(0.166032152349014,0.00250729709201384,0.3053));
#4533=CARTESIAN_POINT('',(0.166032152349014,0.00250729709201386,0.3053));
#4534=CARTESIAN_POINT('',(0.166032152349014,0.00250729709201386,0.3053));
#4535=CARTESIAN_POINT('',(0.166032152349014,0.00230785047273157,0.3053));
#4536=CARTESIAN_POINT('',(0.165967861048313,0.00210668260196114,0.3053));
#4537=CARTESIAN_POINT('',(0.165822379742616,0.00196855709262019,0.3053));
#4538=CARTESIAN_POINT('',(0.165822379742616,0.00196855709262018,0.3053));
#4539=CARTESIAN_POINT('',(0.165822379742616,0.00196855709262018,0.3053));
#4540=CARTESIAN_POINT('',(0.165680526088284,0.00183387581406893,0.3053));
#4541=CARTESIAN_POINT('',(0.165484216383256,0.00177245377077785,0.3053));
#4542=CARTESIAN_POINT('',(0.165289008246528,0.00177245377077785,0.3053));
#4543=CARTESIAN_POINT('',(0.165289008246528,0.00177245377077785,0.3053));
#4544=CARTESIAN_POINT('',(0.165289008246528,0.00177245377077785,0.3053));
#4545=CARTESIAN_POINT('',(0.16509024809991,0.00177245377077785,0.3053));
#4546=CARTESIAN_POINT('',(0.164890503539638,0.00183313748012782,0.3053));
#4547=CARTESIAN_POINT('',(0.164747345693447,0.00197264540956091,0.3053));
#4548=CARTESIAN_POINT('',(0.164747345693447,0.00197264540956114,0.3053));
#4549=CARTESIAN_POINT('',(0.164747345693447,0.00197264540956114,0.3053));
#4550=CARTESIAN_POINT('',(0.164607073328289,0.00210934142546556,0.3053));
#4551=CARTESIAN_POINT('',(0.164540330289875,0.00230533150588043,0.3053));
#4552=CARTESIAN_POINT('',(0.164540330289875,0.00250084092881942,0.3053));
#4553=CARTESIAN_POINT('',(0.164540330289875,0.00250084092881941,0.3053));
#4554=CARTESIAN_POINT('',(0.164540330289875,0.00250084092881941,0.3053));
#4555=CARTESIAN_POINT('',(0.164540330289875,0.00269821681255158,0.3053));
#4556=CARTESIAN_POINT('',(0.164606985649038,0.0028957025662672,0.3053));
#4557=CARTESIAN_POINT('',(0.164749782375521,0.00303329941195294,0.3053));
#4558=CARTESIAN_POINT('',(0.163881905653697,0.00145002363258414,0.3053));
#4559=CARTESIAN_POINT('',(0.164105309624604,0.00159314180144674,0.3053));
#4560=CARTESIAN_POINT('',(0.164222760917069,0.00184161722042905,0.3053));
#4561=CARTESIAN_POINT('',(0.164344868680747,0.00207386139840468,0.3053));
#4562=CARTESIAN_POINT('',(0.163881905653697,0.00145002363258414,0.3053));
#4563=CARTESIAN_POINT('',(0.164344868680749,0.00207386139840314,0.3053));
#4564=CARTESIAN_POINT('',(0.164344868680749,0.00207386139840316,0.3053));
#4565=CARTESIAN_POINT('',(0.164466411341174,0.00181753104404363,0.3053));
#4566=CARTESIAN_POINT('',(0.164588194054783,0.00154761148401811,0.3053));
#4567=CARTESIAN_POINT('',(0.164824554319546,0.00138514004092137,0.3053));
#4568=CARTESIAN_POINT('',(0.164824554319546,0.00138514004092132,0.3053));
#4569=CARTESIAN_POINT('',(0.164824554319546,0.00138514004092132,0.3053));
#4570=CARTESIAN_POINT('',(0.164978500978797,0.00127931880267946,0.3053));
#4571=CARTESIAN_POINT('',(0.165163485311221,0.0012324290417221,0.3053));
#4572=CARTESIAN_POINT('',(0.165349880642361,0.0012324290417221,0.3053));
#4573=CARTESIAN_POINT('',(0.165349880642361,0.0012324290417221,0.3053));
#4574=CARTESIAN_POINT('',(0.165349880642361,0.0012324290417221,0.3053));
#4575=CARTESIAN_POINT('',(0.165640715781674,0.0012324290417221,0.3053));
#4576=CARTESIAN_POINT('',(0.165931153376924,0.00134148873384686,0.3053));
#4577=CARTESIAN_POINT('',(0.166120556622698,0.00156411121933168,0.3053));
#4578=CARTESIAN_POINT('',(0.166120556622698,0.00156411121933168,0.3053));
#4579=CARTESIAN_POINT('',(0.166120556622698,0.00156411121933168,0.3053));
#4580=CARTESIAN_POINT('',(0.166340522445719,0.00182265662093044,0.3053));
#4581=CARTESIAN_POINT('',(0.166411695307236,0.00216942856718979,0.3053));
#4582=CARTESIAN_POINT('',(0.166411695307236,0.00250683593749997,0.3053));
#4583=CARTESIAN_POINT('',(0.166411695307236,0.00250683593749997,0.3053));
#4584=CARTESIAN_POINT('',(0.166411695307236,0.00250683593749997,0.3053));
#4585=CARTESIAN_POINT('',(0.166411695307236,0.00284337970114191,0.3053));
#4586=CARTESIAN_POINT('',(0.166342964681011,0.00318778028520825,0.3053));
#4587=CARTESIAN_POINT('',(0.166122080436366,0.00344662900940218,0.3053));
#4588=CARTESIAN_POINT('',(0.166122080436366,0.0034466290094022,0.3053));
#4589=CARTESIAN_POINT('',(0.166122080436366,0.0034466290094022,0.3053));
#4590=CARTESIAN_POINT('',(0.165932799203644,0.00366844295399737,0.3053));
#4591=CARTESIAN_POINT('',(0.16564110668014,0.00377570897911117,0.3053));
#4592=CARTESIAN_POINT('',(0.165349880642361,0.00377570897911117,0.3053));
#4593=CARTESIAN_POINT('',(0.165349880642361,0.00377570897911117,0.3053));
#4594=CARTESIAN_POINT('',(0.165349880642361,0.00377570897911117,0.3053));
#4595=CARTESIAN_POINT('',(0.16516422648259,0.00377570897911117,0.3053));
#4596=CARTESIAN_POINT('',(0.164980120383925,0.00372923252128015,0.3053));
#4597=CARTESIAN_POINT('',(0.164826945971357,0.00362291468214601,0.3053));
#4598=CARTESIAN_POINT('',(0.164826945971357,0.00362291468214602,0.3053));
#4599=CARTESIAN_POINT('',(0.164826945971357,0.00362291468214602,0.3053));
#4600=CARTESIAN_POINT('',(0.164590948880587,0.00345910990357938,0.3053));
#4601=CARTESIAN_POINT('',(0.164467345061351,0.00318992264080118,0.3053));
#4602=CARTESIAN_POINT('',(0.164343599403444,0.00293392381100775,0.3053));
#4603=CARTESIAN_POINT('',(0.164343599403442,0.00293392381100937,0.3053));
#4604=CARTESIAN_POINT('',(0.164343599403442,0.00293392381100938,0.3053));
#4605=CARTESIAN_POINT('',(0.164221650520724,0.00316586580362986,0.3053));
#4606=CARTESIAN_POINT('',(0.164103806987522,0.00341327368310703,0.3053));
#4607=CARTESIAN_POINT('',(0.163881395531657,0.00355705921414503,0.3053));
#4608=CARTESIAN_POINT('',(0.163881395531657,0.00355705921414505,0.3053));
#4609=CARTESIAN_POINT('',(0.163881395531657,0.00355705921414505,0.3053));
#4610=CARTESIAN_POINT('',(0.163743891077993,0.00364595369493177,0.3053));
#4611=CARTESIAN_POINT('',(0.163582046459566,0.00368624500341673,0.3053));
#4612=CARTESIAN_POINT('',(0.163418565538195,0.00368624500341673,0.3053));
#4613=CARTESIAN_POINT('',(0.163418565538195,0.00368624500341673,0.3053));
#4614=CARTESIAN_POINT('',(0.163418565538195,0.00368624500341673,0.3053));
#4615=CARTESIAN_POINT('',(0.163138664918175,0.00368624500341673,0.3053));
#4616=CARTESIAN_POINT('',(0.16285718556107,0.00358840024990182,0.3053));
#4617=CARTESIAN_POINT('',(0.16267116616303,0.00337712566351541,0.3053));
#4618=CARTESIAN_POINT('',(0.16267116616303,0.00337712566351541,0.3053));
#4619=CARTESIAN_POINT('',(0.16267116616303,0.00337712566351541,0.3053));
#4620=CARTESIAN_POINT('',(0.162462469869053,0.00314009542013765,0.3053));
#4621=CARTESIAN_POINT('',(0.162391798616375,0.002817659692518,0.3053));
#4622=CARTESIAN_POINT('',(0.162391798616375,0.00250360785590275,0.3053));
#4623=CARTESIAN_POINT('',(0.162391798616375,0.00250360785590275,0.3053));
#4624=CARTESIAN_POINT('',(0.162391798616375,0.00250360785590275,0.3053));
#4625=CARTESIAN_POINT('',(0.162391798616375,0.00218894449728191,0.3053));
#4626=CARTESIAN_POINT('',(0.162461869364822,0.00186747600350952,0.3053));
#4627=CARTESIAN_POINT('',(0.162673326602502,0.00163031339974505,0.3053));
#4628=CARTESIAN_POINT('',(0.162673326602502,0.001630313399745,0.3053));
#4629=CARTESIAN_POINT('',(0.162673326602502,0.001630313399745,0.3053));
#4630=CARTESIAN_POINT('',(0.162859436942748,0.00142157893709467,0.3053));
#4631=CARTESIAN_POINT('',(0.163139274358018,0.00132189301741654,0.3053));
#4632=CARTESIAN_POINT('',(0.163418565538195,0.00132189301741654,0.3053));
#4633=CARTESIAN_POINT('',(0.163418565538195,0.00132189301741654,0.3053));
#4634=CARTESIAN_POINT('',(0.163418565538195,0.00132189301741654,0.3053));
#4635=CARTESIAN_POINT('',(0.163582054490534,0.00132189301741654,0.3053));
#4636=CARTESIAN_POINT('',(0.163743753401454,0.00136151984599076,0.3053));
#4637=CARTESIAN_POINT('',(0.163881905653697,0.00145002363258415,0.3053));
#4638=CARTESIAN_POINT('',(0.22325,0.,0.3055));
#4639=CARTESIAN_POINT('',(0.1656857421875,0.00250729709201386,0.3055));
#4640=CARTESIAN_POINT('',(0.1656857421875,0.00260990925599399,0.3055));
#4641=CARTESIAN_POINT('',(0.165661742519525,0.00271674510864222,0.3055));
#4642=CARTESIAN_POINT('',(0.16558782324916,0.00278894031439186,0.3055));
#4643=CARTESIAN_POINT('',(0.1656857421875,0.00250729709201386,0.3055));
#4644=CARTESIAN_POINT('',(0.16558782324916,0.00278894031439185,0.3055));
#4645=CARTESIAN_POINT('',(0.16558782324916,0.00278894031439185,0.3055));
#4646=CARTESIAN_POINT('',(0.165510259647312,0.00286469485264003,0.3055));
#4647=CARTESIAN_POINT('',(0.165396802948973,0.0028865071614583,0.3055));
#4648=CARTESIAN_POINT('',(0.165289008246528,0.0028865071614583,0.3055));
#4649=CARTESIAN_POINT('',(0.165289008246528,0.0028865071614583,0.3055));
#4650=CARTESIAN_POINT('',(0.165289008246528,0.0028865071614583,0.3055));
#4651=CARTESIAN_POINT('',(0.165180646765966,0.0028865071614583,0.3055));
#4652=CARTESIAN_POINT('',(0.165068628849779,0.00285947429165831,0.3055));
#4653=CARTESIAN_POINT('',(0.164990147457812,0.00278385076550467,0.3055));
#4654=CARTESIAN_POINT('',(0.164990147457812,0.00278385076550465,0.3055));
#4655=CARTESIAN_POINT('',(0.164990147457812,0.00278385076550466,0.3055));
#4656=CARTESIAN_POINT('',(0.164915130170585,0.00271156520022138,0.3055));
#4657=CARTESIAN_POINT('',(0.164886740451389,0.00260460615408851,0.3055));
#4658=CARTESIAN_POINT('',(0.164886740451389,0.00250084092881955,0.3055));
#4659=CARTESIAN_POINT('',(0.164886740451389,0.00250084092881941,0.3055));
#4660=CARTESIAN_POINT('',(0.164886740451389,0.00250084092881941,0.3055));
#4661=CARTESIAN_POINT('',(0.164886740451389,0.00239828588939564,0.3055));
#4662=CARTESIAN_POINT('',(0.16491515560564,0.00229280704619219,0.3055));
#4663=CARTESIAN_POINT('',(0.164989111614246,0.00222073660154468,0.3055));
#4664=CARTESIAN_POINT('',(0.164989111614246,0.00222073660154469,0.3055));
#4665=CARTESIAN_POINT('',(0.164989111614246,0.00222073660154469,0.3055));
#4666=CARTESIAN_POINT('',(0.165067338872983,0.00214450380549532,0.3055));
#4667=CARTESIAN_POINT('',(0.165180290594622,0.00211886393229135,0.3055));
#4668=CARTESIAN_POINT('',(0.165289008246528,0.00211886393229135,0.3055));
#4669=CARTESIAN_POINT('',(0.165289008246528,0.00211886393229164,0.3055));
#4670=CARTESIAN_POINT('',(0.165289008246528,0.00211886393229164,0.3055));
#4671=CARTESIAN_POINT('',(0.165395829172027,0.00211886393229164,0.3055));
#4672=CARTESIAN_POINT('',(0.165505916552049,0.00214576832412203,0.3055));
#4673=CARTESIAN_POINT('',(0.165583864123863,0.00221977472657374,0.3055));
#4674=CARTESIAN_POINT('',(0.165583864123862,0.00221977472657514,0.3055));
#4675=CARTESIAN_POINT('',(0.165583864123862,0.00221977472657515,0.3055));
#4676=CARTESIAN_POINT('',(0.165660407795423,0.00229244821249615,0.3055));
#4677=CARTESIAN_POINT('',(0.1656857421875,0.00240230078089783,0.3055));
#4678=CARTESIAN_POINT('',(0.1656857421875,0.00250729709201386,0.3055));
#4679=CARTESIAN_POINT('',(0.22325,0.,0.3055));
#4680=CARTESIAN_POINT('',(0.1656857421875,-0.002593994140625,0.3055));
#4681=CARTESIAN_POINT('',(0.1656857421875,-0.00248802480096962,0.3055));
#4682=CARTESIAN_POINT('',(0.165640817910223,-0.00237966685598882,0.3055));
#4683=CARTESIAN_POINT('',(0.165548143045414,-0.00232706760839444,0.3055));
#4684=CARTESIAN_POINT('',(0.1656857421875,-0.002593994140625,0.3055));
#4685=CARTESIAN_POINT('',(0.165548143045414,-0.00232706760839447,0.3055));
#4686=CARTESIAN_POINT('',(0.165548143045414,-0.00232706760839447,0.3055));
#4687=CARTESIAN_POINT('',(0.165358277412,-0.00221930603267312,0.3055));
#4688=CARTESIAN_POINT('',(0.165130537340001,-0.00221452154398544,0.3055));
#4689=CARTESIAN_POINT('',(0.164913413577946,-0.00221201714409723,0.3055));
#4690=CARTESIAN_POINT('',(0.164913413577946,-0.00221201714409723,0.3055));
#4691=CARTESIAN_POINT('',(0.22325,-0.00221201714409723,0.3055));
#4692=CARTESIAN_POINT('',(0.163917534722223,-0.00221201714409723,0.3055));
#4693=CARTESIAN_POINT('',(0.163917534722223,-0.00221201714409723,0.3055));
#4694=CARTESIAN_POINT('',(0.163692943097405,-0.00221201714409723,0.3055));
#4695=CARTESIAN_POINT('',(0.163455402893411,-0.00220940191191593,0.3055));
#4696=CARTESIAN_POINT('',(0.163261156932465,-0.00232632666510672,0.3055));
#4697=CARTESIAN_POINT('',(0.163261156932465,-0.00232632666510672,0.3055));
#4698=CARTESIAN_POINT('',(0.163261156932465,-0.00232632666510673,0.3055));
#4699=CARTESIAN_POINT('',(0.163167633288189,-0.0023826224509816,0.3055));
#4700=CARTESIAN_POINT('',(0.163120518663195,-0.00249165162657006,0.3055));
#4701=CARTESIAN_POINT('',(0.163120518663195,-0.00260045030381945,0.3055));
#4702=CARTESIAN_POINT('',(0.163120518663194,-0.00260045030381945,0.3055));
#4703=CARTESIAN_POINT('',(0.163120518663194,-0.00260045030381945,0.3055));
#4704=CARTESIAN_POINT('',(0.163120518663194,-0.0027040364788689,0.3055));
#4705=CARTESIAN_POINT('',(0.163163199869033,-0.00280894189283574,0.3055));
#4706=CARTESIAN_POINT('',(0.163251922410469,-0.00286398608180878,0.3055));
#4707=CARTESIAN_POINT('',(0.163251922410469,-0.00286398608180877,0.3055));
#4708=CARTESIAN_POINT('',(0.163251922410469,-0.00286398608180877,0.3055));
#4709=CARTESIAN_POINT('',(0.163429266347989,-0.00297401170835129,0.3055));
#4710=CARTESIAN_POINT('',(0.163648333417569,-0.00297874284607596,0.3055));
#4711=CARTESIAN_POINT('',(0.163855645542788,-0.00298242730034722,0.3055));
#4712=CARTESIAN_POINT('',(0.163855645542788,-0.00298242730034722,0.3055));
#4713=CARTESIAN_POINT('',(0.22325,-0.00298242730034722,0.3055));
#4714=CARTESIAN_POINT('',(0.164873969184028,-0.00298242730034722,0.3055));
#4715=CARTESIAN_POINT('',(0.164873969184028,-0.00298242730034722,0.3055));
#4716=CARTESIAN_POINT('',(0.165101189989887,-0.00298242730034722,0.3055));
#4717=CARTESIAN_POINT('',(0.165339251923511,-0.00298027598316981,0.3055));
#4718=CARTESIAN_POINT('',(0.165538850578892,-0.0028682789598725,0.3055));
#4719=CARTESIAN_POINT('',(0.165538850578892,-0.0028682789598725,0.3055));
#4720=CARTESIAN_POINT('',(0.165538850578892,-0.0028682789598725,0.3055));
#4721=CARTESIAN_POINT('',(0.165635128560617,-0.00281425631457124,0.3055));
#4722=CARTESIAN_POINT('',(0.1656857421875,-0.00270428161885678,0.3055));
#4723=CARTESIAN_POINT('',(0.1656857421875,-0.002593994140625,0.3055));
#4724=CARTESIAN_POINT('',(0.22325,0.,0.3055));
#4725=CARTESIAN_POINT('',(0.163815299479167,0.00250683593749997,0.3055));
#4726=CARTESIAN_POINT('',(0.163815299479167,0.00258520789992598,0.3055));
#4727=CARTESIAN_POINT('',(0.16379464356369,0.00266755080805286,0.3055));
#4728=CARTESIAN_POINT('',(0.163734029769165,0.00271845907052441,0.3055));
#4729=CARTESIAN_POINT('',(0.163815299479167,0.00250683593749997,0.3055));
#4730=CARTESIAN_POINT('',(0.163734029769165,0.00271845907052441,0.3055));
#4731=CARTESIAN_POINT('',(0.163734029769165,0.00271845907052441,0.3055));
#4732=CARTESIAN_POINT('',(0.163658733093742,0.0027816991785839,0.3055));
#4733=CARTESIAN_POINT('',(0.163556967867067,0.00279981011284719,0.3055));
#4734=CARTESIAN_POINT('',(0.163459147135417,0.00279981011284719,0.3055));
#4735=CARTESIAN_POINT('',(0.163459147135417,0.00279981011284719,0.3055));
#4736=CARTESIAN_POINT('',(0.163459147135417,0.00279981011284719,0.3055));
#4737=CARTESIAN_POINT('',(0.163365581235841,0.00279981011284719,0.3055));
#4738=CARTESIAN_POINT('',(0.16326823454581,0.00278164527818717,0.3055));
#4739=CARTESIAN_POINT('',(0.163197516443152,0.00271973940015868,0.3055));
#4740=CARTESIAN_POINT('',(0.163197516443152,0.00271973940015866,0.3055));
#4741=CARTESIAN_POINT('',(0.163197516443152,0.00271973940015866,0.3055));
#4742=CARTESIAN_POINT('',(0.163137302081801,0.00266702838601718,0.3055));
#4743=CARTESIAN_POINT('',(0.163117751736111,0.00258317432801865,0.3055));
#4744=CARTESIAN_POINT('',(0.163117751736111,0.00250360785590276,0.3055));
#4745=CARTESIAN_POINT('',(0.163117751736111,0.00250360785590275,0.3055));
#4746=CARTESIAN_POINT('',(0.163117751736111,0.00250360785590275,0.3055));
#4747=CARTESIAN_POINT('',(0.163117751736111,0.00242487869720616,0.3055));
#4748=CARTESIAN_POINT('',(0.163136566787955,0.00234234812167616,0.3055));
#4749=CARTESIAN_POINT('',(0.16319547751429,0.00228929070468875,0.3055));
#4750=CARTESIAN_POINT('',(0.16319547751429,0.00228929070468875,0.3055));
#4751=CARTESIAN_POINT('',(0.16319547751429,0.00228929070468875,0.3055));
#4752=CARTESIAN_POINT('',(0.163265736857693,0.00222601225758516,0.3055));
#4753=CARTESIAN_POINT('',(0.163365191632872,0.00221109483506923,0.3055));
#4754=CARTESIAN_POINT('',(0.163459147135417,0.00221109483506923,0.3055));
#4755=CARTESIAN_POINT('',(0.163459147135417,0.00221109483506941,0.3055));
#4756=CARTESIAN_POINT('',(0.163459147135417,0.00221109483506941,0.3055));
#4757=CARTESIAN_POINT('',(0.163556681450809,0.00221109483506941,0.3055));
#4758=CARTESIAN_POINT('',(0.163658705973401,0.00222988743412221,0.3055));
#4759=CARTESIAN_POINT('',(0.163733221271591,0.00229314664497167,0.3055));
#4760=CARTESIAN_POINT('',(0.16373322127159,0.00229314664497273,0.3055));
#4761=CARTESIAN_POINT('',(0.16373322127159,0.00229314664497273,0.3055));
#4762=CARTESIAN_POINT('',(0.163793926161779,0.00234468161217273,0.3055));
#4763=CARTESIAN_POINT('',(0.163815299479167,0.00242761949273814,0.3055));
#4764=CARTESIAN_POINT('',(0.163815299479167,0.00250683593749997,0.3055));
#4765=CARTESIAN_POINT('',(0.163160610393228,-0.00301116663591577,0.3054));
#4766=CARTESIAN_POINT('',(0.163191047732308,-0.00296210645121344,0.3055));
#4767=CARTESIAN_POINT('',(0.163251922410469,-0.00286398608180876,0.3055));
#4768=CARTESIAN_POINT('',(0.163291531387878,-0.00309239012703925,0.305400000002431));
#4769=CARTESIAN_POINT('',(0.163308134335749,-0.00303474622041766,0.305500000003849));
#4770=CARTESIAN_POINT('',(0.163341339203384,-0.00291946005849597,0.3055));
#4771=CARTESIAN_POINT('',(0.163521240228039,-0.00313584458247451,0.305399999998784));
#4772=CARTESIAN_POINT('',(0.163530258831371,-0.00307944267780375,0.305499999998075));
#4773=CARTESIAN_POINT('',(0.163548296552088,-0.00296663804280143,0.3055));
#4774=CARTESIAN_POINT('',(0.16375336190247,-0.00315389506264969,0.3054));
#4775=CARTESIAN_POINT('',(0.163754357186048,-0.00309616861512401,0.3055));
#4776=CARTESIAN_POINT('',(0.163756347753205,-0.00298071572007271,0.3055));
#4777=CARTESIAN_POINT('',(0.163857878824546,-0.00315569707854758,0.3054));
#4778=CARTESIAN_POINT('',(0.163858874108124,-0.00309797063102193,0.3055));
#4779=CARTESIAN_POINT('',(0.16386086467528,-0.0029825177359706,0.3055));
#4780=CARTESIAN_POINT('',(0.163251922410469,-0.00286398608180876,0.3053));
#4781=CARTESIAN_POINT('',(0.163160610393228,-0.0030111666359157,0.3054));
#4782=CARTESIAN_POINT('',(0.163160610393228,-0.0030111666359157,0.3054));
#4783=CARTESIAN_POINT('',(0.163365837053513,-0.00313849093127571,0.3054));
#4784=CARTESIAN_POINT('',(0.163615020446763,-0.00315149352288093,0.3054));
#4785=CARTESIAN_POINT('',(0.163854126829408,-0.0031556323811041,0.3054));
#4786=CARTESIAN_POINT('',(0.163854126829408,-0.00315563238110375,0.3054));
#4787=CARTESIAN_POINT('',(0.163854126829408,-0.00315563238110402,0.3054));
#4788=CARTESIAN_POINT('',(0.163854427368414,-0.00312090484358145,0.305460149859411));
#4789=CARTESIAN_POINT('',(0.163855028661243,-0.00305196771801022,0.305499999999999));
#4790=CARTESIAN_POINT('',(0.163855645542788,-0.00298242730034878,0.3055));
#4791=CARTESIAN_POINT('',(0.22325,-0.00298242730034722,0.3053));
#4792=CARTESIAN_POINT('',(0.22325,-0.00315563238110412,0.3054));
#4793=CARTESIAN_POINT('',(0.164873969184028,-0.00315563238110412,0.3054));
#4794=CARTESIAN_POINT('',(0.164873969184028,-0.00298242730034722,0.3053));
#4795=CARTESIAN_POINT('',(0.162947313582438,-0.00260045030381945,0.3054));
#4796=CARTESIAN_POINT('',(0.163005048609356,-0.00260045030381945,0.3055));
#4797=CARTESIAN_POINT('',(0.163120518663194,-0.00260045030381945,0.3055));
#4798=CARTESIAN_POINT('',(0.162947313464541,-0.00266822354638905,0.3054));
#4799=CARTESIAN_POINT('',(0.16300504839724,-0.00266289683507043,0.3055));
#4800=CARTESIAN_POINT('',(0.163120518539439,-0.00265224341243317,0.3055));
#4801=CARTESIAN_POINT('',(0.162960230877838,-0.0028256796238487,0.305400000000006));
#4802=CARTESIAN_POINT('',(0.163017809314069,-0.0028029936955583,0.305500000000009));
#4803=CARTESIAN_POINT('',(0.163132965882067,-0.00275762210663047,0.3055));
#4804=CARTESIAN_POINT('',(0.163095339624159,-0.00297067242366572,0.305399999999988));
#4805=CARTESIAN_POINT('',(0.163132746639038,-0.00292593651339778,0.305499999999981));
#4806=CARTESIAN_POINT('',(0.163207561000924,-0.00283646415755581,0.3055));
#4807=CARTESIAN_POINT('',(0.163160610393228,-0.00301116663591581,0.3054));
#4808=CARTESIAN_POINT('',(0.163191047732308,-0.00296210645121348,0.3055));
#4809=CARTESIAN_POINT('',(0.163251922410469,-0.00286398608180876,0.3055));
#4810=CARTESIAN_POINT('',(0.163120518663194,-0.00260045030381945,0.3053));
#4811=CARTESIAN_POINT('',(0.162947313582437,-0.00260045030381945,0.3054));
#4812=CARTESIAN_POINT('',(0.162947313582437,-0.00260045030381945,0.3054));
#4813=CARTESIAN_POINT('',(0.162947313582437,-0.00276333004172785,0.3054));
#4814=CARTESIAN_POINT('',(0.163022037911813,-0.00292519513724204,0.3054));
#4815=CARTESIAN_POINT('',(0.163160610393228,-0.00301116663591569,0.3054));
#4816=CARTESIAN_POINT('',(0.164873969184028,-0.00315563238110411,0.3054));
#4817=CARTESIAN_POINT('',(0.164873969184028,-0.00309789735418514,0.3055));
#4818=CARTESIAN_POINT('',(0.164873969184028,-0.00298242730034722,0.3055));
#4819=CARTESIAN_POINT('',(0.164993080043782,-0.00315563239087859,0.305400000000875));
#4820=CARTESIAN_POINT('',(0.164991246558714,-0.00309789737327191,0.305500000001385));
#4821=CARTESIAN_POINT('',(0.164987579587279,-0.00298242731770899,0.3055));
#4822=CARTESIAN_POINT('',(0.165234978217886,-0.0031412726672139,0.305399999999553));
#4823=CARTESIAN_POINT('',(0.165228035819903,-0.00308450195356032,0.305499999999292));
#4824=CARTESIAN_POINT('',(0.165214150692997,-0.00297095994544798,0.3055));
#4825=CARTESIAN_POINT('',(0.16548528395051,-0.0030969437125851,0.30540000000002));
#4826=CARTESIAN_POINT('',(0.165469872757979,-0.0030393877096056,0.305500000000031));
#4827=CARTESIAN_POINT('',(0.165439051036094,-0.00292427688560652,0.3055));
#4828=CARTESIAN_POINT('',(0.165623606901293,-0.00301932983147868,0.3054));
#4829=CARTESIAN_POINT('',(0.165595354793826,-0.00296897954094328,0.3055));
#4830=CARTESIAN_POINT('',(0.165538850578892,-0.00286827895987249,0.3055));
#4831=CARTESIAN_POINT('',(0.164873969184028,-0.00315563238110411,0.3054));
#4832=CARTESIAN_POINT('',(0.165130898983614,-0.00315563238110411,0.3054));
#4833=CARTESIAN_POINT('',(0.165397327405055,-0.00314629777103484,0.3054));
#4834=CARTESIAN_POINT('',(0.165623606901294,-0.00301932983147873,0.3054));
#4835=CARTESIAN_POINT('',(0.165623606901293,-0.00301932983147875,0.3054));
#4836=CARTESIAN_POINT('',(0.165538850578892,-0.0028682789598725,0.3053));
#4837=CARTESIAN_POINT('',(0.163171831872686,-0.00217793180773127,0.3054));
#4838=CARTESIAN_POINT('',(0.163201606892612,-0.00222739676018974,0.3055));
#4839=CARTESIAN_POINT('',(0.163261156932465,-0.00232632666510672,0.3055));
#4840=CARTESIAN_POINT('',(0.163104457920163,-0.00221848673499092,0.305399999998318));
#4841=CARTESIAN_POINT('',(0.163141103512003,-0.00226381580054924,0.305499999997338));
#4842=CARTESIAN_POINT('',(0.163214394983296,-0.0023544744054019,0.3055));
#4843=CARTESIAN_POINT('',(0.162963413646153,-0.00236214434385107,0.305400000000841));
#4844=CARTESIAN_POINT('',(0.163020534778218,-0.00238625048854713,0.305500000001331));
#4845=CARTESIAN_POINT('',(0.163134776757284,-0.0024344625410713,0.3055));
#4846=CARTESIAN_POINT('',(0.162947313461668,-0.00252954070055595,0.3054));
#4847=CARTESIAN_POINT('',(0.163005048391477,-0.00253504411622349,0.3055));
#4848=CARTESIAN_POINT('',(0.163120518533612,-0.00254605094755857,0.3055));
#4849=CARTESIAN_POINT('',(0.162947313582438,-0.00260045030381945,0.3054));
#4850=CARTESIAN_POINT('',(0.163005048609357,-0.00260045030381945,0.3055));
#4851=CARTESIAN_POINT('',(0.163120518663194,-0.00260045030381945,0.3055));
#4852=CARTESIAN_POINT('',(0.163261156932465,-0.00232632666510672,0.3053));
#4853=CARTESIAN_POINT('',(0.163171831872686,-0.00217793180773144,0.3054));
#4854=CARTESIAN_POINT('',(0.163171831872686,-0.00217793180773144,0.3054));
#4855=CARTESIAN_POINT('',(0.163027166007364,-0.00226501223151738,0.3054));
#4856=CARTESIAN_POINT('',(0.162947313582437,-0.00243180021368748,0.3054));
#4857=CARTESIAN_POINT('',(0.162947313582437,-0.00260045030381945,0.3054));
#4858=CARTESIAN_POINT('',(0.165623606901293,-0.0030193298314787,0.3054));
#4859=CARTESIAN_POINT('',(0.165595354793826,-0.00296897954094332,0.3055));
#4860=CARTESIAN_POINT('',(0.165538850578892,-0.00286827895987249,0.3055));
#4861=CARTESIAN_POINT('',(0.165692322950947,-0.00298077275283507,0.305399999999595));
#4862=CARTESIAN_POINT('',(0.165657211954529,-0.00293427125967092,0.30549999999936));
#4863=CARTESIAN_POINT('',(0.16558698969431,-0.00284126779575065,0.3055));
#4864=CARTESIAN_POINT('',(0.165841652308677,-0.00283929385378782,0.305400000000202));
#4865=CARTESIAN_POINT('',(0.165784724916991,-0.00281385556040289,0.30550000000032));
#4866=CARTESIAN_POINT('',(0.165670870427889,-0.00276297921242897,0.3055));
#4867=CARTESIAN_POINT('',(0.165858947406429,-0.00266599135617184,0.3054));
#4868=CARTESIAN_POINT('',(0.165801212491809,-0.00266037353199603,0.3055));
#4869=CARTESIAN_POINT('',(0.165685742341409,-0.00264913788364442,0.3055));
#4870=CARTESIAN_POINT('',(0.165858947268257,-0.002593994140625,0.3054));
#4871=CARTESIAN_POINT('',(0.165801212241338,-0.002593994140625,0.3055));
#4872=CARTESIAN_POINT('',(0.1656857421875,-0.002593994140625,0.3055));
#4873=CARTESIAN_POINT('',(0.165623606901293,-0.00301932983147875,0.3054));
#4874=CARTESIAN_POINT('',(0.165773943689794,-0.00293497418904258,0.3054));
#4875=CARTESIAN_POINT('',(0.165858947268257,-0.00276571301689726,0.3054));
#4876=CARTESIAN_POINT('',(0.165858947268257,-0.00259399414062501,0.3054));
#4877=CARTESIAN_POINT('',(0.165858947268257,-0.002593994140625,0.3054));
#4878=CARTESIAN_POINT('',(0.1656857421875,-0.002593994140625,0.3053));
#4879=CARTESIAN_POINT('',(0.163917534722223,-0.00203881206334033,0.3054));
#4880=CARTESIAN_POINT('',(0.163917534722223,-0.00209654709025929,0.3055));
#4881=CARTESIAN_POINT('',(0.163917534722223,-0.00221201714409723,0.3055));
#4882=CARTESIAN_POINT('',(0.163799854749806,-0.00203881205341001,0.305400000000865));
#4883=CARTESIAN_POINT('',(0.163801649470124,-0.00209654707085842,0.305500000001369));
#4884=CARTESIAN_POINT('',(0.163805238909483,-0.00221201712641225,0.3055));
#4885=CARTESIAN_POINT('',(0.163559972371328,-0.00205478593628326,0.305399999999568));
#4886=CARTESIAN_POINT('',(0.163567187710488,-0.00211106797563126,0.305499999999315));
#4887=CARTESIAN_POINT('',(0.163581618978627,-0.00222363302280253,0.3055));
#4888=CARTESIAN_POINT('',(0.163314315750181,-0.00209216593613688,0.3054));
#4889=CARTESIAN_POINT('',(0.163328970977083,-0.00215073300240991,0.3055));
#4890=CARTESIAN_POINT('',(0.16335828025252,-0.00226786517734848,0.3055));
#4891=CARTESIAN_POINT('',(0.163171831872686,-0.00217793180773129,0.3054));
#4892=CARTESIAN_POINT('',(0.163201606892612,-0.00222739676018976,0.3055));
#4893=CARTESIAN_POINT('',(0.163261156932465,-0.00232632666510672,0.3055));
#4894=CARTESIAN_POINT('',(0.163917534722223,-0.00221201714409723,0.3053));
#4895=CARTESIAN_POINT('',(0.163917534722223,-0.00203881206334033,0.3054));
#4896=CARTESIAN_POINT('',(0.163917534722223,-0.00203881206334033,0.3054));
#4897=CARTESIAN_POINT('',(0.16366153176909,-0.00203881206334033,0.3054));
#4898=CARTESIAN_POINT('',(0.163393739432533,-0.00204435638335721,0.3054));
#4899=CARTESIAN_POINT('',(0.163171831872686,-0.00217793180773144,0.3054));
#4900=CARTESIAN_POINT('',(0.165858947268257,-0.002593994140625,0.3054));
#4901=CARTESIAN_POINT('',(0.165801212241338,-0.002593994140625,0.3055));
#4902=CARTESIAN_POINT('',(0.1656857421875,-0.002593994140625,0.3055));
#4903=CARTESIAN_POINT('',(0.165858947388289,-0.00252519507405971,0.305400000001632));
#4904=CARTESIAN_POINT('',(0.165801212457916,-0.00253046653359456,0.305500000002584));
#4905=CARTESIAN_POINT('',(0.165685742316425,-0.0025410094526261,0.3055));
#4906=CARTESIAN_POINT('',(0.165847533614333,-0.00236339324975771,0.305399999999184));
#4907=CARTESIAN_POINT('',(0.165789532388083,-0.00238630196030347,0.305499999998708));
#4908=CARTESIAN_POINT('',(0.165673530248845,-0.00243211907680164,0.3055));
#4909=CARTESIAN_POINT('',(0.165701766054262,-0.00221510051296645,0.3054));
#4910=CARTESIAN_POINT('',(0.165666004358262,-0.00226118914663888,0.3055));
#4911=CARTESIAN_POINT('',(0.165594480620487,-0.00235336702320869,0.3055));
#4912=CARTESIAN_POINT('',(0.165633638029274,-0.00217643358921278,0.3054));
#4913=CARTESIAN_POINT('',(0.165605139701321,-0.00222664492894,0.3055));
#4914=CARTESIAN_POINT('',(0.165548143045414,-0.00232706760839446,0.3055));
#4915=CARTESIAN_POINT('',(0.165858947268257,-0.002593994140625,0.3054));
#4916=CARTESIAN_POINT('',(0.165858947268257,-0.00242629974386991,0.3054));
#4917=CARTESIAN_POINT('',(0.165779616934422,-0.00225928648132397,0.3054));
#4918=CARTESIAN_POINT('',(0.165633638029273,-0.00217643358921284,0.3054));
#4919=CARTESIAN_POINT('',(0.165633638029273,-0.00217643358921284,0.3054));
#4920=CARTESIAN_POINT('',(0.165548143045414,-0.00232706760839447,0.3053));
#4921=CARTESIAN_POINT('',(0.22325,-0.00221201714409723,0.3053));
#4922=CARTESIAN_POINT('',(0.164914400258419,-0.00203881206334042,0.3054));
#4923=CARTESIAN_POINT('',(0.164914204769338,-0.00207354767444307,0.305460163843262));
#4924=CARTESIAN_POINT('',(0.164913814266886,-0.00214240580962548,0.305499999999999));
#4925=CARTESIAN_POINT('',(0.164913413577946,-0.00221201714409482,0.3055));
#4926=CARTESIAN_POINT('',(0.164914400258418,-0.00203881206334072,0.3054));
#4927=CARTESIAN_POINT('',(0.22325,-0.00203881206334033,0.3054));
#4928=CARTESIAN_POINT('',(0.165633638029274,-0.0021764335892128,0.3054));
#4929=CARTESIAN_POINT('',(0.165605139701321,-0.00222664492894003,0.3055));
#4930=CARTESIAN_POINT('',(0.165548143045414,-0.00232706760839446,0.3055));
#4931=CARTESIAN_POINT('',(0.16549964747276,-0.00210038560053662,0.3054));
#4932=CARTESIAN_POINT('',(0.165483931076761,-0.00215785211196385,0.3055));
#4933=CARTESIAN_POINT('',(0.165452498997519,-0.00227278387901106,0.3055));
#4934=CARTESIAN_POINT('',(0.16526082806135,-0.00205605464591423,0.3054));
#4935=CARTESIAN_POINT('',(0.165252490899884,-0.00211273803138628,0.3055));
#4936=CARTESIAN_POINT('',(0.165235816220573,-0.00222610543023398,0.3055));
#4937=CARTESIAN_POINT('',(0.165019846982152,-0.00203999464032796,0.3054));
#4938=CARTESIAN_POINT('',(0.165019199527238,-0.0020977260367728,0.3055));
#4939=CARTESIAN_POINT('',(0.165017904617412,-0.00221318882966243,0.3055));
#4940=CARTESIAN_POINT('',(0.164910479366192,-0.0020387680876256,0.3054));
#4941=CARTESIAN_POINT('',(0.164909831911279,-0.00209649948407042,0.3055));
#4942=CARTESIAN_POINT('',(0.164908537001452,-0.00221196227696004,0.3055));
#4943=CARTESIAN_POINT('',(0.165633638029273,-0.00217643358921284,0.3054));
#4944=CARTESIAN_POINT('',(0.165416846610925,-0.00205338981123172,0.3054));
#4945=CARTESIAN_POINT('',(0.165161263009159,-0.00204159079670657,0.3054));
#4946=CARTESIAN_POINT('',(0.164914400258418,-0.00203881206334033,0.3054));
#4947=CARTESIAN_POINT('',(0.164868228653846,0.00209669100555305,0.3054));
#4948=CARTESIAN_POINT('',(0.16490852297398,0.00213803953755025,0.3055));
#4949=CARTESIAN_POINT('',(0.164989111614246,0.00222073660154468,0.3055));
#4950=CARTESIAN_POINT('',(0.164986890987731,0.00198105381074355,0.3054));
#4951=CARTESIAN_POINT('',(0.165013706825194,0.00203553700817286,0.3055));
#4952=CARTESIAN_POINT('',(0.165067338809448,0.00214450372045164,0.3055));
#4953=CARTESIAN_POINT('',(0.165155682411918,0.00194565872837897,0.3054));
#4954=CARTESIAN_POINT('',(0.165163885134948,0.00200339365202192,0.3055));
#4955=CARTESIAN_POINT('',(0.165180290581007,0.00211886378005214,0.3055));
#4956=CARTESIAN_POINT('',(0.165289008246528,0.00194565885153473,0.3054));
#4957=CARTESIAN_POINT('',(0.165289008246528,0.00200339387845369,0.3055));
#4958=CARTESIAN_POINT('',(0.165289008246528,0.00211886393229164,0.3055));
#4959=CARTESIAN_POINT('',(0.164989111614246,0.00222073660154468,0.3053));
#4960=CARTESIAN_POINT('',(0.164868228653847,0.00209669100555291,0.3054));
#4961=CARTESIAN_POINT('',(0.164868228653847,0.00209669100555291,0.3054));
#4962=CARTESIAN_POINT('',(0.164979144812242,0.00198860273788215,0.3054));
#4963=CARTESIAN_POINT('',(0.16513524012884,0.00194565885153474,0.3054));
#4964=CARTESIAN_POINT('',(0.165289008246528,0.00194565885153474,0.3054));
#4965=CARTESIAN_POINT('',(0.165289008246528,0.00194565885153475,0.3054));
#4966=CARTESIAN_POINT('',(0.165289008246528,0.00211886393229164,0.3053));
#4967=CARTESIAN_POINT('',(0.165289008246528,0.00194565885153472,0.3054));
#4968=CARTESIAN_POINT('',(0.165289008246528,0.00200339387845367,0.3055));
#4969=CARTESIAN_POINT('',(0.165289008246528,0.00211886393229164,0.3055));
#4970=CARTESIAN_POINT('',(0.165421374177104,0.0019456587296943,0.305400000000823));
#4971=CARTESIAN_POINT('',(0.165412859183014,0.00200339365588363,0.305500000001302));
#4972=CARTESIAN_POINT('',(0.165395829193611,0.00211886378850814,0.3055));
#4973=CARTESIAN_POINT('',(0.165587104358111,0.00198401413175547,0.3054));
#4974=CARTESIAN_POINT('',(0.165560041890212,0.00203793204743179,0.3055));
#4975=CARTESIAN_POINT('',(0.165505916633715,0.00214576821656404,0.3055));
#4976=CARTESIAN_POINT('',(0.165703121933239,0.00209416590959761,0.3054));
#4977=CARTESIAN_POINT('',(0.165663369330113,0.00213603551525678,0.3055));
#4978=CARTESIAN_POINT('',(0.165583864123862,0.00221977472657516,0.3055));
#4979=CARTESIAN_POINT('',(0.165289008246528,0.00194565885153476,0.3054));
#4980=CARTESIAN_POINT('',(0.165440093804933,0.00194565885153476,0.3054));
#4981=CARTESIAN_POINT('',(0.165593268977967,0.00198986731723217,0.3054));
#4982=CARTESIAN_POINT('',(0.165703121933239,0.00209416590959767,0.3054));
#4983=CARTESIAN_POINT('',(0.165703121933239,0.00209416590959768,0.3054));
#4984=CARTESIAN_POINT('',(0.165583864123862,0.00221977472657514,0.3053));
#4985=CARTESIAN_POINT('',(0.164713535370632,0.00250084092881941,0.3054));
#4986=CARTESIAN_POINT('',(0.164771270397551,0.00250084092881941,0.3055));
#4987=CARTESIAN_POINT('',(0.164886740451389,0.00250084092881941,0.3055));
#4988=CARTESIAN_POINT('',(0.164713535224989,0.00237140675715483,0.30539999999684));
#4989=CARTESIAN_POINT('',(0.164771270133444,0.00238036645924734,0.305499999994998));
#4990=CARTESIAN_POINT('',(0.164886740288714,0.0023982858635035,0.3055));
#4991=CARTESIAN_POINT('',(0.164757150461972,0.00220493678538318,0.3054));
#4992=CARTESIAN_POINT('',(0.164809818628987,0.00223422666376313,0.3055));
#4993=CARTESIAN_POINT('',(0.164915155442132,0.00229280691217115,0.3055));
#4994=CARTESIAN_POINT('',(0.164868228653846,0.00209669100555303,0.3054));
#4995=CARTESIAN_POINT('',(0.16490852297398,0.00213803953755023,0.3055));
#4996=CARTESIAN_POINT('',(0.164989111614246,0.00222073660154469,0.3055));
#4997=CARTESIAN_POINT('',(0.164886740451389,0.00250084092881941,0.3053));
#4998=CARTESIAN_POINT('',(0.164713535370632,0.00250084092881941,0.3054));
#4999=CARTESIAN_POINT('',(0.164713535370632,0.00250084092881941,0.3054));
#5000=CARTESIAN_POINT('',(0.164713535370632,0.00235173065371607,0.3054));
#5001=CARTESIAN_POINT('',(0.164761190562059,0.0022010000808355,0.3054));
#5002=CARTESIAN_POINT('',(0.164868228653847,0.00209669100555292,0.3054));
#5003=CARTESIAN_POINT('',(0.165703121933239,0.0020941659095976,0.3054));
#5004=CARTESIAN_POINT('',(0.165663369330113,0.00213603551525677,0.3055));
#5005=CARTESIAN_POINT('',(0.165583864123862,0.00221977472657516,0.3055));
#5006=CARTESIAN_POINT('',(0.165822323894712,0.00220734042360154,0.305399999999187));
#5007=CARTESIAN_POINT('',(0.165768352066036,0.00223570948207356,0.305499999998713));
#5008=CARTESIAN_POINT('',(0.165660407932051,0.00229244810232473,0.3055));
#5009=CARTESIAN_POINT('',(0.165858947403608,0.00237747959665134,0.3054));
#5010=CARTESIAN_POINT('',(0.165801212489484,0.00238575331912438,0.3055));
#5011=CARTESIAN_POINT('',(0.165685742351464,0.0024023007640705,0.3055));
#5012=CARTESIAN_POINT('',(0.165858947268257,0.00250729709201386,0.3054));
#5013=CARTESIAN_POINT('',(0.165801212241338,0.00250729709201386,0.3055));
#5014=CARTESIAN_POINT('',(0.1656857421875,0.00250729709201386,0.3055));
#5015=CARTESIAN_POINT('',(0.165703121933239,0.00209416590959768,0.3054));
#5016=CARTESIAN_POINT('',(0.165814328922794,0.00219975007383801,0.3054));
#5017=CARTESIAN_POINT('',(0.165858947268257,0.00235508072229965,0.3054));
#5018=CARTESIAN_POINT('',(0.165858947268257,0.00250729709201385,0.3054));
#5019=CARTESIAN_POINT('',(0.165858947268257,0.00250729709201386,0.3054));
#5020=CARTESIAN_POINT('',(0.1656857421875,0.00250729709201386,0.3053));
#5021=CARTESIAN_POINT('',(0.164869964916666,0.00290857508872894,0.3054));
#5022=CARTESIAN_POINT('',(0.164910025763715,0.00286700031432084,0.3055));
#5023=CARTESIAN_POINT('',(0.164990147457812,0.00278385076550466,0.3055));
#5024=CARTESIAN_POINT('',(0.164756832368158,0.00279956258619679,0.305399999999982));
#5025=CARTESIAN_POINT('',(0.1648095980984,0.00277023032342077,0.305499999999972));
#5026=CARTESIAN_POINT('',(0.16491513002034,0.00271156531900345,0.3055));
#5027=CARTESIAN_POINT('',(0.164713535220549,0.00263122850778018,0.3054));
#5028=CARTESIAN_POINT('',(0.164771270123655,0.00262235439548332,0.3055));
#5029=CARTESIAN_POINT('',(0.164886740275534,0.00260460617088957,0.3055));
#5030=CARTESIAN_POINT('',(0.164713535370632,0.00250084092881941,0.3054));
#5031=CARTESIAN_POINT('',(0.164771270397551,0.00250084092881941,0.3055));
#5032=CARTESIAN_POINT('',(0.164886740451389,0.00250084092881941,0.3055));
#5033=CARTESIAN_POINT('',(0.164990147457812,0.00278385076550466,0.3053));
#5034=CARTESIAN_POINT('',(0.164869964916667,0.00290857508872877,0.3054));
#5035=CARTESIAN_POINT('',(0.164869964916667,0.00290857508872877,0.3054));
#5036=CARTESIAN_POINT('',(0.164760890278746,0.00280347235639117,0.3054));
#5037=CARTESIAN_POINT('',(0.164713535370632,0.00265141034469494,0.3054));
#5038=CARTESIAN_POINT('',(0.164713535370632,0.0025008409288194,0.3054));
#5039=CARTESIAN_POINT('',(0.165858947268257,0.00250729709201386,0.3054));
#5040=CARTESIAN_POINT('',(0.165801212241338,0.00250729709201386,0.3055));
#5041=CARTESIAN_POINT('',(0.1656857421875,0.00250729709201386,0.3055));
#5042=CARTESIAN_POINT('',(0.165858947408291,0.00263447861804044,0.3054));
#5043=CARTESIAN_POINT('',(0.165801212498276,0.00262628883458348,0.3055));
#5044=CARTESIAN_POINT('',(0.165685742358116,0.00260990926766957,0.3055));
#5045=CARTESIAN_POINT('',(0.165824641560193,0.00279975509964644,0.3054));
#5046=CARTESIAN_POINT('',(0.165770342070571,0.00277208528781672,0.3055));
#5047=CARTESIAN_POINT('',(0.165661742640653,0.00271674520272253,0.3055));
#5048=CARTESIAN_POINT('',(0.165708844185265,0.00291285130270276,0.3054));
#5049=CARTESIAN_POINT('',(0.16566850387323,0.00287154763993247,0.3055));
#5050=CARTESIAN_POINT('',(0.16558782324916,0.00278894031439184,0.3055));
#5051=CARTESIAN_POINT('',(0.165858947268257,0.00250729709201386,0.3054));
#5052=CARTESIAN_POINT('',(0.165858947268257,0.0026562003523332,0.3054));
#5053=CARTESIAN_POINT('',(0.165815702056163,0.00280848574366264,0.3054));
#5054=CARTESIAN_POINT('',(0.165708844185265,0.00291285130270271,0.3054));
#5055=CARTESIAN_POINT('',(0.165708844185265,0.00291285130270273,0.3054));
#5056=CARTESIAN_POINT('',(0.16558782324916,0.00278894031439185,0.3053));
#5057=CARTESIAN_POINT('',(0.165289008246528,0.00305971224221516,0.3054));
#5058=CARTESIAN_POINT('',(0.165289008246528,0.00300197721529618,0.3055));
#5059=CARTESIAN_POINT('',(0.165289008246528,0.0028865071614583,0.3055));
#5060=CARTESIAN_POINT('',(0.165155271331456,0.00305971236283879,0.3054));
#5061=CARTESIAN_POINT('',(0.165163729802736,0.0030019774360103,0.3055));
#5062=CARTESIAN_POINT('',(0.165180646745296,0.00288650730554165,0.3055));
#5063=CARTESIAN_POINT('',(0.164987079423759,0.00302142518179243,0.305400000000022));
#5064=CARTESIAN_POINT('',(0.165014262432271,0.00296744169760463,0.305500000000035));
#5065=CARTESIAN_POINT('',(0.165068628771344,0.00285947439497582,0.3055));
#5066=CARTESIAN_POINT('',(0.164869964916666,0.00290857508872894,0.3054));
#5067=CARTESIAN_POINT('',(0.164910025763715,0.00286700031432083,0.3055));
#5068=CARTESIAN_POINT('',(0.164990147457812,0.00278385076550466,0.3055));
#5069=CARTESIAN_POINT('',(0.165289008246528,0.0028865071614583,0.3053));
#5070=CARTESIAN_POINT('',(0.165289008246528,0.00305971224221519,0.3054));
#5071=CARTESIAN_POINT('',(0.165289008246528,0.00305971224221519,0.3054));
#5072=CARTESIAN_POINT('',(0.165135958268196,0.00305971224221519,0.3054));
#5073=CARTESIAN_POINT('',(0.164980476029642,0.0030150619875063,0.3054));
#5074=CARTESIAN_POINT('',(0.164869964916667,0.00290857508872877,0.3054));
#5075=CARTESIAN_POINT('',(0.165708844185265,0.00291285130270277,0.3054));
#5076=CARTESIAN_POINT('',(0.16566850387323,0.00287154763993248,0.3055));
#5077=CARTESIAN_POINT('',(0.16558782324916,0.00278894031439185,0.3055));
#5078=CARTESIAN_POINT('',(0.165586359515604,0.00303247938281731,0.3054));
#5079=CARTESIAN_POINT('',(0.165560992988166,0.00297655130697833,0.3055));
#5080=CARTESIAN_POINT('',(0.165510259679573,0.00286469489552639,0.3055));
#5081=CARTESIAN_POINT('',(0.165419634636032,0.00305971235587301,0.305400000000018));
#5082=CARTESIAN_POINT('',(0.165412024078215,0.0030019774250327,0.305500000000029));
#5083=CARTESIAN_POINT('',(0.165396802962556,0.00288650730558848,0.3055));
#5084=CARTESIAN_POINT('',(0.165289008246528,0.00305971224221522,0.3054));
#5085=CARTESIAN_POINT('',(0.165289008246528,0.00300197721529627,0.3055));
#5086=CARTESIAN_POINT('',(0.165289008246528,0.0028865071614583,0.3055));
#5087=CARTESIAN_POINT('',(0.165708844185265,0.00291285130270273,0.3054));
#5088=CARTESIAN_POINT('',(0.165598603111388,0.00302052115619859,0.3054));
#5089=CARTESIAN_POINT('',(0.165442177006135,0.00305971224221518,0.3054));
#5090=CARTESIAN_POINT('',(0.165289008246528,0.00305971224221518,0.3054));
#5091=CARTESIAN_POINT('',(0.16307956385062,0.00216058941264189,0.3054));
#5092=CARTESIAN_POINT('',(0.16311820173851,0.00220348984332419,0.3055));
#5093=CARTESIAN_POINT('',(0.16319547751429,0.00228929070468874,0.3055));
#5094=CARTESIAN_POINT('',(0.163200157151556,0.00205197820248813,0.305400000000728));
#5095=CARTESIAN_POINT('',(0.163222017095682,0.0021099896077796,0.305500000001153));
#5096=CARTESIAN_POINT('',(0.163265736924818,0.00222601235389879,0.3055));
#5097=CARTESIAN_POINT('',(0.163344667076138,0.00203788963795804,0.3054));
#5098=CARTESIAN_POINT('',(0.163351508590868,0.00209562456674751,0.3055));
#5099=CARTESIAN_POINT('',(0.16336519162033,0.00221109468860207,0.3055));
#5100=CARTESIAN_POINT('',(0.163459147135417,0.00203788975431256,0.3054));
#5101=CARTESIAN_POINT('',(0.163459147135416,0.00209562478123154,0.3055));
#5102=CARTESIAN_POINT('',(0.163459147135417,0.00221109483506941,0.3055));
#5103=CARTESIAN_POINT('',(0.16319547751429,0.00228929070468874,0.3053));
#5104=CARTESIAN_POINT('',(0.16307956385062,0.00216058941264194,0.3054));
#5105=CARTESIAN_POINT('',(0.16307956385062,0.00216058941264194,0.3054));
#5106=CARTESIAN_POINT('',(0.163181759656598,0.00206854767712959,0.3054));
#5107=CARTESIAN_POINT('',(0.163322395851778,0.00203788975431253,0.3054));
#5108=CARTESIAN_POINT('',(0.163459147135417,0.00203788975431253,0.3054));
#5109=CARTESIAN_POINT('',(0.163459147135417,0.00203788975431253,0.3054));
#5110=CARTESIAN_POINT('',(0.163459147135417,0.00221109483506941,0.3053));
#5111=CARTESIAN_POINT('',(0.163459147135417,0.00203788975431251,0.3054));
#5112=CARTESIAN_POINT('',(0.163459147135417,0.00209562478123146,0.3055));
#5113=CARTESIAN_POINT('',(0.163459147135417,0.00221109483506941,0.3055));
#5114=CARTESIAN_POINT('',(0.163578582949405,0.00203788963749245,0.3054));
#5115=CARTESIAN_POINT('',(0.163571282453213,0.00209562456612511,0.3055));
#5116=CARTESIAN_POINT('',(0.163556681460831,0.00221109468913199,0.3055));
#5117=CARTESIAN_POINT('',(0.163726881517191,0.00206056172882987,0.3054));
#5118=CARTESIAN_POINT('',(0.163704156352572,0.00211700361225518,0.3055));
#5119=CARTESIAN_POINT('',(0.163658705960963,0.00222988745257608,0.3055));
#5120=CARTESIAN_POINT('',(0.163845316190729,0.00216110601068458,0.3054));
#5121=CARTESIAN_POINT('',(0.163807951217683,0.00220511955544728,0.3055));
#5122=CARTESIAN_POINT('',(0.16373322127159,0.00229314664497273,0.3055));
#5123=CARTESIAN_POINT('',(0.163459147135417,0.00203788975431253,0.3054));
#5124=CARTESIAN_POINT('',(0.16359775370506,0.00203788975431253,0.3054));
#5125=CARTESIAN_POINT('',(0.163739280232102,0.00207108756846658,0.3054));
#5126=CARTESIAN_POINT('',(0.163845316190729,0.00216110601068453,0.3054));
#5127=CARTESIAN_POINT('',(0.163845316190729,0.00216110601068451,0.3054));
#5128=CARTESIAN_POINT('',(0.16373322127159,0.00229314664497273,0.3053));
#5129=CARTESIAN_POINT('',(0.162944546655354,0.00250360785590275,0.3054));
#5130=CARTESIAN_POINT('',(0.163002281682273,0.00250360785590275,0.3055));
#5131=CARTESIAN_POINT('',(0.163117751736111,0.00250360785590275,0.3055));
#5132=CARTESIAN_POINT('',(0.162944546549414,0.00245199980429336,0.305400000001516));
#5133=CARTESIAN_POINT('',(0.163002281490549,0.00245608095904877,0.3055000000024));
#5134=CARTESIAN_POINT('',(0.163117751619612,0.00246424326852543,0.3055));
#5135=CARTESIAN_POINT('',(0.162950003580499,0.00234168671708126,0.305399999999242));
#5136=CARTESIAN_POINT('',(0.163008311593555,0.00235612957171999,0.3054999999988));
#5137=CARTESIAN_POINT('',(0.163124927215545,0.00238501496932061,0.3055));
#5138=CARTESIAN_POINT('',(0.163028162850939,0.00220688281598394,0.3054));
#5139=CARTESIAN_POINT('',(0.163074115716739,0.00224319476890381,0.3055));
#5140=CARTESIAN_POINT('',(0.163166022009788,0.00231581929813142,0.3055));
#5141=CARTESIAN_POINT('',(0.16307956385062,0.00216058941264187,0.3054));
#5142=CARTESIAN_POINT('',(0.16311820173851,0.00220348984332416,0.3055));
#5143=CARTESIAN_POINT('',(0.16319547751429,0.00228929070468874,0.3055));
#5144=CARTESIAN_POINT('',(0.163117751736111,0.00250360785590275,0.3053));
#5145=CARTESIAN_POINT('',(0.162944546655354,0.00250360785590275,0.3054));
#5146=CARTESIAN_POINT('',(0.162944546655354,0.00250360785590275,0.3054));
#5147=CARTESIAN_POINT('',(0.162944546655354,0.00237611148099097,0.3054));
#5148=CARTESIAN_POINT('',(0.162984568612368,0.0022461460214519,0.3054));
#5149=CARTESIAN_POINT('',(0.16307956385062,0.00216058941264195,0.3054));
#5150=CARTESIAN_POINT('',(0.163845316190729,0.00216110601068455,0.3054));
#5151=CARTESIAN_POINT('',(0.163807951217683,0.00220511955544726,0.3055));
#5152=CARTESIAN_POINT('',(0.16373322127159,0.00229314664497274,0.3055));
#5153=CARTESIAN_POINT('',(0.163897161719765,0.00220511940674214,0.305400000000307));
#5154=CARTESIAN_POINT('',(0.163852632640514,0.00224305069649802,0.305500000000485));
#5155=CARTESIAN_POINT('',(0.163763573884731,0.00231891397902915,0.3055));
#5156=CARTESIAN_POINT('',(0.163982728903314,0.00234015211711428,0.305399999999847));
#5157=CARTESIAN_POINT('',(0.163924404774438,0.00235582141980331,0.305499999999757));
#5158=CARTESIAN_POINT('',(0.163807756948328,0.00238715967367176,0.3055));
#5159=CARTESIAN_POINT('',(0.163988504673254,0.00245436398719085,0.3054));
#5160=CARTESIAN_POINT('',(0.163930769736951,0.00245865189197375,0.3055));
#5161=CARTESIAN_POINT('',(0.163815299598338,0.00246722770153955,0.3055));
#5162=CARTESIAN_POINT('',(0.163988504559923,0.00250683593749997,0.3054));
#5163=CARTESIAN_POINT('',(0.163930769533004,0.00250683593749997,0.3055));
#5164=CARTESIAN_POINT('',(0.163815299479167,0.00250683593749997,0.3055));
#5165=CARTESIAN_POINT('',(0.163845316190729,0.00216110601068452,0.3054));
#5166=CARTESIAN_POINT('',(0.163944488851717,0.0022452979071725,0.3054));
#5167=CARTESIAN_POINT('',(0.163988504559924,0.00237727442834011,0.3054));
#5168=CARTESIAN_POINT('',(0.163988504559924,0.00250683593749997,0.3054));
#5169=CARTESIAN_POINT('',(0.163988504559924,0.00250683593749997,0.3054));
#5170=CARTESIAN_POINT('',(0.163815299479167,0.00250683593749997,0.3053));
#5171=CARTESIAN_POINT('',(0.163083431359008,0.00285006435393152,0.3054));
#5172=CARTESIAN_POINT('',(0.163121459720389,0.00280662270267394,0.3055));
#5173=CARTESIAN_POINT('',(0.163197516443152,0.00271973940015866,0.3055));
#5174=CARTESIAN_POINT('',(0.163031041567004,0.00280420336415942,0.3054));
#5175=CARTESIAN_POINT('',(0.163076497213169,0.00276726381421751,0.3055));
#5176=CARTESIAN_POINT('',(0.163167409104445,0.00269338403013028,0.3055));
#5177=CARTESIAN_POINT('',(0.162949747792903,0.00266741614164929,0.3054));
#5178=CARTESIAN_POINT('',(0.163008153943358,0.00265282567157322,0.3055));
#5179=CARTESIAN_POINT('',(0.163124965823294,0.00262364507352271,0.3055));
#5180=CARTESIAN_POINT('',(0.162944546551412,0.00255571554789397,0.3054));
#5181=CARTESIAN_POINT('',(0.163002281494665,0.00255160740009402,0.3055));
#5182=CARTESIAN_POINT('',(0.163117751624176,0.00254339110449411,0.3055));
#5183=CARTESIAN_POINT('',(0.162944546655354,0.00250360785590275,0.3054));
#5184=CARTESIAN_POINT('',(0.163002281682273,0.00250360785590275,0.3055));
#5185=CARTESIAN_POINT('',(0.163117751736111,0.00250360785590275,0.3055));
#5186=CARTESIAN_POINT('',(0.163197516443152,0.00271973940015866,0.3053));
#5187=CARTESIAN_POINT('',(0.163083431359007,0.00285006435393151,0.3054));
#5188=CARTESIAN_POINT('',(0.163083431359008,0.00285006435393151,0.3054));
#5189=CARTESIAN_POINT('',(0.162985682651166,0.00276449617043204,0.3054));
#5190=CARTESIAN_POINT('',(0.162944546655355,0.0026326529047478,0.3054));
#5191=CARTESIAN_POINT('',(0.162944546655355,0.00250360785590274,0.3054));
#5192=CARTESIAN_POINT('',(0.163988504559923,0.00250683593749997,0.3054));
#5193=CARTESIAN_POINT('',(0.163930769533005,0.00250683593749997,0.3055));
#5194=CARTESIAN_POINT('',(0.163815299479167,0.00250683593749997,0.3055));
#5195=CARTESIAN_POINT('',(0.163988504669139,0.00255874852059527,0.3054));
#5196=CARTESIAN_POINT('',(0.163930769729069,0.00255450632614448,0.3055));
#5197=CARTESIAN_POINT('',(0.163815299591763,0.0025460219372429,0.3055));
#5198=CARTESIAN_POINT('',(0.163984040354701,0.00266922970990599,0.3054));
#5199=CARTESIAN_POINT('',(0.163925503646573,0.00265413624675126,0.3055));
#5200=CARTESIAN_POINT('',(0.163808430684658,0.00262394970830271,0.3055));
#5201=CARTESIAN_POINT('',(0.163897724465822,0.00280716582077047,0.3054));
#5202=CARTESIAN_POINT('',(0.163853262144029,0.00276911250882169,0.3055));
#5203=CARTESIAN_POINT('',(0.163764336848931,0.00269300510920225,0.3055));
#5204=CARTESIAN_POINT('',(0.163845424508865,0.00285109093685801,0.3054));
#5205=CARTESIAN_POINT('',(0.163808292928965,0.00280688031474683,0.3055));
#5206=CARTESIAN_POINT('',(0.163734029769165,0.00271845907052441,0.3055));
#5207=CARTESIAN_POINT('',(0.163988504559924,0.00250683593749997,0.3054));
#5208=CARTESIAN_POINT('',(0.163988504559924,0.00263618515997894,0.3054));
#5209=CARTESIAN_POINT('',(0.163944708785054,0.0027677041429591,0.3054));
#5210=CARTESIAN_POINT('',(0.163845424508865,0.00285109093685802,0.3054));
#5211=CARTESIAN_POINT('',(0.163845424508865,0.00285109093685802,0.3054));
#5212=CARTESIAN_POINT('',(0.163734029769165,0.00271845907052441,0.3053));
#5213=CARTESIAN_POINT('',(0.163459147135417,0.00297301519360411,0.3054));
#5214=CARTESIAN_POINT('',(0.163459147135417,0.00291528016668516,0.3055));
#5215=CARTESIAN_POINT('',(0.163459147135417,0.00279981011284719,0.3055));
#5216=CARTESIAN_POINT('',(0.163343349355588,0.00297301532220171,0.305399999999279));
#5217=CARTESIAN_POINT('',(0.163350759978401,0.00291528040275353,0.305499999998859));
#5218=CARTESIAN_POINT('',(0.163365581225088,0.0027998102700692,0.3055));
#5219=CARTESIAN_POINT('',(0.163198046087059,0.00295039709605725,0.3054));
#5220=CARTESIAN_POINT('',(0.163221442123604,0.00289414662473956,0.3055));
#5221=CARTESIAN_POINT('',(0.163268234470325,0.002781645369523,0.3055));
#5222=CARTESIAN_POINT('',(0.163083431359008,0.00285006435393149,0.3054));
#5223=CARTESIAN_POINT('',(0.163121459720389,0.00280662270267389,0.3055));
#5224=CARTESIAN_POINT('',(0.163197516443152,0.00271973940015864,0.3055));
#5225=CARTESIAN_POINT('',(0.163459147135417,0.00279981011284719,0.3053));
#5226=CARTESIAN_POINT('',(0.163459147135417,0.00297301519360408,0.3054));
#5227=CARTESIAN_POINT('',(0.163459147135417,0.00297301519360407,0.3054));
#5228=CARTESIAN_POINT('',(0.163323802917033,0.00297301519360407,0.3054));
#5229=CARTESIAN_POINT('',(0.163185622889461,0.00293952173728766,0.3054));
#5230=CARTESIAN_POINT('',(0.163083431359007,0.0028500643539315,0.3054));
#5231=CARTESIAN_POINT('',(0.163845424508865,0.002851090936858,0.3054));
#5232=CARTESIAN_POINT('',(0.163808292928965,0.00280688031474682,0.3055));
#5233=CARTESIAN_POINT('',(0.163734029769165,0.00271845907052441,0.3055));
#5234=CARTESIAN_POINT('',(0.163725548154392,0.00295177258109887,0.3054));
#5235=CARTESIAN_POINT('',(0.163703276458168,0.00289508143188135,0.3055));
#5236=CARTESIAN_POINT('',(0.163658733060938,0.00278169912775499,0.3055));
#5237=CARTESIAN_POINT('',(0.163578639180035,0.0029730153080134,0.305400000000022));
#5238=CARTESIAN_POINT('',(0.163571415412354,0.00291528037750843,0.305500000000035));
#5239=CARTESIAN_POINT('',(0.163556967876963,0.00279981025651106,0.3055));
#5240=CARTESIAN_POINT('',(0.163459147135417,0.0029730151936041,0.3054));
#5241=CARTESIAN_POINT('',(0.163459147135417,0.00291528016668515,0.3055));
#5242=CARTESIAN_POINT('',(0.163459147135417,0.00279981011284719,0.3055));
#5243=CARTESIAN_POINT('',(0.163845424508865,0.00285109093685802,0.3054));
#5244=CARTESIAN_POINT('',(0.163738833688177,0.00294061434517076,0.3054));
#5245=CARTESIAN_POINT('',(0.163597694446241,0.00297301519360408,0.3054));
#5246=CARTESIAN_POINT('',(0.163459147135417,0.00297301519360408,0.3054));
#5247=CARTESIAN_POINT('',(0.163975430507994,0.00370251512920315,0.3054));
#5248=CARTESIAN_POINT('',(0.164006775500106,0.00375100043422254,0.3055));
#5249=CARTESIAN_POINT('',(0.16406946548433,0.0038479710442614,0.3055));
#5250=CARTESIAN_POINT('',(0.164125413172279,0.00360555368015907,0.305400000000021));
#5251=CARTESIAN_POINT('',(0.164164706774018,0.00364890033399639,0.305500000000033));
#5252=CARTESIAN_POINT('',(0.16424329397817,0.00373559364275841,0.3055));
#5253=CARTESIAN_POINT('',(0.164248060905957,0.00347182332810043,0.305400000000006));
#5254=CARTESIAN_POINT('',(0.164294143979697,0.00350753003082632,0.305500000000009));
#5255=CARTESIAN_POINT('',(0.16438631011089,0.00357894342695546,0.3055));
#5256=CARTESIAN_POINT('',(0.164338703537139,0.00331357228876741,0.3054));
#5257=CARTESIAN_POINT('',(0.164388802439851,0.00334226781595167,0.3055));
#5258=CARTESIAN_POINT('',(0.164489000245275,0.00339965887032022,0.3055));
#5259=CARTESIAN_POINT('',(0.16406946548433,0.0038479710442614,0.3053));
#5260=CARTESIAN_POINT('',(0.163975430507993,0.00370251512920323,0.3054));
#5261=CARTESIAN_POINT('',(0.163975430507993,0.00370251512920324,0.3054));
#5262=CARTESIAN_POINT('',(0.164126022594469,0.00360515969829815,0.3054));
#5263=CARTESIAN_POINT('',(0.164247624613664,0.0034716728797686,0.3054));
#5264=CARTESIAN_POINT('',(0.164337078413371,0.003316401332453,0.3054));
#5265=CARTESIAN_POINT('',(0.164337078413371,0.00331640133245299,0.3054));
#5266=CARTESIAN_POINT('',(0.164337078413372,0.00331640133244629,0.305400000000007));
#5267=CARTESIAN_POINT('',(0.164335481075702,0.00340064666568293,0.305470443854053));
#5268=CARTESIAN_POINT('',(0.164332823994003,0.00351350110621722,0.3055));
#5269=CARTESIAN_POINT('',(0.164329580669866,0.00362358643466898,0.3055));
#5270=CARTESIAN_POINT('',(0.164629421854637,0.00390749195339951,0.3055));
#5271=CARTESIAN_POINT('',(0.164695263226878,0.00381263286298171,0.3055));
#5272=CARTESIAN_POINT('',(0.164728183912998,0.00376520331777288,0.3054));
#5273=CARTESIAN_POINT('',(0.164440636005121,0.00377645634009782,0.3055));
#5274=CARTESIAN_POINT('',(0.164522253758995,0.00369254757996425,0.3055));
#5275=CARTESIAN_POINT('',(0.164563062635625,0.00365059320033423,0.3054));
#5276=CARTESIAN_POINT('',(0.164288299680716,0.00359670351948128,0.3055));
#5277=CARTESIAN_POINT('',(0.16438308314322,0.0035287900223683,0.305499999988824));
#5278=CARTESIAN_POINT('',(0.164430474887888,0.00349483326962825,0.30539999999294));
#5279=CARTESIAN_POINT('',(0.164181920300405,0.00339347932009175,0.3055));
#5280=CARTESIAN_POINT('',(0.164284222076287,0.00333992859661535,0.3055));
#5281=CARTESIAN_POINT('',(0.164335372964227,0.00331315323487719,0.3054));
#5282=CARTESIAN_POINT('',(0.164337078413371,0.00331640133245303,0.3054));
#5283=CARTESIAN_POINT('',(0.164431055024396,0.00349483778004496,0.3054));
#5284=CARTESIAN_POINT('',(0.164562386071938,0.00365012359982846,0.3054));
#5285=CARTESIAN_POINT('',(0.164728183912997,0.00376520331777279,0.3054));
#5286=CARTESIAN_POINT('',(0.164728183912997,0.00376520331777278,0.3054));
#5287=CARTESIAN_POINT('',(0.164629421854637,0.00390749195339952,0.3053));
#5288=CARTESIAN_POINT('',(0.163418565538195,0.00385945008417362,0.3054));
#5289=CARTESIAN_POINT('',(0.163418565538195,0.00391718511109257,0.3055));
#5290=CARTESIAN_POINT('',(0.163418565538195,0.00403265516493052,0.3055));
#5291=CARTESIAN_POINT('',(0.163620310212776,0.00385945009609614,0.305399999998232));
#5292=CARTESIAN_POINT('',(0.163629588898389,0.00391718513766975,0.305499999997201));
#5293=CARTESIAN_POINT('',(0.163648146272218,0.00403265520170417,0.3055));
#5294=CARTESIAN_POINT('',(0.163811583080638,0.00380843992592042,0.305399999999965));
#5295=CARTESIAN_POINT('',(0.163833253449399,0.00386317972002462,0.305499999999945));
#5296=CARTESIAN_POINT('',(0.163876594192419,0.00397265931667131,0.3055));
#5297=CARTESIAN_POINT('',(0.163975430507994,0.00370251512920316,0.3054));
#5298=CARTESIAN_POINT('',(0.164006775500106,0.00375100043422257,0.3055));
#5299=CARTESIAN_POINT('',(0.16406946548433,0.0038479710442614,0.3055));
#5300=CARTESIAN_POINT('',(0.163418565538195,0.00403265516493052,0.3053));
#5301=CARTESIAN_POINT('',(0.163418565538195,0.00385945008417363,0.3054));
#5302=CARTESIAN_POINT('',(0.163418565538195,0.00385945008417363,0.3054));
#5303=CARTESIAN_POINT('',(0.163615101694665,0.00385945008417363,0.3054));
#5304=CARTESIAN_POINT('',(0.163810155912603,0.00380936257270739,0.3054));
#5305=CARTESIAN_POINT('',(0.163975430507993,0.00370251512920323,0.3054));
#5306=CARTESIAN_POINT('',(0.164728183912998,0.00376520331777291,0.3054));
#5307=CARTESIAN_POINT('',(0.164695263226878,0.00381263286298175,0.3055));
#5308=CARTESIAN_POINT('',(0.164629421854637,0.00390749195339952,0.3055));
#5309=CARTESIAN_POINT('',(0.164907697696229,0.00388980322122073,0.305400000007878));
#5310=CARTESIAN_POINT('',(0.164884963334937,0.00394430305919799,0.305500000012471));
#5311=CARTESIAN_POINT('',(0.164839494599038,0.00405330273721005,0.3055));
#5312=CARTESIAN_POINT('',(0.165122919379883,0.00394891407047499,0.3054));
#5313=CARTESIAN_POINT('',(0.165113460912329,0.00400664911050531,0.3055));
#5314=CARTESIAN_POINT('',(0.165094543977219,0.00412211917368988,0.3055));
#5315=CARTESIAN_POINT('',(0.165349880642361,0.00394891405986802,0.3054));
#5316=CARTESIAN_POINT('',(0.165349880642361,0.00400664908678697,0.3055));
#5317=CARTESIAN_POINT('',(0.165349880642361,0.00412211914062496,0.3055));
#5318=CARTESIAN_POINT('',(0.164728183912997,0.00376520331777278,0.3054));
#5319=CARTESIAN_POINT('',(0.164909905174926,0.00389133542801968,0.3054));
#5320=CARTESIAN_POINT('',(0.165129188434873,0.00394891405986807,0.3054));
#5321=CARTESIAN_POINT('',(0.165349880642361,0.00394891405986807,0.3054));
#5322=CARTESIAN_POINT('',(0.165349880642361,0.00394891405986807,0.3054));
#5323=CARTESIAN_POINT('',(0.165349880642361,0.00412211914062496,0.3053));
#5324=CARTESIAN_POINT('',(0.162541168604597,0.00349158366804794,0.3054));
#5325=CARTESIAN_POINT('',(0.16249783608512,0.00352973633622547,0.3055));
#5326=CARTESIAN_POINT('',(0.162411171046165,0.0036060416725805,0.3055));
#5327=CARTESIAN_POINT('',(0.162759120412608,0.00373912601606244,0.305399999999959));
#5328=CARTESIAN_POINT('',(0.16272671564685,0.00378969006699445,0.305499999999935));
#5329=CARTESIAN_POINT('',(0.162661906114097,0.00389081816999955,0.3055));
#5330=CARTESIAN_POINT('',(0.163075402404689,0.00385945010368548,0.3054));
#5331=CARTESIAN_POINT('',(0.163063472344755,0.00391718515314871,0.3055));
#5332=CARTESIAN_POINT('',(0.163039612224888,0.00403265521830379,0.3055));
#5333=CARTESIAN_POINT('',(0.163418565538195,0.00385945008417364,0.3054));
#5334=CARTESIAN_POINT('',(0.163418565538195,0.00391718511109261,0.3055));
#5335=CARTESIAN_POINT('',(0.163418565538195,0.00403265516493052,0.3055));
#5336=CARTESIAN_POINT('',(0.162411171046165,0.0036060416725805,0.3053));
#5337=CARTESIAN_POINT('',(0.162541168604597,0.00349158366804796,0.3054));
#5338=CARTESIAN_POINT('',(0.162541168604597,0.00349158366804796,0.3054));
#5339=CARTESIAN_POINT('',(0.16275935901418,0.00373939700914986,0.3054));
#5340=CARTESIAN_POINT('',(0.163089381883884,0.00385945008417364,0.3054));
#5341=CARTESIAN_POINT('',(0.163418565538195,0.00385945008417364,0.3054));
#5342=CARTESIAN_POINT('',(0.165349880642361,0.00394891405986801,0.3054));
#5343=CARTESIAN_POINT('',(0.165349880642361,0.00400664908678695,0.3055));
#5344=CARTESIAN_POINT('',(0.165349880642361,0.00412211914062496,0.3055));
#5345=CARTESIAN_POINT('',(0.165704388016289,0.00394891407713738,0.305400000012055));
#5346=CARTESIAN_POINT('',(0.165716651335891,0.00400664912418918,0.305500000019083));
#5347=CARTESIAN_POINT('',(0.165741177957124,0.00412211918871385,0.3055));
#5348=CARTESIAN_POINT('',(0.1660312765151,0.0038198707693011,0.3054));
#5349=CARTESIAN_POINT('',(0.166064517984062,0.00386985957431776,0.3055));
#5350=CARTESIAN_POINT('',(0.166131000914178,0.00396983717768884,0.3055));
#5351=CARTESIAN_POINT('',(0.166253835228204,0.00355905976510425,0.3054));
#5352=CARTESIAN_POINT('',(0.16629775349215,0.00359653668367146,0.3055));
#5353=CARTESIAN_POINT('',(0.166385590020042,0.00367149052080596,0.3055));
#5354=CARTESIAN_POINT('',(0.165349880642361,0.00394891405986808,0.3054));
#5355=CARTESIAN_POINT('',(0.165691406476469,0.00394891405986808,0.3054));
#5356=CARTESIAN_POINT('',(0.166031896447247,0.00381914427403716,0.3054));
#5357=CARTESIAN_POINT('',(0.166253835228204,0.00355905976510406,0.3054));
#5358=CARTESIAN_POINT('',(0.166253835228204,0.00355905976510409,0.3054));
#5359=CARTESIAN_POINT('',(0.166385590020042,0.00367149052080597,0.3053));
#5360=CARTESIAN_POINT('',(0.162218593535618,0.00250360785590275,0.3054));
#5361=CARTESIAN_POINT('',(0.162160858508699,0.00250360785590275,0.3055));
#5362=CARTESIAN_POINT('',(0.162045388454861,0.00250360785590275,0.3055));
#5363=CARTESIAN_POINT('',(0.162218593521136,0.00287391784923059,0.3054));
#5364=CARTESIAN_POINT('',(0.162160858478228,0.00288284769440395,0.3055));
#5365=CARTESIAN_POINT('',(0.162045388418765,0.0029007073847507,0.3055));
#5366=CARTESIAN_POINT('',(0.162311939330829,0.00323123274303681,0.305399999999957));
#5367=CARTESIAN_POINT('',(0.162257175847181,0.00325640249333787,0.305499999999932));
#5368=CARTESIAN_POINT('',(0.162147648867377,0.00330674200501133,0.3055));
#5369=CARTESIAN_POINT('',(0.162541168604598,0.00349158366804792,0.3054));
#5370=CARTESIAN_POINT('',(0.16249783608512,0.00352973633622544,0.3055));
#5371=CARTESIAN_POINT('',(0.162411171046165,0.0036060416725805,0.3055));
#5372=CARTESIAN_POINT('',(0.162045388454861,0.00250360785590275,0.3053));
#5373=CARTESIAN_POINT('',(0.162218593535618,0.00250360785590275,0.3054));
#5374=CARTESIAN_POINT('',(0.162218593535618,0.00250360785590275,0.3054));
#5375=CARTESIAN_POINT('',(0.162218593535618,0.00285964463292349,0.3054));
#5376=CARTESIAN_POINT('',(0.162304726236047,0.00322304036478901,0.3054));
#5377=CARTESIAN_POINT('',(0.162541168604597,0.00349158366804796,0.3054));
#5378=CARTESIAN_POINT('',(0.166253835228204,0.00355905976510425,0.3054));
#5379=CARTESIAN_POINT('',(0.16629775349215,0.00359653668367146,0.3055));
#5380=CARTESIAN_POINT('',(0.166385590020042,0.00367149052080596,0.3055));
#5381=CARTESIAN_POINT('',(0.166491898058829,0.00328007986997941,0.305400000003231));
#5382=CARTESIAN_POINT('',(0.166547226579483,0.00330418537677986,0.305500000005114));
#5383=CARTESIAN_POINT('',(0.166657883632637,0.00335239640451999,0.3055));
#5384=CARTESIAN_POINT('',(0.166584900404246,0.00289920726192471,0.305400000001621));
#5385=CARTESIAN_POINT('',(0.166642635448334,0.00290770843536977,0.305500000002557));
#5386=CARTESIAN_POINT('',(0.166758105505592,0.00292471078222339,0.3055));
#5387=CARTESIAN_POINT('',(0.166584900387993,0.00250683593749997,0.3054));
#5388=CARTESIAN_POINT('',(0.166642635414912,0.00250683593749997,0.3055));
#5389=CARTESIAN_POINT('',(0.16675810546875,0.00250683593749997,0.3055));
#5390=CARTESIAN_POINT('',(0.166253835228204,0.00355905976510408,0.3054));
#5391=CARTESIAN_POINT('',(0.166499511253598,0.00327115817284551,0.3054));
#5392=CARTESIAN_POINT('',(0.166584900387993,0.00288388237262869,0.3054));
#5393=CARTESIAN_POINT('',(0.166584900387993,0.00250683593749997,0.3054));
#5394=CARTESIAN_POINT('',(0.166584900387993,0.00250683593749997,0.3054));
#5395=CARTESIAN_POINT('',(0.16675810546875,0.00250683593749997,0.3053));
#5396=CARTESIAN_POINT('',(0.162544046526617,0.00151504561595682,0.3054));
#5397=CARTESIAN_POINT('',(0.16250095316799,0.00147662302136079,0.3055));
#5398=CARTESIAN_POINT('',(0.162414766450733,0.00139977783216867,0.3055));
#5399=CARTESIAN_POINT('',(0.162312775311272,0.00177443085495431,0.3054));
#5400=CARTESIAN_POINT('',(0.162258073212084,0.00174902820548885,0.3055));
#5401=CARTESIAN_POINT('',(0.162148669001709,0.00169822289586119,0.3055));
#5402=CARTESIAN_POINT('',(0.162218593519541,0.0021321459232129,0.3054));
#5403=CARTESIAN_POINT('',(0.16216085847498,0.00212316438094825,0.3055));
#5404=CARTESIAN_POINT('',(0.162045388415301,0.00210520129641905,0.3055));
#5405=CARTESIAN_POINT('',(0.162218593535618,0.00250360785590275,0.3054));
#5406=CARTESIAN_POINT('',(0.162160858508699,0.00250360785590275,0.3055));
#5407=CARTESIAN_POINT('',(0.162045388454861,0.00250360785590275,0.3055));
#5408=CARTESIAN_POINT('',(0.162414766450733,0.00139977783216867,0.3053));
#5409=CARTESIAN_POINT('',(0.162544046526618,0.00151504561595684,0.3054));
#5410=CARTESIAN_POINT('',(0.162544046526618,0.00151504561595683,0.3054));
#5411=CARTESIAN_POINT('',(0.162305876219728,0.0017821686084887,0.3054));
#5412=CARTESIAN_POINT('',(0.162218593535618,0.00214699406023343,0.3054));
#5413=CARTESIAN_POINT('',(0.162218593535618,0.00250360785590275,0.3054));
#5414=CARTESIAN_POINT('',(0.166584900387993,0.00250683593749997,0.3054));
#5415=CARTESIAN_POINT('',(0.166642635414912,0.00250683593749997,0.3055));
#5416=CARTESIAN_POINT('',(0.16675810546875,0.00250683593749997,0.3055));
#5417=CARTESIAN_POINT('',(0.166584900395548,0.00211344690647468,0.305399999985461));
#5418=CARTESIAN_POINT('',(0.166642635434696,0.00210488772934809,0.305499999976993));
#5419=CARTESIAN_POINT('',(0.166758105505976,0.00208776937542265,0.3055));
#5420=CARTESIAN_POINT('',(0.166491027757655,0.00173226473073919,0.305399999999991));
#5421=CARTESIAN_POINT('',(0.166546282740026,0.00170811277163731,0.305499999999986));
#5422=CARTESIAN_POINT('',(0.166656792707761,0.00165980885089196,0.3055));
#5423=CARTESIAN_POINT('',(0.166252477450518,0.00145187532851514,0.3054));
#5424=CARTESIAN_POINT('',(0.166296451059791,0.00141446336490968,0.3055));
#5425=CARTESIAN_POINT('',(0.166384398278338,0.00133963943769869,0.3055));
#5426=CARTESIAN_POINT('',(0.166584900387993,0.00250683593749997,0.3054));
#5427=CARTESIAN_POINT('',(0.166584900387993,0.00212843580795566,0.3054));
#5428=CARTESIAN_POINT('',(0.166499007254184,0.00174164373989726,0.3054));
#5429=CARTESIAN_POINT('',(0.166252477450517,0.00145187532851519,0.3054));
#5430=CARTESIAN_POINT('',(0.166252477450517,0.00145187532851519,0.3054));
#5431=CARTESIAN_POINT('',(0.166384398278338,0.00133963943769869,0.3053));
#5432=CARTESIAN_POINT('',(0.163418565538194,0.00114868793665965,0.3054));
#5433=CARTESIAN_POINT('',(0.163418565538194,0.00109095290974068,0.3055));
#5434=CARTESIAN_POINT('',(0.163418565538195,0.000975482855902755,0.3055));
#5435=CARTESIAN_POINT('',(0.163077863286427,0.00114868792013645,0.305400000014533));
#5436=CARTESIAN_POINT('',(0.163065822772012,0.00109095287373405,0.305500000023006));
#5437=CARTESIAN_POINT('',(0.163041741721796,0.000975482808848376,0.3055));
#5438=CARTESIAN_POINT('',(0.162763095304684,0.00126936860985728,0.3054));
#5439=CARTESIAN_POINT('',(0.162730781128103,0.00121885646733106,0.3055));
#5440=CARTESIAN_POINT('',(0.162666152782622,0.00111783218911628,0.3055));
#5441=CARTESIAN_POINT('',(0.162544046526617,0.0015150456159568,0.3054));
#5442=CARTESIAN_POINT('',(0.162500953167989,0.00147662302136076,0.3055));
#5443=CARTESIAN_POINT('',(0.162414766450733,0.00139977783216867,0.3055));
#5444=CARTESIAN_POINT('',(0.163418565538195,0.000975482855902755,0.3053));
#5445=CARTESIAN_POINT('',(0.163418565538195,0.00114868793665965,0.3054));
#5446=CARTESIAN_POINT('',(0.163418565538195,0.00114868793665964,0.3054));
#5447=CARTESIAN_POINT('',(0.163090246388953,0.00114868793665964,0.3054));
#5448=CARTESIAN_POINT('',(0.162762791033598,0.00126970988092048,0.3054));
#5449=CARTESIAN_POINT('',(0.162544046526618,0.00151504561595681,0.3054));
#5450=CARTESIAN_POINT('',(0.166252477450518,0.00145187532851514,0.3054));
#5451=CARTESIAN_POINT('',(0.166296451059791,0.00141446336490968,0.3055));
#5452=CARTESIAN_POINT('',(0.166384398278338,0.00133963943769869,0.3055));
#5453=CARTESIAN_POINT('',(0.166029837801876,0.00119018713423203,0.305400000000006));
#5454=CARTESIAN_POINT('',(0.166063293228294,0.00114041220217471,0.305500000000009));
#5455=CARTESIAN_POINT('',(0.166130204077793,0.00104086234089021,0.3055));
#5456=CARTESIAN_POINT('',(0.165704381706944,0.00105922394194398,0.3054));
#5457=CARTESIAN_POINT('',(0.165716853736841,0.00100148889293484,0.3055));
#5458=CARTESIAN_POINT('',(0.165741797796629,0.000886018827643476,0.3055));
#5459=CARTESIAN_POINT('',(0.165349880642361,0.00105922396096525,0.3054));
#5460=CARTESIAN_POINT('',(0.165349880642361,0.0010014889340463,0.3055));
#5461=CARTESIAN_POINT('',(0.165349880642361,0.000886018880208311,0.3055));
#5462=CARTESIAN_POINT('',(0.166252477450517,0.00145187532851519,0.3054));
#5463=CARTESIAN_POINT('',(0.166030896354132,0.00119143135242356,0.3054));
#5464=CARTESIAN_POINT('',(0.165690977869771,0.0010592239609652,0.3054));
#5465=CARTESIAN_POINT('',(0.165349880642361,0.0010592239609652,0.3054));
#5466=CARTESIAN_POINT('',(0.165349880642361,0.0010592239609652,0.3054));
#5467=CARTESIAN_POINT('',(0.165349880642361,0.000886018880208311,0.3053));
#5468=CARTESIAN_POINT('',(0.163975337149181,0.00130417934695156,0.3054));
#5469=CARTESIAN_POINT('',(0.164006480981008,0.00125556458507395,0.3055));
#5470=CARTESIAN_POINT('',(0.164068768644664,0.00115833506131866,0.3055));
#5471=CARTESIAN_POINT('',(0.163811396061297,0.0011991545882272,0.305399999998235));
#5472=CARTESIAN_POINT('',(0.16383287014282,0.00114434514159901,0.305499999997206));
#5473=CARTESIAN_POINT('',(0.163875818309664,0.00103472624649491,0.3055));
#5474=CARTESIAN_POINT('',(0.163619935650132,0.00114868792720922,0.3054));
#5475=CARTESIAN_POINT('',(0.1636291149446,0.00109095288827887,0.3055));
#5476=CARTESIAN_POINT('',(0.163647473533534,0.000975482824883362,0.3055));
#5477=CARTESIAN_POINT('',(0.163418565538195,0.00114868793665968,0.3054));
#5478=CARTESIAN_POINT('',(0.163418565538195,0.00109095290974073,0.3055));
#5479=CARTESIAN_POINT('',(0.163418565538195,0.000975482855902755,0.3055));
#5480=CARTESIAN_POINT('',(0.164068768644664,0.00115833506131866,0.3053));
#5481=CARTESIAN_POINT('',(0.163975337149181,0.0013041793469514,0.3054));
#5482=CARTESIAN_POINT('',(0.163975337149181,0.00130417934695139,0.3054));
#5483=CARTESIAN_POINT('',(0.163809762396475,0.00119810802099912,0.3054));
#5484=CARTESIAN_POINT('',(0.163614875517688,0.00114868793665965,0.3054));
#5485=CARTESIAN_POINT('',(0.163418565538195,0.00114868793665965,0.3054));
#5486=CARTESIAN_POINT('',(0.165349880642361,0.00105922396096519,0.3054));
#5487=CARTESIAN_POINT('',(0.165349880642361,0.00100148893404623,0.3055));
#5488=CARTESIAN_POINT('',(0.165349880642361,0.000886018880208311,0.3055));
#5489=CARTESIAN_POINT('',(0.165122427344912,0.00105922394789153,0.305400000000018));
#5490=CARTESIAN_POINT('',(0.165112972331355,0.00100148890533338,0.305500000000029));
#5491=CARTESIAN_POINT('',(0.165094062304218,0.000886018841920801,0.3055));
#5492=CARTESIAN_POINT('',(0.16490705393945,0.00111825196277931,0.3054));
#5493=CARTESIAN_POINT('',(0.164884453448741,0.00106372771145351,0.3055));
#5494=CARTESIAN_POINT('',(0.164839252460836,0.000954679199357752,0.3055));
#5495=CARTESIAN_POINT('',(0.164726439409068,0.00124240439596225,0.3054));
#5496=CARTESIAN_POINT('',(0.164693734438908,0.00119482584764256,0.3055));
#5497=CARTESIAN_POINT('',(0.164628324498589,0.00109966875100317,0.3055));
#5498=CARTESIAN_POINT('',(0.165349880642361,0.0010592239609652,0.3054));
#5499=CARTESIAN_POINT('',(0.165128447735321,0.0010592239609652,0.3054));
#5500=CARTESIAN_POINT('',(0.164909263825436,0.00111673290549217,0.3054));
#5501=CARTESIAN_POINT('',(0.164726439409068,0.00124240439596223,0.3054));
#5502=CARTESIAN_POINT('',(0.164726439409068,0.00124240439596224,0.3054));
#5503=CARTESIAN_POINT('',(0.164628324498589,0.00109966875100316,0.3053));
#5504=CARTESIAN_POINT('',(0.164068768644664,0.00115833506131866,0.3055));
#5505=CARTESIAN_POINT('',(0.164006480981008,0.00125556458507395,0.3055));
#5506=CARTESIAN_POINT('',(0.163975337149181,0.00130417934695156,0.3054));
#5507=CARTESIAN_POINT('',(0.164242899774039,0.00126988781266987,0.3055));
#5508=CARTESIAN_POINT('',(0.164164516864229,0.0013568063223831,0.3055));
#5509=CARTESIAN_POINT('',(0.164125325409741,0.00140026557658853,0.3054));
#5510=CARTESIAN_POINT('',(0.164386070953861,0.0014262241983602,0.3055));
#5511=CARTESIAN_POINT('',(0.1642939740465,0.00149774227902367,0.305500000005041));
#5512=CARTESIAN_POINT('',(0.164247925582125,0.00153350132411452,0.305400000003193));
#5513=CARTESIAN_POINT('',(0.16448875273335,0.0016052888805562,0.3055));
#5514=CARTESIAN_POINT('',(0.164388583309018,0.00166272945647846,0.3055));
#5515=CARTESIAN_POINT('',(0.164338498596851,0.00169144974443956,0.3054));
#5516=CARTESIAN_POINT('',(0.164336874715204,0.0016886261301738,0.305400000000006));
#5517=CARTESIAN_POINT('',(0.164335012162151,0.00160418161082165,0.305470282838844));
#5518=CARTESIAN_POINT('',(0.16433216527542,0.00149141373472901,0.3055));
#5519=CARTESIAN_POINT('',(0.164328855803643,0.00138128726439385,0.3055));
#5520=CARTESIAN_POINT('',(0.164336874715204,0.00168862613016815,0.3054));
#5521=CARTESIAN_POINT('',(0.164336874715204,0.00168862613016812,0.3054));
#5522=CARTESIAN_POINT('',(0.16424755112491,0.00153376143561565,0.3054));
#5523=CARTESIAN_POINT('',(0.164125984713326,0.00140068794273244,0.3054));
#5524=CARTESIAN_POINT('',(0.163975337149181,0.00130417934695138,0.3054));
#5525=CARTESIAN_POINT('',(0.164726439409068,0.00124240439596228,0.3054));
#5526=CARTESIAN_POINT('',(0.164693734438908,0.00119482584764259,0.3055));
#5527=CARTESIAN_POINT('',(0.164628324498589,0.00109966875100317,0.3055));
#5528=CARTESIAN_POINT('',(0.164561094896061,0.0013560603918687,0.3054));
#5529=CARTESIAN_POINT('',(0.164520464744381,0.00131392952357378,0.3055));
#5530=CARTESIAN_POINT('',(0.164439204441615,0.00122966778784094,0.3055));
#5531=CARTESIAN_POINT('',(0.16442867625378,0.00151074664547715,0.305400000000003));
#5532=CARTESIAN_POINT('',(0.164381228484035,0.00147679421816246,0.305500000000005));
#5533=CARTESIAN_POINT('',(0.164286332960487,0.00140888937176636,0.3055));
#5534=CARTESIAN_POINT('',(0.164335198179487,0.00169186411591342,0.3054));
#5535=CARTESIAN_POINT('',(0.164283893422735,0.00166538477929277,0.3055));
#5536=CARTESIAN_POINT('',(0.164181283909229,0.00161242610605144,0.3055));
#5537=CARTESIAN_POINT('',(0.164726439409068,0.00124240439596224,0.3054));
#5538=CARTESIAN_POINT('',(0.164560886468183,0.00135620366438535,0.3054));
#5539=CARTESIAN_POINT('',(0.164429434205196,0.00151043095310017,0.3054));
#5540=CARTESIAN_POINT('',(0.164336874715204,0.00168862613016815,0.3054));
#5541=CARTESIAN_POINT('',(0.165748471753893,0.000287502733568239,0.3054));
#5542=CARTESIAN_POINT('',(0.165706075795932,0.000326693498831161,0.3055));
#5543=CARTESIAN_POINT('',(0.16562128388001,0.000405075029357046,0.3055));
#5544=CARTESIAN_POINT('',(0.165836603760221,0.000382842557231333,0.3054));
#5545=CARTESIAN_POINT('',(0.16580468824122,0.000433370908989678,0.3055));
#5546=CARTESIAN_POINT('',(0.16574085718467,0.00053442762965253,0.3055));
#5547=CARTESIAN_POINT('',(0.165953322625921,0.000430305130893387,0.3054));
#5548=CARTESIAN_POINT('',(0.165940399466733,0.000488040182341806,0.3055));
#5549=CARTESIAN_POINT('',(0.165914553148355,0.000603510282949541,0.3055));
#5550=CARTESIAN_POINT('',(0.166090494791667,0.000430305118895843,0.3054));
#5551=CARTESIAN_POINT('',(0.166090494791666,0.000488040145814796,0.3055));
#5552=CARTESIAN_POINT('',(0.166090494791667,0.00060351019965276,0.3055));
#5553=CARTESIAN_POINT('',(0.16562128388001,0.000405075029357046,0.3053));
#5554=CARTESIAN_POINT('',(0.165748471753894,0.000287502733568123,0.3054));
#5555=CARTESIAN_POINT('',(0.165748471753894,0.000287502733568126,0.3054));
#5556=CARTESIAN_POINT('',(0.165835704886274,0.000381870174173742,0.3054));
#5557=CARTESIAN_POINT('',(0.165962281435558,0.000430305118895868,0.3054));
#5558=CARTESIAN_POINT('',(0.166090494791667,0.000430305118895868,0.3054));
#5559=CARTESIAN_POINT('',(0.166090494791667,0.000430305118895867,0.3054));
#5560=CARTESIAN_POINT('',(0.166090494791667,0.00060351019965276,0.3053));
#5561=CARTESIAN_POINT('',(0.166090494791667,0.000430305118895842,0.3054));
#5562=CARTESIAN_POINT('',(0.166090494791667,0.000488040145814794,0.3055));
#5563=CARTESIAN_POINT('',(0.166090494791667,0.00060351019965276,0.3055));
#5564=CARTESIAN_POINT('',(0.166226554506698,0.000430305132989564,0.305399999993268));
#5565=CARTESIAN_POINT('',(0.166239475342117,0.000488040187010139,0.305499999989343));
#5566=CARTESIAN_POINT('',(0.166265317023029,0.00060351028939425,0.3055));
#5567=CARTESIAN_POINT('',(0.166341924167056,0.000383333367238711,0.305400000000004));
#5568=CARTESIAN_POINT('',(0.166373896033615,0.000433853188787112,0.305500000000006));
#5569=CARTESIAN_POINT('',(0.16643783978966,0.000534892852987291,0.3055));
#5570=CARTESIAN_POINT('',(0.166428870408188,0.000288840857872978,0.3054));
#5571=CARTESIAN_POINT('',(0.166471356464649,0.00032793393065783,0.3055));
#5572=CARTESIAN_POINT('',(0.16655632857757,0.000406120076227576,0.3055));
#5573=CARTESIAN_POINT('',(0.166090494791667,0.000430305118895872,0.3054));
#5574=CARTESIAN_POINT('',(0.166217511982451,0.000430305118895872,0.3054));
#5575=CARTESIAN_POINT('',(0.166342801723859,0.000382379654427234,0.3054));
#5576=CARTESIAN_POINT('',(0.166428870408188,0.000288840857872954,0.3054));
#5577=CARTESIAN_POINT('',(0.166428870408188,0.000288840857872918,0.3054));
#5578=CARTESIAN_POINT('',(0.16655632857757,0.000406120076227566,0.3053));
#5579=CARTESIAN_POINT('',(0.165617302302979,-6.96343315972374E-5,0.3054));
#5580=CARTESIAN_POINT('',(0.16555956727606,-6.96343315972374E-5,0.3055));
#5581=CARTESIAN_POINT('',(0.165444097222222,-6.96343315972374E-5,0.3055));
#5582=CARTESIAN_POINT('',(0.165617302286689,6.99223216491406E-5,0.3054));
#5583=CARTESIAN_POINT('',(0.165559567233648,8.13884245914188E-5,0.3055));
#5584=CARTESIAN_POINT('',(0.165444097143112,0.000104320630475993,0.3055));
#5585=CARTESIAN_POINT('',(0.165660308472036,0.000192129064775428,0.3054));
#5586=CARTESIAN_POINT('',(0.165607880231421,0.000220467065989302,0.3055));
#5587=CARTESIAN_POINT('',(0.165503023734837,0.000277143082609051,0.3055));
#5588=CARTESIAN_POINT('',(0.165748471753893,0.000287502733568227,0.3054));
#5589=CARTESIAN_POINT('',(0.165706075795932,0.000326693498831145,0.3055));
#5590=CARTESIAN_POINT('',(0.16562128388001,0.000405075029357046,0.3055));
#5591=CARTESIAN_POINT('',(0.165444097222222,-6.96343315972374E-5,0.3053));
#5592=CARTESIAN_POINT('',(0.165617302302979,-6.96343315972374E-5,0.3054));
#5593=CARTESIAN_POINT('',(0.165617302302979,-6.96343315972374E-5,0.3054));
#5594=CARTESIAN_POINT('',(0.165617302302979,6.1238839838619E-5,0.3054));
#5595=CARTESIAN_POINT('',(0.165659500403909,0.000191254916299258,0.3054));
#5596=CARTESIAN_POINT('',(0.165748471753894,0.000287502733568139,0.3054));
#5597=CARTESIAN_POINT('',(0.166428870408188,0.000288840857872974,0.3054));
#5598=CARTESIAN_POINT('',(0.166471356464649,0.000327933930657826,0.3055));
#5599=CARTESIAN_POINT('',(0.16655632857757,0.00040612007622756,0.3055));
#5600=CARTESIAN_POINT('',(0.166516052185753,0.000194092347470542,0.305400000000004));
#5601=CARTESIAN_POINT('',(0.166568801629405,0.000222031244072681,0.305500000000006));
#5602=CARTESIAN_POINT('',(0.166674300536153,0.000277909055177124,0.3055));
#5603=CARTESIAN_POINT('',(0.166558153444355,7.10001812180143E-5,0.3054));
#5604=CARTESIAN_POINT('',(0.166615888499192,8.20988408238735E-5,0.3055));
#5605=CARTESIAN_POINT('',(0.166731358589418,0.000104296160035602,0.3055));
#5606=CARTESIAN_POINT('',(0.166558153426188,-6.96343315972374E-5,0.3054));
#5607=CARTESIAN_POINT('',(0.166615888453107,-6.96343315972374E-5,0.3055));
#5608=CARTESIAN_POINT('',(0.166731358506945,-6.96343315972374E-5,0.3055));
#5609=CARTESIAN_POINT('',(0.166428870408188,0.00028884085787292,0.3054));
#5610=CARTESIAN_POINT('',(0.166517732331069,0.000192266390741217,0.3054));
#5611=CARTESIAN_POINT('',(0.166558153426187,6.11639126997394E-5,0.3054));
#5612=CARTESIAN_POINT('',(0.166558153426187,-6.96343315972458E-5,0.3054));
#5613=CARTESIAN_POINT('',(0.166558153426187,-6.96343315972374E-5,0.3054));
#5614=CARTESIAN_POINT('',(0.166731358506945,-6.96343315972374E-5,0.3053));
#5615=CARTESIAN_POINT('',(0.165748502996055,-0.000423577054323701,0.3054));
#5616=CARTESIAN_POINT('',(0.165706174355597,-0.000462840517369086,0.3055));
#5617=CARTESIAN_POINT('',(0.165621517074682,-0.000541367443459915,0.3055));
#5618=CARTESIAN_POINT('',(0.165660505928161,-0.000328710320599685,0.3054));
#5619=CARTESIAN_POINT('',(0.165608239956364,-0.000357260679539478,0.3055));
#5620=CARTESIAN_POINT('',(0.165503707997654,-0.000414361411440552,0.3055));
#5621=CARTESIAN_POINT('',(0.165617302287946,-0.000207711678587993,0.3054));
#5622=CARTESIAN_POINT('',(0.165559567236048,-0.000219356931445209,0.3055));
#5623=CARTESIAN_POINT('',(0.165444097145093,-0.000242647437159657,0.3055));
#5624=CARTESIAN_POINT('',(0.165617302302979,-6.96343315972374E-5,0.3054));
#5625=CARTESIAN_POINT('',(0.16555956727606,-6.96343315972374E-5,0.3055));
#5626=CARTESIAN_POINT('',(0.165444097222222,-6.96343315972374E-5,0.3055));
#5627=CARTESIAN_POINT('',(0.165621517074682,-0.000541367443459915,0.3053));
#5628=CARTESIAN_POINT('',(0.165748502996056,-0.000423577054323631,0.3054));
#5629=CARTESIAN_POINT('',(0.165748502996056,-0.000423577054323634,0.3054));
#5630=CARTESIAN_POINT('',(0.165659902685308,-0.000328059990693086,0.3054));
#5631=CARTESIAN_POINT('',(0.165617302302979,-0.00019959316906386,0.3054));
#5632=CARTESIAN_POINT('',(0.165617302302979,-6.96343315972425E-5,0.3054));
#5633=CARTESIAN_POINT('',(0.166558153426188,-6.96343315972374E-5,0.3054));
#5634=CARTESIAN_POINT('',(0.166615888453107,-6.96343315972374E-5,0.3055));
#5635=CARTESIAN_POINT('',(0.166731358506945,-6.96343315972374E-5,0.3055));
#5636=CARTESIAN_POINT('',(0.166558153443448,-0.000208885845984335,0.3054));
#5637=CARTESIAN_POINT('',(0.166615888497541,-0.000220163144606906,0.3055));
#5638=CARTESIAN_POINT('',(0.16673135858838,-0.000242717741852068,0.3055));
#5639=CARTESIAN_POINT('',(0.166515926270691,-0.000330598348022634,0.3054));
#5640=CARTESIAN_POINT('',(0.166568521614256,-0.000358742999914488,0.3055));
#5641=CARTESIAN_POINT('',(0.166673712318307,-0.00041503231932299,0.3055));
#5642=CARTESIAN_POINT('',(0.166428838929729,-0.00042491559057295,0.3054));
#5643=CARTESIAN_POINT('',(0.166471257159536,-0.000464082248757446,0.3055));
#5644=CARTESIAN_POINT('',(0.166556093619151,-0.000542415565126508,0.3055));
#5645=CARTESIAN_POINT('',(0.166558153426187,-6.96343315972374E-5,0.3054));
#5646=CARTESIAN_POINT('',(0.166558153426187,-0.000199678143549943,0.3054));
#5647=CARTESIAN_POINT('',(0.166517217487426,-0.000329199945067117,0.3054));
#5648=CARTESIAN_POINT('',(0.166428838929729,-0.000424915590573003,0.3054));
#5649=CARTESIAN_POINT('',(0.166428838929729,-0.000424915590572991,0.3054));
#5650=CARTESIAN_POINT('',(0.166556093619151,-0.000542415565126526,0.3053));
#5651=CARTESIAN_POINT('',(0.166090494791667,-0.000565884545979192,0.3054));
#5652=CARTESIAN_POINT('',(0.166090494791667,-0.00062361957289814,0.3055));
#5653=CARTESIAN_POINT('',(0.166090494791667,-0.000739089626736124,0.3055));
#5654=CARTESIAN_POINT('',(0.165953326415966,-0.000565884560137267,0.305399999994584));
#5655=CARTESIAN_POINT('',(0.165940446086119,-0.000623619613907489,0.305499999991426));
#5656=CARTESIAN_POINT('',(0.165914685434529,-0.000739089715117139,0.3055));
#5657=CARTESIAN_POINT('',(0.165836664558194,-0.000518621109219213,0.3054));
#5658=CARTESIAN_POINT('',(0.165804840867304,-0.000569209617863352,0.3055));
#5659=CARTESIAN_POINT('',(0.165741193463865,-0.000670386655239184,0.3055));
#5660=CARTESIAN_POINT('',(0.165748502996055,-0.000423577054323701,0.3054));
#5661=CARTESIAN_POINT('',(0.165706174355597,-0.000462840517369086,0.3055));
#5662=CARTESIAN_POINT('',(0.165621517074682,-0.000541367443459915,0.3055));
#5663=CARTESIAN_POINT('',(0.166090494791667,-0.000739089626736124,0.3053));
#5664=CARTESIAN_POINT('',(0.166090494791667,-0.000565884545979231,0.3054));
#5665=CARTESIAN_POINT('',(0.166090494791667,-0.000565884545979236,0.3054));
#5666=CARTESIAN_POINT('',(0.165962249429979,-0.000565884545979236,0.3054));
#5667=CARTESIAN_POINT('',(0.165835782138582,-0.000517669810207115,0.3054));
#5668=CARTESIAN_POINT('',(0.165748502996056,-0.000423577054323637,0.3054));
#5669=CARTESIAN_POINT('',(0.166428838929729,-0.000424915590572987,0.3054));
#5670=CARTESIAN_POINT('',(0.166471257159536,-0.000464082248757495,0.3055));
#5671=CARTESIAN_POINT('',(0.166556093619151,-0.000542415565126525,0.3055));
#5672=CARTESIAN_POINT('',(0.166341883107066,-0.000519090377889278,0.305399999994616));
#5673=CARTESIAN_POINT('',(0.166373764496171,-0.000569668641477276,0.305499999991476));
#5674=CARTESIAN_POINT('',(0.166437527302398,-0.00067082518708695,0.3055));
#5675=CARTESIAN_POINT('',(0.166226448885924,-0.000565884558253748,0.30540000000001));
#5676=CARTESIAN_POINT('',(0.166239316833304,-0.000623619610200049,0.305500000000016));
#5677=CARTESIAN_POINT('',(0.166265052728054,-0.000739089711632163,0.3055));
#5678=CARTESIAN_POINT('',(0.166090494791667,-0.000565884545979228,0.3054));
#5679=CARTESIAN_POINT('',(0.166090494791667,-0.000623619572898187,0.3055));
#5680=CARTESIAN_POINT('',(0.166090494791667,-0.000739089626736124,0.3055));
#5681=CARTESIAN_POINT('',(0.166428838929729,-0.000424915590572993,0.3054));
#5682=CARTESIAN_POINT('',(0.166342614949899,-0.000518297787596325,0.3054));
#5683=CARTESIAN_POINT('',(0.166217289963986,-0.000565884545979231,0.3054));
#5684=CARTESIAN_POINT('',(0.166090494791667,-0.000565884545979231,0.3054));
#5685=CARTESIAN_POINT('',(0.166122021514497,-0.00366448019288457,0.3054));
#5686=CARTESIAN_POINT('',(0.166158155365014,-0.00370950994060951,0.3055));
#5687=CARTESIAN_POINT('',(0.166230423066047,-0.00379956943605953,0.3055));
#5688=CARTESIAN_POINT('',(0.165945920115307,-0.00380579168660902,0.305400000001967));
#5689=CARTESIAN_POINT('',(0.165974347033907,-0.00385700579744871,0.305500000003114));
#5690=CARTESIAN_POINT('',(0.16603120088322,-0.00395943403782607,0.3055));
#5691=CARTESIAN_POINT('',(0.165516564757708,-0.00399476126514232,0.305399999999016));
#5692=CARTESIAN_POINT('',(0.165530901435759,-0.00405210012214112,0.305499999998443));
#5693=CARTESIAN_POINT('',(0.165559574785804,-0.00416677782678992,0.3055));
#5694=CARTESIAN_POINT('',(0.165051566264656,-0.00403967760695386,0.3054));
#5695=CARTESIAN_POINT('',(0.165052134122697,-0.00409740984119585,0.3055));
#5696=CARTESIAN_POINT('',(0.165053269838781,-0.00421287430968016,0.3055));
#5697=CARTESIAN_POINT('',(0.164797696978492,-0.0040421746818998,0.3054));
#5698=CARTESIAN_POINT('',(0.164798264836534,-0.00409990691614181,0.3055));
#5699=CARTESIAN_POINT('',(0.164799400552618,-0.00421537138462602,0.3055));
#5700=CARTESIAN_POINT('',(0.166230423066047,-0.00379956943605953,0.3053));
#5701=CARTESIAN_POINT('',(0.166122021514497,-0.00366448019288452,0.3054));
#5702=CARTESIAN_POINT('',(0.166122021514497,-0.00366448019288452,0.3054));
#5703=CARTESIAN_POINT('',(0.165756206170433,-0.00395802651785601,0.3054));
#5704=CARTESIAN_POINT('',(0.165274190943853,-0.00403748785601109,0.3054));
#5705=CARTESIAN_POINT('',(0.16480861701816,-0.00404206727167366,0.3054));
#5706=CARTESIAN_POINT('',(0.164808485338206,-0.00421528202607924,0.3053));
#5707=CARTESIAN_POINT('',(0.22325,-0.00421527235243055,0.3053));
#5708=CARTESIAN_POINT('',(0.22325,-0.00404206727167365,0.3054));
#5709=CARTESIAN_POINT('',(0.164035590277778,-0.00404206727167365,0.3054));
#5710=CARTESIAN_POINT('',(0.164035590277778,-0.00421527235243055,0.3053));
#5711=CARTESIAN_POINT('',(0.166584900387993,-0.002593994140625,0.3054));
#5712=CARTESIAN_POINT('',(0.166642635414912,-0.002593994140625,0.3055));
#5713=CARTESIAN_POINT('',(0.16675810546875,-0.002593994140625,0.3055));
#5714=CARTESIAN_POINT('',(0.166584900397527,-0.00301611979051673,0.305399999987714));
#5715=CARTESIAN_POINT('',(0.166642635438982,-0.00302769023677704,0.305499999980521));
#5716=CARTESIAN_POINT('',(0.166758105511487,-0.00305083112958569,0.3055));
#5717=CARTESIAN_POINT('',(0.166437706449108,-0.0034111607246981,0.3054));
#5718=CARTESIAN_POINT('',(0.166488005984927,-0.00344482331795686,0.3055));
#5719=CARTESIAN_POINT('',(0.16658860504902,-0.00351214849508566,0.3055));
#5720=CARTESIAN_POINT('',(0.166122021514497,-0.0036644801928846,0.3054));
#5721=CARTESIAN_POINT('',(0.166158155365014,-0.00370950994060956,0.3055));
#5722=CARTESIAN_POINT('',(0.166230423066047,-0.00379956943605953,0.3055));
#5723=CARTESIAN_POINT('',(0.16675810546875,-0.002593994140625,0.3053));
#5724=CARTESIAN_POINT('',(0.166584900387993,-0.002593994140625,0.3054));
#5725=CARTESIAN_POINT('',(0.166584900387993,-0.002593994140625,0.3054));
#5726=CARTESIAN_POINT('',(0.166584900387993,-0.0029992076300826,0.3054));
#5727=CARTESIAN_POINT('',(0.166438852378494,-0.00341024116963664,0.3054));
#5728=CARTESIAN_POINT('',(0.166122021514497,-0.00366448019288452,0.3054));
#5729=CARTESIAN_POINT('',(0.164035590277778,-0.0040420672716736,0.3054));
#5730=CARTESIAN_POINT('',(0.164035590277778,-0.00409980229859255,0.3055));
#5731=CARTESIAN_POINT('',(0.164035590277778,-0.00421527235243055,0.3055));
#5732=CARTESIAN_POINT('',(0.163538594729224,-0.00404206728404647,0.3054));
#5733=CARTESIAN_POINT('',(0.163531863297555,-0.0040998023239378,0.3055));
#5734=CARTESIAN_POINT('',(0.163518400434211,-0.00421527238001327,0.3055));
#5735=CARTESIAN_POINT('',(0.163041746615915,-0.00395762041738831,0.3054));
#5736=CARTESIAN_POINT('',(0.163021952878436,-0.00401573217203281,0.3055));
#5737=CARTESIAN_POINT('',(0.162982365360557,-0.0041319557349385,0.3055));
#5738=CARTESIAN_POINT('',(0.162684262716829,-0.00367141625075847,0.3054));
#5739=CARTESIAN_POINT('',(0.16264817924457,-0.00371648637792828,0.3055));
#5740=CARTESIAN_POINT('',(0.162576012300053,-0.00380662663226799,0.3055));
#5741=CARTESIAN_POINT('',(0.164035590277778,-0.00404206727167366,0.3054));
#5742=CARTESIAN_POINT('',(0.163558175248574,-0.00404206727167366,0.3054));
#5743=CARTESIAN_POINT('',(0.163059851307737,-0.00397211521372242,0.3054));
#5744=CARTESIAN_POINT('',(0.162684262716829,-0.00367141625075844,0.3054));
#5745=CARTESIAN_POINT('',(0.162684262716829,-0.00367141625075843,0.3054));
#5746=CARTESIAN_POINT('',(0.162576012300053,-0.00380662663226799,0.3053));
#5747=CARTESIAN_POINT('',(0.166112972414285,-0.00151820816358218,0.3054));
#5748=CARTESIAN_POINT('',(0.16614848751141,-0.00147268881374575,0.3055));
#5749=CARTESIAN_POINT('',(0.16621951770566,-0.00138165011407285,0.3055));
#5750=CARTESIAN_POINT('',(0.166434290732771,-0.00176890707058148,0.30539999999996));
#5751=CARTESIAN_POINT('',(0.166484311234806,-0.00173470512041973,0.305499999999937));
#5752=CARTESIAN_POINT('',(0.166584352240901,-0.00166630121757664,0.3055));
#5753=CARTESIAN_POINT('',(0.166584900407289,-0.00216710832116121,0.3054));
#5754=CARTESIAN_POINT('',(0.166642635455744,-0.00215546369600393,0.3055));
#5755=CARTESIAN_POINT('',(0.166758105517946,-0.00213217444568924,0.3055));
#5756=CARTESIAN_POINT('',(0.166584900387993,-0.002593994140625,0.3054));
#5757=CARTESIAN_POINT('',(0.166642635414912,-0.002593994140625,0.3055));
#5758=CARTESIAN_POINT('',(0.16675810546875,-0.002593994140625,0.3055));
#5759=CARTESIAN_POINT('',(0.16621951770566,-0.00138165011407285,0.3053));
#5760=CARTESIAN_POINT('',(0.166112972414285,-0.00151820816358204,0.3054));
#5761=CARTESIAN_POINT('',(0.166112972414285,-0.00151820816358203,0.3054));
#5762=CARTESIAN_POINT('',(0.166436096601829,-0.0017703160461712,0.3054));
#5763=CARTESIAN_POINT('',(0.166584900387993,-0.00218583204269728,0.3054));
#5764=CARTESIAN_POINT('',(0.166584900387993,-0.002593994140625,0.3054));
#5765=CARTESIAN_POINT('',(0.162684262716828,-0.00367141625075847,0.3054));
#5766=CARTESIAN_POINT('',(0.16264817924457,-0.00371648637792828,0.3055));
#5767=CARTESIAN_POINT('',(0.162576012300053,-0.00380662663226799,0.3055));
#5768=CARTESIAN_POINT('',(0.162367914753851,-0.00341814576714567,0.305400000000092));
#5769=CARTESIAN_POINT('',(0.162317776469058,-0.00345196351311806,0.305500000000146));
#5770=CARTESIAN_POINT('',(0.162217499897573,-0.00351959900729227,0.3055));
#5771=CARTESIAN_POINT('',(0.162218593516541,-0.00302336620054785,0.3054));
#5772=CARTESIAN_POINT('',(0.162160858468309,-0.00303505645124511,0.3055));
#5773=CARTESIAN_POINT('',(0.162045388406126,-0.0030584369526395,0.3055));
#5774=CARTESIAN_POINT('',(0.162218593535618,-0.00259998914930555,0.3054));
#5775=CARTESIAN_POINT('',(0.162160858508699,-0.00259998914930555,0.3055));
#5776=CARTESIAN_POINT('',(0.162045388454861,-0.00259998914930555,0.3055));
#5777=CARTESIAN_POINT('',(0.162684262716829,-0.00367141625075844,0.3054));
#5778=CARTESIAN_POINT('',(0.16236642659476,-0.00341695433521568,0.3054));
#5779=CARTESIAN_POINT('',(0.162218593535618,-0.00300550575046224,0.3054));
#5780=CARTESIAN_POINT('',(0.162218593535618,-0.00259998914930555,0.3054));
#5781=CARTESIAN_POINT('',(0.162218593535618,-0.00259998914930555,0.3054));
#5782=CARTESIAN_POINT('',(0.162045388454861,-0.00259998914930555,0.3053));
#5783=CARTESIAN_POINT('',(0.16476513671875,-0.00115237717277081,0.3054));
#5784=CARTESIAN_POINT('',(0.16476513671875,-0.00109464214585185,0.3055));
#5785=CARTESIAN_POINT('',(0.16476513671875,-0.000979172092013898,0.3055));
#5786=CARTESIAN_POINT('',(0.165259303229246,-0.00115237716057255,0.305399999984152));
#5787=CARTESIAN_POINT('',(0.1652660522685,-0.00109464212087698,0.305499999974912));
#5788=CARTESIAN_POINT('',(0.165279550370527,-0.000979172064880578,0.3055));
#5789=CARTESIAN_POINT('',(0.16575274275393,-0.00123714990093065,0.305400000000059));
#5790=CARTESIAN_POINT('',(0.165772360800272,-0.00117922740570028,0.305500000000094));
#5791=CARTESIAN_POINT('',(0.165811596931762,-0.00106338236539931,0.3055));
#5792=CARTESIAN_POINT('',(0.166112972414285,-0.00151820816358218,0.3054));
#5793=CARTESIAN_POINT('',(0.16614848751141,-0.00147268881374574,0.3055));
#5794=CARTESIAN_POINT('',(0.16621951770566,-0.00138165011407284,0.3055));
#5795=CARTESIAN_POINT('',(0.16476513671875,-0.000979172092013898,0.3053));
#5796=CARTESIAN_POINT('',(0.16476513671875,-0.00115237717277079,0.3054));
#5797=CARTESIAN_POINT('',(0.16476513671875,-0.00115237717277079,0.3054));
#5798=CARTESIAN_POINT('',(0.165240701201081,-0.00115237717277079,0.3054));
#5799=CARTESIAN_POINT('',(0.165735146383507,-0.00122342082088716,0.3054));
#5800=CARTESIAN_POINT('',(0.166112972414285,-0.00151820816358202,0.3054));
#5801=CARTESIAN_POINT('',(0.162218593535618,-0.00259998914930556,0.3054));
#5802=CARTESIAN_POINT('',(0.162160858508699,-0.00259998914930555,0.3055));
#5803=CARTESIAN_POINT('',(0.162045388454861,-0.00259998914930555,0.3055));
#5804=CARTESIAN_POINT('',(0.162218593519317,-0.00217826729704669,0.3054));
#5805=CARTESIAN_POINT('',(0.162160858473972,-0.00216672747607389,0.3055));
#5806=CARTESIAN_POINT('',(0.162045388412208,-0.0021436478341283,0.3055));
#5807=CARTESIAN_POINT('',(0.162365152782094,-0.00178345725325589,0.30540000000001));
#5808=CARTESIAN_POINT('',(0.162314795461053,-0.00174987592189672,0.305500000000016));
#5809=CARTESIAN_POINT('',(0.162214080826413,-0.00168271326844195,0.3055));
#5810=CARTESIAN_POINT('',(0.162680057742001,-0.00152998932901982,0.3054));
#5811=CARTESIAN_POINT('',(0.162643856657131,-0.00148501361571131,0.3055));
#5812=CARTESIAN_POINT('',(0.162571454487393,-0.00139506218909423,0.3055));
#5813=CARTESIAN_POINT('',(0.162218593535618,-0.00259998914930555,0.3054));
#5814=CARTESIAN_POINT('',(0.162218593535618,-0.00219518978586801,0.3054));
#5815=CARTESIAN_POINT('',(0.16236392476032,-0.00178444570242606,0.3054));
#5816=CARTESIAN_POINT('',(0.162680057742001,-0.00152998932901987,0.3054));
#5817=CARTESIAN_POINT('',(0.162680057742001,-0.00152998932901987,0.3054));
#5818=CARTESIAN_POINT('',(0.162571454487393,-0.00139506218909423,0.3053));
#5819=CARTESIAN_POINT('',(0.22325,-0.000979172092013898,0.3053));
#5820=CARTESIAN_POINT('',(0.163990274635513,-0.000979181766130536,0.3053));
#5821=CARTESIAN_POINT('',(0.163991978206451,-0.00115237814486382,0.305400000561197));
#5822=CARTESIAN_POINT('',(0.22325,-0.00115237717277079,0.3054));
#5823=CARTESIAN_POINT('',(0.162680057742001,-0.00152998932901982,0.3054));
#5824=CARTESIAN_POINT('',(0.162643856657131,-0.00148501361571131,0.3055));
#5825=CARTESIAN_POINT('',(0.162571454487393,-0.00139506218909423,0.3055));
#5826=CARTESIAN_POINT('',(0.16302884531978,-0.00124924921518151,0.305400000015626));
#5827=CARTESIAN_POINT('',(0.163007992833005,-0.00119191941106662,0.305500000024736));
#5828=CARTESIAN_POINT('',(0.162966287806375,-0.0010772597651483,0.3055));
#5829=CARTESIAN_POINT('',(0.163509175078728,-0.00115712733927566,0.3054));
#5830=CARTESIAN_POINT('',(0.163501630813983,-0.00109946371193318,0.3055));
#5831=CARTESIAN_POINT('',(0.163486542284737,-0.000984136481777068,0.3055));
#5832=CARTESIAN_POINT('',(0.163991978209638,-0.00115237846885669,0.3054));
#5833=CARTESIAN_POINT('',(0.163991410351596,-0.00109464623461466,0.3055));
#5834=CARTESIAN_POINT('',(0.163990274635513,-0.000979181766130536,0.3055));
#5835=CARTESIAN_POINT('',(0.162680057742001,-0.00152998932901987,0.3054));
#5836=CARTESIAN_POINT('',(0.163044287327116,-0.00123681985703704,0.3054));
#5837=CARTESIAN_POINT('',(0.163526862724633,-0.00115695337526605,0.3054));
#5838=CARTESIAN_POINT('',(0.163991978209638,-0.00115237846885666,0.3054));
#5839=CARTESIAN_POINT('',(0.1668,0.,0.3053));
#5840=CARTESIAN_POINT('',(0.1668,0.014,0.3053));
#5841=CARTESIAN_POINT('',(0.1668,-0.014,0.3053));
#5842=CARTESIAN_POINT('',(0.166,-0.014,0.3053));
#5843=CARTESIAN_POINT('',(0.166,-0.0148,0.3053));
#5844=CARTESIAN_POINT('',(0.166,0.014,0.3053));
#5845=CARTESIAN_POINT('',(0.166,0.0148,0.3053));
#5846=CARTESIAN_POINT('',(0.22325,-0.0148,0.3053));
#5847=CARTESIAN_POINT('',(0.16575,-0.0148,0.3053));
#5848=CARTESIAN_POINT('',(0.22325,0.0148,0.3053));
#5849=CARTESIAN_POINT('',(0.16575,0.0148,0.3053));
#5850=CARTESIAN_POINT('',(0.16575,-0.0145,0.3053));
#5851=CARTESIAN_POINT('',(0.16545,-0.0145,0.3053));
#5852=CARTESIAN_POINT('',(0.16575,0.0145,0.3053));
#5853=CARTESIAN_POINT('',(0.16545,0.0145,0.3053));
#5854=CARTESIAN_POINT('',(0.16545,0.,0.3053));
#5855=CARTESIAN_POINT('',(0.16545,-0.0135,0.3053));
#5856=CARTESIAN_POINT('',(0.16545,0.,0.3053));
#5857=CARTESIAN_POINT('',(0.16545,0.0135,0.3053));
#5858=CARTESIAN_POINT('',(0.16425,-0.0135,0.3053));
#5859=CARTESIAN_POINT('',(0.16425,-0.0123,0.3053));
#5860=CARTESIAN_POINT('',(0.16425,0.0135,0.3053));
#5861=CARTESIAN_POINT('',(0.16425,0.0123,0.3053));
#5862=CARTESIAN_POINT('',(0.149625,-0.0123,0.3053));
#5863=CARTESIAN_POINT('',(0.135,-0.0123,0.3053));
#5864=CARTESIAN_POINT('',(0.149625,0.0123,0.3053));
#5865=CARTESIAN_POINT('',(0.135,0.0123,0.3053));
#5866=CARTESIAN_POINT('',(0.135,-0.0105,0.3053));
#5867=CARTESIAN_POINT('',(0.1332,-0.0105,0.3053));
#5868=CARTESIAN_POINT('',(0.135,0.0105,0.3053));
#5869=CARTESIAN_POINT('',(0.1332,0.0105,0.3053));
#5870=CARTESIAN_POINT('',(0.1332,-0.01,0.3053));
#5871=CARTESIAN_POINT('',(0.1332,-0.0095,0.3053));
#5872=CARTESIAN_POINT('',(0.1332,0.01,0.3053));
#5873=CARTESIAN_POINT('',(0.1332,0.0095,0.3053));
#5874=CARTESIAN_POINT('',(0.135,-0.0095,0.3053));
#5875=CARTESIAN_POINT('',(0.135,-0.0077,0.3053));
#5876=CARTESIAN_POINT('',(0.135,0.0095,0.3053));
#5877=CARTESIAN_POINT('',(0.135,0.0077,0.3053));
#5878=CARTESIAN_POINT('',(0.145875,-0.0077,0.3053));
#5879=CARTESIAN_POINT('',(0.15675,-0.0077,0.3053));
#5880=CARTESIAN_POINT('',(0.145875,0.0077,0.3053));
#5881=CARTESIAN_POINT('',(0.15675,0.0077,0.3053));
#5882=CARTESIAN_POINT('',(0.15675,0.0075,0.3053));
#5883=CARTESIAN_POINT('',(0.15675,0.00750000000000006,0.3055));
#5884=CARTESIAN_POINT('',(0.15675,0.0077,0.3055));
#5885=CARTESIAN_POINT('',(0.157566154555007,0.0075,0.305299999999928));
#5886=CARTESIAN_POINT('',(0.157566154526348,0.00749999998705034,0.305499999944122));
#5887=CARTESIAN_POINT('',(0.157615123830471,0.00769999998780077,0.3055));
#5888=CARTESIAN_POINT('',(0.159140052882894,0.00686688583871605,0.305300000000033));
#5889=CARTESIAN_POINT('',(0.1591400528962,0.0068668858447243,0.305500000025943));
#5890=CARTESIAN_POINT('',(0.159275183429309,0.00702721714777807,0.3055));
#5891=CARTESIAN_POINT('',(0.160706091053766,0.00486771435209104,0.305299999999991));
#5892=CARTESIAN_POINT('',(0.160706091050184,0.00486771435048652,0.305499999993015));
#5893=CARTESIAN_POINT('',(0.160885206819351,0.00496238488100903,0.3055));
#5894=CARTESIAN_POINT('',(0.161567199779212,0.00249757197665769,0.305300000000003));
#5895=CARTESIAN_POINT('',(0.161567199780236,0.00249757197706762,0.305500000001996));
#5896=CARTESIAN_POINT('',(0.161764201278247,0.00254203802878487,0.3055));
#5897=CARTESIAN_POINT('',(0.161841314944845,5.81917734498316E-6,0.305299999999999));
#5898=CARTESIAN_POINT('',(0.161841314944334,5.81917730972874E-6,0.305499999999002));
#5899=CARTESIAN_POINT('',(0.162042811507958,5.92194807872116E-6,0.3055));
#5900=CARTESIAN_POINT('',(0.161567536950634,-0.00249914029413701,0.305300000000003));
#5901=CARTESIAN_POINT('',(0.161567536951657,-0.00249914029440593,0.305500000001996));
#5902=CARTESIAN_POINT('',(0.161764549137089,-0.00254363150220708,0.3055));
#5903=CARTESIAN_POINT('',(0.16070665717168,-0.00486486938376066,0.305299999999991));
#5904=CARTESIAN_POINT('',(0.1607066571681,-0.00486486938264971,0.305499999993015));
#5905=CARTESIAN_POINT('',(0.160885767573795,-0.00495948453050069,0.3055));
#5906=CARTESIAN_POINT('',(0.159144325571469,-0.00686433875662698,0.305300000000033));
#5907=CARTESIAN_POINT('',(0.159144325584765,-0.00686433876080199,0.305500000025943));
#5908=CARTESIAN_POINT('',(0.159279647059826,-0.00702454251991085,0.3055));
#5909=CARTESIAN_POINT('',(0.157566128558004,-0.00749999999999989,0.305299999999928));
#5910=CARTESIAN_POINT('',(0.157566128529365,-0.00749999999099879,0.305499999944124));
#5911=CARTESIAN_POINT('',(0.157615096273615,-0.00769999999198812,0.3055));
#5912=CARTESIAN_POINT('',(0.15675,-0.0075,0.3053));
#5913=CARTESIAN_POINT('',(0.15675,-0.00750000000000006,0.3055));
#5914=CARTESIAN_POINT('',(0.15675,-0.0077,0.3055));
#5915=CARTESIAN_POINT('',(0.1668,5.20417042793042E-18,0.3049));
#5916=CARTESIAN_POINT('',(0.1668,0.014,0.3049));
#5917=CARTESIAN_POINT('',(0.1668,-0.014,0.3049));
#5918=CARTESIAN_POINT('',(0.166,-0.014,0.3049));
#5919=CARTESIAN_POINT('',(0.166,-0.0148,0.3049));
#5920=CARTESIAN_POINT('',(0.166,0.014,0.3049));
#5921=CARTESIAN_POINT('',(0.166,0.0148,0.3049));
#5922=CARTESIAN_POINT('',(0.165875,-0.0148,0.3049));
#5923=CARTESIAN_POINT('',(0.16575,-0.0148,0.3049));
#5924=CARTESIAN_POINT('',(0.165875,0.0148,0.3049));
#5925=CARTESIAN_POINT('',(0.16575,0.0148,0.3049));
#5926=CARTESIAN_POINT('',(0.16575,-0.0145,0.3049));
#5927=CARTESIAN_POINT('',(0.16545,-0.0145,0.3049));
#5928=CARTESIAN_POINT('',(0.16575,0.0145,0.3049));
#5929=CARTESIAN_POINT('',(0.16545,0.0145,0.3049));
#5930=CARTESIAN_POINT('',(0.16545,-0.014,0.3049));
#5931=CARTESIAN_POINT('',(0.16545,-0.0135,0.3049));
#5932=CARTESIAN_POINT('',(0.16545,0.014,0.3049));
#5933=CARTESIAN_POINT('',(0.16545,0.0135,0.3049));
#5934=CARTESIAN_POINT('',(0.16425,-0.0135,0.3049));
#5935=CARTESIAN_POINT('',(0.16425,-0.0123,0.3049));
#5936=CARTESIAN_POINT('',(0.16425,0.0135,0.3049));
#5937=CARTESIAN_POINT('',(0.16425,0.0123,0.3049));
#5938=CARTESIAN_POINT('',(0.22325,-0.0123,0.3049));
#5939=CARTESIAN_POINT('',(0.135,-0.0123,0.3049));
#5940=CARTESIAN_POINT('',(0.22325,0.0123,0.3049));
#5941=CARTESIAN_POINT('',(0.135,0.0123,0.3049));
#5942=CARTESIAN_POINT('',(0.135,-0.0105,0.3049));
#5943=CARTESIAN_POINT('',(0.1332,-0.0105,0.3049));
#5944=CARTESIAN_POINT('',(0.135,0.0105,0.3049));
#5945=CARTESIAN_POINT('',(0.1332,0.0105,0.3049));
#5946=CARTESIAN_POINT('',(0.1332,0.,0.3049));
#5947=CARTESIAN_POINT('',(0.1332,-0.0095,0.3049));
#5948=CARTESIAN_POINT('',(0.1332,0.,0.3049));
#5949=CARTESIAN_POINT('',(0.1332,0.0095,0.3049));
#5950=CARTESIAN_POINT('',(0.135,-0.0095,0.3049));
#5951=CARTESIAN_POINT('',(0.135,-0.0077,0.3049));
#5952=CARTESIAN_POINT('',(0.135,0.0095,0.3049));
#5953=CARTESIAN_POINT('',(0.135,0.0077,0.3049));
#5954=CARTESIAN_POINT('',(0.22325,-0.0077,0.3049));
#5955=CARTESIAN_POINT('',(0.15675,-0.0077,0.3049));
#5956=CARTESIAN_POINT('',(0.22325,0.0077,0.3049));
#5957=CARTESIAN_POINT('',(0.15675,0.0077,0.3049));
#5958=CARTESIAN_POINT('',(0.15675,-0.0075,0.3049));
#5959=CARTESIAN_POINT('',(0.15675,-0.0075,0.3047));
#5960=CARTESIAN_POINT('',(0.15675,-0.0077,0.3047));
#5961=CARTESIAN_POINT('',(0.157566154554959,-0.0075,0.3049));
#5962=CARTESIAN_POINT('',(0.157566154554534,-0.00749999998843833,0.304699999999185));
#5963=CARTESIAN_POINT('',(0.157615123830423,-0.00769999998776476,0.3047));
#5964=CARTESIAN_POINT('',(0.159140052882916,-0.00686688583871599,0.3049));
#5965=CARTESIAN_POINT('',(0.159140052883114,-0.00686688584408039,0.304700000000378));
#5966=CARTESIAN_POINT('',(0.159275183429331,-0.00702721714779473,0.3047));
#5967=CARTESIAN_POINT('',(0.16070609105376,-0.00486771435209103,0.3049));
#5968=CARTESIAN_POINT('',(0.160706091053707,-0.00486771435065813,0.304699999999898));
#5969=CARTESIAN_POINT('',(0.160885206819345,-0.00496238488100452,0.3047));
#5970=CARTESIAN_POINT('',(0.161567199779214,-0.00249757197665767,0.3049));
#5971=CARTESIAN_POINT('',(0.161567199779229,-0.00249757197702487,0.304700000000029));
#5972=CARTESIAN_POINT('',(0.161764201278248,-0.00254203802878613,0.3047));
#5973=CARTESIAN_POINT('',(0.161841314944844,-5.81917734496346E-6,0.3049));
#5974=CARTESIAN_POINT('',(0.161841314944837,-5.81917730907118E-6,0.304699999999986));
#5975=CARTESIAN_POINT('',(0.162042811507958,-5.92194807806061E-6,0.3047));
#5976=CARTESIAN_POINT('',(0.161567536950637,0.00249914029413703,0.3049));
#5977=CARTESIAN_POINT('',(0.161567536950651,0.00249914029436066,0.304700000000029));
#5978=CARTESIAN_POINT('',(0.161764549137089,0.00254363150220581,0.3047));
#5979=CARTESIAN_POINT('',(0.160706657171671,0.00486486938376069,0.3049));
#5980=CARTESIAN_POINT('',(0.160706657171621,0.00486486938283028,0.304699999999898));
#5981=CARTESIAN_POINT('',(0.160885767573795,0.00495948453050519,0.3047));
#5982=CARTESIAN_POINT('',(0.159144325571502,0.00686433875662689,0.3049));
#5983=CARTESIAN_POINT('',(0.159144325571688,0.0068643387601249,0.304700000000378));
#5984=CARTESIAN_POINT('',(0.159279647059826,0.00702454251989414,0.3047));
#5985=CARTESIAN_POINT('',(0.157566128557932,0.00750000000000011,0.3049));
#5986=CARTESIAN_POINT('',(0.157566128557533,0.00749999999245836,0.304699999999185));
#5987=CARTESIAN_POINT('',(0.157615096273615,0.00769999999202414,0.3047));
#5988=CARTESIAN_POINT('',(0.15675,0.0075,0.3049));
#5989=CARTESIAN_POINT('',(0.15675,0.0075,0.3047));
#5990=CARTESIAN_POINT('',(0.15675,0.0077,0.3047));
#5991=CARTESIAN_POINT('',(0.163160610393228,-0.00301116663591567,0.3054));
#5992=CARTESIAN_POINT('',(0.163130173054147,-0.00306022682061798,0.3053));
#5993=CARTESIAN_POINT('',(0.163069298375986,-0.00315834719002264,0.3053));
#5994=CARTESIAN_POINT('',(0.163337905443443,-0.00312116189154623,0.305400000060093));
#5995=CARTESIAN_POINT('',(0.163326203808088,-0.00318184565761419,0.305299999999287));
#5996=CARTESIAN_POINT('',(0.163302800428758,-0.0033032133666672,0.3053));
#5997=CARTESIAN_POINT('',(0.163588088377236,-0.00315104551919191,0.30539999999986));
#5998=CARTESIAN_POINT('',(0.16358709305637,-0.00320877196643793,0.305299999930548));
#5999=CARTESIAN_POINT('',(0.163585102526509,-0.00332422486232646,0.3053));
#6000=CARTESIAN_POINT('',(0.163860493230357,-0.00315574215450984,0.3054));
#6001=CARTESIAN_POINT('',(0.163859497946779,-0.00321346860203549,0.3053));
#6002=CARTESIAN_POINT('',(0.163857507379623,-0.00332892149708683,0.3053));
#6003=CARTESIAN_POINT('',(0.163069298375986,-0.00315834719002264,0.3055));
#6004=CARTESIAN_POINT('',(0.163854126829408,-0.00315563238110375,0.3054));
#6005=CARTESIAN_POINT('',(0.163853821987146,-0.00319085716341407,0.305338988887353));
#6006=CARTESIAN_POINT('',(0.163853232851361,-0.00325928857308358,0.3053));
#6007=CARTESIAN_POINT('',(0.163852633336525,-0.00332883746186101,0.3053));
#6008=CARTESIAN_POINT('',(0.22325,-0.00332883746186101,0.3055));
#6009=CARTESIAN_POINT('',(0.164873969184028,-0.00332883746186101,0.3055));
#6010=CARTESIAN_POINT('',(0.163069298375986,-0.00315834719002264,0.3053));
#6011=CARTESIAN_POINT('',(0.163130173054147,-0.00306022682061798,0.3053));
#6012=CARTESIAN_POINT('',(0.163160610393228,-0.00301116663591567,0.3054));
#6013=CARTESIAN_POINT('',(0.162880483861934,-0.00304120522615248,0.3053));
#6014=CARTESIAN_POINT('',(0.162971899370992,-0.0029620325624503,0.305299999999081));
#6015=CARTESIAN_POINT('',(0.163017607122517,-0.00292244623662113,0.30540000000408));
#6016=CARTESIAN_POINT('',(0.162774108355506,-0.00282244565735316,0.3053));
#6017=CARTESIAN_POINT('',(0.162889578481236,-0.00279420770032527,0.305300000026666));
#6018=CARTESIAN_POINT('',(0.162947313567498,-0.00278008872147047,0.305399999974124));
#6019=CARTESIAN_POINT('',(0.16277410850168,-0.00260045030381945,0.3053));
#6020=CARTESIAN_POINT('',(0.162889578555518,-0.00260045030381945,0.3053));
#6021=CARTESIAN_POINT('',(0.162947313582437,-0.00260045030381945,0.3054));
#6022=CARTESIAN_POINT('',(0.16277410850168,-0.00260045030381945,0.3055));
#6023=CARTESIAN_POINT('',(0.165708363223695,-0.00317038070308499,0.3053));
#6024=CARTESIAN_POINT('',(0.165651859008761,-0.00306968012201417,0.3053));
#6025=CARTESIAN_POINT('',(0.165623606901294,-0.0030193298314788,0.3054));
#6026=CARTESIAN_POINT('',(0.165456277486049,-0.00331182844815299,0.3053));
#6027=CARTESIAN_POINT('',(0.165436382610286,-0.0031905860967415,0.305300000012377));
#6028=CARTESIAN_POINT('',(0.165426435214868,-0.00312996501449553,0.305400000061982));
#6029=CARTESIAN_POINT('',(0.165160550866352,-0.00332883749416361,0.3053));
#6030=CARTESIAN_POINT('',(0.165152117543874,-0.00321336743737004,0.305299999999917));
#6031=CARTESIAN_POINT('',(0.165147900882663,-0.00315563238807149,0.305399999987932));
#6032=CARTESIAN_POINT('',(0.164873969184028,-0.00332883746186101,0.3053));
#6033=CARTESIAN_POINT('',(0.164873969184028,-0.00321336740802306,0.3053));
#6034=CARTESIAN_POINT('',(0.164873969184028,-0.00315563238110412,0.3054));
#6035=CARTESIAN_POINT('',(0.165708363223695,-0.003170380703085,0.3055));
#6036=CARTESIAN_POINT('',(0.16277410850168,-0.00260045030381945,0.3053));
#6037=CARTESIAN_POINT('',(0.162889578555518,-0.00260045030381945,0.3053));
#6038=CARTESIAN_POINT('',(0.162947313582437,-0.00260045030381945,0.3054));
#6039=CARTESIAN_POINT('',(0.162774108393374,-0.00237186684506201,0.3053));
#6040=CARTESIAN_POINT('',(0.16288957850424,-0.0024006474321038,0.305300000008718));
#6041=CARTESIAN_POINT('',(0.162947313574993,-0.00241503772551326,0.305399999987105));
#6042=CARTESIAN_POINT('',(0.162886199145646,-0.0021477026277703,0.3053));
#6043=CARTESIAN_POINT('',(0.162976408035034,-0.00222817776581398,0.305300000003774));
#6044=CARTESIAN_POINT('',(0.163021512474344,-0.00226841533085264,0.305400000002655));
#6045=CARTESIAN_POINT('',(0.163082506812907,-0.00202953695035617,0.3053));
#6046=CARTESIAN_POINT('',(0.163142056852759,-0.00212846685527304,0.3053));
#6047=CARTESIAN_POINT('',(0.163171831872686,-0.00217793180773146,0.3054));
#6048=CARTESIAN_POINT('',(0.163082506812907,-0.00202953695035617,0.3055));
#6049=CARTESIAN_POINT('',(0.166032152349014,-0.002593994140625,0.3053));
#6050=CARTESIAN_POINT('',(0.165916682295176,-0.002593994140625,0.3053));
#6051=CARTESIAN_POINT('',(0.165858947268257,-0.002593994140625,0.3054));
#6052=CARTESIAN_POINT('',(0.166032152462357,-0.00282739627519328,0.3053));
#6053=CARTESIAN_POINT('',(0.165916682357959,-0.002797881115382,0.305300000007869));
#6054=CARTESIAN_POINT('',(0.165858947276036,-0.0027831235353762,0.305399999986526));
#6055=CARTESIAN_POINT('',(0.16591252317837,-0.00305582446208485,0.3053));
#6056=CARTESIAN_POINT('',(0.165824653943269,-0.00297272306676644,0.305300000033223));
#6057=CARTESIAN_POINT('',(0.165780719282996,-0.0029311723406803,0.305399999981469));
#6058=CARTESIAN_POINT('',(0.165708363223695,-0.00317038070308502,0.3053));
#6059=CARTESIAN_POINT('',(0.165651859008761,-0.00306968012201419,0.3053));
#6060=CARTESIAN_POINT('',(0.165623606901294,-0.00301932983147882,0.3054));
#6061=CARTESIAN_POINT('',(0.166032152349014,-0.002593994140625,0.3055));
#6062=CARTESIAN_POINT('',(0.163082506812907,-0.00202953695035617,0.3053));
#6063=CARTESIAN_POINT('',(0.163142056852759,-0.00212846685527304,0.3053));
#6064=CARTESIAN_POINT('',(0.163171831872686,-0.00217793180773146,0.3054));
#6065=CARTESIAN_POINT('',(0.16333127142751,-0.00187979558587913,0.3053));
#6066=CARTESIAN_POINT('',(0.163350772929371,-0.00200283220039138,0.305300000000195));
#6067=CARTESIAN_POINT('',(0.163360523621776,-0.00206435041060088,0.305400000065397));
#6068=CARTESIAN_POINT('',(0.163630113138443,-0.00186560694919178,0.3053));
#6069=CARTESIAN_POINT('',(0.163638496434371,-0.00198107700606202,0.305299999999936));
#6070=CARTESIAN_POINT('',(0.163642688082381,-0.00203881205612969,0.305399999987511));
#6071=CARTESIAN_POINT('',(0.163917534722223,-0.00186560698258344,0.3053));
#6072=CARTESIAN_POINT('',(0.163917534722223,-0.00198107703642139,0.3053));
#6073=CARTESIAN_POINT('',(0.163917534722223,-0.00203881206334033,0.3054));
#6074=CARTESIAN_POINT('',(0.163917534722223,-0.00186560698258344,0.3055));
#6075=CARTESIAN_POINT('',(0.165719133013133,-0.00202579957003122,0.3053));
#6076=CARTESIAN_POINT('',(0.165662136357227,-0.00212622224948567,0.3053));
#6077=CARTESIAN_POINT('',(0.165633638029274,-0.00217643358921288,0.3054));
#6078=CARTESIAN_POINT('',(0.165918507873201,-0.00213895816371192,0.3053));
#6079=CARTESIAN_POINT('',(0.165829300516291,-0.0022210991738972,0.305299999999427));
#6080=CARTESIAN_POINT('',(0.165784696841194,-0.00226216967389927,0.305400000003382));
#6081=CARTESIAN_POINT('',(0.166032152497948,-0.00236491221371289,0.3053));
#6082=CARTESIAN_POINT('',(0.165916682403146,-0.00239345622914204,0.305300000032165));
#6083=CARTESIAN_POINT('',(0.165858947283599,-0.00240772823644769,0.305399999973427));
#6084=CARTESIAN_POINT('',(0.166032152349014,-0.002593994140625,0.3053));
#6085=CARTESIAN_POINT('',(0.165916682295176,-0.002593994140625,0.3053));
#6086=CARTESIAN_POINT('',(0.165858947268257,-0.002593994140625,0.3054));
#6087=CARTESIAN_POINT('',(0.165719133013133,-0.00202579957003122,0.3055));
#6088=CARTESIAN_POINT('',(0.22325,-0.00186560698258344,0.3055));
#6089=CARTESIAN_POINT('',(0.164914400258418,-0.00203881206334072,0.3054));
#6090=CARTESIAN_POINT('',(0.164914598481644,-0.00200359063383758,0.305338994694585));
#6091=CARTESIAN_POINT('',(0.164914981488912,-0.00193520519687636,0.305299999999788));
#6092=CARTESIAN_POINT('',(0.164915371746996,-0.00186560698197444,0.3053));
#6093=CARTESIAN_POINT('',(0.165633638029274,-0.00217643358921287,0.3054));
#6094=CARTESIAN_POINT('',(0.165662136357227,-0.00212622224948566,0.3053));
#6095=CARTESIAN_POINT('',(0.165719133013133,-0.00202579957003121,0.3053));
#6096=CARTESIAN_POINT('',(0.165443806950383,-0.00206869166647899,0.305400000061701));
#6097=CARTESIAN_POINT('',(0.16545419572484,-0.00200820212026165,0.305300000013137));
#6098=CARTESIAN_POINT('',(0.165474973357927,-0.00188722284158453,0.3053));
#6099=CARTESIAN_POINT('',(0.165186141970162,-0.00204185963084783,0.3054));
#6100=CARTESIAN_POINT('',(0.165186789425032,-0.00198412823440318,0.305299999999902));
#6101=CARTESIAN_POINT('',(0.165188084334918,-0.00186866544151385,0.3053));
#6102=CARTESIAN_POINT('',(0.164908460934298,-0.00203874545100621,0.3054));
#6103=CARTESIAN_POINT('',(0.164909108389211,-0.00198101405456141,0.3053));
#6104=CARTESIAN_POINT('',(0.164910403299038,-0.00186555126167176,0.3053));
#6105=CARTESIAN_POINT('',(0.166122021514497,-0.00366448019288453,0.3054));
#6106=CARTESIAN_POINT('',(0.166085887663981,-0.00361945044515953,0.3053));
#6107=CARTESIAN_POINT('',(0.166013619962948,-0.00352939094970949,0.3053));
#6108=CARTESIAN_POINT('',(0.165733318039229,-0.00397639291376188,0.305399999935881));
#6109=CARTESIAN_POINT('',(0.165714195399279,-0.00391771249705366,0.305300000004857));
#6110=CARTESIAN_POINT('',(0.165675950250537,-0.00380035183667156,0.3053));
#6111=CARTESIAN_POINT('',(0.165230085473035,-0.00403792168031407,0.3054));
#6112=CARTESIAN_POINT('',(0.165229517614908,-0.00398018944607095,0.305299999999986));
#6113=CARTESIAN_POINT('',(0.165228381898809,-0.00386472497758856,0.3053));
#6114=CARTESIAN_POINT('',(0.164800938443073,-0.00404214279864172,0.3054));
#6115=CARTESIAN_POINT('',(0.164800370585031,-0.0039844105643997,0.3053));
#6116=CARTESIAN_POINT('',(0.164799234868948,-0.0038689460959156,0.3053));
#6117=CARTESIAN_POINT('',(0.166013619962948,-0.00352939094970949,0.3055));
#6118=CARTESIAN_POINT('',(0.16480861701816,-0.00404206727167367,0.3054));
#6119=CARTESIAN_POINT('',(0.164808443799712,-0.00400684533538127,0.305338993816801));
#6120=CARTESIAN_POINT('',(0.164808106666574,-0.00393847884567909,0.305300000000017));
#6121=CARTESIAN_POINT('',(0.164807758443203,-0.00386886219096661,0.3053));
#6122=CARTESIAN_POINT('',(0.22325,-0.00386886219091676,0.3055));
#6123=CARTESIAN_POINT('',(0.164035590277778,-0.00386886219091676,0.3055));
#6124=CARTESIAN_POINT('',(0.166013619962947,-0.00352939094970949,0.3053));
#6125=CARTESIAN_POINT('',(0.16608588766398,-0.00361945044515948,0.3053));
#6126=CARTESIAN_POINT('',(0.166122021514497,-0.00366448019288444,0.3054));
#6127=CARTESIAN_POINT('',(0.166151733819934,-0.00341856234220372,0.3053));
#6128=CARTESIAN_POINT('',(0.16623832483563,-0.00349712819767699,0.305300000006436));
#6129=CARTESIAN_POINT('',(0.16628162032006,-0.00353641110265314,0.305400000016751));
#6130=CARTESIAN_POINT('',(0.166364467894333,-0.0031272601726547,0.3053));
#6131=CARTESIAN_POINT('',(0.166478214041341,-0.00316758147883609,0.305299999993412));
#6132=CARTESIAN_POINT('',(0.166535087144485,-0.00318774214334897,0.305399999982871));
#6133=CARTESIAN_POINT('',(0.166411695338413,-0.0027705827539298,0.3053));
#6134=CARTESIAN_POINT('',(0.166527165402117,-0.00278113067838948,0.30530000000674));
#6135=CARTESIAN_POINT('',(0.166584900398104,-0.00278640464053358,0.305400000017513));
#6136=CARTESIAN_POINT('',(0.166411695307236,-0.002593994140625,0.3053));
#6137=CARTESIAN_POINT('',(0.166527165361074,-0.002593994140625,0.3053));
#6138=CARTESIAN_POINT('',(0.166584900387993,-0.002593994140625,0.3054));
#6139=CARTESIAN_POINT('',(0.166411695307236,-0.002593994140625,0.3055));
#6140=CARTESIAN_POINT('',(0.162792513133604,-0.00353620586924886,0.3053));
#6141=CARTESIAN_POINT('',(0.162720346189087,-0.00362634612358856,0.3053));
#6142=CARTESIAN_POINT('',(0.162684262716829,-0.00367141625075837,0.3054));
#6143=CARTESIAN_POINT('',(0.163137516969556,-0.00381241827645731,0.3053));
#6144=CARTESIAN_POINT('',(0.163101770943029,-0.00393171733714514,0.305300000014462));
#6145=CARTESIAN_POINT('',(0.163083897831096,-0.00399136697602632,0.305399999919502));
#6146=CARTESIAN_POINT('',(0.163597379720412,-0.00386886222161459,0.3053));
#6147=CARTESIAN_POINT('',(0.163585006492699,-0.00398433227798183,0.30529999999104));
#6148=CARTESIAN_POINT('',(0.163578819886097,-0.00404206728035174,0.305400000015031));
#6149=CARTESIAN_POINT('',(0.164035590277778,-0.00386886219091676,0.3053));
#6150=CARTESIAN_POINT('',(0.164035590277778,-0.00398433224475471,0.3053));
#6151=CARTESIAN_POINT('',(0.164035590277778,-0.00404206727167365,0.3054));
#6152=CARTESIAN_POINT('',(0.162792513133604,-0.00353620586924887,0.3055));
#6153=CARTESIAN_POINT('',(0.166411695307236,-0.002593994140625,0.3053));
#6154=CARTESIAN_POINT('',(0.166527165361074,-0.002593994140625,0.3053));
#6155=CARTESIAN_POINT('',(0.166584900387993,-0.002593994140625,0.3054));
#6156=CARTESIAN_POINT('',(0.166411695336257,-0.00241631042980724,0.3053));
#6157=CARTESIAN_POINT('',(0.166527165400082,-0.00240575270868182,0.305300000007152));
#6158=CARTESIAN_POINT('',(0.166584900397523,-0.00240047384802806,0.305400000016506));
#6159=CARTESIAN_POINT('',(0.166365762218799,-0.00206062495049948,0.3053));
#6160=CARTESIAN_POINT('',(0.166479788331146,-0.00202045881488541,0.305299999996186));
#6161=CARTESIAN_POINT('',(0.166536801416967,-0.00200037573145997,0.305399999980275));
#6162=CARTESIAN_POINT('',(0.166147501886496,-0.0017648354924539,0.3053));
#6163=CARTESIAN_POINT('',(0.16623326449163,-0.0016852912939498,0.305300000000476));
#6164=CARTESIAN_POINT('',(0.166276145769375,-0.00164551922602561,0.305400000022945));
#6165=CARTESIAN_POINT('',(0.16600642712291,-0.00165476621309123,0.3053));
#6166=CARTESIAN_POINT('',(0.16607745731716,-0.00156372751341842,0.3053));
#6167=CARTESIAN_POINT('',(0.166112972414285,-0.00151820816358203,0.3054));
#6168=CARTESIAN_POINT('',(0.16600642712291,-0.00165476621309123,0.3055));
#6169=CARTESIAN_POINT('',(0.162391798616375,-0.00259998914930555,0.3053));
#6170=CARTESIAN_POINT('',(0.162276328562537,-0.00259998914930555,0.3053));
#6171=CARTESIAN_POINT('',(0.162218593535618,-0.00259998914930555,0.3054));
#6172=CARTESIAN_POINT('',(0.162391798587711,-0.00277672049218253,0.3053));
#6173=CARTESIAN_POINT('',(0.162276328531424,-0.00278736174734158,0.305300000006916));
#6174=CARTESIAN_POINT('',(0.162218593526165,-0.00279268237483295,0.305400000016374));
#6175=CARTESIAN_POINT('',(0.162438270921718,-0.00313030529261589,0.3053));
#6176=CARTESIAN_POINT('',(0.162324498884723,-0.00317066147181852,0.30529999999293));
#6177=CARTESIAN_POINT('',(0.162267612845648,-0.00319083957654865,0.305399999980709));
#6178=CARTESIAN_POINT('',(0.162653628899337,-0.003425014180497,0.3053));
#6179=CARTESIAN_POINT('',(0.162567223377182,-0.00350375493908855,0.305300000007224));
#6180=CARTESIAN_POINT('',(0.162524020634376,-0.00354312528821482,0.305400000022208));
#6181=CARTESIAN_POINT('',(0.162792513133604,-0.00353620586924887,0.3053));
#6182=CARTESIAN_POINT('',(0.162720346189087,-0.00362634612358857,0.3053));
#6183=CARTESIAN_POINT('',(0.162684262716829,-0.00367141625075838,0.3054));
#6184=CARTESIAN_POINT('',(0.162391798616375,-0.00259998914930555,0.3055));
#6185=CARTESIAN_POINT('',(0.16600642712291,-0.00165476621309123,0.3053));
#6186=CARTESIAN_POINT('',(0.16607745731716,-0.00156372751341841,0.3053));
#6187=CARTESIAN_POINT('',(0.166112972414285,-0.00151820816358202,0.3054));
#6188=CARTESIAN_POINT('',(0.165658922787617,-0.00138363661954203,0.3053));
#6189=CARTESIAN_POINT('',(0.165694601896339,-0.00126501633909885,0.305299999999647));
#6190=CARTESIAN_POINT('',(0.165712441529348,-0.00120570609843171,0.305399999926441));
#6191=CARTESIAN_POINT('',(0.165202223454275,-0.00132558222299066,0.3053));
#6192=CARTESIAN_POINT('',(0.165214672477957,-0.0012101121664861,0.305299999995741));
#6193=CARTESIAN_POINT('',(0.165220896993261,-0.00115237716413718,0.305400000014954));
#6194=CARTESIAN_POINT('',(0.16476513671875,-0.00132558225352769,0.3053));
#6195=CARTESIAN_POINT('',(0.16476513671875,-0.00121011219968974,0.3053));
#6196=CARTESIAN_POINT('',(0.16476513671875,-0.00115237717277079,0.3054));
#6197=CARTESIAN_POINT('',(0.16476513671875,-0.00132558225352769,0.3055));
#6198=CARTESIAN_POINT('',(0.162788660996609,-0.00166491646894552,0.3053));
#6199=CARTESIAN_POINT('',(0.16271625882687,-0.00157496504232842,0.3053));
#6200=CARTESIAN_POINT('',(0.162680057742001,-0.0015299893290199,0.3054));
#6201=CARTESIAN_POINT('',(0.162650837348055,-0.00177585110512147,0.3053));
#6202=CARTESIAN_POINT('',(0.162564112090559,-0.00169742835956931,0.305300000000431));
#6203=CARTESIAN_POINT('',(0.162520749479471,-0.00165821700915097,0.305400000016574));
#6204=CARTESIAN_POINT('',(0.162438825112031,-0.00206723540730751,0.3053));
#6205=CARTESIAN_POINT('',(0.162325054393904,-0.00202706034329885,0.305299999996839));
#6206=CARTESIAN_POINT('',(0.162268169013227,-0.00200697280015429,0.305399999982988));
#6207=CARTESIAN_POINT('',(0.162391798585285,-0.00242356353930357,0.3053));
#6208=CARTESIAN_POINT('',(0.162276328528405,-0.00241304477546051,0.305300000005892));
#6209=CARTESIAN_POINT('',(0.162218593525539,-0.00240778539346359,0.305400000017458));
#6210=CARTESIAN_POINT('',(0.162391798616375,-0.00259998914930555,0.3053));
#6211=CARTESIAN_POINT('',(0.162276328562537,-0.00259998914930555,0.3053));
#6212=CARTESIAN_POINT('',(0.162218593535618,-0.00259998914930555,0.3054));
#6213=CARTESIAN_POINT('',(0.162788660996609,-0.00166491646894551,0.3055));
#6214=CARTESIAN_POINT('',(0.22325,-0.00132558225352769,0.3055));
#6215=CARTESIAN_POINT('',(0.163993681783763,-0.00132558225352769,0.3055));
#6216=CARTESIAN_POINT('',(0.163993681783763,-0.00132557517158279,0.3053));
#6217=CARTESIAN_POINT('',(0.16399254606768,-0.00121011070309869,0.3053));
#6218=CARTESIAN_POINT('',(0.163991978209638,-0.00115237846885666,0.3054));
#6219=CARTESIAN_POINT('',(0.16356707303488,-0.00132977129443993,0.3053));
#6220=CARTESIAN_POINT('',(0.163553049834731,-0.00121443358523536,0.305299999999959));
#6221=CARTESIAN_POINT('',(0.163546038234906,-0.00115676475542505,0.305400000014314));
#6222=CARTESIAN_POINT('',(0.163124746894744,-0.00139440008970222,0.3053));
#6223=CARTESIAN_POINT('',(0.163086422885205,-0.00127701908400003,0.305300000003706));
#6224=CARTESIAN_POINT('',(0.163067260803186,-0.00121832848879982,0.305399999931587));
#6225=CARTESIAN_POINT('',(0.162788660996609,-0.00166491646894549,0.3053));
#6226=CARTESIAN_POINT('',(0.16271625882687,-0.00157496504232839,0.3053));
#6227=CARTESIAN_POINT('',(0.162680057742001,-0.00152998932901988,0.3054));
#6228=CARTESIAN_POINT('',(0.166090494791667,0.000257100038138972,0.3053));
#6229=CARTESIAN_POINT('',(0.166090494791667,0.000372570091976918,0.3053));
#6230=CARTESIAN_POINT('',(0.166090494791667,0.000430305118895866,0.3054));
#6231=CARTESIAN_POINT('',(0.166010298193896,0.000257100290418854,0.3053));
#6232=CARTESIAN_POINT('',(0.165989234058132,0.000372570573063358,0.3053));
#6233=CARTESIAN_POINT('',(0.165978701990244,0.000430305267768294,0.305400000257855));
#6234=CARTESIAN_POINT('',(0.165930289269184,0.000229028436409456,0.3053));
#6235=CARTESIAN_POINT('',(0.165865695939822,0.00032926110791055,0.305299999999827));
#6236=CARTESIAN_POINT('',(0.165833399814914,0.000379376944830004,0.305400000424276));
#6237=CARTESIAN_POINT('',(0.165875659627777,0.000169930437779213,0.3053));
#6238=CARTESIAN_POINT('',(0.165790867711854,0.000248311968305153,0.3053));
#6239=CARTESIAN_POINT('',(0.165748471753893,0.000287502733568103,0.3054));
#6240=CARTESIAN_POINT('',(0.165875659627777,0.000169930437779211,0.3055));
#6241=CARTESIAN_POINT('',(0.166090494791667,0.00025710003813898,0.3055));
#6242=CARTESIAN_POINT('',(0.166301412238807,0.000171561639518275,0.3053));
#6243=CARTESIAN_POINT('',(0.166386384351728,0.000249747785088037,0.3053));
#6244=CARTESIAN_POINT('',(0.166428870408188,0.000288840857872896,0.3054));
#6245=CARTESIAN_POINT('',(0.166247971659814,0.000229640846835598,0.3053));
#6246=CARTESIAN_POINT('',(0.166312660706306,0.000329871090006861,0.305300000000266));
#6247=CARTESIAN_POINT('',(0.166345004739677,0.000379985761035198,0.305400000384175));
#6248=CARTESIAN_POINT('',(0.166169332718358,0.000257100329654902,0.3053));
#6249=CARTESIAN_POINT('',(0.166190271577675,0.000372570627985094,0.305300000197305));
#6250=CARTESIAN_POINT('',(0.16620074084633,0.000430305283257597,0.305400000284683));
#6251=CARTESIAN_POINT('',(0.166090494791667,0.000257100038138972,0.3053));
#6252=CARTESIAN_POINT('',(0.166090494791667,0.000372570091976918,0.3053));
#6253=CARTESIAN_POINT('',(0.166090494791667,0.000430305118895866,0.3054));
#6254=CARTESIAN_POINT('',(0.166301412238807,0.00017156163951827,0.3055));
#6255=CARTESIAN_POINT('',(0.165875659627777,0.000169930437779211,0.3053));
#6256=CARTESIAN_POINT('',(0.165790867711854,0.000248311968305151,0.3053));
#6257=CARTESIAN_POINT('',(0.165748471753893,0.000287502733568101,0.3054));
#6258=CARTESIAN_POINT('',(0.165816180709663,0.000105587250813038,0.3053));
#6259=CARTESIAN_POINT('',(0.16571083591242,0.000161735322569664,0.305300000000272));
#6260=CARTESIAN_POINT('',(0.165658163763762,0.000189809127169072,0.305400000196712));
#6261=CARTESIAN_POINT('',(0.165790507168103,1.77987574153372E-5,0.3053));
#6262=CARTESIAN_POINT('',(0.165675036980922,3.68654376075975E-5,0.305300000024508));
#6263=CARTESIAN_POINT('',(0.165617302194094,4.63987777120668E-5,0.305400000188595));
#6264=CARTESIAN_POINT('',(0.165790507383736,-6.96343315972388E-5,0.3053));
#6265=CARTESIAN_POINT('',(0.165675037329898,-6.96343315972383E-5,0.3053));
#6266=CARTESIAN_POINT('',(0.165617302302979,-6.96343315972381E-5,0.3054));
#6267=CARTESIAN_POINT('',(0.165790507383736,-6.96343315972374E-5,0.3055));
#6268=CARTESIAN_POINT('',(0.16638494834543,-6.96343315972374E-5,0.3053));
#6269=CARTESIAN_POINT('',(0.166500418399268,-6.96343315972374E-5,0.3053));
#6270=CARTESIAN_POINT('',(0.166558153426187,-6.96343315972374E-5,0.3054));
#6271=CARTESIAN_POINT('',(0.166384948525396,1.79261022425709E-5,0.3053));
#6272=CARTESIAN_POINT('',(0.166500418708618,3.60332521058155E-5,0.305300000003132));
#6273=CARTESIAN_POINT('',(0.166558153519055,4.50868270384906E-5,0.305400000160851));
#6274=CARTESIAN_POINT('',(0.166360987942935,0.000106815516909433,0.3053));
#6275=CARTESIAN_POINT('',(0.16646764629219,0.000161433773373005,0.305300000289377));
#6276=CARTESIAN_POINT('',(0.166520974905428,0.000188742602373009,0.305400000254463));
#6277=CARTESIAN_POINT('',(0.166301412238807,0.000171561639518279,0.3053));
#6278=CARTESIAN_POINT('',(0.166386384351728,0.000249747785088035,0.3053));
#6279=CARTESIAN_POINT('',(0.166428870408188,0.000288840857872893,0.3054));
#6280=CARTESIAN_POINT('',(0.16638494834543,-6.96343315972374E-5,0.3055));
#6281=CARTESIAN_POINT('',(0.165790507383736,-6.96343315972374E-5,0.3053));
#6282=CARTESIAN_POINT('',(0.165675037329898,-6.96343315972374E-5,0.3053));
#6283=CARTESIAN_POINT('',(0.165617302302979,-6.96343315972374E-5,0.3054));
#6284=CARTESIAN_POINT('',(0.165790507194638,-0.000156005803930322,0.3053));
#6285=CARTESIAN_POINT('',(0.165675036993483,-0.00017550932120584,0.305300000003435));
#6286=CARTESIAN_POINT('',(0.165617302199765,-0.000185261079842408,0.305400000178772));
#6287=CARTESIAN_POINT('',(0.165816539791902,-0.000242235931689678,0.3053));
#6288=CARTESIAN_POINT('',(0.165711746674645,-0.000299055476579311,0.305300000000242));
#6289=CARTESIAN_POINT('',(0.165659350476756,-0.000327464914226113,0.305400000284232));
#6290=CARTESIAN_POINT('',(0.165875488917429,-0.000305786665187352,0.3053));
#6291=CARTESIAN_POINT('',(0.165790831636513,-0.000384313591278207,0.3053));
#6292=CARTESIAN_POINT('',(0.165748502996055,-0.000423577054323611,0.3054));
#6293=CARTESIAN_POINT('',(0.165875488917429,-0.000305786665187356,0.3055));
#6294=CARTESIAN_POINT('',(0.166301584240306,-0.000307415616019483,0.3053));
#6295=CARTESIAN_POINT('',(0.166386420699921,-0.000385748932388485,0.3053));
#6296=CARTESIAN_POINT('',(0.166428838929729,-0.000424915590572956,0.3054));
#6297=CARTESIAN_POINT('',(0.16636050796762,-0.000243600264093095,0.3053));
#6298=CARTESIAN_POINT('',(0.166466551073388,-0.00029896671714984,0.305300000003288));
#6299=CARTESIAN_POINT('',(0.16651957237855,-0.00032664971741935,0.30540000019255));
#6300=CARTESIAN_POINT('',(0.166384948559508,-0.000156267018105683,0.3053));
#6301=CARTESIAN_POINT('',(0.166500418770702,-0.000174802009996353,0.30530000002716));
#6302=CARTESIAN_POINT('',(0.166558153533143,-0.000184069505932318,0.305400000185252));
#6303=CARTESIAN_POINT('',(0.16638494834543,-6.96343315972367E-5,0.3053));
#6304=CARTESIAN_POINT('',(0.166500418399268,-6.96343315972369E-5,0.3053));
#6305=CARTESIAN_POINT('',(0.166558153426187,-6.9634331597237E-5,0.3054));
#6306=CARTESIAN_POINT('',(0.166301584240306,-0.000307415616019483,0.3055));
#6307=CARTESIAN_POINT('',(0.165875488917429,-0.000305786665187356,0.3053));
#6308=CARTESIAN_POINT('',(0.165790831636513,-0.00038431359127821,0.3053));
#6309=CARTESIAN_POINT('',(0.165748502996055,-0.000423577054323615,0.3054));
#6310=CARTESIAN_POINT('',(0.165930157453826,-0.000364723376258197,0.3053));
#6311=CARTESIAN_POINT('',(0.165865776173777,-0.000465109761764701,0.305299999999822));
#6312=CARTESIAN_POINT('',(0.165833585994272,-0.000515302527475146,0.305400000362544));
#6313=CARTESIAN_POINT('',(0.166010194115805,-0.000392679749957928,0.3053));
#6314=CARTESIAN_POINT('',(0.165989199268665,-0.000508150038872745,0.305300000181095));
#6315=CARTESIAN_POINT('',(0.165978701697319,-0.00056588470510057,0.305400000275606));
#6316=CARTESIAN_POINT('',(0.166090494791667,-0.000392679465222335,0.3053));
#6317=CARTESIAN_POINT('',(0.166090494791667,-0.000508149519060282,0.3053));
#6318=CARTESIAN_POINT('',(0.166090494791667,-0.00056588454597923,0.3054));
#6319=CARTESIAN_POINT('',(0.166090494791667,-0.000392679465222336,0.3055));
#6320=CARTESIAN_POINT('',(0.166090494791667,-0.000392679465222335,0.3053));
#6321=CARTESIAN_POINT('',(0.166090494791667,-0.000508149519060282,0.3053));
#6322=CARTESIAN_POINT('',(0.166090494791667,-0.00056588454597923,0.3054));
#6323=CARTESIAN_POINT('',(0.166169240145155,-0.000392679721558955,0.3053));
#6324=CARTESIAN_POINT('',(0.1661900573701,-0.0005081500084998,0.3053));
#6325=CARTESIAN_POINT('',(0.166200465982573,-0.000565884697476974,0.305400000262402));
#6326=CARTESIAN_POINT('',(0.166247966115556,-0.000365485577417138,0.3053));
#6327=CARTESIAN_POINT('',(0.166312386798659,-0.000465930231577951,0.305300000003351));
#6328=CARTESIAN_POINT('',(0.166344596570175,-0.000516152034843735,0.30540000044579));
#6329=CARTESIAN_POINT('',(0.166301584240306,-0.000307415616019458,0.3053));
#6330=CARTESIAN_POINT('',(0.166386420699921,-0.000385748932388474,0.3053));
#6331=CARTESIAN_POINT('',(0.166428838929729,-0.000424915590572945,0.3054));
#6332=CARTESIAN_POINT('',(0.163459147135417,0.00186468467355563,0.3053));
#6333=CARTESIAN_POINT('',(0.163459147135417,0.00198015472739358,0.3053));
#6334=CARTESIAN_POINT('',(0.163459147135417,0.00203788975431252,0.3054));
#6335=CARTESIAN_POINT('',(0.163279545132435,0.00186468459514466,0.3053));
#6336=CARTESIAN_POINT('',(0.163297748297053,0.00198015467770671,0.305299999999942));
#6337=CARTESIAN_POINT('',(0.163306849879407,0.00203788974548142,0.305399999984704));
#6338=CARTESIAN_POINT('',(0.16309814271876,0.00191075874244476,0.3053));
#6339=CARTESIAN_POINT('',(0.163149015577103,0.00202033913891618,0.305300000001769));
#6340=CARTESIAN_POINT('',(0.163174451971645,0.0020751293002588,0.305400000028646));
#6341=CARTESIAN_POINT('',(0.162963650186949,0.00203188812059515,0.3053));
#6342=CARTESIAN_POINT('',(0.16304092596273,0.00211768898195971,0.3053));
#6343=CARTESIAN_POINT('',(0.16307956385062,0.00216058941264199,0.3054));
#6344=CARTESIAN_POINT('',(0.162963650186949,0.00203188812059514,0.3055));
#6345=CARTESIAN_POINT('',(0.163459147135417,0.00186468467355564,0.3055));
#6346=CARTESIAN_POINT('',(0.163957411109868,0.00202906537639631,0.3053));
#6347=CARTESIAN_POINT('',(0.163882681163775,0.0021170924659218,0.3053));
#6348=CARTESIAN_POINT('',(0.163845316190729,0.00216110601068451,0.3054));
#6349=CARTESIAN_POINT('',(0.163820205396534,0.00191258566852319,0.3053));
#6350=CARTESIAN_POINT('',(0.163770219513258,0.00202161904313001,0.305300000000888));
#6351=CARTESIAN_POINT('',(0.163745226593712,0.00207613570355471,0.305400000020352));
#6352=CARTESIAN_POINT('',(0.163638641200548,0.00186468458517163,0.3053));
#6353=CARTESIAN_POINT('',(0.163620098233942,0.00198015466685624,0.305299999846824));
#6354=CARTESIAN_POINT('',(0.163610826873645,0.00203788974311655,0.305399999980608));
#6355=CARTESIAN_POINT('',(0.163459147135417,0.00186468467355563,0.3053));
#6356=CARTESIAN_POINT('',(0.163459147135417,0.00198015472739358,0.3053));
#6357=CARTESIAN_POINT('',(0.163459147135417,0.00203788975431252,0.3054));
#6358=CARTESIAN_POINT('',(0.163957411109868,0.00202906537639629,0.3055));
#6359=CARTESIAN_POINT('',(0.162963650186949,0.00203188812059514,0.3053));
#6360=CARTESIAN_POINT('',(0.16304092596273,0.0021176889819597,0.3053));
#6361=CARTESIAN_POINT('',(0.16307956385062,0.00216058941264198,0.3054));
#6362=CARTESIAN_POINT('',(0.162832428122362,0.0021500721116818,0.3053));
#6363=CARTESIAN_POINT('',(0.162935878473817,0.00221229911506674,0.305299999993101));
#6364=CARTESIAN_POINT('',(0.162987603625477,0.00224341258397639,0.305400000025539));
#6365=CARTESIAN_POINT('',(0.162771341461208,0.00232736641166406,0.3053));
#6366=CARTESIAN_POINT('',(0.162886811560634,0.00234989600265492,0.305299999995538));
#6367=CARTESIAN_POINT('',(0.162944546644999,0.00236116079820525,0.305399999982064));
#6368=CARTESIAN_POINT('',(0.162771341574597,0.00250360785590276,0.3053));
#6369=CARTESIAN_POINT('',(0.162886811628435,0.00250360785590275,0.3053));
#6370=CARTESIAN_POINT('',(0.162944546655354,0.00250360785590275,0.3054));
#6371=CARTESIAN_POINT('',(0.162771341574597,0.00250360785590275,0.3055));
#6372=CARTESIAN_POINT('',(0.16416170964068,0.00250683593749997,0.3053));
#6373=CARTESIAN_POINT('',(0.164046239586843,0.00250683593749997,0.3053));
#6374=CARTESIAN_POINT('',(0.163988504559924,0.00250683593749997,0.3054));
#6375=CARTESIAN_POINT('',(0.164161709746035,0.00232688144803372,0.3053));
#6376=CARTESIAN_POINT('',(0.164046239646048,0.00235050205110608,0.305300000006436));
#6377=CARTESIAN_POINT('',(0.163988504567668,0.00236231235256317,0.305399999986586));
#6378=CARTESIAN_POINT('',(0.164095013909791,0.00214588220714081,0.3053));
#6379=CARTESIAN_POINT('',(0.163993399621194,0.00221108609445842,0.30529999999941));
#6380=CARTESIAN_POINT('',(0.163942592493628,0.00224368801898563,0.305400000014492));
#6381=CARTESIAN_POINT('',(0.163957411109868,0.00202906537639628,0.3053));
#6382=CARTESIAN_POINT('',(0.163882681163775,0.00211709246592177,0.3053));
#6383=CARTESIAN_POINT('',(0.163845316190729,0.00216110601068449,0.3054));
#6384=CARTESIAN_POINT('',(0.16416170964068,0.00250683593749997,0.3055));
#6385=CARTESIAN_POINT('',(0.162771341574597,0.00250360785590275,0.3053));
#6386=CARTESIAN_POINT('',(0.162886811628435,0.00250360785590275,0.3053));
#6387=CARTESIAN_POINT('',(0.162944546655354,0.00250360785590275,0.3054));
#6388=CARTESIAN_POINT('',(0.162771341477783,0.00268220680457766,0.3053));
#6389=CARTESIAN_POINT('',(0.162886811573468,0.00265943193872254,0.305299999991752));
#6390=CARTESIAN_POINT('',(0.162944546648499,0.00264804450589665,0.305399999988126));
#6391=CARTESIAN_POINT('',(0.162834288756438,0.00286216144984292,0.3053));
#6392=CARTESIAN_POINT('',(0.162937213143521,0.00279879775253024,0.305300000007317));
#6393=CARTESIAN_POINT('',(0.162988675321134,0.00276711591526392,0.305400000008809));
#6394=CARTESIAN_POINT('',(0.162969346274864,0.00298038930770434,0.3053));
#6395=CARTESIAN_POINT('',(0.163045402997626,0.00289350600518912,0.3053));
#6396=CARTESIAN_POINT('',(0.163083431359007,0.00285006435393155,0.3054));
#6397=CARTESIAN_POINT('',(0.162969346274864,0.00298038930770435,0.3055));
#6398=CARTESIAN_POINT('',(0.163956819248566,0.00298372280319165,0.3053));
#6399=CARTESIAN_POINT('',(0.163882556088765,0.00289530155896924,0.3053));
#6400=CARTESIAN_POINT('',(0.163845424508865,0.00285109093685807,0.3054));
#6401=CARTESIAN_POINT('',(0.16409498922475,0.00286767672779489,0.3053));
#6402=CARTESIAN_POINT('',(0.163993457806035,0.00280215747485359,0.305300000006991));
#6403=CARTESIAN_POINT('',(0.163942692118362,0.00276939788079915,0.305400000024504));
#6404=CARTESIAN_POINT('',(0.164161709757324,0.00268695378380189,0.3053));
#6405=CARTESIAN_POINT('',(0.1640462396555,0.00266331174107045,0.305300000006702));
#6406=CARTESIAN_POINT('',(0.163988504569746,0.00265149071962245,0.305399999982987));
#6407=CARTESIAN_POINT('',(0.16416170964068,0.00250683593749996,0.3053));
#6408=CARTESIAN_POINT('',(0.164046239586843,0.00250683593749996,0.3053));
#6409=CARTESIAN_POINT('',(0.163988504559924,0.00250683593749996,0.3054));
#6410=CARTESIAN_POINT('',(0.163956819248566,0.00298372280319164,0.3055));
#6411=CARTESIAN_POINT('',(0.162969346274864,0.00298038930770435,0.3053));
#6412=CARTESIAN_POINT('',(0.163045402997626,0.00289350600518912,0.3053));
#6413=CARTESIAN_POINT('',(0.163083431359007,0.00285006435393155,0.3054));
#6414=CARTESIAN_POINT('',(0.163102974908749,0.00309736633440565,0.3053));
#6415=CARTESIAN_POINT('',(0.16315436123452,0.00298888682376481,0.305300000007052));
#6416=CARTESIAN_POINT('',(0.163180054367588,0.0029346470959668,0.305400000021184));
#6417=CARTESIAN_POINT('',(0.163282022393099,0.00314622036691741,0.3053));
#6418=CARTESIAN_POINT('',(0.163301041547822,0.00303075027984791,0.305299999819945));
#6419=CARTESIAN_POINT('',(0.163310551269786,0.00297301520484936,0.305399999980523));
#6420=CARTESIAN_POINT('',(0.163459147135417,0.00314622027436098,0.3053));
#6421=CARTESIAN_POINT('',(0.163459147135417,0.00303075022052303,0.3053));
#6422=CARTESIAN_POINT('',(0.163459147135417,0.00297301519360409,0.3054));
#6423=CARTESIAN_POINT('',(0.163459147135417,0.00314622027436098,0.3055));
#6424=CARTESIAN_POINT('',(0.163459147135417,0.00314622027436098,0.3053));
#6425=CARTESIAN_POINT('',(0.163459147135417,0.00303075022052303,0.3053));
#6426=CARTESIAN_POINT('',(0.163459147135417,0.00297301519360409,0.3054));
#6427=CARTESIAN_POINT('',(0.163638534698285,0.00314622034414037,0.3053));
#6428=CARTESIAN_POINT('',(0.163620174987394,0.00303075026387029,0.3053));
#6429=CARTESIAN_POINT('',(0.163610995131934,0.00297301520113681,0.305399999986953));
#6430=CARTESIAN_POINT('',(0.163818573165771,0.00309983272946084,0.3053));
#6431=CARTESIAN_POINT('',(0.16376929306478,0.00299042874231017,0.305300000000868));
#6432=CARTESIAN_POINT('',(0.163744653038079,0.00293572677790593,0.305400000022006));
#6433=CARTESIAN_POINT('',(0.163956819248566,0.00298372280319158,0.3053));
#6434=CARTESIAN_POINT('',(0.163882556088765,0.00289530155896918,0.3053));
#6435=CARTESIAN_POINT('',(0.163845424508865,0.00285109093685801,0.3054));
#6436=CARTESIAN_POINT('',(0.165289008246528,0.00177245377077785,0.3053));
#6437=CARTESIAN_POINT('',(0.165289008246528,0.0018879238246158,0.3053));
#6438=CARTESIAN_POINT('',(0.165289008246528,0.00194565885153474,0.3054));
#6439=CARTESIAN_POINT('',(0.165090248087403,0.00177245369806004,0.3053));
#6440=CARTESIAN_POINT('',(0.165110894434901,0.00188792378033863,0.305299999999994));
#6441=CARTESIAN_POINT('',(0.165121217608648,0.00194565884402054,0.305399999986985));
#6442=CARTESIAN_POINT('',(0.164890503515157,0.00183313745325021,0.3053));
#6443=CARTESIAN_POINT('',(0.164946836254425,0.0019394720328156,0.305300000008373));
#6444=CARTESIAN_POINT('',(0.164975002618002,0.00199263932327466,0.305399999999386));
#6445=CARTESIAN_POINT('',(0.164747345693447,0.00197264540956113,0.3053));
#6446=CARTESIAN_POINT('',(0.164827934333713,0.00205534247355565,0.3053));
#6447=CARTESIAN_POINT('',(0.164868228653846,0.00209669100555288,0.3054));
#6448=CARTESIAN_POINT('',(0.164747345693447,0.00197264540956114,0.3055));
#6449=CARTESIAN_POINT('',(0.165289008246528,0.00177245377077786,0.3055));
#6450=CARTESIAN_POINT('',(0.165822379742616,0.00196855709262019,0.3053));
#6451=CARTESIAN_POINT('',(0.165742874536365,0.00205229630393852,0.3053));
#6452=CARTESIAN_POINT('',(0.165703121933239,0.00209416590959767,0.3054));
#6453=CARTESIAN_POINT('',(0.165680526085255,0.00183387581839501,0.3053));
#6454=CARTESIAN_POINT('',(0.165624385760641,0.00193979856381328,0.305300000000564));
#6455=CARTESIAN_POINT('',(0.165596315613589,0.00199275991996923,0.305400000013175));
#6456=CARTESIAN_POINT('',(0.165484216389739,0.00177245368524422,0.3053));
#6457=CARTESIAN_POINT('',(0.165463163991761,0.00188792376950643,0.305299999988989));
#6458=CARTESIAN_POINT('',(0.165452637801699,0.0019456588415922,0.305399999982779));
#6459=CARTESIAN_POINT('',(0.165289008246528,0.00177245377077785,0.3053));
#6460=CARTESIAN_POINT('',(0.165289008246528,0.0018879238246158,0.3053));
#6461=CARTESIAN_POINT('',(0.165289008246528,0.00194565885153474,0.3054));
#6462=CARTESIAN_POINT('',(0.165822379742616,0.00196855709262017,0.3055));
#6463=CARTESIAN_POINT('',(0.164747345693447,0.00197264540956114,0.3053));
#6464=CARTESIAN_POINT('',(0.164827934333713,0.00205534247355566,0.3053));
#6465=CARTESIAN_POINT('',(0.164868228653846,0.00209669100555289,0.3054));
#6466=CARTESIAN_POINT('',(0.164607073320352,0.00210934141947648,0.3053));
#6467=CARTESIAN_POINT('',(0.164711086074355,0.00216921162198453,0.305300000001915));
#6468=CARTESIAN_POINT('',(0.164763092434779,0.00219914670780799,0.305400000012429));
#6469=CARTESIAN_POINT('',(0.164540330198881,0.0023053314981323,0.3053));
#6470=CARTESIAN_POINT('',(0.164655800289688,0.00232774434143673,0.305300000003478));
#6471=CARTESIAN_POINT('',(0.164713535361042,0.00233895076304624,0.30539999998339));
#6472=CARTESIAN_POINT('',(0.164540330289875,0.00250084092881942,0.3053));
#6473=CARTESIAN_POINT('',(0.164655800343713,0.00250084092881942,0.3053));
#6474=CARTESIAN_POINT('',(0.164713535370632,0.00250084092881942,0.3054));
#6475=CARTESIAN_POINT('',(0.164540330289875,0.00250084092881941,0.3055));
#6476=CARTESIAN_POINT('',(0.166032152349014,0.00250729709201386,0.3053));
#6477=CARTESIAN_POINT('',(0.165916682295176,0.00250729709201386,0.3053));
#6478=CARTESIAN_POINT('',(0.165858947268257,0.00250729709201386,0.3054));
#6479=CARTESIAN_POINT('',(0.166032152428759,0.00230785045910148,0.3053));
#6480=CARTESIAN_POINT('',(0.165916682347413,0.00232919276450644,0.305300000008105));
#6481=CARTESIAN_POINT('',(0.165858947276232,0.00233986391710912,0.305399999986187));
#6482=CARTESIAN_POINT('',(0.16596786107897,0.00210668257296455,0.3053));
#6483=CARTESIAN_POINT('',(0.165862794790801,0.00216615330182255,0.305299999716922));
#6484=CARTESIAN_POINT('',(0.165810261878522,0.0021958886677758,0.305400000001432));
#6485=CARTESIAN_POINT('',(0.165822379742616,0.00196855709262019,0.3053));
#6486=CARTESIAN_POINT('',(0.165742874536365,0.00205229630393852,0.3053));
#6487=CARTESIAN_POINT('',(0.165703121933239,0.00209416590959767,0.3054));
#6488=CARTESIAN_POINT('',(0.166032152349014,0.00250729709201386,0.3055));
#6489=CARTESIAN_POINT('',(0.164540330289875,0.00250084092881941,0.3053));
#6490=CARTESIAN_POINT('',(0.164655800343713,0.00250084092881941,0.3053));
#6491=CARTESIAN_POINT('',(0.164713535370632,0.00250084092881941,0.3054));
#6492=CARTESIAN_POINT('',(0.164540330213894,0.00269821682543781,0.3053));
#6493=CARTESIAN_POINT('',(0.164655800304025,0.00267590558807417,0.305300000005997));
#6494=CARTESIAN_POINT('',(0.164713535364032,0.00266474996931904,0.305399999988569));
#6495=CARTESIAN_POINT('',(0.164606985610486,0.00289570260228305,0.3053));
#6496=CARTESIAN_POINT('',(0.164711097423211,0.00283566966546487,0.305299999747256));
#6497=CARTESIAN_POINT('',(0.164763153535961,0.00280565319894508,0.305399999998918));
#6498=CARTESIAN_POINT('',(0.164749782375521,0.0030332994119529,0.3053));
#6499=CARTESIAN_POINT('',(0.164829904069618,0.00295014986313678,0.3053));
#6500=CARTESIAN_POINT('',(0.164869964916666,0.00290857508872872,0.3054));
#6501=CARTESIAN_POINT('',(0.164749782375521,0.00303329941195289,0.3055));
#6502=CARTESIAN_POINT('',(0.165829865121371,0.00303676229101361,0.3053));
#6503=CARTESIAN_POINT('',(0.165749184497301,0.00295415496547303,0.3053));
#6504=CARTESIAN_POINT('',(0.165708844185266,0.00291285130270277,0.3054));
#6505=CARTESIAN_POINT('',(0.165969871098952,0.00290002173898985,0.3053));
#6506=CARTESIAN_POINT('',(0.165864400541162,0.00284162613465279,0.30530000000747));
#6507=CARTESIAN_POINT('',(0.165811665278122,0.0028124283548317,0.305400000018109));
#6508=CARTESIAN_POINT('',(0.166032152442366,0.00270252888714274,0.3053));
#6509=CARTESIAN_POINT('',(0.165916682359477,0.00268145602342089,0.305300000008034));
#6510=CARTESIAN_POINT('',(0.165858947279074,0.00267091959146128,0.305399999981265));
#6511=CARTESIAN_POINT('',(0.166032152349014,0.00250729709201387,0.3053));
#6512=CARTESIAN_POINT('',(0.165916682295176,0.00250729709201386,0.3053));
#6513=CARTESIAN_POINT('',(0.165858947268257,0.00250729709201386,0.3054));
#6514=CARTESIAN_POINT('',(0.165829865121371,0.0030367622910136,0.3055));
#6515=CARTESIAN_POINT('',(0.164749782375521,0.00303329941195289,0.3053));
#6516=CARTESIAN_POINT('',(0.164829904069618,0.00295014986313677,0.3053));
#6517=CARTESIAN_POINT('',(0.164869964916666,0.00290857508872872,0.3054));
#6518=CARTESIAN_POINT('',(0.16489237770936,0.00317070218966185,0.3053));
#6519=CARTESIAN_POINT('',(0.164948918992104,0.00306483088036774,0.305299999992797));
#6520=CARTESIAN_POINT('',(0.164977189622888,0.00301189524286325,0.305400000013675));
#6521=CARTESIAN_POINT('',(0.165091407283234,0.00323291740887146,0.3053));
#6522=CARTESIAN_POINT('',(0.165112416430205,0.00311744732478968,0.305299999999994));
#6523=CARTESIAN_POINT('',(0.165122921003708,0.00305971225234861,0.305399999982448));
#6524=CARTESIAN_POINT('',(0.165289008246528,0.00323291732297209,0.3053));
#6525=CARTESIAN_POINT('',(0.165289008246528,0.00311744726913414,0.3053));
#6526=CARTESIAN_POINT('',(0.165289008246528,0.0030597122422152,0.3054));
#6527=CARTESIAN_POINT('',(0.165289008246528,0.00323291732297209,0.3055));
#6528=CARTESIAN_POINT('',(0.165289008246528,0.00323291732297209,0.3053));
#6529=CARTESIAN_POINT('',(0.165289008246528,0.00311744726913414,0.3053));
#6530=CARTESIAN_POINT('',(0.165289008246528,0.0030597122422152,0.3054));
#6531=CARTESIAN_POINT('',(0.16548742130244,0.00323291739893857,0.3053));
#6532=CARTESIAN_POINT('',(0.165467741143113,0.00311744731741904,0.305299999999987));
#6533=CARTESIAN_POINT('',(0.165457901063462,0.00305971225082626,0.305399999985085));
#6534=CARTESIAN_POINT('',(0.165686899565647,0.00317639328996992,0.3053));
#6535=CARTESIAN_POINT('',(0.165631794053609,0.00306880735593557,0.30530000000684));
#6536=CARTESIAN_POINT('',(0.16560424132558,0.00301501442317836,0.305400000027714));
#6537=CARTESIAN_POINT('',(0.165829865121371,0.00303676229101361,0.3053));
#6538=CARTESIAN_POINT('',(0.165749184497301,0.00295415496547303,0.3053));
#6539=CARTESIAN_POINT('',(0.165708844185266,0.00291285130270277,0.3054));
#6540=CARTESIAN_POINT('',(0.163975430507993,0.00370251512920321,0.3054));
#6541=CARTESIAN_POINT('',(0.163944085515881,0.00365402982418384,0.3053));
#6542=CARTESIAN_POINT('',(0.163881395531657,0.00355705921414506,0.3053));
#6543=CARTESIAN_POINT('',(0.16410848474328,0.00361649764528538,0.305400000000323));
#6544=CARTESIAN_POINT('',(0.164070088291817,0.003572570997316,0.305300000002075));
#6545=CARTESIAN_POINT('',(0.16399329538492,0.00348471770035608,0.3053));
#6546=CARTESIAN_POINT('',(0.164333784469493,0.0033712376948359,0.305399999999842));
#6547=CARTESIAN_POINT('',(0.16428154963843,0.00334396607830945,0.305299999998979));
#6548=CARTESIAN_POINT('',(0.164177079978257,0.0032894228457649,0.3053));
#6549=CARTESIAN_POINT('',(0.164437775247413,0.0031269926961781,0.3054));
#6550=CARTESIAN_POINT('',(0.164386673046766,0.00310012452869027,0.305299999999966));
#6551=CARTESIAN_POINT('',(0.164284468645525,0.0030463881937146,0.3053));
#6552=CARTESIAN_POINT('',(0.164499100549104,0.00301035437727536,0.3054));
#6553=CARTESIAN_POINT('',(0.164447998348415,0.00298348620990234,0.3053));
#6554=CARTESIAN_POINT('',(0.164345793947035,0.00292974987515627,0.3053));
#6555=CARTESIAN_POINT('',(0.163881395531657,0.00355705921414505,0.3055));
#6556=CARTESIAN_POINT('',(0.164337078413371,0.00331640133245299,0.3054));
#6557=CARTESIAN_POINT('',(0.164339057020214,0.00321204744658466,0.305312741873961));
#6558=CARTESIAN_POINT('',(0.164341339761241,0.00306767104329459,0.3053));
#6559=CARTESIAN_POINT('',(0.164343599403442,0.00293392381100937,0.3053));
#6560=CARTESIAN_POINT('',(0.164826945971357,0.00362291468214604,0.3053));
#6561=CARTESIAN_POINT('',(0.164761104599117,0.00371777377256386,0.3053));
#6562=CARTESIAN_POINT('',(0.164728183912998,0.00376520331777274,0.3054));
#6563=CARTESIAN_POINT('',(0.164708190992865,0.0035404872481478,0.3053));
#6564=CARTESIAN_POINT('',(0.164629105110369,0.00362615337241687,0.305300000001103));
#6565=CARTESIAN_POINT('',(0.16458956216775,0.00366898643522229,0.305399999999517));
#6566=CARTESIAN_POINT('',(0.164512433397146,0.0033251864792914,0.3053));
#6567=CARTESIAN_POINT('',(0.164407865201782,0.00337921594492794,0.305299999999428));
#6568=CARTESIAN_POINT('',(0.164355581104805,0.00340623067741159,0.305400000000241));
#6569=CARTESIAN_POINT('',(0.164403588839979,0.00305802695785867,0.3053));
#6570=CARTESIAN_POINT('',(0.164299627549148,0.00310828015015905,0.305300000000041));
#6571=CARTESIAN_POINT('',(0.164247646903695,0.00313340674630686,0.305400000000002));
#6572=CARTESIAN_POINT('',(0.164341372991364,0.0029293179210234,0.3053));
#6573=CARTESIAN_POINT('',(0.164237411700371,0.00297957111304444,0.3053));
#6574=CARTESIAN_POINT('',(0.164185431054874,0.00300469770905496,0.3054));
#6575=CARTESIAN_POINT('',(0.164826945971357,0.00362291468214603,0.3055));
#6576=CARTESIAN_POINT('',(0.163881395531657,0.00355705921414506,0.3053));
#6577=CARTESIAN_POINT('',(0.163944085515881,0.00365402982418384,0.3053));
#6578=CARTESIAN_POINT('',(0.163975430507993,0.00370251512920321,0.3054));
#6579=CARTESIAN_POINT('',(0.163743891078077,0.00364595369513207,0.3053));
#6580=CARTESIAN_POINT('',(0.163786847060129,0.00375568204390658,0.305300000000042));
#6581=CARTESIAN_POINT('',(0.163808325043511,0.00381054620652867,0.305400000008088));
#6582=CARTESIAN_POINT('',(0.163582046466082,0.00368624506027226,0.3053));
#6583=CARTESIAN_POINT('',(0.16359949112043,0.00380171513573862,0.305300000000037));
#6584=CARTESIAN_POINT('',(0.163608213447563,0.00385945010649797,0.305400000038667));
#6585=CARTESIAN_POINT('',(0.163418565538195,0.00368624500341673,0.3053));
#6586=CARTESIAN_POINT('',(0.163418565538195,0.00380171505725468,0.3053));
#6587=CARTESIAN_POINT('',(0.163418565538195,0.00385945008417362,0.3054));
#6588=CARTESIAN_POINT('',(0.163418565538195,0.00368624500341673,0.3055));
#6589=CARTESIAN_POINT('',(0.165349880642361,0.00377570897911117,0.3053));
#6590=CARTESIAN_POINT('',(0.165349880642361,0.00389117903294912,0.3053));
#6591=CARTESIAN_POINT('',(0.165349880642361,0.00394891405986807,0.3054));
#6592=CARTESIAN_POINT('',(0.165164226473882,0.00377570902904061,0.3053));
#6593=CARTESIAN_POINT('',(0.165146541394383,0.00389117910136031,0.305299999999994));
#6594=CARTESIAN_POINT('',(0.16513769885463,0.00394891407928098,0.305400000033624));
#6595=CARTESIAN_POINT('',(0.16498012037871,0.00372923253110602,0.3053));
#6596=CARTESIAN_POINT('',(0.164935228783219,0.00383863280373765,0.305300000006681));
#6597=CARTESIAN_POINT('',(0.16491278299312,0.00389333292112613,0.305400000013203));
#6598=CARTESIAN_POINT('',(0.164826945971357,0.00362291468214602,0.3053));
#6599=CARTESIAN_POINT('',(0.164761104599117,0.00371777377256384,0.3053));
#6600=CARTESIAN_POINT('',(0.164728183912998,0.00376520331777273,0.3054));
#6601=CARTESIAN_POINT('',(0.165349880642361,0.00377570897911118,0.3055));
#6602=CARTESIAN_POINT('',(0.163418565538195,0.00368624500341673,0.3053));
#6603=CARTESIAN_POINT('',(0.163418565538195,0.00380171505725468,0.3053));
#6604=CARTESIAN_POINT('',(0.163418565538195,0.00385945008417362,0.3054));
#6605=CARTESIAN_POINT('',(0.163138664907073,0.00368624506965773,0.3053));
#6606=CARTESIAN_POINT('',(0.163116937360467,0.00380171514223335,0.305300000000036));
#6607=CARTESIAN_POINT('',(0.163106073587108,0.0038594501077601,0.305400000040853));
#6608=CARTESIAN_POINT('',(0.162857185500361,0.00358840031141944,0.3053));
#6609=CARTESIAN_POINT('',(0.162792476774346,0.00368964249969207,0.305300000740228));
#6610=CARTESIAN_POINT('',(0.162760121895805,0.00374026351455143,0.305400000057305));
#6611=CARTESIAN_POINT('',(0.16267116616303,0.00337712566351539,0.3053));
#6612=CARTESIAN_POINT('',(0.162584501124075,0.00345343099987045,0.3053));
#6613=CARTESIAN_POINT('',(0.162541168604597,0.00349158366804797,0.3054));
#6614=CARTESIAN_POINT('',(0.16267116616303,0.00337712566351541,0.3055));
#6615=CARTESIAN_POINT('',(0.166122080436366,0.00344662900940223,0.3053));
#6616=CARTESIAN_POINT('',(0.166209916964258,0.00352158284653679,0.3053));
#6617=CARTESIAN_POINT('',(0.166253835228204,0.00355905976510405,0.3054));
#6618=CARTESIAN_POINT('',(0.165932799239065,0.0036684429964196,0.3053));
#6619=CARTESIAN_POINT('',(0.165999421952,0.00376825682468541,0.305300000011345));
#6620=CARTESIAN_POINT('',(0.166032733243482,0.00381816369105931,0.305400000042285));
#6621=CARTESIAN_POINT('',(0.165641106687055,0.00377570905543647,0.3053));
#6622=CARTESIAN_POINT('',(0.165663588270911,0.00389117912878849,0.305299999999879));
#6623=CARTESIAN_POINT('',(0.165674829062937,0.00394891408626775,0.305400000045726));
#6624=CARTESIAN_POINT('',(0.165349880642361,0.00377570897911117,0.3053));
#6625=CARTESIAN_POINT('',(0.165349880642361,0.00389117903294912,0.3053));
#6626=CARTESIAN_POINT('',(0.165349880642361,0.00394891405986807,0.3054));
#6627=CARTESIAN_POINT('',(0.166122080436366,0.0034466290094022,0.3055));
#6628=CARTESIAN_POINT('',(0.16267116616303,0.00337712566351541,0.3053));
#6629=CARTESIAN_POINT('',(0.162584501124075,0.00345343099987047,0.3053));
#6630=CARTESIAN_POINT('',(0.162541168604597,0.00349158366804798,0.3054));
#6631=CARTESIAN_POINT('',(0.162462469901343,0.00314009540013701,0.3053));
#6632=CARTESIAN_POINT('',(0.1623513291583,0.00318860205372542,0.305299999998907));
#6633=CARTESIAN_POINT('',(0.162295758766272,0.00321285539935264,0.305399999983559));
#6634=CARTESIAN_POINT('',(0.162391798564206,0.00281765969444095,0.3053));
#6635=CARTESIAN_POINT('',(0.162276328507164,0.00283398730100084,0.305300000009733));
#6636=CARTESIAN_POINT('',(0.16221859351945,0.00284215110416199,0.305400000028005));
#6637=CARTESIAN_POINT('',(0.162391798616375,0.00250360785590275,0.3053));
#6638=CARTESIAN_POINT('',(0.162276328562537,0.00250360785590275,0.3053));
#6639=CARTESIAN_POINT('',(0.162218593535618,0.00250360785590275,0.3054));
#6640=CARTESIAN_POINT('',(0.162391798616375,0.00250360785590275,0.3055));
#6641=CARTESIAN_POINT('',(0.166411695307236,0.00250683593749997,0.3053));
#6642=CARTESIAN_POINT('',(0.166527165361074,0.00250683593749997,0.3053));
#6643=CARTESIAN_POINT('',(0.166584900387993,0.00250683593749997,0.3054));
#6644=CARTESIAN_POINT('',(0.166411695346263,0.00284337970802756,0.3053));
#6645=CARTESIAN_POINT('',(0.166527165413537,0.00285897669667341,0.305300000013137));
#6646=CARTESIAN_POINT('',(0.166584900400098,0.00286677519083491,0.305400000020967));
#6647=CARTESIAN_POINT('',(0.166342964638509,0.0031877802592629,0.3053));
#6648=CARTESIAN_POINT('',(0.166455530831824,0.00323375401948467,0.305300000011789));
#6649=CARTESIAN_POINT('',(0.166511813951284,0.00325674092707251,0.305399999975353));
#6650=CARTESIAN_POINT('',(0.166122080436366,0.00344662900940221,0.3053));
#6651=CARTESIAN_POINT('',(0.166209916964258,0.00352158284653678,0.3053));
#6652=CARTESIAN_POINT('',(0.166253835228204,0.00355905976510404,0.3054));
#6653=CARTESIAN_POINT('',(0.166411695307236,0.00250683593749997,0.3055));
#6654=CARTESIAN_POINT('',(0.162391798616375,0.00250360785590275,0.3053));
#6655=CARTESIAN_POINT('',(0.162276328562537,0.00250360785590275,0.3053));
#6656=CARTESIAN_POINT('',(0.162218593535618,0.00250360785590275,0.3054));
#6657=CARTESIAN_POINT('',(0.162391798572165,0.00218894448977801,0.3053));
#6658=CARTESIAN_POINT('',(0.162276328517065,0.00217253798933107,0.305300000012717));
#6659=CARTESIAN_POINT('',(0.162218593521564,0.00216433473895127,0.305400000024343));
#6660=CARTESIAN_POINT('',(0.162461869399962,0.00186747602501421,0.3053));
#6661=CARTESIAN_POINT('',(0.162350690905371,0.00181866068912983,0.305300000002251));
#6662=CARTESIAN_POINT('',(0.16229510163336,0.00179425300074952,0.30539999998229));
#6663=CARTESIAN_POINT('',(0.162673326602502,0.00163031339974499,0.3053));
#6664=CARTESIAN_POINT('',(0.162587139885245,0.00155346821055287,0.3053));
#6665=CARTESIAN_POINT('',(0.162544046526617,0.00151504561595684,0.3054));
#6666=CARTESIAN_POINT('',(0.162673326602502,0.001630313399745,0.3055));
#6667=CARTESIAN_POINT('',(0.166120556622698,0.00156411121933169,0.3053));
#6668=CARTESIAN_POINT('',(0.166208503841244,0.0014892872921207,0.3053));
#6669=CARTESIAN_POINT('',(0.166252477450518,0.00145187532851522,0.3054));
#6670=CARTESIAN_POINT('',(0.166340522403787,0.00182265664595415,0.3053));
#6671=CARTESIAN_POINT('',(0.166452714298758,0.00177632965048729,0.305300000000664));
#6672=CARTESIAN_POINT('',(0.166508810277077,0.0017531661260477,0.305399999976212));
#6673=CARTESIAN_POINT('',(0.166411695353986,0.0021694285657145,0.3053));
#6674=CARTESIAN_POINT('',(0.16652716542488,0.00215372098652102,0.305300000019054));
#6675=CARTESIAN_POINT('',(0.166584900402164,0.00214586719668988,0.305400000024545));
#6676=CARTESIAN_POINT('',(0.166411695307236,0.00250683593749997,0.3053));
#6677=CARTESIAN_POINT('',(0.166527165361074,0.00250683593749997,0.3053));
#6678=CARTESIAN_POINT('',(0.166584900387993,0.00250683593749997,0.3054));
#6679=CARTESIAN_POINT('',(0.166120556622698,0.00156411121933168,0.3055));
#6680=CARTESIAN_POINT('',(0.162673326602502,0.001630313399745,0.3053));
#6681=CARTESIAN_POINT('',(0.162587139885245,0.00155346821055288,0.3053));
#6682=CARTESIAN_POINT('',(0.162544046526618,0.00151504561595685,0.3054));
#6683=CARTESIAN_POINT('',(0.162859436910836,0.0014215788971586,0.3053));
#6684=CARTESIAN_POINT('',(0.162794739178468,0.00132063241608016,0.305300000000251));
#6685=CARTESIAN_POINT('',(0.162762390364168,0.00127015922196614,0.305400000040278));
#6686=CARTESIAN_POINT('',(0.163139274351596,0.00132189294075955,0.3053));
#6687=CARTESIAN_POINT('',(0.163117192781052,0.00120642286688652,0.30529999998421));
#6688=CARTESIAN_POINT('',(0.163106152008484,0.00114868790999668,0.305400000046182));
#6689=CARTESIAN_POINT('',(0.163418565538195,0.00132189301741654,0.3053));
#6690=CARTESIAN_POINT('',(0.163418565538195,0.0012064229635786,0.3053));
#6691=CARTESIAN_POINT('',(0.163418565538195,0.00114868793665965,0.3054));
#6692=CARTESIAN_POINT('',(0.163418565538195,0.00132189301741654,0.3055));
#6693=CARTESIAN_POINT('',(0.165349880642361,0.0012324290417221,0.3053));
#6694=CARTESIAN_POINT('',(0.165349880642361,0.00111695898788415,0.3053));
#6695=CARTESIAN_POINT('',(0.165349880642361,0.00105922396096521,0.3054));
#6696=CARTESIAN_POINT('',(0.165640715792863,0.00123242897520978,0.3053));
#6697=CARTESIAN_POINT('',(0.165663594855526,0.0011169589020805,0.3053));
#6698=CARTESIAN_POINT('',(0.165675034386842,0.00105922393710282,0.305400000041331));
#6699=CARTESIAN_POINT('',(0.16593115343444,0.00134148867646104,0.3053));
#6700=CARTESIAN_POINT('',(0.165998249453119,0.00124215643068598,0.305299999999756));
#6701=CARTESIAN_POINT('',(0.166031797389502,0.00119249037004452,0.305400000055458));
#6702=CARTESIAN_POINT('',(0.166120556622698,0.0015641112193317,0.3053));
#6703=CARTESIAN_POINT('',(0.166208503841245,0.0014892872921207,0.3053));
#6704=CARTESIAN_POINT('',(0.166252477450518,0.00145187532851522,0.3054));
#6705=CARTESIAN_POINT('',(0.165349880642361,0.00123242904172209,0.3055));
#6706=CARTESIAN_POINT('',(0.163418565538195,0.00132189301741654,0.3053));
#6707=CARTESIAN_POINT('',(0.163418565538195,0.0012064229635786,0.3053));
#6708=CARTESIAN_POINT('',(0.163418565538195,0.00114868793665965,0.3054));
#6709=CARTESIAN_POINT('',(0.163582054498847,0.00132189296895384,0.3053));
#6710=CARTESIAN_POINT('',(0.163599320720405,0.0012064228947932,0.305299999999995));
#6711=CARTESIAN_POINT('',(0.163607953831196,0.00114868791692299,0.305400000034185));
#6712=CARTESIAN_POINT('',(0.163743753407909,0.00136151983313632,0.3053));
#6713=CARTESIAN_POINT('',(0.163786239986209,0.00125160522354446,0.305299999998028));
#6714=CARTESIAN_POINT('',(0.163807483262883,0.00119664794071723,0.305400000015058));
#6715=CARTESIAN_POINT('',(0.163881905653697,0.00145002363258413,0.3053));
#6716=CARTESIAN_POINT('',(0.163944193317353,0.00135279410882897,0.3053));
#6717=CARTESIAN_POINT('',(0.163975337149181,0.00130417934695141,0.3054));
#6718=CARTESIAN_POINT('',(0.163881905653697,0.00145002363258414,0.3055));
#6719=CARTESIAN_POINT('',(0.164824554319546,0.00138514004092133,0.3053));
#6720=CARTESIAN_POINT('',(0.164759144379227,0.00128998294428196,0.3053));
#6721=CARTESIAN_POINT('',(0.164726439409068,0.00124240439596232,0.3054));
#6722=CARTESIAN_POINT('',(0.164978500979346,0.00127931880387054,0.3053));
#6723=CARTESIAN_POINT('',(0.164933790175319,0.00116993333852602,0.305300000007687));
#6724=CARTESIAN_POINT('',(0.164911434773504,0.00111524061512906,0.305400000006521));
#6725=CARTESIAN_POINT('',(0.165163485304273,0.0012324289872509,0.3053));
#6726=CARTESIAN_POINT('',(0.165145780893858,0.00111695891482839,0.305300000000161));
#6727=CARTESIAN_POINT('',(0.165136928688523,0.00105922394037779,0.305400000035658));
#6728=CARTESIAN_POINT('',(0.165349880642361,0.0012324290417221,0.3053));
#6729=CARTESIAN_POINT('',(0.165349880642361,0.00111695898788415,0.3053));
#6730=CARTESIAN_POINT('',(0.165349880642361,0.00105922396096521,0.3054));
#6731=CARTESIAN_POINT('',(0.164824554319546,0.00138514004092131,0.3055));
#6732=CARTESIAN_POINT('',(0.163881905653697,0.00145002363258414,0.3053));
#6733=CARTESIAN_POINT('',(0.163944193317353,0.00135279410882897,0.3053));
#6734=CARTESIAN_POINT('',(0.163975337149181,0.00130417934695141,0.3054));
#6735=CARTESIAN_POINT('',(0.163994281598269,0.00152201447969679,0.3053));
#6736=CARTESIAN_POINT('',(0.164070941817294,0.00143399236883395,0.305299999999872));
#6737=CARTESIAN_POINT('',(0.164109271926725,0.00138998131368404,0.305400000000192));
#6738=CARTESIAN_POINT('',(0.164178283749353,0.00171778844242178,0.3053));
#6739=CARTESIAN_POINT('',(0.16428300087898,0.00166361036499049,0.305300000000045));
#6740=CARTESIAN_POINT('',(0.164335359443854,0.00163652132613419,0.305399999999904));
#6741=CARTESIAN_POINT('',(0.164285648387839,0.00196122672365053,0.3053));
#6742=CARTESIAN_POINT('',(0.164387852789245,0.00190749038890516,0.305300000000038));
#6743=CARTESIAN_POINT('',(0.164438954989908,0.0018806222215323,0.3054));
#6744=CARTESIAN_POINT('',(0.16434706654729,0.00207804165437348,0.3053));
#6745=CARTESIAN_POINT('',(0.16444927094867,0.00202430531962741,0.3053));
#6746=CARTESIAN_POINT('',(0.16450037314936,0.0019974371522544,0.3054));
#6747=CARTESIAN_POINT('',(0.164336874715204,0.00168862613016815,0.3054));
#6748=CARTESIAN_POINT('',(0.164339195842807,0.00179386152442142,0.305312412998368));
#6749=CARTESIAN_POINT('',(0.16434208925685,0.00193924074548073,0.3053));
#6750=CARTESIAN_POINT('',(0.164344868680749,0.00207386139840309,0.3053));
#6751=CARTESIAN_POINT('',(0.164726439409068,0.00124240439596231,0.3054));
#6752=CARTESIAN_POINT('',(0.164759144379227,0.00128998294428195,0.3053));
#6753=CARTESIAN_POINT('',(0.164824554319546,0.00138514004092132,0.3053));
#6754=CARTESIAN_POINT('',(0.164587327641857,0.00133802829063476,0.305400000003068));
#6755=CARTESIAN_POINT('',(0.164626700425887,0.00138102345557301,0.30530000000504));
#6756=CARTESIAN_POINT('',(0.164705445991831,0.0014670137941745,0.3053));
#6757=CARTESIAN_POINT('',(0.164351140464257,0.00160295011097007,0.305399999998468));
#6758=CARTESIAN_POINT('',(0.164403783756678,0.00162948414972336,0.305299999997514));
#6759=CARTESIAN_POINT('',(0.164509070342546,0.00168255222286868,0.3053));
#6760=CARTESIAN_POINT('',(0.1642471958859,0.00187558211385348,0.305399999999998));
#6761=CARTESIAN_POINT('',(0.164299363524262,0.00190031813695365,0.305299999999932));
#6762=CARTESIAN_POINT('',(0.164403698801055,0.00194979018315299,0.3053));
#6763=CARTESIAN_POINT('',(0.164186182379647,0.00200425803408932,0.3054));
#6764=CARTESIAN_POINT('',(0.164238350018045,0.00202899405715937,0.3053));
#6765=CARTESIAN_POINT('',(0.164342685294841,0.00207846610329949,0.3053));
#6766=MECHANICAL_DESIGN_GEOMETRIC_PRESENTATION_REPRESENTATION('',(#2975),
#6767);
#6767=(
GEOMETRIC_REPRESENTATION_CONTEXT(3)
GLOBAL_UNCERTAINTY_ASSIGNED_CONTEXT((#6768))
GLOBAL_UNIT_ASSIGNED_CONTEXT((#6771,#6770,#6769))
REPRESENTATION_CONTEXT('BLOCKS_spacer_0.8','TOP_LEVEL_ASSEMBLY_PART')
);
#6768=UNCERTAINTY_MEASURE_WITH_UNIT(LENGTH_MEASURE(2.E-5),#6771,
'DISTANCE_ACCURACY_VALUE','Maximum Tolerance applied to model');
#6769=(
NAMED_UNIT(*)
SI_UNIT($,.STERADIAN.)
SOLID_ANGLE_UNIT()
);
#6770=(
NAMED_UNIT(*)
PLANE_ANGLE_UNIT()
SI_UNIT($,.RADIAN.)
);
#6771=(
LENGTH_UNIT()
NAMED_UNIT(*)
SI_UNIT($,.METRE.)
);
#6772=PRODUCT_DEFINITION_SHAPE('','',#6773);
#6773=PRODUCT_DEFINITION('','',#6775,#6774);
#6774=PRODUCT_DEFINITION_CONTEXT('',#6781,'design');
#6775=PRODUCT_DEFINITION_FORMATION_WITH_SPECIFIED_SOURCE('','',#6777,
 .NOT_KNOWN.);
#6776=PRODUCT_RELATED_PRODUCT_CATEGORY('','',(#6777));
#6777=PRODUCT('BLOCKS_spacer_0.8','BLOCKS_spacer_0.8',
'BLOCKS_spacer_0.8',(#6779));
#6778=PRODUCT_CATEGORY('','');
#6779=PRODUCT_CONTEXT('',#6781,'mechanical');
#6780=APPLICATION_PROTOCOL_DEFINITION('international standard',
'ap242_managed_model_based_3d_engineering',2020,#6781);
#6781=APPLICATION_CONTEXT('managed model based 3d engineering');
ENDSEC;
END-ISO-10303-21;
