ISO-10303-21;
HEADER;
/* Generated by software containing ST-Developer
 * from STEP Tools, Inc. (www.steptools.com) 
 */
/* OPTION: using custom renumber hook */

FILE_DESCRIPTION(
/* description */ ('STEP AP242 Edition 2',
'CAx-IF Rec.Pracs.---Representation and Presentation of Product Manufa
cturing Information (PMI)---4.0---2014-10-13',
'CAx-IF Rec.Pracs.---3D Tessellated Geometry---0.4---2014-09-14','2;1',
'CAx-IF Rec.Pracs.---User Defined Attributes---1.5---2016-08-15'),
/* implementation_level */ '2;1');

FILE_NAME(
/* name */ 'blocks - BLOCKS_cap',
/* time_stamp */ '2026-05-09T11:06:04Z',
/* author */ (''),
/* organization */ (''),
/* preprocessor_version */ 'ST-DEVELOPER v20',
/* originating_system */ 'ONSHAPE BY PTC INC, 1.214',
/* authorisation */ '  ');

FILE_SCHEMA (('AP242_MANAGED_MODEL_BASED_3D_ENGINEERING_MIM_LF { 1 0 10303 442 3 1 4 }'));
ENDSEC;

DATA;
#10=SHAPE_REPRESENTATION_RELATIONSHIP('','',#1727,#11);
#11=ADVANCED_BREP_SHAPE_REPRESENTATION('',(#1725),#3069);
#12=TOROIDAL_SURFACE('',#1858,0.0005,0.0005);
#13=TOROIDAL_SURFACE('',#1860,0.0005,0.0005);
#14=TOROIDAL_SURFACE('',#1866,0.0005,0.0005);
#15=TOROIDAL_SURFACE('',#1868,0.0005,0.0005);
#16=TOROIDAL_SURFACE('',#1874,0.0005,0.0005);
#17=TOROIDAL_SURFACE('',#1876,0.0005,0.0005);
#18=TOROIDAL_SURFACE('',#1882,0.0005,0.0005);
#19=TOROIDAL_SURFACE('',#1884,0.0005,0.0005);
#20=TOROIDAL_SURFACE('',#1890,0.0005,0.0005);
#21=TOROIDAL_SURFACE('',#1892,0.0005,0.0005);
#22=TOROIDAL_SURFACE('',#1898,0.0005,0.0005);
#23=TOROIDAL_SURFACE('',#1900,0.0005,0.0005);
#24=TOROIDAL_SURFACE('',#1906,0.0005,0.0005);
#25=TOROIDAL_SURFACE('',#1908,0.0005,0.0005);
#26=TOROIDAL_SURFACE('',#1914,0.0005,0.0005);
#27=TOROIDAL_SURFACE('',#1916,0.0005,0.0005);
#28=TOROIDAL_SURFACE('',#1919,0.008232408120756,0.0005);
#29=TOROIDAL_SURFACE('',#1926,0.00823240812075601,0.0005);
#30=TOROIDAL_SURFACE('',#1928,0.008232408120756,0.0005);
#31=TOROIDAL_SURFACE('',#1934,0.008232408120756,0.0005);
#32=TOROIDAL_SURFACE('',#1935,0.0095,0.0005);
#33=TOROIDAL_SURFACE('',#1942,0.0095,0.0005);
#34=TOROIDAL_SURFACE('',#1944,0.0095,0.0005);
#35=TOROIDAL_SURFACE('',#1950,0.0095,0.0005);
#36=TOROIDAL_SURFACE('',#1954,0.0095,0.0005);
#37=TOROIDAL_SURFACE('',#1956,0.0095,0.0005);
#38=TOROIDAL_SURFACE('',#1962,0.0095,0.0005);
#39=TOROIDAL_SURFACE('',#1964,0.0095,0.0005);
#40=CONICAL_SURFACE('',#1808,0.01,0.588002603547567);
#41=CONICAL_SURFACE('',#1811,0.01,0.588002603547567);
#42=CONICAL_SURFACE('',#1816,0.01,0.588002603547567);
#43=CONICAL_SURFACE('',#1819,0.01,0.588002603547567);
#44=CIRCLE('',#1731,0.01);
#45=CIRCLE('',#1732,0.01);
#46=CIRCLE('',#1735,0.01);
#47=CIRCLE('',#1736,0.01);
#48=CIRCLE('',#1739,0.01);
#49=CIRCLE('',#1740,0.01);
#50=CIRCLE('',#1743,0.01);
#51=CIRCLE('',#1744,0.01);
#52=CIRCLE('',#1746,0.0095);
#53=CIRCLE('',#1747,0.0095);
#54=CIRCLE('',#1748,0.0095);
#55=CIRCLE('',#1749,0.0095);
#56=CIRCLE('',#1751,0.008232408120756);
#57=CIRCLE('',#1752,0.008232408120756);
#58=CIRCLE('',#1753,0.008232408120756);
#59=CIRCLE('',#1754,0.00823240812075601);
#60=CIRCLE('',#1755,0.001);
#61=CIRCLE('',#1756,0.001);
#62=CIRCLE('',#1757,0.001);
#63=CIRCLE('',#1758,0.001);
#64=CIRCLE('',#1759,0.001);
#65=CIRCLE('',#1760,0.001);
#66=CIRCLE('',#1761,0.001);
#67=CIRCLE('',#1762,0.001);
#68=CIRCLE('',#1763,0.001);
#69=CIRCLE('',#1764,0.001);
#70=CIRCLE('',#1765,0.001);
#71=CIRCLE('',#1766,0.001);
#72=CIRCLE('',#1767,0.001);
#73=CIRCLE('',#1768,0.001);
#74=CIRCLE('',#1769,0.001);
#75=CIRCLE('',#1770,0.001);
#76=CIRCLE('',#1776,0.0005);
#77=CIRCLE('',#1777,0.0005);
#78=CIRCLE('',#1778,0.0005);
#79=CIRCLE('',#1779,0.0005);
#80=CIRCLE('',#1785,0.0005);
#81=CIRCLE('',#1786,0.0005);
#82=CIRCLE('',#1787,0.0005);
#83=CIRCLE('',#1788,0.0005);
#84=CIRCLE('',#1794,0.0005);
#85=CIRCLE('',#1795,0.0005);
#86=CIRCLE('',#1796,0.0005);
#87=CIRCLE('',#1797,0.0005);
#88=CIRCLE('',#1803,0.0005);
#89=CIRCLE('',#1804,0.0005);
#90=CIRCLE('',#1805,0.0005);
#91=CIRCLE('',#1806,0.0005);
#92=CIRCLE('',#1809,0.00864843326792492);
#93=CIRCLE('',#1810,0.00991602514716892);
#94=CIRCLE('',#1812,0.00864843326792492);
#95=CIRCLE('',#1813,0.00991602514716892);
#96=CIRCLE('',#1817,0.00864843326792492);
#97=CIRCLE('',#1818,0.00991602514716892);
#98=CIRCLE('',#1820,0.00864843326792492);
#99=CIRCLE('',#1821,0.00991602514716892);
#100=CIRCLE('',#1824,0.001);
#101=CIRCLE('',#1826,0.001);
#102=CIRCLE('',#1828,0.001);
#103=CIRCLE('',#1830,0.001);
#104=CIRCLE('',#1832,0.001);
#105=CIRCLE('',#1834,0.001);
#106=CIRCLE('',#1836,0.001);
#107=CIRCLE('',#1838,0.001);
#108=CIRCLE('',#1840,0.001);
#109=CIRCLE('',#1842,0.001);
#110=CIRCLE('',#1844,0.001);
#111=CIRCLE('',#1846,0.001);
#112=CIRCLE('',#1848,0.001);
#113=CIRCLE('',#1850,0.001);
#114=CIRCLE('',#1852,0.001);
#115=CIRCLE('',#1854,0.001);
#116=CIRCLE('',#1856,0.0005);
#117=CIRCLE('',#1857,0.0005);
#118=CIRCLE('',#1859,0.0005);
#119=CIRCLE('',#1861,0.0005);
#120=CIRCLE('',#1863,0.0005);
#121=CIRCLE('',#1865,0.0005);
#122=CIRCLE('',#1867,0.0005);
#123=CIRCLE('',#1869,0.0005);
#124=CIRCLE('',#1872,0.0005);
#125=CIRCLE('',#1873,0.0005);
#126=CIRCLE('',#1875,0.0005);
#127=CIRCLE('',#1877,0.0005);
#128=CIRCLE('',#1879,0.0005);
#129=CIRCLE('',#1881,0.0005);
#130=CIRCLE('',#1883,0.0005);
#131=CIRCLE('',#1885,0.0005);
#132=CIRCLE('',#1888,0.0005);
#133=CIRCLE('',#1889,0.0005);
#134=CIRCLE('',#1891,0.0005);
#135=CIRCLE('',#1893,0.0005);
#136=CIRCLE('',#1895,0.0005);
#137=CIRCLE('',#1897,0.0005);
#138=CIRCLE('',#1899,0.0005);
#139=CIRCLE('',#1901,0.0005);
#140=CIRCLE('',#1904,0.0005);
#141=CIRCLE('',#1905,0.0005);
#142=CIRCLE('',#1907,0.0005);
#143=CIRCLE('',#1909,0.0005);
#144=CIRCLE('',#1911,0.0005);
#145=CIRCLE('',#1913,0.0005);
#146=CIRCLE('',#1915,0.0005);
#147=CIRCLE('',#1917,0.0005);
#148=CIRCLE('',#1920,0.0005);
#149=CIRCLE('',#1921,0.0005);
#150=CIRCLE('',#1923,0.0005);
#151=CIRCLE('',#1925,0.0005);
#152=CIRCLE('',#1927,0.0005);
#153=CIRCLE('',#1929,0.0005);
#154=CIRCLE('',#1931,0.0005);
#155=CIRCLE('',#1933,0.0005);
#156=CIRCLE('',#1936,0.0005);
#157=CIRCLE('',#1937,0.0005);
#158=CIRCLE('',#1939,0.0005);
#159=CIRCLE('',#1941,0.0005);
#160=CIRCLE('',#1943,0.0005);
#161=CIRCLE('',#1945,0.0005);
#162=CIRCLE('',#1947,0.0005);
#163=CIRCLE('',#1949,0.0005);
#164=CIRCLE('',#1952,0.0005);
#165=CIRCLE('',#1953,0.0005);
#166=CIRCLE('',#1955,0.0005);
#167=CIRCLE('',#1957,0.0005);
#168=CIRCLE('',#1959,0.0005);
#169=CIRCLE('',#1961,0.0005);
#170=CIRCLE('',#1963,0.0005);
#171=CIRCLE('',#1965,0.0005);
#172=CYLINDRICAL_SURFACE('',#1730,0.01);
#173=CYLINDRICAL_SURFACE('',#1734,0.01);
#174=CYLINDRICAL_SURFACE('',#1738,0.01);
#175=CYLINDRICAL_SURFACE('',#1742,0.01);
#176=CYLINDRICAL_SURFACE('',#1823,0.001);
#177=CYLINDRICAL_SURFACE('',#1825,0.001);
#178=CYLINDRICAL_SURFACE('',#1827,0.001);
#179=CYLINDRICAL_SURFACE('',#1829,0.001);
#180=CYLINDRICAL_SURFACE('',#1831,0.001);
#181=CYLINDRICAL_SURFACE('',#1833,0.001);
#182=CYLINDRICAL_SURFACE('',#1835,0.001);
#183=CYLINDRICAL_SURFACE('',#1837,0.001);
#184=CYLINDRICAL_SURFACE('',#1839,0.001);
#185=CYLINDRICAL_SURFACE('',#1841,0.001);
#186=CYLINDRICAL_SURFACE('',#1843,0.001);
#187=CYLINDRICAL_SURFACE('',#1845,0.001);
#188=CYLINDRICAL_SURFACE('',#1847,0.001);
#189=CYLINDRICAL_SURFACE('',#1849,0.001);
#190=CYLINDRICAL_SURFACE('',#1851,0.001);
#191=CYLINDRICAL_SURFACE('',#1853,0.001);
#192=CYLINDRICAL_SURFACE('',#1855,0.0005);
#193=CYLINDRICAL_SURFACE('',#1862,0.0005);
#194=CYLINDRICAL_SURFACE('',#1864,0.0005);
#195=CYLINDRICAL_SURFACE('',#1870,0.0005);
#196=CYLINDRICAL_SURFACE('',#1871,0.0005);
#197=CYLINDRICAL_SURFACE('',#1878,0.0005);
#198=CYLINDRICAL_SURFACE('',#1880,0.0005);
#199=CYLINDRICAL_SURFACE('',#1886,0.0005);
#200=CYLINDRICAL_SURFACE('',#1887,0.0005);
#201=CYLINDRICAL_SURFACE('',#1894,0.0005);
#202=CYLINDRICAL_SURFACE('',#1896,0.0005);
#203=CYLINDRICAL_SURFACE('',#1902,0.0005);
#204=CYLINDRICAL_SURFACE('',#1903,0.0005);
#205=CYLINDRICAL_SURFACE('',#1910,0.0005);
#206=CYLINDRICAL_SURFACE('',#1912,0.0005);
#207=CYLINDRICAL_SURFACE('',#1918,0.0005);
#208=CYLINDRICAL_SURFACE('',#1922,0.0005);
#209=CYLINDRICAL_SURFACE('',#1924,0.0005);
#210=CYLINDRICAL_SURFACE('',#1930,0.0005);
#211=CYLINDRICAL_SURFACE('',#1932,0.0005);
#212=CYLINDRICAL_SURFACE('',#1938,0.0005);
#213=CYLINDRICAL_SURFACE('',#1940,0.0005);
#214=CYLINDRICAL_SURFACE('',#1946,0.0005);
#215=CYLINDRICAL_SURFACE('',#1948,0.0005);
#216=CYLINDRICAL_SURFACE('',#1951,0.0005);
#217=CYLINDRICAL_SURFACE('',#1958,0.0005);
#218=CYLINDRICAL_SURFACE('',#1960,0.0005);
#219=CYLINDRICAL_SURFACE('',#1966,0.0005);
#220=ORIENTED_EDGE('',*,*,#716,.T.);
#221=ORIENTED_EDGE('',*,*,#717,.T.);
#222=ORIENTED_EDGE('',*,*,#718,.F.);
#223=ORIENTED_EDGE('',*,*,#719,.T.);
#224=ORIENTED_EDGE('',*,*,#718,.T.);
#225=ORIENTED_EDGE('',*,*,#720,.T.);
#226=ORIENTED_EDGE('',*,*,#721,.F.);
#227=ORIENTED_EDGE('',*,*,#722,.T.);
#228=ORIENTED_EDGE('',*,*,#721,.T.);
#229=ORIENTED_EDGE('',*,*,#723,.T.);
#230=ORIENTED_EDGE('',*,*,#724,.F.);
#231=ORIENTED_EDGE('',*,*,#725,.T.);
#232=ORIENTED_EDGE('',*,*,#724,.T.);
#233=ORIENTED_EDGE('',*,*,#726,.T.);
#234=ORIENTED_EDGE('',*,*,#727,.F.);
#235=ORIENTED_EDGE('',*,*,#728,.T.);
#236=ORIENTED_EDGE('',*,*,#727,.T.);
#237=ORIENTED_EDGE('',*,*,#729,.T.);
#238=ORIENTED_EDGE('',*,*,#730,.F.);
#239=ORIENTED_EDGE('',*,*,#731,.T.);
#240=ORIENTED_EDGE('',*,*,#730,.T.);
#241=ORIENTED_EDGE('',*,*,#732,.T.);
#242=ORIENTED_EDGE('',*,*,#733,.F.);
#243=ORIENTED_EDGE('',*,*,#734,.T.);
#244=ORIENTED_EDGE('',*,*,#733,.T.);
#245=ORIENTED_EDGE('',*,*,#735,.T.);
#246=ORIENTED_EDGE('',*,*,#736,.F.);
#247=ORIENTED_EDGE('',*,*,#737,.T.);
#248=ORIENTED_EDGE('',*,*,#736,.T.);
#249=ORIENTED_EDGE('',*,*,#738,.T.);
#250=ORIENTED_EDGE('',*,*,#716,.F.);
#251=ORIENTED_EDGE('',*,*,#739,.T.);
#252=ORIENTED_EDGE('',*,*,#740,.T.);
#253=ORIENTED_EDGE('',*,*,#741,.T.);
#254=ORIENTED_EDGE('',*,*,#742,.T.);
#255=ORIENTED_EDGE('',*,*,#743,.T.);
#256=ORIENTED_EDGE('',*,*,#744,.T.);
#257=ORIENTED_EDGE('',*,*,#745,.T.);
#258=ORIENTED_EDGE('',*,*,#746,.T.);
#259=ORIENTED_EDGE('',*,*,#747,.T.);
#260=ORIENTED_EDGE('',*,*,#748,.T.);
#261=ORIENTED_EDGE('',*,*,#749,.T.);
#262=ORIENTED_EDGE('',*,*,#750,.T.);
#263=ORIENTED_EDGE('',*,*,#751,.T.);
#264=ORIENTED_EDGE('',*,*,#752,.T.);
#265=ORIENTED_EDGE('',*,*,#753,.T.);
#266=ORIENTED_EDGE('',*,*,#754,.T.);
#267=ORIENTED_EDGE('',*,*,#755,.T.);
#268=ORIENTED_EDGE('',*,*,#756,.F.);
#269=ORIENTED_EDGE('',*,*,#757,.T.);
#270=ORIENTED_EDGE('',*,*,#758,.T.);
#271=ORIENTED_EDGE('',*,*,#759,.T.);
#272=ORIENTED_EDGE('',*,*,#760,.T.);
#273=ORIENTED_EDGE('',*,*,#761,.T.);
#274=ORIENTED_EDGE('',*,*,#762,.F.);
#275=ORIENTED_EDGE('',*,*,#763,.T.);
#276=ORIENTED_EDGE('',*,*,#764,.F.);
#277=ORIENTED_EDGE('',*,*,#765,.T.);
#278=ORIENTED_EDGE('',*,*,#766,.T.);
#279=ORIENTED_EDGE('',*,*,#767,.T.);
#280=ORIENTED_EDGE('',*,*,#768,.T.);
#281=ORIENTED_EDGE('',*,*,#769,.T.);
#282=ORIENTED_EDGE('',*,*,#770,.F.);
#283=ORIENTED_EDGE('',*,*,#771,.T.);
#284=ORIENTED_EDGE('',*,*,#772,.F.);
#285=ORIENTED_EDGE('',*,*,#773,.T.);
#286=ORIENTED_EDGE('',*,*,#774,.T.);
#287=ORIENTED_EDGE('',*,*,#775,.T.);
#288=ORIENTED_EDGE('',*,*,#776,.T.);
#289=ORIENTED_EDGE('',*,*,#777,.T.);
#290=ORIENTED_EDGE('',*,*,#778,.F.);
#291=ORIENTED_EDGE('',*,*,#779,.T.);
#292=ORIENTED_EDGE('',*,*,#780,.F.);
#293=ORIENTED_EDGE('',*,*,#781,.T.);
#294=ORIENTED_EDGE('',*,*,#782,.T.);
#295=ORIENTED_EDGE('',*,*,#783,.T.);
#296=ORIENTED_EDGE('',*,*,#784,.T.);
#297=ORIENTED_EDGE('',*,*,#785,.T.);
#298=ORIENTED_EDGE('',*,*,#786,.F.);
#299=ORIENTED_EDGE('',*,*,#787,.T.);
#300=ORIENTED_EDGE('',*,*,#788,.T.);
#301=ORIENTED_EDGE('',*,*,#789,.T.);
#302=ORIENTED_EDGE('',*,*,#790,.T.);
#303=ORIENTED_EDGE('',*,*,#782,.F.);
#304=ORIENTED_EDGE('',*,*,#791,.T.);
#305=ORIENTED_EDGE('',*,*,#792,.T.);
#306=ORIENTED_EDGE('',*,*,#793,.T.);
#307=ORIENTED_EDGE('',*,*,#780,.T.);
#308=ORIENTED_EDGE('',*,*,#794,.T.);
#309=ORIENTED_EDGE('',*,*,#795,.T.);
#310=ORIENTED_EDGE('',*,*,#796,.T.);
#311=ORIENTED_EDGE('',*,*,#786,.T.);
#312=ORIENTED_EDGE('',*,*,#797,.T.);
#313=ORIENTED_EDGE('',*,*,#798,.T.);
#314=ORIENTED_EDGE('',*,*,#799,.T.);
#315=ORIENTED_EDGE('',*,*,#784,.F.);
#316=ORIENTED_EDGE('',*,*,#800,.T.);
#317=ORIENTED_EDGE('',*,*,#801,.T.);
#318=ORIENTED_EDGE('',*,*,#802,.T.);
#319=ORIENTED_EDGE('',*,*,#803,.T.);
#320=ORIENTED_EDGE('',*,*,#804,.T.);
#321=ORIENTED_EDGE('',*,*,#805,.T.);
#322=ORIENTED_EDGE('',*,*,#806,.T.);
#323=ORIENTED_EDGE('',*,*,#807,.T.);
#324=ORIENTED_EDGE('',*,*,#808,.T.);
#325=ORIENTED_EDGE('',*,*,#809,.T.);
#326=ORIENTED_EDGE('',*,*,#810,.T.);
#327=ORIENTED_EDGE('',*,*,#774,.F.);
#328=ORIENTED_EDGE('',*,*,#811,.T.);
#329=ORIENTED_EDGE('',*,*,#812,.T.);
#330=ORIENTED_EDGE('',*,*,#813,.T.);
#331=ORIENTED_EDGE('',*,*,#772,.T.);
#332=ORIENTED_EDGE('',*,*,#814,.T.);
#333=ORIENTED_EDGE('',*,*,#815,.T.);
#334=ORIENTED_EDGE('',*,*,#816,.T.);
#335=ORIENTED_EDGE('',*,*,#778,.T.);
#336=ORIENTED_EDGE('',*,*,#817,.T.);
#337=ORIENTED_EDGE('',*,*,#818,.T.);
#338=ORIENTED_EDGE('',*,*,#819,.T.);
#339=ORIENTED_EDGE('',*,*,#776,.F.);
#340=ORIENTED_EDGE('',*,*,#820,.T.);
#341=ORIENTED_EDGE('',*,*,#821,.T.);
#342=ORIENTED_EDGE('',*,*,#822,.T.);
#343=ORIENTED_EDGE('',*,*,#823,.T.);
#344=ORIENTED_EDGE('',*,*,#824,.T.);
#345=ORIENTED_EDGE('',*,*,#825,.T.);
#346=ORIENTED_EDGE('',*,*,#826,.T.);
#347=ORIENTED_EDGE('',*,*,#827,.T.);
#348=ORIENTED_EDGE('',*,*,#828,.T.);
#349=ORIENTED_EDGE('',*,*,#829,.T.);
#350=ORIENTED_EDGE('',*,*,#830,.T.);
#351=ORIENTED_EDGE('',*,*,#766,.F.);
#352=ORIENTED_EDGE('',*,*,#831,.T.);
#353=ORIENTED_EDGE('',*,*,#832,.T.);
#354=ORIENTED_EDGE('',*,*,#833,.T.);
#355=ORIENTED_EDGE('',*,*,#764,.T.);
#356=ORIENTED_EDGE('',*,*,#834,.T.);
#357=ORIENTED_EDGE('',*,*,#835,.T.);
#358=ORIENTED_EDGE('',*,*,#836,.T.);
#359=ORIENTED_EDGE('',*,*,#770,.T.);
#360=ORIENTED_EDGE('',*,*,#837,.T.);
#361=ORIENTED_EDGE('',*,*,#838,.T.);
#362=ORIENTED_EDGE('',*,*,#839,.T.);
#363=ORIENTED_EDGE('',*,*,#768,.F.);
#364=ORIENTED_EDGE('',*,*,#840,.T.);
#365=ORIENTED_EDGE('',*,*,#841,.T.);
#366=ORIENTED_EDGE('',*,*,#842,.T.);
#367=ORIENTED_EDGE('',*,*,#843,.T.);
#368=ORIENTED_EDGE('',*,*,#844,.T.);
#369=ORIENTED_EDGE('',*,*,#845,.T.);
#370=ORIENTED_EDGE('',*,*,#846,.T.);
#371=ORIENTED_EDGE('',*,*,#847,.T.);
#372=ORIENTED_EDGE('',*,*,#848,.T.);
#373=ORIENTED_EDGE('',*,*,#849,.T.);
#374=ORIENTED_EDGE('',*,*,#850,.T.);
#375=ORIENTED_EDGE('',*,*,#758,.F.);
#376=ORIENTED_EDGE('',*,*,#851,.T.);
#377=ORIENTED_EDGE('',*,*,#852,.T.);
#378=ORIENTED_EDGE('',*,*,#853,.T.);
#379=ORIENTED_EDGE('',*,*,#756,.T.);
#380=ORIENTED_EDGE('',*,*,#854,.T.);
#381=ORIENTED_EDGE('',*,*,#855,.T.);
#382=ORIENTED_EDGE('',*,*,#856,.T.);
#383=ORIENTED_EDGE('',*,*,#762,.T.);
#384=ORIENTED_EDGE('',*,*,#857,.T.);
#385=ORIENTED_EDGE('',*,*,#858,.T.);
#386=ORIENTED_EDGE('',*,*,#859,.T.);
#387=ORIENTED_EDGE('',*,*,#760,.F.);
#388=ORIENTED_EDGE('',*,*,#860,.T.);
#389=ORIENTED_EDGE('',*,*,#861,.T.);
#390=ORIENTED_EDGE('',*,*,#862,.T.);
#391=ORIENTED_EDGE('',*,*,#863,.T.);
#392=ORIENTED_EDGE('',*,*,#864,.T.);
#393=ORIENTED_EDGE('',*,*,#865,.T.);
#394=ORIENTED_EDGE('',*,*,#866,.T.);
#395=ORIENTED_EDGE('',*,*,#867,.T.);
#396=ORIENTED_EDGE('',*,*,#868,.F.);
#397=ORIENTED_EDGE('',*,*,#869,.T.);
#398=ORIENTED_EDGE('',*,*,#870,.F.);
#399=ORIENTED_EDGE('',*,*,#871,.T.);
#400=ORIENTED_EDGE('',*,*,#870,.T.);
#401=ORIENTED_EDGE('',*,*,#872,.T.);
#402=ORIENTED_EDGE('',*,*,#873,.F.);
#403=ORIENTED_EDGE('',*,*,#874,.T.);
#404=ORIENTED_EDGE('',*,*,#875,.F.);
#405=ORIENTED_EDGE('',*,*,#876,.T.);
#406=ORIENTED_EDGE('',*,*,#868,.T.);
#407=ORIENTED_EDGE('',*,*,#877,.T.);
#408=ORIENTED_EDGE('',*,*,#873,.T.);
#409=ORIENTED_EDGE('',*,*,#878,.T.);
#410=ORIENTED_EDGE('',*,*,#879,.F.);
#411=ORIENTED_EDGE('',*,*,#880,.T.);
#412=ORIENTED_EDGE('',*,*,#881,.F.);
#413=ORIENTED_EDGE('',*,*,#882,.T.);
#414=ORIENTED_EDGE('',*,*,#875,.T.);
#415=ORIENTED_EDGE('',*,*,#883,.T.);
#416=ORIENTED_EDGE('',*,*,#879,.T.);
#417=ORIENTED_EDGE('',*,*,#884,.T.);
#418=ORIENTED_EDGE('',*,*,#885,.F.);
#419=ORIENTED_EDGE('',*,*,#886,.T.);
#420=ORIENTED_EDGE('',*,*,#887,.F.);
#421=ORIENTED_EDGE('',*,*,#888,.T.);
#422=ORIENTED_EDGE('',*,*,#881,.T.);
#423=ORIENTED_EDGE('',*,*,#889,.T.);
#424=ORIENTED_EDGE('',*,*,#885,.T.);
#425=ORIENTED_EDGE('',*,*,#890,.T.);
#426=ORIENTED_EDGE('',*,*,#887,.T.);
#427=ORIENTED_EDGE('',*,*,#891,.T.);
#428=ORIENTED_EDGE('',*,*,#850,.F.);
#429=ORIENTED_EDGE('',*,*,#892,.T.);
#430=ORIENTED_EDGE('',*,*,#857,.F.);
#431=ORIENTED_EDGE('',*,*,#759,.F.);
#432=ORIENTED_EDGE('',*,*,#853,.F.);
#433=ORIENTED_EDGE('',*,*,#893,.T.);
#434=ORIENTED_EDGE('',*,*,#848,.F.);
#435=ORIENTED_EDGE('',*,*,#757,.F.);
#436=ORIENTED_EDGE('',*,*,#790,.F.);
#437=ORIENTED_EDGE('',*,*,#894,.T.);
#438=ORIENTED_EDGE('',*,*,#797,.F.);
#439=ORIENTED_EDGE('',*,*,#783,.F.);
#440=ORIENTED_EDGE('',*,*,#793,.F.);
#441=ORIENTED_EDGE('',*,*,#895,.T.);
#442=ORIENTED_EDGE('',*,*,#788,.F.);
#443=ORIENTED_EDGE('',*,*,#781,.F.);
#444=ORIENTED_EDGE('',*,*,#799,.F.);
#445=ORIENTED_EDGE('',*,*,#896,.T.);
#446=ORIENTED_EDGE('',*,*,#794,.F.);
#447=ORIENTED_EDGE('',*,*,#785,.F.);
#448=ORIENTED_EDGE('',*,*,#796,.F.);
#449=ORIENTED_EDGE('',*,*,#897,.T.);
#450=ORIENTED_EDGE('',*,*,#791,.F.);
#451=ORIENTED_EDGE('',*,*,#787,.F.);
#452=ORIENTED_EDGE('',*,*,#813,.F.);
#453=ORIENTED_EDGE('',*,*,#898,.T.);
#454=ORIENTED_EDGE('',*,*,#808,.F.);
#455=ORIENTED_EDGE('',*,*,#773,.F.);
#456=ORIENTED_EDGE('',*,*,#816,.F.);
#457=ORIENTED_EDGE('',*,*,#899,.T.);
#458=ORIENTED_EDGE('',*,*,#811,.F.);
#459=ORIENTED_EDGE('',*,*,#779,.F.);
#460=ORIENTED_EDGE('',*,*,#819,.F.);
#461=ORIENTED_EDGE('',*,*,#900,.T.);
#462=ORIENTED_EDGE('',*,*,#814,.F.);
#463=ORIENTED_EDGE('',*,*,#777,.F.);
#464=ORIENTED_EDGE('',*,*,#810,.F.);
#465=ORIENTED_EDGE('',*,*,#901,.T.);
#466=ORIENTED_EDGE('',*,*,#817,.F.);
#467=ORIENTED_EDGE('',*,*,#775,.F.);
#468=ORIENTED_EDGE('',*,*,#839,.F.);
#469=ORIENTED_EDGE('',*,*,#902,.T.);
#470=ORIENTED_EDGE('',*,*,#834,.F.);
#471=ORIENTED_EDGE('',*,*,#769,.F.);
#472=ORIENTED_EDGE('',*,*,#836,.F.);
#473=ORIENTED_EDGE('',*,*,#903,.T.);
#474=ORIENTED_EDGE('',*,*,#831,.F.);
#475=ORIENTED_EDGE('',*,*,#771,.F.);
#476=ORIENTED_EDGE('',*,*,#833,.F.);
#477=ORIENTED_EDGE('',*,*,#904,.T.);
#478=ORIENTED_EDGE('',*,*,#828,.F.);
#479=ORIENTED_EDGE('',*,*,#765,.F.);
#480=ORIENTED_EDGE('',*,*,#830,.F.);
#481=ORIENTED_EDGE('',*,*,#905,.T.);
#482=ORIENTED_EDGE('',*,*,#837,.F.);
#483=ORIENTED_EDGE('',*,*,#767,.F.);
#484=ORIENTED_EDGE('',*,*,#859,.F.);
#485=ORIENTED_EDGE('',*,*,#906,.T.);
#486=ORIENTED_EDGE('',*,*,#854,.F.);
#487=ORIENTED_EDGE('',*,*,#761,.F.);
#488=ORIENTED_EDGE('',*,*,#856,.F.);
#489=ORIENTED_EDGE('',*,*,#907,.T.);
#490=ORIENTED_EDGE('',*,*,#851,.F.);
#491=ORIENTED_EDGE('',*,*,#763,.F.);
#492=ORIENTED_EDGE('',*,*,#908,.F.);
#493=ORIENTED_EDGE('',*,*,#865,.F.);
#494=ORIENTED_EDGE('',*,*,#909,.F.);
#495=ORIENTED_EDGE('',*,*,#855,.F.);
#496=ORIENTED_EDGE('',*,*,#909,.T.);
#497=ORIENTED_EDGE('',*,*,#864,.F.);
#498=ORIENTED_EDGE('',*,*,#910,.F.);
#499=ORIENTED_EDGE('',*,*,#907,.F.);
#500=ORIENTED_EDGE('',*,*,#908,.T.);
#501=ORIENTED_EDGE('',*,*,#906,.F.);
#502=ORIENTED_EDGE('',*,*,#911,.F.);
#503=ORIENTED_EDGE('',*,*,#866,.F.);
#504=ORIENTED_EDGE('',*,*,#910,.T.);
#505=ORIENTED_EDGE('',*,*,#863,.F.);
#506=ORIENTED_EDGE('',*,*,#912,.F.);
#507=ORIENTED_EDGE('',*,*,#852,.F.);
#508=ORIENTED_EDGE('',*,*,#911,.T.);
#509=ORIENTED_EDGE('',*,*,#858,.F.);
#510=ORIENTED_EDGE('',*,*,#913,.F.);
#511=ORIENTED_EDGE('',*,*,#867,.F.);
#512=ORIENTED_EDGE('',*,*,#912,.T.);
#513=ORIENTED_EDGE('',*,*,#862,.F.);
#514=ORIENTED_EDGE('',*,*,#914,.F.);
#515=ORIENTED_EDGE('',*,*,#893,.F.);
#516=ORIENTED_EDGE('',*,*,#913,.T.);
#517=ORIENTED_EDGE('',*,*,#892,.F.);
#518=ORIENTED_EDGE('',*,*,#915,.F.);
#519=ORIENTED_EDGE('',*,*,#860,.F.);
#520=ORIENTED_EDGE('',*,*,#914,.T.);
#521=ORIENTED_EDGE('',*,*,#861,.F.);
#522=ORIENTED_EDGE('',*,*,#915,.T.);
#523=ORIENTED_EDGE('',*,*,#849,.F.);
#524=ORIENTED_EDGE('',*,*,#916,.F.);
#525=ORIENTED_EDGE('',*,*,#845,.F.);
#526=ORIENTED_EDGE('',*,*,#917,.F.);
#527=ORIENTED_EDGE('',*,*,#835,.F.);
#528=ORIENTED_EDGE('',*,*,#917,.T.);
#529=ORIENTED_EDGE('',*,*,#844,.F.);
#530=ORIENTED_EDGE('',*,*,#918,.F.);
#531=ORIENTED_EDGE('',*,*,#903,.F.);
#532=ORIENTED_EDGE('',*,*,#916,.T.);
#533=ORIENTED_EDGE('',*,*,#902,.F.);
#534=ORIENTED_EDGE('',*,*,#919,.F.);
#535=ORIENTED_EDGE('',*,*,#846,.F.);
#536=ORIENTED_EDGE('',*,*,#918,.T.);
#537=ORIENTED_EDGE('',*,*,#843,.F.);
#538=ORIENTED_EDGE('',*,*,#920,.F.);
#539=ORIENTED_EDGE('',*,*,#832,.F.);
#540=ORIENTED_EDGE('',*,*,#919,.T.);
#541=ORIENTED_EDGE('',*,*,#838,.F.);
#542=ORIENTED_EDGE('',*,*,#921,.F.);
#543=ORIENTED_EDGE('',*,*,#847,.F.);
#544=ORIENTED_EDGE('',*,*,#920,.T.);
#545=ORIENTED_EDGE('',*,*,#842,.F.);
#546=ORIENTED_EDGE('',*,*,#922,.F.);
#547=ORIENTED_EDGE('',*,*,#904,.F.);
#548=ORIENTED_EDGE('',*,*,#921,.T.);
#549=ORIENTED_EDGE('',*,*,#905,.F.);
#550=ORIENTED_EDGE('',*,*,#923,.F.);
#551=ORIENTED_EDGE('',*,*,#840,.F.);
#552=ORIENTED_EDGE('',*,*,#922,.T.);
#553=ORIENTED_EDGE('',*,*,#841,.F.);
#554=ORIENTED_EDGE('',*,*,#923,.T.);
#555=ORIENTED_EDGE('',*,*,#829,.F.);
#556=ORIENTED_EDGE('',*,*,#924,.F.);
#557=ORIENTED_EDGE('',*,*,#805,.F.);
#558=ORIENTED_EDGE('',*,*,#925,.F.);
#559=ORIENTED_EDGE('',*,*,#795,.F.);
#560=ORIENTED_EDGE('',*,*,#925,.T.);
#561=ORIENTED_EDGE('',*,*,#804,.F.);
#562=ORIENTED_EDGE('',*,*,#926,.F.);
#563=ORIENTED_EDGE('',*,*,#897,.F.);
#564=ORIENTED_EDGE('',*,*,#924,.T.);
#565=ORIENTED_EDGE('',*,*,#896,.F.);
#566=ORIENTED_EDGE('',*,*,#927,.F.);
#567=ORIENTED_EDGE('',*,*,#806,.F.);
#568=ORIENTED_EDGE('',*,*,#926,.T.);
#569=ORIENTED_EDGE('',*,*,#803,.F.);
#570=ORIENTED_EDGE('',*,*,#928,.F.);
#571=ORIENTED_EDGE('',*,*,#792,.F.);
#572=ORIENTED_EDGE('',*,*,#927,.T.);
#573=ORIENTED_EDGE('',*,*,#798,.F.);
#574=ORIENTED_EDGE('',*,*,#929,.F.);
#575=ORIENTED_EDGE('',*,*,#807,.F.);
#576=ORIENTED_EDGE('',*,*,#928,.T.);
#577=ORIENTED_EDGE('',*,*,#802,.F.);
#578=ORIENTED_EDGE('',*,*,#930,.F.);
#579=ORIENTED_EDGE('',*,*,#895,.F.);
#580=ORIENTED_EDGE('',*,*,#929,.T.);
#581=ORIENTED_EDGE('',*,*,#894,.F.);
#582=ORIENTED_EDGE('',*,*,#931,.F.);
#583=ORIENTED_EDGE('',*,*,#800,.F.);
#584=ORIENTED_EDGE('',*,*,#930,.T.);
#585=ORIENTED_EDGE('',*,*,#801,.F.);
#586=ORIENTED_EDGE('',*,*,#931,.T.);
#587=ORIENTED_EDGE('',*,*,#789,.F.);
#588=ORIENTED_EDGE('',*,*,#932,.F.);
#589=ORIENTED_EDGE('',*,*,#825,.F.);
#590=ORIENTED_EDGE('',*,*,#933,.F.);
#591=ORIENTED_EDGE('',*,*,#815,.F.);
#592=ORIENTED_EDGE('',*,*,#933,.T.);
#593=ORIENTED_EDGE('',*,*,#824,.F.);
#594=ORIENTED_EDGE('',*,*,#934,.F.);
#595=ORIENTED_EDGE('',*,*,#899,.F.);
#596=ORIENTED_EDGE('',*,*,#932,.T.);
#597=ORIENTED_EDGE('',*,*,#900,.F.);
#598=ORIENTED_EDGE('',*,*,#935,.F.);
#599=ORIENTED_EDGE('',*,*,#826,.F.);
#600=ORIENTED_EDGE('',*,*,#934,.T.);
#601=ORIENTED_EDGE('',*,*,#823,.F.);
#602=ORIENTED_EDGE('',*,*,#936,.F.);
#603=ORIENTED_EDGE('',*,*,#812,.F.);
#604=ORIENTED_EDGE('',*,*,#935,.T.);
#605=ORIENTED_EDGE('',*,*,#818,.F.);
#606=ORIENTED_EDGE('',*,*,#937,.F.);
#607=ORIENTED_EDGE('',*,*,#827,.F.);
#608=ORIENTED_EDGE('',*,*,#936,.T.);
#609=ORIENTED_EDGE('',*,*,#822,.F.);
#610=ORIENTED_EDGE('',*,*,#938,.F.);
#611=ORIENTED_EDGE('',*,*,#898,.F.);
#612=ORIENTED_EDGE('',*,*,#937,.T.);
#613=ORIENTED_EDGE('',*,*,#901,.F.);
#614=ORIENTED_EDGE('',*,*,#939,.F.);
#615=ORIENTED_EDGE('',*,*,#820,.F.);
#616=ORIENTED_EDGE('',*,*,#938,.T.);
#617=ORIENTED_EDGE('',*,*,#821,.F.);
#618=ORIENTED_EDGE('',*,*,#939,.T.);
#619=ORIENTED_EDGE('',*,*,#809,.F.);
#620=ORIENTED_EDGE('',*,*,#940,.F.);
#621=ORIENTED_EDGE('',*,*,#888,.F.);
#622=ORIENTED_EDGE('',*,*,#941,.F.);
#623=ORIENTED_EDGE('',*,*,#753,.F.);
#624=ORIENTED_EDGE('',*,*,#941,.T.);
#625=ORIENTED_EDGE('',*,*,#890,.F.);
#626=ORIENTED_EDGE('',*,*,#942,.F.);
#627=ORIENTED_EDGE('',*,*,#754,.F.);
#628=ORIENTED_EDGE('',*,*,#940,.T.);
#629=ORIENTED_EDGE('',*,*,#752,.F.);
#630=ORIENTED_EDGE('',*,*,#943,.F.);
#631=ORIENTED_EDGE('',*,*,#882,.F.);
#632=ORIENTED_EDGE('',*,*,#942,.T.);
#633=ORIENTED_EDGE('',*,*,#884,.F.);
#634=ORIENTED_EDGE('',*,*,#944,.F.);
#635=ORIENTED_EDGE('',*,*,#755,.F.);
#636=ORIENTED_EDGE('',*,*,#943,.T.);
#637=ORIENTED_EDGE('',*,*,#751,.F.);
#638=ORIENTED_EDGE('',*,*,#945,.F.);
#639=ORIENTED_EDGE('',*,*,#876,.F.);
#640=ORIENTED_EDGE('',*,*,#944,.T.);
#641=ORIENTED_EDGE('',*,*,#878,.F.);
#642=ORIENTED_EDGE('',*,*,#946,.F.);
#643=ORIENTED_EDGE('',*,*,#748,.F.);
#644=ORIENTED_EDGE('',*,*,#945,.T.);
#645=ORIENTED_EDGE('',*,*,#750,.F.);
#646=ORIENTED_EDGE('',*,*,#947,.F.);
#647=ORIENTED_EDGE('',*,*,#869,.F.);
#648=ORIENTED_EDGE('',*,*,#946,.T.);
#649=ORIENTED_EDGE('',*,*,#872,.F.);
#650=ORIENTED_EDGE('',*,*,#947,.T.);
#651=ORIENTED_EDGE('',*,*,#749,.F.);
#652=ORIENTED_EDGE('',*,*,#948,.F.);
#653=ORIENTED_EDGE('',*,*,#886,.F.);
#654=ORIENTED_EDGE('',*,*,#949,.F.);
#655=ORIENTED_EDGE('',*,*,#732,.F.);
#656=ORIENTED_EDGE('',*,*,#949,.T.);
#657=ORIENTED_EDGE('',*,*,#891,.F.);
#658=ORIENTED_EDGE('',*,*,#950,.F.);
#659=ORIENTED_EDGE('',*,*,#735,.F.);
#660=ORIENTED_EDGE('',*,*,#948,.T.);
#661=ORIENTED_EDGE('',*,*,#729,.F.);
#662=ORIENTED_EDGE('',*,*,#951,.F.);
#663=ORIENTED_EDGE('',*,*,#880,.F.);
#664=ORIENTED_EDGE('',*,*,#950,.T.);
#665=ORIENTED_EDGE('',*,*,#889,.F.);
#666=ORIENTED_EDGE('',*,*,#952,.F.);
#667=ORIENTED_EDGE('',*,*,#738,.F.);
#668=ORIENTED_EDGE('',*,*,#951,.T.);
#669=ORIENTED_EDGE('',*,*,#726,.F.);
#670=ORIENTED_EDGE('',*,*,#953,.F.);
#671=ORIENTED_EDGE('',*,*,#874,.F.);
#672=ORIENTED_EDGE('',*,*,#952,.T.);
#673=ORIENTED_EDGE('',*,*,#883,.F.);
#674=ORIENTED_EDGE('',*,*,#954,.F.);
#675=ORIENTED_EDGE('',*,*,#717,.F.);
#676=ORIENTED_EDGE('',*,*,#953,.T.);
#677=ORIENTED_EDGE('',*,*,#723,.F.);
#678=ORIENTED_EDGE('',*,*,#955,.F.);
#679=ORIENTED_EDGE('',*,*,#871,.F.);
#680=ORIENTED_EDGE('',*,*,#954,.T.);
#681=ORIENTED_EDGE('',*,*,#877,.F.);
#682=ORIENTED_EDGE('',*,*,#955,.T.);
#683=ORIENTED_EDGE('',*,*,#720,.F.);
#684=ORIENTED_EDGE('',*,*,#956,.F.);
#685=ORIENTED_EDGE('',*,*,#725,.F.);
#686=ORIENTED_EDGE('',*,*,#957,.F.);
#687=ORIENTED_EDGE('',*,*,#745,.F.);
#688=ORIENTED_EDGE('',*,*,#957,.T.);
#689=ORIENTED_EDGE('',*,*,#728,.F.);
#690=ORIENTED_EDGE('',*,*,#958,.F.);
#691=ORIENTED_EDGE('',*,*,#746,.F.);
#692=ORIENTED_EDGE('',*,*,#956,.T.);
#693=ORIENTED_EDGE('',*,*,#744,.F.);
#694=ORIENTED_EDGE('',*,*,#959,.F.);
#695=ORIENTED_EDGE('',*,*,#722,.F.);
#696=ORIENTED_EDGE('',*,*,#958,.T.);
#697=ORIENTED_EDGE('',*,*,#731,.F.);
#698=ORIENTED_EDGE('',*,*,#960,.F.);
#699=ORIENTED_EDGE('',*,*,#747,.F.);
#700=ORIENTED_EDGE('',*,*,#959,.T.);
#701=ORIENTED_EDGE('',*,*,#743,.F.);
#702=ORIENTED_EDGE('',*,*,#961,.F.);
#703=ORIENTED_EDGE('',*,*,#719,.F.);
#704=ORIENTED_EDGE('',*,*,#960,.T.);
#705=ORIENTED_EDGE('',*,*,#734,.F.);
#706=ORIENTED_EDGE('',*,*,#962,.F.);
#707=ORIENTED_EDGE('',*,*,#740,.F.);
#708=ORIENTED_EDGE('',*,*,#961,.T.);
#709=ORIENTED_EDGE('',*,*,#742,.F.);
#710=ORIENTED_EDGE('',*,*,#963,.F.);
#711=ORIENTED_EDGE('',*,*,#739,.F.);
#712=ORIENTED_EDGE('',*,*,#962,.T.);
#713=ORIENTED_EDGE('',*,*,#737,.F.);
#714=ORIENTED_EDGE('',*,*,#963,.T.);
#715=ORIENTED_EDGE('',*,*,#741,.F.);
#716=EDGE_CURVE('',#964,#965,#1108,.T.);
#717=EDGE_CURVE('',#965,#966,#1109,.F.);
#718=EDGE_CURVE('',#967,#966,#1110,.T.);
#719=EDGE_CURVE('',#967,#964,#1111,.F.);
#720=EDGE_CURVE('',#966,#968,#44,.F.);
#721=EDGE_CURVE('',#969,#968,#1112,.T.);
#722=EDGE_CURVE('',#969,#967,#45,.F.);
#723=EDGE_CURVE('',#968,#970,#1113,.T.);
#724=EDGE_CURVE('',#971,#970,#1114,.T.);
#725=EDGE_CURVE('',#971,#969,#1115,.T.);
#726=EDGE_CURVE('',#970,#972,#46,.F.);
#727=EDGE_CURVE('',#973,#972,#1116,.T.);
#728=EDGE_CURVE('',#973,#971,#47,.F.);
#729=EDGE_CURVE('',#972,#974,#1117,.T.);
#730=EDGE_CURVE('',#975,#974,#1118,.T.);
#731=EDGE_CURVE('',#975,#973,#1119,.T.);
#732=EDGE_CURVE('',#974,#976,#48,.F.);
#733=EDGE_CURVE('',#977,#976,#1120,.T.);
#734=EDGE_CURVE('',#977,#975,#49,.F.);
#735=EDGE_CURVE('',#976,#978,#1121,.F.);
#736=EDGE_CURVE('',#979,#978,#1122,.T.);
#737=EDGE_CURVE('',#979,#977,#1123,.F.);
#738=EDGE_CURVE('',#978,#965,#50,.F.);
#739=EDGE_CURVE('',#964,#979,#51,.F.);
#740=EDGE_CURVE('',#980,#981,#52,.T.);
#741=EDGE_CURVE('',#981,#982,#1124,.T.);
#742=EDGE_CURVE('',#982,#983,#53,.T.);
#743=EDGE_CURVE('',#983,#984,#1125,.T.);
#744=EDGE_CURVE('',#984,#985,#54,.T.);
#745=EDGE_CURVE('',#985,#986,#1126,.F.);
#746=EDGE_CURVE('',#986,#987,#55,.T.);
#747=EDGE_CURVE('',#987,#980,#1127,.F.);
#748=EDGE_CURVE('',#988,#989,#1128,.T.);
#749=EDGE_CURVE('',#989,#990,#56,.F.);
#750=EDGE_CURVE('',#990,#991,#1129,.T.);
#751=EDGE_CURVE('',#991,#992,#57,.F.);
#752=EDGE_CURVE('',#992,#993,#1130,.F.);
#753=EDGE_CURVE('',#993,#994,#58,.F.);
#754=EDGE_CURVE('',#994,#995,#1131,.F.);
#755=EDGE_CURVE('',#995,#988,#59,.F.);
#756=EDGE_CURVE('',#996,#997,#1132,.T.);
#757=EDGE_CURVE('',#996,#998,#60,.T.);
#758=EDGE_CURVE('',#998,#999,#1133,.T.);
#759=EDGE_CURVE('',#999,#1000,#61,.T.);
#760=EDGE_CURVE('',#1000,#1001,#1134,.T.);
#761=EDGE_CURVE('',#1001,#1002,#62,.T.);
#762=EDGE_CURVE('',#1003,#1002,#1135,.T.);
#763=EDGE_CURVE('',#1003,#997,#63,.T.);
#764=EDGE_CURVE('',#1004,#1005,#1136,.T.);
#765=EDGE_CURVE('',#1004,#1006,#64,.T.);
#766=EDGE_CURVE('',#1006,#1007,#1137,.T.);
#767=EDGE_CURVE('',#1007,#1008,#65,.T.);
#768=EDGE_CURVE('',#1008,#1009,#1138,.T.);
#769=EDGE_CURVE('',#1009,#1010,#66,.T.);
#770=EDGE_CURVE('',#1011,#1010,#1139,.T.);
#771=EDGE_CURVE('',#1011,#1005,#67,.T.);
#772=EDGE_CURVE('',#1012,#1013,#1140,.T.);
#773=EDGE_CURVE('',#1012,#1014,#68,.T.);
#774=EDGE_CURVE('',#1014,#1015,#1141,.T.);
#775=EDGE_CURVE('',#1015,#1016,#69,.T.);
#776=EDGE_CURVE('',#1016,#1017,#1142,.T.);
#777=EDGE_CURVE('',#1017,#1018,#70,.T.);
#778=EDGE_CURVE('',#1019,#1018,#1143,.T.);
#779=EDGE_CURVE('',#1019,#1013,#71,.T.);
#780=EDGE_CURVE('',#1020,#1021,#1144,.T.);
#781=EDGE_CURVE('',#1020,#1022,#72,.T.);
#782=EDGE_CURVE('',#1022,#1023,#1145,.T.);
#783=EDGE_CURVE('',#1023,#1024,#73,.T.);
#784=EDGE_CURVE('',#1024,#1025,#1146,.T.);
#785=EDGE_CURVE('',#1025,#1026,#74,.T.);
#786=EDGE_CURVE('',#1027,#1026,#1147,.T.);
#787=EDGE_CURVE('',#1027,#1021,#75,.T.);
#788=EDGE_CURVE('',#1022,#1028,#1148,.F.);
#789=EDGE_CURVE('',#1028,#1029,#1149,.T.);
#790=EDGE_CURVE('',#1029,#1023,#1150,.T.);
#791=EDGE_CURVE('',#1021,#1030,#1151,.F.);
#792=EDGE_CURVE('',#1030,#1031,#1152,.F.);
#793=EDGE_CURVE('',#1031,#1020,#1153,.T.);
#794=EDGE_CURVE('',#1026,#1032,#1154,.F.);
#795=EDGE_CURVE('',#1032,#1033,#1155,.F.);
#796=EDGE_CURVE('',#1033,#1027,#1156,.T.);
#797=EDGE_CURVE('',#1024,#1034,#1157,.F.);
#798=EDGE_CURVE('',#1034,#1035,#1158,.T.);
#799=EDGE_CURVE('',#1035,#1025,#1159,.T.);
#800=EDGE_CURVE('',#1036,#1037,#76,.T.);
#801=EDGE_CURVE('',#1037,#1038,#1160,.F.);
#802=EDGE_CURVE('',#1038,#1039,#77,.T.);
#803=EDGE_CURVE('',#1039,#1040,#1161,.T.);
#804=EDGE_CURVE('',#1040,#1041,#78,.T.);
#805=EDGE_CURVE('',#1041,#1042,#1162,.T.);
#806=EDGE_CURVE('',#1042,#1043,#79,.T.);
#807=EDGE_CURVE('',#1043,#1036,#1163,.F.);
#808=EDGE_CURVE('',#1014,#1044,#1164,.F.);
#809=EDGE_CURVE('',#1044,#1045,#1165,.T.);
#810=EDGE_CURVE('',#1045,#1015,#1166,.T.);
#811=EDGE_CURVE('',#1013,#1046,#1167,.F.);
#812=EDGE_CURVE('',#1046,#1047,#1168,.F.);
#813=EDGE_CURVE('',#1047,#1012,#1169,.T.);
#814=EDGE_CURVE('',#1018,#1048,#1170,.F.);
#815=EDGE_CURVE('',#1048,#1049,#1171,.F.);
#816=EDGE_CURVE('',#1049,#1019,#1172,.T.);
#817=EDGE_CURVE('',#1016,#1050,#1173,.F.);
#818=EDGE_CURVE('',#1050,#1051,#1174,.T.);
#819=EDGE_CURVE('',#1051,#1017,#1175,.T.);
#820=EDGE_CURVE('',#1052,#1053,#80,.T.);
#821=EDGE_CURVE('',#1053,#1054,#1176,.F.);
#822=EDGE_CURVE('',#1054,#1055,#81,.T.);
#823=EDGE_CURVE('',#1055,#1056,#1177,.T.);
#824=EDGE_CURVE('',#1056,#1057,#82,.T.);
#825=EDGE_CURVE('',#1057,#1058,#1178,.T.);
#826=EDGE_CURVE('',#1058,#1059,#83,.T.);
#827=EDGE_CURVE('',#1059,#1052,#1179,.F.);
#828=EDGE_CURVE('',#1006,#1060,#1180,.F.);
#829=EDGE_CURVE('',#1060,#1061,#1181,.T.);
#830=EDGE_CURVE('',#1061,#1007,#1182,.T.);
#831=EDGE_CURVE('',#1005,#1062,#1183,.F.);
#832=EDGE_CURVE('',#1062,#1063,#1184,.F.);
#833=EDGE_CURVE('',#1063,#1004,#1185,.T.);
#834=EDGE_CURVE('',#1010,#1064,#1186,.F.);
#835=EDGE_CURVE('',#1064,#1065,#1187,.F.);
#836=EDGE_CURVE('',#1065,#1011,#1188,.T.);
#837=EDGE_CURVE('',#1008,#1066,#1189,.F.);
#838=EDGE_CURVE('',#1066,#1067,#1190,.T.);
#839=EDGE_CURVE('',#1067,#1009,#1191,.T.);
#840=EDGE_CURVE('',#1068,#1069,#84,.T.);
#841=EDGE_CURVE('',#1069,#1070,#1192,.F.);
#842=EDGE_CURVE('',#1070,#1071,#85,.T.);
#843=EDGE_CURVE('',#1071,#1072,#1193,.T.);
#844=EDGE_CURVE('',#1072,#1073,#86,.T.);
#845=EDGE_CURVE('',#1073,#1074,#1194,.T.);
#846=EDGE_CURVE('',#1074,#1075,#87,.T.);
#847=EDGE_CURVE('',#1075,#1068,#1195,.F.);
#848=EDGE_CURVE('',#998,#1076,#1196,.F.);
#849=EDGE_CURVE('',#1076,#1077,#1197,.T.);
#850=EDGE_CURVE('',#1077,#999,#1198,.T.);
#851=EDGE_CURVE('',#997,#1078,#1199,.F.);
#852=EDGE_CURVE('',#1078,#1079,#1200,.F.);
#853=EDGE_CURVE('',#1079,#996,#1201,.T.);
#854=EDGE_CURVE('',#1002,#1080,#1202,.F.);
#855=EDGE_CURVE('',#1080,#1081,#1203,.F.);
#856=EDGE_CURVE('',#1081,#1003,#1204,.T.);
#857=EDGE_CURVE('',#1000,#1082,#1205,.F.);
#858=EDGE_CURVE('',#1082,#1083,#1206,.T.);
#859=EDGE_CURVE('',#1083,#1001,#1207,.T.);
#860=EDGE_CURVE('',#1084,#1085,#88,.T.);
#861=EDGE_CURVE('',#1085,#1086,#1208,.F.);
#862=EDGE_CURVE('',#1086,#1087,#89,.T.);
#863=EDGE_CURVE('',#1087,#1088,#1209,.T.);
#864=EDGE_CURVE('',#1088,#1089,#90,.T.);
#865=EDGE_CURVE('',#1089,#1090,#1210,.T.);
#866=EDGE_CURVE('',#1090,#1091,#91,.T.);
#867=EDGE_CURVE('',#1091,#1084,#1211,.F.);
#868=EDGE_CURVE('',#1092,#1093,#1212,.T.);
#869=EDGE_CURVE('',#1092,#1094,#1213,.F.);
#870=EDGE_CURVE('',#1095,#1094,#1214,.T.);
#871=EDGE_CURVE('',#1095,#1093,#1215,.F.);
#872=EDGE_CURVE('',#1094,#1096,#92,.T.);
#873=EDGE_CURVE('',#1097,#1096,#1216,.T.);
#874=EDGE_CURVE('',#1097,#1095,#93,.F.);
#875=EDGE_CURVE('',#1098,#1099,#1217,.T.);
#876=EDGE_CURVE('',#1098,#1092,#94,.T.);
#877=EDGE_CURVE('',#1093,#1099,#95,.F.);
#878=EDGE_CURVE('',#1096,#1100,#1218,.F.);
#879=EDGE_CURVE('',#1101,#1100,#1219,.T.);
#880=EDGE_CURVE('',#1101,#1097,#1220,.F.);
#881=EDGE_CURVE('',#1102,#1103,#1221,.T.);
#882=EDGE_CURVE('',#1102,#1098,#1222,.F.);
#883=EDGE_CURVE('',#1099,#1103,#1223,.F.);
#884=EDGE_CURVE('',#1100,#1104,#96,.T.);
#885=EDGE_CURVE('',#1105,#1104,#1224,.T.);
#886=EDGE_CURVE('',#1105,#1101,#97,.F.);
#887=EDGE_CURVE('',#1106,#1107,#1225,.T.);
#888=EDGE_CURVE('',#1106,#1102,#98,.T.);
#889=EDGE_CURVE('',#1103,#1107,#99,.F.);
#890=EDGE_CURVE('',#1104,#1106,#1226,.F.);
#891=EDGE_CURVE('',#1107,#1105,#1227,.F.);
#892=EDGE_CURVE('',#1077,#1082,#100,.F.);
#893=EDGE_CURVE('',#1079,#1076,#101,.F.);
#894=EDGE_CURVE('',#1029,#1034,#102,.F.);
#895=EDGE_CURVE('',#1031,#1028,#103,.F.);
#896=EDGE_CURVE('',#1035,#1032,#104,.F.);
#897=EDGE_CURVE('',#1033,#1030,#105,.F.);
#898=EDGE_CURVE('',#1047,#1044,#106,.F.);
#899=EDGE_CURVE('',#1049,#1046,#107,.F.);
#900=EDGE_CURVE('',#1051,#1048,#108,.F.);
#901=EDGE_CURVE('',#1045,#1050,#109,.F.);
#902=EDGE_CURVE('',#1067,#1064,#110,.F.);
#903=EDGE_CURVE('',#1065,#1062,#111,.F.);
#904=EDGE_CURVE('',#1063,#1060,#112,.F.);
#905=EDGE_CURVE('',#1061,#1066,#113,.F.);
#906=EDGE_CURVE('',#1083,#1080,#114,.F.);
#907=EDGE_CURVE('',#1081,#1078,#115,.F.);
#908=EDGE_CURVE('',#1090,#1080,#116,.T.);
#909=EDGE_CURVE('',#1081,#1089,#117,.T.);
#910=EDGE_CURVE('',#1078,#1088,#118,.T.);
#911=EDGE_CURVE('',#1091,#1083,#119,.T.);
#912=EDGE_CURVE('',#1079,#1087,#120,.T.);
#913=EDGE_CURVE('',#1084,#1082,#121,.T.);
#914=EDGE_CURVE('',#1076,#1086,#122,.T.);
#915=EDGE_CURVE('',#1085,#1077,#123,.T.);
#916=EDGE_CURVE('',#1074,#1064,#124,.T.);
#917=EDGE_CURVE('',#1065,#1073,#125,.T.);
#918=EDGE_CURVE('',#1062,#1072,#126,.T.);
#919=EDGE_CURVE('',#1075,#1067,#127,.T.);
#920=EDGE_CURVE('',#1063,#1071,#128,.T.);
#921=EDGE_CURVE('',#1068,#1066,#129,.T.);
#922=EDGE_CURVE('',#1060,#1070,#130,.T.);
#923=EDGE_CURVE('',#1069,#1061,#131,.T.);
#924=EDGE_CURVE('',#1042,#1032,#132,.T.);
#925=EDGE_CURVE('',#1033,#1041,#133,.T.);
#926=EDGE_CURVE('',#1030,#1040,#134,.T.);
#927=EDGE_CURVE('',#1043,#1035,#135,.T.);
#928=EDGE_CURVE('',#1031,#1039,#136,.T.);
#929=EDGE_CURVE('',#1036,#1034,#137,.T.);
#930=EDGE_CURVE('',#1028,#1038,#138,.T.);
#931=EDGE_CURVE('',#1037,#1029,#139,.T.);
#932=EDGE_CURVE('',#1058,#1048,#140,.T.);
#933=EDGE_CURVE('',#1049,#1057,#141,.T.);
#934=EDGE_CURVE('',#1046,#1056,#142,.T.);
#935=EDGE_CURVE('',#1059,#1051,#143,.T.);
#936=EDGE_CURVE('',#1047,#1055,#144,.T.);
#937=EDGE_CURVE('',#1052,#1050,#145,.T.);
#938=EDGE_CURVE('',#1044,#1054,#146,.T.);
#939=EDGE_CURVE('',#1053,#1045,#147,.T.);
#940=EDGE_CURVE('',#1102,#993,#148,.T.);
#941=EDGE_CURVE('',#994,#1106,#149,.T.);
#942=EDGE_CURVE('',#995,#1104,#150,.T.);
#943=EDGE_CURVE('',#1098,#992,#151,.T.);
#944=EDGE_CURVE('',#988,#1100,#152,.T.);
#945=EDGE_CURVE('',#1092,#991,#153,.T.);
#946=EDGE_CURVE('',#989,#1096,#154,.T.);
#947=EDGE_CURVE('',#1094,#990,#155,.T.);
#948=EDGE_CURVE('',#1101,#974,#156,.T.);
#949=EDGE_CURVE('',#976,#1105,#157,.T.);
#950=EDGE_CURVE('',#978,#1107,#158,.T.);
#951=EDGE_CURVE('',#1097,#972,#159,.T.);
#952=EDGE_CURVE('',#965,#1103,#160,.T.);
#953=EDGE_CURVE('',#1095,#970,#161,.T.);
#954=EDGE_CURVE('',#966,#1099,#162,.T.);
#955=EDGE_CURVE('',#1093,#968,#163,.T.);
#956=EDGE_CURVE('',#969,#985,#164,.T.);
#957=EDGE_CURVE('',#986,#971,#165,.T.);
#958=EDGE_CURVE('',#987,#973,#166,.T.);
#959=EDGE_CURVE('',#967,#984,#167,.T.);
#960=EDGE_CURVE('',#980,#975,#168,.T.);
#961=EDGE_CURVE('',#964,#983,#169,.T.);
#962=EDGE_CURVE('',#981,#977,#170,.T.);
#963=EDGE_CURVE('',#979,#982,#171,.T.);
#964=VERTEX_POINT('',#2568);
#965=VERTEX_POINT('',#2569);
#966=VERTEX_POINT('',#2571);
#967=VERTEX_POINT('',#2573);
#968=VERTEX_POINT('',#2577);
#969=VERTEX_POINT('',#2579);
#970=VERTEX_POINT('',#2583);
#971=VERTEX_POINT('',#2585);
#972=VERTEX_POINT('',#2589);
#973=VERTEX_POINT('',#2591);
#974=VERTEX_POINT('',#2595);
#975=VERTEX_POINT('',#2597);
#976=VERTEX_POINT('',#2601);
#977=VERTEX_POINT('',#2603);
#978=VERTEX_POINT('',#2607);
#979=VERTEX_POINT('',#2609);
#980=VERTEX_POINT('',#2616);
#981=VERTEX_POINT('',#2617);
#982=VERTEX_POINT('',#2619);
#983=VERTEX_POINT('',#2621);
#984=VERTEX_POINT('',#2623);
#985=VERTEX_POINT('',#2625);
#986=VERTEX_POINT('',#2627);
#987=VERTEX_POINT('',#2629);
#988=VERTEX_POINT('',#2633);
#989=VERTEX_POINT('',#2634);
#990=VERTEX_POINT('',#2636);
#991=VERTEX_POINT('',#2638);
#992=VERTEX_POINT('',#2640);
#993=VERTEX_POINT('',#2642);
#994=VERTEX_POINT('',#2644);
#995=VERTEX_POINT('',#2646);
#996=VERTEX_POINT('',#2649);
#997=VERTEX_POINT('',#2650);
#998=VERTEX_POINT('',#2652);
#999=VERTEX_POINT('',#2654);
#1000=VERTEX_POINT('',#2656);
#1001=VERTEX_POINT('',#2658);
#1002=VERTEX_POINT('',#2660);
#1003=VERTEX_POINT('',#2662);
#1004=VERTEX_POINT('',#2665);
#1005=VERTEX_POINT('',#2666);
#1006=VERTEX_POINT('',#2668);
#1007=VERTEX_POINT('',#2670);
#1008=VERTEX_POINT('',#2672);
#1009=VERTEX_POINT('',#2674);
#1010=VERTEX_POINT('',#2676);
#1011=VERTEX_POINT('',#2678);
#1012=VERTEX_POINT('',#2681);
#1013=VERTEX_POINT('',#2682);
#1014=VERTEX_POINT('',#2684);
#1015=VERTEX_POINT('',#2686);
#1016=VERTEX_POINT('',#2688);
#1017=VERTEX_POINT('',#2690);
#1018=VERTEX_POINT('',#2692);
#1019=VERTEX_POINT('',#2694);
#1020=VERTEX_POINT('',#2697);
#1021=VERTEX_POINT('',#2698);
#1022=VERTEX_POINT('',#2700);
#1023=VERTEX_POINT('',#2702);
#1024=VERTEX_POINT('',#2704);
#1025=VERTEX_POINT('',#2706);
#1026=VERTEX_POINT('',#2708);
#1027=VERTEX_POINT('',#2710);
#1028=VERTEX_POINT('',#2714);
#1029=VERTEX_POINT('',#2716);
#1030=VERTEX_POINT('',#2720);
#1031=VERTEX_POINT('',#2722);
#1032=VERTEX_POINT('',#2726);
#1033=VERTEX_POINT('',#2728);
#1034=VERTEX_POINT('',#2732);
#1035=VERTEX_POINT('',#2734);
#1036=VERTEX_POINT('',#2738);
#1037=VERTEX_POINT('',#2739);
#1038=VERTEX_POINT('',#2741);
#1039=VERTEX_POINT('',#2743);
#1040=VERTEX_POINT('',#2745);
#1041=VERTEX_POINT('',#2747);
#1042=VERTEX_POINT('',#2749);
#1043=VERTEX_POINT('',#2751);
#1044=VERTEX_POINT('',#2755);
#1045=VERTEX_POINT('',#2757);
#1046=VERTEX_POINT('',#2761);
#1047=VERTEX_POINT('',#2763);
#1048=VERTEX_POINT('',#2767);
#1049=VERTEX_POINT('',#2769);
#1050=VERTEX_POINT('',#2773);
#1051=VERTEX_POINT('',#2775);
#1052=VERTEX_POINT('',#2779);
#1053=VERTEX_POINT('',#2780);
#1054=VERTEX_POINT('',#2782);
#1055=VERTEX_POINT('',#2784);
#1056=VERTEX_POINT('',#2786);
#1057=VERTEX_POINT('',#2788);
#1058=VERTEX_POINT('',#2790);
#1059=VERTEX_POINT('',#2792);
#1060=VERTEX_POINT('',#2796);
#1061=VERTEX_POINT('',#2798);
#1062=VERTEX_POINT('',#2802);
#1063=VERTEX_POINT('',#2804);
#1064=VERTEX_POINT('',#2808);
#1065=VERTEX_POINT('',#2810);
#1066=VERTEX_POINT('',#2814);
#1067=VERTEX_POINT('',#2816);
#1068=VERTEX_POINT('',#2820);
#1069=VERTEX_POINT('',#2821);
#1070=VERTEX_POINT('',#2823);
#1071=VERTEX_POINT('',#2825);
#1072=VERTEX_POINT('',#2827);
#1073=VERTEX_POINT('',#2829);
#1074=VERTEX_POINT('',#2831);
#1075=VERTEX_POINT('',#2833);
#1076=VERTEX_POINT('',#2837);
#1077=VERTEX_POINT('',#2839);
#1078=VERTEX_POINT('',#2843);
#1079=VERTEX_POINT('',#2845);
#1080=VERTEX_POINT('',#2849);
#1081=VERTEX_POINT('',#2851);
#1082=VERTEX_POINT('',#2855);
#1083=VERTEX_POINT('',#2857);
#1084=VERTEX_POINT('',#2861);
#1085=VERTEX_POINT('',#2862);
#1086=VERTEX_POINT('',#2864);
#1087=VERTEX_POINT('',#2866);
#1088=VERTEX_POINT('',#2868);
#1089=VERTEX_POINT('',#2870);
#1090=VERTEX_POINT('',#2872);
#1091=VERTEX_POINT('',#2874);
#1092=VERTEX_POINT('',#2878);
#1093=VERTEX_POINT('',#2879);
#1094=VERTEX_POINT('',#2881);
#1095=VERTEX_POINT('',#2883);
#1096=VERTEX_POINT('',#2887);
#1097=VERTEX_POINT('',#2889);
#1098=VERTEX_POINT('',#2893);
#1099=VERTEX_POINT('',#2894);
#1100=VERTEX_POINT('',#2899);
#1101=VERTEX_POINT('',#2901);
#1102=VERTEX_POINT('',#2905);
#1103=VERTEX_POINT('',#2906);
#1104=VERTEX_POINT('',#2911);
#1105=VERTEX_POINT('',#2913);
#1106=VERTEX_POINT('',#2917);
#1107=VERTEX_POINT('',#2918);
#1108=LINE('',#2567,#1228);
#1109=LINE('',#2570,#1229);
#1110=LINE('',#2572,#1230);
#1111=LINE('',#2574,#1231);
#1112=LINE('',#2578,#1232);
#1113=LINE('',#2582,#1233);
#1114=LINE('',#2584,#1234);
#1115=LINE('',#2586,#1235);
#1116=LINE('',#2590,#1236);
#1117=LINE('',#2594,#1237);
#1118=LINE('',#2596,#1238);
#1119=LINE('',#2598,#1239);
#1120=LINE('',#2602,#1240);
#1121=LINE('',#2606,#1241);
#1122=LINE('',#2608,#1242);
#1123=LINE('',#2610,#1243);
#1124=LINE('',#2618,#1244);
#1125=LINE('',#2622,#1245);
#1126=LINE('',#2626,#1246);
#1127=LINE('',#2630,#1247);
#1128=LINE('',#2632,#1248);
#1129=LINE('',#2637,#1249);
#1130=LINE('',#2641,#1250);
#1131=LINE('',#2645,#1251);
#1132=LINE('',#2648,#1252);
#1133=LINE('',#2653,#1253);
#1134=LINE('',#2657,#1254);
#1135=LINE('',#2661,#1255);
#1136=LINE('',#2664,#1256);
#1137=LINE('',#2669,#1257);
#1138=LINE('',#2673,#1258);
#1139=LINE('',#2677,#1259);
#1140=LINE('',#2680,#1260);
#1141=LINE('',#2685,#1261);
#1142=LINE('',#2689,#1262);
#1143=LINE('',#2693,#1263);
#1144=LINE('',#2696,#1264);
#1145=LINE('',#2701,#1265);
#1146=LINE('',#2705,#1266);
#1147=LINE('',#2709,#1267);
#1148=LINE('',#2713,#1268);
#1149=LINE('',#2715,#1269);
#1150=LINE('',#2717,#1270);
#1151=LINE('',#2719,#1271);
#1152=LINE('',#2721,#1272);
#1153=LINE('',#2723,#1273);
#1154=LINE('',#2725,#1274);
#1155=LINE('',#2727,#1275);
#1156=LINE('',#2729,#1276);
#1157=LINE('',#2731,#1277);
#1158=LINE('',#2733,#1278);
#1159=LINE('',#2735,#1279);
#1160=LINE('',#2740,#1280);
#1161=LINE('',#2744,#1281);
#1162=LINE('',#2748,#1282);
#1163=LINE('',#2752,#1283);
#1164=LINE('',#2754,#1284);
#1165=LINE('',#2756,#1285);
#1166=LINE('',#2758,#1286);
#1167=LINE('',#2760,#1287);
#1168=LINE('',#2762,#1288);
#1169=LINE('',#2764,#1289);
#1170=LINE('',#2766,#1290);
#1171=LINE('',#2768,#1291);
#1172=LINE('',#2770,#1292);
#1173=LINE('',#2772,#1293);
#1174=LINE('',#2774,#1294);
#1175=LINE('',#2776,#1295);
#1176=LINE('',#2781,#1296);
#1177=LINE('',#2785,#1297);
#1178=LINE('',#2789,#1298);
#1179=LINE('',#2793,#1299);
#1180=LINE('',#2795,#1300);
#1181=LINE('',#2797,#1301);
#1182=LINE('',#2799,#1302);
#1183=LINE('',#2801,#1303);
#1184=LINE('',#2803,#1304);
#1185=LINE('',#2805,#1305);
#1186=LINE('',#2807,#1306);
#1187=LINE('',#2809,#1307);
#1188=LINE('',#2811,#1308);
#1189=LINE('',#2813,#1309);
#1190=LINE('',#2815,#1310);
#1191=LINE('',#2817,#1311);
#1192=LINE('',#2822,#1312);
#1193=LINE('',#2826,#1313);
#1194=LINE('',#2830,#1314);
#1195=LINE('',#2834,#1315);
#1196=LINE('',#2836,#1316);
#1197=LINE('',#2838,#1317);
#1198=LINE('',#2840,#1318);
#1199=LINE('',#2842,#1319);
#1200=LINE('',#2844,#1320);
#1201=LINE('',#2846,#1321);
#1202=LINE('',#2848,#1322);
#1203=LINE('',#2850,#1323);
#1204=LINE('',#2852,#1324);
#1205=LINE('',#2854,#1325);
#1206=LINE('',#2856,#1326);
#1207=LINE('',#2858,#1327);
#1208=LINE('',#2863,#1328);
#1209=LINE('',#2867,#1329);
#1210=LINE('',#2871,#1330);
#1211=LINE('',#2875,#1331);
#1212=LINE('',#2877,#1332);
#1213=LINE('',#2880,#1333);
#1214=LINE('',#2882,#1334);
#1215=LINE('',#2884,#1335);
#1216=LINE('',#2888,#1336);
#1217=LINE('',#2892,#1337);
#1218=LINE('',#2898,#1338);
#1219=LINE('',#2900,#1339);
#1220=LINE('',#2902,#1340);
#1221=LINE('',#2904,#1341);
#1222=LINE('',#2907,#1342);
#1223=LINE('',#2908,#1343);
#1224=LINE('',#2912,#1344);
#1225=LINE('',#2916,#1345);
#1226=LINE('',#2922,#1346);
#1227=LINE('',#2923,#1347);
#1228=VECTOR('',#1971,1.);
#1229=VECTOR('',#1972,1.);
#1230=VECTOR('',#1973,1.);
#1231=VECTOR('',#1974,1.);
#1232=VECTOR('',#1979,1.);
#1233=VECTOR('',#1984,1.);
#1234=VECTOR('',#1985,1.);
#1235=VECTOR('',#1986,1.);
#1236=VECTOR('',#1991,1.);
#1237=VECTOR('',#1996,1.);
#1238=VECTOR('',#1997,1.);
#1239=VECTOR('',#1998,1.);
#1240=VECTOR('',#2003,1.);
#1241=VECTOR('',#2008,1.);
#1242=VECTOR('',#2009,1.);
#1243=VECTOR('',#2010,1.);
#1244=VECTOR('',#2021,1.);
#1245=VECTOR('',#2024,1.);
#1246=VECTOR('',#2027,1.);
#1247=VECTOR('',#2030,1.);
#1248=VECTOR('',#2033,1.);
#1249=VECTOR('',#2036,1.);
#1250=VECTOR('',#2039,1.);
#1251=VECTOR('',#2042,1.);
#1252=VECTOR('',#2045,1.);
#1253=VECTOR('',#2048,1.);
#1254=VECTOR('',#2051,1.);
#1255=VECTOR('',#2054,1.);
#1256=VECTOR('',#2057,1.);
#1257=VECTOR('',#2060,1.);
#1258=VECTOR('',#2063,1.);
#1259=VECTOR('',#2066,1.);
#1260=VECTOR('',#2069,1.);
#1261=VECTOR('',#2072,1.);
#1262=VECTOR('',#2075,1.);
#1263=VECTOR('',#2078,1.);
#1264=VECTOR('',#2081,1.);
#1265=VECTOR('',#2084,1.);
#1266=VECTOR('',#2087,1.);
#1267=VECTOR('',#2090,1.);
#1268=VECTOR('',#2095,1.);
#1269=VECTOR('',#2096,1.);
#1270=VECTOR('',#2097,1.);
#1271=VECTOR('',#2100,1.);
#1272=VECTOR('',#2101,1.);
#1273=VECTOR('',#2102,1.);
#1274=VECTOR('',#2105,1.);
#1275=VECTOR('',#2106,1.);
#1276=VECTOR('',#2107,1.);
#1277=VECTOR('',#2110,1.);
#1278=VECTOR('',#2111,1.);
#1279=VECTOR('',#2112,1.);
#1280=VECTOR('',#2117,1.);
#1281=VECTOR('',#2120,1.);
#1282=VECTOR('',#2123,1.);
#1283=VECTOR('',#2126,1.);
#1284=VECTOR('',#2129,1.);
#1285=VECTOR('',#2130,1.);
#1286=VECTOR('',#2131,1.);
#1287=VECTOR('',#2134,1.);
#1288=VECTOR('',#2135,1.);
#1289=VECTOR('',#2136,1.);
#1290=VECTOR('',#2139,1.);
#1291=VECTOR('',#2140,1.);
#1292=VECTOR('',#2141,1.);
#1293=VECTOR('',#2144,1.);
#1294=VECTOR('',#2145,1.);
#1295=VECTOR('',#2146,1.);
#1296=VECTOR('',#2151,1.);
#1297=VECTOR('',#2154,1.);
#1298=VECTOR('',#2157,1.);
#1299=VECTOR('',#2160,1.);
#1300=VECTOR('',#2163,1.);
#1301=VECTOR('',#2164,1.);
#1302=VECTOR('',#2165,1.);
#1303=VECTOR('',#2168,1.);
#1304=VECTOR('',#2169,1.);
#1305=VECTOR('',#2170,1.);
#1306=VECTOR('',#2173,1.);
#1307=VECTOR('',#2174,1.);
#1308=VECTOR('',#2175,1.);
#1309=VECTOR('',#2178,1.);
#1310=VECTOR('',#2179,1.);
#1311=VECTOR('',#2180,1.);
#1312=VECTOR('',#2185,1.);
#1313=VECTOR('',#2188,1.);
#1314=VECTOR('',#2191,1.);
#1315=VECTOR('',#2194,1.);
#1316=VECTOR('',#2197,1.);
#1317=VECTOR('',#2198,1.);
#1318=VECTOR('',#2199,1.);
#1319=VECTOR('',#2202,1.);
#1320=VECTOR('',#2203,1.);
#1321=VECTOR('',#2204,1.);
#1322=VECTOR('',#2207,1.);
#1323=VECTOR('',#2208,1.);
#1324=VECTOR('',#2209,1.);
#1325=VECTOR('',#2212,1.);
#1326=VECTOR('',#2213,1.);
#1327=VECTOR('',#2214,1.);
#1328=VECTOR('',#2219,1.);
#1329=VECTOR('',#2222,1.);
#1330=VECTOR('',#2225,1.);
#1331=VECTOR('',#2228,1.);
#1332=VECTOR('',#2231,1.);
#1333=VECTOR('',#2232,1.);
#1334=VECTOR('',#2233,1.);
#1335=VECTOR('',#2234,1.);
#1336=VECTOR('',#2239,1.);
#1337=VECTOR('',#2244,1.);
#1338=VECTOR('',#2251,1.);
#1339=VECTOR('',#2252,1.);
#1340=VECTOR('',#2253,1.);
#1341=VECTOR('',#2256,1.);
#1342=VECTOR('',#2257,1.);
#1343=VECTOR('',#2258,1.);
#1344=VECTOR('',#2263,1.);
#1345=VECTOR('',#2268,1.);
#1346=VECTOR('',#2275,1.);
#1347=VECTOR('',#2276,1.);
#1348=EDGE_LOOP('',(#220,#221,#222,#223));
#1349=EDGE_LOOP('',(#224,#225,#226,#227));
#1350=EDGE_LOOP('',(#228,#229,#230,#231));
#1351=EDGE_LOOP('',(#232,#233,#234,#235));
#1352=EDGE_LOOP('',(#236,#237,#238,#239));
#1353=EDGE_LOOP('',(#240,#241,#242,#243));
#1354=EDGE_LOOP('',(#244,#245,#246,#247));
#1355=EDGE_LOOP('',(#248,#249,#250,#251));
#1356=EDGE_LOOP('',(#252,#253,#254,#255,#256,#257,#258,#259));
#1357=EDGE_LOOP('',(#260,#261,#262,#263,#264,#265,#266,#267));
#1358=EDGE_LOOP('',(#268,#269,#270,#271,#272,#273,#274,#275));
#1359=EDGE_LOOP('',(#276,#277,#278,#279,#280,#281,#282,#283));
#1360=EDGE_LOOP('',(#284,#285,#286,#287,#288,#289,#290,#291));
#1361=EDGE_LOOP('',(#292,#293,#294,#295,#296,#297,#298,#299));
#1362=EDGE_LOOP('',(#300,#301,#302,#303));
#1363=EDGE_LOOP('',(#304,#305,#306,#307));
#1364=EDGE_LOOP('',(#308,#309,#310,#311));
#1365=EDGE_LOOP('',(#312,#313,#314,#315));
#1366=EDGE_LOOP('',(#316,#317,#318,#319,#320,#321,#322,#323));
#1367=EDGE_LOOP('',(#324,#325,#326,#327));
#1368=EDGE_LOOP('',(#328,#329,#330,#331));
#1369=EDGE_LOOP('',(#332,#333,#334,#335));
#1370=EDGE_LOOP('',(#336,#337,#338,#339));
#1371=EDGE_LOOP('',(#340,#341,#342,#343,#344,#345,#346,#347));
#1372=EDGE_LOOP('',(#348,#349,#350,#351));
#1373=EDGE_LOOP('',(#352,#353,#354,#355));
#1374=EDGE_LOOP('',(#356,#357,#358,#359));
#1375=EDGE_LOOP('',(#360,#361,#362,#363));
#1376=EDGE_LOOP('',(#364,#365,#366,#367,#368,#369,#370,#371));
#1377=EDGE_LOOP('',(#372,#373,#374,#375));
#1378=EDGE_LOOP('',(#376,#377,#378,#379));
#1379=EDGE_LOOP('',(#380,#381,#382,#383));
#1380=EDGE_LOOP('',(#384,#385,#386,#387));
#1381=EDGE_LOOP('',(#388,#389,#390,#391,#392,#393,#394,#395));
#1382=EDGE_LOOP('',(#396,#397,#398,#399));
#1383=EDGE_LOOP('',(#400,#401,#402,#403));
#1384=EDGE_LOOP('',(#404,#405,#406,#407));
#1385=EDGE_LOOP('',(#408,#409,#410,#411));
#1386=EDGE_LOOP('',(#412,#413,#414,#415));
#1387=EDGE_LOOP('',(#416,#417,#418,#419));
#1388=EDGE_LOOP('',(#420,#421,#422,#423));
#1389=EDGE_LOOP('',(#424,#425,#426,#427));
#1390=EDGE_LOOP('',(#428,#429,#430,#431));
#1391=EDGE_LOOP('',(#432,#433,#434,#435));
#1392=EDGE_LOOP('',(#436,#437,#438,#439));
#1393=EDGE_LOOP('',(#440,#441,#442,#443));
#1394=EDGE_LOOP('',(#444,#445,#446,#447));
#1395=EDGE_LOOP('',(#448,#449,#450,#451));
#1396=EDGE_LOOP('',(#452,#453,#454,#455));
#1397=EDGE_LOOP('',(#456,#457,#458,#459));
#1398=EDGE_LOOP('',(#460,#461,#462,#463));
#1399=EDGE_LOOP('',(#464,#465,#466,#467));
#1400=EDGE_LOOP('',(#468,#469,#470,#471));
#1401=EDGE_LOOP('',(#472,#473,#474,#475));
#1402=EDGE_LOOP('',(#476,#477,#478,#479));
#1403=EDGE_LOOP('',(#480,#481,#482,#483));
#1404=EDGE_LOOP('',(#484,#485,#486,#487));
#1405=EDGE_LOOP('',(#488,#489,#490,#491));
#1406=EDGE_LOOP('',(#492,#493,#494,#495));
#1407=EDGE_LOOP('',(#496,#497,#498,#499));
#1408=EDGE_LOOP('',(#500,#501,#502,#503));
#1409=EDGE_LOOP('',(#504,#505,#506,#507));
#1410=EDGE_LOOP('',(#508,#509,#510,#511));
#1411=EDGE_LOOP('',(#512,#513,#514,#515));
#1412=EDGE_LOOP('',(#516,#517,#518,#519));
#1413=EDGE_LOOP('',(#520,#521,#522,#523));
#1414=EDGE_LOOP('',(#524,#525,#526,#527));
#1415=EDGE_LOOP('',(#528,#529,#530,#531));
#1416=EDGE_LOOP('',(#532,#533,#534,#535));
#1417=EDGE_LOOP('',(#536,#537,#538,#539));
#1418=EDGE_LOOP('',(#540,#541,#542,#543));
#1419=EDGE_LOOP('',(#544,#545,#546,#547));
#1420=EDGE_LOOP('',(#548,#549,#550,#551));
#1421=EDGE_LOOP('',(#552,#553,#554,#555));
#1422=EDGE_LOOP('',(#556,#557,#558,#559));
#1423=EDGE_LOOP('',(#560,#561,#562,#563));
#1424=EDGE_LOOP('',(#564,#565,#566,#567));
#1425=EDGE_LOOP('',(#568,#569,#570,#571));
#1426=EDGE_LOOP('',(#572,#573,#574,#575));
#1427=EDGE_LOOP('',(#576,#577,#578,#579));
#1428=EDGE_LOOP('',(#580,#581,#582,#583));
#1429=EDGE_LOOP('',(#584,#585,#586,#587));
#1430=EDGE_LOOP('',(#588,#589,#590,#591));
#1431=EDGE_LOOP('',(#592,#593,#594,#595));
#1432=EDGE_LOOP('',(#596,#597,#598,#599));
#1433=EDGE_LOOP('',(#600,#601,#602,#603));
#1434=EDGE_LOOP('',(#604,#605,#606,#607));
#1435=EDGE_LOOP('',(#608,#609,#610,#611));
#1436=EDGE_LOOP('',(#612,#613,#614,#615));
#1437=EDGE_LOOP('',(#616,#617,#618,#619));
#1438=EDGE_LOOP('',(#620,#621,#622,#623));
#1439=EDGE_LOOP('',(#624,#625,#626,#627));
#1440=EDGE_LOOP('',(#628,#629,#630,#631));
#1441=EDGE_LOOP('',(#632,#633,#634,#635));
#1442=EDGE_LOOP('',(#636,#637,#638,#639));
#1443=EDGE_LOOP('',(#640,#641,#642,#643));
#1444=EDGE_LOOP('',(#644,#645,#646,#647));
#1445=EDGE_LOOP('',(#648,#649,#650,#651));
#1446=EDGE_LOOP('',(#652,#653,#654,#655));
#1447=EDGE_LOOP('',(#656,#657,#658,#659));
#1448=EDGE_LOOP('',(#660,#661,#662,#663));
#1449=EDGE_LOOP('',(#664,#665,#666,#667));
#1450=EDGE_LOOP('',(#668,#669,#670,#671));
#1451=EDGE_LOOP('',(#672,#673,#674,#675));
#1452=EDGE_LOOP('',(#676,#677,#678,#679));
#1453=EDGE_LOOP('',(#680,#681,#682,#683));
#1454=EDGE_LOOP('',(#684,#685,#686,#687));
#1455=EDGE_LOOP('',(#688,#689,#690,#691));
#1456=EDGE_LOOP('',(#692,#693,#694,#695));
#1457=EDGE_LOOP('',(#696,#697,#698,#699));
#1458=EDGE_LOOP('',(#700,#701,#702,#703));
#1459=EDGE_LOOP('',(#704,#705,#706,#707));
#1460=EDGE_LOOP('',(#708,#709,#710,#711));
#1461=EDGE_LOOP('',(#712,#713,#714,#715));
#1462=FACE_BOUND('',#1348,.T.);
#1463=FACE_BOUND('',#1349,.T.);
#1464=FACE_BOUND('',#1350,.T.);
#1465=FACE_BOUND('',#1351,.T.);
#1466=FACE_BOUND('',#1352,.T.);
#1467=FACE_BOUND('',#1353,.T.);
#1468=FACE_BOUND('',#1354,.T.);
#1469=FACE_BOUND('',#1355,.T.);
#1470=FACE_BOUND('',#1356,.T.);
#1471=FACE_BOUND('',#1357,.T.);
#1472=FACE_BOUND('',#1358,.T.);
#1473=FACE_BOUND('',#1359,.T.);
#1474=FACE_BOUND('',#1360,.T.);
#1475=FACE_BOUND('',#1361,.T.);
#1476=FACE_BOUND('',#1362,.T.);
#1477=FACE_BOUND('',#1363,.T.);
#1478=FACE_BOUND('',#1364,.T.);
#1479=FACE_BOUND('',#1365,.T.);
#1480=FACE_BOUND('',#1366,.T.);
#1481=FACE_BOUND('',#1367,.T.);
#1482=FACE_BOUND('',#1368,.T.);
#1483=FACE_BOUND('',#1369,.T.);
#1484=FACE_BOUND('',#1370,.T.);
#1485=FACE_BOUND('',#1371,.T.);
#1486=FACE_BOUND('',#1372,.T.);
#1487=FACE_BOUND('',#1373,.T.);
#1488=FACE_BOUND('',#1374,.T.);
#1489=FACE_BOUND('',#1375,.T.);
#1490=FACE_BOUND('',#1376,.T.);
#1491=FACE_BOUND('',#1377,.T.);
#1492=FACE_BOUND('',#1378,.T.);
#1493=FACE_BOUND('',#1379,.T.);
#1494=FACE_BOUND('',#1380,.T.);
#1495=FACE_BOUND('',#1381,.T.);
#1496=FACE_BOUND('',#1382,.T.);
#1497=FACE_BOUND('',#1383,.T.);
#1498=FACE_BOUND('',#1384,.T.);
#1499=FACE_BOUND('',#1385,.T.);
#1500=FACE_BOUND('',#1386,.T.);
#1501=FACE_BOUND('',#1387,.T.);
#1502=FACE_BOUND('',#1388,.T.);
#1503=FACE_BOUND('',#1389,.T.);
#1504=FACE_BOUND('',#1390,.T.);
#1505=FACE_BOUND('',#1391,.T.);
#1506=FACE_BOUND('',#1392,.T.);
#1507=FACE_BOUND('',#1393,.T.);
#1508=FACE_BOUND('',#1394,.T.);
#1509=FACE_BOUND('',#1395,.T.);
#1510=FACE_BOUND('',#1396,.T.);
#1511=FACE_BOUND('',#1397,.T.);
#1512=FACE_BOUND('',#1398,.T.);
#1513=FACE_BOUND('',#1399,.T.);
#1514=FACE_BOUND('',#1400,.T.);
#1515=FACE_BOUND('',#1401,.T.);
#1516=FACE_BOUND('',#1402,.T.);
#1517=FACE_BOUND('',#1403,.T.);
#1518=FACE_BOUND('',#1404,.T.);
#1519=FACE_BOUND('',#1405,.T.);
#1520=FACE_BOUND('',#1406,.T.);
#1521=FACE_BOUND('',#1407,.T.);
#1522=FACE_BOUND('',#1408,.T.);
#1523=FACE_BOUND('',#1409,.T.);
#1524=FACE_BOUND('',#1410,.T.);
#1525=FACE_BOUND('',#1411,.T.);
#1526=FACE_BOUND('',#1412,.T.);
#1527=FACE_BOUND('',#1413,.T.);
#1528=FACE_BOUND('',#1414,.T.);
#1529=FACE_BOUND('',#1415,.T.);
#1530=FACE_BOUND('',#1416,.T.);
#1531=FACE_BOUND('',#1417,.T.);
#1532=FACE_BOUND('',#1418,.T.);
#1533=FACE_BOUND('',#1419,.T.);
#1534=FACE_BOUND('',#1420,.T.);
#1535=FACE_BOUND('',#1421,.T.);
#1536=FACE_BOUND('',#1422,.T.);
#1537=FACE_BOUND('',#1423,.T.);
#1538=FACE_BOUND('',#1424,.T.);
#1539=FACE_BOUND('',#1425,.T.);
#1540=FACE_BOUND('',#1426,.T.);
#1541=FACE_BOUND('',#1427,.T.);
#1542=FACE_BOUND('',#1428,.T.);
#1543=FACE_BOUND('',#1429,.T.);
#1544=FACE_BOUND('',#1430,.T.);
#1545=FACE_BOUND('',#1431,.T.);
#1546=FACE_BOUND('',#1432,.T.);
#1547=FACE_BOUND('',#1433,.T.);
#1548=FACE_BOUND('',#1434,.T.);
#1549=FACE_BOUND('',#1435,.T.);
#1550=FACE_BOUND('',#1436,.T.);
#1551=FACE_BOUND('',#1437,.T.);
#1552=FACE_BOUND('',#1438,.T.);
#1553=FACE_BOUND('',#1439,.T.);
#1554=FACE_BOUND('',#1440,.T.);
#1555=FACE_BOUND('',#1441,.T.);
#1556=FACE_BOUND('',#1442,.T.);
#1557=FACE_BOUND('',#1443,.T.);
#1558=FACE_BOUND('',#1444,.T.);
#1559=FACE_BOUND('',#1445,.T.);
#1560=FACE_BOUND('',#1446,.T.);
#1561=FACE_BOUND('',#1447,.T.);
#1562=FACE_BOUND('',#1448,.T.);
#1563=FACE_BOUND('',#1449,.T.);
#1564=FACE_BOUND('',#1450,.T.);
#1565=FACE_BOUND('',#1451,.T.);
#1566=FACE_BOUND('',#1452,.T.);
#1567=FACE_BOUND('',#1453,.T.);
#1568=FACE_BOUND('',#1454,.T.);
#1569=FACE_BOUND('',#1455,.T.);
#1570=FACE_BOUND('',#1456,.T.);
#1571=FACE_BOUND('',#1457,.T.);
#1572=FACE_BOUND('',#1458,.T.);
#1573=FACE_BOUND('',#1459,.T.);
#1574=FACE_BOUND('',#1460,.T.);
#1575=FACE_BOUND('',#1461,.T.);
#1576=PLANE('',#1729);
#1577=PLANE('',#1733);
#1578=PLANE('',#1737);
#1579=PLANE('',#1741);
#1580=PLANE('',#1745);
#1581=PLANE('',#1750);
#1582=PLANE('',#1771);
#1583=PLANE('',#1772);
#1584=PLANE('',#1773);
#1585=PLANE('',#1774);
#1586=PLANE('',#1775);
#1587=PLANE('',#1780);
#1588=PLANE('',#1781);
#1589=PLANE('',#1782);
#1590=PLANE('',#1783);
#1591=PLANE('',#1784);
#1592=PLANE('',#1789);
#1593=PLANE('',#1790);
#1594=PLANE('',#1791);
#1595=PLANE('',#1792);
#1596=PLANE('',#1793);
#1597=PLANE('',#1798);
#1598=PLANE('',#1799);
#1599=PLANE('',#1800);
#1600=PLANE('',#1801);
#1601=PLANE('',#1802);
#1602=PLANE('',#1807);
#1603=PLANE('',#1814);
#1604=PLANE('',#1815);
#1605=PLANE('',#1822);
#1606=ADVANCED_FACE('',(#1462),#1576,.F.);
#1607=ADVANCED_FACE('',(#1463),#172,.T.);
#1608=ADVANCED_FACE('',(#1464),#1577,.T.);
#1609=ADVANCED_FACE('',(#1465),#173,.T.);
#1610=ADVANCED_FACE('',(#1466),#1578,.T.);
#1611=ADVANCED_FACE('',(#1467),#174,.T.);
#1612=ADVANCED_FACE('',(#1468),#1579,.F.);
#1613=ADVANCED_FACE('',(#1469),#175,.T.);
#1614=ADVANCED_FACE('',(#1470),#1580,.T.);
#1615=ADVANCED_FACE('',(#1471,#1472,#1473,#1474,#1475),#1581,.F.);
#1616=ADVANCED_FACE('',(#1476),#1582,.T.);
#1617=ADVANCED_FACE('',(#1477),#1583,.F.);
#1618=ADVANCED_FACE('',(#1478),#1584,.F.);
#1619=ADVANCED_FACE('',(#1479),#1585,.T.);
#1620=ADVANCED_FACE('',(#1480),#1586,.T.);
#1621=ADVANCED_FACE('',(#1481),#1587,.T.);
#1622=ADVANCED_FACE('',(#1482),#1588,.F.);
#1623=ADVANCED_FACE('',(#1483),#1589,.F.);
#1624=ADVANCED_FACE('',(#1484),#1590,.T.);
#1625=ADVANCED_FACE('',(#1485),#1591,.T.);
#1626=ADVANCED_FACE('',(#1486),#1592,.T.);
#1627=ADVANCED_FACE('',(#1487),#1593,.F.);
#1628=ADVANCED_FACE('',(#1488),#1594,.F.);
#1629=ADVANCED_FACE('',(#1489),#1595,.T.);
#1630=ADVANCED_FACE('',(#1490),#1596,.T.);
#1631=ADVANCED_FACE('',(#1491),#1597,.T.);
#1632=ADVANCED_FACE('',(#1492),#1598,.F.);
#1633=ADVANCED_FACE('',(#1493),#1599,.F.);
#1634=ADVANCED_FACE('',(#1494),#1600,.T.);
#1635=ADVANCED_FACE('',(#1495),#1601,.T.);
#1636=ADVANCED_FACE('',(#1496),#1602,.T.);
#1637=ADVANCED_FACE('',(#1497),#40,.T.);
#1638=ADVANCED_FACE('',(#1498),#41,.T.);
#1639=ADVANCED_FACE('',(#1499),#1603,.T.);
#1640=ADVANCED_FACE('',(#1500),#1604,.F.);
#1641=ADVANCED_FACE('',(#1501),#42,.T.);
#1642=ADVANCED_FACE('',(#1502),#43,.T.);
#1643=ADVANCED_FACE('',(#1503),#1605,.F.);
#1644=ADVANCED_FACE('',(#1504),#176,.T.);
#1645=ADVANCED_FACE('',(#1505),#177,.T.);
#1646=ADVANCED_FACE('',(#1506),#178,.T.);
#1647=ADVANCED_FACE('',(#1507),#179,.T.);
#1648=ADVANCED_FACE('',(#1508),#180,.T.);
#1649=ADVANCED_FACE('',(#1509),#181,.T.);
#1650=ADVANCED_FACE('',(#1510),#182,.T.);
#1651=ADVANCED_FACE('',(#1511),#183,.T.);
#1652=ADVANCED_FACE('',(#1512),#184,.T.);
#1653=ADVANCED_FACE('',(#1513),#185,.T.);
#1654=ADVANCED_FACE('',(#1514),#186,.T.);
#1655=ADVANCED_FACE('',(#1515),#187,.T.);
#1656=ADVANCED_FACE('',(#1516),#188,.T.);
#1657=ADVANCED_FACE('',(#1517),#189,.T.);
#1658=ADVANCED_FACE('',(#1518),#190,.T.);
#1659=ADVANCED_FACE('',(#1519),#191,.T.);
#1660=ADVANCED_FACE('',(#1520),#192,.T.);
#1661=ADVANCED_FACE('',(#1521),#12,.T.);
#1662=ADVANCED_FACE('',(#1522),#13,.T.);
#1663=ADVANCED_FACE('',(#1523),#193,.T.);
#1664=ADVANCED_FACE('',(#1524),#194,.T.);
#1665=ADVANCED_FACE('',(#1525),#14,.T.);
#1666=ADVANCED_FACE('',(#1526),#15,.T.);
#1667=ADVANCED_FACE('',(#1527),#195,.T.);
#1668=ADVANCED_FACE('',(#1528),#196,.T.);
#1669=ADVANCED_FACE('',(#1529),#16,.T.);
#1670=ADVANCED_FACE('',(#1530),#17,.T.);
#1671=ADVANCED_FACE('',(#1531),#197,.T.);
#1672=ADVANCED_FACE('',(#1532),#198,.T.);
#1673=ADVANCED_FACE('',(#1533),#18,.T.);
#1674=ADVANCED_FACE('',(#1534),#19,.T.);
#1675=ADVANCED_FACE('',(#1535),#199,.T.);
#1676=ADVANCED_FACE('',(#1536),#200,.T.);
#1677=ADVANCED_FACE('',(#1537),#20,.T.);
#1678=ADVANCED_FACE('',(#1538),#21,.T.);
#1679=ADVANCED_FACE('',(#1539),#201,.T.);
#1680=ADVANCED_FACE('',(#1540),#202,.T.);
#1681=ADVANCED_FACE('',(#1541),#22,.T.);
#1682=ADVANCED_FACE('',(#1542),#23,.T.);
#1683=ADVANCED_FACE('',(#1543),#203,.T.);
#1684=ADVANCED_FACE('',(#1544),#204,.T.);
#1685=ADVANCED_FACE('',(#1545),#24,.T.);
#1686=ADVANCED_FACE('',(#1546),#25,.T.);
#1687=ADVANCED_FACE('',(#1547),#205,.T.);
#1688=ADVANCED_FACE('',(#1548),#206,.T.);
#1689=ADVANCED_FACE('',(#1549),#26,.T.);
#1690=ADVANCED_FACE('',(#1550),#27,.T.);
#1691=ADVANCED_FACE('',(#1551),#207,.T.);
#1692=ADVANCED_FACE('',(#1552),#28,.T.);
#1693=ADVANCED_FACE('',(#1553),#208,.T.);
#1694=ADVANCED_FACE('',(#1554),#209,.T.);
#1695=ADVANCED_FACE('',(#1555),#29,.T.);
#1696=ADVANCED_FACE('',(#1556),#30,.T.);
#1697=ADVANCED_FACE('',(#1557),#210,.T.);
#1698=ADVANCED_FACE('',(#1558),#211,.T.);
#1699=ADVANCED_FACE('',(#1559),#31,.T.);
#1700=ADVANCED_FACE('',(#1560),#32,.T.);
#1701=ADVANCED_FACE('',(#1561),#212,.T.);
#1702=ADVANCED_FACE('',(#1562),#213,.T.);
#1703=ADVANCED_FACE('',(#1563),#33,.T.);
#1704=ADVANCED_FACE('',(#1564),#34,.T.);
#1705=ADVANCED_FACE('',(#1565),#214,.T.);
#1706=ADVANCED_FACE('',(#1566),#215,.T.);
#1707=ADVANCED_FACE('',(#1567),#35,.T.);
#1708=ADVANCED_FACE('',(#1568),#216,.T.);
#1709=ADVANCED_FACE('',(#1569),#36,.T.);
#1710=ADVANCED_FACE('',(#1570),#37,.T.);
#1711=ADVANCED_FACE('',(#1571),#217,.T.);
#1712=ADVANCED_FACE('',(#1572),#218,.T.);
#1713=ADVANCED_FACE('',(#1573),#38,.T.);
#1714=ADVANCED_FACE('',(#1574),#39,.T.);
#1715=ADVANCED_FACE('',(#1575),#219,.T.);
#1716=CLOSED_SHELL('',(#1606,#1607,#1608,#1609,#1610,#1611,#1612,#1613,
#1614,#1615,#1616,#1617,#1618,#1619,#1620,#1621,#1622,#1623,#1624,#1625,
#1626,#1627,#1628,#1629,#1630,#1631,#1632,#1633,#1634,#1635,#1636,#1637,
#1638,#1639,#1640,#1641,#1642,#1643,#1644,#1645,#1646,#1647,#1648,#1649,
#1650,#1651,#1652,#1653,#1654,#1655,#1656,#1657,#1658,#1659,#1660,#1661,
#1662,#1663,#1664,#1665,#1666,#1667,#1668,#1669,#1670,#1671,#1672,#1673,
#1674,#1675,#1676,#1677,#1678,#1679,#1680,#1681,#1682,#1683,#1684,#1685,
#1686,#1687,#1688,#1689,#1690,#1691,#1692,#1693,#1694,#1695,#1696,#1697,
#1698,#1699,#1700,#1701,#1702,#1703,#1704,#1705,#1706,#1707,#1708,#1709,
#1710,#1711,#1712,#1713,#1714,#1715));
#1717=STYLED_ITEM('',(#1718),#1725);
#1718=PRESENTATION_STYLE_ASSIGNMENT((#1719));
#1719=SURFACE_STYLE_USAGE(.BOTH.,#1720);
#1720=SURFACE_SIDE_STYLE('',(#1721));
#1721=SURFACE_STYLE_FILL_AREA(#1722);
#1722=FILL_AREA_STYLE('',(#1723));
#1723=FILL_AREA_STYLE_COLOUR('',#1724);
#1724=COLOUR_RGB('',0.231372549019608,0.380392156862745,0.705882352941177);
#1725=MANIFOLD_SOLID_BREP('BLOCKS_cap',#1716);
#1726=SHAPE_DEFINITION_REPRESENTATION(#3074,#1727);
#1727=SHAPE_REPRESENTATION('BLOCKS_cap',(#1728),#3069);
#1728=AXIS2_PLACEMENT_3D('',#2565,#1967,#1968);
#1729=AXIS2_PLACEMENT_3D('',#2566,#1969,#1970);
#1730=AXIS2_PLACEMENT_3D('',#2575,#1975,#1976);
#1731=AXIS2_PLACEMENT_3D('',#2576,#1977,#1978);
#1732=AXIS2_PLACEMENT_3D('',#2580,#1980,#1981);
#1733=AXIS2_PLACEMENT_3D('',#2581,#1982,#1983);
#1734=AXIS2_PLACEMENT_3D('',#2587,#1987,#1988);
#1735=AXIS2_PLACEMENT_3D('',#2588,#1989,#1990);
#1736=AXIS2_PLACEMENT_3D('',#2592,#1992,#1993);
#1737=AXIS2_PLACEMENT_3D('',#2593,#1994,#1995);
#1738=AXIS2_PLACEMENT_3D('',#2599,#1999,#2000);
#1739=AXIS2_PLACEMENT_3D('',#2600,#2001,#2002);
#1740=AXIS2_PLACEMENT_3D('',#2604,#2004,#2005);
#1741=AXIS2_PLACEMENT_3D('',#2605,#2006,#2007);
#1742=AXIS2_PLACEMENT_3D('',#2611,#2011,#2012);
#1743=AXIS2_PLACEMENT_3D('',#2612,#2013,#2014);
#1744=AXIS2_PLACEMENT_3D('',#2613,#2015,#2016);
#1745=AXIS2_PLACEMENT_3D('',#2614,#2017,#2018);
#1746=AXIS2_PLACEMENT_3D('',#2615,#2019,#2020);
#1747=AXIS2_PLACEMENT_3D('',#2620,#2022,#2023);
#1748=AXIS2_PLACEMENT_3D('',#2624,#2025,#2026);
#1749=AXIS2_PLACEMENT_3D('',#2628,#2028,#2029);
#1750=AXIS2_PLACEMENT_3D('',#2631,#2031,#2032);
#1751=AXIS2_PLACEMENT_3D('',#2635,#2034,#2035);
#1752=AXIS2_PLACEMENT_3D('',#2639,#2037,#2038);
#1753=AXIS2_PLACEMENT_3D('',#2643,#2040,#2041);
#1754=AXIS2_PLACEMENT_3D('',#2647,#2043,#2044);
#1755=AXIS2_PLACEMENT_3D('',#2651,#2046,#2047);
#1756=AXIS2_PLACEMENT_3D('',#2655,#2049,#2050);
#1757=AXIS2_PLACEMENT_3D('',#2659,#2052,#2053);
#1758=AXIS2_PLACEMENT_3D('',#2663,#2055,#2056);
#1759=AXIS2_PLACEMENT_3D('',#2667,#2058,#2059);
#1760=AXIS2_PLACEMENT_3D('',#2671,#2061,#2062);
#1761=AXIS2_PLACEMENT_3D('',#2675,#2064,#2065);
#1762=AXIS2_PLACEMENT_3D('',#2679,#2067,#2068);
#1763=AXIS2_PLACEMENT_3D('',#2683,#2070,#2071);
#1764=AXIS2_PLACEMENT_3D('',#2687,#2073,#2074);
#1765=AXIS2_PLACEMENT_3D('',#2691,#2076,#2077);
#1766=AXIS2_PLACEMENT_3D('',#2695,#2079,#2080);
#1767=AXIS2_PLACEMENT_3D('',#2699,#2082,#2083);
#1768=AXIS2_PLACEMENT_3D('',#2703,#2085,#2086);
#1769=AXIS2_PLACEMENT_3D('',#2707,#2088,#2089);
#1770=AXIS2_PLACEMENT_3D('',#2711,#2091,#2092);
#1771=AXIS2_PLACEMENT_3D('',#2712,#2093,#2094);
#1772=AXIS2_PLACEMENT_3D('',#2718,#2098,#2099);
#1773=AXIS2_PLACEMENT_3D('',#2724,#2103,#2104);
#1774=AXIS2_PLACEMENT_3D('',#2730,#2108,#2109);
#1775=AXIS2_PLACEMENT_3D('',#2736,#2113,#2114);
#1776=AXIS2_PLACEMENT_3D('',#2737,#2115,#2116);
#1777=AXIS2_PLACEMENT_3D('',#2742,#2118,#2119);
#1778=AXIS2_PLACEMENT_3D('',#2746,#2121,#2122);
#1779=AXIS2_PLACEMENT_3D('',#2750,#2124,#2125);
#1780=AXIS2_PLACEMENT_3D('',#2753,#2127,#2128);
#1781=AXIS2_PLACEMENT_3D('',#2759,#2132,#2133);
#1782=AXIS2_PLACEMENT_3D('',#2765,#2137,#2138);
#1783=AXIS2_PLACEMENT_3D('',#2771,#2142,#2143);
#1784=AXIS2_PLACEMENT_3D('',#2777,#2147,#2148);
#1785=AXIS2_PLACEMENT_3D('',#2778,#2149,#2150);
#1786=AXIS2_PLACEMENT_3D('',#2783,#2152,#2153);
#1787=AXIS2_PLACEMENT_3D('',#2787,#2155,#2156);
#1788=AXIS2_PLACEMENT_3D('',#2791,#2158,#2159);
#1789=AXIS2_PLACEMENT_3D('',#2794,#2161,#2162);
#1790=AXIS2_PLACEMENT_3D('',#2800,#2166,#2167);
#1791=AXIS2_PLACEMENT_3D('',#2806,#2171,#2172);
#1792=AXIS2_PLACEMENT_3D('',#2812,#2176,#2177);
#1793=AXIS2_PLACEMENT_3D('',#2818,#2181,#2182);
#1794=AXIS2_PLACEMENT_3D('',#2819,#2183,#2184);
#1795=AXIS2_PLACEMENT_3D('',#2824,#2186,#2187);
#1796=AXIS2_PLACEMENT_3D('',#2828,#2189,#2190);
#1797=AXIS2_PLACEMENT_3D('',#2832,#2192,#2193);
#1798=AXIS2_PLACEMENT_3D('',#2835,#2195,#2196);
#1799=AXIS2_PLACEMENT_3D('',#2841,#2200,#2201);
#1800=AXIS2_PLACEMENT_3D('',#2847,#2205,#2206);
#1801=AXIS2_PLACEMENT_3D('',#2853,#2210,#2211);
#1802=AXIS2_PLACEMENT_3D('',#2859,#2215,#2216);
#1803=AXIS2_PLACEMENT_3D('',#2860,#2217,#2218);
#1804=AXIS2_PLACEMENT_3D('',#2865,#2220,#2221);
#1805=AXIS2_PLACEMENT_3D('',#2869,#2223,#2224);
#1806=AXIS2_PLACEMENT_3D('',#2873,#2226,#2227);
#1807=AXIS2_PLACEMENT_3D('',#2876,#2229,#2230);
#1808=AXIS2_PLACEMENT_3D('',#2885,#2235,#2236);
#1809=AXIS2_PLACEMENT_3D('',#2886,#2237,#2238);
#1810=AXIS2_PLACEMENT_3D('',#2890,#2240,#2241);
#1811=AXIS2_PLACEMENT_3D('',#2891,#2242,#2243);
#1812=AXIS2_PLACEMENT_3D('',#2895,#2245,#2246);
#1813=AXIS2_PLACEMENT_3D('',#2896,#2247,#2248);
#1814=AXIS2_PLACEMENT_3D('',#2897,#2249,#2250);
#1815=AXIS2_PLACEMENT_3D('',#2903,#2254,#2255);
#1816=AXIS2_PLACEMENT_3D('',#2909,#2259,#2260);
#1817=AXIS2_PLACEMENT_3D('',#2910,#2261,#2262);
#1818=AXIS2_PLACEMENT_3D('',#2914,#2264,#2265);
#1819=AXIS2_PLACEMENT_3D('',#2915,#2266,#2267);
#1820=AXIS2_PLACEMENT_3D('',#2919,#2269,#2270);
#1821=AXIS2_PLACEMENT_3D('',#2920,#2271,#2272);
#1822=AXIS2_PLACEMENT_3D('',#2921,#2273,#2274);
#1823=AXIS2_PLACEMENT_3D('',#2924,#2277,#2278);
#1824=AXIS2_PLACEMENT_3D('',#2925,#2279,#2280);
#1825=AXIS2_PLACEMENT_3D('',#2926,#2281,#2282);
#1826=AXIS2_PLACEMENT_3D('',#2927,#2283,#2284);
#1827=AXIS2_PLACEMENT_3D('',#2928,#2285,#2286);
#1828=AXIS2_PLACEMENT_3D('',#2929,#2287,#2288);
#1829=AXIS2_PLACEMENT_3D('',#2930,#2289,#2290);
#1830=AXIS2_PLACEMENT_3D('',#2931,#2291,#2292);
#1831=AXIS2_PLACEMENT_3D('',#2932,#2293,#2294);
#1832=AXIS2_PLACEMENT_3D('',#2933,#2295,#2296);
#1833=AXIS2_PLACEMENT_3D('',#2934,#2297,#2298);
#1834=AXIS2_PLACEMENT_3D('',#2935,#2299,#2300);
#1835=AXIS2_PLACEMENT_3D('',#2936,#2301,#2302);
#1836=AXIS2_PLACEMENT_3D('',#2937,#2303,#2304);
#1837=AXIS2_PLACEMENT_3D('',#2938,#2305,#2306);
#1838=AXIS2_PLACEMENT_3D('',#2939,#2307,#2308);
#1839=AXIS2_PLACEMENT_3D('',#2940,#2309,#2310);
#1840=AXIS2_PLACEMENT_3D('',#2941,#2311,#2312);
#1841=AXIS2_PLACEMENT_3D('',#2942,#2313,#2314);
#1842=AXIS2_PLACEMENT_3D('',#2943,#2315,#2316);
#1843=AXIS2_PLACEMENT_3D('',#2944,#2317,#2318);
#1844=AXIS2_PLACEMENT_3D('',#2945,#2319,#2320);
#1845=AXIS2_PLACEMENT_3D('',#2946,#2321,#2322);
#1846=AXIS2_PLACEMENT_3D('',#2947,#2323,#2324);
#1847=AXIS2_PLACEMENT_3D('',#2948,#2325,#2326);
#1848=AXIS2_PLACEMENT_3D('',#2949,#2327,#2328);
#1849=AXIS2_PLACEMENT_3D('',#2950,#2329,#2330);
#1850=AXIS2_PLACEMENT_3D('',#2951,#2331,#2332);
#1851=AXIS2_PLACEMENT_3D('',#2952,#2333,#2334);
#1852=AXIS2_PLACEMENT_3D('',#2953,#2335,#2336);
#1853=AXIS2_PLACEMENT_3D('',#2954,#2337,#2338);
#1854=AXIS2_PLACEMENT_3D('',#2955,#2339,#2340);
#1855=AXIS2_PLACEMENT_3D('',#2956,#2341,#2342);
#1856=AXIS2_PLACEMENT_3D('',#2957,#2343,#2344);
#1857=AXIS2_PLACEMENT_3D('',#2958,#2345,#2346);
#1858=AXIS2_PLACEMENT_3D('',#2959,#2347,#2348);
#1859=AXIS2_PLACEMENT_3D('',#2960,#2349,#2350);
#1860=AXIS2_PLACEMENT_3D('',#2961,#2351,#2352);
#1861=AXIS2_PLACEMENT_3D('',#2962,#2353,#2354);
#1862=AXIS2_PLACEMENT_3D('',#2963,#2355,#2356);
#1863=AXIS2_PLACEMENT_3D('',#2964,#2357,#2358);
#1864=AXIS2_PLACEMENT_3D('',#2965,#2359,#2360);
#1865=AXIS2_PLACEMENT_3D('',#2966,#2361,#2362);
#1866=AXIS2_PLACEMENT_3D('',#2967,#2363,#2364);
#1867=AXIS2_PLACEMENT_3D('',#2968,#2365,#2366);
#1868=AXIS2_PLACEMENT_3D('',#2969,#2367,#2368);
#1869=AXIS2_PLACEMENT_3D('',#2970,#2369,#2370);
#1870=AXIS2_PLACEMENT_3D('',#2971,#2371,#2372);
#1871=AXIS2_PLACEMENT_3D('',#2972,#2373,#2374);
#1872=AXIS2_PLACEMENT_3D('',#2973,#2375,#2376);
#1873=AXIS2_PLACEMENT_3D('',#2974,#2377,#2378);
#1874=AXIS2_PLACEMENT_3D('',#2975,#2379,#2380);
#1875=AXIS2_PLACEMENT_3D('',#2976,#2381,#2382);
#1876=AXIS2_PLACEMENT_3D('',#2977,#2383,#2384);
#1877=AXIS2_PLACEMENT_3D('',#2978,#2385,#2386);
#1878=AXIS2_PLACEMENT_3D('',#2979,#2387,#2388);
#1879=AXIS2_PLACEMENT_3D('',#2980,#2389,#2390);
#1880=AXIS2_PLACEMENT_3D('',#2981,#2391,#2392);
#1881=AXIS2_PLACEMENT_3D('',#2982,#2393,#2394);
#1882=AXIS2_PLACEMENT_3D('',#2983,#2395,#2396);
#1883=AXIS2_PLACEMENT_3D('',#2984,#2397,#2398);
#1884=AXIS2_PLACEMENT_3D('',#2985,#2399,#2400);
#1885=AXIS2_PLACEMENT_3D('',#2986,#2401,#2402);
#1886=AXIS2_PLACEMENT_3D('',#2987,#2403,#2404);
#1887=AXIS2_PLACEMENT_3D('',#2988,#2405,#2406);
#1888=AXIS2_PLACEMENT_3D('',#2989,#2407,#2408);
#1889=AXIS2_PLACEMENT_3D('',#2990,#2409,#2410);
#1890=AXIS2_PLACEMENT_3D('',#2991,#2411,#2412);
#1891=AXIS2_PLACEMENT_3D('',#2992,#2413,#2414);
#1892=AXIS2_PLACEMENT_3D('',#2993,#2415,#2416);
#1893=AXIS2_PLACEMENT_3D('',#2994,#2417,#2418);
#1894=AXIS2_PLACEMENT_3D('',#2995,#2419,#2420);
#1895=AXIS2_PLACEMENT_3D('',#2996,#2421,#2422);
#1896=AXIS2_PLACEMENT_3D('',#2997,#2423,#2424);
#1897=AXIS2_PLACEMENT_3D('',#2998,#2425,#2426);
#1898=AXIS2_PLACEMENT_3D('',#2999,#2427,#2428);
#1899=AXIS2_PLACEMENT_3D('',#3000,#2429,#2430);
#1900=AXIS2_PLACEMENT_3D('',#3001,#2431,#2432);
#1901=AXIS2_PLACEMENT_3D('',#3002,#2433,#2434);
#1902=AXIS2_PLACEMENT_3D('',#3003,#2435,#2436);
#1903=AXIS2_PLACEMENT_3D('',#3004,#2437,#2438);
#1904=AXIS2_PLACEMENT_3D('',#3005,#2439,#2440);
#1905=AXIS2_PLACEMENT_3D('',#3006,#2441,#2442);
#1906=AXIS2_PLACEMENT_3D('',#3007,#2443,#2444);
#1907=AXIS2_PLACEMENT_3D('',#3008,#2445,#2446);
#1908=AXIS2_PLACEMENT_3D('',#3009,#2447,#2448);
#1909=AXIS2_PLACEMENT_3D('',#3010,#2449,#2450);
#1910=AXIS2_PLACEMENT_3D('',#3011,#2451,#2452);
#1911=AXIS2_PLACEMENT_3D('',#3012,#2453,#2454);
#1912=AXIS2_PLACEMENT_3D('',#3013,#2455,#2456);
#1913=AXIS2_PLACEMENT_3D('',#3014,#2457,#2458);
#1914=AXIS2_PLACEMENT_3D('',#3015,#2459,#2460);
#1915=AXIS2_PLACEMENT_3D('',#3016,#2461,#2462);
#1916=AXIS2_PLACEMENT_3D('',#3017,#2463,#2464);
#1917=AXIS2_PLACEMENT_3D('',#3018,#2465,#2466);
#1918=AXIS2_PLACEMENT_3D('',#3019,#2467,#2468);
#1919=AXIS2_PLACEMENT_3D('',#3020,#2469,#2470);
#1920=AXIS2_PLACEMENT_3D('',#3021,#2471,#2472);
#1921=AXIS2_PLACEMENT_3D('',#3022,#2473,#2474);
#1922=AXIS2_PLACEMENT_3D('',#3023,#2475,#2476);
#1923=AXIS2_PLACEMENT_3D('',#3024,#2477,#2478);
#1924=AXIS2_PLACEMENT_3D('',#3025,#2479,#2480);
#1925=AXIS2_PLACEMENT_3D('',#3026,#2481,#2482);
#1926=AXIS2_PLACEMENT_3D('',#3027,#2483,#2484);
#1927=AXIS2_PLACEMENT_3D('',#3028,#2485,#2486);
#1928=AXIS2_PLACEMENT_3D('',#3029,#2487,#2488);
#1929=AXIS2_PLACEMENT_3D('',#3030,#2489,#2490);
#1930=AXIS2_PLACEMENT_3D('',#3031,#2491,#2492);
#1931=AXIS2_PLACEMENT_3D('',#3032,#2493,#2494);
#1932=AXIS2_PLACEMENT_3D('',#3033,#2495,#2496);
#1933=AXIS2_PLACEMENT_3D('',#3034,#2497,#2498);
#1934=AXIS2_PLACEMENT_3D('',#3035,#2499,#2500);
#1935=AXIS2_PLACEMENT_3D('',#3036,#2501,#2502);
#1936=AXIS2_PLACEMENT_3D('',#3037,#2503,#2504);
#1937=AXIS2_PLACEMENT_3D('',#3038,#2505,#2506);
#1938=AXIS2_PLACEMENT_3D('',#3039,#2507,#2508);
#1939=AXIS2_PLACEMENT_3D('',#3040,#2509,#2510);
#1940=AXIS2_PLACEMENT_3D('',#3041,#2511,#2512);
#1941=AXIS2_PLACEMENT_3D('',#3042,#2513,#2514);
#1942=AXIS2_PLACEMENT_3D('',#3043,#2515,#2516);
#1943=AXIS2_PLACEMENT_3D('',#3044,#2517,#2518);
#1944=AXIS2_PLACEMENT_3D('',#3045,#2519,#2520);
#1945=AXIS2_PLACEMENT_3D('',#3046,#2521,#2522);
#1946=AXIS2_PLACEMENT_3D('',#3047,#2523,#2524);
#1947=AXIS2_PLACEMENT_3D('',#3048,#2525,#2526);
#1948=AXIS2_PLACEMENT_3D('',#3049,#2527,#2528);
#1949=AXIS2_PLACEMENT_3D('',#3050,#2529,#2530);
#1950=AXIS2_PLACEMENT_3D('',#3051,#2531,#2532);
#1951=AXIS2_PLACEMENT_3D('',#3052,#2533,#2534);
#1952=AXIS2_PLACEMENT_3D('',#3053,#2535,#2536);
#1953=AXIS2_PLACEMENT_3D('',#3054,#2537,#2538);
#1954=AXIS2_PLACEMENT_3D('',#3055,#2539,#2540);
#1955=AXIS2_PLACEMENT_3D('',#3056,#2541,#2542);
#1956=AXIS2_PLACEMENT_3D('',#3057,#2543,#2544);
#1957=AXIS2_PLACEMENT_3D('',#3058,#2545,#2546);
#1958=AXIS2_PLACEMENT_3D('',#3059,#2547,#2548);
#1959=AXIS2_PLACEMENT_3D('',#3060,#2549,#2550);
#1960=AXIS2_PLACEMENT_3D('',#3061,#2551,#2552);
#1961=AXIS2_PLACEMENT_3D('',#3062,#2553,#2554);
#1962=AXIS2_PLACEMENT_3D('',#3063,#2555,#2556);
#1963=AXIS2_PLACEMENT_3D('',#3064,#2557,#2558);
#1964=AXIS2_PLACEMENT_3D('',#3065,#2559,#2560);
#1965=AXIS2_PLACEMENT_3D('',#3066,#2561,#2562);
#1966=AXIS2_PLACEMENT_3D('',#3067,#2563,#2564);
#1967=DIRECTION('',(0.,0.,1.));
#1968=DIRECTION('',(1.,0.,0.));
#1969=DIRECTION('',(1.,0.,0.));
#1970=DIRECTION('',(0.,0.,-1.));
#1971=DIRECTION('',(0.,1.,0.));
#1972=DIRECTION('',(0.,0.,1.));
#1973=DIRECTION('',(0.,1.,0.));
#1974=DIRECTION('',(0.,0.,-1.));
#1975=DIRECTION('',(0.,1.,0.));
#1976=DIRECTION('',(0.,0.,1.));
#1977=DIRECTION('',(0.,1.,0.));
#1978=DIRECTION('',(0.,0.,1.));
#1979=DIRECTION('',(0.,1.,0.));
#1980=DIRECTION('',(0.,-1.,0.));
#1981=DIRECTION('',(0.,0.,-1.));
#1982=DIRECTION('',(8.67361737988404E-17,0.,-1.));
#1983=DIRECTION('',(-1.,0.,-8.67361737988404E-17));
#1984=DIRECTION('',(1.,0.,8.67361737988404E-17));
#1985=DIRECTION('',(0.,1.,0.));
#1986=DIRECTION('',(-1.,0.,-8.67361737988404E-17));
#1987=DIRECTION('',(0.,1.,0.));
#1988=DIRECTION('',(0.,0.,1.));
#1989=DIRECTION('',(0.,1.,0.));
#1990=DIRECTION('',(0.,0.,1.));
#1991=DIRECTION('',(0.,1.,0.));
#1992=DIRECTION('',(0.,-1.,0.));
#1993=DIRECTION('',(0.,0.,-1.));
#1994=DIRECTION('',(1.,0.,0.));
#1995=DIRECTION('',(0.,0.,-1.));
#1996=DIRECTION('',(0.,0.,1.));
#1997=DIRECTION('',(0.,1.,0.));
#1998=DIRECTION('',(0.,0.,-1.));
#1999=DIRECTION('',(0.,1.,0.));
#2000=DIRECTION('',(0.,0.,1.));
#2001=DIRECTION('',(0.,1.,0.));
#2002=DIRECTION('',(0.,0.,1.));
#2003=DIRECTION('',(0.,1.,0.));
#2004=DIRECTION('',(0.,-1.,0.));
#2005=DIRECTION('',(0.,0.,-1.));
#2006=DIRECTION('',(0.,0.,-1.));
#2007=DIRECTION('',(-1.,0.,0.));
#2008=DIRECTION('',(1.,0.,0.));
#2009=DIRECTION('',(0.,1.,0.));
#2010=DIRECTION('',(-1.,0.,0.));
#2011=DIRECTION('',(0.,1.,0.));
#2012=DIRECTION('',(0.,0.,1.));
#2013=DIRECTION('',(0.,1.,0.));
#2014=DIRECTION('',(0.,0.,1.));
#2015=DIRECTION('',(0.,-1.,0.));
#2016=DIRECTION('',(0.,0.,-1.));
#2017=DIRECTION('',(0.,-1.,0.));
#2018=DIRECTION('',(1.,0.,0.));
#2019=DIRECTION('',(0.,-1.,0.));
#2020=DIRECTION('',(0.,0.,-1.));
#2021=DIRECTION('',(-1.,0.,0.));
#2022=DIRECTION('',(0.,-1.,0.));
#2023=DIRECTION('',(0.,0.,-1.));
#2024=DIRECTION('',(0.,0.,-1.));
#2025=DIRECTION('',(0.,-1.,0.));
#2026=DIRECTION('',(0.,0.,-1.));
#2027=DIRECTION('',(-1.,0.,-8.67361737988404E-17));
#2028=DIRECTION('',(0.,-1.,0.));
#2029=DIRECTION('',(0.,0.,-1.));
#2030=DIRECTION('',(0.,0.,-1.));
#2031=DIRECTION('',(0.,-1.,0.));
#2032=DIRECTION('',(1.,0.,0.));
#2033=DIRECTION('',(0.,0.,-1.));
#2034=DIRECTION('',(0.,-1.,0.));
#2035=DIRECTION('',(0.,0.,-1.));
#2036=DIRECTION('',(-1.,0.,-8.67361737988404E-17));
#2037=DIRECTION('',(0.,-1.,0.));
#2038=DIRECTION('',(0.,0.,-1.));
#2039=DIRECTION('',(0.,0.,-1.));
#2040=DIRECTION('',(0.,-1.,0.));
#2041=DIRECTION('',(0.,0.,-1.));
#2042=DIRECTION('',(-1.,0.,0.));
#2043=DIRECTION('',(0.,-1.,0.));
#2044=DIRECTION('',(0.,0.,-1.));
#2045=DIRECTION('',(1.,0.,0.));
#2046=DIRECTION('',(0.,-1.,0.));
#2047=DIRECTION('',(0.,0.,-1.));
#2048=DIRECTION('',(-3.46944695195361E-16,0.,-1.));
#2049=DIRECTION('',(0.,-1.,0.));
#2050=DIRECTION('',(0.,0.,-1.));
#2051=DIRECTION('',(1.,0.,0.));
#2052=DIRECTION('',(0.,-1.,0.));
#2053=DIRECTION('',(0.,0.,-1.));
#2054=DIRECTION('',(-3.46944695195361E-16,0.,-1.));
#2055=DIRECTION('',(0.,-1.,0.));
#2056=DIRECTION('',(0.,0.,-1.));
#2057=DIRECTION('',(0.,0.,-1.));
#2058=DIRECTION('',(0.,-1.,0.));
#2059=DIRECTION('',(0.,0.,-1.));
#2060=DIRECTION('',(-1.,0.,0.));
#2061=DIRECTION('',(0.,-1.,0.));
#2062=DIRECTION('',(0.,0.,-1.));
#2063=DIRECTION('',(0.,0.,-1.));
#2064=DIRECTION('',(0.,-1.,0.));
#2065=DIRECTION('',(0.,0.,-1.));
#2066=DIRECTION('',(-1.,0.,0.));
#2067=DIRECTION('',(0.,-1.,0.));
#2068=DIRECTION('',(0.,0.,-1.));
#2069=DIRECTION('',(-1.,0.,0.));
#2070=DIRECTION('',(0.,-1.,0.));
#2071=DIRECTION('',(0.,0.,-1.));
#2072=DIRECTION('',(3.46944695195362E-16,0.,1.));
#2073=DIRECTION('',(0.,-1.,0.));
#2074=DIRECTION('',(0.,0.,-1.));
#2075=DIRECTION('',(-1.,0.,0.));
#2076=DIRECTION('',(0.,-1.,0.));
#2077=DIRECTION('',(0.,0.,-1.));
#2078=DIRECTION('',(3.46944695195362E-16,0.,1.));
#2079=DIRECTION('',(0.,-1.,0.));
#2080=DIRECTION('',(0.,0.,-1.));
#2081=DIRECTION('',(0.,0.,1.));
#2082=DIRECTION('',(0.,-1.,0.));
#2083=DIRECTION('',(0.,0.,-1.));
#2084=DIRECTION('',(1.,0.,0.));
#2085=DIRECTION('',(0.,-1.,0.));
#2086=DIRECTION('',(0.,0.,-1.));
#2087=DIRECTION('',(1.7347234759768E-16,0.,1.));
#2088=DIRECTION('',(0.,-1.,0.));
#2089=DIRECTION('',(0.,0.,-1.));
#2090=DIRECTION('',(1.,0.,0.));
#2091=DIRECTION('',(0.,-1.,0.));
#2092=DIRECTION('',(0.,0.,-1.));
#2093=DIRECTION('',(0.,0.,-1.));
#2094=DIRECTION('',(-1.,0.,0.));
#2095=DIRECTION('',(0.,-1.,0.));
#2096=DIRECTION('',(1.,0.,0.));
#2097=DIRECTION('',(0.,-1.,0.));
#2098=DIRECTION('',(1.,0.,0.));
#2099=DIRECTION('',(0.,0.,-1.));
#2100=DIRECTION('',(0.,-1.,0.));
#2101=DIRECTION('',(0.,0.,1.));
#2102=DIRECTION('',(0.,-1.,0.));
#2103=DIRECTION('',(0.,0.,-1.));
#2104=DIRECTION('',(-1.,0.,0.));
#2105=DIRECTION('',(0.,-1.,0.));
#2106=DIRECTION('',(1.,0.,0.));
#2107=DIRECTION('',(0.,-1.,0.));
#2108=DIRECTION('',(1.,0.,-1.7347234759768E-16));
#2109=DIRECTION('',(-1.7347234759768E-16,0.,-1.));
#2110=DIRECTION('',(0.,-1.,0.));
#2111=DIRECTION('',(1.7347234759768E-16,0.,1.));
#2112=DIRECTION('',(0.,-1.,0.));
#2113=DIRECTION('',(0.,1.,0.));
#2114=DIRECTION('',(-1.,0.,0.));
#2115=DIRECTION('',(0.,1.,0.));
#2116=DIRECTION('',(0.,0.,1.));
#2117=DIRECTION('',(1.,0.,0.));
#2118=DIRECTION('',(0.,1.,0.));
#2119=DIRECTION('',(0.,0.,1.));
#2120=DIRECTION('',(0.,0.,1.));
#2121=DIRECTION('',(0.,1.,0.));
#2122=DIRECTION('',(0.,0.,1.));
#2123=DIRECTION('',(1.,0.,0.));
#2124=DIRECTION('',(0.,1.,0.));
#2125=DIRECTION('',(0.,0.,1.));
#2126=DIRECTION('',(1.7347234759768E-16,0.,1.));
#2127=DIRECTION('',(1.,0.,-3.46944695195362E-16));
#2128=DIRECTION('',(-3.46944695195362E-16,0.,-1.));
#2129=DIRECTION('',(0.,-1.,0.));
#2130=DIRECTION('',(3.46944695195362E-16,0.,1.));
#2131=DIRECTION('',(0.,-1.,0.));
#2132=DIRECTION('',(0.,0.,1.));
#2133=DIRECTION('',(1.,0.,0.));
#2134=DIRECTION('',(0.,-1.,0.));
#2135=DIRECTION('',(-1.,0.,0.));
#2136=DIRECTION('',(0.,-1.,0.));
#2137=DIRECTION('',(1.,0.,-3.46944695195362E-16));
#2138=DIRECTION('',(-3.46944695195362E-16,0.,-1.));
#2139=DIRECTION('',(0.,-1.,0.));
#2140=DIRECTION('',(3.46944695195362E-16,0.,1.));
#2141=DIRECTION('',(0.,-1.,0.));
#2142=DIRECTION('',(0.,0.,1.));
#2143=DIRECTION('',(1.,0.,0.));
#2144=DIRECTION('',(0.,-1.,0.));
#2145=DIRECTION('',(-1.,0.,0.));
#2146=DIRECTION('',(0.,-1.,0.));
#2147=DIRECTION('',(0.,1.,0.));
#2148=DIRECTION('',(-1.,0.,0.));
#2149=DIRECTION('',(0.,1.,0.));
#2150=DIRECTION('',(0.,0.,1.));
#2151=DIRECTION('',(3.46944695195362E-16,0.,1.));
#2152=DIRECTION('',(0.,1.,0.));
#2153=DIRECTION('',(0.,0.,1.));
#2154=DIRECTION('',(-1.,0.,0.));
#2155=DIRECTION('',(0.,1.,0.));
#2156=DIRECTION('',(0.,0.,1.));
#2157=DIRECTION('',(3.46944695195362E-16,0.,1.));
#2158=DIRECTION('',(0.,1.,0.));
#2159=DIRECTION('',(0.,0.,1.));
#2160=DIRECTION('',(-1.,0.,0.));
#2161=DIRECTION('',(0.,0.,1.));
#2162=DIRECTION('',(1.,0.,0.));
#2163=DIRECTION('',(0.,-1.,0.));
#2164=DIRECTION('',(-1.,0.,0.));
#2165=DIRECTION('',(0.,-1.,0.));
#2166=DIRECTION('',(-1.,0.,0.));
#2167=DIRECTION('',(0.,0.,1.));
#2168=DIRECTION('',(0.,-1.,0.));
#2169=DIRECTION('',(0.,0.,-1.));
#2170=DIRECTION('',(0.,-1.,0.));
#2171=DIRECTION('',(0.,0.,1.));
#2172=DIRECTION('',(1.,0.,0.));
#2173=DIRECTION('',(0.,-1.,0.));
#2174=DIRECTION('',(-1.,0.,0.));
#2175=DIRECTION('',(0.,-1.,0.));
#2176=DIRECTION('',(-1.,0.,0.));
#2177=DIRECTION('',(0.,0.,1.));
#2178=DIRECTION('',(0.,-1.,0.));
#2179=DIRECTION('',(0.,0.,-1.));
#2180=DIRECTION('',(0.,-1.,0.));
#2181=DIRECTION('',(0.,1.,0.));
#2182=DIRECTION('',(-1.,0.,0.));
#2183=DIRECTION('',(0.,1.,0.));
#2184=DIRECTION('',(0.,0.,1.));
#2185=DIRECTION('',(-1.,0.,0.));
#2186=DIRECTION('',(0.,1.,0.));
#2187=DIRECTION('',(0.,0.,1.));
#2188=DIRECTION('',(0.,0.,-1.));
#2189=DIRECTION('',(0.,1.,0.));
#2190=DIRECTION('',(0.,0.,1.));
#2191=DIRECTION('',(-1.,0.,0.));
#2192=DIRECTION('',(0.,1.,0.));
#2193=DIRECTION('',(0.,0.,1.));
#2194=DIRECTION('',(0.,0.,-1.));
#2195=DIRECTION('',(-1.,0.,3.46944695195361E-16));
#2196=DIRECTION('',(3.46944695195361E-16,0.,1.));
#2197=DIRECTION('',(0.,-1.,0.));
#2198=DIRECTION('',(-3.46944695195361E-16,0.,-1.));
#2199=DIRECTION('',(0.,-1.,0.));
#2200=DIRECTION('',(0.,0.,-1.));
#2201=DIRECTION('',(-1.,0.,0.));
#2202=DIRECTION('',(0.,-1.,0.));
#2203=DIRECTION('',(1.,0.,0.));
#2204=DIRECTION('',(0.,-1.,0.));
#2205=DIRECTION('',(-1.,0.,3.46944695195361E-16));
#2206=DIRECTION('',(3.46944695195361E-16,0.,1.));
#2207=DIRECTION('',(0.,-1.,0.));
#2208=DIRECTION('',(-3.46944695195361E-16,0.,-1.));
#2209=DIRECTION('',(0.,-1.,0.));
#2210=DIRECTION('',(0.,0.,-1.));
#2211=DIRECTION('',(-1.,0.,0.));
#2212=DIRECTION('',(0.,-1.,0.));
#2213=DIRECTION('',(1.,0.,0.));
#2214=DIRECTION('',(0.,-1.,0.));
#2215=DIRECTION('',(0.,1.,0.));
#2216=DIRECTION('',(-1.,0.,0.));
#2217=DIRECTION('',(0.,1.,0.));
#2218=DIRECTION('',(0.,0.,1.));
#2219=DIRECTION('',(-3.46944695195361E-16,0.,-1.));
#2220=DIRECTION('',(0.,1.,0.));
#2221=DIRECTION('',(0.,0.,1.));
#2222=DIRECTION('',(1.,0.,0.));
#2223=DIRECTION('',(0.,1.,0.));
#2224=DIRECTION('',(0.,0.,1.));
#2225=DIRECTION('',(-3.46944695195361E-16,0.,-1.));
#2226=DIRECTION('',(0.,1.,0.));
#2227=DIRECTION('',(0.,0.,1.));
#2228=DIRECTION('',(1.,0.,0.));
#2229=DIRECTION('',(7.21688589390635E-17,0.554700196225229,-0.832050294337843));
#2230=DIRECTION('',(1.,0.,8.67361737988404E-17));
#2231=DIRECTION('',(0.,-0.832050294337843,-0.554700196225229));
#2232=DIRECTION('',(-1.,-1.30001836176721E-32,-8.67361737988404E-17));
#2233=DIRECTION('',(0.,0.832050294337843,0.554700196225229));
#2234=DIRECTION('',(1.,6.83720779563293E-33,8.67361737988404E-17));
#2235=DIRECTION('',(0.,-1.,0.));
#2236=DIRECTION('',(0.,0.,-1.));
#2237=DIRECTION('',(0.,-1.,0.));
#2238=DIRECTION('',(0.,0.,-1.));
#2239=DIRECTION('',(-0.554700196225229,0.832050294337844,0.));
#2240=DIRECTION('',(0.,-1.,0.));
#2241=DIRECTION('',(0.,0.,-1.));
#2242=DIRECTION('',(0.,-1.,0.));
#2243=DIRECTION('',(0.,0.,-1.));
#2244=DIRECTION('',(-0.554700196225229,-0.832050294337844,0.));
#2245=DIRECTION('',(0.,-1.,0.));
#2246=DIRECTION('',(0.,0.,-1.));
#2247=DIRECTION('',(0.,-1.,0.));
#2248=DIRECTION('',(0.,0.,-1.));
#2249=DIRECTION('',(0.832050294337844,0.554700196225229,0.));
#2250=DIRECTION('',(0.,0.,1.));
#2251=DIRECTION('',(0.,0.,-1.));
#2252=DIRECTION('',(-0.554700196225229,0.832050294337844,0.));
#2253=DIRECTION('',(0.,0.,1.));
#2254=DIRECTION('',(0.832050294337844,-0.554700196225229,0.));
#2255=DIRECTION('',(0.,0.,-1.));
#2256=DIRECTION('',(-0.554700196225229,-0.832050294337844,0.));
#2257=DIRECTION('',(0.,0.,1.));
#2258=DIRECTION('',(0.,0.,-1.));
#2259=DIRECTION('',(0.,-1.,0.));
#2260=DIRECTION('',(0.,0.,-1.));
#2261=DIRECTION('',(0.,-1.,0.));
#2262=DIRECTION('',(0.,0.,-1.));
#2263=DIRECTION('',(0.,0.832050294337844,-0.554700196225229));
#2264=DIRECTION('',(0.,-1.,0.));
#2265=DIRECTION('',(0.,0.,-1.));
#2266=DIRECTION('',(0.,-1.,0.));
#2267=DIRECTION('',(0.,0.,-1.));
#2268=DIRECTION('',(0.,-0.832050294337844,0.554700196225229));
#2269=DIRECTION('',(0.,-1.,0.));
#2270=DIRECTION('',(0.,0.,-1.));
#2271=DIRECTION('',(0.,-1.,0.));
#2272=DIRECTION('',(0.,0.,-1.));
#2273=DIRECTION('',(0.,-0.554700196225229,-0.832050294337844));
#2274=DIRECTION('',(-1.,0.,0.));
#2275=DIRECTION('',(1.,0.,0.));
#2276=DIRECTION('',(-1.,0.,0.));
#2277=DIRECTION('',(0.,-1.,0.));
#2278=DIRECTION('',(0.,0.,-1.));
#2279=DIRECTION('',(0.,1.,0.));
#2280=DIRECTION('',(0.,0.,1.));
#2281=DIRECTION('',(0.,1.,0.));
#2282=DIRECTION('',(0.,0.,1.));
#2283=DIRECTION('',(0.,1.,0.));
#2284=DIRECTION('',(0.,0.,1.));
#2285=DIRECTION('',(0.,-1.,0.));
#2286=DIRECTION('',(0.,0.,-1.));
#2287=DIRECTION('',(0.,1.,0.));
#2288=DIRECTION('',(0.,0.,1.));
#2289=DIRECTION('',(0.,1.,0.));
#2290=DIRECTION('',(0.,0.,1.));
#2291=DIRECTION('',(0.,1.,0.));
#2292=DIRECTION('',(0.,0.,1.));
#2293=DIRECTION('',(0.,1.,0.));
#2294=DIRECTION('',(0.,0.,1.));
#2295=DIRECTION('',(0.,1.,0.));
#2296=DIRECTION('',(0.,0.,1.));
#2297=DIRECTION('',(0.,-1.,0.));
#2298=DIRECTION('',(0.,0.,-1.));
#2299=DIRECTION('',(0.,1.,0.));
#2300=DIRECTION('',(0.,0.,1.));
#2301=DIRECTION('',(0.,1.,0.));
#2302=DIRECTION('',(0.,0.,1.));
#2303=DIRECTION('',(0.,1.,0.));
#2304=DIRECTION('',(0.,0.,1.));
#2305=DIRECTION('',(0.,-1.,0.));
#2306=DIRECTION('',(0.,0.,-1.));
#2307=DIRECTION('',(0.,1.,0.));
#2308=DIRECTION('',(0.,0.,1.));
#2309=DIRECTION('',(0.,1.,0.));
#2310=DIRECTION('',(0.,0.,1.));
#2311=DIRECTION('',(0.,1.,0.));
#2312=DIRECTION('',(0.,0.,1.));
#2313=DIRECTION('',(0.,-1.,0.));
#2314=DIRECTION('',(0.,0.,-1.));
#2315=DIRECTION('',(0.,1.,0.));
#2316=DIRECTION('',(0.,0.,1.));
#2317=DIRECTION('',(0.,1.,0.));
#2318=DIRECTION('',(0.,0.,1.));
#2319=DIRECTION('',(0.,1.,0.));
#2320=DIRECTION('',(0.,0.,1.));
#2321=DIRECTION('',(0.,-1.,0.));
#2322=DIRECTION('',(0.,0.,-1.));
#2323=DIRECTION('',(0.,1.,0.));
#2324=DIRECTION('',(0.,0.,1.));
#2325=DIRECTION('',(0.,1.,0.));
#2326=DIRECTION('',(0.,0.,1.));
#2327=DIRECTION('',(0.,1.,0.));
#2328=DIRECTION('',(0.,0.,1.));
#2329=DIRECTION('',(0.,-1.,0.));
#2330=DIRECTION('',(0.,0.,-1.));
#2331=DIRECTION('',(0.,1.,0.));
#2332=DIRECTION('',(0.,0.,1.));
#2333=DIRECTION('',(0.,1.,0.));
#2334=DIRECTION('',(0.,0.,1.));
#2335=DIRECTION('',(0.,1.,0.));
#2336=DIRECTION('',(0.,0.,1.));
#2337=DIRECTION('',(0.,-1.,0.));
#2338=DIRECTION('',(0.,0.,-1.));
#2339=DIRECTION('',(0.,1.,0.));
#2340=DIRECTION('',(0.,0.,1.));
#2341=DIRECTION('',(3.46944695195361E-16,0.,1.));
#2342=DIRECTION('',(1.,0.,-3.46944695195361E-16));
#2343=DIRECTION('',(0.,0.,-1.));
#2344=DIRECTION('',(-1.,0.,0.));
#2345=DIRECTION('',(0.,0.,1.));
#2346=DIRECTION('',(1.,0.,0.));
#2347=DIRECTION('',(0.,1.,0.));
#2348=DIRECTION('',(0.,0.,1.));
#2349=DIRECTION('',(-1.,0.,0.));
#2350=DIRECTION('',(0.,0.,1.));
#2351=DIRECTION('',(0.,1.,0.));
#2352=DIRECTION('',(0.,0.,1.));
#2353=DIRECTION('',(-1.,0.,0.));
#2354=DIRECTION('',(0.,0.,1.));
#2355=DIRECTION('',(-1.,0.,0.));
#2356=DIRECTION('',(0.,0.,1.));
#2357=DIRECTION('',(-1.,0.,0.));
#2358=DIRECTION('',(0.,0.,1.));
#2359=DIRECTION('',(1.,0.,0.));
#2360=DIRECTION('',(0.,0.,-1.));
#2361=DIRECTION('',(-1.,0.,0.));
#2362=DIRECTION('',(0.,0.,1.));
#2363=DIRECTION('',(0.,1.,0.));
#2364=DIRECTION('',(0.,0.,1.));
#2365=DIRECTION('',(0.,0.,-1.));
#2366=DIRECTION('',(-1.,0.,0.));
#2367=DIRECTION('',(0.,1.,0.));
#2368=DIRECTION('',(0.,0.,1.));
#2369=DIRECTION('',(0.,0.,1.));
#2370=DIRECTION('',(1.,0.,0.));
#2371=DIRECTION('',(-3.46944695195361E-16,0.,-1.));
#2372=DIRECTION('',(-1.,0.,3.46944695195361E-16));
#2373=DIRECTION('',(1.,0.,0.));
#2374=DIRECTION('',(0.,0.,-1.));
#2375=DIRECTION('',(-1.,0.,0.));
#2376=DIRECTION('',(0.,0.,1.));
#2377=DIRECTION('',(1.,0.,0.));
#2378=DIRECTION('',(0.,0.,-1.));
#2379=DIRECTION('',(0.,1.,0.));
#2380=DIRECTION('',(0.,0.,1.));
#2381=DIRECTION('',(0.,0.,1.));
#2382=DIRECTION('',(1.,0.,0.));
#2383=DIRECTION('',(0.,1.,0.));
#2384=DIRECTION('',(0.,0.,1.));
#2385=DIRECTION('',(0.,0.,1.));
#2386=DIRECTION('',(1.,0.,0.));
#2387=DIRECTION('',(0.,0.,1.));
#2388=DIRECTION('',(1.,0.,0.));
#2389=DIRECTION('',(0.,0.,1.));
#2390=DIRECTION('',(1.,0.,0.));
#2391=DIRECTION('',(0.,0.,-1.));
#2392=DIRECTION('',(-1.,0.,0.));
#2393=DIRECTION('',(0.,0.,1.));
#2394=DIRECTION('',(1.,0.,0.));
#2395=DIRECTION('',(0.,1.,0.));
#2396=DIRECTION('',(0.,0.,1.));
#2397=DIRECTION('',(-1.,0.,0.));
#2398=DIRECTION('',(0.,0.,1.));
#2399=DIRECTION('',(0.,1.,0.));
#2400=DIRECTION('',(0.,0.,1.));
#2401=DIRECTION('',(1.,0.,0.));
#2402=DIRECTION('',(0.,0.,-1.));
#2403=DIRECTION('',(-1.,0.,0.));
#2404=DIRECTION('',(0.,0.,1.));
#2405=DIRECTION('',(-1.,0.,0.));
#2406=DIRECTION('',(0.,0.,1.));
#2407=DIRECTION('',(1.,0.,0.));
#2408=DIRECTION('',(0.,0.,-1.));
#2409=DIRECTION('',(-1.,0.,0.));
#2410=DIRECTION('',(0.,0.,1.));
#2411=DIRECTION('',(0.,1.,0.));
#2412=DIRECTION('',(0.,0.,1.));
#2413=DIRECTION('',(0.,0.,-1.));
#2414=DIRECTION('',(-1.,0.,0.));
#2415=DIRECTION('',(0.,1.,0.));
#2416=DIRECTION('',(0.,0.,1.));
#2417=DIRECTION('',(0.,0.,-1.));
#2418=DIRECTION('',(-1.,0.,0.));
#2419=DIRECTION('',(0.,0.,-1.));
#2420=DIRECTION('',(-1.,0.,0.));
#2421=DIRECTION('',(0.,0.,-1.));
#2422=DIRECTION('',(-1.,0.,0.));
#2423=DIRECTION('',(1.7347234759768E-16,0.,1.));
#2424=DIRECTION('',(1.,0.,-1.7347234759768E-16));
#2425=DIRECTION('',(0.,0.,-1.));
#2426=DIRECTION('',(-1.,0.,0.));
#2427=DIRECTION('',(0.,1.,0.));
#2428=DIRECTION('',(0.,0.,1.));
#2429=DIRECTION('',(1.,0.,0.));
#2430=DIRECTION('',(0.,0.,-1.));
#2431=DIRECTION('',(0.,1.,0.));
#2432=DIRECTION('',(0.,0.,1.));
#2433=DIRECTION('',(-1.,0.,0.));
#2434=DIRECTION('',(0.,0.,1.));
#2435=DIRECTION('',(1.,0.,0.));
#2436=DIRECTION('',(0.,0.,-1.));
#2437=DIRECTION('',(-3.46944695195362E-16,0.,-1.));
#2438=DIRECTION('',(-1.,0.,3.46944695195362E-16));
#2439=DIRECTION('',(0.,0.,1.));
#2440=DIRECTION('',(1.,0.,0.));
#2441=DIRECTION('',(0.,0.,-1.));
#2442=DIRECTION('',(-1.,0.,0.));
#2443=DIRECTION('',(0.,1.,0.));
#2444=DIRECTION('',(0.,0.,1.));
#2445=DIRECTION('',(1.,0.,0.));
#2446=DIRECTION('',(0.,0.,-1.));
#2447=DIRECTION('',(0.,1.,0.));
#2448=DIRECTION('',(0.,0.,1.));
#2449=DIRECTION('',(1.,0.,0.));
#2450=DIRECTION('',(0.,0.,-1.));
#2451=DIRECTION('',(1.,0.,0.));
#2452=DIRECTION('',(0.,0.,-1.));
#2453=DIRECTION('',(1.,0.,0.));
#2454=DIRECTION('',(0.,0.,-1.));
#2455=DIRECTION('',(-1.,0.,0.));
#2456=DIRECTION('',(0.,0.,1.));
#2457=DIRECTION('',(1.,0.,0.));
#2458=DIRECTION('',(0.,0.,-1.));
#2459=DIRECTION('',(0.,1.,0.));
#2460=DIRECTION('',(0.,0.,1.));
#2461=DIRECTION('',(0.,0.,1.));
#2462=DIRECTION('',(1.,0.,0.));
#2463=DIRECTION('',(0.,1.,0.));
#2464=DIRECTION('',(0.,0.,1.));
#2465=DIRECTION('',(0.,0.,-1.));
#2466=DIRECTION('',(-1.,0.,0.));
#2467=DIRECTION('',(3.46944695195362E-16,0.,1.));
#2468=DIRECTION('',(1.,0.,-3.46944695195362E-16));
#2469=DIRECTION('',(0.,-1.,0.));
#2470=DIRECTION('',(0.,0.,-1.));
#2471=DIRECTION('',(0.,0.,-1.));
#2472=DIRECTION('',(-1.,0.,0.));
#2473=DIRECTION('',(1.,0.,0.));
#2474=DIRECTION('',(0.,0.,-1.));
#2475=DIRECTION('',(1.,0.,0.));
#2476=DIRECTION('',(0.,0.,-1.));
#2477=DIRECTION('',(1.,0.,0.));
#2478=DIRECTION('',(0.,0.,-1.));
#2479=DIRECTION('',(0.,0.,1.));
#2480=DIRECTION('',(1.,0.,0.));
#2481=DIRECTION('',(0.,0.,-1.));
#2482=DIRECTION('',(-1.,0.,0.));
#2483=DIRECTION('',(0.,-1.,0.));
#2484=DIRECTION('',(0.,0.,-1.));
#2485=DIRECTION('',(0.,0.,-1.));
#2486=DIRECTION('',(-1.,0.,0.));
#2487=DIRECTION('',(0.,-1.,0.));
#2488=DIRECTION('',(0.,0.,-1.));
#2489=DIRECTION('',(1.,0.,0.));
#2490=DIRECTION('',(0.,0.,-1.));
#2491=DIRECTION('',(0.,0.,1.));
#2492=DIRECTION('',(1.,0.,0.));
#2493=DIRECTION('',(0.,0.,-1.));
#2494=DIRECTION('',(-1.,0.,0.));
#2495=DIRECTION('',(1.,0.,8.67361737988404E-17));
#2496=DIRECTION('',(8.67361737988404E-17,0.,-1.));
#2497=DIRECTION('',(1.,0.,0.));
#2498=DIRECTION('',(0.,0.,-1.));
#2499=DIRECTION('',(0.,-1.,0.));
#2500=DIRECTION('',(0.,0.,-1.));
#2501=DIRECTION('',(0.,1.,0.));
#2502=DIRECTION('',(0.,0.,1.));
#2503=DIRECTION('',(0.,0.,-1.));
#2504=DIRECTION('',(-1.,0.,0.));
#2505=DIRECTION('',(-1.,0.,0.));
#2506=DIRECTION('',(0.,0.,1.));
#2507=DIRECTION('',(-1.,0.,0.));
#2508=DIRECTION('',(0.,0.,1.));
#2509=DIRECTION('',(-1.,0.,0.));
#2510=DIRECTION('',(0.,0.,1.));
#2511=DIRECTION('',(0.,0.,1.));
#2512=DIRECTION('',(1.,0.,0.));
#2513=DIRECTION('',(0.,0.,-1.));
#2514=DIRECTION('',(-1.,0.,0.));
#2515=DIRECTION('',(0.,1.,0.));
#2516=DIRECTION('',(0.,0.,1.));
#2517=DIRECTION('',(0.,0.,-1.));
#2518=DIRECTION('',(-1.,0.,0.));
#2519=DIRECTION('',(0.,1.,0.));
#2520=DIRECTION('',(0.,0.,1.));
#2521=DIRECTION('',(-1.,0.,0.));
#2522=DIRECTION('',(0.,0.,1.));
#2523=DIRECTION('',(0.,0.,-1.));
#2524=DIRECTION('',(-1.,0.,0.));
#2525=DIRECTION('',(0.,0.,-1.));
#2526=DIRECTION('',(-1.,0.,0.));
#2527=DIRECTION('',(1.,0.,8.67361737988404E-17));
#2528=DIRECTION('',(8.67361737988404E-17,0.,-1.));
#2529=DIRECTION('',(-1.,0.,0.));
#2530=DIRECTION('',(0.,0.,1.));
#2531=DIRECTION('',(0.,1.,0.));
#2532=DIRECTION('',(0.,0.,1.));
#2533=DIRECTION('',(-1.,0.,-8.67361737988404E-17));
#2534=DIRECTION('',(-8.67361737988404E-17,0.,1.));
#2535=DIRECTION('',(-1.,0.,0.));
#2536=DIRECTION('',(0.,0.,1.));
#2537=DIRECTION('',(1.,0.,0.));
#2538=DIRECTION('',(0.,0.,-1.));
#2539=DIRECTION('',(0.,-1.,0.));
#2540=DIRECTION('',(0.,0.,-1.));
#2541=DIRECTION('',(0.,0.,1.));
#2542=DIRECTION('',(1.,0.,0.));
#2543=DIRECTION('',(0.,-1.,0.));
#2544=DIRECTION('',(0.,0.,-1.));
#2545=DIRECTION('',(0.,0.,1.));
#2546=DIRECTION('',(1.,0.,0.));
#2547=DIRECTION('',(0.,0.,-1.));
#2548=DIRECTION('',(-1.,0.,0.));
#2549=DIRECTION('',(0.,0.,1.));
#2550=DIRECTION('',(1.,0.,0.));
#2551=DIRECTION('',(0.,0.,1.));
#2552=DIRECTION('',(1.,0.,0.));
#2553=DIRECTION('',(0.,0.,1.));
#2554=DIRECTION('',(1.,0.,0.));
#2555=DIRECTION('',(0.,-1.,0.));
#2556=DIRECTION('',(0.,0.,-1.));
#2557=DIRECTION('',(-1.,0.,0.));
#2558=DIRECTION('',(0.,0.,1.));
#2559=DIRECTION('',(0.,-1.,0.));
#2560=DIRECTION('',(0.,0.,-1.));
#2561=DIRECTION('',(1.,0.,0.));
#2562=DIRECTION('',(0.,0.,-1.));
#2563=DIRECTION('',(1.,0.,0.));
#2564=DIRECTION('',(0.,0.,-1.));
#2565=CARTESIAN_POINT('',(0.,0.,0.));
#2566=CARTESIAN_POINT('',(-0.02,-0.083,0.05));
#2567=CARTESIAN_POINT('',(-0.02,-0.083,0.038));
#2568=CARTESIAN_POINT('',(-0.02,-0.0825,0.038));
#2569=CARTESIAN_POINT('',(-0.02,-0.082401387818866,0.038));
#2570=CARTESIAN_POINT('',(-0.02,-0.082401387818866,0.012));
#2571=CARTESIAN_POINT('',(-0.02,-0.082401387818866,0.012));
#2572=CARTESIAN_POINT('',(-0.02,-0.083,0.012));
#2573=CARTESIAN_POINT('',(-0.02,-0.0825,0.012));
#2574=CARTESIAN_POINT('',(-0.02,-0.0825,0.038));
#2575=CARTESIAN_POINT('',(-0.01,-0.083,0.012));
#2576=CARTESIAN_POINT('',(-0.01,-0.082401387818866,0.012));
#2577=CARTESIAN_POINT('',(-0.01,-0.082401387818866,0.002));
#2578=CARTESIAN_POINT('',(-0.01,-0.083,0.002));
#2579=CARTESIAN_POINT('',(-0.01,-0.0825,0.002));
#2580=CARTESIAN_POINT('',(-0.01,-0.0825,0.012));
#2581=CARTESIAN_POINT('',(-5.20417042793042E-18,-0.083,0.002));
#2582=CARTESIAN_POINT('',(-5.20417042793042E-18,-0.082401387818866,0.002));
#2583=CARTESIAN_POINT('',(0.01,-0.082401387818866,0.002));
#2584=CARTESIAN_POINT('',(0.01,-0.083,0.002));
#2585=CARTESIAN_POINT('',(0.01,-0.0825,0.002));
#2586=CARTESIAN_POINT('',(-5.20417042793042E-18,-0.0825,0.002));
#2587=CARTESIAN_POINT('',(0.01,-0.083,0.012));
#2588=CARTESIAN_POINT('',(0.01,-0.082401387818866,0.012));
#2589=CARTESIAN_POINT('',(0.02,-0.082401387818866,0.012));
#2590=CARTESIAN_POINT('',(0.02,-0.083,0.012));
#2591=CARTESIAN_POINT('',(0.02,-0.0825,0.012));
#2592=CARTESIAN_POINT('',(0.01,-0.0825,0.012));
#2593=CARTESIAN_POINT('',(0.02,-0.083,0.05));
#2594=CARTESIAN_POINT('',(0.02,-0.082401387818866,0.05));
#2595=CARTESIAN_POINT('',(0.02,-0.082401387818866,0.038));
#2596=CARTESIAN_POINT('',(0.02,-0.083,0.038));
#2597=CARTESIAN_POINT('',(0.02,-0.0825,0.038));
#2598=CARTESIAN_POINT('',(0.02,-0.0825,0.05));
#2599=CARTESIAN_POINT('',(0.01,-0.083,0.038));
#2600=CARTESIAN_POINT('',(0.01,-0.082401387818866,0.038));
#2601=CARTESIAN_POINT('',(0.01,-0.082401387818866,0.048));
#2602=CARTESIAN_POINT('',(0.01,-0.083,0.048));
#2603=CARTESIAN_POINT('',(0.01,-0.0825,0.048));
#2604=CARTESIAN_POINT('',(0.01,-0.0825,0.038));
#2605=CARTESIAN_POINT('',(-5.20417042793042E-18,-0.083,0.048));
#2606=CARTESIAN_POINT('',(-0.01,-0.082401387818866,0.048));
#2607=CARTESIAN_POINT('',(-0.01,-0.082401387818866,0.048));
#2608=CARTESIAN_POINT('',(-0.01,-0.083,0.048));
#2609=CARTESIAN_POINT('',(-0.01,-0.0825,0.048));
#2610=CARTESIAN_POINT('',(0.01,-0.0825,0.048));
#2611=CARTESIAN_POINT('',(-0.01,-0.083,0.038));
#2612=CARTESIAN_POINT('',(-0.01,-0.082401387818866,0.038));
#2613=CARTESIAN_POINT('',(-0.01,-0.0825,0.038));
#2614=CARTESIAN_POINT('',(-6.93889390390723E-18,-0.083,0.025));
#2615=CARTESIAN_POINT('',(0.01,-0.083,0.038));
#2616=CARTESIAN_POINT('',(0.0195,-0.083,0.038));
#2617=CARTESIAN_POINT('',(0.01,-0.083,0.0475));
#2618=CARTESIAN_POINT('',(-0.01,-0.083,0.0475));
#2619=CARTESIAN_POINT('',(-0.01,-0.083,0.0475));
#2620=CARTESIAN_POINT('',(-0.01,-0.083,0.038));
#2621=CARTESIAN_POINT('',(-0.0195,-0.083,0.038));
#2622=CARTESIAN_POINT('',(-0.0195,-0.083,0.012));
#2623=CARTESIAN_POINT('',(-0.0195,-0.083,0.012));
#2624=CARTESIAN_POINT('',(-0.01,-0.083,0.012));
#2625=CARTESIAN_POINT('',(-0.01,-0.083,0.0025));
#2626=CARTESIAN_POINT('',(-4.98732999343332E-18,-0.083,0.0025));
#2627=CARTESIAN_POINT('',(0.01,-0.083,0.0025));
#2628=CARTESIAN_POINT('',(0.01,-0.083,0.012));
#2629=CARTESIAN_POINT('',(0.0195,-0.083,0.012));
#2630=CARTESIAN_POINT('',(0.0195,-0.083,0.025));
#2631=CARTESIAN_POINT('',(-6.93889390390723E-18,-0.08,0.025));
#2632=CARTESIAN_POINT('',(0.018232408120756,-0.08,0.012));
#2633=CARTESIAN_POINT('',(0.018232408120756,-0.08,0.038));
#2634=CARTESIAN_POINT('',(0.018232408120756,-0.08,0.012));
#2635=CARTESIAN_POINT('',(0.01,-0.08,0.012));
#2636=CARTESIAN_POINT('',(0.01,-0.08,0.00376759187924399));
#2637=CARTESIAN_POINT('',(-0.01,-0.08,0.00376759187924399));
#2638=CARTESIAN_POINT('',(-0.01,-0.08,0.00376759187924399));
#2639=CARTESIAN_POINT('',(-0.01,-0.08,0.012));
#2640=CARTESIAN_POINT('',(-0.018232408120756,-0.08,0.012));
#2641=CARTESIAN_POINT('',(-0.018232408120756,-0.08,0.038));
#2642=CARTESIAN_POINT('',(-0.018232408120756,-0.08,0.038));
#2643=CARTESIAN_POINT('',(-0.01,-0.08,0.038));
#2644=CARTESIAN_POINT('',(-0.01,-0.08,0.046232408120756));
#2645=CARTESIAN_POINT('',(0.01,-0.08,0.046232408120756));
#2646=CARTESIAN_POINT('',(0.01,-0.08,0.046232408120756));
#2647=CARTESIAN_POINT('',(0.01,-0.08,0.038));
#2648=CARTESIAN_POINT('',(0.,-0.08,0.045));
#2649=CARTESIAN_POINT('',(-0.006,-0.08,0.045));
#2650=CARTESIAN_POINT('',(0.006,-0.08,0.045));
#2651=CARTESIAN_POINT('',(-0.006,-0.08,0.044));
#2652=CARTESIAN_POINT('',(-0.007,-0.08,0.044));
#2653=CARTESIAN_POINT('',(-0.007,-0.08,0.04375));
#2654=CARTESIAN_POINT('',(-0.007,-0.08,0.0435));
#2655=CARTESIAN_POINT('',(-0.006,-0.08,0.0435));
#2656=CARTESIAN_POINT('',(-0.006,-0.08,0.0425));
#2657=CARTESIAN_POINT('',(0.,-0.08,0.0425));
#2658=CARTESIAN_POINT('',(0.006,-0.08,0.0425));
#2659=CARTESIAN_POINT('',(0.006,-0.08,0.0435));
#2660=CARTESIAN_POINT('',(0.007,-0.08,0.0435));
#2661=CARTESIAN_POINT('',(0.007,-0.08,0.04375));
#2662=CARTESIAN_POINT('',(0.007,-0.08,0.044));
#2663=CARTESIAN_POINT('',(0.006,-0.08,0.044));
#2664=CARTESIAN_POINT('',(0.017,-0.08,0.025));
#2665=CARTESIAN_POINT('',(0.017,-0.08,0.034));
#2666=CARTESIAN_POINT('',(0.017,-0.08,0.016));
#2667=CARTESIAN_POINT('',(0.016,-0.08,0.034));
#2668=CARTESIAN_POINT('',(0.016,-0.08,0.035));
#2669=CARTESIAN_POINT('',(0.01575,-0.08,0.035));
#2670=CARTESIAN_POINT('',(0.0155,-0.08,0.035));
#2671=CARTESIAN_POINT('',(0.0155,-0.08,0.034));
#2672=CARTESIAN_POINT('',(0.0145,-0.08,0.034));
#2673=CARTESIAN_POINT('',(0.0145,-0.08,0.025));
#2674=CARTESIAN_POINT('',(0.0145,-0.08,0.016));
#2675=CARTESIAN_POINT('',(0.0155,-0.08,0.016));
#2676=CARTESIAN_POINT('',(0.0155,-0.08,0.015));
#2677=CARTESIAN_POINT('',(0.01575,-0.08,0.015));
#2678=CARTESIAN_POINT('',(0.016,-0.08,0.015));
#2679=CARTESIAN_POINT('',(0.016,-0.08,0.016));
#2680=CARTESIAN_POINT('',(-5.20417042793042E-18,-0.08,0.005));
#2681=CARTESIAN_POINT('',(0.006,-0.08,0.005));
#2682=CARTESIAN_POINT('',(-0.006,-0.08,0.005));
#2683=CARTESIAN_POINT('',(0.006,-0.08,0.006));
#2684=CARTESIAN_POINT('',(0.007,-0.08,0.006));
#2685=CARTESIAN_POINT('',(0.007,-0.08,0.00625));
#2686=CARTESIAN_POINT('',(0.007,-0.08,0.0065));
#2687=CARTESIAN_POINT('',(0.006,-0.08,0.0065));
#2688=CARTESIAN_POINT('',(0.006,-0.08,0.0075));
#2689=CARTESIAN_POINT('',(-4.33680868994202E-18,-0.08,0.0075));
#2690=CARTESIAN_POINT('',(-0.006,-0.08,0.0075));
#2691=CARTESIAN_POINT('',(-0.006,-0.08,0.0065));
#2692=CARTESIAN_POINT('',(-0.007,-0.08,0.0065));
#2693=CARTESIAN_POINT('',(-0.007,-0.08,0.00625));
#2694=CARTESIAN_POINT('',(-0.007,-0.08,0.006));
#2695=CARTESIAN_POINT('',(-0.006,-0.08,0.006));
#2696=CARTESIAN_POINT('',(-0.017,-0.08,0.025));
#2697=CARTESIAN_POINT('',(-0.017,-0.08,0.016));
#2698=CARTESIAN_POINT('',(-0.017,-0.08,0.034));
#2699=CARTESIAN_POINT('',(-0.016,-0.08,0.016));
#2700=CARTESIAN_POINT('',(-0.016,-0.08,0.015));
#2701=CARTESIAN_POINT('',(-0.01575,-0.08,0.015));
#2702=CARTESIAN_POINT('',(-0.0155,-0.08,0.015));
#2703=CARTESIAN_POINT('',(-0.0155,-0.08,0.016));
#2704=CARTESIAN_POINT('',(-0.0145,-0.08,0.016));
#2705=CARTESIAN_POINT('',(-0.0145,-0.08,0.025));
#2706=CARTESIAN_POINT('',(-0.0145,-0.08,0.034));
#2707=CARTESIAN_POINT('',(-0.0155,-0.08,0.034));
#2708=CARTESIAN_POINT('',(-0.0155,-0.08,0.035));
#2709=CARTESIAN_POINT('',(-0.01575,-0.08,0.035));
#2710=CARTESIAN_POINT('',(-0.016,-0.08,0.035));
#2711=CARTESIAN_POINT('',(-0.016,-0.08,0.034));
#2712=CARTESIAN_POINT('',(-0.01575,-0.077,0.015));
#2713=CARTESIAN_POINT('',(-0.016,-0.077,0.015));
#2714=CARTESIAN_POINT('',(-0.016,-0.0775,0.015));
#2715=CARTESIAN_POINT('',(-0.01575,-0.0775,0.015));
#2716=CARTESIAN_POINT('',(-0.0155,-0.0775,0.015));
#2717=CARTESIAN_POINT('',(-0.0155,-0.077,0.015));
#2718=CARTESIAN_POINT('',(-0.017,-0.077,0.025));
#2719=CARTESIAN_POINT('',(-0.017,-0.077,0.034));
#2720=CARTESIAN_POINT('',(-0.017,-0.0775,0.034));
#2721=CARTESIAN_POINT('',(-0.017,-0.0775,0.016));
#2722=CARTESIAN_POINT('',(-0.017,-0.0775,0.016));
#2723=CARTESIAN_POINT('',(-0.017,-0.08,0.016));
#2724=CARTESIAN_POINT('',(-0.01575,-0.077,0.035));
#2725=CARTESIAN_POINT('',(-0.0155,-0.077,0.035));
#2726=CARTESIAN_POINT('',(-0.0155,-0.0775,0.035));
#2727=CARTESIAN_POINT('',(-0.016,-0.0775,0.035));
#2728=CARTESIAN_POINT('',(-0.016,-0.0775,0.035));
#2729=CARTESIAN_POINT('',(-0.016,-0.077,0.035));
#2730=CARTESIAN_POINT('',(-0.0145,-0.077,0.025));
#2731=CARTESIAN_POINT('',(-0.0145,-0.077,0.016));
#2732=CARTESIAN_POINT('',(-0.0145,-0.0775,0.016));
#2733=CARTESIAN_POINT('',(-0.0145,-0.0775,0.025));
#2734=CARTESIAN_POINT('',(-0.0145,-0.0775,0.034));
#2735=CARTESIAN_POINT('',(-0.0145,-0.08,0.034));
#2736=CARTESIAN_POINT('',(-6.93889390390723E-18,-0.077,0.025));
#2737=CARTESIAN_POINT('',(-0.0155,-0.077,0.016));
#2738=CARTESIAN_POINT('',(-0.015,-0.077,0.016));
#2739=CARTESIAN_POINT('',(-0.0155,-0.077,0.0155));
#2740=CARTESIAN_POINT('',(-6.93889390390723E-18,-0.077,0.0155));
#2741=CARTESIAN_POINT('',(-0.016,-0.077,0.0155));
#2742=CARTESIAN_POINT('',(-0.016,-0.077,0.016));
#2743=CARTESIAN_POINT('',(-0.0165,-0.077,0.016));
#2744=CARTESIAN_POINT('',(-0.0165,-0.077,0.034));
#2745=CARTESIAN_POINT('',(-0.0165,-0.077,0.034));
#2746=CARTESIAN_POINT('',(-0.016,-0.077,0.034));
#2747=CARTESIAN_POINT('',(-0.016,-0.077,0.0345));
#2748=CARTESIAN_POINT('',(-0.0155,-0.077,0.0345));
#2749=CARTESIAN_POINT('',(-0.0155,-0.077,0.0345));
#2750=CARTESIAN_POINT('',(-0.0155,-0.077,0.034));
#2751=CARTESIAN_POINT('',(-0.015,-0.077,0.034));
#2752=CARTESIAN_POINT('',(-0.015,-0.077,0.025));
#2753=CARTESIAN_POINT('',(0.007,-0.077,0.00625));
#2754=CARTESIAN_POINT('',(0.007,-0.077,0.006));
#2755=CARTESIAN_POINT('',(0.007,-0.0775,0.006));
#2756=CARTESIAN_POINT('',(0.007,-0.0775,0.00625));
#2757=CARTESIAN_POINT('',(0.007,-0.0775,0.0065));
#2758=CARTESIAN_POINT('',(0.007,-0.077,0.0065));
#2759=CARTESIAN_POINT('',(-5.20417042793042E-18,-0.077,0.005));
#2760=CARTESIAN_POINT('',(-0.006,-0.077,0.005));
#2761=CARTESIAN_POINT('',(-0.006,-0.0775,0.005));
#2762=CARTESIAN_POINT('',(0.006,-0.0775,0.005));
#2763=CARTESIAN_POINT('',(0.006,-0.0775,0.005));
#2764=CARTESIAN_POINT('',(0.006,-0.08,0.005));
#2765=CARTESIAN_POINT('',(-0.007,-0.077,0.00625));
#2766=CARTESIAN_POINT('',(-0.007,-0.077,0.0065));
#2767=CARTESIAN_POINT('',(-0.007,-0.0775,0.0065));
#2768=CARTESIAN_POINT('',(-0.007,-0.0775,0.006));
#2769=CARTESIAN_POINT('',(-0.007,-0.0775,0.006));
#2770=CARTESIAN_POINT('',(-0.007,-0.077,0.006));
#2771=CARTESIAN_POINT('',(-4.33680868994202E-18,-0.077,0.0075));
#2772=CARTESIAN_POINT('',(0.006,-0.077,0.0075));
#2773=CARTESIAN_POINT('',(0.006,-0.0775,0.0075));
#2774=CARTESIAN_POINT('',(-4.33680868994202E-18,-0.0775,0.0075));
#2775=CARTESIAN_POINT('',(-0.006,-0.0775,0.0075));
#2776=CARTESIAN_POINT('',(-0.006,-0.08,0.0075));
#2777=CARTESIAN_POINT('',(-6.93889390390723E-18,-0.077,0.025));
#2778=CARTESIAN_POINT('',(0.006,-0.077,0.0065));
#2779=CARTESIAN_POINT('',(0.006,-0.077,0.007));
#2780=CARTESIAN_POINT('',(0.0065,-0.077,0.0065));
#2781=CARTESIAN_POINT('',(0.0065,-0.077,0.025));
#2782=CARTESIAN_POINT('',(0.0065,-0.077,0.006));
#2783=CARTESIAN_POINT('',(0.006,-0.077,0.006));
#2784=CARTESIAN_POINT('',(0.006,-0.077,0.0055));
#2785=CARTESIAN_POINT('',(-0.006,-0.077,0.0055));
#2786=CARTESIAN_POINT('',(-0.006,-0.077,0.0055));
#2787=CARTESIAN_POINT('',(-0.006,-0.077,0.006));
#2788=CARTESIAN_POINT('',(-0.0065,-0.077,0.006));
#2789=CARTESIAN_POINT('',(-0.0065,-0.077,0.0065));
#2790=CARTESIAN_POINT('',(-0.0065,-0.077,0.0065));
#2791=CARTESIAN_POINT('',(-0.006,-0.077,0.0065));
#2792=CARTESIAN_POINT('',(-0.006,-0.077,0.007));
#2793=CARTESIAN_POINT('',(-6.93889390390723E-18,-0.077,0.007));
#2794=CARTESIAN_POINT('',(0.01575,-0.077,0.035));
#2795=CARTESIAN_POINT('',(0.016,-0.077,0.035));
#2796=CARTESIAN_POINT('',(0.016,-0.0775,0.035));
#2797=CARTESIAN_POINT('',(0.01575,-0.0775,0.035));
#2798=CARTESIAN_POINT('',(0.0155,-0.0775,0.035));
#2799=CARTESIAN_POINT('',(0.0155,-0.077,0.035));
#2800=CARTESIAN_POINT('',(0.017,-0.077,0.025));
#2801=CARTESIAN_POINT('',(0.017,-0.077,0.016));
#2802=CARTESIAN_POINT('',(0.017,-0.0775,0.016));
#2803=CARTESIAN_POINT('',(0.017,-0.0775,0.034));
#2804=CARTESIAN_POINT('',(0.017,-0.0775,0.034));
#2805=CARTESIAN_POINT('',(0.017,-0.08,0.034));
#2806=CARTESIAN_POINT('',(0.01575,-0.077,0.015));
#2807=CARTESIAN_POINT('',(0.0155,-0.077,0.015));
#2808=CARTESIAN_POINT('',(0.0155,-0.0775,0.015));
#2809=CARTESIAN_POINT('',(0.016,-0.0775,0.015));
#2810=CARTESIAN_POINT('',(0.016,-0.0775,0.015));
#2811=CARTESIAN_POINT('',(0.016,-0.077,0.015));
#2812=CARTESIAN_POINT('',(0.0145,-0.077,0.025));
#2813=CARTESIAN_POINT('',(0.0145,-0.077,0.034));
#2814=CARTESIAN_POINT('',(0.0145,-0.0775,0.034));
#2815=CARTESIAN_POINT('',(0.0145,-0.0775,0.025));
#2816=CARTESIAN_POINT('',(0.0145,-0.0775,0.016));
#2817=CARTESIAN_POINT('',(0.0145,-0.08,0.016));
#2818=CARTESIAN_POINT('',(-6.93889390390723E-18,-0.077,0.025));
#2819=CARTESIAN_POINT('',(0.0155,-0.077,0.034));
#2820=CARTESIAN_POINT('',(0.015,-0.077,0.034));
#2821=CARTESIAN_POINT('',(0.0155,-0.077,0.0345));
#2822=CARTESIAN_POINT('',(-6.93889390390723E-18,-0.077,0.0345));
#2823=CARTESIAN_POINT('',(0.016,-0.077,0.0345));
#2824=CARTESIAN_POINT('',(0.016,-0.077,0.034));
#2825=CARTESIAN_POINT('',(0.0165,-0.077,0.034));
#2826=CARTESIAN_POINT('',(0.0165,-0.077,0.016));
#2827=CARTESIAN_POINT('',(0.0165,-0.077,0.016));
#2828=CARTESIAN_POINT('',(0.016,-0.077,0.016));
#2829=CARTESIAN_POINT('',(0.016,-0.077,0.0155));
#2830=CARTESIAN_POINT('',(0.0155,-0.077,0.0155));
#2831=CARTESIAN_POINT('',(0.0155,-0.077,0.0155));
#2832=CARTESIAN_POINT('',(0.0155,-0.077,0.016));
#2833=CARTESIAN_POINT('',(0.015,-0.077,0.016));
#2834=CARTESIAN_POINT('',(0.015,-0.077,0.025));
#2835=CARTESIAN_POINT('',(-0.007,-0.077,0.04375));
#2836=CARTESIAN_POINT('',(-0.007,-0.077,0.044));
#2837=CARTESIAN_POINT('',(-0.007,-0.0775,0.044));
#2838=CARTESIAN_POINT('',(-0.007,-0.0775,0.04375));
#2839=CARTESIAN_POINT('',(-0.007,-0.0775,0.0435));
#2840=CARTESIAN_POINT('',(-0.007,-0.077,0.0435));
#2841=CARTESIAN_POINT('',(0.,-0.077,0.045));
#2842=CARTESIAN_POINT('',(0.006,-0.077,0.045));
#2843=CARTESIAN_POINT('',(0.006,-0.0775,0.045));
#2844=CARTESIAN_POINT('',(-0.006,-0.0775,0.045));
#2845=CARTESIAN_POINT('',(-0.006,-0.0775,0.045));
#2846=CARTESIAN_POINT('',(-0.006,-0.08,0.045));
#2847=CARTESIAN_POINT('',(0.007,-0.077,0.04375));
#2848=CARTESIAN_POINT('',(0.007,-0.077,0.0435));
#2849=CARTESIAN_POINT('',(0.007,-0.0775,0.0435));
#2850=CARTESIAN_POINT('',(0.007,-0.0775,0.044));
#2851=CARTESIAN_POINT('',(0.007,-0.0775,0.044));
#2852=CARTESIAN_POINT('',(0.007,-0.077,0.044));
#2853=CARTESIAN_POINT('',(0.,-0.077,0.0425));
#2854=CARTESIAN_POINT('',(-0.006,-0.077,0.0425));
#2855=CARTESIAN_POINT('',(-0.006,-0.0775,0.0425));
#2856=CARTESIAN_POINT('',(0.,-0.0775,0.0425));
#2857=CARTESIAN_POINT('',(0.006,-0.0775,0.0425));
#2858=CARTESIAN_POINT('',(0.006,-0.08,0.0425));
#2859=CARTESIAN_POINT('',(-6.93889390390723E-18,-0.077,0.025));
#2860=CARTESIAN_POINT('',(-0.006,-0.077,0.0435));
#2861=CARTESIAN_POINT('',(-0.006,-0.077,0.043));
#2862=CARTESIAN_POINT('',(-0.0065,-0.077,0.0435));
#2863=CARTESIAN_POINT('',(-0.0065,-0.077,0.025));
#2864=CARTESIAN_POINT('',(-0.0065,-0.077,0.044));
#2865=CARTESIAN_POINT('',(-0.006,-0.077,0.044));
#2866=CARTESIAN_POINT('',(-0.006,-0.077,0.0445));
#2867=CARTESIAN_POINT('',(0.006,-0.077,0.0445));
#2868=CARTESIAN_POINT('',(0.006,-0.077,0.0445));
#2869=CARTESIAN_POINT('',(0.006,-0.077,0.044));
#2870=CARTESIAN_POINT('',(0.0065,-0.077,0.044));
#2871=CARTESIAN_POINT('',(0.0065,-0.077,0.0435));
#2872=CARTESIAN_POINT('',(0.0065,-0.077,0.0435));
#2873=CARTESIAN_POINT('',(0.006,-0.077,0.0435));
#2874=CARTESIAN_POINT('',(0.006,-0.077,0.043));
#2875=CARTESIAN_POINT('',(-6.93889390390723E-18,-0.077,0.043));
#2876=CARTESIAN_POINT('',(-5.07406616723216E-18,-0.08,0.0035));
#2877=CARTESIAN_POINT('',(-0.01,-0.08,0.0035));
#2878=CARTESIAN_POINT('',(-0.01,-0.0802226499018874,0.00335156673207507));
#2879=CARTESIAN_POINT('',(-0.01,-0.0821240377207534,0.00208397485283107));
#2880=CARTESIAN_POINT('',(0.01,-0.0802226499018874,0.00335156673207507));
#2881=CARTESIAN_POINT('',(0.01,-0.0802226499018874,0.00335156673207507));
#2882=CARTESIAN_POINT('',(0.01,-0.08225,0.002));
#2883=CARTESIAN_POINT('',(0.01,-0.0821240377207534,0.00208397485283108));
#2884=CARTESIAN_POINT('',(-4.95124556396379E-18,-0.0821240377207534,0.00208397485283107));
#2885=CARTESIAN_POINT('',(0.01,-0.08225,0.012));
#2886=CARTESIAN_POINT('',(0.01,-0.0802226499018874,0.012));
#2887=CARTESIAN_POINT('',(0.0186484332679249,-0.0802226499018874,0.012));
#2888=CARTESIAN_POINT('',(0.02,-0.08225,0.012));
#2889=CARTESIAN_POINT('',(0.0199160251471689,-0.0821240377207534,0.012));
#2890=CARTESIAN_POINT('',(0.01,-0.0821240377207534,0.012));
#2891=CARTESIAN_POINT('',(-0.01,-0.08225,0.012));
#2892=CARTESIAN_POINT('',(-0.0185,-0.08,0.012));
#2893=CARTESIAN_POINT('',(-0.0186484332679249,-0.0802226499018874,0.012));
#2894=CARTESIAN_POINT('',(-0.0199160251471689,-0.0821240377207534,0.012));
#2895=CARTESIAN_POINT('',(-0.01,-0.0802226499018874,0.012));
#2896=CARTESIAN_POINT('',(-0.01,-0.0821240377207534,0.012));
#2897=CARTESIAN_POINT('',(0.0185,-0.08,0.025));
#2898=CARTESIAN_POINT('',(0.0186484332679249,-0.0802226499018874,0.038));
#2899=CARTESIAN_POINT('',(0.0186484332679249,-0.0802226499018874,0.038));
#2900=CARTESIAN_POINT('',(0.02,-0.08225,0.038));
#2901=CARTESIAN_POINT('',(0.0199160251471689,-0.0821240377207534,0.038));
#2902=CARTESIAN_POINT('',(0.0199160251471689,-0.0821240377207534,0.025));
#2903=CARTESIAN_POINT('',(-0.02,-0.08225,0.05));
#2904=CARTESIAN_POINT('',(-0.0185,-0.08,0.038));
#2905=CARTESIAN_POINT('',(-0.0186484332679249,-0.0802226499018874,0.038));
#2906=CARTESIAN_POINT('',(-0.0199160251471689,-0.0821240377207534,0.038));
#2907=CARTESIAN_POINT('',(-0.0186484332679249,-0.0802226499018874,0.012));
#2908=CARTESIAN_POINT('',(-0.0199160251471689,-0.0821240377207534,0.038));
#2909=CARTESIAN_POINT('',(0.01,-0.08225,0.038));
#2910=CARTESIAN_POINT('',(0.01,-0.0802226499018874,0.038));
#2911=CARTESIAN_POINT('',(0.01,-0.0802226499018874,0.0466484332679249));
#2912=CARTESIAN_POINT('',(0.01,-0.08225,0.048));
#2913=CARTESIAN_POINT('',(0.01,-0.0821240377207534,0.0479160251471689));
#2914=CARTESIAN_POINT('',(0.01,-0.0821240377207534,0.038));
#2915=CARTESIAN_POINT('',(-0.01,-0.08225,0.038));
#2916=CARTESIAN_POINT('',(-0.01,-0.08,0.0465));
#2917=CARTESIAN_POINT('',(-0.01,-0.0802226499018874,0.0466484332679249));
#2918=CARTESIAN_POINT('',(-0.01,-0.0821240377207534,0.0479160251471689));
#2919=CARTESIAN_POINT('',(-0.01,-0.0802226499018874,0.038));
#2920=CARTESIAN_POINT('',(-0.01,-0.0821240377207534,0.038));
#2921=CARTESIAN_POINT('',(-5.20417042793042E-18,-0.08225,0.048));
#2922=CARTESIAN_POINT('',(-0.01,-0.0802226499018874,0.0466484332679249));
#2923=CARTESIAN_POINT('',(0.01,-0.0821240377207534,0.0479160251471689));
#2924=CARTESIAN_POINT('',(-0.006,-0.077,0.0435));
#2925=CARTESIAN_POINT('',(-0.006,-0.0775,0.0435));
#2926=CARTESIAN_POINT('',(-0.006,-0.077,0.044));
#2927=CARTESIAN_POINT('',(-0.006,-0.0775,0.044));
#2928=CARTESIAN_POINT('',(-0.0155,-0.077,0.016));
#2929=CARTESIAN_POINT('',(-0.0155,-0.0775,0.016));
#2930=CARTESIAN_POINT('',(-0.016,-0.077,0.016));
#2931=CARTESIAN_POINT('',(-0.016,-0.0775,0.016));
#2932=CARTESIAN_POINT('',(-0.0155,-0.077,0.034));
#2933=CARTESIAN_POINT('',(-0.0155,-0.0775,0.034));
#2934=CARTESIAN_POINT('',(-0.016,-0.077,0.034));
#2935=CARTESIAN_POINT('',(-0.016,-0.0775,0.034));
#2936=CARTESIAN_POINT('',(0.006,-0.077,0.006));
#2937=CARTESIAN_POINT('',(0.006,-0.0775,0.006));
#2938=CARTESIAN_POINT('',(-0.006,-0.077,0.006));
#2939=CARTESIAN_POINT('',(-0.006,-0.0775,0.006));
#2940=CARTESIAN_POINT('',(-0.006,-0.077,0.0065));
#2941=CARTESIAN_POINT('',(-0.006,-0.0775,0.0065));
#2942=CARTESIAN_POINT('',(0.006,-0.077,0.0065));
#2943=CARTESIAN_POINT('',(0.006,-0.0775,0.0065));
#2944=CARTESIAN_POINT('',(0.0155,-0.077,0.016));
#2945=CARTESIAN_POINT('',(0.0155,-0.0775,0.016));
#2946=CARTESIAN_POINT('',(0.016,-0.077,0.016));
#2947=CARTESIAN_POINT('',(0.016,-0.0775,0.016));
#2948=CARTESIAN_POINT('',(0.016,-0.077,0.034));
#2949=CARTESIAN_POINT('',(0.016,-0.0775,0.034));
#2950=CARTESIAN_POINT('',(0.0155,-0.077,0.034));
#2951=CARTESIAN_POINT('',(0.0155,-0.0775,0.034));
#2952=CARTESIAN_POINT('',(0.006,-0.077,0.0435));
#2953=CARTESIAN_POINT('',(0.006,-0.0775,0.0435));
#2954=CARTESIAN_POINT('',(0.006,-0.077,0.044));
#2955=CARTESIAN_POINT('',(0.006,-0.0775,0.044));
#2956=CARTESIAN_POINT('',(0.0065,-0.0775,0.025));
#2957=CARTESIAN_POINT('',(0.0065,-0.0775,0.0435));
#2958=CARTESIAN_POINT('',(0.0065,-0.0775,0.044));
#2959=CARTESIAN_POINT('',(0.006,-0.0775,0.044));
#2960=CARTESIAN_POINT('',(0.006,-0.0775,0.0445));
#2961=CARTESIAN_POINT('',(0.006,-0.0775,0.0435));
#2962=CARTESIAN_POINT('',(0.006,-0.0775,0.043));
#2963=CARTESIAN_POINT('',(-6.93889390390723E-18,-0.0775,0.0445));
#2964=CARTESIAN_POINT('',(-0.006,-0.0775,0.0445));
#2965=CARTESIAN_POINT('',(0.,-0.0775,0.043));
#2966=CARTESIAN_POINT('',(-0.006,-0.0775,0.043));
#2967=CARTESIAN_POINT('',(-0.006,-0.0775,0.044));
#2968=CARTESIAN_POINT('',(-0.0065,-0.0775,0.044));
#2969=CARTESIAN_POINT('',(-0.006,-0.0775,0.0435));
#2970=CARTESIAN_POINT('',(-0.0065,-0.0775,0.0435));
#2971=CARTESIAN_POINT('',(-0.0065,-0.0775,0.04375));
#2972=CARTESIAN_POINT('',(-6.93889390390723E-18,-0.0775,0.0155));
#2973=CARTESIAN_POINT('',(0.0155,-0.0775,0.0155));
#2974=CARTESIAN_POINT('',(0.016,-0.0775,0.0155));
#2975=CARTESIAN_POINT('',(0.016,-0.0775,0.016));
#2976=CARTESIAN_POINT('',(0.0165,-0.0775,0.016));
#2977=CARTESIAN_POINT('',(0.0155,-0.0775,0.016));
#2978=CARTESIAN_POINT('',(0.015,-0.0775,0.016));
#2979=CARTESIAN_POINT('',(0.0165,-0.0775,0.025));
#2980=CARTESIAN_POINT('',(0.0165,-0.0775,0.034));
#2981=CARTESIAN_POINT('',(0.015,-0.0775,0.025));
#2982=CARTESIAN_POINT('',(0.015,-0.0775,0.034));
#2983=CARTESIAN_POINT('',(0.016,-0.0775,0.034));
#2984=CARTESIAN_POINT('',(0.016,-0.0775,0.0345));
#2985=CARTESIAN_POINT('',(0.0155,-0.0775,0.034));
#2986=CARTESIAN_POINT('',(0.0155,-0.0775,0.0345));
#2987=CARTESIAN_POINT('',(0.01575,-0.0775,0.0345));
#2988=CARTESIAN_POINT('',(-6.93889390390723E-18,-0.0775,0.0345));
#2989=CARTESIAN_POINT('',(-0.0155,-0.0775,0.0345));
#2990=CARTESIAN_POINT('',(-0.016,-0.0775,0.0345));
#2991=CARTESIAN_POINT('',(-0.016,-0.0775,0.034));
#2992=CARTESIAN_POINT('',(-0.0165,-0.0775,0.034));
#2993=CARTESIAN_POINT('',(-0.0155,-0.0775,0.034));
#2994=CARTESIAN_POINT('',(-0.015,-0.0775,0.034));
#2995=CARTESIAN_POINT('',(-0.0165,-0.0775,0.025));
#2996=CARTESIAN_POINT('',(-0.0165,-0.0775,0.016));
#2997=CARTESIAN_POINT('',(-0.015,-0.0775,0.025));
#2998=CARTESIAN_POINT('',(-0.015,-0.0775,0.016));
#2999=CARTESIAN_POINT('',(-0.016,-0.0775,0.016));
#3000=CARTESIAN_POINT('',(-0.016,-0.0775,0.0155));
#3001=CARTESIAN_POINT('',(-0.0155,-0.0775,0.016));
#3002=CARTESIAN_POINT('',(-0.0155,-0.0775,0.0155));
#3003=CARTESIAN_POINT('',(-0.01575,-0.0775,0.0155));
#3004=CARTESIAN_POINT('',(-0.0065,-0.0775,0.025));
#3005=CARTESIAN_POINT('',(-0.0065,-0.0775,0.0065));
#3006=CARTESIAN_POINT('',(-0.0065,-0.0775,0.006));
#3007=CARTESIAN_POINT('',(-0.006,-0.0775,0.006));
#3008=CARTESIAN_POINT('',(-0.006,-0.0775,0.0055));
#3009=CARTESIAN_POINT('',(-0.006,-0.0775,0.0065));
#3010=CARTESIAN_POINT('',(-0.006,-0.0775,0.007));
#3011=CARTESIAN_POINT('',(-6.93889390390723E-18,-0.0775,0.0055));
#3012=CARTESIAN_POINT('',(0.006,-0.0775,0.0055));
#3013=CARTESIAN_POINT('',(-4.33680868994202E-18,-0.0775,0.007));
#3014=CARTESIAN_POINT('',(0.006,-0.0775,0.007));
#3015=CARTESIAN_POINT('',(0.006,-0.0775,0.006));
#3016=CARTESIAN_POINT('',(0.0065,-0.0775,0.006));
#3017=CARTESIAN_POINT('',(0.006,-0.0775,0.0065));
#3018=CARTESIAN_POINT('',(0.0065,-0.0775,0.0065));
#3019=CARTESIAN_POINT('',(0.0065,-0.0775,0.00625));
#3020=CARTESIAN_POINT('',(-0.01,-0.0805,0.038));
#3021=CARTESIAN_POINT('',(-0.018232408120756,-0.0805,0.038));
#3022=CARTESIAN_POINT('',(-0.01,-0.0805,0.046232408120756));
#3023=CARTESIAN_POINT('',(-6.93889390390723E-18,-0.0805,0.046232408120756));
#3024=CARTESIAN_POINT('',(0.01,-0.0805,0.046232408120756));
#3025=CARTESIAN_POINT('',(-0.018232408120756,-0.0805,0.025));
#3026=CARTESIAN_POINT('',(-0.018232408120756,-0.0805,0.012));
#3027=CARTESIAN_POINT('',(0.01,-0.0805,0.038));
#3028=CARTESIAN_POINT('',(0.018232408120756,-0.0805,0.038));
#3029=CARTESIAN_POINT('',(-0.01,-0.0805,0.012));
#3030=CARTESIAN_POINT('',(-0.01,-0.0805,0.003767591879244));
#3031=CARTESIAN_POINT('',(0.018232408120756,-0.0805,0.025));
#3032=CARTESIAN_POINT('',(0.018232408120756,-0.0805,0.012));
#3033=CARTESIAN_POINT('',(-5.09727606297743E-18,-0.0805,0.00376759187924399));
#3034=CARTESIAN_POINT('',(0.01,-0.0805,0.00376759187924399));
#3035=CARTESIAN_POINT('',(0.01,-0.0805,0.012));
#3036=CARTESIAN_POINT('',(0.01,-0.082401387818866,0.038));
#3037=CARTESIAN_POINT('',(0.0195,-0.082401387818866,0.038));
#3038=CARTESIAN_POINT('',(0.01,-0.082401387818866,0.0475));
#3039=CARTESIAN_POINT('',(-5.20417042793042E-18,-0.082401387818866,0.0475));
#3040=CARTESIAN_POINT('',(-0.01,-0.082401387818866,0.0475));
#3041=CARTESIAN_POINT('',(0.0195,-0.082401387818866,0.05));
#3042=CARTESIAN_POINT('',(0.0195,-0.082401387818866,0.012));
#3043=CARTESIAN_POINT('',(-0.01,-0.082401387818866,0.038));
#3044=CARTESIAN_POINT('',(-0.0195,-0.082401387818866,0.038));
#3045=CARTESIAN_POINT('',(0.01,-0.082401387818866,0.012));
#3046=CARTESIAN_POINT('',(0.01,-0.082401387818866,0.0025));
#3047=CARTESIAN_POINT('',(-0.0195,-0.082401387818866,0.05));
#3048=CARTESIAN_POINT('',(-0.0195,-0.082401387818866,0.012));
#3049=CARTESIAN_POINT('',(-5.24753851482984E-18,-0.082401387818866,0.0025));
#3050=CARTESIAN_POINT('',(-0.01,-0.082401387818866,0.0025));
#3051=CARTESIAN_POINT('',(-0.01,-0.082401387818866,0.012));
#3052=CARTESIAN_POINT('',(-5.24753851482984E-18,-0.0825,0.0025));
#3053=CARTESIAN_POINT('',(-0.01,-0.0825,0.0025));
#3054=CARTESIAN_POINT('',(0.01,-0.0825,0.0025));
#3055=CARTESIAN_POINT('',(0.01,-0.0825,0.012));
#3056=CARTESIAN_POINT('',(0.0195,-0.0825,0.012));
#3057=CARTESIAN_POINT('',(-0.01,-0.0825,0.012));
#3058=CARTESIAN_POINT('',(-0.0195,-0.0825,0.012));
#3059=CARTESIAN_POINT('',(0.0195,-0.0825,0.05));
#3060=CARTESIAN_POINT('',(0.0195,-0.0825,0.038));
#3061=CARTESIAN_POINT('',(-0.0195,-0.0825,0.025));
#3062=CARTESIAN_POINT('',(-0.0195,-0.0825,0.038));
#3063=CARTESIAN_POINT('',(0.01,-0.0825,0.038));
#3064=CARTESIAN_POINT('',(0.01,-0.0825,0.0475));
#3065=CARTESIAN_POINT('',(-0.01,-0.0825,0.038));
#3066=CARTESIAN_POINT('',(-0.01,-0.0825,0.0475));
#3067=CARTESIAN_POINT('',(-6.93889390390723E-18,-0.0825,0.0475));
#3068=MECHANICAL_DESIGN_GEOMETRIC_PRESENTATION_REPRESENTATION('',(#1717),
#3069);
#3069=(
GEOMETRIC_REPRESENTATION_CONTEXT(3)
GLOBAL_UNCERTAINTY_ASSIGNED_CONTEXT((#3070))
GLOBAL_UNIT_ASSIGNED_CONTEXT((#3073,#3072,#3071))
REPRESENTATION_CONTEXT('BLOCKS_cap','TOP_LEVEL_ASSEMBLY_PART')
);
#3070=UNCERTAINTY_MEASURE_WITH_UNIT(LENGTH_MEASURE(1.E-8),#3073,
'DISTANCE_ACCURACY_VALUE','Maximum Tolerance applied to model');
#3071=(
NAMED_UNIT(*)
SI_UNIT($,.STERADIAN.)
SOLID_ANGLE_UNIT()
);
#3072=(
NAMED_UNIT(*)
PLANE_ANGLE_UNIT()
SI_UNIT($,.RADIAN.)
);
#3073=(
LENGTH_UNIT()
NAMED_UNIT(*)
SI_UNIT($,.METRE.)
);
#3074=PRODUCT_DEFINITION_SHAPE('','',#3075);
#3075=PRODUCT_DEFINITION('','',#3077,#3076);
#3076=PRODUCT_DEFINITION_CONTEXT('',#3083,'design');
#3077=PRODUCT_DEFINITION_FORMATION_WITH_SPECIFIED_SOURCE('','',#3079,
 .NOT_KNOWN.);
#3078=PRODUCT_RELATED_PRODUCT_CATEGORY('','',(#3079));
#3079=PRODUCT('BLOCKS_cap','BLOCKS_cap','BLOCKS_cap',(#3081));
#3080=PRODUCT_CATEGORY('','');
#3081=PRODUCT_CONTEXT('',#3083,'mechanical');
#3082=APPLICATION_PROTOCOL_DEFINITION('international standard',
'ap242_managed_model_based_3d_engineering',2020,#3083);
#3083=APPLICATION_CONTEXT('managed model based 3d engineering');
ENDSEC;
END-ISO-10303-21;
