ISO-10303-21;
HEADER;
/* Generated by software containing ST-Developer
 * from STEP Tools, Inc. (www.steptools.com) 
 */
/* OPTION: using custom renumber hook */

FILE_DESCRIPTION(
/* description */ ('STEP AP242 Edition 2',
'CAx-IF Rec.Pracs.---Representation and Presentation of Product Manufa
cturing Information (PMI)---4.0---2014-10-13',
'CAx-IF Rec.Pracs.---3D Tessellated Geometry---0.4---2014-09-14','2;1',
'CAx-IF Rec.Pracs.---User Defined Attributes---1.5---2016-08-15'),
/* implementation_level */ '2;1');

FILE_NAME(
/* name */ 'blocks - BLOCKS_spacer_0.4',
/* time_stamp */ '2026-05-16T13:02:32Z',
/* author */ (''),
/* organization */ (''),
/* preprocessor_version */ 'ST-DEVELOPER v20',
/* originating_system */ 'ONSHAPE BY PTC INC, 1.215',
/* authorisation */ '  ');

FILE_SCHEMA (('AP242_MANAGED_MODEL_BASED_3D_ENGINEERING_MIM_LF { 1 0 10303 442 3 1 4 }'));
ENDSEC;

DATA;
#10=SHAPE_REPRESENTATION_RELATIONSHIP('','',#1924,#11);
#11=ADVANCED_BREP_SHAPE_REPRESENTATION('',(#1922),#4094);
#12=SPHERICAL_SURFACE('',#2090,0.0002);
#13=ELLIPSE('',#2000,0.00077768702941819,0.0002);
#14=ELLIPSE('',#2001,0.000200044209185964,0.0002);
#15=ELLIPSE('',#2003,0.000413927878183073,0.0002);
#16=ELLIPSE('',#2004,0.000720898824616313,0.0002);
#17=ELLIPSE('',#2018,0.000282842712474619,0.0002);
#18=ELLIPSE('',#2019,0.000282842712474619,0.0002);
#19=ELLIPSE('',#2021,0.000282842712474619,0.0002);
#20=ELLIPSE('',#2023,0.000273195760302607,0.0002);
#21=ELLIPSE('',#2025,0.000282842712474619,0.0002);
#22=ELLIPSE('',#2027,0.000210565052362898,0.0002);
#23=ELLIPSE('',#2029,0.000282842712474619,0.0002);
#24=ELLIPSE('',#2031,0.000228304647433911,0.0002);
#25=ELLIPSE('',#2033,0.000282842712474619,0.0002);
#26=ELLIPSE('',#2035,0.000282842712474619,0.0002);
#27=ELLIPSE('',#2037,0.000282842712474619,0.0002);
#28=ELLIPSE('',#2093,0.00077768702941819,0.0002);
#29=ELLIPSE('',#2098,0.000200044209185964,0.0002);
#30=ELLIPSE('',#2100,0.000413927878183073,0.0002);
#31=ELLIPSE('',#2103,0.000282842712474619,0.0002);
#32=ELLIPSE('',#2104,0.000282842712474619,0.0002);
#33=ELLIPSE('',#2106,0.000282842712474619,0.0002);
#34=ELLIPSE('',#2108,0.000273195760302607,0.0002);
#35=ELLIPSE('',#2110,0.000282842712474619,0.0002);
#36=ELLIPSE('',#2112,0.000210565052362898,0.0002);
#37=ELLIPSE('',#2114,0.000282842712474619,0.0002);
#38=ELLIPSE('',#2116,0.000228304647433911,0.0002);
#39=ELLIPSE('',#2118,0.000282842712474619,0.0002);
#40=ELLIPSE('',#2120,0.000282842712474619,0.0002);
#41=ELLIPSE('',#2122,0.000282842712474619,0.0002);
#42=TOROIDAL_SURFACE('',#1957,0.000800000000000012,0.0002);
#43=TOROIDAL_SURFACE('',#1959,0.000800000000000013,0.0002);
#44=TOROIDAL_SURFACE('',#1965,0.000300000000000025,0.0002);
#45=TOROIDAL_SURFACE('',#1967,0.00029999999999999,0.0002);
#46=TOROIDAL_SURFACE('',#1973,0.00120000000000003,0.0002);
#47=TOROIDAL_SURFACE('',#1975,0.0012,0.0002);
#48=TOROIDAL_SURFACE('',#1981,0.0018,0.0002);
#49=TOROIDAL_SURFACE('',#1983,0.0018,0.0002);
#50=TOROIDAL_SURFACE('',#1989,0.0018,0.0002);
#51=TOROIDAL_SURFACE('',#1991,0.0018,0.0002);
#52=TOROIDAL_SURFACE('',#2095,0.000346410161513788,0.0002);
#53=CYLINDRICAL_SURFACE('',#1954,0.0002);
#54=CYLINDRICAL_SURFACE('',#1961,0.0002);
#55=CYLINDRICAL_SURFACE('',#1963,0.0002);
#56=CYLINDRICAL_SURFACE('',#1969,0.0002);
#57=CYLINDRICAL_SURFACE('',#1971,0.0002);
#58=CYLINDRICAL_SURFACE('',#1977,0.0002);
#59=CYLINDRICAL_SURFACE('',#1979,0.0002);
#60=CYLINDRICAL_SURFACE('',#1985,0.0002);
#61=CYLINDRICAL_SURFACE('',#1987,0.0002);
#62=CYLINDRICAL_SURFACE('',#1993,0.0002);
#63=CYLINDRICAL_SURFACE('',#1996,0.0002);
#64=CYLINDRICAL_SURFACE('',#1999,0.0002);
#65=CYLINDRICAL_SURFACE('',#2002,0.0002);
#66=CYLINDRICAL_SURFACE('',#2005,0.0002);
#67=CYLINDRICAL_SURFACE('',#2008,0.0002);
#68=CYLINDRICAL_SURFACE('',#2016,0.0002);
#69=CYLINDRICAL_SURFACE('',#2017,0.0002);
#70=CYLINDRICAL_SURFACE('',#2020,0.0002);
#71=CYLINDRICAL_SURFACE('',#2022,0.0002);
#72=CYLINDRICAL_SURFACE('',#2024,0.0002);
#73=CYLINDRICAL_SURFACE('',#2026,0.0002);
#74=CYLINDRICAL_SURFACE('',#2028,0.0002);
#75=CYLINDRICAL_SURFACE('',#2030,0.0002);
#76=CYLINDRICAL_SURFACE('',#2032,0.0002);
#77=CYLINDRICAL_SURFACE('',#2034,0.0002);
#78=CYLINDRICAL_SURFACE('',#2036,0.0002);
#79=CYLINDRICAL_SURFACE('',#2038,0.0002);
#80=CYLINDRICAL_SURFACE('',#2049,0.0002);
#81=CYLINDRICAL_SURFACE('',#2057,0.0002);
#82=CYLINDRICAL_SURFACE('',#2060,0.0002);
#83=CYLINDRICAL_SURFACE('',#2068,0.0002);
#84=CYLINDRICAL_SURFACE('',#2070,0.0002);
#85=CYLINDRICAL_SURFACE('',#2078,0.0002);
#86=CYLINDRICAL_SURFACE('',#2088,0.0002);
#87=CYLINDRICAL_SURFACE('',#2092,0.0002);
#88=CYLINDRICAL_SURFACE('',#2097,0.0002);
#89=CYLINDRICAL_SURFACE('',#2099,0.0002);
#90=CYLINDRICAL_SURFACE('',#2101,0.0002);
#91=CYLINDRICAL_SURFACE('',#2102,0.0002);
#92=CYLINDRICAL_SURFACE('',#2105,0.0002);
#93=CYLINDRICAL_SURFACE('',#2107,0.0002);
#94=CYLINDRICAL_SURFACE('',#2109,0.0002);
#95=CYLINDRICAL_SURFACE('',#2111,0.0002);
#96=CYLINDRICAL_SURFACE('',#2113,0.0002);
#97=CYLINDRICAL_SURFACE('',#2115,0.0002);
#98=CYLINDRICAL_SURFACE('',#2117,0.0002);
#99=CYLINDRICAL_SURFACE('',#2119,0.0002);
#100=CYLINDRICAL_SURFACE('',#2121,0.0002);
#101=CYLINDRICAL_SURFACE('',#2123,0.0002);
#102=CIRCLE('',#1927,0.0018);
#103=CIRCLE('',#1928,0.0018);
#104=CIRCLE('',#1929,0.00120000000000003);
#105=CIRCLE('',#1930,0.000300000000000025);
#106=CIRCLE('',#1931,0.000800000000000012);
#107=CIRCLE('',#1932,0.000800000000000013);
#108=CIRCLE('',#1933,0.00029999999999999);
#109=CIRCLE('',#1934,0.0012);
#110=CIRCLE('',#1935,0.0018);
#111=CIRCLE('',#1936,0.0018);
#112=CIRCLE('',#1938,0.0018);
#113=CIRCLE('',#1939,0.0018);
#114=CIRCLE('',#1940,0.0012);
#115=CIRCLE('',#1941,0.00029999999999999);
#116=CIRCLE('',#1942,0.000800000000000013);
#117=CIRCLE('',#1943,0.000800000000000012);
#118=CIRCLE('',#1944,0.000300000000000025);
#119=CIRCLE('',#1945,0.00120000000000003);
#120=CIRCLE('',#1946,0.0018);
#121=CIRCLE('',#1947,0.0018);
#122=CIRCLE('',#1951,0.000346410161513788);
#123=CIRCLE('',#1955,0.0002);
#124=CIRCLE('',#1956,0.0002);
#125=CIRCLE('',#1958,0.0002);
#126=CIRCLE('',#1960,0.0002);
#127=CIRCLE('',#1962,0.0002);
#128=CIRCLE('',#1964,0.0002);
#129=CIRCLE('',#1966,0.0002);
#130=CIRCLE('',#1968,0.0002);
#131=CIRCLE('',#1970,0.0002);
#132=CIRCLE('',#1972,0.0002);
#133=CIRCLE('',#1974,0.0002);
#134=CIRCLE('',#1976,0.0002);
#135=CIRCLE('',#1978,0.0002);
#136=CIRCLE('',#1980,0.0002);
#137=CIRCLE('',#1982,0.0002);
#138=CIRCLE('',#1984,0.0002);
#139=CIRCLE('',#1986,0.0002);
#140=CIRCLE('',#1988,0.0002);
#141=CIRCLE('',#1990,0.0002);
#142=CIRCLE('',#1992,0.0002);
#143=CIRCLE('',#1994,0.0002);
#144=CIRCLE('',#1995,0.0002);
#145=CIRCLE('',#1997,0.0002);
#146=CIRCLE('',#1998,0.0002);
#147=CIRCLE('',#2006,0.0002);
#148=CIRCLE('',#2007,0.0002);
#149=CIRCLE('',#2009,0.0002);
#150=CIRCLE('',#2010,0.0002);
#151=CIRCLE('',#2011,0.0002);
#152=CIRCLE('',#2012,0.0002);
#153=CIRCLE('',#2013,0.0002);
#154=CIRCLE('',#2014,0.0002);
#155=CIRCLE('',#2015,0.0002);
#156=CIRCLE('',#2039,0.0002);
#157=CIRCLE('',#2040,0.0002);
#158=CIRCLE('',#2041,0.0002);
#159=CIRCLE('',#2042,0.0002);
#160=CIRCLE('',#2043,0.0002);
#161=CIRCLE('',#2044,0.0002);
#162=CIRCLE('',#2045,0.0002);
#163=CIRCLE('',#2046,0.0002);
#164=CIRCLE('',#2047,0.0002);
#165=CIRCLE('',#2048,0.0002);
#166=CIRCLE('',#2050,0.0002);
#167=CIRCLE('',#2051,0.0002);
#168=CIRCLE('',#2052,0.0002);
#169=CIRCLE('',#2053,0.0002);
#170=CIRCLE('',#2054,0.0002);
#171=CIRCLE('',#2055,0.0002);
#172=CIRCLE('',#2056,0.0002);
#173=CIRCLE('',#2058,0.0002);
#174=CIRCLE('',#2059,0.0002);
#175=CIRCLE('',#2061,0.0002);
#176=CIRCLE('',#2062,0.0002);
#177=CIRCLE('',#2063,0.0002);
#178=CIRCLE('',#2064,0.0002);
#179=CIRCLE('',#2065,0.0002);
#180=CIRCLE('',#2066,0.0002);
#181=CIRCLE('',#2067,0.0002);
#182=CIRCLE('',#2069,0.0002);
#183=CIRCLE('',#2071,0.0002);
#184=CIRCLE('',#2072,0.0002);
#185=CIRCLE('',#2073,0.0002);
#186=CIRCLE('',#2074,0.0002);
#187=CIRCLE('',#2075,0.0002);
#188=CIRCLE('',#2076,0.0002);
#189=CIRCLE('',#2077,0.0002);
#190=CIRCLE('',#2079,0.0002);
#191=CIRCLE('',#2080,0.0002);
#192=CIRCLE('',#2081,0.0002);
#193=CIRCLE('',#2082,0.0002);
#194=CIRCLE('',#2083,0.0002);
#195=CIRCLE('',#2084,0.0002);
#196=CIRCLE('',#2085,0.0002);
#197=CIRCLE('',#2086,0.0002);
#198=CIRCLE('',#2087,0.0002);
#199=CIRCLE('',#2089,0.0002);
#200=CIRCLE('',#2091,0.000173205080756894);
#201=CIRCLE('',#2094,0.0002);
#202=CIRCLE('',#2096,0.0002);
#203=LINE('',#2620,#281);
#204=LINE('',#2623,#282);
#205=LINE('',#2625,#283);
#206=LINE('',#2627,#284);
#207=LINE('',#2629,#285);
#208=LINE('',#2631,#286);
#209=LINE('',#2633,#287);
#210=LINE('',#2635,#288);
#211=LINE('',#2637,#289);
#212=LINE('',#2639,#290);
#213=LINE('',#2641,#291);
#214=LINE('',#2693,#292);
#215=LINE('',#2715,#293);
#216=LINE('',#2726,#294);
#217=LINE('',#2741,#295);
#218=LINE('',#2745,#296);
#219=LINE('',#2749,#297);
#220=LINE('',#2753,#298);
#221=LINE('',#2757,#299);
#222=LINE('',#2761,#300);
#223=LINE('',#2765,#301);
#224=LINE('',#2769,#302);
#225=LINE('',#2773,#303);
#226=LINE('',#2777,#304);
#227=LINE('',#2781,#305);
#228=LINE('',#2796,#306);
#229=LINE('',#2800,#307);
#230=LINE('',#2804,#308);
#231=LINE('',#2808,#309);
#232=LINE('',#2812,#310);
#233=LINE('',#2816,#311);
#234=LINE('',#2820,#312);
#235=LINE('',#2824,#313);
#236=LINE('',#2828,#314);
#237=LINE('',#2832,#315);
#238=LINE('',#2877,#316);
#239=LINE('',#2900,#317);
#240=LINE('',#2921,#318);
#241=LINE('',#2944,#319);
#242=LINE('',#2966,#320);
#243=LINE('',#2969,#321);
#244=LINE('',#2971,#322);
#245=LINE('',#2975,#323);
#246=LINE('',#2976,#324);
#247=LINE('',#2979,#325);
#248=LINE('',#2981,#326);
#249=LINE('',#2983,#327);
#250=LINE('',#2985,#328);
#251=LINE('',#2987,#329);
#252=LINE('',#2989,#330);
#253=LINE('',#2991,#331);
#254=LINE('',#2993,#332);
#255=LINE('',#2995,#333);
#256=LINE('',#2997,#334);
#257=LINE('',#3010,#335);
#258=LINE('',#3032,#336);
#259=LINE('',#3044,#337);
#260=LINE('',#3047,#338);
#261=LINE('',#3049,#339);
#262=LINE('',#3178,#340);
#263=LINE('',#3182,#341);
#264=LINE('',#3187,#342);
#265=LINE('',#3217,#343);
#266=LINE('',#3352,#344);
#267=LINE('',#3375,#345);
#268=LINE('',#3381,#346);
#269=LINE('',#3383,#347);
#270=LINE('',#3389,#348);
#271=LINE('',#3391,#349);
#272=LINE('',#3397,#350);
#273=LINE('',#3399,#351);
#274=LINE('',#3405,#352);
#275=LINE('',#3407,#353);
#276=LINE('',#3413,#354);
#277=LINE('',#3415,#355);
#278=LINE('',#3583,#356);
#279=LINE('',#3697,#357);
#280=LINE('',#4058,#358);
#281=VECTOR('',#2128,1.);
#282=VECTOR('',#2129,1.);
#283=VECTOR('',#2130,1.);
#284=VECTOR('',#2131,1.);
#285=VECTOR('',#2132,1.);
#286=VECTOR('',#2133,1.);
#287=VECTOR('',#2134,1.);
#288=VECTOR('',#2135,1.);
#289=VECTOR('',#2136,1.);
#290=VECTOR('',#2137,1.);
#291=VECTOR('',#2138,1.);
#292=VECTOR('',#2139,1.);
#293=VECTOR('',#2140,1.);
#294=VECTOR('',#2141,1.);
#295=VECTOR('',#2142,1.);
#296=VECTOR('',#2145,1.);
#297=VECTOR('',#2148,1.);
#298=VECTOR('',#2151,1.);
#299=VECTOR('',#2154,1.);
#300=VECTOR('',#2157,1.);
#301=VECTOR('',#2160,1.);
#302=VECTOR('',#2163,1.);
#303=VECTOR('',#2166,1.);
#304=VECTOR('',#2169,1.);
#305=VECTOR('',#2174,1.);
#306=VECTOR('',#2175,1.);
#307=VECTOR('',#2178,1.);
#308=VECTOR('',#2181,1.);
#309=VECTOR('',#2184,1.);
#310=VECTOR('',#2187,1.);
#311=VECTOR('',#2190,1.);
#312=VECTOR('',#2193,1.);
#313=VECTOR('',#2196,1.);
#314=VECTOR('',#2199,1.);
#315=VECTOR('',#2202,1.);
#316=VECTOR('',#2209,1.);
#317=VECTOR('',#2210,1.);
#318=VECTOR('',#2211,1.);
#319=VECTOR('',#2212,1.);
#320=VECTOR('',#2215,1.);
#321=VECTOR('',#2216,1.);
#322=VECTOR('',#2217,1.);
#323=VECTOR('',#2220,1.);
#324=VECTOR('',#2221,1.);
#325=VECTOR('',#2222,1.);
#326=VECTOR('',#2223,1.);
#327=VECTOR('',#2224,1.);
#328=VECTOR('',#2225,1.);
#329=VECTOR('',#2226,1.);
#330=VECTOR('',#2227,1.);
#331=VECTOR('',#2228,1.);
#332=VECTOR('',#2229,1.);
#333=VECTOR('',#2230,1.);
#334=VECTOR('',#2231,1.);
#335=VECTOR('',#2234,1.);
#336=VECTOR('',#2235,1.);
#337=VECTOR('',#2238,1.);
#338=VECTOR('',#2239,1.);
#339=VECTOR('',#2240,1.);
#340=VECTOR('',#2335,1.);
#341=VECTOR('',#2340,1.);
#342=VECTOR('',#2347,1.);
#343=VECTOR('',#2354,1.);
#344=VECTOR('',#2371,1.);
#345=VECTOR('',#2376,1.);
#346=VECTOR('',#2383,1.);
#347=VECTOR('',#2386,1.);
#348=VECTOR('',#2393,1.);
#349=VECTOR('',#2396,1.);
#350=VECTOR('',#2403,1.);
#351=VECTOR('',#2406,1.);
#352=VECTOR('',#2413,1.);
#353=VECTOR('',#2416,1.);
#354=VECTOR('',#2423,1.);
#355=VECTOR('',#2426,1.);
#356=VECTOR('',#2449,1.);
#357=VECTOR('',#2468,1.);
#358=VECTOR('',#2531,1.);
#359=PLANE('',#1926);
#360=PLANE('',#1937);
#361=PLANE('',#1948);
#362=PLANE('',#1949);
#363=PLANE('',#1950);
#364=PLANE('',#1952);
#365=PLANE('',#1953);
#366=ORIENTED_EDGE('',*,*,#946,.F.);
#367=ORIENTED_EDGE('',*,*,#947,.F.);
#368=ORIENTED_EDGE('',*,*,#948,.T.);
#369=ORIENTED_EDGE('',*,*,#949,.T.);
#370=ORIENTED_EDGE('',*,*,#950,.T.);
#371=ORIENTED_EDGE('',*,*,#951,.T.);
#372=ORIENTED_EDGE('',*,*,#952,.T.);
#373=ORIENTED_EDGE('',*,*,#953,.T.);
#374=ORIENTED_EDGE('',*,*,#954,.T.);
#375=ORIENTED_EDGE('',*,*,#955,.T.);
#376=ORIENTED_EDGE('',*,*,#956,.T.);
#377=ORIENTED_EDGE('',*,*,#957,.T.);
#378=ORIENTED_EDGE('',*,*,#958,.T.);
#379=ORIENTED_EDGE('',*,*,#959,.T.);
#380=ORIENTED_EDGE('',*,*,#960,.T.);
#381=ORIENTED_EDGE('',*,*,#961,.T.);
#382=ORIENTED_EDGE('',*,*,#962,.T.);
#383=ORIENTED_EDGE('',*,*,#963,.T.);
#384=ORIENTED_EDGE('',*,*,#964,.T.);
#385=ORIENTED_EDGE('',*,*,#965,.T.);
#386=ORIENTED_EDGE('',*,*,#966,.T.);
#387=ORIENTED_EDGE('',*,*,#967,.T.);
#388=ORIENTED_EDGE('',*,*,#968,.T.);
#389=ORIENTED_EDGE('',*,*,#969,.T.);
#390=ORIENTED_EDGE('',*,*,#970,.T.);
#391=ORIENTED_EDGE('',*,*,#971,.T.);
#392=ORIENTED_EDGE('',*,*,#972,.T.);
#393=ORIENTED_EDGE('',*,*,#973,.T.);
#394=ORIENTED_EDGE('',*,*,#974,.T.);
#395=ORIENTED_EDGE('',*,*,#975,.T.);
#396=ORIENTED_EDGE('',*,*,#976,.T.);
#397=ORIENTED_EDGE('',*,*,#977,.T.);
#398=ORIENTED_EDGE('',*,*,#978,.T.);
#399=ORIENTED_EDGE('',*,*,#979,.T.);
#400=ORIENTED_EDGE('',*,*,#980,.T.);
#401=ORIENTED_EDGE('',*,*,#981,.T.);
#402=ORIENTED_EDGE('',*,*,#982,.T.);
#403=ORIENTED_EDGE('',*,*,#983,.T.);
#404=ORIENTED_EDGE('',*,*,#984,.T.);
#405=ORIENTED_EDGE('',*,*,#985,.T.);
#406=ORIENTED_EDGE('',*,*,#986,.T.);
#407=ORIENTED_EDGE('',*,*,#987,.T.);
#408=ORIENTED_EDGE('',*,*,#988,.T.);
#409=ORIENTED_EDGE('',*,*,#989,.T.);
#410=ORIENTED_EDGE('',*,*,#990,.T.);
#411=ORIENTED_EDGE('',*,*,#991,.T.);
#412=ORIENTED_EDGE('',*,*,#992,.T.);
#413=ORIENTED_EDGE('',*,*,#993,.T.);
#414=ORIENTED_EDGE('',*,*,#994,.T.);
#415=ORIENTED_EDGE('',*,*,#995,.T.);
#416=ORIENTED_EDGE('',*,*,#996,.T.);
#417=ORIENTED_EDGE('',*,*,#997,.T.);
#418=ORIENTED_EDGE('',*,*,#998,.T.);
#419=ORIENTED_EDGE('',*,*,#999,.T.);
#420=ORIENTED_EDGE('',*,*,#1000,.T.);
#421=ORIENTED_EDGE('',*,*,#1001,.T.);
#422=ORIENTED_EDGE('',*,*,#1002,.T.);
#423=ORIENTED_EDGE('',*,*,#1003,.T.);
#424=ORIENTED_EDGE('',*,*,#1004,.T.);
#425=ORIENTED_EDGE('',*,*,#1005,.T.);
#426=ORIENTED_EDGE('',*,*,#1006,.T.);
#427=ORIENTED_EDGE('',*,*,#1007,.T.);
#428=ORIENTED_EDGE('',*,*,#1008,.T.);
#429=ORIENTED_EDGE('',*,*,#1009,.T.);
#430=ORIENTED_EDGE('',*,*,#1010,.T.);
#431=ORIENTED_EDGE('',*,*,#1011,.T.);
#432=ORIENTED_EDGE('',*,*,#1012,.T.);
#433=ORIENTED_EDGE('',*,*,#1013,.T.);
#434=ORIENTED_EDGE('',*,*,#1014,.T.);
#435=ORIENTED_EDGE('',*,*,#1015,.T.);
#436=ORIENTED_EDGE('',*,*,#1016,.T.);
#437=ORIENTED_EDGE('',*,*,#1017,.T.);
#438=ORIENTED_EDGE('',*,*,#1018,.T.);
#439=ORIENTED_EDGE('',*,*,#1019,.T.);
#440=ORIENTED_EDGE('',*,*,#1020,.T.);
#441=ORIENTED_EDGE('',*,*,#1021,.T.);
#442=ORIENTED_EDGE('',*,*,#1022,.T.);
#443=ORIENTED_EDGE('',*,*,#1023,.T.);
#444=ORIENTED_EDGE('',*,*,#1024,.T.);
#445=ORIENTED_EDGE('',*,*,#1025,.T.);
#446=ORIENTED_EDGE('',*,*,#1026,.T.);
#447=ORIENTED_EDGE('',*,*,#1027,.T.);
#448=ORIENTED_EDGE('',*,*,#1028,.T.);
#449=ORIENTED_EDGE('',*,*,#1029,.T.);
#450=ORIENTED_EDGE('',*,*,#1030,.T.);
#451=ORIENTED_EDGE('',*,*,#1031,.T.);
#452=ORIENTED_EDGE('',*,*,#1032,.T.);
#453=ORIENTED_EDGE('',*,*,#1033,.T.);
#454=ORIENTED_EDGE('',*,*,#1034,.T.);
#455=ORIENTED_EDGE('',*,*,#1035,.T.);
#456=ORIENTED_EDGE('',*,*,#1036,.T.);
#457=ORIENTED_EDGE('',*,*,#1037,.T.);
#458=ORIENTED_EDGE('',*,*,#1038,.T.);
#459=ORIENTED_EDGE('',*,*,#1039,.T.);
#460=ORIENTED_EDGE('',*,*,#1040,.T.);
#461=ORIENTED_EDGE('',*,*,#1041,.T.);
#462=ORIENTED_EDGE('',*,*,#1042,.T.);
#463=ORIENTED_EDGE('',*,*,#1043,.T.);
#464=ORIENTED_EDGE('',*,*,#1044,.T.);
#465=ORIENTED_EDGE('',*,*,#1045,.T.);
#466=ORIENTED_EDGE('',*,*,#1046,.T.);
#467=ORIENTED_EDGE('',*,*,#1047,.T.);
#468=ORIENTED_EDGE('',*,*,#1048,.T.);
#469=ORIENTED_EDGE('',*,*,#1049,.T.);
#470=ORIENTED_EDGE('',*,*,#1050,.T.);
#471=ORIENTED_EDGE('',*,*,#1051,.T.);
#472=ORIENTED_EDGE('',*,*,#1052,.T.);
#473=ORIENTED_EDGE('',*,*,#1053,.T.);
#474=ORIENTED_EDGE('',*,*,#1054,.T.);
#475=ORIENTED_EDGE('',*,*,#1055,.T.);
#476=ORIENTED_EDGE('',*,*,#1056,.T.);
#477=ORIENTED_EDGE('',*,*,#1057,.T.);
#478=ORIENTED_EDGE('',*,*,#1058,.T.);
#479=ORIENTED_EDGE('',*,*,#1059,.T.);
#480=ORIENTED_EDGE('',*,*,#1060,.T.);
#481=ORIENTED_EDGE('',*,*,#1061,.T.);
#482=ORIENTED_EDGE('',*,*,#1062,.T.);
#483=ORIENTED_EDGE('',*,*,#1063,.T.);
#484=ORIENTED_EDGE('',*,*,#1064,.T.);
#485=ORIENTED_EDGE('',*,*,#1065,.T.);
#486=ORIENTED_EDGE('',*,*,#1066,.T.);
#487=ORIENTED_EDGE('',*,*,#1067,.T.);
#488=ORIENTED_EDGE('',*,*,#1068,.T.);
#489=ORIENTED_EDGE('',*,*,#1069,.T.);
#490=ORIENTED_EDGE('',*,*,#1070,.T.);
#491=ORIENTED_EDGE('',*,*,#1071,.T.);
#492=ORIENTED_EDGE('',*,*,#1072,.T.);
#493=ORIENTED_EDGE('',*,*,#1073,.T.);
#494=ORIENTED_EDGE('',*,*,#1074,.T.);
#495=ORIENTED_EDGE('',*,*,#1075,.T.);
#496=ORIENTED_EDGE('',*,*,#1076,.T.);
#497=ORIENTED_EDGE('',*,*,#1077,.T.);
#498=ORIENTED_EDGE('',*,*,#1078,.F.);
#499=ORIENTED_EDGE('',*,*,#989,.F.);
#500=ORIENTED_EDGE('',*,*,#1079,.F.);
#501=ORIENTED_EDGE('',*,*,#1011,.F.);
#502=ORIENTED_EDGE('',*,*,#1079,.T.);
#503=ORIENTED_EDGE('',*,*,#988,.F.);
#504=ORIENTED_EDGE('',*,*,#1080,.F.);
#505=ORIENTED_EDGE('',*,*,#1012,.F.);
#506=ORIENTED_EDGE('',*,*,#990,.F.);
#507=ORIENTED_EDGE('',*,*,#1078,.T.);
#508=ORIENTED_EDGE('',*,*,#1010,.F.);
#509=ORIENTED_EDGE('',*,*,#1081,.F.);
#510=ORIENTED_EDGE('',*,*,#1080,.T.);
#511=ORIENTED_EDGE('',*,*,#987,.F.);
#512=ORIENTED_EDGE('',*,*,#1082,.F.);
#513=ORIENTED_EDGE('',*,*,#1013,.F.);
#514=ORIENTED_EDGE('',*,*,#991,.F.);
#515=ORIENTED_EDGE('',*,*,#1081,.T.);
#516=ORIENTED_EDGE('',*,*,#1009,.F.);
#517=ORIENTED_EDGE('',*,*,#1083,.F.);
#518=ORIENTED_EDGE('',*,*,#1082,.T.);
#519=ORIENTED_EDGE('',*,*,#986,.F.);
#520=ORIENTED_EDGE('',*,*,#1084,.F.);
#521=ORIENTED_EDGE('',*,*,#1014,.F.);
#522=ORIENTED_EDGE('',*,*,#992,.F.);
#523=ORIENTED_EDGE('',*,*,#1083,.T.);
#524=ORIENTED_EDGE('',*,*,#1008,.F.);
#525=ORIENTED_EDGE('',*,*,#1085,.F.);
#526=ORIENTED_EDGE('',*,*,#1084,.T.);
#527=ORIENTED_EDGE('',*,*,#985,.F.);
#528=ORIENTED_EDGE('',*,*,#1086,.F.);
#529=ORIENTED_EDGE('',*,*,#1015,.F.);
#530=ORIENTED_EDGE('',*,*,#993,.F.);
#531=ORIENTED_EDGE('',*,*,#1085,.T.);
#532=ORIENTED_EDGE('',*,*,#1007,.F.);
#533=ORIENTED_EDGE('',*,*,#1087,.F.);
#534=ORIENTED_EDGE('',*,*,#1086,.T.);
#535=ORIENTED_EDGE('',*,*,#984,.F.);
#536=ORIENTED_EDGE('',*,*,#1088,.F.);
#537=ORIENTED_EDGE('',*,*,#1016,.F.);
#538=ORIENTED_EDGE('',*,*,#994,.F.);
#539=ORIENTED_EDGE('',*,*,#1087,.T.);
#540=ORIENTED_EDGE('',*,*,#1006,.F.);
#541=ORIENTED_EDGE('',*,*,#1089,.F.);
#542=ORIENTED_EDGE('',*,*,#1088,.T.);
#543=ORIENTED_EDGE('',*,*,#983,.F.);
#544=ORIENTED_EDGE('',*,*,#1090,.F.);
#545=ORIENTED_EDGE('',*,*,#1017,.F.);
#546=ORIENTED_EDGE('',*,*,#995,.F.);
#547=ORIENTED_EDGE('',*,*,#1089,.T.);
#548=ORIENTED_EDGE('',*,*,#1005,.F.);
#549=ORIENTED_EDGE('',*,*,#1091,.F.);
#550=ORIENTED_EDGE('',*,*,#1090,.T.);
#551=ORIENTED_EDGE('',*,*,#982,.F.);
#552=ORIENTED_EDGE('',*,*,#1092,.F.);
#553=ORIENTED_EDGE('',*,*,#1018,.F.);
#554=ORIENTED_EDGE('',*,*,#996,.F.);
#555=ORIENTED_EDGE('',*,*,#1091,.T.);
#556=ORIENTED_EDGE('',*,*,#1004,.F.);
#557=ORIENTED_EDGE('',*,*,#1093,.F.);
#558=ORIENTED_EDGE('',*,*,#1092,.T.);
#559=ORIENTED_EDGE('',*,*,#981,.F.);
#560=ORIENTED_EDGE('',*,*,#1094,.F.);
#561=ORIENTED_EDGE('',*,*,#1019,.F.);
#562=ORIENTED_EDGE('',*,*,#997,.F.);
#563=ORIENTED_EDGE('',*,*,#1093,.T.);
#564=ORIENTED_EDGE('',*,*,#1003,.F.);
#565=ORIENTED_EDGE('',*,*,#1095,.F.);
#566=ORIENTED_EDGE('',*,*,#1094,.T.);
#567=ORIENTED_EDGE('',*,*,#980,.F.);
#568=ORIENTED_EDGE('',*,*,#1096,.F.);
#569=ORIENTED_EDGE('',*,*,#1020,.F.);
#570=ORIENTED_EDGE('',*,*,#998,.F.);
#571=ORIENTED_EDGE('',*,*,#1095,.T.);
#572=ORIENTED_EDGE('',*,*,#1002,.F.);
#573=ORIENTED_EDGE('',*,*,#1097,.F.);
#574=ORIENTED_EDGE('',*,*,#1096,.T.);
#575=ORIENTED_EDGE('',*,*,#979,.F.);
#576=ORIENTED_EDGE('',*,*,#1098,.F.);
#577=ORIENTED_EDGE('',*,*,#1099,.F.);
#578=ORIENTED_EDGE('',*,*,#999,.F.);
#579=ORIENTED_EDGE('',*,*,#1100,.F.);
#580=ORIENTED_EDGE('',*,*,#977,.F.);
#581=ORIENTED_EDGE('',*,*,#1097,.T.);
#582=ORIENTED_EDGE('',*,*,#1001,.F.);
#583=ORIENTED_EDGE('',*,*,#1101,.F.);
#584=ORIENTED_EDGE('',*,*,#978,.F.);
#585=ORIENTED_EDGE('',*,*,#1100,.T.);
#586=ORIENTED_EDGE('',*,*,#1102,.F.);
#587=ORIENTED_EDGE('',*,*,#1098,.T.);
#588=ORIENTED_EDGE('',*,*,#1099,.T.);
#589=ORIENTED_EDGE('',*,*,#1102,.T.);
#590=ORIENTED_EDGE('',*,*,#1101,.T.);
#591=ORIENTED_EDGE('',*,*,#1000,.F.);
#592=ORIENTED_EDGE('',*,*,#1103,.T.);
#593=ORIENTED_EDGE('',*,*,#1104,.T.);
#594=ORIENTED_EDGE('',*,*,#1105,.F.);
#595=ORIENTED_EDGE('',*,*,#1105,.T.);
#596=ORIENTED_EDGE('',*,*,#1106,.T.);
#597=ORIENTED_EDGE('',*,*,#1107,.F.);
#598=ORIENTED_EDGE('',*,*,#1077,.F.);
#599=ORIENTED_EDGE('',*,*,#1108,.T.);
#600=ORIENTED_EDGE('',*,*,#1107,.T.);
#601=ORIENTED_EDGE('',*,*,#1109,.T.);
#602=ORIENTED_EDGE('',*,*,#1110,.T.);
#603=ORIENTED_EDGE('',*,*,#1075,.F.);
#604=ORIENTED_EDGE('',*,*,#1111,.F.);
#605=ORIENTED_EDGE('',*,*,#1112,.T.);
#606=ORIENTED_EDGE('',*,*,#1113,.F.);
#607=ORIENTED_EDGE('',*,*,#1071,.F.);
#608=ORIENTED_EDGE('',*,*,#1113,.T.);
#609=ORIENTED_EDGE('',*,*,#1114,.T.);
#610=ORIENTED_EDGE('',*,*,#1115,.F.);
#611=ORIENTED_EDGE('',*,*,#1072,.F.);
#612=ORIENTED_EDGE('',*,*,#1116,.F.);
#613=ORIENTED_EDGE('',*,*,#1117,.T.);
#614=ORIENTED_EDGE('',*,*,#1111,.T.);
#615=ORIENTED_EDGE('',*,*,#1070,.F.);
#616=ORIENTED_EDGE('',*,*,#1115,.T.);
#617=ORIENTED_EDGE('',*,*,#1118,.T.);
#618=ORIENTED_EDGE('',*,*,#1119,.F.);
#619=ORIENTED_EDGE('',*,*,#1073,.F.);
#620=ORIENTED_EDGE('',*,*,#1120,.F.);
#621=ORIENTED_EDGE('',*,*,#1121,.T.);
#622=ORIENTED_EDGE('',*,*,#1116,.T.);
#623=ORIENTED_EDGE('',*,*,#1069,.F.);
#624=ORIENTED_EDGE('',*,*,#1119,.T.);
#625=ORIENTED_EDGE('',*,*,#1122,.T.);
#626=ORIENTED_EDGE('',*,*,#1123,.F.);
#627=ORIENTED_EDGE('',*,*,#1074,.F.);
#628=ORIENTED_EDGE('',*,*,#1124,.F.);
#629=ORIENTED_EDGE('',*,*,#1125,.T.);
#630=ORIENTED_EDGE('',*,*,#1120,.T.);
#631=ORIENTED_EDGE('',*,*,#1068,.F.);
#632=ORIENTED_EDGE('',*,*,#1123,.T.);
#633=ORIENTED_EDGE('',*,*,#1126,.T.);
#634=ORIENTED_EDGE('',*,*,#1127,.F.);
#635=ORIENTED_EDGE('',*,*,#1065,.F.);
#636=ORIENTED_EDGE('',*,*,#1128,.F.);
#637=ORIENTED_EDGE('',*,*,#1129,.T.);
#638=ORIENTED_EDGE('',*,*,#1124,.T.);
#639=ORIENTED_EDGE('',*,*,#1067,.F.);
#640=ORIENTED_EDGE('',*,*,#1127,.T.);
#641=ORIENTED_EDGE('',*,*,#1130,.T.);
#642=ORIENTED_EDGE('',*,*,#1128,.T.);
#643=ORIENTED_EDGE('',*,*,#1066,.F.);
#644=ORIENTED_EDGE('',*,*,#1131,.F.);
#645=ORIENTED_EDGE('',*,*,#1132,.T.);
#646=ORIENTED_EDGE('',*,*,#1133,.F.);
#647=ORIENTED_EDGE('',*,*,#955,.F.);
#648=ORIENTED_EDGE('',*,*,#1134,.F.);
#649=ORIENTED_EDGE('',*,*,#1135,.T.);
#650=ORIENTED_EDGE('',*,*,#1131,.T.);
#651=ORIENTED_EDGE('',*,*,#954,.F.);
#652=ORIENTED_EDGE('',*,*,#1133,.T.);
#653=ORIENTED_EDGE('',*,*,#1136,.T.);
#654=ORIENTED_EDGE('',*,*,#1137,.F.);
#655=ORIENTED_EDGE('',*,*,#956,.F.);
#656=ORIENTED_EDGE('',*,*,#1138,.F.);
#657=ORIENTED_EDGE('',*,*,#1139,.T.);
#658=ORIENTED_EDGE('',*,*,#1134,.T.);
#659=ORIENTED_EDGE('',*,*,#953,.F.);
#660=ORIENTED_EDGE('',*,*,#1137,.T.);
#661=ORIENTED_EDGE('',*,*,#1140,.T.);
#662=ORIENTED_EDGE('',*,*,#1141,.F.);
#663=ORIENTED_EDGE('',*,*,#957,.F.);
#664=ORIENTED_EDGE('',*,*,#1142,.F.);
#665=ORIENTED_EDGE('',*,*,#1143,.T.);
#666=ORIENTED_EDGE('',*,*,#1138,.T.);
#667=ORIENTED_EDGE('',*,*,#952,.F.);
#668=ORIENTED_EDGE('',*,*,#1141,.T.);
#669=ORIENTED_EDGE('',*,*,#1144,.T.);
#670=ORIENTED_EDGE('',*,*,#1145,.F.);
#671=ORIENTED_EDGE('',*,*,#958,.F.);
#672=ORIENTED_EDGE('',*,*,#1146,.F.);
#673=ORIENTED_EDGE('',*,*,#1147,.T.);
#674=ORIENTED_EDGE('',*,*,#1142,.T.);
#675=ORIENTED_EDGE('',*,*,#951,.F.);
#676=ORIENTED_EDGE('',*,*,#1145,.T.);
#677=ORIENTED_EDGE('',*,*,#1148,.T.);
#678=ORIENTED_EDGE('',*,*,#1149,.F.);
#679=ORIENTED_EDGE('',*,*,#948,.F.);
#680=ORIENTED_EDGE('',*,*,#1150,.F.);
#681=ORIENTED_EDGE('',*,*,#1151,.T.);
#682=ORIENTED_EDGE('',*,*,#1146,.T.);
#683=ORIENTED_EDGE('',*,*,#950,.F.);
#684=ORIENTED_EDGE('',*,*,#1149,.T.);
#685=ORIENTED_EDGE('',*,*,#1152,.T.);
#686=ORIENTED_EDGE('',*,*,#1150,.T.);
#687=ORIENTED_EDGE('',*,*,#949,.F.);
#688=ORIENTED_EDGE('',*,*,#1153,.F.);
#689=ORIENTED_EDGE('',*,*,#1154,.T.);
#690=ORIENTED_EDGE('',*,*,#1155,.F.);
#691=ORIENTED_EDGE('',*,*,#964,.F.);
#692=ORIENTED_EDGE('',*,*,#1155,.T.);
#693=ORIENTED_EDGE('',*,*,#1156,.T.);
#694=ORIENTED_EDGE('',*,*,#1157,.F.);
#695=ORIENTED_EDGE('',*,*,#965,.F.);
#696=ORIENTED_EDGE('',*,*,#1158,.F.);
#697=ORIENTED_EDGE('',*,*,#1159,.T.);
#698=ORIENTED_EDGE('',*,*,#1153,.T.);
#699=ORIENTED_EDGE('',*,*,#963,.F.);
#700=ORIENTED_EDGE('',*,*,#1157,.T.);
#701=ORIENTED_EDGE('',*,*,#1160,.T.);
#702=ORIENTED_EDGE('',*,*,#1161,.F.);
#703=ORIENTED_EDGE('',*,*,#966,.F.);
#704=ORIENTED_EDGE('',*,*,#1162,.F.);
#705=ORIENTED_EDGE('',*,*,#1163,.T.);
#706=ORIENTED_EDGE('',*,*,#1158,.T.);
#707=ORIENTED_EDGE('',*,*,#962,.F.);
#708=ORIENTED_EDGE('',*,*,#1161,.T.);
#709=ORIENTED_EDGE('',*,*,#1164,.T.);
#710=ORIENTED_EDGE('',*,*,#1165,.F.);
#711=ORIENTED_EDGE('',*,*,#959,.F.);
#712=ORIENTED_EDGE('',*,*,#1166,.F.);
#713=ORIENTED_EDGE('',*,*,#1167,.T.);
#714=ORIENTED_EDGE('',*,*,#1162,.T.);
#715=ORIENTED_EDGE('',*,*,#961,.F.);
#716=ORIENTED_EDGE('',*,*,#1165,.T.);
#717=ORIENTED_EDGE('',*,*,#1168,.T.);
#718=ORIENTED_EDGE('',*,*,#1166,.T.);
#719=ORIENTED_EDGE('',*,*,#960,.F.);
#720=ORIENTED_EDGE('',*,*,#1169,.F.);
#721=ORIENTED_EDGE('',*,*,#1170,.T.);
#722=ORIENTED_EDGE('',*,*,#946,.T.);
#723=ORIENTED_EDGE('',*,*,#1171,.F.);
#724=ORIENTED_EDGE('',*,*,#973,.F.);
#725=ORIENTED_EDGE('',*,*,#1171,.T.);
#726=ORIENTED_EDGE('',*,*,#1172,.T.);
#727=ORIENTED_EDGE('',*,*,#1173,.F.);
#728=ORIENTED_EDGE('',*,*,#974,.F.);
#729=ORIENTED_EDGE('',*,*,#1174,.F.);
#730=ORIENTED_EDGE('',*,*,#1175,.T.);
#731=ORIENTED_EDGE('',*,*,#1169,.T.);
#732=ORIENTED_EDGE('',*,*,#972,.F.);
#733=ORIENTED_EDGE('',*,*,#1173,.T.);
#734=ORIENTED_EDGE('',*,*,#1176,.T.);
#735=ORIENTED_EDGE('',*,*,#1177,.F.);
#736=ORIENTED_EDGE('',*,*,#975,.F.);
#737=ORIENTED_EDGE('',*,*,#1178,.F.);
#738=ORIENTED_EDGE('',*,*,#1179,.T.);
#739=ORIENTED_EDGE('',*,*,#1174,.T.);
#740=ORIENTED_EDGE('',*,*,#971,.F.);
#741=ORIENTED_EDGE('',*,*,#1177,.T.);
#742=ORIENTED_EDGE('',*,*,#1180,.T.);
#743=ORIENTED_EDGE('',*,*,#1181,.F.);
#744=ORIENTED_EDGE('',*,*,#976,.F.);
#745=ORIENTED_EDGE('',*,*,#1182,.F.);
#746=ORIENTED_EDGE('',*,*,#1183,.T.);
#747=ORIENTED_EDGE('',*,*,#1178,.T.);
#748=ORIENTED_EDGE('',*,*,#970,.F.);
#749=ORIENTED_EDGE('',*,*,#1181,.T.);
#750=ORIENTED_EDGE('',*,*,#1184,.T.);
#751=ORIENTED_EDGE('',*,*,#1185,.F.);
#752=ORIENTED_EDGE('',*,*,#967,.F.);
#753=ORIENTED_EDGE('',*,*,#1186,.F.);
#754=ORIENTED_EDGE('',*,*,#1187,.T.);
#755=ORIENTED_EDGE('',*,*,#1182,.T.);
#756=ORIENTED_EDGE('',*,*,#969,.F.);
#757=ORIENTED_EDGE('',*,*,#1185,.T.);
#758=ORIENTED_EDGE('',*,*,#1188,.T.);
#759=ORIENTED_EDGE('',*,*,#1186,.T.);
#760=ORIENTED_EDGE('',*,*,#968,.F.);
#761=ORIENTED_EDGE('',*,*,#1189,.F.);
#762=ORIENTED_EDGE('',*,*,#1035,.F.);
#763=ORIENTED_EDGE('',*,*,#1190,.F.);
#764=ORIENTED_EDGE('',*,*,#1112,.F.);
#765=ORIENTED_EDGE('',*,*,#1190,.T.);
#766=ORIENTED_EDGE('',*,*,#1034,.F.);
#767=ORIENTED_EDGE('',*,*,#1191,.F.);
#768=ORIENTED_EDGE('',*,*,#1114,.F.);
#769=ORIENTED_EDGE('',*,*,#1189,.T.);
#770=ORIENTED_EDGE('',*,*,#1117,.F.);
#771=ORIENTED_EDGE('',*,*,#1192,.F.);
#772=ORIENTED_EDGE('',*,*,#1036,.F.);
#773=ORIENTED_EDGE('',*,*,#1191,.T.);
#774=ORIENTED_EDGE('',*,*,#1033,.F.);
#775=ORIENTED_EDGE('',*,*,#1193,.F.);
#776=ORIENTED_EDGE('',*,*,#1118,.F.);
#777=ORIENTED_EDGE('',*,*,#1192,.T.);
#778=ORIENTED_EDGE('',*,*,#1121,.F.);
#779=ORIENTED_EDGE('',*,*,#1194,.F.);
#780=ORIENTED_EDGE('',*,*,#1037,.F.);
#781=ORIENTED_EDGE('',*,*,#1193,.T.);
#782=ORIENTED_EDGE('',*,*,#1032,.F.);
#783=ORIENTED_EDGE('',*,*,#1195,.F.);
#784=ORIENTED_EDGE('',*,*,#1122,.F.);
#785=ORIENTED_EDGE('',*,*,#1194,.T.);
#786=ORIENTED_EDGE('',*,*,#1125,.F.);
#787=ORIENTED_EDGE('',*,*,#1196,.F.);
#788=ORIENTED_EDGE('',*,*,#1038,.F.);
#789=ORIENTED_EDGE('',*,*,#1195,.T.);
#790=ORIENTED_EDGE('',*,*,#1031,.F.);
#791=ORIENTED_EDGE('',*,*,#1197,.F.);
#792=ORIENTED_EDGE('',*,*,#1126,.F.);
#793=ORIENTED_EDGE('',*,*,#1196,.T.);
#794=ORIENTED_EDGE('',*,*,#1129,.F.);
#795=ORIENTED_EDGE('',*,*,#1198,.F.);
#796=ORIENTED_EDGE('',*,*,#1029,.F.);
#797=ORIENTED_EDGE('',*,*,#1197,.T.);
#798=ORIENTED_EDGE('',*,*,#1030,.F.);
#799=ORIENTED_EDGE('',*,*,#1198,.T.);
#800=ORIENTED_EDGE('',*,*,#1130,.F.);
#801=ORIENTED_EDGE('',*,*,#1199,.F.);
#802=ORIENTED_EDGE('',*,*,#1045,.F.);
#803=ORIENTED_EDGE('',*,*,#1200,.F.);
#804=ORIENTED_EDGE('',*,*,#1170,.F.);
#805=ORIENTED_EDGE('',*,*,#1200,.T.);
#806=ORIENTED_EDGE('',*,*,#1044,.F.);
#807=ORIENTED_EDGE('',*,*,#1201,.F.);
#808=ORIENTED_EDGE('',*,*,#1172,.F.);
#809=ORIENTED_EDGE('',*,*,#947,.T.);
#810=ORIENTED_EDGE('',*,*,#1199,.T.);
#811=ORIENTED_EDGE('',*,*,#1175,.F.);
#812=ORIENTED_EDGE('',*,*,#1202,.F.);
#813=ORIENTED_EDGE('',*,*,#1046,.F.);
#814=ORIENTED_EDGE('',*,*,#1201,.T.);
#815=ORIENTED_EDGE('',*,*,#1043,.F.);
#816=ORIENTED_EDGE('',*,*,#1203,.F.);
#817=ORIENTED_EDGE('',*,*,#1176,.F.);
#818=ORIENTED_EDGE('',*,*,#1202,.T.);
#819=ORIENTED_EDGE('',*,*,#1179,.F.);
#820=ORIENTED_EDGE('',*,*,#1204,.F.);
#821=ORIENTED_EDGE('',*,*,#1047,.F.);
#822=ORIENTED_EDGE('',*,*,#1203,.T.);
#823=ORIENTED_EDGE('',*,*,#1042,.F.);
#824=ORIENTED_EDGE('',*,*,#1205,.F.);
#825=ORIENTED_EDGE('',*,*,#1180,.F.);
#826=ORIENTED_EDGE('',*,*,#1204,.T.);
#827=ORIENTED_EDGE('',*,*,#1183,.F.);
#828=ORIENTED_EDGE('',*,*,#1206,.F.);
#829=ORIENTED_EDGE('',*,*,#1048,.F.);
#830=ORIENTED_EDGE('',*,*,#1205,.T.);
#831=ORIENTED_EDGE('',*,*,#1041,.F.);
#832=ORIENTED_EDGE('',*,*,#1207,.F.);
#833=ORIENTED_EDGE('',*,*,#1184,.F.);
#834=ORIENTED_EDGE('',*,*,#1206,.T.);
#835=ORIENTED_EDGE('',*,*,#1187,.F.);
#836=ORIENTED_EDGE('',*,*,#1208,.F.);
#837=ORIENTED_EDGE('',*,*,#1039,.F.);
#838=ORIENTED_EDGE('',*,*,#1207,.T.);
#839=ORIENTED_EDGE('',*,*,#1040,.F.);
#840=ORIENTED_EDGE('',*,*,#1208,.T.);
#841=ORIENTED_EDGE('',*,*,#1188,.F.);
#842=ORIENTED_EDGE('',*,*,#1209,.F.);
#843=ORIENTED_EDGE('',*,*,#1026,.F.);
#844=ORIENTED_EDGE('',*,*,#1210,.F.);
#845=ORIENTED_EDGE('',*,*,#1154,.F.);
#846=ORIENTED_EDGE('',*,*,#1210,.T.);
#847=ORIENTED_EDGE('',*,*,#1025,.F.);
#848=ORIENTED_EDGE('',*,*,#1211,.F.);
#849=ORIENTED_EDGE('',*,*,#1156,.F.);
#850=ORIENTED_EDGE('',*,*,#1209,.T.);
#851=ORIENTED_EDGE('',*,*,#1159,.F.);
#852=ORIENTED_EDGE('',*,*,#1212,.F.);
#853=ORIENTED_EDGE('',*,*,#1027,.F.);
#854=ORIENTED_EDGE('',*,*,#1211,.T.);
#855=ORIENTED_EDGE('',*,*,#1024,.F.);
#856=ORIENTED_EDGE('',*,*,#1213,.F.);
#857=ORIENTED_EDGE('',*,*,#1160,.F.);
#858=ORIENTED_EDGE('',*,*,#1212,.T.);
#859=ORIENTED_EDGE('',*,*,#1163,.F.);
#860=ORIENTED_EDGE('',*,*,#1214,.F.);
#861=ORIENTED_EDGE('',*,*,#1028,.F.);
#862=ORIENTED_EDGE('',*,*,#1213,.T.);
#863=ORIENTED_EDGE('',*,*,#1023,.F.);
#864=ORIENTED_EDGE('',*,*,#1215,.F.);
#865=ORIENTED_EDGE('',*,*,#1164,.F.);
#866=ORIENTED_EDGE('',*,*,#1214,.T.);
#867=ORIENTED_EDGE('',*,*,#1167,.F.);
#868=ORIENTED_EDGE('',*,*,#1216,.F.);
#869=ORIENTED_EDGE('',*,*,#1021,.F.);
#870=ORIENTED_EDGE('',*,*,#1215,.T.);
#871=ORIENTED_EDGE('',*,*,#1022,.F.);
#872=ORIENTED_EDGE('',*,*,#1216,.T.);
#873=ORIENTED_EDGE('',*,*,#1168,.F.);
#874=ORIENTED_EDGE('',*,*,#1108,.F.);
#875=ORIENTED_EDGE('',*,*,#1076,.F.);
#876=ORIENTED_EDGE('',*,*,#1217,.F.);
#877=ORIENTED_EDGE('',*,*,#1218,.F.);
#878=ORIENTED_EDGE('',*,*,#1103,.F.);
#879=ORIENTED_EDGE('',*,*,#1217,.T.);
#880=ORIENTED_EDGE('',*,*,#1110,.F.);
#881=ORIENTED_EDGE('',*,*,#1219,.F.);
#882=ORIENTED_EDGE('',*,*,#1220,.F.);
#883=ORIENTED_EDGE('',*,*,#1218,.T.);
#884=ORIENTED_EDGE('',*,*,#1221,.F.);
#885=ORIENTED_EDGE('',*,*,#1051,.F.);
#886=ORIENTED_EDGE('',*,*,#1221,.T.);
#887=ORIENTED_EDGE('',*,*,#1219,.T.);
#888=ORIENTED_EDGE('',*,*,#1222,.F.);
#889=ORIENTED_EDGE('',*,*,#1052,.F.);
#890=ORIENTED_EDGE('',*,*,#1220,.T.);
#891=ORIENTED_EDGE('',*,*,#1050,.F.);
#892=ORIENTED_EDGE('',*,*,#1223,.F.);
#893=ORIENTED_EDGE('',*,*,#1104,.F.);
#894=ORIENTED_EDGE('',*,*,#1222,.T.);
#895=ORIENTED_EDGE('',*,*,#1109,.F.);
#896=ORIENTED_EDGE('',*,*,#1224,.F.);
#897=ORIENTED_EDGE('',*,*,#1053,.F.);
#898=ORIENTED_EDGE('',*,*,#1223,.T.);
#899=ORIENTED_EDGE('',*,*,#1049,.F.);
#900=ORIENTED_EDGE('',*,*,#1224,.T.);
#901=ORIENTED_EDGE('',*,*,#1106,.F.);
#902=ORIENTED_EDGE('',*,*,#1225,.F.);
#903=ORIENTED_EDGE('',*,*,#1132,.F.);
#904=ORIENTED_EDGE('',*,*,#1226,.F.);
#905=ORIENTED_EDGE('',*,*,#1060,.F.);
#906=ORIENTED_EDGE('',*,*,#1226,.T.);
#907=ORIENTED_EDGE('',*,*,#1135,.F.);
#908=ORIENTED_EDGE('',*,*,#1227,.F.);
#909=ORIENTED_EDGE('',*,*,#1061,.F.);
#910=ORIENTED_EDGE('',*,*,#1225,.T.);
#911=ORIENTED_EDGE('',*,*,#1059,.F.);
#912=ORIENTED_EDGE('',*,*,#1228,.F.);
#913=ORIENTED_EDGE('',*,*,#1136,.F.);
#914=ORIENTED_EDGE('',*,*,#1227,.T.);
#915=ORIENTED_EDGE('',*,*,#1139,.F.);
#916=ORIENTED_EDGE('',*,*,#1229,.F.);
#917=ORIENTED_EDGE('',*,*,#1062,.F.);
#918=ORIENTED_EDGE('',*,*,#1228,.T.);
#919=ORIENTED_EDGE('',*,*,#1058,.F.);
#920=ORIENTED_EDGE('',*,*,#1230,.F.);
#921=ORIENTED_EDGE('',*,*,#1140,.F.);
#922=ORIENTED_EDGE('',*,*,#1229,.T.);
#923=ORIENTED_EDGE('',*,*,#1143,.F.);
#924=ORIENTED_EDGE('',*,*,#1231,.F.);
#925=ORIENTED_EDGE('',*,*,#1063,.F.);
#926=ORIENTED_EDGE('',*,*,#1230,.T.);
#927=ORIENTED_EDGE('',*,*,#1057,.F.);
#928=ORIENTED_EDGE('',*,*,#1232,.F.);
#929=ORIENTED_EDGE('',*,*,#1144,.F.);
#930=ORIENTED_EDGE('',*,*,#1231,.T.);
#931=ORIENTED_EDGE('',*,*,#1147,.F.);
#932=ORIENTED_EDGE('',*,*,#1233,.F.);
#933=ORIENTED_EDGE('',*,*,#1064,.F.);
#934=ORIENTED_EDGE('',*,*,#1232,.T.);
#935=ORIENTED_EDGE('',*,*,#1056,.F.);
#936=ORIENTED_EDGE('',*,*,#1234,.F.);
#937=ORIENTED_EDGE('',*,*,#1148,.F.);
#938=ORIENTED_EDGE('',*,*,#1233,.T.);
#939=ORIENTED_EDGE('',*,*,#1151,.F.);
#940=ORIENTED_EDGE('',*,*,#1235,.F.);
#941=ORIENTED_EDGE('',*,*,#1054,.F.);
#942=ORIENTED_EDGE('',*,*,#1234,.T.);
#943=ORIENTED_EDGE('',*,*,#1055,.F.);
#944=ORIENTED_EDGE('',*,*,#1235,.T.);
#945=ORIENTED_EDGE('',*,*,#1152,.F.);
#946=EDGE_CURVE('',#1236,#1237,#1414,.T.);
#947=EDGE_CURVE('',#1237,#1236,$,.T.);
#948=EDGE_CURVE('',#1238,#1239,#203,.T.);
#949=EDGE_CURVE('',#1239,#1240,#204,.T.);
#950=EDGE_CURVE('',#1240,#1241,#205,.T.);
#951=EDGE_CURVE('',#1241,#1242,#206,.T.);
#952=EDGE_CURVE('',#1242,#1243,#207,.T.);
#953=EDGE_CURVE('',#1243,#1244,#208,.T.);
#954=EDGE_CURVE('',#1244,#1245,#209,.T.);
#955=EDGE_CURVE('',#1245,#1246,#210,.T.);
#956=EDGE_CURVE('',#1246,#1247,#211,.T.);
#957=EDGE_CURVE('',#1247,#1248,#212,.T.);
#958=EDGE_CURVE('',#1248,#1238,#213,.T.);
#959=EDGE_CURVE('',#1249,#1250,#1415,.T.);
#960=EDGE_CURVE('',#1250,#1251,#1416,.T.);
#961=EDGE_CURVE('',#1251,#1252,#1417,.T.);
#962=EDGE_CURVE('',#1252,#1253,#1418,.T.);
#963=EDGE_CURVE('',#1253,#1254,#1419,.T.);
#964=EDGE_CURVE('',#1254,#1255,#1420,.T.);
#965=EDGE_CURVE('',#1255,#1256,#1421,.T.);
#966=EDGE_CURVE('',#1256,#1249,#1422,.T.);
#967=EDGE_CURVE('',#1257,#1258,#1423,.T.);
#968=EDGE_CURVE('',#1258,#1259,#1424,.T.);
#969=EDGE_CURVE('',#1259,#1260,#214,.T.);
#970=EDGE_CURVE('',#1260,#1261,#1425,.T.);
#971=EDGE_CURVE('',#1261,#1262,#1426,.T.);
#972=EDGE_CURVE('',#1262,#1263,#1427,.T.);
#973=EDGE_CURVE('',#1263,#1264,#1428,.T.);
#974=EDGE_CURVE('',#1264,#1265,#215,.T.);
#975=EDGE_CURVE('',#1265,#1266,#1429,.T.);
#976=EDGE_CURVE('',#1266,#1257,#1430,.T.);
#977=EDGE_CURVE('',#1267,#1268,#216,.F.);
#978=EDGE_CURVE('',#1268,#1269,#1431,.T.);
#979=EDGE_CURVE('',#1269,#1270,#217,.F.);
#980=EDGE_CURVE('',#1270,#1271,#102,.T.);
#981=EDGE_CURVE('',#1271,#1272,#218,.F.);
#982=EDGE_CURVE('',#1272,#1273,#103,.T.);
#983=EDGE_CURVE('',#1273,#1274,#219,.F.);
#984=EDGE_CURVE('',#1274,#1275,#104,.F.);
#985=EDGE_CURVE('',#1275,#1276,#220,.T.);
#986=EDGE_CURVE('',#1276,#1277,#105,.T.);
#987=EDGE_CURVE('',#1277,#1278,#221,.T.);
#988=EDGE_CURVE('',#1278,#1279,#106,.T.);
#989=EDGE_CURVE('',#1279,#1280,#222,.T.);
#990=EDGE_CURVE('',#1280,#1281,#107,.T.);
#991=EDGE_CURVE('',#1281,#1282,#223,.T.);
#992=EDGE_CURVE('',#1282,#1283,#108,.T.);
#993=EDGE_CURVE('',#1283,#1284,#224,.T.);
#994=EDGE_CURVE('',#1284,#1285,#109,.F.);
#995=EDGE_CURVE('',#1285,#1286,#225,.F.);
#996=EDGE_CURVE('',#1286,#1287,#110,.T.);
#997=EDGE_CURVE('',#1287,#1288,#226,.F.);
#998=EDGE_CURVE('',#1288,#1267,#111,.T.);
#999=EDGE_CURVE('',#1289,#1290,#227,.T.);
#1000=EDGE_CURVE('',#1290,#1291,#1432,.T.);
#1001=EDGE_CURVE('',#1291,#1292,#228,.T.);
#1002=EDGE_CURVE('',#1292,#1293,#112,.F.);
#1003=EDGE_CURVE('',#1293,#1294,#229,.T.);
#1004=EDGE_CURVE('',#1294,#1295,#113,.F.);
#1005=EDGE_CURVE('',#1295,#1296,#230,.T.);
#1006=EDGE_CURVE('',#1296,#1297,#114,.T.);
#1007=EDGE_CURVE('',#1297,#1298,#231,.F.);
#1008=EDGE_CURVE('',#1298,#1299,#115,.F.);
#1009=EDGE_CURVE('',#1299,#1300,#232,.F.);
#1010=EDGE_CURVE('',#1300,#1301,#116,.F.);
#1011=EDGE_CURVE('',#1301,#1302,#233,.F.);
#1012=EDGE_CURVE('',#1302,#1303,#117,.F.);
#1013=EDGE_CURVE('',#1303,#1304,#234,.F.);
#1014=EDGE_CURVE('',#1304,#1305,#118,.F.);
#1015=EDGE_CURVE('',#1305,#1306,#235,.F.);
#1016=EDGE_CURVE('',#1306,#1307,#119,.T.);
#1017=EDGE_CURVE('',#1307,#1308,#236,.T.);
#1018=EDGE_CURVE('',#1308,#1309,#120,.F.);
#1019=EDGE_CURVE('',#1309,#1310,#237,.T.);
#1020=EDGE_CURVE('',#1310,#1289,#121,.F.);
#1021=EDGE_CURVE('',#1311,#1312,#1433,.T.);
#1022=EDGE_CURVE('',#1312,#1313,#1434,.T.);
#1023=EDGE_CURVE('',#1313,#1314,#1435,.T.);
#1024=EDGE_CURVE('',#1314,#1315,#1436,.T.);
#1025=EDGE_CURVE('',#1315,#1316,#1437,.T.);
#1026=EDGE_CURVE('',#1316,#1317,#1438,.T.);
#1027=EDGE_CURVE('',#1317,#1318,#1439,.T.);
#1028=EDGE_CURVE('',#1318,#1311,#1440,.T.);
#1029=EDGE_CURVE('',#1319,#1320,#238,.T.);
#1030=EDGE_CURVE('',#1320,#1321,#1441,.T.);
#1031=EDGE_CURVE('',#1321,#1322,#1442,.T.);
#1032=EDGE_CURVE('',#1322,#1323,#1443,.T.);
#1033=EDGE_CURVE('',#1323,#1324,#1444,.T.);
#1034=EDGE_CURVE('',#1324,#1325,#239,.T.);
#1035=EDGE_CURVE('',#1325,#1326,#1445,.T.);
#1036=EDGE_CURVE('',#1326,#1327,#1446,.T.);
#1037=EDGE_CURVE('',#1327,#1328,#1447,.T.);
#1038=EDGE_CURVE('',#1328,#1319,#1448,.T.);
#1039=EDGE_CURVE('',#1329,#1330,#240,.T.);
#1040=EDGE_CURVE('',#1330,#1331,#1449,.T.);
#1041=EDGE_CURVE('',#1331,#1332,#1450,.T.);
#1042=EDGE_CURVE('',#1332,#1333,#1451,.T.);
#1043=EDGE_CURVE('',#1333,#1334,#1452,.T.);
#1044=EDGE_CURVE('',#1334,#1335,#241,.T.);
#1045=EDGE_CURVE('',#1335,#1336,#1453,.T.);
#1046=EDGE_CURVE('',#1336,#1337,#1454,.T.);
#1047=EDGE_CURVE('',#1337,#1338,#1455,.T.);
#1048=EDGE_CURVE('',#1338,#1329,#1456,.T.);
#1049=EDGE_CURVE('',#1339,#1340,#242,.T.);
#1050=EDGE_CURVE('',#1340,#1341,#243,.F.);
#1051=EDGE_CURVE('',#1341,#1342,#244,.T.);
#1052=EDGE_CURVE('',#1342,#1343,#122,.F.);
#1053=EDGE_CURVE('',#1343,#1339,#245,.T.);
#1054=EDGE_CURVE('',#1344,#1345,#246,.T.);
#1055=EDGE_CURVE('',#1345,#1346,#247,.T.);
#1056=EDGE_CURVE('',#1346,#1347,#248,.T.);
#1057=EDGE_CURVE('',#1347,#1348,#249,.T.);
#1058=EDGE_CURVE('',#1348,#1349,#250,.T.);
#1059=EDGE_CURVE('',#1349,#1350,#251,.T.);
#1060=EDGE_CURVE('',#1350,#1351,#252,.T.);
#1061=EDGE_CURVE('',#1351,#1352,#253,.T.);
#1062=EDGE_CURVE('',#1352,#1353,#254,.T.);
#1063=EDGE_CURVE('',#1353,#1354,#255,.T.);
#1064=EDGE_CURVE('',#1354,#1344,#256,.T.);
#1065=EDGE_CURVE('',#1355,#1356,#1457,.T.);
#1066=EDGE_CURVE('',#1356,#1357,#1458,.T.);
#1067=EDGE_CURVE('',#1357,#1358,#257,.T.);
#1068=EDGE_CURVE('',#1358,#1359,#1459,.T.);
#1069=EDGE_CURVE('',#1359,#1360,#1460,.T.);
#1070=EDGE_CURVE('',#1360,#1361,#1461,.T.);
#1071=EDGE_CURVE('',#1361,#1362,#1462,.T.);
#1072=EDGE_CURVE('',#1362,#1363,#258,.T.);
#1073=EDGE_CURVE('',#1363,#1364,#1463,.T.);
#1074=EDGE_CURVE('',#1364,#1355,#1464,.T.);
#1075=EDGE_CURVE('',#1365,#1366,#259,.T.);
#1076=EDGE_CURVE('',#1366,#1367,#260,.T.);
#1077=EDGE_CURVE('',#1367,#1365,#261,.T.);
#1078=EDGE_CURVE('',#1280,#1301,#123,.T.);
#1079=EDGE_CURVE('',#1302,#1279,#124,.T.);
#1080=EDGE_CURVE('',#1303,#1278,#125,.T.);
#1081=EDGE_CURVE('',#1281,#1300,#126,.T.);
#1082=EDGE_CURVE('',#1304,#1277,#127,.T.);
#1083=EDGE_CURVE('',#1282,#1299,#128,.T.);
#1084=EDGE_CURVE('',#1305,#1276,#129,.T.);
#1085=EDGE_CURVE('',#1283,#1298,#130,.T.);
#1086=EDGE_CURVE('',#1306,#1275,#131,.T.);
#1087=EDGE_CURVE('',#1284,#1297,#132,.T.);
#1088=EDGE_CURVE('',#1307,#1274,#133,.T.);
#1089=EDGE_CURVE('',#1285,#1296,#134,.T.);
#1090=EDGE_CURVE('',#1308,#1273,#135,.T.);
#1091=EDGE_CURVE('',#1286,#1295,#136,.T.);
#1092=EDGE_CURVE('',#1309,#1272,#137,.T.);
#1093=EDGE_CURVE('',#1287,#1294,#138,.T.);
#1094=EDGE_CURVE('',#1310,#1271,#139,.T.);
#1095=EDGE_CURVE('',#1288,#1293,#140,.T.);
#1096=EDGE_CURVE('',#1289,#1270,#141,.T.);
#1097=EDGE_CURVE('',#1267,#1292,#142,.T.);
#1098=EDGE_CURVE('',#1368,#1269,#143,.T.);
#1099=EDGE_CURVE('',#1290,#1368,#144,.T.);
#1100=EDGE_CURVE('',#1268,#1369,#145,.T.);
#1101=EDGE_CURVE('',#1369,#1291,#146,.T.);
#1102=EDGE_CURVE('',#1368,#1369,#1465,.T.);
#1103=EDGE_CURVE('',#1370,#1371,#13,.F.);
#1104=EDGE_CURVE('',#1371,#1372,#262,.F.);
#1105=EDGE_CURVE('',#1370,#1372,#14,.T.);
#1106=EDGE_CURVE('',#1372,#1373,#263,.T.);
#1107=EDGE_CURVE('',#1365,#1373,#15,.T.);
#1108=EDGE_CURVE('',#1367,#1370,#16,.T.);
#1109=EDGE_CURVE('',#1373,#1374,#264,.T.);
#1110=EDGE_CURVE('',#1374,#1366,#147,.F.);
#1111=EDGE_CURVE('',#1375,#1361,#148,.T.);
#1112=EDGE_CURVE('',#1375,#1376,#1466,.T.);
#1113=EDGE_CURVE('',#1362,#1376,#1467,.F.);
#1114=EDGE_CURVE('',#1376,#1377,#265,.T.);
#1115=EDGE_CURVE('',#1363,#1377,#149,.T.);
#1116=EDGE_CURVE('',#1378,#1360,#150,.T.);
#1117=EDGE_CURVE('',#1378,#1375,#1468,.T.);
#1118=EDGE_CURVE('',#1377,#1379,#1469,.T.);
#1119=EDGE_CURVE('',#1364,#1379,#151,.T.);
#1120=EDGE_CURVE('',#1380,#1359,#152,.T.);
#1121=EDGE_CURVE('',#1380,#1378,#1470,.T.);
#1122=EDGE_CURVE('',#1379,#1381,#1471,.T.);
#1123=EDGE_CURVE('',#1355,#1381,#153,.T.);
#1124=EDGE_CURVE('',#1382,#1358,#154,.T.);
#1125=EDGE_CURVE('',#1382,#1380,#1472,.T.);
#1126=EDGE_CURVE('',#1381,#1383,#1473,.T.);
#1127=EDGE_CURVE('',#1356,#1383,#155,.T.);
#1128=EDGE_CURVE('',#1384,#1357,#1474,.T.);
#1129=EDGE_CURVE('',#1384,#1382,#266,.T.);
#1130=EDGE_CURVE('',#1383,#1384,#1475,.T.);
#1131=EDGE_CURVE('',#1385,#1245,#17,.F.);
#1132=EDGE_CURVE('',#1385,#1386,#267,.T.);
#1133=EDGE_CURVE('',#1246,#1386,#18,.T.);
#1134=EDGE_CURVE('',#1387,#1244,#19,.F.);
#1135=EDGE_CURVE('',#1387,#1385,#268,.T.);
#1136=EDGE_CURVE('',#1386,#1388,#269,.T.);
#1137=EDGE_CURVE('',#1247,#1388,#20,.T.);
#1138=EDGE_CURVE('',#1389,#1243,#21,.F.);
#1139=EDGE_CURVE('',#1389,#1387,#270,.T.);
#1140=EDGE_CURVE('',#1388,#1390,#271,.T.);
#1141=EDGE_CURVE('',#1248,#1390,#22,.T.);
#1142=EDGE_CURVE('',#1391,#1242,#23,.F.);
#1143=EDGE_CURVE('',#1391,#1389,#272,.T.);
#1144=EDGE_CURVE('',#1390,#1392,#273,.T.);
#1145=EDGE_CURVE('',#1238,#1392,#24,.T.);
#1146=EDGE_CURVE('',#1393,#1241,#25,.F.);
#1147=EDGE_CURVE('',#1393,#1391,#274,.T.);
#1148=EDGE_CURVE('',#1392,#1394,#275,.T.);
#1149=EDGE_CURVE('',#1239,#1394,#26,.T.);
#1150=EDGE_CURVE('',#1395,#1240,#27,.F.);
#1151=EDGE_CURVE('',#1395,#1393,#276,.T.);
#1152=EDGE_CURVE('',#1394,#1395,#277,.T.);
#1153=EDGE_CURVE('',#1396,#1254,#156,.T.);
#1154=EDGE_CURVE('',#1396,#1397,#1476,.T.);
#1155=EDGE_CURVE('',#1255,#1397,#157,.T.);
#1156=EDGE_CURVE('',#1397,#1398,#1477,.T.);
#1157=EDGE_CURVE('',#1256,#1398,#158,.T.);
#1158=EDGE_CURVE('',#1399,#1253,#159,.T.);
#1159=EDGE_CURVE('',#1399,#1396,#1478,.T.);
#1160=EDGE_CURVE('',#1398,#1400,#1479,.T.);
#1161=EDGE_CURVE('',#1249,#1400,#160,.T.);
#1162=EDGE_CURVE('',#1401,#1252,#161,.T.);
#1163=EDGE_CURVE('',#1401,#1399,#1480,.T.);
#1164=EDGE_CURVE('',#1400,#1402,#1481,.T.);
#1165=EDGE_CURVE('',#1250,#1402,#162,.T.);
#1166=EDGE_CURVE('',#1403,#1251,#163,.T.);
#1167=EDGE_CURVE('',#1403,#1401,#1482,.T.);
#1168=EDGE_CURVE('',#1402,#1403,#1483,.T.);
#1169=EDGE_CURVE('',#1404,#1263,#164,.T.);
#1170=EDGE_CURVE('',#1404,#1236,#1484,.T.);
#1171=EDGE_CURVE('',#1264,#1237,#165,.T.);
#1172=EDGE_CURVE('',#1237,#1405,#278,.T.);
#1173=EDGE_CURVE('',#1265,#1405,#166,.T.);
#1174=EDGE_CURVE('',#1406,#1262,#167,.T.);
#1175=EDGE_CURVE('',#1406,#1404,#1485,.T.);
#1176=EDGE_CURVE('',#1405,#1407,#1486,.T.);
#1177=EDGE_CURVE('',#1266,#1407,#168,.T.);
#1178=EDGE_CURVE('',#1408,#1261,#169,.T.);
#1179=EDGE_CURVE('',#1408,#1406,#1487,.T.);
#1180=EDGE_CURVE('',#1407,#1409,#1488,.T.);
#1181=EDGE_CURVE('',#1257,#1409,#170,.T.);
#1182=EDGE_CURVE('',#1410,#1260,#171,.T.);
#1183=EDGE_CURVE('',#1410,#1408,#1489,.T.);
#1184=EDGE_CURVE('',#1409,#1411,#1490,.T.);
#1185=EDGE_CURVE('',#1258,#1411,#172,.T.);
#1186=EDGE_CURVE('',#1412,#1259,#173,.F.);
#1187=EDGE_CURVE('',#1412,#1410,#279,.T.);
#1188=EDGE_CURVE('',#1411,#1412,#1491,.T.);
#1189=EDGE_CURVE('',#1326,#1375,#174,.T.);
#1190=EDGE_CURVE('',#1376,#1325,#1492,.T.);
#1191=EDGE_CURVE('',#1377,#1324,#175,.T.);
#1192=EDGE_CURVE('',#1327,#1378,#176,.T.);
#1193=EDGE_CURVE('',#1379,#1323,#177,.T.);
#1194=EDGE_CURVE('',#1328,#1380,#178,.T.);
#1195=EDGE_CURVE('',#1381,#1322,#179,.T.);
#1196=EDGE_CURVE('',#1319,#1382,#180,.T.);
#1197=EDGE_CURVE('',#1383,#1321,#181,.T.);
#1198=EDGE_CURVE('',#1320,#1384,#1493,.F.);
#1199=EDGE_CURVE('',#1336,#1404,#182,.T.);
#1200=EDGE_CURVE('',#1236,#1335,#1494,.T.);
#1201=EDGE_CURVE('',#1405,#1334,#183,.T.);
#1202=EDGE_CURVE('',#1337,#1406,#184,.T.);
#1203=EDGE_CURVE('',#1407,#1333,#185,.T.);
#1204=EDGE_CURVE('',#1338,#1408,#186,.T.);
#1205=EDGE_CURVE('',#1409,#1332,#187,.T.);
#1206=EDGE_CURVE('',#1329,#1410,#188,.T.);
#1207=EDGE_CURVE('',#1411,#1331,#189,.T.);
#1208=EDGE_CURVE('',#1330,#1412,#190,.T.);
#1209=EDGE_CURVE('',#1317,#1396,#191,.T.);
#1210=EDGE_CURVE('',#1397,#1316,#192,.T.);
#1211=EDGE_CURVE('',#1398,#1315,#193,.T.);
#1212=EDGE_CURVE('',#1318,#1399,#194,.T.);
#1213=EDGE_CURVE('',#1400,#1314,#195,.T.);
#1214=EDGE_CURVE('',#1311,#1401,#196,.T.);
#1215=EDGE_CURVE('',#1402,#1313,#197,.T.);
#1216=EDGE_CURVE('',#1312,#1403,#198,.T.);
#1217=EDGE_CURVE('',#1413,#1366,#199,.T.);
#1218=EDGE_CURVE('',#1371,#1413,#280,.F.);
#1219=EDGE_CURVE('',#1413,#1374,#200,.T.);
#1220=EDGE_CURVE('',#1371,#1341,#28,.T.);
#1221=EDGE_CURVE('',#1342,#1413,#201,.T.);
#1222=EDGE_CURVE('',#1343,#1374,#202,.F.);
#1223=EDGE_CURVE('',#1372,#1340,#29,.F.);
#1224=EDGE_CURVE('',#1339,#1373,#30,.T.);
#1225=EDGE_CURVE('',#1386,#1350,#31,.F.);
#1226=EDGE_CURVE('',#1351,#1385,#32,.T.);
#1227=EDGE_CURVE('',#1352,#1387,#33,.T.);
#1228=EDGE_CURVE('',#1388,#1349,#34,.F.);
#1229=EDGE_CURVE('',#1353,#1389,#35,.T.);
#1230=EDGE_CURVE('',#1390,#1348,#36,.F.);
#1231=EDGE_CURVE('',#1354,#1391,#37,.T.);
#1232=EDGE_CURVE('',#1392,#1347,#38,.F.);
#1233=EDGE_CURVE('',#1344,#1393,#39,.T.);
#1234=EDGE_CURVE('',#1394,#1346,#40,.F.);
#1235=EDGE_CURVE('',#1345,#1395,#41,.T.);
#1236=VERTEX_POINT('',#2617);
#1237=VERTEX_POINT('',#2618);
#1238=VERTEX_POINT('',#2621);
#1239=VERTEX_POINT('',#2622);
#1240=VERTEX_POINT('',#2624);
#1241=VERTEX_POINT('',#2626);
#1242=VERTEX_POINT('',#2628);
#1243=VERTEX_POINT('',#2630);
#1244=VERTEX_POINT('',#2632);
#1245=VERTEX_POINT('',#2634);
#1246=VERTEX_POINT('',#2636);
#1247=VERTEX_POINT('',#2638);
#1248=VERTEX_POINT('',#2640);
#1249=VERTEX_POINT('',#2646);
#1250=VERTEX_POINT('',#2647);
#1251=VERTEX_POINT('',#2652);
#1252=VERTEX_POINT('',#2657);
#1253=VERTEX_POINT('',#2662);
#1254=VERTEX_POINT('',#2667);
#1255=VERTEX_POINT('',#2672);
#1256=VERTEX_POINT('',#2677);
#1257=VERTEX_POINT('',#2686);
#1258=VERTEX_POINT('',#2687);
#1259=VERTEX_POINT('',#2692);
#1260=VERTEX_POINT('',#2694);
#1261=VERTEX_POINT('',#2699);
#1262=VERTEX_POINT('',#2704);
#1263=VERTEX_POINT('',#2709);
#1264=VERTEX_POINT('',#2714);
#1265=VERTEX_POINT('',#2716);
#1266=VERTEX_POINT('',#2721);
#1267=VERTEX_POINT('',#2727);
#1268=VERTEX_POINT('',#2728);
#1269=VERTEX_POINT('',#2740);
#1270=VERTEX_POINT('',#2742);
#1271=VERTEX_POINT('',#2744);
#1272=VERTEX_POINT('',#2746);
#1273=VERTEX_POINT('',#2748);
#1274=VERTEX_POINT('',#2750);
#1275=VERTEX_POINT('',#2752);
#1276=VERTEX_POINT('',#2754);
#1277=VERTEX_POINT('',#2756);
#1278=VERTEX_POINT('',#2758);
#1279=VERTEX_POINT('',#2760);
#1280=VERTEX_POINT('',#2762);
#1281=VERTEX_POINT('',#2764);
#1282=VERTEX_POINT('',#2766);
#1283=VERTEX_POINT('',#2768);
#1284=VERTEX_POINT('',#2770);
#1285=VERTEX_POINT('',#2772);
#1286=VERTEX_POINT('',#2774);
#1287=VERTEX_POINT('',#2776);
#1288=VERTEX_POINT('',#2778);
#1289=VERTEX_POINT('',#2782);
#1290=VERTEX_POINT('',#2783);
#1291=VERTEX_POINT('',#2795);
#1292=VERTEX_POINT('',#2797);
#1293=VERTEX_POINT('',#2799);
#1294=VERTEX_POINT('',#2801);
#1295=VERTEX_POINT('',#2803);
#1296=VERTEX_POINT('',#2805);
#1297=VERTEX_POINT('',#2807);
#1298=VERTEX_POINT('',#2809);
#1299=VERTEX_POINT('',#2811);
#1300=VERTEX_POINT('',#2813);
#1301=VERTEX_POINT('',#2815);
#1302=VERTEX_POINT('',#2817);
#1303=VERTEX_POINT('',#2819);
#1304=VERTEX_POINT('',#2821);
#1305=VERTEX_POINT('',#2823);
#1306=VERTEX_POINT('',#2825);
#1307=VERTEX_POINT('',#2827);
#1308=VERTEX_POINT('',#2829);
#1309=VERTEX_POINT('',#2831);
#1310=VERTEX_POINT('',#2833);
#1311=VERTEX_POINT('',#2840);
#1312=VERTEX_POINT('',#2841);
#1313=VERTEX_POINT('',#2846);
#1314=VERTEX_POINT('',#2851);
#1315=VERTEX_POINT('',#2856);
#1316=VERTEX_POINT('',#2861);
#1317=VERTEX_POINT('',#2866);
#1318=VERTEX_POINT('',#2871);
#1319=VERTEX_POINT('',#2878);
#1320=VERTEX_POINT('',#2879);
#1321=VERTEX_POINT('',#2884);
#1322=VERTEX_POINT('',#2889);
#1323=VERTEX_POINT('',#2894);
#1324=VERTEX_POINT('',#2899);
#1325=VERTEX_POINT('',#2901);
#1326=VERTEX_POINT('',#2906);
#1327=VERTEX_POINT('',#2911);
#1328=VERTEX_POINT('',#2916);
#1329=VERTEX_POINT('',#2922);
#1330=VERTEX_POINT('',#2923);
#1331=VERTEX_POINT('',#2928);
#1332=VERTEX_POINT('',#2933);
#1333=VERTEX_POINT('',#2938);
#1334=VERTEX_POINT('',#2943);
#1335=VERTEX_POINT('',#2945);
#1336=VERTEX_POINT('',#2950);
#1337=VERTEX_POINT('',#2955);
#1338=VERTEX_POINT('',#2960);
#1339=VERTEX_POINT('',#2967);
#1340=VERTEX_POINT('',#2968);
#1341=VERTEX_POINT('',#2970);
#1342=VERTEX_POINT('',#2972);
#1343=VERTEX_POINT('',#2974);
#1344=VERTEX_POINT('',#2977);
#1345=VERTEX_POINT('',#2978);
#1346=VERTEX_POINT('',#2980);
#1347=VERTEX_POINT('',#2982);
#1348=VERTEX_POINT('',#2984);
#1349=VERTEX_POINT('',#2986);
#1350=VERTEX_POINT('',#2988);
#1351=VERTEX_POINT('',#2990);
#1352=VERTEX_POINT('',#2992);
#1353=VERTEX_POINT('',#2994);
#1354=VERTEX_POINT('',#2996);
#1355=VERTEX_POINT('',#3003);
#1356=VERTEX_POINT('',#3004);
#1357=VERTEX_POINT('',#3009);
#1358=VERTEX_POINT('',#3011);
#1359=VERTEX_POINT('',#3016);
#1360=VERTEX_POINT('',#3021);
#1361=VERTEX_POINT('',#3026);
#1362=VERTEX_POINT('',#3031);
#1363=VERTEX_POINT('',#3033);
#1364=VERTEX_POINT('',#3038);
#1365=VERTEX_POINT('',#3045);
#1366=VERTEX_POINT('',#3046);
#1367=VERTEX_POINT('',#3048);
#1368=VERTEX_POINT('',#3091);
#1369=VERTEX_POINT('',#3095);
#1370=VERTEX_POINT('',#3176);
#1371=VERTEX_POINT('',#3177);
#1372=VERTEX_POINT('',#3179);
#1373=VERTEX_POINT('',#3183);
#1374=VERTEX_POINT('',#3188);
#1375=VERTEX_POINT('',#3206);
#1376=VERTEX_POINT('',#3211);
#1377=VERTEX_POINT('',#3218);
#1378=VERTEX_POINT('',#3236);
#1379=VERTEX_POINT('',#3260);
#1380=VERTEX_POINT('',#3278);
#1381=VERTEX_POINT('',#3302);
#1382=VERTEX_POINT('',#3320);
#1383=VERTEX_POINT('',#3344);
#1384=VERTEX_POINT('',#3351);
#1385=VERTEX_POINT('',#3374);
#1386=VERTEX_POINT('',#3376);
#1387=VERTEX_POINT('',#3380);
#1388=VERTEX_POINT('',#3384);
#1389=VERTEX_POINT('',#3388);
#1390=VERTEX_POINT('',#3392);
#1391=VERTEX_POINT('',#3396);
#1392=VERTEX_POINT('',#3400);
#1393=VERTEX_POINT('',#3404);
#1394=VERTEX_POINT('',#3408);
#1395=VERTEX_POINT('',#3412);
#1396=VERTEX_POINT('',#3429);
#1397=VERTEX_POINT('',#3434);
#1398=VERTEX_POINT('',#3452);
#1399=VERTEX_POINT('',#3467);
#1400=VERTEX_POINT('',#3488);
#1401=VERTEX_POINT('',#3503);
#1402=VERTEX_POINT('',#3524);
#1403=VERTEX_POINT('',#3539);
#1404=VERTEX_POINT('',#3576);
#1405=VERTEX_POINT('',#3584);
#1406=VERTEX_POINT('',#3599);
#1407=VERTEX_POINT('',#3620);
#1408=VERTEX_POINT('',#3635);
#1409=VERTEX_POINT('',#3656);
#1410=VERTEX_POINT('',#3671);
#1411=VERTEX_POINT('',#3692);
#1412=VERTEX_POINT('',#3696);
#1413=VERTEX_POINT('',#4057);
#1414=B_SPLINE_CURVE_WITH_KNOTS('',3,(#2613,#2614,#2615,#2616),
 .UNSPECIFIED.,.F.,.F.,(4,4),(0.00138876853601947,0.00138889961977413),
 .UNSPECIFIED.);
#1415=B_SPLINE_CURVE_WITH_KNOTS('',3,(#2642,#2643,#2644,#2645),
 .UNSPECIFIED.,.F.,.F.,(4,4),(0.,0.000517167589722159),.UNSPECIFIED.);
#1416=B_SPLINE_CURVE_WITH_KNOTS('',3,(#2648,#2649,#2650,#2651),
 .UNSPECIFIED.,.F.,.F.,(4,4),(4.33680868994202E-19,0.000520561514776841),
 .UNSPECIFIED.);
#1417=B_SPLINE_CURVE_WITH_KNOTS('',3,(#2653,#2654,#2655,#2656),
 .UNSPECIFIED.,.F.,.F.,(4,4),(0.,0.000524675681467059),.UNSPECIFIED.);
#1418=B_SPLINE_CURVE_WITH_KNOTS('',3,(#2658,#2659,#2660,#2661),
 .UNSPECIFIED.,.F.,.F.,(4,4),(0.,0.000516549682478353),.UNSPECIFIED.);
#1419=B_SPLINE_CURVE_WITH_KNOTS('',3,(#2663,#2664,#2665,#2666),
 .UNSPECIFIED.,.F.,.F.,(4,4),(0.,0.000519740556046373),.UNSPECIFIED.);
#1420=B_SPLINE_CURVE_WITH_KNOTS('',3,(#2668,#2669,#2670,#2671),
 .UNSPECIFIED.,.F.,.F.,(4,4),(4.33680868994202E-19,0.000524718746978636),
 .UNSPECIFIED.);
#1421=B_SPLINE_CURVE_WITH_KNOTS('',3,(#2673,#2674,#2675,#2676),
 .UNSPECIFIED.,.F.,.F.,(4,4),(0.,0.000521698977786003),.UNSPECIFIED.);
#1422=B_SPLINE_CURVE_WITH_KNOTS('',3,(#2678,#2679,#2680,#2681),
 .UNSPECIFIED.,.F.,.F.,(4,4),(0.,0.000519217497100359),.UNSPECIFIED.);
#1423=B_SPLINE_CURVE_WITH_KNOTS('',3,(#2682,#2683,#2684,#2685),
 .UNSPECIFIED.,.F.,.F.,(4,4),(0.,0.00135091134125941),.UNSPECIFIED.);
#1424=B_SPLINE_CURVE_WITH_KNOTS('',3,(#2688,#2689,#2690,#2691),
 .UNSPECIFIED.,.F.,.F.,(4,4),(0.,0.00150428653066694),.UNSPECIFIED.);
#1425=B_SPLINE_CURVE_WITH_KNOTS('',3,(#2695,#2696,#2697,#2698),
 .UNSPECIFIED.,.F.,.F.,(4,4),(0.,0.00154036797795231),.UNSPECIFIED.);
#1426=B_SPLINE_CURVE_WITH_KNOTS('',3,(#2700,#2701,#2702,#2703),
 .UNSPECIFIED.,.F.,.F.,(4,4),(0.,0.00136445337066809),.UNSPECIFIED.);
#1427=B_SPLINE_CURVE_WITH_KNOTS('',3,(#2705,#2706,#2707,#2708),
 .UNSPECIFIED.,.F.,.F.,(4,4),(0.,0.00135237416128567),.UNSPECIFIED.);
#1428=B_SPLINE_CURVE_WITH_KNOTS('',3,(#2710,#2711,#2712,#2713),
 .UNSPECIFIED.,.F.,.F.,(4,4),(0.,0.00150722936006612),.UNSPECIFIED.);
#1429=B_SPLINE_CURVE_WITH_KNOTS('',3,(#2717,#2718,#2719,#2720),
 .UNSPECIFIED.,.F.,.F.,(4,4),(0.,0.00154881181940279),.UNSPECIFIED.);
#1430=B_SPLINE_CURVE_WITH_KNOTS('',3,(#2722,#2723,#2724,#2725),
 .UNSPECIFIED.,.F.,.F.,(4,4),(0.,0.00135428775976407),.UNSPECIFIED.);
#1431=B_SPLINE_CURVE_WITH_KNOTS('',3,(#2729,#2730,#2731,#2732,#2733,#2734,
#2735,#2736,#2737,#2738,#2739),.UNSPECIFIED.,.F.,.F.,(4,1,1,1,1,1,1,1,4),
(0.,0.00255589898167699,0.00511179796335397,0.00766769694503096,0.0102235959267079,
0.0127794949083849,0.0153353938900619,0.0178912928717389,0.0204471918534159),
 .UNSPECIFIED.);
#1432=B_SPLINE_CURVE_WITH_KNOTS('',3,(#2784,#2785,#2786,#2787,#2788,#2789,
#2790,#2791,#2792,#2793,#2794),.UNSPECIFIED.,.F.,.F.,(4,1,1,1,1,1,1,1,4),
(0.,0.002555898981677,0.005111797963354,0.007667696945031,0.010223595926708,
0.012779494908385,0.015335393890062,0.017891292871739,0.020447191853416),
 .UNSPECIFIED.);
#1433=B_SPLINE_CURVE_WITH_KNOTS('',3,(#2836,#2837,#2838,#2839),
 .UNSPECIFIED.,.F.,.F.,(4,4),(0.,0.000237445914767383),.UNSPECIFIED.);
#1434=B_SPLINE_CURVE_WITH_KNOTS('',3,(#2842,#2843,#2844,#2845),
 .UNSPECIFIED.,.F.,.F.,(4,4),(0.,0.00023421489297194),.UNSPECIFIED.);
#1435=B_SPLINE_CURVE_WITH_KNOTS('',3,(#2847,#2848,#2849,#2850),
 .UNSPECIFIED.,.F.,.F.,(4,4),(0.,0.000256224714035454),.UNSPECIFIED.);
#1436=B_SPLINE_CURVE_WITH_KNOTS('',3,(#2852,#2853,#2854,#2855),
 .UNSPECIFIED.,.F.,.F.,(4,4),(0.,0.000260355720590671),.UNSPECIFIED.);
#1437=B_SPLINE_CURVE_WITH_KNOTS('',3,(#2857,#2858,#2859,#2860),
 .UNSPECIFIED.,.F.,.F.,(4,4),(0.,0.00023311633017789),.UNSPECIFIED.);
#1438=B_SPLINE_CURVE_WITH_KNOTS('',3,(#2862,#2863,#2864,#2865),
 .UNSPECIFIED.,.F.,.F.,(4,4),(0.,0.000238488276514012),.UNSPECIFIED.);
#1439=B_SPLINE_CURVE_WITH_KNOTS('',3,(#2867,#2868,#2869,#2870),
 .UNSPECIFIED.,.F.,.F.,(4,4),(0.,0.000258675482831499),.UNSPECIFIED.);
#1440=B_SPLINE_CURVE_WITH_KNOTS('',3,(#2872,#2873,#2874,#2875),
 .UNSPECIFIED.,.F.,.F.,(4,4),(0.,0.000256684483450881),.UNSPECIFIED.);
#1441=B_SPLINE_CURVE_WITH_KNOTS('',3,(#2880,#2881,#2882,#2883),
 .UNSPECIFIED.,.F.,.F.,(4,4),(0.,0.000826238747333533),.UNSPECIFIED.);
#1442=B_SPLINE_CURVE_WITH_KNOTS('',3,(#2885,#2886,#2887,#2888),
 .UNSPECIFIED.,.F.,.F.,(4,4),(0.,0.000679410878963941),.UNSPECIFIED.);
#1443=B_SPLINE_CURVE_WITH_KNOTS('',3,(#2890,#2891,#2892,#2893),
 .UNSPECIFIED.,.F.,.F.,(4,4),(0.,0.00069074017076305),.UNSPECIFIED.);
#1444=B_SPLINE_CURVE_WITH_KNOTS('',3,(#2895,#2896,#2897,#2898),
 .UNSPECIFIED.,.F.,.F.,(4,4),(0.,0.000855229795583078),.UNSPECIFIED.);
#1445=B_SPLINE_CURVE_WITH_KNOTS('',3,(#2902,#2903,#2904,#2905),
 .UNSPECIFIED.,.F.,.F.,(4,4),(0.,0.000812513125474274),.UNSPECIFIED.);
#1446=B_SPLINE_CURVE_WITH_KNOTS('',3,(#2907,#2908,#2909,#2910),
 .UNSPECIFIED.,.F.,.F.,(4,4),(0.,0.000658582828030682),.UNSPECIFIED.);
#1447=B_SPLINE_CURVE_WITH_KNOTS('',3,(#2912,#2913,#2914,#2915),
 .UNSPECIFIED.,.F.,.F.,(4,4),(0.,0.000675808557430757),.UNSPECIFIED.);
#1448=B_SPLINE_CURVE_WITH_KNOTS('',3,(#2917,#2918,#2919,#2920),
 .UNSPECIFIED.,.F.,.F.,(4,4),(0.,0.000858605385193312),.UNSPECIFIED.);
#1449=B_SPLINE_CURVE_WITH_KNOTS('',3,(#2924,#2925,#2926,#2927),
 .UNSPECIFIED.,.F.,.F.,(4,4),(1.05606501047553E-9,0.00126739368609669),
 .UNSPECIFIED.);
#1450=B_SPLINE_CURVE_WITH_KNOTS('',3,(#2929,#2930,#2931,#2932),
 .UNSPECIFIED.,.F.,.F.,(4,4),(0.,0.00104633971785354),.UNSPECIFIED.);
#1451=B_SPLINE_CURVE_WITH_KNOTS('',3,(#2934,#2935,#2936,#2937),
 .UNSPECIFIED.,.F.,.F.,(4,4),(0.,0.00104644580032748),.UNSPECIFIED.);
#1452=B_SPLINE_CURVE_WITH_KNOTS('',3,(#2939,#2940,#2941,#2942),
 .UNSPECIFIED.,.F.,.F.,(4,4),(0.,0.00130811064164279),.UNSPECIFIED.);
#1453=B_SPLINE_CURVE_WITH_KNOTS('',3,(#2946,#2947,#2948,#2949),
 .UNSPECIFIED.,.F.,.F.,(4,4),(0.,0.00127934884703481),.UNSPECIFIED.);
#1454=B_SPLINE_CURVE_WITH_KNOTS('',3,(#2951,#2952,#2953,#2954),
 .UNSPECIFIED.,.F.,.F.,(4,4),(0.,0.00104727787196672),.UNSPECIFIED.);
#1455=B_SPLINE_CURVE_WITH_KNOTS('',3,(#2956,#2957,#2958,#2959),
 .UNSPECIFIED.,.F.,.F.,(4,4),(0.,0.00105205937837743),.UNSPECIFIED.);
#1456=B_SPLINE_CURVE_WITH_KNOTS('',3,(#2961,#2962,#2963,#2964),
 .UNSPECIFIED.,.F.,.F.,(4,4),(0.,0.00130489020974796),.UNSPECIFIED.);
#1457=B_SPLINE_CURVE_WITH_KNOTS('',3,(#2999,#3000,#3001,#3002),
 .UNSPECIFIED.,.F.,.F.,(4,4),(0.,0.000314797971330015),.UNSPECIFIED.);
#1458=B_SPLINE_CURVE_WITH_KNOTS('',3,(#3005,#3006,#3007,#3008),
 .UNSPECIFIED.,.F.,.F.,(4,4),(0.,0.000649819388549348),.UNSPECIFIED.);
#1459=B_SPLINE_CURVE_WITH_KNOTS('',3,(#3012,#3013,#3014,#3015),
 .UNSPECIFIED.,.F.,.F.,(4,4),(0.,0.0006729372944398),.UNSPECIFIED.);
#1460=B_SPLINE_CURVE_WITH_KNOTS('',3,(#3017,#3018,#3019,#3020),
 .UNSPECIFIED.,.F.,.F.,(4,4),(0.,0.000323691154515167),.UNSPECIFIED.);
#1461=B_SPLINE_CURVE_WITH_KNOTS('',3,(#3022,#3023,#3024,#3025),
 .UNSPECIFIED.,.F.,.F.,(4,4),(0.,0.000306341844078965),.UNSPECIFIED.);
#1462=B_SPLINE_CURVE_WITH_KNOTS('',3,(#3027,#3028,#3029,#3030),
 .UNSPECIFIED.,.F.,.F.,(4,4),(0.,0.000619945119444906),.UNSPECIFIED.);
#1463=B_SPLINE_CURVE_WITH_KNOTS('',3,(#3034,#3035,#3036,#3037),
 .UNSPECIFIED.,.F.,.F.,(4,4),(0.,0.000680857533493996),.UNSPECIFIED.);
#1464=B_SPLINE_CURVE_WITH_KNOTS('',3,(#3039,#3040,#3041,#3042),
 .UNSPECIFIED.,.F.,.F.,(4,4),(0.,0.000327244340069915),.UNSPECIFIED.);
#1465=B_SPLINE_CURVE_WITH_KNOTS('',3,(#3130,#3131,#3132,#3133,#3134,#3135,
#3136,#3137,#3138,#3139,#3140),.UNSPECIFIED.,.F.,.F.,(4,1,1,1,1,1,1,1,4),
(0.,0.00249883048964948,0.00499766097929896,0.00749649146894845,0.00999532195859793,
0.0124941524482474,0.0149929829378969,0.0174918134275464,0.0199906439171959),
 .UNSPECIFIED.);
#1466=B_SPLINE_CURVE_WITH_KNOTS('',3,(#3207,#3208,#3209,#3210),
 .UNSPECIFIED.,.F.,.F.,(4,4),(0.,0.000713717038190423),.UNSPECIFIED.);
#1467=B_SPLINE_CURVE_WITH_KNOTS('',3,(#3212,#3213,#3214,#3215),
 .UNSPECIFIED.,.F.,.F.,(4,4),(0.00010424061027445,0.000312575560666171),
 .UNSPECIFIED.);
#1468=B_SPLINE_CURVE_WITH_KNOTS('',3,(#3237,#3238,#3239,#3240),
 .UNSPECIFIED.,.F.,.F.,(4,4),(0.,0.000488476098712813),.UNSPECIFIED.);
#1469=B_SPLINE_CURVE_WITH_KNOTS('',3,(#3256,#3257,#3258,#3259),
 .UNSPECIFIED.,.F.,.F.,(4,4),(0.,0.000767706603735946),.UNSPECIFIED.);
#1470=B_SPLINE_CURVE_WITH_KNOTS('',3,(#3279,#3280,#3281,#3282),
 .UNSPECIFIED.,.F.,.F.,(4,4),(2.16840434497101E-18,0.000500003405554169),
 .UNSPECIFIED.);
#1471=B_SPLINE_CURVE_WITH_KNOTS('',3,(#3298,#3299,#3300,#3301),
 .UNSPECIFIED.,.F.,.F.,(4,4),(1.30104260698261E-18,0.000516972132950512),
 .UNSPECIFIED.);
#1472=B_SPLINE_CURVE_WITH_KNOTS('',3,(#3321,#3322,#3323,#3324),
 .UNSPECIFIED.,.F.,.F.,(4,4),(0.,0.000764391949369374),.UNSPECIFIED.);
#1473=B_SPLINE_CURVE_WITH_KNOTS('',3,(#3340,#3341,#3342,#3343),
 .UNSPECIFIED.,.F.,.F.,(4,4),(0.,0.000502677019152722),.UNSPECIFIED.);
#1474=B_SPLINE_CURVE_WITH_KNOTS('',3,(#3347,#3348,#3349,#3350),
 .UNSPECIFIED.,.F.,.F.,(4,4),(0.000104240416631736,0.000312622765007917),
 .UNSPECIFIED.);
#1475=B_SPLINE_CURVE_WITH_KNOTS('',3,(#3368,#3369,#3370,#3371),
 .UNSPECIFIED.,.F.,.F.,(4,4),(4.33680868994202E-19,0.000737046608867295),
 .UNSPECIFIED.);
#1476=B_SPLINE_CURVE_WITH_KNOTS('',3,(#3430,#3431,#3432,#3433),
 .UNSPECIFIED.,.F.,.F.,(4,4),(2.11419423634673E-18,0.000384529063585367),
 .UNSPECIFIED.);
#1477=B_SPLINE_CURVE_WITH_KNOTS('',3,(#3448,#3449,#3450,#3451),
 .UNSPECIFIED.,.F.,.F.,(4,4),(0.,0.000380414088750593),.UNSPECIFIED.);
#1478=B_SPLINE_CURVE_WITH_KNOTS('',3,(#3468,#3469,#3470,#3471),
 .UNSPECIFIED.,.F.,.F.,(4,4),(0.,0.000392319035318388),.UNSPECIFIED.);
#1479=B_SPLINE_CURVE_WITH_KNOTS('',3,(#3484,#3485,#3486,#3487),
 .UNSPECIFIED.,.F.,.F.,(4,4),(1.78893358460108E-18,0.000393067283191696),
 .UNSPECIFIED.);
#1480=B_SPLINE_CURVE_WITH_KNOTS('',3,(#3504,#3505,#3506,#3507),
 .UNSPECIFIED.,.F.,.F.,(4,4),(1.68051336735253E-18,0.000390688792306151),
 .UNSPECIFIED.);
#1481=B_SPLINE_CURVE_WITH_KNOTS('',3,(#3520,#3521,#3522,#3523),
 .UNSPECIFIED.,.F.,.F.,(4,4),(0.,0.000389846060065214),.UNSPECIFIED.);
#1482=B_SPLINE_CURVE_WITH_KNOTS('',3,(#3540,#3541,#3542,#3543),
 .UNSPECIFIED.,.F.,.F.,(4,4),(0.,0.000384121052590264),.UNSPECIFIED.);
#1483=B_SPLINE_CURVE_WITH_KNOTS('',3,(#3556,#3557,#3558,#3559),
 .UNSPECIFIED.,.F.,.F.,(4,4),(1.40946282423116E-18,0.000380292091278013),
 .UNSPECIFIED.);
#1484=B_SPLINE_CURVE_WITH_KNOTS('',3,(#3577,#3578,#3579,#3580),
 .UNSPECIFIED.,.F.,.F.,(4,4),(1.30104260698261E-18,0.00138876853601947),
 .UNSPECIFIED.);
#1485=B_SPLINE_CURVE_WITH_KNOTS('',3,(#3600,#3601,#3602,#3603),
 .UNSPECIFIED.,.F.,.F.,(4,4),(0.,0.00120832877174873),.UNSPECIFIED.);
#1486=B_SPLINE_CURVE_WITH_KNOTS('',3,(#3616,#3617,#3618,#3619),
 .UNSPECIFIED.,.F.,.F.,(4,4),(0.,0.00143149050399311),.UNSPECIFIED.);
#1487=B_SPLINE_CURVE_WITH_KNOTS('',3,(#3636,#3637,#3638,#3639),
 .UNSPECIFIED.,.F.,.F.,(4,4),(2.38524477946811E-18,0.00122297776045599),
 .UNSPECIFIED.);
#1488=B_SPLINE_CURVE_WITH_KNOTS('',3,(#3652,#3653,#3654,#3655),
 .UNSPECIFIED.,.F.,.F.,(4,4),(2.60208521396521E-18,0.00121563882428715),
 .UNSPECIFIED.);
#1489=B_SPLINE_CURVE_WITH_KNOTS('',3,(#3672,#3673,#3674,#3675),
 .UNSPECIFIED.,.F.,.F.,(4,4),(0.,0.00142615052499461),.UNSPECIFIED.);
#1490=B_SPLINE_CURVE_WITH_KNOTS('',3,(#3688,#3689,#3690,#3691),
 .UNSPECIFIED.,.F.,.F.,(4,4),(0.,0.00120712926701946),.UNSPECIFIED.);
#1491=B_SPLINE_CURVE_WITH_KNOTS('',3,(#3710,#3711,#3712,#3713),
 .UNSPECIFIED.,.F.,.F.,(4,4),(1.0842021724855E-18,0.00137946791860337),
 .UNSPECIFIED.);
#1492=B_SPLINE_CURVE_WITH_KNOTS('',3,(#3727,#3728,#3729,#3730),
 .UNSPECIFIED.,.F.,.F.,(4,4),(0.,0.000208350765449262),.UNSPECIFIED.);
#1493=B_SPLINE_CURVE_WITH_KNOTS('',3,(#3812,#3813,#3814,#3815),
 .UNSPECIFIED.,.F.,.F.,(4,4),(0.,0.000208329863136219),.UNSPECIFIED.);
#1494=B_SPLINE_CURVE_WITH_KNOTS('',3,(#3841,#3842,#3843,#3844),
 .UNSPECIFIED.,.F.,.F.,(4,4),(1.89153560881568E-9,0.000208330238311141),
 .UNSPECIFIED.);
#1495=EDGE_LOOP('',(#366,#367));
#1496=EDGE_LOOP('',(#368,#369,#370,#371,#372,#373,#374,#375,#376,#377,#378));
#1497=EDGE_LOOP('',(#379,#380,#381,#382,#383,#384,#385,#386));
#1498=EDGE_LOOP('',(#387,#388,#389,#390,#391,#392,#393,#394,#395,#396));
#1499=EDGE_LOOP('',(#397,#398,#399,#400,#401,#402,#403,#404,#405,#406,#407,
#408,#409,#410,#411,#412,#413,#414,#415,#416,#417,#418));
#1500=EDGE_LOOP('',(#419,#420,#421,#422,#423,#424,#425,#426,#427,#428,#429,
#430,#431,#432,#433,#434,#435,#436,#437,#438,#439,#440));
#1501=EDGE_LOOP('',(#441,#442,#443,#444,#445,#446,#447,#448));
#1502=EDGE_LOOP('',(#449,#450,#451,#452,#453,#454,#455,#456,#457,#458));
#1503=EDGE_LOOP('',(#459,#460,#461,#462,#463,#464,#465,#466,#467,#468));
#1504=EDGE_LOOP('',(#469,#470,#471,#472,#473));
#1505=EDGE_LOOP('',(#474,#475,#476,#477,#478,#479,#480,#481,#482,#483,#484));
#1506=EDGE_LOOP('',(#485,#486,#487,#488,#489,#490,#491,#492,#493,#494));
#1507=EDGE_LOOP('',(#495,#496,#497));
#1508=EDGE_LOOP('',(#498,#499,#500,#501));
#1509=EDGE_LOOP('',(#502,#503,#504,#505));
#1510=EDGE_LOOP('',(#506,#507,#508,#509));
#1511=EDGE_LOOP('',(#510,#511,#512,#513));
#1512=EDGE_LOOP('',(#514,#515,#516,#517));
#1513=EDGE_LOOP('',(#518,#519,#520,#521));
#1514=EDGE_LOOP('',(#522,#523,#524,#525));
#1515=EDGE_LOOP('',(#526,#527,#528,#529));
#1516=EDGE_LOOP('',(#530,#531,#532,#533));
#1517=EDGE_LOOP('',(#534,#535,#536,#537));
#1518=EDGE_LOOP('',(#538,#539,#540,#541));
#1519=EDGE_LOOP('',(#542,#543,#544,#545));
#1520=EDGE_LOOP('',(#546,#547,#548,#549));
#1521=EDGE_LOOP('',(#550,#551,#552,#553));
#1522=EDGE_LOOP('',(#554,#555,#556,#557));
#1523=EDGE_LOOP('',(#558,#559,#560,#561));
#1524=EDGE_LOOP('',(#562,#563,#564,#565));
#1525=EDGE_LOOP('',(#566,#567,#568,#569));
#1526=EDGE_LOOP('',(#570,#571,#572,#573));
#1527=EDGE_LOOP('',(#574,#575,#576,#577,#578));
#1528=EDGE_LOOP('',(#579,#580,#581,#582,#583));
#1529=EDGE_LOOP('',(#584,#585,#586,#587));
#1530=EDGE_LOOP('',(#588,#589,#590,#591));
#1531=EDGE_LOOP('',(#592,#593,#594));
#1532=EDGE_LOOP('',(#595,#596,#597,#598,#599));
#1533=EDGE_LOOP('',(#600,#601,#602,#603));
#1534=EDGE_LOOP('',(#604,#605,#606,#607));
#1535=EDGE_LOOP('',(#608,#609,#610,#611));
#1536=EDGE_LOOP('',(#612,#613,#614,#615));
#1537=EDGE_LOOP('',(#616,#617,#618,#619));
#1538=EDGE_LOOP('',(#620,#621,#622,#623));
#1539=EDGE_LOOP('',(#624,#625,#626,#627));
#1540=EDGE_LOOP('',(#628,#629,#630,#631));
#1541=EDGE_LOOP('',(#632,#633,#634,#635));
#1542=EDGE_LOOP('',(#636,#637,#638,#639));
#1543=EDGE_LOOP('',(#640,#641,#642,#643));
#1544=EDGE_LOOP('',(#644,#645,#646,#647));
#1545=EDGE_LOOP('',(#648,#649,#650,#651));
#1546=EDGE_LOOP('',(#652,#653,#654,#655));
#1547=EDGE_LOOP('',(#656,#657,#658,#659));
#1548=EDGE_LOOP('',(#660,#661,#662,#663));
#1549=EDGE_LOOP('',(#664,#665,#666,#667));
#1550=EDGE_LOOP('',(#668,#669,#670,#671));
#1551=EDGE_LOOP('',(#672,#673,#674,#675));
#1552=EDGE_LOOP('',(#676,#677,#678,#679));
#1553=EDGE_LOOP('',(#680,#681,#682,#683));
#1554=EDGE_LOOP('',(#684,#685,#686,#687));
#1555=EDGE_LOOP('',(#688,#689,#690,#691));
#1556=EDGE_LOOP('',(#692,#693,#694,#695));
#1557=EDGE_LOOP('',(#696,#697,#698,#699));
#1558=EDGE_LOOP('',(#700,#701,#702,#703));
#1559=EDGE_LOOP('',(#704,#705,#706,#707));
#1560=EDGE_LOOP('',(#708,#709,#710,#711));
#1561=EDGE_LOOP('',(#712,#713,#714,#715));
#1562=EDGE_LOOP('',(#716,#717,#718,#719));
#1563=EDGE_LOOP('',(#720,#721,#722,#723,#724));
#1564=EDGE_LOOP('',(#725,#726,#727,#728));
#1565=EDGE_LOOP('',(#729,#730,#731,#732));
#1566=EDGE_LOOP('',(#733,#734,#735,#736));
#1567=EDGE_LOOP('',(#737,#738,#739,#740));
#1568=EDGE_LOOP('',(#741,#742,#743,#744));
#1569=EDGE_LOOP('',(#745,#746,#747,#748));
#1570=EDGE_LOOP('',(#749,#750,#751,#752));
#1571=EDGE_LOOP('',(#753,#754,#755,#756));
#1572=EDGE_LOOP('',(#757,#758,#759,#760));
#1573=EDGE_LOOP('',(#761,#762,#763,#764));
#1574=EDGE_LOOP('',(#765,#766,#767,#768));
#1575=EDGE_LOOP('',(#769,#770,#771,#772));
#1576=EDGE_LOOP('',(#773,#774,#775,#776));
#1577=EDGE_LOOP('',(#777,#778,#779,#780));
#1578=EDGE_LOOP('',(#781,#782,#783,#784));
#1579=EDGE_LOOP('',(#785,#786,#787,#788));
#1580=EDGE_LOOP('',(#789,#790,#791,#792));
#1581=EDGE_LOOP('',(#793,#794,#795,#796));
#1582=EDGE_LOOP('',(#797,#798,#799,#800));
#1583=EDGE_LOOP('',(#801,#802,#803,#804));
#1584=EDGE_LOOP('',(#805,#806,#807,#808,#809));
#1585=EDGE_LOOP('',(#810,#811,#812,#813));
#1586=EDGE_LOOP('',(#814,#815,#816,#817));
#1587=EDGE_LOOP('',(#818,#819,#820,#821));
#1588=EDGE_LOOP('',(#822,#823,#824,#825));
#1589=EDGE_LOOP('',(#826,#827,#828,#829));
#1590=EDGE_LOOP('',(#830,#831,#832,#833));
#1591=EDGE_LOOP('',(#834,#835,#836,#837));
#1592=EDGE_LOOP('',(#838,#839,#840,#841));
#1593=EDGE_LOOP('',(#842,#843,#844,#845));
#1594=EDGE_LOOP('',(#846,#847,#848,#849));
#1595=EDGE_LOOP('',(#850,#851,#852,#853));
#1596=EDGE_LOOP('',(#854,#855,#856,#857));
#1597=EDGE_LOOP('',(#858,#859,#860,#861));
#1598=EDGE_LOOP('',(#862,#863,#864,#865));
#1599=EDGE_LOOP('',(#866,#867,#868,#869));
#1600=EDGE_LOOP('',(#870,#871,#872,#873));
#1601=EDGE_LOOP('',(#874,#875,#876,#877,#878));
#1602=EDGE_LOOP('',(#879,#880,#881));
#1603=EDGE_LOOP('',(#882,#883,#884,#885));
#1604=EDGE_LOOP('',(#886,#887,#888,#889));
#1605=EDGE_LOOP('',(#890,#891,#892,#893));
#1606=EDGE_LOOP('',(#894,#895,#896,#897));
#1607=EDGE_LOOP('',(#898,#899,#900,#901));
#1608=EDGE_LOOP('',(#902,#903,#904,#905));
#1609=EDGE_LOOP('',(#906,#907,#908,#909));
#1610=EDGE_LOOP('',(#910,#911,#912,#913));
#1611=EDGE_LOOP('',(#914,#915,#916,#917));
#1612=EDGE_LOOP('',(#918,#919,#920,#921));
#1613=EDGE_LOOP('',(#922,#923,#924,#925));
#1614=EDGE_LOOP('',(#926,#927,#928,#929));
#1615=EDGE_LOOP('',(#930,#931,#932,#933));
#1616=EDGE_LOOP('',(#934,#935,#936,#937));
#1617=EDGE_LOOP('',(#938,#939,#940,#941));
#1618=EDGE_LOOP('',(#942,#943,#944,#945));
#1619=FACE_BOUND('',#1495,.T.);
#1620=FACE_BOUND('',#1496,.T.);
#1621=FACE_BOUND('',#1497,.T.);
#1622=FACE_BOUND('',#1498,.T.);
#1623=FACE_BOUND('',#1499,.T.);
#1624=FACE_BOUND('',#1500,.T.);
#1625=FACE_BOUND('',#1501,.T.);
#1626=FACE_BOUND('',#1502,.T.);
#1627=FACE_BOUND('',#1503,.T.);
#1628=FACE_BOUND('',#1504,.T.);
#1629=FACE_BOUND('',#1505,.T.);
#1630=FACE_BOUND('',#1506,.T.);
#1631=FACE_BOUND('',#1507,.T.);
#1632=FACE_BOUND('',#1508,.T.);
#1633=FACE_BOUND('',#1509,.T.);
#1634=FACE_BOUND('',#1510,.T.);
#1635=FACE_BOUND('',#1511,.T.);
#1636=FACE_BOUND('',#1512,.T.);
#1637=FACE_BOUND('',#1513,.T.);
#1638=FACE_BOUND('',#1514,.T.);
#1639=FACE_BOUND('',#1515,.T.);
#1640=FACE_BOUND('',#1516,.T.);
#1641=FACE_BOUND('',#1517,.T.);
#1642=FACE_BOUND('',#1518,.T.);
#1643=FACE_BOUND('',#1519,.T.);
#1644=FACE_BOUND('',#1520,.T.);
#1645=FACE_BOUND('',#1521,.T.);
#1646=FACE_BOUND('',#1522,.T.);
#1647=FACE_BOUND('',#1523,.T.);
#1648=FACE_BOUND('',#1524,.T.);
#1649=FACE_BOUND('',#1525,.T.);
#1650=FACE_BOUND('',#1526,.T.);
#1651=FACE_BOUND('',#1527,.T.);
#1652=FACE_BOUND('',#1528,.T.);
#1653=FACE_BOUND('',#1529,.T.);
#1654=FACE_BOUND('',#1530,.T.);
#1655=FACE_BOUND('',#1531,.T.);
#1656=FACE_BOUND('',#1532,.T.);
#1657=FACE_BOUND('',#1533,.T.);
#1658=FACE_BOUND('',#1534,.T.);
#1659=FACE_BOUND('',#1535,.T.);
#1660=FACE_BOUND('',#1536,.T.);
#1661=FACE_BOUND('',#1537,.T.);
#1662=FACE_BOUND('',#1538,.T.);
#1663=FACE_BOUND('',#1539,.T.);
#1664=FACE_BOUND('',#1540,.T.);
#1665=FACE_BOUND('',#1541,.T.);
#1666=FACE_BOUND('',#1542,.T.);
#1667=FACE_BOUND('',#1543,.T.);
#1668=FACE_BOUND('',#1544,.T.);
#1669=FACE_BOUND('',#1545,.T.);
#1670=FACE_BOUND('',#1546,.T.);
#1671=FACE_BOUND('',#1547,.T.);
#1672=FACE_BOUND('',#1548,.T.);
#1673=FACE_BOUND('',#1549,.T.);
#1674=FACE_BOUND('',#1550,.T.);
#1675=FACE_BOUND('',#1551,.T.);
#1676=FACE_BOUND('',#1552,.T.);
#1677=FACE_BOUND('',#1553,.T.);
#1678=FACE_BOUND('',#1554,.T.);
#1679=FACE_BOUND('',#1555,.T.);
#1680=FACE_BOUND('',#1556,.T.);
#1681=FACE_BOUND('',#1557,.T.);
#1682=FACE_BOUND('',#1558,.T.);
#1683=FACE_BOUND('',#1559,.T.);
#1684=FACE_BOUND('',#1560,.T.);
#1685=FACE_BOUND('',#1561,.T.);
#1686=FACE_BOUND('',#1562,.T.);
#1687=FACE_BOUND('',#1563,.T.);
#1688=FACE_BOUND('',#1564,.T.);
#1689=FACE_BOUND('',#1565,.T.);
#1690=FACE_BOUND('',#1566,.T.);
#1691=FACE_BOUND('',#1567,.T.);
#1692=FACE_BOUND('',#1568,.T.);
#1693=FACE_BOUND('',#1569,.T.);
#1694=FACE_BOUND('',#1570,.T.);
#1695=FACE_BOUND('',#1571,.T.);
#1696=FACE_BOUND('',#1572,.T.);
#1697=FACE_BOUND('',#1573,.T.);
#1698=FACE_BOUND('',#1574,.T.);
#1699=FACE_BOUND('',#1575,.T.);
#1700=FACE_BOUND('',#1576,.T.);
#1701=FACE_BOUND('',#1577,.T.);
#1702=FACE_BOUND('',#1578,.T.);
#1703=FACE_BOUND('',#1579,.T.);
#1704=FACE_BOUND('',#1580,.T.);
#1705=FACE_BOUND('',#1581,.T.);
#1706=FACE_BOUND('',#1582,.T.);
#1707=FACE_BOUND('',#1583,.T.);
#1708=FACE_BOUND('',#1584,.T.);
#1709=FACE_BOUND('',#1585,.T.);
#1710=FACE_BOUND('',#1586,.T.);
#1711=FACE_BOUND('',#1587,.T.);
#1712=FACE_BOUND('',#1588,.T.);
#1713=FACE_BOUND('',#1589,.T.);
#1714=FACE_BOUND('',#1590,.T.);
#1715=FACE_BOUND('',#1591,.T.);
#1716=FACE_BOUND('',#1592,.T.);
#1717=FACE_BOUND('',#1593,.T.);
#1718=FACE_BOUND('',#1594,.T.);
#1719=FACE_BOUND('',#1595,.T.);
#1720=FACE_BOUND('',#1596,.T.);
#1721=FACE_BOUND('',#1597,.T.);
#1722=FACE_BOUND('',#1598,.T.);
#1723=FACE_BOUND('',#1599,.T.);
#1724=FACE_BOUND('',#1600,.T.);
#1725=FACE_BOUND('',#1601,.T.);
#1726=FACE_BOUND('',#1602,.T.);
#1727=FACE_BOUND('',#1603,.T.);
#1728=FACE_BOUND('',#1604,.T.);
#1729=FACE_BOUND('',#1605,.T.);
#1730=FACE_BOUND('',#1606,.T.);
#1731=FACE_BOUND('',#1607,.T.);
#1732=FACE_BOUND('',#1608,.T.);
#1733=FACE_BOUND('',#1609,.T.);
#1734=FACE_BOUND('',#1610,.T.);
#1735=FACE_BOUND('',#1611,.T.);
#1736=FACE_BOUND('',#1612,.T.);
#1737=FACE_BOUND('',#1613,.T.);
#1738=FACE_BOUND('',#1614,.T.);
#1739=FACE_BOUND('',#1615,.T.);
#1740=FACE_BOUND('',#1616,.T.);
#1741=FACE_BOUND('',#1617,.T.);
#1742=FACE_BOUND('',#1618,.T.);
#1743=(
BOUNDED_SURFACE()
B_SPLINE_SURFACE(3,2,((#2601,#2602,#2603),(#2604,#2605,#2606),(#2607,#2608,
#2609),(#2610,#2611,#2612)),.UNSPECIFIED.,.F.,.F.,.F.)
B_SPLINE_SURFACE_WITH_KNOTS((4,4),(3,3),(0.00127306306458393,0.00127519587658264),
(0.,0.00433012698052951),.PIECEWISE_BEZIER_KNOTS.)
GEOMETRIC_REPRESENTATION_ITEM()
RATIONAL_B_SPLINE_SURFACE(((1.,0.999419872986221,0.998844770019712),(1.,
0.999419872986221,0.998844770019712),(1.,0.999419872986221,0.998844770019712),
(1.,0.999419872986221,0.998844770019712)))
REPRESENTATION_ITEM('')
SURFACE()
);
#1744=(
BOUNDED_SURFACE()
B_SPLINE_SURFACE(3,2,((#3097,#3098,#3099),(#3100,#3101,#3102),(#3103,#3104,
#3105),(#3106,#3107,#3108),(#3109,#3110,#3111),(#3112,#3113,#3114),(#3115,
#3116,#3117),(#3118,#3119,#3120),(#3121,#3122,#3123),(#3124,#3125,#3126),
(#3127,#3128,#3129)),.UNSPECIFIED.,.F.,.F.,.F.)
B_SPLINE_SURFACE_WITH_KNOTS((4,1,1,1,1,1,1,1,4),(3,3),(1.26309553094561E-16,
0.00255589898167714,0.00511179796335416,0.00766769694503118,0.0102235959267082,
0.0127794949083852,0.0153353938900622,0.0178912928717392,0.0204471918534163),
(0.,1.),.UNSPECIFIED.)
GEOMETRIC_REPRESENTATION_ITEM()
RATIONAL_B_SPLINE_SURFACE(((1.,0.707106781186549,1.),(1.,0.707106781186549,
1.),(1.,0.707106781186536,1.),(1.,0.707106781186585,1.),(1.,0.707106781186538,
1.),(1.,0.70710678118655,1.),(1.,0.707106781186549,1.),(1.,0.707106781186541,
1.),(1.,0.707106781186574,1.),(1.,0.707106781186549,1.),(1.,0.707106781186549,
1.)))
REPRESENTATION_ITEM('')
SURFACE()
);
#1745=(
BOUNDED_SURFACE()
B_SPLINE_SURFACE(3,2,((#3141,#3142,#3143),(#3144,#3145,#3146),(#3147,#3148,
#3149),(#3150,#3151,#3152),(#3153,#3154,#3155),(#3156,#3157,#3158),(#3159,
#3160,#3161),(#3162,#3163,#3164),(#3165,#3166,#3167),(#3168,#3169,#3170),
(#3171,#3172,#3173)),.UNSPECIFIED.,.F.,.F.,.F.)
B_SPLINE_SURFACE_WITH_KNOTS((4,1,1,1,1,1,1,1,4),(3,3),(1.18394877235417E-16,
0.00255589898167713,0.00511179796335414,0.00766769694503115,0.0102235959267082,
0.0127794949083852,0.0153353938900622,0.0178912928717392,0.0204471918534162),
(0.,1.),.UNSPECIFIED.)
GEOMETRIC_REPRESENTATION_ITEM()
RATIONAL_B_SPLINE_SURFACE(((1.,0.707106781186647,1.),(1.,0.707106781186647,
1.),(1.,0.707106781186463,1.),(1.,0.707106781186605,1.),(1.,0.707106781186532,
1.),(1.,0.707106781186552,1.),(1.,0.707106781186543,1.),(1.,0.70710678118656,
1.),(1.,0.707106781186501,1.),(1.,0.707106781186647,1.),(1.,0.707106781186647,
1.)))
REPRESENTATION_ITEM('')
SURFACE()
);
#1746=(
BOUNDED_SURFACE()
B_SPLINE_SURFACE(3,2,((#3190,#3191,#3192),(#3193,#3194,#3195),(#3196,#3197,
#3198),(#3199,#3200,#3201),(#3202,#3203,#3204)),.UNSPECIFIED.,.F.,.F.,.F.)
B_SPLINE_SURFACE_WITH_KNOTS((4,1,4),(3,3),(-4.63225378194432E-17,0.000312575131443295,
0.000625150262886637),(0.341081377401903,1.),.UNSPECIFIED.)
GEOMETRIC_REPRESENTATION_ITEM()
RATIONAL_B_SPLINE_SURFACE(((0.868347502412643,0.807007203691117,1.),(0.868347502412643,
0.807007203691117,1.),(0.868347502412643,0.807007203691117,1.),(0.868347502412643,
0.807007203691117,1.),(0.868347502412643,0.807007203691117,1.)))
REPRESENTATION_ITEM('')
SURFACE()
);
#1747=(
BOUNDED_SURFACE()
B_SPLINE_SURFACE(3,2,((#3220,#3221,#3222),(#3223,#3224,#3225),(#3226,#3227,
#3228),(#3229,#3230,#3231),(#3232,#3233,#3234)),.UNSPECIFIED.,.F.,.F.,.F.)
B_SPLINE_SURFACE_WITH_KNOTS((4,1,4),(3,3),(-5.42101086242752E-19,0.000153170922039514,
0.000306341844079029),(0.341081377401745,1.),.UNSPECIFIED.)
GEOMETRIC_REPRESENTATION_ITEM()
RATIONAL_B_SPLINE_SURFACE(((0.868347502412672,0.807007203691071,1.),(0.868347502412672,
0.807007203691071,1.),(0.868347502412672,0.807007203691071,1.),(0.868347502412672,
0.807007203691071,1.),(0.868347502412672,0.807007203691071,1.)))
REPRESENTATION_ITEM('')
SURFACE()
);
#1748=(
BOUNDED_SURFACE()
B_SPLINE_SURFACE(3,2,((#3241,#3242,#3243),(#3244,#3245,#3246),(#3247,#3248,
#3249),(#3250,#3251,#3252),(#3253,#3254,#3255)),.UNSPECIFIED.,.F.,.F.,.F.)
B_SPLINE_SURFACE_WITH_KNOTS((4,1,4),(3,3),(0.,0.000340428766747011,0.000680857533494022),
(0.341081377402119,1.),.UNSPECIFIED.)
GEOMETRIC_REPRESENTATION_ITEM()
RATIONAL_B_SPLINE_SURFACE(((0.868347502412602,0.80700720369118,1.),(0.868347502412602,
0.80700720369118,1.),(0.868347502412605,0.807007203691185,1.),(0.868347502412602,
0.80700720369118,1.),(0.868347502412602,0.80700720369118,1.)))
REPRESENTATION_ITEM('')
SURFACE()
);
#1749=(
BOUNDED_SURFACE()
B_SPLINE_SURFACE(3,2,((#3262,#3263,#3264),(#3265,#3266,#3267),(#3268,#3269,
#3270),(#3271,#3272,#3273),(#3274,#3275,#3276)),.UNSPECIFIED.,.F.,.F.,.F.)
B_SPLINE_SURFACE_WITH_KNOTS((4,1,4),(3,3),(0.,0.000161845577257632,0.000323691154515264),
(0.34108137740163,1.),.UNSPECIFIED.)
GEOMETRIC_REPRESENTATION_ITEM()
RATIONAL_B_SPLINE_SURFACE(((0.868347502412693,0.807007203691037,1.),(0.868347502412693,
0.807007203691037,1.),(0.868347502412693,0.807007203691037,1.),(0.868347502412693,
0.807007203691037,1.),(0.868347502412693,0.807007203691037,1.)))
REPRESENTATION_ITEM('')
SURFACE()
);
#1750=(
BOUNDED_SURFACE()
B_SPLINE_SURFACE(3,2,((#3283,#3284,#3285),(#3286,#3287,#3288),(#3289,#3290,
#3291),(#3292,#3293,#3294),(#3295,#3296,#3297)),.UNSPECIFIED.,.F.,.F.,.F.)
B_SPLINE_SURFACE_WITH_KNOTS((4,1,4),(3,3),(0.,0.000163622170035299,0.000327244340070598),
(0.341081377401895,1.),.UNSPECIFIED.)
GEOMETRIC_REPRESENTATION_ITEM()
RATIONAL_B_SPLINE_SURFACE(((0.868347502412644,0.807007203691114,1.),(0.868347502412644,
0.807007203691114,1.),(0.868347502412644,0.807007203691115,1.),(0.868347502412644,
0.807007203691114,1.),(0.868347502412644,0.807007203691114,1.)))
REPRESENTATION_ITEM('')
SURFACE()
);
#1751=(
BOUNDED_SURFACE()
B_SPLINE_SURFACE(3,2,((#3304,#3305,#3306),(#3307,#3308,#3309),(#3310,#3311,
#3312),(#3313,#3314,#3315),(#3316,#3317,#3318)),.UNSPECIFIED.,.F.,.F.,.F.)
B_SPLINE_SURFACE_WITH_KNOTS((4,1,4),(3,3),(0.,0.000336468647219872,0.000672937294439744),
(0.341081377402119,1.),.UNSPECIFIED.)
GEOMETRIC_REPRESENTATION_ITEM()
RATIONAL_B_SPLINE_SURFACE(((0.868347502412602,0.80700720369118,1.),(0.868347502412602,
0.80700720369118,1.),(0.868347502412602,0.80700720369118,1.),(0.868347502412602,
0.80700720369118,1.),(0.868347502412602,0.80700720369118,1.)))
REPRESENTATION_ITEM('')
SURFACE()
);
#1752=(
BOUNDED_SURFACE()
B_SPLINE_SURFACE(3,2,((#3325,#3326,#3327),(#3328,#3329,#3330),(#3331,#3332,
#3333),(#3334,#3335,#3336),(#3337,#3338,#3339)),.UNSPECIFIED.,.F.,.F.,.F.)
B_SPLINE_SURFACE_WITH_KNOTS((4,1,4),(3,3),(-3.03576608295941E-18,0.000157398985665048,
0.000314797971330099),(0.34108137740188,1.),.UNSPECIFIED.)
GEOMETRIC_REPRESENTATION_ITEM()
RATIONAL_B_SPLINE_SURFACE(((0.868347502412647,0.80700720369111,1.),(0.868347502412647,
0.80700720369111,1.),(0.868347502412667,0.80700720369114,1.),(0.868347502412647,
0.80700720369111,1.),(0.868347502412647,0.80700720369111,1.)))
REPRESENTATION_ITEM('')
SURFACE()
);
#1753=(
BOUNDED_SURFACE()
B_SPLINE_SURFACE(3,2,((#3353,#3354,#3355),(#3356,#3357,#3358),(#3359,#3360,
#3361),(#3362,#3363,#3364),(#3365,#3366,#3367)),.UNSPECIFIED.,.F.,.F.,.F.)
B_SPLINE_SURFACE_WITH_KNOTS((4,1,4),(3,3),(-2.15756232324615E-16,0.000327343063974493,
0.000654686127949202),(0.341081377402174,1.),.UNSPECIFIED.)
GEOMETRIC_REPRESENTATION_ITEM()
RATIONAL_B_SPLINE_SURFACE(((0.868347502412592,0.807007203691196,1.),(0.868347502412592,
0.807007203691196,1.),(0.868347502412592,0.807007203691196,1.),(0.868347502412592,
0.807007203691196,1.),(0.868347502412592,0.807007203691196,1.)))
REPRESENTATION_ITEM('')
SURFACE()
);
#1754=(
BOUNDED_SURFACE()
B_SPLINE_SURFACE(3,2,((#3416,#3417,#3418),(#3419,#3420,#3421),(#3422,#3423,
#3424),(#3425,#3426,#3427)),.UNSPECIFIED.,.F.,.F.,.F.)
B_SPLINE_SURFACE_WITH_KNOTS((4,4),(3,3),(-2.79995211044382E-17,0.000524718746978762),
(0.341081377401991,1.),.PIECEWISE_BEZIER_KNOTS.)
GEOMETRIC_REPRESENTATION_ITEM()
RATIONAL_B_SPLINE_SURFACE(((0.868347502412634,0.807007203691155,1.),(0.868347502412634,
0.807007203691155,1.),(0.868347502412626,0.807007203691143,1.),(0.868347502412626,
0.807007203691143,1.)))
REPRESENTATION_ITEM('')
SURFACE()
);
#1755=(
BOUNDED_SURFACE()
B_SPLINE_SURFACE(3,2,((#3436,#3437,#3438),(#3439,#3440,#3441),(#3442,#3443,
#3444),(#3445,#3446,#3447)),.UNSPECIFIED.,.F.,.F.,.F.)
B_SPLINE_SURFACE_WITH_KNOTS((4,4),(3,3),(-8.27517308149561E-17,0.000521698977786013),
(0.341081377402029,1.),.PIECEWISE_BEZIER_KNOTS.)
GEOMETRIC_REPRESENTATION_ITEM()
RATIONAL_B_SPLINE_SURFACE(((0.868347502412619,0.807007203691154,1.),(0.868347502412619,
0.807007203691154,1.),(0.868347502412619,0.807007203691154,1.),(0.868347502412619,
0.807007203691154,1.)))
REPRESENTATION_ITEM('')
SURFACE()
);
#1756=(
BOUNDED_SURFACE()
B_SPLINE_SURFACE(3,2,((#3454,#3455,#3456),(#3457,#3458,#3459),(#3460,#3461,
#3462),(#3463,#3464,#3465)),.UNSPECIFIED.,.F.,.F.,.F.)
B_SPLINE_SURFACE_WITH_KNOTS((4,4),(3,3),(0.,0.000519740556046407),(0.341081377402036,
1.),.PIECEWISE_BEZIER_KNOTS.)
GEOMETRIC_REPRESENTATION_ITEM()
RATIONAL_B_SPLINE_SURFACE(((0.868347502412618,0.807007203691156,1.),(0.868347502412618,
0.807007203691156,1.),(0.868347502412626,0.807007203691168,1.),(0.868347502412626,
0.807007203691168,1.)))
REPRESENTATION_ITEM('')
SURFACE()
);
#1757=(
BOUNDED_SURFACE()
B_SPLINE_SURFACE(3,2,((#3472,#3473,#3474),(#3475,#3476,#3477),(#3478,#3479,
#3480),(#3481,#3482,#3483)),.UNSPECIFIED.,.F.,.F.,.F.)
B_SPLINE_SURFACE_WITH_KNOTS((4,4),(3,3),(-3.75405002223106E-17,0.000519217497100379),
(0.341081377401984,1.),.PIECEWISE_BEZIER_KNOTS.)
GEOMETRIC_REPRESENTATION_ITEM()
RATIONAL_B_SPLINE_SURFACE(((0.868347502412627,0.807007203691141,1.),(0.868347502412627,
0.807007203691141,1.),(0.868347502412627,0.807007203691141,1.),(0.868347502412627,
0.807007203691141,1.)))
REPRESENTATION_ITEM('')
SURFACE()
);
#1758=(
BOUNDED_SURFACE()
B_SPLINE_SURFACE(3,2,((#3490,#3491,#3492),(#3493,#3494,#3495),(#3496,#3497,
#3498),(#3499,#3500,#3501)),.UNSPECIFIED.,.F.,.F.,.F.)
B_SPLINE_SURFACE_WITH_KNOTS((4,4),(3,3),(0.,0.00051654968247839),(0.341081377402073,
1.),.PIECEWISE_BEZIER_KNOTS.)
GEOMETRIC_REPRESENTATION_ITEM()
RATIONAL_B_SPLINE_SURFACE(((0.868347502412611,0.807007203691167,1.),(0.868347502412611,
0.807007203691167,1.),(0.868347502412611,0.807007203691167,1.),(0.868347502412611,
0.807007203691167,1.)))
REPRESENTATION_ITEM('')
SURFACE()
);
#1759=(
BOUNDED_SURFACE()
B_SPLINE_SURFACE(3,2,((#3508,#3509,#3510),(#3511,#3512,#3513),(#3514,#3515,
#3516),(#3517,#3518,#3519)),.UNSPECIFIED.,.F.,.F.,.F.)
B_SPLINE_SURFACE_WITH_KNOTS((4,4),(3,3),(-8.13151629364128E-20,0.000517167589722214),
(0.341081377402057,1.),.PIECEWISE_BEZIER_KNOTS.)
GEOMETRIC_REPRESENTATION_ITEM()
RATIONAL_B_SPLINE_SURFACE(((0.868347502412614,0.807007203691162,1.),(0.868347502412614,
0.807007203691162,1.),(0.868347502412614,0.807007203691162,1.),(0.868347502412614,
0.807007203691162,1.)))
REPRESENTATION_ITEM('')
SURFACE()
);
#1760=(
BOUNDED_SURFACE()
B_SPLINE_SURFACE(3,2,((#3526,#3527,#3528),(#3529,#3530,#3531),(#3532,#3533,
#3534),(#3535,#3536,#3537)),.UNSPECIFIED.,.F.,.F.,.F.)
B_SPLINE_SURFACE_WITH_KNOTS((4,4),(3,3),(-1.38235776991902E-17,0.000524675681467123),
(0.341081377401887,1.),.PIECEWISE_BEZIER_KNOTS.)
GEOMETRIC_REPRESENTATION_ITEM()
RATIONAL_B_SPLINE_SURFACE(((0.868347502412645,0.807007203691112,1.),(0.868347502412645,
0.807007203691112,1.),(0.868347502412645,0.807007203691112,1.),(0.868347502412645,
0.807007203691112,1.)))
REPRESENTATION_ITEM('')
SURFACE()
);
#1761=(
BOUNDED_SURFACE()
B_SPLINE_SURFACE(3,2,((#3544,#3545,#3546),(#3547,#3548,#3549),(#3550,#3551,
#3552),(#3553,#3554,#3555)),.UNSPECIFIED.,.F.,.F.,.F.)
B_SPLINE_SURFACE_WITH_KNOTS((4,4),(3,3),(0.,0.000520561514777041),(0.341081377401921,
1.),.PIECEWISE_BEZIER_KNOTS.)
GEOMETRIC_REPRESENTATION_ITEM()
RATIONAL_B_SPLINE_SURFACE(((0.868347502412639,0.807007203691122,1.),(0.868347502412639,
0.807007203691122,1.),(0.868347502412639,0.807007203691122,1.),(0.868347502412639,
0.807007203691122,1.)))
REPRESENTATION_ITEM('')
SURFACE()
);
#1762=(
BOUNDED_SURFACE()
B_SPLINE_SURFACE(3,2,((#3560,#3561,#3562),(#3563,#3564,#3565),(#3566,#3567,
#3568),(#3569,#3570,#3571),(#3572,#3573,#3574)),.UNSPECIFIED.,.F.,.F.,.F.)
B_SPLINE_SURFACE_WITH_KNOTS((4,1,4),(3,3),(0.,0.000758134750707255,0.00151626950141451),
(0.34108137740172,1.),.UNSPECIFIED.)
GEOMETRIC_REPRESENTATION_ITEM()
RATIONAL_B_SPLINE_SURFACE(((0.868347502412677,0.807007203691063,1.),(0.868347502412677,
0.807007203691063,1.),(0.868347502412677,0.807007203691063,1.),(0.868347502412677,
0.807007203691063,1.),(0.868347502412677,0.807007203691063,1.)))
REPRESENTATION_ITEM('')
SURFACE()
);
#1763=(
BOUNDED_SURFACE()
B_SPLINE_SURFACE(3,2,((#3586,#3587,#3588),(#3589,#3590,#3591),(#3592,#3593,
#3594),(#3595,#3596,#3597)),.UNSPECIFIED.,.F.,.F.,.F.)
B_SPLINE_SURFACE_WITH_KNOTS((4,4),(3,3),(0.,0.00135237416128574),(0.341081377401961,
1.),.PIECEWISE_BEZIER_KNOTS.)
GEOMETRIC_REPRESENTATION_ITEM()
RATIONAL_B_SPLINE_SURFACE(((0.868347502412643,0.80700720369115,1.),(0.868347502412643,
0.80700720369115,1.),(0.868347502412632,0.807007203691134,1.),(0.868347502412632,
0.807007203691134,1.)))
REPRESENTATION_ITEM('')
SURFACE()
);
#1764=(
BOUNDED_SURFACE()
B_SPLINE_SURFACE(3,2,((#3604,#3605,#3606),(#3607,#3608,#3609),(#3610,#3611,
#3612),(#3613,#3614,#3615)),.UNSPECIFIED.,.F.,.F.,.F.)
B_SPLINE_SURFACE_WITH_KNOTS((4,4),(3,3),(-2.81892564846231E-17,0.00154881181940272),
(0.341081377402018,1.),.PIECEWISE_BEZIER_KNOTS.)
GEOMETRIC_REPRESENTATION_ITEM()
RATIONAL_B_SPLINE_SURFACE(((0.868347502412621,0.807007203691151,1.),(0.868347502412621,
0.807007203691151,1.),(0.868347502412621,0.80700720369115,1.),(0.868347502412621,
0.80700720369115,1.)))
REPRESENTATION_ITEM('')
SURFACE()
);
#1765=(
BOUNDED_SURFACE()
B_SPLINE_SURFACE(3,2,((#3622,#3623,#3624),(#3625,#3626,#3627),(#3628,#3629,
#3630),(#3631,#3632,#3633)),.UNSPECIFIED.,.F.,.F.,.F.)
B_SPLINE_SURFACE_WITH_KNOTS((4,4),(3,3),(-5.39932681897781E-17,0.00136445337066817),
(0.341081377401943,1.),.PIECEWISE_BEZIER_KNOTS.)
GEOMETRIC_REPRESENTATION_ITEM()
RATIONAL_B_SPLINE_SURFACE(((0.868347502412642,0.807007203691138,1.),(0.868347502412642,
0.807007203691138,1.),(0.868347502412646,0.807007203691145,1.),(0.868347502412646,
0.807007203691145,1.)))
REPRESENTATION_ITEM('')
SURFACE()
);
#1766=(
BOUNDED_SURFACE()
B_SPLINE_SURFACE(3,2,((#3640,#3641,#3642),(#3643,#3644,#3645),(#3646,#3647,
#3648),(#3649,#3650,#3651)),.UNSPECIFIED.,.F.,.F.,.F.)
B_SPLINE_SURFACE_WITH_KNOTS((4,4),(3,3),(-7.405100838076E-17,0.00135428775976414),
(0.34108137740183,1.),.PIECEWISE_BEZIER_KNOTS.)
GEOMETRIC_REPRESENTATION_ITEM()
RATIONAL_B_SPLINE_SURFACE(((0.868347502412656,0.807007203691095,1.),(0.868347502412656,
0.807007203691095,1.),(0.868347502412656,0.807007203691096,1.),(0.868347502412656,
0.807007203691096,1.)))
REPRESENTATION_ITEM('')
SURFACE()
);
#1767=(
BOUNDED_SURFACE()
B_SPLINE_SURFACE(3,2,((#3658,#3659,#3660),(#3661,#3662,#3663),(#3664,#3665,
#3666),(#3667,#3668,#3669)),.UNSPECIFIED.,.F.,.F.,.F.)
B_SPLINE_SURFACE_WITH_KNOTS((4,4),(3,3),(0.,0.00154036797795234),(0.341081377401825,
1.),.PIECEWISE_BEZIER_KNOTS.)
GEOMETRIC_REPRESENTATION_ITEM()
RATIONAL_B_SPLINE_SURFACE(((0.868347502412657,0.807007203691094,1.),(0.868347502412657,
0.807007203691094,1.),(0.868347502412664,0.807007203691104,1.),(0.868347502412664,
0.807007203691104,1.)))
REPRESENTATION_ITEM('')
SURFACE()
);
#1768=(
BOUNDED_SURFACE()
B_SPLINE_SURFACE(3,2,((#3676,#3677,#3678),(#3679,#3680,#3681),(#3682,#3683,
#3684),(#3685,#3686,#3687)),.UNSPECIFIED.,.F.,.F.,.F.)
B_SPLINE_SURFACE_WITH_KNOTS((4,4),(3,3),(-3.36102673470506E-18,0.00135091134126033),
(0.34108137740202,1.),.PIECEWISE_BEZIER_KNOTS.)
GEOMETRIC_REPRESENTATION_ITEM()
RATIONAL_B_SPLINE_SURFACE(((0.868347502412621,0.807007203691151,1.),(0.868347502412621,
0.807007203691151,1.),(0.868347502412621,0.807007203691151,1.),(0.868347502412621,
0.807007203691151,1.)))
REPRESENTATION_ITEM('')
SURFACE()
);
#1769=(
BOUNDED_SURFACE()
B_SPLINE_SURFACE(3,2,((#3698,#3699,#3700),(#3701,#3702,#3703),(#3704,#3705,
#3706),(#3707,#3708,#3709)),.UNSPECIFIED.,.F.,.F.,.F.)
B_SPLINE_SURFACE_WITH_KNOTS((4,4),(3,3),(-1.16551733542192E-16,0.00150428653066695),
(0.341081377402097,1.),.PIECEWISE_BEZIER_KNOTS.)
GEOMETRIC_REPRESENTATION_ITEM()
RATIONAL_B_SPLINE_SURFACE(((0.868347502412606,0.807007203691174,1.),(0.868347502412606,
0.807007203691174,1.),(0.868347502412606,0.807007203691174,1.),(0.868347502412606,
0.807007203691174,1.)))
REPRESENTATION_ITEM('')
SURFACE()
);
#1770=(
BOUNDED_SURFACE()
B_SPLINE_SURFACE(3,2,((#3714,#3715,#3716),(#3717,#3718,#3719),(#3720,#3721,
#3722),(#3723,#3724,#3725)),.UNSPECIFIED.,.F.,.F.,.F.)
B_SPLINE_SURFACE_WITH_KNOTS((4,4),(3,3),(9.25908655302621E-17,0.000812556129996196),
(0.,1.),.PIECEWISE_BEZIER_KNOTS.)
GEOMETRIC_REPRESENTATION_ITEM()
RATIONAL_B_SPLINE_SURFACE(((1.,0.866025403784427,1.),(1.,0.866025403784427,
1.),(1.,0.866025403784423,1.),(1.,0.866025403784423,1.)))
REPRESENTATION_ITEM('')
SURFACE()
);
#1771=(
BOUNDED_SURFACE()
B_SPLINE_SURFACE(3,2,((#3733,#3734,#3735),(#3736,#3737,#3738),(#3739,#3740,
#3741),(#3742,#3743,#3744)),.UNSPECIFIED.,.F.,.F.,.F.)
B_SPLINE_SURFACE_WITH_KNOTS((4,4),(3,3),(-9.25366554216378E-17,0.000658582828030611),
(0.,1.),.PIECEWISE_BEZIER_KNOTS.)
GEOMETRIC_REPRESENTATION_ITEM()
RATIONAL_B_SPLINE_SURFACE(((1.,0.866025403784427,1.),(1.,0.866025403784427,
1.),(1.,0.866025403784412,1.),(1.,0.866025403784412,1.)))
REPRESENTATION_ITEM('')
SURFACE()
);
#1772=(
BOUNDED_SURFACE()
B_SPLINE_SURFACE(3,2,((#3746,#3747,#3748),(#3749,#3750,#3751),(#3752,#3753,
#3754),(#3755,#3756,#3757)),.UNSPECIFIED.,.F.,.F.,.F.)
B_SPLINE_SURFACE_WITH_KNOTS((4,4),(3,3),(1.07878116162308E-17,0.00085522979558309),
(0.,1.),.PIECEWISE_BEZIER_KNOTS.)
GEOMETRIC_REPRESENTATION_ITEM()
RATIONAL_B_SPLINE_SURFACE(((1.,0.86602540378442,1.),(1.,0.86602540378442,
1.),(1.,0.866025403784422,1.),(1.,0.866025403784423,1.)))
REPRESENTATION_ITEM('')
SURFACE()
);
#1773=(
BOUNDED_SURFACE()
B_SPLINE_SURFACE(3,2,((#3759,#3760,#3761),(#3762,#3763,#3764),(#3765,#3766,
#3767),(#3768,#3769,#3770)),.UNSPECIFIED.,.F.,.F.,.F.)
B_SPLINE_SURFACE_WITH_KNOTS((4,4),(3,3),(3.65918233213858E-19,0.000676453021460198),
(0.,1.),.PIECEWISE_BEZIER_KNOTS.)
GEOMETRIC_REPRESENTATION_ITEM()
RATIONAL_B_SPLINE_SURFACE(((1.,0.866025403784412,1.),(1.,0.866025403784413,
1.),(1.,0.86602540378442,1.),(1.,0.86602540378442,1.)))
REPRESENTATION_ITEM('')
SURFACE()
);
#1774=(
BOUNDED_SURFACE()
B_SPLINE_SURFACE(3,2,((#3772,#3773,#3774),(#3775,#3776,#3777),(#3778,#3779,
#3780),(#3781,#3782,#3783)),.UNSPECIFIED.,.F.,.F.,.F.)
B_SPLINE_SURFACE_WITH_KNOTS((4,4),(3,3),(-6.7762635780344E-20,0.00069074017076305),
(0.,1.),.PIECEWISE_BEZIER_KNOTS.)
GEOMETRIC_REPRESENTATION_ITEM()
RATIONAL_B_SPLINE_SURFACE(((1.,0.866025403784421,1.),(1.,0.866025403784421,
1.),(1.,0.866025403784422,1.),(1.,0.866025403784422,1.)))
REPRESENTATION_ITEM('')
SURFACE()
);
#1775=(
BOUNDED_SURFACE()
B_SPLINE_SURFACE(3,2,((#3785,#3786,#3787),(#3788,#3789,#3790),(#3791,#3792,
#3793),(#3794,#3795,#3796)),.UNSPECIFIED.,.F.,.F.,.F.)
B_SPLINE_SURFACE_WITH_KNOTS((4,4),(3,3),(-1.53726315531288E-16,0.000858605385193255),
(0.,1.),.PIECEWISE_BEZIER_KNOTS.)
GEOMETRIC_REPRESENTATION_ITEM()
RATIONAL_B_SPLINE_SURFACE(((1.,0.866025403784421,1.),(1.,0.866025403784421,
1.),(1.,0.866025403784423,1.),(1.,0.866025403784423,1.)))
REPRESENTATION_ITEM('')
SURFACE()
);
#1776=(
BOUNDED_SURFACE()
B_SPLINE_SURFACE(3,2,((#3798,#3799,#3800),(#3801,#3802,#3803),(#3804,#3805,
#3806),(#3807,#3808,#3809)),.UNSPECIFIED.,.F.,.F.,.F.)
B_SPLINE_SURFACE_WITH_KNOTS((4,4),(3,3),(-1.22514845490862E-17,0.00067941087896408),
(0.,1.),.PIECEWISE_BEZIER_KNOTS.)
GEOMETRIC_REPRESENTATION_ITEM()
RATIONAL_B_SPLINE_SURFACE(((1.,0.866025403784423,1.),(1.,0.866025403784423,
1.),(1.,0.866025403784421,1.),(1.,0.866025403784421,1.)))
REPRESENTATION_ITEM('')
SURFACE()
);
#1777=(
BOUNDED_SURFACE()
B_SPLINE_SURFACE(3,2,((#3816,#3817,#3818),(#3819,#3820,#3821),(#3822,#3823,
#3824),(#3825,#3826,#3827)),.UNSPECIFIED.,.F.,.F.,.F.)
B_SPLINE_SURFACE_WITH_KNOTS((4,4),(3,3),(-3.66189283756979E-17,0.000830562993155474),
(0.,1.),.PIECEWISE_BEZIER_KNOTS.)
GEOMETRIC_REPRESENTATION_ITEM()
RATIONAL_B_SPLINE_SURFACE(((1.,0.866025403784423,1.),(1.,0.866025403784423,
1.),(1.,0.866025403784423,1.),(1.,0.866025403784423,1.)))
REPRESENTATION_ITEM('')
SURFACE()
);
#1778=(
BOUNDED_SURFACE()
B_SPLINE_SURFACE(3,2,((#3828,#3829,#3830),(#3831,#3832,#3833),(#3834,#3835,
#3836),(#3837,#3838,#3839)),.UNSPECIFIED.,.F.,.F.,.F.)
B_SPLINE_SURFACE_WITH_KNOTS((4,4),(3,3),(-3.17671236538253E-17,0.00128170823511887),
(0.,1.),.PIECEWISE_BEZIER_KNOTS.)
GEOMETRIC_REPRESENTATION_ITEM()
RATIONAL_B_SPLINE_SURFACE(((1.,0.866025403784429,1.),(1.,0.866025403784429,
1.),(1.,0.866025403784422,1.),(1.,0.866025403784422,1.)))
REPRESENTATION_ITEM('')
SURFACE()
);
#1779=(
BOUNDED_SURFACE()
B_SPLINE_SURFACE(3,2,((#3847,#3848,#3849),(#3850,#3851,#3852),(#3853,#3854,
#3855),(#3856,#3857,#3858),(#3859,#3860,#3861)),.UNSPECIFIED.,.F.,.F.,.F.)
B_SPLINE_SURFACE_WITH_KNOTS((4,1,4),(3,3),(-3.19839640883224E-17,0.000523638935983378,
0.00104727787196679),(0.,1.),.UNSPECIFIED.)
GEOMETRIC_REPRESENTATION_ITEM()
RATIONAL_B_SPLINE_SURFACE(((1.,0.866025403784428,1.),(1.,0.866025403784428,
1.),(1.,0.866025403779124,1.),(1.,0.866025403784421,1.),(1.,0.866025403784421,
1.)))
REPRESENTATION_ITEM('')
SURFACE()
);
#1780=(
BOUNDED_SURFACE()
B_SPLINE_SURFACE(3,2,((#3863,#3864,#3865),(#3866,#3867,#3868),(#3869,#3870,
#3871),(#3872,#3873,#3874)),.UNSPECIFIED.,.F.,.F.,.F.)
B_SPLINE_SURFACE_WITH_KNOTS((4,4),(3,3),(8.49472402142393E-17,0.00130811064164292),
(0.,1.),.PIECEWISE_BEZIER_KNOTS.)
GEOMETRIC_REPRESENTATION_ITEM()
RATIONAL_B_SPLINE_SURFACE(((1.,0.866025403784414,1.),(1.,0.866025403784414,
1.),(1.,0.866025403784423,1.),(1.,0.866025403784423,1.)))
REPRESENTATION_ITEM('')
SURFACE()
);
#1781=(
BOUNDED_SURFACE()
B_SPLINE_SURFACE(3,2,((#3876,#3877,#3878),(#3879,#3880,#3881),(#3882,#3883,
#3884),(#3885,#3886,#3887),(#3888,#3889,#3890)),.UNSPECIFIED.,.F.,.F.,.F.)
B_SPLINE_SURFACE_WITH_KNOTS((4,1,4),(3,3),(-3.25260651745651E-19,0.000526029689188718,
0.00105205937837744),(0.,1.),.UNSPECIFIED.)
GEOMETRIC_REPRESENTATION_ITEM()
RATIONAL_B_SPLINE_SURFACE(((1.,0.866025403784421,1.),(1.,0.866025403784421,
1.),(1.,0.866025403784414,1.),(1.,0.866025403784429,1.),(1.,0.866025403784428,
1.)))
REPRESENTATION_ITEM('')
SURFACE()
);
#1782=(
BOUNDED_SURFACE()
B_SPLINE_SURFACE(3,2,((#3892,#3893,#3894),(#3895,#3896,#3897),(#3898,#3899,
#3900),(#3901,#3902,#3903),(#3904,#3905,#3906)),.UNSPECIFIED.,.F.,.F.,.F.)
B_SPLINE_SURFACE_WITH_KNOTS((4,1,4),(3,3),(-6.50521303491303E-19,0.00052322290016372,
0.00104644580032744),(0.,1.),.UNSPECIFIED.)
GEOMETRIC_REPRESENTATION_ITEM()
RATIONAL_B_SPLINE_SURFACE(((1.,0.866025403784344,1.),(1.,0.866025403784344,
1.),(1.,0.86602540378446,1.),(1.,0.866025403784413,1.),(1.,0.866025403784413,
1.)))
REPRESENTATION_ITEM('')
SURFACE()
);
#1783=(
BOUNDED_SURFACE()
B_SPLINE_SURFACE(3,2,((#3908,#3909,#3910),(#3911,#3912,#3913),(#3914,#3915,
#3916),(#3917,#3918,#3919)),.UNSPECIFIED.,.F.,.F.,.F.)
B_SPLINE_SURFACE_WITH_KNOTS((4,4),(3,3),(3.20381741969467E-17,0.00130489020974799),
(0.,1.),.PIECEWISE_BEZIER_KNOTS.)
GEOMETRIC_REPRESENTATION_ITEM()
RATIONAL_B_SPLINE_SURFACE(((1.,0.866025403784428,1.),(1.,0.866025403784428,
1.),(1.,0.866025403784423,1.),(1.,0.866025403784423,1.)))
REPRESENTATION_ITEM('')
SURFACE()
);
#1784=(
BOUNDED_SURFACE()
B_SPLINE_SURFACE(3,2,((#3921,#3922,#3923),(#3924,#3925,#3926),(#3927,#3928,
#3929),(#3930,#3931,#3932),(#3933,#3934,#3935)),.UNSPECIFIED.,.F.,.F.,.F.)
B_SPLINE_SURFACE_WITH_KNOTS((4,1,4),(3,3),(-1.49782530128872E-16,0.000523169858926531,
0.00104633971785321),(0.,1.),.UNSPECIFIED.)
GEOMETRIC_REPRESENTATION_ITEM()
RATIONAL_B_SPLINE_SURFACE(((1.,0.866025403784349,1.),(1.,0.866025403784349,
1.),(1.,0.866025403778924,1.),(1.,0.866025403784344,1.),(1.,0.866025403784344,
1.)))
REPRESENTATION_ITEM('')
SURFACE()
);
#1785=(
BOUNDED_SURFACE()
B_SPLINE_SURFACE(3,2,((#3939,#3940,#3941),(#3942,#3943,#3944),(#3945,#3946,
#3947),(#3948,#3949,#3950)),.UNSPECIFIED.,.F.,.F.,.F.)
B_SPLINE_SURFACE_WITH_KNOTS((4,4),(3,3),(8.26162055433954E-17,0.00126739368609661),
(0.,1.),.PIECEWISE_BEZIER_KNOTS.)
GEOMETRIC_REPRESENTATION_ITEM()
RATIONAL_B_SPLINE_SURFACE(((1.,0.866025403784423,1.),(1.,0.866025403784423,
1.),(1.,0.866025403784349,1.),(1.,0.866025403784349,1.)))
REPRESENTATION_ITEM('')
SURFACE()
);
#1786=(
BOUNDED_SURFACE()
B_SPLINE_SURFACE(3,2,((#3951,#3952,#3953),(#3954,#3955,#3956),(#3957,#3958,
#3959),(#3960,#3961,#3962)),.UNSPECIFIED.,.F.,.F.,.F.)
B_SPLINE_SURFACE_WITH_KNOTS((4,4),(3,3),(-1.38235776991902E-17,0.000238488276513747),
(0.,1.),.PIECEWISE_BEZIER_KNOTS.)
GEOMETRIC_REPRESENTATION_ITEM()
RATIONAL_B_SPLINE_SURFACE(((1.,0.866025403784423,1.),(1.,0.866025403784423,
1.),(1.,0.866025403784422,1.),(1.,0.866025403784422,1.)))
REPRESENTATION_ITEM('')
SURFACE()
);
#1787=(
BOUNDED_SURFACE()
B_SPLINE_SURFACE(3,2,((#3965,#3966,#3967),(#3968,#3969,#3970),(#3971,#3972,
#3973),(#3974,#3975,#3976)),.UNSPECIFIED.,.F.,.F.,.F.)
B_SPLINE_SURFACE_WITH_KNOTS((4,4),(3,3),(-7.72494047895922E-19,0.000233116330177729),
(0.,1.),.PIECEWISE_BEZIER_KNOTS.)
GEOMETRIC_REPRESENTATION_ITEM()
RATIONAL_B_SPLINE_SURFACE(((1.,0.866025403784429,1.),(1.,0.866025403784429,
1.),(1.,0.866025403784423,1.),(1.,0.866025403784423,1.)))
REPRESENTATION_ITEM('')
SURFACE()
);
#1788=(
BOUNDED_SURFACE()
B_SPLINE_SURFACE(3,2,((#3978,#3979,#3980),(#3981,#3982,#3983),(#3984,#3985,
#3986),(#3987,#3988,#3989)),.UNSPECIFIED.,.F.,.F.,.F.)
B_SPLINE_SURFACE_WITH_KNOTS((4,4),(3,3),(9.24282352043893E-18,0.000258675482831484),
(0.,1.),.PIECEWISE_BEZIER_KNOTS.)
GEOMETRIC_REPRESENTATION_ITEM()
RATIONAL_B_SPLINE_SURFACE(((1.,0.866025403784418,1.),(1.,0.866025403784418,
1.),(1.,0.86602540378443,1.),(1.,0.86602540378443,1.)))
REPRESENTATION_ITEM('')
SURFACE()
);
#1789=(
BOUNDED_SURFACE()
B_SPLINE_SURFACE(3,2,((#3991,#3992,#3993),(#3994,#3995,#3996),(#3997,#3998,
#3999),(#4000,#4001,#4002)),.UNSPECIFIED.,.F.,.F.,.F.)
B_SPLINE_SURFACE_WITH_KNOTS((4,4),(3,3),(9.48676900924816E-20,0.00026035572059062),
(0.,1.),.PIECEWISE_BEZIER_KNOTS.)
GEOMETRIC_REPRESENTATION_ITEM()
RATIONAL_B_SPLINE_SURFACE(((1.,0.866025403784421,1.),(1.,0.866025403784421,
1.),(1.,0.866025403784427,1.),(1.,0.866025403784427,1.)))
REPRESENTATION_ITEM('')
SURFACE()
);
#1790=(
BOUNDED_SURFACE()
B_SPLINE_SURFACE(3,2,((#4004,#4005,#4006),(#4007,#4008,#4009),(#4010,#4011,
#4012),(#4013,#4014,#4015)),.UNSPECIFIED.,.F.,.F.,.F.)
B_SPLINE_SURFACE_WITH_KNOTS((4,4),(3,3),(-1.0842021724855E-19,0.000256684483450927),
(0.,1.),.PIECEWISE_BEZIER_KNOTS.)
GEOMETRIC_REPRESENTATION_ITEM()
RATIONAL_B_SPLINE_SURFACE(((1.,0.86602540378443,1.),(1.,0.86602540378443,
1.),(1.,0.866025403784419,1.),(1.,0.86602540378442,1.)))
REPRESENTATION_ITEM('')
SURFACE()
);
#1791=(
BOUNDED_SURFACE()
B_SPLINE_SURFACE(3,2,((#4017,#4018,#4019),(#4020,#4021,#4022),(#4023,#4024,
#4025),(#4026,#4027,#4028)),.UNSPECIFIED.,.F.,.F.,.F.)
B_SPLINE_SURFACE_WITH_KNOTS((4,4),(3,3),(-2.77826806699411E-17,0.000256224714035401),
(0.,1.),.PIECEWISE_BEZIER_KNOTS.)
GEOMETRIC_REPRESENTATION_ITEM()
RATIONAL_B_SPLINE_SURFACE(((1.,0.866025403784417,1.),(1.,0.866025403784417,
1.),(1.,0.866025403784421,1.),(1.,0.866025403784421,1.)))
REPRESENTATION_ITEM('')
SURFACE()
);
#1792=(
BOUNDED_SURFACE()
B_SPLINE_SURFACE(3,2,((#4030,#4031,#4032),(#4033,#4034,#4035),(#4036,#4037,
#4038),(#4039,#4040,#4041)),.UNSPECIFIED.,.F.,.F.,.F.)
B_SPLINE_SURFACE_WITH_KNOTS((4,4),(3,3),(9.36479626484354E-18,0.000237445914767208),
(0.,1.),.PIECEWISE_BEZIER_KNOTS.)
GEOMETRIC_REPRESENTATION_ITEM()
RATIONAL_B_SPLINE_SURFACE(((1.,0.866025403784422,1.),(1.,0.866025403784422,
1.),(1.,0.866025403784423,1.),(1.,0.866025403784423,1.)))
REPRESENTATION_ITEM('')
SURFACE()
);
#1793=(
BOUNDED_SURFACE()
B_SPLINE_SURFACE(3,2,((#4043,#4044,#4045),(#4046,#4047,#4048),(#4049,#4050,
#4051),(#4052,#4053,#4054)),.UNSPECIFIED.,.F.,.F.,.F.)
B_SPLINE_SURFACE_WITH_KNOTS((4,4),(3,3),(-6.7762635780344E-20,0.000234214892971702),
(0.,1.),.PIECEWISE_BEZIER_KNOTS.)
GEOMETRIC_REPRESENTATION_ITEM()
RATIONAL_B_SPLINE_SURFACE(((1.,0.866025403784423,1.),(1.,0.866025403784423,
1.),(1.,0.866025403784416,1.),(1.,0.866025403784416,1.)))
REPRESENTATION_ITEM('')
SURFACE()
);
#1794=ADVANCED_FACE('',(#1619),#1743,.F.);
#1795=ADVANCED_FACE('',(#1620,#1621,#1622,#1623),#359,.T.);
#1796=ADVANCED_FACE('',(#1624),#360,.F.);
#1797=ADVANCED_FACE('',(#1625),#361,.T.);
#1798=ADVANCED_FACE('',(#1626,#1627),#362,.T.);
#1799=ADVANCED_FACE('',(#1628,#1629),#363,.T.);
#1800=ADVANCED_FACE('',(#1630),#364,.T.);
#1801=ADVANCED_FACE('',(#1631),#365,.T.);
#1802=ADVANCED_FACE('',(#1632),#53,.T.);
#1803=ADVANCED_FACE('',(#1633),#42,.T.);
#1804=ADVANCED_FACE('',(#1634),#43,.T.);
#1805=ADVANCED_FACE('',(#1635),#54,.T.);
#1806=ADVANCED_FACE('',(#1636),#55,.T.);
#1807=ADVANCED_FACE('',(#1637),#44,.T.);
#1808=ADVANCED_FACE('',(#1638),#45,.T.);
#1809=ADVANCED_FACE('',(#1639),#56,.T.);
#1810=ADVANCED_FACE('',(#1640),#57,.T.);
#1811=ADVANCED_FACE('',(#1641),#46,.T.);
#1812=ADVANCED_FACE('',(#1642),#47,.T.);
#1813=ADVANCED_FACE('',(#1643),#58,.T.);
#1814=ADVANCED_FACE('',(#1644),#59,.T.);
#1815=ADVANCED_FACE('',(#1645),#48,.T.);
#1816=ADVANCED_FACE('',(#1646),#49,.T.);
#1817=ADVANCED_FACE('',(#1647),#60,.T.);
#1818=ADVANCED_FACE('',(#1648),#61,.T.);
#1819=ADVANCED_FACE('',(#1649),#50,.T.);
#1820=ADVANCED_FACE('',(#1650),#51,.T.);
#1821=ADVANCED_FACE('',(#1651),#62,.T.);
#1822=ADVANCED_FACE('',(#1652),#63,.T.);
#1823=ADVANCED_FACE('',(#1653),#1744,.T.);
#1824=ADVANCED_FACE('',(#1654),#1745,.T.);
#1825=ADVANCED_FACE('',(#1655),#64,.T.);
#1826=ADVANCED_FACE('',(#1656),#65,.T.);
#1827=ADVANCED_FACE('',(#1657),#66,.T.);
#1828=ADVANCED_FACE('',(#1658),#1746,.T.);
#1829=ADVANCED_FACE('',(#1659),#67,.T.);
#1830=ADVANCED_FACE('',(#1660),#1747,.T.);
#1831=ADVANCED_FACE('',(#1661),#1748,.T.);
#1832=ADVANCED_FACE('',(#1662),#1749,.T.);
#1833=ADVANCED_FACE('',(#1663),#1750,.T.);
#1834=ADVANCED_FACE('',(#1664),#1751,.T.);
#1835=ADVANCED_FACE('',(#1665),#1752,.T.);
#1836=ADVANCED_FACE('',(#1666),#68,.T.);
#1837=ADVANCED_FACE('',(#1667),#1753,.T.);
#1838=ADVANCED_FACE('',(#1668),#69,.T.);
#1839=ADVANCED_FACE('',(#1669),#70,.T.);
#1840=ADVANCED_FACE('',(#1670),#71,.T.);
#1841=ADVANCED_FACE('',(#1671),#72,.T.);
#1842=ADVANCED_FACE('',(#1672),#73,.T.);
#1843=ADVANCED_FACE('',(#1673),#74,.T.);
#1844=ADVANCED_FACE('',(#1674),#75,.T.);
#1845=ADVANCED_FACE('',(#1675),#76,.T.);
#1846=ADVANCED_FACE('',(#1676),#77,.T.);
#1847=ADVANCED_FACE('',(#1677),#78,.T.);
#1848=ADVANCED_FACE('',(#1678),#79,.T.);
#1849=ADVANCED_FACE('',(#1679),#1754,.T.);
#1850=ADVANCED_FACE('',(#1680),#1755,.T.);
#1851=ADVANCED_FACE('',(#1681),#1756,.T.);
#1852=ADVANCED_FACE('',(#1682),#1757,.T.);
#1853=ADVANCED_FACE('',(#1683),#1758,.T.);
#1854=ADVANCED_FACE('',(#1684),#1759,.T.);
#1855=ADVANCED_FACE('',(#1685),#1760,.T.);
#1856=ADVANCED_FACE('',(#1686),#1761,.T.);
#1857=ADVANCED_FACE('',(#1687),#1762,.T.);
#1858=ADVANCED_FACE('',(#1688),#80,.T.);
#1859=ADVANCED_FACE('',(#1689),#1763,.T.);
#1860=ADVANCED_FACE('',(#1690),#1764,.T.);
#1861=ADVANCED_FACE('',(#1691),#1765,.T.);
#1862=ADVANCED_FACE('',(#1692),#1766,.T.);
#1863=ADVANCED_FACE('',(#1693),#1767,.T.);
#1864=ADVANCED_FACE('',(#1694),#1768,.T.);
#1865=ADVANCED_FACE('',(#1695),#81,.T.);
#1866=ADVANCED_FACE('',(#1696),#1769,.T.);
#1867=ADVANCED_FACE('',(#1697),#1770,.F.);
#1868=ADVANCED_FACE('',(#1698),#82,.F.);
#1869=ADVANCED_FACE('',(#1699),#1771,.F.);
#1870=ADVANCED_FACE('',(#1700),#1772,.F.);
#1871=ADVANCED_FACE('',(#1701),#1773,.F.);
#1872=ADVANCED_FACE('',(#1702),#1774,.F.);
#1873=ADVANCED_FACE('',(#1703),#1775,.F.);
#1874=ADVANCED_FACE('',(#1704),#1776,.F.);
#1875=ADVANCED_FACE('',(#1705),#83,.F.);
#1876=ADVANCED_FACE('',(#1706),#1777,.F.);
#1877=ADVANCED_FACE('',(#1707),#1778,.F.);
#1878=ADVANCED_FACE('',(#1708),#84,.F.);
#1879=ADVANCED_FACE('',(#1709),#1779,.F.);
#1880=ADVANCED_FACE('',(#1710),#1780,.F.);
#1881=ADVANCED_FACE('',(#1711),#1781,.F.);
#1882=ADVANCED_FACE('',(#1712),#1782,.F.);
#1883=ADVANCED_FACE('',(#1713),#1783,.F.);
#1884=ADVANCED_FACE('',(#1714),#1784,.F.);
#1885=ADVANCED_FACE('',(#1715),#85,.F.);
#1886=ADVANCED_FACE('',(#1716),#1785,.F.);
#1887=ADVANCED_FACE('',(#1717),#1786,.F.);
#1888=ADVANCED_FACE('',(#1718),#1787,.F.);
#1889=ADVANCED_FACE('',(#1719),#1788,.F.);
#1890=ADVANCED_FACE('',(#1720),#1789,.F.);
#1891=ADVANCED_FACE('',(#1721),#1790,.F.);
#1892=ADVANCED_FACE('',(#1722),#1791,.F.);
#1893=ADVANCED_FACE('',(#1723),#1792,.F.);
#1894=ADVANCED_FACE('',(#1724),#1793,.F.);
#1895=ADVANCED_FACE('',(#1725),#86,.T.);
#1896=ADVANCED_FACE('',(#1726),#12,.T.);
#1897=ADVANCED_FACE('',(#1727),#87,.F.);
#1898=ADVANCED_FACE('',(#1728),#52,.F.);
#1899=ADVANCED_FACE('',(#1729),#88,.F.);
#1900=ADVANCED_FACE('',(#1730),#89,.F.);
#1901=ADVANCED_FACE('',(#1731),#90,.F.);
#1902=ADVANCED_FACE('',(#1732),#91,.F.);
#1903=ADVANCED_FACE('',(#1733),#92,.F.);
#1904=ADVANCED_FACE('',(#1734),#93,.F.);
#1905=ADVANCED_FACE('',(#1735),#94,.F.);
#1906=ADVANCED_FACE('',(#1736),#95,.F.);
#1907=ADVANCED_FACE('',(#1737),#96,.F.);
#1908=ADVANCED_FACE('',(#1738),#97,.F.);
#1909=ADVANCED_FACE('',(#1739),#98,.F.);
#1910=ADVANCED_FACE('',(#1740),#99,.F.);
#1911=ADVANCED_FACE('',(#1741),#100,.F.);
#1912=ADVANCED_FACE('',(#1742),#101,.F.);
#1913=CLOSED_SHELL('',(#1794,#1795,#1796,#1797,#1798,#1799,#1800,#1801,
#1802,#1803,#1804,#1805,#1806,#1807,#1808,#1809,#1810,#1811,#1812,#1813,
#1814,#1815,#1816,#1817,#1818,#1819,#1820,#1821,#1822,#1823,#1824,#1825,
#1826,#1827,#1828,#1829,#1830,#1831,#1832,#1833,#1834,#1835,#1836,#1837,
#1838,#1839,#1840,#1841,#1842,#1843,#1844,#1845,#1846,#1847,#1848,#1849,
#1850,#1851,#1852,#1853,#1854,#1855,#1856,#1857,#1858,#1859,#1860,#1861,
#1862,#1863,#1864,#1865,#1866,#1867,#1868,#1869,#1870,#1871,#1872,#1873,
#1874,#1875,#1876,#1877,#1878,#1879,#1880,#1881,#1882,#1883,#1884,#1885,
#1886,#1887,#1888,#1889,#1890,#1891,#1892,#1893,#1894,#1895,#1896,#1897,
#1898,#1899,#1900,#1901,#1902,#1903,#1904,#1905,#1906,#1907,#1908,#1909,
#1910,#1911,#1912));
#1914=STYLED_ITEM('',(#1915),#1922);
#1915=PRESENTATION_STYLE_ASSIGNMENT((#1916));
#1916=SURFACE_STYLE_USAGE(.BOTH.,#1917);
#1917=SURFACE_SIDE_STYLE('',(#1918));
#1918=SURFACE_STYLE_FILL_AREA(#1919);
#1919=FILL_AREA_STYLE('',(#1920));
#1920=FILL_AREA_STYLE_COLOUR('',#1921);
#1921=COLOUR_RGB('',0.231372549019608,0.380392156862745,0.705882352941177);
#1922=MANIFOLD_SOLID_BREP('BLOCKS_spacer_0.4',#1913);
#1923=SHAPE_DEFINITION_REPRESENTATION(#4099,#1924);
#1924=SHAPE_REPRESENTATION('BLOCKS_spacer_0.4',(#1925),#4094);
#1925=AXIS2_PLACEMENT_3D('',#2600,#2124,#2125);
#1926=AXIS2_PLACEMENT_3D('',#2619,#2126,#2127);
#1927=AXIS2_PLACEMENT_3D('',#2743,#2143,#2144);
#1928=AXIS2_PLACEMENT_3D('',#2747,#2146,#2147);
#1929=AXIS2_PLACEMENT_3D('',#2751,#2149,#2150);
#1930=AXIS2_PLACEMENT_3D('',#2755,#2152,#2153);
#1931=AXIS2_PLACEMENT_3D('',#2759,#2155,#2156);
#1932=AXIS2_PLACEMENT_3D('',#2763,#2158,#2159);
#1933=AXIS2_PLACEMENT_3D('',#2767,#2161,#2162);
#1934=AXIS2_PLACEMENT_3D('',#2771,#2164,#2165);
#1935=AXIS2_PLACEMENT_3D('',#2775,#2167,#2168);
#1936=AXIS2_PLACEMENT_3D('',#2779,#2170,#2171);
#1937=AXIS2_PLACEMENT_3D('',#2780,#2172,#2173);
#1938=AXIS2_PLACEMENT_3D('',#2798,#2176,#2177);
#1939=AXIS2_PLACEMENT_3D('',#2802,#2179,#2180);
#1940=AXIS2_PLACEMENT_3D('',#2806,#2182,#2183);
#1941=AXIS2_PLACEMENT_3D('',#2810,#2185,#2186);
#1942=AXIS2_PLACEMENT_3D('',#2814,#2188,#2189);
#1943=AXIS2_PLACEMENT_3D('',#2818,#2191,#2192);
#1944=AXIS2_PLACEMENT_3D('',#2822,#2194,#2195);
#1945=AXIS2_PLACEMENT_3D('',#2826,#2197,#2198);
#1946=AXIS2_PLACEMENT_3D('',#2830,#2200,#2201);
#1947=AXIS2_PLACEMENT_3D('',#2834,#2203,#2204);
#1948=AXIS2_PLACEMENT_3D('',#2835,#2205,#2206);
#1949=AXIS2_PLACEMENT_3D('',#2876,#2207,#2208);
#1950=AXIS2_PLACEMENT_3D('',#2965,#2213,#2214);
#1951=AXIS2_PLACEMENT_3D('',#2973,#2218,#2219);
#1952=AXIS2_PLACEMENT_3D('',#2998,#2232,#2233);
#1953=AXIS2_PLACEMENT_3D('',#3043,#2236,#2237);
#1954=AXIS2_PLACEMENT_3D('',#3050,#2241,#2242);
#1955=AXIS2_PLACEMENT_3D('',#3051,#2243,#2244);
#1956=AXIS2_PLACEMENT_3D('',#3052,#2245,#2246);
#1957=AXIS2_PLACEMENT_3D('',#3053,#2247,#2248);
#1958=AXIS2_PLACEMENT_3D('',#3054,#2249,#2250);
#1959=AXIS2_PLACEMENT_3D('',#3055,#2251,#2252);
#1960=AXIS2_PLACEMENT_3D('',#3056,#2253,#2254);
#1961=AXIS2_PLACEMENT_3D('',#3057,#2255,#2256);
#1962=AXIS2_PLACEMENT_3D('',#3058,#2257,#2258);
#1963=AXIS2_PLACEMENT_3D('',#3059,#2259,#2260);
#1964=AXIS2_PLACEMENT_3D('',#3060,#2261,#2262);
#1965=AXIS2_PLACEMENT_3D('',#3061,#2263,#2264);
#1966=AXIS2_PLACEMENT_3D('',#3062,#2265,#2266);
#1967=AXIS2_PLACEMENT_3D('',#3063,#2267,#2268);
#1968=AXIS2_PLACEMENT_3D('',#3064,#2269,#2270);
#1969=AXIS2_PLACEMENT_3D('',#3065,#2271,#2272);
#1970=AXIS2_PLACEMENT_3D('',#3066,#2273,#2274);
#1971=AXIS2_PLACEMENT_3D('',#3067,#2275,#2276);
#1972=AXIS2_PLACEMENT_3D('',#3068,#2277,#2278);
#1973=AXIS2_PLACEMENT_3D('',#3069,#2279,#2280);
#1974=AXIS2_PLACEMENT_3D('',#3070,#2281,#2282);
#1975=AXIS2_PLACEMENT_3D('',#3071,#2283,#2284);
#1976=AXIS2_PLACEMENT_3D('',#3072,#2285,#2286);
#1977=AXIS2_PLACEMENT_3D('',#3073,#2287,#2288);
#1978=AXIS2_PLACEMENT_3D('',#3074,#2289,#2290);
#1979=AXIS2_PLACEMENT_3D('',#3075,#2291,#2292);
#1980=AXIS2_PLACEMENT_3D('',#3076,#2293,#2294);
#1981=AXIS2_PLACEMENT_3D('',#3077,#2295,#2296);
#1982=AXIS2_PLACEMENT_3D('',#3078,#2297,#2298);
#1983=AXIS2_PLACEMENT_3D('',#3079,#2299,#2300);
#1984=AXIS2_PLACEMENT_3D('',#3080,#2301,#2302);
#1985=AXIS2_PLACEMENT_3D('',#3081,#2303,#2304);
#1986=AXIS2_PLACEMENT_3D('',#3082,#2305,#2306);
#1987=AXIS2_PLACEMENT_3D('',#3083,#2307,#2308);
#1988=AXIS2_PLACEMENT_3D('',#3084,#2309,#2310);
#1989=AXIS2_PLACEMENT_3D('',#3085,#2311,#2312);
#1990=AXIS2_PLACEMENT_3D('',#3086,#2313,#2314);
#1991=AXIS2_PLACEMENT_3D('',#3087,#2315,#2316);
#1992=AXIS2_PLACEMENT_3D('',#3088,#2317,#2318);
#1993=AXIS2_PLACEMENT_3D('',#3089,#2319,#2320);
#1994=AXIS2_PLACEMENT_3D('',#3090,#2321,#2322);
#1995=AXIS2_PLACEMENT_3D('',#3092,#2323,#2324);
#1996=AXIS2_PLACEMENT_3D('',#3093,#2325,#2326);
#1997=AXIS2_PLACEMENT_3D('',#3094,#2327,#2328);
#1998=AXIS2_PLACEMENT_3D('',#3096,#2329,#2330);
#1999=AXIS2_PLACEMENT_3D('',#3174,#2331,#2332);
#2000=AXIS2_PLACEMENT_3D('',#3175,#2333,#2334);
#2001=AXIS2_PLACEMENT_3D('',#3180,#2336,#2337);
#2002=AXIS2_PLACEMENT_3D('',#3181,#2338,#2339);
#2003=AXIS2_PLACEMENT_3D('',#3184,#2341,#2342);
#2004=AXIS2_PLACEMENT_3D('',#3185,#2343,#2344);
#2005=AXIS2_PLACEMENT_3D('',#3186,#2345,#2346);
#2006=AXIS2_PLACEMENT_3D('',#3189,#2348,#2349);
#2007=AXIS2_PLACEMENT_3D('',#3205,#2350,#2351);
#2008=AXIS2_PLACEMENT_3D('',#3216,#2352,#2353);
#2009=AXIS2_PLACEMENT_3D('',#3219,#2355,#2356);
#2010=AXIS2_PLACEMENT_3D('',#3235,#2357,#2358);
#2011=AXIS2_PLACEMENT_3D('',#3261,#2359,#2360);
#2012=AXIS2_PLACEMENT_3D('',#3277,#2361,#2362);
#2013=AXIS2_PLACEMENT_3D('',#3303,#2363,#2364);
#2014=AXIS2_PLACEMENT_3D('',#3319,#2365,#2366);
#2015=AXIS2_PLACEMENT_3D('',#3345,#2367,#2368);
#2016=AXIS2_PLACEMENT_3D('',#3346,#2369,#2370);
#2017=AXIS2_PLACEMENT_3D('',#3372,#2372,#2373);
#2018=AXIS2_PLACEMENT_3D('',#3373,#2374,#2375);
#2019=AXIS2_PLACEMENT_3D('',#3377,#2377,#2378);
#2020=AXIS2_PLACEMENT_3D('',#3378,#2379,#2380);
#2021=AXIS2_PLACEMENT_3D('',#3379,#2381,#2382);
#2022=AXIS2_PLACEMENT_3D('',#3382,#2384,#2385);
#2023=AXIS2_PLACEMENT_3D('',#3385,#2387,#2388);
#2024=AXIS2_PLACEMENT_3D('',#3386,#2389,#2390);
#2025=AXIS2_PLACEMENT_3D('',#3387,#2391,#2392);
#2026=AXIS2_PLACEMENT_3D('',#3390,#2394,#2395);
#2027=AXIS2_PLACEMENT_3D('',#3393,#2397,#2398);
#2028=AXIS2_PLACEMENT_3D('',#3394,#2399,#2400);
#2029=AXIS2_PLACEMENT_3D('',#3395,#2401,#2402);
#2030=AXIS2_PLACEMENT_3D('',#3398,#2404,#2405);
#2031=AXIS2_PLACEMENT_3D('',#3401,#2407,#2408);
#2032=AXIS2_PLACEMENT_3D('',#3402,#2409,#2410);
#2033=AXIS2_PLACEMENT_3D('',#3403,#2411,#2412);
#2034=AXIS2_PLACEMENT_3D('',#3406,#2414,#2415);
#2035=AXIS2_PLACEMENT_3D('',#3409,#2417,#2418);
#2036=AXIS2_PLACEMENT_3D('',#3410,#2419,#2420);
#2037=AXIS2_PLACEMENT_3D('',#3411,#2421,#2422);
#2038=AXIS2_PLACEMENT_3D('',#3414,#2424,#2425);
#2039=AXIS2_PLACEMENT_3D('',#3428,#2427,#2428);
#2040=AXIS2_PLACEMENT_3D('',#3435,#2429,#2430);
#2041=AXIS2_PLACEMENT_3D('',#3453,#2431,#2432);
#2042=AXIS2_PLACEMENT_3D('',#3466,#2433,#2434);
#2043=AXIS2_PLACEMENT_3D('',#3489,#2435,#2436);
#2044=AXIS2_PLACEMENT_3D('',#3502,#2437,#2438);
#2045=AXIS2_PLACEMENT_3D('',#3525,#2439,#2440);
#2046=AXIS2_PLACEMENT_3D('',#3538,#2441,#2442);
#2047=AXIS2_PLACEMENT_3D('',#3575,#2443,#2444);
#2048=AXIS2_PLACEMENT_3D('',#3581,#2445,#2446);
#2049=AXIS2_PLACEMENT_3D('',#3582,#2447,#2448);
#2050=AXIS2_PLACEMENT_3D('',#3585,#2450,#2451);
#2051=AXIS2_PLACEMENT_3D('',#3598,#2452,#2453);
#2052=AXIS2_PLACEMENT_3D('',#3621,#2454,#2455);
#2053=AXIS2_PLACEMENT_3D('',#3634,#2456,#2457);
#2054=AXIS2_PLACEMENT_3D('',#3657,#2458,#2459);
#2055=AXIS2_PLACEMENT_3D('',#3670,#2460,#2461);
#2056=AXIS2_PLACEMENT_3D('',#3693,#2462,#2463);
#2057=AXIS2_PLACEMENT_3D('',#3694,#2464,#2465);
#2058=AXIS2_PLACEMENT_3D('',#3695,#2466,#2467);
#2059=AXIS2_PLACEMENT_3D('',#3726,#2469,#2470);
#2060=AXIS2_PLACEMENT_3D('',#3731,#2471,#2472);
#2061=AXIS2_PLACEMENT_3D('',#3732,#2473,#2474);
#2062=AXIS2_PLACEMENT_3D('',#3745,#2475,#2476);
#2063=AXIS2_PLACEMENT_3D('',#3758,#2477,#2478);
#2064=AXIS2_PLACEMENT_3D('',#3771,#2479,#2480);
#2065=AXIS2_PLACEMENT_3D('',#3784,#2481,#2482);
#2066=AXIS2_PLACEMENT_3D('',#3797,#2483,#2484);
#2067=AXIS2_PLACEMENT_3D('',#3810,#2485,#2486);
#2068=AXIS2_PLACEMENT_3D('',#3811,#2487,#2488);
#2069=AXIS2_PLACEMENT_3D('',#3840,#2489,#2490);
#2070=AXIS2_PLACEMENT_3D('',#3845,#2491,#2492);
#2071=AXIS2_PLACEMENT_3D('',#3846,#2493,#2494);
#2072=AXIS2_PLACEMENT_3D('',#3862,#2495,#2496);
#2073=AXIS2_PLACEMENT_3D('',#3875,#2497,#2498);
#2074=AXIS2_PLACEMENT_3D('',#3891,#2499,#2500);
#2075=AXIS2_PLACEMENT_3D('',#3907,#2501,#2502);
#2076=AXIS2_PLACEMENT_3D('',#3920,#2503,#2504);
#2077=AXIS2_PLACEMENT_3D('',#3936,#2505,#2506);
#2078=AXIS2_PLACEMENT_3D('',#3937,#2507,#2508);
#2079=AXIS2_PLACEMENT_3D('',#3938,#2509,#2510);
#2080=AXIS2_PLACEMENT_3D('',#3963,#2511,#2512);
#2081=AXIS2_PLACEMENT_3D('',#3964,#2513,#2514);
#2082=AXIS2_PLACEMENT_3D('',#3977,#2515,#2516);
#2083=AXIS2_PLACEMENT_3D('',#3990,#2517,#2518);
#2084=AXIS2_PLACEMENT_3D('',#4003,#2519,#2520);
#2085=AXIS2_PLACEMENT_3D('',#4016,#2521,#2522);
#2086=AXIS2_PLACEMENT_3D('',#4029,#2523,#2524);
#2087=AXIS2_PLACEMENT_3D('',#4042,#2525,#2526);
#2088=AXIS2_PLACEMENT_3D('',#4055,#2527,#2528);
#2089=AXIS2_PLACEMENT_3D('',#4056,#2529,#2530);
#2090=AXIS2_PLACEMENT_3D('',#4059,#2532,#2533);
#2091=AXIS2_PLACEMENT_3D('',#4060,#2534,#2535);
#2092=AXIS2_PLACEMENT_3D('',#4061,#2536,#2537);
#2093=AXIS2_PLACEMENT_3D('',#4062,#2538,#2539);
#2094=AXIS2_PLACEMENT_3D('',#4063,#2540,#2541);
#2095=AXIS2_PLACEMENT_3D('',#4064,#2542,#2543);
#2096=AXIS2_PLACEMENT_3D('',#4065,#2544,#2545);
#2097=AXIS2_PLACEMENT_3D('',#4066,#2546,#2547);
#2098=AXIS2_PLACEMENT_3D('',#4067,#2548,#2549);
#2099=AXIS2_PLACEMENT_3D('',#4068,#2550,#2551);
#2100=AXIS2_PLACEMENT_3D('',#4069,#2552,#2553);
#2101=AXIS2_PLACEMENT_3D('',#4070,#2554,#2555);
#2102=AXIS2_PLACEMENT_3D('',#4071,#2556,#2557);
#2103=AXIS2_PLACEMENT_3D('',#4072,#2558,#2559);
#2104=AXIS2_PLACEMENT_3D('',#4073,#2560,#2561);
#2105=AXIS2_PLACEMENT_3D('',#4074,#2562,#2563);
#2106=AXIS2_PLACEMENT_3D('',#4075,#2564,#2565);
#2107=AXIS2_PLACEMENT_3D('',#4076,#2566,#2567);
#2108=AXIS2_PLACEMENT_3D('',#4077,#2568,#2569);
#2109=AXIS2_PLACEMENT_3D('',#4078,#2570,#2571);
#2110=AXIS2_PLACEMENT_3D('',#4079,#2572,#2573);
#2111=AXIS2_PLACEMENT_3D('',#4080,#2574,#2575);
#2112=AXIS2_PLACEMENT_3D('',#4081,#2576,#2577);
#2113=AXIS2_PLACEMENT_3D('',#4082,#2578,#2579);
#2114=AXIS2_PLACEMENT_3D('',#4083,#2580,#2581);
#2115=AXIS2_PLACEMENT_3D('',#4084,#2582,#2583);
#2116=AXIS2_PLACEMENT_3D('',#4085,#2584,#2585);
#2117=AXIS2_PLACEMENT_3D('',#4086,#2586,#2587);
#2118=AXIS2_PLACEMENT_3D('',#4087,#2588,#2589);
#2119=AXIS2_PLACEMENT_3D('',#4088,#2590,#2591);
#2120=AXIS2_PLACEMENT_3D('',#4089,#2592,#2593);
#2121=AXIS2_PLACEMENT_3D('',#4090,#2594,#2595);
#2122=AXIS2_PLACEMENT_3D('',#4091,#2596,#2597);
#2123=AXIS2_PLACEMENT_3D('',#4092,#2598,#2599);
#2124=DIRECTION('',(0.,0.,1.));
#2125=DIRECTION('',(1.,0.,0.));
#2126=DIRECTION('',(0.,0.,1.));
#2127=DIRECTION('',(1.,0.,0.));
#2128=DIRECTION('',(0.,1.,0.));
#2129=DIRECTION('',(1.,0.,0.));
#2130=DIRECTION('',(0.,1.,0.));
#2131=DIRECTION('',(1.,0.,0.));
#2132=DIRECTION('',(0.,-1.,0.));
#2133=DIRECTION('',(1.,0.,0.));
#2134=DIRECTION('',(0.,-1.,0.));
#2135=DIRECTION('',(-1.,0.,0.));
#2136=DIRECTION('',(0.,-1.,0.));
#2137=DIRECTION('',(-0.99741401488672,-0.071869902654404,0.));
#2138=DIRECTION('',(-0.844959231532138,0.534830718123612,0.));
#2139=DIRECTION('',(1.,0.,0.));
#2140=DIRECTION('',(-1.,0.,0.));
#2141=DIRECTION('',(-1.,0.,0.));
#2142=DIRECTION('',(1.,0.,0.));
#2143=DIRECTION('',(0.,0.,1.));
#2144=DIRECTION('',(1.,0.,0.));
#2145=DIRECTION('',(0.,1.,0.));
#2146=DIRECTION('',(0.,0.,1.));
#2147=DIRECTION('',(1.,0.,0.));
#2148=DIRECTION('',(-1.,-1.18613571006961E-16,0.));
#2149=DIRECTION('',(0.,0.,1.));
#2150=DIRECTION('',(1.,0.,0.));
#2151=DIRECTION('',(0.,-1.,0.));
#2152=DIRECTION('',(0.,0.,1.));
#2153=DIRECTION('',(1.,0.,0.));
#2154=DIRECTION('',(1.,0.,0.));
#2155=DIRECTION('',(0.,0.,1.));
#2156=DIRECTION('',(1.,0.,0.));
#2157=DIRECTION('',(0.,1.,0.));
#2158=DIRECTION('',(0.,0.,1.));
#2159=DIRECTION('',(1.,0.,0.));
#2160=DIRECTION('',(-1.,0.,0.));
#2161=DIRECTION('',(0.,0.,1.));
#2162=DIRECTION('',(1.,0.,0.));
#2163=DIRECTION('',(0.,-1.,0.));
#2164=DIRECTION('',(0.,0.,1.));
#2165=DIRECTION('',(1.,0.,0.));
#2166=DIRECTION('',(1.,0.,0.));
#2167=DIRECTION('',(0.,0.,1.));
#2168=DIRECTION('',(1.,0.,0.));
#2169=DIRECTION('',(0.,1.,0.));
#2170=DIRECTION('',(0.,0.,1.));
#2171=DIRECTION('',(1.,0.,0.));
#2172=DIRECTION('',(0.,0.,1.));
#2173=DIRECTION('',(1.,0.,0.));
#2174=DIRECTION('',(1.,0.,0.));
#2175=DIRECTION('',(-1.,0.,0.));
#2176=DIRECTION('',(0.,0.,1.));
#2177=DIRECTION('',(1.,0.,0.));
#2178=DIRECTION('',(0.,1.,0.));
#2179=DIRECTION('',(0.,0.,1.));
#2180=DIRECTION('',(1.,0.,0.));
#2181=DIRECTION('',(1.,0.,0.));
#2182=DIRECTION('',(0.,0.,1.));
#2183=DIRECTION('',(1.,0.,0.));
#2184=DIRECTION('',(0.,-1.,0.));
#2185=DIRECTION('',(0.,0.,1.));
#2186=DIRECTION('',(1.,0.,0.));
#2187=DIRECTION('',(-1.,0.,0.));
#2188=DIRECTION('',(0.,0.,1.));
#2189=DIRECTION('',(1.,0.,0.));
#2190=DIRECTION('',(0.,1.,0.));
#2191=DIRECTION('',(0.,0.,1.));
#2192=DIRECTION('',(1.,0.,0.));
#2193=DIRECTION('',(1.,0.,0.));
#2194=DIRECTION('',(0.,0.,1.));
#2195=DIRECTION('',(1.,0.,0.));
#2196=DIRECTION('',(0.,-1.,0.));
#2197=DIRECTION('',(0.,0.,1.));
#2198=DIRECTION('',(1.,0.,0.));
#2199=DIRECTION('',(-1.,-1.18613571006961E-16,0.));
#2200=DIRECTION('',(0.,0.,1.));
#2201=DIRECTION('',(1.,0.,0.));
#2202=DIRECTION('',(0.,1.,0.));
#2203=DIRECTION('',(0.,0.,1.));
#2204=DIRECTION('',(1.,0.,0.));
#2205=DIRECTION('',(0.,0.,1.));
#2206=DIRECTION('',(1.,0.,0.));
#2207=DIRECTION('',(0.,0.,1.));
#2208=DIRECTION('',(1.,0.,0.));
#2209=DIRECTION('',(1.,0.,0.));
#2210=DIRECTION('',(-1.,0.,0.));
#2211=DIRECTION('',(-1.,0.,0.));
#2212=DIRECTION('',(1.,0.,0.));
#2213=DIRECTION('',(0.,0.,1.));
#2214=DIRECTION('',(1.,0.,0.));
#2215=DIRECTION('',(-0.846063590671405,0.533081982944659,0.));
#2216=DIRECTION('',(0.86772423690536,-0.497045922110836,0.));
#2217=DIRECTION('',(1.,0.,0.));
#2218=DIRECTION('',(0.,0.,1.));
#2219=DIRECTION('',(1.,0.,0.));
#2220=DIRECTION('',(0.,-1.,0.));
#2221=DIRECTION('',(0.,-1.,0.));
#2222=DIRECTION('',(-1.,0.,0.));
#2223=DIRECTION('',(0.,-1.,0.));
#2224=DIRECTION('',(0.844959231532138,-0.534830718123612,0.));
#2225=DIRECTION('',(0.99741401488672,0.071869902654404,0.));
#2226=DIRECTION('',(0.,1.,0.));
#2227=DIRECTION('',(1.,0.,0.));
#2228=DIRECTION('',(0.,1.,0.));
#2229=DIRECTION('',(-1.,0.,0.));
#2230=DIRECTION('',(0.,1.,0.));
#2231=DIRECTION('',(-1.,0.,0.));
#2232=DIRECTION('',(0.,0.,1.));
#2233=DIRECTION('',(1.,0.,0.));
#2234=DIRECTION('',(-1.,0.,0.));
#2235=DIRECTION('',(1.,0.,0.));
#2236=DIRECTION('',(0.,0.,1.));
#2237=DIRECTION('',(1.,0.,0.));
#2238=DIRECTION('',(0.,1.,0.));
#2239=DIRECTION('',(-1.,0.,0.));
#2240=DIRECTION('',(0.846063590671405,-0.533081982944659,0.));
#2241=DIRECTION('',(0.,1.,0.));
#2242=DIRECTION('',(0.,0.,1.));
#2243=DIRECTION('',(0.,1.,0.));
#2244=DIRECTION('',(0.,0.,1.));
#2245=DIRECTION('',(0.,-1.,0.));
#2246=DIRECTION('',(0.,0.,-1.));
#2247=DIRECTION('',(0.,0.,1.));
#2248=DIRECTION('',(1.,0.,0.));
#2249=DIRECTION('',(-1.,0.,0.));
#2250=DIRECTION('',(0.,0.,1.));
#2251=DIRECTION('',(0.,0.,1.));
#2252=DIRECTION('',(1.,0.,0.));
#2253=DIRECTION('',(-1.,0.,0.));
#2254=DIRECTION('',(0.,0.,1.));
#2255=DIRECTION('',(1.,0.,0.));
#2256=DIRECTION('',(0.,0.,-1.));
#2257=DIRECTION('',(-1.,0.,0.));
#2258=DIRECTION('',(0.,0.,1.));
#2259=DIRECTION('',(-1.,0.,0.));
#2260=DIRECTION('',(0.,0.,1.));
#2261=DIRECTION('',(-1.,0.,0.));
#2262=DIRECTION('',(0.,0.,1.));
#2263=DIRECTION('',(0.,0.,1.));
#2264=DIRECTION('',(1.,0.,0.));
#2265=DIRECTION('',(-5.20417042793027E-14,1.,5.20417042793099E-14));
#2266=DIRECTION('',(0.,-5.20417042793099E-14,1.));
#2267=DIRECTION('',(0.,0.,1.));
#2268=DIRECTION('',(1.,0.,0.));
#2269=DIRECTION('',(5.20417042793063E-14,-1.,0.));
#2270=DIRECTION('',(1.,5.20417042793063E-14,0.));
#2271=DIRECTION('',(0.,-1.,0.));
#2272=DIRECTION('',(0.,0.,-1.));
#2273=DIRECTION('',(0.,1.,-2.60208521396549E-14));
#2274=DIRECTION('',(0.,2.60208521396549E-14,1.));
#2275=DIRECTION('',(0.,-1.,0.));
#2276=DIRECTION('',(0.,0.,-1.));
#2277=DIRECTION('',(0.,-1.,0.));
#2278=DIRECTION('',(0.,0.,-1.));
#2279=DIRECTION('',(0.,0.,1.));
#2280=DIRECTION('',(1.,0.,0.));
#2281=DIRECTION('',(-1.,0.,0.));
#2282=DIRECTION('',(0.,0.,1.));
#2283=DIRECTION('',(0.,0.,1.));
#2284=DIRECTION('',(1.,0.,0.));
#2285=DIRECTION('',(-1.,0.,0.));
#2286=DIRECTION('',(0.,0.,1.));
#2287=DIRECTION('',(1.,1.18613571006961E-16,0.));
#2288=DIRECTION('',(-1.18613571006961E-16,1.,0.));
#2289=DIRECTION('',(-1.,0.,0.));
#2290=DIRECTION('',(0.,0.,1.));
#2291=DIRECTION('',(-1.,0.,0.));
#2292=DIRECTION('',(0.,0.,1.));
#2293=DIRECTION('',(-1.,0.,0.));
#2294=DIRECTION('',(0.,0.,1.));
#2295=DIRECTION('',(0.,0.,1.));
#2296=DIRECTION('',(1.,0.,0.));
#2297=DIRECTION('',(8.67361737988379E-15,1.,-8.67361737988499E-15));
#2298=DIRECTION('',(0.,8.67361737988499E-15,1.));
#2299=DIRECTION('',(0.,0.,1.));
#2300=DIRECTION('',(1.,0.,0.));
#2301=DIRECTION('',(8.67361737988379E-15,-1.,0.));
#2302=DIRECTION('',(1.,8.67361737988379E-15,0.));
#2303=DIRECTION('',(0.,-1.,0.));
#2304=DIRECTION('',(0.,0.,-1.));
#2305=DIRECTION('',(0.,1.,-8.67361737988499E-15));
#2306=DIRECTION('',(0.,8.67361737988499E-15,1.));
#2307=DIRECTION('',(0.,-1.,0.));
#2308=DIRECTION('',(0.,0.,-1.));
#2309=DIRECTION('',(0.,-1.,0.));
#2310=DIRECTION('',(0.,0.,-1.));
#2311=DIRECTION('',(0.,0.,1.));
#2312=DIRECTION('',(1.,0.,0.));
#2313=DIRECTION('',(1.,0.,0.));
#2314=DIRECTION('',(0.,0.,-1.));
#2315=DIRECTION('',(0.,0.,1.));
#2316=DIRECTION('',(1.,0.,0.));
#2317=DIRECTION('',(1.,0.,0.));
#2318=DIRECTION('',(0.,0.,-1.));
#2319=DIRECTION('',(-1.,0.,0.));
#2320=DIRECTION('',(0.,0.,1.));
#2321=DIRECTION('',(1.,0.,0.));
#2322=DIRECTION('',(0.,0.,-1.));
#2323=DIRECTION('',(1.,0.,0.));
#2324=DIRECTION('',(0.,0.,-1.));
#2325=DIRECTION('',(1.,0.,0.));
#2326=DIRECTION('',(0.,0.,-1.));
#2327=DIRECTION('',(1.,0.,0.));
#2328=DIRECTION('',(0.,0.,-1.));
#2329=DIRECTION('',(1.,0.,0.));
#2330=DIRECTION('',(0.,0.,-1.));
#2331=DIRECTION('',(-0.86772423690536,0.497045922110836,0.));
#2332=DIRECTION('',(-0.497045922110836,-0.86772423690536,0.));
#2333=DIRECTION('',(0.257172863162737,0.966365416627002,0.));
#2334=DIRECTION('',(-0.966365416627002,0.257172863162737,0.));
#2335=DIRECTION('',(-0.86772423690536,0.497045922110836,0.));
#2336=DIRECTION('',(0.857083326700314,-0.515177805318051,0.));
#2337=DIRECTION('',(-0.515177805318052,-0.857083326700313,0.));
#2338=DIRECTION('',(0.846063590671405,-0.533081982944659,0.));
#2339=DIRECTION('',(0.533081982944659,0.846063590671405,0.));
#2340=DIRECTION('',(0.846063590671405,-0.533081982944659,0.));
#2341=DIRECTION('',(0.875523267236416,0.483175960212913,0.));
#2342=DIRECTION('',(0.483175960212913,-0.875523267236416,0.));
#2343=DIRECTION('',(-0.277431441376599,-0.960745437322344,0.));
#2344=DIRECTION('',(0.960745437322344,-0.277431441376599,0.));
#2345=DIRECTION('',(0.,1.,0.));
#2346=DIRECTION('',(0.,0.,1.));
#2347=DIRECTION('',(0.,1.,0.));
#2348=DIRECTION('',(0.,1.,0.));
#2349=DIRECTION('',(0.,0.,1.));
#2350=DIRECTION('',(-0.849747325331144,0.527190177348334,6.85896882712974E-15));
#2351=DIRECTION('',(-0.527190177348334,-0.849747325331144,0.));
#2352=DIRECTION('',(1.,0.,0.));
#2353=DIRECTION('',(0.,0.,-1.));
#2354=DIRECTION('',(1.,0.,0.));
#2355=DIRECTION('',(1.,0.,0.));
#2356=DIRECTION('',(0.,0.,-1.));
#2357=DIRECTION('',(0.,1.,0.));
#2358=DIRECTION('',(0.,0.,1.));
#2359=DIRECTION('',(0.87209261383199,0.489340855539048,0.));
#2360=DIRECTION('',(-0.489340855539048,0.87209261383199,0.));
#2361=DIRECTION('',(0.856758108519674,0.515718473089524,0.));
#2362=DIRECTION('',(-0.515718473089524,0.856758108519675,0.));
#2363=DIRECTION('',(0.,1.,0.));
#2364=DIRECTION('',(0.,0.,1.));
#2365=DIRECTION('',(1.,0.,-6.93889390390799E-14));
#2366=DIRECTION('',(-6.93889390390799E-14,0.,-1.));
#2367=DIRECTION('',(-0.869685915236178,0.493605519458415,0.));
#2368=DIRECTION('',(-0.493605519458415,-0.869685915236178,0.));
#2369=DIRECTION('',(-1.,0.,0.));
#2370=DIRECTION('',(0.,0.,1.));
#2371=DIRECTION('',(-1.,0.,0.));
#2372=DIRECTION('',(-1.,0.,0.));
#2373=DIRECTION('',(0.,0.,1.));
#2374=DIRECTION('',(-0.707106781186548,-0.707106781186548,0.));
#2375=DIRECTION('',(-0.707106781186548,0.707106781186548,0.));
#2376=DIRECTION('',(-1.,0.,0.));
#2377=DIRECTION('',(-0.707106781186548,-0.707106781186548,0.));
#2378=DIRECTION('',(-0.707106781186548,0.707106781186548,0.));
#2379=DIRECTION('',(0.,-1.,0.));
#2380=DIRECTION('',(0.,0.,-1.));
#2381=DIRECTION('',(0.707106781186548,-0.707106781186548,0.));
#2382=DIRECTION('',(-0.707106781186548,-0.707106781186548,0.));
#2383=DIRECTION('',(0.,-1.,0.));
#2384=DIRECTION('',(0.,-1.,0.));
#2385=DIRECTION('',(0.,0.,-1.));
#2386=DIRECTION('',(0.,-1.,0.));
#2387=DIRECTION('',(-0.681223200333634,-0.732075782502879,0.));
#2388=DIRECTION('',(-0.732075782502879,0.681223200333634,0.));
#2389=DIRECTION('',(1.,0.,0.));
#2390=DIRECTION('',(0.,0.,-1.));
#2391=DIRECTION('',(0.707106781186548,-0.707106781186548,0.));
#2392=DIRECTION('',(-0.707106781186548,-0.707106781186548,0.));
#2393=DIRECTION('',(1.,0.,0.));
#2394=DIRECTION('',(-0.99741401488672,-0.071869902654404,0.));
#2395=DIRECTION('',(0.071869902654404,-0.99741401488672,0.));
#2396=DIRECTION('',(-0.99741401488672,-0.071869902654404,0.));
#2397=DIRECTION('',(-0.969848547760473,0.24370842087811,0.));
#2398=DIRECTION('',(0.24370842087811,0.969848547760473,0.));
#2399=DIRECTION('',(0.,-1.,0.));
#2400=DIRECTION('',(0.,0.,-1.));
#2401=DIRECTION('',(0.707106781186548,-0.707106781186548,0.));
#2402=DIRECTION('',(-0.707106781186548,-0.707106781186548,0.));
#2403=DIRECTION('',(0.,-1.,0.));
#2404=DIRECTION('',(-0.844959231532138,0.534830718123612,0.));
#2405=DIRECTION('',(-0.534830718123612,-0.844959231532138,0.));
#2406=DIRECTION('',(-0.844959231532138,0.534830718123612,0.));
#2407=DIRECTION('',(-0.482270298627433,0.876022464929871,0.));
#2408=DIRECTION('',(0.876022464929871,0.482270298627433,0.));
#2409=DIRECTION('',(1.,0.,0.));
#2410=DIRECTION('',(0.,0.,-1.));
#2411=DIRECTION('',(0.707106781186548,0.707106781186548,0.));
#2412=DIRECTION('',(0.707106781186548,-0.707106781186548,0.));
#2413=DIRECTION('',(1.,0.,0.));
#2414=DIRECTION('',(0.,1.,0.));
#2415=DIRECTION('',(0.,0.,1.));
#2416=DIRECTION('',(0.,1.,0.));
#2417=DIRECTION('',(0.707106781186548,0.707106781186548,0.));
#2418=DIRECTION('',(0.707106781186548,-0.707106781186548,0.));
#2419=DIRECTION('',(0.,1.,0.));
#2420=DIRECTION('',(0.,0.,1.));
#2421=DIRECTION('',(0.707106781186548,0.707106781186548,0.));
#2422=DIRECTION('',(-0.707106781186548,0.707106781186548,0.));
#2423=DIRECTION('',(0.,1.,0.));
#2424=DIRECTION('',(1.,0.,0.));
#2425=DIRECTION('',(0.,0.,-1.));
#2426=DIRECTION('',(1.,0.,0.));
#2427=DIRECTION('',(-0.678803966229744,-0.734319532241087,-5.9711312411581E-15));
#2428=DIRECTION('',(0.734319532241087,-0.678803966229744,0.));
#2429=DIRECTION('',(1.,0.,0.));
#2430=DIRECTION('',(0.,0.,-1.));
#2431=DIRECTION('',(0.677111882874039,-0.735880084029167,0.));
#2432=DIRECTION('',(0.735880084029167,0.677111882874039,0.));
#2433=DIRECTION('',(0.,-1.,0.));
#2434=DIRECTION('',(0.,0.,-1.));
#2435=DIRECTION('',(0.,-1.,0.));
#2436=DIRECTION('',(0.,0.,-1.));
#2437=DIRECTION('',(0.680063128757793,-0.733153558883923,1.98721670326879E-15));
#2438=DIRECTION('',(0.733153558883923,0.680063128757793,0.));
#2439=DIRECTION('',(-0.678386419382493,-0.734705291935072,0.));
#2440=DIRECTION('',(0.734705291935072,-0.678386419382494,0.));
#2441=DIRECTION('',(1.,0.,0.));
#2442=DIRECTION('',(0.,0.,-1.));
#2443=DIRECTION('',(0.779938109117132,0.625856649678497,8.142661670952E-15));
#2444=DIRECTION('',(-0.625856649678497,0.779938109117132,0.));
#2445=DIRECTION('',(-0.999999999999887,-4.75730176612942E-7,0.));
#2446=DIRECTION('',(4.75730176612942E-7,-0.999999999999887,0.));
#2447=DIRECTION('',(-1.,0.,0.));
#2448=DIRECTION('',(0.,0.,1.));
#2449=DIRECTION('',(-1.,0.,0.));
#2450=DIRECTION('',(-1.,0.,0.));
#2451=DIRECTION('',(0.,0.,1.));
#2452=DIRECTION('',(0.,1.,0.));
#2453=DIRECTION('',(0.,0.,1.));
#2454=DIRECTION('',(-0.780637501617742,0.624984072651463,0.));
#2455=DIRECTION('',(-0.624984072651463,-0.780637501617742,0.));
#2456=DIRECTION('',(-0.788418266441364,0.615139526564172,7.33629172190919E-15));
#2457=DIRECTION('',(-0.615139526564172,-0.788418266441364,0.));
#2458=DIRECTION('',(0.,1.,0.));
#2459=DIRECTION('',(0.,0.,1.));
#2460=DIRECTION('',(-1.,0.,0.));
#2461=DIRECTION('',(0.,0.,1.));
#2462=DIRECTION('',(0.779002205570549,0.627021182828954,0.));
#2463=DIRECTION('',(-0.627021182828954,0.779002205570549,0.));
#2464=DIRECTION('',(1.,0.,0.));
#2465=DIRECTION('',(0.,0.,-1.));
#2466=DIRECTION('',(0.99995162941681,0.00983558979754384,0.));
#2467=DIRECTION('',(-0.00983558979754384,0.999951629416811,0.));
#2468=DIRECTION('',(1.,0.,0.));
#2469=DIRECTION('',(0.849747325331159,-0.52719017734831,0.));
#2470=DIRECTION('',(0.52719017734831,0.849747325331159,0.));
#2471=DIRECTION('',(1.,0.,0.));
#2472=DIRECTION('',(0.,0.,-1.));
#2473=DIRECTION('',(-1.,0.,0.));
#2474=DIRECTION('',(0.,0.,1.));
#2475=DIRECTION('',(0.,-1.,0.));
#2476=DIRECTION('',(0.,0.,-1.));
#2477=DIRECTION('',(-0.872092613831981,-0.489340855539064,1.16719772105514E-14));
#2478=DIRECTION('',(0.489340855539064,-0.872092613831982,0.));
#2479=DIRECTION('',(-0.856758108519677,-0.51571847308952,0.));
#2480=DIRECTION('',(0.51571847308952,-0.856758108519677,0.));
#2481=DIRECTION('',(0.,-1.,0.));
#2482=DIRECTION('',(0.,0.,-1.));
#2483=DIRECTION('',(-1.,0.,0.));
#2484=DIRECTION('',(0.,0.,1.));
#2485=DIRECTION('',(0.869685915236169,-0.493605519458431,0.));
#2486=DIRECTION('',(0.493605519458431,0.869685915236169,0.));
#2487=DIRECTION('',(-1.,0.,0.));
#2488=DIRECTION('',(0.,0.,1.));
#2489=DIRECTION('',(-0.779938109117155,-0.625856649678469,0.));
#2490=DIRECTION('',(0.625856649678469,-0.779938109117155,0.));
#2491=DIRECTION('',(-1.,0.,0.));
#2492=DIRECTION('',(0.,0.,1.));
#2493=DIRECTION('',(1.,0.,0.));
#2494=DIRECTION('',(0.,0.,-1.));
#2495=DIRECTION('',(0.,-1.,0.));
#2496=DIRECTION('',(0.,0.,-1.));
#2497=DIRECTION('',(0.780637501617747,-0.624984072651457,-1.76178363227782E-14));
#2498=DIRECTION('',(0.624984072651457,0.780637501617747,0.));
#2499=DIRECTION('',(0.788418266441364,-0.615139526564173,0.));
#2500=DIRECTION('',(0.615139526564173,0.788418266441364,0.));
#2501=DIRECTION('',(0.,-1.,0.));
#2502=DIRECTION('',(0.,0.,-1.));
#2503=DIRECTION('',(1.,0.,0.));
#2504=DIRECTION('',(0.,0.,-1.));
#2505=DIRECTION('',(-0.77900220557055,-0.627021182828953,-3.50192401523493E-14));
#2506=DIRECTION('',(0.627021182828953,-0.77900220557055,0.));
#2507=DIRECTION('',(1.,0.,0.));
#2508=DIRECTION('',(0.,0.,-1.));
#2509=DIRECTION('',(0.999951634095784,0.00983511409036958,0.));
#2510=DIRECTION('',(-0.00983511409036958,0.999951634095784,0.));
#2511=DIRECTION('',(0.678803966229753,0.734319532241079,0.));
#2512=DIRECTION('',(-0.734319532241079,0.678803966229753,0.));
#2513=DIRECTION('',(-1.,0.,0.));
#2514=DIRECTION('',(0.,0.,1.));
#2515=DIRECTION('',(-0.677111882874059,0.735880084029149,-3.74986109322854E-14));
#2516=DIRECTION('',(-0.735880084029149,-0.677111882874059,0.));
#2517=DIRECTION('',(0.,1.,0.));
#2518=DIRECTION('',(0.,0.,1.));
#2519=DIRECTION('',(0.,1.,0.));
#2520=DIRECTION('',(0.,0.,1.));
#2521=DIRECTION('',(-0.680063128757784,0.733153558883931,0.));
#2522=DIRECTION('',(-0.733153558883931,-0.680063128757784,0.));
#2523=DIRECTION('',(0.67838641938251,0.734705291935057,-3.15394169632455E-14));
#2524=DIRECTION('',(-0.734705291935057,0.67838641938251,0.));
#2525=DIRECTION('',(-1.,0.,0.));
#2526=DIRECTION('',(0.,0.,1.));
#2527=DIRECTION('',(-1.,0.,0.));
#2528=DIRECTION('',(0.,0.,1.));
#2529=DIRECTION('',(1.,0.,0.));
#2530=DIRECTION('',(0.,0.,-1.));
#2531=DIRECTION('',(-1.,0.,0.));
#2532=DIRECTION('',(0.,1.,0.));
#2533=DIRECTION('',(0.,0.,1.));
#2534=DIRECTION('',(0.,0.,-1.));
#2535=DIRECTION('',(-1.,0.,0.));
#2536=DIRECTION('',(-1.,0.,0.));
#2537=DIRECTION('',(0.,0.,1.));
#2538=DIRECTION('',(0.257172863162737,0.966365416627002,0.));
#2539=DIRECTION('',(-0.966365416627002,0.257172863162737,0.));
#2540=DIRECTION('',(-1.,0.,0.));
#2541=DIRECTION('',(0.,0.,1.));
#2542=DIRECTION('',(0.,0.,1.));
#2543=DIRECTION('',(1.,0.,0.));
#2544=DIRECTION('',(0.,-1.,0.));
#2545=DIRECTION('',(0.,0.,-1.));
#2546=DIRECTION('',(-0.86772423690536,0.497045922110836,0.));
#2547=DIRECTION('',(-0.497045922110836,-0.86772423690536,0.));
#2548=DIRECTION('',(0.857083326700314,-0.515177805318051,0.));
#2549=DIRECTION('',(-0.515177805318052,-0.857083326700313,0.));
#2550=DIRECTION('',(0.,1.,0.));
#2551=DIRECTION('',(0.,0.,1.));
#2552=DIRECTION('',(0.875523267236416,0.483175960212913,0.));
#2553=DIRECTION('',(-0.483175960212913,0.875523267236416,0.));
#2554=DIRECTION('',(0.846063590671405,-0.533081982944659,0.));
#2555=DIRECTION('',(0.533081982944659,0.846063590671405,0.));
#2556=DIRECTION('',(-1.,0.,0.));
#2557=DIRECTION('',(0.,0.,1.));
#2558=DIRECTION('',(-0.707106781186548,-0.707106781186548,0.));
#2559=DIRECTION('',(-0.707106781186548,0.707106781186548,0.));
#2560=DIRECTION('',(-0.707106781186548,-0.707106781186548,0.));
#2561=DIRECTION('',(-0.707106781186548,0.707106781186548,0.));
#2562=DIRECTION('',(0.,-1.,0.));
#2563=DIRECTION('',(0.,0.,-1.));
#2564=DIRECTION('',(0.707106781186548,-0.707106781186548,0.));
#2565=DIRECTION('',(-0.707106781186548,-0.707106781186548,0.));
#2566=DIRECTION('',(0.,-1.,0.));
#2567=DIRECTION('',(0.,0.,-1.));
#2568=DIRECTION('',(-0.681223200333634,-0.732075782502879,0.));
#2569=DIRECTION('',(-0.732075782502879,0.681223200333634,0.));
#2570=DIRECTION('',(1.,0.,0.));
#2571=DIRECTION('',(0.,0.,-1.));
#2572=DIRECTION('',(0.707106781186548,-0.707106781186548,0.));
#2573=DIRECTION('',(-0.707106781186548,-0.707106781186548,0.));
#2574=DIRECTION('',(-0.99741401488672,-0.071869902654404,0.));
#2575=DIRECTION('',(0.071869902654404,-0.99741401488672,0.));
#2576=DIRECTION('',(-0.969848547760473,0.24370842087811,0.));
#2577=DIRECTION('',(0.24370842087811,0.969848547760473,0.));
#2578=DIRECTION('',(0.,-1.,0.));
#2579=DIRECTION('',(0.,0.,-1.));
#2580=DIRECTION('',(0.707106781186548,-0.707106781186548,0.));
#2581=DIRECTION('',(-0.707106781186548,-0.707106781186548,0.));
#2582=DIRECTION('',(-0.844959231532138,0.534830718123612,0.));
#2583=DIRECTION('',(-0.534830718123612,-0.844959231532138,0.));
#2584=DIRECTION('',(-0.482270298627433,0.876022464929871,0.));
#2585=DIRECTION('',(0.876022464929871,0.482270298627433,0.));
#2586=DIRECTION('',(1.,0.,0.));
#2587=DIRECTION('',(0.,0.,-1.));
#2588=DIRECTION('',(0.707106781186548,0.707106781186548,0.));
#2589=DIRECTION('',(0.707106781186548,-0.707106781186548,0.));
#2590=DIRECTION('',(0.,1.,0.));
#2591=DIRECTION('',(0.,0.,1.));
#2592=DIRECTION('',(0.707106781186548,0.707106781186548,0.));
#2593=DIRECTION('',(0.707106781186548,-0.707106781186548,0.));
#2594=DIRECTION('',(0.,1.,0.));
#2595=DIRECTION('',(0.,0.,1.));
#2596=DIRECTION('',(0.707106781186548,0.707106781186548,0.));
#2597=DIRECTION('',(-0.707106781186548,0.707106781186548,0.));
#2598=DIRECTION('',(1.,0.,0.));
#2599=DIRECTION('',(0.,0.,-1.));
#2600=CARTESIAN_POINT('',(0.,0.,0.));
#2601=CARTESIAN_POINT('',(0.114809661874344,-0.0040997012042669,0.3054));
#2602=CARTESIAN_POINT('',(0.114809659694118,-0.00409948458321517,0.305399624782329));
#2603=CARTESIAN_POINT('',(0.114809657497552,-0.00409926633860331,0.305399250506765));
#2604=CARTESIAN_POINT('',(0.114808905345225,-0.00409970880321437,0.305399999973516));
#2605=CARTESIAN_POINT('',(0.114808903218047,-0.00409949218146266,0.305399624755945));
#2606=CARTESIAN_POINT('',(0.114808901074925,-0.00409927393614731,0.305399250480479));
#2607=CARTESIAN_POINT('',(0.114808182215921,-0.00409971586917876,0.305400000011302));
#2608=CARTESIAN_POINT('',(0.114808180100017,-0.00409949924756073,0.305399624793589));
#2609=CARTESIAN_POINT('',(0.114808177968254,-0.0040992810023776,0.305399250517982));
#2610=CARTESIAN_POINT('',(0.114807479930238,-0.00409972277038115,0.3054));
#2611=CARTESIAN_POINT('',(0.114807477799535,-0.00409950614883665,0.305399624782329));
#2612=CARTESIAN_POINT('',(0.114807475652861,-0.00409928790372833,0.305399250506765));
#2613=CARTESIAN_POINT('',(0.11480861701816,-0.0040997115859098,0.3054));
#2614=CARTESIAN_POINT('',(0.114808573073344,-0.00409971201815389,0.3054));
#2615=CARTESIAN_POINT('',(0.114808529128527,-0.00409971245039798,0.3054));
#2616=CARTESIAN_POINT('',(0.114808485183711,-0.00409971288264208,0.3054));
#2617=CARTESIAN_POINT('',(0.11480861701816,-0.0040997115859098,0.3054));
#2618=CARTESIAN_POINT('',(0.114808485255806,-0.00409971916544333,0.305399996372799));
#2619=CARTESIAN_POINT('',(0.22325,0.,0.3055));
#2620=CARTESIAN_POINT('',(0.112103493923611,0.,0.3055));
#2621=CARTESIAN_POINT('',(0.112103493923611,0.00255260161269849,0.3055));
#2622=CARTESIAN_POINT('',(0.112103493923611,0.00370385199652779,0.3055));
#2623=CARTESIAN_POINT('',(0.22325,0.00370385199652779,0.3055));
#2624=CARTESIAN_POINT('',(0.114720084635417,0.00370385199652779,0.3055));
#2625=CARTESIAN_POINT('',(0.114720084635417,0.,0.3055));
#2626=CARTESIAN_POINT('',(0.114720084635417,0.00417976345486113,0.3055));
#2627=CARTESIAN_POINT('',(0.22325,0.00417976345486113,0.3055));
#2628=CARTESIAN_POINT('',(0.115792447916667,0.00417976345486113,0.3055));
#2629=CARTESIAN_POINT('',(0.115792447916667,0.,0.3055));
#2630=CARTESIAN_POINT('',(0.115792447916667,0.00370385199652779,0.3055));
#2631=CARTESIAN_POINT('',(0.22325,0.00370385199652779,0.3055));
#2632=CARTESIAN_POINT('',(0.1167,0.00370385199652779,0.3055));
#2633=CARTESIAN_POINT('',(0.1167,0.,0.3055));
#2634=CARTESIAN_POINT('',(0.1167,0.00247100694444445,0.3055));
#2635=CARTESIAN_POINT('',(0.22325,0.00247100694444445,0.3055));
#2636=CARTESIAN_POINT('',(0.115792447916667,0.00247100694444445,0.3055));
#2637=CARTESIAN_POINT('',(0.115792447916667,0.,0.3055));
#2638=CARTESIAN_POINT('',(0.115792447916667,0.000764793317487972,0.3055));
#2639=CARTESIAN_POINT('',(0.222640127861936,0.00846383528190992,0.3055));
#2640=CARTESIAN_POINT('',(0.115016337603458,0.00070886972725674,0.3055));
#2641=CARTESIAN_POINT('',(0.192610766842856,-0.0484057890205375,0.3055));
#2642=CARTESIAN_POINT('',(0.116731358506944,-0.000127278645833334,0.3055));
#2643=CARTESIAN_POINT('',(0.116731358506944,-0.000300362048784796,0.3055));
#2644=CARTESIAN_POINT('',(0.11667371230484,-0.00047267662354124,0.3055));
#2645=CARTESIAN_POINT('',(0.116556093619151,-0.000600059879362611,0.3055));
#2646=CARTESIAN_POINT('',(0.116731358506944,-0.000127278645833334,0.3055));
#2647=CARTESIAN_POINT('',(0.116556093619151,-0.000600059879362613,0.3055));
#2648=CARTESIAN_POINT('',(0.116556093619151,-0.000600059879362614,0.3055));
#2649=CARTESIAN_POINT('',(0.116437527274119,-0.000728469468132877,0.3055));
#2650=CARTESIAN_POINT('',(0.116265052717892,-0.000796733940972225,0.3055));
#2651=CARTESIAN_POINT('',(0.116090494791667,-0.000796733940972225,0.3055));
#2652=CARTESIAN_POINT('',(0.116090494791667,-0.000796733940972225,0.3055));
#2653=CARTESIAN_POINT('',(0.116090494791667,-0.000796733940972225,0.3055));
#2654=CARTESIAN_POINT('',(0.115914685443482,-0.000796733940972225,0.3055));
#2655=CARTESIAN_POINT('',(0.115741193488385,-0.000728030939755275,0.3055));
#2656=CARTESIAN_POINT('',(0.115621517074681,-0.000599011757695998,0.3055));
#2657=CARTESIAN_POINT('',(0.115621517074682,-0.000599011757696005,0.3055));
#2658=CARTESIAN_POINT('',(0.115621517074682,-0.000599011757696005,0.3055));
#2659=CARTESIAN_POINT('',(0.115503708017545,-0.00047200571096925,0.3055));
#2660=CARTESIAN_POINT('',(0.115444097222222,-0.000300291744120896,0.3055));
#2661=CARTESIAN_POINT('',(0.115444097222222,-0.000127278645833432,0.3055));
#2662=CARTESIAN_POINT('',(0.115444097222222,-0.000127278645833334,0.3055));
#2663=CARTESIAN_POINT('',(0.115444097222222,-0.000127278645833334,0.3055));
#2664=CARTESIAN_POINT('',(0.115444097222222,4.6676309073521E-5,0.3055));
#2665=CARTESIAN_POINT('',(0.115503023752274,0.000219498755376951,0.3055));
#2666=CARTESIAN_POINT('',(0.11562128388001,0.000347430715120948,0.3055));
#2667=CARTESIAN_POINT('',(0.11562128388001,0.000347430715120948,0.3055));
#2668=CARTESIAN_POINT('',(0.11562128388001,0.000347430715120949,0.3055));
#2669=CARTESIAN_POINT('',(0.115740857214034,0.000476783280923902,0.3055));
#2670=CARTESIAN_POINT('',(0.115914553158364,0.000545865885416668,0.3055));
#2671=CARTESIAN_POINT('',(0.116090494791667,0.000545865885416668,0.3055));
#2672=CARTESIAN_POINT('',(0.116090494791667,0.000545865885416668,0.3055));
#2673=CARTESIAN_POINT('',(0.116090494791667,0.000545865885416668,0.3055));
#2674=CARTESIAN_POINT('',(0.116265317013787,0.000545865885416668,0.3055));
#2675=CARTESIAN_POINT('',(0.116437839765097,0.0004772485091317,0.3055));
#2676=CARTESIAN_POINT('',(0.11655632857757,0.000348475761991491,0.3055));
#2677=CARTESIAN_POINT('',(0.11655632857757,0.000348475761991474,0.3055));
#2678=CARTESIAN_POINT('',(0.11655632857757,0.000348475761991474,0.3055));
#2679=CARTESIAN_POINT('',(0.116674300528919,0.000220264735618752,0.3055));
#2680=CARTESIAN_POINT('',(0.116731358506945,4.66518384941524E-5,0.3055));
#2681=CARTESIAN_POINT('',(0.116731358506945,-0.000127278645833292,0.3055));
#2682=CARTESIAN_POINT('',(0.112045388454861,-0.00265763346354168,0.3055));
#2683=CARTESIAN_POINT('',(0.112045388454861,-0.00220129215536453,0.3055));
#2684=CARTESIAN_POINT('',(0.112214080847819,-0.00174035760443753,0.3055));
#2685=CARTESIAN_POINT('',(0.112571454487392,-0.00145270650333034,0.3055));
#2686=CARTESIAN_POINT('',(0.112045388454861,-0.00265763346354168,0.3055));
#2687=CARTESIAN_POINT('',(0.112571454487392,-0.00145270650333034,0.3055));
#2688=CARTESIAN_POINT('',(0.112571454487392,-0.00145270650333034,0.3055));
#2689=CARTESIAN_POINT('',(0.112966287772821,-0.00113490402231128,0.3055));
#2690=CARTESIAN_POINT('',(0.113486542286162,-0.00104178082478648,0.3055));
#2691=CARTESIAN_POINT('',(0.113990274635513,-0.00103682608036664,0.3055));
#2692=CARTESIAN_POINT('',(0.113990274635513,-0.00103681640625,0.3055));
#2693=CARTESIAN_POINT('',(0.22325,-0.00103681640625,0.3055));
#2694=CARTESIAN_POINT('',(0.11476513671875,-0.00103681640625,0.3055));
#2695=CARTESIAN_POINT('',(0.11476513671875,-0.00103681640625,0.3055));
#2696=CARTESIAN_POINT('',(0.115279550370448,-0.00103681640625,0.3055));
#2697=CARTESIAN_POINT('',(0.11581159697062,-0.00112102660206868,0.3055));
#2698=CARTESIAN_POINT('',(0.11621951770566,-0.00143929442830895,0.3055));
#2699=CARTESIAN_POINT('',(0.11621951770566,-0.00143929442830896,0.3055));
#2700=CARTESIAN_POINT('',(0.11621951770566,-0.00143929442830896,0.3055));
#2701=CARTESIAN_POINT('',(0.116584352230403,-0.00172394554102069,0.3055));
#2702=CARTESIAN_POINT('',(0.11675810546875,-0.00218981876485365,0.3055));
#2703=CARTESIAN_POINT('',(0.11675810546875,-0.00265163845486112,0.3055));
#2704=CARTESIAN_POINT('',(0.11675810546875,-0.00265163845486112,0.3055));
#2705=CARTESIAN_POINT('',(0.11675810546875,-0.00265163845486112,0.3055));
#2706=CARTESIAN_POINT('',(0.11675810546875,-0.00310847543680696,0.3055));
#2707=CARTESIAN_POINT('',(0.116588605027526,-0.00356979278731669,0.3055));
#2708=CARTESIAN_POINT('',(0.116230423066047,-0.00385721375029566,0.3055));
#2709=CARTESIAN_POINT('',(0.116230423066047,-0.00385721375029566,0.3055));
#2710=CARTESIAN_POINT('',(0.116230423066047,-0.00385721375029566,0.3055));
#2711=CARTESIAN_POINT('',(0.115834354296359,-0.00417503675489237,0.3055));
#2712=CARTESIAN_POINT('',(0.115313186397304,-0.00426796206760294,0.3055));
#2713=CARTESIAN_POINT('',(0.114808485338206,-0.00427292634031538,0.3055));
#2714=CARTESIAN_POINT('',(0.114808485338206,-0.00427292634031538,0.3055));
#2715=CARTESIAN_POINT('',(0.22325,-0.00427291666666669,0.3055));
#2716=CARTESIAN_POINT('',(0.114035590277778,-0.00427291666666669,0.3055));
#2717=CARTESIAN_POINT('',(0.114035590277778,-0.00427291666666669,0.3055));
#2718=CARTESIAN_POINT('',(0.113518400434413,-0.00427291666666669,0.3055));
#2719=CARTESIAN_POINT('',(0.112982365317692,-0.00418960013370299,0.3055));
#2720=CARTESIAN_POINT('',(0.112576012300053,-0.00386427094650411,0.3055));
#2721=CARTESIAN_POINT('',(0.112576012300053,-0.00386427094650412,0.3055));
#2722=CARTESIAN_POINT('',(0.112576012300053,-0.00386427094650412,0.3055));
#2723=CARTESIAN_POINT('',(0.112217499907749,-0.00357724331258497,0.3055));
#2724=CARTESIAN_POINT('',(0.112045388454861,-0.00311608126212108,0.3055));
#2725=CARTESIAN_POINT('',(0.112045388454861,-0.00265763346354168,0.3055));
#2726=CARTESIAN_POINT('',(0.10675,0.0077,0.3055));
#2727=CARTESIAN_POINT('',(0.085,0.0077,0.3055));
#2728=CARTESIAN_POINT('',(0.10675,0.0077,0.3055));
#2729=CARTESIAN_POINT('',(0.10675,0.0077,0.3055));
#2730=CARTESIAN_POINT('',(0.107615123832596,0.0077,0.3055));
#2731=CARTESIAN_POINT('',(0.109275183428323,0.00702721714211783,0.3055));
#2732=CARTESIAN_POINT('',(0.110885206819616,0.00496238488252095,0.3055));
#2733=CARTESIAN_POINT('',(0.111764201278174,0.00254203802839755,0.3055));
#2734=CARTESIAN_POINT('',(0.112042811507986,5.9219481162226E-6,0.3055));
#2735=CARTESIAN_POINT('',(0.111764549137053,-0.00254363150196936,0.3055));
#2736=CARTESIAN_POINT('',(0.110885767573913,-0.0049594845314891,0.3055));
#2737=CARTESIAN_POINT('',(0.109279647059391,-0.00702454251619476,0.3055));
#2738=CARTESIAN_POINT('',(0.107615096274551,-0.0077,0.3055));
#2739=CARTESIAN_POINT('',(0.10675,-0.0077,0.3055));
#2740=CARTESIAN_POINT('',(0.10675,-0.0077,0.3055));
#2741=CARTESIAN_POINT('',(0.085,-0.0077,0.3055));
#2742=CARTESIAN_POINT('',(0.085,-0.0077,0.3055));
#2743=CARTESIAN_POINT('',(0.085,-0.0095,0.3055));
#2744=CARTESIAN_POINT('',(0.0832,-0.0095,0.3055));
#2745=CARTESIAN_POINT('',(0.0832,-0.0105,0.3055));
#2746=CARTESIAN_POINT('',(0.0832,-0.0105,0.3055));
#2747=CARTESIAN_POINT('',(0.085,-0.0105,0.3055));
#2748=CARTESIAN_POINT('',(0.085,-0.0123,0.3055));
#2749=CARTESIAN_POINT('',(0.11425,-0.0123,0.3055));
#2750=CARTESIAN_POINT('',(0.11425,-0.0123,0.3055));
#2751=CARTESIAN_POINT('',(0.11425,-0.0135,0.3055));
#2752=CARTESIAN_POINT('',(0.11545,-0.0135,0.3055));
#2753=CARTESIAN_POINT('',(0.11545,0.,0.3055));
#2754=CARTESIAN_POINT('',(0.11545,-0.0145,0.3055));
#2755=CARTESIAN_POINT('',(0.11575,-0.0145,0.3055));
#2756=CARTESIAN_POINT('',(0.11575,-0.0148,0.3055));
#2757=CARTESIAN_POINT('',(0.22325,-0.0148,0.3055));
#2758=CARTESIAN_POINT('',(0.116,-0.0148,0.3055));
#2759=CARTESIAN_POINT('',(0.116,-0.014,0.3055));
#2760=CARTESIAN_POINT('',(0.1168,-0.014,0.3055));
#2761=CARTESIAN_POINT('',(0.1168,0.,0.3055));
#2762=CARTESIAN_POINT('',(0.1168,0.014,0.3055));
#2763=CARTESIAN_POINT('',(0.116,0.014,0.3055));
#2764=CARTESIAN_POINT('',(0.116,0.0148,0.3055));
#2765=CARTESIAN_POINT('',(0.22325,0.0148,0.3055));
#2766=CARTESIAN_POINT('',(0.11575,0.0148,0.3055));
#2767=CARTESIAN_POINT('',(0.11575,0.0145,0.3055));
#2768=CARTESIAN_POINT('',(0.11545,0.0145,0.3055));
#2769=CARTESIAN_POINT('',(0.11545,0.,0.3055));
#2770=CARTESIAN_POINT('',(0.11545,0.0135,0.3055));
#2771=CARTESIAN_POINT('',(0.11425,0.0135,0.3055));
#2772=CARTESIAN_POINT('',(0.11425,0.0123,0.3055));
#2773=CARTESIAN_POINT('',(0.085,0.0123,0.3055));
#2774=CARTESIAN_POINT('',(0.085,0.0123,0.3055));
#2775=CARTESIAN_POINT('',(0.085,0.0105,0.3055));
#2776=CARTESIAN_POINT('',(0.0832,0.0105,0.3055));
#2777=CARTESIAN_POINT('',(0.0832,0.0095,0.3055));
#2778=CARTESIAN_POINT('',(0.0832,0.0095,0.3055));
#2779=CARTESIAN_POINT('',(0.085,0.0095,0.3055));
#2780=CARTESIAN_POINT('',(0.22325,0.,0.3051));
#2781=CARTESIAN_POINT('',(0.22325,-0.0077,0.3051));
#2782=CARTESIAN_POINT('',(0.085,-0.0077,0.3051));
#2783=CARTESIAN_POINT('',(0.10675,-0.0077,0.3051));
#2784=CARTESIAN_POINT('',(0.10675,-0.0077,0.3051));
#2785=CARTESIAN_POINT('',(0.107615123832596,-0.0077,0.3051));
#2786=CARTESIAN_POINT('',(0.109275183428323,-0.0070272171421178,0.3051));
#2787=CARTESIAN_POINT('',(0.110885206819616,-0.00496238488252092,0.3051));
#2788=CARTESIAN_POINT('',(0.111764201278174,-0.00254203802839752,0.3051));
#2789=CARTESIAN_POINT('',(0.112042811507986,-5.9219481161907E-6,0.3051));
#2790=CARTESIAN_POINT('',(0.111764549137053,0.00254363150196939,0.3051));
#2791=CARTESIAN_POINT('',(0.110885767573913,0.00495948453148912,0.3051));
#2792=CARTESIAN_POINT('',(0.109279647059391,0.0070245425161948,0.3051));
#2793=CARTESIAN_POINT('',(0.107615096274551,0.0077,0.3051));
#2794=CARTESIAN_POINT('',(0.10675,0.0077,0.3051));
#2795=CARTESIAN_POINT('',(0.10675,0.0077,0.3051));
#2796=CARTESIAN_POINT('',(0.22325,0.0077,0.3051));
#2797=CARTESIAN_POINT('',(0.085,0.0077,0.3051));
#2798=CARTESIAN_POINT('',(0.085,0.0095,0.3051));
#2799=CARTESIAN_POINT('',(0.0832,0.0095,0.3051));
#2800=CARTESIAN_POINT('',(0.0832,0.,0.3051));
#2801=CARTESIAN_POINT('',(0.0832,0.0105,0.3051));
#2802=CARTESIAN_POINT('',(0.085,0.0105,0.3051));
#2803=CARTESIAN_POINT('',(0.085,0.0123,0.3051));
#2804=CARTESIAN_POINT('',(0.22325,0.0123,0.3051));
#2805=CARTESIAN_POINT('',(0.11425,0.0123,0.3051));
#2806=CARTESIAN_POINT('',(0.11425,0.0135,0.3051));
#2807=CARTESIAN_POINT('',(0.11545,0.0135,0.3051));
#2808=CARTESIAN_POINT('',(0.11545,0.0145,0.3051));
#2809=CARTESIAN_POINT('',(0.11545,0.0145,0.3051));
#2810=CARTESIAN_POINT('',(0.11575,0.0145,0.3051));
#2811=CARTESIAN_POINT('',(0.11575,0.0148,0.3051));
#2812=CARTESIAN_POINT('',(0.116,0.0148,0.3051));
#2813=CARTESIAN_POINT('',(0.116,0.0148,0.3051));
#2814=CARTESIAN_POINT('',(0.116,0.014,0.3051));
#2815=CARTESIAN_POINT('',(0.1168,0.014,0.3051));
#2816=CARTESIAN_POINT('',(0.1168,-0.014,0.3051));
#2817=CARTESIAN_POINT('',(0.1168,-0.014,0.3051));
#2818=CARTESIAN_POINT('',(0.116,-0.014,0.3051));
#2819=CARTESIAN_POINT('',(0.116,-0.0148,0.3051));
#2820=CARTESIAN_POINT('',(0.11575,-0.0148,0.3051));
#2821=CARTESIAN_POINT('',(0.11575,-0.0148,0.3051));
#2822=CARTESIAN_POINT('',(0.11575,-0.0145,0.3051));
#2823=CARTESIAN_POINT('',(0.11545,-0.0145,0.3051));
#2824=CARTESIAN_POINT('',(0.11545,-0.0135,0.3051));
#2825=CARTESIAN_POINT('',(0.11545,-0.0135,0.3051));
#2826=CARTESIAN_POINT('',(0.11425,-0.0135,0.3051));
#2827=CARTESIAN_POINT('',(0.11425,-0.0123,0.3051));
#2828=CARTESIAN_POINT('',(0.22325,-0.0123,0.3051));
#2829=CARTESIAN_POINT('',(0.085,-0.0123,0.3051));
#2830=CARTESIAN_POINT('',(0.085,-0.0105,0.3051));
#2831=CARTESIAN_POINT('',(0.0832,-0.0105,0.3051));
#2832=CARTESIAN_POINT('',(0.0832,0.,0.3051));
#2833=CARTESIAN_POINT('',(0.0832,-0.0095,0.3051));
#2834=CARTESIAN_POINT('',(0.085,-0.0095,0.3051));
#2835=CARTESIAN_POINT('',(0.274779052734375,0.,0.3053));
#2836=CARTESIAN_POINT('',(0.115875488917429,-0.000363430979423448,0.3053));
#2837=CARTESIAN_POINT('',(0.115930157608207,-0.000422367486210375,0.3053));
#2838=CARTESIAN_POINT('',(0.116010194131729,-0.000450323779455982,0.3053));
#2839=CARTESIAN_POINT('',(0.116090494791667,-0.000450323779456072,0.3053));
#2840=CARTESIAN_POINT('',(0.115875488917429,-0.000363430979423448,0.3053));
#2841=CARTESIAN_POINT('',(0.116090494791667,-0.000450323779458437,0.3053));
#2842=CARTESIAN_POINT('',(0.116090494791667,-0.000450323779458437,0.3053));
#2843=CARTESIAN_POINT('',(0.116169240111411,-0.000450323779458437,0.3053));
#2844=CARTESIAN_POINT('',(0.116247965873371,-0.000423129633309205,0.3053));
#2845=CARTESIAN_POINT('',(0.116301584240305,-0.000365059930253016,0.3053));
#2846=CARTESIAN_POINT('',(0.116301584240307,-0.000365059930255561,0.3053));
#2847=CARTESIAN_POINT('',(0.116301584240307,-0.000365059930255561,0.3053));
#2848=CARTESIAN_POINT('',(0.116360507876276,-0.000301244520733493,0.3053));
#2849=CARTESIAN_POINT('',(0.11638494834543,-0.000213911324208348,0.3053));
#2850=CARTESIAN_POINT('',(0.11638494834543,-0.000127278645833314,0.3053));
#2851=CARTESIAN_POINT('',(0.116384948345431,-0.000127278645833334,0.3053));
#2852=CARTESIAN_POINT('',(0.116384948345431,-0.000127278645833334,0.3053));
#2853=CARTESIAN_POINT('',(0.116384948345431,-3.97182361008125E-5,0.3053));
#2854=CARTESIAN_POINT('',(0.116360987784038,4.91710723499335E-5,0.3053));
#2855=CARTESIAN_POINT('',(0.116301412238806,0.000113917325281769,0.3053));
#2856=CARTESIAN_POINT('',(0.116301412238806,0.000113917325282169,0.3053));
#2857=CARTESIAN_POINT('',(0.116301412238806,0.000113917325282169,0.3053));
#2858=CARTESIAN_POINT('',(0.116247971497539,0.000171996319565544,0.3053));
#2859=CARTESIAN_POINT('',(0.116169332701685,0.000199455723900206,0.3053));
#2860=CARTESIAN_POINT('',(0.116090494791666,0.000199455723900253,0.3053));
#2861=CARTESIAN_POINT('',(0.116090494791667,0.00019945572390288,0.3053));
#2862=CARTESIAN_POINT('',(0.116090494791667,0.00019945572390288,0.3053));
#2863=CARTESIAN_POINT('',(0.116010298227458,0.00019945572390288,0.3053));
#2864=CARTESIAN_POINT('',(0.115930289504524,0.000171383871246492,0.3053));
#2865=CARTESIAN_POINT('',(0.115875659627779,0.000112286123540435,0.3053));
#2866=CARTESIAN_POINT('',(0.115875659627776,0.000112286123543098,0.3053));
#2867=CARTESIAN_POINT('',(0.115875659627776,0.000112286123543098,0.3053));
#2868=CARTESIAN_POINT('',(0.115816180813206,4.79428706066704E-5,0.3053));
#2869=CARTESIAN_POINT('',(0.115790507383736,-3.98455652012716E-5,0.3053));
#2870=CARTESIAN_POINT('',(0.115790507383736,-0.000127278645833358,0.3053));
#2871=CARTESIAN_POINT('',(0.115790507383736,-0.000127278645833334,0.3053));
#2872=CARTESIAN_POINT('',(0.115790507383736,-0.000127278645833334,0.3053));
#2873=CARTESIAN_POINT('',(0.115790507383736,-0.000213650092085721,0.3053));
#2874=CARTESIAN_POINT('',(0.115816539980407,-0.000299880080775321,0.3053));
#2875=CARTESIAN_POINT('',(0.115875488917429,-0.000363430979423451,0.3053));
#2876=CARTESIAN_POINT('',(0.274779052734375,0.,0.3053));
#2877=CARTESIAN_POINT('',(0.11491455078125,-0.00192325129681955,0.3053));
#2878=CARTESIAN_POINT('',(0.113917534722222,-0.00192325129681955,0.3053));
#2879=CARTESIAN_POINT('',(0.114915371746996,-0.00192325129681955,0.3053));
#2880=CARTESIAN_POINT('',(0.114915371746996,-0.00192325129681955,0.3053));
#2881=CARTESIAN_POINT('',(0.115191837476793,-0.00192635184706027,0.3053));
#2882=CARTESIAN_POINT('',(0.115476638761685,-0.00194581201182356,0.3053));
#2883=CARTESIAN_POINT('',(0.115719133013134,-0.00208344388426734,0.3053));
#2884=CARTESIAN_POINT('',(0.115719133013134,-0.00208344388426736,0.3053));
#2885=CARTESIAN_POINT('',(0.115719133013134,-0.00208344388426736,0.3053));
#2886=CARTESIAN_POINT('',(0.115918507812535,-0.00219660255419801,0.3053));
#2887=CARTESIAN_POINT('',(0.116032152349017,-0.00242255653397077,0.3053));
#2888=CARTESIAN_POINT('',(0.116032152349018,-0.00265163845486081,0.3053));
#2889=CARTESIAN_POINT('',(0.116032152349014,-0.00265163845486112,0.3053));
#2890=CARTESIAN_POINT('',(0.116032152349014,-0.00265163845486113,0.3053));
#2891=CARTESIAN_POINT('',(0.116032152349014,-0.00288504057060015,0.3053));
#2892=CARTESIAN_POINT('',(0.11591252309875,-0.00311346864298444,0.3053));
#2893=CARTESIAN_POINT('',(0.115708363223695,-0.00322802501732114,0.3053));
#2894=CARTESIAN_POINT('',(0.115708363223695,-0.00322802501732114,0.3053));
#2895=CARTESIAN_POINT('',(0.115708363223695,-0.00322802501732114,0.3053));
#2896=CARTESIAN_POINT('',(0.11545627759474,-0.00336947306467908,0.3053));
#2897=CARTESIAN_POINT('',(0.115160550863408,-0.00338648177609721,0.3053));
#2898=CARTESIAN_POINT('',(0.114873969184028,-0.00338648177609721,0.3053));
#2899=CARTESIAN_POINT('',(0.114873969184028,-0.00338648177609714,0.3053));
#2900=CARTESIAN_POINT('',(0.113853895399306,-0.00338648177609714,0.3053));
#2901=CARTESIAN_POINT('',(0.113852633336526,-0.00338648177609714,0.3053));
#2902=CARTESIAN_POINT('',(0.113852633336526,-0.00338648177609714,0.3053));
#2903=CARTESIAN_POINT('',(0.113581827074263,-0.00338181270260986,0.3053));
#2904=CARTESIAN_POINT('',(0.113301406782432,-0.00335999345438051,0.3053));
#2905=CARTESIAN_POINT('',(0.113069298375986,-0.0032159915042587,0.3053));
#2906=CARTESIAN_POINT('',(0.113069298375986,-0.00321599150425877,0.3053));
#2907=CARTESIAN_POINT('',(0.113069298375986,-0.00321599150425877,0.3053));
#2908=CARTESIAN_POINT('',(0.112880483919153,-0.00309884947389706,0.3053));
#2909=CARTESIAN_POINT('',(0.112774108501681,-0.0028800899677981,0.3053));
#2910=CARTESIAN_POINT('',(0.112774108501681,-0.00265809461805557,0.3053));
#2911=CARTESIAN_POINT('',(0.112774108501681,-0.00265809461805556,0.3053));
#2912=CARTESIAN_POINT('',(0.112774108501681,-0.00265809461805556,0.3053));
#2913=CARTESIAN_POINT('',(0.112774108501681,-0.00242972895120522,0.3053));
#2914=CARTESIAN_POINT('',(0.112886250931016,-0.00220531587310893,0.3053));
#2915=CARTESIAN_POINT('',(0.113082506812907,-0.00208718126459233,0.3053));
#2916=CARTESIAN_POINT('',(0.113082506812906,-0.00208718126459228,0.3053));
#2917=CARTESIAN_POINT('',(0.113082506812906,-0.00208718126459228,0.3053));
#2918=CARTESIAN_POINT('',(0.113331271287567,-0.001937439541981,0.3053));
#2919=CARTESIAN_POINT('',(0.113630113141754,-0.00192325129681932,0.3053));
#2920=CARTESIAN_POINT('',(0.113917534722222,-0.00192325129681932,0.3053));
#2921=CARTESIAN_POINT('',(0.113992241753472,-0.00138322656776379,0.3053));
#2922=CARTESIAN_POINT('',(0.11476513671875,-0.00138322656776379,0.3053));
#2923=CARTESIAN_POINT('',(0.113993681783763,-0.00138322656776379,0.3053));
#2924=CARTESIAN_POINT('',(0.113993680717338,-0.00138321949630847,0.3053));
#2925=CARTESIAN_POINT('',(0.113567072346201,-0.00138741576326074,0.3053));
#2926=CARTESIAN_POINT('',(0.113124746556177,-0.00145204452073292,0.3053));
#2927=CARTESIAN_POINT('',(0.112788660996609,-0.00172256078318279,0.3053));
#2928=CARTESIAN_POINT('',(0.112788660996609,-0.00172256078318164,0.3053));
#2929=CARTESIAN_POINT('',(0.112788660996609,-0.00172256078318164,0.3053));
#2930=CARTESIAN_POINT('',(0.11251301373126,-0.00194443008358527,0.3053));
#2931=CARTESIAN_POINT('',(0.112391798616375,-0.00230478225031986,0.3053));
#2932=CARTESIAN_POINT('',(0.112391798616375,-0.00265763346354169,0.3053));
#2933=CARTESIAN_POINT('',(0.112391798616375,-0.00265763346354168,0.3053));
#2934=CARTESIAN_POINT('',(0.112391798616375,-0.00265763346354168,0.3053));
#2935=CARTESIAN_POINT('',(0.112391798616375,-0.00301109613990785,0.3053));
#2936=CARTESIAN_POINT('',(0.112514744710291,-0.00337146675955709,0.3053));
#2937=CARTESIAN_POINT('',(0.112792513133604,-0.00359385018348499,0.3053));
#2938=CARTESIAN_POINT('',(0.112792513133604,-0.003593850183485,0.3053));
#2939=CARTESIAN_POINT('',(0.112792513133604,-0.003593850183485,0.3053));
#2940=CARTESIAN_POINT('',(0.113137516900607,-0.00387006271354545,0.3053));
#2941=CARTESIAN_POINT('',(0.113597379721404,-0.00392650650515289,0.3053));
#2942=CARTESIAN_POINT('',(0.114035590277778,-0.00392650650515289,0.3053));
#2943=CARTESIAN_POINT('',(0.114035590277778,-0.00392650650515289,0.3053));
#2944=CARTESIAN_POINT('',(0.114808485243056,-0.00392650650515289,0.3053));
#2945=CARTESIAN_POINT('',(0.114807758443203,-0.00392650650515289,0.3053));
#2946=CARTESIAN_POINT('',(0.114807758443203,-0.0039265065051529,0.3053));
#2947=CARTESIAN_POINT('',(0.115234344997442,-0.00392223093947932,0.3053));
#2948=CARTESIAN_POINT('',(0.115678204930187,-0.00385618704176137,0.3053));
#2949=CARTESIAN_POINT('',(0.116013619962947,-0.00358703526394548,0.3053));
#2950=CARTESIAN_POINT('',(0.116013619962947,-0.00358703526394564,0.3053));
#2951=CARTESIAN_POINT('',(0.116013619962947,-0.00358703526394564,0.3053));
#2952=CARTESIAN_POINT('',(0.116289847644681,-0.00336537802035526,0.3053));
#2953=CARTESIAN_POINT('',(0.116411695307236,-0.00300481567465651,0.3053));
#2954=CARTESIAN_POINT('',(0.116411695307236,-0.00265163845486111,0.3053));
#2955=CARTESIAN_POINT('',(0.116411695307236,-0.00265163845486112,0.3053));
#2956=CARTESIAN_POINT('',(0.116411695307236,-0.00265163845486112,0.3053));
#2957=CARTESIAN_POINT('',(0.116411695307236,-0.00229627104273958,0.3053));
#2958=CARTESIAN_POINT('',(0.116288576604308,-0.00193254913369335,0.3053));
#2959=CARTESIAN_POINT('',(0.116006427122909,-0.00171241052732733,0.3053));
#2960=CARTESIAN_POINT('',(0.116006427122909,-0.00171241052732733,0.3053));
#2961=CARTESIAN_POINT('',(0.116006427122909,-0.00171241052732733,0.3053));
#2962=CARTESIAN_POINT('',(0.11565892284989,-0.0014412808198065,0.3053));
#2963=CARTESIAN_POINT('',(0.115202223453444,-0.00138322656776379,0.3053));
#2964=CARTESIAN_POINT('',(0.11476513671875,-0.00138322656776379,0.3053));
#2965=CARTESIAN_POINT('',(0.274779052734375,0.,0.3053));
#2966=CARTESIAN_POINT('',(0.113455805547444,0.00249271840484443,0.3053));
#2967=CARTESIAN_POINT('',(0.11506649479693,0.00147786629621901,0.3053));
#2968=CARTESIAN_POINT('',(0.113458410228092,0.00249107726540749,0.3053));
#2969=CARTESIAN_POINT('',(0.113366083763069,0.00254396329876971,0.3053));
#2970=CARTESIAN_POINT('',(0.112888698303062,0.00281741710595825,0.3053));
#2971=CARTESIAN_POINT('',(0.114720084635417,0.00281741710595825,0.3053));
#2972=CARTESIAN_POINT('',(0.114720084635417,0.00281741710595825,0.3053));
#2973=CARTESIAN_POINT('',(0.114720084635417,0.00247100694444445,0.3053));
#2974=CARTESIAN_POINT('',(0.11506649479693,0.00247100694444445,0.3053));
#2975=CARTESIAN_POINT('',(0.11506649479693,0.00174316406250001,0.3053));
#2976=CARTESIAN_POINT('',(0.11506649479693,0.00350385199652779,0.3053));
#2977=CARTESIAN_POINT('',(0.11506649479693,0.00383335329334734,0.3053));
#2978=CARTESIAN_POINT('',(0.11506649479693,0.003357441835014,0.3053));
#2979=CARTESIAN_POINT('',(0.112303493923611,0.003357441835014,0.3053));
#2980=CARTESIAN_POINT('',(0.112449904085125,0.003357441835014,0.3053));
#2981=CARTESIAN_POINT('',(0.112449904085125,0.00266270616319446,0.3053));
#2982=CARTESIAN_POINT('',(0.112449904085125,0.00274330828830206,0.3053));
#2983=CARTESIAN_POINT('',(0.115145958731684,0.00103679655506119,0.3053));
#2984=CARTESIAN_POINT('',(0.115105220347854,0.00106258257912725,0.3053));
#2985=CARTESIAN_POINT('',(0.115581925432611,0.00109693215465457,0.3053));
#2986=CARTESIAN_POINT('',(0.115446037755153,0.00108714059968834,0.3053));
#2987=CARTESIAN_POINT('',(0.115446037755153,0.00267100694444445,0.3053));
#2988=CARTESIAN_POINT('',(0.115446037755153,0.00281741710595825,0.3053));
#2989=CARTESIAN_POINT('',(0.1165,0.00281741710595825,0.3053));
#2990=CARTESIAN_POINT('',(0.116353589838486,0.00281741710595825,0.3053));
#2991=CARTESIAN_POINT('',(0.116353589838486,0.00350385199652779,0.3053));
#2992=CARTESIAN_POINT('',(0.116353589838486,0.003357441835014,0.3053));
#2993=CARTESIAN_POINT('',(0.115592447916667,0.003357441835014,0.3053));
#2994=CARTESIAN_POINT('',(0.115446037755153,0.003357441835014,0.3053));
#2995=CARTESIAN_POINT('',(0.115446037755153,0.00397976345486113,0.3053));
#2996=CARTESIAN_POINT('',(0.115446037755153,0.00383335329334734,0.3053));
#2997=CARTESIAN_POINT('',(0.114920084635417,0.00383335329334734,0.3053));
#2998=CARTESIAN_POINT('',(0.22325,0.,0.3055));
#2999=CARTESIAN_POINT('',(0.1156857421875,-0.00265163845486112,0.3055));
#3000=CARTESIAN_POINT('',(0.1156857421875,-0.00254566911520574,0.3055));
#3001=CARTESIAN_POINT('',(0.115640817910223,-0.00243731117022494,0.3055));
#3002=CARTESIAN_POINT('',(0.115548143045414,-0.00238471192263054,0.3055));
#3003=CARTESIAN_POINT('',(0.1156857421875,-0.00265163845486112,0.3055));
#3004=CARTESIAN_POINT('',(0.115548143045414,-0.00238471192263058,0.3055));
#3005=CARTESIAN_POINT('',(0.115548143045414,-0.00238471192263058,0.3055));
#3006=CARTESIAN_POINT('',(0.115358277412,-0.00227695034690922,0.3055));
#3007=CARTESIAN_POINT('',(0.115130537340001,-0.00227216585822154,0.3055));
#3008=CARTESIAN_POINT('',(0.114913413577946,-0.00226966145833334,0.3055));
#3009=CARTESIAN_POINT('',(0.114913413577946,-0.00226966145833334,0.3055));
#3010=CARTESIAN_POINT('',(0.22325,-0.00226966145833334,0.3055));
#3011=CARTESIAN_POINT('',(0.113917534722222,-0.00226966145833334,0.3055));
#3012=CARTESIAN_POINT('',(0.113917534722222,-0.00226966145833334,0.3055));
#3013=CARTESIAN_POINT('',(0.113692943097405,-0.00226966145833334,0.3055));
#3014=CARTESIAN_POINT('',(0.113455402893411,-0.00226704622615221,0.3055));
#3015=CARTESIAN_POINT('',(0.113261156932465,-0.00238397097934283,0.3055));
#3016=CARTESIAN_POINT('',(0.113261156932465,-0.00238397097934284,0.3055));
#3017=CARTESIAN_POINT('',(0.113261156932465,-0.00238397097934284,0.3055));
#3018=CARTESIAN_POINT('',(0.113167633288189,-0.00244026676521774,0.3055));
#3019=CARTESIAN_POINT('',(0.113120518663194,-0.00254929594080615,0.3055));
#3020=CARTESIAN_POINT('',(0.113120518663194,-0.00265809461805556,0.3055));
#3021=CARTESIAN_POINT('',(0.113120518663194,-0.00265809461805556,0.3055));
#3022=CARTESIAN_POINT('',(0.113120518663194,-0.00265809461805556,0.3055));
#3023=CARTESIAN_POINT('',(0.113120518663194,-0.00276168079310506,0.3055));
#3024=CARTESIAN_POINT('',(0.113163199869033,-0.00286658620707185,0.3055));
#3025=CARTESIAN_POINT('',(0.11325192241047,-0.00292163039604489,0.3055));
#3026=CARTESIAN_POINT('',(0.11325192241047,-0.00292163039604489,0.3055));
#3027=CARTESIAN_POINT('',(0.11325192241047,-0.00292163039604489,0.3055));
#3028=CARTESIAN_POINT('',(0.113429266347989,-0.00303165602258735,0.3055));
#3029=CARTESIAN_POINT('',(0.113648333417569,-0.00303638716031208,0.3055));
#3030=CARTESIAN_POINT('',(0.113855645542788,-0.00304007161458334,0.3055));
#3031=CARTESIAN_POINT('',(0.113855645542788,-0.00304007161458334,0.3055));
#3032=CARTESIAN_POINT('',(0.22325,-0.00304007161458334,0.3055));
#3033=CARTESIAN_POINT('',(0.114873969184028,-0.00304007161458334,0.3055));
#3034=CARTESIAN_POINT('',(0.114873969184028,-0.00304007161458334,0.3055));
#3035=CARTESIAN_POINT('',(0.115101189989887,-0.00304007161458334,0.3055));
#3036=CARTESIAN_POINT('',(0.115339251923511,-0.00303792029740599,0.3055));
#3037=CARTESIAN_POINT('',(0.115538850578892,-0.00292592327410862,0.3055));
#3038=CARTESIAN_POINT('',(0.115538850578892,-0.00292592327410862,0.3055));
#3039=CARTESIAN_POINT('',(0.115538850578892,-0.00292592327410862,0.3055));
#3040=CARTESIAN_POINT('',(0.115635128560617,-0.00287190062880737,0.3055));
#3041=CARTESIAN_POINT('',(0.1156857421875,-0.00276192593309283,0.3055));
#3042=CARTESIAN_POINT('',(0.1156857421875,-0.00265163845486112,0.3055));
#3043=CARTESIAN_POINT('',(0.22325,0.,0.3055));
#3044=CARTESIAN_POINT('',(0.114720084635417,0.,0.3055));
#3045=CARTESIAN_POINT('',(0.114720084635417,0.0021055675508071,0.3055));
#3046=CARTESIAN_POINT('',(0.114720084635417,0.00247100694444445,0.3055));
#3047=CARTESIAN_POINT('',(0.22325,0.00247100694444445,0.3055));
#3048=CARTESIAN_POINT('',(0.114140089483741,0.00247100694444445,0.3055));
#3049=CARTESIAN_POINT('',(0.193358015023406,-0.0474420838646463,0.3055));
#3050=CARTESIAN_POINT('',(0.1168,0.,0.3053));
#3051=CARTESIAN_POINT('',(0.1168,0.014,0.3053));
#3052=CARTESIAN_POINT('',(0.1168,-0.014,0.3053));
#3053=CARTESIAN_POINT('',(0.116,-0.014,0.3053));
#3054=CARTESIAN_POINT('',(0.116,-0.0148,0.3053));
#3055=CARTESIAN_POINT('',(0.116,0.014,0.3053));
#3056=CARTESIAN_POINT('',(0.116,0.0148,0.3053));
#3057=CARTESIAN_POINT('',(0.22325,-0.0148,0.3053));
#3058=CARTESIAN_POINT('',(0.11575,-0.0148,0.3053));
#3059=CARTESIAN_POINT('',(0.22325,0.0148,0.3053));
#3060=CARTESIAN_POINT('',(0.11575,0.0148,0.3053));
#3061=CARTESIAN_POINT('',(0.11575,-0.0145,0.3053));
#3062=CARTESIAN_POINT('',(0.11545,-0.0145,0.3053));
#3063=CARTESIAN_POINT('',(0.11575,0.0145,0.3053));
#3064=CARTESIAN_POINT('',(0.11545,0.0145,0.3053));
#3065=CARTESIAN_POINT('',(0.11545,0.,0.3053));
#3066=CARTESIAN_POINT('',(0.11545,-0.0135,0.3053));
#3067=CARTESIAN_POINT('',(0.11545,0.,0.3053));
#3068=CARTESIAN_POINT('',(0.11545,0.0135,0.3053));
#3069=CARTESIAN_POINT('',(0.11425,-0.0135,0.3053));
#3070=CARTESIAN_POINT('',(0.11425,-0.0123,0.3053));
#3071=CARTESIAN_POINT('',(0.11425,0.0135,0.3053));
#3072=CARTESIAN_POINT('',(0.11425,0.0123,0.3053));
#3073=CARTESIAN_POINT('',(0.099625,-0.0123,0.3053));
#3074=CARTESIAN_POINT('',(0.085,-0.0123,0.3053));
#3075=CARTESIAN_POINT('',(0.099625,0.0123,0.3053));
#3076=CARTESIAN_POINT('',(0.085,0.0123,0.3053));
#3077=CARTESIAN_POINT('',(0.085,-0.0105,0.3053));
#3078=CARTESIAN_POINT('',(0.0832,-0.0105,0.3053));
#3079=CARTESIAN_POINT('',(0.085,0.0105,0.3053));
#3080=CARTESIAN_POINT('',(0.0832,0.0105,0.3053));
#3081=CARTESIAN_POINT('',(0.0832,-0.01,0.3053));
#3082=CARTESIAN_POINT('',(0.0832,-0.0095,0.3053));
#3083=CARTESIAN_POINT('',(0.0832,0.01,0.3053));
#3084=CARTESIAN_POINT('',(0.0832,0.0095,0.3053));
#3085=CARTESIAN_POINT('',(0.085,-0.0095,0.3053));
#3086=CARTESIAN_POINT('',(0.085,-0.0077,0.3053));
#3087=CARTESIAN_POINT('',(0.085,0.0095,0.3053));
#3088=CARTESIAN_POINT('',(0.085,0.0077,0.3053));
#3089=CARTESIAN_POINT('',(0.095875,-0.0077,0.3053));
#3090=CARTESIAN_POINT('',(0.10675,-0.0077,0.3053));
#3091=CARTESIAN_POINT('',(0.10675,-0.0075,0.3053));
#3092=CARTESIAN_POINT('',(0.10675,-0.0077,0.3053));
#3093=CARTESIAN_POINT('',(0.095875,0.0077,0.3053));
#3094=CARTESIAN_POINT('',(0.10675,0.0077,0.3053));
#3095=CARTESIAN_POINT('',(0.10675,0.0075,0.3053));
#3096=CARTESIAN_POINT('',(0.10675,0.0077,0.3053));
#3097=CARTESIAN_POINT('',(0.10675,0.0075,0.3053));
#3098=CARTESIAN_POINT('',(0.10675,0.0075,0.3055));
#3099=CARTESIAN_POINT('',(0.10675,0.0077,0.3055));
#3100=CARTESIAN_POINT('',(0.107566154554977,0.0075,0.3053));
#3101=CARTESIAN_POINT('',(0.107566154554678,0.00749999998847334,0.305499999999185));
#3102=CARTESIAN_POINT('',(0.107615123830465,0.00769999998780077,0.3055));
#3103=CARTESIAN_POINT('',(0.109140052882908,0.00686688583871602,0.3053));
#3104=CARTESIAN_POINT('',(0.109140052883047,0.00686688584406419,0.305500000000378));
#3105=CARTESIAN_POINT('',(0.109275183429311,0.00702721714777804,0.3055));
#3106=CARTESIAN_POINT('',(0.110706091053762,0.00486771435209105,0.3053));
#3107=CARTESIAN_POINT('',(0.110706091053725,0.00486771435066254,0.305499999999898));
#3108=CARTESIAN_POINT('',(0.110885206819351,0.00496238488100904,0.3055));
#3109=CARTESIAN_POINT('',(0.111567199779213,0.00249757197665766,0.3053));
#3110=CARTESIAN_POINT('',(0.111567199779224,0.00249757197702357,0.305500000000029));
#3111=CARTESIAN_POINT('',(0.111764201278247,0.00254203802878484,0.3055));
#3112=CARTESIAN_POINT('',(0.111841314944845,5.81917734507868E-6,0.3053));
#3113=CARTESIAN_POINT('',(0.111841314944839,5.81917730984953E-6,0.305499999999986));
#3114=CARTESIAN_POINT('',(0.112042811507958,5.92194807881747E-6,0.3055));
#3115=CARTESIAN_POINT('',(0.111567536950636,-0.00249914029413708,0.3053));
#3116=CARTESIAN_POINT('',(0.111567536950647,-0.00249914029436203,0.305500000000029));
#3117=CARTESIAN_POINT('',(0.111764549137089,-0.00254363150220714,0.3055));
#3118=CARTESIAN_POINT('',(0.110706657171673,-0.00486486938376065,0.3053));
#3119=CARTESIAN_POINT('',(0.110706657171636,-0.00486486938282564,0.305499999999898));
#3120=CARTESIAN_POINT('',(0.110885767573795,-0.00495948453050066,0.3055));
#3121=CARTESIAN_POINT('',(0.109144325571494,-0.0068643387566269,0.3053));
#3122=CARTESIAN_POINT('',(0.109144325571632,-0.00686433876014189,0.305500000000378));
#3123=CARTESIAN_POINT('',(0.109279647059826,-0.00702454251991084,0.3055));
#3124=CARTESIAN_POINT('',(0.10756612855795,-0.00750000000000006,0.3053));
#3125=CARTESIAN_POINT('',(0.107566128557652,-0.00749999999242175,0.305499999999185));
#3126=CARTESIAN_POINT('',(0.107615096273615,-0.00769999999198812,0.3055));
#3127=CARTESIAN_POINT('',(0.10675,-0.0075,0.3053));
#3128=CARTESIAN_POINT('',(0.10675,-0.0075,0.3055));
#3129=CARTESIAN_POINT('',(0.10675,-0.0077,0.3055));
#3130=CARTESIAN_POINT('',(0.10675,-0.0075,0.3053));
#3131=CARTESIAN_POINT('',(0.107588483755508,-0.0075,0.3053));
#3132=CARTESIAN_POINT('',(0.109196123786025,-0.00682695939569067,0.3053));
#3133=CARTESIAN_POINT('',(0.110731372573625,-0.00481158029483585,0.3053));
#3134=CARTESIAN_POINT('',(0.111572114581775,-0.00246817417352551,0.3053));
#3135=CARTESIAN_POINT('',(0.111838567693941,2.56164028716932E-6,0.3053));
#3136=CARTESIAN_POINT('',(0.11157361462507,0.0024594599559183,0.3053));
#3137=CARTESIAN_POINT('',(0.110732793182272,0.0048090236092468,0.3053));
#3138=CARTESIAN_POINT('',(0.109201121929441,0.00682361446284873,0.3053));
#3139=CARTESIAN_POINT('',(0.107588100381833,0.0075,0.3053));
#3140=CARTESIAN_POINT('',(0.10675,0.0075,0.3053));
#3141=CARTESIAN_POINT('',(0.10675,-0.0075,0.3053));
#3142=CARTESIAN_POINT('',(0.10675,-0.00750000000000006,0.3051));
#3143=CARTESIAN_POINT('',(0.10675,-0.0077,0.3051));
#3144=CARTESIAN_POINT('',(0.107566154554935,-0.00750000000000006,0.305300000000072));
#3145=CARTESIAN_POINT('',(0.107566154535424,-0.00749999998701532,0.305099999944224));
#3146=CARTESIAN_POINT('',(0.107615123830417,-0.00769999998776476,0.3051));
#3147=CARTESIAN_POINT('',(0.109140052882928,-0.00686688583871595,0.305299999999966));
#3148=CARTESIAN_POINT('',(0.109140052891987,-0.00686688584474052,0.305100000025896));
#3149=CARTESIAN_POINT('',(0.109275183429334,-0.00702721714779472,0.3051));
#3150=CARTESIAN_POINT('',(0.110706091053757,-0.00486771435209105,0.305300000000009));
#3151=CARTESIAN_POINT('',(0.110706091051318,-0.00486771435048217,0.305099999993028));
#3152=CARTESIAN_POINT('',(0.110885206819345,-0.00496238488100452,0.3051));
#3153=CARTESIAN_POINT('',(0.111567199779214,-0.00249757197665763,0.305299999999997));
#3154=CARTESIAN_POINT('',(0.111567199779911,-0.00249757197706877,0.305100000001992));
#3155=CARTESIAN_POINT('',(0.111764201278248,-0.0025420380287861,0.3051));
#3156=CARTESIAN_POINT('',(0.111841314944844,-5.81917734505018E-6,0.305300000000001));
#3157=CARTESIAN_POINT('',(0.111841314944496,-5.81917730918022E-6,0.305099999999004));
#3158=CARTESIAN_POINT('',(0.112042811507958,-5.92194807814506E-6,0.3051));
#3159=CARTESIAN_POINT('',(0.111567536950636,0.00249914029413709,0.305299999999997));
#3160=CARTESIAN_POINT('',(0.111567536951333,0.00249914029440471,0.305100000001992));
#3161=CARTESIAN_POINT('',(0.111764549137089,0.00254363150220587,0.3051));
#3162=CARTESIAN_POINT('',(0.110706657171675,0.00486486938376066,0.305300000000009));
#3163=CARTESIAN_POINT('',(0.110706657169235,0.00486486938265427,0.305099999993028));
#3164=CARTESIAN_POINT('',(0.110885767573795,0.00495948453050518,0.3051));
#3165=CARTESIAN_POINT('',(0.109144325571488,0.00686433875662699,0.305299999999967));
#3166=CARTESIAN_POINT('',(0.109144325580548,0.00686433876078504,0.305100000025895));
#3167=CARTESIAN_POINT('',(0.109279647059829,0.00702454251989419,0.3051));
#3168=CARTESIAN_POINT('',(0.107566128557962,0.0075,0.305300000000072));
#3169=CARTESIAN_POINT('',(0.107566128538449,0.0074999999910354,0.305099999944226));
#3170=CARTESIAN_POINT('',(0.107615096273609,0.00769999999202414,0.3051));
#3171=CARTESIAN_POINT('',(0.10675,0.0075,0.3053));
#3172=CARTESIAN_POINT('',(0.10675,0.00750000000000006,0.3051));
#3173=CARTESIAN_POINT('',(0.10675,0.0077,0.3051));
#3174=CARTESIAN_POINT('',(0.113585764436158,0.00281734367550609,0.3053));
#3175=CARTESIAN_POINT('',(0.114190386186995,0.00247100694444446,0.3053));
#3176=CARTESIAN_POINT('',(0.113548951696988,0.00264170794583378,0.305404216928206));
#3177=CARTESIAN_POINT('',(0.113539542245028,0.00264421202520135,0.3054));
#3178=CARTESIAN_POINT('',(0.113499673557079,0.00266704942897817,0.3054));
#3179=CARTESIAN_POINT('',(0.113547661365716,0.00263956126674947,0.3054));
#3180=CARTESIAN_POINT('',(0.113636912503331,0.00278804526809643,0.3053));
#3181=CARTESIAN_POINT('',(0.193358015023406,-0.0474420838646463,0.3053));
#3182=CARTESIAN_POINT('',(0.1932656825155,-0.047588626377194,0.3054));
#3183=CARTESIAN_POINT('',(0.114893289716174,0.00179171692351307,0.3054));
#3184=CARTESIAN_POINT('',(0.114720084635417,0.00210556755080711,0.3053));
#3185=CARTESIAN_POINT('',(0.114140089483741,0.00247100694444446,0.3053));
#3186=CARTESIAN_POINT('',(0.114720084635417,0.,0.3053));
#3187=CARTESIAN_POINT('',(0.114893289716174,0.,0.3054));
#3188=CARTESIAN_POINT('',(0.114893289716174,0.00247100694444445,0.3054));
#3189=CARTESIAN_POINT('',(0.114720084635417,0.00247100694444445,0.3053));
#3190=CARTESIAN_POINT('',(0.113160610393228,-0.00306881095015189,0.3054));
#3191=CARTESIAN_POINT('',(0.113191047732308,-0.00301975076544957,0.3055));
#3192=CARTESIAN_POINT('',(0.11325192241047,-0.0029216303960449,0.3055));
#3193=CARTESIAN_POINT('',(0.113291531386292,-0.00315003444126946,0.305399999999189));
#3194=CARTESIAN_POINT('',(0.113308134333219,-0.00309239053462963,0.305499999998717));
#3195=CARTESIAN_POINT('',(0.113341339203376,-0.002977104372741,0.3055));
#3196=CARTESIAN_POINT('',(0.113521240228837,-0.00319348889671404,0.305400000000422));
#3197=CARTESIAN_POINT('',(0.113530258832644,-0.00313708699205247,0.305500000000668));
#3198=CARTESIAN_POINT('',(0.113548296552091,-0.00302428235703332,0.3055));
#3199=CARTESIAN_POINT('',(0.113753361902464,-0.00321153937688568,0.305399999999967));
#3200=CARTESIAN_POINT('',(0.113754357186035,-0.00315381292935986,0.305499999999948));
#3201=CARTESIAN_POINT('',(0.11375634775321,-0.00303836003430897,0.3055));
#3202=CARTESIAN_POINT('',(0.113857878824548,-0.00321334139278377,0.3054));
#3203=CARTESIAN_POINT('',(0.113858874108126,-0.00315561494525812,0.3055));
#3204=CARTESIAN_POINT('',(0.113860864675282,-0.00304016205020676,0.3055));
#3205=CARTESIAN_POINT('',(0.11325192241047,-0.00292163039604489,0.3053));
#3206=CARTESIAN_POINT('',(0.113160610393228,-0.00306881095015183,0.3054));
#3207=CARTESIAN_POINT('',(0.113160610393228,-0.00306881095015183,0.3054));
#3208=CARTESIAN_POINT('',(0.113365837053512,-0.00319613524551208,0.3054));
#3209=CARTESIAN_POINT('',(0.113615020446763,-0.00320913783711703,0.3054));
#3210=CARTESIAN_POINT('',(0.113854126829408,-0.00321327669534023,0.3054));
#3211=CARTESIAN_POINT('',(0.113854126829408,-0.00321327669533987,0.3054));
#3212=CARTESIAN_POINT('',(0.113854126829408,-0.00321327669534014,0.3054));
#3213=CARTESIAN_POINT('',(0.113854427368414,-0.00317854915781693,0.305460149859412));
#3214=CARTESIAN_POINT('',(0.113855028661242,-0.00310961203224378,0.305500000000001));
#3215=CARTESIAN_POINT('',(0.113855645542788,-0.003040071614581,0.3055));
#3216=CARTESIAN_POINT('',(0.22325,-0.00304007161458334,0.3053));
#3217=CARTESIAN_POINT('',(0.22325,-0.00321327669534024,0.3054));
#3218=CARTESIAN_POINT('',(0.114873969184028,-0.00321327669534024,0.3054));
#3219=CARTESIAN_POINT('',(0.114873969184028,-0.00304007161458334,0.3053));
#3220=CARTESIAN_POINT('',(0.112947313582437,-0.00265809461805557,0.3054));
#3221=CARTESIAN_POINT('',(0.113005048609356,-0.00265809461805556,0.3055));
#3222=CARTESIAN_POINT('',(0.113120518663194,-0.00265809461805556,0.3055));
#3223=CARTESIAN_POINT('',(0.112947313464093,-0.0027258678606179,0.305399999998803));
#3224=CARTESIAN_POINT('',(0.113005048396533,-0.002720541149293,0.305499999998106));
#3225=CARTESIAN_POINT('',(0.113120518539437,-0.00270988772667188,0.3055));
#3226=CARTESIAN_POINT('',(0.11296023087807,-0.00288332393808879,0.305400000000625));
#3227=CARTESIAN_POINT('',(0.113017809314437,-0.00286063800980183,0.305500000000989));
#3228=CARTESIAN_POINT('',(0.113132965882074,-0.00281526642086743,0.3055));
#3229=CARTESIAN_POINT('',(0.113095339624142,-0.00302831673790148,0.305399999999946));
#3230=CARTESIAN_POINT('',(0.11313274663901,-0.00298358082763291,0.305499999999915));
#3231=CARTESIAN_POINT('',(0.113207561000911,-0.00289410847178779,0.3055));
#3232=CARTESIAN_POINT('',(0.113160610393228,-0.00306881095015191,0.3054));
#3233=CARTESIAN_POINT('',(0.113191047732308,-0.0030197507654496,0.3055));
#3234=CARTESIAN_POINT('',(0.11325192241047,-0.00292163039604489,0.3055));
#3235=CARTESIAN_POINT('',(0.113120518663194,-0.00265809461805556,0.3053));
#3236=CARTESIAN_POINT('',(0.112947313582438,-0.00265809461805556,0.3054));
#3237=CARTESIAN_POINT('',(0.112947313582438,-0.00265809461805556,0.3054));
#3238=CARTESIAN_POINT('',(0.112947313582438,-0.0028209743559639,0.3054));
#3239=CARTESIAN_POINT('',(0.113022037911813,-0.00298283945147809,0.3054));
#3240=CARTESIAN_POINT('',(0.113160610393228,-0.00306881095015182,0.3054));
#3241=CARTESIAN_POINT('',(0.114873969184028,-0.00321327669534023,0.3054));
#3242=CARTESIAN_POINT('',(0.114873969184028,-0.00315554166842127,0.3055));
#3243=CARTESIAN_POINT('',(0.114873969184028,-0.00304007161458334,0.3055));
#3244=CARTESIAN_POINT('',(0.114993080043348,-0.00321327670510689,0.305400000000023));
#3245=CARTESIAN_POINT('',(0.11499124655801,-0.00315554168749568,0.305500000000036));
#3246=CARTESIAN_POINT('',(0.114987579587308,-0.00304007163194512,0.3055));
#3247=CARTESIAN_POINT('',(0.115234978218097,-0.00319891698145264,0.305399999999932));
#3248=CARTESIAN_POINT('',(0.115228035820244,-0.00314214626780289,0.305499999999892));
#3249=CARTESIAN_POINT('',(0.115214150693001,-0.00302860425968178,0.3055));
#3250=CARTESIAN_POINT('',(0.115485283950522,-0.00315458802682384,0.305400000000114));
#3251=CARTESIAN_POINT('',(0.115469872757999,-0.00309703202384119,0.30550000000018));
#3252=CARTESIAN_POINT('',(0.115439051036055,-0.00298192119984731,0.3055));
#3253=CARTESIAN_POINT('',(0.115623606901294,-0.00307697414571487,0.3054));
#3254=CARTESIAN_POINT('',(0.115595354793826,-0.00302662385517945,0.3055));
#3255=CARTESIAN_POINT('',(0.115538850578892,-0.00292592327410862,0.3055));
#3256=CARTESIAN_POINT('',(0.114873969184028,-0.00321327669534024,0.3054));
#3257=CARTESIAN_POINT('',(0.115130898983614,-0.00321327669534024,0.3054));
#3258=CARTESIAN_POINT('',(0.115397327405055,-0.0032039420852708,0.3054));
#3259=CARTESIAN_POINT('',(0.115623606901293,-0.00307697414571485,0.3054));
#3260=CARTESIAN_POINT('',(0.115623606901293,-0.00307697414571488,0.3054));
#3261=CARTESIAN_POINT('',(0.115538850578892,-0.00292592327410862,0.3053));
#3262=CARTESIAN_POINT('',(0.113171831872686,-0.00223557612196746,0.3054));
#3263=CARTESIAN_POINT('',(0.113201606892612,-0.00228504107442588,0.3055));
#3264=CARTESIAN_POINT('',(0.113261156932465,-0.00238397097934284,0.3055));
#3265=CARTESIAN_POINT('',(0.113104457921705,-0.00227613104924136,0.305400000001681));
#3266=CARTESIAN_POINT('',(0.113141103514421,-0.00232146011481201,0.305500000002662));
#3267=CARTESIAN_POINT('',(0.113214394983285,-0.00241211871962668,0.3055));
#3268=CARTESIAN_POINT('',(0.112963413645381,-0.00241978865807941,0.305399999999159));
#3269=CARTESIAN_POINT('',(0.113020534777008,-0.00244389480276949,0.305499999998669));
#3270=CARTESIAN_POINT('',(0.113134776757289,-0.00249210685531312,0.3055));
#3271=CARTESIAN_POINT('',(0.112947313461669,-0.00258718501479303,0.3054));
#3272=CARTESIAN_POINT('',(0.113005048391478,-0.00259268843046015,0.3055));
#3273=CARTESIAN_POINT('',(0.113120518533613,-0.00260369526179437,0.3055));
#3274=CARTESIAN_POINT('',(0.112947313582437,-0.00265809461805556,0.3054));
#3275=CARTESIAN_POINT('',(0.113005048609356,-0.00265809461805556,0.3055));
#3276=CARTESIAN_POINT('',(0.113120518663194,-0.00265809461805556,0.3055));
#3277=CARTESIAN_POINT('',(0.113261156932465,-0.00238397097934284,0.3053));
#3278=CARTESIAN_POINT('',(0.113171831872686,-0.00223557612196756,0.3054));
#3279=CARTESIAN_POINT('',(0.113171831872686,-0.00223557612196756,0.3054));
#3280=CARTESIAN_POINT('',(0.113027166007364,-0.00232265654575346,0.3054));
#3281=CARTESIAN_POINT('',(0.112947313582438,-0.00248944452792365,0.3054));
#3282=CARTESIAN_POINT('',(0.112947313582438,-0.00265809461805556,0.3054));
#3283=CARTESIAN_POINT('',(0.115623606901293,-0.0030769741457149,0.3054));
#3284=CARTESIAN_POINT('',(0.115595354793826,-0.00302662385517949,0.3055));
#3285=CARTESIAN_POINT('',(0.115538850578892,-0.00292592327410862,0.3055));
#3286=CARTESIAN_POINT('',(0.115692322950531,-0.00303841706704787,0.305399999998288));
#3287=CARTESIAN_POINT('',(0.115657211953858,-0.00299191557387722,0.30549999999729));
#3288=CARTESIAN_POINT('',(0.115586989694309,-0.00289891210998164,0.3055));
#3289=CARTESIAN_POINT('',(0.115841652308885,-0.00289693816803081,0.305400000000856));
#3290=CARTESIAN_POINT('',(0.115784724917326,-0.00287149987464963,0.305500000001355));
#3291=CARTESIAN_POINT('',(0.11567087042789,-0.00282062352666432,0.3055));
#3292=CARTESIAN_POINT('',(0.115858947406429,-0.00272363567041723,0.3054));
#3293=CARTESIAN_POINT('',(0.115801212491808,-0.00271801784624047,0.3055));
#3294=CARTESIAN_POINT('',(0.115685742341409,-0.00270678219788702,0.3055));
#3295=CARTESIAN_POINT('',(0.115858947268257,-0.00265163845486112,0.3054));
#3296=CARTESIAN_POINT('',(0.115801212241338,-0.00265163845486113,0.3055));
#3297=CARTESIAN_POINT('',(0.1156857421875,-0.00265163845486112,0.3055));
#3298=CARTESIAN_POINT('',(0.115623606901293,-0.00307697414571487,0.3054));
#3299=CARTESIAN_POINT('',(0.115773943689794,-0.00299261850327876,0.3054));
#3300=CARTESIAN_POINT('',(0.115858947268257,-0.00282335733113336,0.3054));
#3301=CARTESIAN_POINT('',(0.115858947268257,-0.00265163845486112,0.3054));
#3302=CARTESIAN_POINT('',(0.115858947268257,-0.00265163845486112,0.3054));
#3303=CARTESIAN_POINT('',(0.1156857421875,-0.00265163845486112,0.3053));
#3304=CARTESIAN_POINT('',(0.113917534722222,-0.00209645637757646,0.3054));
#3305=CARTESIAN_POINT('',(0.113917534722222,-0.00215419140449542,0.3055));
#3306=CARTESIAN_POINT('',(0.113917534722222,-0.00226966145833334,0.3055));
#3307=CARTESIAN_POINT('',(0.113799854749337,-0.0020964563676389,0.3054));
#3308=CARTESIAN_POINT('',(0.113801649469386,-0.00215419138508299,0.3055));
#3309=CARTESIAN_POINT('',(0.113805238909483,-0.00226966144064767,0.3055));
#3310=CARTESIAN_POINT('',(0.113559972371522,-0.00211243025055549,0.3054));
#3311=CARTESIAN_POINT('',(0.113567187710832,-0.0021687122899034,0.3055));
#3312=CARTESIAN_POINT('',(0.113581618978629,-0.00228127733705365,0.3055));
#3313=CARTESIAN_POINT('',(0.113314315750263,-0.00214981025030802,0.3054));
#3314=CARTESIAN_POINT('',(0.113328970977132,-0.00220837731658557,0.3055));
#3315=CARTESIAN_POINT('',(0.113358280252518,-0.00232550949155529,0.3055));
#3316=CARTESIAN_POINT('',(0.113171831872686,-0.00223557612196753,0.3054));
#3317=CARTESIAN_POINT('',(0.113201606892612,-0.00228504107442597,0.3055));
#3318=CARTESIAN_POINT('',(0.113261156932465,-0.00238397097934284,0.3055));
#3319=CARTESIAN_POINT('',(0.113917534722222,-0.00226966145833334,0.3053));
#3320=CARTESIAN_POINT('',(0.113917534722222,-0.00209645637757645,0.3054));
#3321=CARTESIAN_POINT('',(0.113917534722222,-0.00209645637757645,0.3054));
#3322=CARTESIAN_POINT('',(0.11366153176909,-0.00209645637757645,0.3054));
#3323=CARTESIAN_POINT('',(0.113393739432533,-0.0021020006975937,0.3054));
#3324=CARTESIAN_POINT('',(0.113171831872686,-0.00223557612196757,0.3054));
#3325=CARTESIAN_POINT('',(0.115858947268257,-0.00265163845486112,0.3054));
#3326=CARTESIAN_POINT('',(0.115801212241338,-0.00265163845486113,0.3055));
#3327=CARTESIAN_POINT('',(0.1156857421875,-0.00265163845486112,0.3055));
#3328=CARTESIAN_POINT('',(0.115858947388139,-0.00258283938829774,0.305400000001938));
#3329=CARTESIAN_POINT('',(0.115801212457681,-0.00258811084783542,0.305500000003069));
#3330=CARTESIAN_POINT('',(0.11568574231643,-0.0025986537668645,0.3055));
#3331=CARTESIAN_POINT('',(0.115847533614408,-0.00242103756399464,0.305399999999031));
#3332=CARTESIAN_POINT('',(0.115789532388201,-0.00244394627453986,0.305499999998466));
#3333=CARTESIAN_POINT('',(0.115673530248841,-0.00248976339103867,0.3055));
#3334=CARTESIAN_POINT('',(0.11570176605426,-0.00227274482719884,0.3054));
#3335=CARTESIAN_POINT('',(0.115666004358263,-0.0023188334608695,0.3055));
#3336=CARTESIAN_POINT('',(0.115594480620489,-0.00241101133744047,0.3055));
#3337=CARTESIAN_POINT('',(0.115633638029274,-0.00223407790344891,0.3054));
#3338=CARTESIAN_POINT('',(0.115605139701321,-0.00228428924317611,0.3055));
#3339=CARTESIAN_POINT('',(0.115548143045414,-0.00238471192263059,0.3055));
#3340=CARTESIAN_POINT('',(0.115858947268257,-0.00265163845486112,0.3054));
#3341=CARTESIAN_POINT('',(0.115858947268257,-0.00248394405810604,0.3054));
#3342=CARTESIAN_POINT('',(0.115779616934422,-0.00231693079556013,0.3054));
#3343=CARTESIAN_POINT('',(0.115633638029274,-0.00223407790344897,0.3054));
#3344=CARTESIAN_POINT('',(0.115633638029274,-0.00223407790344897,0.3054));
#3345=CARTESIAN_POINT('',(0.115548143045414,-0.00238471192263058,0.3053));
#3346=CARTESIAN_POINT('',(0.22325,-0.00226966145833334,0.3053));
#3347=CARTESIAN_POINT('',(0.114914400258419,-0.00209645637757654,0.3054));
#3348=CARTESIAN_POINT('',(0.114914204769338,-0.00213119198867979,0.305460163843263));
#3349=CARTESIAN_POINT('',(0.114913814266886,-0.00220005012386396,0.3055));
#3350=CARTESIAN_POINT('',(0.114913413577946,-0.00226966145833454,0.3055));
#3351=CARTESIAN_POINT('',(0.114914400258419,-0.00209645637757683,0.3054));
#3352=CARTESIAN_POINT('',(0.22325,-0.00209645637757645,0.3054));
#3353=CARTESIAN_POINT('',(0.115633638029274,-0.00223407790344894,0.3054));
#3354=CARTESIAN_POINT('',(0.115605139701321,-0.00228428924317616,0.3055));
#3355=CARTESIAN_POINT('',(0.115548143045414,-0.00238471192263058,0.3055));
#3356=CARTESIAN_POINT('',(0.115499647471462,-0.00215802991473533,0.305399999996612));
#3357=CARTESIAN_POINT('',(0.115483931074724,-0.00221549642614556,0.305499999994637));
#3358=CARTESIAN_POINT('',(0.115452498997525,-0.0023304281932433,0.3055));
#3359=CARTESIAN_POINT('',(0.115260828061996,-0.00211369896016904,0.305400000001694));
#3360=CARTESIAN_POINT('',(0.1152524909009,-0.0021703823456496,0.305500000002682));
#3361=CARTESIAN_POINT('',(0.115235816220567,-0.00228374974447203,0.3055));
#3362=CARTESIAN_POINT('',(0.115019846982158,-0.00209763895456413,0.3054));
#3363=CARTESIAN_POINT('',(0.115019199527243,-0.00215537035100894,0.3055));
#3364=CARTESIAN_POINT('',(0.115017904617418,-0.00227083314389857,0.3055));
#3365=CARTESIAN_POINT('',(0.114910479366193,-0.00209641240186172,0.3054));
#3366=CARTESIAN_POINT('',(0.114909831911279,-0.00215414379830654,0.3055));
#3367=CARTESIAN_POINT('',(0.114908537001452,-0.00226960659119615,0.3055));
#3368=CARTESIAN_POINT('',(0.115633638029274,-0.00223407790344897,0.3054));
#3369=CARTESIAN_POINT('',(0.115416846610925,-0.00211103412546784,0.3054));
#3370=CARTESIAN_POINT('',(0.11516126300916,-0.00209923511094272,0.3054));
#3371=CARTESIAN_POINT('',(0.114914400258419,-0.00209645637757645,0.3054));
#3372=CARTESIAN_POINT('',(0.22325,0.00247100694444445,0.3053));
#3373=CARTESIAN_POINT('',(0.1167,0.00247100694444445,0.3053));
#3374=CARTESIAN_POINT('',(0.116526794919243,0.00264421202520135,0.3054));
#3375=CARTESIAN_POINT('',(0.22325,0.00264421202520135,0.3054));
#3376=CARTESIAN_POINT('',(0.11561924283591,0.00264421202520135,0.3054));
#3377=CARTESIAN_POINT('',(0.115792447916667,0.00247100694444445,0.3053));
#3378=CARTESIAN_POINT('',(0.1167,0.,0.3053));
#3379=CARTESIAN_POINT('',(0.1167,0.00370385199652779,0.3053));
#3380=CARTESIAN_POINT('',(0.116526794919243,0.0035306469157709,0.3054));
#3381=CARTESIAN_POINT('',(0.116526794919243,0.,0.3054));
#3382=CARTESIAN_POINT('',(0.115792447916667,0.,0.3053));
#3383=CARTESIAN_POINT('',(0.11561924283591,0.,0.3054));
#3384=CARTESIAN_POINT('',(0.11561924283591,0.000925966958588156,0.3054));
#3385=CARTESIAN_POINT('',(0.115792447916667,0.000764793317487971,0.3053));
#3386=CARTESIAN_POINT('',(0.22325,0.00370385199652779,0.3053));
#3387=CARTESIAN_POINT('',(0.115792447916667,0.00370385199652779,0.3053));
#3388=CARTESIAN_POINT('',(0.11561924283591,0.0035306469157709,0.3054));
#3389=CARTESIAN_POINT('',(0.22325,0.0035306469157709,0.3054));
#3390=CARTESIAN_POINT('',(0.222640127861936,0.00846383528190991,0.3053));
#3391=CARTESIAN_POINT('',(0.222627679629643,0.00863659245690642,0.3054));
#3392=CARTESIAN_POINT('',(0.115060778975656,0.000885726153191996,0.3054));
#3393=CARTESIAN_POINT('',(0.115016337603458,0.000708869727256738,0.3053));
#3394=CARTESIAN_POINT('',(0.115792447916667,0.,0.3053));
#3395=CARTESIAN_POINT('',(0.115792447916667,0.00417976345486113,0.3053));
#3396=CARTESIAN_POINT('',(0.11561924283591,0.00400655837410423,0.3054));
#3397=CARTESIAN_POINT('',(0.11561924283591,0.,0.3054));
#3398=CARTESIAN_POINT('',(0.192610766842856,-0.0484057890205375,0.3053));
#3399=CARTESIAN_POINT('',(0.19270340224058,-0.0482594377886037,0.3054));
#3400=CARTESIAN_POINT('',(0.112276699004368,0.00264795495050028,0.3054));
#3401=CARTESIAN_POINT('',(0.112103493923611,0.00255260161269849,0.3053));
#3402=CARTESIAN_POINT('',(0.22325,0.00417976345486113,0.3053));
#3403=CARTESIAN_POINT('',(0.114720084635417,0.00417976345486113,0.3053));
#3404=CARTESIAN_POINT('',(0.114893289716174,0.00400655837410423,0.3054));
#3405=CARTESIAN_POINT('',(0.22325,0.00400655837410423,0.3054));
#3406=CARTESIAN_POINT('',(0.112103493923611,0.,0.3053));
#3407=CARTESIAN_POINT('',(0.112276699004368,0.,0.3054));
#3408=CARTESIAN_POINT('',(0.112276699004368,0.0035306469157709,0.3054));
#3409=CARTESIAN_POINT('',(0.112103493923611,0.00370385199652779,0.3053));
#3410=CARTESIAN_POINT('',(0.114720084635417,0.,0.3053));
#3411=CARTESIAN_POINT('',(0.114720084635417,0.00370385199652779,0.3053));
#3412=CARTESIAN_POINT('',(0.114893289716174,0.0035306469157709,0.3054));
#3413=CARTESIAN_POINT('',(0.114893289716174,0.,0.3054));
#3414=CARTESIAN_POINT('',(0.22325,0.00370385199652779,0.3053));
#3415=CARTESIAN_POINT('',(0.22325,0.0035306469157709,0.3054));
#3416=CARTESIAN_POINT('',(0.115748471753893,0.000229858419332015,0.3054));
#3417=CARTESIAN_POINT('',(0.115706075795932,0.000269049184594987,0.3055));
#3418=CARTESIAN_POINT('',(0.11562128388001,0.00034743071512095,0.3055));
#3419=CARTESIAN_POINT('',(0.115836603761983,0.000325198243029331,0.305400000004675));
#3420=CARTESIAN_POINT('',(0.115804688243983,0.000375726594809163,0.305500000007405));
#3421=CARTESIAN_POINT('',(0.115740857184615,0.000476783315451896,0.3055));
#3422=CARTESIAN_POINT('',(0.115953322625906,0.000372660816657257,0.3054));
#3423=CARTESIAN_POINT('',(0.115940399466717,0.000430395868105633,0.3055));
#3424=CARTESIAN_POINT('',(0.115914553148338,0.000545865968713364,0.3055));
#3425=CARTESIAN_POINT('',(0.116090494791667,0.000372660804659761,0.3054));
#3426=CARTESIAN_POINT('',(0.116090494791667,0.000430395831578717,0.3055));
#3427=CARTESIAN_POINT('',(0.116090494791667,0.000545865885416668,0.3055));
#3428=CARTESIAN_POINT('',(0.11562128388001,0.00034743071512095,0.3053));
#3429=CARTESIAN_POINT('',(0.115748471753893,0.000229858419332027,0.3054));
#3430=CARTESIAN_POINT('',(0.115748471753893,0.000229858419332031,0.3054));
#3431=CARTESIAN_POINT('',(0.115835704886274,0.000324225859937622,0.3054));
#3432=CARTESIAN_POINT('',(0.115962281435558,0.000372660804659776,0.3054));
#3433=CARTESIAN_POINT('',(0.116090494791667,0.000372660804659776,0.3054));
#3434=CARTESIAN_POINT('',(0.116090494791667,0.000372660804659776,0.3054));
#3435=CARTESIAN_POINT('',(0.116090494791667,0.000545865885416668,0.3053));
#3436=CARTESIAN_POINT('',(0.116090494791667,0.000372660804659767,0.3054));
#3437=CARTESIAN_POINT('',(0.116090494791667,0.000430395831578726,0.3055));
#3438=CARTESIAN_POINT('',(0.116090494791667,0.000545865885416668,0.3055));
#3439=CARTESIAN_POINT('',(0.116226554510395,0.000372660818771302,0.3054));
#3440=CARTESIAN_POINT('',(0.116239475347944,0.000430395872802151,0.3055));
#3441=CARTESIAN_POINT('',(0.116265317023043,0.000545865975158082,0.3055));
#3442=CARTESIAN_POINT('',(0.116341924166688,0.000325689053038282,0.305399999998999));
#3443=CARTESIAN_POINT('',(0.116373896033061,0.000376208874604312,0.305499999998422));
#3444=CARTESIAN_POINT('',(0.116437839789729,0.000477248538792016,0.3055));
#3445=CARTESIAN_POINT('',(0.116428870408188,0.000231196543636717,0.3054));
#3446=CARTESIAN_POINT('',(0.116471356464649,0.00027028961642163,0.3055));
#3447=CARTESIAN_POINT('',(0.11655632857757,0.000348475761991473,0.3055));
#3448=CARTESIAN_POINT('',(0.116090494791667,0.00037266080465978,0.3054));
#3449=CARTESIAN_POINT('',(0.116217511982451,0.00037266080465978,0.3054));
#3450=CARTESIAN_POINT('',(0.116342801723859,0.000324735340190991,0.3054));
#3451=CARTESIAN_POINT('',(0.116428870408188,0.000231196543636813,0.3054));
#3452=CARTESIAN_POINT('',(0.116428870408188,0.000231196543636825,0.3054));
#3453=CARTESIAN_POINT('',(0.11655632857757,0.000348475761991474,0.3053));
#3454=CARTESIAN_POINT('',(0.115617302302979,-0.000127278645833334,0.3054));
#3455=CARTESIAN_POINT('',(0.11555956727606,-0.000127278645833334,0.3055));
#3456=CARTESIAN_POINT('',(0.115444097222222,-0.000127278645833334,0.3055));
#3457=CARTESIAN_POINT('',(0.11561730228656,1.22780074045143E-5,0.305399999999664));
#3458=CARTESIAN_POINT('',(0.115559567233443,2.37441103465302E-5,0.30549999999947));
#3459=CARTESIAN_POINT('',(0.115444097143113,4.66763162301923E-5,0.3055));
#3460=CARTESIAN_POINT('',(0.115660308471882,0.000134484750619144,0.305399999999506));
#3461=CARTESIAN_POINT('',(0.115607880231113,0.000162822751828115,0.30549999999922));
#3462=CARTESIAN_POINT('',(0.115503023734779,0.000219498768399125,0.3055));
#3463=CARTESIAN_POINT('',(0.115748471753893,0.000229858419332016,0.3054));
#3464=CARTESIAN_POINT('',(0.115706075795932,0.000269049184594988,0.3055));
#3465=CARTESIAN_POINT('',(0.11562128388001,0.000347430715120943,0.3055));
#3466=CARTESIAN_POINT('',(0.115444097222222,-0.000127278645833334,0.3053));
#3467=CARTESIAN_POINT('',(0.115617302302979,-0.000127278645833334,0.3054));
#3468=CARTESIAN_POINT('',(0.115617302302979,-0.000127278645833334,0.3054));
#3469=CARTESIAN_POINT('',(0.115617302302979,3.59452560255529E-6,0.3054));
#3470=CARTESIAN_POINT('',(0.115659500403909,0.00013361060206307,0.3054));
#3471=CARTESIAN_POINT('',(0.115748471753893,0.000229858419332025,0.3054));
#3472=CARTESIAN_POINT('',(0.116428870408188,0.000231196543636713,0.3054));
#3473=CARTESIAN_POINT('',(0.116471356464649,0.000270289616421624,0.3055));
#3474=CARTESIAN_POINT('',(0.11655632857757,0.000348475761991474,0.3055));
#3475=CARTESIAN_POINT('',(0.116516052185769,0.000136448033267323,0.305400000000001));
#3476=CARTESIAN_POINT('',(0.116568801629461,0.000164386929876185,0.305500000000002));
#3477=CARTESIAN_POINT('',(0.116674300536247,0.000220264740945489,0.3055));
#3478=CARTESIAN_POINT('',(0.11655815344423,1.33558669553932E-5,0.305399999999664));
#3479=CARTESIAN_POINT('',(0.116615888498996,2.44545265596527E-5,0.30549999999947));
#3480=CARTESIAN_POINT('',(0.116731358589427,4.66518457678061E-5,0.3055));
#3481=CARTESIAN_POINT('',(0.116558153426187,-0.000127278645833334,0.3054));
#3482=CARTESIAN_POINT('',(0.116615888453106,-0.000127278645833334,0.3055));
#3483=CARTESIAN_POINT('',(0.116731358506944,-0.000127278645833334,0.3055));
#3484=CARTESIAN_POINT('',(0.116428870408188,0.000231196543636828,0.3054));
#3485=CARTESIAN_POINT('',(0.116517732331069,0.000134622076505145,0.3054));
#3486=CARTESIAN_POINT('',(0.116558153426188,3.51959846371678E-6,0.3054));
#3487=CARTESIAN_POINT('',(0.116558153426188,-0.000127278645833332,0.3054));
#3488=CARTESIAN_POINT('',(0.116558153426188,-0.000127278645833334,0.3054));
#3489=CARTESIAN_POINT('',(0.116731358506944,-0.000127278645833334,0.3053));
#3490=CARTESIAN_POINT('',(0.115748502996055,-0.000481221368559655,0.3054));
#3491=CARTESIAN_POINT('',(0.115706174355597,-0.000520484831605102,0.3055));
#3492=CARTESIAN_POINT('',(0.115621517074682,-0.000599011757696006,0.3055));
#3493=CARTESIAN_POINT('',(0.115660505932277,-0.000386354634966836,0.305400000010674));
#3494=CARTESIAN_POINT('',(0.11560823996278,-0.000414904993920812,0.305500000016897));
#3495=CARTESIAN_POINT('',(0.115503707997616,-0.000472005725734865,0.3055));
#3496=CARTESIAN_POINT('',(0.115617302288074,-0.000265355992820227,0.305400000000337));
#3497=CARTESIAN_POINT('',(0.115559567236251,-0.000277001245677875,0.305500000000531));
#3498=CARTESIAN_POINT('',(0.115444097145097,-0.000300291751392785,0.3055));
#3499=CARTESIAN_POINT('',(0.115617302302979,-0.000127278645833334,0.3054));
#3500=CARTESIAN_POINT('',(0.11555956727606,-0.000127278645833334,0.3055));
#3501=CARTESIAN_POINT('',(0.115444097222222,-0.000127278645833334,0.3055));
#3502=CARTESIAN_POINT('',(0.115621517074682,-0.000599011757696006,0.3053));
#3503=CARTESIAN_POINT('',(0.115748502996055,-0.000481221368559727,0.3054));
#3504=CARTESIAN_POINT('',(0.115748502996055,-0.00048122136855973,0.3054));
#3505=CARTESIAN_POINT('',(0.115659902685308,-0.000385704304929168,0.3054));
#3506=CARTESIAN_POINT('',(0.115617302302979,-0.000257237483299986,0.3054));
#3507=CARTESIAN_POINT('',(0.115617302302979,-0.000127278645833332,0.3054));
#3508=CARTESIAN_POINT('',(0.116558153426187,-0.000127278645833334,0.3054));
#3509=CARTESIAN_POINT('',(0.116615888453106,-0.000127278645833334,0.3055));
#3510=CARTESIAN_POINT('',(0.116731358506944,-0.000127278645833334,0.3055));
#3511=CARTESIAN_POINT('',(0.116558153443454,-0.00026653016022868,0.3054));
#3512=CARTESIAN_POINT('',(0.116615888497554,-0.000277807458851932,0.3055));
#3513=CARTESIAN_POINT('',(0.116731358588393,-0.000300362056098442,0.3055));
#3514=CARTESIAN_POINT('',(0.116515926270296,-0.000388242662276506,0.305399999999009));
#3515=CARTESIAN_POINT('',(0.116568521613646,-0.000416387314164437,0.305499999998436));
#3516=CARTESIAN_POINT('',(0.116673712318298,-0.000472676633570356,0.3055));
#3517=CARTESIAN_POINT('',(0.116428838929729,-0.000482559904809076,0.3054));
#3518=CARTESIAN_POINT('',(0.116471257159536,-0.000521726562993585,0.3055));
#3519=CARTESIAN_POINT('',(0.116556093619151,-0.000600059879362616,0.3055));
#3520=CARTESIAN_POINT('',(0.116558153426188,-0.000127278645833334,0.3054));
#3521=CARTESIAN_POINT('',(0.116558153426188,-0.000257322457786143,0.3054));
#3522=CARTESIAN_POINT('',(0.116517217487426,-0.000386844259303153,0.3054));
#3523=CARTESIAN_POINT('',(0.116428838929729,-0.000482559904809092,0.3054));
#3524=CARTESIAN_POINT('',(0.116428838929729,-0.000482559904809089,0.3054));
#3525=CARTESIAN_POINT('',(0.116556093619151,-0.000600059879362613,0.3053));
#3526=CARTESIAN_POINT('',(0.116090494791667,-0.000623528860215301,0.3054));
#3527=CARTESIAN_POINT('',(0.116090494791667,-0.000681263887134252,0.3055));
#3528=CARTESIAN_POINT('',(0.116090494791667,-0.000796733940972225,0.3055));
#3529=CARTESIAN_POINT('',(0.115953326418847,-0.000623528874390116,0.3054));
#3530=CARTESIAN_POINT('',(0.115940446090705,-0.000681263928169992,0.3055));
#3531=CARTESIAN_POINT('',(0.115914685434421,-0.000796734029353174,0.3055));
#3532=CARTESIAN_POINT('',(0.115836664558181,-0.000576265423493853,0.3054));
#3533=CARTESIAN_POINT('',(0.115804840867259,-0.000626853932155914,0.3055));
#3534=CARTESIAN_POINT('',(0.115741193463806,-0.000728030969520321,0.3055));
#3535=CARTESIAN_POINT('',(0.115748502996055,-0.000481221368559639,0.3054));
#3536=CARTESIAN_POINT('',(0.115706174355597,-0.000520484831605081,0.3055));
#3537=CARTESIAN_POINT('',(0.115621517074682,-0.000599011757696014,0.3055));
#3538=CARTESIAN_POINT('',(0.116090494791667,-0.000796733940972225,0.3053));
#3539=CARTESIAN_POINT('',(0.116090494791667,-0.000623528860215332,0.3054));
#3540=CARTESIAN_POINT('',(0.116090494791667,-0.000623528860215337,0.3054));
#3541=CARTESIAN_POINT('',(0.115962249429979,-0.000623528860215337,0.3054));
#3542=CARTESIAN_POINT('',(0.115835782138582,-0.000575314124443186,0.3054));
#3543=CARTESIAN_POINT('',(0.115748502996055,-0.000481221368559723,0.3054));
#3544=CARTESIAN_POINT('',(0.116428838929729,-0.000482559904809061,0.3054));
#3545=CARTESIAN_POINT('',(0.116471257159536,-0.000521726562993565,0.3055));
#3546=CARTESIAN_POINT('',(0.116556093619151,-0.000600059879362616,0.3055));
#3547=CARTESIAN_POINT('',(0.116341883110025,-0.000576734692134262,0.3054));
#3548=CARTESIAN_POINT('',(0.116373764500834,-0.00062731295572978,0.3055));
#3549=CARTESIAN_POINT('',(0.116437527302384,-0.00072846950132665,0.3055));
#3550=CARTESIAN_POINT('',(0.116226448885932,-0.00062352887248988,0.3054));
#3551=CARTESIAN_POINT('',(0.11623931683331,-0.000681263924436223,0.3055));
#3552=CARTESIAN_POINT('',(0.116265052728065,-0.00079673402586835,0.3055));
#3553=CARTESIAN_POINT('',(0.116090494791667,-0.000623528860215307,0.3054));
#3554=CARTESIAN_POINT('',(0.116090494791667,-0.000681263887134259,0.3055));
#3555=CARTESIAN_POINT('',(0.116090494791667,-0.000796733940972225,0.3055));
#3556=CARTESIAN_POINT('',(0.116428838929729,-0.000482559904809092,0.3054));
#3557=CARTESIAN_POINT('',(0.116342614949899,-0.000575942101832346,0.3054));
#3558=CARTESIAN_POINT('',(0.116217289963986,-0.000623528860215332,0.3054));
#3559=CARTESIAN_POINT('',(0.116090494791667,-0.000623528860215332,0.3054));
#3560=CARTESIAN_POINT('',(0.116122021514497,-0.00372212450712065,0.3054));
#3561=CARTESIAN_POINT('',(0.116158155365014,-0.00376715425484562,0.3055));
#3562=CARTESIAN_POINT('',(0.116230423066047,-0.00385721375029566,0.3055));
#3563=CARTESIAN_POINT('',(0.115945920114191,-0.00386343600086101,0.305399999999948));
#3564=CARTESIAN_POINT('',(0.115974347032185,-0.00391465011169217,0.305499999999919));
#3565=CARTESIAN_POINT('',(0.116031200883254,-0.00401707835209075,0.3055));
#3566=CARTESIAN_POINT('',(0.115516564758264,-0.00405240557937044,0.305400000000015));
#3567=CARTESIAN_POINT('',(0.115530901436617,-0.00410974443637342,0.305500000000023));
#3568=CARTESIAN_POINT('',(0.115559574785788,-0.00422442214101183,0.3055));
#3569=CARTESIAN_POINT('',(0.11505156626466,-0.00409732192119038,0.305400000000022));
#3570=CARTESIAN_POINT('',(0.115052134122703,-0.00415505415543257,0.305500000000035));
#3571=CARTESIAN_POINT('',(0.115053269838781,-0.0042705186239163,0.3055));
#3572=CARTESIAN_POINT('',(0.114797696978493,-0.00409981899613597,0.3054));
#3573=CARTESIAN_POINT('',(0.114798264836534,-0.00415755123037799,0.3055));
#3574=CARTESIAN_POINT('',(0.114799400552618,-0.00427301569886215,0.3055));
#3575=CARTESIAN_POINT('',(0.116230423066047,-0.00385721375029566,0.3053));
#3576=CARTESIAN_POINT('',(0.116122021514497,-0.00372212450712065,0.3054));
#3577=CARTESIAN_POINT('',(0.116122021514497,-0.00372212450712066,0.3054));
#3578=CARTESIAN_POINT('',(0.115756206170433,-0.00401567083209218,0.3054));
#3579=CARTESIAN_POINT('',(0.115274190943853,-0.00409513217024726,0.3054));
#3580=CARTESIAN_POINT('',(0.11480861701816,-0.0040997115859098,0.3054));
#3581=CARTESIAN_POINT('',(0.114808485338206,-0.00427292634031538,0.3053));
#3582=CARTESIAN_POINT('',(0.22325,-0.00427291666666669,0.3053));
#3583=CARTESIAN_POINT('',(0.22325,-0.00409971158590979,0.3054));
#3584=CARTESIAN_POINT('',(0.114035590277778,-0.00409971158590979,0.3054));
#3585=CARTESIAN_POINT('',(0.114035590277778,-0.00427291666666669,0.3053));
#3586=CARTESIAN_POINT('',(0.116584900387993,-0.00265163845486112,0.3054));
#3587=CARTESIAN_POINT('',(0.116642635414912,-0.00265163845486113,0.3055));
#3588=CARTESIAN_POINT('',(0.11675810546875,-0.00265163845486112,0.3055));
#3589=CARTESIAN_POINT('',(0.116584900405006,-0.00307376410487875,0.305400000001772));
#3590=CARTESIAN_POINT('',(0.116642635450785,-0.00308533455121094,0.305500000002795));
#3591=CARTESIAN_POINT('',(0.116758105511519,-0.00310847544383351,0.3055));
#3592=CARTESIAN_POINT('',(0.116437706449149,-0.00346880503894361,0.305400000000023));
#3593=CARTESIAN_POINT('',(0.116488005985009,-0.00350246763221041,0.305500000000036));
#3594=CARTESIAN_POINT('',(0.116588605049135,-0.00356979280930741,0.3055));
#3595=CARTESIAN_POINT('',(0.116122021514497,-0.00372212450712069,0.3054));
#3596=CARTESIAN_POINT('',(0.116158155365014,-0.00376715425484567,0.3055));
#3597=CARTESIAN_POINT('',(0.116230423066047,-0.00385721375029566,0.3055));
#3598=CARTESIAN_POINT('',(0.11675810546875,-0.00265163845486112,0.3053));
#3599=CARTESIAN_POINT('',(0.116584900387993,-0.00265163845486112,0.3054));
#3600=CARTESIAN_POINT('',(0.116584900387993,-0.00265163845486112,0.3054));
#3601=CARTESIAN_POINT('',(0.116584900387993,-0.00305685194431876,0.3054));
#3602=CARTESIAN_POINT('',(0.116438852378494,-0.00346788548387288,0.3054));
#3603=CARTESIAN_POINT('',(0.116122021514497,-0.00372212450712066,0.3054));
#3604=CARTESIAN_POINT('',(0.114035590277778,-0.00409971158590978,0.3054));
#3605=CARTESIAN_POINT('',(0.114035590277778,-0.00415744661282874,0.3055));
#3606=CARTESIAN_POINT('',(0.114035590277778,-0.00427291666666669,0.3055));
#3607=CARTESIAN_POINT('',(0.11353859472772,-0.00409971159822411,0.305399999996017));
#3608=CARTESIAN_POINT('',(0.11353186329519,-0.0041574466380817,0.305499999993694));
#3609=CARTESIAN_POINT('',(0.113518400434218,-0.00427291669424963,0.3055));
#3610=CARTESIAN_POINT('',(0.113041746615955,-0.00401526473173438,0.305400000000078));
#3611=CARTESIAN_POINT('',(0.113021952878425,-0.00407337648642611,0.305500000000124));
#3612=CARTESIAN_POINT('',(0.112982365360463,-0.00418960004929788,0.3055));
#3613=CARTESIAN_POINT('',(0.112684262716828,-0.00372906056499451,0.3054));
#3614=CARTESIAN_POINT('',(0.11264817924457,-0.00377413069216437,0.3055));
#3615=CARTESIAN_POINT('',(0.112576012300053,-0.00386427094650412,0.3055));
#3616=CARTESIAN_POINT('',(0.114035590277778,-0.0040997115859098,0.3054));
#3617=CARTESIAN_POINT('',(0.113558175248574,-0.0040997115859098,0.3054));
#3618=CARTESIAN_POINT('',(0.113059851307737,-0.00402975952795867,0.3054));
#3619=CARTESIAN_POINT('',(0.112684262716828,-0.00372906056499456,0.3054));
#3620=CARTESIAN_POINT('',(0.112684262716828,-0.00372906056499456,0.3054));
#3621=CARTESIAN_POINT('',(0.112576012300053,-0.00386427094650412,0.3053));
#3622=CARTESIAN_POINT('',(0.116112972414285,-0.00157585247781817,0.3054));
#3623=CARTESIAN_POINT('',(0.11614848751141,-0.00153033312798178,0.3055));
#3624=CARTESIAN_POINT('',(0.11621951770566,-0.00143929442830895,0.3055));
#3625=CARTESIAN_POINT('',(0.116434290737682,-0.0018265513849847,0.305400000012617));
#3626=CARTESIAN_POINT('',(0.116484311242444,-0.00179234943487079,0.305500000019983));
#3627=CARTESIAN_POINT('',(0.116584352240766,-0.00172394553187693,0.3055));
#3628=CARTESIAN_POINT('',(0.116584900407287,-0.00222475263530447,0.3054));
#3629=CARTESIAN_POINT('',(0.116642635455742,-0.00221310801014386,0.3055));
#3630=CARTESIAN_POINT('',(0.116758105517946,-0.0021898187598231,0.3055));
#3631=CARTESIAN_POINT('',(0.116584900387993,-0.00265163845486112,0.3054));
#3632=CARTESIAN_POINT('',(0.116642635414912,-0.00265163845486112,0.3055));
#3633=CARTESIAN_POINT('',(0.11675810546875,-0.00265163845486112,0.3055));
#3634=CARTESIAN_POINT('',(0.11621951770566,-0.00143929442830895,0.3053));
#3635=CARTESIAN_POINT('',(0.116112972414285,-0.00157585247781814,0.3054));
#3636=CARTESIAN_POINT('',(0.116112972414285,-0.00157585247781814,0.3054));
#3637=CARTESIAN_POINT('',(0.116436096601828,-0.00182796036040697,0.3054));
#3638=CARTESIAN_POINT('',(0.116584900387993,-0.00224347635693336,0.3054));
#3639=CARTESIAN_POINT('',(0.116584900387993,-0.00265163845486112,0.3054));
#3640=CARTESIAN_POINT('',(0.112684262716828,-0.00372906056499449,0.3054));
#3641=CARTESIAN_POINT('',(0.11264817924457,-0.00377413069216434,0.3055));
#3642=CARTESIAN_POINT('',(0.112576012300053,-0.00386427094650412,0.3055));
#3643=CARTESIAN_POINT('',(0.11236791475379,-0.00347579008142704,0.305400000000069));
#3644=CARTESIAN_POINT('',(0.112317776468907,-0.0035096078274144,0.305500000000109));
#3645=CARTESIAN_POINT('',(0.112217499897363,-0.0035772433215182,0.3055));
#3646=CARTESIAN_POINT('',(0.11221859351654,-0.00308101051471311,0.3054));
#3647=CARTESIAN_POINT('',(0.112160858468305,-0.00309270076540923,0.3055));
#3648=CARTESIAN_POINT('',(0.112045388406117,-0.00311608126680157,0.3055));
#3649=CARTESIAN_POINT('',(0.112218593535618,-0.00265763346354168,0.3054));
#3650=CARTESIAN_POINT('',(0.112160858508699,-0.00265763346354168,0.3055));
#3651=CARTESIAN_POINT('',(0.112045388454861,-0.00265763346354168,0.3055));
#3652=CARTESIAN_POINT('',(0.112684262716828,-0.00372906056499457,0.3054));
#3653=CARTESIAN_POINT('',(0.11236642659476,-0.00347459864945152,0.3054));
#3654=CARTESIAN_POINT('',(0.112218593535618,-0.00306315006469839,0.3054));
#3655=CARTESIAN_POINT('',(0.112218593535618,-0.00265763346354168,0.3054));
#3656=CARTESIAN_POINT('',(0.112218593535618,-0.00265763346354168,0.3054));
#3657=CARTESIAN_POINT('',(0.112045388454861,-0.00265763346354168,0.3053));
#3658=CARTESIAN_POINT('',(0.11476513671875,-0.00121002148700694,0.3054));
#3659=CARTESIAN_POINT('',(0.11476513671875,-0.00115228646008799,0.3055));
#3660=CARTESIAN_POINT('',(0.11476513671875,-0.00103681640625,0.3055));
#3661=CARTESIAN_POINT('',(0.115259303234845,-0.00121002147482835,0.305399999992076));
#3662=CARTESIAN_POINT('',(0.115266052277341,-0.00115228643514451,0.305499999987456));
#3663=CARTESIAN_POINT('',(0.115279550370516,-0.00103681637911841,0.3055));
#3664=CARTESIAN_POINT('',(0.115752742754131,-0.00129479421527932,0.305400000000561));
#3665=CARTESIAN_POINT('',(0.115772360800505,-0.00123687172008906,0.305500000000885));
#3666=CARTESIAN_POINT('',(0.115811596931662,-0.00112102667974683,0.3055));
#3667=CARTESIAN_POINT('',(0.116112972414285,-0.00157585247781818,0.3054));
#3668=CARTESIAN_POINT('',(0.11614848751141,-0.0015303331279818,0.3055));
#3669=CARTESIAN_POINT('',(0.11621951770566,-0.00143929442830895,0.3055));
#3670=CARTESIAN_POINT('',(0.11476513671875,-0.00103681640625,0.3053));
#3671=CARTESIAN_POINT('',(0.11476513671875,-0.0012100214870069,0.3054));
#3672=CARTESIAN_POINT('',(0.11476513671875,-0.0012100214870069,0.3054));
#3673=CARTESIAN_POINT('',(0.115240701201081,-0.0012100214870069,0.3054));
#3674=CARTESIAN_POINT('',(0.115735146383507,-0.00128106513512336,0.3054));
#3675=CARTESIAN_POINT('',(0.116112972414285,-0.00157585247781814,0.3054));
#3676=CARTESIAN_POINT('',(0.112218593535618,-0.00265763346354168,0.3054));
#3677=CARTESIAN_POINT('',(0.112160858508699,-0.00265763346354168,0.3055));
#3678=CARTESIAN_POINT('',(0.112045388454861,-0.00265763346354168,0.3055));
#3679=CARTESIAN_POINT('',(0.112218593514125,-0.00223591161115383,0.305399999985941));
#3680=CARTESIAN_POINT('',(0.112160858465779,-0.00222437179010827,0.305499999977745));
#3681=CARTESIAN_POINT('',(0.112045388412189,-0.00220129214835403,0.3055));
#3682=CARTESIAN_POINT('',(0.11236515278214,-0.00184110156738824,0.305399999999987));
#3683=CARTESIAN_POINT('',(0.112314795461038,-0.00180752023601569,0.305499999999979));
#3684=CARTESIAN_POINT('',(0.112214080826359,-0.00174035758260698,0.3055));
#3685=CARTESIAN_POINT('',(0.112680057742001,-0.001587633643256,0.3054));
#3686=CARTESIAN_POINT('',(0.112643856657131,-0.00154265792994745,0.3055));
#3687=CARTESIAN_POINT('',(0.112571454487392,-0.00145270650333035,0.3055));
#3688=CARTESIAN_POINT('',(0.112218593535618,-0.00265763346354168,0.3054));
#3689=CARTESIAN_POINT('',(0.112218593535618,-0.00225283410010423,0.3054));
#3690=CARTESIAN_POINT('',(0.11236392476032,-0.00184209001666215,0.3054));
#3691=CARTESIAN_POINT('',(0.112680057742001,-0.00158763364325598,0.3054));
#3692=CARTESIAN_POINT('',(0.112680057742001,-0.00158763364325599,0.3054));
#3693=CARTESIAN_POINT('',(0.112571454487392,-0.00145270650333034,0.3053));
#3694=CARTESIAN_POINT('',(0.22325,-0.00103681640625,0.3053));
#3695=CARTESIAN_POINT('',(0.113990274635513,-0.00103682608036664,0.3053));
#3696=CARTESIAN_POINT('',(0.113991978206451,-0.00121002245909993,0.305400000561197));
#3697=CARTESIAN_POINT('',(0.22325,-0.0012100214870069,0.3054));
#3698=CARTESIAN_POINT('',(0.112680057742001,-0.00158763364325599,0.3054));
#3699=CARTESIAN_POINT('',(0.112643856657131,-0.00154265792994744,0.3055));
#3700=CARTESIAN_POINT('',(0.112571454487392,-0.00145270650333035,0.3055));
#3701=CARTESIAN_POINT('',(0.113028845315756,-0.00130689352933433,0.305400000011711));
#3702=CARTESIAN_POINT('',(0.113007992826612,-0.00124956372518115,0.305500000018539));
#3703=CARTESIAN_POINT('',(0.112966287806326,-0.00113490407930057,0.3055));
#3704=CARTESIAN_POINT('',(0.113509175078713,-0.00121477165351307,0.3054));
#3705=CARTESIAN_POINT('',(0.11350163081399,-0.00115710802617134,0.3055));
#3706=CARTESIAN_POINT('',(0.113486542284786,-0.00104178079601492,0.3055));
#3707=CARTESIAN_POINT('',(0.113991978209638,-0.00121002278309276,0.3054));
#3708=CARTESIAN_POINT('',(0.113991410351596,-0.00115229054885072,0.3055));
#3709=CARTESIAN_POINT('',(0.113990274635513,-0.00103682608036664,0.3055));
#3710=CARTESIAN_POINT('',(0.112680057742001,-0.00158763364325598,0.3054));
#3711=CARTESIAN_POINT('',(0.113044287327116,-0.00129446417127354,0.3054));
#3712=CARTESIAN_POINT('',(0.113526862724633,-0.00121459768950301,0.3054));
#3713=CARTESIAN_POINT('',(0.113991978209638,-0.00121002278309277,0.3054));
#3714=CARTESIAN_POINT('',(0.113160610393228,-0.00306881095015181,0.3054));
#3715=CARTESIAN_POINT('',(0.113130173054147,-0.00311787113485412,0.3053));
#3716=CARTESIAN_POINT('',(0.113069298375986,-0.00321599150425877,0.3053));
#3717=CARTESIAN_POINT('',(0.113337905443433,-0.00317880620577519,0.305400000060094));
#3718=CARTESIAN_POINT('',(0.11332620380824,-0.00323948997184548,0.305299999999445));
#3719=CARTESIAN_POINT('',(0.113302800428762,-0.00336085768090233,0.3053));
#3720=CARTESIAN_POINT('',(0.113588088377249,-0.00320868983342818,0.30539999999986));
#3721=CARTESIAN_POINT('',(0.113587093067747,-0.00326641628066007,0.305299999930496));
#3722=CARTESIAN_POINT('',(0.113585102526507,-0.00338186917656246,0.3053));
#3723=CARTESIAN_POINT('',(0.113860493230357,-0.00321338646874597,0.3054));
#3724=CARTESIAN_POINT('',(0.113859497946779,-0.00327111291627161,0.3053));
#3725=CARTESIAN_POINT('',(0.113857507379623,-0.00338656581132295,0.3053));
#3726=CARTESIAN_POINT('',(0.113069298375986,-0.00321599150425877,0.3055));
#3727=CARTESIAN_POINT('',(0.113854126829408,-0.00321327669533987,0.3054));
#3728=CARTESIAN_POINT('',(0.113853821987146,-0.00324850147764992,0.305338988887353));
#3729=CARTESIAN_POINT('',(0.113853232851361,-0.00331693288731867,0.305300000000001));
#3730=CARTESIAN_POINT('',(0.113852633336526,-0.00338648177609553,0.3053));
#3731=CARTESIAN_POINT('',(0.22325,-0.00338648177609714,0.3055));
#3732=CARTESIAN_POINT('',(0.114873969184028,-0.00338648177609714,0.3055));
#3733=CARTESIAN_POINT('',(0.113069298375986,-0.00321599150425877,0.3053));
#3734=CARTESIAN_POINT('',(0.113130173054147,-0.00311787113485412,0.3053));
#3735=CARTESIAN_POINT('',(0.113160610393228,-0.00306881095015181,0.3054));
#3736=CARTESIAN_POINT('',(0.112880483861934,-0.00309884954039168,0.3053));
#3737=CARTESIAN_POINT('',(0.11297189937124,-0.00301967687668721,0.305299999999416));
#3738=CARTESIAN_POINT('',(0.1130176071225,-0.00298009055084802,0.305400000004078));
#3739=CARTESIAN_POINT('',(0.112774108355422,-0.00288008997159171,0.3053));
#3740=CARTESIAN_POINT('',(0.11288957847405,-0.00285185201450405,0.30530000001926));
#3741=CARTESIAN_POINT('',(0.112947313567486,-0.00283773303570825,0.305399999974103));
#3742=CARTESIAN_POINT('',(0.112774108501681,-0.00265809461805556,0.3053));
#3743=CARTESIAN_POINT('',(0.112889578555519,-0.00265809461805556,0.3053));
#3744=CARTESIAN_POINT('',(0.112947313582437,-0.00265809461805556,0.3054));
#3745=CARTESIAN_POINT('',(0.112774108501681,-0.00265809461805556,0.3055));
#3746=CARTESIAN_POINT('',(0.115708363223695,-0.00322802501732113,0.3053));
#3747=CARTESIAN_POINT('',(0.115651859008761,-0.00312732443625028,0.3053));
#3748=CARTESIAN_POINT('',(0.115623606901294,-0.00307697414571487,0.3054));
#3749=CARTESIAN_POINT('',(0.115456277486071,-0.00336947276242935,0.3053));
#3750=CARTESIAN_POINT('',(0.115436382603622,-0.00324823041089913,0.305300000000241));
#3751=CARTESIAN_POINT('',(0.115426435214802,-0.00318760932876485,0.305400000061987));
#3752=CARTESIAN_POINT('',(0.115160550866347,-0.00338648180840893,0.3053));
#3753=CARTESIAN_POINT('',(0.115152117542379,-0.00327101175156584,0.305299999995931));
#3754=CARTESIAN_POINT('',(0.115147900882677,-0.00321327670230532,0.305399999987936));
#3755=CARTESIAN_POINT('',(0.114873969184028,-0.00338648177609714,0.3053));
#3756=CARTESIAN_POINT('',(0.114873969184028,-0.00327101172225919,0.3053));
#3757=CARTESIAN_POINT('',(0.114873969184028,-0.00321327669534024,0.3054));
#3758=CARTESIAN_POINT('',(0.115708363223695,-0.00322802501732113,0.3055));
#3759=CARTESIAN_POINT('',(0.112774108501681,-0.00265809461805557,0.3053));
#3760=CARTESIAN_POINT('',(0.112889578555519,-0.00265809461805557,0.3053));
#3761=CARTESIAN_POINT('',(0.112947313582438,-0.00265809461805557,0.3054));
#3762=CARTESIAN_POINT('',(0.1127741083933,-0.00242951115928585,0.3053));
#3763=CARTESIAN_POINT('',(0.112889578500182,-0.00245829174627085,0.305300000001795));
#3764=CARTESIAN_POINT('',(0.112947313574983,-0.00247268203973986,0.305399999987089));
#3765=CARTESIAN_POINT('',(0.11288619914561,-0.00220534694195165,0.3053));
#3766=CARTESIAN_POINT('',(0.112976408033214,-0.00228582207997871,0.305300000000595));
#3767=CARTESIAN_POINT('',(0.113021512474332,-0.00232605964508084,0.305400000002633));
#3768=CARTESIAN_POINT('',(0.113082506812906,-0.00208718126459229,0.3053));
#3769=CARTESIAN_POINT('',(0.113142056852759,-0.00218611116950915,0.3053));
#3770=CARTESIAN_POINT('',(0.113171831872686,-0.00223557612196755,0.3054));
#3771=CARTESIAN_POINT('',(0.113082506812906,-0.00208718126459229,0.3055));
#3772=CARTESIAN_POINT('',(0.116032152349014,-0.00265163845486113,0.3053));
#3773=CARTESIAN_POINT('',(0.115916682295176,-0.00265163845486113,0.3053));
#3774=CARTESIAN_POINT('',(0.115858947268257,-0.00265163845486113,0.3054));
#3775=CARTESIAN_POINT('',(0.116032152462408,-0.00288504058943781,0.3053));
#3776=CARTESIAN_POINT('',(0.115916682354181,-0.00285552542956838,0.305300000001152));
#3777=CARTESIAN_POINT('',(0.115858947276041,-0.00284076784961896,0.305399999986517));
#3778=CARTESIAN_POINT('',(0.115912523178404,-0.00311346877640741,0.3053));
#3779=CARTESIAN_POINT('',(0.115824653938136,-0.00303036738111223,0.305300000034048));
#3780=CARTESIAN_POINT('',(0.115780719282955,-0.00298881665496734,0.305399999981427));
#3781=CARTESIAN_POINT('',(0.115708363223695,-0.00322802501732108,0.3053));
#3782=CARTESIAN_POINT('',(0.115651859008761,-0.00312732443625024,0.3053));
#3783=CARTESIAN_POINT('',(0.115623606901294,-0.00307697414571483,0.3054));
#3784=CARTESIAN_POINT('',(0.116032152349014,-0.00265163845486112,0.3055));
#3785=CARTESIAN_POINT('',(0.113082506812906,-0.00208718126459229,0.3053));
#3786=CARTESIAN_POINT('',(0.113142056852759,-0.00218611116950915,0.3053));
#3787=CARTESIAN_POINT('',(0.113171831872686,-0.00223557612196756,0.3054));
#3788=CARTESIAN_POINT('',(0.113331271427479,-0.00193743990007647,0.3053));
#3789=CARTESIAN_POINT('',(0.11335077292918,-0.00206047651461097,0.305299999999851));
#3790=CARTESIAN_POINT('',(0.113360523621708,-0.00212199472486414,0.305400000065376));
#3791=CARTESIAN_POINT('',(0.113630113138455,-0.00192325126342792,0.3053));
#3792=CARTESIAN_POINT('',(0.113638496434408,-0.00203872132029842,0.3053));
#3793=CARTESIAN_POINT('',(0.113642688082375,-0.00209645637036576,0.305399999987511));
#3794=CARTESIAN_POINT('',(0.113917534722222,-0.00192325129681955,0.3053));
#3795=CARTESIAN_POINT('',(0.113917534722222,-0.0020387213506575,0.3053));
#3796=CARTESIAN_POINT('',(0.113917534722222,-0.00209645637757645,0.3054));
#3797=CARTESIAN_POINT('',(0.113917534722222,-0.00192325129681955,0.3055));
#3798=CARTESIAN_POINT('',(0.115719133013134,-0.00208344388426736,0.3053));
#3799=CARTESIAN_POINT('',(0.115662136357227,-0.00218386656372178,0.3053));
#3800=CARTESIAN_POINT('',(0.115633638029274,-0.00223407790344899,0.3054));
#3801=CARTESIAN_POINT('',(0.115918507873201,-0.00219660247795257,0.3053));
#3802=CARTESIAN_POINT('',(0.115829300516767,-0.00227874348814777,0.305300000000441));
#3803=CARTESIAN_POINT('',(0.115784696841196,-0.00231981398813773,0.305400000003384));
#3804=CARTESIAN_POINT('',(0.116032152497976,-0.00242255652794807,0.3053));
#3805=CARTESIAN_POINT('',(0.115916682390643,-0.00245110054321766,0.305300000013061));
#3806=CARTESIAN_POINT('',(0.115858947283584,-0.0024653725506833,0.305399999973452));
#3807=CARTESIAN_POINT('',(0.116032152349014,-0.00265163845486112,0.3053));
#3808=CARTESIAN_POINT('',(0.115916682295176,-0.00265163845486113,0.3053));
#3809=CARTESIAN_POINT('',(0.115858947268257,-0.00265163845486112,0.3054));
#3810=CARTESIAN_POINT('',(0.115719133013134,-0.00208344388426736,0.3055));
#3811=CARTESIAN_POINT('',(0.22325,-0.00192325129681955,0.3055));
#3812=CARTESIAN_POINT('',(0.114914400258419,-0.00209645637757683,0.3054));
#3813=CARTESIAN_POINT('',(0.114914598481644,-0.00206123494807335,0.305338994694585));
#3814=CARTESIAN_POINT('',(0.114914981488912,-0.00199284951111114,0.305299999999787));
#3815=CARTESIAN_POINT('',(0.114915371746996,-0.0019232512962085,0.3053));
#3816=CARTESIAN_POINT('',(0.115633638029274,-0.00223407790344898,0.3054));
#3817=CARTESIAN_POINT('',(0.115662136357227,-0.00218386656372178,0.3053));
#3818=CARTESIAN_POINT('',(0.115719133013134,-0.00208344388426736,0.3053));
#3819=CARTESIAN_POINT('',(0.115443806950404,-0.00212633598075529,0.305400000061743));
#3820=CARTESIAN_POINT('',(0.115454195717635,-0.00206584643446338,0.30529999999982));
#3821=CARTESIAN_POINT('',(0.115474973357927,-0.00194486715585942,0.3053));
#3822=CARTESIAN_POINT('',(0.115186141970185,-0.00209950394508419,0.3054));
#3823=CARTESIAN_POINT('',(0.11518678942509,-0.00204177254863971,0.3053));
#3824=CARTESIAN_POINT('',(0.115188084334926,-0.00192630975575006,0.3053));
#3825=CARTESIAN_POINT('',(0.114908460934298,-0.00209638976524232,0.3054));
#3826=CARTESIAN_POINT('',(0.114909108389211,-0.00203865836879752,0.3053));
#3827=CARTESIAN_POINT('',(0.114910403299038,-0.00192319557590787,0.3053));
#3828=CARTESIAN_POINT('',(0.116122021514497,-0.00372212450712065,0.3054));
#3829=CARTESIAN_POINT('',(0.11608588766398,-0.00367709475939566,0.3053));
#3830=CARTESIAN_POINT('',(0.116013619962947,-0.00358703526394564,0.3053));
#3831=CARTESIAN_POINT('',(0.115733318039223,-0.00403403722804566,0.305399999935939));
#3832=CARTESIAN_POINT('',(0.115714195395983,-0.00397535681131933,0.305299999998099));
#3833=CARTESIAN_POINT('',(0.115675950250581,-0.00385799615101233,0.3053));
#3834=CARTESIAN_POINT('',(0.115230085473068,-0.00409556599455009,0.3054));
#3835=CARTESIAN_POINT('',(0.115229517614984,-0.00403783376030891,0.305299999999986));
#3836=CARTESIAN_POINT('',(0.115228381898821,-0.00392236929182526,0.3053));
#3837=CARTESIAN_POINT('',(0.114800938443073,-0.00409978711287786,0.3054));
#3838=CARTESIAN_POINT('',(0.114800370585031,-0.00404205487863583,0.3053));
#3839=CARTESIAN_POINT('',(0.114799234868948,-0.00392659041015173,0.3053));
#3840=CARTESIAN_POINT('',(0.116013619962947,-0.00358703526394564,0.3055));
#3841=CARTESIAN_POINT('',(0.11480861701816,-0.0040997115859098,0.3054));
#3842=CARTESIAN_POINT('',(0.114808443799712,-0.00406448964961318,0.305338993816793));
#3843=CARTESIAN_POINT('',(0.114808106666574,-0.00399612315989863,0.305300000000009));
#3844=CARTESIAN_POINT('',(0.114807758443203,-0.00392650650517783,0.3053));
#3845=CARTESIAN_POINT('',(0.22325,-0.00392650650515289,0.3055));
#3846=CARTESIAN_POINT('',(0.114035590277778,-0.00392650650515289,0.3055));
#3847=CARTESIAN_POINT('',(0.116013619962947,-0.00358703526394564,0.3053));
#3848=CARTESIAN_POINT('',(0.11608588766398,-0.00367709475939566,0.3053));
#3849=CARTESIAN_POINT('',(0.116122021514497,-0.00372212450712065,0.3054));
#3850=CARTESIAN_POINT('',(0.116151733819909,-0.00347620665641632,0.3053));
#3851=CARTESIAN_POINT('',(0.116238324832083,-0.00355477251179957,0.305299999999892));
#3852=CARTESIAN_POINT('',(0.116281620320082,-0.0035940554168702,0.305400000016748));
#3853=CARTESIAN_POINT('',(0.116364467894377,-0.00318490448690521,0.3053));
#3854=CARTESIAN_POINT('',(0.116478214044922,-0.00322522579315927,0.305299999999893));
#3855=CARTESIAN_POINT('',(0.116535087144478,-0.00324538645759781,0.30539999998288));
#3856=CARTESIAN_POINT('',(0.11641169533835,-0.00282822706816039,0.3053));
#3857=CARTESIAN_POINT('',(0.116527165398504,-0.00283877499256478,0.305300000000323));
#3858=CARTESIAN_POINT('',(0.116584900398096,-0.0028440489547631,0.305400000017498));
#3859=CARTESIAN_POINT('',(0.116411695307236,-0.00265163845486112,0.3053));
#3860=CARTESIAN_POINT('',(0.116527165361074,-0.00265163845486113,0.3053));
#3861=CARTESIAN_POINT('',(0.116584900387993,-0.00265163845486112,0.3054));
#3862=CARTESIAN_POINT('',(0.116411695307236,-0.00265163845486112,0.3055));
#3863=CARTESIAN_POINT('',(0.112792513133604,-0.003593850183485,0.3053));
#3864=CARTESIAN_POINT('',(0.112720346189087,-0.00368399043782472,0.3053));
#3865=CARTESIAN_POINT('',(0.112684262716828,-0.00372906056499455,0.3054));
#3866=CARTESIAN_POINT('',(0.11313751696954,-0.00387006259068837,0.3053));
#3867=CARTESIAN_POINT('',(0.113101770935978,-0.00398936165123333,0.305300000001827));
#3868=CARTESIAN_POINT('',(0.113083897831079,-0.00404901129027164,0.305399999919532));
#3869=CARTESIAN_POINT('',(0.1135973797204,-0.00392650653585234,0.3053));
#3870=CARTESIAN_POINT('',(0.113585006501167,-0.00404197659246583,0.305300000009719));
#3871=CARTESIAN_POINT('',(0.113578819886085,-0.00409971159456714,0.305400000014995));
#3872=CARTESIAN_POINT('',(0.114035590277778,-0.00392650650515289,0.3053));
#3873=CARTESIAN_POINT('',(0.114035590277778,-0.00404197655899084,0.3053));
#3874=CARTESIAN_POINT('',(0.114035590277778,-0.00409971158590979,0.3054));
#3875=CARTESIAN_POINT('',(0.112792513133604,-0.003593850183485,0.3055));
#3876=CARTESIAN_POINT('',(0.116411695307236,-0.00265163845486112,0.3053));
#3877=CARTESIAN_POINT('',(0.116527165361074,-0.00265163845486113,0.3053));
#3878=CARTESIAN_POINT('',(0.116584900387993,-0.00265163845486112,0.3054));
#3879=CARTESIAN_POINT('',(0.116411695336205,-0.00247395474405078,0.3053));
#3880=CARTESIAN_POINT('',(0.116527165396394,-0.0024633970228709,0.305300000000695));
#3881=CARTESIAN_POINT('',(0.116584900397517,-0.00245811816227174,0.305400000016496));
#3882=CARTESIAN_POINT('',(0.116365762218836,-0.00211826926471998,0.3053));
#3883=CARTESIAN_POINT('',(0.116479788333213,-0.00207810312913953,0.305299999999862));
#3884=CARTESIAN_POINT('',(0.116536801416981,-0.00205802004569557,0.305399999980286));
#3885=CARTESIAN_POINT('',(0.116147501886472,-0.00182247980671386,0.3053));
#3886=CARTESIAN_POINT('',(0.116233264491184,-0.00174293560819684,0.305299999999581));
#3887=CARTESIAN_POINT('',(0.116276145769353,-0.00170316354025506,0.305400000022931));
#3888=CARTESIAN_POINT('',(0.116006427122909,-0.00171241052732733,0.3053));
#3889=CARTESIAN_POINT('',(0.11607745731716,-0.00162137182765453,0.3053));
#3890=CARTESIAN_POINT('',(0.116112972414285,-0.00157585247781814,0.3054));
#3891=CARTESIAN_POINT('',(0.116006427122909,-0.00171241052732733,0.3055));
#3892=CARTESIAN_POINT('',(0.112391798616375,-0.00265763346354168,0.3053));
#3893=CARTESIAN_POINT('',(0.112276328562537,-0.00265763346354168,0.3053));
#3894=CARTESIAN_POINT('',(0.112218593535618,-0.00265763346354168,0.3054));
#3895=CARTESIAN_POINT('',(0.112391798587724,-0.00283436480641715,0.3053));
#3896=CARTESIAN_POINT('',(0.112276328530508,-0.00284500606158287,0.305300000007443));
#3897=CARTESIAN_POINT('',(0.112218593526169,-0.00285032668906861,0.305400000016367));
#3898=CARTESIAN_POINT('',(0.112438270921715,-0.00318794960685156,0.3053));
#3899=CARTESIAN_POINT('',(0.112324498887831,-0.00322830578611759,0.305299999998175));
#3900=CARTESIAN_POINT('',(0.112267612845668,-0.00324848389079278,0.305399999980699));
#3901=CARTESIAN_POINT('',(0.112653628899329,-0.00348265849473541,0.3053));
#3902=CARTESIAN_POINT('',(0.112567223371882,-0.00356139925319335,0.305299999996208));
#3903=CARTESIAN_POINT('',(0.112524020634331,-0.00360076960243509,0.305400000022234));
#3904=CARTESIAN_POINT('',(0.112792513133604,-0.003593850183485,0.3053));
#3905=CARTESIAN_POINT('',(0.112720346189087,-0.00368399043782471,0.3053));
#3906=CARTESIAN_POINT('',(0.112684262716828,-0.00372906056499455,0.3054));
#3907=CARTESIAN_POINT('',(0.112391798616375,-0.00265763346354168,0.3055));
#3908=CARTESIAN_POINT('',(0.116006427122909,-0.00171241052732733,0.3053));
#3909=CARTESIAN_POINT('',(0.11607745731716,-0.00162137182765453,0.3053));
#3910=CARTESIAN_POINT('',(0.116112972414285,-0.00157585247781814,0.3054));
#3911=CARTESIAN_POINT('',(0.115658922787565,-0.00144128093384331,0.3053));
#3912=CARTESIAN_POINT('',(0.1156946018957,-0.00132266065340309,0.305299999997938));
#3913=CARTESIAN_POINT('',(0.115712441529358,-0.00126335041270153,0.305399999926406));
#3914=CARTESIAN_POINT('',(0.115202223454287,-0.00138322653722649,0.3053));
#3915=CARTESIAN_POINT('',(0.115214672487405,-0.00126775648084549,0.305300000018981));
#3916=CARTESIAN_POINT('',(0.11522089699327,-0.00121002147839952,0.305400000014908));
#3917=CARTESIAN_POINT('',(0.11476513671875,-0.00138322656776379,0.3053));
#3918=CARTESIAN_POINT('',(0.11476513671875,-0.00126775651392585,0.3053));
#3919=CARTESIAN_POINT('',(0.11476513671875,-0.0012100214870069,0.3054));
#3920=CARTESIAN_POINT('',(0.11476513671875,-0.00138322656776379,0.3055));
#3921=CARTESIAN_POINT('',(0.112788660996609,-0.00172256078318164,0.3053));
#3922=CARTESIAN_POINT('',(0.11271625882687,-0.00163260935656454,0.3053));
#3923=CARTESIAN_POINT('',(0.112680057742001,-0.00158763364325604,0.3054));
#3924=CARTESIAN_POINT('',(0.112650837348013,-0.00183349541931752,0.3053));
#3925=CARTESIAN_POINT('',(0.112564112092705,-0.00175507267380054,0.305300000006538));
#3926=CARTESIAN_POINT('',(0.11252074947946,-0.00171586132338608,0.305400000016587));
#3927=CARTESIAN_POINT('',(0.112438825112031,-0.00212487972156049,0.3053));
#3928=CARTESIAN_POINT('',(0.112325054395508,-0.00208470465758797,0.305299999999801));
#3929=CARTESIAN_POINT('',(0.112268169013233,-0.00206461711439051,0.30539999998298));
#3930=CARTESIAN_POINT('',(0.112391798585327,-0.00248120785354586,0.3053));
#3931=CARTESIAN_POINT('',(0.112276328523051,-0.0024706890895954,0.305299999993859));
#3932=CARTESIAN_POINT('',(0.112218593525537,-0.00246542970770048,0.305400000017462));
#3933=CARTESIAN_POINT('',(0.112391798616375,-0.00265763346354168,0.3053));
#3934=CARTESIAN_POINT('',(0.112276328562537,-0.00265763346354168,0.3053));
#3935=CARTESIAN_POINT('',(0.112218593535618,-0.00265763346354168,0.3054));
#3936=CARTESIAN_POINT('',(0.112788660996609,-0.00172256078318163,0.3055));
#3937=CARTESIAN_POINT('',(0.22325,-0.00138322656776379,0.3055));
#3938=CARTESIAN_POINT('',(0.113993681783763,-0.00138322656776379,0.3055));
#3939=CARTESIAN_POINT('',(0.113993681783763,-0.0013832194858189,0.3053));
#3940=CARTESIAN_POINT('',(0.11399254606768,-0.00126775501733479,0.3053));
#3941=CARTESIAN_POINT('',(0.113991978209638,-0.00121002278309277,0.3054));
#3942=CARTESIAN_POINT('',(0.113567073034895,-0.00138741560867571,0.3053));
#3943=CARTESIAN_POINT('',(0.113553049834871,-0.00127207789947131,0.305300000000055));
#3944=CARTESIAN_POINT('',(0.113546038235086,-0.00121440906965986,0.305400000014314));
#3945=CARTESIAN_POINT('',(0.113124746894688,-0.00145204440381201,0.3053));
#3946=CARTESIAN_POINT('',(0.113086422889488,-0.00133466339814313,0.305300000016952));
#3947=CARTESIAN_POINT('',(0.113067260803269,-0.00127597280294548,0.305399999931619));
#3948=CARTESIAN_POINT('',(0.112788660996609,-0.00172256078318164,0.3053));
#3949=CARTESIAN_POINT('',(0.11271625882687,-0.00163260935656454,0.3053));
#3950=CARTESIAN_POINT('',(0.112680057742001,-0.00158763364325604,0.3054));
#3951=CARTESIAN_POINT('',(0.116090494791667,0.00019945572390288,0.3053));
#3952=CARTESIAN_POINT('',(0.116090494791667,0.000314925777740826,0.3053));
#3953=CARTESIAN_POINT('',(0.116090494791667,0.000372660804659774,0.3054));
#3954=CARTESIAN_POINT('',(0.116010298193894,0.000199455976182762,0.3053));
#3955=CARTESIAN_POINT('',(0.115989234058126,0.000314926258827266,0.305299999999997));
#3956=CARTESIAN_POINT('',(0.115978701990242,0.000372660953532202,0.305400000257855));
#3957=CARTESIAN_POINT('',(0.11593028926917,0.000171384122187926,0.3053));
#3958=CARTESIAN_POINT('',(0.115865695939872,0.000271616793704426,0.305299999999876));
#3959=CARTESIAN_POINT('',(0.115833399814933,0.000321732630621514,0.305400000424284));
#3960=CARTESIAN_POINT('',(0.115875659627776,0.000112286123543098,0.3053));
#3961=CARTESIAN_POINT('',(0.115790867711854,0.000190667654069055,0.3053));
#3962=CARTESIAN_POINT('',(0.115748471753893,0.000229858419332015,0.3054));
#3963=CARTESIAN_POINT('',(0.115875659627776,0.0001122861235431,0.3055));
#3964=CARTESIAN_POINT('',(0.116090494791667,0.000199455723902887,0.3055));
#3965=CARTESIAN_POINT('',(0.116301412238806,0.000113917325282181,0.3053));
#3966=CARTESIAN_POINT('',(0.116386384351727,0.000192103470851968,0.3053));
#3967=CARTESIAN_POINT('',(0.116428870408188,0.000231196543636851,0.3054));
#3968=CARTESIAN_POINT('',(0.116247971659822,0.000171996532608445,0.3053));
#3969=CARTESIAN_POINT('',(0.116312660706186,0.000272226775786436,0.30530000000003));
#3970=CARTESIAN_POINT('',(0.116345004739674,0.000322341446808569,0.305400000384182));
#3971=CARTESIAN_POINT('',(0.116169332718353,0.00019945601541378,0.3053));
#3972=CARTESIAN_POINT('',(0.116190271544505,0.000314926313707763,0.305300000195069));
#3973=CARTESIAN_POINT('',(0.116200740846319,0.000372660969022776,0.305400000284685));
#3974=CARTESIAN_POINT('',(0.116090494791667,0.00019945572390288,0.3053));
#3975=CARTESIAN_POINT('',(0.116090494791667,0.000314925777740826,0.3053));
#3976=CARTESIAN_POINT('',(0.116090494791667,0.000372660804659774,0.3054));
#3977=CARTESIAN_POINT('',(0.116301412238806,0.000113917325282179,0.3055));
#3978=CARTESIAN_POINT('',(0.115875659627776,0.000112286123543106,0.3053));
#3979=CARTESIAN_POINT('',(0.115790867711854,0.000190667654069063,0.3053));
#3980=CARTESIAN_POINT('',(0.115748471753893,0.000229858419332018,0.3054));
#3981=CARTESIAN_POINT('',(0.115816180709642,4.79429365902013E-5,0.3053));
#3982=CARTESIAN_POINT('',(0.115710835912346,0.000104091008317181,0.305300000000323));
#3983=CARTESIAN_POINT('',(0.115658163763715,0.000132164812890506,0.305400000196723));
#3984=CARTESIAN_POINT('',(0.11579050716813,-3.98455568217066E-5,0.3053));
#3985=CARTESIAN_POINT('',(0.11567503697537,-2.07788766317209E-5,0.305300000020394));
#3986=CARTESIAN_POINT('',(0.115617302194096,-1.12455365240115E-5,0.305400000188591));
#3987=CARTESIAN_POINT('',(0.115790507383736,-0.000127278645833335,0.3053));
#3988=CARTESIAN_POINT('',(0.115675037329898,-0.000127278645833335,0.3053));
#3989=CARTESIAN_POINT('',(0.115617302302979,-0.000127278645833335,0.3054));
#3990=CARTESIAN_POINT('',(0.115790507383736,-0.000127278645833334,0.3055));
#3991=CARTESIAN_POINT('',(0.116384948345431,-0.000127278645833334,0.3053));
#3992=CARTESIAN_POINT('',(0.116500418399269,-0.000127278645833334,0.3053));
#3993=CARTESIAN_POINT('',(0.116558153426187,-0.000127278645833334,0.3054));
#3994=CARTESIAN_POINT('',(0.116384948525368,-3.97182119971446E-5,0.3053));
#3995=CARTESIAN_POINT('',(0.116500418706866,-2.16110621332702E-5,0.305299999999949));
#3996=CARTESIAN_POINT('',(0.116558153519051,-1.25574872013701E-5,0.305400000160845));
#3997=CARTESIAN_POINT('',(0.116360987942943,4.91712026794823E-5,0.3053));
#3998=CARTESIAN_POINT('',(0.116467646244354,0.000103789459079211,0.30530000028817));
#3999=CARTESIAN_POINT('',(0.116520974905447,0.000131098288122079,0.30540000025447));
#4000=CARTESIAN_POINT('',(0.116301412238806,0.000113917325282171,0.3053));
#4001=CARTESIAN_POINT('',(0.116386384351727,0.000192103470851961,0.3053));
#4002=CARTESIAN_POINT('',(0.116428870408188,0.000231196543636844,0.3054));
#4003=CARTESIAN_POINT('',(0.116384948345431,-0.000127278645833334,0.3055));
#4004=CARTESIAN_POINT('',(0.115790507383736,-0.000127278645833334,0.3053));
#4005=CARTESIAN_POINT('',(0.115675037329898,-0.000127278645833334,0.3053));
#4006=CARTESIAN_POINT('',(0.115617302302979,-0.000127278645833334,0.3054));
#4007=CARTESIAN_POINT('',(0.115790507194662,-0.000213650118163143,0.3053));
#4008=CARTESIAN_POINT('',(0.115675036991601,-0.000233153635438152,0.305299999999889));
#4009=CARTESIAN_POINT('',(0.115617302199767,-0.00024290539407572,0.305400000178768));
#4010=CARTESIAN_POINT('',(0.11581653979189,-0.000299880245933538,0.3053));
#4011=CARTESIAN_POINT('',(0.115711746674598,-0.000356699790798449,0.305300000000317));
#4012=CARTESIAN_POINT('',(0.115659350476717,-0.000385109228425487,0.305400000284238));
#4013=CARTESIAN_POINT('',(0.115875488917429,-0.000363430979423457,0.3053));
#4014=CARTESIAN_POINT('',(0.115790831636513,-0.000441957905514318,0.3053));
#4015=CARTESIAN_POINT('',(0.115748502996055,-0.000481221368559727,0.3054));
#4016=CARTESIAN_POINT('',(0.115875488917429,-0.000363430979423452,0.3055));
#4017=CARTESIAN_POINT('',(0.116301584240307,-0.000365059930255565,0.3053));
#4018=CARTESIAN_POINT('',(0.116386420699921,-0.000443393246624583,0.3053));
#4019=CARTESIAN_POINT('',(0.116428838929729,-0.000482559904809068,0.3054));
#4020=CARTESIAN_POINT('',(0.116360507967614,-0.000301244578325271,0.3053));
#4021=CARTESIAN_POINT('',(0.116466551071776,-0.000356611031367137,0.305300000000457));
#4022=CARTESIAN_POINT('',(0.116519572378568,-0.000384294031638899,0.305400000192552));
#4023=CARTESIAN_POINT('',(0.11638494855945,-0.000213911332339653,0.3053));
#4024=CARTESIAN_POINT('',(0.116500418761094,-0.000232446324232515,0.305300000013769));
#4025=CARTESIAN_POINT('',(0.116558153533143,-0.000241713820170325,0.305400000185253));
#4026=CARTESIAN_POINT('',(0.116384948345431,-0.000127278645833335,0.3053));
#4027=CARTESIAN_POINT('',(0.116500418399269,-0.000127278645833335,0.3053));
#4028=CARTESIAN_POINT('',(0.116558153426187,-0.000127278645833335,0.3054));
#4029=CARTESIAN_POINT('',(0.116301584240307,-0.000365059930255565,0.3055));
#4030=CARTESIAN_POINT('',(0.115875488917429,-0.000363430979423437,0.3053));
#4031=CARTESIAN_POINT('',(0.115790831636513,-0.000441957905514302,0.3053));
#4032=CARTESIAN_POINT('',(0.115748502996055,-0.000481221368559716,0.3054));
#4033=CARTESIAN_POINT('',(0.11593015745381,-0.000422367690517889,0.3053));
#4034=CARTESIAN_POINT('',(0.115865776173831,-0.000522754076041183,0.305299999999889));
#4035=CARTESIAN_POINT('',(0.115833585994295,-0.000572946841746101,0.305400000362556));
#4036=CARTESIAN_POINT('',(0.116010194115805,-0.000450324064193977,0.3053));
#4037=CARTESIAN_POINT('',(0.115989199239011,-0.000565794353142989,0.305300000181096));
#4038=CARTESIAN_POINT('',(0.115978701697323,-0.000623529019336659,0.305400000275606));
#4039=CARTESIAN_POINT('',(0.116090494791667,-0.000450323779458437,0.3053));
#4040=CARTESIAN_POINT('',(0.116090494791667,-0.000565793833296383,0.3053));
#4041=CARTESIAN_POINT('',(0.116090494791667,-0.000623528860215331,0.3054));
#4042=CARTESIAN_POINT('',(0.116090494791667,-0.000450323779458437,0.3055));
#4043=CARTESIAN_POINT('',(0.116090494791667,-0.000450323779458437,0.3053));
#4044=CARTESIAN_POINT('',(0.116090494791667,-0.000565793833296383,0.3053));
#4045=CARTESIAN_POINT('',(0.116090494791667,-0.000623528860215331,0.3054));
#4046=CARTESIAN_POINT('',(0.11616924014516,-0.000450324035795001,0.3053));
#4047=CARTESIAN_POINT('',(0.116190057370114,-0.000565794322735855,0.30530000000001));
#4048=CARTESIAN_POINT('',(0.116200465982584,-0.000623529011713056,0.305400000262402));
#4049=CARTESIAN_POINT('',(0.116247966115556,-0.000423129891652453,0.3053));
#4050=CARTESIAN_POINT('',(0.1163123867985,-0.000523574545815722,0.30530000000439));
#4051=CARTESIAN_POINT('',(0.11634459657017,-0.000573796349082937,0.305400000445787));
#4052=CARTESIAN_POINT('',(0.116301584240307,-0.000365059930255558,0.3053));
#4053=CARTESIAN_POINT('',(0.116386420699921,-0.000443393246624578,0.3053));
#4054=CARTESIAN_POINT('',(0.116428838929729,-0.000482559904809063,0.3054));
#4055=CARTESIAN_POINT('',(0.22325,0.00247100694444445,0.3053));
#4056=CARTESIAN_POINT('',(0.114720084635417,0.00247100694444445,0.3053));
#4057=CARTESIAN_POINT('',(0.114720084635417,0.00264421202520135,0.3054));
#4058=CARTESIAN_POINT('',(0.22325,0.00264421202520135,0.3054));
#4059=CARTESIAN_POINT('',(0.114720084635417,0.00247100694444445,0.3053));
#4060=CARTESIAN_POINT('',(0.114720084635417,0.00247100694444445,0.3054));
#4061=CARTESIAN_POINT('',(0.22325,0.00281741710595825,0.3055));
#4062=CARTESIAN_POINT('',(0.112888698303062,0.00281741710595825,0.3055));
#4063=CARTESIAN_POINT('',(0.114720084635417,0.00281741710595825,0.3055));
#4064=CARTESIAN_POINT('',(0.114720084635417,0.00247100694444445,0.3055));
#4065=CARTESIAN_POINT('',(0.11506649479693,0.00247100694444445,0.3055));
#4066=CARTESIAN_POINT('',(0.113413582678,0.00251675518245027,0.3055));
#4067=CARTESIAN_POINT('',(0.113458410228097,0.00249107726540419,0.3055));
#4068=CARTESIAN_POINT('',(0.11506649479693,0.,0.3055));
#4069=CARTESIAN_POINT('',(0.11506649479693,0.001477866296219,0.3055));
#4070=CARTESIAN_POINT('',(0.193173350007595,-0.0477351688897417,0.3055));
#4071=CARTESIAN_POINT('',(0.22325,0.00281741710595825,0.3055));
#4072=CARTESIAN_POINT('',(0.115446037755153,0.00281741710595825,0.3055));
#4073=CARTESIAN_POINT('',(0.116353589838486,0.00281741710595825,0.3055));
#4074=CARTESIAN_POINT('',(0.116353589838486,0.,0.3055));
#4075=CARTESIAN_POINT('',(0.116353589838486,0.003357441835014,0.3055));
#4076=CARTESIAN_POINT('',(0.115446037755153,0.,0.3055));
#4077=CARTESIAN_POINT('',(0.115446037755153,0.00108714059968834,0.3055));
#4078=CARTESIAN_POINT('',(0.22325,0.003357441835014,0.3055));
#4079=CARTESIAN_POINT('',(0.115446037755153,0.003357441835014,0.3055));
#4080=CARTESIAN_POINT('',(0.222615231397349,0.00880934963190294,0.3055));
#4081=CARTESIAN_POINT('',(0.115105220347854,0.00106258257912725,0.3055));
#4082=CARTESIAN_POINT('',(0.115446037755153,0.,0.3055));
#4083=CARTESIAN_POINT('',(0.115446037755153,0.00383335329334734,0.3055));
#4084=CARTESIAN_POINT('',(0.192796037638304,-0.0481130865566699,0.3055));
#4085=CARTESIAN_POINT('',(0.112449904085125,0.00274330828830205,0.3055));
#4086=CARTESIAN_POINT('',(0.22325,0.00383335329334734,0.3055));
#4087=CARTESIAN_POINT('',(0.11506649479693,0.00383335329334734,0.3055));
#4088=CARTESIAN_POINT('',(0.112449904085125,0.,0.3055));
#4089=CARTESIAN_POINT('',(0.112449904085125,0.003357441835014,0.3055));
#4090=CARTESIAN_POINT('',(0.11506649479693,0.,0.3055));
#4091=CARTESIAN_POINT('',(0.11506649479693,0.003357441835014,0.3055));
#4092=CARTESIAN_POINT('',(0.22325,0.003357441835014,0.3055));
#4093=MECHANICAL_DESIGN_GEOMETRIC_PRESENTATION_REPRESENTATION('',(#1914),
#4094);
#4094=(
GEOMETRIC_REPRESENTATION_CONTEXT(3)
GLOBAL_UNCERTAINTY_ASSIGNED_CONTEXT((#4095))
GLOBAL_UNIT_ASSIGNED_CONTEXT((#4098,#4097,#4096))
REPRESENTATION_CONTEXT('BLOCKS_spacer_0.4','TOP_LEVEL_ASSEMBLY_PART')
);
#4095=UNCERTAINTY_MEASURE_WITH_UNIT(LENGTH_MEASURE(2.E-5),#4098,
'DISTANCE_ACCURACY_VALUE','Maximum Tolerance applied to model');
#4096=(
NAMED_UNIT(*)
SI_UNIT($,.STERADIAN.)
SOLID_ANGLE_UNIT()
);
#4097=(
NAMED_UNIT(*)
PLANE_ANGLE_UNIT()
SI_UNIT($,.RADIAN.)
);
#4098=(
LENGTH_UNIT()
NAMED_UNIT(*)
SI_UNIT($,.METRE.)
);
#4099=PRODUCT_DEFINITION_SHAPE('','',#4100);
#4100=PRODUCT_DEFINITION('','',#4102,#4101);
#4101=PRODUCT_DEFINITION_CONTEXT('',#4108,'design');
#4102=PRODUCT_DEFINITION_FORMATION_WITH_SPECIFIED_SOURCE('','',#4104,
 .NOT_KNOWN.);
#4103=PRODUCT_RELATED_PRODUCT_CATEGORY('','',(#4104));
#4104=PRODUCT('BLOCKS_spacer_0.4','BLOCKS_spacer_0.4',
'BLOCKS_spacer_0.4',(#4106));
#4105=PRODUCT_CATEGORY('','');
#4106=PRODUCT_CONTEXT('',#4108,'mechanical');
#4107=APPLICATION_PROTOCOL_DEFINITION('international standard',
'ap242_managed_model_based_3d_engineering',2020,#4108);
#4108=APPLICATION_CONTEXT('managed model based 3d engineering');
ENDSEC;
END-ISO-10303-21;
