ISO-10303-21;
HEADER;
/* Generated by software containing ST-Developer
 * from STEP Tools, Inc. (www.steptools.com) 
 */
/* OPTION: using custom renumber hook */

FILE_DESCRIPTION(
/* description */ ('STEP AP242 Edition 2',
'CAx-IF Rec.Pracs.---Representation and Presentation of Product Manufa
cturing Information (PMI)---4.0---2014-10-13',
'CAx-IF Rec.Pracs.---3D Tessellated Geometry---0.4---2014-09-14','2;1',
'CAx-IF Rec.Pracs.---User Defined Attributes---1.5---2016-08-15'),
/* implementation_level */ '2;1');

FILE_NAME(
/* name */ 'blocks - BLOCKS_camera_cap',
/* time_stamp */ '2026-05-14T18:20:25Z',
/* author */ (''),
/* organization */ (''),
/* preprocessor_version */ 'ST-DEVELOPER v20',
/* originating_system */ 'ONSHAPE BY PTC INC, 1.214',
/* authorisation */ '  ');

FILE_SCHEMA (('AP242_MANAGED_MODEL_BASED_3D_ENGINEERING_MIM_LF { 1 0 10303 442 3 1 4 }'));
ENDSEC;

DATA;
#10=SHAPE_REPRESENTATION_RELATIONSHIP('','',#2851,#11);
#11=ADVANCED_BREP_SHAPE_REPRESENTATION('',(#2849),#6532);
#12=(
BOUNDED_SURFACE()
B_SPLINE_SURFACE(3,2,((#5471,#5472,#5473),(#5474,#5475,#5476),(#5477,#5478,
#5479),(#5480,#5481,#5482),(#5483,#5484,#5485),(#5486,#5487,#5488),(#5489,
#5490,#5491)),.UNSPECIFIED.,.F.,.F.,.F.)
B_SPLINE_SURFACE_WITH_KNOTS((4,1,1,1,4),(3,3),(-1.12106504635001E-16,0.00253972502498556,
0.00507945004997122,0.00761917507495689,0.0101589000999426),(0.,1.),
 .UNSPECIFIED.)
GEOMETRIC_REPRESENTATION_ITEM()
RATIONAL_B_SPLINE_SURFACE(((1.,0.707106651422491,1.),(1.,0.707106651422491,
1.),(1.,0.707106689297909,1.),(1.,0.707106789691806,1.),(1.,0.707106838667525,
1.),(1.,0.707106842096268,1.),(1.,0.707106842096268,1.)))
REPRESENTATION_ITEM('')
SURFACE()
);
#13=(
BOUNDED_SURFACE()
B_SPLINE_SURFACE(3,2,((#5493,#5494,#5495),(#5496,#5497,#5498),(#5499,#5500,
#5501),(#5502,#5503,#5504),(#5505,#5506,#5507),(#5508,#5509,#5510),(#5511,
#5512,#5513)),.UNSPECIFIED.,.F.,.F.,.F.)
B_SPLINE_SURFACE_WITH_KNOTS((4,1,1,1,4),(3,3),(-2.64111649217469E-16,0.0025397250249854,
0.00507945004997106,0.00761917507495672,0.0101589000999424),(0.,1.),
 .UNSPECIFIED.)
GEOMETRIC_REPRESENTATION_ITEM()
RATIONAL_B_SPLINE_SURFACE(((1.,0.707106842096268,1.),(1.,0.707106842096268,
1.),(1.,0.707106838657397,1.),(1.,0.707106789869014,1.),(1.,0.707106689372274,
1.),(1.,0.707106651422491,1.),(1.,0.707106651422491,1.)))
REPRESENTATION_ITEM('')
SURFACE()
);
#14=(
BOUNDED_SURFACE()
B_SPLINE_SURFACE(3,2,((#5519,#5520,#5521),(#5522,#5523,#5524),(#5525,#5526,
#5527),(#5528,#5529,#5530),(#5531,#5532,#5533),(#5534,#5535,#5536),(#5537,
#5538,#5539)),.UNSPECIFIED.,.F.,.F.,.F.)
B_SPLINE_SURFACE_WITH_KNOTS((4,1,1,1,4),(3,3),(-1.62196645003831E-16,0.0025397250249855,
0.00507945004997117,0.00761917507495683,0.0101589000999425),(0.,1.),
 .UNSPECIFIED.)
GEOMETRIC_REPRESENTATION_ITEM()
RATIONAL_B_SPLINE_SURFACE(((1.,0.707106651422485,1.),(1.,0.707106651422485,
1.),(1.,0.707106689297911,1.),(1.,0.707106789691797,1.),(1.,0.707106838667557,
1.),(1.,0.707106842096184,1.),(1.,0.707106842096184,1.)))
REPRESENTATION_ITEM('')
SURFACE()
);
#15=(
BOUNDED_SURFACE()
B_SPLINE_SURFACE(3,2,((#5541,#5542,#5543),(#5544,#5545,#5546),(#5547,#5548,
#5549),(#5550,#5551,#5552),(#5553,#5554,#5555),(#5556,#5557,#5558),(#5559,
#5560,#5561)),.UNSPECIFIED.,.F.,.F.,.F.)
B_SPLINE_SURFACE_WITH_KNOTS((4,1,1,1,4),(3,3),(2.72351585728359E-16,0.00253972502498597,
0.00507945004997167,0.00761917507495737,0.0101589000999431),(0.,1.),
 .UNSPECIFIED.)
GEOMETRIC_REPRESENTATION_ITEM()
RATIONAL_B_SPLINE_SURFACE(((1.,0.707106842096184,1.),(1.,0.707106842096184,
1.),(1.,0.707106838657572,1.),(1.,0.707106789868906,1.),(1.,0.707106689372296,
1.),(1.,0.707106651422485,1.),(1.,0.707106651422485,1.)))
REPRESENTATION_ITEM('')
SURFACE()
);
#16=(
BOUNDED_SURFACE()
B_SPLINE_SURFACE(3,2,((#5564,#5565,#5566),(#5567,#5568,#5569),(#5570,#5571,
#5572),(#5573,#5574,#5575),(#5576,#5577,#5578),(#5579,#5580,#5581),(#5582,
#5583,#5584)),.UNSPECIFIED.,.F.,.F.,.F.)
B_SPLINE_SURFACE_WITH_KNOTS((4,1,1,1,4),(3,3),(-1.60245081093358E-16,0.0025397250249855,
0.00507945004997117,0.00761917507495683,0.0101589000999425),(0.,1.),
 .UNSPECIFIED.)
GEOMETRIC_REPRESENTATION_ITEM()
RATIONAL_B_SPLINE_SURFACE(((1.,0.707106651422518,1.),(1.,0.707106651422518,
1.),(1.,0.70710668929786,1.),(1.,0.70710678969182,1.),(1.,0.707106838667515,
1.),(1.,0.707106842096262,1.),(1.,0.707106842096262,1.)))
REPRESENTATION_ITEM('')
SURFACE()
);
#17=(
BOUNDED_SURFACE()
B_SPLINE_SURFACE(3,2,((#5591,#5592,#5593),(#5594,#5595,#5596),(#5597,#5598,
#5599),(#5600,#5601,#5602),(#5603,#5604,#5605),(#5606,#5607,#5608),(#5609,
#5610,#5611)),.UNSPECIFIED.,.F.,.F.,.F.)
B_SPLINE_SURFACE_WITH_KNOTS((4,1,1,1,4),(3,3),(3.28946939132102E-16,0.00253972502498603,
0.00507945004997174,0.00761917507495745,0.0101589000999432),(0.,1.),
 .UNSPECIFIED.)
GEOMETRIC_REPRESENTATION_ITEM()
RATIONAL_B_SPLINE_SURFACE(((1.,0.707106842096262,1.),(1.,0.707106842096262,
1.),(1.,0.707106838657312,1.),(1.,0.707106789869043,1.),(1.,0.707106689372242,
1.),(1.,0.707106651422518,1.),(1.,0.707106651422518,1.)))
REPRESENTATION_ITEM('')
SURFACE()
);
#18=(
BOUNDED_SURFACE()
B_SPLINE_SURFACE(3,2,((#5612,#5613,#5614),(#5615,#5616,#5617),(#5618,#5619,
#5620),(#5621,#5622,#5623),(#5624,#5625,#5626),(#5627,#5628,#5629),(#5630,
#5631,#5632)),.UNSPECIFIED.,.F.,.F.,.F.)
B_SPLINE_SURFACE_WITH_KNOTS((4,1,1,1,4),(3,3),(3.30464822173582E-16,0.00253972502498603,
0.00507945004997173,0.00761917507495743,0.0101589000999431),(0.,1.),
 .UNSPECIFIED.)
GEOMETRIC_REPRESENTATION_ITEM()
RATIONAL_B_SPLINE_SURFACE(((1.,0.70710665142248,1.),(1.,0.70710665142248,
1.),(1.,0.707106689297936,1.),(1.,0.707106789691732,1.),(1.,0.707106838667569,
1.),(1.,0.707106842096197,1.),(1.,0.707106842096197,1.)))
REPRESENTATION_ITEM('')
SURFACE()
);
#19=(
BOUNDED_SURFACE()
B_SPLINE_SURFACE(3,2,((#5639,#5640,#5641),(#5642,#5643,#5644),(#5645,#5646,
#5647),(#5648,#5649,#5650),(#5651,#5652,#5653),(#5654,#5655,#5656),(#5657,
#5658,#5659)),.UNSPECIFIED.,.F.,.F.,.F.)
B_SPLINE_SURFACE_WITH_KNOTS((4,1,1,1,4),(3,3),(-2.20093041014557E-16,0.00253972502498544,
0.0050794500499711,0.00761917507495677,0.0101589000999424),(0.,1.),
 .UNSPECIFIED.)
GEOMETRIC_REPRESENTATION_ITEM()
RATIONAL_B_SPLINE_SURFACE(((1.,0.707106842096197,1.),(1.,0.707106842096197,
1.),(1.,0.707106838657424,1.),(1.,0.707106789869012,1.),(1.,0.707106689372253,
1.),(1.,0.70710665142248,1.),(1.,0.70710665142248,1.)))
REPRESENTATION_ITEM('')
SURFACE()
);
#20=(
BOUNDED_SURFACE()
B_SPLINE_SURFACE(3,2,((#5663,#5664,#5665),(#5666,#5667,#5668),(#5669,#5670,
#5671),(#5672,#5673,#5674),(#5675,#5676,#5677),(#5678,#5679,#5680),(#5681,
#5682,#5683)),.UNSPECIFIED.,.F.,.F.,.F.)
B_SPLINE_SURFACE_WITH_KNOTS((4,1,1,1,4),(3,3),(2.72785266597353E-16,0.00253972502498592,
0.00507945004997158,0.00761917507495723,0.0101589000999429),(0.,1.),
 .UNSPECIFIED.)
GEOMETRIC_REPRESENTATION_ITEM()
RATIONAL_B_SPLINE_SURFACE(((1.,0.707106746759269,1.),(1.,0.707106746759269,
1.),(1.,0.70710676397771,1.),(1.,0.707106789780386,1.),(1.,0.707106764019924,
1.),(1.,0.707106746759353,1.),(1.,0.707106746759353,1.)))
REPRESENTATION_ITEM('')
SURFACE()
);
#21=(
BOUNDED_SURFACE()
B_SPLINE_SURFACE(3,2,((#5685,#5686,#5687),(#5688,#5689,#5690),(#5691,#5692,
#5693),(#5694,#5695,#5696),(#5697,#5698,#5699),(#5700,#5701,#5702),(#5703,
#5704,#5705)),.UNSPECIFIED.,.F.,.F.,.F.)
B_SPLINE_SURFACE_WITH_KNOTS((4,1,1,1,4),(3,3),(-2.17707796235089E-16,0.0025397250249854,
0.00507945004997101,0.00761917507495663,0.0101589000999422),(0.,1.),
 .UNSPECIFIED.)
GEOMETRIC_REPRESENTATION_ITEM()
RATIONAL_B_SPLINE_SURFACE(((1.,0.707106746759353,1.),(1.,0.707106746759353,
1.),(1.,0.707106763977691,1.),(1.,0.707106789780389,1.),(1.,0.707106764019942,
1.),(1.,0.707106746759269,1.),(1.,0.707106746759269,1.)))
REPRESENTATION_ITEM('')
SURFACE()
);
#22=(
BOUNDED_SURFACE()
B_SPLINE_SURFACE(3,2,((#5711,#5712,#5713),(#5714,#5715,#5716),(#5717,#5718,
#5719),(#5720,#5721,#5722),(#5723,#5724,#5725),(#5726,#5727,#5728),(#5729,
#5730,#5731)),.UNSPECIFIED.,.F.,.F.,.F.)
B_SPLINE_SURFACE_WITH_KNOTS((4,1,1,1,4),(3,3),(-2.20526721883552E-16,0.00253972502498539,
0.00507945004997101,0.00761917507495662,0.0101589000999422),(0.,1.),
 .UNSPECIFIED.)
GEOMETRIC_REPRESENTATION_ITEM()
RATIONAL_B_SPLINE_SURFACE(((1.,0.707106746759347,1.),(1.,0.707106746759347,
1.),(1.,0.707106763977655,1.),(1.,0.707106789780402,1.),(1.,0.707106764019913,
1.),(1.,0.707106746759345,1.),(1.,0.707106746759345,1.)))
REPRESENTATION_ITEM('')
SURFACE()
);
#23=(
BOUNDED_SURFACE()
B_SPLINE_SURFACE(3,2,((#5733,#5734,#5735),(#5736,#5737,#5738),(#5739,#5740,
#5741),(#5742,#5743,#5744),(#5745,#5746,#5747),(#5748,#5749,#5750),(#5751,
#5752,#5753)),.UNSPECIFIED.,.F.,.F.,.F.)
B_SPLINE_SURFACE_WITH_KNOTS((4,1,1,1,4),(3,3),(2.73869468769838E-16,0.00253972502498593,
0.00507945004997158,0.00761917507495723,0.0101589000999429),(0.,1.),
 .UNSPECIFIED.)
GEOMETRIC_REPRESENTATION_ITEM()
RATIONAL_B_SPLINE_SURFACE(((1.,0.707106746759345,1.),(1.,0.707106746759345,
1.),(1.,0.707106763977586,1.),(1.,0.707106789780421,1.),(1.,0.707106764019905,
1.),(1.,0.707106746759347,1.),(1.,0.707106746759347,1.)))
REPRESENTATION_ITEM('')
SURFACE()
);
#24=(
BOUNDED_SURFACE()
B_SPLINE_SURFACE(3,2,((#5759,#5760,#5761),(#5762,#5763,#5764),(#5765,#5766,
#5767),(#5768,#5769,#5770),(#5771,#5772,#5773),(#5774,#5775,#5776),(#5777,
#5778,#5779)),.UNSPECIFIED.,.F.,.F.,.F.)
B_SPLINE_SURFACE_WITH_KNOTS((4,1,1,1,4),(3,3),(-1.63931368479808E-16,0.00253972502498551,
0.00507945004997117,0.00761917507495684,0.0101589000999425),(0.,1.),
 .UNSPECIFIED.)
GEOMETRIC_REPRESENTATION_ITEM()
RATIONAL_B_SPLINE_SURFACE(((1.,0.707106842096199,1.),(1.,0.707106842096199,
1.),(1.,0.707106838657379,1.),(1.,0.707106789869027,1.),(1.,0.707106689372239,
1.),(1.,0.7071066514225,1.),(1.,0.7071066514225,1.)))
REPRESENTATION_ITEM('')
SURFACE()
);
#25=(
BOUNDED_SURFACE()
B_SPLINE_SURFACE(3,2,((#5781,#5782,#5783),(#5784,#5785,#5786),(#5787,#5788,
#5789),(#5790,#5791,#5792),(#5793,#5794,#5795),(#5796,#5797,#5798),(#5799,
#5800,#5801)),.UNSPECIFIED.,.F.,.F.,.F.)
B_SPLINE_SURFACE_WITH_KNOTS((4,1,1,1,4),(3,3),(2.70616862252382E-16,0.00253972502498597,
0.00507945004997167,0.00761917507495736,0.0101589000999431),(0.,1.),
 .UNSPECIFIED.)
GEOMETRIC_REPRESENTATION_ITEM()
RATIONAL_B_SPLINE_SURFACE(((1.,0.7071066514225,1.),(1.,0.7071066514225,
1.),(1.,0.707106689297891,1.),(1.,0.707106789691823,1.),(1.,0.707106838667473,
1.),(1.,0.707106842096198,1.),(1.,0.707106842096198,1.)))
REPRESENTATION_ITEM('')
SURFACE()
);
#26=(
BOUNDED_SURFACE()
B_SPLINE_SURFACE(3,2,((#5807,#5808,#5809),(#5810,#5811,#5812),(#5813,#5814,
#5815),(#5816,#5817,#5818),(#5819,#5820,#5821),(#5822,#5823,#5824),(#5825,
#5826,#5827)),.UNSPECIFIED.,.F.,.F.,.F.)
B_SPLINE_SURFACE_WITH_KNOTS((4,1,1,1,4),(3,3),(2.75821032680312E-16,0.00253972502498597,
0.00507945004997166,0.00761917507495736,0.0101589000999431),(0.,1.),
 .UNSPECIFIED.)
GEOMETRIC_REPRESENTATION_ITEM()
RATIONAL_B_SPLINE_SURFACE(((1.,0.707106842274171,1.),(1.,0.707106842274171,
1.),(1.,0.707106838817549,1.),(1.,0.707106789863254,1.),(1.,0.707106689235971,
1.),(1.,0.707106651291955,1.),(1.,0.707106651291955,1.)))
REPRESENTATION_ITEM('')
SURFACE()
);
#27=(
BOUNDED_SURFACE()
B_SPLINE_SURFACE(3,2,((#5829,#5830,#5831),(#5832,#5833,#5834),(#5835,#5836,
#5837),(#5838,#5839,#5840),(#5841,#5842,#5843),(#5844,#5845,#5846),(#5847,
#5848,#5849)),.UNSPECIFIED.,.F.,.F.,.F.)
B_SPLINE_SURFACE_WITH_KNOTS((4,1,1,1,4),(3,3),(-1.62196645003831E-16,0.0025397250249855,
0.00507945004997117,0.00761917507495683,0.0101589000999425),(0.,1.),
 .UNSPECIFIED.)
GEOMETRIC_REPRESENTATION_ITEM()
RATIONAL_B_SPLINE_SURFACE(((1.,0.707106651291955,1.),(1.,0.707106651291955,
1.),(1.,0.707106689161702,1.),(1.,0.707106789685628,1.),(1.,0.707106838827632,
1.),(1.,0.707106842274171,1.),(1.,0.707106842274171,1.)))
REPRESENTATION_ITEM('')
SURFACE()
);
#28=(
BOUNDED_SURFACE()
B_SPLINE_SURFACE(3,2,((#5852,#5853,#5854),(#5855,#5856,#5857),(#5858,#5859,
#5860),(#5861,#5862,#5863),(#5864,#5865,#5866),(#5867,#5868,#5869),(#5870,
#5871,#5872)),.UNSPECIFIED.,.F.,.F.,.F.)
B_SPLINE_SURFACE_WITH_KNOTS((4,1,1,1,4),(3,3),(2.74303149638833E-16,0.00253972502498597,
0.00507945004997166,0.00761917507495736,0.0101589000999431),(0.,1.),
 .UNSPECIFIED.)
GEOMETRIC_REPRESENTATION_ITEM()
RATIONAL_B_SPLINE_SURFACE(((1.,0.70710684209618,1.),(1.,0.70710684209618,
1.),(1.,0.707106838657319,1.),(1.,0.707106789869055,1.),(1.,0.707106689372186,
1.),(1.,0.707106651422477,1.),(1.,0.707106651422477,1.)))
REPRESENTATION_ITEM('')
SURFACE()
);
#29=(
BOUNDED_SURFACE()
B_SPLINE_SURFACE(3,2,((#5879,#5880,#5881),(#5882,#5883,#5884),(#5885,#5886,
#5887),(#5888,#5889,#5890),(#5891,#5892,#5893),(#5894,#5895,#5896),(#5897,
#5898,#5899)),.UNSPECIFIED.,.F.,.F.,.F.)
B_SPLINE_SURFACE_WITH_KNOTS((4,1,1,1,4),(3,3),(-2.13587827979644E-16,0.00253972502498546,
0.00507945004997113,0.0076191750749568,0.0101589000999425),(0.,1.),
 .UNSPECIFIED.)
GEOMETRIC_REPRESENTATION_ITEM()
RATIONAL_B_SPLINE_SURFACE(((1.,0.707106651422477,1.),(1.,0.707106651422477,
1.),(1.,0.707106689297919,1.),(1.,0.707106789691775,1.),(1.,0.707106838667639,
1.),(1.,0.70710684209618,1.),(1.,0.70710684209618,1.)))
REPRESENTATION_ITEM('')
SURFACE()
);
#30=(
BOUNDED_SURFACE()
B_SPLINE_SURFACE(3,2,((#5900,#5901,#5902),(#5903,#5904,#5905),(#5906,#5907,
#5908),(#5909,#5910,#5911),(#5912,#5913,#5914),(#5915,#5916,#5917),(#5918,
#5919,#5920)),.UNSPECIFIED.,.F.,.F.,.F.)
B_SPLINE_SURFACE_WITH_KNOTS((4,1,1,1,4),(3,3),(-2.18141477104083E-16,0.00253972502498544,
0.0050794500499711,0.00761917507495677,0.0101589000999424),(0.,1.),
 .UNSPECIFIED.)
GEOMETRIC_REPRESENTATION_ITEM()
RATIONAL_B_SPLINE_SURFACE(((1.,0.707106842272389,1.),(1.,0.707106842272389,
1.),(1.,0.707106838814193,1.),(1.,0.70710678986448,1.),(1.,0.707106689234424,
1.),(1.,0.707106651291775,1.),(1.,0.707106651291775,1.)))
REPRESENTATION_ITEM('')
SURFACE()
);
#31=(
BOUNDED_SURFACE()
B_SPLINE_SURFACE(3,2,((#5927,#5928,#5929),(#5930,#5931,#5932),(#5933,#5934,
#5935),(#5936,#5937,#5938),(#5939,#5940,#5941),(#5942,#5943,#5944),(#5945,
#5946,#5947)),.UNSPECIFIED.,.F.,.F.,.F.)
B_SPLINE_SURFACE_WITH_KNOTS((4,1,1,1,4),(3,3),(-1.196959198424E-16,0.00253972502498556,
0.00507945004997123,0.00761917507495691,0.0101589000999426),(0.,1.),
 .UNSPECIFIED.)
GEOMETRIC_REPRESENTATION_ITEM()
RATIONAL_B_SPLINE_SURFACE(((1.,0.707106651291775,1.),(1.,0.707106651291775,
1.),(1.,0.707106689160038,1.),(1.,0.70710678968688,1.),(1.,0.707106838824288,
1.),(1.,0.707106842272389,1.),(1.,0.707106842272389,1.)))
REPRESENTATION_ITEM('')
SURFACE()
);
#32=(
BOUNDED_SURFACE()
B_SPLINE_SURFACE(3,2,((#5951,#5952,#5953),(#5954,#5955,#5956),(#5957,#5958,
#5959),(#5960,#5961,#5962),(#5963,#5964,#5965),(#5966,#5967,#5968),(#5969,
#5970,#5971)),.UNSPECIFIED.,.F.,.F.,.F.)
B_SPLINE_SURFACE_WITH_KNOTS((4,1,1,1,4),(3,3),(-2.18575157973078E-16,0.0025397250249854,
0.00507945004997102,0.00761917507495663,0.0101589000999423),(0.,1.),
 .UNSPECIFIED.)
GEOMETRIC_REPRESENTATION_ITEM()
RATIONAL_B_SPLINE_SURFACE(((1.,0.707106746759328,1.),(1.,0.707106746759328,
1.),(1.,0.707106763977686,1.),(1.,0.70710678978039,1.),(1.,0.707106764019945,
1.),(1.,0.707106746759325,1.),(1.,0.707106746759325,1.)))
REPRESENTATION_ITEM('')
SURFACE()
);
#33=(
BOUNDED_SURFACE()
B_SPLINE_SURFACE(3,2,((#5973,#5974,#5975),(#5976,#5977,#5978),(#5979,#5980,
#5981),(#5982,#5983,#5984),(#5985,#5986,#5987),(#5988,#5989,#5990),(#5991,
#5992,#5993)),.UNSPECIFIED.,.F.,.F.,.F.)
B_SPLINE_SURFACE_WITH_KNOTS((4,1,1,1,4),(3,3),(2.16406753628107E-16,0.00253972502498586,
0.00507945004997151,0.00761917507495715,0.0101589000999428),(0.,1.),
 .UNSPECIFIED.)
GEOMETRIC_REPRESENTATION_ITEM()
RATIONAL_B_SPLINE_SURFACE(((1.,0.707106746759325,1.),(1.,0.707106746759325,
1.),(1.,0.7071067639777,1.),(1.,0.707106789780409,1.),(1.,0.707106764019853,
1.),(1.,0.707106746759328,1.),(1.,0.707106746759328,1.)))
REPRESENTATION_ITEM('')
SURFACE()
);
#34=(
BOUNDED_SURFACE()
B_SPLINE_SURFACE(3,2,((#5999,#6000,#6001),(#6002,#6003,#6004),(#6005,#6006,
#6007),(#6008,#6009,#6010),(#6011,#6012,#6013),(#6014,#6015,#6016),(#6017,
#6018,#6019)),.UNSPECIFIED.,.F.,.F.,.F.)
B_SPLINE_SURFACE_WITH_KNOTS((4,1,1,1,4),(3,3),(2.72134745293862E-16,0.00253972502498593,
0.00507945004997159,0.00761917507495724,0.0101589000999429),(0.,1.),
 .UNSPECIFIED.)
GEOMETRIC_REPRESENTATION_ITEM()
RATIONAL_B_SPLINE_SURFACE(((1.,0.707106746644049,1.),(1.,0.707106746644049,
1.),(1.,0.707106763914666,1.),(1.,0.707106789811653,1.),(1.,0.707106763957906,
1.),(1.,0.707106746643801,1.),(1.,0.707106746643801,1.)))
REPRESENTATION_ITEM('')
SURFACE()
);
#35=(
BOUNDED_SURFACE()
B_SPLINE_SURFACE(3,2,((#6021,#6022,#6023),(#6024,#6025,#6026),(#6027,#6028,
#6029),(#6030,#6031,#6032),(#6033,#6034,#6035),(#6036,#6037,#6038),(#6039,
#6040,#6041)),.UNSPECIFIED.,.F.,.F.,.F.)
B_SPLINE_SURFACE_WITH_KNOTS((4,1,1,1,4),(3,3),(-2.68665298341908E-16,0.00253972502498535,
0.00507945004997096,0.00761917507495658,0.0101589000999422),(0.,1.),
 .UNSPECIFIED.)
GEOMETRIC_REPRESENTATION_ITEM()
RATIONAL_B_SPLINE_SURFACE(((1.,0.707106746643801,1.),(1.,0.707106746643801,
1.),(1.,0.707106763915511,1.),(1.,0.70710678981167,1.),(1.,0.707106763957021,
1.),(1.,0.707106746644049,1.),(1.,0.707106746644049,1.)))
REPRESENTATION_ITEM('')
SURFACE()
);
#36=(
BOUNDED_SURFACE()
B_SPLINE_SURFACE(3,2,((#6060,#6061,#6062),(#6063,#6064,#6065),(#6066,#6067,
#6068),(#6069,#6070,#6071),(#6072,#6073,#6074),(#6075,#6076,#6077),(#6078,
#6079,#6080),(#6081,#6082,#6083),(#6084,#6085,#6086),(#6087,#6088,#6089),
(#6090,#6091,#6092),(#6093,#6094,#6095),(#6096,#6097,#6098),(#6099,#6100,
#6101),(#6102,#6103,#6104),(#6105,#6106,#6107),(#6108,#6109,#6110),(#6111,
#6112,#6113),(#6114,#6115,#6116),(#6117,#6118,#6119),(#6120,#6121,#6122),
(#6123,#6124,#6125),(#6126,#6127,#6128),(#6129,#6130,#6131),(#6132,#6133,
#6134),(#6135,#6136,#6137),(#6138,#6139,#6140),(#6141,#6142,#6143),(#6144,
#6145,#6146),(#6147,#6148,#6149),(#6150,#6151,#6152),(#6153,#6154,#6155),
(#6156,#6157,#6158),(#6159,#6160,#6161),(#6162,#6163,#6164),(#6165,#6166,
#6167),(#6168,#6169,#6170),(#6171,#6172,#6173),(#6174,#6175,#6176),(#6177,
#6178,#6179),(#6180,#6181,#6182),(#6183,#6184,#6185),(#6186,#6187,#6188),
(#6189,#6190,#6191),(#6192,#6193,#6194),(#6195,#6196,#6197),(#6198,#6199,
#6200),(#6201,#6202,#6203),(#6204,#6205,#6206),(#6207,#6208,#6209),(#6210,
#6211,#6212),(#6213,#6214,#6215),(#6216,#6217,#6218),(#6219,#6220,#6221),
(#6222,#6223,#6224),(#6225,#6226,#6227),(#6228,#6229,#6230),(#6231,#6232,
#6233),(#6234,#6235,#6236),(#6237,#6238,#6239),(#6240,#6241,#6242),(#6243,
#6244,#6245),(#6246,#6247,#6248),(#6249,#6250,#6251),(#6252,#6253,#6254),
(#6255,#6256,#6257),(#6258,#6259,#6260),(#6261,#6262,#6263),(#6264,#6265,
#6266),(#6267,#6268,#6269),(#6270,#6271,#6272),(#6273,#6274,#6275),(#6276,
#6277,#6278),(#6279,#6280,#6281),(#6282,#6283,#6284),(#6285,#6286,#6287),
(#6288,#6289,#6290),(#6291,#6292,#6293),(#6294,#6295,#6296)),
 .UNSPECIFIED.,.T.,.F.,.F.)
B_SPLINE_SURFACE_WITH_KNOTS((1,3,1,1,1,1,1,1,1,1,1,1,1,1,1,1,1,1,1,1,1,
1,1,1,1,1,1,1,1,1,1,1,1,1,1,1,1,1,1,1,1,1,1,1,1,1,1,1,1,1,1,1,1,1,1,1,1,
1,1,1,1,1,1,1,1,1,1,1,1,1,1,1,1,1,1,1,1,3,1),(3,3),(-0.00127580758607285,
0.,0.000637903793036425,0.00127580758607285,0.0025516151721457,0.0051032303442914,
0.00765484551643711,0.0102064606885828,0.0153096910328742,0.0204129213771656,
0.0229645365493113,0.025516151721457,0.0280677668936027,0.0293435744796756,
0.0306193820657484,0.0318951896518213,0.0331709972378941,0.034446804823967,
0.0357226124100398,0.0382742275821855,0.0408258427543312,0.0421016503404041,
0.0433774579264769,0.0459290730986226,0.0484806882707683,0.051032303442914,
0.0561355337872054,0.0612387641314968,0.0637903793036425,0.0663419944757882,
0.068893609647934,0.0701694172340068,0.0714452248200796,0.0720831286131161,
0.0727210324061525,0.0739968399922254,0.0752726475782982,0.0765484551643711,
0.0791000703365168,0.0816516855086625,0.0829274930947353,0.0835653968877717,
0.0842033006808082,0.0867549158529539,0.0893065310250996,0.0918581461972453,
0.0969613765415367,0.102064606885828,0.104616222057974,0.107167837230119,
0.109719452402265,0.110995259988338,0.112271067574411,0.112908971367447,
0.113546875160484,0.114822682746557,0.117374297918702,0.119925913090848,
0.122477528262994,0.12311543205603,0.123753335849067,0.125029143435139,
0.127580758607285,0.130132373779431,0.132683988951576,0.137787219295868,
0.142890449640159,0.145442064812305,0.147993679984451,0.150545295156596,
0.151821102742669,0.153096910328742,0.154372717914815,0.155648525500888,
0.158200140673034,0.160751755845179,0.162027563431252,0.163303371017325,
0.163941274810361),(0.,1.),.UNSPECIFIED.)
GEOMETRIC_REPRESENTATION_ITEM()
RATIONAL_B_SPLINE_SURFACE(((1.,0.70710678118655,1.),(1.,0.707106781186539,
1.),(1.,0.707106781186496,1.),(1.,0.70710678118651,1.),(1.,0.707106781186574,
1.),(1.,0.70710678118654,1.),(1.,0.707106781186545,1.),(1.,0.70710678118655,
1.),(1.,0.707106781186571,1.),(1.,0.707106781186475,1.),(1.,0.707106781186556,
1.),(1.,0.707106781186565,1.),(1.,0.707106781186472,1.),(1.,0.707106781186562,
1.),(1.,0.707106781186544,1.),(1.,0.707106781186549,1.),(1.,0.707106781186546,
1.),(1.,0.707106781186552,1.),(1.,0.707106781186542,1.),(1.,0.707106781186578,
1.),(1.,0.707106781186463,1.),(1.,0.707106781186576,1.),(1.,0.707106781186463,
1.),(1.,0.707106781186573,1.),(1.,0.707106781186538,1.),(1.,0.707106781186548,
1.),(1.,0.707106781186551,1.),(1.,0.70710678118655,1.),(1.,0.70710678118655,
1.),(1.,0.707106781186535,1.),(1.,0.707106781186586,1.),(1.,0.707106781186481,
1.),(1.,0.707106781186553,1.),(1.,0.707106781186552,1.),(1.,0.707106781186537,
1.),(1.,0.707106781186622,1.),(1.,0.707106781186529,1.),(1.,0.707106781186551,
1.),(1.,0.707106781186611,1.),(1.,0.707106781186353,1.),(1.,0.707106781186709,
1.),(1.,0.707106781186401,1.),(1.,0.707106781186722,1.),(1.,0.707106781186683,
1.),(1.,0.707106781186524,1.),(1.,0.70710678118648,1.),(1.,0.707106781186685,
1.),(1.,0.707106781186412,1.),(1.,0.707106781186763,1.),(1.,0.707106781186438,
1.),(1.,0.707106781186532,1.),(1.,0.70710678118659,1.),(1.,0.707106781186415,
1.),(1.,0.70710678118677,1.),(1.,0.707106781186286,1.),(1.,0.707106781186737,
1.),(1.,0.707106781186475,1.),(1.,0.707106781186598,1.),(1.,0.707106781186463,
1.),(1.,0.707106781186542,1.),(1.,0.707106781186618,1.),(1.,0.707106781186498,
1.),(1.,0.70710678118656,1.),(1.,0.707106781186559,1.),(1.,0.707106781186465,
1.),(1.,0.707106781186642,1.),(1.,0.707106781186531,1.),(1.,0.70710678118655,
1.),(1.,0.707106781186548,1.),(1.,0.707106781186545,1.),(1.,0.707106781186552,
1.),(1.,0.707106781186546,1.),(1.,0.707106781186534,1.),(1.,0.707106781186626,
1.),(1.,0.707106781186493,1.),(1.,0.707106781186632,1.),(1.,0.707106781186525,
1.),(1.,0.707106781186572,1.),(1.,0.70710678118655,1.)))
REPRESENTATION_ITEM('')
SURFACE()
);
#37=(
BOUNDED_SURFACE()
B_SPLINE_SURFACE(3,2,((#6297,#6298,#6299),(#6300,#6301,#6302),(#6303,#6304,
#6305),(#6306,#6307,#6308),(#6309,#6310,#6311),(#6312,#6313,#6314),(#6315,
#6316,#6317),(#6318,#6319,#6320),(#6321,#6322,#6323),(#6324,#6325,#6326),
(#6327,#6328,#6329),(#6330,#6331,#6332),(#6333,#6334,#6335),(#6336,#6337,
#6338),(#6339,#6340,#6341),(#6342,#6343,#6344),(#6345,#6346,#6347),(#6348,
#6349,#6350),(#6351,#6352,#6353),(#6354,#6355,#6356),(#6357,#6358,#6359),
(#6360,#6361,#6362),(#6363,#6364,#6365),(#6366,#6367,#6368),(#6369,#6370,
#6371),(#6372,#6373,#6374),(#6375,#6376,#6377),(#6378,#6379,#6380),(#6381,
#6382,#6383),(#6384,#6385,#6386),(#6387,#6388,#6389),(#6390,#6391,#6392),
(#6393,#6394,#6395),(#6396,#6397,#6398),(#6399,#6400,#6401),(#6402,#6403,
#6404),(#6405,#6406,#6407),(#6408,#6409,#6410),(#6411,#6412,#6413),(#6414,
#6415,#6416),(#6417,#6418,#6419),(#6420,#6421,#6422),(#6423,#6424,#6425),
(#6426,#6427,#6428),(#6429,#6430,#6431),(#6432,#6433,#6434),(#6435,#6436,
#6437),(#6438,#6439,#6440),(#6441,#6442,#6443),(#6444,#6445,#6446),(#6447,
#6448,#6449),(#6450,#6451,#6452),(#6453,#6454,#6455),(#6456,#6457,#6458),
(#6459,#6460,#6461),(#6462,#6463,#6464),(#6465,#6466,#6467),(#6468,#6469,
#6470),(#6471,#6472,#6473),(#6474,#6475,#6476),(#6477,#6478,#6479),(#6480,
#6481,#6482),(#6483,#6484,#6485),(#6486,#6487,#6488),(#6489,#6490,#6491),
(#6492,#6493,#6494),(#6495,#6496,#6497),(#6498,#6499,#6500),(#6501,#6502,
#6503),(#6504,#6505,#6506),(#6507,#6508,#6509),(#6510,#6511,#6512),(#6513,
#6514,#6515),(#6516,#6517,#6518),(#6519,#6520,#6521),(#6522,#6523,#6524),
(#6525,#6526,#6527),(#6528,#6529,#6530)),.UNSPECIFIED.,.T.,.F.,.F.)
B_SPLINE_SURFACE_WITH_KNOTS((1,3,1,1,1,1,1,1,1,1,1,1,1,1,1,1,1,1,1,1,1,
1,1,1,1,1,1,1,1,1,1,1,1,1,1,1,1,1,1,1,1,1,1,1,1,1,1,1,1,1,1,1,1,1,1,1,1,
1,1,1,1,1,1,1,1,1,1,1,1,1,1,1,1,1,1,1,3,1),(3,3),(-0.00131088571678542,
0.,0.00131088571678541,0.00262177143357083,0.00393265715035624,0.00524354286714166,
0.00786531430071248,0.0104870857342833,0.0117979714510687,0.0131088571678541,
0.0137643000262468,0.0144197428846396,0.015730628601425,0.0183524000349958,
0.0209741714685666,0.0262177143357083,0.0314612572028499,0.0367048000699916,
0.0393265715035624,0.0419483429371332,0.0432592286539187,0.0439146715123114,
0.0445701143707041,0.0458810000874895,0.0471918858042749,0.0498136572378457,
0.0524354286714166,0.053746314388202,0.0550572001049874,0.0557126429633801,
0.0563680858217728,0.0576789715385582,0.060300742972129,0.0629225144056999,
0.0681660572728415,0.0734096001399832,0.0786531430071248,0.0812749144406957,
0.0838966858742665,0.0852075715910519,0.0858630144494446,0.0865184573078373,
0.0891402287414081,0.091762000174979,0.0943837716085498,0.0956946573253352,
0.0970055430421206,0.098316428758906,0.0996273144756915,0.102249085909262,
0.104870857342833,0.110114400209975,0.115357943077116,0.120601485944258,
0.123223257377829,0.1258450288114,0.127155914528185,0.127811357386578,0.128466800244971,
0.129777685961756,0.131088571678541,0.133710343112112,0.136332114545683,
0.137643000262468,0.138953885979254,0.139609328837647,0.140264771696039,
0.141575657412825,0.144197428846396,0.146819200279966,0.152062743147108,
0.15730628601425,0.159928057447821,0.162549828881391,0.165171600314962,
0.166482486031748,0.167793371748533,0.169104257465318),(0.,1.),
 .UNSPECIFIED.)
GEOMETRIC_REPRESENTATION_ITEM()
RATIONAL_B_SPLINE_SURFACE(((1.,0.707106781186547,1.),(1.,0.707106781186542,
1.),(1.,0.707106781186454,1.),(1.,0.707106781186649,1.),(1.,0.707106781186471,
1.),(1.,0.707106781186532,1.),(1.,0.707106781186447,1.),(1.,0.707106781186668,
1.),(1.,0.707106781186468,1.),(1.,0.707106781186533,1.),(1.,0.707106781186479,
1.),(1.,0.707106781186659,1.),(1.,0.707106781186408,1.),(1.,0.707106781186516,
1.),(1.,0.707106781186628,1.),(1.,0.70710678118661,1.),(1.,0.707106781186451,
1.),(1.,0.707106781186607,1.),(1.,0.707106781186461,1.),(1.,0.707106781186595,
1.),(1.,0.707106781186391,1.),(1.,0.707106781186707,1.),(1.,0.707106781186397,
1.),(1.,0.707106781186519,1.),(1.,0.707106781186646,1.),(1.,0.707106781186423,
1.),(1.,0.707106781186626,1.),(1.,0.70710678118655,1.),(1.,0.707106781186686,
1.),(1.,0.707106781186533,1.),(1.,0.707106781186494,1.),(1.,0.707106781186519,
1.),(1.,0.707106781186504,1.),(1.,0.707106781186515,1.),(1.,0.707106781186469,
1.),(1.,0.707106781186649,1.),(1.,0.707106781186489,1.),(1.,0.707106781186515,
1.),(1.,0.707106781186496,1.),(1.,0.707106781186524,1.),(1.,0.707106781186598,
1.),(1.,0.707106781186578,1.),(1.,0.7071067811865,1.),(1.,0.707106781186459,
1.),(1.,0.70710678118667,1.),(1.,0.707106781186462,1.),(1.,0.707106781186584,
1.),(1.,0.707106781186489,1.),(1.,0.70710678118652,1.),(1.,0.707106781186504,
1.),(1.,0.707106781186495,1.),(1.,0.707106781186614,1.),(1.,0.707106781186592,
1.),(1.,0.707106781186547,1.),(1.,0.707106781186422,1.),(1.,0.707106781186776,
1.),(1.,0.707106781186136,1.),(1.,0.707106781186808,1.),(1.,0.707106781186334,
1.),(1.,0.707106781186537,1.),(1.,0.707106781186629,1.),(1.,0.707106781186455,
1.),(1.,0.707106781186547,1.),(1.,0.707106781186456,1.),(1.,0.70710678118666,
1.),(1.,0.70710678118648,1.),(1.,0.707106781186526,1.),(1.,0.707106781186479,
1.),(1.,0.707106781186649,1.),(1.,0.707106781186423,1.),(1.,0.707106781186537,
1.),(1.,0.707106781186508,1.),(1.,0.70710678118651,1.),(1.,0.7071067811865,
1.),(1.,0.70710678118652,1.),(1.,0.707106781186488,1.),(1.,0.707106781186553,
1.),(1.,0.707106781186547,1.)))
REPRESENTATION_ITEM('')
SURFACE()
);
#38=TOROIDAL_SURFACE('',#2991,0.00325,0.0005);
#39=TOROIDAL_SURFACE('',#2993,0.00325,0.0005);
#40=TOROIDAL_SURFACE('',#2996,0.00325,0.0005);
#41=TOROIDAL_SURFACE('',#3003,0.00325,0.0005);
#42=TOROIDAL_SURFACE('',#3007,0.00325,0.0005);
#43=TOROIDAL_SURFACE('',#3009,0.00325,0.0005);
#44=TOROIDAL_SURFACE('',#3015,0.00325,0.0005);
#45=TOROIDAL_SURFACE('',#3017,0.00325,0.0005);
#46=TOROIDAL_SURFACE('',#3020,0.00325,0.0005);
#47=TOROIDAL_SURFACE('',#3027,0.00325,0.0005);
#48=TOROIDAL_SURFACE('',#3031,0.00325,0.0005);
#49=TOROIDAL_SURFACE('',#3033,0.00325,0.0005);
#50=TOROIDAL_SURFACE('',#3039,0.00325,0.0005);
#51=TOROIDAL_SURFACE('',#3041,0.00325,0.0005);
#52=TOROIDAL_SURFACE('',#3044,0.00325,0.0005);
#53=TOROIDAL_SURFACE('',#3051,0.00325,0.0005);
#54=TOROIDAL_SURFACE('',#3055,0.00325,0.0005);
#55=TOROIDAL_SURFACE('',#3057,0.00325,0.0005);
#56=TOROIDAL_SURFACE('',#3063,0.00325,0.0005);
#57=TOROIDAL_SURFACE('',#3065,0.00325,0.0005);
#58=TOROIDAL_SURFACE('',#3068,0.00325,0.0005);
#59=TOROIDAL_SURFACE('',#3075,0.00325,0.0005);
#60=TOROIDAL_SURFACE('',#3079,0.00325,0.0005);
#61=TOROIDAL_SURFACE('',#3081,0.00325,0.0005);
#62=TOROIDAL_SURFACE('',#3084,0.0049,0.0005);
#63=TOROIDAL_SURFACE('',#3091,0.0049,0.0005);
#64=TOROIDAL_SURFACE('',#3093,0.0049,0.0005);
#65=TOROIDAL_SURFACE('',#3099,0.0049,0.0005);
#66=TOROIDAL_SURFACE('',#3175,0.0059,0.0005);
#67=TOROIDAL_SURFACE('',#3177,0.0059,0.0005);
#68=TOROIDAL_SURFACE('',#3183,0.0059,0.0005);
#69=TOROIDAL_SURFACE('',#3185,0.0059,0.0005);
#70=CYLINDRICAL_SURFACE('',#2863,0.0054);
#71=CYLINDRICAL_SURFACE('',#2876,0.0054);
#72=CYLINDRICAL_SURFACE('',#2889,0.0054);
#73=CYLINDRICAL_SURFACE('',#2902,0.0054);
#74=CYLINDRICAL_SURFACE('',#2916,0.00275);
#75=CYLINDRICAL_SURFACE('',#2919,0.00275);
#76=CYLINDRICAL_SURFACE('',#2923,0.00275);
#77=CYLINDRICAL_SURFACE('',#2926,0.00275);
#78=CYLINDRICAL_SURFACE('',#2928,0.00275);
#79=CYLINDRICAL_SURFACE('',#2931,0.00275);
#80=CYLINDRICAL_SURFACE('',#2935,0.00275);
#81=CYLINDRICAL_SURFACE('',#2938,0.00275);
#82=CYLINDRICAL_SURFACE('',#2940,0.00275);
#83=CYLINDRICAL_SURFACE('',#2943,0.00275);
#84=CYLINDRICAL_SURFACE('',#2947,0.00275);
#85=CYLINDRICAL_SURFACE('',#2950,0.00275);
#86=CYLINDRICAL_SURFACE('',#2952,0.00275);
#87=CYLINDRICAL_SURFACE('',#2955,0.00275);
#88=CYLINDRICAL_SURFACE('',#2959,0.00275);
#89=CYLINDRICAL_SURFACE('',#2962,0.00275);
#90=CYLINDRICAL_SURFACE('',#2964,0.00275);
#91=CYLINDRICAL_SURFACE('',#2967,0.00275);
#92=CYLINDRICAL_SURFACE('',#2971,0.00275);
#93=CYLINDRICAL_SURFACE('',#2974,0.00275);
#94=CYLINDRICAL_SURFACE('',#2976,0.00275);
#95=CYLINDRICAL_SURFACE('',#2979,0.00275);
#96=CYLINDRICAL_SURFACE('',#2983,0.00275);
#97=CYLINDRICAL_SURFACE('',#2986,0.00275);
#98=CYLINDRICAL_SURFACE('',#2988,0.0005);
#99=CYLINDRICAL_SURFACE('',#2995,0.0005);
#100=CYLINDRICAL_SURFACE('',#2999,0.0005);
#101=CYLINDRICAL_SURFACE('',#3001,0.0005);
#102=CYLINDRICAL_SURFACE('',#3004,0.0005);
#103=CYLINDRICAL_SURFACE('',#3011,0.0005);
#104=CYLINDRICAL_SURFACE('',#3012,0.0005);
#105=CYLINDRICAL_SURFACE('',#3019,0.0005);
#106=CYLINDRICAL_SURFACE('',#3023,0.0005);
#107=CYLINDRICAL_SURFACE('',#3025,0.0005);
#108=CYLINDRICAL_SURFACE('',#3028,0.0005);
#109=CYLINDRICAL_SURFACE('',#3035,0.0005);
#110=CYLINDRICAL_SURFACE('',#3036,0.0005);
#111=CYLINDRICAL_SURFACE('',#3043,0.0005);
#112=CYLINDRICAL_SURFACE('',#3047,0.0005);
#113=CYLINDRICAL_SURFACE('',#3049,0.0005);
#114=CYLINDRICAL_SURFACE('',#3052,0.0005);
#115=CYLINDRICAL_SURFACE('',#3059,0.0005);
#116=CYLINDRICAL_SURFACE('',#3060,0.0005);
#117=CYLINDRICAL_SURFACE('',#3067,0.0005);
#118=CYLINDRICAL_SURFACE('',#3071,0.0005);
#119=CYLINDRICAL_SURFACE('',#3073,0.0005);
#120=CYLINDRICAL_SURFACE('',#3076,0.0005);
#121=CYLINDRICAL_SURFACE('',#3083,0.0005);
#122=CYLINDRICAL_SURFACE('',#3087,0.0005);
#123=CYLINDRICAL_SURFACE('',#3089,0.0005);
#124=CYLINDRICAL_SURFACE('',#3095,0.0005);
#125=CYLINDRICAL_SURFACE('',#3097,0.0005);
#126=CYLINDRICAL_SURFACE('',#3100,0.0005);
#127=CYLINDRICAL_SURFACE('',#3105,0.0005);
#128=CYLINDRICAL_SURFACE('',#3106,0.0005);
#129=CYLINDRICAL_SURFACE('',#3111,0.0005);
#130=CYLINDRICAL_SURFACE('',#3114,0.0005);
#131=CYLINDRICAL_SURFACE('',#3116,0.0005);
#132=CYLINDRICAL_SURFACE('',#3120,0.0005);
#133=CYLINDRICAL_SURFACE('',#3122,0.0005);
#134=CYLINDRICAL_SURFACE('',#3124,0.0005);
#135=CYLINDRICAL_SURFACE('',#3129,0.0005);
#136=CYLINDRICAL_SURFACE('',#3130,0.0005);
#137=CYLINDRICAL_SURFACE('',#3135,0.0005);
#138=CYLINDRICAL_SURFACE('',#3136,0.0005);
#139=CYLINDRICAL_SURFACE('',#3141,0.0005);
#140=CYLINDRICAL_SURFACE('',#3142,0.0005);
#141=CYLINDRICAL_SURFACE('',#3147,0.0005);
#142=CYLINDRICAL_SURFACE('',#3150,0.0005);
#143=CYLINDRICAL_SURFACE('',#3152,0.0005);
#144=CYLINDRICAL_SURFACE('',#3156,0.0005);
#145=CYLINDRICAL_SURFACE('',#3158,0.0005);
#146=CYLINDRICAL_SURFACE('',#3160,0.0005);
#147=CYLINDRICAL_SURFACE('',#3165,0.0005);
#148=CYLINDRICAL_SURFACE('',#3166,0.0005);
#149=CYLINDRICAL_SURFACE('',#3171,0.0005);
#150=CYLINDRICAL_SURFACE('',#3172,0.0005);
#151=CYLINDRICAL_SURFACE('',#3179,0.0005);
#152=CYLINDRICAL_SURFACE('',#3181,0.0005);
#153=CYLINDRICAL_SURFACE('',#3187,0.0005);
#154=CIRCLE('',#2854,0.00325);
#155=CIRCLE('',#2855,0.00325);
#156=CIRCLE('',#2856,0.00325);
#157=CIRCLE('',#2857,0.00325);
#158=CIRCLE('',#2858,0.00325);
#159=CIRCLE('',#2859,0.00325);
#160=CIRCLE('',#2860,0.00325);
#161=CIRCLE('',#2861,0.00325);
#162=CIRCLE('',#2862,0.00325);
#163=CIRCLE('',#2864,0.0054);
#164=CIRCLE('',#2865,0.0054);
#165=CIRCLE('',#2867,0.00325);
#166=CIRCLE('',#2868,0.00325);
#167=CIRCLE('',#2869,0.00325);
#168=CIRCLE('',#2870,0.00325);
#169=CIRCLE('',#2871,0.00325);
#170=CIRCLE('',#2872,0.00325);
#171=CIRCLE('',#2873,0.00325);
#172=CIRCLE('',#2874,0.00325);
#173=CIRCLE('',#2875,0.00325);
#174=CIRCLE('',#2877,0.0054);
#175=CIRCLE('',#2878,0.0054);
#176=CIRCLE('',#2880,0.00325);
#177=CIRCLE('',#2881,0.00325);
#178=CIRCLE('',#2882,0.00325);
#179=CIRCLE('',#2883,0.00325);
#180=CIRCLE('',#2884,0.00325);
#181=CIRCLE('',#2885,0.00325);
#182=CIRCLE('',#2886,0.00325);
#183=CIRCLE('',#2887,0.00325);
#184=CIRCLE('',#2888,0.00325);
#185=CIRCLE('',#2890,0.0054);
#186=CIRCLE('',#2891,0.0054);
#187=CIRCLE('',#2893,0.00325);
#188=CIRCLE('',#2894,0.00325);
#189=CIRCLE('',#2895,0.00325);
#190=CIRCLE('',#2896,0.00325);
#191=CIRCLE('',#2897,0.00325);
#192=CIRCLE('',#2898,0.00325);
#193=CIRCLE('',#2899,0.00325);
#194=CIRCLE('',#2900,0.00325);
#195=CIRCLE('',#2901,0.00325);
#196=CIRCLE('',#2903,0.0054);
#197=CIRCLE('',#2904,0.0054);
#198=CIRCLE('',#2907,0.0059);
#199=CIRCLE('',#2908,0.0059);
#200=CIRCLE('',#2909,0.0059);
#201=CIRCLE('',#2910,0.0059);
#202=CIRCLE('',#2912,0.0049);
#203=CIRCLE('',#2913,0.0049);
#204=CIRCLE('',#2914,0.0049);
#205=CIRCLE('',#2915,0.0049);
#206=CIRCLE('',#2917,0.00275);
#207=CIRCLE('',#2920,0.00275);
#208=CIRCLE('',#2924,0.00275);
#209=CIRCLE('',#2927,0.00275);
#210=CIRCLE('',#2929,0.00275);
#211=CIRCLE('',#2932,0.00275);
#212=CIRCLE('',#2936,0.00275);
#213=CIRCLE('',#2939,0.00275);
#214=CIRCLE('',#2941,0.00275);
#215=CIRCLE('',#2944,0.00275);
#216=CIRCLE('',#2948,0.00275);
#217=CIRCLE('',#2951,0.00275);
#218=CIRCLE('',#2953,0.00275);
#219=CIRCLE('',#2956,0.00275);
#220=CIRCLE('',#2960,0.00275);
#221=CIRCLE('',#2963,0.00275);
#222=CIRCLE('',#2965,0.00275);
#223=CIRCLE('',#2968,0.00275);
#224=CIRCLE('',#2972,0.00275);
#225=CIRCLE('',#2975,0.00275);
#226=CIRCLE('',#2977,0.00275);
#227=CIRCLE('',#2980,0.00275);
#228=CIRCLE('',#2984,0.00275);
#229=CIRCLE('',#2987,0.00275);
#230=CIRCLE('',#2989,0.0005);
#231=CIRCLE('',#2990,0.0005);
#232=CIRCLE('',#2992,0.0005);
#233=CIRCLE('',#2994,0.0005);
#234=CIRCLE('',#2997,0.0005);
#235=CIRCLE('',#2998,0.0005);
#236=CIRCLE('',#3000,0.0005);
#237=CIRCLE('',#3002,0.0005);
#238=CIRCLE('',#3005,0.0005);
#239=CIRCLE('',#3006,0.0005);
#240=CIRCLE('',#3008,0.0005);
#241=CIRCLE('',#3010,0.0005);
#242=CIRCLE('',#3013,0.0005);
#243=CIRCLE('',#3014,0.0005);
#244=CIRCLE('',#3016,0.0005);
#245=CIRCLE('',#3018,0.0005);
#246=CIRCLE('',#3021,0.0005);
#247=CIRCLE('',#3022,0.0005);
#248=CIRCLE('',#3024,0.0005);
#249=CIRCLE('',#3026,0.0005);
#250=CIRCLE('',#3029,0.0005);
#251=CIRCLE('',#3030,0.0005);
#252=CIRCLE('',#3032,0.0005);
#253=CIRCLE('',#3034,0.0005);
#254=CIRCLE('',#3037,0.0005);
#255=CIRCLE('',#3038,0.0005);
#256=CIRCLE('',#3040,0.0005);
#257=CIRCLE('',#3042,0.0005);
#258=CIRCLE('',#3045,0.0005);
#259=CIRCLE('',#3046,0.0005);
#260=CIRCLE('',#3048,0.0005);
#261=CIRCLE('',#3050,0.0005);
#262=CIRCLE('',#3053,0.0005);
#263=CIRCLE('',#3054,0.0005);
#264=CIRCLE('',#3056,0.0005);
#265=CIRCLE('',#3058,0.0005);
#266=CIRCLE('',#3061,0.0005);
#267=CIRCLE('',#3062,0.0005);
#268=CIRCLE('',#3064,0.0005);
#269=CIRCLE('',#3066,0.0005);
#270=CIRCLE('',#3069,0.0005);
#271=CIRCLE('',#3070,0.0005);
#272=CIRCLE('',#3072,0.0005);
#273=CIRCLE('',#3074,0.0005);
#274=CIRCLE('',#3077,0.0005);
#275=CIRCLE('',#3078,0.0005);
#276=CIRCLE('',#3080,0.0005);
#277=CIRCLE('',#3082,0.0005);
#278=CIRCLE('',#3085,0.0005);
#279=CIRCLE('',#3086,0.0005);
#280=CIRCLE('',#3088,0.0005);
#281=CIRCLE('',#3090,0.0005);
#282=CIRCLE('',#3092,0.0005);
#283=CIRCLE('',#3094,0.0005);
#284=CIRCLE('',#3096,0.0005);
#285=CIRCLE('',#3098,0.0005);
#286=CIRCLE('',#3101,0.0005);
#287=CIRCLE('',#3102,0.0005);
#288=CIRCLE('',#3103,0.0005);
#289=CIRCLE('',#3104,0.0005);
#290=CIRCLE('',#3107,0.0005);
#291=CIRCLE('',#3108,0.0005);
#292=CIRCLE('',#3109,0.0005);
#293=CIRCLE('',#3110,0.0005);
#294=CIRCLE('',#3112,0.0005);
#295=CIRCLE('',#3113,0.0005);
#296=CIRCLE('',#3115,0.0005);
#297=CIRCLE('',#3117,0.0005);
#298=CIRCLE('',#3118,0.0005);
#299=CIRCLE('',#3119,0.0005);
#300=CIRCLE('',#3121,0.0005);
#301=CIRCLE('',#3123,0.0005);
#302=CIRCLE('',#3125,0.0005);
#303=CIRCLE('',#3126,0.0005);
#304=CIRCLE('',#3127,0.0005);
#305=CIRCLE('',#3128,0.0005);
#306=CIRCLE('',#3131,0.0005);
#307=CIRCLE('',#3132,0.0005);
#308=CIRCLE('',#3133,0.0005);
#309=CIRCLE('',#3134,0.0005);
#310=CIRCLE('',#3137,0.0005);
#311=CIRCLE('',#3138,0.0005);
#312=CIRCLE('',#3139,0.0005);
#313=CIRCLE('',#3140,0.0005);
#314=CIRCLE('',#3143,0.0005);
#315=CIRCLE('',#3144,0.0005);
#316=CIRCLE('',#3145,0.0005);
#317=CIRCLE('',#3146,0.0005);
#318=CIRCLE('',#3148,0.0005);
#319=CIRCLE('',#3149,0.0005);
#320=CIRCLE('',#3151,0.0005);
#321=CIRCLE('',#3153,0.0005);
#322=CIRCLE('',#3154,0.0005);
#323=CIRCLE('',#3155,0.0005);
#324=CIRCLE('',#3157,0.0005);
#325=CIRCLE('',#3159,0.0005);
#326=CIRCLE('',#3161,0.0005);
#327=CIRCLE('',#3162,0.0005);
#328=CIRCLE('',#3163,0.0005);
#329=CIRCLE('',#3164,0.0005);
#330=CIRCLE('',#3167,0.0005);
#331=CIRCLE('',#3168,0.0005);
#332=CIRCLE('',#3169,0.0005);
#333=CIRCLE('',#3170,0.0005);
#334=CIRCLE('',#3173,0.0005);
#335=CIRCLE('',#3174,0.0005);
#336=CIRCLE('',#3176,0.0005);
#337=CIRCLE('',#3178,0.0005);
#338=CIRCLE('',#3180,0.0005);
#339=CIRCLE('',#3182,0.0005);
#340=CIRCLE('',#3184,0.0005);
#341=CIRCLE('',#3186,0.0005);
#342=PLANE('',#2853);
#343=PLANE('',#2866);
#344=PLANE('',#2879);
#345=PLANE('',#2892);
#346=PLANE('',#2905);
#347=PLANE('',#2906);
#348=PLANE('',#2911);
#349=PLANE('',#2918);
#350=PLANE('',#2921);
#351=PLANE('',#2922);
#352=PLANE('',#2925);
#353=PLANE('',#2930);
#354=PLANE('',#2933);
#355=PLANE('',#2934);
#356=PLANE('',#2937);
#357=PLANE('',#2942);
#358=PLANE('',#2945);
#359=PLANE('',#2946);
#360=PLANE('',#2949);
#361=PLANE('',#2954);
#362=PLANE('',#2957);
#363=PLANE('',#2958);
#364=PLANE('',#2961);
#365=PLANE('',#2966);
#366=PLANE('',#2969);
#367=PLANE('',#2970);
#368=PLANE('',#2973);
#369=PLANE('',#2978);
#370=PLANE('',#2981);
#371=PLANE('',#2982);
#372=PLANE('',#2985);
#373=LINE('',#4194,#553);
#374=LINE('',#4204,#554);
#375=LINE('',#4214,#555);
#376=LINE('',#4224,#556);
#377=LINE('',#4225,#557);
#378=LINE('',#4236,#558);
#379=LINE('',#4245,#559);
#380=LINE('',#4256,#560);
#381=LINE('',#4274,#561);
#382=LINE('',#4284,#562);
#383=LINE('',#4294,#563);
#384=LINE('',#4304,#564);
#385=LINE('',#4314,#565);
#386=LINE('',#4324,#566);
#387=LINE('',#4334,#567);
#388=LINE('',#4344,#568);
#389=LINE('',#4345,#569);
#390=LINE('',#4356,#570);
#391=LINE('',#4365,#571);
#392=LINE('',#4376,#572);
#393=LINE('',#4394,#573);
#394=LINE('',#4404,#574);
#395=LINE('',#4414,#575);
#396=LINE('',#4424,#576);
#397=LINE('',#4572,#577);
#398=LINE('',#4576,#578);
#399=LINE('',#4580,#579);
#400=LINE('',#4584,#580);
#401=LINE('',#4587,#581);
#402=LINE('',#4591,#582);
#403=LINE('',#4595,#583);
#404=LINE('',#4598,#584);
#405=LINE('',#4600,#585);
#406=LINE('',#4602,#586);
#407=LINE('',#4604,#587);
#408=LINE('',#4606,#588);
#409=LINE('',#4609,#589);
#410=LINE('',#4611,#590);
#411=LINE('',#4620,#591);
#412=LINE('',#4624,#592);
#413=LINE('',#4627,#593);
#414=LINE('',#4631,#594);
#415=LINE('',#4635,#595);
#416=LINE('',#4638,#596);
#417=LINE('',#4642,#597);
#418=LINE('',#4646,#598);
#419=LINE('',#4649,#599);
#420=LINE('',#4650,#600);
#421=LINE('',#4652,#601);
#422=LINE('',#4654,#602);
#423=LINE('',#4656,#603);
#424=LINE('',#4665,#604);
#425=LINE('',#4669,#605);
#426=LINE('',#4670,#606);
#427=LINE('',#4672,#607);
#428=LINE('',#4674,#608);
#429=LINE('',#4678,#609);
#430=LINE('',#4682,#610);
#431=LINE('',#4685,#611);
#432=LINE('',#4689,#612);
#433=LINE('',#4693,#613);
#434=LINE('',#4696,#614);
#435=LINE('',#4699,#615);
#436=LINE('',#4701,#616);
#437=LINE('',#4710,#617);
#438=LINE('',#4714,#618);
#439=LINE('',#4717,#619);
#440=LINE('',#4718,#620);
#441=LINE('',#4720,#621);
#442=LINE('',#4722,#622);
#443=LINE('',#4726,#623);
#444=LINE('',#4730,#624);
#445=LINE('',#4733,#625);
#446=LINE('',#4737,#626);
#447=LINE('',#4741,#627);
#448=LINE('',#4744,#628);
#449=LINE('',#4824,#629);
#450=LINE('',#4828,#630);
#451=LINE('',#4832,#631);
#452=LINE('',#4836,#632);
#453=LINE('',#4908,#633);
#454=LINE('',#4913,#634);
#455=LINE('',#4917,#635);
#456=LINE('',#4921,#636);
#457=LINE('',#4925,#637);
#458=LINE('',#4930,#638);
#459=LINE('',#4940,#639);
#460=LINE('',#4943,#640);
#461=LINE('',#4944,#641);
#462=LINE('',#4946,#642);
#463=LINE('',#4958,#643);
#464=LINE('',#4959,#644);
#465=LINE('',#4961,#645);
#466=LINE('',#4964,#646);
#467=LINE('',#4966,#647);
#468=LINE('',#4968,#648);
#469=LINE('',#4970,#649);
#470=LINE('',#4982,#650);
#471=LINE('',#4985,#651);
#472=LINE('',#4986,#652);
#473=LINE('',#4997,#653);
#474=LINE('',#5002,#654);
#475=LINE('',#5012,#655);
#476=LINE('',#5015,#656);
#477=LINE('',#5016,#657);
#478=LINE('',#5018,#658);
#479=LINE('',#5030,#659);
#480=LINE('',#5031,#660);
#481=LINE('',#5033,#661);
#482=LINE('',#5036,#662);
#483=LINE('',#5038,#663);
#484=LINE('',#5040,#664);
#485=LINE('',#5042,#665);
#486=LINE('',#5054,#666);
#487=LINE('',#5057,#667);
#488=LINE('',#5058,#668);
#489=LINE('',#5069,#669);
#490=LINE('',#5074,#670);
#491=LINE('',#5084,#671);
#492=LINE('',#5086,#672);
#493=LINE('',#5088,#673);
#494=LINE('',#5092,#674);
#495=LINE('',#5102,#675);
#496=LINE('',#5103,#676);
#497=LINE('',#5105,#677);
#498=LINE('',#5108,#678);
#499=LINE('',#5110,#679);
#500=LINE('',#5112,#680);
#501=LINE('',#5116,#681);
#502=LINE('',#5126,#682);
#503=LINE('',#5128,#683);
#504=LINE('',#5130,#684);
#505=LINE('',#5141,#685);
#506=LINE('',#5146,#686);
#507=LINE('',#5156,#687);
#508=LINE('',#5159,#688);
#509=LINE('',#5160,#689);
#510=LINE('',#5162,#690);
#511=LINE('',#5174,#691);
#512=LINE('',#5175,#692);
#513=LINE('',#5177,#693);
#514=LINE('',#5180,#694);
#515=LINE('',#5182,#695);
#516=LINE('',#5184,#696);
#517=LINE('',#5186,#697);
#518=LINE('',#5198,#698);
#519=LINE('',#5201,#699);
#520=LINE('',#5202,#700);
#521=LINE('',#5213,#701);
#522=LINE('',#5218,#702);
#523=LINE('',#5228,#703);
#524=LINE('',#5231,#704);
#525=LINE('',#5232,#705);
#526=LINE('',#5234,#706);
#527=LINE('',#5246,#707);
#528=LINE('',#5247,#708);
#529=LINE('',#5249,#709);
#530=LINE('',#5252,#710);
#531=LINE('',#5254,#711);
#532=LINE('',#5256,#712);
#533=LINE('',#5258,#713);
#534=LINE('',#5270,#714);
#535=LINE('',#5273,#715);
#536=LINE('',#5274,#716);
#537=LINE('',#5285,#717);
#538=LINE('',#5290,#718);
#539=LINE('',#5300,#719);
#540=LINE('',#5302,#720);
#541=LINE('',#5304,#721);
#542=LINE('',#5308,#722);
#543=LINE('',#5318,#723);
#544=LINE('',#5319,#724);
#545=LINE('',#5321,#725);
#546=LINE('',#5324,#726);
#547=LINE('',#5326,#727);
#548=LINE('',#5328,#728);
#549=LINE('',#5332,#729);
#550=LINE('',#5342,#730);
#551=LINE('',#5344,#731);
#552=LINE('',#5346,#732);
#553=VECTOR('',#3190,1.);
#554=VECTOR('',#3191,1.);
#555=VECTOR('',#3192,1.);
#556=VECTOR('',#3193,1.);
#557=VECTOR('',#3194,1.);
#558=VECTOR('',#3195,1.);
#559=VECTOR('',#3196,1.);
#560=VECTOR('',#3197,1.);
#561=VECTOR('',#3198,1.);
#562=VECTOR('',#3199,1.);
#563=VECTOR('',#3200,1.);
#564=VECTOR('',#3201,1.);
#565=VECTOR('',#3202,1.);
#566=VECTOR('',#3203,1.);
#567=VECTOR('',#3204,1.);
#568=VECTOR('',#3205,1.);
#569=VECTOR('',#3206,1.);
#570=VECTOR('',#3207,1.);
#571=VECTOR('',#3208,1.);
#572=VECTOR('',#3209,1.);
#573=VECTOR('',#3210,1.);
#574=VECTOR('',#3211,1.);
#575=VECTOR('',#3212,1.);
#576=VECTOR('',#3213,1.);
#577=VECTOR('',#3218,1.);
#578=VECTOR('',#3221,1.);
#579=VECTOR('',#3224,1.);
#580=VECTOR('',#3227,1.);
#581=VECTOR('',#3230,1.);
#582=VECTOR('',#3233,1.);
#583=VECTOR('',#3236,1.);
#584=VECTOR('',#3239,1.);
#585=VECTOR('',#3240,1.);
#586=VECTOR('',#3241,1.);
#587=VECTOR('',#3242,1.);
#588=VECTOR('',#3243,1.);
#589=VECTOR('',#3246,1.);
#590=VECTOR('',#3249,1.);
#591=VECTOR('',#3258,1.);
#592=VECTOR('',#3261,1.);
#593=VECTOR('',#3264,1.);
#594=VECTOR('',#3267,1.);
#595=VECTOR('',#3270,1.);
#596=VECTOR('',#3273,1.);
#597=VECTOR('',#3276,1.);
#598=VECTOR('',#3279,1.);
#599=VECTOR('',#3282,1.);
#600=VECTOR('',#3283,1.);
#601=VECTOR('',#3284,1.);
#602=VECTOR('',#3285,1.);
#603=VECTOR('',#3288,1.);
#604=VECTOR('',#3297,1.);
#605=VECTOR('',#3300,1.);
#606=VECTOR('',#3301,1.);
#607=VECTOR('',#3302,1.);
#608=VECTOR('',#3303,1.);
#609=VECTOR('',#3306,1.);
#610=VECTOR('',#3309,1.);
#611=VECTOR('',#3312,1.);
#612=VECTOR('',#3315,1.);
#613=VECTOR('',#3318,1.);
#614=VECTOR('',#3321,1.);
#615=VECTOR('',#3324,1.);
#616=VECTOR('',#3327,1.);
#617=VECTOR('',#3336,1.);
#618=VECTOR('',#3339,1.);
#619=VECTOR('',#3342,1.);
#620=VECTOR('',#3343,1.);
#621=VECTOR('',#3344,1.);
#622=VECTOR('',#3345,1.);
#623=VECTOR('',#3348,1.);
#624=VECTOR('',#3351,1.);
#625=VECTOR('',#3354,1.);
#626=VECTOR('',#3357,1.);
#627=VECTOR('',#3360,1.);
#628=VECTOR('',#3363,1.);
#629=VECTOR('',#3376,1.);
#630=VECTOR('',#3379,1.);
#631=VECTOR('',#3382,1.);
#632=VECTOR('',#3385,1.);
#633=VECTOR('',#3388,1.);
#634=VECTOR('',#3391,1.);
#635=VECTOR('',#3394,1.);
#636=VECTOR('',#3397,1.);
#637=VECTOR('',#3402,1.);
#638=VECTOR('',#3405,1.);
#639=VECTOR('',#3408,1.);
#640=VECTOR('',#3409,1.);
#641=VECTOR('',#3410,1.);
#642=VECTOR('',#3413,1.);
#643=VECTOR('',#3418,1.);
#644=VECTOR('',#3419,1.);
#645=VECTOR('',#3422,1.);
#646=VECTOR('',#3423,1.);
#647=VECTOR('',#3424,1.);
#648=VECTOR('',#3425,1.);
#649=VECTOR('',#3428,1.);
#650=VECTOR('',#3433,1.);
#651=VECTOR('',#3434,1.);
#652=VECTOR('',#3435,1.);
#653=VECTOR('',#3442,1.);
#654=VECTOR('',#3445,1.);
#655=VECTOR('',#3448,1.);
#656=VECTOR('',#3449,1.);
#657=VECTOR('',#3450,1.);
#658=VECTOR('',#3453,1.);
#659=VECTOR('',#3458,1.);
#660=VECTOR('',#3459,1.);
#661=VECTOR('',#3462,1.);
#662=VECTOR('',#3463,1.);
#663=VECTOR('',#3464,1.);
#664=VECTOR('',#3465,1.);
#665=VECTOR('',#3468,1.);
#666=VECTOR('',#3473,1.);
#667=VECTOR('',#3474,1.);
#668=VECTOR('',#3475,1.);
#669=VECTOR('',#3482,1.);
#670=VECTOR('',#3485,1.);
#671=VECTOR('',#3488,1.);
#672=VECTOR('',#3489,1.);
#673=VECTOR('',#3490,1.);
#674=VECTOR('',#3495,1.);
#675=VECTOR('',#3498,1.);
#676=VECTOR('',#3499,1.);
#677=VECTOR('',#3502,1.);
#678=VECTOR('',#3503,1.);
#679=VECTOR('',#3504,1.);
#680=VECTOR('',#3505,1.);
#681=VECTOR('',#3510,1.);
#682=VECTOR('',#3513,1.);
#683=VECTOR('',#3514,1.);
#684=VECTOR('',#3515,1.);
#685=VECTOR('',#3522,1.);
#686=VECTOR('',#3525,1.);
#687=VECTOR('',#3528,1.);
#688=VECTOR('',#3529,1.);
#689=VECTOR('',#3530,1.);
#690=VECTOR('',#3533,1.);
#691=VECTOR('',#3538,1.);
#692=VECTOR('',#3539,1.);
#693=VECTOR('',#3542,1.);
#694=VECTOR('',#3543,1.);
#695=VECTOR('',#3544,1.);
#696=VECTOR('',#3545,1.);
#697=VECTOR('',#3548,1.);
#698=VECTOR('',#3553,1.);
#699=VECTOR('',#3554,1.);
#700=VECTOR('',#3555,1.);
#701=VECTOR('',#3562,1.);
#702=VECTOR('',#3565,1.);
#703=VECTOR('',#3568,1.);
#704=VECTOR('',#3569,1.);
#705=VECTOR('',#3570,1.);
#706=VECTOR('',#3573,1.);
#707=VECTOR('',#3578,1.);
#708=VECTOR('',#3579,1.);
#709=VECTOR('',#3582,1.);
#710=VECTOR('',#3583,1.);
#711=VECTOR('',#3584,1.);
#712=VECTOR('',#3585,1.);
#713=VECTOR('',#3588,1.);
#714=VECTOR('',#3593,1.);
#715=VECTOR('',#3594,1.);
#716=VECTOR('',#3595,1.);
#717=VECTOR('',#3602,1.);
#718=VECTOR('',#3605,1.);
#719=VECTOR('',#3608,1.);
#720=VECTOR('',#3609,1.);
#721=VECTOR('',#3610,1.);
#722=VECTOR('',#3615,1.);
#723=VECTOR('',#3618,1.);
#724=VECTOR('',#3619,1.);
#725=VECTOR('',#3622,1.);
#726=VECTOR('',#3623,1.);
#727=VECTOR('',#3624,1.);
#728=VECTOR('',#3625,1.);
#729=VECTOR('',#3630,1.);
#730=VECTOR('',#3633,1.);
#731=VECTOR('',#3634,1.);
#732=VECTOR('',#3635,1.);
#733=ORIENTED_EDGE('',*,*,#1573,.T.);
#734=ORIENTED_EDGE('',*,*,#1574,.T.);
#735=ORIENTED_EDGE('',*,*,#1575,.T.);
#736=ORIENTED_EDGE('',*,*,#1576,.T.);
#737=ORIENTED_EDGE('',*,*,#1577,.T.);
#738=ORIENTED_EDGE('',*,*,#1578,.T.);
#739=ORIENTED_EDGE('',*,*,#1579,.T.);
#740=ORIENTED_EDGE('',*,*,#1580,.T.);
#741=ORIENTED_EDGE('',*,*,#1581,.T.);
#742=ORIENTED_EDGE('',*,*,#1582,.T.);
#743=ORIENTED_EDGE('',*,*,#1583,.T.);
#744=ORIENTED_EDGE('',*,*,#1584,.T.);
#745=ORIENTED_EDGE('',*,*,#1585,.T.);
#746=ORIENTED_EDGE('',*,*,#1586,.T.);
#747=ORIENTED_EDGE('',*,*,#1587,.T.);
#748=ORIENTED_EDGE('',*,*,#1588,.T.);
#749=ORIENTED_EDGE('',*,*,#1589,.T.);
#750=ORIENTED_EDGE('',*,*,#1590,.T.);
#751=ORIENTED_EDGE('',*,*,#1591,.T.);
#752=ORIENTED_EDGE('',*,*,#1592,.T.);
#753=ORIENTED_EDGE('',*,*,#1593,.T.);
#754=ORIENTED_EDGE('',*,*,#1594,.T.);
#755=ORIENTED_EDGE('',*,*,#1595,.T.);
#756=ORIENTED_EDGE('',*,*,#1596,.T.);
#757=ORIENTED_EDGE('',*,*,#1597,.T.);
#758=ORIENTED_EDGE('',*,*,#1598,.T.);
#759=ORIENTED_EDGE('',*,*,#1599,.T.);
#760=ORIENTED_EDGE('',*,*,#1600,.T.);
#761=ORIENTED_EDGE('',*,*,#1601,.T.);
#762=ORIENTED_EDGE('',*,*,#1602,.T.);
#763=ORIENTED_EDGE('',*,*,#1603,.T.);
#764=ORIENTED_EDGE('',*,*,#1604,.T.);
#765=ORIENTED_EDGE('',*,*,#1605,.T.);
#766=ORIENTED_EDGE('',*,*,#1606,.T.);
#767=ORIENTED_EDGE('',*,*,#1607,.T.);
#768=ORIENTED_EDGE('',*,*,#1608,.T.);
#769=ORIENTED_EDGE('',*,*,#1609,.T.);
#770=ORIENTED_EDGE('',*,*,#1610,.T.);
#771=ORIENTED_EDGE('',*,*,#1611,.T.);
#772=ORIENTED_EDGE('',*,*,#1612,.T.);
#773=ORIENTED_EDGE('',*,*,#1613,.T.);
#774=ORIENTED_EDGE('',*,*,#1614,.T.);
#775=ORIENTED_EDGE('',*,*,#1615,.T.);
#776=ORIENTED_EDGE('',*,*,#1616,.T.);
#777=ORIENTED_EDGE('',*,*,#1617,.T.);
#778=ORIENTED_EDGE('',*,*,#1618,.T.);
#779=ORIENTED_EDGE('',*,*,#1619,.T.);
#780=ORIENTED_EDGE('',*,*,#1620,.T.);
#781=ORIENTED_EDGE('',*,*,#1621,.T.);
#782=ORIENTED_EDGE('',*,*,#1622,.T.);
#783=ORIENTED_EDGE('',*,*,#1623,.T.);
#784=ORIENTED_EDGE('',*,*,#1624,.T.);
#785=ORIENTED_EDGE('',*,*,#1625,.T.);
#786=ORIENTED_EDGE('',*,*,#1626,.T.);
#787=ORIENTED_EDGE('',*,*,#1627,.T.);
#788=ORIENTED_EDGE('',*,*,#1628,.T.);
#789=ORIENTED_EDGE('',*,*,#1629,.T.);
#790=ORIENTED_EDGE('',*,*,#1630,.T.);
#791=ORIENTED_EDGE('',*,*,#1631,.T.);
#792=ORIENTED_EDGE('',*,*,#1632,.T.);
#793=ORIENTED_EDGE('',*,*,#1633,.T.);
#794=ORIENTED_EDGE('',*,*,#1634,.T.);
#795=ORIENTED_EDGE('',*,*,#1635,.T.);
#796=ORIENTED_EDGE('',*,*,#1636,.T.);
#797=ORIENTED_EDGE('',*,*,#1637,.T.);
#798=ORIENTED_EDGE('',*,*,#1638,.T.);
#799=ORIENTED_EDGE('',*,*,#1639,.T.);
#800=ORIENTED_EDGE('',*,*,#1640,.T.);
#801=ORIENTED_EDGE('',*,*,#1641,.F.);
#802=ORIENTED_EDGE('',*,*,#1642,.T.);
#803=ORIENTED_EDGE('',*,*,#1643,.T.);
#804=ORIENTED_EDGE('',*,*,#1644,.T.);
#805=ORIENTED_EDGE('',*,*,#1645,.F.);
#806=ORIENTED_EDGE('',*,*,#1646,.T.);
#807=ORIENTED_EDGE('',*,*,#1641,.T.);
#808=ORIENTED_EDGE('',*,*,#1647,.T.);
#809=ORIENTED_EDGE('',*,*,#1648,.T.);
#810=ORIENTED_EDGE('',*,*,#1649,.T.);
#811=ORIENTED_EDGE('',*,*,#1650,.T.);
#812=ORIENTED_EDGE('',*,*,#1651,.T.);
#813=ORIENTED_EDGE('',*,*,#1652,.T.);
#814=ORIENTED_EDGE('',*,*,#1653,.T.);
#815=ORIENTED_EDGE('',*,*,#1654,.T.);
#816=ORIENTED_EDGE('',*,*,#1655,.T.);
#817=ORIENTED_EDGE('',*,*,#1656,.T.);
#818=ORIENTED_EDGE('',*,*,#1657,.T.);
#819=ORIENTED_EDGE('',*,*,#1658,.T.);
#820=ORIENTED_EDGE('',*,*,#1659,.T.);
#821=ORIENTED_EDGE('',*,*,#1660,.T.);
#822=ORIENTED_EDGE('',*,*,#1661,.T.);
#823=ORIENTED_EDGE('',*,*,#1662,.T.);
#824=ORIENTED_EDGE('',*,*,#1663,.T.);
#825=ORIENTED_EDGE('',*,*,#1664,.T.);
#826=ORIENTED_EDGE('',*,*,#1665,.T.);
#827=ORIENTED_EDGE('',*,*,#1645,.T.);
#828=ORIENTED_EDGE('',*,*,#1666,.T.);
#829=ORIENTED_EDGE('',*,*,#1667,.F.);
#830=ORIENTED_EDGE('',*,*,#1668,.T.);
#831=ORIENTED_EDGE('',*,*,#1669,.F.);
#832=ORIENTED_EDGE('',*,*,#1670,.T.);
#833=ORIENTED_EDGE('',*,*,#1667,.T.);
#834=ORIENTED_EDGE('',*,*,#1671,.T.);
#835=ORIENTED_EDGE('',*,*,#1672,.T.);
#836=ORIENTED_EDGE('',*,*,#1673,.T.);
#837=ORIENTED_EDGE('',*,*,#1674,.T.);
#838=ORIENTED_EDGE('',*,*,#1675,.T.);
#839=ORIENTED_EDGE('',*,*,#1669,.T.);
#840=ORIENTED_EDGE('',*,*,#1676,.T.);
#841=ORIENTED_EDGE('',*,*,#1677,.F.);
#842=ORIENTED_EDGE('',*,*,#1678,.T.);
#843=ORIENTED_EDGE('',*,*,#1679,.T.);
#844=ORIENTED_EDGE('',*,*,#1680,.T.);
#845=ORIENTED_EDGE('',*,*,#1681,.T.);
#846=ORIENTED_EDGE('',*,*,#1682,.T.);
#847=ORIENTED_EDGE('',*,*,#1683,.T.);
#848=ORIENTED_EDGE('',*,*,#1684,.T.);
#849=ORIENTED_EDGE('',*,*,#1685,.T.);
#850=ORIENTED_EDGE('',*,*,#1686,.T.);
#851=ORIENTED_EDGE('',*,*,#1687,.T.);
#852=ORIENTED_EDGE('',*,*,#1688,.T.);
#853=ORIENTED_EDGE('',*,*,#1689,.T.);
#854=ORIENTED_EDGE('',*,*,#1690,.T.);
#855=ORIENTED_EDGE('',*,*,#1691,.T.);
#856=ORIENTED_EDGE('',*,*,#1692,.T.);
#857=ORIENTED_EDGE('',*,*,#1693,.F.);
#858=ORIENTED_EDGE('',*,*,#1694,.T.);
#859=ORIENTED_EDGE('',*,*,#1677,.T.);
#860=ORIENTED_EDGE('',*,*,#1695,.T.);
#861=ORIENTED_EDGE('',*,*,#1696,.T.);
#862=ORIENTED_EDGE('',*,*,#1697,.T.);
#863=ORIENTED_EDGE('',*,*,#1698,.T.);
#864=ORIENTED_EDGE('',*,*,#1699,.T.);
#865=ORIENTED_EDGE('',*,*,#1700,.T.);
#866=ORIENTED_EDGE('',*,*,#1701,.T.);
#867=ORIENTED_EDGE('',*,*,#1693,.T.);
#868=ORIENTED_EDGE('',*,*,#1702,.T.);
#869=ORIENTED_EDGE('',*,*,#1703,.F.);
#870=ORIENTED_EDGE('',*,*,#1704,.T.);
#871=ORIENTED_EDGE('',*,*,#1705,.T.);
#872=ORIENTED_EDGE('',*,*,#1706,.T.);
#873=ORIENTED_EDGE('',*,*,#1707,.T.);
#874=ORIENTED_EDGE('',*,*,#1708,.T.);
#875=ORIENTED_EDGE('',*,*,#1709,.T.);
#876=ORIENTED_EDGE('',*,*,#1710,.T.);
#877=ORIENTED_EDGE('',*,*,#1711,.T.);
#878=ORIENTED_EDGE('',*,*,#1712,.T.);
#879=ORIENTED_EDGE('',*,*,#1713,.T.);
#880=ORIENTED_EDGE('',*,*,#1714,.T.);
#881=ORIENTED_EDGE('',*,*,#1715,.T.);
#882=ORIENTED_EDGE('',*,*,#1716,.T.);
#883=ORIENTED_EDGE('',*,*,#1639,.F.);
#884=ORIENTED_EDGE('',*,*,#1717,.T.);
#885=ORIENTED_EDGE('',*,*,#1703,.T.);
#886=ORIENTED_EDGE('',*,*,#1718,.T.);
#887=ORIENTED_EDGE('',*,*,#1719,.T.);
#888=ORIENTED_EDGE('',*,*,#1720,.T.);
#889=ORIENTED_EDGE('',*,*,#1721,.T.);
#890=ORIENTED_EDGE('',*,*,#1722,.T.);
#891=ORIENTED_EDGE('',*,*,#1723,.T.);
#892=ORIENTED_EDGE('',*,*,#1724,.T.);
#893=ORIENTED_EDGE('',*,*,#1725,.T.);
#894=ORIENTED_EDGE('',*,*,#1726,.T.);
#895=ORIENTED_EDGE('',*,*,#1727,.T.);
#896=ORIENTED_EDGE('',*,*,#1728,.T.);
#897=ORIENTED_EDGE('',*,*,#1729,.T.);
#898=ORIENTED_EDGE('',*,*,#1730,.T.);
#899=ORIENTED_EDGE('',*,*,#1731,.T.);
#900=ORIENTED_EDGE('',*,*,#1732,.T.);
#901=ORIENTED_EDGE('',*,*,#1733,.T.);
#902=ORIENTED_EDGE('',*,*,#1734,.T.);
#903=ORIENTED_EDGE('',*,*,#1735,.T.);
#904=ORIENTED_EDGE('',*,*,#1736,.T.);
#905=ORIENTED_EDGE('',*,*,#1737,.F.);
#906=ORIENTED_EDGE('',*,*,#1738,.T.);
#907=ORIENTED_EDGE('',*,*,#1739,.T.);
#908=ORIENTED_EDGE('',*,*,#1740,.T.);
#909=ORIENTED_EDGE('',*,*,#1741,.F.);
#910=ORIENTED_EDGE('',*,*,#1742,.T.);
#911=ORIENTED_EDGE('',*,*,#1737,.T.);
#912=ORIENTED_EDGE('',*,*,#1743,.T.);
#913=ORIENTED_EDGE('',*,*,#1744,.F.);
#914=ORIENTED_EDGE('',*,*,#1745,.T.);
#915=ORIENTED_EDGE('',*,*,#1741,.T.);
#916=ORIENTED_EDGE('',*,*,#1746,.T.);
#917=ORIENTED_EDGE('',*,*,#1739,.F.);
#918=ORIENTED_EDGE('',*,*,#1747,.T.);
#919=ORIENTED_EDGE('',*,*,#1744,.T.);
#920=ORIENTED_EDGE('',*,*,#1748,.T.);
#921=ORIENTED_EDGE('',*,*,#1749,.T.);
#922=ORIENTED_EDGE('',*,*,#1750,.T.);
#923=ORIENTED_EDGE('',*,*,#1751,.F.);
#924=ORIENTED_EDGE('',*,*,#1752,.T.);
#925=ORIENTED_EDGE('',*,*,#1753,.T.);
#926=ORIENTED_EDGE('',*,*,#1754,.T.);
#927=ORIENTED_EDGE('',*,*,#1749,.F.);
#928=ORIENTED_EDGE('',*,*,#1755,.T.);
#929=ORIENTED_EDGE('',*,*,#1756,.T.);
#930=ORIENTED_EDGE('',*,*,#1757,.T.);
#931=ORIENTED_EDGE('',*,*,#1753,.F.);
#932=ORIENTED_EDGE('',*,*,#1758,.T.);
#933=ORIENTED_EDGE('',*,*,#1751,.T.);
#934=ORIENTED_EDGE('',*,*,#1759,.T.);
#935=ORIENTED_EDGE('',*,*,#1756,.F.);
#936=ORIENTED_EDGE('',*,*,#1760,.T.);
#937=ORIENTED_EDGE('',*,*,#1761,.F.);
#938=ORIENTED_EDGE('',*,*,#1762,.T.);
#939=ORIENTED_EDGE('',*,*,#1763,.T.);
#940=ORIENTED_EDGE('',*,*,#1764,.T.);
#941=ORIENTED_EDGE('',*,*,#1765,.F.);
#942=ORIENTED_EDGE('',*,*,#1766,.T.);
#943=ORIENTED_EDGE('',*,*,#1761,.T.);
#944=ORIENTED_EDGE('',*,*,#1767,.T.);
#945=ORIENTED_EDGE('',*,*,#1768,.F.);
#946=ORIENTED_EDGE('',*,*,#1769,.T.);
#947=ORIENTED_EDGE('',*,*,#1765,.T.);
#948=ORIENTED_EDGE('',*,*,#1770,.T.);
#949=ORIENTED_EDGE('',*,*,#1763,.F.);
#950=ORIENTED_EDGE('',*,*,#1771,.T.);
#951=ORIENTED_EDGE('',*,*,#1768,.T.);
#952=ORIENTED_EDGE('',*,*,#1772,.T.);
#953=ORIENTED_EDGE('',*,*,#1773,.T.);
#954=ORIENTED_EDGE('',*,*,#1774,.T.);
#955=ORIENTED_EDGE('',*,*,#1775,.F.);
#956=ORIENTED_EDGE('',*,*,#1776,.T.);
#957=ORIENTED_EDGE('',*,*,#1777,.T.);
#958=ORIENTED_EDGE('',*,*,#1778,.T.);
#959=ORIENTED_EDGE('',*,*,#1773,.F.);
#960=ORIENTED_EDGE('',*,*,#1779,.T.);
#961=ORIENTED_EDGE('',*,*,#1780,.T.);
#962=ORIENTED_EDGE('',*,*,#1781,.T.);
#963=ORIENTED_EDGE('',*,*,#1777,.F.);
#964=ORIENTED_EDGE('',*,*,#1782,.T.);
#965=ORIENTED_EDGE('',*,*,#1775,.T.);
#966=ORIENTED_EDGE('',*,*,#1783,.T.);
#967=ORIENTED_EDGE('',*,*,#1780,.F.);
#968=ORIENTED_EDGE('',*,*,#1784,.T.);
#969=ORIENTED_EDGE('',*,*,#1785,.T.);
#970=ORIENTED_EDGE('',*,*,#1786,.T.);
#971=ORIENTED_EDGE('',*,*,#1787,.F.);
#972=ORIENTED_EDGE('',*,*,#1788,.T.);
#973=ORIENTED_EDGE('',*,*,#1787,.T.);
#974=ORIENTED_EDGE('',*,*,#1789,.T.);
#975=ORIENTED_EDGE('',*,*,#1790,.F.);
#976=ORIENTED_EDGE('',*,*,#1791,.T.);
#977=ORIENTED_EDGE('',*,*,#1790,.T.);
#978=ORIENTED_EDGE('',*,*,#1792,.T.);
#979=ORIENTED_EDGE('',*,*,#1793,.F.);
#980=ORIENTED_EDGE('',*,*,#1794,.T.);
#981=ORIENTED_EDGE('',*,*,#1793,.T.);
#982=ORIENTED_EDGE('',*,*,#1795,.T.);
#983=ORIENTED_EDGE('',*,*,#1785,.F.);
#984=ORIENTED_EDGE('',*,*,#1796,.T.);
#985=ORIENTED_EDGE('',*,*,#1797,.F.);
#986=ORIENTED_EDGE('',*,*,#1798,.T.);
#987=ORIENTED_EDGE('',*,*,#1799,.T.);
#988=ORIENTED_EDGE('',*,*,#1800,.T.);
#989=ORIENTED_EDGE('',*,*,#1799,.F.);
#990=ORIENTED_EDGE('',*,*,#1801,.T.);
#991=ORIENTED_EDGE('',*,*,#1802,.T.);
#992=ORIENTED_EDGE('',*,*,#1803,.T.);
#993=ORIENTED_EDGE('',*,*,#1802,.F.);
#994=ORIENTED_EDGE('',*,*,#1804,.T.);
#995=ORIENTED_EDGE('',*,*,#1805,.T.);
#996=ORIENTED_EDGE('',*,*,#1806,.T.);
#997=ORIENTED_EDGE('',*,*,#1805,.F.);
#998=ORIENTED_EDGE('',*,*,#1807,.T.);
#999=ORIENTED_EDGE('',*,*,#1797,.T.);
#1000=ORIENTED_EDGE('',*,*,#1808,.T.);
#1001=ORIENTED_EDGE('',*,*,#1809,.T.);
#1002=ORIENTED_EDGE('',*,*,#1810,.T.);
#1003=ORIENTED_EDGE('',*,*,#1811,.F.);
#1004=ORIENTED_EDGE('',*,*,#1812,.T.);
#1005=ORIENTED_EDGE('',*,*,#1813,.T.);
#1006=ORIENTED_EDGE('',*,*,#1814,.T.);
#1007=ORIENTED_EDGE('',*,*,#1809,.F.);
#1008=ORIENTED_EDGE('',*,*,#1815,.T.);
#1009=ORIENTED_EDGE('',*,*,#1816,.T.);
#1010=ORIENTED_EDGE('',*,*,#1817,.T.);
#1011=ORIENTED_EDGE('',*,*,#1813,.F.);
#1012=ORIENTED_EDGE('',*,*,#1818,.T.);
#1013=ORIENTED_EDGE('',*,*,#1811,.T.);
#1014=ORIENTED_EDGE('',*,*,#1819,.T.);
#1015=ORIENTED_EDGE('',*,*,#1816,.F.);
#1016=ORIENTED_EDGE('',*,*,#1820,.T.);
#1017=ORIENTED_EDGE('',*,*,#1821,.F.);
#1018=ORIENTED_EDGE('',*,*,#1822,.T.);
#1019=ORIENTED_EDGE('',*,*,#1823,.T.);
#1020=ORIENTED_EDGE('',*,*,#1824,.T.);
#1021=ORIENTED_EDGE('',*,*,#1825,.F.);
#1022=ORIENTED_EDGE('',*,*,#1826,.T.);
#1023=ORIENTED_EDGE('',*,*,#1821,.T.);
#1024=ORIENTED_EDGE('',*,*,#1827,.T.);
#1025=ORIENTED_EDGE('',*,*,#1828,.F.);
#1026=ORIENTED_EDGE('',*,*,#1829,.T.);
#1027=ORIENTED_EDGE('',*,*,#1825,.T.);
#1028=ORIENTED_EDGE('',*,*,#1830,.T.);
#1029=ORIENTED_EDGE('',*,*,#1823,.F.);
#1030=ORIENTED_EDGE('',*,*,#1831,.T.);
#1031=ORIENTED_EDGE('',*,*,#1828,.T.);
#1032=ORIENTED_EDGE('',*,*,#1832,.T.);
#1033=ORIENTED_EDGE('',*,*,#1833,.T.);
#1034=ORIENTED_EDGE('',*,*,#1834,.T.);
#1035=ORIENTED_EDGE('',*,*,#1835,.F.);
#1036=ORIENTED_EDGE('',*,*,#1836,.T.);
#1037=ORIENTED_EDGE('',*,*,#1837,.T.);
#1038=ORIENTED_EDGE('',*,*,#1838,.T.);
#1039=ORIENTED_EDGE('',*,*,#1833,.F.);
#1040=ORIENTED_EDGE('',*,*,#1839,.T.);
#1041=ORIENTED_EDGE('',*,*,#1840,.T.);
#1042=ORIENTED_EDGE('',*,*,#1841,.T.);
#1043=ORIENTED_EDGE('',*,*,#1837,.F.);
#1044=ORIENTED_EDGE('',*,*,#1842,.T.);
#1045=ORIENTED_EDGE('',*,*,#1835,.T.);
#1046=ORIENTED_EDGE('',*,*,#1843,.T.);
#1047=ORIENTED_EDGE('',*,*,#1840,.F.);
#1048=ORIENTED_EDGE('',*,*,#1844,.T.);
#1049=ORIENTED_EDGE('',*,*,#1845,.F.);
#1050=ORIENTED_EDGE('',*,*,#1846,.T.);
#1051=ORIENTED_EDGE('',*,*,#1847,.T.);
#1052=ORIENTED_EDGE('',*,*,#1848,.T.);
#1053=ORIENTED_EDGE('',*,*,#1849,.F.);
#1054=ORIENTED_EDGE('',*,*,#1850,.T.);
#1055=ORIENTED_EDGE('',*,*,#1845,.T.);
#1056=ORIENTED_EDGE('',*,*,#1851,.T.);
#1057=ORIENTED_EDGE('',*,*,#1852,.F.);
#1058=ORIENTED_EDGE('',*,*,#1853,.T.);
#1059=ORIENTED_EDGE('',*,*,#1849,.T.);
#1060=ORIENTED_EDGE('',*,*,#1854,.T.);
#1061=ORIENTED_EDGE('',*,*,#1847,.F.);
#1062=ORIENTED_EDGE('',*,*,#1855,.T.);
#1063=ORIENTED_EDGE('',*,*,#1852,.T.);
#1064=ORIENTED_EDGE('',*,*,#1856,.T.);
#1065=ORIENTED_EDGE('',*,*,#1857,.F.);
#1066=ORIENTED_EDGE('',*,*,#1858,.T.);
#1067=ORIENTED_EDGE('',*,*,#1859,.T.);
#1068=ORIENTED_EDGE('',*,*,#1860,.T.);
#1069=ORIENTED_EDGE('',*,*,#1859,.F.);
#1070=ORIENTED_EDGE('',*,*,#1861,.T.);
#1071=ORIENTED_EDGE('',*,*,#1862,.T.);
#1072=ORIENTED_EDGE('',*,*,#1863,.T.);
#1073=ORIENTED_EDGE('',*,*,#1862,.F.);
#1074=ORIENTED_EDGE('',*,*,#1864,.T.);
#1075=ORIENTED_EDGE('',*,*,#1865,.T.);
#1076=ORIENTED_EDGE('',*,*,#1866,.T.);
#1077=ORIENTED_EDGE('',*,*,#1865,.F.);
#1078=ORIENTED_EDGE('',*,*,#1867,.T.);
#1079=ORIENTED_EDGE('',*,*,#1857,.T.);
#1080=ORIENTED_EDGE('',*,*,#1868,.T.);
#1081=ORIENTED_EDGE('',*,*,#1869,.T.);
#1082=ORIENTED_EDGE('',*,*,#1870,.T.);
#1083=ORIENTED_EDGE('',*,*,#1871,.F.);
#1084=ORIENTED_EDGE('',*,*,#1872,.T.);
#1085=ORIENTED_EDGE('',*,*,#1871,.T.);
#1086=ORIENTED_EDGE('',*,*,#1873,.T.);
#1087=ORIENTED_EDGE('',*,*,#1874,.F.);
#1088=ORIENTED_EDGE('',*,*,#1875,.T.);
#1089=ORIENTED_EDGE('',*,*,#1874,.T.);
#1090=ORIENTED_EDGE('',*,*,#1876,.T.);
#1091=ORIENTED_EDGE('',*,*,#1877,.F.);
#1092=ORIENTED_EDGE('',*,*,#1878,.T.);
#1093=ORIENTED_EDGE('',*,*,#1877,.T.);
#1094=ORIENTED_EDGE('',*,*,#1879,.T.);
#1095=ORIENTED_EDGE('',*,*,#1869,.F.);
#1096=ORIENTED_EDGE('',*,*,#1880,.T.);
#1097=ORIENTED_EDGE('',*,*,#1881,.F.);
#1098=ORIENTED_EDGE('',*,*,#1798,.F.);
#1099=ORIENTED_EDGE('',*,*,#1882,.F.);
#1100=ORIENTED_EDGE('',*,*,#1692,.F.);
#1101=ORIENTED_EDGE('',*,*,#1882,.T.);
#1102=ORIENTED_EDGE('',*,*,#1807,.F.);
#1103=ORIENTED_EDGE('',*,*,#1883,.F.);
#1104=ORIENTED_EDGE('',*,*,#1672,.F.);
#1105=ORIENTED_EDGE('',*,*,#1691,.F.);
#1106=ORIENTED_EDGE('',*,*,#1674,.F.);
#1107=ORIENTED_EDGE('',*,*,#1884,.F.);
#1108=ORIENTED_EDGE('',*,*,#1801,.F.);
#1109=ORIENTED_EDGE('',*,*,#1881,.T.);
#1110=ORIENTED_EDGE('',*,*,#1883,.T.);
#1111=ORIENTED_EDGE('',*,*,#1804,.F.);
#1112=ORIENTED_EDGE('',*,*,#1884,.T.);
#1113=ORIENTED_EDGE('',*,*,#1673,.F.);
#1114=ORIENTED_EDGE('',*,*,#1679,.F.);
#1115=ORIENTED_EDGE('',*,*,#1683,.F.);
#1116=ORIENTED_EDGE('',*,*,#1885,.F.);
#1117=ORIENTED_EDGE('',*,*,#1769,.F.);
#1118=ORIENTED_EDGE('',*,*,#1886,.F.);
#1119=ORIENTED_EDGE('',*,*,#1885,.T.);
#1120=ORIENTED_EDGE('',*,*,#1682,.F.);
#1121=ORIENTED_EDGE('',*,*,#1887,.F.);
#1122=ORIENTED_EDGE('',*,*,#1766,.F.);
#1123=ORIENTED_EDGE('',*,*,#1886,.T.);
#1124=ORIENTED_EDGE('',*,*,#1771,.F.);
#1125=ORIENTED_EDGE('',*,*,#1888,.F.);
#1126=ORIENTED_EDGE('',*,*,#1680,.F.);
#1127=ORIENTED_EDGE('',*,*,#1887,.T.);
#1128=ORIENTED_EDGE('',*,*,#1681,.F.);
#1129=ORIENTED_EDGE('',*,*,#1888,.T.);
#1130=ORIENTED_EDGE('',*,*,#1762,.F.);
#1131=ORIENTED_EDGE('',*,*,#1889,.F.);
#1132=ORIENTED_EDGE('',*,*,#1688,.F.);
#1133=ORIENTED_EDGE('',*,*,#1890,.F.);
#1134=ORIENTED_EDGE('',*,*,#1742,.F.);
#1135=ORIENTED_EDGE('',*,*,#1890,.T.);
#1136=ORIENTED_EDGE('',*,*,#1687,.F.);
#1137=ORIENTED_EDGE('',*,*,#1891,.F.);
#1138=ORIENTED_EDGE('',*,*,#1738,.F.);
#1139=ORIENTED_EDGE('',*,*,#1889,.T.);
#1140=ORIENTED_EDGE('',*,*,#1745,.F.);
#1141=ORIENTED_EDGE('',*,*,#1892,.F.);
#1142=ORIENTED_EDGE('',*,*,#1685,.F.);
#1143=ORIENTED_EDGE('',*,*,#1689,.F.);
#1144=ORIENTED_EDGE('',*,*,#1891,.T.);
#1145=ORIENTED_EDGE('',*,*,#1686,.F.);
#1146=ORIENTED_EDGE('',*,*,#1892,.T.);
#1147=ORIENTED_EDGE('',*,*,#1747,.F.);
#1148=ORIENTED_EDGE('',*,*,#1893,.F.);
#1149=ORIENTED_EDGE('',*,*,#1876,.F.);
#1150=ORIENTED_EDGE('',*,*,#1894,.F.);
#1151=ORIENTED_EDGE('',*,*,#1699,.F.);
#1152=ORIENTED_EDGE('',*,*,#1894,.T.);
#1153=ORIENTED_EDGE('',*,*,#1873,.F.);
#1154=ORIENTED_EDGE('',*,*,#1895,.F.);
#1155=ORIENTED_EDGE('',*,*,#1696,.F.);
#1156=ORIENTED_EDGE('',*,*,#1700,.F.);
#1157=ORIENTED_EDGE('',*,*,#1893,.T.);
#1158=ORIENTED_EDGE('',*,*,#1698,.F.);
#1159=ORIENTED_EDGE('',*,*,#1896,.F.);
#1160=ORIENTED_EDGE('',*,*,#1879,.F.);
#1161=ORIENTED_EDGE('',*,*,#1895,.T.);
#1162=ORIENTED_EDGE('',*,*,#1870,.F.);
#1163=ORIENTED_EDGE('',*,*,#1896,.T.);
#1164=ORIENTED_EDGE('',*,*,#1697,.F.);
#1165=ORIENTED_EDGE('',*,*,#1897,.F.);
#1166=ORIENTED_EDGE('',*,*,#1834,.F.);
#1167=ORIENTED_EDGE('',*,*,#1898,.F.);
#1168=ORIENTED_EDGE('',*,*,#1707,.F.);
#1169=ORIENTED_EDGE('',*,*,#1898,.T.);
#1170=ORIENTED_EDGE('',*,*,#1838,.F.);
#1171=ORIENTED_EDGE('',*,*,#1899,.F.);
#1172=ORIENTED_EDGE('',*,*,#1708,.F.);
#1173=ORIENTED_EDGE('',*,*,#1897,.T.);
#1174=ORIENTED_EDGE('',*,*,#1706,.F.);
#1175=ORIENTED_EDGE('',*,*,#1900,.F.);
#1176=ORIENTED_EDGE('',*,*,#1843,.F.);
#1177=ORIENTED_EDGE('',*,*,#1899,.T.);
#1178=ORIENTED_EDGE('',*,*,#1841,.F.);
#1179=ORIENTED_EDGE('',*,*,#1900,.T.);
#1180=ORIENTED_EDGE('',*,*,#1705,.F.);
#1181=ORIENTED_EDGE('',*,*,#1709,.F.);
#1182=ORIENTED_EDGE('',*,*,#1901,.F.);
#1183=ORIENTED_EDGE('',*,*,#1712,.F.);
#1184=ORIENTED_EDGE('',*,*,#1902,.F.);
#1185=ORIENTED_EDGE('',*,*,#1819,.F.);
#1186=ORIENTED_EDGE('',*,*,#1711,.F.);
#1187=ORIENTED_EDGE('',*,*,#1715,.F.);
#1188=ORIENTED_EDGE('',*,*,#1903,.F.);
#1189=ORIENTED_EDGE('',*,*,#1817,.F.);
#1190=ORIENTED_EDGE('',*,*,#1902,.T.);
#1191=ORIENTED_EDGE('',*,*,#1901,.T.);
#1192=ORIENTED_EDGE('',*,*,#1810,.F.);
#1193=ORIENTED_EDGE('',*,*,#1904,.F.);
#1194=ORIENTED_EDGE('',*,*,#1713,.F.);
#1195=ORIENTED_EDGE('',*,*,#1903,.T.);
#1196=ORIENTED_EDGE('',*,*,#1714,.F.);
#1197=ORIENTED_EDGE('',*,*,#1904,.T.);
#1198=ORIENTED_EDGE('',*,*,#1814,.F.);
#1199=ORIENTED_EDGE('',*,*,#1905,.F.);
#1200=ORIENTED_EDGE('',*,*,#1644,.F.);
#1201=ORIENTED_EDGE('',*,*,#1906,.F.);
#1202=ORIENTED_EDGE('',*,*,#1789,.F.);
#1203=ORIENTED_EDGE('',*,*,#1643,.F.);
#1204=ORIENTED_EDGE('',*,*,#1625,.F.);
#1205=ORIENTED_EDGE('',*,*,#1907,.F.);
#1206=ORIENTED_EDGE('',*,*,#1792,.F.);
#1207=ORIENTED_EDGE('',*,*,#1906,.T.);
#1208=ORIENTED_EDGE('',*,*,#1905,.T.);
#1209=ORIENTED_EDGE('',*,*,#1786,.F.);
#1210=ORIENTED_EDGE('',*,*,#1908,.F.);
#1211=ORIENTED_EDGE('',*,*,#1623,.F.);
#1212=ORIENTED_EDGE('',*,*,#1907,.T.);
#1213=ORIENTED_EDGE('',*,*,#1624,.F.);
#1214=ORIENTED_EDGE('',*,*,#1908,.T.);
#1215=ORIENTED_EDGE('',*,*,#1795,.F.);
#1216=ORIENTED_EDGE('',*,*,#1909,.F.);
#1217=ORIENTED_EDGE('',*,*,#1635,.F.);
#1218=ORIENTED_EDGE('',*,*,#1910,.F.);
#1219=ORIENTED_EDGE('',*,*,#1783,.F.);
#1220=ORIENTED_EDGE('',*,*,#1910,.T.);
#1221=ORIENTED_EDGE('',*,*,#1634,.F.);
#1222=ORIENTED_EDGE('',*,*,#1911,.F.);
#1223=ORIENTED_EDGE('',*,*,#1781,.F.);
#1224=ORIENTED_EDGE('',*,*,#1909,.T.);
#1225=ORIENTED_EDGE('',*,*,#1774,.F.);
#1226=ORIENTED_EDGE('',*,*,#1912,.F.);
#1227=ORIENTED_EDGE('',*,*,#1636,.F.);
#1228=ORIENTED_EDGE('',*,*,#1633,.F.);
#1229=ORIENTED_EDGE('',*,*,#1637,.F.);
#1230=ORIENTED_EDGE('',*,*,#1912,.T.);
#1231=ORIENTED_EDGE('',*,*,#1778,.F.);
#1232=ORIENTED_EDGE('',*,*,#1911,.T.);
#1233=ORIENTED_EDGE('',*,*,#1913,.F.);
#1234=ORIENTED_EDGE('',*,*,#1750,.F.);
#1235=ORIENTED_EDGE('',*,*,#1914,.F.);
#1236=ORIENTED_EDGE('',*,*,#1630,.F.);
#1237=ORIENTED_EDGE('',*,*,#1914,.T.);
#1238=ORIENTED_EDGE('',*,*,#1754,.F.);
#1239=ORIENTED_EDGE('',*,*,#1915,.F.);
#1240=ORIENTED_EDGE('',*,*,#1627,.F.);
#1241=ORIENTED_EDGE('',*,*,#1631,.F.);
#1242=ORIENTED_EDGE('',*,*,#1913,.T.);
#1243=ORIENTED_EDGE('',*,*,#1629,.F.);
#1244=ORIENTED_EDGE('',*,*,#1916,.F.);
#1245=ORIENTED_EDGE('',*,*,#1759,.F.);
#1246=ORIENTED_EDGE('',*,*,#1915,.T.);
#1247=ORIENTED_EDGE('',*,*,#1757,.F.);
#1248=ORIENTED_EDGE('',*,*,#1916,.T.);
#1249=ORIENTED_EDGE('',*,*,#1628,.F.);
#1250=ORIENTED_EDGE('',*,*,#1917,.F.);
#1251=ORIENTED_EDGE('',*,*,#1651,.F.);
#1252=ORIENTED_EDGE('',*,*,#1918,.F.);
#1253=ORIENTED_EDGE('',*,*,#1867,.F.);
#1254=ORIENTED_EDGE('',*,*,#1918,.T.);
#1255=ORIENTED_EDGE('',*,*,#1650,.F.);
#1256=ORIENTED_EDGE('',*,*,#1919,.F.);
#1257=ORIENTED_EDGE('',*,*,#1858,.F.);
#1258=ORIENTED_EDGE('',*,*,#1917,.T.);
#1259=ORIENTED_EDGE('',*,*,#1864,.F.);
#1260=ORIENTED_EDGE('',*,*,#1920,.F.);
#1261=ORIENTED_EDGE('',*,*,#1648,.F.);
#1262=ORIENTED_EDGE('',*,*,#1652,.F.);
#1263=ORIENTED_EDGE('',*,*,#1919,.T.);
#1264=ORIENTED_EDGE('',*,*,#1649,.F.);
#1265=ORIENTED_EDGE('',*,*,#1920,.T.);
#1266=ORIENTED_EDGE('',*,*,#1861,.F.);
#1267=ORIENTED_EDGE('',*,*,#1921,.F.);
#1268=ORIENTED_EDGE('',*,*,#1850,.F.);
#1269=ORIENTED_EDGE('',*,*,#1922,.F.);
#1270=ORIENTED_EDGE('',*,*,#1660,.F.);
#1271=ORIENTED_EDGE('',*,*,#1664,.F.);
#1272=ORIENTED_EDGE('',*,*,#1922,.T.);
#1273=ORIENTED_EDGE('',*,*,#1853,.F.);
#1274=ORIENTED_EDGE('',*,*,#1923,.F.);
#1275=ORIENTED_EDGE('',*,*,#1661,.F.);
#1276=ORIENTED_EDGE('',*,*,#1921,.T.);
#1277=ORIENTED_EDGE('',*,*,#1663,.F.);
#1278=ORIENTED_EDGE('',*,*,#1924,.F.);
#1279=ORIENTED_EDGE('',*,*,#1846,.F.);
#1280=ORIENTED_EDGE('',*,*,#1923,.T.);
#1281=ORIENTED_EDGE('',*,*,#1855,.F.);
#1282=ORIENTED_EDGE('',*,*,#1924,.T.);
#1283=ORIENTED_EDGE('',*,*,#1662,.F.);
#1284=ORIENTED_EDGE('',*,*,#1925,.F.);
#1285=ORIENTED_EDGE('',*,*,#1829,.F.);
#1286=ORIENTED_EDGE('',*,*,#1926,.F.);
#1287=ORIENTED_EDGE('',*,*,#1655,.F.);
#1288=ORIENTED_EDGE('',*,*,#1926,.T.);
#1289=ORIENTED_EDGE('',*,*,#1831,.F.);
#1290=ORIENTED_EDGE('',*,*,#1927,.F.);
#1291=ORIENTED_EDGE('',*,*,#1656,.F.);
#1292=ORIENTED_EDGE('',*,*,#1654,.F.);
#1293=ORIENTED_EDGE('',*,*,#1658,.F.);
#1294=ORIENTED_EDGE('',*,*,#1928,.F.);
#1295=ORIENTED_EDGE('',*,*,#1826,.F.);
#1296=ORIENTED_EDGE('',*,*,#1925,.T.);
#1297=ORIENTED_EDGE('',*,*,#1927,.T.);
#1298=ORIENTED_EDGE('',*,*,#1822,.F.);
#1299=ORIENTED_EDGE('',*,*,#1928,.T.);
#1300=ORIENTED_EDGE('',*,*,#1657,.F.);
#1301=ORIENTED_EDGE('',*,*,#1929,.F.);
#1302=ORIENTED_EDGE('',*,*,#1717,.F.);
#1303=ORIENTED_EDGE('',*,*,#1930,.F.);
#1304=ORIENTED_EDGE('',*,*,#1734,.F.);
#1305=ORIENTED_EDGE('',*,*,#1626,.F.);
#1306=ORIENTED_EDGE('',*,*,#1642,.F.);
#1307=ORIENTED_EDGE('',*,*,#1931,.F.);
#1308=ORIENTED_EDGE('',*,*,#1735,.F.);
#1309=ORIENTED_EDGE('',*,*,#1930,.T.);
#1310=ORIENTED_EDGE('',*,*,#1638,.F.);
#1311=ORIENTED_EDGE('',*,*,#1632,.F.);
#1312=ORIENTED_EDGE('',*,*,#1929,.T.);
#1313=ORIENTED_EDGE('',*,*,#1733,.F.);
#1314=ORIENTED_EDGE('',*,*,#1932,.F.);
#1315=ORIENTED_EDGE('',*,*,#1701,.F.);
#1316=ORIENTED_EDGE('',*,*,#1716,.F.);
#1317=ORIENTED_EDGE('',*,*,#1710,.F.);
#1318=ORIENTED_EDGE('',*,*,#1704,.F.);
#1319=ORIENTED_EDGE('',*,*,#1931,.T.);
#1320=ORIENTED_EDGE('',*,*,#1646,.F.);
#1321=ORIENTED_EDGE('',*,*,#1933,.F.);
#1322=ORIENTED_EDGE('',*,*,#1736,.F.);
#1323=ORIENTED_EDGE('',*,*,#1932,.T.);
#1324=ORIENTED_EDGE('',*,*,#1732,.F.);
#1325=ORIENTED_EDGE('',*,*,#1934,.F.);
#1326=ORIENTED_EDGE('',*,*,#1694,.F.);
#1327=ORIENTED_EDGE('',*,*,#1653,.F.);
#1328=ORIENTED_EDGE('',*,*,#1668,.F.);
#1329=ORIENTED_EDGE('',*,*,#1935,.F.);
#1330=ORIENTED_EDGE('',*,*,#1729,.F.);
#1331=ORIENTED_EDGE('',*,*,#1933,.T.);
#1332=ORIENTED_EDGE('',*,*,#1665,.F.);
#1333=ORIENTED_EDGE('',*,*,#1659,.F.);
#1334=ORIENTED_EDGE('',*,*,#1934,.T.);
#1335=ORIENTED_EDGE('',*,*,#1731,.F.);
#1336=ORIENTED_EDGE('',*,*,#1936,.F.);
#1337=ORIENTED_EDGE('',*,*,#1675,.F.);
#1338=ORIENTED_EDGE('',*,*,#1690,.F.);
#1339=ORIENTED_EDGE('',*,*,#1684,.F.);
#1340=ORIENTED_EDGE('',*,*,#1678,.F.);
#1341=ORIENTED_EDGE('',*,*,#1935,.T.);
#1342=ORIENTED_EDGE('',*,*,#1670,.F.);
#1343=ORIENTED_EDGE('',*,*,#1936,.T.);
#1344=ORIENTED_EDGE('',*,*,#1730,.F.);
#1345=ORIENTED_EDGE('',*,*,#1937,.F.);
#1346=ORIENTED_EDGE('',*,*,#1576,.F.);
#1347=ORIENTED_EDGE('',*,*,#1938,.F.);
#1348=ORIENTED_EDGE('',*,*,#1872,.F.);
#1349=ORIENTED_EDGE('',*,*,#1938,.T.);
#1350=ORIENTED_EDGE('',*,*,#1575,.F.);
#1351=ORIENTED_EDGE('',*,*,#1939,.F.);
#1352=ORIENTED_EDGE('',*,*,#1880,.F.);
#1353=ORIENTED_EDGE('',*,*,#1937,.T.);
#1354=ORIENTED_EDGE('',*,*,#1875,.F.);
#1355=ORIENTED_EDGE('',*,*,#1940,.F.);
#1356=ORIENTED_EDGE('',*,*,#1573,.F.);
#1357=ORIENTED_EDGE('',*,*,#1939,.T.);
#1358=ORIENTED_EDGE('',*,*,#1574,.F.);
#1359=ORIENTED_EDGE('',*,*,#1940,.T.);
#1360=ORIENTED_EDGE('',*,*,#1878,.F.);
#1361=ORIENTED_EDGE('',*,*,#1941,.F.);
#1362=ORIENTED_EDGE('',*,*,#1863,.F.);
#1363=ORIENTED_EDGE('',*,*,#1942,.F.);
#1364=ORIENTED_EDGE('',*,*,#1580,.F.);
#1365=ORIENTED_EDGE('',*,*,#1942,.T.);
#1366=ORIENTED_EDGE('',*,*,#1866,.F.);
#1367=ORIENTED_EDGE('',*,*,#1943,.F.);
#1368=ORIENTED_EDGE('',*,*,#1577,.F.);
#1369=ORIENTED_EDGE('',*,*,#1941,.T.);
#1370=ORIENTED_EDGE('',*,*,#1579,.F.);
#1371=ORIENTED_EDGE('',*,*,#1944,.F.);
#1372=ORIENTED_EDGE('',*,*,#1860,.F.);
#1373=ORIENTED_EDGE('',*,*,#1943,.T.);
#1374=ORIENTED_EDGE('',*,*,#1868,.F.);
#1375=ORIENTED_EDGE('',*,*,#1944,.T.);
#1376=ORIENTED_EDGE('',*,*,#1578,.F.);
#1377=ORIENTED_EDGE('',*,*,#1945,.F.);
#1378=ORIENTED_EDGE('',*,*,#1842,.F.);
#1379=ORIENTED_EDGE('',*,*,#1946,.F.);
#1380=ORIENTED_EDGE('',*,*,#1584,.F.);
#1381=ORIENTED_EDGE('',*,*,#1946,.T.);
#1382=ORIENTED_EDGE('',*,*,#1839,.F.);
#1383=ORIENTED_EDGE('',*,*,#1947,.F.);
#1384=ORIENTED_EDGE('',*,*,#1581,.F.);
#1385=ORIENTED_EDGE('',*,*,#1945,.T.);
#1386=ORIENTED_EDGE('',*,*,#1583,.F.);
#1387=ORIENTED_EDGE('',*,*,#1948,.F.);
#1388=ORIENTED_EDGE('',*,*,#1844,.F.);
#1389=ORIENTED_EDGE('',*,*,#1947,.T.);
#1390=ORIENTED_EDGE('',*,*,#1836,.F.);
#1391=ORIENTED_EDGE('',*,*,#1948,.T.);
#1392=ORIENTED_EDGE('',*,*,#1582,.F.);
#1393=ORIENTED_EDGE('',*,*,#1949,.F.);
#1394=ORIENTED_EDGE('',*,*,#1856,.F.);
#1395=ORIENTED_EDGE('',*,*,#1950,.F.);
#1396=ORIENTED_EDGE('',*,*,#1588,.F.);
#1397=ORIENTED_EDGE('',*,*,#1950,.T.);
#1398=ORIENTED_EDGE('',*,*,#1854,.F.);
#1399=ORIENTED_EDGE('',*,*,#1951,.F.);
#1400=ORIENTED_EDGE('',*,*,#1585,.F.);
#1401=ORIENTED_EDGE('',*,*,#1949,.T.);
#1402=ORIENTED_EDGE('',*,*,#1587,.F.);
#1403=ORIENTED_EDGE('',*,*,#1952,.F.);
#1404=ORIENTED_EDGE('',*,*,#1848,.F.);
#1405=ORIENTED_EDGE('',*,*,#1951,.T.);
#1406=ORIENTED_EDGE('',*,*,#1851,.F.);
#1407=ORIENTED_EDGE('',*,*,#1952,.T.);
#1408=ORIENTED_EDGE('',*,*,#1586,.F.);
#1409=ORIENTED_EDGE('',*,*,#1953,.F.);
#1410=ORIENTED_EDGE('',*,*,#1815,.F.);
#1411=ORIENTED_EDGE('',*,*,#1954,.F.);
#1412=ORIENTED_EDGE('',*,*,#1592,.F.);
#1413=ORIENTED_EDGE('',*,*,#1954,.T.);
#1414=ORIENTED_EDGE('',*,*,#1812,.F.);
#1415=ORIENTED_EDGE('',*,*,#1955,.F.);
#1416=ORIENTED_EDGE('',*,*,#1589,.F.);
#1417=ORIENTED_EDGE('',*,*,#1953,.T.);
#1418=ORIENTED_EDGE('',*,*,#1591,.F.);
#1419=ORIENTED_EDGE('',*,*,#1956,.F.);
#1420=ORIENTED_EDGE('',*,*,#1818,.F.);
#1421=ORIENTED_EDGE('',*,*,#1955,.T.);
#1422=ORIENTED_EDGE('',*,*,#1820,.F.);
#1423=ORIENTED_EDGE('',*,*,#1956,.T.);
#1424=ORIENTED_EDGE('',*,*,#1590,.F.);
#1425=ORIENTED_EDGE('',*,*,#1957,.F.);
#1426=ORIENTED_EDGE('',*,*,#1596,.F.);
#1427=ORIENTED_EDGE('',*,*,#1958,.F.);
#1428=ORIENTED_EDGE('',*,*,#1824,.F.);
#1429=ORIENTED_EDGE('',*,*,#1958,.T.);
#1430=ORIENTED_EDGE('',*,*,#1595,.F.);
#1431=ORIENTED_EDGE('',*,*,#1959,.F.);
#1432=ORIENTED_EDGE('',*,*,#1827,.F.);
#1433=ORIENTED_EDGE('',*,*,#1957,.T.);
#1434=ORIENTED_EDGE('',*,*,#1832,.F.);
#1435=ORIENTED_EDGE('',*,*,#1960,.F.);
#1436=ORIENTED_EDGE('',*,*,#1593,.F.);
#1437=ORIENTED_EDGE('',*,*,#1959,.T.);
#1438=ORIENTED_EDGE('',*,*,#1594,.F.);
#1439=ORIENTED_EDGE('',*,*,#1960,.T.);
#1440=ORIENTED_EDGE('',*,*,#1830,.F.);
#1441=ORIENTED_EDGE('',*,*,#1961,.F.);
#1442=ORIENTED_EDGE('',*,*,#1600,.F.);
#1443=ORIENTED_EDGE('',*,*,#1962,.F.);
#1444=ORIENTED_EDGE('',*,*,#1806,.F.);
#1445=ORIENTED_EDGE('',*,*,#1962,.T.);
#1446=ORIENTED_EDGE('',*,*,#1599,.F.);
#1447=ORIENTED_EDGE('',*,*,#1963,.F.);
#1448=ORIENTED_EDGE('',*,*,#1803,.F.);
#1449=ORIENTED_EDGE('',*,*,#1961,.T.);
#1450=ORIENTED_EDGE('',*,*,#1808,.F.);
#1451=ORIENTED_EDGE('',*,*,#1964,.F.);
#1452=ORIENTED_EDGE('',*,*,#1597,.F.);
#1453=ORIENTED_EDGE('',*,*,#1963,.T.);
#1454=ORIENTED_EDGE('',*,*,#1598,.F.);
#1455=ORIENTED_EDGE('',*,*,#1964,.T.);
#1456=ORIENTED_EDGE('',*,*,#1800,.F.);
#1457=ORIENTED_EDGE('',*,*,#1965,.F.);
#1458=ORIENTED_EDGE('',*,*,#1796,.F.);
#1459=ORIENTED_EDGE('',*,*,#1966,.F.);
#1460=ORIENTED_EDGE('',*,*,#1604,.F.);
#1461=ORIENTED_EDGE('',*,*,#1966,.T.);
#1462=ORIENTED_EDGE('',*,*,#1788,.F.);
#1463=ORIENTED_EDGE('',*,*,#1967,.F.);
#1464=ORIENTED_EDGE('',*,*,#1601,.F.);
#1465=ORIENTED_EDGE('',*,*,#1965,.T.);
#1466=ORIENTED_EDGE('',*,*,#1603,.F.);
#1467=ORIENTED_EDGE('',*,*,#1968,.F.);
#1468=ORIENTED_EDGE('',*,*,#1794,.F.);
#1469=ORIENTED_EDGE('',*,*,#1967,.T.);
#1470=ORIENTED_EDGE('',*,*,#1791,.F.);
#1471=ORIENTED_EDGE('',*,*,#1968,.T.);
#1472=ORIENTED_EDGE('',*,*,#1602,.F.);
#1473=ORIENTED_EDGE('',*,*,#1969,.F.);
#1474=ORIENTED_EDGE('',*,*,#1608,.F.);
#1475=ORIENTED_EDGE('',*,*,#1970,.F.);
#1476=ORIENTED_EDGE('',*,*,#1764,.F.);
#1477=ORIENTED_EDGE('',*,*,#1970,.T.);
#1478=ORIENTED_EDGE('',*,*,#1607,.F.);
#1479=ORIENTED_EDGE('',*,*,#1971,.F.);
#1480=ORIENTED_EDGE('',*,*,#1767,.F.);
#1481=ORIENTED_EDGE('',*,*,#1969,.T.);
#1482=ORIENTED_EDGE('',*,*,#1772,.F.);
#1483=ORIENTED_EDGE('',*,*,#1972,.F.);
#1484=ORIENTED_EDGE('',*,*,#1605,.F.);
#1485=ORIENTED_EDGE('',*,*,#1971,.T.);
#1486=ORIENTED_EDGE('',*,*,#1606,.F.);
#1487=ORIENTED_EDGE('',*,*,#1972,.T.);
#1488=ORIENTED_EDGE('',*,*,#1770,.F.);
#1489=ORIENTED_EDGE('',*,*,#1973,.F.);
#1490=ORIENTED_EDGE('',*,*,#1612,.F.);
#1491=ORIENTED_EDGE('',*,*,#1974,.F.);
#1492=ORIENTED_EDGE('',*,*,#1779,.F.);
#1493=ORIENTED_EDGE('',*,*,#1974,.T.);
#1494=ORIENTED_EDGE('',*,*,#1611,.F.);
#1495=ORIENTED_EDGE('',*,*,#1975,.F.);
#1496=ORIENTED_EDGE('',*,*,#1782,.F.);
#1497=ORIENTED_EDGE('',*,*,#1973,.T.);
#1498=ORIENTED_EDGE('',*,*,#1776,.F.);
#1499=ORIENTED_EDGE('',*,*,#1976,.F.);
#1500=ORIENTED_EDGE('',*,*,#1609,.F.);
#1501=ORIENTED_EDGE('',*,*,#1975,.T.);
#1502=ORIENTED_EDGE('',*,*,#1610,.F.);
#1503=ORIENTED_EDGE('',*,*,#1976,.T.);
#1504=ORIENTED_EDGE('',*,*,#1784,.F.);
#1505=ORIENTED_EDGE('',*,*,#1977,.F.);
#1506=ORIENTED_EDGE('',*,*,#1748,.F.);
#1507=ORIENTED_EDGE('',*,*,#1978,.F.);
#1508=ORIENTED_EDGE('',*,*,#1616,.F.);
#1509=ORIENTED_EDGE('',*,*,#1978,.T.);
#1510=ORIENTED_EDGE('',*,*,#1746,.F.);
#1511=ORIENTED_EDGE('',*,*,#1979,.F.);
#1512=ORIENTED_EDGE('',*,*,#1613,.F.);
#1513=ORIENTED_EDGE('',*,*,#1977,.T.);
#1514=ORIENTED_EDGE('',*,*,#1615,.F.);
#1515=ORIENTED_EDGE('',*,*,#1980,.F.);
#1516=ORIENTED_EDGE('',*,*,#1740,.F.);
#1517=ORIENTED_EDGE('',*,*,#1979,.T.);
#1518=ORIENTED_EDGE('',*,*,#1743,.F.);
#1519=ORIENTED_EDGE('',*,*,#1980,.T.);
#1520=ORIENTED_EDGE('',*,*,#1614,.F.);
#1521=ORIENTED_EDGE('',*,*,#1981,.F.);
#1522=ORIENTED_EDGE('',*,*,#1620,.F.);
#1523=ORIENTED_EDGE('',*,*,#1982,.F.);
#1524=ORIENTED_EDGE('',*,*,#1758,.F.);
#1525=ORIENTED_EDGE('',*,*,#1982,.T.);
#1526=ORIENTED_EDGE('',*,*,#1619,.F.);
#1527=ORIENTED_EDGE('',*,*,#1983,.F.);
#1528=ORIENTED_EDGE('',*,*,#1760,.F.);
#1529=ORIENTED_EDGE('',*,*,#1981,.T.);
#1530=ORIENTED_EDGE('',*,*,#1755,.F.);
#1531=ORIENTED_EDGE('',*,*,#1984,.F.);
#1532=ORIENTED_EDGE('',*,*,#1617,.F.);
#1533=ORIENTED_EDGE('',*,*,#1983,.T.);
#1534=ORIENTED_EDGE('',*,*,#1618,.F.);
#1535=ORIENTED_EDGE('',*,*,#1984,.T.);
#1536=ORIENTED_EDGE('',*,*,#1752,.F.);
#1537=ORIENTED_EDGE('',*,*,#1985,.F.);
#1538=ORIENTED_EDGE('',*,*,#1676,.F.);
#1539=ORIENTED_EDGE('',*,*,#1986,.F.);
#1540=ORIENTED_EDGE('',*,*,#1725,.F.);
#1541=ORIENTED_EDGE('',*,*,#1986,.T.);
#1542=ORIENTED_EDGE('',*,*,#1671,.F.);
#1543=ORIENTED_EDGE('',*,*,#1987,.F.);
#1544=ORIENTED_EDGE('',*,*,#1726,.F.);
#1545=ORIENTED_EDGE('',*,*,#1985,.T.);
#1546=ORIENTED_EDGE('',*,*,#1724,.F.);
#1547=ORIENTED_EDGE('',*,*,#1988,.F.);
#1548=ORIENTED_EDGE('',*,*,#1695,.F.);
#1549=ORIENTED_EDGE('',*,*,#1987,.T.);
#1550=ORIENTED_EDGE('',*,*,#1666,.F.);
#1551=ORIENTED_EDGE('',*,*,#1989,.F.);
#1552=ORIENTED_EDGE('',*,*,#1727,.F.);
#1553=ORIENTED_EDGE('',*,*,#1988,.T.);
#1554=ORIENTED_EDGE('',*,*,#1723,.F.);
#1555=ORIENTED_EDGE('',*,*,#1990,.F.);
#1556=ORIENTED_EDGE('',*,*,#1702,.F.);
#1557=ORIENTED_EDGE('',*,*,#1989,.T.);
#1558=ORIENTED_EDGE('',*,*,#1647,.F.);
#1559=ORIENTED_EDGE('',*,*,#1991,.F.);
#1560=ORIENTED_EDGE('',*,*,#1720,.F.);
#1561=ORIENTED_EDGE('',*,*,#1990,.T.);
#1562=ORIENTED_EDGE('',*,*,#1722,.F.);
#1563=ORIENTED_EDGE('',*,*,#1992,.F.);
#1564=ORIENTED_EDGE('',*,*,#1718,.F.);
#1565=ORIENTED_EDGE('',*,*,#1991,.T.);
#1566=ORIENTED_EDGE('',*,*,#1640,.F.);
#1567=ORIENTED_EDGE('',*,*,#1992,.T.);
#1568=ORIENTED_EDGE('',*,*,#1721,.F.);
#1569=ORIENTED_EDGE('',*,*,#1621,.F.);
#1570=ORIENTED_EDGE('',*,*,#1728,.F.);
#1571=ORIENTED_EDGE('',*,*,#1719,.F.);
#1572=ORIENTED_EDGE('',*,*,#1622,.F.);
#1573=EDGE_CURVE('',#1993,#1994,#2233,.T.);
#1574=EDGE_CURVE('',#1994,#1995,#373,.T.);
#1575=EDGE_CURVE('',#1995,#1996,#2234,.T.);
#1576=EDGE_CURVE('',#1996,#1993,#374,.F.);
#1577=EDGE_CURVE('',#1997,#1998,#2235,.T.);
#1578=EDGE_CURVE('',#1998,#1999,#375,.T.);
#1579=EDGE_CURVE('',#1999,#2000,#2236,.T.);
#1580=EDGE_CURVE('',#2000,#1997,#376,.F.);
#1581=EDGE_CURVE('',#2001,#2002,#377,.T.);
#1582=EDGE_CURVE('',#2002,#2003,#2237,.T.);
#1583=EDGE_CURVE('',#2003,#2004,#378,.F.);
#1584=EDGE_CURVE('',#2004,#2001,#2238,.T.);
#1585=EDGE_CURVE('',#2005,#2006,#379,.F.);
#1586=EDGE_CURVE('',#2006,#2007,#2239,.T.);
#1587=EDGE_CURVE('',#2007,#2008,#380,.T.);
#1588=EDGE_CURVE('',#2008,#2005,#2240,.T.);
#1589=EDGE_CURVE('',#2009,#2010,#2241,.T.);
#1590=EDGE_CURVE('',#2010,#2011,#381,.F.);
#1591=EDGE_CURVE('',#2011,#2012,#2242,.T.);
#1592=EDGE_CURVE('',#2012,#2009,#382,.T.);
#1593=EDGE_CURVE('',#2013,#2014,#2243,.T.);
#1594=EDGE_CURVE('',#2014,#2015,#383,.F.);
#1595=EDGE_CURVE('',#2015,#2016,#2244,.T.);
#1596=EDGE_CURVE('',#2016,#2013,#384,.T.);
#1597=EDGE_CURVE('',#2017,#2018,#2245,.T.);
#1598=EDGE_CURVE('',#2018,#2019,#385,.F.);
#1599=EDGE_CURVE('',#2019,#2020,#2246,.T.);
#1600=EDGE_CURVE('',#2020,#2017,#386,.T.);
#1601=EDGE_CURVE('',#2021,#2022,#2247,.T.);
#1602=EDGE_CURVE('',#2022,#2023,#387,.F.);
#1603=EDGE_CURVE('',#2023,#2024,#2248,.T.);
#1604=EDGE_CURVE('',#2024,#2021,#388,.T.);
#1605=EDGE_CURVE('',#2025,#2026,#389,.F.);
#1606=EDGE_CURVE('',#2026,#2027,#2249,.T.);
#1607=EDGE_CURVE('',#2027,#2028,#390,.T.);
#1608=EDGE_CURVE('',#2028,#2025,#2250,.T.);
#1609=EDGE_CURVE('',#2029,#2030,#391,.T.);
#1610=EDGE_CURVE('',#2030,#2031,#2251,.T.);
#1611=EDGE_CURVE('',#2031,#2032,#392,.F.);
#1612=EDGE_CURVE('',#2032,#2029,#2252,.T.);
#1613=EDGE_CURVE('',#2033,#2034,#2253,.T.);
#1614=EDGE_CURVE('',#2034,#2035,#393,.T.);
#1615=EDGE_CURVE('',#2035,#2036,#2254,.T.);
#1616=EDGE_CURVE('',#2036,#2033,#394,.F.);
#1617=EDGE_CURVE('',#2037,#2038,#2255,.T.);
#1618=EDGE_CURVE('',#2038,#2039,#395,.T.);
#1619=EDGE_CURVE('',#2039,#2040,#2256,.T.);
#1620=EDGE_CURVE('',#2040,#2037,#396,.F.);
#1621=EDGE_CURVE('',#2041,#2041,#2257,.T.);
#1622=EDGE_CURVE('',#2042,#2042,#2258,.T.);
#1623=EDGE_CURVE('',#2043,#2044,#154,.F.);
#1624=EDGE_CURVE('',#2044,#2045,#397,.F.);
#1625=EDGE_CURVE('',#2045,#2046,#155,.F.);
#1626=EDGE_CURVE('',#2046,#2047,#398,.T.);
#1627=EDGE_CURVE('',#2047,#2048,#156,.F.);
#1628=EDGE_CURVE('',#2048,#2049,#399,.T.);
#1629=EDGE_CURVE('',#2049,#2050,#157,.F.);
#1630=EDGE_CURVE('',#2050,#2051,#400,.F.);
#1631=EDGE_CURVE('',#2051,#2047,#158,.F.);
#1632=EDGE_CURVE('',#2047,#2052,#401,.T.);
#1633=EDGE_CURVE('',#2052,#2053,#159,.F.);
#1634=EDGE_CURVE('',#2053,#2054,#402,.T.);
#1635=EDGE_CURVE('',#2054,#2055,#160,.F.);
#1636=EDGE_CURVE('',#2055,#2056,#403,.F.);
#1637=EDGE_CURVE('',#2056,#2052,#161,.F.);
#1638=EDGE_CURVE('',#2052,#2057,#404,.T.);
#1639=EDGE_CURVE('',#2057,#2058,#405,.T.);
#1640=EDGE_CURVE('',#2058,#2059,#406,.F.);
#1641=EDGE_CURVE('',#2060,#2059,#407,.T.);
#1642=EDGE_CURVE('',#2060,#2046,#408,.T.);
#1643=EDGE_CURVE('',#2046,#2061,#162,.F.);
#1644=EDGE_CURVE('',#2061,#2043,#409,.T.);
#1645=EDGE_CURVE('',#2062,#2063,#410,.T.);
#1646=EDGE_CURVE('',#2062,#2060,#163,.T.);
#1647=EDGE_CURVE('',#2059,#2063,#164,.F.);
#1648=EDGE_CURVE('',#2064,#2065,#165,.F.);
#1649=EDGE_CURVE('',#2065,#2066,#411,.F.);
#1650=EDGE_CURVE('',#2066,#2067,#166,.F.);
#1651=EDGE_CURVE('',#2067,#2068,#412,.T.);
#1652=EDGE_CURVE('',#2068,#2064,#167,.F.);
#1653=EDGE_CURVE('',#2064,#2069,#413,.T.);
#1654=EDGE_CURVE('',#2069,#2070,#168,.F.);
#1655=EDGE_CURVE('',#2070,#2071,#414,.F.);
#1656=EDGE_CURVE('',#2071,#2072,#169,.F.);
#1657=EDGE_CURVE('',#2072,#2073,#415,.T.);
#1658=EDGE_CURVE('',#2073,#2069,#170,.F.);
#1659=EDGE_CURVE('',#2069,#2074,#416,.T.);
#1660=EDGE_CURVE('',#2074,#2075,#171,.F.);
#1661=EDGE_CURVE('',#2075,#2076,#417,.F.);
#1662=EDGE_CURVE('',#2076,#2077,#172,.F.);
#1663=EDGE_CURVE('',#2077,#2078,#418,.T.);
#1664=EDGE_CURVE('',#2078,#2074,#173,.F.);
#1665=EDGE_CURVE('',#2074,#2062,#419,.T.);
#1666=EDGE_CURVE('',#2063,#2079,#420,.F.);
#1667=EDGE_CURVE('',#2080,#2079,#421,.T.);
#1668=EDGE_CURVE('',#2080,#2064,#422,.T.);
#1669=EDGE_CURVE('',#2081,#2082,#423,.T.);
#1670=EDGE_CURVE('',#2081,#2080,#174,.T.);
#1671=EDGE_CURVE('',#2079,#2082,#175,.F.);
#1672=EDGE_CURVE('',#2083,#2084,#176,.F.);
#1673=EDGE_CURVE('',#2084,#2085,#424,.T.);
#1674=EDGE_CURVE('',#2085,#2086,#177,.F.);
#1675=EDGE_CURVE('',#2086,#2081,#425,.T.);
#1676=EDGE_CURVE('',#2082,#2087,#426,.F.);
#1677=EDGE_CURVE('',#2088,#2087,#427,.T.);
#1678=EDGE_CURVE('',#2088,#2089,#428,.T.);
#1679=EDGE_CURVE('',#2089,#2090,#178,.F.);
#1680=EDGE_CURVE('',#2090,#2091,#429,.F.);
#1681=EDGE_CURVE('',#2091,#2092,#179,.F.);
#1682=EDGE_CURVE('',#2092,#2093,#430,.T.);
#1683=EDGE_CURVE('',#2093,#2089,#180,.F.);
#1684=EDGE_CURVE('',#2089,#2094,#431,.T.);
#1685=EDGE_CURVE('',#2094,#2095,#181,.F.);
#1686=EDGE_CURVE('',#2095,#2096,#432,.F.);
#1687=EDGE_CURVE('',#2096,#2097,#182,.F.);
#1688=EDGE_CURVE('',#2097,#2098,#433,.T.);
#1689=EDGE_CURVE('',#2098,#2094,#183,.F.);
#1690=EDGE_CURVE('',#2094,#2086,#434,.T.);
#1691=EDGE_CURVE('',#2086,#2099,#184,.F.);
#1692=EDGE_CURVE('',#2099,#2083,#435,.F.);
#1693=EDGE_CURVE('',#2100,#2101,#436,.T.);
#1694=EDGE_CURVE('',#2100,#2088,#185,.T.);
#1695=EDGE_CURVE('',#2087,#2101,#186,.F.);
#1696=EDGE_CURVE('',#2102,#2103,#187,.F.);
#1697=EDGE_CURVE('',#2103,#2104,#437,.T.);
#1698=EDGE_CURVE('',#2104,#2105,#188,.F.);
#1699=EDGE_CURVE('',#2105,#2106,#438,.F.);
#1700=EDGE_CURVE('',#2106,#2102,#189,.F.);
#1701=EDGE_CURVE('',#2102,#2100,#439,.T.);
#1702=EDGE_CURVE('',#2101,#2107,#440,.F.);
#1703=EDGE_CURVE('',#2108,#2107,#441,.T.);
#1704=EDGE_CURVE('',#2108,#2109,#442,.T.);
#1705=EDGE_CURVE('',#2109,#2110,#190,.F.);
#1706=EDGE_CURVE('',#2110,#2111,#443,.T.);
#1707=EDGE_CURVE('',#2111,#2112,#191,.F.);
#1708=EDGE_CURVE('',#2112,#2113,#444,.F.);
#1709=EDGE_CURVE('',#2113,#2109,#192,.F.);
#1710=EDGE_CURVE('',#2109,#2114,#445,.T.);
#1711=EDGE_CURVE('',#2114,#2115,#193,.F.);
#1712=EDGE_CURVE('',#2115,#2116,#446,.T.);
#1713=EDGE_CURVE('',#2116,#2117,#194,.F.);
#1714=EDGE_CURVE('',#2117,#2118,#447,.F.);
#1715=EDGE_CURVE('',#2118,#2114,#195,.F.);
#1716=EDGE_CURVE('',#2114,#2102,#448,.T.);
#1717=EDGE_CURVE('',#2057,#2108,#196,.T.);
#1718=EDGE_CURVE('',#2107,#2058,#197,.F.);
#1719=EDGE_CURVE('',#2119,#2119,#2259,.T.);
#1720=EDGE_CURVE('',#2120,#2121,#198,.T.);
#1721=EDGE_CURVE('',#2121,#2122,#449,.T.);
#1722=EDGE_CURVE('',#2122,#2123,#199,.T.);
#1723=EDGE_CURVE('',#2123,#2124,#450,.T.);
#1724=EDGE_CURVE('',#2124,#2125,#200,.T.);
#1725=EDGE_CURVE('',#2125,#2126,#451,.T.);
#1726=EDGE_CURVE('',#2126,#2127,#201,.T.);
#1727=EDGE_CURVE('',#2127,#2120,#452,.T.);
#1728=EDGE_CURVE('',#2128,#2128,#2260,.T.);
#1729=EDGE_CURVE('',#2129,#2130,#453,.F.);
#1730=EDGE_CURVE('',#2130,#2131,#202,.F.);
#1731=EDGE_CURVE('',#2131,#2132,#454,.F.);
#1732=EDGE_CURVE('',#2132,#2133,#203,.F.);
#1733=EDGE_CURVE('',#2133,#2134,#455,.F.);
#1734=EDGE_CURVE('',#2134,#2135,#204,.F.);
#1735=EDGE_CURVE('',#2135,#2136,#456,.F.);
#1736=EDGE_CURVE('',#2136,#2129,#205,.F.);
#1737=EDGE_CURVE('',#2137,#2138,#457,.T.);
#1738=EDGE_CURVE('',#2137,#2139,#206,.T.);
#1739=EDGE_CURVE('',#2139,#2140,#458,.T.);
#1740=EDGE_CURVE('',#2140,#2138,#2261,.T.);
#1741=EDGE_CURVE('',#2141,#2142,#459,.T.);
#1742=EDGE_CURVE('',#2141,#2137,#460,.F.);
#1743=EDGE_CURVE('',#2138,#2142,#461,.F.);
#1744=EDGE_CURVE('',#2143,#2144,#462,.T.);
#1745=EDGE_CURVE('',#2143,#2141,#207,.T.);
#1746=EDGE_CURVE('',#2142,#2144,#2262,.T.);
#1747=EDGE_CURVE('',#2139,#2143,#463,.T.);
#1748=EDGE_CURVE('',#2144,#2140,#464,.F.);
#1749=EDGE_CURVE('',#2145,#2146,#465,.T.);
#1750=EDGE_CURVE('',#2146,#2147,#466,.T.);
#1751=EDGE_CURVE('',#2148,#2147,#467,.T.);
#1752=EDGE_CURVE('',#2148,#2145,#468,.T.);
#1753=EDGE_CURVE('',#2149,#2150,#469,.T.);
#1754=EDGE_CURVE('',#2150,#2146,#208,.T.);
#1755=EDGE_CURVE('',#2145,#2149,#2263,.T.);
#1756=EDGE_CURVE('',#2151,#2152,#470,.T.);
#1757=EDGE_CURVE('',#2152,#2150,#471,.F.);
#1758=EDGE_CURVE('',#2149,#2151,#472,.T.);
#1759=EDGE_CURVE('',#2147,#2152,#209,.T.);
#1760=EDGE_CURVE('',#2151,#2148,#2264,.T.);
#1761=EDGE_CURVE('',#2153,#2154,#473,.T.);
#1762=EDGE_CURVE('',#2153,#2155,#210,.T.);
#1763=EDGE_CURVE('',#2155,#2156,#474,.T.);
#1764=EDGE_CURVE('',#2156,#2154,#2265,.T.);
#1765=EDGE_CURVE('',#2157,#2158,#475,.T.);
#1766=EDGE_CURVE('',#2157,#2153,#476,.F.);
#1767=EDGE_CURVE('',#2154,#2158,#477,.F.);
#1768=EDGE_CURVE('',#2159,#2160,#478,.T.);
#1769=EDGE_CURVE('',#2159,#2157,#211,.T.);
#1770=EDGE_CURVE('',#2158,#2160,#2266,.T.);
#1771=EDGE_CURVE('',#2155,#2159,#479,.T.);
#1772=EDGE_CURVE('',#2160,#2156,#480,.F.);
#1773=EDGE_CURVE('',#2161,#2162,#481,.T.);
#1774=EDGE_CURVE('',#2162,#2163,#482,.T.);
#1775=EDGE_CURVE('',#2164,#2163,#483,.T.);
#1776=EDGE_CURVE('',#2164,#2161,#484,.T.);
#1777=EDGE_CURVE('',#2165,#2166,#485,.T.);
#1778=EDGE_CURVE('',#2166,#2162,#212,.T.);
#1779=EDGE_CURVE('',#2161,#2165,#2267,.T.);
#1780=EDGE_CURVE('',#2167,#2168,#486,.T.);
#1781=EDGE_CURVE('',#2168,#2166,#487,.F.);
#1782=EDGE_CURVE('',#2165,#2167,#488,.T.);
#1783=EDGE_CURVE('',#2163,#2168,#213,.T.);
#1784=EDGE_CURVE('',#2167,#2164,#2268,.T.);
#1785=EDGE_CURVE('',#2169,#2170,#489,.T.);
#1786=EDGE_CURVE('',#2170,#2171,#214,.T.);
#1787=EDGE_CURVE('',#2172,#2171,#490,.T.);
#1788=EDGE_CURVE('',#2172,#2169,#2269,.T.);
#1789=EDGE_CURVE('',#2171,#2173,#491,.F.);
#1790=EDGE_CURVE('',#2174,#2173,#492,.T.);
#1791=EDGE_CURVE('',#2174,#2172,#493,.T.);
#1792=EDGE_CURVE('',#2173,#2175,#215,.T.);
#1793=EDGE_CURVE('',#2176,#2175,#494,.T.);
#1794=EDGE_CURVE('',#2176,#2174,#2270,.T.);
#1795=EDGE_CURVE('',#2175,#2170,#495,.T.);
#1796=EDGE_CURVE('',#2169,#2176,#496,.T.);
#1797=EDGE_CURVE('',#2177,#2178,#497,.T.);
#1798=EDGE_CURVE('',#2177,#2179,#498,.T.);
#1799=EDGE_CURVE('',#2179,#2180,#499,.T.);
#1800=EDGE_CURVE('',#2180,#2178,#500,.F.);
#1801=EDGE_CURVE('',#2179,#2181,#216,.T.);
#1802=EDGE_CURVE('',#2181,#2182,#501,.T.);
#1803=EDGE_CURVE('',#2182,#2180,#2271,.T.);
#1804=EDGE_CURVE('',#2181,#2183,#502,.F.);
#1805=EDGE_CURVE('',#2183,#2184,#503,.T.);
#1806=EDGE_CURVE('',#2184,#2182,#504,.F.);
#1807=EDGE_CURVE('',#2183,#2177,#217,.T.);
#1808=EDGE_CURVE('',#2178,#2184,#2272,.T.);
#1809=EDGE_CURVE('',#2185,#2186,#505,.T.);
#1810=EDGE_CURVE('',#2186,#2187,#218,.T.);
#1811=EDGE_CURVE('',#2188,#2187,#506,.T.);
#1812=EDGE_CURVE('',#2188,#2185,#2273,.T.);
#1813=EDGE_CURVE('',#2189,#2190,#507,.T.);
#1814=EDGE_CURVE('',#2190,#2186,#508,.T.);
#1815=EDGE_CURVE('',#2185,#2189,#509,.T.);
#1816=EDGE_CURVE('',#2191,#2192,#510,.T.);
#1817=EDGE_CURVE('',#2192,#2190,#219,.T.);
#1818=EDGE_CURVE('',#2189,#2191,#2274,.T.);
#1819=EDGE_CURVE('',#2187,#2192,#511,.F.);
#1820=EDGE_CURVE('',#2191,#2188,#512,.T.);
#1821=EDGE_CURVE('',#2193,#2194,#513,.T.);
#1822=EDGE_CURVE('',#2193,#2195,#514,.F.);
#1823=EDGE_CURVE('',#2195,#2196,#515,.T.);
#1824=EDGE_CURVE('',#2196,#2194,#516,.F.);
#1825=EDGE_CURVE('',#2197,#2198,#517,.T.);
#1826=EDGE_CURVE('',#2197,#2193,#220,.T.);
#1827=EDGE_CURVE('',#2194,#2198,#2275,.T.);
#1828=EDGE_CURVE('',#2199,#2200,#518,.T.);
#1829=EDGE_CURVE('',#2199,#2197,#519,.T.);
#1830=EDGE_CURVE('',#2198,#2200,#520,.F.);
#1831=EDGE_CURVE('',#2195,#2199,#221,.T.);
#1832=EDGE_CURVE('',#2200,#2196,#2276,.T.);
#1833=EDGE_CURVE('',#2201,#2202,#521,.T.);
#1834=EDGE_CURVE('',#2202,#2203,#222,.T.);
#1835=EDGE_CURVE('',#2204,#2203,#522,.T.);
#1836=EDGE_CURVE('',#2204,#2201,#2277,.T.);
#1837=EDGE_CURVE('',#2205,#2206,#523,.T.);
#1838=EDGE_CURVE('',#2206,#2202,#524,.T.);
#1839=EDGE_CURVE('',#2201,#2205,#525,.T.);
#1840=EDGE_CURVE('',#2207,#2208,#526,.T.);
#1841=EDGE_CURVE('',#2208,#2206,#223,.T.);
#1842=EDGE_CURVE('',#2205,#2207,#2278,.T.);
#1843=EDGE_CURVE('',#2203,#2208,#527,.F.);
#1844=EDGE_CURVE('',#2207,#2204,#528,.T.);
#1845=EDGE_CURVE('',#2209,#2210,#529,.T.);
#1846=EDGE_CURVE('',#2209,#2211,#530,.F.);
#1847=EDGE_CURVE('',#2211,#2212,#531,.T.);
#1848=EDGE_CURVE('',#2212,#2210,#532,.F.);
#1849=EDGE_CURVE('',#2213,#2214,#533,.T.);
#1850=EDGE_CURVE('',#2213,#2209,#224,.T.);
#1851=EDGE_CURVE('',#2210,#2214,#2279,.T.);
#1852=EDGE_CURVE('',#2215,#2216,#534,.T.);
#1853=EDGE_CURVE('',#2215,#2213,#535,.T.);
#1854=EDGE_CURVE('',#2214,#2216,#536,.F.);
#1855=EDGE_CURVE('',#2211,#2215,#225,.T.);
#1856=EDGE_CURVE('',#2216,#2212,#2280,.T.);
#1857=EDGE_CURVE('',#2217,#2218,#537,.T.);
#1858=EDGE_CURVE('',#2217,#2219,#226,.T.);
#1859=EDGE_CURVE('',#2219,#2220,#538,.T.);
#1860=EDGE_CURVE('',#2220,#2218,#2281,.T.);
#1861=EDGE_CURVE('',#2219,#2221,#539,.T.);
#1862=EDGE_CURVE('',#2221,#2222,#540,.T.);
#1863=EDGE_CURVE('',#2222,#2220,#541,.F.);
#1864=EDGE_CURVE('',#2221,#2223,#227,.T.);
#1865=EDGE_CURVE('',#2223,#2224,#542,.T.);
#1866=EDGE_CURVE('',#2224,#2222,#2282,.T.);
#1867=EDGE_CURVE('',#2223,#2217,#543,.F.);
#1868=EDGE_CURVE('',#2218,#2224,#544,.F.);
#1869=EDGE_CURVE('',#2225,#2226,#545,.T.);
#1870=EDGE_CURVE('',#2226,#2227,#546,.F.);
#1871=EDGE_CURVE('',#2228,#2227,#547,.T.);
#1872=EDGE_CURVE('',#2228,#2225,#548,.T.);
#1873=EDGE_CURVE('',#2227,#2229,#228,.T.);
#1874=EDGE_CURVE('',#2230,#2229,#549,.T.);
#1875=EDGE_CURVE('',#2230,#2228,#2283,.T.);
#1876=EDGE_CURVE('',#2229,#2231,#550,.T.);
#1877=EDGE_CURVE('',#2232,#2231,#551,.T.);
#1878=EDGE_CURVE('',#2232,#2230,#552,.T.);
#1879=EDGE_CURVE('',#2231,#2226,#229,.T.);
#1880=EDGE_CURVE('',#2225,#2232,#2284,.T.);
#1881=EDGE_CURVE('',#2179,#2099,#230,.T.);
#1882=EDGE_CURVE('',#2083,#2177,#231,.T.);
#1883=EDGE_CURVE('',#2084,#2183,#232,.T.);
#1884=EDGE_CURVE('',#2181,#2085,#233,.T.);
#1885=EDGE_CURVE('',#2157,#2093,#234,.T.);
#1886=EDGE_CURVE('',#2090,#2159,#235,.T.);
#1887=EDGE_CURVE('',#2153,#2092,#236,.T.);
#1888=EDGE_CURVE('',#2091,#2155,#237,.T.);
#1889=EDGE_CURVE('',#2098,#2141,#238,.T.);
#1890=EDGE_CURVE('',#2137,#2097,#239,.T.);
#1891=EDGE_CURVE('',#2139,#2096,#240,.T.);
#1892=EDGE_CURVE('',#2095,#2143,#241,.T.);
#1893=EDGE_CURVE('',#2231,#2105,#242,.T.);
#1894=EDGE_CURVE('',#2106,#2229,#243,.T.);
#1895=EDGE_CURVE('',#2103,#2227,#244,.T.);
#1896=EDGE_CURVE('',#2226,#2104,#245,.T.);
#1897=EDGE_CURVE('',#2203,#2111,#246,.T.);
#1898=EDGE_CURVE('',#2112,#2202,#247,.T.);
#1899=EDGE_CURVE('',#2113,#2206,#248,.T.);
#1900=EDGE_CURVE('',#2208,#2110,#249,.T.);
#1901=EDGE_CURVE('',#2116,#2187,#250,.T.);
#1902=EDGE_CURVE('',#2192,#2115,#251,.T.);
#1903=EDGE_CURVE('',#2190,#2118,#252,.T.);
#1904=EDGE_CURVE('',#2117,#2186,#253,.T.);
#1905=EDGE_CURVE('',#2043,#2171,#254,.T.);
#1906=EDGE_CURVE('',#2173,#2061,#255,.T.);
#1907=EDGE_CURVE('',#2175,#2045,#256,.T.);
#1908=EDGE_CURVE('',#2044,#2170,#257,.T.);
#1909=EDGE_CURVE('',#2055,#2163,#258,.T.);
#1910=EDGE_CURVE('',#2168,#2054,#259,.T.);
#1911=EDGE_CURVE('',#2166,#2053,#260,.T.);
#1912=EDGE_CURVE('',#2056,#2162,#261,.T.);
#1913=EDGE_CURVE('',#2147,#2050,#262,.T.);
#1914=EDGE_CURVE('',#2051,#2146,#263,.T.);
#1915=EDGE_CURVE('',#2048,#2150,#264,.T.);
#1916=EDGE_CURVE('',#2152,#2049,#265,.T.);
#1917=EDGE_CURVE('',#2068,#2223,#266,.T.);
#1918=EDGE_CURVE('',#2217,#2067,#267,.T.);
#1919=EDGE_CURVE('',#2219,#2066,#268,.T.);
#1920=EDGE_CURVE('',#2065,#2221,#269,.T.);
#1921=EDGE_CURVE('',#2209,#2078,#270,.T.);
#1922=EDGE_CURVE('',#2075,#2213,#271,.T.);
#1923=EDGE_CURVE('',#2076,#2215,#272,.T.);
#1924=EDGE_CURVE('',#2211,#2077,#273,.T.);
#1925=EDGE_CURVE('',#2197,#2070,#274,.T.);
#1926=EDGE_CURVE('',#2071,#2199,#275,.T.);
#1927=EDGE_CURVE('',#2072,#2195,#276,.T.);
#1928=EDGE_CURVE('',#2193,#2073,#277,.T.);
#1929=EDGE_CURVE('',#2108,#2134,#278,.T.);
#1930=EDGE_CURVE('',#2135,#2057,#279,.T.);
#1931=EDGE_CURVE('',#2136,#2060,#280,.T.);
#1932=EDGE_CURVE('',#2100,#2133,#281,.T.);
#1933=EDGE_CURVE('',#2129,#2062,#282,.T.);
#1934=EDGE_CURVE('',#2088,#2132,#283,.T.);
#1935=EDGE_CURVE('',#2130,#2080,#284,.T.);
#1936=EDGE_CURVE('',#2081,#2131,#285,.T.);
#1937=EDGE_CURVE('',#1993,#2228,#286,.T.);
#1938=EDGE_CURVE('',#2225,#1996,#287,.T.);
#1939=EDGE_CURVE('',#2232,#1995,#288,.T.);
#1940=EDGE_CURVE('',#1994,#2230,#289,.T.);
#1941=EDGE_CURVE('',#2220,#2000,#290,.T.);
#1942=EDGE_CURVE('',#1997,#2222,#291,.T.);
#1943=EDGE_CURVE('',#1998,#2224,#292,.T.);
#1944=EDGE_CURVE('',#2218,#1999,#293,.T.);
#1945=EDGE_CURVE('',#2207,#2004,#294,.T.);
#1946=EDGE_CURVE('',#2001,#2205,#295,.T.);
#1947=EDGE_CURVE('',#2002,#2201,#296,.T.);
#1948=EDGE_CURVE('',#2204,#2003,#297,.T.);
#1949=EDGE_CURVE('',#2212,#2008,#298,.T.);
#1950=EDGE_CURVE('',#2005,#2216,#299,.T.);
#1951=EDGE_CURVE('',#2006,#2214,#300,.T.);
#1952=EDGE_CURVE('',#2210,#2007,#301,.T.);
#1953=EDGE_CURVE('',#2189,#2012,#302,.T.);
#1954=EDGE_CURVE('',#2009,#2185,#303,.T.);
#1955=EDGE_CURVE('',#2010,#2188,#304,.T.);
#1956=EDGE_CURVE('',#2191,#2011,#305,.T.);
#1957=EDGE_CURVE('',#2013,#2196,#306,.T.);
#1958=EDGE_CURVE('',#2194,#2016,#307,.T.);
#1959=EDGE_CURVE('',#2198,#2015,#308,.T.);
#1960=EDGE_CURVE('',#2014,#2200,#309,.T.);
#1961=EDGE_CURVE('',#2017,#2184,#310,.T.);
#1962=EDGE_CURVE('',#2182,#2020,#311,.T.);
#1963=EDGE_CURVE('',#2180,#2019,#312,.T.);
#1964=EDGE_CURVE('',#2018,#2178,#313,.T.);
#1965=EDGE_CURVE('',#2176,#2024,#314,.T.);
#1966=EDGE_CURVE('',#2021,#2169,#315,.T.);
#1967=EDGE_CURVE('',#2022,#2172,#316,.T.);
#1968=EDGE_CURVE('',#2174,#2023,#317,.T.);
#1969=EDGE_CURVE('',#2025,#2156,#318,.T.);
#1970=EDGE_CURVE('',#2154,#2028,#319,.T.);
#1971=EDGE_CURVE('',#2158,#2027,#320,.T.);
#1972=EDGE_CURVE('',#2026,#2160,#321,.T.);
#1973=EDGE_CURVE('',#2029,#2161,#322,.T.);
#1974=EDGE_CURVE('',#2165,#2032,#323,.T.);
#1975=EDGE_CURVE('',#2167,#2031,#324,.T.);
#1976=EDGE_CURVE('',#2030,#2164,#325,.T.);
#1977=EDGE_CURVE('',#2140,#2036,#326,.T.);
#1978=EDGE_CURVE('',#2033,#2144,#327,.T.);
#1979=EDGE_CURVE('',#2034,#2142,#328,.T.);
#1980=EDGE_CURVE('',#2138,#2035,#329,.T.);
#1981=EDGE_CURVE('',#2037,#2149,#330,.T.);
#1982=EDGE_CURVE('',#2151,#2040,#331,.T.);
#1983=EDGE_CURVE('',#2148,#2039,#332,.T.);
#1984=EDGE_CURVE('',#2038,#2145,#333,.T.);
#1985=EDGE_CURVE('',#2087,#2125,#334,.T.);
#1986=EDGE_CURVE('',#2126,#2082,#335,.T.);
#1987=EDGE_CURVE('',#2127,#2079,#336,.T.);
#1988=EDGE_CURVE('',#2101,#2124,#337,.T.);
#1989=EDGE_CURVE('',#2120,#2063,#338,.T.);
#1990=EDGE_CURVE('',#2107,#2123,#339,.T.);
#1991=EDGE_CURVE('',#2121,#2059,#340,.T.);
#1992=EDGE_CURVE('',#2058,#2122,#341,.T.);
#1993=VERTEX_POINT('',#4192);
#1994=VERTEX_POINT('',#4193);
#1995=VERTEX_POINT('',#4195);
#1996=VERTEX_POINT('',#4203);
#1997=VERTEX_POINT('',#4212);
#1998=VERTEX_POINT('',#4213);
#1999=VERTEX_POINT('',#4215);
#2000=VERTEX_POINT('',#4223);
#2001=VERTEX_POINT('',#4226);
#2002=VERTEX_POINT('',#4227);
#2003=VERTEX_POINT('',#4235);
#2004=VERTEX_POINT('',#4237);
#2005=VERTEX_POINT('',#4246);
#2006=VERTEX_POINT('',#4247);
#2007=VERTEX_POINT('',#4255);
#2008=VERTEX_POINT('',#4257);
#2009=VERTEX_POINT('',#4272);
#2010=VERTEX_POINT('',#4273);
#2011=VERTEX_POINT('',#4275);
#2012=VERTEX_POINT('',#4283);
#2013=VERTEX_POINT('',#4292);
#2014=VERTEX_POINT('',#4293);
#2015=VERTEX_POINT('',#4295);
#2016=VERTEX_POINT('',#4303);
#2017=VERTEX_POINT('',#4312);
#2018=VERTEX_POINT('',#4313);
#2019=VERTEX_POINT('',#4315);
#2020=VERTEX_POINT('',#4323);
#2021=VERTEX_POINT('',#4332);
#2022=VERTEX_POINT('',#4333);
#2023=VERTEX_POINT('',#4335);
#2024=VERTEX_POINT('',#4343);
#2025=VERTEX_POINT('',#4346);
#2026=VERTEX_POINT('',#4347);
#2027=VERTEX_POINT('',#4355);
#2028=VERTEX_POINT('',#4357);
#2029=VERTEX_POINT('',#4366);
#2030=VERTEX_POINT('',#4367);
#2031=VERTEX_POINT('',#4375);
#2032=VERTEX_POINT('',#4377);
#2033=VERTEX_POINT('',#4392);
#2034=VERTEX_POINT('',#4393);
#2035=VERTEX_POINT('',#4395);
#2036=VERTEX_POINT('',#4403);
#2037=VERTEX_POINT('',#4412);
#2038=VERTEX_POINT('',#4413);
#2039=VERTEX_POINT('',#4415);
#2040=VERTEX_POINT('',#4423);
#2041=VERTEX_POINT('',#4496);
#2042=VERTEX_POINT('',#4567);
#2043=VERTEX_POINT('',#4570);
#2044=VERTEX_POINT('',#4571);
#2045=VERTEX_POINT('',#4573);
#2046=VERTEX_POINT('',#4575);
#2047=VERTEX_POINT('',#4577);
#2048=VERTEX_POINT('',#4579);
#2049=VERTEX_POINT('',#4581);
#2050=VERTEX_POINT('',#4583);
#2051=VERTEX_POINT('',#4585);
#2052=VERTEX_POINT('',#4588);
#2053=VERTEX_POINT('',#4590);
#2054=VERTEX_POINT('',#4592);
#2055=VERTEX_POINT('',#4594);
#2056=VERTEX_POINT('',#4596);
#2057=VERTEX_POINT('',#4599);
#2058=VERTEX_POINT('',#4601);
#2059=VERTEX_POINT('',#4603);
#2060=VERTEX_POINT('',#4605);
#2061=VERTEX_POINT('',#4608);
#2062=VERTEX_POINT('',#4612);
#2063=VERTEX_POINT('',#4613);
#2064=VERTEX_POINT('',#4618);
#2065=VERTEX_POINT('',#4619);
#2066=VERTEX_POINT('',#4621);
#2067=VERTEX_POINT('',#4623);
#2068=VERTEX_POINT('',#4625);
#2069=VERTEX_POINT('',#4628);
#2070=VERTEX_POINT('',#4630);
#2071=VERTEX_POINT('',#4632);
#2072=VERTEX_POINT('',#4634);
#2073=VERTEX_POINT('',#4636);
#2074=VERTEX_POINT('',#4639);
#2075=VERTEX_POINT('',#4641);
#2076=VERTEX_POINT('',#4643);
#2077=VERTEX_POINT('',#4645);
#2078=VERTEX_POINT('',#4647);
#2079=VERTEX_POINT('',#4651);
#2080=VERTEX_POINT('',#4653);
#2081=VERTEX_POINT('',#4657);
#2082=VERTEX_POINT('',#4658);
#2083=VERTEX_POINT('',#4663);
#2084=VERTEX_POINT('',#4664);
#2085=VERTEX_POINT('',#4666);
#2086=VERTEX_POINT('',#4668);
#2087=VERTEX_POINT('',#4671);
#2088=VERTEX_POINT('',#4673);
#2089=VERTEX_POINT('',#4675);
#2090=VERTEX_POINT('',#4677);
#2091=VERTEX_POINT('',#4679);
#2092=VERTEX_POINT('',#4681);
#2093=VERTEX_POINT('',#4683);
#2094=VERTEX_POINT('',#4686);
#2095=VERTEX_POINT('',#4688);
#2096=VERTEX_POINT('',#4690);
#2097=VERTEX_POINT('',#4692);
#2098=VERTEX_POINT('',#4694);
#2099=VERTEX_POINT('',#4698);
#2100=VERTEX_POINT('',#4702);
#2101=VERTEX_POINT('',#4703);
#2102=VERTEX_POINT('',#4708);
#2103=VERTEX_POINT('',#4709);
#2104=VERTEX_POINT('',#4711);
#2105=VERTEX_POINT('',#4713);
#2106=VERTEX_POINT('',#4715);
#2107=VERTEX_POINT('',#4719);
#2108=VERTEX_POINT('',#4721);
#2109=VERTEX_POINT('',#4723);
#2110=VERTEX_POINT('',#4725);
#2111=VERTEX_POINT('',#4727);
#2112=VERTEX_POINT('',#4729);
#2113=VERTEX_POINT('',#4731);
#2114=VERTEX_POINT('',#4734);
#2115=VERTEX_POINT('',#4736);
#2116=VERTEX_POINT('',#4738);
#2117=VERTEX_POINT('',#4740);
#2118=VERTEX_POINT('',#4742);
#2119=VERTEX_POINT('',#4819);
#2120=VERTEX_POINT('',#4822);
#2121=VERTEX_POINT('',#4823);
#2122=VERTEX_POINT('',#4825);
#2123=VERTEX_POINT('',#4827);
#2124=VERTEX_POINT('',#4829);
#2125=VERTEX_POINT('',#4831);
#2126=VERTEX_POINT('',#4833);
#2127=VERTEX_POINT('',#4835);
#2128=VERTEX_POINT('',#4906);
#2129=VERTEX_POINT('',#4909);
#2130=VERTEX_POINT('',#4910);
#2131=VERTEX_POINT('',#4912);
#2132=VERTEX_POINT('',#4914);
#2133=VERTEX_POINT('',#4916);
#2134=VERTEX_POINT('',#4918);
#2135=VERTEX_POINT('',#4920);
#2136=VERTEX_POINT('',#4922);
#2137=VERTEX_POINT('',#4926);
#2138=VERTEX_POINT('',#4927);
#2139=VERTEX_POINT('',#4929);
#2140=VERTEX_POINT('',#4931);
#2141=VERTEX_POINT('',#4941);
#2142=VERTEX_POINT('',#4942);
#2143=VERTEX_POINT('',#4947);
#2144=VERTEX_POINT('',#4948);
#2145=VERTEX_POINT('',#4962);
#2146=VERTEX_POINT('',#4963);
#2147=VERTEX_POINT('',#4965);
#2148=VERTEX_POINT('',#4967);
#2149=VERTEX_POINT('',#4971);
#2150=VERTEX_POINT('',#4972);
#2151=VERTEX_POINT('',#4983);
#2152=VERTEX_POINT('',#4984);
#2153=VERTEX_POINT('',#4998);
#2154=VERTEX_POINT('',#4999);
#2155=VERTEX_POINT('',#5001);
#2156=VERTEX_POINT('',#5003);
#2157=VERTEX_POINT('',#5013);
#2158=VERTEX_POINT('',#5014);
#2159=VERTEX_POINT('',#5019);
#2160=VERTEX_POINT('',#5020);
#2161=VERTEX_POINT('',#5034);
#2162=VERTEX_POINT('',#5035);
#2163=VERTEX_POINT('',#5037);
#2164=VERTEX_POINT('',#5039);
#2165=VERTEX_POINT('',#5043);
#2166=VERTEX_POINT('',#5044);
#2167=VERTEX_POINT('',#5055);
#2168=VERTEX_POINT('',#5056);
#2169=VERTEX_POINT('',#5070);
#2170=VERTEX_POINT('',#5071);
#2171=VERTEX_POINT('',#5073);
#2172=VERTEX_POINT('',#5075);
#2173=VERTEX_POINT('',#5085);
#2174=VERTEX_POINT('',#5087);
#2175=VERTEX_POINT('',#5091);
#2176=VERTEX_POINT('',#5093);
#2177=VERTEX_POINT('',#5106);
#2178=VERTEX_POINT('',#5107);
#2179=VERTEX_POINT('',#5109);
#2180=VERTEX_POINT('',#5111);
#2181=VERTEX_POINT('',#5115);
#2182=VERTEX_POINT('',#5117);
#2183=VERTEX_POINT('',#5127);
#2184=VERTEX_POINT('',#5129);
#2185=VERTEX_POINT('',#5142);
#2186=VERTEX_POINT('',#5143);
#2187=VERTEX_POINT('',#5145);
#2188=VERTEX_POINT('',#5147);
#2189=VERTEX_POINT('',#5157);
#2190=VERTEX_POINT('',#5158);
#2191=VERTEX_POINT('',#5163);
#2192=VERTEX_POINT('',#5164);
#2193=VERTEX_POINT('',#5178);
#2194=VERTEX_POINT('',#5179);
#2195=VERTEX_POINT('',#5181);
#2196=VERTEX_POINT('',#5183);
#2197=VERTEX_POINT('',#5187);
#2198=VERTEX_POINT('',#5188);
#2199=VERTEX_POINT('',#5199);
#2200=VERTEX_POINT('',#5200);
#2201=VERTEX_POINT('',#5214);
#2202=VERTEX_POINT('',#5215);
#2203=VERTEX_POINT('',#5217);
#2204=VERTEX_POINT('',#5219);
#2205=VERTEX_POINT('',#5229);
#2206=VERTEX_POINT('',#5230);
#2207=VERTEX_POINT('',#5235);
#2208=VERTEX_POINT('',#5236);
#2209=VERTEX_POINT('',#5250);
#2210=VERTEX_POINT('',#5251);
#2211=VERTEX_POINT('',#5253);
#2212=VERTEX_POINT('',#5255);
#2213=VERTEX_POINT('',#5259);
#2214=VERTEX_POINT('',#5260);
#2215=VERTEX_POINT('',#5271);
#2216=VERTEX_POINT('',#5272);
#2217=VERTEX_POINT('',#5286);
#2218=VERTEX_POINT('',#5287);
#2219=VERTEX_POINT('',#5289);
#2220=VERTEX_POINT('',#5291);
#2221=VERTEX_POINT('',#5301);
#2222=VERTEX_POINT('',#5303);
#2223=VERTEX_POINT('',#5307);
#2224=VERTEX_POINT('',#5309);
#2225=VERTEX_POINT('',#5322);
#2226=VERTEX_POINT('',#5323);
#2227=VERTEX_POINT('',#5325);
#2228=VERTEX_POINT('',#5327);
#2229=VERTEX_POINT('',#5331);
#2230=VERTEX_POINT('',#5333);
#2231=VERTEX_POINT('',#5343);
#2232=VERTEX_POINT('',#5345);
#2233=B_SPLINE_CURVE_WITH_KNOTS('',3,(#4185,#4186,#4187,#4188,#4189,#4190,
#4191),.UNSPECIFIED.,.F.,.F.,(4,1,1,1,4),(0.,0.00253972504347177,0.00507945008694353,
0.0076191751304153,0.0101589001738871),.UNSPECIFIED.);
#2234=B_SPLINE_CURVE_WITH_KNOTS('',3,(#4196,#4197,#4198,#4199,#4200,#4201,
#4202),.UNSPECIFIED.,.F.,.F.,(4,1,1,1,4),(0.,0.00253972504347178,0.00507945008694355,
0.00761917513041533,0.0101589001738871),.UNSPECIFIED.);
#2235=B_SPLINE_CURVE_WITH_KNOTS('',3,(#4205,#4206,#4207,#4208,#4209,#4210,
#4211),.UNSPECIFIED.,.F.,.F.,(4,1,1,1,4),(0.,0.00253972504347178,0.00507945008694356,
0.00761917513041534,0.0101589001738871),.UNSPECIFIED.);
#2236=B_SPLINE_CURVE_WITH_KNOTS('',3,(#4216,#4217,#4218,#4219,#4220,#4221,
#4222),.UNSPECIFIED.,.F.,.F.,(4,1,1,1,4),(0.,0.00253972504347178,0.00507945008694357,
0.00761917513041535,0.0101589001738871),.UNSPECIFIED.);
#2237=B_SPLINE_CURVE_WITH_KNOTS('',3,(#4228,#4229,#4230,#4231,#4232,#4233,
#4234),.UNSPECIFIED.,.F.,.F.,(4,1,1,1,4),(8.67361737988404E-19,0.00253972504347178,
0.00507945008694355,0.00761917513041533,0.0101589001738871),
 .UNSPECIFIED.);
#2238=B_SPLINE_CURVE_WITH_KNOTS('',3,(#4238,#4239,#4240,#4241,#4242,#4243,
#4244),.UNSPECIFIED.,.F.,.F.,(4,1,1,1,4),(1.73472347597681E-18,0.00253972504347177,
0.00507945008694355,0.00761917513041532,0.0101589001738871),
 .UNSPECIFIED.);
#2239=B_SPLINE_CURVE_WITH_KNOTS('',3,(#4248,#4249,#4250,#4251,#4252,#4253,
#4254),.UNSPECIFIED.,.F.,.F.,(4,1,1,1,4),(8.67361737988404E-19,0.00253972504347181,
0.00507945008694361,0.00761917513041542,0.0101589001738872),
 .UNSPECIFIED.);
#2240=B_SPLINE_CURVE_WITH_KNOTS('',3,(#4258,#4259,#4260,#4261,#4262,#4263,
#4264),.UNSPECIFIED.,.F.,.F.,(4,1,1,1,4),(0.,0.00253972504347178,0.00507945008694356,
0.00761917513041535,0.0101589001738871),.UNSPECIFIED.);
#2241=B_SPLINE_CURVE_WITH_KNOTS('',3,(#4265,#4266,#4267,#4268,#4269,#4270,
#4271),.UNSPECIFIED.,.F.,.F.,(4,1,1,1,4),(0.,0.00253972504347173,0.00507945008694345,
0.00761917513041518,0.0101589001738869),.UNSPECIFIED.);
#2242=B_SPLINE_CURVE_WITH_KNOTS('',3,(#4276,#4277,#4278,#4279,#4280,#4281,
#4282),.UNSPECIFIED.,.F.,.F.,(4,1,1,1,4),(0.,0.00253972504347176,0.00507945008694351,
0.00761917513041527,0.010158900173887),.UNSPECIFIED.);
#2243=B_SPLINE_CURVE_WITH_KNOTS('',3,(#4285,#4286,#4287,#4288,#4289,#4290,
#4291),.UNSPECIFIED.,.F.,.F.,(4,1,1,1,4),(0.,0.00253972504347173,0.00507945008694346,
0.00761917513041519,0.0101589001738869),.UNSPECIFIED.);
#2244=B_SPLINE_CURVE_WITH_KNOTS('',3,(#4296,#4297,#4298,#4299,#4300,#4301,
#4302),.UNSPECIFIED.,.F.,.F.,(4,1,1,1,4),(0.,0.00253972504347176,0.00507945008694352,
0.00761917513041528,0.010158900173887),.UNSPECIFIED.);
#2245=B_SPLINE_CURVE_WITH_KNOTS('',3,(#4305,#4306,#4307,#4308,#4309,#4310,
#4311),.UNSPECIFIED.,.F.,.F.,(4,1,1,1,4),(0.,0.00253972504347179,0.00507945008694357,
0.00761917513041536,0.0101589001738871),.UNSPECIFIED.);
#2246=B_SPLINE_CURVE_WITH_KNOTS('',3,(#4316,#4317,#4318,#4319,#4320,#4321,
#4322),.UNSPECIFIED.,.F.,.F.,(4,1,1,1,4),(0.,0.00253972504347181,0.00507945008694362,
0.00761917513041543,0.0101589001738872),.UNSPECIFIED.);
#2247=B_SPLINE_CURVE_WITH_KNOTS('',3,(#4325,#4326,#4327,#4328,#4329,#4330,
#4331),.UNSPECIFIED.,.F.,.F.,(4,1,1,1,4),(0.,0.00253972504345732,0.00507945008691465,
0.00761917513037197,0.0101589001738293),.UNSPECIFIED.);
#2248=B_SPLINE_CURVE_WITH_KNOTS('',3,(#4336,#4337,#4338,#4339,#4340,#4341,
#4342),.UNSPECIFIED.,.F.,.F.,(4,1,1,1,4),(0.,0.00253972504346073,0.00507945008692146,
0.00761917513038218,0.0101589001738429),.UNSPECIFIED.);
#2249=B_SPLINE_CURVE_WITH_KNOTS('',3,(#4348,#4349,#4350,#4351,#4352,#4353,
#4354),.UNSPECIFIED.,.F.,.F.,(4,1,1,1,4),(0.,0.00253972504347178,0.00507945008694356,
0.00761917513041534,0.0101589001738871),.UNSPECIFIED.);
#2250=B_SPLINE_CURVE_WITH_KNOTS('',3,(#4358,#4359,#4360,#4361,#4362,#4363,
#4364),.UNSPECIFIED.,.F.,.F.,(4,1,1,1,4),(0.,0.00253972504347177,0.00507945008694353,
0.0076191751304153,0.0101589001738871),.UNSPECIFIED.);
#2251=B_SPLINE_CURVE_WITH_KNOTS('',3,(#4368,#4369,#4370,#4371,#4372,#4373,
#4374),.UNSPECIFIED.,.F.,.F.,(4,1,1,1,4),(0.,0.00253972504346189,0.00507945008692379,
0.00761917513038568,0.0101589001738476),.UNSPECIFIED.);
#2252=B_SPLINE_CURVE_WITH_KNOTS('',3,(#4378,#4379,#4380,#4381,#4382,#4383,
#4384),.UNSPECIFIED.,.F.,.F.,(4,1,1,1,4),(0.,0.00253972504345856,0.00507945008691712,
0.00761917513037568,0.0101589001738342),.UNSPECIFIED.);
#2253=B_SPLINE_CURVE_WITH_KNOTS('',3,(#4385,#4386,#4387,#4388,#4389,#4390,
#4391),.UNSPECIFIED.,.F.,.F.,(4,1,1,1,4),(0.,0.00253972504347176,0.00507945008694351,
0.00761917513041527,0.010158900173887),.UNSPECIFIED.);
#2254=B_SPLINE_CURVE_WITH_KNOTS('',3,(#4396,#4397,#4398,#4399,#4400,#4401,
#4402),.UNSPECIFIED.,.F.,.F.,(4,1,1,1,4),(0.,0.00253972504347174,0.00507945008694348,
0.00761917513041522,0.010158900173887),.UNSPECIFIED.);
#2255=B_SPLINE_CURVE_WITH_KNOTS('',3,(#4405,#4406,#4407,#4408,#4409,#4410,
#4411),.UNSPECIFIED.,.F.,.F.,(4,1,1,1,4),(0.,0.00253972504353541,0.00507945008707082,
0.00761917513060623,0.0101589001741416),.UNSPECIFIED.);
#2256=B_SPLINE_CURVE_WITH_KNOTS('',3,(#4416,#4417,#4418,#4419,#4420,#4421,
#4422),.UNSPECIFIED.,.F.,.F.,(4,1,1,1,4),(0.,0.00253972504353543,0.00507945008707086,
0.0076191751306063,0.0101589001741417),.UNSPECIFIED.);
#2257=B_SPLINE_CURVE_WITH_KNOTS('',3,(#4425,#4426,#4427,#4428,#4429,#4430,
#4431,#4432,#4433,#4434,#4435,#4436,#4437,#4438,#4439,#4440,#4441,#4442,
#4443,#4444,#4445,#4446,#4447,#4448,#4449,#4450,#4451,#4452,#4453,#4454,
#4455,#4456,#4457,#4458,#4459,#4460,#4461,#4462,#4463,#4464,#4465,#4466,
#4467,#4468,#4469,#4470,#4471,#4472,#4473,#4474,#4475,#4476,#4477,#4478,
#4479,#4480,#4481,#4482,#4483,#4484,#4485,#4486,#4487,#4488,#4489,#4490,
#4491,#4492,#4493,#4494,#4495),.UNSPECIFIED.,.T.,.F.,(1,1,1,1,1,1,1,1,1,
1,1,1,1,1,1,1,1,1,1,1,1,1,1,1,1,1,1,1,1,1,1,1,1,1,1,1,1,1,1,1,1,1,1,1,1,
1,1,1,1,1,1,1,1,1,1,1,1,1,1,1,1,1,1,1,1,1,1,1,1,1,1,1,1,1,1),(-0.00512702725036832,
-0.00256351362518417,-0.0012817568125921,0.,0.00128175681259208,0.00256351362518417,
0.00512702725036833,0.0076905408755525,0.0102540545007367,0.015381081751105,
0.0205081090014733,0.0230716226266575,0.0256351362518417,0.0281986498770258,
0.0294804066896179,0.03076216350221,0.0333256771273941,0.0358891907525783,
0.0384527043777625,0.0410162180029466,0.0422979748155387,0.0435797316281308,
0.046143245253315,0.0487067588784991,0.0512702725036833,0.0563972997540516,
0.06152432700442,0.0640878406296041,0.0666513542547883,0.0692148678799725,
0.0704966246925645,0.0717783815051566,0.0730601383177487,0.0743418951303408,
0.0756236519429329,0.076905408755525,0.0794689223807091,0.0820324360058933,
0.0833141928184854,0.0845959496310774,0.0871594632562616,0.0897229768814458,
0.09228649050663,0.0974135177569983,0.102540545007367,0.105104058632551,
0.107667572257735,0.110231085882919,0.111512842695511,0.112794599508103,
0.114076356320695,0.115358113133287,0.117921626758472,0.120485140383656,
0.12304865400884,0.124330410821432,0.125612167634024,0.128175681259208,
0.130739194884392,0.133302708509577,0.138429735759945,0.143556763010313,
0.146120276635497,0.148683790260682,0.151247303885866,0.152529060698458,
0.15381081751105,0.156374331136234,0.158937844761418,0.161501358386602,
0.162783115199194,0.164064872011787,0.165346628824379,0.166628385636971,
0.169191899262155),.UNSPECIFIED.);
#2258=B_SPLINE_CURVE_WITH_KNOTS('',3,(#4497,#4498,#4499,#4500,#4501,#4502,
#4503,#4504,#4505,#4506,#4507,#4508,#4509,#4510,#4511,#4512,#4513,#4514,
#4515,#4516,#4517,#4518,#4519,#4520,#4521,#4522,#4523,#4524,#4525,#4526,
#4527,#4528,#4529,#4530,#4531,#4532,#4533,#4534,#4535,#4536,#4537,#4538,
#4539,#4540,#4541,#4542,#4543,#4544,#4545,#4546,#4547,#4548,#4549,#4550,
#4551,#4552,#4553,#4554,#4555,#4556,#4557,#4558,#4559,#4560,#4561,#4562,
#4563,#4564,#4565,#4566),.UNSPECIFIED.,.T.,.F.,(1,1,1,1,1,1,1,1,1,1,1,1,
1,1,1,1,1,1,1,1,1,1,1,1,1,1,1,1,1,1,1,1,1,1,1,1,1,1,1,1,1,1,1,1,1,1,1,1,
1,1,1,1,1,1,1,1,1,1,1,1,1,1,1,1,1,1,1,1,1,1,1,1,1,1),(-0.00522095528517558,
-0.00261047764258779,-0.00130523882129391,0.,0.00130523882129389,0.00261047764258778,
0.00522095528517556,0.00783143292776334,0.0104419105703511,0.011747149391645,
0.0130523882129389,0.0156628658555267,0.0182733434981145,0.0208838211407022,
0.0261047764258778,0.0313257317110534,0.0339362093536411,0.0365466869962289,
0.0391571646388167,0.0404624034601106,0.0417676422814045,0.0430728811026984,
0.0443781199239923,0.0469885975665801,0.0495990752091678,0.0522095528517556,
0.0535147916730495,0.0548200304943434,0.0574305081369312,0.0600409857795189,
0.0626514634221067,0.0678724187072823,0.0730933739924579,0.0783143292776334,
0.0809248069202212,0.083535284562809,0.0848405233841029,0.0861457622053968,
0.0887562398479845,0.0913667174905723,0.0939771951331601,0.095282433954454,
0.0965876727757479,0.0978929115970418,0.0991981504183357,0.101808628060923,
0.104419105703511,0.109640060988687,0.114861016273862,0.11747149391645,
0.120081971559038,0.122692449201626,0.12399768802292,0.125302926844213,
0.126608165665507,0.127913404486801,0.130523882129389,0.133134359771977,
0.135744837414565,0.137050076235858,0.138355315057152,0.14096579269974,
0.143576270342328,0.146186747984916,0.151407703270091,0.156628658555267,
0.159239136197855,0.161849613840442,0.16446009148303,0.165765330304324,
0.167070569125618,0.168375807946912,0.169681046768206,0.172291524410794),
 .UNSPECIFIED.);
#2259=B_SPLINE_CURVE_WITH_KNOTS('',3,(#4749,#4750,#4751,#4752,#4753,#4754,
#4755,#4756,#4757,#4758,#4759,#4760,#4761,#4762,#4763,#4764,#4765,#4766,
#4767,#4768,#4769,#4770,#4771,#4772,#4773,#4774,#4775,#4776,#4777,#4778,
#4779,#4780,#4781,#4782,#4783,#4784,#4785,#4786,#4787,#4788,#4789,#4790,
#4791,#4792,#4793,#4794,#4795,#4796,#4797,#4798,#4799,#4800,#4801,#4802,
#4803,#4804,#4805,#4806,#4807,#4808,#4809,#4810,#4811,#4812,#4813,#4814,
#4815,#4816,#4817,#4818),.UNSPECIFIED.,.T.,.F.,(1,1,1,1,1,1,1,1,1,1,1,1,
1,1,1,1,1,1,1,1,1,1,1,1,1,1,1,1,1,1,1,1,1,1,1,1,1,1,1,1,1,1,1,1,1,1,1,1,
1,1,1,1,1,1,1,1,1,1,1,1,1,1,1,1,1,1,1,1,1,1,1,1,1,1),(-0.0050470050203234,
-0.0025235025101617,-0.00126175125508085,0.,0.00126175125508085,0.0025235025101617,
0.0050470050203234,0.00757050753048511,0.0100940100406468,0.0151410150609702,
0.0201880200812936,0.0227115225914553,0.025235025101617,0.0277585276117787,
0.0290202788668596,0.0302820301219404,0.0315437813770213,0.0328055326321021,
0.0353290351422638,0.0378525376524255,0.0403760401625872,0.0416377914176681,
0.0428995426727489,0.0454230451829106,0.0479465476930723,0.050470050203234,
0.0555170552235574,0.0605640602438808,0.0630875627540426,0.0656110652642043,
0.068134567774366,0.0693963190294468,0.0706580702845277,0.0719198215396085,
0.0731815727946894,0.0757050753048511,0.0782285778150128,0.0807520803251745,
0.0832755828353362,0.0857990853454979,0.0883225878556596,0.0908460903658213,
0.0958930953861447,0.100940100406468,0.10346360291663,0.105987105426791,
0.108510607936953,0.109772359192034,0.111034110447115,0.112295861702196,
0.113557612957277,0.116081115467438,0.1186046179776,0.121128120487762,0.122389871742843,
0.123651622997923,0.126175125508085,0.128698628018247,0.131222130528409,
0.136269135548732,0.141316140569055,0.143839643079217,0.146363145589379,
0.14888664809954,0.150148399354621,0.151410150609702,0.153933653119864,
0.156457155630026,0.158980658140187,0.160242409395268,0.161504160650349,
0.16276591190543,0.164027663160511,0.166551165670672),.UNSPECIFIED.);
#2260=B_SPLINE_CURVE_WITH_KNOTS('',3,(#4837,#4838,#4839,#4840,#4841,#4842,
#4843,#4844,#4845,#4846,#4847,#4848,#4849,#4850,#4851,#4852,#4853,#4854,
#4855,#4856,#4857,#4858,#4859,#4860,#4861,#4862,#4863,#4864,#4865,#4866,
#4867,#4868,#4869,#4870,#4871,#4872,#4873,#4874,#4875,#4876,#4877,#4878,
#4879,#4880,#4881,#4882,#4883,#4884,#4885,#4886,#4887,#4888,#4889,#4890,
#4891,#4892,#4893,#4894,#4895,#4896,#4897,#4898,#4899,#4900,#4901,#4902,
#4903,#4904,#4905),.UNSPECIFIED.,.T.,.F.,(1,1,1,1,1,1,1,1,1,1,1,1,1,1,1,
1,1,1,1,1,1,1,1,1,1,1,1,1,1,1,1,1,1,1,1,1,1,1,1,1,1,1,1,1,1,1,1,1,1,1,1,
1,1,1,1,1,1,1,1,1,1,1,1,1,1,1,1,1,1,1,1,1,1),(-0.00512644822544375,-0.00256322411272189,
-0.00128161205636093,0.,0.00128161205636094,0.00256322411272188,0.00512644822544376,
0.00768967233816564,0.0102528964508875,0.0115345085072485,0.0128161205636094,
0.0153793446763313,0.0179425687890532,0.020505792901775,0.0256322411272188,
0.0307586893526626,0.0333219134653844,0.0358851375781063,0.0384483616908282,
0.0397299737471891,0.0410115858035501,0.042293197859911,0.043574809916272,
0.0461380340289938,0.0487012581417157,0.0512644822544376,0.0525460943107985,
0.0538277063671595,0.0563909304798813,0.0589541545926032,0.0615173787053251,
0.0666438269307689,0.0717702751562126,0.0743334992689345,0.0768967233816564,
0.0794599474943783,0.0820231716071001,0.0833047836634611,0.084586395719822,
0.0871496198325439,0.0897128439452658,0.0922760680579877,0.0948392921707095,
0.0974025162834314,0.0999657403961533,0.102528964508875,0.107655412734319,
0.112781860959763,0.115345085072485,0.117908309185206,0.120471533297928,
0.121753145354289,0.12303475741065,0.124316369467011,0.125597981523372,
0.128161205636094,0.130724429748816,0.133287653861538,0.134569265917899,
0.13585087797426,0.138414102086981,0.140977326199703,0.143540550312425,
0.148666998537869,0.153793446763313,0.156356670876035,0.158919894988757,
0.161483119101478,0.162764731157839,0.1640463432142,0.165327955270561,0.166609567326922,
0.169172791439644),.UNSPECIFIED.);
#2261=B_SPLINE_CURVE_WITH_KNOTS('',3,(#4932,#4933,#4934,#4935,#4936,#4937,
#4938),.UNSPECIFIED.,.F.,.F.,(4,1,1,1,4),(0.,0.00217611745361409,0.00435223490722819,
0.00652835236084228,0.00870446981445637),.UNSPECIFIED.);
#2262=B_SPLINE_CURVE_WITH_KNOTS('',3,(#4950,#4951,#4952,#4953,#4954,#4955,
#4956),.UNSPECIFIED.,.F.,.F.,(4,1,1,1,4),(0.,0.0021761174536141,0.0043522349072282,
0.0065283523608423,0.00870446981445639),.UNSPECIFIED.);
#2263=B_SPLINE_CURVE_WITH_KNOTS('',3,(#4974,#4975,#4976,#4977,#4978,#4979,
#4980),.UNSPECIFIED.,.F.,.F.,(4,1,1,1,4),(0.,0.0021761174536141,0.0043522349072282,
0.00652835236084229,0.00870446981445639),.UNSPECIFIED.);
#2264=B_SPLINE_CURVE_WITH_KNOTS('',3,(#4989,#4990,#4991,#4992,#4993,#4994,
#4995),.UNSPECIFIED.,.F.,.F.,(4,1,1,1,4),(0.,0.00217611745361409,0.00435223490722818,
0.00652835236084227,0.00870446981445636),.UNSPECIFIED.);
#2265=B_SPLINE_CURVE_WITH_KNOTS('',3,(#5004,#5005,#5006,#5007,#5008,#5009,
#5010),.UNSPECIFIED.,.F.,.F.,(4,1,1,1,4),(0.,0.00217611745361415,0.00435223490722829,
0.00652835236084244,0.00870446981445658),.UNSPECIFIED.);
#2266=B_SPLINE_CURVE_WITH_KNOTS('',3,(#5022,#5023,#5024,#5025,#5026,#5027,
#5028),.UNSPECIFIED.,.F.,.F.,(4,1,1,1,4),(0.,0.00217611745361415,0.00435223490722831,
0.00652835236084246,0.00870446981445662),.UNSPECIFIED.);
#2267=B_SPLINE_CURVE_WITH_KNOTS('',3,(#5046,#5047,#5048,#5049,#5050,#5051,
#5052),.UNSPECIFIED.,.F.,.F.,(4,1,1,1,4),(0.,0.00217611745361416,0.00435223490722832,
0.00652835236084249,0.00870446981445665),.UNSPECIFIED.);
#2268=B_SPLINE_CURVE_WITH_KNOTS('',3,(#5061,#5062,#5063,#5064,#5065,#5066,
#5067),.UNSPECIFIED.,.F.,.F.,(4,1,1,1,4),(0.,0.00217611745361415,0.0043522349072283,
0.00652835236084245,0.0087044698144566),.UNSPECIFIED.);
#2269=B_SPLINE_CURVE_WITH_KNOTS('',3,(#5076,#5077,#5078,#5079,#5080,#5081,
#5082),.UNSPECIFIED.,.F.,.F.,(4,1,1,1,4),(0.,0.00217611745361416,0.00435223490722831,
0.00652835236084247,0.00870446981445662),.UNSPECIFIED.);
#2270=B_SPLINE_CURVE_WITH_KNOTS('',3,(#5094,#5095,#5096,#5097,#5098,#5099,
#5100),.UNSPECIFIED.,.F.,.F.,(4,1,1,1,4),(0.,0.00217611745361415,0.00435223490722831,
0.00652835236084246,0.00870446981445662),.UNSPECIFIED.);
#2271=B_SPLINE_CURVE_WITH_KNOTS('',3,(#5118,#5119,#5120,#5121,#5122,#5123,
#5124),.UNSPECIFIED.,.F.,.F.,(4,1,1,1,4),(0.,0.00217611745361416,0.00435223490722831,
0.00652835236084247,0.00870446981445662),.UNSPECIFIED.);
#2272=B_SPLINE_CURVE_WITH_KNOTS('',3,(#5133,#5134,#5135,#5136,#5137,#5138,
#5139),.UNSPECIFIED.,.F.,.F.,(4,1,1,1,4),(0.,0.00217611745361415,0.0043522349072283,
0.00652835236084245,0.0087044698144566),.UNSPECIFIED.);
#2273=B_SPLINE_CURVE_WITH_KNOTS('',3,(#5148,#5149,#5150,#5151,#5152,#5153,
#5154),.UNSPECIFIED.,.F.,.F.,(4,1,1,1,4),(0.,0.00217611745361409,0.00435223490722818,
0.00652835236084227,0.00870446981445636),.UNSPECIFIED.);
#2274=B_SPLINE_CURVE_WITH_KNOTS('',3,(#5166,#5167,#5168,#5169,#5170,#5171,
#5172),.UNSPECIFIED.,.F.,.F.,(4,1,1,1,4),(0.,0.0021761174536141,0.0043522349072282,
0.0065283523608423,0.0087044698144564),.UNSPECIFIED.);
#2275=B_SPLINE_CURVE_WITH_KNOTS('',3,(#5190,#5191,#5192,#5193,#5194,#5195,
#5196),.UNSPECIFIED.,.F.,.F.,(4,1,1,1,4),(0.,0.0021761174536141,0.0043522349072282,
0.00652835236084231,0.00870446981445641),.UNSPECIFIED.);
#2276=B_SPLINE_CURVE_WITH_KNOTS('',3,(#5205,#5206,#5207,#5208,#5209,#5210,
#5211),.UNSPECIFIED.,.F.,.F.,(4,1,1,1,4),(0.,0.00217611745361409,0.00435223490722818,
0.00652835236084228,0.00870446981445637),.UNSPECIFIED.);
#2277=B_SPLINE_CURVE_WITH_KNOTS('',3,(#5220,#5221,#5222,#5223,#5224,#5225,
#5226),.UNSPECIFIED.,.F.,.F.,(4,1,1,1,4),(0.,0.00217611745361416,0.00435223490722831,
0.00652835236084247,0.00870446981445663),.UNSPECIFIED.);
#2278=B_SPLINE_CURVE_WITH_KNOTS('',3,(#5238,#5239,#5240,#5241,#5242,#5243,
#5244),.UNSPECIFIED.,.F.,.F.,(4,1,1,1,4),(0.,0.00217611745361415,0.00435223490722831,
0.00652835236084246,0.00870446981445662),.UNSPECIFIED.);
#2279=B_SPLINE_CURVE_WITH_KNOTS('',3,(#5262,#5263,#5264,#5265,#5266,#5267,
#5268),.UNSPECIFIED.,.F.,.F.,(4,1,1,1,4),(0.,0.00217611745361416,0.00435223490722832,
0.00652835236084248,0.00870446981445664),.UNSPECIFIED.);
#2280=B_SPLINE_CURVE_WITH_KNOTS('',3,(#5277,#5278,#5279,#5280,#5281,#5282,
#5283),.UNSPECIFIED.,.F.,.F.,(4,1,1,1,4),(0.,0.00217611745361414,0.00435223490722829,
0.00652835236084243,0.00870446981445658),.UNSPECIFIED.);
#2281=B_SPLINE_CURVE_WITH_KNOTS('',3,(#5292,#5293,#5294,#5295,#5296,#5297,
#5298),.UNSPECIFIED.,.F.,.F.,(4,1,1,1,4),(0.,0.00217611745361415,0.00435223490722829,
0.00652835236084244,0.00870446981445658),.UNSPECIFIED.);
#2282=B_SPLINE_CURVE_WITH_KNOTS('',3,(#5310,#5311,#5312,#5313,#5314,#5315,
#5316),.UNSPECIFIED.,.F.,.F.,(4,1,1,1,4),(0.,0.00217611745361415,0.00435223490722831,
0.00652835236084246,0.00870446981445662),.UNSPECIFIED.);
#2283=B_SPLINE_CURVE_WITH_KNOTS('',3,(#5334,#5335,#5336,#5337,#5338,#5339,
#5340),.UNSPECIFIED.,.F.,.F.,(4,1,1,1,4),(0.,0.00217611745361416,0.00435223490722832,
0.00652835236084248,0.00870446981445665),.UNSPECIFIED.);
#2284=B_SPLINE_CURVE_WITH_KNOTS('',3,(#5349,#5350,#5351,#5352,#5353,#5354,
#5355),.UNSPECIFIED.,.F.,.F.,(4,1,1,1,4),(0.,0.00217611745361414,0.00435223490722829,
0.00652835236084243,0.00870446981445658),.UNSPECIFIED.);
#2285=EDGE_LOOP('',(#733,#734,#735,#736));
#2286=EDGE_LOOP('',(#737,#738,#739,#740));
#2287=EDGE_LOOP('',(#741,#742,#743,#744));
#2288=EDGE_LOOP('',(#745,#746,#747,#748));
#2289=EDGE_LOOP('',(#749,#750,#751,#752));
#2290=EDGE_LOOP('',(#753,#754,#755,#756));
#2291=EDGE_LOOP('',(#757,#758,#759,#760));
#2292=EDGE_LOOP('',(#761,#762,#763,#764));
#2293=EDGE_LOOP('',(#765,#766,#767,#768));
#2294=EDGE_LOOP('',(#769,#770,#771,#772));
#2295=EDGE_LOOP('',(#773,#774,#775,#776));
#2296=EDGE_LOOP('',(#777,#778,#779,#780));
#2297=EDGE_LOOP('',(#781));
#2298=EDGE_LOOP('',(#782));
#2299=EDGE_LOOP('',(#783,#784,#785,#786,#787,#788,#789,#790,#791,#792,#793,
#794,#795,#796,#797,#798,#799,#800,#801,#802,#803,#804));
#2300=EDGE_LOOP('',(#805,#806,#807,#808));
#2301=EDGE_LOOP('',(#809,#810,#811,#812,#813,#814,#815,#816,#817,#818,#819,
#820,#821,#822,#823,#824,#825,#826,#827,#828,#829,#830));
#2302=EDGE_LOOP('',(#831,#832,#833,#834));
#2303=EDGE_LOOP('',(#835,#836,#837,#838,#839,#840,#841,#842,#843,#844,#845,
#846,#847,#848,#849,#850,#851,#852,#853,#854,#855,#856));
#2304=EDGE_LOOP('',(#857,#858,#859,#860));
#2305=EDGE_LOOP('',(#861,#862,#863,#864,#865,#866,#867,#868,#869,#870,#871,
#872,#873,#874,#875,#876,#877,#878,#879,#880,#881,#882));
#2306=EDGE_LOOP('',(#883,#884,#885,#886));
#2307=EDGE_LOOP('',(#887));
#2308=EDGE_LOOP('',(#888,#889,#890,#891,#892,#893,#894,#895));
#2309=EDGE_LOOP('',(#896));
#2310=EDGE_LOOP('',(#897,#898,#899,#900,#901,#902,#903,#904));
#2311=EDGE_LOOP('',(#905,#906,#907,#908));
#2312=EDGE_LOOP('',(#909,#910,#911,#912));
#2313=EDGE_LOOP('',(#913,#914,#915,#916));
#2314=EDGE_LOOP('',(#917,#918,#919,#920));
#2315=EDGE_LOOP('',(#921,#922,#923,#924));
#2316=EDGE_LOOP('',(#925,#926,#927,#928));
#2317=EDGE_LOOP('',(#929,#930,#931,#932));
#2318=EDGE_LOOP('',(#933,#934,#935,#936));
#2319=EDGE_LOOP('',(#937,#938,#939,#940));
#2320=EDGE_LOOP('',(#941,#942,#943,#944));
#2321=EDGE_LOOP('',(#945,#946,#947,#948));
#2322=EDGE_LOOP('',(#949,#950,#951,#952));
#2323=EDGE_LOOP('',(#953,#954,#955,#956));
#2324=EDGE_LOOP('',(#957,#958,#959,#960));
#2325=EDGE_LOOP('',(#961,#962,#963,#964));
#2326=EDGE_LOOP('',(#965,#966,#967,#968));
#2327=EDGE_LOOP('',(#969,#970,#971,#972));
#2328=EDGE_LOOP('',(#973,#974,#975,#976));
#2329=EDGE_LOOP('',(#977,#978,#979,#980));
#2330=EDGE_LOOP('',(#981,#982,#983,#984));
#2331=EDGE_LOOP('',(#985,#986,#987,#988));
#2332=EDGE_LOOP('',(#989,#990,#991,#992));
#2333=EDGE_LOOP('',(#993,#994,#995,#996));
#2334=EDGE_LOOP('',(#997,#998,#999,#1000));
#2335=EDGE_LOOP('',(#1001,#1002,#1003,#1004));
#2336=EDGE_LOOP('',(#1005,#1006,#1007,#1008));
#2337=EDGE_LOOP('',(#1009,#1010,#1011,#1012));
#2338=EDGE_LOOP('',(#1013,#1014,#1015,#1016));
#2339=EDGE_LOOP('',(#1017,#1018,#1019,#1020));
#2340=EDGE_LOOP('',(#1021,#1022,#1023,#1024));
#2341=EDGE_LOOP('',(#1025,#1026,#1027,#1028));
#2342=EDGE_LOOP('',(#1029,#1030,#1031,#1032));
#2343=EDGE_LOOP('',(#1033,#1034,#1035,#1036));
#2344=EDGE_LOOP('',(#1037,#1038,#1039,#1040));
#2345=EDGE_LOOP('',(#1041,#1042,#1043,#1044));
#2346=EDGE_LOOP('',(#1045,#1046,#1047,#1048));
#2347=EDGE_LOOP('',(#1049,#1050,#1051,#1052));
#2348=EDGE_LOOP('',(#1053,#1054,#1055,#1056));
#2349=EDGE_LOOP('',(#1057,#1058,#1059,#1060));
#2350=EDGE_LOOP('',(#1061,#1062,#1063,#1064));
#2351=EDGE_LOOP('',(#1065,#1066,#1067,#1068));
#2352=EDGE_LOOP('',(#1069,#1070,#1071,#1072));
#2353=EDGE_LOOP('',(#1073,#1074,#1075,#1076));
#2354=EDGE_LOOP('',(#1077,#1078,#1079,#1080));
#2355=EDGE_LOOP('',(#1081,#1082,#1083,#1084));
#2356=EDGE_LOOP('',(#1085,#1086,#1087,#1088));
#2357=EDGE_LOOP('',(#1089,#1090,#1091,#1092));
#2358=EDGE_LOOP('',(#1093,#1094,#1095,#1096));
#2359=EDGE_LOOP('',(#1097,#1098,#1099,#1100));
#2360=EDGE_LOOP('',(#1101,#1102,#1103,#1104));
#2361=EDGE_LOOP('',(#1105,#1106,#1107,#1108,#1109));
#2362=EDGE_LOOP('',(#1110,#1111,#1112,#1113));
#2363=EDGE_LOOP('',(#1114,#1115,#1116,#1117,#1118));
#2364=EDGE_LOOP('',(#1119,#1120,#1121,#1122));
#2365=EDGE_LOOP('',(#1123,#1124,#1125,#1126));
#2366=EDGE_LOOP('',(#1127,#1128,#1129,#1130));
#2367=EDGE_LOOP('',(#1131,#1132,#1133,#1134));
#2368=EDGE_LOOP('',(#1135,#1136,#1137,#1138));
#2369=EDGE_LOOP('',(#1139,#1140,#1141,#1142,#1143));
#2370=EDGE_LOOP('',(#1144,#1145,#1146,#1147));
#2371=EDGE_LOOP('',(#1148,#1149,#1150,#1151));
#2372=EDGE_LOOP('',(#1152,#1153,#1154,#1155,#1156));
#2373=EDGE_LOOP('',(#1157,#1158,#1159,#1160));
#2374=EDGE_LOOP('',(#1161,#1162,#1163,#1164));
#2375=EDGE_LOOP('',(#1165,#1166,#1167,#1168));
#2376=EDGE_LOOP('',(#1169,#1170,#1171,#1172));
#2377=EDGE_LOOP('',(#1173,#1174,#1175,#1176));
#2378=EDGE_LOOP('',(#1177,#1178,#1179,#1180,#1181));
#2379=EDGE_LOOP('',(#1182,#1183,#1184,#1185));
#2380=EDGE_LOOP('',(#1186,#1187,#1188,#1189,#1190));
#2381=EDGE_LOOP('',(#1191,#1192,#1193,#1194));
#2382=EDGE_LOOP('',(#1195,#1196,#1197,#1198));
#2383=EDGE_LOOP('',(#1199,#1200,#1201,#1202));
#2384=EDGE_LOOP('',(#1203,#1204,#1205,#1206,#1207));
#2385=EDGE_LOOP('',(#1208,#1209,#1210,#1211));
#2386=EDGE_LOOP('',(#1212,#1213,#1214,#1215));
#2387=EDGE_LOOP('',(#1216,#1217,#1218,#1219));
#2388=EDGE_LOOP('',(#1220,#1221,#1222,#1223));
#2389=EDGE_LOOP('',(#1224,#1225,#1226,#1227));
#2390=EDGE_LOOP('',(#1228,#1229,#1230,#1231,#1232));
#2391=EDGE_LOOP('',(#1233,#1234,#1235,#1236));
#2392=EDGE_LOOP('',(#1237,#1238,#1239,#1240,#1241));
#2393=EDGE_LOOP('',(#1242,#1243,#1244,#1245));
#2394=EDGE_LOOP('',(#1246,#1247,#1248,#1249));
#2395=EDGE_LOOP('',(#1250,#1251,#1252,#1253));
#2396=EDGE_LOOP('',(#1254,#1255,#1256,#1257));
#2397=EDGE_LOOP('',(#1258,#1259,#1260,#1261,#1262));
#2398=EDGE_LOOP('',(#1263,#1264,#1265,#1266));
#2399=EDGE_LOOP('',(#1267,#1268,#1269,#1270,#1271));
#2400=EDGE_LOOP('',(#1272,#1273,#1274,#1275));
#2401=EDGE_LOOP('',(#1276,#1277,#1278,#1279));
#2402=EDGE_LOOP('',(#1280,#1281,#1282,#1283));
#2403=EDGE_LOOP('',(#1284,#1285,#1286,#1287));
#2404=EDGE_LOOP('',(#1288,#1289,#1290,#1291));
#2405=EDGE_LOOP('',(#1292,#1293,#1294,#1295,#1296));
#2406=EDGE_LOOP('',(#1297,#1298,#1299,#1300));
#2407=EDGE_LOOP('',(#1301,#1302,#1303,#1304));
#2408=EDGE_LOOP('',(#1305,#1306,#1307,#1308,#1309,#1310,#1311));
#2409=EDGE_LOOP('',(#1312,#1313,#1314,#1315,#1316,#1317,#1318));
#2410=EDGE_LOOP('',(#1319,#1320,#1321,#1322));
#2411=EDGE_LOOP('',(#1323,#1324,#1325,#1326));
#2412=EDGE_LOOP('',(#1327,#1328,#1329,#1330,#1331,#1332,#1333));
#2413=EDGE_LOOP('',(#1334,#1335,#1336,#1337,#1338,#1339,#1340));
#2414=EDGE_LOOP('',(#1341,#1342,#1343,#1344));
#2415=EDGE_LOOP('',(#1345,#1346,#1347,#1348));
#2416=EDGE_LOOP('',(#1349,#1350,#1351,#1352));
#2417=EDGE_LOOP('',(#1353,#1354,#1355,#1356));
#2418=EDGE_LOOP('',(#1357,#1358,#1359,#1360));
#2419=EDGE_LOOP('',(#1361,#1362,#1363,#1364));
#2420=EDGE_LOOP('',(#1365,#1366,#1367,#1368));
#2421=EDGE_LOOP('',(#1369,#1370,#1371,#1372));
#2422=EDGE_LOOP('',(#1373,#1374,#1375,#1376));
#2423=EDGE_LOOP('',(#1377,#1378,#1379,#1380));
#2424=EDGE_LOOP('',(#1381,#1382,#1383,#1384));
#2425=EDGE_LOOP('',(#1385,#1386,#1387,#1388));
#2426=EDGE_LOOP('',(#1389,#1390,#1391,#1392));
#2427=EDGE_LOOP('',(#1393,#1394,#1395,#1396));
#2428=EDGE_LOOP('',(#1397,#1398,#1399,#1400));
#2429=EDGE_LOOP('',(#1401,#1402,#1403,#1404));
#2430=EDGE_LOOP('',(#1405,#1406,#1407,#1408));
#2431=EDGE_LOOP('',(#1409,#1410,#1411,#1412));
#2432=EDGE_LOOP('',(#1413,#1414,#1415,#1416));
#2433=EDGE_LOOP('',(#1417,#1418,#1419,#1420));
#2434=EDGE_LOOP('',(#1421,#1422,#1423,#1424));
#2435=EDGE_LOOP('',(#1425,#1426,#1427,#1428));
#2436=EDGE_LOOP('',(#1429,#1430,#1431,#1432));
#2437=EDGE_LOOP('',(#1433,#1434,#1435,#1436));
#2438=EDGE_LOOP('',(#1437,#1438,#1439,#1440));
#2439=EDGE_LOOP('',(#1441,#1442,#1443,#1444));
#2440=EDGE_LOOP('',(#1445,#1446,#1447,#1448));
#2441=EDGE_LOOP('',(#1449,#1450,#1451,#1452));
#2442=EDGE_LOOP('',(#1453,#1454,#1455,#1456));
#2443=EDGE_LOOP('',(#1457,#1458,#1459,#1460));
#2444=EDGE_LOOP('',(#1461,#1462,#1463,#1464));
#2445=EDGE_LOOP('',(#1465,#1466,#1467,#1468));
#2446=EDGE_LOOP('',(#1469,#1470,#1471,#1472));
#2447=EDGE_LOOP('',(#1473,#1474,#1475,#1476));
#2448=EDGE_LOOP('',(#1477,#1478,#1479,#1480));
#2449=EDGE_LOOP('',(#1481,#1482,#1483,#1484));
#2450=EDGE_LOOP('',(#1485,#1486,#1487,#1488));
#2451=EDGE_LOOP('',(#1489,#1490,#1491,#1492));
#2452=EDGE_LOOP('',(#1493,#1494,#1495,#1496));
#2453=EDGE_LOOP('',(#1497,#1498,#1499,#1500));
#2454=EDGE_LOOP('',(#1501,#1502,#1503,#1504));
#2455=EDGE_LOOP('',(#1505,#1506,#1507,#1508));
#2456=EDGE_LOOP('',(#1509,#1510,#1511,#1512));
#2457=EDGE_LOOP('',(#1513,#1514,#1515,#1516));
#2458=EDGE_LOOP('',(#1517,#1518,#1519,#1520));
#2459=EDGE_LOOP('',(#1521,#1522,#1523,#1524));
#2460=EDGE_LOOP('',(#1525,#1526,#1527,#1528));
#2461=EDGE_LOOP('',(#1529,#1530,#1531,#1532));
#2462=EDGE_LOOP('',(#1533,#1534,#1535,#1536));
#2463=EDGE_LOOP('',(#1537,#1538,#1539,#1540));
#2464=EDGE_LOOP('',(#1541,#1542,#1543,#1544));
#2465=EDGE_LOOP('',(#1545,#1546,#1547,#1548));
#2466=EDGE_LOOP('',(#1549,#1550,#1551,#1552));
#2467=EDGE_LOOP('',(#1553,#1554,#1555,#1556));
#2468=EDGE_LOOP('',(#1557,#1558,#1559,#1560));
#2469=EDGE_LOOP('',(#1561,#1562,#1563,#1564));
#2470=EDGE_LOOP('',(#1565,#1566,#1567,#1568));
#2471=EDGE_LOOP('',(#1569));
#2472=EDGE_LOOP('',(#1570));
#2473=EDGE_LOOP('',(#1571));
#2474=EDGE_LOOP('',(#1572));
#2475=FACE_BOUND('',#2285,.T.);
#2476=FACE_BOUND('',#2286,.T.);
#2477=FACE_BOUND('',#2287,.T.);
#2478=FACE_BOUND('',#2288,.T.);
#2479=FACE_BOUND('',#2289,.T.);
#2480=FACE_BOUND('',#2290,.T.);
#2481=FACE_BOUND('',#2291,.T.);
#2482=FACE_BOUND('',#2292,.T.);
#2483=FACE_BOUND('',#2293,.T.);
#2484=FACE_BOUND('',#2294,.T.);
#2485=FACE_BOUND('',#2295,.T.);
#2486=FACE_BOUND('',#2296,.T.);
#2487=FACE_BOUND('',#2297,.T.);
#2488=FACE_BOUND('',#2298,.T.);
#2489=FACE_BOUND('',#2299,.T.);
#2490=FACE_BOUND('',#2300,.T.);
#2491=FACE_BOUND('',#2301,.T.);
#2492=FACE_BOUND('',#2302,.T.);
#2493=FACE_BOUND('',#2303,.T.);
#2494=FACE_BOUND('',#2304,.T.);
#2495=FACE_BOUND('',#2305,.T.);
#2496=FACE_BOUND('',#2306,.T.);
#2497=FACE_BOUND('',#2307,.T.);
#2498=FACE_BOUND('',#2308,.T.);
#2499=FACE_BOUND('',#2309,.T.);
#2500=FACE_BOUND('',#2310,.T.);
#2501=FACE_BOUND('',#2311,.T.);
#2502=FACE_BOUND('',#2312,.T.);
#2503=FACE_BOUND('',#2313,.T.);
#2504=FACE_BOUND('',#2314,.T.);
#2505=FACE_BOUND('',#2315,.T.);
#2506=FACE_BOUND('',#2316,.T.);
#2507=FACE_BOUND('',#2317,.T.);
#2508=FACE_BOUND('',#2318,.T.);
#2509=FACE_BOUND('',#2319,.T.);
#2510=FACE_BOUND('',#2320,.T.);
#2511=FACE_BOUND('',#2321,.T.);
#2512=FACE_BOUND('',#2322,.T.);
#2513=FACE_BOUND('',#2323,.T.);
#2514=FACE_BOUND('',#2324,.T.);
#2515=FACE_BOUND('',#2325,.T.);
#2516=FACE_BOUND('',#2326,.T.);
#2517=FACE_BOUND('',#2327,.T.);
#2518=FACE_BOUND('',#2328,.T.);
#2519=FACE_BOUND('',#2329,.T.);
#2520=FACE_BOUND('',#2330,.T.);
#2521=FACE_BOUND('',#2331,.T.);
#2522=FACE_BOUND('',#2332,.T.);
#2523=FACE_BOUND('',#2333,.T.);
#2524=FACE_BOUND('',#2334,.T.);
#2525=FACE_BOUND('',#2335,.T.);
#2526=FACE_BOUND('',#2336,.T.);
#2527=FACE_BOUND('',#2337,.T.);
#2528=FACE_BOUND('',#2338,.T.);
#2529=FACE_BOUND('',#2339,.T.);
#2530=FACE_BOUND('',#2340,.T.);
#2531=FACE_BOUND('',#2341,.T.);
#2532=FACE_BOUND('',#2342,.T.);
#2533=FACE_BOUND('',#2343,.T.);
#2534=FACE_BOUND('',#2344,.T.);
#2535=FACE_BOUND('',#2345,.T.);
#2536=FACE_BOUND('',#2346,.T.);
#2537=FACE_BOUND('',#2347,.T.);
#2538=FACE_BOUND('',#2348,.T.);
#2539=FACE_BOUND('',#2349,.T.);
#2540=FACE_BOUND('',#2350,.T.);
#2541=FACE_BOUND('',#2351,.T.);
#2542=FACE_BOUND('',#2352,.T.);
#2543=FACE_BOUND('',#2353,.T.);
#2544=FACE_BOUND('',#2354,.T.);
#2545=FACE_BOUND('',#2355,.T.);
#2546=FACE_BOUND('',#2356,.T.);
#2547=FACE_BOUND('',#2357,.T.);
#2548=FACE_BOUND('',#2358,.T.);
#2549=FACE_BOUND('',#2359,.T.);
#2550=FACE_BOUND('',#2360,.T.);
#2551=FACE_BOUND('',#2361,.T.);
#2552=FACE_BOUND('',#2362,.T.);
#2553=FACE_BOUND('',#2363,.T.);
#2554=FACE_BOUND('',#2364,.T.);
#2555=FACE_BOUND('',#2365,.T.);
#2556=FACE_BOUND('',#2366,.T.);
#2557=FACE_BOUND('',#2367,.T.);
#2558=FACE_BOUND('',#2368,.T.);
#2559=FACE_BOUND('',#2369,.T.);
#2560=FACE_BOUND('',#2370,.T.);
#2561=FACE_BOUND('',#2371,.T.);
#2562=FACE_BOUND('',#2372,.T.);
#2563=FACE_BOUND('',#2373,.T.);
#2564=FACE_BOUND('',#2374,.T.);
#2565=FACE_BOUND('',#2375,.T.);
#2566=FACE_BOUND('',#2376,.T.);
#2567=FACE_BOUND('',#2377,.T.);
#2568=FACE_BOUND('',#2378,.T.);
#2569=FACE_BOUND('',#2379,.T.);
#2570=FACE_BOUND('',#2380,.T.);
#2571=FACE_BOUND('',#2381,.T.);
#2572=FACE_BOUND('',#2382,.T.);
#2573=FACE_BOUND('',#2383,.T.);
#2574=FACE_BOUND('',#2384,.T.);
#2575=FACE_BOUND('',#2385,.T.);
#2576=FACE_BOUND('',#2386,.T.);
#2577=FACE_BOUND('',#2387,.T.);
#2578=FACE_BOUND('',#2388,.T.);
#2579=FACE_BOUND('',#2389,.T.);
#2580=FACE_BOUND('',#2390,.T.);
#2581=FACE_BOUND('',#2391,.T.);
#2582=FACE_BOUND('',#2392,.T.);
#2583=FACE_BOUND('',#2393,.T.);
#2584=FACE_BOUND('',#2394,.T.);
#2585=FACE_BOUND('',#2395,.T.);
#2586=FACE_BOUND('',#2396,.T.);
#2587=FACE_BOUND('',#2397,.T.);
#2588=FACE_BOUND('',#2398,.T.);
#2589=FACE_BOUND('',#2399,.T.);
#2590=FACE_BOUND('',#2400,.T.);
#2591=FACE_BOUND('',#2401,.T.);
#2592=FACE_BOUND('',#2402,.T.);
#2593=FACE_BOUND('',#2403,.T.);
#2594=FACE_BOUND('',#2404,.T.);
#2595=FACE_BOUND('',#2405,.T.);
#2596=FACE_BOUND('',#2406,.T.);
#2597=FACE_BOUND('',#2407,.T.);
#2598=FACE_BOUND('',#2408,.T.);
#2599=FACE_BOUND('',#2409,.T.);
#2600=FACE_BOUND('',#2410,.T.);
#2601=FACE_BOUND('',#2411,.T.);
#2602=FACE_BOUND('',#2412,.T.);
#2603=FACE_BOUND('',#2413,.T.);
#2604=FACE_BOUND('',#2414,.T.);
#2605=FACE_BOUND('',#2415,.T.);
#2606=FACE_BOUND('',#2416,.T.);
#2607=FACE_BOUND('',#2417,.T.);
#2608=FACE_BOUND('',#2418,.T.);
#2609=FACE_BOUND('',#2419,.T.);
#2610=FACE_BOUND('',#2420,.T.);
#2611=FACE_BOUND('',#2421,.T.);
#2612=FACE_BOUND('',#2422,.T.);
#2613=FACE_BOUND('',#2423,.T.);
#2614=FACE_BOUND('',#2424,.T.);
#2615=FACE_BOUND('',#2425,.T.);
#2616=FACE_BOUND('',#2426,.T.);
#2617=FACE_BOUND('',#2427,.T.);
#2618=FACE_BOUND('',#2428,.T.);
#2619=FACE_BOUND('',#2429,.T.);
#2620=FACE_BOUND('',#2430,.T.);
#2621=FACE_BOUND('',#2431,.T.);
#2622=FACE_BOUND('',#2432,.T.);
#2623=FACE_BOUND('',#2433,.T.);
#2624=FACE_BOUND('',#2434,.T.);
#2625=FACE_BOUND('',#2435,.T.);
#2626=FACE_BOUND('',#2436,.T.);
#2627=FACE_BOUND('',#2437,.T.);
#2628=FACE_BOUND('',#2438,.T.);
#2629=FACE_BOUND('',#2439,.T.);
#2630=FACE_BOUND('',#2440,.T.);
#2631=FACE_BOUND('',#2441,.T.);
#2632=FACE_BOUND('',#2442,.T.);
#2633=FACE_BOUND('',#2443,.T.);
#2634=FACE_BOUND('',#2444,.T.);
#2635=FACE_BOUND('',#2445,.T.);
#2636=FACE_BOUND('',#2446,.T.);
#2637=FACE_BOUND('',#2447,.T.);
#2638=FACE_BOUND('',#2448,.T.);
#2639=FACE_BOUND('',#2449,.T.);
#2640=FACE_BOUND('',#2450,.T.);
#2641=FACE_BOUND('',#2451,.T.);
#2642=FACE_BOUND('',#2452,.T.);
#2643=FACE_BOUND('',#2453,.T.);
#2644=FACE_BOUND('',#2454,.T.);
#2645=FACE_BOUND('',#2455,.T.);
#2646=FACE_BOUND('',#2456,.T.);
#2647=FACE_BOUND('',#2457,.T.);
#2648=FACE_BOUND('',#2458,.T.);
#2649=FACE_BOUND('',#2459,.T.);
#2650=FACE_BOUND('',#2460,.T.);
#2651=FACE_BOUND('',#2461,.T.);
#2652=FACE_BOUND('',#2462,.T.);
#2653=FACE_BOUND('',#2463,.T.);
#2654=FACE_BOUND('',#2464,.T.);
#2655=FACE_BOUND('',#2465,.T.);
#2656=FACE_BOUND('',#2466,.T.);
#2657=FACE_BOUND('',#2467,.T.);
#2658=FACE_BOUND('',#2468,.T.);
#2659=FACE_BOUND('',#2469,.T.);
#2660=FACE_BOUND('',#2470,.T.);
#2661=FACE_BOUND('',#2471,.T.);
#2662=FACE_BOUND('',#2472,.T.);
#2663=FACE_BOUND('',#2473,.T.);
#2664=FACE_BOUND('',#2474,.T.);
#2665=B_SPLINE_SURFACE_WITH_KNOTS('',3,1,((#4041,#4042),(#4043,#4044),(#4045,
#4046),(#4047,#4048),(#4049,#4050),(#4051,#4052),(#4053,#4054),(#4055,#4056),
(#4057,#4058),(#4059,#4060),(#4061,#4062),(#4063,#4064),(#4065,#4066),(#4067,
#4068),(#4069,#4070),(#4071,#4072),(#4073,#4074),(#4075,#4076),(#4077,#4078),
(#4079,#4080),(#4081,#4082),(#4083,#4084),(#4085,#4086),(#4087,#4088),(#4089,
#4090),(#4091,#4092),(#4093,#4094),(#4095,#4096),(#4097,#4098),(#4099,#4100),
(#4101,#4102),(#4103,#4104),(#4105,#4106),(#4107,#4108),(#4109,#4110),(#4111,
#4112),(#4113,#4114),(#4115,#4116),(#4117,#4118),(#4119,#4120),(#4121,#4122),
(#4123,#4124),(#4125,#4126),(#4127,#4128),(#4129,#4130),(#4131,#4132),(#4133,
#4134),(#4135,#4136),(#4137,#4138),(#4139,#4140),(#4141,#4142),(#4143,#4144),
(#4145,#4146),(#4147,#4148),(#4149,#4150),(#4151,#4152),(#4153,#4154),(#4155,
#4156),(#4157,#4158),(#4159,#4160),(#4161,#4162),(#4163,#4164),(#4165,#4166),
(#4167,#4168),(#4169,#4170),(#4171,#4172),(#4173,#4174),(#4175,#4176),(#4177,
#4178),(#4179,#4180),(#4181,#4182),(#4183,#4184)),
 .SURF_OF_LINEAR_EXTRUSION.,.T.,.F.,.F.,(1,1,1,1,1,1,1,1,1,1,1,1,1,1,1,
1,1,1,1,1,1,1,1,1,1,1,1,1,1,1,1,1,1,1,1,1,1,1,1,1,1,1,1,1,1,1,1,1,1,1,1,
1,1,1,1,1,1,1,1,1,1,1,1,1,1,1,1,1,1,1,1,1,1,1,1,1),(2,2),(-0.0052041385380297,
-0.00260206926901485,-0.00130103463450743,0.,0.00130103463450743,0.00260206926901486,
0.00520413853802972,0.00780620780704458,0.0104082770760594,0.0130103463450743,
0.0156124156140892,0.018214484883104,0.0208165541521189,0.0260206926901486,
0.0312248312281783,0.0338269004971932,0.036428969766208,0.0390310390352229,
0.0403320736697303,0.0416331083042377,0.0429341429387452,0.0442351775732526,
0.0468372468422675,0.0494393161112823,0.0507403507457898,0.0520413853802972,
0.0533424200148046,0.054643454649312,0.0572455239183269,0.0598475931873418,
0.0624496624563566,0.0676538009943863,0.0728579395324161,0.0754600088014309,
0.0780620780704458,0.0806641473394606,0.0819651819739681,0.0832662166084755,
0.0845672512429829,0.0858682858774903,0.0884703551465052,0.0910724244155201,
0.0923734590500275,0.0936744936845349,0.0949755283190424,0.0962765629535498,
0.0988786322225647,0.10148070149158,0.104082770760594,0.109286909298624,
0.114491047836654,0.117093117105669,0.119695186374684,0.122297255643698,
0.123598290278206,0.124899324912713,0.126200359547221,0.127501394181728,
0.130103463450743,0.132705532719758,0.135307601988773,0.13660863662328,
0.137909671257788,0.140511740526802,0.143113809795817,0.145715879064832,
0.150920017602862,0.156124156140892,0.158726225409906,0.161328294678921,
0.163930363947936,0.165231398582444,0.166532433216951,0.167833467851458,
0.169134502485966,0.171736571754981),(0.,1.),.UNSPECIFIED.);
#2666=ADVANCED_FACE('',(#2475,#2476,#2477,#2478,#2479,#2480,#2481,#2482,
#2483,#2484,#2485,#2486,#2487,#2488),#2665,.T.);
#2667=ADVANCED_FACE('',(#2489),#342,.T.);
#2668=ADVANCED_FACE('',(#2490),#70,.F.);
#2669=ADVANCED_FACE('',(#2491),#343,.T.);
#2670=ADVANCED_FACE('',(#2492),#71,.F.);
#2671=ADVANCED_FACE('',(#2493),#344,.T.);
#2672=ADVANCED_FACE('',(#2494),#72,.F.);
#2673=ADVANCED_FACE('',(#2495),#345,.T.);
#2674=ADVANCED_FACE('',(#2496),#73,.F.);
#2675=ADVANCED_FACE('',(#2497),#346,.T.);
#2676=ADVANCED_FACE('',(#2498,#2499),#347,.F.);
#2677=ADVANCED_FACE('',(#2500),#348,.F.);
#2678=ADVANCED_FACE('',(#2501),#74,.F.);
#2679=ADVANCED_FACE('',(#2502),#349,.T.);
#2680=ADVANCED_FACE('',(#2503),#75,.F.);
#2681=ADVANCED_FACE('',(#2504),#350,.F.);
#2682=ADVANCED_FACE('',(#2505),#351,.F.);
#2683=ADVANCED_FACE('',(#2506),#76,.F.);
#2684=ADVANCED_FACE('',(#2507),#352,.T.);
#2685=ADVANCED_FACE('',(#2508),#77,.F.);
#2686=ADVANCED_FACE('',(#2509),#78,.F.);
#2687=ADVANCED_FACE('',(#2510),#353,.T.);
#2688=ADVANCED_FACE('',(#2511),#79,.F.);
#2689=ADVANCED_FACE('',(#2512),#354,.F.);
#2690=ADVANCED_FACE('',(#2513),#355,.F.);
#2691=ADVANCED_FACE('',(#2514),#80,.F.);
#2692=ADVANCED_FACE('',(#2515),#356,.T.);
#2693=ADVANCED_FACE('',(#2516),#81,.F.);
#2694=ADVANCED_FACE('',(#2517),#82,.F.);
#2695=ADVANCED_FACE('',(#2518),#357,.T.);
#2696=ADVANCED_FACE('',(#2519),#83,.F.);
#2697=ADVANCED_FACE('',(#2520),#358,.F.);
#2698=ADVANCED_FACE('',(#2521),#359,.F.);
#2699=ADVANCED_FACE('',(#2522),#84,.F.);
#2700=ADVANCED_FACE('',(#2523),#360,.T.);
#2701=ADVANCED_FACE('',(#2524),#85,.F.);
#2702=ADVANCED_FACE('',(#2525),#86,.F.);
#2703=ADVANCED_FACE('',(#2526),#361,.F.);
#2704=ADVANCED_FACE('',(#2527),#87,.F.);
#2705=ADVANCED_FACE('',(#2528),#362,.T.);
#2706=ADVANCED_FACE('',(#2529),#363,.T.);
#2707=ADVANCED_FACE('',(#2530),#88,.F.);
#2708=ADVANCED_FACE('',(#2531),#364,.F.);
#2709=ADVANCED_FACE('',(#2532),#89,.F.);
#2710=ADVANCED_FACE('',(#2533),#90,.F.);
#2711=ADVANCED_FACE('',(#2534),#365,.F.);
#2712=ADVANCED_FACE('',(#2535),#91,.F.);
#2713=ADVANCED_FACE('',(#2536),#366,.T.);
#2714=ADVANCED_FACE('',(#2537),#367,.T.);
#2715=ADVANCED_FACE('',(#2538),#92,.F.);
#2716=ADVANCED_FACE('',(#2539),#368,.F.);
#2717=ADVANCED_FACE('',(#2540),#93,.F.);
#2718=ADVANCED_FACE('',(#2541),#94,.F.);
#2719=ADVANCED_FACE('',(#2542),#369,.F.);
#2720=ADVANCED_FACE('',(#2543),#95,.F.);
#2721=ADVANCED_FACE('',(#2544),#370,.T.);
#2722=ADVANCED_FACE('',(#2545),#371,.T.);
#2723=ADVANCED_FACE('',(#2546),#96,.F.);
#2724=ADVANCED_FACE('',(#2547),#372,.F.);
#2725=ADVANCED_FACE('',(#2548),#97,.F.);
#2726=ADVANCED_FACE('',(#2549),#98,.T.);
#2727=ADVANCED_FACE('',(#2550),#38,.T.);
#2728=ADVANCED_FACE('',(#2551),#39,.T.);
#2729=ADVANCED_FACE('',(#2552),#99,.T.);
#2730=ADVANCED_FACE('',(#2553),#40,.T.);
#2731=ADVANCED_FACE('',(#2554),#100,.T.);
#2732=ADVANCED_FACE('',(#2555),#101,.T.);
#2733=ADVANCED_FACE('',(#2556),#41,.T.);
#2734=ADVANCED_FACE('',(#2557),#102,.T.);
#2735=ADVANCED_FACE('',(#2558),#42,.T.);
#2736=ADVANCED_FACE('',(#2559),#43,.T.);
#2737=ADVANCED_FACE('',(#2560),#103,.T.);
#2738=ADVANCED_FACE('',(#2561),#104,.T.);
#2739=ADVANCED_FACE('',(#2562),#44,.T.);
#2740=ADVANCED_FACE('',(#2563),#45,.T.);
#2741=ADVANCED_FACE('',(#2564),#105,.T.);
#2742=ADVANCED_FACE('',(#2565),#46,.T.);
#2743=ADVANCED_FACE('',(#2566),#106,.T.);
#2744=ADVANCED_FACE('',(#2567),#107,.T.);
#2745=ADVANCED_FACE('',(#2568),#47,.T.);
#2746=ADVANCED_FACE('',(#2569),#108,.T.);
#2747=ADVANCED_FACE('',(#2570),#48,.T.);
#2748=ADVANCED_FACE('',(#2571),#49,.T.);
#2749=ADVANCED_FACE('',(#2572),#109,.T.);
#2750=ADVANCED_FACE('',(#2573),#110,.T.);
#2751=ADVANCED_FACE('',(#2574),#50,.T.);
#2752=ADVANCED_FACE('',(#2575),#51,.T.);
#2753=ADVANCED_FACE('',(#2576),#111,.T.);
#2754=ADVANCED_FACE('',(#2577),#52,.T.);
#2755=ADVANCED_FACE('',(#2578),#112,.T.);
#2756=ADVANCED_FACE('',(#2579),#113,.T.);
#2757=ADVANCED_FACE('',(#2580),#53,.T.);
#2758=ADVANCED_FACE('',(#2581),#114,.T.);
#2759=ADVANCED_FACE('',(#2582),#54,.T.);
#2760=ADVANCED_FACE('',(#2583),#55,.T.);
#2761=ADVANCED_FACE('',(#2584),#115,.T.);
#2762=ADVANCED_FACE('',(#2585),#116,.T.);
#2763=ADVANCED_FACE('',(#2586),#56,.T.);
#2764=ADVANCED_FACE('',(#2587),#57,.T.);
#2765=ADVANCED_FACE('',(#2588),#117,.T.);
#2766=ADVANCED_FACE('',(#2589),#58,.T.);
#2767=ADVANCED_FACE('',(#2590),#118,.T.);
#2768=ADVANCED_FACE('',(#2591),#119,.T.);
#2769=ADVANCED_FACE('',(#2592),#59,.T.);
#2770=ADVANCED_FACE('',(#2593),#120,.T.);
#2771=ADVANCED_FACE('',(#2594),#60,.T.);
#2772=ADVANCED_FACE('',(#2595),#61,.T.);
#2773=ADVANCED_FACE('',(#2596),#121,.T.);
#2774=ADVANCED_FACE('',(#2597),#62,.F.);
#2775=ADVANCED_FACE('',(#2598),#122,.F.);
#2776=ADVANCED_FACE('',(#2599),#123,.F.);
#2777=ADVANCED_FACE('',(#2600),#63,.F.);
#2778=ADVANCED_FACE('',(#2601),#64,.F.);
#2779=ADVANCED_FACE('',(#2602),#124,.F.);
#2780=ADVANCED_FACE('',(#2603),#125,.F.);
#2781=ADVANCED_FACE('',(#2604),#65,.F.);
#2782=ADVANCED_FACE('',(#2605),#126,.T.);
#2783=ADVANCED_FACE('',(#2606),#12,.T.);
#2784=ADVANCED_FACE('',(#2607),#13,.T.);
#2785=ADVANCED_FACE('',(#2608),#127,.T.);
#2786=ADVANCED_FACE('',(#2609),#128,.T.);
#2787=ADVANCED_FACE('',(#2610),#14,.T.);
#2788=ADVANCED_FACE('',(#2611),#15,.T.);
#2789=ADVANCED_FACE('',(#2612),#129,.T.);
#2790=ADVANCED_FACE('',(#2613),#16,.T.);
#2791=ADVANCED_FACE('',(#2614),#130,.T.);
#2792=ADVANCED_FACE('',(#2615),#131,.T.);
#2793=ADVANCED_FACE('',(#2616),#17,.T.);
#2794=ADVANCED_FACE('',(#2617),#18,.T.);
#2795=ADVANCED_FACE('',(#2618),#132,.T.);
#2796=ADVANCED_FACE('',(#2619),#133,.T.);
#2797=ADVANCED_FACE('',(#2620),#19,.T.);
#2798=ADVANCED_FACE('',(#2621),#134,.T.);
#2799=ADVANCED_FACE('',(#2622),#20,.T.);
#2800=ADVANCED_FACE('',(#2623),#21,.T.);
#2801=ADVANCED_FACE('',(#2624),#135,.T.);
#2802=ADVANCED_FACE('',(#2625),#136,.T.);
#2803=ADVANCED_FACE('',(#2626),#22,.T.);
#2804=ADVANCED_FACE('',(#2627),#23,.T.);
#2805=ADVANCED_FACE('',(#2628),#137,.T.);
#2806=ADVANCED_FACE('',(#2629),#138,.T.);
#2807=ADVANCED_FACE('',(#2630),#24,.T.);
#2808=ADVANCED_FACE('',(#2631),#25,.T.);
#2809=ADVANCED_FACE('',(#2632),#139,.T.);
#2810=ADVANCED_FACE('',(#2633),#140,.T.);
#2811=ADVANCED_FACE('',(#2634),#26,.T.);
#2812=ADVANCED_FACE('',(#2635),#27,.T.);
#2813=ADVANCED_FACE('',(#2636),#141,.T.);
#2814=ADVANCED_FACE('',(#2637),#28,.T.);
#2815=ADVANCED_FACE('',(#2638),#142,.T.);
#2816=ADVANCED_FACE('',(#2639),#143,.T.);
#2817=ADVANCED_FACE('',(#2640),#29,.T.);
#2818=ADVANCED_FACE('',(#2641),#30,.T.);
#2819=ADVANCED_FACE('',(#2642),#144,.T.);
#2820=ADVANCED_FACE('',(#2643),#145,.T.);
#2821=ADVANCED_FACE('',(#2644),#31,.T.);
#2822=ADVANCED_FACE('',(#2645),#146,.T.);
#2823=ADVANCED_FACE('',(#2646),#32,.T.);
#2824=ADVANCED_FACE('',(#2647),#33,.T.);
#2825=ADVANCED_FACE('',(#2648),#147,.T.);
#2826=ADVANCED_FACE('',(#2649),#148,.T.);
#2827=ADVANCED_FACE('',(#2650),#34,.T.);
#2828=ADVANCED_FACE('',(#2651),#35,.T.);
#2829=ADVANCED_FACE('',(#2652),#149,.T.);
#2830=ADVANCED_FACE('',(#2653),#150,.T.);
#2831=ADVANCED_FACE('',(#2654),#66,.T.);
#2832=ADVANCED_FACE('',(#2655),#67,.T.);
#2833=ADVANCED_FACE('',(#2656),#151,.T.);
#2834=ADVANCED_FACE('',(#2657),#152,.T.);
#2835=ADVANCED_FACE('',(#2658),#68,.T.);
#2836=ADVANCED_FACE('',(#2659),#69,.T.);
#2837=ADVANCED_FACE('',(#2660),#153,.T.);
#2838=ADVANCED_FACE('',(#2661,#2662),#36,.T.);
#2839=ADVANCED_FACE('',(#2663,#2664),#37,.T.);
#2840=CLOSED_SHELL('',(#2666,#2667,#2668,#2669,#2670,#2671,#2672,#2673,
#2674,#2675,#2676,#2677,#2678,#2679,#2680,#2681,#2682,#2683,#2684,#2685,
#2686,#2687,#2688,#2689,#2690,#2691,#2692,#2693,#2694,#2695,#2696,#2697,
#2698,#2699,#2700,#2701,#2702,#2703,#2704,#2705,#2706,#2707,#2708,#2709,
#2710,#2711,#2712,#2713,#2714,#2715,#2716,#2717,#2718,#2719,#2720,#2721,
#2722,#2723,#2724,#2725,#2726,#2727,#2728,#2729,#2730,#2731,#2732,#2733,
#2734,#2735,#2736,#2737,#2738,#2739,#2740,#2741,#2742,#2743,#2744,#2745,
#2746,#2747,#2748,#2749,#2750,#2751,#2752,#2753,#2754,#2755,#2756,#2757,
#2758,#2759,#2760,#2761,#2762,#2763,#2764,#2765,#2766,#2767,#2768,#2769,
#2770,#2771,#2772,#2773,#2774,#2775,#2776,#2777,#2778,#2779,#2780,#2781,
#2782,#2783,#2784,#2785,#2786,#2787,#2788,#2789,#2790,#2791,#2792,#2793,
#2794,#2795,#2796,#2797,#2798,#2799,#2800,#2801,#2802,#2803,#2804,#2805,
#2806,#2807,#2808,#2809,#2810,#2811,#2812,#2813,#2814,#2815,#2816,#2817,
#2818,#2819,#2820,#2821,#2822,#2823,#2824,#2825,#2826,#2827,#2828,#2829,
#2830,#2831,#2832,#2833,#2834,#2835,#2836,#2837,#2838,#2839));
#2841=STYLED_ITEM('',(#2842),#2849);
#2842=PRESENTATION_STYLE_ASSIGNMENT((#2843));
#2843=SURFACE_STYLE_USAGE(.BOTH.,#2844);
#2844=SURFACE_SIDE_STYLE('',(#2845));
#2845=SURFACE_STYLE_FILL_AREA(#2846);
#2846=FILL_AREA_STYLE('',(#2847));
#2847=FILL_AREA_STYLE_COLOUR('',#2848);
#2848=COLOUR_RGB('',0.768627450980392,0.886274509803922,0.952941176470588);
#2849=MANIFOLD_SOLID_BREP('BLOCKS_camera_cap',#2840);
#2850=SHAPE_DEFINITION_REPRESENTATION(#6537,#2851);
#2851=SHAPE_REPRESENTATION('BLOCKS_camera_cap',(#2852),#6532);
#2852=AXIS2_PLACEMENT_3D('',#4040,#3188,#3189);
#2853=AXIS2_PLACEMENT_3D('',#4568,#3214,#3215);
#2854=AXIS2_PLACEMENT_3D('',#4569,#3216,#3217);
#2855=AXIS2_PLACEMENT_3D('',#4574,#3219,#3220);
#2856=AXIS2_PLACEMENT_3D('',#4578,#3222,#3223);
#2857=AXIS2_PLACEMENT_3D('',#4582,#3225,#3226);
#2858=AXIS2_PLACEMENT_3D('',#4586,#3228,#3229);
#2859=AXIS2_PLACEMENT_3D('',#4589,#3231,#3232);
#2860=AXIS2_PLACEMENT_3D('',#4593,#3234,#3235);
#2861=AXIS2_PLACEMENT_3D('',#4597,#3237,#3238);
#2862=AXIS2_PLACEMENT_3D('',#4607,#3244,#3245);
#2863=AXIS2_PLACEMENT_3D('',#4610,#3247,#3248);
#2864=AXIS2_PLACEMENT_3D('',#4614,#3250,#3251);
#2865=AXIS2_PLACEMENT_3D('',#4615,#3252,#3253);
#2866=AXIS2_PLACEMENT_3D('',#4616,#3254,#3255);
#2867=AXIS2_PLACEMENT_3D('',#4617,#3256,#3257);
#2868=AXIS2_PLACEMENT_3D('',#4622,#3259,#3260);
#2869=AXIS2_PLACEMENT_3D('',#4626,#3262,#3263);
#2870=AXIS2_PLACEMENT_3D('',#4629,#3265,#3266);
#2871=AXIS2_PLACEMENT_3D('',#4633,#3268,#3269);
#2872=AXIS2_PLACEMENT_3D('',#4637,#3271,#3272);
#2873=AXIS2_PLACEMENT_3D('',#4640,#3274,#3275);
#2874=AXIS2_PLACEMENT_3D('',#4644,#3277,#3278);
#2875=AXIS2_PLACEMENT_3D('',#4648,#3280,#3281);
#2876=AXIS2_PLACEMENT_3D('',#4655,#3286,#3287);
#2877=AXIS2_PLACEMENT_3D('',#4659,#3289,#3290);
#2878=AXIS2_PLACEMENT_3D('',#4660,#3291,#3292);
#2879=AXIS2_PLACEMENT_3D('',#4661,#3293,#3294);
#2880=AXIS2_PLACEMENT_3D('',#4662,#3295,#3296);
#2881=AXIS2_PLACEMENT_3D('',#4667,#3298,#3299);
#2882=AXIS2_PLACEMENT_3D('',#4676,#3304,#3305);
#2883=AXIS2_PLACEMENT_3D('',#4680,#3307,#3308);
#2884=AXIS2_PLACEMENT_3D('',#4684,#3310,#3311);
#2885=AXIS2_PLACEMENT_3D('',#4687,#3313,#3314);
#2886=AXIS2_PLACEMENT_3D('',#4691,#3316,#3317);
#2887=AXIS2_PLACEMENT_3D('',#4695,#3319,#3320);
#2888=AXIS2_PLACEMENT_3D('',#4697,#3322,#3323);
#2889=AXIS2_PLACEMENT_3D('',#4700,#3325,#3326);
#2890=AXIS2_PLACEMENT_3D('',#4704,#3328,#3329);
#2891=AXIS2_PLACEMENT_3D('',#4705,#3330,#3331);
#2892=AXIS2_PLACEMENT_3D('',#4706,#3332,#3333);
#2893=AXIS2_PLACEMENT_3D('',#4707,#3334,#3335);
#2894=AXIS2_PLACEMENT_3D('',#4712,#3337,#3338);
#2895=AXIS2_PLACEMENT_3D('',#4716,#3340,#3341);
#2896=AXIS2_PLACEMENT_3D('',#4724,#3346,#3347);
#2897=AXIS2_PLACEMENT_3D('',#4728,#3349,#3350);
#2898=AXIS2_PLACEMENT_3D('',#4732,#3352,#3353);
#2899=AXIS2_PLACEMENT_3D('',#4735,#3355,#3356);
#2900=AXIS2_PLACEMENT_3D('',#4739,#3358,#3359);
#2901=AXIS2_PLACEMENT_3D('',#4743,#3361,#3362);
#2902=AXIS2_PLACEMENT_3D('',#4745,#3364,#3365);
#2903=AXIS2_PLACEMENT_3D('',#4746,#3366,#3367);
#2904=AXIS2_PLACEMENT_3D('',#4747,#3368,#3369);
#2905=AXIS2_PLACEMENT_3D('',#4748,#3370,#3371);
#2906=AXIS2_PLACEMENT_3D('',#4820,#3372,#3373);
#2907=AXIS2_PLACEMENT_3D('',#4821,#3374,#3375);
#2908=AXIS2_PLACEMENT_3D('',#4826,#3377,#3378);
#2909=AXIS2_PLACEMENT_3D('',#4830,#3380,#3381);
#2910=AXIS2_PLACEMENT_3D('',#4834,#3383,#3384);
#2911=AXIS2_PLACEMENT_3D('',#4907,#3386,#3387);
#2912=AXIS2_PLACEMENT_3D('',#4911,#3389,#3390);
#2913=AXIS2_PLACEMENT_3D('',#4915,#3392,#3393);
#2914=AXIS2_PLACEMENT_3D('',#4919,#3395,#3396);
#2915=AXIS2_PLACEMENT_3D('',#4923,#3398,#3399);
#2916=AXIS2_PLACEMENT_3D('',#4924,#3400,#3401);
#2917=AXIS2_PLACEMENT_3D('',#4928,#3403,#3404);
#2918=AXIS2_PLACEMENT_3D('',#4939,#3406,#3407);
#2919=AXIS2_PLACEMENT_3D('',#4945,#3411,#3412);
#2920=AXIS2_PLACEMENT_3D('',#4949,#3414,#3415);
#2921=AXIS2_PLACEMENT_3D('',#4957,#3416,#3417);
#2922=AXIS2_PLACEMENT_3D('',#4960,#3420,#3421);
#2923=AXIS2_PLACEMENT_3D('',#4969,#3426,#3427);
#2924=AXIS2_PLACEMENT_3D('',#4973,#3429,#3430);
#2925=AXIS2_PLACEMENT_3D('',#4981,#3431,#3432);
#2926=AXIS2_PLACEMENT_3D('',#4987,#3436,#3437);
#2927=AXIS2_PLACEMENT_3D('',#4988,#3438,#3439);
#2928=AXIS2_PLACEMENT_3D('',#4996,#3440,#3441);
#2929=AXIS2_PLACEMENT_3D('',#5000,#3443,#3444);
#2930=AXIS2_PLACEMENT_3D('',#5011,#3446,#3447);
#2931=AXIS2_PLACEMENT_3D('',#5017,#3451,#3452);
#2932=AXIS2_PLACEMENT_3D('',#5021,#3454,#3455);
#2933=AXIS2_PLACEMENT_3D('',#5029,#3456,#3457);
#2934=AXIS2_PLACEMENT_3D('',#5032,#3460,#3461);
#2935=AXIS2_PLACEMENT_3D('',#5041,#3466,#3467);
#2936=AXIS2_PLACEMENT_3D('',#5045,#3469,#3470);
#2937=AXIS2_PLACEMENT_3D('',#5053,#3471,#3472);
#2938=AXIS2_PLACEMENT_3D('',#5059,#3476,#3477);
#2939=AXIS2_PLACEMENT_3D('',#5060,#3478,#3479);
#2940=AXIS2_PLACEMENT_3D('',#5068,#3480,#3481);
#2941=AXIS2_PLACEMENT_3D('',#5072,#3483,#3484);
#2942=AXIS2_PLACEMENT_3D('',#5083,#3486,#3487);
#2943=AXIS2_PLACEMENT_3D('',#5089,#3491,#3492);
#2944=AXIS2_PLACEMENT_3D('',#5090,#3493,#3494);
#2945=AXIS2_PLACEMENT_3D('',#5101,#3496,#3497);
#2946=AXIS2_PLACEMENT_3D('',#5104,#3500,#3501);
#2947=AXIS2_PLACEMENT_3D('',#5113,#3506,#3507);
#2948=AXIS2_PLACEMENT_3D('',#5114,#3508,#3509);
#2949=AXIS2_PLACEMENT_3D('',#5125,#3511,#3512);
#2950=AXIS2_PLACEMENT_3D('',#5131,#3516,#3517);
#2951=AXIS2_PLACEMENT_3D('',#5132,#3518,#3519);
#2952=AXIS2_PLACEMENT_3D('',#5140,#3520,#3521);
#2953=AXIS2_PLACEMENT_3D('',#5144,#3523,#3524);
#2954=AXIS2_PLACEMENT_3D('',#5155,#3526,#3527);
#2955=AXIS2_PLACEMENT_3D('',#5161,#3531,#3532);
#2956=AXIS2_PLACEMENT_3D('',#5165,#3534,#3535);
#2957=AXIS2_PLACEMENT_3D('',#5173,#3536,#3537);
#2958=AXIS2_PLACEMENT_3D('',#5176,#3540,#3541);
#2959=AXIS2_PLACEMENT_3D('',#5185,#3546,#3547);
#2960=AXIS2_PLACEMENT_3D('',#5189,#3549,#3550);
#2961=AXIS2_PLACEMENT_3D('',#5197,#3551,#3552);
#2962=AXIS2_PLACEMENT_3D('',#5203,#3556,#3557);
#2963=AXIS2_PLACEMENT_3D('',#5204,#3558,#3559);
#2964=AXIS2_PLACEMENT_3D('',#5212,#3560,#3561);
#2965=AXIS2_PLACEMENT_3D('',#5216,#3563,#3564);
#2966=AXIS2_PLACEMENT_3D('',#5227,#3566,#3567);
#2967=AXIS2_PLACEMENT_3D('',#5233,#3571,#3572);
#2968=AXIS2_PLACEMENT_3D('',#5237,#3574,#3575);
#2969=AXIS2_PLACEMENT_3D('',#5245,#3576,#3577);
#2970=AXIS2_PLACEMENT_3D('',#5248,#3580,#3581);
#2971=AXIS2_PLACEMENT_3D('',#5257,#3586,#3587);
#2972=AXIS2_PLACEMENT_3D('',#5261,#3589,#3590);
#2973=AXIS2_PLACEMENT_3D('',#5269,#3591,#3592);
#2974=AXIS2_PLACEMENT_3D('',#5275,#3596,#3597);
#2975=AXIS2_PLACEMENT_3D('',#5276,#3598,#3599);
#2976=AXIS2_PLACEMENT_3D('',#5284,#3600,#3601);
#2977=AXIS2_PLACEMENT_3D('',#5288,#3603,#3604);
#2978=AXIS2_PLACEMENT_3D('',#5299,#3606,#3607);
#2979=AXIS2_PLACEMENT_3D('',#5305,#3611,#3612);
#2980=AXIS2_PLACEMENT_3D('',#5306,#3613,#3614);
#2981=AXIS2_PLACEMENT_3D('',#5317,#3616,#3617);
#2982=AXIS2_PLACEMENT_3D('',#5320,#3620,#3621);
#2983=AXIS2_PLACEMENT_3D('',#5329,#3626,#3627);
#2984=AXIS2_PLACEMENT_3D('',#5330,#3628,#3629);
#2985=AXIS2_PLACEMENT_3D('',#5341,#3631,#3632);
#2986=AXIS2_PLACEMENT_3D('',#5347,#3636,#3637);
#2987=AXIS2_PLACEMENT_3D('',#5348,#3638,#3639);
#2988=AXIS2_PLACEMENT_3D('',#5356,#3640,#3641);
#2989=AXIS2_PLACEMENT_3D('',#5357,#3642,#3643);
#2990=AXIS2_PLACEMENT_3D('',#5358,#3644,#3645);
#2991=AXIS2_PLACEMENT_3D('',#5359,#3646,#3647);
#2992=AXIS2_PLACEMENT_3D('',#5360,#3648,#3649);
#2993=AXIS2_PLACEMENT_3D('',#5361,#3650,#3651);
#2994=AXIS2_PLACEMENT_3D('',#5362,#3652,#3653);
#2995=AXIS2_PLACEMENT_3D('',#5363,#3654,#3655);
#2996=AXIS2_PLACEMENT_3D('',#5364,#3656,#3657);
#2997=AXIS2_PLACEMENT_3D('',#5365,#3658,#3659);
#2998=AXIS2_PLACEMENT_3D('',#5366,#3660,#3661);
#2999=AXIS2_PLACEMENT_3D('',#5367,#3662,#3663);
#3000=AXIS2_PLACEMENT_3D('',#5368,#3664,#3665);
#3001=AXIS2_PLACEMENT_3D('',#5369,#3666,#3667);
#3002=AXIS2_PLACEMENT_3D('',#5370,#3668,#3669);
#3003=AXIS2_PLACEMENT_3D('',#5371,#3670,#3671);
#3004=AXIS2_PLACEMENT_3D('',#5372,#3672,#3673);
#3005=AXIS2_PLACEMENT_3D('',#5373,#3674,#3675);
#3006=AXIS2_PLACEMENT_3D('',#5374,#3676,#3677);
#3007=AXIS2_PLACEMENT_3D('',#5375,#3678,#3679);
#3008=AXIS2_PLACEMENT_3D('',#5376,#3680,#3681);
#3009=AXIS2_PLACEMENT_3D('',#5377,#3682,#3683);
#3010=AXIS2_PLACEMENT_3D('',#5378,#3684,#3685);
#3011=AXIS2_PLACEMENT_3D('',#5379,#3686,#3687);
#3012=AXIS2_PLACEMENT_3D('',#5380,#3688,#3689);
#3013=AXIS2_PLACEMENT_3D('',#5381,#3690,#3691);
#3014=AXIS2_PLACEMENT_3D('',#5382,#3692,#3693);
#3015=AXIS2_PLACEMENT_3D('',#5383,#3694,#3695);
#3016=AXIS2_PLACEMENT_3D('',#5384,#3696,#3697);
#3017=AXIS2_PLACEMENT_3D('',#5385,#3698,#3699);
#3018=AXIS2_PLACEMENT_3D('',#5386,#3700,#3701);
#3019=AXIS2_PLACEMENT_3D('',#5387,#3702,#3703);
#3020=AXIS2_PLACEMENT_3D('',#5388,#3704,#3705);
#3021=AXIS2_PLACEMENT_3D('',#5389,#3706,#3707);
#3022=AXIS2_PLACEMENT_3D('',#5390,#3708,#3709);
#3023=AXIS2_PLACEMENT_3D('',#5391,#3710,#3711);
#3024=AXIS2_PLACEMENT_3D('',#5392,#3712,#3713);
#3025=AXIS2_PLACEMENT_3D('',#5393,#3714,#3715);
#3026=AXIS2_PLACEMENT_3D('',#5394,#3716,#3717);
#3027=AXIS2_PLACEMENT_3D('',#5395,#3718,#3719);
#3028=AXIS2_PLACEMENT_3D('',#5396,#3720,#3721);
#3029=AXIS2_PLACEMENT_3D('',#5397,#3722,#3723);
#3030=AXIS2_PLACEMENT_3D('',#5398,#3724,#3725);
#3031=AXIS2_PLACEMENT_3D('',#5399,#3726,#3727);
#3032=AXIS2_PLACEMENT_3D('',#5400,#3728,#3729);
#3033=AXIS2_PLACEMENT_3D('',#5401,#3730,#3731);
#3034=AXIS2_PLACEMENT_3D('',#5402,#3732,#3733);
#3035=AXIS2_PLACEMENT_3D('',#5403,#3734,#3735);
#3036=AXIS2_PLACEMENT_3D('',#5404,#3736,#3737);
#3037=AXIS2_PLACEMENT_3D('',#5405,#3738,#3739);
#3038=AXIS2_PLACEMENT_3D('',#5406,#3740,#3741);
#3039=AXIS2_PLACEMENT_3D('',#5407,#3742,#3743);
#3040=AXIS2_PLACEMENT_3D('',#5408,#3744,#3745);
#3041=AXIS2_PLACEMENT_3D('',#5409,#3746,#3747);
#3042=AXIS2_PLACEMENT_3D('',#5410,#3748,#3749);
#3043=AXIS2_PLACEMENT_3D('',#5411,#3750,#3751);
#3044=AXIS2_PLACEMENT_3D('',#5412,#3752,#3753);
#3045=AXIS2_PLACEMENT_3D('',#5413,#3754,#3755);
#3046=AXIS2_PLACEMENT_3D('',#5414,#3756,#3757);
#3047=AXIS2_PLACEMENT_3D('',#5415,#3758,#3759);
#3048=AXIS2_PLACEMENT_3D('',#5416,#3760,#3761);
#3049=AXIS2_PLACEMENT_3D('',#5417,#3762,#3763);
#3050=AXIS2_PLACEMENT_3D('',#5418,#3764,#3765);
#3051=AXIS2_PLACEMENT_3D('',#5419,#3766,#3767);
#3052=AXIS2_PLACEMENT_3D('',#5420,#3768,#3769);
#3053=AXIS2_PLACEMENT_3D('',#5421,#3770,#3771);
#3054=AXIS2_PLACEMENT_3D('',#5422,#3772,#3773);
#3055=AXIS2_PLACEMENT_3D('',#5423,#3774,#3775);
#3056=AXIS2_PLACEMENT_3D('',#5424,#3776,#3777);
#3057=AXIS2_PLACEMENT_3D('',#5425,#3778,#3779);
#3058=AXIS2_PLACEMENT_3D('',#5426,#3780,#3781);
#3059=AXIS2_PLACEMENT_3D('',#5427,#3782,#3783);
#3060=AXIS2_PLACEMENT_3D('',#5428,#3784,#3785);
#3061=AXIS2_PLACEMENT_3D('',#5429,#3786,#3787);
#3062=AXIS2_PLACEMENT_3D('',#5430,#3788,#3789);
#3063=AXIS2_PLACEMENT_3D('',#5431,#3790,#3791);
#3064=AXIS2_PLACEMENT_3D('',#5432,#3792,#3793);
#3065=AXIS2_PLACEMENT_3D('',#5433,#3794,#3795);
#3066=AXIS2_PLACEMENT_3D('',#5434,#3796,#3797);
#3067=AXIS2_PLACEMENT_3D('',#5435,#3798,#3799);
#3068=AXIS2_PLACEMENT_3D('',#5436,#3800,#3801);
#3069=AXIS2_PLACEMENT_3D('',#5437,#3802,#3803);
#3070=AXIS2_PLACEMENT_3D('',#5438,#3804,#3805);
#3071=AXIS2_PLACEMENT_3D('',#5439,#3806,#3807);
#3072=AXIS2_PLACEMENT_3D('',#5440,#3808,#3809);
#3073=AXIS2_PLACEMENT_3D('',#5441,#3810,#3811);
#3074=AXIS2_PLACEMENT_3D('',#5442,#3812,#3813);
#3075=AXIS2_PLACEMENT_3D('',#5443,#3814,#3815);
#3076=AXIS2_PLACEMENT_3D('',#5444,#3816,#3817);
#3077=AXIS2_PLACEMENT_3D('',#5445,#3818,#3819);
#3078=AXIS2_PLACEMENT_3D('',#5446,#3820,#3821);
#3079=AXIS2_PLACEMENT_3D('',#5447,#3822,#3823);
#3080=AXIS2_PLACEMENT_3D('',#5448,#3824,#3825);
#3081=AXIS2_PLACEMENT_3D('',#5449,#3826,#3827);
#3082=AXIS2_PLACEMENT_3D('',#5450,#3828,#3829);
#3083=AXIS2_PLACEMENT_3D('',#5451,#3830,#3831);
#3084=AXIS2_PLACEMENT_3D('',#5452,#3832,#3833);
#3085=AXIS2_PLACEMENT_3D('',#5453,#3834,#3835);
#3086=AXIS2_PLACEMENT_3D('',#5454,#3836,#3837);
#3087=AXIS2_PLACEMENT_3D('',#5455,#3838,#3839);
#3088=AXIS2_PLACEMENT_3D('',#5456,#3840,#3841);
#3089=AXIS2_PLACEMENT_3D('',#5457,#3842,#3843);
#3090=AXIS2_PLACEMENT_3D('',#5458,#3844,#3845);
#3091=AXIS2_PLACEMENT_3D('',#5459,#3846,#3847);
#3092=AXIS2_PLACEMENT_3D('',#5460,#3848,#3849);
#3093=AXIS2_PLACEMENT_3D('',#5461,#3850,#3851);
#3094=AXIS2_PLACEMENT_3D('',#5462,#3852,#3853);
#3095=AXIS2_PLACEMENT_3D('',#5463,#3854,#3855);
#3096=AXIS2_PLACEMENT_3D('',#5464,#3856,#3857);
#3097=AXIS2_PLACEMENT_3D('',#5465,#3858,#3859);
#3098=AXIS2_PLACEMENT_3D('',#5466,#3860,#3861);
#3099=AXIS2_PLACEMENT_3D('',#5467,#3862,#3863);
#3100=AXIS2_PLACEMENT_3D('',#5468,#3864,#3865);
#3101=AXIS2_PLACEMENT_3D('',#5469,#3866,#3867);
#3102=AXIS2_PLACEMENT_3D('',#5470,#3868,#3869);
#3103=AXIS2_PLACEMENT_3D('',#5492,#3870,#3871);
#3104=AXIS2_PLACEMENT_3D('',#5514,#3872,#3873);
#3105=AXIS2_PLACEMENT_3D('',#5515,#3874,#3875);
#3106=AXIS2_PLACEMENT_3D('',#5516,#3876,#3877);
#3107=AXIS2_PLACEMENT_3D('',#5517,#3878,#3879);
#3108=AXIS2_PLACEMENT_3D('',#5518,#3880,#3881);
#3109=AXIS2_PLACEMENT_3D('',#5540,#3882,#3883);
#3110=AXIS2_PLACEMENT_3D('',#5562,#3884,#3885);
#3111=AXIS2_PLACEMENT_3D('',#5563,#3886,#3887);
#3112=AXIS2_PLACEMENT_3D('',#5585,#3888,#3889);
#3113=AXIS2_PLACEMENT_3D('',#5586,#3890,#3891);
#3114=AXIS2_PLACEMENT_3D('',#5587,#3892,#3893);
#3115=AXIS2_PLACEMENT_3D('',#5588,#3894,#3895);
#3116=AXIS2_PLACEMENT_3D('',#5589,#3896,#3897);
#3117=AXIS2_PLACEMENT_3D('',#5590,#3898,#3899);
#3118=AXIS2_PLACEMENT_3D('',#5633,#3900,#3901);
#3119=AXIS2_PLACEMENT_3D('',#5634,#3902,#3903);
#3120=AXIS2_PLACEMENT_3D('',#5635,#3904,#3905);
#3121=AXIS2_PLACEMENT_3D('',#5636,#3906,#3907);
#3122=AXIS2_PLACEMENT_3D('',#5637,#3908,#3909);
#3123=AXIS2_PLACEMENT_3D('',#5638,#3910,#3911);
#3124=AXIS2_PLACEMENT_3D('',#5660,#3912,#3913);
#3125=AXIS2_PLACEMENT_3D('',#5661,#3914,#3915);
#3126=AXIS2_PLACEMENT_3D('',#5662,#3916,#3917);
#3127=AXIS2_PLACEMENT_3D('',#5684,#3918,#3919);
#3128=AXIS2_PLACEMENT_3D('',#5706,#3920,#3921);
#3129=AXIS2_PLACEMENT_3D('',#5707,#3922,#3923);
#3130=AXIS2_PLACEMENT_3D('',#5708,#3924,#3925);
#3131=AXIS2_PLACEMENT_3D('',#5709,#3926,#3927);
#3132=AXIS2_PLACEMENT_3D('',#5710,#3928,#3929);
#3133=AXIS2_PLACEMENT_3D('',#5732,#3930,#3931);
#3134=AXIS2_PLACEMENT_3D('',#5754,#3932,#3933);
#3135=AXIS2_PLACEMENT_3D('',#5755,#3934,#3935);
#3136=AXIS2_PLACEMENT_3D('',#5756,#3936,#3937);
#3137=AXIS2_PLACEMENT_3D('',#5757,#3938,#3939);
#3138=AXIS2_PLACEMENT_3D('',#5758,#3940,#3941);
#3139=AXIS2_PLACEMENT_3D('',#5780,#3942,#3943);
#3140=AXIS2_PLACEMENT_3D('',#5802,#3944,#3945);
#3141=AXIS2_PLACEMENT_3D('',#5803,#3946,#3947);
#3142=AXIS2_PLACEMENT_3D('',#5804,#3948,#3949);
#3143=AXIS2_PLACEMENT_3D('',#5805,#3950,#3951);
#3144=AXIS2_PLACEMENT_3D('',#5806,#3952,#3953);
#3145=AXIS2_PLACEMENT_3D('',#5828,#3954,#3955);
#3146=AXIS2_PLACEMENT_3D('',#5850,#3956,#3957);
#3147=AXIS2_PLACEMENT_3D('',#5851,#3958,#3959);
#3148=AXIS2_PLACEMENT_3D('',#5873,#3960,#3961);
#3149=AXIS2_PLACEMENT_3D('',#5874,#3962,#3963);
#3150=AXIS2_PLACEMENT_3D('',#5875,#3964,#3965);
#3151=AXIS2_PLACEMENT_3D('',#5876,#3966,#3967);
#3152=AXIS2_PLACEMENT_3D('',#5877,#3968,#3969);
#3153=AXIS2_PLACEMENT_3D('',#5878,#3970,#3971);
#3154=AXIS2_PLACEMENT_3D('',#5921,#3972,#3973);
#3155=AXIS2_PLACEMENT_3D('',#5922,#3974,#3975);
#3156=AXIS2_PLACEMENT_3D('',#5923,#3976,#3977);
#3157=AXIS2_PLACEMENT_3D('',#5924,#3978,#3979);
#3158=AXIS2_PLACEMENT_3D('',#5925,#3980,#3981);
#3159=AXIS2_PLACEMENT_3D('',#5926,#3982,#3983);
#3160=AXIS2_PLACEMENT_3D('',#5948,#3984,#3985);
#3161=AXIS2_PLACEMENT_3D('',#5949,#3986,#3987);
#3162=AXIS2_PLACEMENT_3D('',#5950,#3988,#3989);
#3163=AXIS2_PLACEMENT_3D('',#5972,#3990,#3991);
#3164=AXIS2_PLACEMENT_3D('',#5994,#3992,#3993);
#3165=AXIS2_PLACEMENT_3D('',#5995,#3994,#3995);
#3166=AXIS2_PLACEMENT_3D('',#5996,#3996,#3997);
#3167=AXIS2_PLACEMENT_3D('',#5997,#3998,#3999);
#3168=AXIS2_PLACEMENT_3D('',#5998,#4000,#4001);
#3169=AXIS2_PLACEMENT_3D('',#6020,#4002,#4003);
#3170=AXIS2_PLACEMENT_3D('',#6042,#4004,#4005);
#3171=AXIS2_PLACEMENT_3D('',#6043,#4006,#4007);
#3172=AXIS2_PLACEMENT_3D('',#6044,#4008,#4009);
#3173=AXIS2_PLACEMENT_3D('',#6045,#4010,#4011);
#3174=AXIS2_PLACEMENT_3D('',#6046,#4012,#4013);
#3175=AXIS2_PLACEMENT_3D('',#6047,#4014,#4015);
#3176=AXIS2_PLACEMENT_3D('',#6048,#4016,#4017);
#3177=AXIS2_PLACEMENT_3D('',#6049,#4018,#4019);
#3178=AXIS2_PLACEMENT_3D('',#6050,#4020,#4021);
#3179=AXIS2_PLACEMENT_3D('',#6051,#4022,#4023);
#3180=AXIS2_PLACEMENT_3D('',#6052,#4024,#4025);
#3181=AXIS2_PLACEMENT_3D('',#6053,#4026,#4027);
#3182=AXIS2_PLACEMENT_3D('',#6054,#4028,#4029);
#3183=AXIS2_PLACEMENT_3D('',#6055,#4030,#4031);
#3184=AXIS2_PLACEMENT_3D('',#6056,#4032,#4033);
#3185=AXIS2_PLACEMENT_3D('',#6057,#4034,#4035);
#3186=AXIS2_PLACEMENT_3D('',#6058,#4036,#4037);
#3187=AXIS2_PLACEMENT_3D('',#6059,#4038,#4039);
#3188=DIRECTION('',(0.,0.,1.));
#3189=DIRECTION('',(1.,0.,0.));
#3190=DIRECTION('',(0.,0.,-1.));
#3191=DIRECTION('',(0.,0.,-1.));
#3192=DIRECTION('',(0.,0.,-1.));
#3193=DIRECTION('',(0.,0.,-1.));
#3194=DIRECTION('',(0.,0.,-1.));
#3195=DIRECTION('',(0.,0.,-1.));
#3196=DIRECTION('',(0.,0.,-1.));
#3197=DIRECTION('',(0.,0.,-1.));
#3198=DIRECTION('',(0.,0.,-1.));
#3199=DIRECTION('',(0.,0.,-1.));
#3200=DIRECTION('',(0.,0.,-1.));
#3201=DIRECTION('',(0.,0.,-1.));
#3202=DIRECTION('',(0.,0.,-1.));
#3203=DIRECTION('',(0.,0.,-1.));
#3204=DIRECTION('',(0.,0.,-1.));
#3205=DIRECTION('',(0.,0.,-1.));
#3206=DIRECTION('',(0.,0.,-1.));
#3207=DIRECTION('',(0.,0.,-1.));
#3208=DIRECTION('',(0.,0.,-1.));
#3209=DIRECTION('',(0.,0.,-1.));
#3210=DIRECTION('',(0.,0.,-1.));
#3211=DIRECTION('',(0.,0.,-1.));
#3212=DIRECTION('',(0.,0.,-1.));
#3213=DIRECTION('',(0.,0.,-1.));
#3214=DIRECTION('',(0.,-1.,0.));
#3215=DIRECTION('',(0.,0.,-1.));
#3216=DIRECTION('',(0.,-1.,0.));
#3217=DIRECTION('',(0.,0.,-1.));
#3218=DIRECTION('',(1.57702134179711E-16,0.,-1.));
#3219=DIRECTION('',(0.,-1.,0.));
#3220=DIRECTION('',(0.,0.,-1.));
#3221=DIRECTION('',(-1.,0.,0.));
#3222=DIRECTION('',(0.,-1.,0.));
#3223=DIRECTION('',(0.,0.,-1.));
#3224=DIRECTION('',(-1.57702134179711E-16,0.,-1.));
#3225=DIRECTION('',(0.,-1.,0.));
#3226=DIRECTION('',(0.,0.,-1.));
#3227=DIRECTION('',(-7.88510670898556E-17,0.,-1.));
#3228=DIRECTION('',(0.,-1.,0.));
#3229=DIRECTION('',(0.,0.,-1.));
#3230=DIRECTION('',(-1.,0.,0.));
#3231=DIRECTION('',(0.,-1.,0.));
#3232=DIRECTION('',(0.,0.,-1.));
#3233=DIRECTION('',(-1.57702134179711E-16,0.,-1.));
#3234=DIRECTION('',(0.,-1.,0.));
#3235=DIRECTION('',(0.,0.,-1.));
#3236=DIRECTION('',(0.,0.,-1.));
#3237=DIRECTION('',(0.,-1.,0.));
#3238=DIRECTION('',(0.,0.,-1.));
#3239=DIRECTION('',(-1.,0.,0.));
#3240=DIRECTION('',(0.,0.,-1.));
#3241=DIRECTION('',(-1.,0.,0.));
#3242=DIRECTION('',(0.,0.,-1.));
#3243=DIRECTION('',(-1.,0.,0.));
#3244=DIRECTION('',(0.,-1.,0.));
#3245=DIRECTION('',(0.,0.,-1.));
#3246=DIRECTION('',(0.,0.,-1.));
#3247=DIRECTION('',(0.,0.,-1.));
#3248=DIRECTION('',(-1.,0.,0.));
#3249=DIRECTION('',(0.,0.,-1.));
#3250=DIRECTION('',(0.,0.,1.));
#3251=DIRECTION('',(1.,0.,0.));
#3252=DIRECTION('',(0.,0.,1.));
#3253=DIRECTION('',(1.,0.,0.));
#3254=DIRECTION('',(-1.,2.31296463463574E-16,0.));
#3255=DIRECTION('',(-2.31296463463574E-16,-1.,0.));
#3256=DIRECTION('',(-1.,2.31296463463574E-16,0.));
#3257=DIRECTION('',(-2.31296463463574E-16,-1.,0.));
#3258=DIRECTION('',(0.,0.,1.));
#3259=DIRECTION('',(-1.,2.31296463463574E-16,0.));
#3260=DIRECTION('',(-2.31296463463574E-16,-1.,0.));
#3261=DIRECTION('',(0.,0.,1.));
#3262=DIRECTION('',(-1.,2.31296463463574E-16,0.));
#3263=DIRECTION('',(-2.31296463463574E-16,-1.,0.));
#3264=DIRECTION('',(2.31296463463574E-16,1.,0.));
#3265=DIRECTION('',(-1.,2.31296463463574E-16,0.));
#3266=DIRECTION('',(-2.31296463463574E-16,-1.,0.));
#3267=DIRECTION('',(-1.82379729582126E-32,-7.88510670898556E-17,1.));
#3268=DIRECTION('',(-1.,2.31296463463574E-16,0.));
#3269=DIRECTION('',(-2.31296463463574E-16,-1.,0.));
#3270=DIRECTION('',(-1.82379729582126E-32,-7.88510670898556E-17,1.));
#3271=DIRECTION('',(-1.,2.31296463463574E-16,0.));
#3272=DIRECTION('',(-2.31296463463574E-16,-1.,0.));
#3273=DIRECTION('',(2.31296463463574E-16,1.,0.));
#3274=DIRECTION('',(-1.,2.31296463463574E-16,0.));
#3275=DIRECTION('',(-2.31296463463574E-16,-1.,0.));
#3276=DIRECTION('',(0.,0.,1.));
#3277=DIRECTION('',(-1.,2.31296463463574E-16,0.));
#3278=DIRECTION('',(-2.31296463463574E-16,-1.,0.));
#3279=DIRECTION('',(0.,0.,1.));
#3280=DIRECTION('',(-1.,2.31296463463574E-16,0.));
#3281=DIRECTION('',(-2.31296463463574E-16,-1.,0.));
#3282=DIRECTION('',(2.31296463463574E-16,1.,0.));
#3283=DIRECTION('',(2.31296463463574E-16,1.,0.));
#3284=DIRECTION('',(0.,0.,-1.));
#3285=DIRECTION('',(2.31296463463574E-16,1.,0.));
#3286=DIRECTION('',(0.,0.,-1.));
#3287=DIRECTION('',(-1.,0.,0.));
#3288=DIRECTION('',(0.,0.,-1.));
#3289=DIRECTION('',(0.,0.,1.));
#3290=DIRECTION('',(1.,0.,0.));
#3291=DIRECTION('',(0.,0.,1.));
#3292=DIRECTION('',(1.,0.,0.));
#3293=DIRECTION('',(2.31296463463574E-16,1.,0.));
#3294=DIRECTION('',(-1.,2.31296463463574E-16,0.));
#3295=DIRECTION('',(2.31296463463574E-16,1.,0.));
#3296=DIRECTION('',(-1.,2.31296463463574E-16,0.));
#3297=DIRECTION('',(0.,0.,1.));
#3298=DIRECTION('',(2.31296463463574E-16,1.,0.));
#3299=DIRECTION('',(-1.,2.31296463463574E-16,0.));
#3300=DIRECTION('',(1.,-2.31296463463574E-16,0.));
#3301=DIRECTION('',(1.,-2.31296463463574E-16,0.));
#3302=DIRECTION('',(0.,0.,-1.));
#3303=DIRECTION('',(1.,-2.31296463463574E-16,0.));
#3304=DIRECTION('',(2.31296463463574E-16,1.,0.));
#3305=DIRECTION('',(-1.,2.31296463463574E-16,0.));
#3306=DIRECTION('',(0.,0.,1.));
#3307=DIRECTION('',(2.31296463463574E-16,1.,0.));
#3308=DIRECTION('',(-1.,2.31296463463574E-16,0.));
#3309=DIRECTION('',(1.57702134179711E-16,-3.64759459164252E-32,1.));
#3310=DIRECTION('',(2.31296463463574E-16,1.,0.));
#3311=DIRECTION('',(-1.,2.31296463463574E-16,0.));
#3312=DIRECTION('',(1.,-2.31296463463574E-16,0.));
#3313=DIRECTION('',(2.31296463463574E-16,1.,0.));
#3314=DIRECTION('',(-1.,2.31296463463574E-16,0.));
#3315=DIRECTION('',(7.88510670898556E-17,-1.82379729582126E-32,1.));
#3316=DIRECTION('',(2.31296463463574E-16,1.,0.));
#3317=DIRECTION('',(-1.,2.31296463463574E-16,0.));
#3318=DIRECTION('',(1.57702134179711E-16,-3.64759459164252E-32,1.));
#3319=DIRECTION('',(2.31296463463574E-16,1.,0.));
#3320=DIRECTION('',(-1.,2.31296463463574E-16,0.));
#3321=DIRECTION('',(1.,-2.31296463463574E-16,0.));
#3322=DIRECTION('',(2.31296463463574E-16,1.,0.));
#3323=DIRECTION('',(-1.,2.31296463463574E-16,0.));
#3324=DIRECTION('',(-1.57702134179711E-16,3.64759459164252E-32,1.));
#3325=DIRECTION('',(0.,0.,-1.));
#3326=DIRECTION('',(-1.,0.,0.));
#3327=DIRECTION('',(0.,0.,-1.));
#3328=DIRECTION('',(0.,0.,1.));
#3329=DIRECTION('',(1.,0.,0.));
#3330=DIRECTION('',(0.,0.,1.));
#3331=DIRECTION('',(1.,0.,0.));
#3332=DIRECTION('',(1.,1.15648231731787E-16,0.));
#3333=DIRECTION('',(-1.15648231731787E-16,1.,0.));
#3334=DIRECTION('',(1.,1.15648231731787E-16,0.));
#3335=DIRECTION('',(-1.15648231731787E-16,1.,0.));
#3336=DIRECTION('',(0.,0.,-1.));
#3337=DIRECTION('',(1.,1.15648231731787E-16,0.));
#3338=DIRECTION('',(-1.15648231731787E-16,1.,0.));
#3339=DIRECTION('',(0.,0.,-1.));
#3340=DIRECTION('',(1.,1.15648231731787E-16,0.));
#3341=DIRECTION('',(-1.15648231731787E-16,1.,0.));
#3342=DIRECTION('',(1.15648231731787E-16,-1.,0.));
#3343=DIRECTION('',(1.15648231731787E-16,-1.,0.));
#3344=DIRECTION('',(0.,0.,-1.));
#3345=DIRECTION('',(1.15648231731787E-16,-1.,0.));
#3346=DIRECTION('',(1.,1.15648231731787E-16,0.));
#3347=DIRECTION('',(-1.15648231731787E-16,1.,0.));
#3348=DIRECTION('',(0.,0.,-1.));
#3349=DIRECTION('',(1.,1.15648231731787E-16,0.));
#3350=DIRECTION('',(-1.15648231731787E-16,1.,0.));
#3351=DIRECTION('',(0.,0.,-1.));
#3352=DIRECTION('',(1.,1.15648231731787E-16,0.));
#3353=DIRECTION('',(-1.15648231731787E-16,1.,0.));
#3354=DIRECTION('',(1.15648231731787E-16,-1.,0.));
#3355=DIRECTION('',(1.,1.15648231731787E-16,0.));
#3356=DIRECTION('',(-1.15648231731787E-16,1.,0.));
#3357=DIRECTION('',(-9.11898647910632E-33,7.88510670898556E-17,-1.));
#3358=DIRECTION('',(1.,1.15648231731787E-16,0.));
#3359=DIRECTION('',(-1.15648231731787E-16,1.,0.));
#3360=DIRECTION('',(-9.11898647910632E-33,7.88510670898556E-17,-1.));
#3361=DIRECTION('',(1.,1.15648231731787E-16,0.));
#3362=DIRECTION('',(-1.15648231731787E-16,1.,0.));
#3363=DIRECTION('',(1.15648231731787E-16,-1.,0.));
#3364=DIRECTION('',(0.,0.,-1.));
#3365=DIRECTION('',(-1.,0.,0.));
#3366=DIRECTION('',(0.,0.,1.));
#3367=DIRECTION('',(1.,0.,0.));
#3368=DIRECTION('',(0.,0.,1.));
#3369=DIRECTION('',(1.,0.,0.));
#3370=DIRECTION('',(0.,0.,1.));
#3371=DIRECTION('',(1.,0.,0.));
#3372=DIRECTION('',(0.,0.,1.));
#3373=DIRECTION('',(1.,0.,0.));
#3374=DIRECTION('',(0.,0.,1.));
#3375=DIRECTION('',(1.,0.,0.));
#3376=DIRECTION('',(-1.,0.,0.));
#3377=DIRECTION('',(0.,0.,1.));
#3378=DIRECTION('',(1.,0.,0.));
#3379=DIRECTION('',(1.15648231731787E-16,-1.,0.));
#3380=DIRECTION('',(0.,0.,1.));
#3381=DIRECTION('',(1.,0.,0.));
#3382=DIRECTION('',(1.,-2.31296463463574E-16,0.));
#3383=DIRECTION('',(0.,0.,1.));
#3384=DIRECTION('',(1.,0.,0.));
#3385=DIRECTION('',(2.31296463463574E-16,1.,0.));
#3386=DIRECTION('',(0.,0.,1.));
#3387=DIRECTION('',(1.,0.,0.));
#3388=DIRECTION('',(2.31296463463574E-16,1.,0.));
#3389=DIRECTION('',(0.,0.,1.));
#3390=DIRECTION('',(1.,0.,0.));
#3391=DIRECTION('',(1.,-2.31296463463574E-16,0.));
#3392=DIRECTION('',(0.,0.,1.));
#3393=DIRECTION('',(1.,0.,0.));
#3394=DIRECTION('',(1.15648231731787E-16,-1.,0.));
#3395=DIRECTION('',(0.,0.,1.));
#3396=DIRECTION('',(1.,0.,0.));
#3397=DIRECTION('',(-1.,0.,0.));
#3398=DIRECTION('',(0.,0.,1.));
#3399=DIRECTION('',(1.,0.,0.));
#3400=DIRECTION('',(0.,-1.,0.));
#3401=DIRECTION('',(0.,0.,-1.));
#3402=DIRECTION('',(0.,-1.,0.));
#3403=DIRECTION('',(2.31296463463574E-16,1.,0.));
#3404=DIRECTION('',(-1.,2.31296463463574E-16,0.));
#3405=DIRECTION('',(0.,-1.,0.));
#3406=DIRECTION('',(-1.,0.,1.57702134179711E-16));
#3407=DIRECTION('',(1.57702134179711E-16,0.,1.));
#3408=DIRECTION('',(0.,-1.,0.));
#3409=DIRECTION('',(1.57702134179711E-16,-3.64759459164252E-32,1.));
#3410=DIRECTION('',(-1.57702134179711E-16,0.,-1.));
#3411=DIRECTION('',(0.,-1.,0.));
#3412=DIRECTION('',(0.,0.,-1.));
#3413=DIRECTION('',(0.,-1.,0.));
#3414=DIRECTION('',(2.31296463463574E-16,1.,0.));
#3415=DIRECTION('',(-1.,2.31296463463574E-16,0.));
#3416=DIRECTION('',(-1.,0.,7.88510670898556E-17));
#3417=DIRECTION('',(7.88510670898556E-17,0.,1.));
#3418=DIRECTION('',(7.88510670898556E-17,-1.82379729582126E-32,1.));
#3419=DIRECTION('',(7.88510670898556E-17,0.,1.));
#3420=DIRECTION('',(-1.,0.,7.88510670898556E-17));
#3421=DIRECTION('',(7.88510670898556E-17,0.,1.));
#3422=DIRECTION('',(0.,-1.,0.));
#3423=DIRECTION('',(-7.88510670898556E-17,0.,-1.));
#3424=DIRECTION('',(0.,-1.,0.));
#3425=DIRECTION('',(7.88510670898556E-17,0.,1.));
#3426=DIRECTION('',(0.,-1.,0.));
#3427=DIRECTION('',(0.,0.,-1.));
#3428=DIRECTION('',(0.,-1.,0.));
#3429=DIRECTION('',(0.,-1.,0.));
#3430=DIRECTION('',(0.,0.,-1.));
#3431=DIRECTION('',(-1.,0.,1.57702134179711E-16));
#3432=DIRECTION('',(1.57702134179711E-16,0.,1.));
#3433=DIRECTION('',(0.,-1.,0.));
#3434=DIRECTION('',(-1.57702134179711E-16,0.,-1.));
#3435=DIRECTION('',(-1.57702134179711E-16,0.,-1.));
#3436=DIRECTION('',(0.,-1.,0.));
#3437=DIRECTION('',(0.,0.,-1.));
#3438=DIRECTION('',(0.,-1.,0.));
#3439=DIRECTION('',(0.,0.,-1.));
#3440=DIRECTION('',(0.,-1.,0.));
#3441=DIRECTION('',(0.,0.,-1.));
#3442=DIRECTION('',(0.,-1.,0.));
#3443=DIRECTION('',(2.31296463463574E-16,1.,0.));
#3444=DIRECTION('',(-1.,2.31296463463574E-16,0.));
#3445=DIRECTION('',(0.,-1.,0.));
#3446=DIRECTION('',(-1.,0.,1.57702134179711E-16));
#3447=DIRECTION('',(1.57702134179711E-16,0.,1.));
#3448=DIRECTION('',(0.,-1.,0.));
#3449=DIRECTION('',(1.57702134179711E-16,-3.64759459164252E-32,1.));
#3450=DIRECTION('',(-1.57702134179711E-16,0.,-1.));
#3451=DIRECTION('',(0.,-1.,0.));
#3452=DIRECTION('',(0.,0.,-1.));
#3453=DIRECTION('',(0.,-1.,0.));
#3454=DIRECTION('',(2.31296463463574E-16,1.,0.));
#3455=DIRECTION('',(-1.,2.31296463463574E-16,0.));
#3456=DIRECTION('',(-1.,0.,0.));
#3457=DIRECTION('',(0.,0.,1.));
#3458=DIRECTION('',(0.,0.,1.));
#3459=DIRECTION('',(0.,0.,1.));
#3460=DIRECTION('',(-1.,0.,0.));
#3461=DIRECTION('',(0.,0.,1.));
#3462=DIRECTION('',(0.,-1.,0.));
#3463=DIRECTION('',(0.,0.,-1.));
#3464=DIRECTION('',(0.,-1.,0.));
#3465=DIRECTION('',(0.,0.,1.));
#3466=DIRECTION('',(0.,-1.,0.));
#3467=DIRECTION('',(0.,0.,-1.));
#3468=DIRECTION('',(0.,-1.,0.));
#3469=DIRECTION('',(0.,-1.,0.));
#3470=DIRECTION('',(0.,0.,-1.));
#3471=DIRECTION('',(-1.,0.,1.57702134179711E-16));
#3472=DIRECTION('',(1.57702134179711E-16,0.,1.));
#3473=DIRECTION('',(0.,-1.,0.));
#3474=DIRECTION('',(-1.57702134179711E-16,0.,-1.));
#3475=DIRECTION('',(-1.57702134179711E-16,0.,-1.));
#3476=DIRECTION('',(0.,-1.,0.));
#3477=DIRECTION('',(0.,0.,-1.));
#3478=DIRECTION('',(0.,-1.,0.));
#3479=DIRECTION('',(0.,0.,-1.));
#3480=DIRECTION('',(0.,-1.,0.));
#3481=DIRECTION('',(0.,0.,-1.));
#3482=DIRECTION('',(0.,-1.,0.));
#3483=DIRECTION('',(0.,-1.,0.));
#3484=DIRECTION('',(0.,0.,-1.));
#3485=DIRECTION('',(0.,-1.,0.));
#3486=DIRECTION('',(-1.,0.,0.));
#3487=DIRECTION('',(0.,0.,1.));
#3488=DIRECTION('',(0.,0.,-1.));
#3489=DIRECTION('',(0.,-1.,0.));
#3490=DIRECTION('',(0.,0.,-1.));
#3491=DIRECTION('',(0.,-1.,0.));
#3492=DIRECTION('',(0.,0.,-1.));
#3493=DIRECTION('',(0.,-1.,0.));
#3494=DIRECTION('',(0.,0.,-1.));
#3495=DIRECTION('',(0.,-1.,0.));
#3496=DIRECTION('',(-1.,0.,-1.57702134179711E-16));
#3497=DIRECTION('',(-1.57702134179711E-16,0.,1.));
#3498=DIRECTION('',(1.57702134179711E-16,0.,-1.));
#3499=DIRECTION('',(-1.57702134179711E-16,0.,1.));
#3500=DIRECTION('',(-1.,0.,-1.57702134179711E-16));
#3501=DIRECTION('',(-1.57702134179711E-16,0.,1.));
#3502=DIRECTION('',(0.,-1.,0.));
#3503=DIRECTION('',(-1.57702134179711E-16,3.64759459164252E-32,1.));
#3504=DIRECTION('',(0.,-1.,0.));
#3505=DIRECTION('',(-1.57702134179711E-16,0.,1.));
#3506=DIRECTION('',(0.,-1.,0.));
#3507=DIRECTION('',(0.,0.,-1.));
#3508=DIRECTION('',(2.31296463463574E-16,1.,0.));
#3509=DIRECTION('',(-1.,2.31296463463574E-16,0.));
#3510=DIRECTION('',(0.,-1.,0.));
#3511=DIRECTION('',(-1.,0.,0.));
#3512=DIRECTION('',(0.,0.,1.));
#3513=DIRECTION('',(0.,0.,1.));
#3514=DIRECTION('',(0.,-1.,0.));
#3515=DIRECTION('',(0.,0.,-1.));
#3516=DIRECTION('',(0.,-1.,0.));
#3517=DIRECTION('',(0.,0.,-1.));
#3518=DIRECTION('',(2.31296463463574E-16,1.,0.));
#3519=DIRECTION('',(-1.,2.31296463463574E-16,0.));
#3520=DIRECTION('',(1.,0.,0.));
#3521=DIRECTION('',(0.,0.,-1.));
#3522=DIRECTION('',(1.,0.,0.));
#3523=DIRECTION('',(1.,1.15648231731787E-16,0.));
#3524=DIRECTION('',(-1.15648231731787E-16,1.,0.));
#3525=DIRECTION('',(1.,0.,0.));
#3526=DIRECTION('',(0.,-1.,-7.88510670898556E-17));
#3527=DIRECTION('',(0.,7.88510670898556E-17,-1.));
#3528=DIRECTION('',(1.,0.,0.));
#3529=DIRECTION('',(-9.11898647910632E-33,7.88510670898556E-17,-1.));
#3530=DIRECTION('',(0.,-7.88510670898556E-17,1.));
#3531=DIRECTION('',(1.,0.,0.));
#3532=DIRECTION('',(0.,0.,-1.));
#3533=DIRECTION('',(1.,0.,0.));
#3534=DIRECTION('',(1.,1.15648231731787E-16,0.));
#3535=DIRECTION('',(-1.15648231731787E-16,1.,0.));
#3536=DIRECTION('',(0.,-1.,-7.88510670898556E-17));
#3537=DIRECTION('',(0.,7.88510670898556E-17,-1.));
#3538=DIRECTION('',(-9.11898647910632E-33,7.88510670898556E-17,-1.));
#3539=DIRECTION('',(0.,7.88510670898556E-17,-1.));
#3540=DIRECTION('',(0.,-1.,-7.88510670898556E-17));
#3541=DIRECTION('',(0.,7.88510670898556E-17,-1.));
#3542=DIRECTION('',(1.,0.,0.));
#3543=DIRECTION('',(-1.82379729582126E-32,-7.88510670898556E-17,1.));
#3544=DIRECTION('',(1.,0.,0.));
#3545=DIRECTION('',(0.,7.88510670898556E-17,-1.));
#3546=DIRECTION('',(1.,0.,0.));
#3547=DIRECTION('',(0.,0.,-1.));
#3548=DIRECTION('',(1.,0.,0.));
#3549=DIRECTION('',(-1.,2.31296463463574E-16,0.));
#3550=DIRECTION('',(-2.31296463463574E-16,-1.,0.));
#3551=DIRECTION('',(0.,-1.,-7.88510670898556E-17));
#3552=DIRECTION('',(0.,7.88510670898556E-17,-1.));
#3553=DIRECTION('',(1.,0.,0.));
#3554=DIRECTION('',(-1.82379729582126E-32,-7.88510670898556E-17,1.));
#3555=DIRECTION('',(0.,-7.88510670898556E-17,1.));
#3556=DIRECTION('',(1.,0.,0.));
#3557=DIRECTION('',(0.,0.,-1.));
#3558=DIRECTION('',(-1.,2.31296463463574E-16,0.));
#3559=DIRECTION('',(-2.31296463463574E-16,-1.,0.));
#3560=DIRECTION('',(1.,0.,0.));
#3561=DIRECTION('',(0.,0.,-1.));
#3562=DIRECTION('',(1.,0.,0.));
#3563=DIRECTION('',(1.,1.15648231731787E-16,0.));
#3564=DIRECTION('',(-1.15648231731787E-16,1.,0.));
#3565=DIRECTION('',(1.,0.,0.));
#3566=DIRECTION('',(0.,-1.,0.));
#3567=DIRECTION('',(0.,0.,-1.));
#3568=DIRECTION('',(1.,0.,0.));
#3569=DIRECTION('',(0.,0.,-1.));
#3570=DIRECTION('',(0.,0.,1.));
#3571=DIRECTION('',(1.,0.,0.));
#3572=DIRECTION('',(0.,0.,-1.));
#3573=DIRECTION('',(1.,0.,0.));
#3574=DIRECTION('',(1.,1.15648231731787E-16,0.));
#3575=DIRECTION('',(-1.15648231731787E-16,1.,0.));
#3576=DIRECTION('',(0.,-1.,0.));
#3577=DIRECTION('',(0.,0.,-1.));
#3578=DIRECTION('',(0.,0.,-1.));
#3579=DIRECTION('',(0.,0.,-1.));
#3580=DIRECTION('',(0.,-1.,0.));
#3581=DIRECTION('',(0.,0.,-1.));
#3582=DIRECTION('',(1.,0.,0.));
#3583=DIRECTION('',(0.,0.,1.));
#3584=DIRECTION('',(1.,0.,0.));
#3585=DIRECTION('',(0.,0.,-1.));
#3586=DIRECTION('',(1.,0.,0.));
#3587=DIRECTION('',(0.,0.,-1.));
#3588=DIRECTION('',(1.,0.,0.));
#3589=DIRECTION('',(-1.,2.31296463463574E-16,0.));
#3590=DIRECTION('',(-2.31296463463574E-16,-1.,0.));
#3591=DIRECTION('',(0.,-1.,0.));
#3592=DIRECTION('',(0.,0.,-1.));
#3593=DIRECTION('',(1.,0.,0.));
#3594=DIRECTION('',(0.,0.,1.));
#3595=DIRECTION('',(0.,0.,1.));
#3596=DIRECTION('',(1.,0.,0.));
#3597=DIRECTION('',(0.,0.,-1.));
#3598=DIRECTION('',(-1.,2.31296463463574E-16,0.));
#3599=DIRECTION('',(-2.31296463463574E-16,-1.,0.));
#3600=DIRECTION('',(1.,0.,0.));
#3601=DIRECTION('',(0.,0.,-1.));
#3602=DIRECTION('',(1.,0.,0.));
#3603=DIRECTION('',(-1.,2.31296463463574E-16,0.));
#3604=DIRECTION('',(-2.31296463463574E-16,-1.,0.));
#3605=DIRECTION('',(1.,0.,0.));
#3606=DIRECTION('',(0.,-1.,0.));
#3607=DIRECTION('',(0.,0.,-1.));
#3608=DIRECTION('',(0.,0.,1.));
#3609=DIRECTION('',(1.,0.,0.));
#3610=DIRECTION('',(0.,0.,1.));
#3611=DIRECTION('',(1.,0.,0.));
#3612=DIRECTION('',(0.,0.,-1.));
#3613=DIRECTION('',(-1.,2.31296463463574E-16,0.));
#3614=DIRECTION('',(-2.31296463463574E-16,-1.,0.));
#3615=DIRECTION('',(1.,0.,0.));
#3616=DIRECTION('',(0.,-1.,0.));
#3617=DIRECTION('',(0.,0.,-1.));
#3618=DIRECTION('',(0.,0.,1.));
#3619=DIRECTION('',(0.,0.,-1.));
#3620=DIRECTION('',(0.,-1.,0.));
#3621=DIRECTION('',(0.,0.,-1.));
#3622=DIRECTION('',(1.,0.,0.));
#3623=DIRECTION('',(0.,0.,-1.));
#3624=DIRECTION('',(1.,0.,0.));
#3625=DIRECTION('',(0.,0.,-1.));
#3626=DIRECTION('',(1.,0.,0.));
#3627=DIRECTION('',(0.,0.,-1.));
#3628=DIRECTION('',(1.,1.15648231731787E-16,0.));
#3629=DIRECTION('',(-1.15648231731787E-16,1.,0.));
#3630=DIRECTION('',(1.,0.,0.));
#3631=DIRECTION('',(0.,-1.,0.));
#3632=DIRECTION('',(0.,0.,-1.));
#3633=DIRECTION('',(0.,0.,-1.));
#3634=DIRECTION('',(1.,0.,0.));
#3635=DIRECTION('',(0.,0.,1.));
#3636=DIRECTION('',(1.,0.,0.));
#3637=DIRECTION('',(0.,0.,-1.));
#3638=DIRECTION('',(1.,1.15648231731787E-16,0.));
#3639=DIRECTION('',(-1.15648231731787E-16,1.,0.));
#3640=DIRECTION('',(1.57702134179711E-16,-3.64759459164252E-32,-1.));
#3641=DIRECTION('',(-1.,0.,-1.57702134179711E-16));
#3642=DIRECTION('',(0.,0.,1.));
#3643=DIRECTION('',(1.,0.,0.));
#3644=DIRECTION('',(0.,0.,-1.));
#3645=DIRECTION('',(-1.,0.,0.));
#3646=DIRECTION('',(2.31296463463574E-16,1.,0.));
#3647=DIRECTION('',(-1.,2.31296463463574E-16,0.));
#3648=DIRECTION('',(0.,0.,1.));
#3649=DIRECTION('',(1.,0.,0.));
#3650=DIRECTION('',(2.31296463463574E-16,1.,0.));
#3651=DIRECTION('',(-1.,2.31296463463574E-16,0.));
#3652=DIRECTION('',(0.,0.,-1.));
#3653=DIRECTION('',(-1.,0.,0.));
#3654=DIRECTION('',(0.,0.,1.));
#3655=DIRECTION('',(1.,0.,0.));
#3656=DIRECTION('',(2.31296463463574E-16,1.,0.));
#3657=DIRECTION('',(-1.,2.31296463463574E-16,0.));
#3658=DIRECTION('',(0.,0.,-1.));
#3659=DIRECTION('',(-1.,0.,0.));
#3660=DIRECTION('',(0.,0.,-1.));
#3661=DIRECTION('',(-1.,0.,0.));
#3662=DIRECTION('',(1.57702134179711E-16,-3.64759459164252E-32,1.));
#3663=DIRECTION('',(1.,0.,-1.57702134179711E-16));
#3664=DIRECTION('',(0.,0.,-1.));
#3665=DIRECTION('',(-1.,0.,0.));
#3666=DIRECTION('',(0.,0.,-1.));
#3667=DIRECTION('',(-1.,0.,0.));
#3668=DIRECTION('',(0.,0.,-1.));
#3669=DIRECTION('',(-1.,0.,0.));
#3670=DIRECTION('',(2.31296463463574E-16,1.,0.));
#3671=DIRECTION('',(-1.,2.31296463463574E-16,0.));
#3672=DIRECTION('',(1.57702134179711E-16,-3.64759459164252E-32,1.));
#3673=DIRECTION('',(1.,0.,-1.57702134179711E-16));
#3674=DIRECTION('',(0.,0.,1.));
#3675=DIRECTION('',(1.,0.,0.));
#3676=DIRECTION('',(0.,0.,-1.));
#3677=DIRECTION('',(-1.,0.,0.));
#3678=DIRECTION('',(2.31296463463574E-16,1.,0.));
#3679=DIRECTION('',(-1.,2.31296463463574E-16,0.));
#3680=DIRECTION('',(0.,0.,1.));
#3681=DIRECTION('',(1.,0.,0.));
#3682=DIRECTION('',(2.31296463463574E-16,1.,0.));
#3683=DIRECTION('',(-1.,2.31296463463574E-16,0.));
#3684=DIRECTION('',(0.,0.,-1.));
#3685=DIRECTION('',(-1.,0.,0.));
#3686=DIRECTION('',(-7.88510670898556E-17,1.82379729582126E-32,-1.));
#3687=DIRECTION('',(-1.,0.,7.88510670898556E-17));
#3688=DIRECTION('',(0.,0.,1.));
#3689=DIRECTION('',(1.,0.,0.));
#3690=DIRECTION('',(0.,0.,-1.));
#3691=DIRECTION('',(-1.,0.,0.));
#3692=DIRECTION('',(0.,0.,1.));
#3693=DIRECTION('',(1.,0.,0.));
#3694=DIRECTION('',(1.,1.15648231731787E-16,0.));
#3695=DIRECTION('',(-1.15648231731787E-16,1.,0.));
#3696=DIRECTION('',(0.,0.,-1.));
#3697=DIRECTION('',(-1.,0.,0.));
#3698=DIRECTION('',(1.,1.15648231731787E-16,0.));
#3699=DIRECTION('',(-1.15648231731787E-16,1.,0.));
#3700=DIRECTION('',(0.,0.,1.));
#3701=DIRECTION('',(1.,0.,0.));
#3702=DIRECTION('',(0.,0.,-1.));
#3703=DIRECTION('',(-1.,0.,0.));
#3704=DIRECTION('',(1.,1.15648231731787E-16,0.));
#3705=DIRECTION('',(-1.15648231731787E-16,1.,0.));
#3706=DIRECTION('',(0.,0.,1.));
#3707=DIRECTION('',(1.,0.,0.));
#3708=DIRECTION('',(0.,0.,1.));
#3709=DIRECTION('',(1.,0.,0.));
#3710=DIRECTION('',(0.,0.,1.));
#3711=DIRECTION('',(1.,0.,0.));
#3712=DIRECTION('',(0.,0.,1.));
#3713=DIRECTION('',(1.,0.,0.));
#3714=DIRECTION('',(0.,0.,-1.));
#3715=DIRECTION('',(-1.,0.,0.));
#3716=DIRECTION('',(0.,0.,1.));
#3717=DIRECTION('',(1.,0.,0.));
#3718=DIRECTION('',(1.,1.15648231731787E-16,0.));
#3719=DIRECTION('',(-1.15648231731787E-16,1.,0.));
#3720=DIRECTION('',(-9.11898647910632E-33,7.88510670898556E-17,-1.));
#3721=DIRECTION('',(0.,1.,7.88510670898556E-17));
#3722=DIRECTION('',(0.,0.,-1.));
#3723=DIRECTION('',(-1.,0.,0.));
#3724=DIRECTION('',(0.,0.,1.));
#3725=DIRECTION('',(1.,0.,0.));
#3726=DIRECTION('',(1.,1.15648231731787E-16,0.));
#3727=DIRECTION('',(-1.15648231731787E-16,1.,0.));
#3728=DIRECTION('',(0.,0.,-1.));
#3729=DIRECTION('',(-1.,0.,0.));
#3730=DIRECTION('',(1.,1.15648231731787E-16,0.));
#3731=DIRECTION('',(-1.15648231731787E-16,1.,0.));
#3732=DIRECTION('',(0.,0.,1.));
#3733=DIRECTION('',(1.,0.,0.));
#3734=DIRECTION('',(9.11898647910632E-33,-7.88510670898556E-17,1.));
#3735=DIRECTION('',(0.,-1.,-7.88510670898556E-17));
#3736=DIRECTION('',(0.,0.,-1.));
#3737=DIRECTION('',(-1.,0.,0.));
#3738=DIRECTION('',(0.,0.,-1.));
#3739=DIRECTION('',(-1.,0.,0.));
#3740=DIRECTION('',(0.,0.,1.));
#3741=DIRECTION('',(1.,0.,0.));
#3742=DIRECTION('',(0.,-1.,0.));
#3743=DIRECTION('',(0.,0.,-1.));
#3744=DIRECTION('',(0.,0.,-1.));
#3745=DIRECTION('',(-1.,0.,0.));
#3746=DIRECTION('',(0.,-1.,0.));
#3747=DIRECTION('',(0.,0.,-1.));
#3748=DIRECTION('',(0.,0.,1.));
#3749=DIRECTION('',(1.,0.,0.));
#3750=DIRECTION('',(-1.57702134179711E-16,0.,1.));
#3751=DIRECTION('',(1.,0.,1.57702134179711E-16));
#3752=DIRECTION('',(0.,-1.,0.));
#3753=DIRECTION('',(0.,0.,-1.));
#3754=DIRECTION('',(0.,0.,1.));
#3755=DIRECTION('',(1.,0.,0.));
#3756=DIRECTION('',(0.,0.,1.));
#3757=DIRECTION('',(1.,0.,0.));
#3758=DIRECTION('',(-1.57702134179711E-16,0.,-1.));
#3759=DIRECTION('',(-1.,0.,1.57702134179711E-16));
#3760=DIRECTION('',(0.,0.,1.));
#3761=DIRECTION('',(1.,0.,0.));
#3762=DIRECTION('',(0.,0.,1.));
#3763=DIRECTION('',(1.,0.,0.));
#3764=DIRECTION('',(0.,0.,1.));
#3765=DIRECTION('',(1.,0.,0.));
#3766=DIRECTION('',(0.,-1.,0.));
#3767=DIRECTION('',(0.,0.,-1.));
#3768=DIRECTION('',(7.88510670898556E-17,0.,1.));
#3769=DIRECTION('',(1.,0.,-7.88510670898556E-17));
#3770=DIRECTION('',(0.,0.,-1.));
#3771=DIRECTION('',(-1.,0.,0.));
#3772=DIRECTION('',(0.,0.,1.));
#3773=DIRECTION('',(1.,0.,0.));
#3774=DIRECTION('',(0.,-1.,0.));
#3775=DIRECTION('',(0.,0.,-1.));
#3776=DIRECTION('',(0.,0.,-1.));
#3777=DIRECTION('',(-1.,0.,0.));
#3778=DIRECTION('',(0.,-1.,0.));
#3779=DIRECTION('',(0.,0.,-1.));
#3780=DIRECTION('',(0.,0.,1.));
#3781=DIRECTION('',(1.,0.,0.));
#3782=DIRECTION('',(-1.57702134179711E-16,0.,-1.));
#3783=DIRECTION('',(-1.,0.,1.57702134179711E-16));
#3784=DIRECTION('',(0.,0.,1.));
#3785=DIRECTION('',(1.,0.,0.));
#3786=DIRECTION('',(0.,0.,1.));
#3787=DIRECTION('',(1.,0.,0.));
#3788=DIRECTION('',(0.,0.,-1.));
#3789=DIRECTION('',(-1.,0.,0.));
#3790=DIRECTION('',(-1.,2.31296463463574E-16,0.));
#3791=DIRECTION('',(-2.31296463463574E-16,-1.,0.));
#3792=DIRECTION('',(0.,0.,1.));
#3793=DIRECTION('',(1.,0.,0.));
#3794=DIRECTION('',(-1.,2.31296463463574E-16,0.));
#3795=DIRECTION('',(-2.31296463463574E-16,-1.,0.));
#3796=DIRECTION('',(0.,0.,-1.));
#3797=DIRECTION('',(-1.,0.,0.));
#3798=DIRECTION('',(0.,0.,-1.));
#3799=DIRECTION('',(-1.,0.,0.));
#3800=DIRECTION('',(-1.,2.31296463463574E-16,0.));
#3801=DIRECTION('',(-2.31296463463574E-16,-1.,0.));
#3802=DIRECTION('',(0.,0.,-1.));
#3803=DIRECTION('',(-1.,0.,0.));
#3804=DIRECTION('',(0.,0.,-1.));
#3805=DIRECTION('',(-1.,0.,0.));
#3806=DIRECTION('',(0.,0.,-1.));
#3807=DIRECTION('',(-1.,0.,0.));
#3808=DIRECTION('',(0.,0.,-1.));
#3809=DIRECTION('',(-1.,0.,0.));
#3810=DIRECTION('',(0.,0.,1.));
#3811=DIRECTION('',(1.,0.,0.));
#3812=DIRECTION('',(0.,0.,-1.));
#3813=DIRECTION('',(-1.,0.,0.));
#3814=DIRECTION('',(-1.,2.31296463463574E-16,0.));
#3815=DIRECTION('',(-2.31296463463574E-16,-1.,0.));
#3816=DIRECTION('',(1.82379729582126E-32,7.88510670898556E-17,-1.));
#3817=DIRECTION('',(0.,1.,7.88510670898556E-17));
#3818=DIRECTION('',(0.,0.,1.));
#3819=DIRECTION('',(1.,0.,0.));
#3820=DIRECTION('',(0.,0.,-1.));
#3821=DIRECTION('',(-1.,0.,0.));
#3822=DIRECTION('',(-1.,2.31296463463574E-16,0.));
#3823=DIRECTION('',(-2.31296463463574E-16,-1.,0.));
#3824=DIRECTION('',(0.,0.,1.));
#3825=DIRECTION('',(1.,0.,0.));
#3826=DIRECTION('',(-1.,2.31296463463574E-16,0.));
#3827=DIRECTION('',(-2.31296463463574E-16,-1.,0.));
#3828=DIRECTION('',(0.,0.,-1.));
#3829=DIRECTION('',(-1.,0.,0.));
#3830=DIRECTION('',(-1.82379729582126E-32,-7.88510670898556E-17,1.));
#3831=DIRECTION('',(0.,-1.,-7.88510670898556E-17));
#3832=DIRECTION('',(0.,0.,1.));
#3833=DIRECTION('',(1.,0.,0.));
#3834=DIRECTION('',(0.,1.,0.));
#3835=DIRECTION('',(0.,0.,1.));
#3836=DIRECTION('',(-1.,0.,0.));
#3837=DIRECTION('',(0.,0.,1.));
#3838=DIRECTION('',(-1.,0.,0.));
#3839=DIRECTION('',(0.,0.,1.));
#3840=DIRECTION('',(-1.,0.,0.));
#3841=DIRECTION('',(0.,0.,1.));
#3842=DIRECTION('',(1.15648231731787E-16,-1.,0.));
#3843=DIRECTION('',(1.,1.15648231731787E-16,0.));
#3844=DIRECTION('',(0.,1.,0.));
#3845=DIRECTION('',(0.,0.,1.));
#3846=DIRECTION('',(0.,0.,1.));
#3847=DIRECTION('',(1.,0.,0.));
#3848=DIRECTION('',(0.,1.,0.));
#3849=DIRECTION('',(0.,0.,1.));
#3850=DIRECTION('',(0.,0.,1.));
#3851=DIRECTION('',(1.,0.,0.));
#3852=DIRECTION('',(-1.,0.,0.));
#3853=DIRECTION('',(0.,0.,1.));
#3854=DIRECTION('',(2.31296463463574E-16,1.,0.));
#3855=DIRECTION('',(-1.,2.31296463463574E-16,0.));
#3856=DIRECTION('',(0.,1.,0.));
#3857=DIRECTION('',(0.,0.,1.));
#3858=DIRECTION('',(1.,-2.31296463463574E-16,0.));
#3859=DIRECTION('',(2.31296463463574E-16,1.,0.));
#3860=DIRECTION('',(-1.,0.,0.));
#3861=DIRECTION('',(0.,0.,1.));
#3862=DIRECTION('',(0.,0.,1.));
#3863=DIRECTION('',(1.,0.,0.));
#3864=DIRECTION('',(0.,0.,-1.));
#3865=DIRECTION('',(-1.,0.,0.));
#3866=DIRECTION('',(0.,0.,1.));
#3867=DIRECTION('',(1.,0.,0.));
#3868=DIRECTION('',(0.,0.,-1.));
#3869=DIRECTION('',(-1.,0.,0.));
#3870=DIRECTION('',(0.,0.,1.));
#3871=DIRECTION('',(1.,0.,0.));
#3872=DIRECTION('',(0.,0.,-1.));
#3873=DIRECTION('',(-1.,0.,0.));
#3874=DIRECTION('',(0.,0.,-1.));
#3875=DIRECTION('',(-1.,0.,0.));
#3876=DIRECTION('',(0.,0.,-1.));
#3877=DIRECTION('',(-1.,0.,0.));
#3878=DIRECTION('',(0.,0.,-1.));
#3879=DIRECTION('',(-1.,0.,0.));
#3880=DIRECTION('',(0.,0.,1.));
#3881=DIRECTION('',(1.,0.,0.));
#3882=DIRECTION('',(0.,0.,-1.));
#3883=DIRECTION('',(-1.,0.,0.));
#3884=DIRECTION('',(0.,0.,1.));
#3885=DIRECTION('',(1.,0.,0.));
#3886=DIRECTION('',(0.,0.,-1.));
#3887=DIRECTION('',(-1.,0.,0.));
#3888=DIRECTION('',(0.,0.,-1.));
#3889=DIRECTION('',(-1.,0.,0.));
#3890=DIRECTION('',(0.,0.,-1.));
#3891=DIRECTION('',(-1.,0.,0.));
#3892=DIRECTION('',(0.,0.,-1.));
#3893=DIRECTION('',(-1.,0.,0.));
#3894=DIRECTION('',(0.,0.,-1.));
#3895=DIRECTION('',(-1.,0.,0.));
#3896=DIRECTION('',(0.,0.,-1.));
#3897=DIRECTION('',(-1.,0.,0.));
#3898=DIRECTION('',(0.,0.,-1.));
#3899=DIRECTION('',(-1.,0.,0.));
#3900=DIRECTION('',(0.,0.,1.));
#3901=DIRECTION('',(1.,0.,0.));
#3902=DIRECTION('',(0.,0.,1.));
#3903=DIRECTION('',(1.,0.,0.));
#3904=DIRECTION('',(0.,0.,-1.));
#3905=DIRECTION('',(-1.,0.,0.));
#3906=DIRECTION('',(0.,0.,1.));
#3907=DIRECTION('',(1.,0.,0.));
#3908=DIRECTION('',(0.,0.,-1.));
#3909=DIRECTION('',(-1.,0.,0.));
#3910=DIRECTION('',(0.,0.,1.));
#3911=DIRECTION('',(1.,0.,0.));
#3912=DIRECTION('',(0.,0.,-1.));
#3913=DIRECTION('',(-1.,0.,0.));
#3914=DIRECTION('',(0.,0.,1.));
#3915=DIRECTION('',(1.,0.,0.));
#3916=DIRECTION('',(0.,0.,-1.));
#3917=DIRECTION('',(-1.,0.,0.));
#3918=DIRECTION('',(0.,0.,1.));
#3919=DIRECTION('',(1.,0.,0.));
#3920=DIRECTION('',(0.,0.,-1.));
#3921=DIRECTION('',(-1.,0.,0.));
#3922=DIRECTION('',(0.,0.,-1.));
#3923=DIRECTION('',(-1.,0.,0.));
#3924=DIRECTION('',(0.,0.,-1.));
#3925=DIRECTION('',(-1.,0.,0.));
#3926=DIRECTION('',(0.,0.,-1.));
#3927=DIRECTION('',(-1.,0.,0.));
#3928=DIRECTION('',(0.,0.,1.));
#3929=DIRECTION('',(1.,0.,0.));
#3930=DIRECTION('',(0.,0.,-1.));
#3931=DIRECTION('',(-1.,0.,0.));
#3932=DIRECTION('',(0.,0.,1.));
#3933=DIRECTION('',(1.,0.,0.));
#3934=DIRECTION('',(0.,0.,-1.));
#3935=DIRECTION('',(-1.,0.,0.));
#3936=DIRECTION('',(0.,0.,-1.));
#3937=DIRECTION('',(-1.,0.,0.));
#3938=DIRECTION('',(0.,0.,-1.));
#3939=DIRECTION('',(-1.,0.,0.));
#3940=DIRECTION('',(0.,0.,1.));
#3941=DIRECTION('',(1.,0.,0.));
#3942=DIRECTION('',(0.,0.,-1.));
#3943=DIRECTION('',(-1.,0.,0.));
#3944=DIRECTION('',(0.,0.,1.));
#3945=DIRECTION('',(1.,0.,0.));
#3946=DIRECTION('',(0.,0.,-1.));
#3947=DIRECTION('',(-1.,0.,0.));
#3948=DIRECTION('',(0.,0.,-1.));
#3949=DIRECTION('',(-1.,0.,0.));
#3950=DIRECTION('',(0.,0.,1.));
#3951=DIRECTION('',(1.,0.,0.));
#3952=DIRECTION('',(0.,0.,-1.));
#3953=DIRECTION('',(-1.,0.,0.));
#3954=DIRECTION('',(0.,0.,1.));
#3955=DIRECTION('',(1.,0.,0.));
#3956=DIRECTION('',(0.,1.11022302462523E-13,-1.));
#3957=DIRECTION('',(0.,1.,1.11022302462523E-13));
#3958=DIRECTION('',(0.,0.,-1.));
#3959=DIRECTION('',(-1.,0.,0.));
#3960=DIRECTION('',(0.,0.,1.));
#3961=DIRECTION('',(1.,0.,0.));
#3962=DIRECTION('',(0.,0.,1.));
#3963=DIRECTION('',(1.,0.,0.));
#3964=DIRECTION('',(0.,0.,-1.));
#3965=DIRECTION('',(-1.,0.,0.));
#3966=DIRECTION('',(0.,0.,1.));
#3967=DIRECTION('',(1.,0.,0.));
#3968=DIRECTION('',(0.,0.,-1.));
#3969=DIRECTION('',(-1.,0.,0.));
#3970=DIRECTION('',(0.,0.,1.));
#3971=DIRECTION('',(1.,0.,0.));
#3972=DIRECTION('',(0.,0.,-1.));
#3973=DIRECTION('',(-1.,0.,0.));
#3974=DIRECTION('',(0.,0.,-1.));
#3975=DIRECTION('',(-1.,0.,0.));
#3976=DIRECTION('',(0.,0.,-1.));
#3977=DIRECTION('',(-1.,0.,0.));
#3978=DIRECTION('',(0.,0.,-1.));
#3979=DIRECTION('',(-1.,0.,0.));
#3980=DIRECTION('',(0.,0.,-1.));
#3981=DIRECTION('',(-1.,0.,0.));
#3982=DIRECTION('',(0.,0.,-1.));
#3983=DIRECTION('',(-1.,0.,0.));
#3984=DIRECTION('',(0.,0.,-1.));
#3985=DIRECTION('',(-1.,0.,0.));
#3986=DIRECTION('',(0.,0.,-1.));
#3987=DIRECTION('',(-1.,0.,0.));
#3988=DIRECTION('',(0.,0.,1.));
#3989=DIRECTION('',(1.,0.,0.));
#3990=DIRECTION('',(0.,0.,-1.));
#3991=DIRECTION('',(-1.,0.,0.));
#3992=DIRECTION('',(0.,0.,1.));
#3993=DIRECTION('',(1.,0.,0.));
#3994=DIRECTION('',(0.,0.,-1.));
#3995=DIRECTION('',(-1.,0.,0.));
#3996=DIRECTION('',(0.,0.,-1.));
#3997=DIRECTION('',(-1.,0.,0.));
#3998=DIRECTION('',(0.,0.,1.));
#3999=DIRECTION('',(1.,0.,0.));
#4000=DIRECTION('',(0.,0.,-1.));
#4001=DIRECTION('',(-1.,0.,0.));
#4002=DIRECTION('',(0.,0.,1.));
#4003=DIRECTION('',(1.,0.,0.));
#4004=DIRECTION('',(0.,0.,-1.));
#4005=DIRECTION('',(-1.,0.,0.));
#4006=DIRECTION('',(0.,0.,-1.));
#4007=DIRECTION('',(-1.,0.,0.));
#4008=DIRECTION('',(-1.,2.31296463463574E-16,0.));
#4009=DIRECTION('',(-2.31296463463574E-16,-1.,0.));
#4010=DIRECTION('',(-1.,0.,0.));
#4011=DIRECTION('',(0.,0.,1.));
#4012=DIRECTION('',(1.,0.,0.));
#4013=DIRECTION('',(0.,0.,-1.));
#4014=DIRECTION('',(0.,0.,1.));
#4015=DIRECTION('',(1.,0.,0.));
#4016=DIRECTION('',(0.,1.,0.));
#4017=DIRECTION('',(0.,0.,1.));
#4018=DIRECTION('',(0.,0.,1.));
#4019=DIRECTION('',(1.,0.,0.));
#4020=DIRECTION('',(0.,1.,0.));
#4021=DIRECTION('',(0.,0.,1.));
#4022=DIRECTION('',(-2.31296463463574E-16,-1.,0.));
#4023=DIRECTION('',(1.,-2.31296463463574E-16,0.));
#4024=DIRECTION('',(0.,1.,0.));
#4025=DIRECTION('',(0.,0.,1.));
#4026=DIRECTION('',(-1.15648231731787E-16,1.,0.));
#4027=DIRECTION('',(-1.,-1.15648231731787E-16,0.));
#4028=DIRECTION('',(0.,1.,0.));
#4029=DIRECTION('',(0.,0.,1.));
#4030=DIRECTION('',(0.,0.,1.));
#4031=DIRECTION('',(1.,0.,0.));
#4032=DIRECTION('',(-1.,0.,0.));
#4033=DIRECTION('',(0.,0.,1.));
#4034=DIRECTION('',(0.,0.,1.));
#4035=DIRECTION('',(1.,0.,0.));
#4036=DIRECTION('',(1.,0.,0.));
#4037=DIRECTION('',(0.,0.,-1.));
#4038=DIRECTION('',(1.,0.,0.));
#4039=DIRECTION('',(0.,0.,-1.));
#4040=CARTESIAN_POINT('',(0.,0.,0.));
#4041=CARTESIAN_POINT('',(0.0136807010150306,0.0225009781981664,0.436600000000003));
#4042=CARTESIAN_POINT('',(0.0136807010150306,0.0225009781981664,0.409600000000005));
#4043=CARTESIAN_POINT('',(0.0150084022922648,0.0225249724236059,0.436600000000003));
#4044=CARTESIAN_POINT('',(0.0150084022922648,0.0225249724236059,0.409600000000005));
#4045=CARTESIAN_POINT('',(0.0163095252194321,0.0224348852126926,0.436600000000003));
#4046=CARTESIAN_POINT('',(0.0163095252194321,0.0224348852126926,0.409600000000005));
#4047=CARTESIAN_POINT('',(0.0180033364547695,0.0219747894980523,0.436600000000003));
#4048=CARTESIAN_POINT('',(0.0180033364547695,0.0219747894980523,0.409600000000005));
#4049=CARTESIAN_POINT('',(0.0199198658905406,0.0208734415652494,0.436600000000003));
#4050=CARTESIAN_POINT('',(0.0199198658905406,0.0208734415652494,0.409600000000005));
#4051=CARTESIAN_POINT('',(0.021624437779286,0.018843792938883,0.436600000000003));
#4052=CARTESIAN_POINT('',(0.021624437779286,0.018843792938883,0.409600000000005));
#4053=CARTESIAN_POINT('',(0.0225546719028938,0.0163382241307742,0.436600000000003));
#4054=CARTESIAN_POINT('',(0.0225546719028938,0.0163382241307742,0.409600000000005));
#4055=CARTESIAN_POINT('',(0.022492908164476,0.01373291090829,0.436600000000003));
#4056=CARTESIAN_POINT('',(0.022492908164476,0.01373291090829,0.409600000000005));
#4057=CARTESIAN_POINT('',(0.0225094518184982,0.0111503706149012,0.436600000000003));
#4058=CARTESIAN_POINT('',(0.0225094518184982,0.0111503706149012,0.409600000000005));
#4059=CARTESIAN_POINT('',(0.0225050467283953,0.00856173792105487,0.436600000000003));
#4060=CARTESIAN_POINT('',(0.0225050467283953,0.00856173792105487,0.409600000000005));
#4061=CARTESIAN_POINT('',(0.0225064884490822,0.00511235652766412,0.436600000000003));
#4062=CARTESIAN_POINT('',(0.0225064884490822,0.00511235652766412,0.409600000000005));
#4063=CARTESIAN_POINT('',(0.0225057956454663,0.000799894254559924,0.436600000000003));
#4064=CARTESIAN_POINT('',(0.0225057956454663,0.000799894254559924,0.409600000000005));
#4065=CARTESIAN_POINT('',(0.0225059356834458,-0.0035122869984282,0.436600000000003));
#4066=CARTESIAN_POINT('',(0.0225059356834458,-0.0035122869984282,0.409600000000005));
#4067=CARTESIAN_POINT('',(0.0225060424506952,-0.0069621180227426,0.436600000000003));
#4068=CARTESIAN_POINT('',(0.0225060424506952,-0.0069621180227426,0.409600000000005));
#4069=CARTESIAN_POINT('',(0.0225056368054139,-0.00954940182097848,0.436600000000003));
#4070=CARTESIAN_POINT('',(0.0225056368054139,-0.00954940182097848,0.409600000000005));
#4071=CARTESIAN_POINT('',(0.0225069190268446,-0.0117057340278292,0.436600000000003));
#4072=CARTESIAN_POINT('',(0.0225069190268446,-0.0117057340278292,0.409600000000005));
#4073=CARTESIAN_POINT('',(0.0225042984406308,-0.0134302148157433,0.436600000000003));
#4074=CARTESIAN_POINT('',(0.0225042984406308,-0.0134302148157433,0.409600000000005));
#4075=CARTESIAN_POINT('',(0.0225122994842557,-0.0147251729030193,0.436600000000003));
#4076=CARTESIAN_POINT('',(0.0225122994842557,-0.0147251729030193,0.409600000000005));
#4077=CARTESIAN_POINT('',(0.0224822574755581,-0.0160140334851157,0.436600000000003));
#4078=CARTESIAN_POINT('',(0.0224822574755581,-0.0160140334851157,0.409600000000005));
#4079=CARTESIAN_POINT('',(0.0220851345767951,-0.017733995370461,0.436600000000003));
#4080=CARTESIAN_POINT('',(0.0220851345767951,-0.017733995370461,0.409600000000005));
#4081=CARTESIAN_POINT('',(0.021048864839444,-0.0197088436019613,0.436600000000003));
#4082=CARTESIAN_POINT('',(0.021048864839444,-0.0197088436019613,0.409600000000005));
#4083=CARTESIAN_POINT('',(0.0193838458178077,-0.0212046773704176,0.436600000000003));
#4084=CARTESIAN_POINT('',(0.0193838458178077,-0.0212046773704176,0.409600000000005));
#4085=CARTESIAN_POINT('',(0.0178202604130541,-0.0219986560893317,0.436600000000003));
#4086=CARTESIAN_POINT('',(0.0178202604130541,-0.0219986560893317,0.409600000000005));
#4087=CARTESIAN_POINT('',(0.0165419678431792,-0.0223884203872523,0.436600000000003));
#4088=CARTESIAN_POINT('',(0.0165419678431792,-0.0223884203872523,0.409600000000005));
#4089=CARTESIAN_POINT('',(0.0152485085335009,-0.022530509047818,0.436600000000003));
#4090=CARTESIAN_POINT('',(0.0152485085335009,-0.022530509047818,0.409600000000005));
#4091=CARTESIAN_POINT('',(0.0135199318741044,-0.0224917863176637,0.436600000000003));
#4092=CARTESIAN_POINT('',(0.0135199318741044,-0.0224917863176637,0.409600000000005));
#4093=CARTESIAN_POINT('',(0.0113602503620074,-0.0225107675097173,0.436600000000003));
#4094=CARTESIAN_POINT('',(0.0113602503620074,-0.0225107675097173,0.409600000000005));
#4095=CARTESIAN_POINT('',(0.0087681876126492,-0.0225047016221967,0.436600000000003));
#4096=CARTESIAN_POINT('',(0.0087681876126492,-0.0225047016221967,0.409600000000005));
#4097=CARTESIAN_POINT('',(0.0053122596940999,-0.0225066893676405,0.436600000000003));
#4098=CARTESIAN_POINT('',(0.0053122596940999,-0.0225066893676405,0.409600000000005));
#4099=CARTESIAN_POINT('',(0.000992293972486403,-0.0225057123590178,0.436600000000003));
#4100=CARTESIAN_POINT('',(0.000992293972486403,-0.0225057123590178,0.409600000000005));
#4101=CARTESIAN_POINT('',(-0.00332764317204981,-0.0225059845984107,0.436600000000003));
#4102=CARTESIAN_POINT('',(-0.00332764317204981,-0.0225059845984107,0.409600000000005));
#4103=CARTESIAN_POINT('',(-0.00678361681644865,-0.0225059711315453,0.436600000000003));
#4104=CARTESIAN_POINT('',(-0.00678361681644865,-0.0225059711315453,0.409600000000005));
#4105=CARTESIAN_POINT('',(-0.00937554239394189,-0.0225059034461127,0.436600000000003));
#4106=CARTESIAN_POINT('',(-0.00937554239394189,-0.0225059034461127,0.409600000000005));
#4107=CARTESIAN_POINT('',(-0.0115356525743,-0.0225061343437374,0.436600000000003));
#4108=CARTESIAN_POINT('',(-0.0115356525743,-0.0225061343437374,0.409600000000005));
#4109=CARTESIAN_POINT('',(-0.013263354755138,-0.0225056577254433,0.436600000000003));
#4110=CARTESIAN_POINT('',(-0.013263354755138,-0.0225056577254433,0.409600000000005));
#4111=CARTESIAN_POINT('',(-0.0145601859493305,-0.0225071114367101,0.436600000000003));
#4112=CARTESIAN_POINT('',(-0.0145601859493305,-0.0225071114367101,0.409600000000005));
#4113=CARTESIAN_POINT('',(-0.0158529918816058,-0.0225016508142886,0.436600000000003));
#4114=CARTESIAN_POINT('',(-0.0158529918816058,-0.0225016508142886,0.409600000000005));
#4115=CARTESIAN_POINT('',(-0.0175824492924379,-0.0221425977313011,0.436600000000003));
#4116=CARTESIAN_POINT('',(-0.0175824492924379,-0.0221425977313011,0.409600000000005));
#4117=CARTESIAN_POINT('',(-0.0195922811111416,-0.0211401427077646,0.436600000000003));
#4118=CARTESIAN_POINT('',(-0.0195922811111416,-0.0211401427077646,0.409600000000005));
#4119=CARTESIAN_POINT('',(-0.0211251451913625,-0.0194957536231766,0.436600000000003));
#4120=CARTESIAN_POINT('',(-0.0211251451913625,-0.0194957536231766,0.409600000000005));
#4121=CARTESIAN_POINT('',(-0.0219512891803543,-0.0179368115842863,0.436600000000003));
#4122=CARTESIAN_POINT('',(-0.0219512891803543,-0.0179368115842863,0.409600000000005));
#4123=CARTESIAN_POINT('',(-0.0223622628417645,-0.0166598359627439,0.436600000000003));
#4124=CARTESIAN_POINT('',(-0.0223622628417645,-0.0166598359627439,0.409600000000005));
#4125=CARTESIAN_POINT('',(-0.0225303226032449,-0.015360410523502,0.436600000000003));
#4126=CARTESIAN_POINT('',(-0.0225303226032449,-0.015360410523502,0.409600000000005));
#4127=CARTESIAN_POINT('',(-0.0224918938847629,-0.0136237053614132,0.436600000000003));
#4128=CARTESIAN_POINT('',(-0.0224918938847629,-0.0136237053614132,0.409600000000005));
#4129=CARTESIAN_POINT('',(-0.0225107309629067,-0.0114534437474977,0.436600000000003));
#4130=CARTESIAN_POINT('',(-0.0225107309629067,-0.0114534437474977,0.409600000000005));
#4131=CARTESIAN_POINT('',(-0.0225047112283955,-0.0088488644402472,0.436600000000003));
#4132=CARTESIAN_POINT('',(-0.0225047112283955,-0.0088488644402472,0.409600000000005));
#4133=CARTESIAN_POINT('',(-0.0225066834912758,-0.00537618497962034,0.436600000000003));
#4134=CARTESIAN_POINT('',(-0.0225066834912758,-0.00537618497962034,0.409600000000005));
#4135=CARTESIAN_POINT('',(-0.0225057170251955,-0.00103530190566362,0.436600000000003));
#4136=CARTESIAN_POINT('',(-0.0225057170251955,-0.00103530190566362,0.409600000000005));
#4137=CARTESIAN_POINT('',(-0.0225059764697109,0.00330556239926881,0.436600000000003));
#4138=CARTESIAN_POINT('',(-0.0225059764697109,0.00330556239926881,0.409600000000005));
#4139=CARTESIAN_POINT('',(-0.0225059848366982,0.00677827190084856,0.436600000000003));
#4140=CARTESIAN_POINT('',(-0.0225059848366982,0.00677827190084856,0.409600000000005));
#4141=CARTESIAN_POINT('',(-0.0225058513022514,0.00938276110889669,0.436600000000003));
#4142=CARTESIAN_POINT('',(-0.0225058513022514,0.00938276110889669,0.409600000000005));
#4143=CARTESIAN_POINT('',(-0.0225062880348719,0.0115533043085565,0.436600000000003));
#4144=CARTESIAN_POINT('',(-0.0225062880348719,0.0115533043085565,0.409600000000005));
#4145=CARTESIAN_POINT('',(-0.0225053914888942,0.0132894350552655,0.436600000000003));
#4146=CARTESIAN_POINT('',(-0.0225053914888942,0.0132894350552655,0.409600000000005));
#4147=CARTESIAN_POINT('',(-0.0225081276115361,0.0145923632300154,0.436600000000003));
#4148=CARTESIAN_POINT('',(-0.0225081276115361,0.0145923632300154,0.409600000000005));
#4149=CARTESIAN_POINT('',(-0.0224978522668472,0.0158921228457208,0.436600000000003));
#4150=CARTESIAN_POINT('',(-0.0224978522668472,0.0158921228457208,0.409600000000005));
#4151=CARTESIAN_POINT('',(-0.0221272640914389,0.0176222727206996,0.436600000000003));
#4152=CARTESIAN_POINT('',(-0.0221272640914389,0.0176222727206996,0.409600000000005));
#4153=CARTESIAN_POINT('',(-0.0211292902560384,0.0195980058188614,0.436600000000003));
#4154=CARTESIAN_POINT('',(-0.0211292902560384,0.0195980058188614,0.409600000000005));
#4155=CARTESIAN_POINT('',(-0.0191836408603484,0.0214194134409009,0.436600000000003));
#4156=CARTESIAN_POINT('',(-0.0191836408603484,0.0214194134409009,0.409600000000005));
#4157=CARTESIAN_POINT('',(-0.017135394852371,0.0222911367398812,0.436600000000003));
#4158=CARTESIAN_POINT('',(-0.017135394852371,0.0222911367398812,0.409600000000005));
#4159=CARTESIAN_POINT('',(-0.0154080104184008,0.0225299262766477,0.436600000000003));
#4160=CARTESIAN_POINT('',(-0.0154080104184008,0.0225299262766477,0.409600000000005));
#4161=CARTESIAN_POINT('',(-0.0136397864689864,0.0224921227028852,0.436600000000003));
#4162=CARTESIAN_POINT('',(-0.0136397864689864,0.0224921227028852,0.409600000000005));
#4163=CARTESIAN_POINT('',(-0.0114389195281325,0.0225106530785862,0.436600000000003));
#4164=CARTESIAN_POINT('',(-0.0114389195281325,0.0225106530785862,0.409600000000005));
#4165=CARTESIAN_POINT('',(-0.00879384966197688,0.0225047326435325,0.436600000000003));
#4166=CARTESIAN_POINT('',(-0.00879384966197688,0.0225047326435325,0.409600000000005));
#4167=CARTESIAN_POINT('',(-0.00526849964826141,0.0225066661186821,0.436600000000003));
#4168=CARTESIAN_POINT('',(-0.00526849964826141,0.0225066661186821,0.409600000000005));
#4169=CARTESIAN_POINT('',(-0.00086131241734646,0.0225057666221804,0.436600000000003));
#4170=CARTESIAN_POINT('',(-0.00086131241734646,0.0225057666221804,0.409600000000005));
#4171=CARTESIAN_POINT('',(0.00354563821905373,0.0225058451035797,0.436600000000003));
#4172=CARTESIAN_POINT('',(0.00354563821905373,0.0225058451035797,0.409600000000005));
#4173=CARTESIAN_POINT('',(0.00707136678392398,0.0225062112920964,0.436600000000003));
#4174=CARTESIAN_POINT('',(0.00707136678392398,0.0225062112920964,0.409600000000005));
#4175=CARTESIAN_POINT('',(0.00971530099704328,0.0225049870460766,0.436600000000003));
#4176=CARTESIAN_POINT('',(0.00971530099704328,0.0225049870460766,0.409600000000005));
#4177=CARTESIAN_POINT('',(0.0119197168531766,0.0225088356659679,0.436600000000003));
#4178=CARTESIAN_POINT('',(0.0119197168531766,0.0225088356659679,0.409600000000005));
#4179=CARTESIAN_POINT('',(0.0136807010150306,0.0225009781981664,0.436600000000003));
#4180=CARTESIAN_POINT('',(0.0136807010150306,0.0225009781981664,0.409600000000005));
#4181=CARTESIAN_POINT('',(0.0150084022922648,0.0225249724236059,0.436600000000003));
#4182=CARTESIAN_POINT('',(0.0150084022922648,0.0225249724236059,0.409600000000005));
#4183=CARTESIAN_POINT('',(0.0163095252194321,0.0224348852126926,0.436600000000003));
#4184=CARTESIAN_POINT('',(0.0163095252194321,0.0224348852126926,0.409600000000005));
#4185=CARTESIAN_POINT('',(-0.0225059617280711,-0.00575000008613928,0.43135));
#4186=CARTESIAN_POINT('',(-0.0225059617280711,-0.00575000008613928,0.432208763906048));
#4187=CARTESIAN_POINT('',(-0.0225059616173216,-0.00645419364346204,0.433892127063939));
#4188=CARTESIAN_POINT('',(-0.0225059610502453,-0.00899697956965395,0.434953230727852));
#4189=CARTESIAN_POINT('',(-0.0225059602448405,-0.0115447120389713,0.43389494557262));
#4190=CARTESIAN_POINT('',(-0.0225059599753243,-0.0122500001835141,0.432208763906044));
#4191=CARTESIAN_POINT('',(-0.0225059599753243,-0.0122500001835141,0.43135));
#4192=CARTESIAN_POINT('',(-0.0225059617280711,-0.00575000008613928,0.43135));
#4193=CARTESIAN_POINT('',(-0.0225059599753243,-0.0122500001835141,0.43135));
#4194=CARTESIAN_POINT('',(-0.0225059599753243,-0.0122500001835141,0.43135));
#4195=CARTESIAN_POINT('',(-0.0225059599753243,-0.0122500001835141,0.42585));
#4196=CARTESIAN_POINT('',(-0.0225059599753243,-0.0122500001835141,0.42585));
#4197=CARTESIAN_POINT('',(-0.0225059599753243,-0.0122500001835141,0.424991236093952));
#4198=CARTESIAN_POINT('',(-0.0225059602443511,-0.0115458066261913,0.423307872936061));
#4199=CARTESIAN_POINT('',(-0.0225059610486163,-0.00900302069999944,0.422246769272148));
#4200=CARTESIAN_POINT('',(-0.0225059616172206,-0.00645528823068222,0.42330505442738));
#4201=CARTESIAN_POINT('',(-0.0225059617280711,-0.00575000008613928,0.424991236093956));
#4202=CARTESIAN_POINT('',(-0.0225059617280711,-0.00575000008613928,0.42585));
#4203=CARTESIAN_POINT('',(-0.0225059617280711,-0.00575000008613931,0.42585));
#4204=CARTESIAN_POINT('',(-0.0225059617280711,-0.00575000008613931,0.42585));
#4205=CARTESIAN_POINT('',(0.0225059599753243,-0.0122500001835141,0.43135));
#4206=CARTESIAN_POINT('',(0.0225059599753243,-0.0122500001835141,0.432208763906048));
#4207=CARTESIAN_POINT('',(0.0225059602443511,-0.0115458066261912,0.433892127063939));
#4208=CARTESIAN_POINT('',(0.0225059610486163,-0.00900302069999953,0.434953230727852));
#4209=CARTESIAN_POINT('',(0.0225059616172206,-0.00645528823068207,0.43389494557262));
#4210=CARTESIAN_POINT('',(0.0225059617280711,-0.00575000008613926,0.432208763906044));
#4211=CARTESIAN_POINT('',(0.0225059617280711,-0.00575000008613926,0.43135));
#4212=CARTESIAN_POINT('',(0.0225059599753243,-0.0122500001835141,0.43135));
#4213=CARTESIAN_POINT('',(0.0225059617280711,-0.00575000008613926,0.43135));
#4214=CARTESIAN_POINT('',(0.0225059617280711,-0.00575000008613931,0.43135));
#4215=CARTESIAN_POINT('',(0.0225059617280711,-0.00575000008613926,0.42585));
#4216=CARTESIAN_POINT('',(0.0225059617280711,-0.00575000008613926,0.42585));
#4217=CARTESIAN_POINT('',(0.0225059617280711,-0.00575000008613926,0.424991236093952));
#4218=CARTESIAN_POINT('',(0.0225059616173217,-0.00645419364346196,0.423307872936061));
#4219=CARTESIAN_POINT('',(0.0225059610502453,-0.00899697956965398,0.422246769272148));
#4220=CARTESIAN_POINT('',(0.0225059602448404,-0.0115447120389713,0.42330505442738));
#4221=CARTESIAN_POINT('',(0.0225059599753243,-0.0122500001835141,0.424991236093956));
#4222=CARTESIAN_POINT('',(0.0225059599753243,-0.0122500001835141,0.42585));
#4223=CARTESIAN_POINT('',(0.0225059599753243,-0.0122500001835141,0.42585));
#4224=CARTESIAN_POINT('',(0.0225059599753243,-0.0122500001835141,0.42585));
#4225=CARTESIAN_POINT('',(-0.0225059617280711,0.00575000008613929,0.43135));
#4226=CARTESIAN_POINT('',(-0.0225059617280711,0.00575000008613926,0.43135));
#4227=CARTESIAN_POINT('',(-0.0225059617280711,0.00575000008613929,0.42585));
#4228=CARTESIAN_POINT('',(-0.0225059617280711,0.00575000008613926,0.42585));
#4229=CARTESIAN_POINT('',(-0.0225059617280711,0.00575000008613926,0.424991236093952));
#4230=CARTESIAN_POINT('',(-0.0225059616173217,0.00645419364346207,0.423307872936061));
#4231=CARTESIAN_POINT('',(-0.0225059610502453,0.00899697956965396,0.422246769272149));
#4232=CARTESIAN_POINT('',(-0.0225059602448405,0.0115447120389712,0.423305054427379));
#4233=CARTESIAN_POINT('',(-0.0225059599753243,0.0122500001835141,0.424991236093956));
#4234=CARTESIAN_POINT('',(-0.0225059599753243,0.0122500001835141,0.42585));
#4235=CARTESIAN_POINT('',(-0.0225059599753243,0.0122500001835141,0.42585));
#4236=CARTESIAN_POINT('',(-0.0225059599753243,0.0122500001835141,0.42585));
#4237=CARTESIAN_POINT('',(-0.0225059599753243,0.0122500001835141,0.43135));
#4238=CARTESIAN_POINT('',(-0.0225059599753243,0.0122500001835141,0.43135));
#4239=CARTESIAN_POINT('',(-0.0225059599753243,0.0122500001835141,0.432208763906048));
#4240=CARTESIAN_POINT('',(-0.0225059602443512,0.0115458066261912,0.433892127063939));
#4241=CARTESIAN_POINT('',(-0.0225059610486163,0.00900302069999953,0.434953230727852));
#4242=CARTESIAN_POINT('',(-0.0225059616172207,0.00645528823068211,0.43389494557262));
#4243=CARTESIAN_POINT('',(-0.0225059617280711,0.00575000008613926,0.432208763906044));
#4244=CARTESIAN_POINT('',(-0.0225059617280711,0.00575000008613926,0.43135));
#4245=CARTESIAN_POINT('',(0.0225059617280711,0.00575000008613929,0.42585));
#4246=CARTESIAN_POINT('',(0.0225059617280711,0.00575000008613927,0.42585));
#4247=CARTESIAN_POINT('',(0.0225059617280711,0.00575000008613929,0.43135));
#4248=CARTESIAN_POINT('',(0.0225059617280711,0.00575000008613926,0.43135));
#4249=CARTESIAN_POINT('',(0.0225059617280711,0.00575000008613926,0.432208763906048));
#4250=CARTESIAN_POINT('',(0.0225059616173217,0.00645419364346204,0.433892127063939));
#4251=CARTESIAN_POINT('',(0.0225059610502453,0.00899697956965396,0.434953230727852));
#4252=CARTESIAN_POINT('',(0.0225059602448404,0.0115447120389712,0.43389494557262));
#4253=CARTESIAN_POINT('',(0.0225059599753243,0.0122500001835141,0.432208763906044));
#4254=CARTESIAN_POINT('',(0.0225059599753243,0.0122500001835141,0.43135));
#4255=CARTESIAN_POINT('',(0.0225059599753243,0.0122500001835141,0.43135));
#4256=CARTESIAN_POINT('',(0.0225059599753243,0.0122500001835141,0.43135));
#4257=CARTESIAN_POINT('',(0.0225059599753243,0.0122500001835141,0.42585));
#4258=CARTESIAN_POINT('',(0.0225059599753243,0.0122500001835141,0.42585));
#4259=CARTESIAN_POINT('',(0.0225059599753243,0.0122500001835141,0.424991236093952));
#4260=CARTESIAN_POINT('',(0.0225059602443512,0.0115458066261913,0.423307872936061));
#4261=CARTESIAN_POINT('',(0.0225059610486163,0.00900302069999949,0.422246769272149));
#4262=CARTESIAN_POINT('',(0.0225059616172206,0.00645528823068205,0.42330505442738));
#4263=CARTESIAN_POINT('',(0.0225059617280711,0.00575000008613927,0.424991236093956));
#4264=CARTESIAN_POINT('',(0.0225059617280711,0.00575000008613927,0.42585));
#4265=CARTESIAN_POINT('',(-0.0225059620651378,-0.00325000004868741,0.42585));
#4266=CARTESIAN_POINT('',(-0.0225059620651378,-0.00325000004868741,0.424991236093952));
#4267=CARTESIAN_POINT('',(-0.0225059621442765,-0.00254580649136467,0.423307872936061));
#4268=CARTESIAN_POINT('',(-0.0225059622628709,-3.02056517274722E-6,0.422246769272148));
#4269=CARTESIAN_POINT('',(-0.0225059621444707,0.00254471190414462,0.42330505442738));
#4270=CARTESIAN_POINT('',(-0.0225059620651378,0.00325000004868741,0.424991236093956));
#4271=CARTESIAN_POINT('',(-0.0225059620651378,0.00325000004868741,0.42585));
#4272=CARTESIAN_POINT('',(-0.0225059620651378,-0.00325000004868741,0.42585));
#4273=CARTESIAN_POINT('',(-0.0225059620651378,0.00325000004868741,0.42585));
#4274=CARTESIAN_POINT('',(-0.0225059620651378,0.00325000004868741,0.42585));
#4275=CARTESIAN_POINT('',(-0.0225059620651378,0.00325000004868741,0.43135));
#4276=CARTESIAN_POINT('',(-0.0225059620651378,0.00325000004868741,0.43135));
#4277=CARTESIAN_POINT('',(-0.0225059620651378,0.00325000004868741,0.432208763906048));
#4278=CARTESIAN_POINT('',(-0.0225059621442765,0.00254580649136456,0.433892127063938));
#4279=CARTESIAN_POINT('',(-0.0225059622628709,3.02056517281185E-6,0.434953230727852));
#4280=CARTESIAN_POINT('',(-0.0225059621444706,-0.00254471190414462,0.43389494557262));
#4281=CARTESIAN_POINT('',(-0.0225059620651378,-0.00325000004868741,0.432208763906044));
#4282=CARTESIAN_POINT('',(-0.0225059620651378,-0.00325000004868741,0.43135));
#4283=CARTESIAN_POINT('',(-0.0225059620651378,-0.00325000004868741,0.43135));
#4284=CARTESIAN_POINT('',(-0.0225059620651378,-0.00325000004868741,0.43135));
#4285=CARTESIAN_POINT('',(0.0225059620651378,0.00325000004868741,0.42585));
#4286=CARTESIAN_POINT('',(0.0225059620651378,0.00325000004868741,0.424991236093952));
#4287=CARTESIAN_POINT('',(0.0225059621442765,0.00254580649136467,0.423307872936061));
#4288=CARTESIAN_POINT('',(0.0225059622628709,3.02056517274197E-6,0.422246769272148));
#4289=CARTESIAN_POINT('',(0.0225059621444707,-0.00254471190414456,0.42330505442738));
#4290=CARTESIAN_POINT('',(0.0225059620651378,-0.00325000004868741,0.424991236093956));
#4291=CARTESIAN_POINT('',(0.0225059620651378,-0.00325000004868741,0.42585));
#4292=CARTESIAN_POINT('',(0.0225059620651378,0.00325000004868741,0.42585));
#4293=CARTESIAN_POINT('',(0.0225059620651378,-0.00325000004868741,0.42585));
#4294=CARTESIAN_POINT('',(0.0225059620651378,-0.00325000004868742,0.42585));
#4295=CARTESIAN_POINT('',(0.0225059620651378,-0.00325000004868742,0.43135));
#4296=CARTESIAN_POINT('',(0.0225059620651378,-0.00325000004868742,0.43135));
#4297=CARTESIAN_POINT('',(0.0225059620651378,-0.00325000004868742,0.432208763906048));
#4298=CARTESIAN_POINT('',(0.0225059621442765,-0.00254580649136468,0.433892127063939));
#4299=CARTESIAN_POINT('',(0.0225059622628709,-3.02056517277647E-6,0.434953230727852));
#4300=CARTESIAN_POINT('',(0.0225059621444706,0.00254471190414456,0.43389494557262));
#4301=CARTESIAN_POINT('',(0.0225059620651378,0.00325000004868741,0.432208763906044));
#4302=CARTESIAN_POINT('',(0.0225059620651378,0.00325000004868741,0.43135));
#4303=CARTESIAN_POINT('',(0.0225059620651378,0.00325000004868741,0.43135));
#4304=CARTESIAN_POINT('',(0.0225059620651378,0.00325000004868741,0.43135));
#4305=CARTESIAN_POINT('',(0.0122500001835141,-0.0225059599753243,0.42585));
#4306=CARTESIAN_POINT('',(0.0122500001835141,-0.0225059599753243,0.424991236093952));
#4307=CARTESIAN_POINT('',(0.0115458066261913,-0.0225059602443511,0.423307872936061));
#4308=CARTESIAN_POINT('',(0.00900302069999948,-0.0225059610486163,0.422246769272149));
#4309=CARTESIAN_POINT('',(0.00645528823068212,-0.0225059616172206,0.42330505442738));
#4310=CARTESIAN_POINT('',(0.00575000008613926,-0.0225059617280711,0.424991236093956));
#4311=CARTESIAN_POINT('',(0.00575000008613926,-0.0225059617280711,0.42585));
#4312=CARTESIAN_POINT('',(0.0122500001835141,-0.0225059599753243,0.42585));
#4313=CARTESIAN_POINT('',(0.00575000008613926,-0.0225059617280711,0.42585));
#4314=CARTESIAN_POINT('',(0.00575000008613926,-0.0225059617280711,0.42585));
#4315=CARTESIAN_POINT('',(0.00575000008613926,-0.0225059617280711,0.43135));
#4316=CARTESIAN_POINT('',(0.00575000008613926,-0.0225059617280711,0.43135));
#4317=CARTESIAN_POINT('',(0.00575000008613926,-0.0225059617280711,0.432208763906048));
#4318=CARTESIAN_POINT('',(0.00645419364346205,-0.0225059616173217,0.433892127063939));
#4319=CARTESIAN_POINT('',(0.00899697956965394,-0.0225059610502453,0.434953230727852));
#4320=CARTESIAN_POINT('',(0.0115447120389713,-0.0225059602448404,0.43389494557262));
#4321=CARTESIAN_POINT('',(0.0122500001835141,-0.0225059599753243,0.432208763906044));
#4322=CARTESIAN_POINT('',(0.0122500001835141,-0.0225059599753243,0.43135));
#4323=CARTESIAN_POINT('',(0.0122500001835141,-0.0225059599753243,0.43135));
#4324=CARTESIAN_POINT('',(0.0122500001835141,-0.0225059599753243,0.43135));
#4325=CARTESIAN_POINT('',(0.0057500000863908,0.0225059617320216,0.42585));
#4326=CARTESIAN_POINT('',(0.0057500000863908,0.0225059617320216,0.424991236093956));
#4327=CARTESIAN_POINT('',(0.00645419364372756,0.0225059616209384,0.42330787293609));
#4328=CARTESIAN_POINT('',(0.00899697956988857,0.0225059610523553,0.422246769272143));
#4329=CARTESIAN_POINT('',(0.0115447120392046,0.022505960245622,0.42330505442737));
#4330=CARTESIAN_POINT('',(0.0122500001836985,0.0225059599758765,0.424991236093961));
#4331=CARTESIAN_POINT('',(0.0122500001836985,0.0225059599758765,0.42585));
#4332=CARTESIAN_POINT('',(0.00575000008639079,0.0225059617320216,0.42585));
#4333=CARTESIAN_POINT('',(0.0122500001836985,0.0225059599758765,0.42585));
#4334=CARTESIAN_POINT('',(0.0122500001836985,0.0225059599758765,0.42585));
#4335=CARTESIAN_POINT('',(0.0122500001836985,0.0225059599758765,0.43135));
#4336=CARTESIAN_POINT('',(0.0122500001836985,0.0225059599758765,0.43135));
#4337=CARTESIAN_POINT('',(0.0122500001836985,0.0225059599758765,0.432208763906043));
#4338=CARTESIAN_POINT('',(0.0115458066264243,0.0225059602451325,0.433892127063948));
#4339=CARTESIAN_POINT('',(0.00900302070023378,0.0225059610507227,0.434953230727857));
#4340=CARTESIAN_POINT('',(0.00645528823094718,0.0225059616208369,0.433894945572591));
#4341=CARTESIAN_POINT('',(0.00575000008639079,0.0225059617320216,0.43220876390604));
#4342=CARTESIAN_POINT('',(0.00575000008639079,0.0225059617320216,0.43135));
#4343=CARTESIAN_POINT('',(0.0057500000863908,0.0225059617320216,0.43135));
#4344=CARTESIAN_POINT('',(0.00575000008639079,0.0225059617320216,0.43135));
#4345=CARTESIAN_POINT('',(-0.0122500001835141,-0.0225059599753243,0.42585));
#4346=CARTESIAN_POINT('',(-0.0122500001835141,-0.0225059599753243,0.42585));
#4347=CARTESIAN_POINT('',(-0.0122500001835141,-0.0225059599753243,0.43135));
#4348=CARTESIAN_POINT('',(-0.0122500001835141,-0.0225059599753243,0.43135));
#4349=CARTESIAN_POINT('',(-0.0122500001835141,-0.0225059599753243,0.432208763906048));
#4350=CARTESIAN_POINT('',(-0.0115458066261912,-0.0225059602443512,0.433892127063939));
#4351=CARTESIAN_POINT('',(-0.00900302069999953,-0.0225059610486163,0.434953230727852));
#4352=CARTESIAN_POINT('',(-0.00645528823068215,-0.0225059616172206,0.43389494557262));
#4353=CARTESIAN_POINT('',(-0.00575000008613927,-0.0225059617280711,0.432208763906044));
#4354=CARTESIAN_POINT('',(-0.00575000008613927,-0.0225059617280711,0.43135));
#4355=CARTESIAN_POINT('',(-0.00575000008613927,-0.0225059617280711,0.43135));
#4356=CARTESIAN_POINT('',(-0.00575000008613927,-0.0225059617280711,0.43135));
#4357=CARTESIAN_POINT('',(-0.00575000008613927,-0.0225059617280711,0.42585));
#4358=CARTESIAN_POINT('',(-0.00575000008613927,-0.0225059617280711,0.42585));
#4359=CARTESIAN_POINT('',(-0.00575000008613927,-0.0225059617280711,0.424991236093952));
#4360=CARTESIAN_POINT('',(-0.00645419364346211,-0.0225059616173217,0.423307872936061));
#4361=CARTESIAN_POINT('',(-0.00899697956965392,-0.0225059610502453,0.422246769272148));
#4362=CARTESIAN_POINT('',(-0.0115447120389714,-0.0225059602448405,0.42330505442738));
#4363=CARTESIAN_POINT('',(-0.0122500001835141,-0.0225059599753243,0.424991236093956));
#4364=CARTESIAN_POINT('',(-0.0122500001835141,-0.0225059599753243,0.42585));
#4365=CARTESIAN_POINT('',(-0.0122500001836989,0.0225059599758744,0.43135));
#4366=CARTESIAN_POINT('',(-0.0122500001836989,0.0225059599758744,0.43135));
#4367=CARTESIAN_POINT('',(-0.0122500001836989,0.0225059599758744,0.42585));
#4368=CARTESIAN_POINT('',(-0.0122500001836989,0.0225059599758744,0.42585));
#4369=CARTESIAN_POINT('',(-0.0122500001836989,0.0225059599758744,0.424991236093957));
#4370=CARTESIAN_POINT('',(-0.0115458066264251,0.0225059602451283,0.423307872936049));
#4371=CARTESIAN_POINT('',(-0.00900302070023281,0.0225059610507393,0.422246769272145));
#4372=CARTESIAN_POINT('',(-0.00645528823094353,0.0225059616208252,0.423305054427406));
#4373=CARTESIAN_POINT('',(-0.00575000008638845,0.0225059617320074,0.42499123609396));
#4374=CARTESIAN_POINT('',(-0.00575000008638845,0.0225059617320074,0.42585));
#4375=CARTESIAN_POINT('',(-0.00575000008638845,0.0225059617320074,0.42585));
#4376=CARTESIAN_POINT('',(-0.00575000008638845,0.0225059617320074,0.42585));
#4377=CARTESIAN_POINT('',(-0.00575000008638845,0.0225059617320074,0.43135));
#4378=CARTESIAN_POINT('',(-0.00575000008638845,0.0225059617320074,0.43135));
#4379=CARTESIAN_POINT('',(-0.00575000008638845,0.0225059617320074,0.432208763906044));
#4380=CARTESIAN_POINT('',(-0.0064541936437237,0.0225059616209267,0.433892127063913));
#4381=CARTESIAN_POINT('',(-0.00899697956988738,0.0225059610523719,0.434953230727855));
#4382=CARTESIAN_POINT('',(-0.0115447120392051,0.0225059602456179,0.433894945572632));
#4383=CARTESIAN_POINT('',(-0.0122500001836989,0.0225059599758744,0.43220876390604));
#4384=CARTESIAN_POINT('',(-0.0122500001836989,0.0225059599758744,0.43135));
#4385=CARTESIAN_POINT('',(-0.00325000004868741,-0.0225059620651378,0.43135));
#4386=CARTESIAN_POINT('',(-0.00325000004868741,-0.0225059620651378,0.432208763906048));
#4387=CARTESIAN_POINT('',(-0.00254580649136467,-0.0225059621442765,0.433892127063939));
#4388=CARTESIAN_POINT('',(-3.02056517278882E-6,-0.0225059622628709,0.434953230727852));
#4389=CARTESIAN_POINT('',(0.00254471190414461,-0.0225059621444706,0.43389494557262));
#4390=CARTESIAN_POINT('',(0.00325000004868743,-0.0225059620651378,0.432208763906044));
#4391=CARTESIAN_POINT('',(0.00325000004868743,-0.0225059620651378,0.43135));
#4392=CARTESIAN_POINT('',(-0.00325000004868741,-0.0225059620651378,0.43135));
#4393=CARTESIAN_POINT('',(0.00325000004868741,-0.0225059620651378,0.43135));
#4394=CARTESIAN_POINT('',(0.00325000004868741,-0.0225059620651378,0.43135));
#4395=CARTESIAN_POINT('',(0.00325000004868741,-0.0225059620651378,0.42585));
#4396=CARTESIAN_POINT('',(0.00325000004868741,-0.0225059620651378,0.42585));
#4397=CARTESIAN_POINT('',(0.00325000004868741,-0.0225059620651378,0.424991236093952));
#4398=CARTESIAN_POINT('',(0.00254580649136484,-0.0225059621442765,0.423307872936061));
#4399=CARTESIAN_POINT('',(3.02056517268943E-6,-0.0225059622628709,0.422246769272148));
#4400=CARTESIAN_POINT('',(-0.0025447119041445,-0.0225059621444706,0.42330505442738));
#4401=CARTESIAN_POINT('',(-0.00325000004868743,-0.0225059620651378,0.424991236093956));
#4402=CARTESIAN_POINT('',(-0.00325000004868743,-0.0225059620651378,0.42585));
#4403=CARTESIAN_POINT('',(-0.00325000004868741,-0.0225059620651378,0.42585));
#4404=CARTESIAN_POINT('',(-0.00325000004868741,-0.0225059620651378,0.42585));
#4405=CARTESIAN_POINT('',(0.00325000004885073,0.02250596207014,0.43135));
#4406=CARTESIAN_POINT('',(0.00325000004885073,0.02250596207014,0.43220876390607));
#4407=CARTESIAN_POINT('',(0.00254580649144763,0.0225059621495449,0.433892127063989));
#4408=CARTESIAN_POINT('',(3.02056517212565E-6,0.0225059622685646,0.434953230727826));
#4409=CARTESIAN_POINT('',(-0.00254471190422695,0.0225059621497196,0.433894945572672));
#4410=CARTESIAN_POINT('',(-0.00325000004885054,0.0225059620701239,0.432208763906067));
#4411=CARTESIAN_POINT('',(-0.00325000004885054,0.0225059620701239,0.43135));
#4412=CARTESIAN_POINT('',(0.00325000004885073,0.02250596207014,0.43135));
#4413=CARTESIAN_POINT('',(-0.00325000004885054,0.0225059620701239,0.43135));
#4414=CARTESIAN_POINT('',(-0.00325000004885054,0.0225059620701239,0.43135));
#4415=CARTESIAN_POINT('',(-0.00325000004885054,0.0225059620701239,0.42585));
#4416=CARTESIAN_POINT('',(-0.00325000004885054,0.0225059620701239,0.42585));
#4417=CARTESIAN_POINT('',(-0.00325000004885054,0.0225059620701239,0.42499123609393));
#4418=CARTESIAN_POINT('',(-0.00254580649144806,0.0225059621495248,0.42330787293601));
#4419=CARTESIAN_POINT('',(-3.02056517303314E-6,0.0225059622685645,0.422246769272174));
#4420=CARTESIAN_POINT('',(0.00254471190422638,0.0225059621497398,0.423305054427329));
#4421=CARTESIAN_POINT('',(0.00325000004885073,0.02250596207014,0.424991236093933));
#4422=CARTESIAN_POINT('',(0.00325000004885073,0.02250596207014,0.42585));
#4423=CARTESIAN_POINT('',(0.00325000004885073,0.02250596207014,0.42585));
#4424=CARTESIAN_POINT('',(0.00325000004885073,0.02250596207014,0.42585));
#4425=CARTESIAN_POINT('',(0.0163574302426415,0.0224293947798764,0.4096));
#4426=CARTESIAN_POINT('',(0.0149847910696232,0.0225264412472232,0.4096));
#4427=CARTESIAN_POINT('',(0.0137272408823876,0.0225005933365135,0.4096));
#4428=CARTESIAN_POINT('',(0.0120103052059615,0.0225090579845805,0.4096));
#4429=CARTESIAN_POINT('',(0.00987792884714807,0.0225049100366226,0.4096));
#4430=CARTESIAN_POINT('',(0.00731317282089118,0.0225062368608995,0.4096));
#4431=CARTESIAN_POINT('',(0.00389556265856346,0.0225058024744637,0.4096));
#4432=CARTESIAN_POINT('',(-0.000377173098905261,0.0225060217723911,0.4096));
#4433=CARTESIAN_POINT('',(-0.00464959731097029,0.0225059433422646,0.4096));
#4434=CARTESIAN_POINT('',(-0.00806770594486123,0.0225059829501838,0.4096));
#4435=CARTESIAN_POINT('',(-0.0106309665539937,0.022505882461016,0.4096));
#4436=CARTESIAN_POINT('',(-0.012768016088674,0.0225061890724026,0.4096));
#4437=CARTESIAN_POINT('',(-0.0144754184843241,0.0225055620239139,0.4096));
#4438=CARTESIAN_POINT('',(-0.0161909705864256,0.0225081114554898,0.4096));
#4439=CARTESIAN_POINT('',(-0.0182564907445068,0.0219204941537924,0.4096));
#4440=CARTESIAN_POINT('',(-0.0203765859686791,0.0204482319063698,0.4096));
#4441=CARTESIAN_POINT('',(-0.0218754147952286,0.0183510222356364,0.4096));
#4442=CARTESIAN_POINT('',(-0.0224937585592994,0.0162850086411224,0.4096));
#4443=CARTESIAN_POINT('',(-0.0225082087965923,0.0145864737933293,0.4096));
#4444=CARTESIAN_POINT('',(-0.0225046609460393,0.0128948879663074,0.4096));
#4445=CARTESIAN_POINT('',(-0.0225064009986902,0.0107780215159253,0.4096));
#4446=CARTESIAN_POINT('',(-0.0225058459681378,0.00823880223516214,0.4096));
#4447=CARTESIAN_POINT('',(-0.0225060278344762,0.00485282028212618,0.4096));
#4448=CARTESIAN_POINT('',(-0.0225059457004713,0.000620463508210621,0.4096));
#4449=CARTESIAN_POINT('',(-0.0225059461521339,-0.00361193059567046,0.4096));
#4450=CARTESIAN_POINT('',(-0.0225059935628442,-0.00699785278797279,0.4096));
#4451=CARTESIAN_POINT('',(-0.0225058366824155,-0.00953725128203636,0.4096));
#4452=CARTESIAN_POINT('',(-0.0225063268402879,-0.0116535576351389,0.4096));
#4453=CARTESIAN_POINT('',(-0.0225053244664253,-0.0133462860251865,0.4096));
#4454=CARTESIAN_POINT('',(-0.0225083832168423,-0.0146166978240476,0.4096));
#4455=CARTESIAN_POINT('',(-0.0224968968042635,-0.0158838059397262,0.4096));
#4456=CARTESIAN_POINT('',(-0.0222282063220853,-0.0171588570448925,0.4096));
#4457=CARTESIAN_POINT('',(-0.021742989358787,-0.0183876227234205,0.4096));
#4458=CARTESIAN_POINT('',(-0.0208220457516465,-0.019879895217523,0.4096));
#4459=CARTESIAN_POINT('',(-0.0192065099834535,-0.021403790228168,0.4096));
#4460=CARTESIAN_POINT('',(-0.0171685896355602,-0.0222819658198296,0.4096));
#4461=CARTESIAN_POINT('',(-0.0154280409814174,-0.0225298561231152,0.4096));
#4462=CARTESIAN_POINT('',(-0.0136596081150759,-0.0224921631934091,0.4096));
#4463=CARTESIAN_POINT('',(-0.0114544512901995,-0.0225106393063496,0.4096));
#4464=CARTESIAN_POINT('',(-0.00880595861659981,-0.0225047363515625,0.4096));
#4465=CARTESIAN_POINT('',(-0.00527543922088273,-0.0225066634260007,0.4096));
#4466=CARTESIAN_POINT('',(-0.000862019929240908,-0.0225057722373556,0.4096));
#4467=CARTESIAN_POINT('',(0.00355132437401804,-0.0225058309231307,0.4096));
#4468=CARTESIAN_POINT('',(0.00708196374174547,-0.0225062356774367,0.4096));
#4469=CARTESIAN_POINT('',(0.00973009647815723,-0.0225048940106613,0.4096));
#4470=CARTESIAN_POINT('',(0.0119363780837288,-0.0225091099272207,0.4096));
#4471=CARTESIAN_POINT('',(0.0137025163799792,-0.0225005031131623,0.4096));
#4472=CARTESIAN_POINT('',(0.0150240784698877,-0.0225267857885143,0.4096));
#4473=CARTESIAN_POINT('',(0.0163572498572411,-0.0224279124980661,0.4096));
#4474=CARTESIAN_POINT('',(0.0180731892306304,-0.0219471696125754,0.4096));
#4475=CARTESIAN_POINT('',(0.020014033427962,-0.0208024879117379,0.4096));
#4476=CARTESIAN_POINT('',(0.0217095371518297,-0.0186984789471933,0.4096));
#4477=CARTESIAN_POINT('',(0.0224511179007204,-0.0165680671072035,0.4096));
#4478=CARTESIAN_POINT('',(0.0225160720811408,-0.0147807678846838,0.4096));
#4479=CARTESIAN_POINT('',(0.0225001212182211,-0.0129896656395492,0.4096));
#4480=CARTESIAN_POINT('',(0.0225079414054335,-0.0107520927213351,0.4096));
#4481=CARTESIAN_POINT('',(0.0225054401465822,-0.00806644628923968,0.4096));
#4482=CARTESIAN_POINT('',(0.022506273950968,-0.00448578157816082,0.4096));
#4483=CARTESIAN_POINT('',(0.0225057605525471,-9.86902452587143E-6,0.4096));
#4484=CARTESIAN_POINT('',(0.0225062555082426,0.00446596336843764,0.4096));
#4485=CARTESIAN_POINT('',(0.0225054733530326,0.00804675633659086,0.4096));
#4486=CARTESIAN_POINT('',(0.022507814138697,0.010732017997761,0.4096));
#4487=CARTESIAN_POINT('',(0.0225004965893265,0.0129707933261418,0.4096));
#4488=CARTESIAN_POINT('',(0.0225154218903596,0.0147594426551411,0.4096));
#4489=CARTESIAN_POINT('',(0.0224546437442951,0.0165567298920552,0.4096));
#4490=CARTESIAN_POINT('',(0.0217129924672653,0.0186923265365327,0.4096));
#4491=CARTESIAN_POINT('',(0.0200163797987322,0.0208036504118057,0.4096));
#4492=CARTESIAN_POINT('',(0.018060202002881,0.0219509285392592,0.4096));
#4493=CARTESIAN_POINT('',(0.0163574302426415,0.0224293947798764,0.4096));
#4494=CARTESIAN_POINT('',(0.0149847910696232,0.0225264412472232,0.4096));
#4495=CARTESIAN_POINT('',(0.0137272408823876,0.0225005933365135,0.4096));
#4496=CARTESIAN_POINT('',(0.0150039725672537,0.0225059588508804,0.4096));
#4497=CARTESIAN_POINT('',(0.013679154982967,0.022500935876905,0.4366));
#4498=CARTESIAN_POINT('',(0.015009219050602,0.0225251339643284,0.4366));
#4499=CARTESIAN_POINT('',(0.0163078042181471,0.0224342813710641,0.4366));
#4500=CARTESIAN_POINT('',(0.0179714970906249,0.0219851101243356,0.4366));
#4501=CARTESIAN_POINT('',(0.0198792122112764,0.0209050193704384,0.4366));
#4502=CARTESIAN_POINT('',(0.0215826416807726,0.018906442526812,0.4366));
#4503=CARTESIAN_POINT('',(0.0223694431557157,0.0168661648650213,0.4366));
#4504=CARTESIAN_POINT('',(0.0225295058721294,0.0151314901628064,0.4366));
#4505=CARTESIAN_POINT('',(0.0224923655471772,0.0134058211278866,0.4366));
#4506=CARTESIAN_POINT('',(0.022510571041375,0.0112456225980397,0.4366));
#4507=CARTESIAN_POINT('',(0.0225047533587951,0.00865471661189085,0.4366));
#4508=CARTESIAN_POINT('',(0.0225066583884692,0.00519970939077731,0.4366));
#4509=CARTESIAN_POINT('',(0.0225057327987186,0.000881114015276795,0.4366));
#4510=CARTESIAN_POINT('',(0.0225059542740838,-0.0034375535843266,0.4366));
#4511=CARTESIAN_POINT('',(0.0225060215855472,-0.00689244524556143,0.4366));
#4512=CARTESIAN_POINT('',(0.0225057116260427,-0.00948369791138368,0.4366));
#4513=CARTESIAN_POINT('',(0.0225066995762971,-0.011642813073721,0.4366));
#4514=CARTESIAN_POINT('',(0.0225046785549258,-0.013370692185349,0.4366));
#4515=CARTESIAN_POINT('',(0.0225108487310871,-0.0146649978090584,0.4366));
#4516=CARTESIAN_POINT('',(0.0224876805275235,-0.0159654247817705,0.4366));
#4517=CARTESIAN_POINT('',(0.02211643064811,-0.0176344941705501,0.4366));
#4518=CARTESIAN_POINT('',(0.0211381081328439,-0.0195790179583194,0.4366));
#4519=CARTESIAN_POINT('',(0.0192415097100993,-0.0213721270577249,0.4366));
#4520=CARTESIAN_POINT('',(0.0172595405497051,-0.0222494427112699,0.4366));
#4521=CARTESIAN_POINT('',(0.0155487609110878,-0.0225240182521962,0.4366));
#4522=CARTESIAN_POINT('',(0.0138396396035829,-0.0224955331487235,0.4366));
#4523=CARTESIAN_POINT('',(0.0117020848413649,-0.022509498012752,0.4366));
#4524=CARTESIAN_POINT('',(0.00913751286548888,-0.0225050288044647,0.4366));
#4525=CARTESIAN_POINT('',(0.00571791027992506,-0.0225065272049533,0.4366));
#4526=CARTESIAN_POINT('',(0.00144347230248478,-0.022505534775727,0.4366));
#4527=CARTESIAN_POINT('',(-0.00368590653204838,-0.0225069083592427,0.4366));
#4528=CARTESIAN_POINT('',(-0.00796029829278325,-0.0225033213151935,0.4366));
#4529=CARTESIAN_POINT('',(-0.011380002472643,-0.0225105231385277,0.4366));
#4530=CARTESIAN_POINT('',(-0.0135168859317969,-0.0224922100021157,0.436600000000001));
#4531=CARTESIAN_POINT('',(-0.0152273809638151,-0.0225297952995121,0.4366));
#4532=CARTESIAN_POINT('',(-0.0169338061882826,-0.0223501838374797,0.4366));
#4533=CARTESIAN_POINT('',(-0.0190581026335585,-0.0215082888921396,0.4366));
#4534=CARTESIAN_POINT('',(-0.0210697970520003,-0.0196851327243281,0.436599999999999));
#4535=CARTESIAN_POINT('',(-0.0221094741890794,-0.0176806792665065,0.4366));
#4536=CARTESIAN_POINT('',(-0.0224966174613854,-0.0159169296537111,0.4366));
#4537=CARTESIAN_POINT('',(-0.0225084579370417,-0.0145941789354063,0.4366));
#4538=CARTESIAN_POINT('',(-0.0225053049870637,-0.0132694177918237,0.4366));
#4539=CARTESIAN_POINT('',(-0.0225063378417795,-0.011503771780531,0.4366));
#4540=CARTESIAN_POINT('',(-0.0225058357758828,-0.00929647396091623,0.4366));
#4541=CARTESIAN_POINT('',(-0.0225060336927069,-0.00576493101632713,0.4366));
#4542=CARTESIAN_POINT('',(-0.0225059413060457,-0.00135046175275855,0.4366));
#4543=CARTESIAN_POINT('',(-0.02250595336941,0.00306401213893478,0.4366));
#4544=CARTESIAN_POINT('',(-0.0225059816438604,0.006595547677273,0.4366));
#4545=CARTESIAN_POINT('',(-0.0225058824166562,0.00924432727826212,0.4366));
#4546=CARTESIAN_POINT('',(-0.0225061923599209,0.01145123527737,0.436599999999999));
#4547=CARTESIAN_POINT('',(-0.0225055575822267,0.0132176777068454,0.4366));
#4548=CARTESIAN_POINT('',(-0.0225074936433757,0.0145400064391792,0.4366));
#4549=CARTESIAN_POINT('',(-0.0225002221777074,0.0158718895153542,0.4366));
#4550=CARTESIAN_POINT('',(-0.0221419405028234,0.0175741534249709,0.4366));
#4551=CARTESIAN_POINT('',(-0.0211550251379881,0.0195663154602587,0.4366));
#4552=CARTESIAN_POINT('',(-0.0192194829517838,0.0213948204692564,0.4366));
#4553=CARTESIAN_POINT('',(-0.0171778477317202,0.0222791655158576,0.4366));
#4554=CARTESIAN_POINT('',(-0.0154392335815092,0.0225294940024803,0.4366));
#4555=CARTESIAN_POINT('',(-0.0136683093920994,0.0224923722404435,0.4366));
#4556=CARTESIAN_POINT('',(-0.0114656753592609,0.0225105684256717,0.4366));
#4557=CARTESIAN_POINT('',(-0.00881779653100121,0.0225047548246226,0.4366));
#4558=CARTESIAN_POINT('',(-0.00528894212900555,0.0225066532456727,0.4366));
#4559=CARTESIAN_POINT('',(-0.000877288825059255,0.0225057715146412,0.4366));
#4560=CARTESIAN_POINT('',(0.00353408665297222,0.022505843297117,0.4366));
#4561=CARTESIAN_POINT('',(0.00706338557643098,0.022506213569486,0.4366));
#4562=CARTESIAN_POINT('',(0.00970993084147348,0.022504978732199,0.4366));
#4563=CARTESIAN_POINT('',(0.011916732262084,0.0225088601031897,0.436599999999999));
#4564=CARTESIAN_POINT('',(0.013679154982967,0.022500935876905,0.4366));
#4565=CARTESIAN_POINT('',(0.015009219050602,0.0225251339643284,0.4366));
#4566=CARTESIAN_POINT('',(0.0163078042181471,0.0224342813710641,0.4366));
#4567=CARTESIAN_POINT('',(0.0150039725672537,0.0225059588508804,0.4366));
#4568=CARTESIAN_POINT('',(-7.80625564189563E-18,0.0204,0.4371));
#4569=CARTESIAN_POINT('',(0.009,0.0204,0.42585));
#4570=CARTESIAN_POINT('',(0.01225,0.0204,0.42585));
#4571=CARTESIAN_POINT('',(0.00575,0.0204,0.42585));
#4572=CARTESIAN_POINT('',(0.00575,0.0204,0.43135));
#4573=CARTESIAN_POINT('',(0.00575,0.0204,0.43135));
#4574=CARTESIAN_POINT('',(0.009,0.0204,0.43135));
#4575=CARTESIAN_POINT('',(0.009,0.0204,0.4346));
#4576=CARTESIAN_POINT('',(-7.80625564189563E-18,0.0204,0.4346));
#4577=CARTESIAN_POINT('',(4.33680868994202E-19,0.0204,0.4346));
#4578=CARTESIAN_POINT('',(4.33680868994202E-19,0.0204,0.43135));
#4579=CARTESIAN_POINT('',(0.00325,0.0204,0.43135));
#4580=CARTESIAN_POINT('',(0.00325,0.0204,0.4371));
#4581=CARTESIAN_POINT('',(0.00325,0.0204,0.42585));
#4582=CARTESIAN_POINT('',(-1.3010426069826E-18,0.0204,0.42585));
#4583=CARTESIAN_POINT('',(-0.00325,0.0204,0.42585));
#4584=CARTESIAN_POINT('',(-0.00325,0.0204,0.43135));
#4585=CARTESIAN_POINT('',(-0.00325,0.0204,0.43135));
#4586=CARTESIAN_POINT('',(4.33680868994202E-19,0.0204,0.43135));
#4587=CARTESIAN_POINT('',(-7.80625564189563E-18,0.0204,0.4346));
#4588=CARTESIAN_POINT('',(-0.009,0.0204,0.4346));
#4589=CARTESIAN_POINT('',(-0.009,0.0204,0.43135));
#4590=CARTESIAN_POINT('',(-0.00575,0.0204,0.43135));
#4591=CARTESIAN_POINT('',(-0.00575,0.0204,0.4371));
#4592=CARTESIAN_POINT('',(-0.00575,0.0204,0.42585));
#4593=CARTESIAN_POINT('',(-0.009,0.0204,0.42585));
#4594=CARTESIAN_POINT('',(-0.01225,0.0204,0.42585));
#4595=CARTESIAN_POINT('',(-0.01225,0.0204,0.43135));
#4596=CARTESIAN_POINT('',(-0.01225,0.0204,0.43135));
#4597=CARTESIAN_POINT('',(-0.009,0.0204,0.43135));
#4598=CARTESIAN_POINT('',(-7.80625564189563E-18,0.0204,0.4346));
#4599=CARTESIAN_POINT('',(-0.015,0.0204,0.4346));
#4600=CARTESIAN_POINT('',(-0.015,0.0204,0.4371));
#4601=CARTESIAN_POINT('',(-0.015,0.0204,0.4096));
#4602=CARTESIAN_POINT('',(0.015,0.0204,0.4096));
#4603=CARTESIAN_POINT('',(0.015,0.0204,0.4096));
#4604=CARTESIAN_POINT('',(0.015,0.0204,0.4371));
#4605=CARTESIAN_POINT('',(0.015,0.0204,0.4346));
#4606=CARTESIAN_POINT('',(-7.80625564189563E-18,0.0204,0.4346));
#4607=CARTESIAN_POINT('',(0.009,0.0204,0.43135));
#4608=CARTESIAN_POINT('',(0.01225,0.0204,0.43135));
#4609=CARTESIAN_POINT('',(0.01225,0.0204,0.4371));
#4610=CARTESIAN_POINT('',(0.015,0.015,0.4371));
#4611=CARTESIAN_POINT('',(0.0204,0.015,0.4371));
#4612=CARTESIAN_POINT('',(0.0204,0.015,0.4346));
#4613=CARTESIAN_POINT('',(0.0204,0.015,0.4096));
#4614=CARTESIAN_POINT('',(0.015,0.015,0.4346));
#4615=CARTESIAN_POINT('',(0.015,0.015,0.4096));
#4616=CARTESIAN_POINT('',(0.0204,0.,0.4371));
#4617=CARTESIAN_POINT('',(0.0204,-0.009,0.43135));
#4618=CARTESIAN_POINT('',(0.0204,-0.009,0.4346));
#4619=CARTESIAN_POINT('',(0.0204,-0.01225,0.43135));
#4620=CARTESIAN_POINT('',(0.0204,-0.01225,0.42585));
#4621=CARTESIAN_POINT('',(0.0204,-0.01225,0.42585));
#4622=CARTESIAN_POINT('',(0.0204,-0.009,0.42585));
#4623=CARTESIAN_POINT('',(0.0204,-0.00575,0.42585));
#4624=CARTESIAN_POINT('',(0.0204,-0.00575,0.4371));
#4625=CARTESIAN_POINT('',(0.0204,-0.00575,0.43135));
#4626=CARTESIAN_POINT('',(0.0204,-0.009,0.43135));
#4627=CARTESIAN_POINT('',(0.0204,0.,0.4346));
#4628=CARTESIAN_POINT('',(0.0204,-1.18539437525081E-18,0.4346));
#4629=CARTESIAN_POINT('',(0.0204,-1.18539437525081E-18,0.43135));
#4630=CARTESIAN_POINT('',(0.0204,-0.00325,0.43135));
#4631=CARTESIAN_POINT('',(0.0204,-0.00325,0.42585));
#4632=CARTESIAN_POINT('',(0.0204,-0.00325,0.42585));
#4633=CARTESIAN_POINT('',(0.0204,5.49329100725995E-19,0.42585));
#4634=CARTESIAN_POINT('',(0.0204,0.00325,0.42585));
#4635=CARTESIAN_POINT('',(0.0204,0.00325,0.4371));
#4636=CARTESIAN_POINT('',(0.0204,0.00325,0.43135));
#4637=CARTESIAN_POINT('',(0.0204,-1.18539437525081E-18,0.43135));
#4638=CARTESIAN_POINT('',(0.0204,0.,0.4346));
#4639=CARTESIAN_POINT('',(0.0204,0.009,0.4346));
#4640=CARTESIAN_POINT('',(0.0204,0.009,0.43135));
#4641=CARTESIAN_POINT('',(0.0204,0.00575,0.43135));
#4642=CARTESIAN_POINT('',(0.0204,0.00575,0.42585));
#4643=CARTESIAN_POINT('',(0.0204,0.00575,0.42585));
#4644=CARTESIAN_POINT('',(0.0204,0.009,0.42585));
#4645=CARTESIAN_POINT('',(0.0204,0.01225,0.42585));
#4646=CARTESIAN_POINT('',(0.0204,0.01225,0.4371));
#4647=CARTESIAN_POINT('',(0.0204,0.01225,0.43135));
#4648=CARTESIAN_POINT('',(0.0204,0.009,0.43135));
#4649=CARTESIAN_POINT('',(0.0204,0.,0.4346));
#4650=CARTESIAN_POINT('',(0.0204,-0.015,0.4096));
#4651=CARTESIAN_POINT('',(0.0204,-0.015,0.4096));
#4652=CARTESIAN_POINT('',(0.0204,-0.015,0.4371));
#4653=CARTESIAN_POINT('',(0.0204,-0.015,0.4346));
#4654=CARTESIAN_POINT('',(0.0204,0.,0.4346));
#4655=CARTESIAN_POINT('',(0.015,-0.015,0.4371));
#4656=CARTESIAN_POINT('',(0.015,-0.0204,0.4371));
#4657=CARTESIAN_POINT('',(0.015,-0.0204,0.4346));
#4658=CARTESIAN_POINT('',(0.015,-0.0204,0.4096));
#4659=CARTESIAN_POINT('',(0.015,-0.015,0.4346));
#4660=CARTESIAN_POINT('',(0.015,-0.015,0.4096));
#4661=CARTESIAN_POINT('',(-8.67361737988404E-18,-0.0204,0.4371));
#4662=CARTESIAN_POINT('',(0.009,-0.0204,0.42585));
#4663=CARTESIAN_POINT('',(0.00575,-0.0204,0.42585));
#4664=CARTESIAN_POINT('',(0.01225,-0.0204,0.42585));
#4665=CARTESIAN_POINT('',(0.01225,-0.0204,0.4371));
#4666=CARTESIAN_POINT('',(0.01225,-0.0204,0.43135));
#4667=CARTESIAN_POINT('',(0.009,-0.0204,0.43135));
#4668=CARTESIAN_POINT('',(0.009,-0.0204,0.4346));
#4669=CARTESIAN_POINT('',(-8.67361737988404E-18,-0.0204,0.4346));
#4670=CARTESIAN_POINT('',(-0.015,-0.0204,0.4096));
#4671=CARTESIAN_POINT('',(-0.015,-0.0204,0.4096));
#4672=CARTESIAN_POINT('',(-0.015,-0.0204,0.4371));
#4673=CARTESIAN_POINT('',(-0.015,-0.0204,0.4346));
#4674=CARTESIAN_POINT('',(-8.67361737988404E-18,-0.0204,0.4346));
#4675=CARTESIAN_POINT('',(-0.009,-0.0204,0.4346));
#4676=CARTESIAN_POINT('',(-0.009,-0.0204,0.43135));
#4677=CARTESIAN_POINT('',(-0.01225,-0.0204,0.43135));
#4678=CARTESIAN_POINT('',(-0.01225,-0.0204,0.42585));
#4679=CARTESIAN_POINT('',(-0.01225,-0.0204,0.42585));
#4680=CARTESIAN_POINT('',(-0.009,-0.0204,0.42585));
#4681=CARTESIAN_POINT('',(-0.00575,-0.0204,0.42585));
#4682=CARTESIAN_POINT('',(-0.00575,-0.0204,0.4371));
#4683=CARTESIAN_POINT('',(-0.00575,-0.0204,0.43135));
#4684=CARTESIAN_POINT('',(-0.009,-0.0204,0.43135));
#4685=CARTESIAN_POINT('',(-8.67361737988404E-18,-0.0204,0.4346));
#4686=CARTESIAN_POINT('',(5.49329100725995E-19,-0.0204,0.4346));
#4687=CARTESIAN_POINT('',(5.49329100725995E-19,-0.0204,0.43135));
#4688=CARTESIAN_POINT('',(-0.00325,-0.0204,0.43135));
#4689=CARTESIAN_POINT('',(-0.00325,-0.0204,0.42585));
#4690=CARTESIAN_POINT('',(-0.00325,-0.0204,0.42585));
#4691=CARTESIAN_POINT('',(-1.18539437525081E-18,-0.0204,0.42585));
#4692=CARTESIAN_POINT('',(0.00325,-0.0204,0.42585));
#4693=CARTESIAN_POINT('',(0.00325,-0.0204,0.4371));
#4694=CARTESIAN_POINT('',(0.00325,-0.0204,0.43135));
#4695=CARTESIAN_POINT('',(5.49329100725995E-19,-0.0204,0.43135));
#4696=CARTESIAN_POINT('',(-8.67361737988404E-18,-0.0204,0.4346));
#4697=CARTESIAN_POINT('',(0.009,-0.0204,0.43135));
#4698=CARTESIAN_POINT('',(0.00575,-0.0204,0.43135));
#4699=CARTESIAN_POINT('',(0.00575,-0.0204,0.42585));
#4700=CARTESIAN_POINT('',(-0.015,-0.015,0.4371));
#4701=CARTESIAN_POINT('',(-0.0204,-0.015,0.4371));
#4702=CARTESIAN_POINT('',(-0.0204,-0.015,0.4346));
#4703=CARTESIAN_POINT('',(-0.0204,-0.015,0.4096));
#4704=CARTESIAN_POINT('',(-0.015,-0.015,0.4346));
#4705=CARTESIAN_POINT('',(-0.015,-0.015,0.4096));
#4706=CARTESIAN_POINT('',(-0.0204,1.7347234759768E-18,0.4371));
#4707=CARTESIAN_POINT('',(-0.0204,-0.009,0.43135));
#4708=CARTESIAN_POINT('',(-0.0204,-0.009,0.4346));
#4709=CARTESIAN_POINT('',(-0.0204,-0.00575,0.43135));
#4710=CARTESIAN_POINT('',(-0.0204,-0.00575,0.4371));
#4711=CARTESIAN_POINT('',(-0.0204,-0.00575,0.42585));
#4712=CARTESIAN_POINT('',(-0.0204,-0.009,0.42585));
#4713=CARTESIAN_POINT('',(-0.0204,-0.01225,0.42585));
#4714=CARTESIAN_POINT('',(-0.0204,-0.01225,0.43135));
#4715=CARTESIAN_POINT('',(-0.0204,-0.01225,0.43135));
#4716=CARTESIAN_POINT('',(-0.0204,-0.009,0.43135));
#4717=CARTESIAN_POINT('',(-0.0204,1.7347234759768E-18,0.4346));
#4718=CARTESIAN_POINT('',(-0.0204,0.015,0.4096));
#4719=CARTESIAN_POINT('',(-0.0204,0.015,0.4096));
#4720=CARTESIAN_POINT('',(-0.0204,0.015,0.4371));
#4721=CARTESIAN_POINT('',(-0.0204,0.015,0.4346));
#4722=CARTESIAN_POINT('',(-0.0204,1.7347234759768E-18,0.4346));
#4723=CARTESIAN_POINT('',(-0.0204,0.009,0.4346));
#4724=CARTESIAN_POINT('',(-0.0204,0.009,0.43135));
#4725=CARTESIAN_POINT('',(-0.0204,0.01225,0.43135));
#4726=CARTESIAN_POINT('',(-0.0204,0.01225,0.4371));
#4727=CARTESIAN_POINT('',(-0.0204,0.01225,0.42585));
#4728=CARTESIAN_POINT('',(-0.0204,0.009,0.42585));
#4729=CARTESIAN_POINT('',(-0.0204,0.00575,0.42585));
#4730=CARTESIAN_POINT('',(-0.0204,0.00575,0.43135));
#4731=CARTESIAN_POINT('',(-0.0204,0.00575,0.43135));
#4732=CARTESIAN_POINT('',(-0.0204,0.009,0.43135));
#4733=CARTESIAN_POINT('',(-0.0204,1.7347234759768E-18,0.4346));
#4734=CARTESIAN_POINT('',(-0.0204,-1.24321849111671E-18,0.4346));
#4735=CARTESIAN_POINT('',(-0.0204,-1.24321849111671E-18,0.43135));
#4736=CARTESIAN_POINT('',(-0.0204,0.00325,0.43135));
#4737=CARTESIAN_POINT('',(-0.0204,0.00325,0.4371));
#4738=CARTESIAN_POINT('',(-0.0204,0.00325,0.42585));
#4739=CARTESIAN_POINT('',(-0.0204,4.91504984860098E-19,0.42585));
#4740=CARTESIAN_POINT('',(-0.0204,-0.00325,0.42585));
#4741=CARTESIAN_POINT('',(-0.0204,-0.00325,0.43135));
#4742=CARTESIAN_POINT('',(-0.0204,-0.00325,0.43135));
#4743=CARTESIAN_POINT('',(-0.0204,-1.24321849111671E-18,0.43135));
#4744=CARTESIAN_POINT('',(-0.0204,1.7347234759768E-18,0.4346));
#4745=CARTESIAN_POINT('',(-0.015,0.015,0.4371));
#4746=CARTESIAN_POINT('',(-0.015,0.015,0.4346));
#4747=CARTESIAN_POINT('',(-0.015,0.015,0.4096));
#4748=CARTESIAN_POINT('',(0.,-5.41671599935123E-10,0.4371));
#4749=CARTESIAN_POINT('',(0.016324085838557,0.0219279201862293,0.4371));
#4750=CARTESIAN_POINT('',(0.0149883591792447,0.0220268357376754,0.4371));
#4751=CARTESIAN_POINT('',(0.0137463114993621,0.0220004899683522,0.4371));
#4752=CARTESIAN_POINT('',(0.0120575246305066,0.0220091176843453,0.4371));
#4753=CARTESIAN_POINT('',(0.00995776831345221,0.0220048893552743,0.4371));
#4754=CARTESIAN_POINT('',(0.00743325478523296,0.0220062436673871,0.4371));
#4755=CARTESIAN_POINT('',(0.00406891696172991,0.022005791266809,0.4371));
#4756=CARTESIAN_POINT('',(-0.000137092054184738,0.0220060882603667,0.437099999999999));
#4757=CARTESIAN_POINT('',(-0.00434285439151299,0.0220057550952782,0.4371));
#4758=CARTESIAN_POINT('',(-0.00770758689914945,0.022006308651378,0.4371));
#4759=CARTESIAN_POINT('',(-0.0102309163719883,0.0220046399280157,0.4371));
#4760=CARTESIAN_POINT('',(-0.0123343728589569,0.0220098529688444,0.4371));
#4761=CARTESIAN_POINT('',(-0.0140156113788583,0.0219992160305819,0.4371));
#4762=CARTESIAN_POINT('',(-0.0152807111216162,0.0220316978256743,0.4371));
#4763=CARTESIAN_POINT('',(-0.0165298586774738,0.0218775892044371,0.4371));
#4764=CARTESIAN_POINT('',(-0.0181247194771121,0.0213685125445325,0.4371));
#4765=CARTESIAN_POINT('',(-0.0199097360927732,0.0202111798756108,0.4371));
#4766=CARTESIAN_POINT('',(-0.021410213716871,0.0181726141710631,0.4371));
#4767=CARTESIAN_POINT('',(-0.0220111272064296,0.016150971412993,0.4371));
#4768=CARTESIAN_POINT('',(-0.0220050059046157,0.0144603016764616,0.4371));
#4769=CARTESIAN_POINT('',(-0.0220065100892452,0.0127783618118668,0.4371));
#4770=CARTESIAN_POINT('',(-0.0220057738786515,0.0106729418084746,0.4371));
#4771=CARTESIAN_POINT('',(-0.0220060102549621,0.00814771982401627,0.4371));
#4772=CARTESIAN_POINT('',(-0.0220059332147512,0.00478030943966343,0.4371));
#4773=CARTESIAN_POINT('',(-0.0220059760401534,0.000571199450674838,0.4371));
#4774=CARTESIAN_POINT('',(-0.0220059497572102,-0.00363796281132299,0.4371));
#4775=CARTESIAN_POINT('',(-0.022005980997181,-0.00700528954253614,0.4371));
#4776=CARTESIAN_POINT('',(-0.022005887373312,-0.00953076245005221,0.4371));
#4777=CARTESIAN_POINT('',(-0.0220061767997881,-0.0116353982851532,0.4371));
#4778=CARTESIAN_POINT('',(-0.0220055844233193,-0.0133189378303896,0.4371));
#4779=CARTESIAN_POINT('',(-0.0220073909961268,-0.0145820548074863,0.4371));
#4780=CARTESIAN_POINT('',(-0.0220006058204763,-0.0158434070712872,0.4371));
#4781=CARTESIAN_POINT('',(-0.0216296608632436,-0.0175311243064921,0.4371));
#4782=CARTESIAN_POINT('',(-0.0206217628149535,-0.0194434762944856,0.4371));
#4783=CARTESIAN_POINT('',(-0.0186624830983,-0.0211558381449737,0.4371));
#4784=CARTESIAN_POINT('',(-0.0162198885823651,-0.0220698203850172,0.437099999999999));
#4785=CARTESIAN_POINT('',(-0.0136252781121875,-0.0219888496798161,0.4371));
#4786=CARTESIAN_POINT('',(-0.0110434817088438,-0.0220105375438309,0.437099999999999));
#4787=CARTESIAN_POINT('',(-0.00845825738769999,-0.0220047625240539,0.4371));
#4788=CARTESIAN_POINT('',(-0.00501248843686895,-0.022006651517893,0.4371));
#4789=CARTESIAN_POINT('',(-0.000704870971764225,-0.0220057493161213,0.4371));
#4790=CARTESIAN_POINT('',(0.00360261739130825,-0.0220059116133843,0.4371));
#4791=CARTESIAN_POINT('',(0.00704859289808125,-0.0220060950071784,0.4371));
#4792=CARTESIAN_POINT('',(0.00963319753495358,-0.0220054313839598,0.4371));
#4793=CARTESIAN_POINT('',(0.0117866310331944,-0.0220075256108362,0.4371));
#4794=CARTESIAN_POINT('',(0.0135102852045304,-0.0220032475852815,0.4371));
#4795=CARTESIAN_POINT('',(0.0148005459329231,-0.0220163104892497,0.4371));
#4796=CARTESIAN_POINT('',(0.0161002725744678,-0.0219672641040103,0.4371));
#4797=CARTESIAN_POINT('',(0.0177839840464983,-0.0215283441924968,0.4371));
#4798=CARTESIAN_POINT('',(0.0196847539084716,-0.0204300230066444,0.4371));
#4799=CARTESIAN_POINT('',(0.0213252298505294,-0.0183647510608705,0.4371));
#4800=CARTESIAN_POINT('',(0.0219995359284629,-0.0162729513702604,0.4371));
#4801=CARTESIAN_POINT('',(0.022007143412076,-0.014524375242148,0.4371));
#4802=CARTESIAN_POINT('',(0.0220052761008014,-0.012782367275817,0.4371));
#4803=CARTESIAN_POINT('',(0.0220061921241315,-0.0106026038743363,0.4371));
#4804=CARTESIAN_POINT('',(0.0220059018428839,-0.00798785207654579,0.4371));
#4805=CARTESIAN_POINT('',(0.0220059901983408,-0.00450118084387003,0.4371));
#4806=CARTESIAN_POINT('',(0.0220060058642253,-0.000142947360223861,0.4371));
#4807=CARTESIAN_POINT('',(0.022005803324312,0.00421528897435721,0.437100000000001));
#4808=CARTESIAN_POINT('',(0.0220062383505307,0.00770195564553679,0.4371));
#4809=CARTESIAN_POINT('',(0.0220049025253395,0.0103167211270673,0.4371));
#4810=CARTESIAN_POINT('',(0.0220090798552539,0.0124964417604691,0.437099999999999));
#4811=CARTESIAN_POINT('',(0.0220005549098075,0.0142385369667382,0.4371));
#4812=CARTESIAN_POINT('',(0.0220352641731852,0.0159867578515052,0.4371));
#4813=CARTESIAN_POINT('',(0.021453320023433,0.0181259951521029,0.437100000000001));
#4814=CARTESIAN_POINT('',(0.0198738392146992,0.0202647787132589,0.4371));
#4815=CARTESIAN_POINT('',(0.0179875411134857,0.0214382144247926,0.4371));
#4816=CARTESIAN_POINT('',(0.016324085838557,0.0219279201862293,0.4371));
#4817=CARTESIAN_POINT('',(0.0149883591792447,0.0220268357376754,0.4371));
#4818=CARTESIAN_POINT('',(0.0137463114993621,0.0220004899683522,0.4371));
#4819=CARTESIAN_POINT('',(0.015003972342483,0.0220059588508805,0.4371));
#4820=CARTESIAN_POINT('',(0.,-5.41671599935123E-10,0.4091));
#4821=CARTESIAN_POINT('',(0.015,0.015,0.4091));
#4822=CARTESIAN_POINT('',(0.0209,0.015,0.4091));
#4823=CARTESIAN_POINT('',(0.015,0.0209,0.4091));
#4824=CARTESIAN_POINT('',(-0.015,0.0209,0.4091));
#4825=CARTESIAN_POINT('',(-0.015,0.0209,0.4091));
#4826=CARTESIAN_POINT('',(-0.015,0.015,0.4091));
#4827=CARTESIAN_POINT('',(-0.0209,0.015,0.4091));
#4828=CARTESIAN_POINT('',(-0.0209,-0.015,0.4091));
#4829=CARTESIAN_POINT('',(-0.0209,-0.015,0.4091));
#4830=CARTESIAN_POINT('',(-0.015,-0.015,0.4091));
#4831=CARTESIAN_POINT('',(-0.015,-0.0209,0.4091));
#4832=CARTESIAN_POINT('',(0.015,-0.0209,0.4091));
#4833=CARTESIAN_POINT('',(0.015,-0.0209,0.4091));
#4834=CARTESIAN_POINT('',(0.015,-0.015,0.4091));
#4835=CARTESIAN_POINT('',(0.0209,-0.015,0.4091));
#4836=CARTESIAN_POINT('',(0.0209,0.015,0.4091));
#4837=CARTESIAN_POINT('',(0.0137059590524862,0.022000739974672,0.4091));
#4838=CARTESIAN_POINT('',(0.0150075326223042,0.0220258816192838,0.4091));
#4839=CARTESIAN_POINT('',(0.0162877445131952,0.0219314866534759,0.4091));
#4840=CARTESIAN_POINT('',(0.0179169449378403,0.0214663081085399,0.4091));
#4841=CARTESIAN_POINT('',(0.0197653018483046,0.0203517977397192,0.4091));
#4842=CARTESIAN_POINT('',(0.0213477053660007,0.018308690318442,0.4091));
#4843=CARTESIAN_POINT('',(0.0219989616436357,0.0162539265327581,0.4091));
#4844=CARTESIAN_POINT('',(0.0220072493131892,0.014539602672195,0.4091));
#4845=CARTESIAN_POINT('',(0.0220052149241846,0.0128357992711984,0.4091));
#4846=CARTESIAN_POINT('',(0.0220062129475558,0.010702435512376,0.4091));
#4847=CARTESIAN_POINT('',(0.0220058959344463,0.00814394394281948,0.4091));
#4848=CARTESIAN_POINT('',(0.0220059956131961,0.00473208244708618,0.4091));
#4849=CARTESIAN_POINT('',(0.0220059861501909,0.000467438748015114,0.4091));
#4850=CARTESIAN_POINT('',(0.0220058570367249,-0.00379726337896243,0.4091));
#4851=CARTESIAN_POINT('',(0.0220061458021232,-0.00720903138945594,0.4091));
#4852=CARTESIAN_POINT('',(0.0220052562323685,-0.0097678034134057,0.4091));
#4853=CARTESIAN_POINT('',(0.0220080377326427,-0.0119002907508065,0.409100000000001));
#4854=CARTESIAN_POINT('',(0.0220023606760743,-0.0136058820506774,0.4091));
#4855=CARTESIAN_POINT('',(0.0220196955275776,-0.0148861648451538,0.409100000000001));
#4856=CARTESIAN_POINT('',(0.0219546106374951,-0.0161622896462887,0.4091));
#4857=CARTESIAN_POINT('',(0.0215179151108091,-0.0177973783240828,0.4091));
#4858=CARTESIAN_POINT('',(0.0204413510390765,-0.0196615712349142,0.4091));
#4859=CARTESIAN_POINT('',(0.0184354983691746,-0.021279426733985,0.4091));
#4860=CARTESIAN_POINT('',(0.0163936853317502,-0.0219729863237444,0.4091));
#4861=CARTESIAN_POINT('',(0.0146976607414239,-0.0220120393529969,0.4091));
#4862=CARTESIAN_POINT('',(0.0130079473936975,-0.0220024494532031,0.4091));
#4863=CARTESIAN_POINT('',(0.0108936402910139,-0.0220071509753688,0.4091));
#4864=CARTESIAN_POINT('',(0.00835739889726007,-0.02200564962297,0.4091));
#4865=CARTESIAN_POINT('',(0.00497541858437237,-0.0220061402522951,0.4091));
#4866=CARTESIAN_POINT('',(0.000748063801046269,-0.0220059153511561,0.4091));
#4867=CARTESIAN_POINT('',(-0.00347936698956314,-0.0220059247691814,0.4091));
#4868=CARTESIAN_POINT('',(-0.00686122567293313,-0.0220060381747536,0.4091));
#4869=CARTESIAN_POINT('',(-0.0093978319150445,-0.0220056632891608,0.4091));
#4870=CARTESIAN_POINT('',(-0.0119336322044466,-0.0220070740705345,0.4091));
#4871=CARTESIAN_POINT('',(-0.014049308755883,-0.0220026798178134,0.4091));
#4872=CARTESIAN_POINT('',(-0.015736229824277,-0.0220116387731587,0.4091));
#4873=CARTESIAN_POINT('',(-0.0174412369067326,-0.0216660953809904,0.4091));
#4874=CARTESIAN_POINT('',(-0.0193959415198542,-0.0206640555058959,0.4091));
#4875=CARTESIAN_POINT('',(-0.0211431960674803,-0.0186938951673241,0.4091));
#4876=CARTESIAN_POINT('',(-0.0220728663825253,-0.0162110507995717,0.4091));
#4877=CARTESIAN_POINT('',(-0.0219880335619955,-0.0136366233337013,0.4091));
#4878=CARTESIAN_POINT('',(-0.0220107559908304,-0.0110724895332686,0.4091));
#4879=CARTESIAN_POINT('',(-0.0220047047959917,-0.00850560201611714,0.4091));
#4880=CARTESIAN_POINT('',(-0.0220066872847169,-0.00508404693285289,0.4091));
#4881=CARTESIAN_POINT('',(-0.0220057158811143,-0.000806775332534672,0.4091));
#4882=CARTESIAN_POINT('',(-0.0220059761400432,0.00347038728167468,0.4091));
#4883=CARTESIAN_POINT('',(-0.0220059856008239,0.00689211673551622,0.4091));
#4884=CARTESIAN_POINT('',(-0.0220058481620577,0.00945848112474239,0.4091));
#4885=CARTESIAN_POINT('',(-0.0220062972352866,0.0115968940489174,0.4091));
#4886=CARTESIAN_POINT('',(-0.0220053755157903,0.0133081284974684,0.4091));
#4887=CARTESIAN_POINT('',(-0.0220081885531058,0.0145901764450066,0.4091));
#4888=CARTESIAN_POINT('',(-0.0219976244757236,0.0158774838925402,0.4091));
#4889=CARTESIAN_POINT('',(-0.0216160584607573,0.0175663607355646,0.4091));
#4890=CARTESIAN_POINT('',(-0.0205916404904318,0.0194858758027905,0.4091));
#4891=CARTESIAN_POINT('',(-0.0186055752292097,0.0211881200898289,0.4091));
#4892=CARTESIAN_POINT('',(-0.0165574625641991,0.0219416235721137,0.4091));
#4893=CARTESIAN_POINT('',(-0.0148290386389696,0.0220178228929469,0.4091));
#4894=CARTESIAN_POINT('',(-0.0130993481843422,0.0219991105035958,0.4091));
#4895=CARTESIAN_POINT('',(-0.0109376697325285,0.0220082832092383,0.4091));
#4896=CARTESIAN_POINT('',(-0.00834346922234885,0.0220053537944432,0.4091));
#4897=CARTESIAN_POINT('',(-0.00488460198860144,0.0220063070167416,0.4091));
#4898=CARTESIAN_POINT('',(-0.00056098301772943,0.022005893858992,0.409099999999999));
#4899=CARTESIAN_POINT('',(0.00376257971317195,0.0220058225272108,0.4091));
#4900=CARTESIAN_POINT('',(0.0072215369308721,0.0220062264004584,0.4091));
#4901=CARTESIAN_POINT('',(0.00981546748919295,0.022004939574368,0.4091));
#4902=CARTESIAN_POINT('',(0.0119779895405672,0.0220089732559985,0.4091));
#4903=CARTESIAN_POINT('',(0.0137059590524862,0.022000739974672,0.4091));
#4904=CARTESIAN_POINT('',(0.0150075326223042,0.0220258816192838,0.4091));
#4905=CARTESIAN_POINT('',(0.0162877445131952,0.0219314866534759,0.4091));
#4906=CARTESIAN_POINT('',(0.015003972342483,0.0220059588508805,0.4091));
#4907=CARTESIAN_POINT('',(0.,-5.41671599935123E-10,0.4351));
#4908=CARTESIAN_POINT('',(0.0199,-5.41671604537923E-10,0.4351));
#4909=CARTESIAN_POINT('',(0.0199,0.015,0.4351));
#4910=CARTESIAN_POINT('',(0.0199,-0.015,0.4351));
#4911=CARTESIAN_POINT('',(0.015,-0.015,0.4351));
#4912=CARTESIAN_POINT('',(0.015,-0.0199,0.4351));
#4913=CARTESIAN_POINT('',(-4.6027994976384E-18,-0.0199,0.4351));
#4914=CARTESIAN_POINT('',(-0.015,-0.0199,0.4351));
#4915=CARTESIAN_POINT('',(-0.015,-0.015,0.4351));
#4916=CARTESIAN_POINT('',(-0.0199,-0.015,0.4351));
#4917=CARTESIAN_POINT('',(-0.0199,-5.41671602236523E-10,0.4351));
#4918=CARTESIAN_POINT('',(-0.0199,0.015,0.4351));
#4919=CARTESIAN_POINT('',(-0.015,0.015,0.4351));
#4920=CARTESIAN_POINT('',(-0.015,0.0199,0.4351));
#4921=CARTESIAN_POINT('',(0.,0.0199,0.4351));
#4922=CARTESIAN_POINT('',(0.015,0.0199,0.4351));
#4923=CARTESIAN_POINT('',(0.015,0.015,0.4351));
#4924=CARTESIAN_POINT('',(-1.3010426069826E-18,0.543136800358082,0.42585));
#4925=CARTESIAN_POINT('',(0.00275,0.543136800358082,0.42585));
#4926=CARTESIAN_POINT('',(0.00275,-0.0209,0.42585));
#4927=CARTESIAN_POINT('',(0.00275,-0.0220059620651379,0.42585));
#4928=CARTESIAN_POINT('',(-1.3010426069826E-18,-0.0209,0.42585));
#4929=CARTESIAN_POINT('',(-0.00275,-0.0209,0.42585));
#4930=CARTESIAN_POINT('',(-0.00275,0.543136800358082,0.42585));
#4931=CARTESIAN_POINT('',(-0.00275,-0.0220059620651379,0.42585));
#4932=CARTESIAN_POINT('',(-0.00275,-0.0220059620651378,0.42585));
#4933=CARTESIAN_POINT('',(-0.00275,-0.0220059620651378,0.425123621527859));
#4934=CARTESIAN_POINT('',(-0.00215371996787199,-0.0220059621444044,0.423697264248401));
#4935=CARTESIAN_POINT('',(9.05183412583353E-7,-0.0220059622628256,0.422801736033548));
#4936=CARTESIAN_POINT('',(0.00215172821842441,-0.0220059621445243,0.423695791697818));
#4937=CARTESIAN_POINT('',(0.00275,-0.0220059620651378,0.425123621527859));
#4938=CARTESIAN_POINT('',(0.00275,-0.0220059620651378,0.42585));
#4939=CARTESIAN_POINT('',(0.00275,0.543136800358082,0.4286));
#4940=CARTESIAN_POINT('',(0.00275,0.543136800358082,0.43135));
#4941=CARTESIAN_POINT('',(0.00275,-0.0209,0.43135));
#4942=CARTESIAN_POINT('',(0.00275,-0.0220059620651379,0.43135));
#4943=CARTESIAN_POINT('',(0.00275,-0.0209,0.4286));
#4944=CARTESIAN_POINT('',(0.00275,-0.0220059620651379,0.4286));
#4945=CARTESIAN_POINT('',(4.33680868994202E-19,0.543136800358082,0.43135));
#4946=CARTESIAN_POINT('',(-0.00275,0.543136800358082,0.43135));
#4947=CARTESIAN_POINT('',(-0.00275,-0.0209,0.43135));
#4948=CARTESIAN_POINT('',(-0.00275,-0.0220059620651379,0.43135));
#4949=CARTESIAN_POINT('',(4.33680868994202E-19,-0.0209,0.43135));
#4950=CARTESIAN_POINT('',(0.00275,-0.0220059620651378,0.43135));
#4951=CARTESIAN_POINT('',(0.00275,-0.0220059620651378,0.432076378472141));
#4952=CARTESIAN_POINT('',(0.00215371996787202,-0.0220059621444044,0.433502735751599));
#4953=CARTESIAN_POINT('',(-9.05183412612514E-7,-0.0220059622628256,0.434398263966452));
#4954=CARTESIAN_POINT('',(-0.0021517282184244,-0.0220059621445243,0.433504208302182));
#4955=CARTESIAN_POINT('',(-0.00275,-0.0220059620651378,0.432076378472141));
#4956=CARTESIAN_POINT('',(-0.00275,-0.0220059620651378,0.43135));
#4957=CARTESIAN_POINT('',(-0.00275,0.543136800358082,0.4286));
#4958=CARTESIAN_POINT('',(-0.00275,-0.0209,0.43135));
#4959=CARTESIAN_POINT('',(-0.00275,-0.0220059620651378,0.42585));
#4960=CARTESIAN_POINT('',(-0.00275,0.543136800358082,0.4286));
#4961=CARTESIAN_POINT('',(-0.00275,0.543136800358082,0.43135));
#4962=CARTESIAN_POINT('',(-0.00275,0.0220059620701239,0.43135));
#4963=CARTESIAN_POINT('',(-0.00275,0.0209,0.43135));
#4964=CARTESIAN_POINT('',(-0.00275,0.0209,0.42585));
#4965=CARTESIAN_POINT('',(-0.00275,0.0209,0.42585));
#4966=CARTESIAN_POINT('',(-0.00275,0.543136800358082,0.42585));
#4967=CARTESIAN_POINT('',(-0.00275,0.0220059620701239,0.42585));
#4968=CARTESIAN_POINT('',(-0.00275,0.0220059620701239,0.43135));
#4969=CARTESIAN_POINT('',(4.33680868994202E-19,0.543136800358082,0.43135));
#4970=CARTESIAN_POINT('',(0.00275,0.543136800358082,0.43135));
#4971=CARTESIAN_POINT('',(0.00275,0.0220059620701401,0.43135));
#4972=CARTESIAN_POINT('',(0.00275,0.0209,0.43135));
#4973=CARTESIAN_POINT('',(4.33680868994202E-19,0.0209,0.43135));
#4974=CARTESIAN_POINT('',(-0.00275,0.0220059620701239,0.43135));
#4975=CARTESIAN_POINT('',(-0.00275,0.0220059620701239,0.432076378472141));
#4976=CARTESIAN_POINT('',(-0.00215371996787201,0.0220059621496531,0.433502735751599));
#4977=CARTESIAN_POINT('',(9.05183412605245E-7,0.0220059622685191,0.434398263966452));
#4978=CARTESIAN_POINT('',(0.00215172821842443,0.0220059621497936,0.433504208302182));
#4979=CARTESIAN_POINT('',(0.00275,0.02200596207014,0.432076378472141));
#4980=CARTESIAN_POINT('',(0.00275,0.02200596207014,0.43135));
#4981=CARTESIAN_POINT('',(0.00275,0.543136800358082,0.4286));
#4982=CARTESIAN_POINT('',(0.00275,0.543136800358082,0.42585));
#4983=CARTESIAN_POINT('',(0.00275,0.0220059620701401,0.42585));
#4984=CARTESIAN_POINT('',(0.00275,0.0209,0.42585));
#4985=CARTESIAN_POINT('',(0.00275,0.0209,0.4286));
#4986=CARTESIAN_POINT('',(0.00275,0.0220059620701401,0.4286));
#4987=CARTESIAN_POINT('',(-1.3010426069826E-18,0.543136800358082,0.42585));
#4988=CARTESIAN_POINT('',(-1.3010426069826E-18,0.0209,0.42585));
#4989=CARTESIAN_POINT('',(0.00275,0.02200596207014,0.42585));
#4990=CARTESIAN_POINT('',(0.00275,0.02200596207014,0.425123621527859));
#4991=CARTESIAN_POINT('',(0.00215371996787197,0.0220059621496733,0.423697264248401));
#4992=CARTESIAN_POINT('',(-9.05183412568116E-7,0.0220059622685191,0.422801736033548));
#4993=CARTESIAN_POINT('',(-0.00215172821842443,0.0220059621497734,0.423695791697818));
#4994=CARTESIAN_POINT('',(-0.00275,0.0220059620701239,0.425123621527859));
#4995=CARTESIAN_POINT('',(-0.00275,0.0220059620701239,0.42585));
#4996=CARTESIAN_POINT('',(-0.009,0.543136800358082,0.42585));
#4997=CARTESIAN_POINT('',(-0.00625,0.543136800358082,0.42585));
#4998=CARTESIAN_POINT('',(-0.00625,-0.0209,0.42585));
#4999=CARTESIAN_POINT('',(-0.00625,-0.0220059617280711,0.42585));
#5000=CARTESIAN_POINT('',(-0.009,-0.0209,0.42585));
#5001=CARTESIAN_POINT('',(-0.01175,-0.0209,0.42585));
#5002=CARTESIAN_POINT('',(-0.01175,0.543136800358082,0.42585));
#5003=CARTESIAN_POINT('',(-0.01175,-0.0220059599753243,0.42585));
#5004=CARTESIAN_POINT('',(-0.01175,-0.0220059599753243,0.42585));
#5005=CARTESIAN_POINT('',(-0.01175,-0.0220059599753243,0.425123621527859));
#5006=CARTESIAN_POINT('',(-0.011153719967872,-0.0220059602446142,0.423697264248401));
#5007=CARTESIAN_POINT('',(-0.00899909481658746,-0.022005961049674,0.422801736033548));
#5008=CARTESIAN_POINT('',(-0.00684827178157564,-0.0220059616167996,0.423695791697818));
#5009=CARTESIAN_POINT('',(-0.00625,-0.0220059617280711,0.425123621527859));
#5010=CARTESIAN_POINT('',(-0.00625,-0.0220059617280711,0.42585));
#5011=CARTESIAN_POINT('',(-0.00625,0.543136800358082,0.4286));
#5012=CARTESIAN_POINT('',(-0.00625,0.543136800358082,0.43135));
#5013=CARTESIAN_POINT('',(-0.00625,-0.0209,0.43135));
#5014=CARTESIAN_POINT('',(-0.00625,-0.0220059617280711,0.43135));
#5015=CARTESIAN_POINT('',(-0.00625,-0.0209,0.4286));
#5016=CARTESIAN_POINT('',(-0.00625,-0.0220059617280711,0.4286));
#5017=CARTESIAN_POINT('',(-0.009,0.543136800358082,0.43135));
#5018=CARTESIAN_POINT('',(-0.01175,0.543136800358082,0.43135));
#5019=CARTESIAN_POINT('',(-0.01175,-0.0209,0.43135));
#5020=CARTESIAN_POINT('',(-0.01175,-0.0220059599753243,0.43135));
#5021=CARTESIAN_POINT('',(-0.009,-0.0209,0.43135));
#5022=CARTESIAN_POINT('',(-0.00625,-0.0220059617280711,0.43135));
#5023=CARTESIAN_POINT('',(-0.00625,-0.0220059617280711,0.432076378472141));
#5024=CARTESIAN_POINT('',(-0.00684628003212801,-0.0220059616173144,0.433502735751599));
#5025=CARTESIAN_POINT('',(-0.00900090518341267,-0.0220059610490971,0.434398263966452));
#5026=CARTESIAN_POINT('',(-0.0111517282184244,-0.0220059602453688,0.433504208302182));
#5027=CARTESIAN_POINT('',(-0.01175,-0.0220059599753243,0.432076378472141));
#5028=CARTESIAN_POINT('',(-0.01175,-0.0220059599753243,0.43135));
#5029=CARTESIAN_POINT('',(-0.01175,0.543136800358082,0.4286));
#5030=CARTESIAN_POINT('',(-0.01175,-0.0209,0.43135));
#5031=CARTESIAN_POINT('',(-0.01175,-0.0220059599753243,0.42585));
#5032=CARTESIAN_POINT('',(-0.01175,0.543136800358082,0.4286));
#5033=CARTESIAN_POINT('',(-0.01175,0.543136800358082,0.43135));
#5034=CARTESIAN_POINT('',(-0.01175,0.0220059599758745,0.43135));
#5035=CARTESIAN_POINT('',(-0.01175,0.0209,0.43135));
#5036=CARTESIAN_POINT('',(-0.01175,0.0209,0.42585));
#5037=CARTESIAN_POINT('',(-0.01175,0.0209,0.42585));
#5038=CARTESIAN_POINT('',(-0.01175,0.543136800358082,0.42585));
#5039=CARTESIAN_POINT('',(-0.01175,0.0220059599758745,0.42585));
#5040=CARTESIAN_POINT('',(-0.01175,0.0220059599758744,0.43135));
#5041=CARTESIAN_POINT('',(-0.009,0.543136800358082,0.43135));
#5042=CARTESIAN_POINT('',(-0.00625,0.543136800358082,0.43135));
#5043=CARTESIAN_POINT('',(-0.00625,0.0220059617320074,0.43135));
#5044=CARTESIAN_POINT('',(-0.00625,0.0209,0.43135));
#5045=CARTESIAN_POINT('',(-0.009,0.0209,0.43135));
#5046=CARTESIAN_POINT('',(-0.01175,0.0220059599758744,0.43135));
#5047=CARTESIAN_POINT('',(-0.01175,0.0220059599758744,0.432076378472141));
#5048=CARTESIAN_POINT('',(-0.011153719967872,0.0220059602453915,0.433502735751599));
#5049=CARTESIAN_POINT('',(-0.00899909481658744,0.0220059610517994,0.434398263966452));
#5050=CARTESIAN_POINT('',(-0.00684827178157561,0.0220059616204032,0.433504208302182));
#5051=CARTESIAN_POINT('',(-0.00625,0.0220059617320074,0.432076378472141));
#5052=CARTESIAN_POINT('',(-0.00625,0.0220059617320074,0.43135));
#5053=CARTESIAN_POINT('',(-0.00625,0.543136800358082,0.4286));
#5054=CARTESIAN_POINT('',(-0.00625,0.543136800358082,0.42585));
#5055=CARTESIAN_POINT('',(-0.00625,0.0220059617320074,0.42585));
#5056=CARTESIAN_POINT('',(-0.00625,0.0209,0.42585));
#5057=CARTESIAN_POINT('',(-0.00625,0.0209,0.4286));
#5058=CARTESIAN_POINT('',(-0.00625,0.0220059617320074,0.4286));
#5059=CARTESIAN_POINT('',(-0.009,0.543136800358082,0.42585));
#5060=CARTESIAN_POINT('',(-0.009,0.0209,0.42585));
#5061=CARTESIAN_POINT('',(-0.00625,0.0220059617320074,0.42585));
#5062=CARTESIAN_POINT('',(-0.00625,0.0220059617320074,0.425123621527859));
#5063=CARTESIAN_POINT('',(-0.00684628003212801,0.0220059616209193,0.423697264248401));
#5064=CARTESIAN_POINT('',(-0.00900090518341265,0.0220059610512214,0.422801736033548));
#5065=CARTESIAN_POINT('',(-0.0111517282184243,0.0220059602461472,0.423695791697818));
#5066=CARTESIAN_POINT('',(-0.01175,0.0220059599758745,0.425123621527859));
#5067=CARTESIAN_POINT('',(-0.01175,0.0220059599758745,0.42585));
#5068=CARTESIAN_POINT('',(0.009,0.543136800358082,0.42585));
#5069=CARTESIAN_POINT('',(0.00625,0.543136800358082,0.42585));
#5070=CARTESIAN_POINT('',(0.00625,0.0220059617320216,0.42585));
#5071=CARTESIAN_POINT('',(0.00625,0.0209,0.42585));
#5072=CARTESIAN_POINT('',(0.009,0.0209,0.42585));
#5073=CARTESIAN_POINT('',(0.01175,0.0209,0.42585));
#5074=CARTESIAN_POINT('',(0.01175,0.543136800358082,0.42585));
#5075=CARTESIAN_POINT('',(0.01175,0.0220059599758765,0.42585));
#5076=CARTESIAN_POINT('',(0.01175,0.0220059599758765,0.42585));
#5077=CARTESIAN_POINT('',(0.01175,0.0220059599758765,0.425123621527859));
#5078=CARTESIAN_POINT('',(0.011153719967872,0.0220059602453955,0.423697264248401));
#5079=CARTESIAN_POINT('',(0.00899909481658746,0.0220059610517828,0.422801736033548));
#5080=CARTESIAN_POINT('',(0.00684827178157559,0.0220059616204148,0.423695791697818));
#5081=CARTESIAN_POINT('',(0.00625,0.0220059617320216,0.425123621527859));
#5082=CARTESIAN_POINT('',(0.00625,0.0220059617320216,0.42585));
#5083=CARTESIAN_POINT('',(0.01175,0.543136800358082,0.4286));
#5084=CARTESIAN_POINT('',(0.01175,0.0209,0.4286));
#5085=CARTESIAN_POINT('',(0.01175,0.0209,0.43135));
#5086=CARTESIAN_POINT('',(0.01175,0.543136800358082,0.43135));
#5087=CARTESIAN_POINT('',(0.01175,0.0220059599758765,0.43135));
#5088=CARTESIAN_POINT('',(0.01175,0.0220059599758765,0.4286));
#5089=CARTESIAN_POINT('',(0.009,0.543136800358082,0.43135));
#5090=CARTESIAN_POINT('',(0.009,0.0209,0.43135));
#5091=CARTESIAN_POINT('',(0.00625,0.0209,0.43135));
#5092=CARTESIAN_POINT('',(0.00625,0.543136800358082,0.43135));
#5093=CARTESIAN_POINT('',(0.00625,0.0220059617320216,0.43135));
#5094=CARTESIAN_POINT('',(0.00625,0.0220059617320216,0.43135));
#5095=CARTESIAN_POINT('',(0.00625,0.0220059617320216,0.432076378472141));
#5096=CARTESIAN_POINT('',(0.00684628003212801,0.0220059616209309,0.433502735751599));
#5097=CARTESIAN_POINT('',(0.00900090518341266,0.0220059610512047,0.434398263966452));
#5098=CARTESIAN_POINT('',(0.0111517282184244,0.0220059602461513,0.433504208302182));
#5099=CARTESIAN_POINT('',(0.01175,0.0220059599758765,0.432076378472141));
#5100=CARTESIAN_POINT('',(0.01175,0.0220059599758765,0.43135));
#5101=CARTESIAN_POINT('',(0.00625,0.543136800358082,0.4286));
#5102=CARTESIAN_POINT('',(0.00625,0.0209,0.42585));
#5103=CARTESIAN_POINT('',(0.00625,0.0220059617320216,0.43135));
#5104=CARTESIAN_POINT('',(0.00625,0.543136800358082,0.4286));
#5105=CARTESIAN_POINT('',(0.00625,0.543136800358082,0.42585));
#5106=CARTESIAN_POINT('',(0.00625,-0.0209,0.42585));
#5107=CARTESIAN_POINT('',(0.00625,-0.0220059617280711,0.42585));
#5108=CARTESIAN_POINT('',(0.00625,-0.0209,0.43135));
#5109=CARTESIAN_POINT('',(0.00625,-0.0209,0.43135));
#5110=CARTESIAN_POINT('',(0.00625,0.543136800358082,0.43135));
#5111=CARTESIAN_POINT('',(0.00625,-0.0220059617280711,0.43135));
#5112=CARTESIAN_POINT('',(0.00625,-0.0220059617280711,0.42585));
#5113=CARTESIAN_POINT('',(0.009,0.543136800358082,0.43135));
#5114=CARTESIAN_POINT('',(0.009,-0.0209,0.43135));
#5115=CARTESIAN_POINT('',(0.01175,-0.0209,0.43135));
#5116=CARTESIAN_POINT('',(0.01175,0.543136800358082,0.43135));
#5117=CARTESIAN_POINT('',(0.01175,-0.0220059599753243,0.43135));
#5118=CARTESIAN_POINT('',(0.01175,-0.0220059599753243,0.43135));
#5119=CARTESIAN_POINT('',(0.01175,-0.0220059599753243,0.432076378472141));
#5120=CARTESIAN_POINT('',(0.011153719967872,-0.0220059602446142,0.433502735751599));
#5121=CARTESIAN_POINT('',(0.00899909481658744,-0.022005961049674,0.434398263966452));
#5122=CARTESIAN_POINT('',(0.0068482717815756,-0.0220059616167996,0.433504208302182));
#5123=CARTESIAN_POINT('',(0.00625,-0.0220059617280711,0.432076378472141));
#5124=CARTESIAN_POINT('',(0.00625,-0.0220059617280711,0.43135));
#5125=CARTESIAN_POINT('',(0.01175,0.543136800358082,0.4286));
#5126=CARTESIAN_POINT('',(0.01175,-0.0209,0.4286));
#5127=CARTESIAN_POINT('',(0.01175,-0.0209,0.42585));
#5128=CARTESIAN_POINT('',(0.01175,0.543136800358082,0.42585));
#5129=CARTESIAN_POINT('',(0.01175,-0.0220059599753243,0.42585));
#5130=CARTESIAN_POINT('',(0.01175,-0.0220059599753243,0.4286));
#5131=CARTESIAN_POINT('',(0.009,0.543136800358082,0.42585));
#5132=CARTESIAN_POINT('',(0.009,-0.0209,0.42585));
#5133=CARTESIAN_POINT('',(0.00625,-0.0220059617280711,0.42585));
#5134=CARTESIAN_POINT('',(0.00625,-0.0220059617280711,0.425123621527859));
#5135=CARTESIAN_POINT('',(0.006846280032128,-0.0220059616173145,0.423697264248401));
#5136=CARTESIAN_POINT('',(0.00900090518341264,-0.0220059610490971,0.422801736033548));
#5137=CARTESIAN_POINT('',(0.0111517282184244,-0.0220059602453688,0.423695791697818));
#5138=CARTESIAN_POINT('',(0.01175,-0.0220059599753243,0.425123621527859));
#5139=CARTESIAN_POINT('',(0.01175,-0.0220059599753243,0.42585));
#5140=CARTESIAN_POINT('',(-0.502136800358082,4.33680868994202E-19,0.42585));
#5141=CARTESIAN_POINT('',(-0.502136800358082,-0.00275,0.42585));
#5142=CARTESIAN_POINT('',(-0.0220059620651378,-0.00275,0.42585));
#5143=CARTESIAN_POINT('',(-0.0209,-0.00275,0.42585));
#5144=CARTESIAN_POINT('',(-0.0209,4.33680868994202E-19,0.42585));
#5145=CARTESIAN_POINT('',(-0.0209,0.00275,0.42585));
#5146=CARTESIAN_POINT('',(-0.502136800358082,0.00275,0.42585));
#5147=CARTESIAN_POINT('',(-0.0220059620651378,0.00275,0.42585));
#5148=CARTESIAN_POINT('',(-0.0220059620651378,0.00275,0.42585));
#5149=CARTESIAN_POINT('',(-0.0220059620651378,0.00275,0.425123621527859));
#5150=CARTESIAN_POINT('',(-0.0220059621444044,0.00215371996787205,0.423697264248401));
#5151=CARTESIAN_POINT('',(-0.0220059622628256,-9.05183412587994E-7,0.422801736033548));
#5152=CARTESIAN_POINT('',(-0.0220059621445243,-0.00215172821842442,0.423695791697818));
#5153=CARTESIAN_POINT('',(-0.0220059620651377,-0.00275,0.425123621527859));
#5154=CARTESIAN_POINT('',(-0.0220059620651377,-0.00275,0.42585));
#5155=CARTESIAN_POINT('',(-0.502136800358082,-0.00275,0.4286));
#5156=CARTESIAN_POINT('',(-0.502136800358082,-0.00275,0.43135));
#5157=CARTESIAN_POINT('',(-0.0220059620651378,-0.00275,0.43135));
#5158=CARTESIAN_POINT('',(-0.0209,-0.00275,0.43135));
#5159=CARTESIAN_POINT('',(-0.0209,-0.00275,0.42585));
#5160=CARTESIAN_POINT('',(-0.0220059620651378,-0.00275,0.43135));
#5161=CARTESIAN_POINT('',(-0.502136800358082,-1.3010426069826E-18,0.43135));
#5162=CARTESIAN_POINT('',(-0.502136800358082,0.00275,0.43135));
#5163=CARTESIAN_POINT('',(-0.0220059620651378,0.00275,0.43135));
#5164=CARTESIAN_POINT('',(-0.0209,0.00275,0.43135));
#5165=CARTESIAN_POINT('',(-0.0209,-1.3010426069826E-18,0.43135));
#5166=CARTESIAN_POINT('',(-0.0220059620651378,-0.00275,0.43135));
#5167=CARTESIAN_POINT('',(-0.0220059620651378,-0.00275,0.432076378472141));
#5168=CARTESIAN_POINT('',(-0.0220059621444044,-0.00215371996787204,0.433502735751599));
#5169=CARTESIAN_POINT('',(-0.0220059622628256,9.0518341261733E-7,0.434398263966452));
#5170=CARTESIAN_POINT('',(-0.0220059621445243,0.00215172821842439,0.433504208302182));
#5171=CARTESIAN_POINT('',(-0.0220059620651377,0.00275,0.432076378472141));
#5172=CARTESIAN_POINT('',(-0.0220059620651377,0.00275,0.43135));
#5173=CARTESIAN_POINT('',(-0.502136800358082,0.00275,0.4286));
#5174=CARTESIAN_POINT('',(-0.0209,0.00275,0.4286));
#5175=CARTESIAN_POINT('',(-0.0220059620651378,0.00275,0.4286));
#5176=CARTESIAN_POINT('',(-0.502136800358082,0.00275,0.4286));
#5177=CARTESIAN_POINT('',(-0.502136800358082,0.00275,0.43135));
#5178=CARTESIAN_POINT('',(0.0209,0.00275,0.43135));
#5179=CARTESIAN_POINT('',(0.0220059620651377,0.00275,0.43135));
#5180=CARTESIAN_POINT('',(0.0209,0.00275,0.4286));
#5181=CARTESIAN_POINT('',(0.0209,0.00275,0.42585));
#5182=CARTESIAN_POINT('',(-0.502136800358082,0.00275,0.42585));
#5183=CARTESIAN_POINT('',(0.0220059620651379,0.00275,0.42585));
#5184=CARTESIAN_POINT('',(0.0220059620651379,0.00275,0.4286));
#5185=CARTESIAN_POINT('',(-0.502136800358082,-1.3010426069826E-18,0.43135));
#5186=CARTESIAN_POINT('',(-0.502136800358082,-0.00275,0.43135));
#5187=CARTESIAN_POINT('',(0.0209,-0.00275,0.43135));
#5188=CARTESIAN_POINT('',(0.0220059620651379,-0.00275,0.43135));
#5189=CARTESIAN_POINT('',(0.0209,-1.3010426069826E-18,0.43135));
#5190=CARTESIAN_POINT('',(0.0220059620651377,0.00275,0.43135));
#5191=CARTESIAN_POINT('',(0.0220059620651377,0.00275,0.432076378472141));
#5192=CARTESIAN_POINT('',(0.0220059621444044,0.00215371996787202,0.433502735751599));
#5193=CARTESIAN_POINT('',(0.0220059622628256,-9.05183412613652E-7,0.434398263966452));
#5194=CARTESIAN_POINT('',(0.0220059621445243,-0.00215172821842441,0.433504208302182));
#5195=CARTESIAN_POINT('',(0.0220059620651378,-0.00275,0.432076378472141));
#5196=CARTESIAN_POINT('',(0.0220059620651378,-0.00275,0.43135));
#5197=CARTESIAN_POINT('',(-0.502136800358082,-0.00275,0.4286));
#5198=CARTESIAN_POINT('',(-0.502136800358082,-0.00275,0.42585));
#5199=CARTESIAN_POINT('',(0.0209,-0.00275,0.42585));
#5200=CARTESIAN_POINT('',(0.0220059620651379,-0.00275,0.42585));
#5201=CARTESIAN_POINT('',(0.0209,-0.00275,0.43135));
#5202=CARTESIAN_POINT('',(0.0220059620651378,-0.00275,0.42585));
#5203=CARTESIAN_POINT('',(-0.502136800358082,4.33680868994202E-19,0.42585));
#5204=CARTESIAN_POINT('',(0.0209,4.33680868994202E-19,0.42585));
#5205=CARTESIAN_POINT('',(0.0220059620651378,-0.00275,0.42585));
#5206=CARTESIAN_POINT('',(0.0220059620651378,-0.00275,0.425123621527859));
#5207=CARTESIAN_POINT('',(0.0220059621444044,-0.00215371996787204,0.423697264248401));
#5208=CARTESIAN_POINT('',(0.0220059622628256,9.05183412584667E-7,0.422801736033548));
#5209=CARTESIAN_POINT('',(0.0220059621445243,0.00215172821842442,0.423695791697818));
#5210=CARTESIAN_POINT('',(0.0220059620651378,0.00275,0.425123621527859));
#5211=CARTESIAN_POINT('',(0.0220059620651378,0.00275,0.42585));
#5212=CARTESIAN_POINT('',(-0.502136800358082,0.009,0.42585));
#5213=CARTESIAN_POINT('',(-0.502136800358082,0.00625,0.42585));
#5214=CARTESIAN_POINT('',(-0.022005961728071,0.00625,0.42585));
#5215=CARTESIAN_POINT('',(-0.0209,0.00625,0.42585));
#5216=CARTESIAN_POINT('',(-0.0209,0.009,0.42585));
#5217=CARTESIAN_POINT('',(-0.0209,0.01175,0.42585));
#5218=CARTESIAN_POINT('',(-0.502136800358082,0.01175,0.42585));
#5219=CARTESIAN_POINT('',(-0.0220059599753243,0.01175,0.42585));
#5220=CARTESIAN_POINT('',(-0.0220059599753243,0.01175,0.42585));
#5221=CARTESIAN_POINT('',(-0.0220059599753243,0.01175,0.425123621527859));
#5222=CARTESIAN_POINT('',(-0.0220059602446142,0.0111537199678719,0.423697264248401));
#5223=CARTESIAN_POINT('',(-0.022005961049674,0.00899909481658749,0.422801736033548));
#5224=CARTESIAN_POINT('',(-0.0220059616167997,0.0068482717815756,0.423695791697818));
#5225=CARTESIAN_POINT('',(-0.0220059617280711,0.00625,0.425123621527859));
#5226=CARTESIAN_POINT('',(-0.0220059617280711,0.00625,0.42585));
#5227=CARTESIAN_POINT('',(-0.502136800358082,0.00625,0.4286));
#5228=CARTESIAN_POINT('',(-0.502136800358082,0.00625,0.43135));
#5229=CARTESIAN_POINT('',(-0.022005961728071,0.00625,0.43135));
#5230=CARTESIAN_POINT('',(-0.0209,0.00625,0.43135));
#5231=CARTESIAN_POINT('',(-0.0209,0.00625,0.42585));
#5232=CARTESIAN_POINT('',(-0.0220059617280711,0.00625,0.43135));
#5233=CARTESIAN_POINT('',(-0.502136800358082,0.009,0.43135));
#5234=CARTESIAN_POINT('',(-0.502136800358082,0.01175,0.43135));
#5235=CARTESIAN_POINT('',(-0.0220059599753243,0.01175,0.43135));
#5236=CARTESIAN_POINT('',(-0.0209,0.01175,0.43135));
#5237=CARTESIAN_POINT('',(-0.0209,0.009,0.43135));
#5238=CARTESIAN_POINT('',(-0.0220059617280711,0.00625,0.43135));
#5239=CARTESIAN_POINT('',(-0.0220059617280711,0.00625,0.432076378472141));
#5240=CARTESIAN_POINT('',(-0.0220059616173145,0.00684628003212801,0.433502735751599));
#5241=CARTESIAN_POINT('',(-0.0220059610490971,0.00900090518341266,0.434398263966452));
#5242=CARTESIAN_POINT('',(-0.0220059602453689,0.0111517282184244,0.433504208302182));
#5243=CARTESIAN_POINT('',(-0.0220059599753243,0.01175,0.432076378472141));
#5244=CARTESIAN_POINT('',(-0.0220059599753243,0.01175,0.43135));
#5245=CARTESIAN_POINT('',(-0.502136800358082,0.01175,0.4286));
#5246=CARTESIAN_POINT('',(-0.0209,0.01175,0.4286));
#5247=CARTESIAN_POINT('',(-0.0220059599753243,0.01175,0.4286));
#5248=CARTESIAN_POINT('',(-0.502136800358082,0.01175,0.4286));
#5249=CARTESIAN_POINT('',(-0.502136800358082,0.01175,0.43135));
#5250=CARTESIAN_POINT('',(0.0209,0.01175,0.43135));
#5251=CARTESIAN_POINT('',(0.0220059599753243,0.01175,0.43135));
#5252=CARTESIAN_POINT('',(0.0209,0.01175,0.4286));
#5253=CARTESIAN_POINT('',(0.0209,0.01175,0.42585));
#5254=CARTESIAN_POINT('',(-0.502136800358082,0.01175,0.42585));
#5255=CARTESIAN_POINT('',(0.0220059599753243,0.01175,0.42585));
#5256=CARTESIAN_POINT('',(0.0220059599753243,0.01175,0.4286));
#5257=CARTESIAN_POINT('',(-0.502136800358082,0.009,0.43135));
#5258=CARTESIAN_POINT('',(-0.502136800358082,0.00625,0.43135));
#5259=CARTESIAN_POINT('',(0.0209,0.00625,0.43135));
#5260=CARTESIAN_POINT('',(0.0220059617280711,0.00625,0.43135));
#5261=CARTESIAN_POINT('',(0.0209,0.009,0.43135));
#5262=CARTESIAN_POINT('',(0.0220059599753243,0.01175,0.43135));
#5263=CARTESIAN_POINT('',(0.0220059599753243,0.01175,0.432076378472141));
#5264=CARTESIAN_POINT('',(0.0220059602446142,0.011153719967872,0.433502735751599));
#5265=CARTESIAN_POINT('',(0.022005961049674,0.00899909481658744,0.434398263966452));
#5266=CARTESIAN_POINT('',(0.0220059616167996,0.00684827178157561,0.433504208302182));
#5267=CARTESIAN_POINT('',(0.0220059617280711,0.00625,0.432076378472141));
#5268=CARTESIAN_POINT('',(0.0220059617280711,0.00625,0.43135));
#5269=CARTESIAN_POINT('',(-0.502136800358082,0.00625,0.4286));
#5270=CARTESIAN_POINT('',(-0.502136800358082,0.00625,0.42585));
#5271=CARTESIAN_POINT('',(0.0209,0.00625,0.42585));
#5272=CARTESIAN_POINT('',(0.0220059617280711,0.00625,0.42585));
#5273=CARTESIAN_POINT('',(0.0209,0.00625,0.43135));
#5274=CARTESIAN_POINT('',(0.0220059617280711,0.00625,0.42585));
#5275=CARTESIAN_POINT('',(-0.502136800358082,0.009,0.42585));
#5276=CARTESIAN_POINT('',(0.0209,0.009,0.42585));
#5277=CARTESIAN_POINT('',(0.0220059617280711,0.00625,0.42585));
#5278=CARTESIAN_POINT('',(0.0220059617280711,0.00625,0.425123621527859));
#5279=CARTESIAN_POINT('',(0.0220059616173145,0.00684628003212801,0.423697264248401));
#5280=CARTESIAN_POINT('',(0.0220059610490971,0.00900090518341264,0.422801736033548));
#5281=CARTESIAN_POINT('',(0.0220059602453688,0.0111517282184244,0.423695791697818));
#5282=CARTESIAN_POINT('',(0.0220059599753243,0.01175,0.425123621527859));
#5283=CARTESIAN_POINT('',(0.0220059599753243,0.01175,0.42585));
#5284=CARTESIAN_POINT('',(-0.502136800358082,-0.009,0.42585));
#5285=CARTESIAN_POINT('',(-0.502136800358082,-0.00625,0.42585));
#5286=CARTESIAN_POINT('',(0.0209,-0.00625,0.42585));
#5287=CARTESIAN_POINT('',(0.0220059617280711,-0.00625,0.42585));
#5288=CARTESIAN_POINT('',(0.0209,-0.009,0.42585));
#5289=CARTESIAN_POINT('',(0.0209,-0.01175,0.42585));
#5290=CARTESIAN_POINT('',(-0.502136800358082,-0.01175,0.42585));
#5291=CARTESIAN_POINT('',(0.0220059599753243,-0.01175,0.42585));
#5292=CARTESIAN_POINT('',(0.0220059599753243,-0.01175,0.42585));
#5293=CARTESIAN_POINT('',(0.0220059599753243,-0.01175,0.425123621527859));
#5294=CARTESIAN_POINT('',(0.0220059602446142,-0.011153719967872,0.423697264248401));
#5295=CARTESIAN_POINT('',(0.022005961049674,-0.00899909481658745,0.422801736033548));
#5296=CARTESIAN_POINT('',(0.0220059616167996,-0.00684827178157565,0.423695791697818));
#5297=CARTESIAN_POINT('',(0.0220059617280711,-0.00625,0.425123621527859));
#5298=CARTESIAN_POINT('',(0.0220059617280711,-0.00625,0.42585));
#5299=CARTESIAN_POINT('',(-0.502136800358082,-0.01175,0.4286));
#5300=CARTESIAN_POINT('',(0.0209,-0.01175,0.43135));
#5301=CARTESIAN_POINT('',(0.0209,-0.01175,0.43135));
#5302=CARTESIAN_POINT('',(-0.502136800358082,-0.01175,0.43135));
#5303=CARTESIAN_POINT('',(0.0220059599753243,-0.01175,0.43135));
#5304=CARTESIAN_POINT('',(0.0220059599753243,-0.01175,0.42585));
#5305=CARTESIAN_POINT('',(-0.502136800358082,-0.009,0.43135));
#5306=CARTESIAN_POINT('',(0.0209,-0.009,0.43135));
#5307=CARTESIAN_POINT('',(0.0209,-0.00625,0.43135));
#5308=CARTESIAN_POINT('',(-0.502136800358082,-0.00625,0.43135));
#5309=CARTESIAN_POINT('',(0.0220059617280711,-0.00625,0.43135));
#5310=CARTESIAN_POINT('',(0.0220059617280711,-0.00625,0.43135));
#5311=CARTESIAN_POINT('',(0.0220059617280711,-0.00625,0.432076378472141));
#5312=CARTESIAN_POINT('',(0.0220059616173144,-0.006846280032128,0.433502735751599));
#5313=CARTESIAN_POINT('',(0.0220059610490971,-0.00900090518341267,0.434398263966452));
#5314=CARTESIAN_POINT('',(0.0220059602453688,-0.0111517282184244,0.433504208302182));
#5315=CARTESIAN_POINT('',(0.0220059599753243,-0.01175,0.432076378472141));
#5316=CARTESIAN_POINT('',(0.0220059599753243,-0.01175,0.43135));
#5317=CARTESIAN_POINT('',(-0.502136800358082,-0.00625,0.4286));
#5318=CARTESIAN_POINT('',(0.0209,-0.00625,0.4286));
#5319=CARTESIAN_POINT('',(0.0220059617280711,-0.00625,0.4286));
#5320=CARTESIAN_POINT('',(-0.502136800358082,-0.00625,0.4286));
#5321=CARTESIAN_POINT('',(-0.502136800358082,-0.00625,0.42585));
#5322=CARTESIAN_POINT('',(-0.022005961728071,-0.00625,0.42585));
#5323=CARTESIAN_POINT('',(-0.0209,-0.00625,0.42585));
#5324=CARTESIAN_POINT('',(-0.0209,-0.00625,0.4286));
#5325=CARTESIAN_POINT('',(-0.0209,-0.00625,0.43135));
#5326=CARTESIAN_POINT('',(-0.502136800358082,-0.00625,0.43135));
#5327=CARTESIAN_POINT('',(-0.022005961728071,-0.00625,0.43135));
#5328=CARTESIAN_POINT('',(-0.022005961728071,-0.00625,0.4286));
#5329=CARTESIAN_POINT('',(-0.502136800358082,-0.009,0.43135));
#5330=CARTESIAN_POINT('',(-0.0209,-0.009,0.43135));
#5331=CARTESIAN_POINT('',(-0.0209,-0.01175,0.43135));
#5332=CARTESIAN_POINT('',(-0.502136800358082,-0.01175,0.43135));
#5333=CARTESIAN_POINT('',(-0.0220059599753243,-0.01175,0.43135));
#5334=CARTESIAN_POINT('',(-0.0220059599753243,-0.01175,0.43135));
#5335=CARTESIAN_POINT('',(-0.0220059599753243,-0.01175,0.432076378472141));
#5336=CARTESIAN_POINT('',(-0.0220059602446141,-0.011153719967872,0.433502735751599));
#5337=CARTESIAN_POINT('',(-0.022005961049674,-0.00899909481658744,0.434398263966452));
#5338=CARTESIAN_POINT('',(-0.0220059616167996,-0.0068482717815756,0.433504208302182));
#5339=CARTESIAN_POINT('',(-0.0220059617280711,-0.00625,0.432076378472141));
#5340=CARTESIAN_POINT('',(-0.0220059617280711,-0.00625,0.43135));
#5341=CARTESIAN_POINT('',(-0.502136800358082,-0.01175,0.4286));
#5342=CARTESIAN_POINT('',(-0.0209,-0.01175,0.42585));
#5343=CARTESIAN_POINT('',(-0.0209,-0.01175,0.42585));
#5344=CARTESIAN_POINT('',(-0.502136800358082,-0.01175,0.42585));
#5345=CARTESIAN_POINT('',(-0.0220059599753243,-0.01175,0.42585));
#5346=CARTESIAN_POINT('',(-0.0220059599753243,-0.01175,0.43135));
#5347=CARTESIAN_POINT('',(-0.502136800358082,-0.009,0.42585));
#5348=CARTESIAN_POINT('',(-0.0209,-0.009,0.42585));
#5349=CARTESIAN_POINT('',(-0.0220059617280711,-0.00625,0.42585));
#5350=CARTESIAN_POINT('',(-0.0220059617280711,-0.00625,0.425123621527859));
#5351=CARTESIAN_POINT('',(-0.0220059616173144,-0.0068462800321281,0.423697264248401));
#5352=CARTESIAN_POINT('',(-0.0220059610490971,-0.00900090518341262,0.422801736033548));
#5353=CARTESIAN_POINT('',(-0.0220059602453688,-0.0111517282184243,0.423695791697818));
#5354=CARTESIAN_POINT('',(-0.0220059599753243,-0.01175,0.425123621527859));
#5355=CARTESIAN_POINT('',(-0.0220059599753243,-0.01175,0.42585));
#5356=CARTESIAN_POINT('',(0.00575,-0.0209,0.4286));
#5357=CARTESIAN_POINT('',(0.00575,-0.0209,0.43135));
#5358=CARTESIAN_POINT('',(0.00575,-0.0209,0.42585));
#5359=CARTESIAN_POINT('',(0.009,-0.0209,0.42585));
#5360=CARTESIAN_POINT('',(0.01225,-0.0209,0.42585));
#5361=CARTESIAN_POINT('',(0.009,-0.0209,0.43135));
#5362=CARTESIAN_POINT('',(0.01225,-0.0209,0.43135));
#5363=CARTESIAN_POINT('',(0.01225,-0.0209,0.4371));
#5364=CARTESIAN_POINT('',(-0.009,-0.0209,0.43135));
#5365=CARTESIAN_POINT('',(-0.00575,-0.0209,0.43135));
#5366=CARTESIAN_POINT('',(-0.01225,-0.0209,0.43135));
#5367=CARTESIAN_POINT('',(-0.00575,-0.0209,0.4371));
#5368=CARTESIAN_POINT('',(-0.00575,-0.0209,0.42585));
#5369=CARTESIAN_POINT('',(-0.01225,-0.0209,0.4286));
#5370=CARTESIAN_POINT('',(-0.01225,-0.0209,0.42585));
#5371=CARTESIAN_POINT('',(-0.009,-0.0209,0.42585));
#5372=CARTESIAN_POINT('',(0.00325,-0.0209,0.4371));
#5373=CARTESIAN_POINT('',(0.00325,-0.0209,0.43135));
#5374=CARTESIAN_POINT('',(0.00325,-0.0209,0.42585));
#5375=CARTESIAN_POINT('',(-1.3010426069826E-18,-0.0209,0.42585));
#5376=CARTESIAN_POINT('',(-0.00325,-0.0209,0.42585));
#5377=CARTESIAN_POINT('',(4.33680868994202E-19,-0.0209,0.43135));
#5378=CARTESIAN_POINT('',(-0.00325,-0.0209,0.43135));
#5379=CARTESIAN_POINT('',(-0.00325,-0.0209,0.4286));
#5380=CARTESIAN_POINT('',(-0.0209,-0.01225,0.4286));
#5381=CARTESIAN_POINT('',(-0.0209,-0.01225,0.42585));
#5382=CARTESIAN_POINT('',(-0.0209,-0.01225,0.43135));
#5383=CARTESIAN_POINT('',(-0.0209,-0.009,0.43135));
#5384=CARTESIAN_POINT('',(-0.0209,-0.00575,0.43135));
#5385=CARTESIAN_POINT('',(-0.0209,-0.009,0.42585));
#5386=CARTESIAN_POINT('',(-0.0209,-0.00575,0.42585));
#5387=CARTESIAN_POINT('',(-0.0209,-0.00575,0.4371));
#5388=CARTESIAN_POINT('',(-0.0209,0.009,0.42585));
#5389=CARTESIAN_POINT('',(-0.0209,0.01225,0.42585));
#5390=CARTESIAN_POINT('',(-0.0209,0.00575,0.42585));
#5391=CARTESIAN_POINT('',(-0.0209,0.00575,0.4286));
#5392=CARTESIAN_POINT('',(-0.0209,0.00575,0.43135));
#5393=CARTESIAN_POINT('',(-0.0209,0.01225,0.4371));
#5394=CARTESIAN_POINT('',(-0.0209,0.01225,0.43135));
#5395=CARTESIAN_POINT('',(-0.0209,0.009,0.43135));
#5396=CARTESIAN_POINT('',(-0.0209,0.00325,0.4371));
#5397=CARTESIAN_POINT('',(-0.0209,0.00325,0.42585));
#5398=CARTESIAN_POINT('',(-0.0209,0.00325,0.43135));
#5399=CARTESIAN_POINT('',(-0.0209,-1.3010426069826E-18,0.43135));
#5400=CARTESIAN_POINT('',(-0.0209,-0.00325,0.43135));
#5401=CARTESIAN_POINT('',(-0.0209,4.33680868994202E-19,0.42585));
#5402=CARTESIAN_POINT('',(-0.0209,-0.00325,0.42585));
#5403=CARTESIAN_POINT('',(-0.0209,-0.00325,0.4286));
#5404=CARTESIAN_POINT('',(0.01225,0.0209,0.4371));
#5405=CARTESIAN_POINT('',(0.01225,0.0209,0.42585));
#5406=CARTESIAN_POINT('',(0.01225,0.0209,0.43135));
#5407=CARTESIAN_POINT('',(0.009,0.0209,0.43135));
#5408=CARTESIAN_POINT('',(0.00575,0.0209,0.43135));
#5409=CARTESIAN_POINT('',(0.009,0.0209,0.42585));
#5410=CARTESIAN_POINT('',(0.00575,0.0209,0.42585));
#5411=CARTESIAN_POINT('',(0.00575,0.0209,0.4286));
#5412=CARTESIAN_POINT('',(-0.009,0.0209,0.42585));
#5413=CARTESIAN_POINT('',(-0.01225,0.0209,0.42585));
#5414=CARTESIAN_POINT('',(-0.00575,0.0209,0.42585));
#5415=CARTESIAN_POINT('',(-0.00575,0.0209,0.4371));
#5416=CARTESIAN_POINT('',(-0.00575,0.0209,0.43135));
#5417=CARTESIAN_POINT('',(-0.01225,0.0209,0.4286));
#5418=CARTESIAN_POINT('',(-0.01225,0.0209,0.43135));
#5419=CARTESIAN_POINT('',(-0.009,0.0209,0.43135));
#5420=CARTESIAN_POINT('',(-0.00325,0.0209,0.4286));
#5421=CARTESIAN_POINT('',(-0.00325,0.0209,0.42585));
#5422=CARTESIAN_POINT('',(-0.00325,0.0209,0.43135));
#5423=CARTESIAN_POINT('',(4.33680868994202E-19,0.0209,0.43135));
#5424=CARTESIAN_POINT('',(0.00325,0.0209,0.43135));
#5425=CARTESIAN_POINT('',(-1.3010426069826E-18,0.0209,0.42585));
#5426=CARTESIAN_POINT('',(0.00325,0.0209,0.42585));
#5427=CARTESIAN_POINT('',(0.00325,0.0209,0.4371));
#5428=CARTESIAN_POINT('',(0.0209,-0.00575,0.4371));
#5429=CARTESIAN_POINT('',(0.0209,-0.00575,0.43135));
#5430=CARTESIAN_POINT('',(0.0209,-0.00575,0.42585));
#5431=CARTESIAN_POINT('',(0.0209,-0.009,0.42585));
#5432=CARTESIAN_POINT('',(0.0209,-0.01225,0.42585));
#5433=CARTESIAN_POINT('',(0.0209,-0.009,0.43135));
#5434=CARTESIAN_POINT('',(0.0209,-0.01225,0.43135));
#5435=CARTESIAN_POINT('',(0.0209,-0.01225,0.4286));
#5436=CARTESIAN_POINT('',(0.0209,0.009,0.43135));
#5437=CARTESIAN_POINT('',(0.0209,0.01225,0.43135));
#5438=CARTESIAN_POINT('',(0.0209,0.00575,0.43135));
#5439=CARTESIAN_POINT('',(0.0209,0.00575,0.4286));
#5440=CARTESIAN_POINT('',(0.0209,0.00575,0.42585));
#5441=CARTESIAN_POINT('',(0.0209,0.01225,0.4371));
#5442=CARTESIAN_POINT('',(0.0209,0.01225,0.42585));
#5443=CARTESIAN_POINT('',(0.0209,0.009,0.42585));
#5444=CARTESIAN_POINT('',(0.0209,-0.00325,0.4286));
#5445=CARTESIAN_POINT('',(0.0209,-0.00325,0.43135));
#5446=CARTESIAN_POINT('',(0.0209,-0.00325,0.42585));
#5447=CARTESIAN_POINT('',(0.0209,4.33680868994202E-19,0.42585));
#5448=CARTESIAN_POINT('',(0.0209,0.00325,0.42585));
#5449=CARTESIAN_POINT('',(0.0209,-1.3010426069826E-18,0.43135));
#5450=CARTESIAN_POINT('',(0.0209,0.00325,0.43135));
#5451=CARTESIAN_POINT('',(0.0209,0.00325,0.4371));
#5452=CARTESIAN_POINT('',(-0.015,0.015,0.4346));
#5453=CARTESIAN_POINT('',(-0.0199,0.015,0.4346));
#5454=CARTESIAN_POINT('',(-0.015,0.0199,0.4346));
#5455=CARTESIAN_POINT('',(-7.80625564189563E-18,0.0199,0.4346));
#5456=CARTESIAN_POINT('',(0.015,0.0199,0.4346));
#5457=CARTESIAN_POINT('',(-0.0199,1.7925475918427E-18,0.4346));
#5458=CARTESIAN_POINT('',(-0.0199,-0.015,0.4346));
#5459=CARTESIAN_POINT('',(0.015,0.015,0.4346));
#5460=CARTESIAN_POINT('',(0.0199,0.015,0.4346));
#5461=CARTESIAN_POINT('',(-0.015,-0.015,0.4346));
#5462=CARTESIAN_POINT('',(-0.015,-0.0199,0.4346));
#5463=CARTESIAN_POINT('',(0.0199,1.15648231731787E-19,0.4346));
#5464=CARTESIAN_POINT('',(0.0199,-0.015,0.4346));
#5465=CARTESIAN_POINT('',(-8.55796914815225E-18,-0.0199,0.4346));
#5466=CARTESIAN_POINT('',(0.015,-0.0199,0.4346));
#5467=CARTESIAN_POINT('',(0.015,-0.015,0.4346));
#5468=CARTESIAN_POINT('',(-0.0220059617280711,-0.00575,0.42585));
#5469=CARTESIAN_POINT('',(-0.0220059617280711,-0.00575,0.43135));
#5470=CARTESIAN_POINT('',(-0.0220059617280711,-0.00575,0.42585));
#5471=CARTESIAN_POINT('',(-0.0220059599753243,-0.01175,0.42585));
#5472=CARTESIAN_POINT('',(-0.0225059601588384,-0.01175,0.42585));
#5473=CARTESIAN_POINT('',(-0.0225059599753243,-0.0122500001835141,0.42585));
#5474=CARTESIAN_POINT('',(-0.0220059599753094,-0.01175,0.425123353625412));
#5475=CARTESIAN_POINT('',(-0.0225059601585224,-0.0117499999881409,0.425123353667925));
#5476=CARTESIAN_POINT('',(-0.0225059599753243,-0.0122500001697081,0.424991236102805));
#5477=CARTESIAN_POINT('',(-0.0220059602443593,-0.0111541439342564,0.423698969418148));
#5478=CARTESIAN_POINT('',(-0.0225059603737655,-0.0111541441072833,0.423698969608771));
#5479=CARTESIAN_POINT('',(-0.0225059602443511,-0.0115458066470564,0.423307872948694));
#5480=CARTESIAN_POINT('',(-0.0220059610486101,-0.00900255586286126,0.422801112455473));
#5481=CARTESIAN_POINT('',(-0.0225059610389373,-0.00900255612326674,0.422801112486928));
#5482=CARTESIAN_POINT('',(-0.0225059610486163,-0.00900302069861112,0.42224676926558));
#5483=CARTESIAN_POINT('',(-0.0220059616172371,-0.00684678225467124,0.423696584527064));
#5484=CARTESIAN_POINT('',(-0.0225059615270688,-0.00684678230402278,0.423696584254891));
#5485=CARTESIAN_POINT('',(-0.0225059616172207,-0.00645528821536971,0.423305054441018));
#5486=CARTESIAN_POINT('',(-0.0220059617280368,-0.00625,0.425123353623814));
#5487=CARTESIAN_POINT('',(-0.0225059616610423,-0.00625000000614021,0.425123353980228));
#5488=CARTESIAN_POINT('',(-0.022505961728071,-0.00575000008826146,0.424991236100993));
#5489=CARTESIAN_POINT('',(-0.0220059617280711,-0.00625,0.42585));
#5490=CARTESIAN_POINT('',(-0.0225059616419317,-0.00625,0.42585));
#5491=CARTESIAN_POINT('',(-0.0225059617280711,-0.00575000008613936,0.42585));
#5492=CARTESIAN_POINT('',(-0.0220059599753243,-0.01225,0.42585));
#5493=CARTESIAN_POINT('',(-0.0220059617280711,-0.00625,0.43135));
#5494=CARTESIAN_POINT('',(-0.0225059616419317,-0.00625,0.43135));
#5495=CARTESIAN_POINT('',(-0.0225059617280711,-0.00575000008613936,0.43135));
#5496=CARTESIAN_POINT('',(-0.0220059617280473,-0.00625,0.432076646374326));
#5497=CARTESIAN_POINT('',(-0.0225059616392793,-0.00625000001093471,0.43207664634408));
#5498=CARTESIAN_POINT('',(-0.0225059617280712,-0.00575000009984402,0.432208763897004));
#5499=CARTESIAN_POINT('',(-0.0220059616173335,-0.00684585606574365,0.433501030581972));
#5500=CARTESIAN_POINT('',(-0.0225059615365122,-0.00684585611173274,0.433501030687375));
#5501=CARTESIAN_POINT('',(-0.0225059616173216,-0.00645419362264777,0.433892127051386));
#5502=CARTESIAN_POINT('',(-0.0220059610502395,-0.00899744413713845,0.4343988875445));
#5503=CARTESIAN_POINT('',(-0.022505961040312,-0.0089974444008506,0.434398887607239));
#5504=CARTESIAN_POINT('',(-0.0225059610502453,-0.00899697957101599,0.434953230734423));
#5505=CARTESIAN_POINT('',(-0.0220059602448517,-0.0111532177453288,0.433503415472922));
#5506=CARTESIAN_POINT('',(-0.0225059603648363,-0.0111532179080428,0.43350341507365));
#5507=CARTESIAN_POINT('',(-0.0225059602448404,-0.0115447120543365,0.433894945558889));
#5508=CARTESIAN_POINT('',(-0.022005959975302,-0.01175,0.432076646376233));
#5509=CARTESIAN_POINT('',(-0.0225059601802559,-0.0117500000111354,0.432076646757645));
#5510=CARTESIAN_POINT('',(-0.0225059599753243,-0.0122500001812862,0.432208763899222));
#5511=CARTESIAN_POINT('',(-0.0220059599753243,-0.01175,0.43135));
#5512=CARTESIAN_POINT('',(-0.0225059601588384,-0.01175,0.43135));
#5513=CARTESIAN_POINT('',(-0.0225059599753243,-0.0122500001835141,0.43135));
#5514=CARTESIAN_POINT('',(-0.0220059599753243,-0.01225,0.43135));
#5515=CARTESIAN_POINT('',(-0.0220059599753243,-0.01225,0.43135));
#5516=CARTESIAN_POINT('',(0.0220059599753243,-0.01225,0.42585));
#5517=CARTESIAN_POINT('',(0.0220059599753243,-0.01225,0.42585));
#5518=CARTESIAN_POINT('',(0.0220059599753243,-0.01225,0.43135));
#5519=CARTESIAN_POINT('',(0.0220059599753243,-0.01175,0.43135));
#5520=CARTESIAN_POINT('',(0.0225059601588384,-0.01175,0.43135));
#5521=CARTESIAN_POINT('',(0.0225059599753243,-0.0122500001835141,0.43135));
#5522=CARTESIAN_POINT('',(0.0220059599753034,-0.01175,0.432076646374469));
#5523=CARTESIAN_POINT('',(0.0225059601587036,-0.0117499999882421,0.432076646323648));
#5524=CARTESIAN_POINT('',(0.0225059599753243,-0.0122500001696925,0.432208763897076));
#5525=CARTESIAN_POINT('',(0.0220059602443618,-0.0111541439342562,0.4335010305819));
#5526=CARTESIAN_POINT('',(0.0225059603735671,-0.0111541441072023,0.433501030365597));
#5527=CARTESIAN_POINT('',(0.0225059602443511,-0.0115458066470575,0.433892127051344));
#5528=CARTESIAN_POINT('',(0.0220059610486101,-0.00900255586286167,0.434398887544539));
#5529=CARTESIAN_POINT('',(0.02250596103936,-0.00900255612339821,0.434398887615424));
#5530=CARTESIAN_POINT('',(0.0225059610486163,-0.00900302069863078,0.434953230734462));
#5531=CARTESIAN_POINT('',(0.0220059616172345,-0.00684678225467108,0.43350341547284));
#5532=CARTESIAN_POINT('',(0.0225059615255765,-0.00684678230357929,0.433503415361335));
#5533=CARTESIAN_POINT('',(0.0225059616172206,-0.00645528821529162,0.433894945558775));
#5534=CARTESIAN_POINT('',(0.0220059617280428,-0.00625,0.4320766463764));
#5535=CARTESIAN_POINT('',(0.0225059616642427,-0.00625000000708721,0.432076646847011));
#5536=CARTESIAN_POINT('',(0.0225059617280712,-0.00575000008843043,0.43220876389946));
#5537=CARTESIAN_POINT('',(0.0220059617280711,-0.00625,0.43135));
#5538=CARTESIAN_POINT('',(0.0225059616419319,-0.00625,0.43135));
#5539=CARTESIAN_POINT('',(0.0225059617280711,-0.00575000008613924,0.43135));
#5540=CARTESIAN_POINT('',(0.0220059617280711,-0.00575,0.43135));
#5541=CARTESIAN_POINT('',(0.0220059617280711,-0.00625,0.42585));
#5542=CARTESIAN_POINT('',(0.0225059616419319,-0.00625,0.42585));
#5543=CARTESIAN_POINT('',(0.0225059617280711,-0.00575000008613924,0.42585));
#5544=CARTESIAN_POINT('',(0.0220059617280383,-0.00625,0.425123353625698));
#5545=CARTESIAN_POINT('',(0.0225059616425765,-0.00625000001189909,0.425123353616312));
#5546=CARTESIAN_POINT('',(0.022505961728071,-0.00575000010000218,0.424991236103163));
#5547=CARTESIAN_POINT('',(0.0220059616173372,-0.00684585606574356,0.423698969418019));
#5548=CARTESIAN_POINT('',(0.0225059615349829,-0.00684585611128656,0.423698969300546));
#5549=CARTESIAN_POINT('',(0.0225059616173217,-0.00645419362257503,0.423307872948539));
#5550=CARTESIAN_POINT('',(0.0220059610502401,-0.00899744413713848,0.422801112455495));
#5551=CARTESIAN_POINT('',(0.022505961040718,-0.00899744440096543,0.422801112494452));
#5552=CARTESIAN_POINT('',(0.0225059610502453,-0.0089969795710332,0.42224676926559));
#5553=CARTESIAN_POINT('',(0.0220059602448458,-0.0111532177453289,0.42369658452711));
#5554=CARTESIAN_POINT('',(0.022505960364742,-0.0111532179080302,0.423696584531669));
#5555=CARTESIAN_POINT('',(0.0225059602448404,-0.0115447120543405,0.423305054441138));
#5556=CARTESIAN_POINT('',(0.0220059599753154,-0.01175,0.425123353623695));
#5557=CARTESIAN_POINT('',(0.0225059601802054,-0.011750000011088,0.425123354095482));
#5558=CARTESIAN_POINT('',(0.0225059599753243,-0.0122500001812654,0.424991236100707));
#5559=CARTESIAN_POINT('',(0.0220059599753243,-0.01175,0.42585));
#5560=CARTESIAN_POINT('',(0.0225059601588384,-0.01175,0.42585));
#5561=CARTESIAN_POINT('',(0.0225059599753243,-0.0122500001835141,0.42585));
#5562=CARTESIAN_POINT('',(0.0220059617280711,-0.00575,0.42585));
#5563=CARTESIAN_POINT('',(0.0220059617280711,-0.00575,0.43135));
#5564=CARTESIAN_POINT('',(-0.0220059599753243,0.01175,0.43135));
#5565=CARTESIAN_POINT('',(-0.0225059601588384,0.01175,0.43135));
#5566=CARTESIAN_POINT('',(-0.0225059599753243,0.012250000183514,0.43135));
#5567=CARTESIAN_POINT('',(-0.022005959975369,0.01175,0.432076646374564));
#5568=CARTESIAN_POINT('',(-0.0225059601576459,0.0117499999876437,0.432076646301165));
#5569=CARTESIAN_POINT('',(-0.0225059599753243,0.0122500001697654,0.432208763897171));
#5570=CARTESIAN_POINT('',(-0.0220059602443301,0.0111541439342563,0.433501030581863));
#5571=CARTESIAN_POINT('',(-0.0225059603741665,0.0111541441075121,0.433501030378248));
#5572=CARTESIAN_POINT('',(-0.0225059602443512,0.0115458066470289,0.433892127051312));
#5573=CARTESIAN_POINT('',(-0.0220059610486232,0.00900255586286165,0.434398887544527));
#5574=CARTESIAN_POINT('',(-0.0225059610388491,0.00900255612321136,0.434398887604873));
#5575=CARTESIAN_POINT('',(-0.0225059610486163,0.0090030206986215,0.434953230734432));
#5576=CARTESIAN_POINT('',(-0.0220059616172142,0.0068467822546711,0.433503415472925));
#5577=CARTESIAN_POINT('',(-0.0225059615270209,0.00684678230401687,0.433503415390887));
#5578=CARTESIAN_POINT('',(-0.0225059616172207,0.00645528821535727,0.433894945558927));
#5579=CARTESIAN_POINT('',(-0.0220059617280815,0.00625,0.432076646376209));
#5580=CARTESIAN_POINT('',(-0.022505961661213,0.00625000000619077,0.432076646785089));
#5581=CARTESIAN_POINT('',(-0.022505961728071,0.00575000008828343,0.432208763899126));
#5582=CARTESIAN_POINT('',(-0.0220059617280711,0.00625,0.43135));
#5583=CARTESIAN_POINT('',(-0.0225059616419318,0.00625,0.43135));
#5584=CARTESIAN_POINT('',(-0.0225059617280711,0.00575000008613935,0.43135));
#5585=CARTESIAN_POINT('',(-0.0220059599753243,0.01225,0.43135));
#5586=CARTESIAN_POINT('',(-0.0220059617280711,0.00575,0.43135));
#5587=CARTESIAN_POINT('',(-0.0220059617280711,0.00575,0.43135));
#5588=CARTESIAN_POINT('',(-0.0220059617280711,0.00575,0.42585));
#5589=CARTESIAN_POINT('',(-0.0220059599753243,0.01225,0.42585));
#5590=CARTESIAN_POINT('',(-0.0220059599753243,0.01225,0.42585));
#5591=CARTESIAN_POINT('',(-0.0220059617280711,0.00625,0.42585));
#5592=CARTESIAN_POINT('',(-0.0225059616419318,0.00625,0.42585));
#5593=CARTESIAN_POINT('',(-0.0225059617280711,0.00575000008613935,0.42585));
#5594=CARTESIAN_POINT('',(-0.0220059617280741,0.00625,0.42512335362565));
#5595=CARTESIAN_POINT('',(-0.0225059616397302,0.00625000001103689,0.425123353559345));
#5596=CARTESIAN_POINT('',(-0.0225059617280712,0.00575000009983917,0.424991236102972));
#5597=CARTESIAN_POINT('',(-0.0220059616173191,0.00684585606574379,0.42369896941804));
#5598=CARTESIAN_POINT('',(-0.0225059615363446,0.00684585611170994,0.42369896932782));
#5599=CARTESIAN_POINT('',(-0.0225059616173217,0.00645419362264883,0.423307872948626));
#5600=CARTESIAN_POINT('',(-0.02200596105025,0.00899744413713843,0.422801112455494));
#5601=CARTESIAN_POINT('',(-0.0225059610402227,0.00899744440077748,0.422801112484444));
#5602=CARTESIAN_POINT('',(-0.0225059610502453,0.00899697957101979,0.422246769265571));
#5603=CARTESIAN_POINT('',(-0.0220059602448245,0.0111532177453289,0.423696584527089));
#5604=CARTESIAN_POINT('',(-0.0225059603653612,0.011153217908358,0.423696584544424));
#5605=CARTESIAN_POINT('',(-0.0225059602448405,0.0115447120543204,0.423305054441123));
#5606=CARTESIAN_POINT('',(-0.0220059599753586,0.01175,0.425123353623743));
#5607=CARTESIAN_POINT('',(-0.0225059601790908,0.0117500000104486,0.425123354072392));
#5608=CARTESIAN_POINT('',(-0.0225059599753243,0.0122500001813212,0.424991236100755));
#5609=CARTESIAN_POINT('',(-0.0220059599753243,0.01175,0.42585));
#5610=CARTESIAN_POINT('',(-0.0225059601588384,0.01175,0.42585));
#5611=CARTESIAN_POINT('',(-0.0225059599753243,0.012250000183514,0.42585));
#5612=CARTESIAN_POINT('',(0.0220059599753243,0.01175,0.42585));
#5613=CARTESIAN_POINT('',(0.0225059601588384,0.01175,0.42585));
#5614=CARTESIAN_POINT('',(0.0225059599753243,0.0122500001835141,0.42585));
#5615=CARTESIAN_POINT('',(0.0220059599753169,0.01175,0.42512335362546));
#5616=CARTESIAN_POINT('',(0.0225059601588279,0.0117499999883032,0.425123353673925));
#5617=CARTESIAN_POINT('',(0.0225059599753243,0.0122500001696888,0.424991236102853));
#5618=CARTESIAN_POINT('',(0.0220059602443551,0.0111541439342563,0.423698969418127));
#5619=CARTESIAN_POINT('',(0.0225059603735294,0.01115414410718,0.423698969604133));
#5620=CARTESIAN_POINT('',(0.0225059602443512,0.0115458066470603,0.423307872948674));
#5621=CARTESIAN_POINT('',(0.0220059610486137,0.00900255586286164,0.422801112455476));
#5622=CARTESIAN_POINT('',(0.0225059610393053,0.00900255612338452,0.422801112494158));
#5623=CARTESIAN_POINT('',(0.0225059610486163,0.00900302069862659,0.422246769265583));
#5624=CARTESIAN_POINT('',(0.0220059616172272,0.00684678225467107,0.423696584527074));
#5625=CARTESIAN_POINT('',(0.0225059615258332,0.00684678230365615,0.423696584230606));
#5626=CARTESIAN_POINT('',(0.0225059616172207,0.00645528821530539,0.423305054441028));
#5627=CARTESIAN_POINT('',(0.0220059617280577,0.00625,0.425123353623791));
#5628=CARTESIAN_POINT('',(0.0225059616636801,0.00625000000691709,0.425123354032072));
#5629=CARTESIAN_POINT('',(0.022505961728071,0.00575000008840103,0.424991236100969));
#5630=CARTESIAN_POINT('',(0.0220059617280711,0.00625,0.42585));
#5631=CARTESIAN_POINT('',(0.0225059616419319,0.00625,0.42585));
#5632=CARTESIAN_POINT('',(0.0225059617280711,0.00575000008613926,0.42585));
#5633=CARTESIAN_POINT('',(0.0220059599753243,0.01225,0.42585));
#5634=CARTESIAN_POINT('',(0.0220059617280711,0.00575,0.42585));
#5635=CARTESIAN_POINT('',(0.0220059617280711,0.00575,0.42585));
#5636=CARTESIAN_POINT('',(0.0220059617280711,0.00575,0.43135));
#5637=CARTESIAN_POINT('',(0.0220059599753243,0.01225,0.43135));
#5638=CARTESIAN_POINT('',(0.0220059599753243,0.01225,0.43135));
#5639=CARTESIAN_POINT('',(0.0220059617280711,0.00625,0.43135));
#5640=CARTESIAN_POINT('',(0.0225059616419319,0.00625,0.43135));
#5641=CARTESIAN_POINT('',(0.0225059617280711,0.00575000008613926,0.43135));
#5642=CARTESIAN_POINT('',(0.0220059617280622,0.00625,0.432076646374421));
#5643=CARTESIAN_POINT('',(0.0225059616421889,0.00625000001176478,0.432076646402463));
#5644=CARTESIAN_POINT('',(0.0225059617280712,0.00575000009996422,0.4322087638971));
#5645=CARTESIAN_POINT('',(0.0220059616173259,0.0068458560657437,0.433501030581926));
#5646=CARTESIAN_POINT('',(0.0225059615351507,0.00684585611134196,0.433501030660064));
#5647=CARTESIAN_POINT('',(0.0225059616173216,0.00645419362259272,0.43389212705134));
#5648=CARTESIAN_POINT('',(0.022005961050244,0.00899744413713843,0.43439888754452));
#5649=CARTESIAN_POINT('',(0.0225059610407128,0.00899744440097323,0.434398887615253));
#5650=CARTESIAN_POINT('',(0.0225059610502453,0.0089969795710285,0.434953230734443));
#5651=CARTESIAN_POINT('',(0.0220059602448415,0.0111532177453289,0.433503415472886));
#5652=CARTESIAN_POINT('',(0.0225059603645945,0.0111532179079432,0.433503415068905));
#5653=CARTESIAN_POINT('',(0.0225059602448405,0.0115447120543415,0.433894945558852));
#5654=CARTESIAN_POINT('',(0.0220059599753228,0.01175,0.432076646376305));
#5655=CARTESIAN_POINT('',(0.022505960180553,0.011750000011286,0.432076646763376));
#5656=CARTESIAN_POINT('',(0.0225059599753243,0.0122500001812661,0.432208763899293));
#5657=CARTESIAN_POINT('',(0.0220059599753243,0.01175,0.43135));
#5658=CARTESIAN_POINT('',(0.0225059601588384,0.01175,0.43135));
#5659=CARTESIAN_POINT('',(0.0225059599753243,0.0122500001835141,0.43135));
#5660=CARTESIAN_POINT('',(-0.0220059620651378,-0.00325,0.43135));
#5661=CARTESIAN_POINT('',(-0.0220059620651378,-0.00325,0.43135));
#5662=CARTESIAN_POINT('',(-0.0220059620651378,-0.00325,0.42585));
#5663=CARTESIAN_POINT('',(-0.0220059620651378,-0.00275,0.42585));
#5664=CARTESIAN_POINT('',(-0.0225059621138253,-0.00275,0.42585));
#5665=CARTESIAN_POINT('',(-0.0225059620651378,-0.00325000004868752,0.42585));
#5666=CARTESIAN_POINT('',(-0.0220059620650946,-0.00275,0.425123353625388));
#5667=CARTESIAN_POINT('',(-0.0225059621168696,-0.00274999998869502,0.425123353699423));
#5668=CARTESIAN_POINT('',(-0.0225059620651378,-0.0032500000347162,0.424991236102781));
#5669=CARTESIAN_POINT('',(-0.0220059621442972,-0.0021541439342563,0.42369896941816));
#5670=CARTESIAN_POINT('',(-0.0225059621664367,-0.00215414399771964,0.42369896942725));
#5671=CARTESIAN_POINT('',(-0.0225059621442765,-0.00254580651230181,0.42330787294871));
#5672=CARTESIAN_POINT('',(-0.0220059622628631,-2.55586286159923E-6,0.422801112455467));
#5673=CARTESIAN_POINT('',(-0.0225059622537696,-2.55586126483578E-6,0.422801112500663));
#5674=CARTESIAN_POINT('',(-0.0225059622628709,-3.02056378009919E-6,0.422246769265562));
#5675=CARTESIAN_POINT('',(-0.0220059621444812,0.00215321774532898,0.423696584527077));
#5676=CARTESIAN_POINT('',(-0.0225059621587159,0.00215321780218102,0.423696584380795));
#5677=CARTESIAN_POINT('',(-0.0225059621444707,0.00254471191951041,0.423305054441075));
#5678=CARTESIAN_POINT('',(-0.0220059620651184,0.00275,0.425123353623791));
#5679=CARTESIAN_POINT('',(-0.0225059621351985,0.00275000000213654,0.425123354060339));
#5680=CARTESIAN_POINT('',(-0.0225059620651377,0.00325000004643793,0.424991236100874));
#5681=CARTESIAN_POINT('',(-0.0220059620651378,0.00275,0.42585));
#5682=CARTESIAN_POINT('',(-0.0225059621138252,0.00275,0.42585));
#5683=CARTESIAN_POINT('',(-0.0225059620651378,0.0032500000486874,0.42585));
#5684=CARTESIAN_POINT('',(-0.0220059620651378,0.00325,0.42585));
#5685=CARTESIAN_POINT('',(-0.0220059620651378,0.00275,0.43135));
#5686=CARTESIAN_POINT('',(-0.0225059621138252,0.00275,0.43135));
#5687=CARTESIAN_POINT('',(-0.0225059620651378,0.0032500000486874,0.43135));
#5688=CARTESIAN_POINT('',(-0.0220059620651184,0.00275,0.432076646374373));
#5689=CARTESIAN_POINT('',(-0.0225059621135281,0.00274999998824917,0.432076646356027));
#5690=CARTESIAN_POINT('',(-0.0225059620651379,0.00325000003485724,0.432208763897052));
#5691=CARTESIAN_POINT('',(-0.0220059621442867,0.00215414393425648,0.433501030581947));
#5692=CARTESIAN_POINT('',(-0.0225059621678641,0.00215414399794352,0.433501030514048));
#5693=CARTESIAN_POINT('',(-0.0225059621442765,0.0025458065122315,0.433892127051361));
#5694=CARTESIAN_POINT('',(-0.0220059622628644,2.55586286157007E-6,0.434398887544517));
#5695=CARTESIAN_POINT('',(-0.0225059622537859,2.55586115041023E-6,0.434398887621618));
#5696=CARTESIAN_POINT('',(-0.0225059622628709,3.02056381509591E-6,0.43495323073444));
#5697=CARTESIAN_POINT('',(-0.0220059621444866,-0.00215321774532891,0.433503415472877));
#5698=CARTESIAN_POINT('',(-0.0225059621572232,-0.00215321780194698,0.43350341518878));
#5699=CARTESIAN_POINT('',(-0.0225059621444707,-0.00254471191957995,0.433894945558843));
#5700=CARTESIAN_POINT('',(-0.022005962065105,-0.00275,0.432076646376329));
#5701=CARTESIAN_POINT('',(-0.0225059621386706,-0.00275000000260635,0.432076646862464));
#5702=CARTESIAN_POINT('',(-0.0225059620651378,-0.00325000004629895,0.432208763899317));
#5703=CARTESIAN_POINT('',(-0.0220059620651378,-0.00275,0.43135));
#5704=CARTESIAN_POINT('',(-0.0225059621138253,-0.00275,0.43135));
#5705=CARTESIAN_POINT('',(-0.0225059620651378,-0.00325000004868752,0.43135));
#5706=CARTESIAN_POINT('',(-0.0220059620651378,0.00325,0.43135));
#5707=CARTESIAN_POINT('',(-0.0220059620651378,0.00325,0.42585));
#5708=CARTESIAN_POINT('',(0.0220059620651378,0.00325,0.43135));
#5709=CARTESIAN_POINT('',(0.0220059620651377,0.00325,0.42585));
#5710=CARTESIAN_POINT('',(0.0220059620651378,0.00325,0.43135));
#5711=CARTESIAN_POINT('',(0.0220059620651378,-0.00275,0.43135));
#5712=CARTESIAN_POINT('',(0.0225059621138252,-0.00275,0.43135));
#5713=CARTESIAN_POINT('',(0.0225059620651378,-0.00325000004868741,0.43135));
#5714=CARTESIAN_POINT('',(0.0220059620651035,-0.00275,0.432076646374826));
#5715=CARTESIAN_POINT('',(0.0225059621138969,-0.00274999998832871,0.432076646364151));
#5716=CARTESIAN_POINT('',(0.0225059620651378,-0.00325000003486972,0.432208763897529));
#5717=CARTESIAN_POINT('',(0.0220059621442936,-0.0021541439342563,0.433501030581734));
#5718=CARTESIAN_POINT('',(0.0225059621678035,-0.00215414399789168,0.433501030512492));
#5719=CARTESIAN_POINT('',(0.0225059621442765,-0.00254580651223014,0.433892127051134));
#5720=CARTESIAN_POINT('',(0.0220059622628623,-2.55586286163128E-6,0.434398887544584));
#5721=CARTESIAN_POINT('',(0.0225059622534448,-2.55586121221251E-6,0.434398887614881));
#5722=CARTESIAN_POINT('',(0.0225059622628709,-3.02056380087802E-6,0.434953230734518));
#5723=CARTESIAN_POINT('',(0.0220059621444878,0.00215321774532895,0.433503415472827));
#5724=CARTESIAN_POINT('',(0.022505962158648,0.00215321780214229,0.433503415217287));
#5725=CARTESIAN_POINT('',(0.0225059621444706,0.00254471191952168,0.433894945558759));
#5726=CARTESIAN_POINT('',(0.0220059620651035,0.00275,0.4320766463764));
#5727=CARTESIAN_POINT('',(0.0225059621355735,0.00275000000219184,0.432076646800441));
#5728=CARTESIAN_POINT('',(0.0225059620651379,0.00325000004642547,0.43220876389946));
#5729=CARTESIAN_POINT('',(0.0220059620651378,0.00275,0.43135));
#5730=CARTESIAN_POINT('',(0.0225059621138252,0.00275,0.43135));
#5731=CARTESIAN_POINT('',(0.0225059620651378,0.00325000004868742,0.43135));
#5732=CARTESIAN_POINT('',(0.0220059620651378,-0.00325,0.43135));
#5733=CARTESIAN_POINT('',(0.0220059620651377,0.00275,0.42585));
#5734=CARTESIAN_POINT('',(0.0225059621138252,0.00275,0.42585));
#5735=CARTESIAN_POINT('',(0.0225059620651377,0.00325000004868742,0.42585));
#5736=CARTESIAN_POINT('',(0.0220059620651705,0.00275,0.425123353625722));
#5737=CARTESIAN_POINT('',(0.0225059621140042,0.00274999998832278,0.425123353641546));
#5738=CARTESIAN_POINT('',(0.0225059620651377,0.00325000003485762,0.424991236103187));
#5739=CARTESIAN_POINT('',(0.0220059621442628,0.00215414393425621,0.423698969418009));
#5740=CARTESIAN_POINT('',(0.0225059621677584,0.00215414399789401,0.423698969453939));
#5741=CARTESIAN_POINT('',(0.0225059621442766,0.00254580651223607,0.423307872948528));
#5742=CARTESIAN_POINT('',(0.0220059622628696,2.55586286162454E-6,0.422801112455497));
#5743=CARTESIAN_POINT('',(0.0225059622534422,2.55586121265704E-6,0.422801112494069));
#5744=CARTESIAN_POINT('',(0.0225059622628709,3.02056379808488E-6,0.422246769265592));
#5745=CARTESIAN_POINT('',(0.0220059621444895,-0.00215321774532895,0.423696584527109));
#5746=CARTESIAN_POINT('',(0.0225059621587038,-0.00215321780214632,0.423696584380483));
#5747=CARTESIAN_POINT('',(0.0225059621444706,-0.00254471191951657,0.423305054441138));
#5748=CARTESIAN_POINT('',(0.0220059620650946,-0.00275,0.425123353623695));
#5749=CARTESIAN_POINT('',(0.022505962135445,-0.00275000000218275,0.425123354065463));
#5750=CARTESIAN_POINT('',(0.0225059620651378,-0.00325000004643552,0.424991236100707));
#5751=CARTESIAN_POINT('',(0.0220059620651378,-0.00275,0.42585));
#5752=CARTESIAN_POINT('',(0.0225059621138252,-0.00275,0.42585));
#5753=CARTESIAN_POINT('',(0.0225059620651378,-0.00325000004868741,0.42585));
#5754=CARTESIAN_POINT('',(0.0220059620651378,-0.00325,0.42585));
#5755=CARTESIAN_POINT('',(0.0220059620651378,-0.00325,0.42585));
#5756=CARTESIAN_POINT('',(0.01225,-0.0220059599753243,0.43135));
#5757=CARTESIAN_POINT('',(0.01225,-0.0220059599753243,0.42585));
#5758=CARTESIAN_POINT('',(0.01225,-0.0220059599753243,0.43135));
#5759=CARTESIAN_POINT('',(0.00625,-0.0220059617280711,0.43135));
#5760=CARTESIAN_POINT('',(0.00625,-0.0225059616419318,0.43135));
#5761=CARTESIAN_POINT('',(0.00575000008613926,-0.0225059617280711,0.43135));
#5762=CARTESIAN_POINT('',(0.00625,-0.0220059617280637,0.432076646374612));
#5763=CARTESIAN_POINT('',(0.0062500000117474,-0.0225059616421172,0.432076646400879));
#5764=CARTESIAN_POINT('',(0.00575000009996496,-0.022505961728071,0.432208763897147));
#5765=CARTESIAN_POINT('',(0.00684585606574366,-0.0220059616173251,0.43350103058184));
#5766=CARTESIAN_POINT('',(0.00684585611136657,-0.0225059615352133,0.433501030661402));
#5767=CARTESIAN_POINT('',(0.00645419362259131,-0.0225059616173217,0.433892127051332));
#5768=CARTESIAN_POINT('',(0.00899744413713844,-0.0220059610502444,0.434398887544533));
#5769=CARTESIAN_POINT('',(0.00899744440091322,-0.0225059610406014,0.434398887612944));
#5770=CARTESIAN_POINT('',(0.00899697957103231,-0.0225059610502453,0.434953230734399));
#5771=CARTESIAN_POINT('',(0.0111532177453289,-0.0220059602448407,0.433503415472923));
#5772=CARTESIAN_POINT('',(0.0111532179081586,-0.0225059603649776,0.433503415076802));
#5773=CARTESIAN_POINT('',(0.0115447120543277,-0.0225059602448406,0.433894945559038));
#5774=CARTESIAN_POINT('',(0.01175,-0.0220059599753243,0.432076646376209));
#5775=CARTESIAN_POINT('',(0.0117500000108236,-0.0225059601797334,0.432076646746488));
#5776=CARTESIAN_POINT('',(0.0122500001812959,-0.022505959975324,0.432208763898888));
#5777=CARTESIAN_POINT('',(0.01175,-0.0220059599753243,0.43135));
#5778=CARTESIAN_POINT('',(0.01175,-0.0225059601588384,0.43135));
#5779=CARTESIAN_POINT('',(0.0122500001835141,-0.0225059599753243,0.43135));
#5780=CARTESIAN_POINT('',(0.00575,-0.0220059617280711,0.43135));
#5781=CARTESIAN_POINT('',(0.01175,-0.0220059599753243,0.42585));
#5782=CARTESIAN_POINT('',(0.01175,-0.0225059601588384,0.42585));
#5783=CARTESIAN_POINT('',(0.0122500001835141,-0.0225059599753243,0.42585));
#5784=CARTESIAN_POINT('',(0.01175,-0.0220059599753243,0.425123353625364));
#5785=CARTESIAN_POINT('',(0.011749999987807,-0.0225059601579409,0.425123353655857));
#5786=CARTESIAN_POINT('',(0.0122500001697185,-0.0225059599753245,0.424991236102615));
#5787=CARTESIAN_POINT('',(0.0111541439342563,-0.0220059602443518,0.42369896941818));
#5788=CARTESIAN_POINT('',(0.0111541441074095,-0.0225059603739354,0.423698969612419));
#5789=CARTESIAN_POINT('',(0.0115458066470471,-0.0225059602443511,0.423307872948802));
#5790=CARTESIAN_POINT('',(0.00900255586286161,-0.0220059610486143,0.422801112455432));
#5791=CARTESIAN_POINT('',(0.00900255612332593,-0.0225059610392149,0.422801112492262));
#5792=CARTESIAN_POINT('',(0.0090030206986283,-0.0225059610486163,0.422246769265491));
#5793=CARTESIAN_POINT('',(0.00684678225467116,-0.0220059616172283,0.423696584527199));
#5794=CARTESIAN_POINT('',(0.00684678230366093,-0.0225059615257887,0.423696584229906));
#5795=CARTESIAN_POINT('',(0.0064552882153118,-0.0225059616172206,0.423305054441269));
#5796=CARTESIAN_POINT('',(0.00625,-0.0220059617280547,0.425123353623528));
#5797=CARTESIAN_POINT('',(0.006250000006945,-0.0225059616638445,0.425123354034971));
#5798=CARTESIAN_POINT('',(0.00575000008838501,-0.0225059617280712,0.424991236100469));
#5799=CARTESIAN_POINT('',(0.00625,-0.0220059617280711,0.42585));
#5800=CARTESIAN_POINT('',(0.00625,-0.0225059616419318,0.42585));
#5801=CARTESIAN_POINT('',(0.00575000008613926,-0.0225059617280711,0.42585));
#5802=CARTESIAN_POINT('',(0.00575,-0.0220059617280711,0.42585));
#5803=CARTESIAN_POINT('',(0.00575,-0.0220059617280711,0.42585));
#5804=CARTESIAN_POINT('',(0.00575,0.0220059617320216,0.43135));
#5805=CARTESIAN_POINT('',(0.00575,0.0220059617320216,0.43135));
#5806=CARTESIAN_POINT('',(0.00575,0.0220059617320216,0.42585));
#5807=CARTESIAN_POINT('',(0.00625,0.0220059617320216,0.42585));
#5808=CARTESIAN_POINT('',(0.00625,0.0225059616456307,0.42585));
#5809=CARTESIAN_POINT('',(0.00575000008639095,0.0225059617320216,0.42585));
#5810=CARTESIAN_POINT('',(0.00625,0.0220059617319814,0.425123353625388));
#5811=CARTESIAN_POINT('',(0.00625000001032005,0.0225059616409115,0.425123353509808));
#5812=CARTESIAN_POINT('',(0.00575000009997866,0.0225059617320217,0.424991236102615));
#5813=CARTESIAN_POINT('',(0.00684585606574361,0.0220059616209567,0.423698969418167));
#5814=CARTESIAN_POINT('',(0.00684585611215614,0.0225059615407214,0.423698969346867));
#5815=CARTESIAN_POINT('',(0.00645419362298653,0.0225059616209384,0.423307872948802));
#5816=CARTESIAN_POINT('',(0.0089974441371385,0.0220059610523517,0.422801112455443));
#5817=CARTESIAN_POINT('',(0.00899744440159827,0.022505961042664,0.422801112490956));
#5818=CARTESIAN_POINT('',(0.00899697957127157,0.0225059610523553,0.422246769265491));
#5819=CARTESIAN_POINT('',(0.0111532177453289,0.0220059602456179,0.423696584527165));
#5820=CARTESIAN_POINT('',(0.0111532179072293,0.0225059603640563,0.423696584499299));
#5821=CARTESIAN_POINT('',(0.0115447120546732,0.0225059602456219,0.423305054441269));
#5822=CARTESIAN_POINT('',(0.01175,0.0220059599758884,0.4251233536236));
#5823=CARTESIAN_POINT('',(0.0117500000132211,0.0225059601849303,0.425123354173923));
#5824=CARTESIAN_POINT('',(0.0122500001812354,0.0225059599758767,0.424991236100469));
#5825=CARTESIAN_POINT('',(0.01175,0.0220059599758765,0.42585));
#5826=CARTESIAN_POINT('',(0.01175,0.0225059601595752,0.42585));
#5827=CARTESIAN_POINT('',(0.0122500001836987,0.0225059599758765,0.42585));
#5828=CARTESIAN_POINT('',(0.01225,0.0220059599758765,0.42585));
#5829=CARTESIAN_POINT('',(0.01175,0.0220059599758765,0.43135));
#5830=CARTESIAN_POINT('',(0.01175,0.0225059601595752,0.43135));
#5831=CARTESIAN_POINT('',(0.0122500001836987,0.0225059599758765,0.43135));
#5832=CARTESIAN_POINT('',(0.01175,0.0220059599758914,0.432076646374445));
#5833=CARTESIAN_POINT('',(0.0117499999903236,0.0225059601632768,0.432076646399795));
#5834=CARTESIAN_POINT('',(0.0122500001697087,0.0225059599758766,0.432208763897123));
#5835=CARTESIAN_POINT('',(0.0111541439342564,0.0220059602451266,0.43350103058191));
#5836=CARTESIAN_POINT('',(0.0111541441064232,0.0225059603729466,0.433501030333737));
#5837=CARTESIAN_POINT('',(0.0115458066473684,0.0225059602451324,0.433892127051326));
#5838=CARTESIAN_POINT('',(0.0090025558628616,0.0220059610507211,0.434398887544538));
#5839=CARTESIAN_POINT('',(0.00900255612402907,0.0225059610413008,0.434398887611848));
#5840=CARTESIAN_POINT('',(0.00900302069887562,0.0225059610507227,0.434953230734455));
#5841=CARTESIAN_POINT('',(0.00684678225467119,0.0220059616208495,0.43350341547283));
#5842=CARTESIAN_POINT('',(0.00684678230443462,0.022505961531258,0.433503415407526));
#5843=CARTESIAN_POINT('',(0.00645528821569848,0.0225059616208369,0.433894945558818));
#5844=CARTESIAN_POINT('',(0.00625,0.0220059617319933,0.432076646376424));
#5845=CARTESIAN_POINT('',(0.00625000000554504,0.0225059616627104,0.432076646742366));
#5846=CARTESIAN_POINT('',(0.00575000008841361,0.0225059617320215,0.432208763899365));
#5847=CARTESIAN_POINT('',(0.00625,0.0220059617320216,0.43135));
#5848=CARTESIAN_POINT('',(0.00625,0.0225059616456307,0.43135));
#5849=CARTESIAN_POINT('',(0.00575000008639095,0.0225059617320216,0.43135));
#5850=CARTESIAN_POINT('',(0.01225,0.0220059599758765,0.43135));
#5851=CARTESIAN_POINT('',(0.01225,0.0220059599758765,0.42585));
#5852=CARTESIAN_POINT('',(-0.00625,-0.0220059617280711,0.42585));
#5853=CARTESIAN_POINT('',(-0.00625,-0.0225059616419319,0.42585));
#5854=CARTESIAN_POINT('',(-0.00575000008613924,-0.0225059617280711,0.42585));
#5855=CARTESIAN_POINT('',(-0.00625,-0.0220059617280443,0.425123353625722));
#5856=CARTESIAN_POINT('',(-0.00625000001196124,-0.0225059616428167,0.425123353621065));
#5857=CARTESIAN_POINT('',(-0.00575000010000181,-0.0225059617280711,0.424991236103115));
#5858=CARTESIAN_POINT('',(-0.00684585606574384,-0.0220059616173344,0.423698969418012));
#5859=CARTESIAN_POINT('',(-0.00684585611125606,-0.0225059615348671,0.423698969298248));
#5860=CARTESIAN_POINT('',(-0.00645419362257618,-0.0225059616173217,0.423307872948565));
#5861=CARTESIAN_POINT('',(-0.0089974441371384,-0.022005961050241,0.422801112455485));
#5862=CARTESIAN_POINT('',(-0.00899744440097945,-0.0225059610407644,0.422801112495366));
#5863=CARTESIAN_POINT('',(-0.00899697957103004,-0.0225059610502453,0.422246769265571));
#5864=CARTESIAN_POINT('',(-0.0111532177453289,-0.0220059602448449,0.423696584527154));
#5865=CARTESIAN_POINT('',(-0.0111532179080042,-0.022505960364672,0.42369658453031));
#5866=CARTESIAN_POINT('',(-0.011544712054352,-0.0225059602448404,0.423305054441185));
#5867=CARTESIAN_POINT('',(-0.01175,-0.0220059599753169,0.4251233536236));
#5868=CARTESIAN_POINT('',(-0.0117500000111396,-0.0225059601803381,0.425123354098044));
#5869=CARTESIAN_POINT('',(-0.0122500001812408,-0.0225059599753243,0.424991236100612));
#5870=CARTESIAN_POINT('',(-0.01175,-0.0220059599753243,0.42585));
#5871=CARTESIAN_POINT('',(-0.01175,-0.0225059601588384,0.42585));
#5872=CARTESIAN_POINT('',(-0.0122500001835141,-0.0225059599753243,0.42585));
#5873=CARTESIAN_POINT('',(-0.01225,-0.0220059599753243,0.42585));
#5874=CARTESIAN_POINT('',(-0.00575,-0.0220059617280711,0.42585));
#5875=CARTESIAN_POINT('',(-0.00575,-0.0220059617280711,0.43135));
#5876=CARTESIAN_POINT('',(-0.00575,-0.0220059617280711,0.43135));
#5877=CARTESIAN_POINT('',(-0.01225,-0.0220059599753243,0.42585));
#5878=CARTESIAN_POINT('',(-0.01225,-0.0220059599753243,0.43135));
#5879=CARTESIAN_POINT('',(-0.01175,-0.0220059599753243,0.43135));
#5880=CARTESIAN_POINT('',(-0.01175,-0.0225059601588384,0.43135));
#5881=CARTESIAN_POINT('',(-0.0122500001835141,-0.0225059599753243,0.43135));
#5882=CARTESIAN_POINT('',(-0.01175,-0.0220059599753034,0.432076646374493));
#5883=CARTESIAN_POINT('',(-0.0117499999884475,-0.0225059601590554,0.432076646330761));
#5884=CARTESIAN_POINT('',(-0.0122500001696888,-0.0225059599753243,0.4322087638971));
#5885=CARTESIAN_POINT('',(-0.0111541439342562,-0.0220059602443621,0.433501030581894));
#5886=CARTESIAN_POINT('',(-0.0111541441071049,-0.0225059603733949,0.433501030362122));
#5887=CARTESIAN_POINT('',(-0.0115458066470595,-0.0225059602443511,0.433892127051341));
#5888=CARTESIAN_POINT('',(-0.00900255586286167,-0.0220059610486094,0.434398887544524));
#5889=CARTESIAN_POINT('',(-0.00900255612343093,-0.0225059610394348,0.43439888761692));
#5890=CARTESIAN_POINT('',(-0.00900302069862926,-0.0225059610486163,0.434953230734438));
#5891=CARTESIAN_POINT('',(-0.00684678225467104,-0.0220059616172373,0.433503415472906));
#5892=CARTESIAN_POINT('',(-0.00684678230354597,-0.0225059615254493,0.433503415358827));
#5893=CARTESIAN_POINT('',(-0.00645528821529558,-0.0225059616172206,0.433894945558875));
#5894=CARTESIAN_POINT('',(-0.00625,-0.0220059617280368,0.432076646376257));
#5895=CARTESIAN_POINT('',(-0.00625000000714304,-0.0225059616644892,0.432076646851865));
#5896=CARTESIAN_POINT('',(-0.00575000008842223,-0.0225059617280711,0.432208763899245));
#5897=CARTESIAN_POINT('',(-0.00625,-0.0220059617280711,0.43135));
#5898=CARTESIAN_POINT('',(-0.00625,-0.0225059616419319,0.43135));
#5899=CARTESIAN_POINT('',(-0.00575000008613924,-0.0225059617280711,0.43135));
#5900=CARTESIAN_POINT('',(-0.00625,0.0220059617320074,0.43135));
#5901=CARTESIAN_POINT('',(-0.00625,0.0225059616456189,0.43135));
#5902=CARTESIAN_POINT('',(-0.00575000008638843,0.0225059617320073,0.43135));
#5903=CARTESIAN_POINT('',(-0.00625,0.0220059617320476,0.432076646374564));
#5904=CARTESIAN_POINT('',(-0.00625000001178638,0.0225059616459455,0.432076646402923));
#5905=CARTESIAN_POINT('',(-0.00575000010023126,0.0225059617320073,0.432208763897171));
#5906=CARTESIAN_POINT('',(-0.00684585606574372,0.0220059616209065,0.43350103058186));
#5907=CARTESIAN_POINT('',(-0.00684585611152676,0.0225059615384804,0.433501030659771));
#5908=CARTESIAN_POINT('',(-0.00645419362285436,0.0225059616209267,0.433892127051307));
#5909=CARTESIAN_POINT('',(-0.00899744413713837,0.0220059610523823,0.434398887544536));
#5910=CARTESIAN_POINT('',(-0.00899744440157881,0.0225059610429293,0.434398887616697));
#5911=CARTESIAN_POINT('',(-0.00899697957132921,0.0225059610523719,0.434953230734449));
#5912=CARTESIAN_POINT('',(-0.011153217745329,0.0220059602455965,0.433503415472892));
#5913=CARTESIAN_POINT('',(-0.0111532179079336,0.0225059603652866,0.433503415063447));
#5914=CARTESIAN_POINT('',(-0.0115447120545774,0.0225059602456179,0.433894945558861));
#5915=CARTESIAN_POINT('',(-0.01175,0.0220059599759177,0.432076646376281));
#5916=CARTESIAN_POINT('',(-0.0117500000115978,0.0225059601818863,0.432076646774567));
#5917=CARTESIAN_POINT('',(-0.0122500001814271,0.0225059599758744,0.432208763899269));
#5918=CARTESIAN_POINT('',(-0.01175,0.0220059599758745,0.43135));
#5919=CARTESIAN_POINT('',(-0.01175,0.0225059601595734,0.43135));
#5920=CARTESIAN_POINT('',(-0.0122500001836989,0.0225059599758744,0.43135));
#5921=CARTESIAN_POINT('',(-0.01225,0.0220059599758744,0.43135));
#5922=CARTESIAN_POINT('',(-0.00575,0.0220059617320074,0.43135));
#5923=CARTESIAN_POINT('',(-0.00575,0.0220059617320074,0.42585));
#5924=CARTESIAN_POINT('',(-0.00575,0.0220059617320074,0.42585));
#5925=CARTESIAN_POINT('',(-0.01225,0.0220059599758744,0.43135));
#5926=CARTESIAN_POINT('',(-0.01225,0.0220059599758744,0.42585));
#5927=CARTESIAN_POINT('',(-0.01175,0.0220059599758744,0.42585));
#5928=CARTESIAN_POINT('',(-0.01175,0.0225059601595734,0.42585));
#5929=CARTESIAN_POINT('',(-0.0122500001836989,0.0225059599758744,0.42585));
#5930=CARTESIAN_POINT('',(-0.01175,0.0220059599759177,0.425123353625627));
#5931=CARTESIAN_POINT('',(-0.0117499999886487,0.0225059601602097,0.425123353686195));
#5932=CARTESIAN_POINT('',(-0.0122500001698565,0.0225059599758744,0.42499123610302));
#5933=CARTESIAN_POINT('',(-0.0111541439342565,0.0220059602451072,0.423698969418057));
#5934=CARTESIAN_POINT('',(-0.0111541441071537,0.0225059603741989,0.423698969598682));
#5935=CARTESIAN_POINT('',(-0.0115458066472928,0.0225059602451283,0.42330787294861));
#5936=CARTESIAN_POINT('',(-0.00900255586286124,0.0220059610507487,0.422801112455471));
#5937=CARTESIAN_POINT('',(-0.00900255612399539,0.0225059610415248,0.422801112495707));
#5938=CARTESIAN_POINT('',(-0.00900302069892865,0.0225059610507394,0.422246769265554));
#5939=CARTESIAN_POINT('',(-0.00684678225467123,0.0220059616208091,0.423696584527168));
#5940=CARTESIAN_POINT('',(-0.00684678230383533,0.0225059615291607,0.423696584229841));
#5941=CARTESIAN_POINT('',(-0.00645528821556335,0.0225059616208252,0.42330505444121));
#5942=CARTESIAN_POINT('',(-0.00625,0.0220059617320386,0.425123353623576));
#5943=CARTESIAN_POINT('',(-0.00625000000695026,0.0225059616674367,0.425123354032085));
#5944=CARTESIAN_POINT('',(-0.00575000008867589,0.0225059617320073,0.424991236100564));
#5945=CARTESIAN_POINT('',(-0.00625,0.0220059617320074,0.42585));
#5946=CARTESIAN_POINT('',(-0.00625,0.0225059616456189,0.42585));
#5947=CARTESIAN_POINT('',(-0.00575000008638843,0.0225059617320073,0.42585));
#5948=CARTESIAN_POINT('',(-0.00325,-0.0220059620651378,0.42585));
#5949=CARTESIAN_POINT('',(-0.00325,-0.0220059620651378,0.42585));
#5950=CARTESIAN_POINT('',(-0.00325,-0.0220059620651378,0.43135));
#5951=CARTESIAN_POINT('',(-0.00275,-0.0220059620651378,0.43135));
#5952=CARTESIAN_POINT('',(-0.00275,-0.0225059621138252,0.43135));
#5953=CARTESIAN_POINT('',(-0.00325000004868744,-0.0225059620651378,0.43135));
#5954=CARTESIAN_POINT('',(-0.00275,-0.0220059620650827,0.43207664637435));
#5955=CARTESIAN_POINT('',(-0.00274999998839494,-0.0225059621145247,0.432076646376455));
#5956=CARTESIAN_POINT('',(-0.00325000003482543,-0.0225059620651381,0.432208763897171));
#5957=CARTESIAN_POINT('',(-0.00215414393425642,-0.0220059621443034,0.433501030581955));
#5958=CARTESIAN_POINT('',(-0.00215414399786589,-0.0225059621674792,0.433501030506122));
#5959=CARTESIAN_POINT('',(-0.00254580651224995,-0.0225059621442764,0.4338921270513));
#5960=CARTESIAN_POINT('',(-2.55586286157821E-6,-0.0220059622628593,0.434398887544524));
#5961=CARTESIAN_POINT('',(-2.55586120336398E-6,-0.0225059622536382,0.43439888761872));
#5962=CARTESIAN_POINT('',(-3.02056379817876E-6,-0.0225059622628709,0.434953230734473));
#5963=CARTESIAN_POINT('',(0.00215321774532888,-0.0220059621444899,0.433503415472844));
#5964=CARTESIAN_POINT('',(0.00215321780208112,-0.022505962158199,0.433503415208302));
#5965=CARTESIAN_POINT('',(0.00254471191953071,-0.0225059621444706,0.433894945558772));
#5966=CARTESIAN_POINT('',(0.00275,-0.0220059620651006,0.4320766463764));
#5967=CARTESIAN_POINT('',(0.00275000000232865,-0.0225059621364921,0.432076646818845));
#5968=CARTESIAN_POINT('',(0.00325000004640259,-0.0225059620651379,0.43220876389946));
#5969=CARTESIAN_POINT('',(0.00275,-0.0220059620651378,0.43135));
#5970=CARTESIAN_POINT('',(0.00275,-0.0225059621138252,0.43135));
#5971=CARTESIAN_POINT('',(0.00325000004868744,-0.0225059620651378,0.43135));
#5972=CARTESIAN_POINT('',(0.00325,-0.0220059620651378,0.43135));
#5973=CARTESIAN_POINT('',(0.00275,-0.0220059620651378,0.42585));
#5974=CARTESIAN_POINT('',(0.00275,-0.0225059621138252,0.42585));
#5975=CARTESIAN_POINT('',(0.00325000004868744,-0.0225059620651378,0.42585));
#5976=CARTESIAN_POINT('',(0.00275,-0.0220059620651006,0.425123353625436));
#5977=CARTESIAN_POINT('',(0.00274999998839204,-0.0225059621146153,0.425123353654692));
#5978=CARTESIAN_POINT('',(0.00325000003480849,-0.0225059620651377,0.424991236102805));
#5979=CARTESIAN_POINT('',(0.00215414393425646,-0.0220059621442952,0.423698969418131));
#5980=CARTESIAN_POINT('',(0.0021541439978656,-0.0225059621674478,0.423698969447283));
#5981=CARTESIAN_POINT('',(0.00254580651225787,-0.0225059621442766,0.423307872948684));
#5982=CARTESIAN_POINT('',(2.55586286153916E-6,-0.0220059622628612,0.422801112455497));
#5983=CARTESIAN_POINT('',(2.55586120889027E-6,-0.022505962253612,0.422801112497642));
#5984=CARTESIAN_POINT('',(3.0205637958803E-6,-0.0225059622628708,0.422246769265619));
#5985=CARTESIAN_POINT('',(-0.00215321774532885,-0.0220059621444906,0.423696584526986));
#5986=CARTESIAN_POINT('',(-0.00215321780210334,-0.0225059621583348,0.423696584372846));
#5987=CARTESIAN_POINT('',(-0.00254471191952954,-0.0225059621444708,0.423305054440875));
#5988=CARTESIAN_POINT('',(-0.00275,-0.0220059620650976,0.425123353623981));
#5989=CARTESIAN_POINT('',(-0.00275000000228033,-0.0225059621361929,0.425123354080901));
#5990=CARTESIAN_POINT('',(-0.0032500000464037,-0.0225059620651375,0.424991236101303));
#5991=CARTESIAN_POINT('',(-0.00275,-0.0220059620651378,0.42585));
#5992=CARTESIAN_POINT('',(-0.00275,-0.0225059621138252,0.42585));
#5993=CARTESIAN_POINT('',(-0.00325000004868744,-0.0225059620651378,0.42585));
#5994=CARTESIAN_POINT('',(0.00325,-0.0220059620651378,0.42585));
#5995=CARTESIAN_POINT('',(0.00325,-0.0220059620651378,0.43135));
#5996=CARTESIAN_POINT('',(0.00325,0.02200596207014,0.42585));
#5997=CARTESIAN_POINT('',(0.00325,0.02200596207014,0.43135));
#5998=CARTESIAN_POINT('',(0.00325,0.02200596207014,0.42585));
#5999=CARTESIAN_POINT('',(-0.00275,0.0220059620701239,0.42585));
#6000=CARTESIAN_POINT('',(-0.00275,0.0225059621189743,0.42585));
#6001=CARTESIAN_POINT('',(-0.00325000004885047,0.0225059620701238,0.42585));
#6002=CARTESIAN_POINT('',(-0.00275,0.0220059620701685,0.425123353625722));
#6003=CARTESIAN_POINT('',(-0.00274999998807194,0.022505962117173,0.425123353602157));
#6004=CARTESIAN_POINT('',(-0.0032500000351175,0.0225059620701238,0.424991236103187));
#6005=CARTESIAN_POINT('',(-0.00215414393425633,0.0220059621495034,0.423698969418006));
#6006=CARTESIAN_POINT('',(-0.00215414399822368,0.0225059621739265,0.423698969470698));
#6007=CARTESIAN_POINT('',(-0.00254580651232361,0.0225059621495248,0.423307872948524));
#6008=CARTESIAN_POINT('',(-2.55586286157996E-6,0.0220059622685722,0.422801112455506));
#6009=CARTESIAN_POINT('',(-2.55586114580792E-6,0.0225059622591543,0.422801112495137));
#6010=CARTESIAN_POINT('',(-3.02056382638275E-6,0.0225059622685645,0.422246769265607));
#6011=CARTESIAN_POINT('',(0.00215321774532887,0.0220059621497305,0.423696584527076));
#6012=CARTESIAN_POINT('',(0.00215321780219082,0.0225059621629791,0.42369658435961));
#6013=CARTESIAN_POINT('',(0.00254471191970195,0.0225059621497398,0.423305054441082));
#6014=CARTESIAN_POINT('',(0.00275,0.0220059620701564,0.425123353623767));
#6015=CARTESIAN_POINT('',(0.00275000000250627,0.0225059621430924,0.425123354113884));
#6016=CARTESIAN_POINT('',(0.00325000004650079,0.0225059620701399,0.424991236100826));
#6017=CARTESIAN_POINT('',(0.00275,0.02200596207014,0.42585));
#6018=CARTESIAN_POINT('',(0.00275,0.0225059621189908,0.42585));
#6019=CARTESIAN_POINT('',(0.00325000004885082,0.02250596207014,0.42585));
#6020=CARTESIAN_POINT('',(-0.00325,0.0220059620701239,0.42585));
#6021=CARTESIAN_POINT('',(0.00275,0.02200596207014,0.43135));
#6022=CARTESIAN_POINT('',(0.00275,0.0225059621189908,0.43135));
#6023=CARTESIAN_POINT('',(0.00325000004885082,0.02250596207014,0.43135));
#6024=CARTESIAN_POINT('',(0.00275,0.0220059620701609,0.432076646374516));
#6025=CARTESIAN_POINT('',(0.00274999998864406,0.0225059621214895,0.432076646411259));
#6026=CARTESIAN_POINT('',(0.00325000003493685,0.0225059620701401,0.432208763897195));
#6027=CARTESIAN_POINT('',(0.00215414393425628,0.0220059621495334,0.433501030581868));
#6028=CARTESIAN_POINT('',(0.00215414399793921,0.0225059621721038,0.43350103049189));
#6029=CARTESIAN_POINT('',(0.00254580651241464,0.0225059621495449,0.433892127051278));
#6030=CARTESIAN_POINT('',(2.55586286162489E-6,0.0220059622685735,0.43439888754458));
#6031=CARTESIAN_POINT('',(2.55586128012691E-6,0.0225059622591501,0.43439888761568));
#6032=CARTESIAN_POINT('',(3.0205637734098E-6,0.0225059622685646,0.434953230734515));
#6033=CARTESIAN_POINT('',(-0.00215321774532889,0.0220059621496953,0.433503415472705));
#6034=CARTESIAN_POINT('',(-0.00215321780247791,0.0225059621648186,0.433503415234535));
#6035=CARTESIAN_POINT('',(-0.00254471191961009,0.0225059621497196,0.433894945558627));
#6036=CARTESIAN_POINT('',(-0.00275,0.0220059620701745,0.432076646376686));
#6037=CARTESIAN_POINT('',(-0.0027500000019281,0.0225059621387422,0.432076646759232));
#6038=CARTESIAN_POINT('',(-0.00325000004668349,0.0225059620701239,0.43220876389977));
#6039=CARTESIAN_POINT('',(-0.00275,0.0220059620701239,0.43135));
#6040=CARTESIAN_POINT('',(-0.00275,0.0225059621189743,0.43135));
#6041=CARTESIAN_POINT('',(-0.00325000004885047,0.0225059620701238,0.43135));
#6042=CARTESIAN_POINT('',(-0.00325,0.0220059620701239,0.43135));
#6043=CARTESIAN_POINT('',(-0.00325,0.0220059620701239,0.43135));
#6044=CARTESIAN_POINT('',(-4.83409596110198E-18,-0.0209,0.4096));
#6045=CARTESIAN_POINT('',(-0.015,-0.0209,0.4096));
#6046=CARTESIAN_POINT('',(0.015,-0.0209,0.4096));
#6047=CARTESIAN_POINT('',(0.015,-0.015,0.4096));
#6048=CARTESIAN_POINT('',(0.0209,-0.015,0.4096));
#6049=CARTESIAN_POINT('',(-0.015,-0.015,0.4096));
#6050=CARTESIAN_POINT('',(-0.0209,-0.015,0.4096));
#6051=CARTESIAN_POINT('',(0.0209,-5.41671604769219E-10,0.4096));
#6052=CARTESIAN_POINT('',(0.0209,0.015,0.4096));
#6053=CARTESIAN_POINT('',(-0.0209,-5.41671602352171E-10,0.4096));
#6054=CARTESIAN_POINT('',(-0.0209,0.015,0.4096));
#6055=CARTESIAN_POINT('',(0.015,0.015,0.4096));
#6056=CARTESIAN_POINT('',(0.015,0.0209,0.4096));
#6057=CARTESIAN_POINT('',(-0.015,0.015,0.4096));
#6058=CARTESIAN_POINT('',(-0.015,0.0209,0.4096));
#6059=CARTESIAN_POINT('',(0.,0.0209,0.4096));
#6060=CARTESIAN_POINT('',(0.0158757551246006,0.0219514750646181,0.4091));
#6061=CARTESIAN_POINT('',(0.0159380121707388,0.0224475839843183,0.4091));
#6062=CARTESIAN_POINT('',(0.0159380121707388,0.0224475839843183,0.4096));
#6063=CARTESIAN_POINT('',(0.0156633893346032,0.0219781175529467,0.4091));
#6064=CARTESIAN_POINT('',(0.0157089788053776,0.0224761288071615,0.4091));
#6065=CARTESIAN_POINT('',(0.0157089788053776,0.0224761288071615,0.4096));
#6066=CARTESIAN_POINT('',(0.0152381376689604,0.0220114532749521,0.4091));
#6067=CARTESIAN_POINT('',(0.0152477608602972,0.0225118457620979,0.4091));
#6068=CARTESIAN_POINT('',(0.0152477608602972,0.0225118457620978,0.4096));
#6069=CARTESIAN_POINT('',(0.0143876173588406,0.0220028272975182,0.4091));
#6070=CARTESIAN_POINT('',(0.0143821325746295,0.0225026035835225,0.4091));
#6071=CARTESIAN_POINT('',(0.0143821325746294,0.0225026035835224,0.4096));
#6072=CARTESIAN_POINT('',(0.0128991295170678,0.0220082118372634,0.4091));
#6073=CARTESIAN_POINT('',(0.012903073966313,0.0225083727091888,0.4091));
#6074=CARTESIAN_POINT('',(0.0129030739663129,0.0225083727091888,0.4096));
#6075=CARTESIAN_POINT('',(0.0107727587070336,0.0220051965354909,0.4091));
#6076=CARTESIAN_POINT('',(0.0107714207476402,0.0225051419623703,0.4091));
#6077=CARTESIAN_POINT('',(0.0107714207476402,0.0225051419623703,0.4096));
#6078=CARTESIAN_POINT('',(0.00822109652947103,0.0220061618765103,0.4091));
#6079=CARTESIAN_POINT('',(0.00822144840584287,0.0225061762080578,0.4091));
#6080=CARTESIAN_POINT('',(0.00822144840584285,0.0225061762080578,0.4096));
#6081=CARTESIAN_POINT('',(0.0048188858757525,0.0220058436934826,0.4091));
#6082=CARTESIAN_POINT('',(0.00481867684308346,0.0225058352455407,0.4091));
#6083=CARTESIAN_POINT('',(0.00481867684308342,0.0225058352455407,0.4096));
#6084=CARTESIAN_POINT('',(0.000566123683589452,0.0220060235637615,0.4091));
#6085=CARTESIAN_POINT('',(0.000566246873476302,0.0225060279375003,0.4091));
#6086=CARTESIAN_POINT('',(0.000566246873476485,0.0225060279375003,0.4096));
#6087=CARTESIAN_POINT('',(-0.00368664998978082,0.0220058967357537,0.4091));
#6088=CARTESIAN_POINT('',(-0.00368681048422278,0.0225058920624791,0.4091));
#6089=CARTESIAN_POINT('',(-0.00368681048422283,0.022505892062479,0.4096));
#6090=CARTESIAN_POINT('',(-0.00708884227356749,0.0220060669213174,0.4091));
#6091=CARTESIAN_POINT('',(-0.0070885782261005,0.0225060744584642,0.4091));
#6092=CARTESIAN_POINT('',(-0.00708857822610059,0.0225060744584643,0.4096));
#6093=CARTESIAN_POINT('',(-0.00964055956241173,0.0220055618753386,0.4091));
#6094=CARTESIAN_POINT('',(-0.00964156203214705,0.0225055333474206,0.4091));
#6095=CARTESIAN_POINT('',(-0.00964156203214692,0.0225055333474206,0.4096));
#6096=CARTESIAN_POINT('',(-0.0117667581559801,0.0220071357912862,0.4091));
#6097=CARTESIAN_POINT('',(-0.0117638044315266,0.0225072198487375,0.4091));
#6098=CARTESIAN_POINT('',(-0.0117638044315266,0.0225072198487374,0.4096));
#6099=CARTESIAN_POINT('',(-0.0134682384459508,0.0220039231918288,0.4091));
#6100=CARTESIAN_POINT('',(-0.0134733552045267,0.0225037775940001,0.4091));
#6101=CARTESIAN_POINT('',(-0.0134733552045267,0.0225037775940001,0.4096));
#6102=CARTESIAN_POINT('',(-0.0147429239056524,0.0220137316287137,0.4091));
#6103=CARTESIAN_POINT('',(-0.014723394186294,0.022514287376397,0.4091));
#6104=CARTESIAN_POINT('',(-0.014723394186294,0.022514287376397,0.4096));
#6105=CARTESIAN_POINT('',(-0.0160230476877974,0.0219769040944515,0.4091));
#6106=CARTESIAN_POINT('',(-0.0160960511320243,0.0224748267015469,0.4091));
#6107=CARTESIAN_POINT('',(-0.0160960511320243,0.0224748267015469,0.4096));
#6108=CARTESIAN_POINT('',(-0.0172476933845497,0.02167518111917,0.4091));
#6109=CARTESIAN_POINT('',(-0.0174078563099622,0.0221515737874467,0.4091));
#6110=CARTESIAN_POINT('',(-0.0174078563099622,0.0221515737874467,0.4096));
#6111=CARTESIAN_POINT('',(-0.0184202910224139,0.0211603302437639,0.4091));
#6112=CARTESIAN_POINT('',(-0.0186642629076437,0.0215998899826407,0.4091));
#6113=CARTESIAN_POINT('',(-0.0186642629076437,0.0215998899826407,0.4096));
#6114=CARTESIAN_POINT('',(-0.0198138667359402,0.020213581641598,0.4091));
#6115=CARTESIAN_POINT('',(-0.0201573234996759,0.0205858786112921,0.4091));
#6116=CARTESIAN_POINT('',(-0.0201573234996759,0.0205858786112921,0.4096));
#6117=CARTESIAN_POINT('',(-0.0212012412041259,0.0185758758670055,0.4091));
#6118=CARTESIAN_POINT('',(-0.0216437784631182,0.0188286255141494,0.4091));
#6119=CARTESIAN_POINT('',(-0.0216437784631182,0.0188286255141495,0.4096));
#6120=CARTESIAN_POINT('',(-0.0219374777360589,0.0165563426186715,0.4091));
#6121=CARTESIAN_POINT('',(-0.0224325884949072,0.0166738621073358,0.4091));
#6122=CARTESIAN_POINT('',(-0.0224325884949071,0.0166738621073357,0.4096));
#6123=CARTESIAN_POINT('',(-0.0220185874204123,0.0148621674172631,0.4091));
#6124=CARTESIAN_POINT('',(-0.0225194890473384,0.0148404958721442,0.4091));
#6125=CARTESIAN_POINT('',(-0.0225194890473385,0.0148404958721442,0.4096));
#6126=CARTESIAN_POINT('',(-0.0219986690510913,0.0131798924170072,0.4091));
#6127=CARTESIAN_POINT('',(-0.0224981485306859,0.0131924039804051,0.4091));
#6128=CARTESIAN_POINT('',(-0.0224981485306858,0.0131924039804051,0.4096));
#6129=CARTESIAN_POINT('',(-0.0220084332249697,0.011072965759111,0.4091));
#6130=CARTESIAN_POINT('',(-0.0225086097739881,0.0110687224702378,0.4091));
#6131=CARTESIAN_POINT('',(-0.0225086097739882,0.0110687224702377,0.4096));
#6132=CARTESIAN_POINT('',(-0.0220053132026732,0.00854640141602361,0.4091));
#6133=CARTESIAN_POINT('',(-0.0225052669408896,0.00854751303297811,0.4091));
#6134=CARTESIAN_POINT('',(-0.0225052669408896,0.00854751303297816,0.4096));
#6135=CARTESIAN_POINT('',(-0.0220063365850263,0.00517703836600185,0.4091));
#6136=CARTESIAN_POINT('',(-0.0225063633364418,0.00517639794599948,0.4091));
#6137=CARTESIAN_POINT('',(-0.0225063633364418,0.00517639794599943,0.4096));
#6138=CARTESIAN_POINT('',(-0.0220058299299965,0.000965544855432573,0.4091));
#6139=CARTESIAN_POINT('',(-0.0225058204761744,0.000965751903306189,0.4091));
#6140=CARTESIAN_POINT('',(-0.0225058204761744,0.000965751903306212,0.4096));
#6141=CARTESIAN_POINT('',(-0.0220059846720148,-0.00324602662690804,0.4091));
#6142=CARTESIAN_POINT('',(-0.0225059862820655,-0.0032460072782048,0.4091));
#6143=CARTESIAN_POINT('',(-0.0225059862820655,-0.00324600727820482,0.4096));
#6144=CARTESIAN_POINT('',(-0.0220059475233037,-0.00661526492209589,0.4091));
#6145=CARTESIAN_POINT('',(-0.0225059465159768,-0.00661534134307531,0.4091));
#6146=CARTESIAN_POINT('',(-0.0225059465159768,-0.00661534134307527,0.4096));
#6147=CARTESIAN_POINT('',(-0.0220060039286783,-0.0091422035324776,0.4091));
#6148=CARTESIAN_POINT('',(-0.0225060070022796,-0.00914189384945215,0.4091));
#6149=CARTESIAN_POINT('',(-0.0225060070022795,-0.00914189384945222,0.4096));
#6150=CARTESIAN_POINT('',(-0.0220058361461882,-0.0112479606156113,0.4091));
#6151=CARTESIAN_POINT('',(-0.0225058272525567,-0.0112488782791601,0.4091));
#6152=CARTESIAN_POINT('',(-0.0225058272525568,-0.01124887827916,0.4096));
#6153=CARTESIAN_POINT('',(-0.0220061747015209,-0.0129326215588658,0.4091));
#6154=CARTESIAN_POINT('',(-0.0225061900953373,-0.0129310322255197,0.4091));
#6155=CARTESIAN_POINT('',(-0.0225061900953372,-0.0129310322255197,0.4096));
#6156=CARTESIAN_POINT('',(-0.0220053113800596,-0.0139854090026223,0.4091));
#6157=CARTESIAN_POINT('',(-0.022505264984449,-0.0139902004316466,0.4091));
#6158=CARTESIAN_POINT('',(-0.022505264984449,-0.0139902004316466,0.4096));
#6159=CARTESIAN_POINT('',(-0.0220070821885789,-0.0148279266860522,0.4091));
#6160=CARTESIAN_POINT('',(-0.0225071626219145,-0.0148196206184802,0.4091));
#6161=CARTESIAN_POINT('',(-0.0225071626219145,-0.0148196206184801,0.4096));
#6162=CARTESIAN_POINT('',(-0.0219998669256932,-0.0156693939612765,0.4091));
#6163=CARTESIAN_POINT('',(-0.0224994307212899,-0.0157144407147353,0.4091));
#6164=CARTESIAN_POINT('',(-0.0224994307212899,-0.0157144407147353,0.4096));
#6165=CARTESIAN_POINT('',(-0.0218338722864826,-0.0167095565387813,0.409100000000001));
#6166=CARTESIAN_POINT('',(-0.0223215992113977,-0.0168321860676672,0.4091));
#6167=CARTESIAN_POINT('',(-0.0223215992113978,-0.0168321860676673,0.4096));
#6168=CARTESIAN_POINT('',(-0.0214089005778569,-0.0179292633504919,0.4091));
#6169=CARTESIAN_POINT('',(-0.0218662094072172,-0.0181379402052333,0.4091));
#6170=CARTESIAN_POINT('',(-0.0218662094072172,-0.0181379402052333,0.4096));
#6171=CARTESIAN_POINT('',(-0.0205649639004595,-0.0194048853631389,0.4091));
#6172=CARTESIAN_POINT('',(-0.0209623494563518,-0.0197192735141021,0.4091));
#6173=CARTESIAN_POINT('',(-0.0209623494563517,-0.0197192735141021,0.4096));
#6174=CARTESIAN_POINT('',(-0.0190230450299201,-0.0209299860564254,0.4091));
#6175=CARTESIAN_POINT('',(-0.0193077457113924,-0.0213531068357065,0.4091));
#6176=CARTESIAN_POINT('',(-0.0193077457113927,-0.0213531068357065,0.4096));
#6177=CARTESIAN_POINT('',(-0.0170424592192902,-0.0217958494678479,0.4091));
#6178=CARTESIAN_POINT('',(-0.0171946335288666,-0.0222808505935993,0.4091));
#6179=CARTESIAN_POINT('',(-0.0171946335288662,-0.022280850593599,0.4096));
#6180=CARTESIAN_POINT('',(-0.0155599459744477,-0.0220090547702834,0.409100000000001));
#6181=CARTESIAN_POINT('',(-0.0155904727279438,-0.0225092756796207,0.409100000000001));
#6182=CARTESIAN_POINT('',(-0.0155904727279439,-0.0225092756796209,0.4096));
#6183=CARTESIAN_POINT('',(-0.0147011044446936,-0.0220053978189957,0.409099999999999));
#6184=CARTESIAN_POINT('',(-0.0146955718485381,-0.0225053577800257,0.409099999999999));
#6185=CARTESIAN_POINT('',(-0.0146955718485381,-0.0225053577800255,0.4096));
#6186=CARTESIAN_POINT('',(-0.0134125507461663,-0.0220066463926068,0.409100000000001));
#6187=CARTESIAN_POINT('',(-0.013419322922197,-0.0225066953988164,0.4091));
#6188=CARTESIAN_POINT('',(-0.0134193229221966,-0.0225066953988166,0.4096));
#6189=CARTESIAN_POINT('',(-0.0114798425675636,-0.0220056913386664,0.4091));
#6190=CARTESIAN_POINT('',(-0.0114771908308682,-0.0225056721497516,0.409100000000001));
#6191=CARTESIAN_POINT('',(-0.0114771908308685,-0.0225056721497517,0.4096));
#6192=CARTESIAN_POINT('',(-0.00890282850154901,-0.0220060313960865,0.4091));
#6193=CARTESIAN_POINT('',(-0.0089035229999153,-0.0225060364138269,0.4091));
#6194=CARTESIAN_POINT('',(-0.00890352299991544,-0.0225060364138269,0.4096));
#6195=CARTESIAN_POINT('',(-0.00546683408985105,-0.0220059219252249,0.4091));
#6196=CARTESIAN_POINT('',(-0.00546643531500308,-0.0225059190765823,0.4091));
#6197=CARTESIAN_POINT('',(-0.00546643531500288,-0.0225059190765822,0.4096));
#6198=CARTESIAN_POINT('',(-0.00117183307251341,-0.0220059700510467,0.409100000000001));
#6199=CARTESIAN_POINT('',(-0.00117195097579931,-0.0225059706001289,0.4091));
#6200=CARTESIAN_POINT('',(-0.00117195097579969,-0.0225059706001291,0.4096));
#6201=CARTESIAN_POINT('',(0.00312316636270053,-0.022005978935637,0.4091));
#6202=CARTESIAN_POINT('',(0.00312312120993597,-0.0225059801370328,0.4091));
#6203=CARTESIAN_POINT('',(0.00312312120993651,-0.0225059801370326,0.4096));
#6204=CARTESIAN_POINT('',(0.00655916330579654,-0.022005929863082,0.409100000000001));
#6205=CARTESIAN_POINT('',(0.00655926834039641,-0.0225059275907531,0.409100000000001));
#6206=CARTESIAN_POINT('',(0.0065592683403964,-0.0225059275907534,0.4096));
#6207=CARTESIAN_POINT('',(0.00913616977761709,-0.0220060833533383,0.4091));
#6208=CARTESIAN_POINT('',(0.00913575783470787,-0.0225060921096882,0.4091));
#6209=CARTESIAN_POINT('',(0.00913575783470759,-0.0225060921096881,0.4096));
#6210=CARTESIAN_POINT('',(0.0112836470412543,-0.0220055993598783,0.4091));
#6211=CARTESIAN_POINT('',(0.0112848646826335,-0.0225055735250444,0.4091));
#6212=CARTESIAN_POINT('',(0.0112848646826337,-0.0225055735250444,0.4096));
#6213=CARTESIAN_POINT('',(0.0130016919808265,-0.0220065849856745,0.4091));
#6214=CARTESIAN_POINT('',(0.0129995831413412,-0.0225066297371055,0.4091));
#6215=CARTESIAN_POINT('',(0.0129995831413411,-0.0225066297371056,0.4096));
#6216=CARTESIAN_POINT('',(0.0140753263111711,-0.0220040745283176,0.4091));
#6217=CARTESIAN_POINT('',(0.014081683592445,-0.0225039396390091,0.4091));
#6218=CARTESIAN_POINT('',(0.0140816835924452,-0.022503939639009,0.4096));
#6219=CARTESIAN_POINT('',(0.0149345630071661,-0.0220092263444129,0.409100000000001));
#6220=CARTESIAN_POINT('',(0.0149235423110017,-0.0225094601948819,0.409100000000001));
#6221=CARTESIAN_POINT('',(0.0149235423110017,-0.0225094601948823,0.4096));
#6222=CARTESIAN_POINT('',(0.0157925977768272,-0.0219882384621396,0.409099999999999));
#6223=CARTESIAN_POINT('',(0.0158523664623688,-0.0224869702486325,0.409099999999999));
#6224=CARTESIAN_POINT('',(0.0158523664623686,-0.0224869702486321,0.4096));
#6225=CARTESIAN_POINT('',(0.0172897345019776,-0.0217186966001691,0.4091));
#6226=CARTESIAN_POINT('',(0.017450460335304,-0.02219822093297,0.409100000000001));
#6227=CARTESIAN_POINT('',(0.0174504603353046,-0.0221982209329702,0.4096));
#6228=CARTESIAN_POINT('',(0.0192497432341202,-0.020771164135986,0.4091));
#6229=CARTESIAN_POINT('',(0.0195537781407415,-0.0211827255609453,0.4091));
#6230=CARTESIAN_POINT('',(0.0195537781407412,-0.0211827255609453,0.4096));
#6231=CARTESIAN_POINT('',(0.0210423371319274,-0.0188574729980222,0.4091));
#6232=CARTESIAN_POINT('',(0.0214732935223341,-0.0191335998927704,0.4091));
#6233=CARTESIAN_POINT('',(0.0214732935223343,-0.0191335998927704,0.4096));
#6234=CARTESIAN_POINT('',(0.0217761409274441,-0.0170305741514135,0.4091));
#6235=CARTESIAN_POINT('',(0.022259743028275,-0.0171728465433948,0.4091));
#6236=CARTESIAN_POINT('',(0.0222597430282749,-0.0171728465433947,0.4096));
#6237=CARTESIAN_POINT('',(0.0219759578474709,-0.0157626779252861,0.4091));
#6238=CARTESIAN_POINT('',(0.0224738139284762,-0.0158188552816219,0.4091));
#6239=CARTESIAN_POINT('',(0.0224738139284762,-0.0158188552816219,0.4096));
#6240=CARTESIAN_POINT('',(0.022021601342786,-0.0148968439419166,0.4091));
#6241=CARTESIAN_POINT('',(0.0225227192246642,-0.014878166913997,0.4091));
#6242=CARTESIAN_POINT('',(0.0225227192246643,-0.014878166913997,0.4096));
#6243=CARTESIAN_POINT('',(0.0219947112418928,-0.0133798207847297,0.4091));
#6244=CARTESIAN_POINT('',(0.0224939073843649,-0.0133932516761153,0.4091));
#6245=CARTESIAN_POINT('',(0.0224939073843648,-0.0133932516761154,0.4096));
#6246=CARTESIAN_POINT('',(0.0220097753680568,-0.0112135912733358,0.4091));
#6247=CARTESIAN_POINT('',(0.0225100480054117,-0.0112090357225437,0.4091));
#6248=CARTESIAN_POINT('',(0.0225100480054118,-0.0112090357225435,0.4096));
#6249=CARTESIAN_POINT('',(0.0220049621489929,-0.00861371089516071,0.4091));
#6250=CARTESIAN_POINT('',(0.0225048907560776,-0.00861490592642963,0.4091));
#6251=CARTESIAN_POINT('',(0.0225048907560776,-0.00861490592642975,0.4096));
#6252=CARTESIAN_POINT('',(0.0220065362264789,-0.00514734448850837,0.4091));
#6253=CARTESIAN_POINT('',(0.022506577269859,-0.00514664774469386,0.4091));
#6254=CARTESIAN_POINT('',(0.0225065772698589,-0.00514664774469386,0.4096));
#6255=CARTESIAN_POINT('',(0.0220057884400881,-0.000814343157309572,0.4091));
#6256=CARTESIAN_POINT('',(0.0225057760142442,-0.000814640046692838,0.4091));
#6257=CARTESIAN_POINT('',(0.0225057760142444,-0.000814640046692672,0.4096));
#6258=CARTESIAN_POINT('',(0.0220059095204435,0.00351866083841277,0.4091));
#6259=CARTESIAN_POINT('',(0.0225059057545946,0.00351885470175036,0.4091));
#6260=CARTESIAN_POINT('',(0.0225059057545946,0.00351885470175028,0.4096));
#6261=CARTESIAN_POINT('',(0.0220060909810428,0.00698502298182644,0.4091));
#6262=CARTESIAN_POINT('',(0.0225061002447395,0.00698473360277831,0.4091));
#6263=CARTESIAN_POINT('',(0.0225061002447395,0.00698473360277834,0.4096));
#6264=CARTESIAN_POINT('',(0.02200545014493,0.00958491615016539,0.4091));
#6265=CARTESIAN_POINT('',(0.0225054135986056,0.00958600124146346,0.4091));
#6266=CARTESIAN_POINT('',(0.0225054135986056,0.00958600124146345,0.4096));
#6267=CARTESIAN_POINT('',(0.0220074696257069,0.011751105693338,0.4091));
#6268=CARTESIAN_POINT('',(0.0225075776359868,0.0117479114380408,0.4091));
#6269=CARTESIAN_POINT('',(0.0225075776359868,0.0117479114380408,0.4096));
#6270=CARTESIAN_POINT('',(0.0220033446424961,0.0134849279805494,0.4091));
#6271=CARTESIAN_POINT('',(0.0225031575332571,0.0134904611694292,0.4091));
#6272=CARTESIAN_POINT('',(0.0225031575332571,0.0134904611694292,0.4096));
#6273=CARTESIAN_POINT('',(0.0220159400464203,0.0147829155953211,0.4091));
#6274=CARTESIAN_POINT('',(0.0225166542529759,0.0147617964461045,0.4091));
#6275=CARTESIAN_POINT('',(0.0225166542529759,0.0147617964461045,0.4096));
#6276=CARTESIAN_POINT('',(0.0219686488651697,0.0160899842832801,0.4091));
#6277=CARTESIAN_POINT('',(0.0224659791481858,0.0161689290201572,0.4091));
#6278=CARTESIAN_POINT('',(0.0224659791481858,0.0161689290201573,0.4096));
#6279=CARTESIAN_POINT('',(0.0215380823051477,0.0177566516425997,0.409100000000001));
#6280=CARTESIAN_POINT('',(0.0220047040620074,0.0179524151232448,0.409100000000001));
#6281=CARTESIAN_POINT('',(0.0220047040620075,0.0179524151232449,0.4096));
#6282=CARTESIAN_POINT('',(0.0204492200127044,0.0196605413926845,0.4091));
#6283=CARTESIAN_POINT('',(0.0208377810407721,0.0199933415211938,0.4091));
#6284=CARTESIAN_POINT('',(0.020837781040772,0.0199933415211937,0.4096));
#6285=CARTESIAN_POINT('',(0.0187429823328737,0.0210337977256435,0.4091));
#6286=CARTESIAN_POINT('',(0.0190107612799115,0.0214643435560618,0.409100000000001));
#6287=CARTESIAN_POINT('',(0.0190107612799116,0.0214643435560619,0.4096));
#6288=CARTESIAN_POINT('',(0.0171478695219941,0.0217118231160382,0.4091));
#6289=CARTESIAN_POINT('',(0.0172996075054757,0.0221908242842581,0.4091));
#6290=CARTESIAN_POINT('',(0.0172996075054757,0.0221908242842581,0.4096));
#6291=CARTESIAN_POINT('',(0.0163004867045955,0.0218981900879607,0.4091));
#6292=CARTESIAN_POINT('',(0.0163960789014614,0.0223904943386318,0.4091));
#6293=CARTESIAN_POINT('',(0.0163960789014614,0.0223904943386318,0.4096));
#6294=CARTESIAN_POINT('',(0.0158757551246006,0.0219514750646181,0.4091));
#6295=CARTESIAN_POINT('',(0.0159380121707388,0.0224475839843183,0.4091));
#6296=CARTESIAN_POINT('',(0.0159380121707388,0.0224475839843183,0.4096));
#6297=CARTESIAN_POINT('',(0.0123509781734835,0.0220059599386252,0.4371));
#6298=CARTESIAN_POINT('',(0.0123509783586899,0.0225059599386251,0.4371));
#6299=CARTESIAN_POINT('',(0.0123509783586899,0.0225059599386251,0.4366));
#6300=CARTESIAN_POINT('',(0.0127801117997182,0.0220051663824256,0.4371));
#6301=CARTESIAN_POINT('',(0.0127811994647724,0.0225051096441574,0.4371));
#6302=CARTESIAN_POINT('',(0.0127811994647725,0.0225051096441574,0.4366));
#6303=CARTESIAN_POINT('',(0.0136656302327268,0.0220008402715435,0.4371));
#6304=CARTESIAN_POINT('',(0.0136726470842092,0.0225004741844236,0.4371));
#6305=CARTESIAN_POINT('',(0.0136726470842092,0.0225004741844235,0.4366));
#6306=CARTESIAN_POINT('',(0.0149715471412513,0.022025066040325,0.4371));
#6307=CARTESIAN_POINT('',(0.0149453578920857,0.022526432452647,0.4371));
#6308=CARTESIAN_POINT('',(0.0149453578920857,0.0225264324526472,0.4366));
#6309=CARTESIAN_POINT('',(0.0162851534697245,0.0219346487565996,0.4371));
#6310=CARTESIAN_POINT('',(0.0163828949633734,0.0224295491944306,0.4371));
#6311=CARTESIAN_POINT('',(0.0163828949633733,0.0224295491944306,0.4366));
#6312=CARTESIAN_POINT('',(0.0179524203004277,0.0214545009331696,0.4371));
#6313=CARTESIAN_POINT('',(0.0181593433103569,0.021915163882154,0.4371));
#6314=CARTESIAN_POINT('',(0.018159343310357,0.021915163882154,0.4366));
#6315=CARTESIAN_POINT('',(0.0198366648553907,0.0202975113232061,0.4371));
#6316=CARTESIAN_POINT('',(0.0201830136195413,0.0206752017161637,0.4371));
#6317=CARTESIAN_POINT('',(0.0201830136195413,0.0206752017161635,0.4366));
#6318=CARTESIAN_POINT('',(0.0211647117757222,0.0185260903525971,0.4371));
#6319=CARTESIAN_POINT('',(0.0216044870304525,0.0187785049966894,0.4371));
#6320=CARTESIAN_POINT('',(0.0216044870304526,0.0187785049966896,0.4366));
#6321=CARTESIAN_POINT('',(0.0217843600668777,0.0169030576744026,0.4371));
#6322=CARTESIAN_POINT('',(0.0222685671049877,0.0170370863661134,0.4371));
#6323=CARTESIAN_POINT('',(0.0222685671049876,0.0170370863661134,0.4366));
#6324=CARTESIAN_POINT('',(0.0219849776742368,0.0158258882873261,0.4371));
#6325=CARTESIAN_POINT('',(0.022483475846923,0.0158893339979187,0.4371));
#6326=CARTESIAN_POINT('',(0.022483475846923,0.0158893339979187,0.4366));
#6327=CARTESIAN_POINT('',(0.0220098227116649,0.0149558079083776,0.4371));
#6328=CARTESIAN_POINT('',(0.0225100992890779,0.0149441239674892,0.4371));
#6329=CARTESIAN_POINT('',(0.0225100992890778,0.0149441239674892,0.4366));
#6330=CARTESIAN_POINT('',(0.0220037570355846,0.0140868032673781,0.4371));
#6331=CARTESIAN_POINT('',(0.0225035993984205,0.0140934629945248,0.4371));
#6332=CARTESIAN_POINT('',(0.0225035993984206,0.0140934629945247,0.4366));
#6333=CARTESIAN_POINT('',(0.0220075418786355,0.012565543997485,0.4371));
#6334=CARTESIAN_POINT('',(0.0225076551198757,0.0125607596307824,0.4371));
#6335=CARTESIAN_POINT('',(0.0225076551198755,0.0125607596307827,0.4366));
#6336=CARTESIAN_POINT('',(0.0220054367468683,0.0103925780032917,0.4371));
#6337=CARTESIAN_POINT('',(0.0225053992461012,0.010394167236422,0.4371));
#6338=CARTESIAN_POINT('',(0.0225053992461011,0.0103941672364217,0.4366));
#6339=CARTESIAN_POINT('',(0.0220062594040737,0.00691568589366409,0.4371));
#6340=CARTESIAN_POINT('',(0.0225062807222319,0.00691476026699194,0.4371));
#6341=CARTESIAN_POINT('',(0.022506280722232,0.00691476026699182,0.4366));
#6342=CARTESIAN_POINT('',(0.0220059013609863,0.00256962349035458,0.4371));
#6343=CARTESIAN_POINT('',(0.0225058970013969,0.00257000971411097,0.4371));
#6344=CARTESIAN_POINT('',(0.022505897001397,0.0025700097141114,0.4366));
#6345=CARTESIAN_POINT('',(0.0220058362900933,-0.00264568475243974,0.4371));
#6346=CARTESIAN_POINT('',(0.022505827274743,-0.00264604141974006,0.4371));
#6347=CARTESIAN_POINT('',(0.0225058272747429,-0.00264604141974024,0.4366));
#6348=CARTESIAN_POINT('',(0.0220064112064457,-0.00699173407104814,0.4371));
#6349=CARTESIAN_POINT('',(0.0225064433880463,-0.00699092667589846,0.4371));
#6350=CARTESIAN_POINT('',(0.0225064433880464,-0.00699092667589821,0.4366));
#6351=CARTESIAN_POINT('',(0.0220051764632959,-0.0104686549674518,0.4371));
#6352=CARTESIAN_POINT('',(0.0225051203394847,-0.010470037298551,0.4371));
#6353=CARTESIAN_POINT('',(0.0225051203394846,-0.0104700372985511,0.4366));
#6354=CARTESIAN_POINT('',(0.022008325340362,-0.0126415473657715,0.4371));
#6355=CARTESIAN_POINT('',(0.0225084946447245,-0.0126373874044187,0.4371));
#6356=CARTESIAN_POINT('',(0.0225084946447245,-0.0126373874044184,0.4366));
#6357=CARTESIAN_POINT('',(0.0220026664877125,-0.0141629388691565,0.4371));
#6358=CARTESIAN_POINT('',(0.0225024308180539,-0.0141687294193929,0.4371));
#6359=CARTESIAN_POINT('',(0.0225024308180537,-0.014168729419393,0.4366));
#6360=CARTESIAN_POINT('',(0.0220117359937027,-0.0150317315484098,0.4371));
#6361=CARTESIAN_POINT('',(0.0225121494795884,-0.0150215725958655,0.4371));
#6362=CARTESIAN_POINT('',(0.0225121494795886,-0.0150215725958655,0.4366));
#6363=CARTESIAN_POINT('',(0.0219741394344506,-0.0159026786104966,0.4371));
#6364=CARTESIAN_POINT('',(0.0224718621275035,-0.0159738570588626,0.4371));
#6365=CARTESIAN_POINT('',(0.0224718621275033,-0.0159738570588624,0.4366));
#6366=CARTESIAN_POINT('',(0.0217691007479936,-0.0169550808048277,0.4371));
#6367=CARTESIAN_POINT('',(0.0222522293665364,-0.0170920773806342,0.4371));
#6368=CARTESIAN_POINT('',(0.0222522293665363,-0.0170920773806344,0.4366));
#6369=CARTESIAN_POINT('',(0.0211347483088049,-0.0185784693798259,0.4371));
#6370=CARTESIAN_POINT('',(0.021572326233524,-0.0188350577362099,0.4371));
#6371=CARTESIAN_POINT('',(0.0215723262335241,-0.0188350577362099,0.4366));
#6372=CARTESIAN_POINT('',(0.0198079651804252,-0.0203174658066912,0.4371));
#6373=CARTESIAN_POINT('',(0.0201527213260325,-0.0206964280802904,0.4371));
#6374=CARTESIAN_POINT('',(0.0201527213260323,-0.0206964280802902,0.4366));
#6375=CARTESIAN_POINT('',(0.0179367135831209,-0.0214619663746922,0.4371));
#6376=CARTESIAN_POINT('',(0.0181412108564911,-0.0219231803945718,0.4371));
#6377=CARTESIAN_POINT('',(0.0181412108564912,-0.0219231803945719,0.4366));
#6378=CARTESIAN_POINT('',(0.0162750307906557,-0.0219341743675991,0.4371));
#6379=CARTESIAN_POINT('',(0.0163743085879471,-0.0224290380099875,0.4371));
#6380=CARTESIAN_POINT('',(0.0163743085879471,-0.0224290380099874,0.4366));
#6381=CARTESIAN_POINT('',(0.0151914227780833,-0.0220148438005084,0.437099999999999));
#6382=CARTESIAN_POINT('',(0.0151791349541192,-0.0225154795515808,0.437099999999999));
#6383=CARTESIAN_POINT('',(0.0151791349541192,-0.0225154795515811,0.436599999999999));
#6384=CARTESIAN_POINT('',(0.0143324265244459,-0.0220043228742203,0.4371));
#6385=CARTESIAN_POINT('',(0.0143346897212375,-0.0225042057938118,0.4371));
#6386=CARTESIAN_POINT('',(0.0143346897212376,-0.0225042057938118,0.4366));
#6387=CARTESIAN_POINT('',(0.0134720541899961,-0.0220068921231692,0.4371));
#6388=CARTESIAN_POINT('',(0.0134707645508725,-0.0225069588545477,0.4371));
#6389=CARTESIAN_POINT('',(0.0134707645508725,-0.0225069588545476,0.4366));
#6390=CARTESIAN_POINT('',(0.0119670436768555,-0.0220052900340981,0.4371));
#6391=CARTESIAN_POINT('',(0.0119679709138465,-0.0225052420890375,0.4371));
#6392=CARTESIAN_POINT('',(0.0119679709138465,-0.0225052420890375,0.4366));
#6393=CARTESIAN_POINT('',(0.00981669405134537,-0.0220061835435103,0.4371));
#6394=CARTESIAN_POINT('',(0.00981638338273306,-0.0225061994804211,0.4371));
#6395=CARTESIAN_POINT('',(0.00981638338273306,-0.022506199480421,0.4366));
#6396=CARTESIAN_POINT('',(0.00637632237786909,-0.0220058310481559,0.4371));
#6397=CARTESIAN_POINT('',(0.00637651758568366,-0.0225058217009352,0.4371));
#6398=CARTESIAN_POINT('',(0.00637651758568371,-0.0225058217009351,0.4366));
#6399=CARTESIAN_POINT('',(0.0020757882276807,-0.0220060244324813,0.4371));
#6400=CARTESIAN_POINT('',(0.002075586326513,-0.0225060288729149,0.4371));
#6401=CARTESIAN_POINT('',(0.00207558632651272,-0.0225060288729148,0.4366));
#6402=CARTESIAN_POINT('',(-0.00308480047977873,-0.0220058828517091,0.4371));
#6403=CARTESIAN_POINT('',(-0.0030842673181361,-0.0225058771947267,0.4371));
#6404=CARTESIAN_POINT('',(-0.00308426731813609,-0.0225058771947268,0.4366));
#6405=CARTESIAN_POINT('',(-0.00738537256759017,-0.0220061610132554,0.4371));
#6406=CARTESIAN_POINT('',(-0.00738689289288284,-0.0225061752266714,0.4371));
#6407=CARTESIAN_POINT('',(-0.00738689289288275,-0.0225061752266713,0.4366));
#6408=CARTESIAN_POINT('',(-0.0108256607783936,-0.0220056172204214,0.4371));
#6409=CARTESIAN_POINT('',(-0.0108230311957634,-0.0225055927676692,0.4371));
#6410=CARTESIAN_POINT('',(-0.0108230311957634,-0.0225055927676691,0.4366));
#6411=CARTESIAN_POINT('',(-0.0129762238096286,-0.0220069935861932,0.4371));
#6412=CARTESIAN_POINT('',(-0.0129841492585853,-0.0225070672308471,0.4371));
#6413=CARTESIAN_POINT('',(-0.0129841492585853,-0.0225070672308471,0.4366));
#6414=CARTESIAN_POINT('',(-0.0144808509118331,-0.022004520055328,0.4371));
#6415=CARTESIAN_POINT('',(-0.0144698197149913,-0.0225044175498115,0.437100000000001));
#6416=CARTESIAN_POINT('',(-0.0144698197149914,-0.0225044175498115,0.4366));
#6417=CARTESIAN_POINT('',(-0.0153418378483784,-0.0220084834913652,0.4371));
#6418=CARTESIAN_POINT('',(-0.0153611928102848,-0.022508663338088,0.4371));
#6419=CARTESIAN_POINT('',(-0.0153611928102848,-0.0225086633380881,0.4366));
#6420=CARTESIAN_POINT('',(-0.0166100750959062,-0.0218873542287039,0.4371));
#6421=CARTESIAN_POINT('',(-0.0167306145196971,-0.0223788899543691,0.4371));
#6422=CARTESIAN_POINT('',(-0.016730614519697,-0.0223788899543691,0.4366));
#6423=CARTESIAN_POINT('',(-0.0184618566799073,-0.0212738428373524,0.4371));
#6424=CARTESIAN_POINT('',(-0.0187064856092372,-0.0217214509014642,0.4371));
#6425=CARTESIAN_POINT('',(-0.018706485609237,-0.0217214509014642,0.4366));
#6426=CARTESIAN_POINT('',(-0.0204719628351865,-0.0196249512805865,0.4371));
#6427=CARTESIAN_POINT('',(-0.0208630472529475,-0.0199553251318518,0.4371));
#6428=CARTESIAN_POINT('',(-0.0208630472529475,-0.0199553251318515,0.4366));
#6429=CARTESIAN_POINT('',(-0.0215405848385686,-0.0177516293284113,0.4371));
#6430=CARTESIAN_POINT('',(-0.0220072745226894,-0.0179466850417205,0.4371));
#6431=CARTESIAN_POINT('',(-0.0220072745226896,-0.0179466850417207,0.4366));
#6432=CARTESIAN_POINT('',(-0.0219686497540866,-0.016080355940354,0.4371));
#6433=CARTESIAN_POINT('',(-0.0224660015723301,-0.0161592130935096,0.4371));
#6434=CARTESIAN_POINT('',(-0.0224660015723299,-0.0161592130935096,0.4366));
#6435=CARTESIAN_POINT('',(-0.0220159397318586,-0.0148155184764533,0.4371));
#6436=CARTESIAN_POINT('',(-0.0225166481728116,-0.0147944229001614,0.4371));
#6437=CARTESIAN_POINT('',(-0.0225166481728117,-0.0147944229001614,0.4366));
#6438=CARTESIAN_POINT('',(-0.0220033449290038,-0.013550920488669,0.4371));
#6439=CARTESIAN_POINT('',(-0.022503159346948,-0.0135564469723692,0.4371));
#6440=CARTESIAN_POINT('',(-0.022503159346948,-0.0135564469723692,0.4366));
#6441=CARTESIAN_POINT('',(-0.0220074682065061,-0.0118647061775843,0.4371));
#6442=CARTESIAN_POINT('',(-0.0225075752502183,-0.0118615184956935,0.4371));
#6443=CARTESIAN_POINT('',(-0.0225075752502182,-0.0118615184956934,0.4366));
#6444=CARTESIAN_POINT('',(-0.0220054609263593,-0.00975696703858086,0.4371));
#6445=CARTESIAN_POINT('',(-0.0225054254432288,-0.00975802651795674,0.4371));
#6446=CARTESIAN_POINT('',(-0.0225054254432287,-0.0097580265179568,0.4366));
#6447=CARTESIAN_POINT('',(-0.0220062482450878,-0.00638456771429447,0.4371));
#6448=CARTESIAN_POINT('',(-0.0225062685840536,-0.00638394798602241,0.4371));
#6449=CARTESIAN_POINT('',(-0.0225062685840535,-0.00638394798602232,0.4366));
#6450=CARTESIAN_POINT('',(-0.0220058827742644,-0.00216907876995745,0.4371));
#6451=CARTESIAN_POINT('',(-0.0225058771392254,-0.00216936055166472,0.4371));
#6452=CARTESIAN_POINT('',(-0.0225058771392255,-0.00216936055166457,0.4366));
#6453=CARTESIAN_POINT('',(-0.0220059204810249,0.00288953192993335,0.4371));
#6454=CARTESIAN_POINT('',(-0.0225059174874138,0.00288985883152768,0.4371));
#6455=CARTESIAN_POINT('',(-0.0225059174874139,0.0028898588315277,0.4366));
#6456=CARTESIAN_POINT('',(-0.0220061599896654,0.00710497457224896,0.4371));
#6457=CARTESIAN_POINT('',(-0.0225061741652991,0.00710417441839235,0.4371));
#6458=CARTESIAN_POINT('',(-0.0225061741652991,0.00710417441839177,0.4366));
#6459=CARTESIAN_POINT('',(-0.0220056117534009,0.0104774757609669,0.4371));
#6460=CARTESIAN_POINT('',(-0.0225055868359825,0.0104788510147963,0.4371));
#6461=CARTESIAN_POINT('',(-0.0225055868359823,0.0104788510147969,0.4366));
#6462=CARTESIAN_POINT('',(-0.0220070132329538,0.0125849544529668,0.437099999999999));
#6463=CARTESIAN_POINT('',(-0.0225070884694699,0.0125808138522491,0.437099999999999));
#6464=CARTESIAN_POINT('',(-0.0225070884694703,0.0125808138522484,0.436599999999999));
#6465=CARTESIAN_POINT('',(-0.0220044929390338,0.0140608599210328,0.437100000000001));
#6466=CARTESIAN_POINT('',(-0.0225043882066335,0.0140666236341356,0.437100000000001));
#6467=CARTESIAN_POINT('',(-0.022504388206633,0.0140666236341358,0.436600000000001));
#6468=CARTESIAN_POINT('',(-0.0220085315966072,0.0149031856100563,0.437099999999999));
#6469=CARTESIAN_POINT('',(-0.022508715351563,0.014893073727211,0.437099999999999));
#6470=CARTESIAN_POINT('',(-0.0225087153515633,0.0148930737272111,0.436599999999999));
#6471=CARTESIAN_POINT('',(-0.0219919886481645,0.0157494513712543,0.437100000000001));
#6472=CARTESIAN_POINT('',(-0.0224909908508286,0.015804360741368,0.437100000000001));
#6473=CARTESIAN_POINT('',(-0.0224909908508283,0.0158043607413677,0.436600000000001));
#6474=CARTESIAN_POINT('',(-0.0218156168483442,0.0167734703954608,0.4371));
#6475=CARTESIAN_POINT('',(-0.0223020309488922,0.016899267031504,0.4371));
#6476=CARTESIAN_POINT('',(-0.0223020309488921,0.0168992670315042,0.4366));
#6477=CARTESIAN_POINT('',(-0.0212532944296272,0.0183529184368589,0.4371));
#6478=CARTESIAN_POINT('',(-0.0216995201383484,0.0185923918246873,0.4371));
#6479=CARTESIAN_POINT('',(-0.0216995201383486,0.0185923918246872,0.4366));
#6480=CARTESIAN_POINT('',(-0.0200401400368119,0.0200825138488993,0.4371));
#6481=CARTESIAN_POINT('',(-0.0203999581203647,0.0204450503982454,0.4371));
#6482=CARTESIAN_POINT('',(-0.0203999581203646,0.0204450503982452,0.4366));
#6483=CARTESIAN_POINT('',(-0.0182877100690649,0.021288824012019,0.4371));
#6484=CARTESIAN_POINT('',(-0.0185216427935459,0.0217376247569213,0.4371));
#6485=CARTESIAN_POINT('',(-0.018521642793546,0.0217376247569213,0.4366));
#6486=CARTESIAN_POINT('',(-0.0166968359518687,0.0218354834746623,0.4371));
#6487=CARTESIAN_POINT('',(-0.0168186921291314,0.0223233086401012,0.4371));
#6488=CARTESIAN_POINT('',(-0.0168186921291313,0.0223233086401011,0.4366));
#6489=CARTESIAN_POINT('',(-0.0156636163133949,0.0220005729435298,0.4371));
#6490=CARTESIAN_POINT('',(-0.0157077926309382,0.0225001865273689,0.4371));
#6491=CARTESIAN_POINT('',(-0.0157077926309383,0.0225001865273691,0.4366));
#6492=CARTESIAN_POINT('',(-0.0148185933024185,0.0220069507530322,0.4371));
#6493=CARTESIAN_POINT('',(-0.0148104580263937,0.0225070219156867,0.4371));
#6494=CARTESIAN_POINT('',(-0.0148104580263938,0.0225070219156866,0.4366));
#6495=CARTESIAN_POINT('',(-0.0139767347158263,0.0220053940068161,0.4371));
#6496=CARTESIAN_POINT('',(-0.0139813718305484,0.0225053534470501,0.4371));
#6497=CARTESIAN_POINT('',(-0.0139813718305484,0.0225053534470501,0.4366));
#6498=CARTESIAN_POINT('',(-0.0125020078817025,0.0220063660119881,0.4371));
#6499=CARTESIAN_POINT('',(-0.0124986767870435,0.0225063951503653,0.4371));
#6500=CARTESIAN_POINT('',(-0.0124986767870435,0.0225063951503652,0.4366));
#6501=CARTESIAN_POINT('',(-0.0103960255913151,0.022005825972875,0.4371));
#6502=CARTESIAN_POINT('',(-0.0103971311977596,0.0225058163106985,0.4371));
#6503=CARTESIAN_POINT('',(-0.0103971311977596,0.0225058163106986,0.4366));
#6504=CARTESIAN_POINT('',(-0.00702601694190073,0.0220060389728531,0.4371));
#6505=CARTESIAN_POINT('',(-0.00702537766653463,0.022506044527202,0.4371));
#6506=CARTESIAN_POINT('',(-0.00702537766653504,0.0225060445272018,0.4366));
#6507=CARTESIAN_POINT('',(-0.00281370219185641,0.0220059388596967,0.4371));
#6508=CARTESIAN_POINT('',(-0.0028139294103402,0.0225059371814399,0.4371));
#6509=CARTESIAN_POINT('',(-0.00281392941033988,0.0225059371814399,0.4366));
#6510=CARTESIAN_POINT('',(0.00139885057765933,0.0220059549975309,0.4371));
#6511=CARTESIAN_POINT('',(0.00139889274627003,0.0225059544779526,0.4371));
#6512=CARTESIAN_POINT('',(0.00139889274626998,0.0225059544779525,0.4366));
#6513=CARTESIAN_POINT('',(0.00476847839614423,0.0220059796927309,0.4371));
#6514=CARTESIAN_POINT('',(0.00476844803741857,0.0225059809636233,0.4371));
#6515=CARTESIAN_POINT('',(0.00476844803741857,0.0225059809636233,0.4366));
#6516=CARTESIAN_POINT('',(0.00729679963970706,0.0220058913804832,0.4371));
#6517=CARTESIAN_POINT('',(0.0072968974677879,0.0225058863688742,0.4371));
#6518=CARTESIAN_POINT('',(0.00729689746778793,0.0225058863688742,0.4366));
#6519=CARTESIAN_POINT('',(0.00940023874248224,0.0220061680296189,0.4371));
#6520=CARTESIAN_POINT('',(0.00939995480042052,0.0225061828406371,0.4371));
#6521=CARTESIAN_POINT('',(0.00939995480042047,0.0225061828406371,0.4366));
#6522=CARTESIAN_POINT('',(0.0110908284753182,0.0220056016087408,0.4371));
#6523=CARTESIAN_POINT('',(0.011091320447714,0.0225055759512299,0.4371));
#6524=CARTESIAN_POINT('',(0.011091320447714,0.0225055759512298,0.4366));
#6525=CARTESIAN_POINT('',(0.0119218445472487,0.0220067534948247,0.4371));
#6526=CARTESIAN_POINT('',(0.0119207572526075,0.0225068102330928,0.4371));
#6527=CARTESIAN_POINT('',(0.0119207572526074,0.0225068102330928,0.4366));
#6528=CARTESIAN_POINT('',(0.0123509781734835,0.0220059599386252,0.4371));
#6529=CARTESIAN_POINT('',(0.0123509783586899,0.0225059599386251,0.4371));
#6530=CARTESIAN_POINT('',(0.0123509783586899,0.0225059599386251,0.4366));
#6531=MECHANICAL_DESIGN_GEOMETRIC_PRESENTATION_REPRESENTATION('',(#2841),
#6532);
#6532=(
GEOMETRIC_REPRESENTATION_CONTEXT(3)
GLOBAL_UNCERTAINTY_ASSIGNED_CONTEXT((#6533))
GLOBAL_UNIT_ASSIGNED_CONTEXT((#6536,#6535,#6534))
REPRESENTATION_CONTEXT('BLOCKS_camera_cap','TOP_LEVEL_ASSEMBLY_PART')
);
#6533=UNCERTAINTY_MEASURE_WITH_UNIT(LENGTH_MEASURE(2.E-5),#6536,
'DISTANCE_ACCURACY_VALUE','Maximum Tolerance applied to model');
#6534=(
NAMED_UNIT(*)
SI_UNIT($,.STERADIAN.)
SOLID_ANGLE_UNIT()
);
#6535=(
NAMED_UNIT(*)
PLANE_ANGLE_UNIT()
SI_UNIT($,.RADIAN.)
);
#6536=(
LENGTH_UNIT()
NAMED_UNIT(*)
SI_UNIT($,.METRE.)
);
#6537=PRODUCT_DEFINITION_SHAPE('','',#6538);
#6538=PRODUCT_DEFINITION('','',#6540,#6539);
#6539=PRODUCT_DEFINITION_CONTEXT('',#6546,'design');
#6540=PRODUCT_DEFINITION_FORMATION_WITH_SPECIFIED_SOURCE('','',#6542,
 .NOT_KNOWN.);
#6541=PRODUCT_RELATED_PRODUCT_CATEGORY('','',(#6542));
#6542=PRODUCT('BLOCKS_camera_cap','BLOCKS_camera_cap',
'BLOCKS_camera_cap',(#6544));
#6543=PRODUCT_CATEGORY('','');
#6544=PRODUCT_CONTEXT('',#6546,'mechanical');
#6545=APPLICATION_PROTOCOL_DEFINITION('international standard',
'ap242_managed_model_based_3d_engineering',2020,#6546);
#6546=APPLICATION_CONTEXT('managed model based 3d engineering');
ENDSEC;
END-ISO-10303-21;
