ISO-10303-21;
HEADER;
/* Generated by software containing ST-Developer
 * from STEP Tools, Inc. (www.steptools.com) 
 */
/* OPTION: using custom renumber hook */

FILE_DESCRIPTION(
/* description */ ('STEP AP242 Edition 2',
'CAx-IF Rec.Pracs.---Representation and Presentation of Product Manufa
cturing Information (PMI)---4.0---2014-10-13',
'CAx-IF Rec.Pracs.---3D Tessellated Geometry---0.4---2014-09-14','2;1',
'CAx-IF Rec.Pracs.---User Defined Attributes---1.5---2016-08-15'),
/* implementation_level */ '2;1');

FILE_NAME(
/* name */ 'mirror_clamp - BLOCKS_redfilter_clamp_top',
/* time_stamp */ '2026-05-20T17:38:00Z',
/* author */ (''),
/* organization */ (''),
/* preprocessor_version */ 'ST-DEVELOPER v20',
/* originating_system */ 'ONSHAPE BY PTC INC, 1.215',
/* authorisation */ '  ');

FILE_SCHEMA (('AP242_MANAGED_MODEL_BASED_3D_ENGINEERING_MIM_LF { 1 0 10303 442 3 1 4 }'));
ENDSEC;

DATA;
#10=SHAPE_REPRESENTATION_RELATIONSHIP('','',#2145,#11);
#11=ADVANCED_BREP_SHAPE_REPRESENTATION('',(#2143),#4149);
#12=(
BOUNDED_SURFACE()
B_SPLINE_SURFACE(3,2,((#3817,#3818,#3819),(#3820,#3821,#3822),(#3823,#3824,
#3825),(#3826,#3827,#3828)),.UNSPECIFIED.,.F.,.F.,.F.)
B_SPLINE_SURFACE_WITH_KNOTS((4,4),(3,3),(4.71081544943143,4.9762176702138),
(0.,1.),.PIECEWISE_BEZIER_KNOTS.)
GEOMETRIC_REPRESENTATION_ITEM()
RATIONAL_B_SPLINE_SURFACE(((1.,0.706828562965604,1.),(1.,0.722473675188156,
1.),(1.,0.737593885653964,1.),(1.,0.751794298009841,1.)))
REPRESENTATION_ITEM('')
SURFACE()
);
#13=(
BOUNDED_SURFACE()
B_SPLINE_SURFACE(3,2,((#3866,#3867,#3868),(#3869,#3870,#3871),(#3872,#3873,
#3874),(#3875,#3876,#3877),(#3878,#3879,#3880),(#3881,#3882,#3883),(#3884,
#3885,#3886),(#3887,#3888,#3889),(#3890,#3891,#3892),(#3893,#3894,#3895),
(#3896,#3897,#3898),(#3899,#3900,#3901)),.UNSPECIFIED.,.F.,.F.,.F.)
B_SPLINE_SURFACE_WITH_KNOTS((4,1,1,1,1,1,1,1,1,4),(3,3),(0.031526435473461,
0.0346754688025698,0.0378245021316787,0.0409735354607875,0.0425480521253419,
0.0441225687898964,0.0472716021190052,0.0504206354481141,0.0535696687772229,
0.0567187021063318),(0.,1.),.UNSPECIFIED.)
GEOMETRIC_REPRESENTATION_ITEM()
RATIONAL_B_SPLINE_SURFACE(((1.,0.707106781186538,1.),(1.,0.707106781186538,
1.),(1.,0.707106781186537,1.),(1.,0.707106781186537,1.),(1.,0.707106781186538,
1.),(1.,0.707106781186538,1.),(1.,0.707106781186538,1.),(1.,0.707106781186538,
1.),(1.,0.707106781186538,1.),(1.,0.707106781186538,1.),(1.,0.707106781186538,
1.),(1.,0.707106781186538,1.)))
REPRESENTATION_ITEM('')
SURFACE()
);
#14=(
BOUNDED_SURFACE()
B_SPLINE_SURFACE(3,2,((#3907,#3908,#3909),(#3910,#3911,#3912),(#3913,#3914,
#3915),(#3916,#3917,#3918)),.UNSPECIFIED.,.F.,.F.,.F.)
B_SPLINE_SURFACE_WITH_KNOTS((4,4),(3,3),(0.0403175838760255,0.0436812299600604),
(0.,1.),.PIECEWISE_BEZIER_KNOTS.)
GEOMETRIC_REPRESENTATION_ITEM()
RATIONAL_B_SPLINE_SURFACE(((1.,0.707106781186538,1.),(1.,0.707106781186538,
1.),(1.,0.707106781186538,1.),(1.,0.707106781186538,1.)))
REPRESENTATION_ITEM('')
SURFACE()
);
#15=(
BOUNDED_SURFACE()
B_SPLINE_SURFACE(3,2,((#3927,#3928,#3929),(#3930,#3931,#3932),(#3933,#3934,
#3935),(#3936,#3937,#3938)),.UNSPECIFIED.,.F.,.F.,.F.)
B_SPLINE_SURFACE_WITH_KNOTS((4,4),(3,3),(1.30696763696578,1.57236985774815),
(0.,1.),.PIECEWISE_BEZIER_KNOTS.)
GEOMETRIC_REPRESENTATION_ITEM()
RATIONAL_B_SPLINE_SURFACE(((1.,0.751794298009834,1.),(1.,0.73759388565985,
1.),(1.,0.722473675188209,1.),(1.,0.706828562965604,1.)))
REPRESENTATION_ITEM('')
SURFACE()
);
#16=(
BOUNDED_SURFACE()
B_SPLINE_SURFACE(3,2,((#3958,#3959,#3960),(#3961,#3962,#3963),(#3964,#3965,
#3966),(#3967,#3968,#3969),(#3970,#3971,#3972),(#3973,#3974,#3975),(#3976,
#3977,#3978),(#3979,#3980,#3981),(#3982,#3983,#3984),(#3985,#3986,#3987),
(#3988,#3989,#3990)),.UNSPECIFIED.,.F.,.F.,.F.)
B_SPLINE_SURFACE_WITH_KNOTS((4,1,1,1,1,1,1,1,4),(3,3),(0.0217717876142766,
0.024917798369059,0.0280638091238415,0.0312098198786239,0.0343558306334064,
0.0375018413881888,0.0406478521429713,0.0437938628977537,0.0469398736525362),
(0.,1.),.UNSPECIFIED.)
GEOMETRIC_REPRESENTATION_ITEM()
RATIONAL_B_SPLINE_SURFACE(((1.,0.707106781186538,1.),(1.,0.707106781186538,
1.),(1.,0.707106781186538,1.),(1.,0.707106781186538,1.),(1.,0.707106781186538,
1.),(1.,0.707106781186538,1.),(1.,0.707106781186538,1.),(1.,0.707106781186538,
1.),(1.,0.707106781186538,1.),(1.,0.707106781186538,1.),(1.,0.707106781186538,
1.)))
REPRESENTATION_ITEM('')
SURFACE()
);
#17=(
BOUNDED_SURFACE()
B_SPLINE_SURFACE(3,2,((#3996,#3997,#3998),(#3999,#4000,#4001),(#4002,#4003,
#4004),(#4005,#4006,#4007),(#4008,#4009,#4010),(#4011,#4012,#4013),(#4014,
#4015,#4016),(#4017,#4018,#4019),(#4020,#4021,#4022),(#4023,#4024,#4025),
(#4026,#4027,#4028),(#4029,#4030,#4031)),.UNSPECIFIED.,.F.,.F.,.F.)
B_SPLINE_SURFACE_WITH_KNOTS((4,1,1,1,1,1,1,1,1,4),(3,3),(0.0315264354734611,
0.0346754688025699,0.0378245021316788,0.0409735354607876,0.0425480521253421,
0.0441225687898965,0.0472716021190054,0.0504206354481142,0.0535696687772231,
0.0567187021063319),(0.,1.),.UNSPECIFIED.)
GEOMETRIC_REPRESENTATION_ITEM()
RATIONAL_B_SPLINE_SURFACE(((1.,0.707106781186538,1.),(1.,0.707106781186538,
1.),(1.,0.707106781186539,1.),(1.,0.707106781186537,1.),(1.,0.707106781186538,
1.),(1.,0.707106781186538,1.),(1.,0.707106781186537,1.),(1.,0.707106781186538,
1.),(1.,0.707106781186537,1.),(1.,0.707106781186539,1.),(1.,0.707106781186538,
1.),(1.,0.707106781186538,1.)))
REPRESENTATION_ITEM('')
SURFACE()
);
#18=(
BOUNDED_SURFACE()
B_SPLINE_SURFACE(3,2,((#4041,#4042,#4043),(#4044,#4045,#4046),(#4047,#4048,
#4049),(#4050,#4051,#4052),(#4053,#4054,#4055),(#4056,#4057,#4058),(#4059,
#4060,#4061),(#4062,#4063,#4064),(#4065,#4066,#4067),(#4068,#4069,#4070),
(#4071,#4072,#4073)),.UNSPECIFIED.,.F.,.F.,.F.)
B_SPLINE_SURFACE_WITH_KNOTS((4,1,1,1,1,1,1,1,4),(3,3),(0.012177819070246,
0.0144644469141976,0.0167510747581492,0.0190377026021008,0.0213243304460524,
0.023610958290004,0.0258975861339556,0.0281842139779073,0.0304708418218589),
(0.,1.),.UNSPECIFIED.)
GEOMETRIC_REPRESENTATION_ITEM()
RATIONAL_B_SPLINE_SURFACE(((1.,0.707106781186547,1.),(1.,0.707106781186547,
1.),(1.,0.707106781186548,1.),(1.,0.707106781186547,1.),(1.,0.707106781186547,
1.),(1.,0.707106781186548,1.),(1.,0.707106781186548,1.),(1.,0.707106781186546,
1.),(1.,0.707106781186549,1.),(1.,0.707106781186547,1.),(1.,0.707106781186547,
1.)))
REPRESENTATION_ITEM('')
SURFACE()
);
#19=(
BOUNDED_SURFACE()
B_SPLINE_SURFACE(3,2,((#4090,#4091,#4092),(#4093,#4094,#4095),(#4096,#4097,
#4098),(#4099,#4100,#4101)),.UNSPECIFIED.,.F.,.F.,.F.)
B_SPLINE_SURFACE_WITH_KNOTS((4,4),(3,3),(0.0438879058406519,0.0472650647734358),
(0.,1.),.PIECEWISE_BEZIER_KNOTS.)
GEOMETRIC_REPRESENTATION_ITEM()
RATIONAL_B_SPLINE_SURFACE(((1.,0.707106781186538,1.),(1.,0.707106781186538,
1.),(1.,0.707106781186538,1.),(1.,0.707106781186538,1.)))
REPRESENTATION_ITEM('')
SURFACE()
);
#20=SPHERICAL_SURFACE('',#2267,0.0005);
#21=SPHERICAL_SURFACE('',#2286,0.0005);
#22=SPHERICAL_SURFACE('',#2294,0.0005);
#23=SPHERICAL_SURFACE('',#2323,0.0005);
#24=SPHERICAL_SURFACE('',#2325,0.0005);
#25=SPHERICAL_SURFACE('',#2331,0.0005);
#26=SPHERICAL_SURFACE('',#2337,0.0005);
#27=SPHERICAL_SURFACE('',#2359,0.0005);
#28=SPHERICAL_SURFACE('',#2361,0.0005);
#29=SPHERICAL_SURFACE('',#2363,0.0005);
#30=SPHERICAL_SURFACE('',#2365,0.0005);
#31=SPHERICAL_SURFACE('',#2368,0.0005);
#32=SPHERICAL_SURFACE('',#2384,0.0005);
#33=SPHERICAL_SURFACE('',#2386,0.0005);
#34=SPHERICAL_SURFACE('',#2388,0.0005);
#35=SPHERICAL_SURFACE('',#2390,0.0005);
#36=SPHERICAL_SURFACE('',#2399,0.0005);
#37=SPHERICAL_SURFACE('',#2401,0.0005);
#38=TOROIDAL_SURFACE('',#2261,0.0025,0.0005);
#39=TOROIDAL_SURFACE('',#2265,0.0025,0.0005);
#40=TOROIDAL_SURFACE('',#2270,0.0025,0.0005);
#41=TOROIDAL_SURFACE('',#2279,0.0035,0.0005);
#42=TOROIDAL_SURFACE('',#2292,0.0175,0.0005);
#43=TOROIDAL_SURFACE('',#2297,0.002125,0.0005);
#44=TOROIDAL_SURFACE('',#2298,0.0025,0.0005);
#45=TOROIDAL_SURFACE('',#2304,0.0025,0.0005);
#46=TOROIDAL_SURFACE('',#2306,0.0035,0.0005);
#47=TOROIDAL_SURFACE('',#2327,0.0025,0.0005);
#48=TOROIDAL_SURFACE('',#2350,0.012,0.0005);
#49=TOROIDAL_SURFACE('',#2355,0.012,0.0005);
#50=TOROIDAL_SURFACE('',#2372,0.0135,0.0005);
#51=TOROIDAL_SURFACE('',#2381,0.012,0.0005);
#52=TOROIDAL_SURFACE('',#2393,0.0135,0.0005);
#53=TOROIDAL_SURFACE('',#2395,0.012,0.0005);
#54=TOROIDAL_SURFACE('',#2404,0.002125,0.0005);
#55=TOROIDAL_SURFACE('',#2407,0.0035,0.0005);
#56=TOROIDAL_SURFACE('',#2409,0.0175,0.0005);
#57=TOROIDAL_SURFACE('',#2411,0.0035,0.0005);
#58=TOROIDAL_SURFACE('',#2415,0.0025,0.0005);
#59=TOROIDAL_SURFACE('',#2419,0.0035,0.0005);
#60=TOROIDAL_SURFACE('',#2421,0.0025,0.0005);
#61=TOROIDAL_SURFACE('',#2423,0.0175,0.0005);
#62=TOROIDAL_SURFACE('',#2427,0.0035,0.0005);
#63=TOROIDAL_SURFACE('',#2429,0.0025,0.0005);
#64=TOROIDAL_SURFACE('',#2435,0.0025,0.0005);
#65=TOROIDAL_SURFACE('',#2437,0.0035,0.0005);
#66=TOROIDAL_SURFACE('',#2441,0.0175,0.0005);
#67=TOROIDAL_SURFACE('',#2443,0.0025,0.0005);
#68=TOROIDAL_SURFACE('',#2445,0.0035,0.0005);
#69=TOROIDAL_SURFACE('',#2448,0.002125,0.0005);
#70=TOROIDAL_SURFACE('',#2449,0.002125,0.0005);
#71=ELLIPSE('',#2208,0.0151575063912241,0.013);
#72=ELLIPSE('',#2212,0.0151575063912241,0.013);
#73=ELLIPSE('',#2216,0.000577350269189626,0.0005);
#74=ELLIPSE('',#2217,0.0155884572681199,0.0135);
#75=ELLIPSE('',#2222,0.0155884572681199,0.0135);
#76=ELLIPSE('',#2223,0.000577350269189626,0.0005);
#77=ELLIPSE('',#2278,0.000577350269189626,0.0005);
#78=ELLIPSE('',#2289,0.000577350269189626,0.0005);
#79=ELLIPSE('',#2301,0.000577350269189626,0.0005);
#80=ELLIPSE('',#2303,0.000577350269189626,0.0005);
#81=ELLIPSE('',#2309,0.000577350269189626,0.0005);
#82=ELLIPSE('',#2322,0.000577350269189626,0.0005);
#83=ELLIPSE('',#2330,0.000577350269189626,0.0005);
#84=ELLIPSE('',#2336,0.000577350269189626,0.0005);
#85=PLANE('',#2156);
#86=PLANE('',#2157);
#87=PLANE('',#2158);
#88=PLANE('',#2161);
#89=PLANE('',#2165);
#90=PLANE('',#2174);
#91=PLANE('',#2175);
#92=PLANE('',#2176);
#93=PLANE('',#2177);
#94=PLANE('',#2178);
#95=PLANE('',#2179);
#96=PLANE('',#2189);
#97=PLANE('',#2204);
#98=PLANE('',#2209);
#99=PLANE('',#2214);
#100=PLANE('',#2215);
#101=PLANE('',#2218);
#102=PLANE('',#2219);
#103=PLANE('',#2220);
#104=PLANE('',#2221);
#105=PLANE('',#2224);
#106=B_SPLINE_CURVE_WITH_KNOTS('',3,(#3198,#3199,#3200,#3201,#3202,#3203,
#3204,#3205,#3206,#3207,#3208),.UNSPECIFIED.,.F.,.F.,(4,1,1,1,1,1,1,1,4),
(0.,0.00302207603152185,0.0060441520630437,0.00906622809456555,0.0120883041260874,
0.0151103801576093,0.0181324561891311,0.021154532220653,0.0241766082521748),
 .UNSPECIFIED.);
#107=B_SPLINE_CURVE_WITH_KNOTS('',3,(#3212,#3213,#3214,#3215,#3216,#3217,
#3218,#3219,#3220,#3221,#3222,#3223),.UNSPECIFIED.,.F.,.F.,(4,1,1,1,1,1,
1,1,1,4),(0.,0.00301929107015595,0.0060385821403119,0.00905787321046785,
0.0105675187455458,0.0120771642806238,0.0150964553507798,0.0181157464209357,
0.0211350374910917,0.0241543285612476),.UNSPECIFIED.);
#108=B_SPLINE_CURVE_WITH_KNOTS('',3,(#3288,#3289,#3290,#3291,#3292,#3293,
#3294,#3295,#3296,#3297),.UNSPECIFIED.,.F.,.F.,(4,1,1,1,1,1,1,4),(0.,0.00467025808097461,
0.00700538712146192,0.00934051616194922,0.0116756452024365,0.0140107742429238,
0.0163459032834111,0.0186810323238984),.UNSPECIFIED.);
#109=B_SPLINE_CURVE_WITH_KNOTS('',3,(#3342,#3343,#3344,#3345,#3346,#3347,
#3348,#3349,#3350,#3351,#3352),.UNSPECIFIED.,.F.,.F.,(4,1,1,1,1,1,1,1,4),
(0.,0.00219759577576225,0.00439519155152451,0.00659278732728676,0.00879038310304901,
0.0109879788788113,0.0131855746545735,0.0153831704303358,0.017580766206098),
 .UNSPECIFIED.);
#110=B_SPLINE_CURVE_WITH_KNOTS('',3,(#3356,#3357,#3358,#3359),
 .UNSPECIFIED.,.F.,.F.,(4,4),(0.,0.00327293918645641),.UNSPECIFIED.);
#111=B_SPLINE_CURVE_WITH_KNOTS('',3,(#3363,#3364,#3365,#3366,#3367,#3368,
#3369,#3370,#3371,#3372,#3373,#3374),.UNSPECIFIED.,.F.,.F.,(4,1,1,1,1,1,
1,1,1,4),(0.,0.00301929107015595,0.00603858214031189,0.00905787321046784,
0.0105675187455458,0.0120771642806238,0.0150964553507797,0.0181157464209357,
0.0211350374910916,0.0241543285612476),.UNSPECIFIED.);
#112=B_SPLINE_CURVE_WITH_KNOTS('',3,(#3378,#3379,#3380,#3381),
 .UNSPECIFIED.,.F.,.F.,(4,4),(0.,0.0032742373905384),.UNSPECIFIED.);
#113=B_SPLINE_CURVE_WITH_KNOTS('',3,(#3515,#3516,#3517,#3518,#3519,#3520,
#3521,#3522,#3523,#3524,#3525,#3526),.UNSPECIFIED.,.F.,.F.,(4,1,1,1,1,1,
1,1,1,4),(0.,0.00314579352699819,0.00629158705399638,0.00943738058099457,
0.0125831741079928,0.0141560708714918,0.0157289676349909,0.0188747611619891,
0.0220205546889873,0.0251663482159855),.UNSPECIFIED.);
#114=B_SPLINE_CURVE_WITH_KNOTS('',3,(#3530,#3531,#3532,#3533,#3534,#3535,
#3536,#3537,#3538,#3539,#3540,#3541),.UNSPECIFIED.,.F.,.F.,(4,1,1,1,1,1,
1,1,1,4),(0.,0.0031457935269982,0.00629158705399639,0.00943738058099459,
0.0125831741079928,0.0141560708714919,0.015728967634991,0.0188747611619892,
0.0220205546889874,0.0251663482159856),.UNSPECIFIED.);
#115=B_SPLINE_CURVE_WITH_KNOTS('',3,(#3565,#3566,#3567,#3568,#3569),
 .UNSPECIFIED.,.F.,.F.,(4,1,4),(0.,0.000499903329803784,0.000999806659607568),
 .UNSPECIFIED.);
#116=B_SPLINE_CURVE_WITH_KNOTS('',3,(#3589,#3590,#3591,#3592,#3593),
 .UNSPECIFIED.,.F.,.F.,(4,1,4),(0.,0.000496682211800652,0.000993364423601305),
 .UNSPECIFIED.);
#117=B_SPLINE_CURVE_WITH_KNOTS('',3,(#3608,#3609,#3610,#3611),
 .UNSPECIFIED.,.F.,.F.,(4,4),(0.,6.47230250284453E-5),.UNSPECIFIED.);
#118=B_SPLINE_CURVE_WITH_KNOTS('',3,(#3638,#3639,#3640,#3641),
 .UNSPECIFIED.,.F.,.F.,(4,4),(0.,6.47230250284661E-5),.UNSPECIFIED.);
#119=B_SPLINE_CURVE_WITH_KNOTS('',3,(#3658,#3659,#3660,#3661),
 .UNSPECIFIED.,.F.,.F.,(4,4),(0.,0.00228082573902023),.UNSPECIFIED.);
#120=B_SPLINE_CURVE_WITH_KNOTS('',3,(#3665,#3666,#3667,#3668,#3669,#3670,
#3671,#3672,#3673,#3674,#3675),.UNSPECIFIED.,.F.,.F.,(4,1,1,1,1,1,1,1,4),
(0.,0.00314869184650297,0.00629738369300594,0.00944607553950891,0.0125947673860119,
0.0157434592325149,0.0188921510790178,0.0220408429255208,0.0251895347720238),
 .UNSPECIFIED.);
#121=B_SPLINE_CURVE_WITH_KNOTS('',3,(#3679,#3680,#3681,#3682),
 .UNSPECIFIED.,.F.,.F.,(4,4),(0.,0.00227927705608335),.UNSPECIFIED.);
#122=B_SPLINE_CURVE_WITH_KNOTS('',3,(#3698,#3699,#3700,#3701),
 .UNSPECIFIED.,.F.,.F.,(4,4),(0.,0.00183650106557734),.UNSPECIFIED.);
#123=B_SPLINE_CURVE_WITH_KNOTS('',3,(#3711,#3712,#3713,#3714),
 .UNSPECIFIED.,.F.,.F.,(4,4),(0.,6.75319473695165E-5),.UNSPECIFIED.);
#124=B_SPLINE_CURVE_WITH_KNOTS('',3,(#3716,#3717,#3718,#3719),
 .UNSPECIFIED.,.F.,.F.,(4,4),(0.,0.00172959497583762),.UNSPECIFIED.);
#125=B_SPLINE_CURVE_WITH_KNOTS('',3,(#3742,#3743,#3744,#3745),
 .UNSPECIFIED.,.F.,.F.,(4,4),(0.,0.000781241145519551),.UNSPECIFIED.);
#126=B_SPLINE_CURVE_WITH_KNOTS('',3,(#3782,#3783,#3784,#3785),
 .UNSPECIFIED.,.F.,.F.,(4,4),(-7.69327323585807E-6,0.00143042939390147),
 .UNSPECIFIED.);
#127=B_SPLINE_CURVE_WITH_KNOTS('',3,(#3803,#3804,#3805,#3806),
 .UNSPECIFIED.,.F.,.F.,(4,4),(0.,0.000840981250112772),.UNSPECIFIED.);
#128=B_SPLINE_CURVE_WITH_KNOTS('',3,(#3829,#3830,#3831,#3832),
 .UNSPECIFIED.,.F.,.F.,(4,4),(0.,0.000714161140882239),.UNSPECIFIED.);
#129=B_SPLINE_CURVE_WITH_KNOTS('',3,(#3858,#3859,#3860,#3861),
 .UNSPECIFIED.,.F.,.F.,(4,4),(0.,0.000840981250112873),.UNSPECIFIED.);
#130=B_SPLINE_CURVE_WITH_KNOTS('',3,(#3919,#3920,#3921,#3922),
 .UNSPECIFIED.,.F.,.F.,(4,4),(0.,0.000334553663424888),.UNSPECIFIED.);
#131=B_SPLINE_CURVE_WITH_KNOTS('',3,(#3939,#3940,#3941,#3942),
 .UNSPECIFIED.,.F.,.F.,(4,4),(0.,0.000714161140882236),.UNSPECIFIED.);
#132=B_SPLINE_CURVE_WITH_KNOTS('',3,(#4086,#4087,#4088,#4089),
 .UNSPECIFIED.,.F.,.F.,(4,4),(0.,0.000334553663424885),.UNSPECIFIED.);
#133=B_SPLINE_SURFACE_WITH_KNOTS('',3,1,((#3181,#3182),(#3183,#3184),(#3185,
#3186),(#3187,#3188),(#3189,#3190),(#3191,#3192),(#3193,#3194)),
 .SURF_OF_LINEAR_EXTRUSION.,.F.,.F.,.F.,(4,1,1,1,4),(2,2),(5.24737794066401,
5.7652816239218,6.28318530717959,6.80108899043738,7.31899267369517),(0.,
1.),.UNSPECIFIED.);
#134=B_SPLINE_SURFACE_WITH_KNOTS('',3,1,((#3325,#3326),(#3327,#3328),(#3329,
#3330),(#3331,#3332),(#3333,#3334),(#3335,#3336),(#3337,#3338)),
 .SURF_OF_LINEAR_EXTRUSION.,.F.,.F.,.F.,(4,1,1,1,4),(2,2),(2.10578528707421,
2.623688970332,3.14159265358979,3.65949633684759,4.17740002010538),(0.,
1.),.UNSPECIFIED.);
#135=CIRCLE('',#2148,0.0115);
#136=CIRCLE('',#2149,0.0115);
#137=CIRCLE('',#2151,0.018);
#138=CIRCLE('',#2152,0.018);
#139=CIRCLE('',#2154,0.0115);
#140=CIRCLE('',#2155,0.0115);
#141=CIRCLE('',#2159,0.0025);
#142=CIRCLE('',#2160,0.0025);
#143=CIRCLE('',#2162,0.0025);
#144=CIRCLE('',#2163,0.0025);
#145=CIRCLE('',#2164,0.002125);
#146=CIRCLE('',#2166,0.002125);
#147=CIRCLE('',#2167,0.0135);
#148=CIRCLE('',#2168,0.0025);
#149=CIRCLE('',#2169,0.0035);
#150=CIRCLE('',#2170,0.0175);
#151=CIRCLE('',#2171,0.0035);
#152=CIRCLE('',#2172,0.0025);
#153=CIRCLE('',#2173,0.0135);
#154=CIRCLE('',#2181,0.001625);
#155=CIRCLE('',#2182,0.001625);
#156=CIRCLE('',#2184,0.018);
#157=CIRCLE('',#2185,0.018);
#158=CIRCLE('',#2187,0.001625);
#159=CIRCLE('',#2188,0.001625);
#160=CIRCLE('',#2190,0.0025);
#161=CIRCLE('',#2191,0.0035);
#162=CIRCLE('',#2192,0.0175);
#163=CIRCLE('',#2193,0.0035);
#164=CIRCLE('',#2194,0.0025);
#165=CIRCLE('',#2195,0.0025);
#166=CIRCLE('',#2196,0.0035);
#167=CIRCLE('',#2197,0.0175);
#168=CIRCLE('',#2198,0.0035);
#169=CIRCLE('',#2199,0.0025);
#170=CIRCLE('',#2200,0.012);
#171=CIRCLE('',#2201,0.012);
#172=CIRCLE('',#2202,0.002125);
#173=CIRCLE('',#2203,0.002125);
#174=CIRCLE('',#2206,0.013);
#175=CIRCLE('',#2207,0.013);
#176=CIRCLE('',#2211,0.013);
#177=CIRCLE('',#2213,0.013);
#178=CIRCLE('',#2225,0.012);
#179=CIRCLE('',#2226,0.012);
#180=CIRCLE('',#2227,0.003);
#181=CIRCLE('',#2228,0.0035);
#182=CIRCLE('',#2229,0.0175);
#183=CIRCLE('',#2230,0.0035);
#184=CIRCLE('',#2231,0.003);
#185=CIRCLE('',#2233,0.003);
#186=CIRCLE('',#2235,0.003);
#187=CIRCLE('',#2236,0.003);
#188=CIRCLE('',#2237,0.003);
#189=CIRCLE('',#2239,0.003);
#190=CIRCLE('',#2241,0.003);
#191=CIRCLE('',#2242,0.003);
#192=CIRCLE('',#2244,0.003);
#193=CIRCLE('',#2245,0.003);
#194=CIRCLE('',#2247,0.003);
#195=CIRCLE('',#2248,0.003);
#196=CIRCLE('',#2250,0.003);
#197=CIRCLE('',#2251,0.003);
#198=CIRCLE('',#2253,0.003);
#199=CIRCLE('',#2254,0.003);
#200=CIRCLE('',#2256,0.003);
#201=CIRCLE('',#2257,0.003);
#202=CIRCLE('',#2259,0.003);
#203=CIRCLE('',#2260,0.003);
#204=CIRCLE('',#2262,0.0005);
#205=CIRCLE('',#2264,0.0005);
#206=CIRCLE('',#2266,0.0005);
#207=CIRCLE('',#2268,0.0005);
#208=CIRCLE('',#2269,0.0005);
#209=CIRCLE('',#2271,0.0005);
#210=CIRCLE('',#2272,0.0005);
#211=CIRCLE('',#2274,0.0005);
#212=CIRCLE('',#2276,0.0005);
#213=CIRCLE('',#2280,0.0005);
#214=CIRCLE('',#2281,0.0005);
#215=CIRCLE('',#2283,0.0005);
#216=CIRCLE('',#2285,0.0005);
#217=CIRCLE('',#2287,0.0005);
#218=CIRCLE('',#2291,0.0005);
#219=CIRCLE('',#2293,0.0005);
#220=CIRCLE('',#2295,0.0005);
#221=CIRCLE('',#2296,0.0005);
#222=CIRCLE('',#2299,0.0005);
#223=CIRCLE('',#2305,0.0005);
#224=CIRCLE('',#2307,0.0005);
#225=CIRCLE('',#2311,0.0005);
#226=CIRCLE('',#2313,0.0005);
#227=CIRCLE('',#2316,0.0005);
#228=CIRCLE('',#2318,0.0005);
#229=CIRCLE('',#2320,0.0005);
#230=CIRCLE('',#2324,0.0005);
#231=CIRCLE('',#2326,0.0005);
#232=CIRCLE('',#2328,0.0005);
#233=CIRCLE('',#2332,0.0005);
#234=CIRCLE('',#2333,0.0005);
#235=CIRCLE('',#2334,0.0005);
#236=CIRCLE('',#2338,0.0005);
#237=CIRCLE('',#2339,0.0005);
#238=CIRCLE('',#2340,0.0005);
#239=CIRCLE('',#2342,0.0005);
#240=CIRCLE('',#2344,0.0005);
#241=CIRCLE('',#2346,0.0005);
#242=CIRCLE('',#2348,0.0005);
#243=CIRCLE('',#2351,0.0005);
#244=CIRCLE('',#2353,0.0005);
#245=CIRCLE('',#2354,0.0005);
#246=CIRCLE('',#2356,0.0005);
#247=CIRCLE('',#2358,0.0005);
#248=CIRCLE('',#2360,0.0005);
#249=CIRCLE('',#2362,0.0005);
#250=CIRCLE('',#2364,0.0005);
#251=CIRCLE('',#2366,0.0005);
#252=CIRCLE('',#2367,0.0005);
#253=CIRCLE('',#2369,0.0005);
#254=CIRCLE('',#2371,0.0005);
#255=CIRCLE('',#2373,0.0005);
#256=CIRCLE('',#2375,0.0005);
#257=CIRCLE('',#2377,0.0005);
#258=CIRCLE('',#2378,0.0005);
#259=CIRCLE('',#2380,0.0005);
#260=CIRCLE('',#2382,0.0005);
#261=CIRCLE('',#2383,0.0005);
#262=CIRCLE('',#2385,0.0005);
#263=CIRCLE('',#2387,0.0005);
#264=CIRCLE('',#2389,0.0005);
#265=CIRCLE('',#2391,0.0005);
#266=CIRCLE('',#2392,0.0005);
#267=CIRCLE('',#2394,0.0005);
#268=CIRCLE('',#2396,0.0005);
#269=CIRCLE('',#2398,0.0005);
#270=CIRCLE('',#2400,0.0005);
#271=CIRCLE('',#2402,0.0005);
#272=CIRCLE('',#2406,0.0005);
#273=CIRCLE('',#2408,0.0005);
#274=CIRCLE('',#2410,0.0005);
#275=CIRCLE('',#2412,0.0005);
#276=CIRCLE('',#2414,0.0005);
#277=CIRCLE('',#2417,0.0005);
#278=CIRCLE('',#2418,0.0005);
#279=CIRCLE('',#2420,0.0005);
#280=CIRCLE('',#2422,0.0005);
#281=CIRCLE('',#2424,0.0005);
#282=CIRCLE('',#2426,0.0005);
#283=CIRCLE('',#2428,0.0005);
#284=CIRCLE('',#2430,0.0005);
#285=CIRCLE('',#2432,0.0005);
#286=CIRCLE('',#2434,0.0005);
#287=CIRCLE('',#2436,0.0005);
#288=CIRCLE('',#2438,0.0005);
#289=CIRCLE('',#2440,0.0005);
#290=CIRCLE('',#2442,0.0005);
#291=CIRCLE('',#2444,0.0005);
#292=CIRCLE('',#2446,0.0005);
#293=ORIENTED_EDGE('',*,*,#917,.T.);
#294=ORIENTED_EDGE('',*,*,#918,.T.);
#295=ORIENTED_EDGE('',*,*,#919,.T.);
#296=ORIENTED_EDGE('',*,*,#920,.T.);
#297=ORIENTED_EDGE('',*,*,#921,.T.);
#298=ORIENTED_EDGE('',*,*,#922,.T.);
#299=ORIENTED_EDGE('',*,*,#923,.T.);
#300=ORIENTED_EDGE('',*,*,#924,.T.);
#301=ORIENTED_EDGE('',*,*,#925,.T.);
#302=ORIENTED_EDGE('',*,*,#926,.T.);
#303=ORIENTED_EDGE('',*,*,#927,.T.);
#304=ORIENTED_EDGE('',*,*,#928,.T.);
#305=ORIENTED_EDGE('',*,*,#929,.T.);
#306=ORIENTED_EDGE('',*,*,#930,.T.);
#307=ORIENTED_EDGE('',*,*,#931,.T.);
#308=ORIENTED_EDGE('',*,*,#932,.T.);
#309=ORIENTED_EDGE('',*,*,#933,.T.);
#310=ORIENTED_EDGE('',*,*,#934,.T.);
#311=ORIENTED_EDGE('',*,*,#935,.F.);
#312=ORIENTED_EDGE('',*,*,#936,.T.);
#313=ORIENTED_EDGE('',*,*,#935,.T.);
#314=ORIENTED_EDGE('',*,*,#937,.T.);
#315=ORIENTED_EDGE('',*,*,#938,.F.);
#316=ORIENTED_EDGE('',*,*,#939,.T.);
#317=ORIENTED_EDGE('',*,*,#940,.T.);
#318=ORIENTED_EDGE('',*,*,#941,.T.);
#319=ORIENTED_EDGE('',*,*,#942,.T.);
#320=ORIENTED_EDGE('',*,*,#943,.T.);
#321=ORIENTED_EDGE('',*,*,#944,.T.);
#322=ORIENTED_EDGE('',*,*,#945,.T.);
#323=ORIENTED_EDGE('',*,*,#946,.T.);
#324=ORIENTED_EDGE('',*,*,#947,.T.);
#325=ORIENTED_EDGE('',*,*,#948,.T.);
#326=ORIENTED_EDGE('',*,*,#949,.T.);
#327=ORIENTED_EDGE('',*,*,#950,.T.);
#328=ORIENTED_EDGE('',*,*,#951,.T.);
#329=ORIENTED_EDGE('',*,*,#952,.T.);
#330=ORIENTED_EDGE('',*,*,#953,.T.);
#331=ORIENTED_EDGE('',*,*,#954,.T.);
#332=ORIENTED_EDGE('',*,*,#955,.T.);
#333=ORIENTED_EDGE('',*,*,#956,.T.);
#334=ORIENTED_EDGE('',*,*,#957,.T.);
#335=ORIENTED_EDGE('',*,*,#958,.T.);
#336=ORIENTED_EDGE('',*,*,#959,.T.);
#337=ORIENTED_EDGE('',*,*,#960,.T.);
#338=ORIENTED_EDGE('',*,*,#961,.T.);
#339=ORIENTED_EDGE('',*,*,#962,.T.);
#340=ORIENTED_EDGE('',*,*,#963,.T.);
#341=ORIENTED_EDGE('',*,*,#964,.T.);
#342=ORIENTED_EDGE('',*,*,#965,.T.);
#343=ORIENTED_EDGE('',*,*,#966,.T.);
#344=ORIENTED_EDGE('',*,*,#967,.T.);
#345=ORIENTED_EDGE('',*,*,#968,.T.);
#346=ORIENTED_EDGE('',*,*,#969,.T.);
#347=ORIENTED_EDGE('',*,*,#970,.T.);
#348=ORIENTED_EDGE('',*,*,#971,.T.);
#349=ORIENTED_EDGE('',*,*,#972,.T.);
#350=ORIENTED_EDGE('',*,*,#973,.T.);
#351=ORIENTED_EDGE('',*,*,#974,.T.);
#352=ORIENTED_EDGE('',*,*,#975,.T.);
#353=ORIENTED_EDGE('',*,*,#976,.T.);
#354=ORIENTED_EDGE('',*,*,#977,.T.);
#355=ORIENTED_EDGE('',*,*,#978,.T.);
#356=ORIENTED_EDGE('',*,*,#979,.T.);
#357=ORIENTED_EDGE('',*,*,#980,.T.);
#358=ORIENTED_EDGE('',*,*,#981,.T.);
#359=ORIENTED_EDGE('',*,*,#982,.T.);
#360=ORIENTED_EDGE('',*,*,#983,.T.);
#361=ORIENTED_EDGE('',*,*,#984,.T.);
#362=ORIENTED_EDGE('',*,*,#985,.T.);
#363=ORIENTED_EDGE('',*,*,#986,.T.);
#364=ORIENTED_EDGE('',*,*,#987,.T.);
#365=ORIENTED_EDGE('',*,*,#988,.T.);
#366=ORIENTED_EDGE('',*,*,#989,.T.);
#367=ORIENTED_EDGE('',*,*,#990,.T.);
#368=ORIENTED_EDGE('',*,*,#991,.T.);
#369=ORIENTED_EDGE('',*,*,#992,.T.);
#370=ORIENTED_EDGE('',*,*,#993,.T.);
#371=ORIENTED_EDGE('',*,*,#994,.T.);
#372=ORIENTED_EDGE('',*,*,#995,.T.);
#373=ORIENTED_EDGE('',*,*,#996,.T.);
#374=ORIENTED_EDGE('',*,*,#997,.T.);
#375=ORIENTED_EDGE('',*,*,#998,.T.);
#376=ORIENTED_EDGE('',*,*,#999,.T.);
#377=ORIENTED_EDGE('',*,*,#1000,.T.);
#378=ORIENTED_EDGE('',*,*,#1001,.T.);
#379=ORIENTED_EDGE('',*,*,#1002,.T.);
#380=ORIENTED_EDGE('',*,*,#1003,.T.);
#381=ORIENTED_EDGE('',*,*,#1004,.T.);
#382=ORIENTED_EDGE('',*,*,#1005,.T.);
#383=ORIENTED_EDGE('',*,*,#1006,.T.);
#384=ORIENTED_EDGE('',*,*,#1007,.T.);
#385=ORIENTED_EDGE('',*,*,#1008,.T.);
#386=ORIENTED_EDGE('',*,*,#1009,.T.);
#387=ORIENTED_EDGE('',*,*,#1010,.T.);
#388=ORIENTED_EDGE('',*,*,#1011,.T.);
#389=ORIENTED_EDGE('',*,*,#1012,.T.);
#390=ORIENTED_EDGE('',*,*,#1013,.T.);
#391=ORIENTED_EDGE('',*,*,#1014,.T.);
#392=ORIENTED_EDGE('',*,*,#1015,.T.);
#393=ORIENTED_EDGE('',*,*,#1016,.T.);
#394=ORIENTED_EDGE('',*,*,#1017,.T.);
#395=ORIENTED_EDGE('',*,*,#1018,.T.);
#396=ORIENTED_EDGE('',*,*,#1019,.T.);
#397=ORIENTED_EDGE('',*,*,#1020,.T.);
#398=ORIENTED_EDGE('',*,*,#1021,.T.);
#399=ORIENTED_EDGE('',*,*,#1022,.T.);
#400=ORIENTED_EDGE('',*,*,#1023,.T.);
#401=ORIENTED_EDGE('',*,*,#1024,.T.);
#402=ORIENTED_EDGE('',*,*,#1025,.T.);
#403=ORIENTED_EDGE('',*,*,#1026,.T.);
#404=ORIENTED_EDGE('',*,*,#1027,.T.);
#405=ORIENTED_EDGE('',*,*,#1028,.T.);
#406=ORIENTED_EDGE('',*,*,#1029,.T.);
#407=ORIENTED_EDGE('',*,*,#1030,.T.);
#408=ORIENTED_EDGE('',*,*,#1031,.T.);
#409=ORIENTED_EDGE('',*,*,#1032,.T.);
#410=ORIENTED_EDGE('',*,*,#1033,.T.);
#411=ORIENTED_EDGE('',*,*,#1034,.T.);
#412=ORIENTED_EDGE('',*,*,#1035,.T.);
#413=ORIENTED_EDGE('',*,*,#1036,.T.);
#414=ORIENTED_EDGE('',*,*,#1037,.T.);
#415=ORIENTED_EDGE('',*,*,#1038,.T.);
#416=ORIENTED_EDGE('',*,*,#1039,.T.);
#417=ORIENTED_EDGE('',*,*,#1040,.T.);
#418=ORIENTED_EDGE('',*,*,#1041,.T.);
#419=ORIENTED_EDGE('',*,*,#1042,.T.);
#420=ORIENTED_EDGE('',*,*,#1043,.T.);
#421=ORIENTED_EDGE('',*,*,#1044,.F.);
#422=ORIENTED_EDGE('',*,*,#1045,.F.);
#423=ORIENTED_EDGE('',*,*,#1046,.T.);
#424=ORIENTED_EDGE('',*,*,#1047,.T.);
#425=ORIENTED_EDGE('',*,*,#1048,.T.);
#426=ORIENTED_EDGE('',*,*,#1049,.T.);
#427=ORIENTED_EDGE('',*,*,#1050,.T.);
#428=ORIENTED_EDGE('',*,*,#1051,.F.);
#429=ORIENTED_EDGE('',*,*,#1044,.T.);
#430=ORIENTED_EDGE('',*,*,#1052,.T.);
#431=ORIENTED_EDGE('',*,*,#1053,.T.);
#432=ORIENTED_EDGE('',*,*,#1054,.T.);
#433=ORIENTED_EDGE('',*,*,#1055,.T.);
#434=ORIENTED_EDGE('',*,*,#1056,.T.);
#435=ORIENTED_EDGE('',*,*,#1057,.T.);
#436=ORIENTED_EDGE('',*,*,#1058,.T.);
#437=ORIENTED_EDGE('',*,*,#1059,.T.);
#438=ORIENTED_EDGE('',*,*,#1060,.T.);
#439=ORIENTED_EDGE('',*,*,#1061,.T.);
#440=ORIENTED_EDGE('',*,*,#1062,.T.);
#441=ORIENTED_EDGE('',*,*,#1063,.T.);
#442=ORIENTED_EDGE('',*,*,#1064,.T.);
#443=ORIENTED_EDGE('',*,*,#1054,.F.);
#444=ORIENTED_EDGE('',*,*,#1065,.F.);
#445=ORIENTED_EDGE('',*,*,#1066,.T.);
#446=ORIENTED_EDGE('',*,*,#1067,.T.);
#447=ORIENTED_EDGE('',*,*,#1068,.T.);
#448=ORIENTED_EDGE('',*,*,#1069,.T.);
#449=ORIENTED_EDGE('',*,*,#1070,.T.);
#450=ORIENTED_EDGE('',*,*,#938,.T.);
#451=ORIENTED_EDGE('',*,*,#1071,.T.);
#452=ORIENTED_EDGE('',*,*,#1072,.T.);
#453=ORIENTED_EDGE('',*,*,#1066,.F.);
#454=ORIENTED_EDGE('',*,*,#1073,.T.);
#455=ORIENTED_EDGE('',*,*,#1074,.F.);
#456=ORIENTED_EDGE('',*,*,#1075,.T.);
#457=ORIENTED_EDGE('',*,*,#1076,.T.);
#458=ORIENTED_EDGE('',*,*,#1077,.T.);
#459=ORIENTED_EDGE('',*,*,#1078,.T.);
#460=ORIENTED_EDGE('',*,*,#1079,.T.);
#461=ORIENTED_EDGE('',*,*,#1080,.T.);
#462=ORIENTED_EDGE('',*,*,#1081,.T.);
#463=ORIENTED_EDGE('',*,*,#1082,.T.);
#464=ORIENTED_EDGE('',*,*,#1083,.F.);
#465=ORIENTED_EDGE('',*,*,#1084,.T.);
#466=ORIENTED_EDGE('',*,*,#1074,.T.);
#467=ORIENTED_EDGE('',*,*,#1085,.T.);
#468=ORIENTED_EDGE('',*,*,#1081,.F.);
#469=ORIENTED_EDGE('',*,*,#1086,.T.);
#470=ORIENTED_EDGE('',*,*,#1087,.T.);
#471=ORIENTED_EDGE('',*,*,#1083,.T.);
#472=ORIENTED_EDGE('',*,*,#1088,.T.);
#473=ORIENTED_EDGE('',*,*,#1051,.T.);
#474=ORIENTED_EDGE('',*,*,#1089,.T.);
#475=ORIENTED_EDGE('',*,*,#1090,.T.);
#476=ORIENTED_EDGE('',*,*,#1091,.T.);
#477=ORIENTED_EDGE('',*,*,#1092,.T.);
#478=ORIENTED_EDGE('',*,*,#1093,.T.);
#479=ORIENTED_EDGE('',*,*,#1065,.T.);
#480=ORIENTED_EDGE('',*,*,#1059,.F.);
#481=ORIENTED_EDGE('',*,*,#1094,.T.);
#482=ORIENTED_EDGE('',*,*,#1095,.T.);
#483=ORIENTED_EDGE('',*,*,#1096,.T.);
#484=ORIENTED_EDGE('',*,*,#1097,.T.);
#485=ORIENTED_EDGE('',*,*,#1098,.T.);
#486=ORIENTED_EDGE('',*,*,#1099,.T.);
#487=ORIENTED_EDGE('',*,*,#1100,.T.);
#488=ORIENTED_EDGE('',*,*,#1045,.T.);
#489=ORIENTED_EDGE('',*,*,#991,.F.);
#490=ORIENTED_EDGE('',*,*,#1101,.T.);
#491=ORIENTED_EDGE('',*,*,#1046,.F.);
#492=ORIENTED_EDGE('',*,*,#1100,.F.);
#493=ORIENTED_EDGE('',*,*,#1102,.T.);
#494=ORIENTED_EDGE('',*,*,#997,.F.);
#495=ORIENTED_EDGE('',*,*,#1103,.T.);
#496=ORIENTED_EDGE('',*,*,#1104,.F.);
#497=ORIENTED_EDGE('',*,*,#1105,.T.);
#498=ORIENTED_EDGE('',*,*,#1001,.F.);
#499=ORIENTED_EDGE('',*,*,#1106,.T.);
#500=ORIENTED_EDGE('',*,*,#1058,.F.);
#501=ORIENTED_EDGE('',*,*,#1107,.T.);
#502=ORIENTED_EDGE('',*,*,#1104,.T.);
#503=ORIENTED_EDGE('',*,*,#1108,.T.);
#504=ORIENTED_EDGE('',*,*,#1109,.T.);
#505=ORIENTED_EDGE('',*,*,#1094,.F.);
#506=ORIENTED_EDGE('',*,*,#980,.F.);
#507=ORIENTED_EDGE('',*,*,#1110,.T.);
#508=ORIENTED_EDGE('',*,*,#989,.F.);
#509=ORIENTED_EDGE('',*,*,#1111,.T.);
#510=ORIENTED_EDGE('',*,*,#982,.F.);
#511=ORIENTED_EDGE('',*,*,#1112,.T.);
#512=ORIENTED_EDGE('',*,*,#976,.F.);
#513=ORIENTED_EDGE('',*,*,#1113,.T.);
#514=ORIENTED_EDGE('',*,*,#978,.F.);
#515=ORIENTED_EDGE('',*,*,#1114,.T.);
#516=ORIENTED_EDGE('',*,*,#1014,.F.);
#517=ORIENTED_EDGE('',*,*,#1115,.T.);
#518=ORIENTED_EDGE('',*,*,#1016,.F.);
#519=ORIENTED_EDGE('',*,*,#1116,.T.);
#520=ORIENTED_EDGE('',*,*,#1008,.F.);
#521=ORIENTED_EDGE('',*,*,#1117,.T.);
#522=ORIENTED_EDGE('',*,*,#1010,.F.);
#523=ORIENTED_EDGE('',*,*,#1118,.T.);
#524=ORIENTED_EDGE('',*,*,#999,.F.);
#525=ORIENTED_EDGE('',*,*,#1119,.T.);
#526=ORIENTED_EDGE('',*,*,#927,.F.);
#527=ORIENTED_EDGE('',*,*,#1120,.T.);
#528=ORIENTED_EDGE('',*,*,#995,.F.);
#529=ORIENTED_EDGE('',*,*,#1121,.T.);
#530=ORIENTED_EDGE('',*,*,#993,.F.);
#531=ORIENTED_EDGE('',*,*,#1122,.T.);
#532=ORIENTED_EDGE('',*,*,#925,.F.);
#533=ORIENTED_EDGE('',*,*,#1123,.T.);
#534=ORIENTED_EDGE('',*,*,#1124,.F.);
#535=ORIENTED_EDGE('',*,*,#944,.F.);
#536=ORIENTED_EDGE('',*,*,#1125,.F.);
#537=ORIENTED_EDGE('',*,*,#1105,.F.);
#538=ORIENTED_EDGE('',*,*,#1125,.T.);
#539=ORIENTED_EDGE('',*,*,#943,.F.);
#540=ORIENTED_EDGE('',*,*,#1126,.F.);
#541=ORIENTED_EDGE('',*,*,#1002,.F.);
#542=ORIENTED_EDGE('',*,*,#1124,.T.);
#543=ORIENTED_EDGE('',*,*,#1107,.F.);
#544=ORIENTED_EDGE('',*,*,#1127,.F.);
#545=ORIENTED_EDGE('',*,*,#940,.F.);
#546=ORIENTED_EDGE('',*,*,#1128,.F.);
#547=ORIENTED_EDGE('',*,*,#1126,.T.);
#548=ORIENTED_EDGE('',*,*,#1129,.F.);
#549=ORIENTED_EDGE('',*,*,#1130,.F.);
#550=ORIENTED_EDGE('',*,*,#1110,.F.);
#551=ORIENTED_EDGE('',*,*,#1131,.F.);
#552=ORIENTED_EDGE('',*,*,#947,.F.);
#553=ORIENTED_EDGE('',*,*,#1127,.T.);
#554=ORIENTED_EDGE('',*,*,#1057,.F.);
#555=ORIENTED_EDGE('',*,*,#1132,.F.);
#556=ORIENTED_EDGE('',*,*,#941,.F.);
#557=ORIENTED_EDGE('',*,*,#1129,.T.);
#558=ORIENTED_EDGE('',*,*,#942,.F.);
#559=ORIENTED_EDGE('',*,*,#1133,.F.);
#560=ORIENTED_EDGE('',*,*,#933,.F.);
#561=ORIENTED_EDGE('',*,*,#1128,.T.);
#562=ORIENTED_EDGE('',*,*,#936,.F.);
#563=ORIENTED_EDGE('',*,*,#1134,.F.);
#564=ORIENTED_EDGE('',*,*,#1003,.F.);
#565=ORIENTED_EDGE('',*,*,#1135,.F.);
#566=ORIENTED_EDGE('',*,*,#1117,.F.);
#567=ORIENTED_EDGE('',*,*,#1136,.F.);
#568=ORIENTED_EDGE('',*,*,#962,.F.);
#569=ORIENTED_EDGE('',*,*,#1131,.T.);
#570=ORIENTED_EDGE('',*,*,#988,.F.);
#571=ORIENTED_EDGE('',*,*,#1137,.F.);
#572=ORIENTED_EDGE('',*,*,#948,.F.);
#573=ORIENTED_EDGE('',*,*,#1130,.T.);
#574=ORIENTED_EDGE('',*,*,#946,.F.);
#575=ORIENTED_EDGE('',*,*,#1138,.F.);
#576=ORIENTED_EDGE('',*,*,#990,.F.);
#577=ORIENTED_EDGE('',*,*,#1133,.T.);
#578=ORIENTED_EDGE('',*,*,#1132,.T.);
#579=ORIENTED_EDGE('',*,*,#1139,.F.);
#580=ORIENTED_EDGE('',*,*,#1134,.T.);
#581=ORIENTED_EDGE('',*,*,#939,.F.);
#582=ORIENTED_EDGE('',*,*,#1140,.F.);
#583=ORIENTED_EDGE('',*,*,#1004,.F.);
#584=ORIENTED_EDGE('',*,*,#1136,.T.);
#585=ORIENTED_EDGE('',*,*,#1011,.F.);
#586=ORIENTED_EDGE('',*,*,#1141,.F.);
#587=ORIENTED_EDGE('',*,*,#963,.F.);
#588=ORIENTED_EDGE('',*,*,#1135,.T.);
#589=ORIENTED_EDGE('',*,*,#961,.F.);
#590=ORIENTED_EDGE('',*,*,#1142,.F.);
#591=ORIENTED_EDGE('',*,*,#1017,.F.);
#592=ORIENTED_EDGE('',*,*,#1143,.F.);
#593=ORIENTED_EDGE('',*,*,#1137,.T.);
#594=ORIENTED_EDGE('',*,*,#1144,.F.);
#595=ORIENTED_EDGE('',*,*,#1012,.F.);
#596=ORIENTED_EDGE('',*,*,#951,.F.);
#597=ORIENTED_EDGE('',*,*,#1145,.F.);
#598=ORIENTED_EDGE('',*,*,#1138,.T.);
#599=ORIENTED_EDGE('',*,*,#945,.F.);
#600=ORIENTED_EDGE('',*,*,#1146,.F.);
#601=ORIENTED_EDGE('',*,*,#1101,.F.);
#602=ORIENTED_EDGE('',*,*,#1139,.T.);
#603=ORIENTED_EDGE('',*,*,#1056,.F.);
#604=ORIENTED_EDGE('',*,*,#1147,.F.);
#605=ORIENTED_EDGE('',*,*,#934,.F.);
#606=ORIENTED_EDGE('',*,*,#1140,.T.);
#607=ORIENTED_EDGE('',*,*,#1073,.F.);
#608=ORIENTED_EDGE('',*,*,#1148,.F.);
#609=ORIENTED_EDGE('',*,*,#1005,.F.);
#610=ORIENTED_EDGE('',*,*,#1141,.T.);
#611=ORIENTED_EDGE('',*,*,#1119,.F.);
#612=ORIENTED_EDGE('',*,*,#1149,.F.);
#613=ORIENTED_EDGE('',*,*,#964,.F.);
#614=ORIENTED_EDGE('',*,*,#1142,.T.);
#615=ORIENTED_EDGE('',*,*,#960,.F.);
#616=ORIENTED_EDGE('',*,*,#1150,.F.);
#617=ORIENTED_EDGE('',*,*,#1115,.F.);
#618=ORIENTED_EDGE('',*,*,#1144,.T.);
#619=ORIENTED_EDGE('',*,*,#987,.F.);
#620=ORIENTED_EDGE('',*,*,#1151,.F.);
#621=ORIENTED_EDGE('',*,*,#1077,.F.);
#622=ORIENTED_EDGE('',*,*,#1143,.T.);
#623=ORIENTED_EDGE('',*,*,#1076,.F.);
#624=ORIENTED_EDGE('',*,*,#1152,.F.);
#625=ORIENTED_EDGE('',*,*,#949,.F.);
#626=ORIENTED_EDGE('',*,*,#1145,.T.);
#627=ORIENTED_EDGE('',*,*,#950,.F.);
#628=ORIENTED_EDGE('',*,*,#1153,.F.);
#629=ORIENTED_EDGE('',*,*,#1047,.F.);
#630=ORIENTED_EDGE('',*,*,#1146,.T.);
#631=ORIENTED_EDGE('',*,*,#952,.F.);
#632=ORIENTED_EDGE('',*,*,#1147,.T.);
#633=ORIENTED_EDGE('',*,*,#1055,.F.);
#634=ORIENTED_EDGE('',*,*,#1154,.F.);
#635=ORIENTED_EDGE('',*,*,#1071,.F.);
#636=ORIENTED_EDGE('',*,*,#937,.F.);
#637=ORIENTED_EDGE('',*,*,#1148,.T.);
#638=ORIENTED_EDGE('',*,*,#1070,.F.);
#639=ORIENTED_EDGE('',*,*,#1155,.F.);
#640=ORIENTED_EDGE('',*,*,#1006,.F.);
#641=ORIENTED_EDGE('',*,*,#1149,.T.);
#642=ORIENTED_EDGE('',*,*,#1007,.F.);
#643=ORIENTED_EDGE('',*,*,#1156,.F.);
#644=ORIENTED_EDGE('',*,*,#965,.F.);
#645=ORIENTED_EDGE('',*,*,#1150,.T.);
#646=ORIENTED_EDGE('',*,*,#959,.F.);
#647=ORIENTED_EDGE('',*,*,#1157,.F.);
#648=ORIENTED_EDGE('',*,*,#979,.F.);
#649=ORIENTED_EDGE('',*,*,#1151,.T.);
#650=ORIENTED_EDGE('',*,*,#986,.F.);
#651=ORIENTED_EDGE('',*,*,#1158,.F.);
#652=ORIENTED_EDGE('',*,*,#1085,.F.);
#653=ORIENTED_EDGE('',*,*,#1153,.T.);
#654=ORIENTED_EDGE('',*,*,#1152,.T.);
#655=ORIENTED_EDGE('',*,*,#1159,.F.);
#656=ORIENTED_EDGE('',*,*,#1154,.T.);
#657=ORIENTED_EDGE('',*,*,#1064,.F.);
#658=ORIENTED_EDGE('',*,*,#1160,.F.);
#659=ORIENTED_EDGE('',*,*,#1067,.F.);
#660=ORIENTED_EDGE('',*,*,#1072,.F.);
#661=ORIENTED_EDGE('',*,*,#1156,.T.);
#662=ORIENTED_EDGE('',*,*,#1155,.T.);
#663=ORIENTED_EDGE('',*,*,#1161,.F.);
#664=ORIENTED_EDGE('',*,*,#1157,.T.);
#665=ORIENTED_EDGE('',*,*,#958,.F.);
#666=ORIENTED_EDGE('',*,*,#1162,.F.);
#667=ORIENTED_EDGE('',*,*,#1113,.F.);
#668=ORIENTED_EDGE('',*,*,#1158,.T.);
#669=ORIENTED_EDGE('',*,*,#985,.F.);
#670=ORIENTED_EDGE('',*,*,#1163,.F.);
#671=ORIENTED_EDGE('',*,*,#1088,.F.);
#672=ORIENTED_EDGE('',*,*,#1164,.F.);
#673=ORIENTED_EDGE('',*,*,#1165,.F.);
#674=ORIENTED_EDGE('',*,*,#1166,.F.);
#675=ORIENTED_EDGE('',*,*,#1159,.T.);
#676=ORIENTED_EDGE('',*,*,#1075,.F.);
#677=ORIENTED_EDGE('',*,*,#1167,.F.);
#678=ORIENTED_EDGE('',*,*,#1042,.F.);
#679=ORIENTED_EDGE('',*,*,#1168,.F.);
#680=ORIENTED_EDGE('',*,*,#1169,.F.);
#681=ORIENTED_EDGE('',*,*,#1170,.F.);
#682=ORIENTED_EDGE('',*,*,#1160,.T.);
#683=ORIENTED_EDGE('',*,*,#1063,.F.);
#684=ORIENTED_EDGE('',*,*,#1171,.F.);
#685=ORIENTED_EDGE('',*,*,#1068,.F.);
#686=ORIENTED_EDGE('',*,*,#1161,.T.);
#687=ORIENTED_EDGE('',*,*,#1069,.F.);
#688=ORIENTED_EDGE('',*,*,#1172,.F.);
#689=ORIENTED_EDGE('',*,*,#966,.F.);
#690=ORIENTED_EDGE('',*,*,#1162,.T.);
#691=ORIENTED_EDGE('',*,*,#957,.F.);
#692=ORIENTED_EDGE('',*,*,#1173,.F.);
#693=ORIENTED_EDGE('',*,*,#983,.F.);
#694=ORIENTED_EDGE('',*,*,#1163,.T.);
#695=ORIENTED_EDGE('',*,*,#984,.F.);
#696=ORIENTED_EDGE('',*,*,#1174,.F.);
#697=ORIENTED_EDGE('',*,*,#1082,.F.);
#698=ORIENTED_EDGE('',*,*,#1084,.F.);
#699=ORIENTED_EDGE('',*,*,#1087,.F.);
#700=ORIENTED_EDGE('',*,*,#1175,.F.);
#701=ORIENTED_EDGE('',*,*,#1043,.F.);
#702=ORIENTED_EDGE('',*,*,#1167,.T.);
#703=ORIENTED_EDGE('',*,*,#1169,.T.);
#704=ORIENTED_EDGE('',*,*,#1092,.F.);
#705=ORIENTED_EDGE('',*,*,#1176,.F.);
#706=ORIENTED_EDGE('',*,*,#918,.F.);
#707=ORIENTED_EDGE('',*,*,#1165,.T.);
#708=ORIENTED_EDGE('',*,*,#919,.F.);
#709=ORIENTED_EDGE('',*,*,#1177,.F.);
#710=ORIENTED_EDGE('',*,*,#921,.F.);
#711=ORIENTED_EDGE('',*,*,#1166,.T.);
#712=ORIENTED_EDGE('',*,*,#924,.F.);
#713=ORIENTED_EDGE('',*,*,#1178,.F.);
#714=ORIENTED_EDGE('',*,*,#1039,.F.);
#715=ORIENTED_EDGE('',*,*,#1164,.T.);
#716=ORIENTED_EDGE('',*,*,#1038,.F.);
#717=ORIENTED_EDGE('',*,*,#1179,.F.);
#718=ORIENTED_EDGE('',*,*,#920,.F.);
#719=ORIENTED_EDGE('',*,*,#1170,.T.);
#720=ORIENTED_EDGE('',*,*,#917,.F.);
#721=ORIENTED_EDGE('',*,*,#1180,.F.);
#722=ORIENTED_EDGE('',*,*,#972,.F.);
#723=ORIENTED_EDGE('',*,*,#1168,.T.);
#724=ORIENTED_EDGE('',*,*,#971,.F.);
#725=ORIENTED_EDGE('',*,*,#1181,.F.);
#726=ORIENTED_EDGE('',*,*,#1060,.F.);
#727=ORIENTED_EDGE('',*,*,#1093,.F.);
#728=ORIENTED_EDGE('',*,*,#1172,.T.);
#729=ORIENTED_EDGE('',*,*,#1171,.T.);
#730=ORIENTED_EDGE('',*,*,#1182,.F.);
#731=ORIENTED_EDGE('',*,*,#1174,.T.);
#732=ORIENTED_EDGE('',*,*,#1173,.T.);
#733=ORIENTED_EDGE('',*,*,#1183,.F.);
#734=ORIENTED_EDGE('',*,*,#1086,.F.);
#735=ORIENTED_EDGE('',*,*,#1080,.F.);
#736=ORIENTED_EDGE('',*,*,#1184,.F.);
#737=ORIENTED_EDGE('',*,*,#1052,.F.);
#738=ORIENTED_EDGE('',*,*,#1175,.T.);
#739=ORIENTED_EDGE('',*,*,#1177,.T.);
#740=ORIENTED_EDGE('',*,*,#1176,.T.);
#741=ORIENTED_EDGE('',*,*,#1185,.F.);
#742=ORIENTED_EDGE('',*,*,#1186,.F.);
#743=ORIENTED_EDGE('',*,*,#1178,.T.);
#744=ORIENTED_EDGE('',*,*,#1187,.F.);
#745=ORIENTED_EDGE('',*,*,#1180,.T.);
#746=ORIENTED_EDGE('',*,*,#1179,.T.);
#747=ORIENTED_EDGE('',*,*,#1188,.F.);
#748=ORIENTED_EDGE('',*,*,#1181,.T.);
#749=ORIENTED_EDGE('',*,*,#970,.F.);
#750=ORIENTED_EDGE('',*,*,#1189,.F.);
#751=ORIENTED_EDGE('',*,*,#1061,.F.);
#752=ORIENTED_EDGE('',*,*,#1182,.T.);
#753=ORIENTED_EDGE('',*,*,#1062,.F.);
#754=ORIENTED_EDGE('',*,*,#1190,.F.);
#755=ORIENTED_EDGE('',*,*,#967,.F.);
#756=ORIENTED_EDGE('',*,*,#1183,.T.);
#757=ORIENTED_EDGE('',*,*,#956,.F.);
#758=ORIENTED_EDGE('',*,*,#1191,.F.);
#759=ORIENTED_EDGE('',*,*,#1078,.F.);
#760=ORIENTED_EDGE('',*,*,#1184,.T.);
#761=ORIENTED_EDGE('',*,*,#1079,.F.);
#762=ORIENTED_EDGE('',*,*,#1192,.F.);
#763=ORIENTED_EDGE('',*,*,#1053,.F.);
#764=ORIENTED_EDGE('',*,*,#1185,.T.);
#765=ORIENTED_EDGE('',*,*,#1091,.F.);
#766=ORIENTED_EDGE('',*,*,#1193,.F.);
#767=ORIENTED_EDGE('',*,*,#922,.F.);
#768=ORIENTED_EDGE('',*,*,#1187,.T.);
#769=ORIENTED_EDGE('',*,*,#923,.F.);
#770=ORIENTED_EDGE('',*,*,#1194,.F.);
#771=ORIENTED_EDGE('',*,*,#929,.F.);
#772=ORIENTED_EDGE('',*,*,#1186,.T.);
#773=ORIENTED_EDGE('',*,*,#932,.F.);
#774=ORIENTED_EDGE('',*,*,#1195,.F.);
#775=ORIENTED_EDGE('',*,*,#1036,.F.);
#776=ORIENTED_EDGE('',*,*,#1188,.T.);
#777=ORIENTED_EDGE('',*,*,#1037,.F.);
#778=ORIENTED_EDGE('',*,*,#1196,.F.);
#779=ORIENTED_EDGE('',*,*,#973,.F.);
#780=ORIENTED_EDGE('',*,*,#1190,.T.);
#781=ORIENTED_EDGE('',*,*,#1189,.T.);
#782=ORIENTED_EDGE('',*,*,#1197,.F.);
#783=ORIENTED_EDGE('',*,*,#1192,.T.);
#784=ORIENTED_EDGE('',*,*,#1191,.T.);
#785=ORIENTED_EDGE('',*,*,#1198,.F.);
#786=ORIENTED_EDGE('',*,*,#1194,.T.);
#787=ORIENTED_EDGE('',*,*,#1193,.T.);
#788=ORIENTED_EDGE('',*,*,#1199,.F.);
#789=ORIENTED_EDGE('',*,*,#1196,.T.);
#790=ORIENTED_EDGE('',*,*,#1195,.T.);
#791=ORIENTED_EDGE('',*,*,#1200,.F.);
#792=ORIENTED_EDGE('',*,*,#1197,.T.);
#793=ORIENTED_EDGE('',*,*,#969,.F.);
#794=ORIENTED_EDGE('',*,*,#1201,.F.);
#795=ORIENTED_EDGE('',*,*,#954,.F.);
#796=ORIENTED_EDGE('',*,*,#1198,.T.);
#797=ORIENTED_EDGE('',*,*,#955,.F.);
#798=ORIENTED_EDGE('',*,*,#1202,.F.);
#799=ORIENTED_EDGE('',*,*,#1048,.F.);
#800=ORIENTED_EDGE('',*,*,#1199,.T.);
#801=ORIENTED_EDGE('',*,*,#1090,.F.);
#802=ORIENTED_EDGE('',*,*,#1203,.F.);
#803=ORIENTED_EDGE('',*,*,#930,.F.);
#804=ORIENTED_EDGE('',*,*,#1200,.T.);
#805=ORIENTED_EDGE('',*,*,#931,.F.);
#806=ORIENTED_EDGE('',*,*,#1204,.F.);
#807=ORIENTED_EDGE('',*,*,#974,.F.);
#808=ORIENTED_EDGE('',*,*,#1202,.T.);
#809=ORIENTED_EDGE('',*,*,#1201,.T.);
#810=ORIENTED_EDGE('',*,*,#1205,.F.);
#811=ORIENTED_EDGE('',*,*,#1204,.T.);
#812=ORIENTED_EDGE('',*,*,#1203,.T.);
#813=ORIENTED_EDGE('',*,*,#1206,.F.);
#814=ORIENTED_EDGE('',*,*,#1205,.T.);
#815=ORIENTED_EDGE('',*,*,#968,.F.);
#816=ORIENTED_EDGE('',*,*,#1207,.F.);
#817=ORIENTED_EDGE('',*,*,#1049,.F.);
#818=ORIENTED_EDGE('',*,*,#1206,.T.);
#819=ORIENTED_EDGE('',*,*,#1089,.F.);
#820=ORIENTED_EDGE('',*,*,#1050,.F.);
#821=ORIENTED_EDGE('',*,*,#1207,.T.);
#822=ORIENTED_EDGE('',*,*,#975,.F.);
#823=ORIENTED_EDGE('',*,*,#1018,.F.);
#824=ORIENTED_EDGE('',*,*,#953,.F.);
#825=ORIENTED_EDGE('',*,*,#1102,.F.);
#826=ORIENTED_EDGE('',*,*,#1099,.F.);
#827=ORIENTED_EDGE('',*,*,#1208,.F.);
#828=ORIENTED_EDGE('',*,*,#992,.F.);
#829=ORIENTED_EDGE('',*,*,#1208,.T.);
#830=ORIENTED_EDGE('',*,*,#1098,.F.);
#831=ORIENTED_EDGE('',*,*,#1209,.F.);
#832=ORIENTED_EDGE('',*,*,#1122,.F.);
#833=ORIENTED_EDGE('',*,*,#1209,.T.);
#834=ORIENTED_EDGE('',*,*,#1097,.F.);
#835=ORIENTED_EDGE('',*,*,#1210,.F.);
#836=ORIENTED_EDGE('',*,*,#926,.F.);
#837=ORIENTED_EDGE('',*,*,#1210,.T.);
#838=ORIENTED_EDGE('',*,*,#1096,.F.);
#839=ORIENTED_EDGE('',*,*,#1211,.F.);
#840=ORIENTED_EDGE('',*,*,#1120,.F.);
#841=ORIENTED_EDGE('',*,*,#1095,.F.);
#842=ORIENTED_EDGE('',*,*,#1109,.F.);
#843=ORIENTED_EDGE('',*,*,#1212,.F.);
#844=ORIENTED_EDGE('',*,*,#996,.F.);
#845=ORIENTED_EDGE('',*,*,#1211,.T.);
#846=ORIENTED_EDGE('',*,*,#1108,.F.);
#847=ORIENTED_EDGE('',*,*,#1103,.F.);
#848=ORIENTED_EDGE('',*,*,#1212,.T.);
#849=ORIENTED_EDGE('',*,*,#1213,.F.);
#850=ORIENTED_EDGE('',*,*,#994,.F.);
#851=ORIENTED_EDGE('',*,*,#1214,.F.);
#852=ORIENTED_EDGE('',*,*,#1029,.F.);
#853=ORIENTED_EDGE('',*,*,#1214,.T.);
#854=ORIENTED_EDGE('',*,*,#1123,.F.);
#855=ORIENTED_EDGE('',*,*,#1215,.F.);
#856=ORIENTED_EDGE('',*,*,#1030,.F.);
#857=ORIENTED_EDGE('',*,*,#1213,.T.);
#858=ORIENTED_EDGE('',*,*,#1028,.F.);
#859=ORIENTED_EDGE('',*,*,#1216,.F.);
#860=ORIENTED_EDGE('',*,*,#1111,.F.);
#861=ORIENTED_EDGE('',*,*,#1215,.T.);
#862=ORIENTED_EDGE('',*,*,#928,.F.);
#863=ORIENTED_EDGE('',*,*,#1217,.F.);
#864=ORIENTED_EDGE('',*,*,#1031,.F.);
#865=ORIENTED_EDGE('',*,*,#1216,.T.);
#866=ORIENTED_EDGE('',*,*,#1027,.F.);
#867=ORIENTED_EDGE('',*,*,#1218,.F.);
#868=ORIENTED_EDGE('',*,*,#981,.F.);
#869=ORIENTED_EDGE('',*,*,#1217,.T.);
#870=ORIENTED_EDGE('',*,*,#1121,.F.);
#871=ORIENTED_EDGE('',*,*,#1219,.F.);
#872=ORIENTED_EDGE('',*,*,#1032,.F.);
#873=ORIENTED_EDGE('',*,*,#1218,.T.);
#874=ORIENTED_EDGE('',*,*,#1026,.F.);
#875=ORIENTED_EDGE('',*,*,#1220,.F.);
#876=ORIENTED_EDGE('',*,*,#1112,.F.);
#877=ORIENTED_EDGE('',*,*,#1219,.T.);
#878=ORIENTED_EDGE('',*,*,#998,.F.);
#879=ORIENTED_EDGE('',*,*,#1221,.F.);
#880=ORIENTED_EDGE('',*,*,#1033,.F.);
#881=ORIENTED_EDGE('',*,*,#1220,.T.);
#882=ORIENTED_EDGE('',*,*,#1025,.F.);
#883=ORIENTED_EDGE('',*,*,#1222,.F.);
#884=ORIENTED_EDGE('',*,*,#977,.F.);
#885=ORIENTED_EDGE('',*,*,#1221,.T.);
#886=ORIENTED_EDGE('',*,*,#1106,.F.);
#887=ORIENTED_EDGE('',*,*,#1223,.F.);
#888=ORIENTED_EDGE('',*,*,#1034,.F.);
#889=ORIENTED_EDGE('',*,*,#1222,.T.);
#890=ORIENTED_EDGE('',*,*,#1024,.F.);
#891=ORIENTED_EDGE('',*,*,#1224,.F.);
#892=ORIENTED_EDGE('',*,*,#1114,.F.);
#893=ORIENTED_EDGE('',*,*,#1223,.T.);
#894=ORIENTED_EDGE('',*,*,#1000,.F.);
#895=ORIENTED_EDGE('',*,*,#1225,.F.);
#896=ORIENTED_EDGE('',*,*,#1035,.F.);
#897=ORIENTED_EDGE('',*,*,#1224,.T.);
#898=ORIENTED_EDGE('',*,*,#1023,.F.);
#899=ORIENTED_EDGE('',*,*,#1226,.F.);
#900=ORIENTED_EDGE('',*,*,#1015,.F.);
#901=ORIENTED_EDGE('',*,*,#1225,.T.);
#902=ORIENTED_EDGE('',*,*,#1118,.F.);
#903=ORIENTED_EDGE('',*,*,#1227,.F.);
#904=ORIENTED_EDGE('',*,*,#1020,.F.);
#905=ORIENTED_EDGE('',*,*,#1226,.T.);
#906=ORIENTED_EDGE('',*,*,#1022,.F.);
#907=ORIENTED_EDGE('',*,*,#1228,.F.);
#908=ORIENTED_EDGE('',*,*,#1116,.F.);
#909=ORIENTED_EDGE('',*,*,#1227,.T.);
#910=ORIENTED_EDGE('',*,*,#1009,.F.);
#911=ORIENTED_EDGE('',*,*,#1228,.T.);
#912=ORIENTED_EDGE('',*,*,#1021,.F.);
#913=ORIENTED_EDGE('',*,*,#1040,.F.);
#914=ORIENTED_EDGE('',*,*,#1019,.F.);
#915=ORIENTED_EDGE('',*,*,#1041,.F.);
#916=ORIENTED_EDGE('',*,*,#1013,.F.);
#917=EDGE_CURVE('',#1229,#1230,#1406,.T.);
#918=EDGE_CURVE('',#1230,#1231,#135,.T.);
#919=EDGE_CURVE('',#1231,#1232,#1407,.F.);
#920=EDGE_CURVE('',#1232,#1229,#136,.T.);
#921=EDGE_CURVE('',#1233,#1234,#1408,.T.);
#922=EDGE_CURVE('',#1234,#1235,#106,.T.);
#923=EDGE_CURVE('',#1235,#1236,#1409,.F.);
#924=EDGE_CURVE('',#1236,#1233,#107,.T.);
#925=EDGE_CURVE('',#1237,#1238,#1410,.T.);
#926=EDGE_CURVE('',#1238,#1239,#137,.F.);
#927=EDGE_CURVE('',#1239,#1240,#1411,.F.);
#928=EDGE_CURVE('',#1240,#1237,#138,.F.);
#929=EDGE_CURVE('',#1241,#1242,#1412,.T.);
#930=EDGE_CURVE('',#1242,#1243,#139,.T.);
#931=EDGE_CURVE('',#1243,#1244,#1413,.F.);
#932=EDGE_CURVE('',#1244,#1241,#140,.T.);
#933=EDGE_CURVE('',#1245,#1246,#1414,.F.);
#934=EDGE_CURVE('',#1246,#1247,#1415,.F.);
#935=EDGE_CURVE('',#1248,#1247,#1416,.T.);
#936=EDGE_CURVE('',#1248,#1245,#1417,.T.);
#937=EDGE_CURVE('',#1247,#1249,#1418,.F.);
#938=EDGE_CURVE('',#1250,#1249,#1419,.T.);
#939=EDGE_CURVE('',#1250,#1248,#1420,.T.);
#940=EDGE_CURVE('',#1251,#1252,#141,.F.);
#941=EDGE_CURVE('',#1252,#1253,#1421,.T.);
#942=EDGE_CURVE('',#1253,#1254,#1422,.T.);
#943=EDGE_CURVE('',#1254,#1255,#1423,.T.);
#944=EDGE_CURVE('',#1255,#1251,#142,.F.);
#945=EDGE_CURVE('',#1256,#1257,#143,.F.);
#946=EDGE_CURVE('',#1257,#1258,#1424,.F.);
#947=EDGE_CURVE('',#1258,#1259,#144,.F.);
#948=EDGE_CURVE('',#1259,#1260,#1425,.T.);
#949=EDGE_CURVE('',#1260,#1261,#1426,.T.);
#950=EDGE_CURVE('',#1261,#1262,#1427,.F.);
#951=EDGE_CURVE('',#1262,#1263,#145,.T.);
#952=EDGE_CURVE('',#1263,#1256,#1428,.F.);
#953=EDGE_CURVE('',#1264,#1264,#146,.T.);
#954=EDGE_CURVE('',#1265,#1266,#108,.T.);
#955=EDGE_CURVE('',#1266,#1267,#147,.T.);
#956=EDGE_CURVE('',#1267,#1268,#1429,.T.);
#957=EDGE_CURVE('',#1268,#1269,#1430,.T.);
#958=EDGE_CURVE('',#1269,#1270,#148,.F.);
#959=EDGE_CURVE('',#1270,#1271,#1431,.F.);
#960=EDGE_CURVE('',#1271,#1272,#149,.T.);
#961=EDGE_CURVE('',#1272,#1273,#150,.F.);
#962=EDGE_CURVE('',#1273,#1274,#151,.T.);
#963=EDGE_CURVE('',#1274,#1275,#1432,.F.);
#964=EDGE_CURVE('',#1275,#1276,#152,.F.);
#965=EDGE_CURVE('',#1276,#1277,#1433,.T.);
#966=EDGE_CURVE('',#1277,#1278,#1434,.T.);
#967=EDGE_CURVE('',#1278,#1265,#153,.T.);
#968=EDGE_CURVE('',#1279,#1280,#1435,.T.);
#969=EDGE_CURVE('',#1280,#1281,#109,.T.);
#970=EDGE_CURVE('',#1281,#1282,#1436,.F.);
#971=EDGE_CURVE('',#1282,#1283,#110,.T.);
#972=EDGE_CURVE('',#1283,#1284,#1437,.F.);
#973=EDGE_CURVE('',#1284,#1285,#111,.T.);
#974=EDGE_CURVE('',#1285,#1286,#1438,.T.);
#975=EDGE_CURVE('',#1286,#1279,#112,.T.);
#976=EDGE_CURVE('',#1287,#1288,#1439,.F.);
#977=EDGE_CURVE('',#1288,#1289,#1440,.F.);
#978=EDGE_CURVE('',#1289,#1290,#1441,.F.);
#979=EDGE_CURVE('',#1290,#1287,#1442,.T.);
#980=EDGE_CURVE('',#1291,#1292,#1443,.F.);
#981=EDGE_CURVE('',#1292,#1293,#1444,.T.);
#982=EDGE_CURVE('',#1293,#1294,#1445,.T.);
#983=EDGE_CURVE('',#1294,#1295,#1446,.F.);
#984=EDGE_CURVE('',#1295,#1296,#1447,.F.);
#985=EDGE_CURVE('',#1296,#1297,#1448,.F.);
#986=EDGE_CURVE('',#1297,#1298,#1449,.F.);
#987=EDGE_CURVE('',#1298,#1299,#1450,.F.);
#988=EDGE_CURVE('',#1299,#1291,#1451,.F.);
#989=EDGE_CURVE('',#1300,#1301,#1452,.T.);
#990=EDGE_CURVE('',#1301,#1302,#1453,.T.);
#991=EDGE_CURVE('',#1302,#1303,#1454,.F.);
#992=EDGE_CURVE('',#1303,#1304,#1455,.T.);
#993=EDGE_CURVE('',#1304,#1305,#1456,.T.);
#994=EDGE_CURVE('',#1305,#1300,#1457,.F.);
#995=EDGE_CURVE('',#1306,#1307,#1458,.F.);
#996=EDGE_CURVE('',#1307,#1308,#1459,.T.);
#997=EDGE_CURVE('',#1308,#1309,#1460,.F.);
#998=EDGE_CURVE('',#1309,#1306,#1461,.F.);
#999=EDGE_CURVE('',#1310,#1311,#1462,.F.);
#1000=EDGE_CURVE('',#1311,#1312,#1463,.T.);
#1001=EDGE_CURVE('',#1312,#1313,#1464,.T.);
#1002=EDGE_CURVE('',#1313,#1314,#1465,.F.);
#1003=EDGE_CURVE('',#1314,#1315,#1466,.F.);
#1004=EDGE_CURVE('',#1315,#1316,#1467,.F.);
#1005=EDGE_CURVE('',#1316,#1317,#1468,.F.);
#1006=EDGE_CURVE('',#1317,#1318,#1469,.F.);
#1007=EDGE_CURVE('',#1318,#1310,#1470,.F.);
#1008=EDGE_CURVE('',#1319,#1320,#1471,.T.);
#1009=EDGE_CURVE('',#1320,#1321,#1472,.F.);
#1010=EDGE_CURVE('',#1321,#1322,#1473,.T.);
#1011=EDGE_CURVE('',#1322,#1319,#1474,.T.);
#1012=EDGE_CURVE('',#1323,#1323,#154,.F.);
#1013=EDGE_CURVE('',#1324,#1324,#155,.T.);
#1014=EDGE_CURVE('',#1325,#1326,#1475,.F.);
#1015=EDGE_CURVE('',#1326,#1327,#156,.F.);
#1016=EDGE_CURVE('',#1327,#1328,#1476,.T.);
#1017=EDGE_CURVE('',#1328,#1325,#157,.T.);
#1018=EDGE_CURVE('',#1329,#1329,#158,.F.);
#1019=EDGE_CURVE('',#1330,#1330,#159,.T.);
#1020=EDGE_CURVE('',#1331,#1332,#160,.T.);
#1021=EDGE_CURVE('',#1332,#1333,#1477,.T.);
#1022=EDGE_CURVE('',#1333,#1334,#161,.F.);
#1023=EDGE_CURVE('',#1334,#1335,#162,.T.);
#1024=EDGE_CURVE('',#1335,#1336,#163,.F.);
#1025=EDGE_CURVE('',#1336,#1337,#1478,.T.);
#1026=EDGE_CURVE('',#1337,#1338,#164,.T.);
#1027=EDGE_CURVE('',#1338,#1339,#1479,.F.);
#1028=EDGE_CURVE('',#1339,#1340,#165,.T.);
#1029=EDGE_CURVE('',#1340,#1341,#1480,.T.);
#1030=EDGE_CURVE('',#1341,#1342,#166,.F.);
#1031=EDGE_CURVE('',#1342,#1343,#167,.T.);
#1032=EDGE_CURVE('',#1343,#1344,#168,.F.);
#1033=EDGE_CURVE('',#1344,#1345,#1481,.T.);
#1034=EDGE_CURVE('',#1345,#1346,#169,.T.);
#1035=EDGE_CURVE('',#1346,#1331,#1482,.F.);
#1036=EDGE_CURVE('',#1347,#1348,#170,.F.);
#1037=EDGE_CURVE('',#1348,#1349,#113,.T.);
#1038=EDGE_CURVE('',#1349,#1350,#171,.F.);
#1039=EDGE_CURVE('',#1350,#1347,#114,.T.);
#1040=EDGE_CURVE('',#1351,#1351,#172,.F.);
#1041=EDGE_CURVE('',#1352,#1352,#173,.F.);
#1042=EDGE_CURVE('',#1353,#1354,#1483,.F.);
#1043=EDGE_CURVE('',#1354,#1355,#1484,.F.);
#1044=EDGE_CURVE('',#1356,#1355,#1485,.T.);
#1045=EDGE_CURVE('',#1357,#1356,#1486,.T.);
#1046=EDGE_CURVE('',#1357,#1358,#1487,.T.);
#1047=EDGE_CURVE('',#1358,#1353,#1488,.T.);
#1048=EDGE_CURVE('',#1359,#1360,#174,.F.);
#1049=EDGE_CURVE('',#1360,#1361,#1489,.F.);
#1050=EDGE_CURVE('',#1361,#1362,#115,.T.);
#1051=EDGE_CURVE('',#1356,#1362,#175,.F.);
#1052=EDGE_CURVE('',#1355,#1363,#71,.T.);
#1053=EDGE_CURVE('',#1363,#1359,#1490,.T.);
#1054=EDGE_CURVE('',#1364,#1365,#1491,.T.);
#1055=EDGE_CURVE('',#1365,#1366,#1492,.T.);
#1056=EDGE_CURVE('',#1366,#1367,#1493,.T.);
#1057=EDGE_CURVE('',#1367,#1368,#1494,.F.);
#1058=EDGE_CURVE('',#1368,#1369,#1495,.F.);
#1059=EDGE_CURVE('',#1369,#1364,#1496,.T.);
#1060=EDGE_CURVE('',#1370,#1371,#116,.T.);
#1061=EDGE_CURVE('',#1371,#1372,#1497,.T.);
#1062=EDGE_CURVE('',#1372,#1373,#176,.F.);
#1063=EDGE_CURVE('',#1373,#1374,#1498,.F.);
#1064=EDGE_CURVE('',#1374,#1365,#72,.T.);
#1065=EDGE_CURVE('',#1370,#1364,#177,.F.);
#1066=EDGE_CURVE('',#1375,#1376,#1499,.T.);
#1067=EDGE_CURVE('',#1376,#1377,#117,.T.);
#1068=EDGE_CURVE('',#1377,#1378,#1500,.F.);
#1069=EDGE_CURVE('',#1378,#1379,#1501,.F.);
#1070=EDGE_CURVE('',#1379,#1375,#1502,.T.);
#1071=EDGE_CURVE('',#1249,#1380,#73,.T.);
#1072=EDGE_CURVE('',#1380,#1376,#74,.T.);
#1073=EDGE_CURVE('',#1375,#1250,#1503,.T.);
#1074=EDGE_CURVE('',#1381,#1382,#1504,.T.);
#1075=EDGE_CURVE('',#1381,#1383,#1505,.T.);
#1076=EDGE_CURVE('',#1383,#1384,#1506,.F.);
#1077=EDGE_CURVE('',#1384,#1382,#1507,.T.);
#1078=EDGE_CURVE('',#1385,#1386,#1508,.F.);
#1079=EDGE_CURVE('',#1386,#1387,#1509,.T.);
#1080=EDGE_CURVE('',#1387,#1388,#118,.T.);
#1081=EDGE_CURVE('',#1388,#1389,#1510,.T.);
#1082=EDGE_CURVE('',#1389,#1385,#1511,.T.);
#1083=EDGE_CURVE('',#1390,#1391,#1512,.T.);
#1084=EDGE_CURVE('',#1390,#1381,#1513,.T.);
#1085=EDGE_CURVE('',#1382,#1391,#1514,.T.);
#1086=EDGE_CURVE('',#1388,#1392,#75,.T.);
#1087=EDGE_CURVE('',#1392,#1390,#76,.T.);
#1088=EDGE_CURVE('',#1391,#1389,#1515,.T.);
#1089=EDGE_CURVE('',#1362,#1393,#119,.T.);
#1090=EDGE_CURVE('',#1393,#1394,#178,.F.);
#1091=EDGE_CURVE('',#1394,#1395,#120,.T.);
#1092=EDGE_CURVE('',#1395,#1396,#179,.F.);
#1093=EDGE_CURVE('',#1396,#1370,#121,.T.);
#1094=EDGE_CURVE('',#1369,#1397,#180,.F.);
#1095=EDGE_CURVE('',#1397,#1398,#1516,.F.);
#1096=EDGE_CURVE('',#1398,#1399,#181,.F.);
#1097=EDGE_CURVE('',#1399,#1400,#182,.T.);
#1098=EDGE_CURVE('',#1400,#1401,#183,.F.);
#1099=EDGE_CURVE('',#1401,#1402,#1517,.F.);
#1100=EDGE_CURVE('',#1402,#1357,#184,.F.);
#1101=EDGE_CURVE('',#1302,#1358,#185,.T.);
#1102=EDGE_CURVE('',#1402,#1303,#122,.T.);
#1103=EDGE_CURVE('',#1308,#1403,#186,.F.);
#1104=EDGE_CURVE('',#1404,#1403,#1518,.T.);
#1105=EDGE_CURVE('',#1404,#1313,#187,.T.);
#1106=EDGE_CURVE('',#1312,#1309,#188,.F.);
#1107=EDGE_CURVE('',#1368,#1404,#189,.T.);
#1108=EDGE_CURVE('',#1403,#1405,#123,.F.);
#1109=EDGE_CURVE('',#1405,#1397,#124,.F.);
#1110=EDGE_CURVE('',#1291,#1301,#190,.T.);
#1111=EDGE_CURVE('',#1300,#1292,#191,.F.);
#1112=EDGE_CURVE('',#1293,#1288,#192,.F.);
#1113=EDGE_CURVE('',#1287,#1294,#193,.T.);
#1114=EDGE_CURVE('',#1289,#1326,#194,.T.);
#1115=EDGE_CURVE('',#1325,#1290,#195,.F.);
#1116=EDGE_CURVE('',#1327,#1320,#196,.T.);
#1117=EDGE_CURVE('',#1319,#1328,#197,.F.);
#1118=EDGE_CURVE('',#1321,#1311,#198,.F.);
#1119=EDGE_CURVE('',#1310,#1322,#199,.T.);
#1120=EDGE_CURVE('',#1239,#1307,#200,.T.);
#1121=EDGE_CURVE('',#1306,#1240,#201,.T.);
#1122=EDGE_CURVE('',#1304,#1238,#202,.T.);
#1123=EDGE_CURVE('',#1237,#1305,#203,.T.);
#1124=EDGE_CURVE('',#1251,#1404,#125,.F.);
#1125=EDGE_CURVE('',#1313,#1255,#204,.T.);
#1126=EDGE_CURVE('',#1314,#1254,#205,.T.);
#1127=EDGE_CURVE('',#1252,#1368,#206,.T.);
#1128=EDGE_CURVE('',#1314,#1245,#207,.F.);
#1129=EDGE_CURVE('',#1245,#1254,#208,.F.);
#1130=EDGE_CURVE('',#1301,#1258,#209,.T.);
#1131=EDGE_CURVE('',#1259,#1291,#210,.T.);
#1132=EDGE_CURVE('',#1253,#1367,#211,.T.);
#1133=EDGE_CURVE('',#1246,#1253,#212,.T.);
#1134=EDGE_CURVE('',#1315,#1248,#77,.T.);
#1135=EDGE_CURVE('',#1328,#1273,#213,.T.);
#1136=EDGE_CURVE('',#1274,#1319,#214,.T.);
#1137=EDGE_CURVE('',#1260,#1299,#215,.T.);
#1138=EDGE_CURVE('',#1302,#1257,#216,.T.);
#1139=EDGE_CURVE('',#1246,#1367,#217,.F.);
#1140=EDGE_CURVE('',#1316,#1250,#78,.T.);
#1141=EDGE_CURVE('',#1275,#1322,#218,.T.);
#1142=EDGE_CURVE('',#1325,#1272,#219,.T.);
#1143=EDGE_CURVE('',#1260,#1384,#220,.F.);
#1144=EDGE_CURVE('',#1384,#1299,#221,.F.);
#1145=EDGE_CURVE('',#1263,#1262,#126,.T.);
#1146=EDGE_CURVE('',#1358,#1256,#222,.T.);
#1147=EDGE_CURVE('',#1247,#1366,#79,.F.);
#1148=EDGE_CURVE('',#1317,#1375,#80,.T.);
#1149=EDGE_CURVE('',#1276,#1310,#223,.T.);
#1150=EDGE_CURVE('',#1290,#1271,#224,.T.);
#1151=EDGE_CURVE('',#1382,#1298,#81,.F.);
#1152=EDGE_CURVE('',#1261,#1383,#225,.T.);
#1153=EDGE_CURVE('',#1353,#1261,#226,.T.);
#1154=EDGE_CURVE('',#1380,#1365,#127,.T.);
#1155=EDGE_CURVE('',#1318,#1379,#227,.T.);
#1156=EDGE_CURVE('',#1277,#1318,#228,.T.);
#1157=EDGE_CURVE('',#1287,#1270,#229,.T.);
#1158=EDGE_CURVE('',#1391,#1297,#82,.F.);
#1159=EDGE_CURVE('',#1353,#1383,#230,.F.);
#1160=EDGE_CURVE('',#1377,#1374,#128,.T.);
#1161=EDGE_CURVE('',#1277,#1379,#231,.F.);
#1162=EDGE_CURVE('',#1294,#1269,#232,.T.);
#1163=EDGE_CURVE('',#1389,#1296,#83,.F.);
#1164=EDGE_CURVE('',#1232,#1350,#233,.F.);
#1165=EDGE_CURVE('',#1233,#1232,#234,.F.);
#1166=EDGE_CURVE('',#1350,#1233,#235,.F.);
#1167=EDGE_CURVE('',#1354,#1381,#84,.T.);
#1168=EDGE_CURVE('',#1396,#1283,#236,.F.);
#1169=EDGE_CURVE('',#1230,#1396,#237,.F.);
#1170=EDGE_CURVE('',#1283,#1230,#238,.F.);
#1171=EDGE_CURVE('',#1378,#1373,#239,.T.);
#1172=EDGE_CURVE('',#1278,#1378,#240,.T.);
#1173=EDGE_CURVE('',#1295,#1268,#241,.T.);
#1174=EDGE_CURVE('',#1385,#1295,#242,.T.);
#1175=EDGE_CURVE('',#1355,#1392,#129,.F.);
#1176=EDGE_CURVE('',#1231,#1395,#243,.T.);
#1177=EDGE_CURVE('',#1234,#1231,#244,.T.);
#1178=EDGE_CURVE('',#1347,#1236,#245,.T.);
#1179=EDGE_CURVE('',#1229,#1349,#246,.T.);
#1180=EDGE_CURVE('',#1284,#1229,#247,.T.);
#1181=EDGE_CURVE('',#1371,#1282,#130,.T.);
#1182=EDGE_CURVE('',#1278,#1373,#248,.F.);
#1183=EDGE_CURVE('',#1385,#1268,#249,.F.);
#1184=EDGE_CURVE('',#1363,#1387,#131,.F.);
#1185=EDGE_CURVE('',#1234,#1395,#250,.F.);
#1186=EDGE_CURVE('',#1347,#1241,#251,.F.);
#1187=EDGE_CURVE('',#1241,#1236,#252,.F.);
#1188=EDGE_CURVE('',#1284,#1349,#253,.F.);
#1189=EDGE_CURVE('',#1372,#1281,#254,.T.);
#1190=EDGE_CURVE('',#1265,#1372,#255,.T.);
#1191=EDGE_CURVE('',#1386,#1267,#256,.T.);
#1192=EDGE_CURVE('',#1359,#1386,#257,.T.);
#1193=EDGE_CURVE('',#1235,#1394,#258,.T.);
#1194=EDGE_CURVE('',#1242,#1235,#259,.T.);
#1195=EDGE_CURVE('',#1348,#1244,#260,.T.);
#1196=EDGE_CURVE('',#1285,#1348,#261,.T.);
#1197=EDGE_CURVE('',#1265,#1281,#262,.F.);
#1198=EDGE_CURVE('',#1359,#1267,#263,.F.);
#1199=EDGE_CURVE('',#1242,#1394,#264,.F.);
#1200=EDGE_CURVE('',#1285,#1244,#265,.F.);
#1201=EDGE_CURVE('',#1266,#1280,#266,.T.);
#1202=EDGE_CURVE('',#1360,#1266,#267,.T.);
#1203=EDGE_CURVE('',#1243,#1393,#268,.T.);
#1204=EDGE_CURVE('',#1286,#1243,#269,.T.);
#1205=EDGE_CURVE('',#1360,#1280,#270,.F.);
#1206=EDGE_CURVE('',#1286,#1393,#271,.F.);
#1207=EDGE_CURVE('',#1361,#1279,#132,.T.);
#1208=EDGE_CURVE('',#1304,#1401,#272,.T.);
#1209=EDGE_CURVE('',#1238,#1400,#273,.T.);
#1210=EDGE_CURVE('',#1239,#1399,#274,.T.);
#1211=EDGE_CURVE('',#1307,#1398,#275,.T.);
#1212=EDGE_CURVE('',#1308,#1405,#276,.T.);
#1213=EDGE_CURVE('',#1300,#1340,#277,.T.);
#1214=EDGE_CURVE('',#1341,#1305,#278,.T.);
#1215=EDGE_CURVE('',#1342,#1237,#279,.T.);
#1216=EDGE_CURVE('',#1292,#1339,#280,.T.);
#1217=EDGE_CURVE('',#1343,#1240,#281,.T.);
#1218=EDGE_CURVE('',#1293,#1338,#282,.T.);
#1219=EDGE_CURVE('',#1344,#1306,#283,.T.);
#1220=EDGE_CURVE('',#1288,#1337,#284,.T.);
#1221=EDGE_CURVE('',#1345,#1309,#285,.T.);
#1222=EDGE_CURVE('',#1289,#1336,#286,.T.);
#1223=EDGE_CURVE('',#1346,#1312,#287,.T.);
#1224=EDGE_CURVE('',#1326,#1335,#288,.T.);
#1225=EDGE_CURVE('',#1331,#1311,#289,.T.);
#1226=EDGE_CURVE('',#1327,#1334,#290,.T.);
#1227=EDGE_CURVE('',#1332,#1321,#291,.T.);
#1228=EDGE_CURVE('',#1320,#1333,#292,.T.);
#1229=VERTEX_POINT('',#3174);
#1230=VERTEX_POINT('',#3175);
#1231=VERTEX_POINT('',#3177);
#1232=VERTEX_POINT('',#3179);
#1233=VERTEX_POINT('',#3196);
#1234=VERTEX_POINT('',#3197);
#1235=VERTEX_POINT('',#3209);
#1236=VERTEX_POINT('',#3211);
#1237=VERTEX_POINT('',#3226);
#1238=VERTEX_POINT('',#3227);
#1239=VERTEX_POINT('',#3229);
#1240=VERTEX_POINT('',#3231);
#1241=VERTEX_POINT('',#3235);
#1242=VERTEX_POINT('',#3236);
#1243=VERTEX_POINT('',#3238);
#1244=VERTEX_POINT('',#3240);
#1245=VERTEX_POINT('',#3244);
#1246=VERTEX_POINT('',#3245);
#1247=VERTEX_POINT('',#3247);
#1248=VERTEX_POINT('',#3249);
#1249=VERTEX_POINT('',#3253);
#1250=VERTEX_POINT('',#3255);
#1251=VERTEX_POINT('',#3259);
#1252=VERTEX_POINT('',#3260);
#1253=VERTEX_POINT('',#3262);
#1254=VERTEX_POINT('',#3264);
#1255=VERTEX_POINT('',#3266);
#1256=VERTEX_POINT('',#3270);
#1257=VERTEX_POINT('',#3271);
#1258=VERTEX_POINT('',#3273);
#1259=VERTEX_POINT('',#3275);
#1260=VERTEX_POINT('',#3277);
#1261=VERTEX_POINT('',#3279);
#1262=VERTEX_POINT('',#3281);
#1263=VERTEX_POINT('',#3283);
#1264=VERTEX_POINT('',#3287);
#1265=VERTEX_POINT('',#3298);
#1266=VERTEX_POINT('',#3299);
#1267=VERTEX_POINT('',#3301);
#1268=VERTEX_POINT('',#3303);
#1269=VERTEX_POINT('',#3305);
#1270=VERTEX_POINT('',#3307);
#1271=VERTEX_POINT('',#3309);
#1272=VERTEX_POINT('',#3311);
#1273=VERTEX_POINT('',#3313);
#1274=VERTEX_POINT('',#3315);
#1275=VERTEX_POINT('',#3317);
#1276=VERTEX_POINT('',#3319);
#1277=VERTEX_POINT('',#3321);
#1278=VERTEX_POINT('',#3323);
#1279=VERTEX_POINT('',#3340);
#1280=VERTEX_POINT('',#3341);
#1281=VERTEX_POINT('',#3353);
#1282=VERTEX_POINT('',#3355);
#1283=VERTEX_POINT('',#3360);
#1284=VERTEX_POINT('',#3362);
#1285=VERTEX_POINT('',#3375);
#1286=VERTEX_POINT('',#3377);
#1287=VERTEX_POINT('',#3384);
#1288=VERTEX_POINT('',#3385);
#1289=VERTEX_POINT('',#3387);
#1290=VERTEX_POINT('',#3389);
#1291=VERTEX_POINT('',#3393);
#1292=VERTEX_POINT('',#3394);
#1293=VERTEX_POINT('',#3396);
#1294=VERTEX_POINT('',#3398);
#1295=VERTEX_POINT('',#3400);
#1296=VERTEX_POINT('',#3402);
#1297=VERTEX_POINT('',#3404);
#1298=VERTEX_POINT('',#3406);
#1299=VERTEX_POINT('',#3408);
#1300=VERTEX_POINT('',#3412);
#1301=VERTEX_POINT('',#3413);
#1302=VERTEX_POINT('',#3415);
#1303=VERTEX_POINT('',#3417);
#1304=VERTEX_POINT('',#3419);
#1305=VERTEX_POINT('',#3421);
#1306=VERTEX_POINT('',#3425);
#1307=VERTEX_POINT('',#3426);
#1308=VERTEX_POINT('',#3428);
#1309=VERTEX_POINT('',#3430);
#1310=VERTEX_POINT('',#3434);
#1311=VERTEX_POINT('',#3435);
#1312=VERTEX_POINT('',#3437);
#1313=VERTEX_POINT('',#3439);
#1314=VERTEX_POINT('',#3441);
#1315=VERTEX_POINT('',#3443);
#1316=VERTEX_POINT('',#3445);
#1317=VERTEX_POINT('',#3447);
#1318=VERTEX_POINT('',#3449);
#1319=VERTEX_POINT('',#3453);
#1320=VERTEX_POINT('',#3454);
#1321=VERTEX_POINT('',#3456);
#1322=VERTEX_POINT('',#3458);
#1323=VERTEX_POINT('',#3462);
#1324=VERTEX_POINT('',#3464);
#1325=VERTEX_POINT('',#3467);
#1326=VERTEX_POINT('',#3468);
#1327=VERTEX_POINT('',#3470);
#1328=VERTEX_POINT('',#3472);
#1329=VERTEX_POINT('',#3476);
#1330=VERTEX_POINT('',#3478);
#1331=VERTEX_POINT('',#3481);
#1332=VERTEX_POINT('',#3482);
#1333=VERTEX_POINT('',#3484);
#1334=VERTEX_POINT('',#3486);
#1335=VERTEX_POINT('',#3488);
#1336=VERTEX_POINT('',#3490);
#1337=VERTEX_POINT('',#3492);
#1338=VERTEX_POINT('',#3494);
#1339=VERTEX_POINT('',#3496);
#1340=VERTEX_POINT('',#3498);
#1341=VERTEX_POINT('',#3500);
#1342=VERTEX_POINT('',#3502);
#1343=VERTEX_POINT('',#3504);
#1344=VERTEX_POINT('',#3506);
#1345=VERTEX_POINT('',#3508);
#1346=VERTEX_POINT('',#3510);
#1347=VERTEX_POINT('',#3513);
#1348=VERTEX_POINT('',#3514);
#1349=VERTEX_POINT('',#3527);
#1350=VERTEX_POINT('',#3529);
#1351=VERTEX_POINT('',#3543);
#1352=VERTEX_POINT('',#3545);
#1353=VERTEX_POINT('',#3548);
#1354=VERTEX_POINT('',#3549);
#1355=VERTEX_POINT('',#3551);
#1356=VERTEX_POINT('',#3553);
#1357=VERTEX_POINT('',#3555);
#1358=VERTEX_POINT('',#3557);
#1359=VERTEX_POINT('',#3561);
#1360=VERTEX_POINT('',#3562);
#1361=VERTEX_POINT('',#3564);
#1362=VERTEX_POINT('',#3570);
#1363=VERTEX_POINT('',#3573);
#1364=VERTEX_POINT('',#3577);
#1365=VERTEX_POINT('',#3578);
#1366=VERTEX_POINT('',#3580);
#1367=VERTEX_POINT('',#3582);
#1368=VERTEX_POINT('',#3584);
#1369=VERTEX_POINT('',#3586);
#1370=VERTEX_POINT('',#3594);
#1371=VERTEX_POINT('',#3595);
#1372=VERTEX_POINT('',#3597);
#1373=VERTEX_POINT('',#3599);
#1374=VERTEX_POINT('',#3601);
#1375=VERTEX_POINT('',#3606);
#1376=VERTEX_POINT('',#3607);
#1377=VERTEX_POINT('',#3612);
#1378=VERTEX_POINT('',#3614);
#1379=VERTEX_POINT('',#3616);
#1380=VERTEX_POINT('',#3620);
#1381=VERTEX_POINT('',#3625);
#1382=VERTEX_POINT('',#3626);
#1383=VERTEX_POINT('',#3628);
#1384=VERTEX_POINT('',#3630);
#1385=VERTEX_POINT('',#3634);
#1386=VERTEX_POINT('',#3635);
#1387=VERTEX_POINT('',#3637);
#1388=VERTEX_POINT('',#3642);
#1389=VERTEX_POINT('',#3644);
#1390=VERTEX_POINT('',#3648);
#1391=VERTEX_POINT('',#3649);
#1392=VERTEX_POINT('',#3654);
#1393=VERTEX_POINT('',#3662);
#1394=VERTEX_POINT('',#3664);
#1395=VERTEX_POINT('',#3676);
#1396=VERTEX_POINT('',#3678);
#1397=VERTEX_POINT('',#3684);
#1398=VERTEX_POINT('',#3686);
#1399=VERTEX_POINT('',#3688);
#1400=VERTEX_POINT('',#3690);
#1401=VERTEX_POINT('',#3692);
#1402=VERTEX_POINT('',#3694);
#1403=VERTEX_POINT('',#3704);
#1404=VERTEX_POINT('',#3706);
#1405=VERTEX_POINT('',#3715);
#1406=LINE('',#3173,#1519);
#1407=LINE('',#3178,#1520);
#1408=LINE('',#3195,#1521);
#1409=LINE('',#3210,#1522);
#1410=LINE('',#3225,#1523);
#1411=LINE('',#3230,#1524);
#1412=LINE('',#3234,#1525);
#1413=LINE('',#3239,#1526);
#1414=LINE('',#3243,#1527);
#1415=LINE('',#3246,#1528);
#1416=LINE('',#3248,#1529);
#1417=LINE('',#3250,#1530);
#1418=LINE('',#3252,#1531);
#1419=LINE('',#3254,#1532);
#1420=LINE('',#3256,#1533);
#1421=LINE('',#3261,#1534);
#1422=LINE('',#3263,#1535);
#1423=LINE('',#3265,#1536);
#1424=LINE('',#3272,#1537);
#1425=LINE('',#3276,#1538);
#1426=LINE('',#3278,#1539);
#1427=LINE('',#3280,#1540);
#1428=LINE('',#3284,#1541);
#1429=LINE('',#3302,#1542);
#1430=LINE('',#3304,#1543);
#1431=LINE('',#3308,#1544);
#1432=LINE('',#3316,#1545);
#1433=LINE('',#3320,#1546);
#1434=LINE('',#3322,#1547);
#1435=LINE('',#3339,#1548);
#1436=LINE('',#3354,#1549);
#1437=LINE('',#3361,#1550);
#1438=LINE('',#3376,#1551);
#1439=LINE('',#3383,#1552);
#1440=LINE('',#3386,#1553);
#1441=LINE('',#3388,#1554);
#1442=LINE('',#3390,#1555);
#1443=LINE('',#3392,#1556);
#1444=LINE('',#3395,#1557);
#1445=LINE('',#3397,#1558);
#1446=LINE('',#3399,#1559);
#1447=LINE('',#3401,#1560);
#1448=LINE('',#3403,#1561);
#1449=LINE('',#3405,#1562);
#1450=LINE('',#3407,#1563);
#1451=LINE('',#3409,#1564);
#1452=LINE('',#3411,#1565);
#1453=LINE('',#3414,#1566);
#1454=LINE('',#3416,#1567);
#1455=LINE('',#3418,#1568);
#1456=LINE('',#3420,#1569);
#1457=LINE('',#3422,#1570);
#1458=LINE('',#3424,#1571);
#1459=LINE('',#3427,#1572);
#1460=LINE('',#3429,#1573);
#1461=LINE('',#3431,#1574);
#1462=LINE('',#3433,#1575);
#1463=LINE('',#3436,#1576);
#1464=LINE('',#3438,#1577);
#1465=LINE('',#3440,#1578);
#1466=LINE('',#3442,#1579);
#1467=LINE('',#3444,#1580);
#1468=LINE('',#3446,#1581);
#1469=LINE('',#3448,#1582);
#1470=LINE('',#3450,#1583);
#1471=LINE('',#3452,#1584);
#1472=LINE('',#3455,#1585);
#1473=LINE('',#3457,#1586);
#1474=LINE('',#3459,#1587);
#1475=LINE('',#3466,#1588);
#1476=LINE('',#3471,#1589);
#1477=LINE('',#3483,#1590);
#1478=LINE('',#3491,#1591);
#1479=LINE('',#3495,#1592);
#1480=LINE('',#3499,#1593);
#1481=LINE('',#3507,#1594);
#1482=LINE('',#3511,#1595);
#1483=LINE('',#3547,#1596);
#1484=LINE('',#3550,#1597);
#1485=LINE('',#3552,#1598);
#1486=LINE('',#3554,#1599);
#1487=LINE('',#3556,#1600);
#1488=LINE('',#3558,#1601);
#1489=LINE('',#3563,#1602);
#1490=LINE('',#3574,#1603);
#1491=LINE('',#3576,#1604);
#1492=LINE('',#3579,#1605);
#1493=LINE('',#3581,#1606);
#1494=LINE('',#3583,#1607);
#1495=LINE('',#3585,#1608);
#1496=LINE('',#3587,#1609);
#1497=LINE('',#3596,#1610);
#1498=LINE('',#3600,#1611);
#1499=LINE('',#3605,#1612);
#1500=LINE('',#3613,#1613);
#1501=LINE('',#3615,#1614);
#1502=LINE('',#3617,#1615);
#1503=LINE('',#3622,#1616);
#1504=LINE('',#3624,#1617);
#1505=LINE('',#3627,#1618);
#1506=LINE('',#3629,#1619);
#1507=LINE('',#3631,#1620);
#1508=LINE('',#3633,#1621);
#1509=LINE('',#3636,#1622);
#1510=LINE('',#3643,#1623);
#1511=LINE('',#3645,#1624);
#1512=LINE('',#3647,#1625);
#1513=LINE('',#3650,#1626);
#1514=LINE('',#3651,#1627);
#1515=LINE('',#3656,#1628);
#1516=LINE('',#3685,#1629);
#1517=LINE('',#3693,#1630);
#1518=LINE('',#3705,#1631);
#1519=VECTOR('',#2454,1.);
#1520=VECTOR('',#2457,1.);
#1521=VECTOR('',#2460,1.);
#1522=VECTOR('',#2461,1.);
#1523=VECTOR('',#2464,1.);
#1524=VECTOR('',#2467,1.);
#1525=VECTOR('',#2472,1.);
#1526=VECTOR('',#2475,1.);
#1527=VECTOR('',#2480,1.);
#1528=VECTOR('',#2481,1.);
#1529=VECTOR('',#2482,1.);
#1530=VECTOR('',#2483,1.);
#1531=VECTOR('',#2486,1.);
#1532=VECTOR('',#2487,1.);
#1533=VECTOR('',#2488,1.);
#1534=VECTOR('',#2493,1.);
#1535=VECTOR('',#2494,1.);
#1536=VECTOR('',#2495,1.);
#1537=VECTOR('',#2502,1.);
#1538=VECTOR('',#2505,1.);
#1539=VECTOR('',#2506,1.);
#1540=VECTOR('',#2507,1.);
#1541=VECTOR('',#2510,1.);
#1542=VECTOR('',#2517,1.);
#1543=VECTOR('',#2518,1.);
#1544=VECTOR('',#2521,1.);
#1545=VECTOR('',#2528,1.);
#1546=VECTOR('',#2531,1.);
#1547=VECTOR('',#2532,1.);
#1548=VECTOR('',#2535,1.);
#1549=VECTOR('',#2536,1.);
#1550=VECTOR('',#2537,1.);
#1551=VECTOR('',#2538,1.);
#1552=VECTOR('',#2541,1.);
#1553=VECTOR('',#2542,1.);
#1554=VECTOR('',#2543,1.);
#1555=VECTOR('',#2544,1.);
#1556=VECTOR('',#2547,1.);
#1557=VECTOR('',#2548,1.);
#1558=VECTOR('',#2549,1.);
#1559=VECTOR('',#2550,1.);
#1560=VECTOR('',#2551,1.);
#1561=VECTOR('',#2552,1.);
#1562=VECTOR('',#2553,1.);
#1563=VECTOR('',#2554,1.);
#1564=VECTOR('',#2555,1.);
#1565=VECTOR('',#2558,1.);
#1566=VECTOR('',#2559,1.);
#1567=VECTOR('',#2560,1.);
#1568=VECTOR('',#2561,1.);
#1569=VECTOR('',#2562,1.);
#1570=VECTOR('',#2563,1.);
#1571=VECTOR('',#2566,1.);
#1572=VECTOR('',#2567,1.);
#1573=VECTOR('',#2568,1.);
#1574=VECTOR('',#2569,1.);
#1575=VECTOR('',#2572,1.);
#1576=VECTOR('',#2573,1.);
#1577=VECTOR('',#2574,1.);
#1578=VECTOR('',#2575,1.);
#1579=VECTOR('',#2576,1.);
#1580=VECTOR('',#2577,1.);
#1581=VECTOR('',#2578,1.);
#1582=VECTOR('',#2579,1.);
#1583=VECTOR('',#2580,1.);
#1584=VECTOR('',#2583,1.);
#1585=VECTOR('',#2584,1.);
#1586=VECTOR('',#2585,1.);
#1587=VECTOR('',#2586,1.);
#1588=VECTOR('',#2595,1.);
#1589=VECTOR('',#2598,1.);
#1590=VECTOR('',#2611,1.);
#1591=VECTOR('',#2618,1.);
#1592=VECTOR('',#2621,1.);
#1593=VECTOR('',#2624,1.);
#1594=VECTOR('',#2631,1.);
#1595=VECTOR('',#2634,1.);
#1596=VECTOR('',#2645,1.);
#1597=VECTOR('',#2646,1.);
#1598=VECTOR('',#2647,1.);
#1599=VECTOR('',#2648,1.);
#1600=VECTOR('',#2649,1.);
#1601=VECTOR('',#2650,1.);
#1602=VECTOR('',#2655,1.);
#1603=VECTOR('',#2660,1.);
#1604=VECTOR('',#2663,1.);
#1605=VECTOR('',#2664,1.);
#1606=VECTOR('',#2665,1.);
#1607=VECTOR('',#2666,1.);
#1608=VECTOR('',#2667,1.);
#1609=VECTOR('',#2668,1.);
#1610=VECTOR('',#2671,1.);
#1611=VECTOR('',#2674,1.);
#1612=VECTOR('',#2681,1.);
#1613=VECTOR('',#2682,1.);
#1614=VECTOR('',#2683,1.);
#1615=VECTOR('',#2684,1.);
#1616=VECTOR('',#2691,1.);
#1617=VECTOR('',#2694,1.);
#1618=VECTOR('',#2695,1.);
#1619=VECTOR('',#2696,1.);
#1620=VECTOR('',#2697,1.);
#1621=VECTOR('',#2700,1.);
#1622=VECTOR('',#2701,1.);
#1623=VECTOR('',#2702,1.);
#1624=VECTOR('',#2703,1.);
#1625=VECTOR('',#2706,1.);
#1626=VECTOR('',#2707,1.);
#1627=VECTOR('',#2708,1.);
#1628=VECTOR('',#2715,1.);
#1629=VECTOR('',#2724,1.);
#1630=VECTOR('',#2731,1.);
#1631=VECTOR('',#2742,1.);
#1632=EDGE_LOOP('',(#293,#294,#295,#296));
#1633=EDGE_LOOP('',(#297,#298,#299,#300));
#1634=EDGE_LOOP('',(#301,#302,#303,#304));
#1635=EDGE_LOOP('',(#305,#306,#307,#308));
#1636=EDGE_LOOP('',(#309,#310,#311,#312));
#1637=EDGE_LOOP('',(#313,#314,#315,#316));
#1638=EDGE_LOOP('',(#317,#318,#319,#320,#321));
#1639=EDGE_LOOP('',(#322,#323,#324,#325,#326,#327,#328,#329));
#1640=EDGE_LOOP('',(#330));
#1641=EDGE_LOOP('',(#331,#332,#333,#334,#335,#336,#337,#338,#339,#340,#341,
#342,#343,#344));
#1642=EDGE_LOOP('',(#345,#346,#347,#348,#349,#350,#351,#352));
#1643=EDGE_LOOP('',(#353,#354,#355,#356));
#1644=EDGE_LOOP('',(#357,#358,#359,#360,#361,#362,#363,#364,#365));
#1645=EDGE_LOOP('',(#366,#367,#368,#369,#370,#371));
#1646=EDGE_LOOP('',(#372,#373,#374,#375));
#1647=EDGE_LOOP('',(#376,#377,#378,#379,#380,#381,#382,#383,#384));
#1648=EDGE_LOOP('',(#385,#386,#387,#388));
#1649=EDGE_LOOP('',(#389));
#1650=EDGE_LOOP('',(#390));
#1651=EDGE_LOOP('',(#391,#392,#393,#394));
#1652=EDGE_LOOP('',(#395));
#1653=EDGE_LOOP('',(#396));
#1654=EDGE_LOOP('',(#397,#398,#399,#400,#401,#402,#403,#404,#405,#406,#407,
#408,#409,#410,#411,#412));
#1655=EDGE_LOOP('',(#413,#414,#415,#416));
#1656=EDGE_LOOP('',(#417));
#1657=EDGE_LOOP('',(#418));
#1658=EDGE_LOOP('',(#419,#420,#421,#422,#423,#424));
#1659=EDGE_LOOP('',(#425,#426,#427,#428,#429,#430,#431));
#1660=EDGE_LOOP('',(#432,#433,#434,#435,#436,#437));
#1661=EDGE_LOOP('',(#438,#439,#440,#441,#442,#443,#444));
#1662=EDGE_LOOP('',(#445,#446,#447,#448,#449));
#1663=EDGE_LOOP('',(#450,#451,#452,#453,#454));
#1664=EDGE_LOOP('',(#455,#456,#457,#458));
#1665=EDGE_LOOP('',(#459,#460,#461,#462,#463));
#1666=EDGE_LOOP('',(#464,#465,#466,#467));
#1667=EDGE_LOOP('',(#468,#469,#470,#471,#472));
#1668=EDGE_LOOP('',(#473,#474,#475,#476,#477,#478,#479,#480,#481,#482,#483,
#484,#485,#486,#487,#488));
#1669=EDGE_LOOP('',(#489,#490,#491,#492,#493));
#1670=EDGE_LOOP('',(#494,#495,#496,#497,#498,#499));
#1671=EDGE_LOOP('',(#500,#501,#502,#503,#504,#505));
#1672=EDGE_LOOP('',(#506,#507,#508,#509));
#1673=EDGE_LOOP('',(#510,#511,#512,#513));
#1674=EDGE_LOOP('',(#514,#515,#516,#517));
#1675=EDGE_LOOP('',(#518,#519,#520,#521));
#1676=EDGE_LOOP('',(#522,#523,#524,#525));
#1677=EDGE_LOOP('',(#526,#527,#528,#529));
#1678=EDGE_LOOP('',(#530,#531,#532,#533));
#1679=EDGE_LOOP('',(#534,#535,#536,#537));
#1680=EDGE_LOOP('',(#538,#539,#540,#541));
#1681=EDGE_LOOP('',(#542,#543,#544,#545));
#1682=EDGE_LOOP('',(#546,#547,#548));
#1683=EDGE_LOOP('',(#549,#550,#551,#552));
#1684=EDGE_LOOP('',(#553,#554,#555,#556));
#1685=EDGE_LOOP('',(#557,#558,#559,#560));
#1686=EDGE_LOOP('',(#561,#562,#563,#564));
#1687=EDGE_LOOP('',(#565,#566,#567,#568));
#1688=EDGE_LOOP('',(#569,#570,#571,#572));
#1689=EDGE_LOOP('',(#573,#574,#575,#576));
#1690=EDGE_LOOP('',(#577,#578,#579));
#1691=EDGE_LOOP('',(#580,#581,#582,#583));
#1692=EDGE_LOOP('',(#584,#585,#586,#587));
#1693=EDGE_LOOP('',(#588,#589,#590,#591));
#1694=EDGE_LOOP('',(#592,#593,#594));
#1695=EDGE_LOOP('',(#595));
#1696=EDGE_LOOP('',(#596,#597));
#1697=EDGE_LOOP('',(#598,#599,#600,#601));
#1698=EDGE_LOOP('',(#602,#603,#604,#605));
#1699=EDGE_LOOP('',(#606,#607,#608,#609));
#1700=EDGE_LOOP('',(#610,#611,#612,#613));
#1701=EDGE_LOOP('',(#614,#615,#616,#617));
#1702=EDGE_LOOP('',(#618,#619,#620,#621));
#1703=EDGE_LOOP('',(#622,#623,#624,#625));
#1704=EDGE_LOOP('',(#626,#627,#628,#629,#630,#631));
#1705=EDGE_LOOP('',(#632,#633,#634,#635,#636));
#1706=EDGE_LOOP('',(#637,#638,#639,#640));
#1707=EDGE_LOOP('',(#641,#642,#643,#644));
#1708=EDGE_LOOP('',(#645,#646,#647,#648));
#1709=EDGE_LOOP('',(#649,#650,#651,#652));
#1710=EDGE_LOOP('',(#653,#654,#655));
#1711=EDGE_LOOP('',(#656,#657,#658,#659,#660));
#1712=EDGE_LOOP('',(#661,#662,#663));
#1713=EDGE_LOOP('',(#664,#665,#666,#667));
#1714=EDGE_LOOP('',(#668,#669,#670,#671));
#1715=EDGE_LOOP('',(#672,#673,#674));
#1716=EDGE_LOOP('',(#675,#676,#677,#678));
#1717=EDGE_LOOP('',(#679,#680,#681));
#1718=EDGE_LOOP('',(#682,#683,#684,#685));
#1719=EDGE_LOOP('',(#686,#687,#688,#689));
#1720=EDGE_LOOP('',(#690,#691,#692,#693));
#1721=EDGE_LOOP('',(#694,#695,#696,#697));
#1722=EDGE_LOOP('',(#698,#699,#700,#701,#702));
#1723=EDGE_LOOP('',(#703,#704,#705,#706));
#1724=EDGE_LOOP('',(#707,#708,#709,#710));
#1725=EDGE_LOOP('',(#711,#712,#713,#714));
#1726=EDGE_LOOP('',(#715,#716,#717,#718));
#1727=EDGE_LOOP('',(#719,#720,#721,#722));
#1728=EDGE_LOOP('',(#723,#724,#725,#726,#727));
#1729=EDGE_LOOP('',(#728,#729,#730));
#1730=EDGE_LOOP('',(#731,#732,#733));
#1731=EDGE_LOOP('',(#734,#735,#736,#737,#738));
#1732=EDGE_LOOP('',(#739,#740,#741));
#1733=EDGE_LOOP('',(#742,#743,#744));
#1734=EDGE_LOOP('',(#745,#746,#747));
#1735=EDGE_LOOP('',(#748,#749,#750,#751));
#1736=EDGE_LOOP('',(#752,#753,#754,#755));
#1737=EDGE_LOOP('',(#756,#757,#758,#759));
#1738=EDGE_LOOP('',(#760,#761,#762,#763));
#1739=EDGE_LOOP('',(#764,#765,#766,#767));
#1740=EDGE_LOOP('',(#768,#769,#770,#771));
#1741=EDGE_LOOP('',(#772,#773,#774,#775));
#1742=EDGE_LOOP('',(#776,#777,#778,#779));
#1743=EDGE_LOOP('',(#780,#781,#782));
#1744=EDGE_LOOP('',(#783,#784,#785));
#1745=EDGE_LOOP('',(#786,#787,#788));
#1746=EDGE_LOOP('',(#789,#790,#791));
#1747=EDGE_LOOP('',(#792,#793,#794,#795));
#1748=EDGE_LOOP('',(#796,#797,#798,#799));
#1749=EDGE_LOOP('',(#800,#801,#802,#803));
#1750=EDGE_LOOP('',(#804,#805,#806,#807));
#1751=EDGE_LOOP('',(#808,#809,#810));
#1752=EDGE_LOOP('',(#811,#812,#813));
#1753=EDGE_LOOP('',(#814,#815,#816,#817));
#1754=EDGE_LOOP('',(#818,#819,#820,#821,#822));
#1755=EDGE_LOOP('',(#823));
#1756=EDGE_LOOP('',(#824));
#1757=EDGE_LOOP('',(#825,#826,#827,#828));
#1758=EDGE_LOOP('',(#829,#830,#831,#832));
#1759=EDGE_LOOP('',(#833,#834,#835,#836));
#1760=EDGE_LOOP('',(#837,#838,#839,#840));
#1761=EDGE_LOOP('',(#841,#842,#843,#844,#845));
#1762=EDGE_LOOP('',(#846,#847,#848));
#1763=EDGE_LOOP('',(#849,#850,#851,#852));
#1764=EDGE_LOOP('',(#853,#854,#855,#856));
#1765=EDGE_LOOP('',(#857,#858,#859,#860));
#1766=EDGE_LOOP('',(#861,#862,#863,#864));
#1767=EDGE_LOOP('',(#865,#866,#867,#868));
#1768=EDGE_LOOP('',(#869,#870,#871,#872));
#1769=EDGE_LOOP('',(#873,#874,#875,#876));
#1770=EDGE_LOOP('',(#877,#878,#879,#880));
#1771=EDGE_LOOP('',(#881,#882,#883,#884));
#1772=EDGE_LOOP('',(#885,#886,#887,#888));
#1773=EDGE_LOOP('',(#889,#890,#891,#892));
#1774=EDGE_LOOP('',(#893,#894,#895,#896));
#1775=EDGE_LOOP('',(#897,#898,#899,#900));
#1776=EDGE_LOOP('',(#901,#902,#903,#904));
#1777=EDGE_LOOP('',(#905,#906,#907,#908));
#1778=EDGE_LOOP('',(#909,#910,#911,#912));
#1779=EDGE_LOOP('',(#913));
#1780=EDGE_LOOP('',(#914));
#1781=EDGE_LOOP('',(#915));
#1782=EDGE_LOOP('',(#916));
#1783=FACE_BOUND('',#1632,.T.);
#1784=FACE_BOUND('',#1633,.T.);
#1785=FACE_BOUND('',#1634,.T.);
#1786=FACE_BOUND('',#1635,.T.);
#1787=FACE_BOUND('',#1636,.T.);
#1788=FACE_BOUND('',#1637,.T.);
#1789=FACE_BOUND('',#1638,.T.);
#1790=FACE_BOUND('',#1639,.T.);
#1791=FACE_BOUND('',#1640,.T.);
#1792=FACE_BOUND('',#1641,.T.);
#1793=FACE_BOUND('',#1642,.T.);
#1794=FACE_BOUND('',#1643,.T.);
#1795=FACE_BOUND('',#1644,.T.);
#1796=FACE_BOUND('',#1645,.T.);
#1797=FACE_BOUND('',#1646,.T.);
#1798=FACE_BOUND('',#1647,.T.);
#1799=FACE_BOUND('',#1648,.T.);
#1800=FACE_BOUND('',#1649,.T.);
#1801=FACE_BOUND('',#1650,.T.);
#1802=FACE_BOUND('',#1651,.T.);
#1803=FACE_BOUND('',#1652,.T.);
#1804=FACE_BOUND('',#1653,.T.);
#1805=FACE_BOUND('',#1654,.T.);
#1806=FACE_BOUND('',#1655,.T.);
#1807=FACE_BOUND('',#1656,.T.);
#1808=FACE_BOUND('',#1657,.T.);
#1809=FACE_BOUND('',#1658,.T.);
#1810=FACE_BOUND('',#1659,.T.);
#1811=FACE_BOUND('',#1660,.T.);
#1812=FACE_BOUND('',#1661,.T.);
#1813=FACE_BOUND('',#1662,.T.);
#1814=FACE_BOUND('',#1663,.T.);
#1815=FACE_BOUND('',#1664,.T.);
#1816=FACE_BOUND('',#1665,.T.);
#1817=FACE_BOUND('',#1666,.T.);
#1818=FACE_BOUND('',#1667,.T.);
#1819=FACE_BOUND('',#1668,.T.);
#1820=FACE_BOUND('',#1669,.T.);
#1821=FACE_BOUND('',#1670,.T.);
#1822=FACE_BOUND('',#1671,.T.);
#1823=FACE_BOUND('',#1672,.T.);
#1824=FACE_BOUND('',#1673,.T.);
#1825=FACE_BOUND('',#1674,.T.);
#1826=FACE_BOUND('',#1675,.T.);
#1827=FACE_BOUND('',#1676,.T.);
#1828=FACE_BOUND('',#1677,.T.);
#1829=FACE_BOUND('',#1678,.T.);
#1830=FACE_BOUND('',#1679,.T.);
#1831=FACE_BOUND('',#1680,.T.);
#1832=FACE_BOUND('',#1681,.T.);
#1833=FACE_BOUND('',#1682,.T.);
#1834=FACE_BOUND('',#1683,.T.);
#1835=FACE_BOUND('',#1684,.T.);
#1836=FACE_BOUND('',#1685,.T.);
#1837=FACE_BOUND('',#1686,.T.);
#1838=FACE_BOUND('',#1687,.T.);
#1839=FACE_BOUND('',#1688,.T.);
#1840=FACE_BOUND('',#1689,.T.);
#1841=FACE_BOUND('',#1690,.T.);
#1842=FACE_BOUND('',#1691,.T.);
#1843=FACE_BOUND('',#1692,.T.);
#1844=FACE_BOUND('',#1693,.T.);
#1845=FACE_BOUND('',#1694,.T.);
#1846=FACE_BOUND('',#1695,.T.);
#1847=FACE_BOUND('',#1696,.T.);
#1848=FACE_BOUND('',#1697,.T.);
#1849=FACE_BOUND('',#1698,.T.);
#1850=FACE_BOUND('',#1699,.T.);
#1851=FACE_BOUND('',#1700,.T.);
#1852=FACE_BOUND('',#1701,.T.);
#1853=FACE_BOUND('',#1702,.T.);
#1854=FACE_BOUND('',#1703,.T.);
#1855=FACE_BOUND('',#1704,.T.);
#1856=FACE_BOUND('',#1705,.T.);
#1857=FACE_BOUND('',#1706,.T.);
#1858=FACE_BOUND('',#1707,.T.);
#1859=FACE_BOUND('',#1708,.T.);
#1860=FACE_BOUND('',#1709,.T.);
#1861=FACE_BOUND('',#1710,.T.);
#1862=FACE_BOUND('',#1711,.T.);
#1863=FACE_BOUND('',#1712,.T.);
#1864=FACE_BOUND('',#1713,.T.);
#1865=FACE_BOUND('',#1714,.T.);
#1866=FACE_BOUND('',#1715,.T.);
#1867=FACE_BOUND('',#1716,.T.);
#1868=FACE_BOUND('',#1717,.T.);
#1869=FACE_BOUND('',#1718,.T.);
#1870=FACE_BOUND('',#1719,.T.);
#1871=FACE_BOUND('',#1720,.T.);
#1872=FACE_BOUND('',#1721,.T.);
#1873=FACE_BOUND('',#1722,.T.);
#1874=FACE_BOUND('',#1723,.T.);
#1875=FACE_BOUND('',#1724,.T.);
#1876=FACE_BOUND('',#1725,.T.);
#1877=FACE_BOUND('',#1726,.T.);
#1878=FACE_BOUND('',#1727,.T.);
#1879=FACE_BOUND('',#1728,.T.);
#1880=FACE_BOUND('',#1729,.T.);
#1881=FACE_BOUND('',#1730,.T.);
#1882=FACE_BOUND('',#1731,.T.);
#1883=FACE_BOUND('',#1732,.T.);
#1884=FACE_BOUND('',#1733,.T.);
#1885=FACE_BOUND('',#1734,.T.);
#1886=FACE_BOUND('',#1735,.T.);
#1887=FACE_BOUND('',#1736,.T.);
#1888=FACE_BOUND('',#1737,.T.);
#1889=FACE_BOUND('',#1738,.T.);
#1890=FACE_BOUND('',#1739,.T.);
#1891=FACE_BOUND('',#1740,.T.);
#1892=FACE_BOUND('',#1741,.T.);
#1893=FACE_BOUND('',#1742,.T.);
#1894=FACE_BOUND('',#1743,.T.);
#1895=FACE_BOUND('',#1744,.T.);
#1896=FACE_BOUND('',#1745,.T.);
#1897=FACE_BOUND('',#1746,.T.);
#1898=FACE_BOUND('',#1747,.T.);
#1899=FACE_BOUND('',#1748,.T.);
#1900=FACE_BOUND('',#1749,.T.);
#1901=FACE_BOUND('',#1750,.T.);
#1902=FACE_BOUND('',#1751,.T.);
#1903=FACE_BOUND('',#1752,.T.);
#1904=FACE_BOUND('',#1753,.T.);
#1905=FACE_BOUND('',#1754,.T.);
#1906=FACE_BOUND('',#1755,.T.);
#1907=FACE_BOUND('',#1756,.T.);
#1908=FACE_BOUND('',#1757,.T.);
#1909=FACE_BOUND('',#1758,.T.);
#1910=FACE_BOUND('',#1759,.T.);
#1911=FACE_BOUND('',#1760,.T.);
#1912=FACE_BOUND('',#1761,.T.);
#1913=FACE_BOUND('',#1762,.T.);
#1914=FACE_BOUND('',#1763,.T.);
#1915=FACE_BOUND('',#1764,.T.);
#1916=FACE_BOUND('',#1765,.T.);
#1917=FACE_BOUND('',#1766,.T.);
#1918=FACE_BOUND('',#1767,.T.);
#1919=FACE_BOUND('',#1768,.T.);
#1920=FACE_BOUND('',#1769,.T.);
#1921=FACE_BOUND('',#1770,.T.);
#1922=FACE_BOUND('',#1771,.T.);
#1923=FACE_BOUND('',#1772,.T.);
#1924=FACE_BOUND('',#1773,.T.);
#1925=FACE_BOUND('',#1774,.T.);
#1926=FACE_BOUND('',#1775,.T.);
#1927=FACE_BOUND('',#1776,.T.);
#1928=FACE_BOUND('',#1777,.T.);
#1929=FACE_BOUND('',#1778,.T.);
#1930=FACE_BOUND('',#1779,.T.);
#1931=FACE_BOUND('',#1780,.T.);
#1932=FACE_BOUND('',#1781,.T.);
#1933=FACE_BOUND('',#1782,.T.);
#1934=CYLINDRICAL_SURFACE('',#2147,0.0115);
#1935=CYLINDRICAL_SURFACE('',#2150,0.018);
#1936=CYLINDRICAL_SURFACE('',#2153,0.0115);
#1937=CYLINDRICAL_SURFACE('',#2180,0.001625);
#1938=CYLINDRICAL_SURFACE('',#2183,0.018);
#1939=CYLINDRICAL_SURFACE('',#2186,0.001625);
#1940=CYLINDRICAL_SURFACE('',#2205,0.013);
#1941=CYLINDRICAL_SURFACE('',#2210,0.013);
#1942=CYLINDRICAL_SURFACE('',#2232,0.003);
#1943=CYLINDRICAL_SURFACE('',#2234,0.003);
#1944=CYLINDRICAL_SURFACE('',#2238,0.003);
#1945=CYLINDRICAL_SURFACE('',#2240,0.003);
#1946=CYLINDRICAL_SURFACE('',#2243,0.003);
#1947=CYLINDRICAL_SURFACE('',#2246,0.003);
#1948=CYLINDRICAL_SURFACE('',#2249,0.003);
#1949=CYLINDRICAL_SURFACE('',#2252,0.003);
#1950=CYLINDRICAL_SURFACE('',#2255,0.003);
#1951=CYLINDRICAL_SURFACE('',#2258,0.003);
#1952=CYLINDRICAL_SURFACE('',#2263,0.0005);
#1953=CYLINDRICAL_SURFACE('',#2273,0.0005);
#1954=CYLINDRICAL_SURFACE('',#2275,0.0005);
#1955=CYLINDRICAL_SURFACE('',#2277,0.0005);
#1956=CYLINDRICAL_SURFACE('',#2282,0.0005);
#1957=CYLINDRICAL_SURFACE('',#2284,0.0005);
#1958=CYLINDRICAL_SURFACE('',#2288,0.0005);
#1959=CYLINDRICAL_SURFACE('',#2290,0.0005);
#1960=CYLINDRICAL_SURFACE('',#2300,0.0005);
#1961=CYLINDRICAL_SURFACE('',#2302,0.0005);
#1962=CYLINDRICAL_SURFACE('',#2308,0.0005);
#1963=CYLINDRICAL_SURFACE('',#2310,0.0005);
#1964=CYLINDRICAL_SURFACE('',#2312,0.0005);
#1965=CYLINDRICAL_SURFACE('',#2314,0.0005);
#1966=CYLINDRICAL_SURFACE('',#2315,0.0005);
#1967=CYLINDRICAL_SURFACE('',#2317,0.0005);
#1968=CYLINDRICAL_SURFACE('',#2319,0.0005);
#1969=CYLINDRICAL_SURFACE('',#2321,0.0005);
#1970=CYLINDRICAL_SURFACE('',#2329,0.0005);
#1971=CYLINDRICAL_SURFACE('',#2335,0.0005);
#1972=CYLINDRICAL_SURFACE('',#2341,0.0005);
#1973=CYLINDRICAL_SURFACE('',#2343,0.0005);
#1974=CYLINDRICAL_SURFACE('',#2345,0.0005);
#1975=CYLINDRICAL_SURFACE('',#2347,0.0005);
#1976=CYLINDRICAL_SURFACE('',#2349,0.0005);
#1977=CYLINDRICAL_SURFACE('',#2352,0.0005);
#1978=CYLINDRICAL_SURFACE('',#2357,0.0005);
#1979=CYLINDRICAL_SURFACE('',#2370,0.0005);
#1980=CYLINDRICAL_SURFACE('',#2374,0.0005);
#1981=CYLINDRICAL_SURFACE('',#2376,0.0005);
#1982=CYLINDRICAL_SURFACE('',#2379,0.0005);
#1983=CYLINDRICAL_SURFACE('',#2397,0.0005);
#1984=CYLINDRICAL_SURFACE('',#2403,0.0005);
#1985=CYLINDRICAL_SURFACE('',#2405,0.0005);
#1986=CYLINDRICAL_SURFACE('',#2413,0.0005);
#1987=CYLINDRICAL_SURFACE('',#2416,0.0005);
#1988=CYLINDRICAL_SURFACE('',#2425,0.0005);
#1989=CYLINDRICAL_SURFACE('',#2431,0.0005);
#1990=CYLINDRICAL_SURFACE('',#2433,0.0005);
#1991=CYLINDRICAL_SURFACE('',#2439,0.0005);
#1992=CYLINDRICAL_SURFACE('',#2447,0.0005);
#1993=ADVANCED_FACE('',(#1783),#1934,.F.);
#1994=ADVANCED_FACE('',(#1784),#133,.T.);
#1995=ADVANCED_FACE('',(#1785),#1935,.T.);
#1996=ADVANCED_FACE('',(#1786),#1936,.F.);
#1997=ADVANCED_FACE('',(#1787),#85,.F.);
#1998=ADVANCED_FACE('',(#1788),#86,.F.);
#1999=ADVANCED_FACE('',(#1789),#87,.F.);
#2000=ADVANCED_FACE('',(#1790),#88,.F.);
#2001=ADVANCED_FACE('',(#1791,#1792),#89,.F.);
#2002=ADVANCED_FACE('',(#1793),#134,.T.);
#2003=ADVANCED_FACE('',(#1794),#90,.F.);
#2004=ADVANCED_FACE('',(#1795),#91,.T.);
#2005=ADVANCED_FACE('',(#1796),#92,.F.);
#2006=ADVANCED_FACE('',(#1797),#93,.F.);
#2007=ADVANCED_FACE('',(#1798),#94,.T.);
#2008=ADVANCED_FACE('',(#1799),#95,.F.);
#2009=ADVANCED_FACE('',(#1800,#1801),#1937,.F.);
#2010=ADVANCED_FACE('',(#1802),#1938,.T.);
#2011=ADVANCED_FACE('',(#1803,#1804),#1939,.F.);
#2012=ADVANCED_FACE('',(#1805,#1806,#1807,#1808),#96,.T.);
#2013=ADVANCED_FACE('',(#1809),#97,.T.);
#2014=ADVANCED_FACE('',(#1810),#1940,.F.);
#2015=ADVANCED_FACE('',(#1811),#98,.F.);
#2016=ADVANCED_FACE('',(#1812),#1941,.F.);
#2017=ADVANCED_FACE('',(#1813),#99,.F.);
#2018=ADVANCED_FACE('',(#1814),#100,.F.);
#2019=ADVANCED_FACE('',(#1815),#101,.F.);
#2020=ADVANCED_FACE('',(#1816),#102,.F.);
#2021=ADVANCED_FACE('',(#1817),#103,.F.);
#2022=ADVANCED_FACE('',(#1818),#104,.F.);
#2023=ADVANCED_FACE('',(#1819),#105,.T.);
#2024=ADVANCED_FACE('',(#1820),#1942,.T.);
#2025=ADVANCED_FACE('',(#1821),#1943,.T.);
#2026=ADVANCED_FACE('',(#1822),#1944,.T.);
#2027=ADVANCED_FACE('',(#1823),#1945,.T.);
#2028=ADVANCED_FACE('',(#1824),#1946,.T.);
#2029=ADVANCED_FACE('',(#1825),#1947,.F.);
#2030=ADVANCED_FACE('',(#1826),#1948,.F.);
#2031=ADVANCED_FACE('',(#1827),#1949,.T.);
#2032=ADVANCED_FACE('',(#1828),#1950,.F.);
#2033=ADVANCED_FACE('',(#1829),#1951,.F.);
#2034=ADVANCED_FACE('',(#1830),#38,.T.);
#2035=ADVANCED_FACE('',(#1831),#1952,.T.);
#2036=ADVANCED_FACE('',(#1832),#39,.T.);
#2037=ADVANCED_FACE('',(#1833),#20,.T.);
#2038=ADVANCED_FACE('',(#1834),#40,.T.);
#2039=ADVANCED_FACE('',(#1835),#1953,.T.);
#2040=ADVANCED_FACE('',(#1836),#1954,.T.);
#2041=ADVANCED_FACE('',(#1837),#1955,.T.);
#2042=ADVANCED_FACE('',(#1838),#41,.T.);
#2043=ADVANCED_FACE('',(#1839),#1956,.T.);
#2044=ADVANCED_FACE('',(#1840),#1957,.T.);
#2045=ADVANCED_FACE('',(#1841),#21,.T.);
#2046=ADVANCED_FACE('',(#1842),#1958,.T.);
#2047=ADVANCED_FACE('',(#1843),#1959,.T.);
#2048=ADVANCED_FACE('',(#1844),#42,.T.);
#2049=ADVANCED_FACE('',(#1845),#22,.T.);
#2050=ADVANCED_FACE('',(#1846,#1847),#43,.T.);
#2051=ADVANCED_FACE('',(#1848),#44,.T.);
#2052=ADVANCED_FACE('',(#1849),#1960,.T.);
#2053=ADVANCED_FACE('',(#1850),#1961,.T.);
#2054=ADVANCED_FACE('',(#1851),#45,.T.);
#2055=ADVANCED_FACE('',(#1852),#46,.T.);
#2056=ADVANCED_FACE('',(#1853),#1962,.T.);
#2057=ADVANCED_FACE('',(#1854),#1963,.T.);
#2058=ADVANCED_FACE('',(#1855),#1964,.T.);
#2059=ADVANCED_FACE('',(#1856),#1965,.T.);
#2060=ADVANCED_FACE('',(#1857),#1966,.T.);
#2061=ADVANCED_FACE('',(#1858),#1967,.T.);
#2062=ADVANCED_FACE('',(#1859),#1968,.T.);
#2063=ADVANCED_FACE('',(#1860),#1969,.T.);
#2064=ADVANCED_FACE('',(#1861),#23,.T.);
#2065=ADVANCED_FACE('',(#1862),#12,.T.);
#2066=ADVANCED_FACE('',(#1863),#24,.T.);
#2067=ADVANCED_FACE('',(#1864),#47,.T.);
#2068=ADVANCED_FACE('',(#1865),#1970,.T.);
#2069=ADVANCED_FACE('',(#1866),#25,.T.);
#2070=ADVANCED_FACE('',(#1867),#1971,.T.);
#2071=ADVANCED_FACE('',(#1868),#26,.T.);
#2072=ADVANCED_FACE('',(#1869),#1972,.T.);
#2073=ADVANCED_FACE('',(#1870),#1973,.T.);
#2074=ADVANCED_FACE('',(#1871),#1974,.T.);
#2075=ADVANCED_FACE('',(#1872),#1975,.T.);
#2076=ADVANCED_FACE('',(#1873),#1976,.T.);
#2077=ADVANCED_FACE('',(#1874),#48,.T.);
#2078=ADVANCED_FACE('',(#1875),#1977,.T.);
#2079=ADVANCED_FACE('',(#1876),#13,.T.);
#2080=ADVANCED_FACE('',(#1877),#49,.T.);
#2081=ADVANCED_FACE('',(#1878),#1978,.T.);
#2082=ADVANCED_FACE('',(#1879),#14,.T.);
#2083=ADVANCED_FACE('',(#1880),#27,.T.);
#2084=ADVANCED_FACE('',(#1881),#28,.T.);
#2085=ADVANCED_FACE('',(#1882),#15,.T.);
#2086=ADVANCED_FACE('',(#1883),#29,.T.);
#2087=ADVANCED_FACE('',(#1884),#30,.T.);
#2088=ADVANCED_FACE('',(#1885),#31,.T.);
#2089=ADVANCED_FACE('',(#1886),#1979,.T.);
#2090=ADVANCED_FACE('',(#1887),#50,.T.);
#2091=ADVANCED_FACE('',(#1888),#1980,.T.);
#2092=ADVANCED_FACE('',(#1889),#1981,.T.);
#2093=ADVANCED_FACE('',(#1890),#16,.T.);
#2094=ADVANCED_FACE('',(#1891),#1982,.T.);
#2095=ADVANCED_FACE('',(#1892),#51,.T.);
#2096=ADVANCED_FACE('',(#1893),#17,.T.);
#2097=ADVANCED_FACE('',(#1894),#32,.T.);
#2098=ADVANCED_FACE('',(#1895),#33,.T.);
#2099=ADVANCED_FACE('',(#1896),#34,.T.);
#2100=ADVANCED_FACE('',(#1897),#35,.T.);
#2101=ADVANCED_FACE('',(#1898),#18,.T.);
#2102=ADVANCED_FACE('',(#1899),#52,.T.);
#2103=ADVANCED_FACE('',(#1900),#53,.T.);
#2104=ADVANCED_FACE('',(#1901),#1983,.T.);
#2105=ADVANCED_FACE('',(#1902),#36,.T.);
#2106=ADVANCED_FACE('',(#1903),#37,.T.);
#2107=ADVANCED_FACE('',(#1904),#1984,.T.);
#2108=ADVANCED_FACE('',(#1905),#19,.T.);
#2109=ADVANCED_FACE('',(#1906,#1907),#54,.T.);
#2110=ADVANCED_FACE('',(#1908),#1985,.T.);
#2111=ADVANCED_FACE('',(#1909),#55,.T.);
#2112=ADVANCED_FACE('',(#1910),#56,.T.);
#2113=ADVANCED_FACE('',(#1911),#57,.T.);
#2114=ADVANCED_FACE('',(#1912),#1986,.T.);
#2115=ADVANCED_FACE('',(#1913),#58,.T.);
#2116=ADVANCED_FACE('',(#1914),#1987,.T.);
#2117=ADVANCED_FACE('',(#1915),#59,.T.);
#2118=ADVANCED_FACE('',(#1916),#60,.T.);
#2119=ADVANCED_FACE('',(#1917),#61,.T.);
#2120=ADVANCED_FACE('',(#1918),#1988,.T.);
#2121=ADVANCED_FACE('',(#1919),#62,.T.);
#2122=ADVANCED_FACE('',(#1920),#63,.T.);
#2123=ADVANCED_FACE('',(#1921),#1989,.T.);
#2124=ADVANCED_FACE('',(#1922),#1990,.T.);
#2125=ADVANCED_FACE('',(#1923),#64,.T.);
#2126=ADVANCED_FACE('',(#1924),#65,.T.);
#2127=ADVANCED_FACE('',(#1925),#1991,.T.);
#2128=ADVANCED_FACE('',(#1926),#66,.T.);
#2129=ADVANCED_FACE('',(#1927),#67,.T.);
#2130=ADVANCED_FACE('',(#1928),#68,.T.);
#2131=ADVANCED_FACE('',(#1929),#1992,.T.);
#2132=ADVANCED_FACE('',(#1930,#1931),#69,.T.);
#2133=ADVANCED_FACE('',(#1932,#1933),#70,.T.);
#2134=CLOSED_SHELL('',(#1993,#1994,#1995,#1996,#1997,#1998,#1999,#2000,
#2001,#2002,#2003,#2004,#2005,#2006,#2007,#2008,#2009,#2010,#2011,#2012,
#2013,#2014,#2015,#2016,#2017,#2018,#2019,#2020,#2021,#2022,#2023,#2024,
#2025,#2026,#2027,#2028,#2029,#2030,#2031,#2032,#2033,#2034,#2035,#2036,
#2037,#2038,#2039,#2040,#2041,#2042,#2043,#2044,#2045,#2046,#2047,#2048,
#2049,#2050,#2051,#2052,#2053,#2054,#2055,#2056,#2057,#2058,#2059,#2060,
#2061,#2062,#2063,#2064,#2065,#2066,#2067,#2068,#2069,#2070,#2071,#2072,
#2073,#2074,#2075,#2076,#2077,#2078,#2079,#2080,#2081,#2082,#2083,#2084,
#2085,#2086,#2087,#2088,#2089,#2090,#2091,#2092,#2093,#2094,#2095,#2096,
#2097,#2098,#2099,#2100,#2101,#2102,#2103,#2104,#2105,#2106,#2107,#2108,
#2109,#2110,#2111,#2112,#2113,#2114,#2115,#2116,#2117,#2118,#2119,#2120,
#2121,#2122,#2123,#2124,#2125,#2126,#2127,#2128,#2129,#2130,#2131,#2132,
#2133));
#2135=STYLED_ITEM('',(#2136),#2143);
#2136=PRESENTATION_STYLE_ASSIGNMENT((#2137));
#2137=SURFACE_STYLE_USAGE(.BOTH.,#2138);
#2138=SURFACE_SIDE_STYLE('',(#2139));
#2139=SURFACE_STYLE_FILL_AREA(#2140);
#2140=FILL_AREA_STYLE('',(#2141));
#2141=FILL_AREA_STYLE_COLOUR('',#2142);
#2142=COLOUR_RGB('',0.615686274509804,0.811764705882353,0.929411764705882);
#2143=MANIFOLD_SOLID_BREP('BLOCKS_redfilter_clamp_top',#2134);
#2144=SHAPE_DEFINITION_REPRESENTATION(#4154,#2145);
#2145=SHAPE_REPRESENTATION('BLOCKS_redfilter_clamp_top',(#2146),#4149);
#2146=AXIS2_PLACEMENT_3D('',#3171,#2450,#2451);
#2147=AXIS2_PLACEMENT_3D('',#3172,#2452,#2453);
#2148=AXIS2_PLACEMENT_3D('',#3176,#2455,#2456);
#2149=AXIS2_PLACEMENT_3D('',#3180,#2458,#2459);
#2150=AXIS2_PLACEMENT_3D('',#3224,#2462,#2463);
#2151=AXIS2_PLACEMENT_3D('',#3228,#2465,#2466);
#2152=AXIS2_PLACEMENT_3D('',#3232,#2468,#2469);
#2153=AXIS2_PLACEMENT_3D('',#3233,#2470,#2471);
#2154=AXIS2_PLACEMENT_3D('',#3237,#2473,#2474);
#2155=AXIS2_PLACEMENT_3D('',#3241,#2476,#2477);
#2156=AXIS2_PLACEMENT_3D('',#3242,#2478,#2479);
#2157=AXIS2_PLACEMENT_3D('',#3251,#2484,#2485);
#2158=AXIS2_PLACEMENT_3D('',#3257,#2489,#2490);
#2159=AXIS2_PLACEMENT_3D('',#3258,#2491,#2492);
#2160=AXIS2_PLACEMENT_3D('',#3267,#2496,#2497);
#2161=AXIS2_PLACEMENT_3D('',#3268,#2498,#2499);
#2162=AXIS2_PLACEMENT_3D('',#3269,#2500,#2501);
#2163=AXIS2_PLACEMENT_3D('',#3274,#2503,#2504);
#2164=AXIS2_PLACEMENT_3D('',#3282,#2508,#2509);
#2165=AXIS2_PLACEMENT_3D('',#3285,#2511,#2512);
#2166=AXIS2_PLACEMENT_3D('',#3286,#2513,#2514);
#2167=AXIS2_PLACEMENT_3D('',#3300,#2515,#2516);
#2168=AXIS2_PLACEMENT_3D('',#3306,#2519,#2520);
#2169=AXIS2_PLACEMENT_3D('',#3310,#2522,#2523);
#2170=AXIS2_PLACEMENT_3D('',#3312,#2524,#2525);
#2171=AXIS2_PLACEMENT_3D('',#3314,#2526,#2527);
#2172=AXIS2_PLACEMENT_3D('',#3318,#2529,#2530);
#2173=AXIS2_PLACEMENT_3D('',#3324,#2533,#2534);
#2174=AXIS2_PLACEMENT_3D('',#3382,#2539,#2540);
#2175=AXIS2_PLACEMENT_3D('',#3391,#2545,#2546);
#2176=AXIS2_PLACEMENT_3D('',#3410,#2556,#2557);
#2177=AXIS2_PLACEMENT_3D('',#3423,#2564,#2565);
#2178=AXIS2_PLACEMENT_3D('',#3432,#2570,#2571);
#2179=AXIS2_PLACEMENT_3D('',#3451,#2581,#2582);
#2180=AXIS2_PLACEMENT_3D('',#3460,#2587,#2588);
#2181=AXIS2_PLACEMENT_3D('',#3461,#2589,#2590);
#2182=AXIS2_PLACEMENT_3D('',#3463,#2591,#2592);
#2183=AXIS2_PLACEMENT_3D('',#3465,#2593,#2594);
#2184=AXIS2_PLACEMENT_3D('',#3469,#2596,#2597);
#2185=AXIS2_PLACEMENT_3D('',#3473,#2599,#2600);
#2186=AXIS2_PLACEMENT_3D('',#3474,#2601,#2602);
#2187=AXIS2_PLACEMENT_3D('',#3475,#2603,#2604);
#2188=AXIS2_PLACEMENT_3D('',#3477,#2605,#2606);
#2189=AXIS2_PLACEMENT_3D('',#3479,#2607,#2608);
#2190=AXIS2_PLACEMENT_3D('',#3480,#2609,#2610);
#2191=AXIS2_PLACEMENT_3D('',#3485,#2612,#2613);
#2192=AXIS2_PLACEMENT_3D('',#3487,#2614,#2615);
#2193=AXIS2_PLACEMENT_3D('',#3489,#2616,#2617);
#2194=AXIS2_PLACEMENT_3D('',#3493,#2619,#2620);
#2195=AXIS2_PLACEMENT_3D('',#3497,#2622,#2623);
#2196=AXIS2_PLACEMENT_3D('',#3501,#2625,#2626);
#2197=AXIS2_PLACEMENT_3D('',#3503,#2627,#2628);
#2198=AXIS2_PLACEMENT_3D('',#3505,#2629,#2630);
#2199=AXIS2_PLACEMENT_3D('',#3509,#2632,#2633);
#2200=AXIS2_PLACEMENT_3D('',#3512,#2635,#2636);
#2201=AXIS2_PLACEMENT_3D('',#3528,#2637,#2638);
#2202=AXIS2_PLACEMENT_3D('',#3542,#2639,#2640);
#2203=AXIS2_PLACEMENT_3D('',#3544,#2641,#2642);
#2204=AXIS2_PLACEMENT_3D('',#3546,#2643,#2644);
#2205=AXIS2_PLACEMENT_3D('',#3559,#2651,#2652);
#2206=AXIS2_PLACEMENT_3D('',#3560,#2653,#2654);
#2207=AXIS2_PLACEMENT_3D('',#3571,#2656,#2657);
#2208=AXIS2_PLACEMENT_3D('',#3572,#2658,#2659);
#2209=AXIS2_PLACEMENT_3D('',#3575,#2661,#2662);
#2210=AXIS2_PLACEMENT_3D('',#3588,#2669,#2670);
#2211=AXIS2_PLACEMENT_3D('',#3598,#2672,#2673);
#2212=AXIS2_PLACEMENT_3D('',#3602,#2675,#2676);
#2213=AXIS2_PLACEMENT_3D('',#3603,#2677,#2678);
#2214=AXIS2_PLACEMENT_3D('',#3604,#2679,#2680);
#2215=AXIS2_PLACEMENT_3D('',#3618,#2685,#2686);
#2216=AXIS2_PLACEMENT_3D('',#3619,#2687,#2688);
#2217=AXIS2_PLACEMENT_3D('',#3621,#2689,#2690);
#2218=AXIS2_PLACEMENT_3D('',#3623,#2692,#2693);
#2219=AXIS2_PLACEMENT_3D('',#3632,#2698,#2699);
#2220=AXIS2_PLACEMENT_3D('',#3646,#2704,#2705);
#2221=AXIS2_PLACEMENT_3D('',#3652,#2709,#2710);
#2222=AXIS2_PLACEMENT_3D('',#3653,#2711,#2712);
#2223=AXIS2_PLACEMENT_3D('',#3655,#2713,#2714);
#2224=AXIS2_PLACEMENT_3D('',#3657,#2716,#2717);
#2225=AXIS2_PLACEMENT_3D('',#3663,#2718,#2719);
#2226=AXIS2_PLACEMENT_3D('',#3677,#2720,#2721);
#2227=AXIS2_PLACEMENT_3D('',#3683,#2722,#2723);
#2228=AXIS2_PLACEMENT_3D('',#3687,#2725,#2726);
#2229=AXIS2_PLACEMENT_3D('',#3689,#2727,#2728);
#2230=AXIS2_PLACEMENT_3D('',#3691,#2729,#2730);
#2231=AXIS2_PLACEMENT_3D('',#3695,#2732,#2733);
#2232=AXIS2_PLACEMENT_3D('',#3696,#2734,#2735);
#2233=AXIS2_PLACEMENT_3D('',#3697,#2736,#2737);
#2234=AXIS2_PLACEMENT_3D('',#3702,#2738,#2739);
#2235=AXIS2_PLACEMENT_3D('',#3703,#2740,#2741);
#2236=AXIS2_PLACEMENT_3D('',#3707,#2743,#2744);
#2237=AXIS2_PLACEMENT_3D('',#3708,#2745,#2746);
#2238=AXIS2_PLACEMENT_3D('',#3709,#2747,#2748);
#2239=AXIS2_PLACEMENT_3D('',#3710,#2749,#2750);
#2240=AXIS2_PLACEMENT_3D('',#3720,#2751,#2752);
#2241=AXIS2_PLACEMENT_3D('',#3721,#2753,#2754);
#2242=AXIS2_PLACEMENT_3D('',#3722,#2755,#2756);
#2243=AXIS2_PLACEMENT_3D('',#3723,#2757,#2758);
#2244=AXIS2_PLACEMENT_3D('',#3724,#2759,#2760);
#2245=AXIS2_PLACEMENT_3D('',#3725,#2761,#2762);
#2246=AXIS2_PLACEMENT_3D('',#3726,#2763,#2764);
#2247=AXIS2_PLACEMENT_3D('',#3727,#2765,#2766);
#2248=AXIS2_PLACEMENT_3D('',#3728,#2767,#2768);
#2249=AXIS2_PLACEMENT_3D('',#3729,#2769,#2770);
#2250=AXIS2_PLACEMENT_3D('',#3730,#2771,#2772);
#2251=AXIS2_PLACEMENT_3D('',#3731,#2773,#2774);
#2252=AXIS2_PLACEMENT_3D('',#3732,#2775,#2776);
#2253=AXIS2_PLACEMENT_3D('',#3733,#2777,#2778);
#2254=AXIS2_PLACEMENT_3D('',#3734,#2779,#2780);
#2255=AXIS2_PLACEMENT_3D('',#3735,#2781,#2782);
#2256=AXIS2_PLACEMENT_3D('',#3736,#2783,#2784);
#2257=AXIS2_PLACEMENT_3D('',#3737,#2785,#2786);
#2258=AXIS2_PLACEMENT_3D('',#3738,#2787,#2788);
#2259=AXIS2_PLACEMENT_3D('',#3739,#2789,#2790);
#2260=AXIS2_PLACEMENT_3D('',#3740,#2791,#2792);
#2261=AXIS2_PLACEMENT_3D('',#3741,#2793,#2794);
#2262=AXIS2_PLACEMENT_3D('',#3746,#2795,#2796);
#2263=AXIS2_PLACEMENT_3D('',#3747,#2797,#2798);
#2264=AXIS2_PLACEMENT_3D('',#3748,#2799,#2800);
#2265=AXIS2_PLACEMENT_3D('',#3749,#2801,#2802);
#2266=AXIS2_PLACEMENT_3D('',#3750,#2803,#2804);
#2267=AXIS2_PLACEMENT_3D('',#3751,#2805,#2806);
#2268=AXIS2_PLACEMENT_3D('',#3752,#2807,#2808);
#2269=AXIS2_PLACEMENT_3D('',#3753,#2809,#2810);
#2270=AXIS2_PLACEMENT_3D('',#3754,#2811,#2812);
#2271=AXIS2_PLACEMENT_3D('',#3755,#2813,#2814);
#2272=AXIS2_PLACEMENT_3D('',#3756,#2815,#2816);
#2273=AXIS2_PLACEMENT_3D('',#3757,#2817,#2818);
#2274=AXIS2_PLACEMENT_3D('',#3758,#2819,#2820);
#2275=AXIS2_PLACEMENT_3D('',#3759,#2821,#2822);
#2276=AXIS2_PLACEMENT_3D('',#3760,#2823,#2824);
#2277=AXIS2_PLACEMENT_3D('',#3761,#2825,#2826);
#2278=AXIS2_PLACEMENT_3D('',#3762,#2827,#2828);
#2279=AXIS2_PLACEMENT_3D('',#3763,#2829,#2830);
#2280=AXIS2_PLACEMENT_3D('',#3764,#2831,#2832);
#2281=AXIS2_PLACEMENT_3D('',#3765,#2833,#2834);
#2282=AXIS2_PLACEMENT_3D('',#3766,#2835,#2836);
#2283=AXIS2_PLACEMENT_3D('',#3767,#2837,#2838);
#2284=AXIS2_PLACEMENT_3D('',#3768,#2839,#2840);
#2285=AXIS2_PLACEMENT_3D('',#3769,#2841,#2842);
#2286=AXIS2_PLACEMENT_3D('',#3770,#2843,#2844);
#2287=AXIS2_PLACEMENT_3D('',#3771,#2845,#2846);
#2288=AXIS2_PLACEMENT_3D('',#3772,#2847,#2848);
#2289=AXIS2_PLACEMENT_3D('',#3773,#2849,#2850);
#2290=AXIS2_PLACEMENT_3D('',#3774,#2851,#2852);
#2291=AXIS2_PLACEMENT_3D('',#3775,#2853,#2854);
#2292=AXIS2_PLACEMENT_3D('',#3776,#2855,#2856);
#2293=AXIS2_PLACEMENT_3D('',#3777,#2857,#2858);
#2294=AXIS2_PLACEMENT_3D('',#3778,#2859,#2860);
#2295=AXIS2_PLACEMENT_3D('',#3779,#2861,#2862);
#2296=AXIS2_PLACEMENT_3D('',#3780,#2863,#2864);
#2297=AXIS2_PLACEMENT_3D('',#3781,#2865,#2866);
#2298=AXIS2_PLACEMENT_3D('',#3786,#2867,#2868);
#2299=AXIS2_PLACEMENT_3D('',#3787,#2869,#2870);
#2300=AXIS2_PLACEMENT_3D('',#3788,#2871,#2872);
#2301=AXIS2_PLACEMENT_3D('',#3789,#2873,#2874);
#2302=AXIS2_PLACEMENT_3D('',#3790,#2875,#2876);
#2303=AXIS2_PLACEMENT_3D('',#3791,#2877,#2878);
#2304=AXIS2_PLACEMENT_3D('',#3792,#2879,#2880);
#2305=AXIS2_PLACEMENT_3D('',#3793,#2881,#2882);
#2306=AXIS2_PLACEMENT_3D('',#3794,#2883,#2884);
#2307=AXIS2_PLACEMENT_3D('',#3795,#2885,#2886);
#2308=AXIS2_PLACEMENT_3D('',#3796,#2887,#2888);
#2309=AXIS2_PLACEMENT_3D('',#3797,#2889,#2890);
#2310=AXIS2_PLACEMENT_3D('',#3798,#2891,#2892);
#2311=AXIS2_PLACEMENT_3D('',#3799,#2893,#2894);
#2312=AXIS2_PLACEMENT_3D('',#3800,#2895,#2896);
#2313=AXIS2_PLACEMENT_3D('',#3801,#2897,#2898);
#2314=AXIS2_PLACEMENT_3D('',#3802,#2899,#2900);
#2315=AXIS2_PLACEMENT_3D('',#3807,#2901,#2902);
#2316=AXIS2_PLACEMENT_3D('',#3808,#2903,#2904);
#2317=AXIS2_PLACEMENT_3D('',#3809,#2905,#2906);
#2318=AXIS2_PLACEMENT_3D('',#3810,#2907,#2908);
#2319=AXIS2_PLACEMENT_3D('',#3811,#2909,#2910);
#2320=AXIS2_PLACEMENT_3D('',#3812,#2911,#2912);
#2321=AXIS2_PLACEMENT_3D('',#3813,#2913,#2914);
#2322=AXIS2_PLACEMENT_3D('',#3814,#2915,#2916);
#2323=AXIS2_PLACEMENT_3D('',#3815,#2917,#2918);
#2324=AXIS2_PLACEMENT_3D('',#3816,#2919,#2920);
#2325=AXIS2_PLACEMENT_3D('',#3833,#2921,#2922);
#2326=AXIS2_PLACEMENT_3D('',#3834,#2923,#2924);
#2327=AXIS2_PLACEMENT_3D('',#3835,#2925,#2926);
#2328=AXIS2_PLACEMENT_3D('',#3836,#2927,#2928);
#2329=AXIS2_PLACEMENT_3D('',#3837,#2929,#2930);
#2330=AXIS2_PLACEMENT_3D('',#3838,#2931,#2932);
#2331=AXIS2_PLACEMENT_3D('',#3839,#2933,#2934);
#2332=AXIS2_PLACEMENT_3D('',#3840,#2935,#2936);
#2333=AXIS2_PLACEMENT_3D('',#3841,#2937,#2938);
#2334=AXIS2_PLACEMENT_3D('',#3842,#2939,#2940);
#2335=AXIS2_PLACEMENT_3D('',#3843,#2941,#2942);
#2336=AXIS2_PLACEMENT_3D('',#3844,#2943,#2944);
#2337=AXIS2_PLACEMENT_3D('',#3845,#2945,#2946);
#2338=AXIS2_PLACEMENT_3D('',#3846,#2947,#2948);
#2339=AXIS2_PLACEMENT_3D('',#3847,#2949,#2950);
#2340=AXIS2_PLACEMENT_3D('',#3848,#2951,#2952);
#2341=AXIS2_PLACEMENT_3D('',#3849,#2953,#2954);
#2342=AXIS2_PLACEMENT_3D('',#3850,#2955,#2956);
#2343=AXIS2_PLACEMENT_3D('',#3851,#2957,#2958);
#2344=AXIS2_PLACEMENT_3D('',#3852,#2959,#2960);
#2345=AXIS2_PLACEMENT_3D('',#3853,#2961,#2962);
#2346=AXIS2_PLACEMENT_3D('',#3854,#2963,#2964);
#2347=AXIS2_PLACEMENT_3D('',#3855,#2965,#2966);
#2348=AXIS2_PLACEMENT_3D('',#3856,#2967,#2968);
#2349=AXIS2_PLACEMENT_3D('',#3857,#2969,#2970);
#2350=AXIS2_PLACEMENT_3D('',#3862,#2971,#2972);
#2351=AXIS2_PLACEMENT_3D('',#3863,#2973,#2974);
#2352=AXIS2_PLACEMENT_3D('',#3864,#2975,#2976);
#2353=AXIS2_PLACEMENT_3D('',#3865,#2977,#2978);
#2354=AXIS2_PLACEMENT_3D('',#3902,#2979,#2980);
#2355=AXIS2_PLACEMENT_3D('',#3903,#2981,#2982);
#2356=AXIS2_PLACEMENT_3D('',#3904,#2983,#2984);
#2357=AXIS2_PLACEMENT_3D('',#3905,#2985,#2986);
#2358=AXIS2_PLACEMENT_3D('',#3906,#2987,#2988);
#2359=AXIS2_PLACEMENT_3D('',#3923,#2989,#2990);
#2360=AXIS2_PLACEMENT_3D('',#3924,#2991,#2992);
#2361=AXIS2_PLACEMENT_3D('',#3925,#2993,#2994);
#2362=AXIS2_PLACEMENT_3D('',#3926,#2995,#2996);
#2363=AXIS2_PLACEMENT_3D('',#3943,#2997,#2998);
#2364=AXIS2_PLACEMENT_3D('',#3944,#2999,#3000);
#2365=AXIS2_PLACEMENT_3D('',#3945,#3001,#3002);
#2366=AXIS2_PLACEMENT_3D('',#3946,#3003,#3004);
#2367=AXIS2_PLACEMENT_3D('',#3947,#3005,#3006);
#2368=AXIS2_PLACEMENT_3D('',#3948,#3007,#3008);
#2369=AXIS2_PLACEMENT_3D('',#3949,#3009,#3010);
#2370=AXIS2_PLACEMENT_3D('',#3950,#3011,#3012);
#2371=AXIS2_PLACEMENT_3D('',#3951,#3013,#3014);
#2372=AXIS2_PLACEMENT_3D('',#3952,#3015,#3016);
#2373=AXIS2_PLACEMENT_3D('',#3953,#3017,#3018);
#2374=AXIS2_PLACEMENT_3D('',#3954,#3019,#3020);
#2375=AXIS2_PLACEMENT_3D('',#3955,#3021,#3022);
#2376=AXIS2_PLACEMENT_3D('',#3956,#3023,#3024);
#2377=AXIS2_PLACEMENT_3D('',#3957,#3025,#3026);
#2378=AXIS2_PLACEMENT_3D('',#3991,#3027,#3028);
#2379=AXIS2_PLACEMENT_3D('',#3992,#3029,#3030);
#2380=AXIS2_PLACEMENT_3D('',#3993,#3031,#3032);
#2381=AXIS2_PLACEMENT_3D('',#3994,#3033,#3034);
#2382=AXIS2_PLACEMENT_3D('',#3995,#3035,#3036);
#2383=AXIS2_PLACEMENT_3D('',#4032,#3037,#3038);
#2384=AXIS2_PLACEMENT_3D('',#4033,#3039,#3040);
#2385=AXIS2_PLACEMENT_3D('',#4034,#3041,#3042);
#2386=AXIS2_PLACEMENT_3D('',#4035,#3043,#3044);
#2387=AXIS2_PLACEMENT_3D('',#4036,#3045,#3046);
#2388=AXIS2_PLACEMENT_3D('',#4037,#3047,#3048);
#2389=AXIS2_PLACEMENT_3D('',#4038,#3049,#3050);
#2390=AXIS2_PLACEMENT_3D('',#4039,#3051,#3052);
#2391=AXIS2_PLACEMENT_3D('',#4040,#3053,#3054);
#2392=AXIS2_PLACEMENT_3D('',#4074,#3055,#3056);
#2393=AXIS2_PLACEMENT_3D('',#4075,#3057,#3058);
#2394=AXIS2_PLACEMENT_3D('',#4076,#3059,#3060);
#2395=AXIS2_PLACEMENT_3D('',#4077,#3061,#3062);
#2396=AXIS2_PLACEMENT_3D('',#4078,#3063,#3064);
#2397=AXIS2_PLACEMENT_3D('',#4079,#3065,#3066);
#2398=AXIS2_PLACEMENT_3D('',#4080,#3067,#3068);
#2399=AXIS2_PLACEMENT_3D('',#4081,#3069,#3070);
#2400=AXIS2_PLACEMENT_3D('',#4082,#3071,#3072);
#2401=AXIS2_PLACEMENT_3D('',#4083,#3073,#3074);
#2402=AXIS2_PLACEMENT_3D('',#4084,#3075,#3076);
#2403=AXIS2_PLACEMENT_3D('',#4085,#3077,#3078);
#2404=AXIS2_PLACEMENT_3D('',#4102,#3079,#3080);
#2405=AXIS2_PLACEMENT_3D('',#4103,#3081,#3082);
#2406=AXIS2_PLACEMENT_3D('',#4104,#3083,#3084);
#2407=AXIS2_PLACEMENT_3D('',#4105,#3085,#3086);
#2408=AXIS2_PLACEMENT_3D('',#4106,#3087,#3088);
#2409=AXIS2_PLACEMENT_3D('',#4107,#3089,#3090);
#2410=AXIS2_PLACEMENT_3D('',#4108,#3091,#3092);
#2411=AXIS2_PLACEMENT_3D('',#4109,#3093,#3094);
#2412=AXIS2_PLACEMENT_3D('',#4110,#3095,#3096);
#2413=AXIS2_PLACEMENT_3D('',#4111,#3097,#3098);
#2414=AXIS2_PLACEMENT_3D('',#4112,#3099,#3100);
#2415=AXIS2_PLACEMENT_3D('',#4113,#3101,#3102);
#2416=AXIS2_PLACEMENT_3D('',#4114,#3103,#3104);
#2417=AXIS2_PLACEMENT_3D('',#4115,#3105,#3106);
#2418=AXIS2_PLACEMENT_3D('',#4116,#3107,#3108);
#2419=AXIS2_PLACEMENT_3D('',#4117,#3109,#3110);
#2420=AXIS2_PLACEMENT_3D('',#4118,#3111,#3112);
#2421=AXIS2_PLACEMENT_3D('',#4119,#3113,#3114);
#2422=AXIS2_PLACEMENT_3D('',#4120,#3115,#3116);
#2423=AXIS2_PLACEMENT_3D('',#4121,#3117,#3118);
#2424=AXIS2_PLACEMENT_3D('',#4122,#3119,#3120);
#2425=AXIS2_PLACEMENT_3D('',#4123,#3121,#3122);
#2426=AXIS2_PLACEMENT_3D('',#4124,#3123,#3124);
#2427=AXIS2_PLACEMENT_3D('',#4125,#3125,#3126);
#2428=AXIS2_PLACEMENT_3D('',#4126,#3127,#3128);
#2429=AXIS2_PLACEMENT_3D('',#4127,#3129,#3130);
#2430=AXIS2_PLACEMENT_3D('',#4128,#3131,#3132);
#2431=AXIS2_PLACEMENT_3D('',#4129,#3133,#3134);
#2432=AXIS2_PLACEMENT_3D('',#4130,#3135,#3136);
#2433=AXIS2_PLACEMENT_3D('',#4131,#3137,#3138);
#2434=AXIS2_PLACEMENT_3D('',#4132,#3139,#3140);
#2435=AXIS2_PLACEMENT_3D('',#4133,#3141,#3142);
#2436=AXIS2_PLACEMENT_3D('',#4134,#3143,#3144);
#2437=AXIS2_PLACEMENT_3D('',#4135,#3145,#3146);
#2438=AXIS2_PLACEMENT_3D('',#4136,#3147,#3148);
#2439=AXIS2_PLACEMENT_3D('',#4137,#3149,#3150);
#2440=AXIS2_PLACEMENT_3D('',#4138,#3151,#3152);
#2441=AXIS2_PLACEMENT_3D('',#4139,#3153,#3154);
#2442=AXIS2_PLACEMENT_3D('',#4140,#3155,#3156);
#2443=AXIS2_PLACEMENT_3D('',#4141,#3157,#3158);
#2444=AXIS2_PLACEMENT_3D('',#4142,#3159,#3160);
#2445=AXIS2_PLACEMENT_3D('',#4143,#3161,#3162);
#2446=AXIS2_PLACEMENT_3D('',#4144,#3163,#3164);
#2447=AXIS2_PLACEMENT_3D('',#4145,#3165,#3166);
#2448=AXIS2_PLACEMENT_3D('',#4146,#3167,#3168);
#2449=AXIS2_PLACEMENT_3D('',#4147,#3169,#3170);
#2450=DIRECTION('',(0.,0.,1.));
#2451=DIRECTION('',(1.,0.,0.));
#2452=DIRECTION('',(0.,0.,-1.));
#2453=DIRECTION('',(-1.,0.,0.));
#2454=DIRECTION('',(0.,0.,-1.));
#2455=DIRECTION('',(0.,0.,-1.));
#2456=DIRECTION('',(-1.,0.,0.));
#2457=DIRECTION('',(0.,0.,-1.));
#2458=DIRECTION('',(0.,0.,1.));
#2459=DIRECTION('',(1.,0.,0.));
#2460=DIRECTION('',(0.,0.,-1.));
#2461=DIRECTION('',(0.,0.,-1.));
#2462=DIRECTION('',(0.,0.,-1.));
#2463=DIRECTION('',(-1.,0.,0.));
#2464=DIRECTION('',(0.,0.,-1.));
#2465=DIRECTION('',(0.,0.,-1.));
#2466=DIRECTION('',(-1.,0.,0.));
#2467=DIRECTION('',(0.,0.,-1.));
#2468=DIRECTION('',(0.,0.,1.));
#2469=DIRECTION('',(1.,0.,0.));
#2470=DIRECTION('',(0.,0.,-1.));
#2471=DIRECTION('',(-1.,0.,0.));
#2472=DIRECTION('',(0.,0.,-1.));
#2473=DIRECTION('',(0.,0.,-1.));
#2474=DIRECTION('',(-1.,0.,0.));
#2475=DIRECTION('',(0.,0.,-1.));
#2476=DIRECTION('',(0.,0.,1.));
#2477=DIRECTION('',(1.,0.,0.));
#2478=DIRECTION('',(0.,1.,0.));
#2479=DIRECTION('',(0.,0.,1.));
#2480=DIRECTION('',(-1.,0.,0.));
#2481=DIRECTION('',(0.,0.,-1.));
#2482=DIRECTION('',(1.,0.,0.));
#2483=DIRECTION('',(0.,0.,-1.));
#2484=DIRECTION('',(0.,0.5,0.866025403784439));
#2485=DIRECTION('',(0.,-0.866025403784439,0.5));
#2486=DIRECTION('',(0.,0.866025403784439,-0.5));
#2487=DIRECTION('',(1.,0.,0.));
#2488=DIRECTION('',(0.,0.866025403784439,-0.5));
#2489=DIRECTION('',(0.,0.,1.));
#2490=DIRECTION('',(1.,0.,0.));
#2491=DIRECTION('',(0.,0.,1.));
#2492=DIRECTION('',(1.,0.,0.));
#2493=DIRECTION('',(0.,-1.,0.));
#2494=DIRECTION('',(-1.,0.,0.));
#2495=DIRECTION('',(0.,1.,0.));
#2496=DIRECTION('',(0.,0.,1.));
#2497=DIRECTION('',(1.,0.,0.));
#2498=DIRECTION('',(0.,0.,1.));
#2499=DIRECTION('',(1.,0.,0.));
#2500=DIRECTION('',(0.,0.,1.));
#2501=DIRECTION('',(1.,0.,0.));
#2502=DIRECTION('',(-1.,-4.92248178694152E-16,0.));
#2503=DIRECTION('',(0.,0.,1.));
#2504=DIRECTION('',(1.,0.,0.));
#2505=DIRECTION('',(0.,-1.,0.));
#2506=DIRECTION('',(-1.,0.,0.));
#2507=DIRECTION('',(0.,-1.,0.));
#2508=DIRECTION('',(0.,0.,1.));
#2509=DIRECTION('',(1.,0.,0.));
#2510=DIRECTION('',(0.,-1.,0.));
#2511=DIRECTION('',(0.,0.,1.));
#2512=DIRECTION('',(1.,0.,0.));
#2513=DIRECTION('',(0.,0.,1.));
#2514=DIRECTION('',(1.,0.,0.));
#2515=DIRECTION('',(0.,0.,1.));
#2516=DIRECTION('',(1.,0.,0.));
#2517=DIRECTION('',(1.,0.,0.));
#2518=DIRECTION('',(0.,-1.,0.));
#2519=DIRECTION('',(0.,0.,1.));
#2520=DIRECTION('',(1.,0.,0.));
#2521=DIRECTION('',(1.,2.56082403534921E-16,0.));
#2522=DIRECTION('',(0.,0.,1.));
#2523=DIRECTION('',(1.,0.,0.));
#2524=DIRECTION('',(0.,0.,1.));
#2525=DIRECTION('',(1.,0.,0.));
#2526=DIRECTION('',(0.,0.,1.));
#2527=DIRECTION('',(1.,0.,0.));
#2528=DIRECTION('',(1.,3.70451941644701E-16,0.));
#2529=DIRECTION('',(0.,0.,1.));
#2530=DIRECTION('',(1.,0.,0.));
#2531=DIRECTION('',(0.,1.,0.));
#2532=DIRECTION('',(1.,0.,0.));
#2533=DIRECTION('',(0.,0.,1.));
#2534=DIRECTION('',(1.,0.,0.));
#2535=DIRECTION('',(0.,0.,-1.));
#2536=DIRECTION('',(0.,0.,-1.));
#2537=DIRECTION('',(0.,0.,-1.));
#2538=DIRECTION('',(0.,0.,-1.));
#2539=DIRECTION('',(-2.56082403534921E-16,1.,0.));
#2540=DIRECTION('',(-1.,-2.56082403534921E-16,0.));
#2541=DIRECTION('',(0.,0.,-1.));
#2542=DIRECTION('',(1.,2.56082403534921E-16,0.));
#2543=DIRECTION('',(0.,0.,1.));
#2544=DIRECTION('',(1.,2.56082403534921E-16,0.));
#2545=DIRECTION('',(1.,0.,0.));
#2546=DIRECTION('',(0.,0.,-1.));
#2547=DIRECTION('',(0.,0.,-1.));
#2548=DIRECTION('',(0.,-1.,0.));
#2549=DIRECTION('',(0.,0.,-1.));
#2550=DIRECTION('',(0.,-1.,0.));
#2551=DIRECTION('',(0.,0.,-1.));
#2552=DIRECTION('',(0.,-0.866025403784439,-0.5));
#2553=DIRECTION('',(0.,-0.866025403784439,0.5));
#2554=DIRECTION('',(0.,0.,1.));
#2555=DIRECTION('',(0.,-1.,0.));
#2556=DIRECTION('',(4.92248178694152E-16,-1.,0.));
#2557=DIRECTION('',(1.,4.92248178694152E-16,0.));
#2558=DIRECTION('',(0.,0.,-1.));
#2559=DIRECTION('',(-1.,-4.92248178694152E-16,0.));
#2560=DIRECTION('',(0.,0.,-1.));
#2561=DIRECTION('',(-1.,-4.92248178694152E-16,0.));
#2562=DIRECTION('',(0.,0.,1.));
#2563=DIRECTION('',(-1.,-4.92248178694152E-16,0.));
#2564=DIRECTION('',(5.83280100573037E-16,-1.,0.));
#2565=DIRECTION('',(1.,5.83280100573037E-16,0.));
#2566=DIRECTION('',(0.,0.,1.));
#2567=DIRECTION('',(-1.,-5.83280100573037E-16,0.));
#2568=DIRECTION('',(0.,0.,-1.));
#2569=DIRECTION('',(-1.,-5.83280100573037E-16,0.));
#2570=DIRECTION('',(-1.,0.,0.));
#2571=DIRECTION('',(0.,0.,1.));
#2572=DIRECTION('',(0.,0.,-1.));
#2573=DIRECTION('',(0.,1.,0.));
#2574=DIRECTION('',(0.,0.,-1.));
#2575=DIRECTION('',(0.,1.,0.));
#2576=DIRECTION('',(0.,0.,-1.));
#2577=DIRECTION('',(0.,0.866025403784439,-0.5));
#2578=DIRECTION('',(0.,0.866025403784439,0.5));
#2579=DIRECTION('',(0.,0.,1.));
#2580=DIRECTION('',(0.,1.,0.));
#2581=DIRECTION('',(-3.70451941644701E-16,1.,0.));
#2582=DIRECTION('',(-1.,-3.70451941644701E-16,0.));
#2583=DIRECTION('',(0.,0.,1.));
#2584=DIRECTION('',(1.,3.70451941644701E-16,0.));
#2585=DIRECTION('',(0.,0.,-1.));
#2586=DIRECTION('',(1.,3.70451941644701E-16,0.));
#2587=DIRECTION('',(0.,0.,-1.));
#2588=DIRECTION('',(-1.,0.,0.));
#2589=DIRECTION('',(0.,0.,1.));
#2590=DIRECTION('',(1.,0.,0.));
#2591=DIRECTION('',(0.,0.,1.));
#2592=DIRECTION('',(1.,0.,0.));
#2593=DIRECTION('',(0.,0.,-1.));
#2594=DIRECTION('',(-1.,0.,0.));
#2595=DIRECTION('',(0.,0.,-1.));
#2596=DIRECTION('',(0.,0.,1.));
#2597=DIRECTION('',(1.,0.,0.));
#2598=DIRECTION('',(0.,0.,-1.));
#2599=DIRECTION('',(0.,0.,1.));
#2600=DIRECTION('',(1.,0.,0.));
#2601=DIRECTION('',(0.,0.,-1.));
#2602=DIRECTION('',(-1.,0.,0.));
#2603=DIRECTION('',(0.,0.,1.));
#2604=DIRECTION('',(1.,0.,0.));
#2605=DIRECTION('',(0.,0.,1.));
#2606=DIRECTION('',(1.,0.,0.));
#2607=DIRECTION('',(0.,0.,1.));
#2608=DIRECTION('',(1.,0.,0.));
#2609=DIRECTION('',(0.,0.,1.));
#2610=DIRECTION('',(1.,0.,0.));
#2611=DIRECTION('',(1.,3.70451941644701E-16,0.));
#2612=DIRECTION('',(0.,0.,1.));
#2613=DIRECTION('',(1.,0.,0.));
#2614=DIRECTION('',(0.,0.,1.));
#2615=DIRECTION('',(1.,0.,0.));
#2616=DIRECTION('',(0.,0.,1.));
#2617=DIRECTION('',(1.,0.,0.));
#2618=DIRECTION('',(1.,2.56082403534921E-16,0.));
#2619=DIRECTION('',(0.,0.,1.));
#2620=DIRECTION('',(1.,0.,0.));
#2621=DIRECTION('',(0.,-1.,0.));
#2622=DIRECTION('',(0.,0.,1.));
#2623=DIRECTION('',(1.,0.,0.));
#2624=DIRECTION('',(-1.,-4.92248178694152E-16,0.));
#2625=DIRECTION('',(0.,0.,1.));
#2626=DIRECTION('',(1.,0.,0.));
#2627=DIRECTION('',(0.,0.,1.));
#2628=DIRECTION('',(1.,0.,0.));
#2629=DIRECTION('',(0.,0.,1.));
#2630=DIRECTION('',(1.,0.,0.));
#2631=DIRECTION('',(-1.,-5.83280100573037E-16,0.));
#2632=DIRECTION('',(0.,0.,1.));
#2633=DIRECTION('',(1.,0.,0.));
#2634=DIRECTION('',(0.,1.,0.));
#2635=DIRECTION('',(0.,0.,1.));
#2636=DIRECTION('',(1.,0.,0.));
#2637=DIRECTION('',(0.,0.,1.));
#2638=DIRECTION('',(1.,0.,0.));
#2639=DIRECTION('',(0.,0.,1.));
#2640=DIRECTION('',(1.,0.,0.));
#2641=DIRECTION('',(0.,0.,1.));
#2642=DIRECTION('',(1.,0.,0.));
#2643=DIRECTION('',(-1.,0.,0.));
#2644=DIRECTION('',(0.,0.,1.));
#2645=DIRECTION('',(0.,0.,-1.));
#2646=DIRECTION('',(0.,0.866025403784439,-0.5));
#2647=DIRECTION('',(0.,0.,-1.));
#2648=DIRECTION('',(0.,-1.,0.));
#2649=DIRECTION('',(0.,0.,-1.));
#2650=DIRECTION('',(0.,-1.,0.));
#2651=DIRECTION('',(0.,0.,-1.));
#2652=DIRECTION('',(-1.,0.,0.));
#2653=DIRECTION('',(0.,0.,1.));
#2654=DIRECTION('',(1.,0.,0.));
#2655=DIRECTION('',(0.,0.,-1.));
#2656=DIRECTION('',(0.,0.,1.));
#2657=DIRECTION('',(1.,0.,0.));
#2658=DIRECTION('',(0.,0.514215757716759,-0.857660862180255));
#2659=DIRECTION('',(0.,-0.857660862180255,-0.514215757716759));
#2660=DIRECTION('',(0.,0.,-1.));
#2661=DIRECTION('',(-1.,0.,0.));
#2662=DIRECTION('',(0.,0.,1.));
#2663=DIRECTION('',(0.,0.,-1.));
#2664=DIRECTION('',(0.,0.866025403784439,-0.5));
#2665=DIRECTION('',(0.,0.,-1.));
#2666=DIRECTION('',(0.,-1.,0.));
#2667=DIRECTION('',(0.,0.,-1.));
#2668=DIRECTION('',(0.,-1.,0.));
#2669=DIRECTION('',(0.,0.,-1.));
#2670=DIRECTION('',(-1.,0.,0.));
#2671=DIRECTION('',(0.,0.,-1.));
#2672=DIRECTION('',(0.,0.,1.));
#2673=DIRECTION('',(1.,0.,0.));
#2674=DIRECTION('',(0.,0.,-1.));
#2675=DIRECTION('',(0.,0.514215757716759,-0.857660862180255));
#2676=DIRECTION('',(0.,-0.857660862180255,-0.514215757716759));
#2677=DIRECTION('',(0.,0.,1.));
#2678=DIRECTION('',(1.,0.,0.));
#2679=DIRECTION('',(0.,-1.,0.));
#2680=DIRECTION('',(0.,0.,-1.));
#2681=DIRECTION('',(1.,0.,0.));
#2682=DIRECTION('',(0.,0.,1.));
#2683=DIRECTION('',(1.,0.,0.));
#2684=DIRECTION('',(0.,0.,1.));
#2685=DIRECTION('',(0.,-0.5,0.866025403784439));
#2686=DIRECTION('',(0.,-0.866025403784439,-0.5));
#2687=DIRECTION('',(0.,-0.5,0.866025403784439));
#2688=DIRECTION('',(0.,0.866025403784439,0.5));
#2689=DIRECTION('',(0.,-0.5,0.866025403784439));
#2690=DIRECTION('',(0.,-0.866025403784439,-0.5));
#2691=DIRECTION('',(0.,0.866025403784439,0.5));
#2692=DIRECTION('',(0.,1.,0.));
#2693=DIRECTION('',(0.,0.,1.));
#2694=DIRECTION('',(1.,0.,0.));
#2695=DIRECTION('',(0.,0.,-1.));
#2696=DIRECTION('',(-1.,0.,0.));
#2697=DIRECTION('',(0.,0.,1.));
#2698=DIRECTION('',(0.,-1.,0.));
#2699=DIRECTION('',(0.,0.,-1.));
#2700=DIRECTION('',(1.,0.,0.));
#2701=DIRECTION('',(0.,0.,1.));
#2702=DIRECTION('',(1.,0.,0.));
#2703=DIRECTION('',(0.,0.,-1.));
#2704=DIRECTION('',(0.,0.5,0.866025403784439));
#2705=DIRECTION('',(0.,-0.866025403784439,0.5));
#2706=DIRECTION('',(1.,0.,0.));
#2707=DIRECTION('',(0.,0.866025403784439,-0.5));
#2708=DIRECTION('',(0.,-0.866025403784439,0.5));
#2709=DIRECTION('',(0.,-0.5,0.866025403784439));
#2710=DIRECTION('',(0.,-0.866025403784439,-0.5));
#2711=DIRECTION('',(0.,-0.5,0.866025403784439));
#2712=DIRECTION('',(0.,-0.866025403784439,-0.5));
#2713=DIRECTION('',(0.,-0.5,0.866025403784439));
#2714=DIRECTION('',(0.,-0.866025403784439,-0.5));
#2715=DIRECTION('',(0.,-0.866025403784439,-0.5));
#2716=DIRECTION('',(0.,0.,-1.));
#2717=DIRECTION('',(1.,0.,0.));
#2718=DIRECTION('',(0.,0.,-1.));
#2719=DIRECTION('',(-1.,0.,0.));
#2720=DIRECTION('',(0.,0.,-1.));
#2721=DIRECTION('',(-1.,0.,0.));
#2722=DIRECTION('',(0.,0.,-1.));
#2723=DIRECTION('',(-1.,0.,0.));
#2724=DIRECTION('',(-1.,-5.83280100573037E-16,0.));
#2725=DIRECTION('',(0.,0.,-1.));
#2726=DIRECTION('',(-1.,0.,0.));
#2727=DIRECTION('',(0.,0.,-1.));
#2728=DIRECTION('',(-1.,0.,0.));
#2729=DIRECTION('',(0.,0.,-1.));
#2730=DIRECTION('',(-1.,0.,0.));
#2731=DIRECTION('',(-1.,-4.92248178694152E-16,0.));
#2732=DIRECTION('',(0.,0.,-1.));
#2733=DIRECTION('',(-1.,0.,0.));
#2734=DIRECTION('',(0.,0.,1.));
#2735=DIRECTION('',(1.,0.,0.));
#2736=DIRECTION('',(0.,0.,1.));
#2737=DIRECTION('',(1.,0.,0.));
#2738=DIRECTION('',(0.,0.,1.));
#2739=DIRECTION('',(1.,0.,0.));
#2740=DIRECTION('',(0.,0.,-1.));
#2741=DIRECTION('',(-1.,0.,0.));
#2742=DIRECTION('',(0.,0.,1.));
#2743=DIRECTION('',(0.,0.,1.));
#2744=DIRECTION('',(1.,0.,0.));
#2745=DIRECTION('',(0.,0.,1.));
#2746=DIRECTION('',(1.,0.,0.));
#2747=DIRECTION('',(0.,0.,-1.));
#2748=DIRECTION('',(-1.,0.,0.));
#2749=DIRECTION('',(0.,0.,1.));
#2750=DIRECTION('',(1.,0.,0.));
#2751=DIRECTION('',(0.,0.,1.));
#2752=DIRECTION('',(1.,0.,0.));
#2753=DIRECTION('',(0.,0.,1.));
#2754=DIRECTION('',(1.,0.,0.));
#2755=DIRECTION('',(0.,0.,1.));
#2756=DIRECTION('',(1.,0.,0.));
#2757=DIRECTION('',(0.,0.,1.));
#2758=DIRECTION('',(1.,0.,0.));
#2759=DIRECTION('',(0.,0.,1.));
#2760=DIRECTION('',(1.,0.,0.));
#2761=DIRECTION('',(0.,0.,1.));
#2762=DIRECTION('',(1.,0.,0.));
#2763=DIRECTION('',(0.,0.,-1.));
#2764=DIRECTION('',(-1.,0.,0.));
#2765=DIRECTION('',(0.,0.,1.));
#2766=DIRECTION('',(1.,0.,0.));
#2767=DIRECTION('',(0.,0.,1.));
#2768=DIRECTION('',(1.,0.,0.));
#2769=DIRECTION('',(0.,0.,-1.));
#2770=DIRECTION('',(-1.,0.,0.));
#2771=DIRECTION('',(0.,0.,1.));
#2772=DIRECTION('',(1.,0.,0.));
#2773=DIRECTION('',(0.,0.,1.));
#2774=DIRECTION('',(1.,0.,0.));
#2775=DIRECTION('',(0.,0.,1.));
#2776=DIRECTION('',(1.,0.,0.));
#2777=DIRECTION('',(0.,0.,1.));
#2778=DIRECTION('',(1.,0.,0.));
#2779=DIRECTION('',(0.,0.,1.));
#2780=DIRECTION('',(1.,0.,0.));
#2781=DIRECTION('',(0.,0.,-1.));
#2782=DIRECTION('',(-1.,0.,0.));
#2783=DIRECTION('',(0.,0.,-1.));
#2784=DIRECTION('',(-1.,0.,0.));
#2785=DIRECTION('',(0.,0.,1.));
#2786=DIRECTION('',(1.,0.,0.));
#2787=DIRECTION('',(0.,0.,-1.));
#2788=DIRECTION('',(-1.,0.,0.));
#2789=DIRECTION('',(0.,0.,-1.));
#2790=DIRECTION('',(-1.,0.,0.));
#2791=DIRECTION('',(0.,0.,1.));
#2792=DIRECTION('',(1.,0.,0.));
#2793=DIRECTION('',(0.,0.,1.));
#2794=DIRECTION('',(1.,0.,0.));
#2795=DIRECTION('',(0.,-1.,0.));
#2796=DIRECTION('',(0.,0.,-1.));
#2797=DIRECTION('',(0.,-1.,0.));
#2798=DIRECTION('',(0.,0.,-1.));
#2799=DIRECTION('',(0.,-1.,0.));
#2800=DIRECTION('',(0.,0.,-1.));
#2801=DIRECTION('',(0.,0.,1.));
#2802=DIRECTION('',(1.,0.,0.));
#2803=DIRECTION('',(0.,-1.,0.));
#2804=DIRECTION('',(0.,0.,-1.));
#2805=DIRECTION('',(0.,0.,-1.));
#2806=DIRECTION('',(-1.,0.,0.));
#2807=DIRECTION('',(0.,0.,-1.));
#2808=DIRECTION('',(-1.,0.,0.));
#2809=DIRECTION('',(-1.,0.,0.));
#2810=DIRECTION('',(0.,0.,1.));
#2811=DIRECTION('',(0.,0.,1.));
#2812=DIRECTION('',(1.,0.,0.));
#2813=DIRECTION('',(-1.,0.,0.));
#2814=DIRECTION('',(0.,0.,1.));
#2815=DIRECTION('',(0.,-1.,0.));
#2816=DIRECTION('',(0.,0.,-1.));
#2817=DIRECTION('',(0.,-1.,0.));
#2818=DIRECTION('',(0.,0.,-1.));
#2819=DIRECTION('',(0.,-1.,0.));
#2820=DIRECTION('',(0.,0.,-1.));
#2821=DIRECTION('',(-1.,0.,0.));
#2822=DIRECTION('',(0.,0.,1.));
#2823=DIRECTION('',(1.,0.,0.));
#2824=DIRECTION('',(0.,0.,-1.));
#2825=DIRECTION('',(0.,0.,1.));
#2826=DIRECTION('',(1.,0.,0.));
#2827=DIRECTION('',(0.,-0.5,0.866025403784439));
#2828=DIRECTION('',(0.,0.866025403784439,0.5));
#2829=DIRECTION('',(0.,0.,1.));
#2830=DIRECTION('',(1.,0.,0.));
#2831=DIRECTION('',(0.738095238095238,-0.674696538824036,0.));
#2832=DIRECTION('',(0.674696538824036,0.738095238095238,0.));
#2833=DIRECTION('',(-1.,0.,0.));
#2834=DIRECTION('',(0.,0.,1.));
#2835=DIRECTION('',(0.,1.,0.));
#2836=DIRECTION('',(0.,0.,1.));
#2837=DIRECTION('',(0.,-1.,0.));
#2838=DIRECTION('',(0.,0.,-1.));
#2839=DIRECTION('',(-1.,-4.92248178694152E-16,0.));
#2840=DIRECTION('',(4.92248178694152E-16,-1.,0.));
#2841=DIRECTION('',(-1.,0.,0.));
#2842=DIRECTION('',(0.,0.,1.));
#2843=DIRECTION('',(0.,0.,-1.));
#2844=DIRECTION('',(-1.,0.,0.));
#2845=DIRECTION('',(0.,0.,-1.));
#2846=DIRECTION('',(-1.,0.,0.));
#2847=DIRECTION('',(0.,-0.866025403784439,0.5));
#2848=DIRECTION('',(0.,-0.5,-0.866025403784439));
#2849=DIRECTION('',(0.,-1.,3.20493781063927E-16));
#2850=DIRECTION('',(0.,3.33066907387547E-16,1.));
#2851=DIRECTION('',(1.,3.70451941644701E-16,0.));
#2852=DIRECTION('',(-3.70451941644701E-16,1.,0.));
#2853=DIRECTION('',(-1.,0.,0.));
#2854=DIRECTION('',(0.,0.,1.));
#2855=DIRECTION('',(0.,0.,1.));
#2856=DIRECTION('',(1.,0.,0.));
#2857=DIRECTION('',(0.738095238095238,0.674696538824036,0.));
#2858=DIRECTION('',(-0.674696538824036,0.738095238095238,0.));
#2859=DIRECTION('',(1.,0.,0.));
#2860=DIRECTION('',(0.,0.,-1.));
#2861=DIRECTION('',(1.,0.,1.38777878078144E-14));
#2862=DIRECTION('',(1.38777878078144E-14,0.,-1.));
#2863=DIRECTION('',(0.,0.,-1.));
#2864=DIRECTION('',(-1.,0.,0.));
#2865=DIRECTION('',(0.,0.,1.));
#2866=DIRECTION('',(1.,0.,0.));
#2867=DIRECTION('',(0.,0.,1.));
#2868=DIRECTION('',(1.,0.,0.));
#2869=DIRECTION('',(0.,-1.,0.));
#2870=DIRECTION('',(0.,0.,-1.));
#2871=DIRECTION('',(0.,0.,-1.));
#2872=DIRECTION('',(-1.,0.,0.));
#2873=DIRECTION('',(0.,0.5,-0.866025403784439));
#2874=DIRECTION('',(0.,0.866025403784439,0.5));
#2875=DIRECTION('',(0.,-0.866025403784439,-0.5));
#2876=DIRECTION('',(0.,0.5,-0.866025403784439));
#2877=DIRECTION('',(0.,-0.5,-0.866025403784439));
#2878=DIRECTION('',(0.,0.866025403784439,-0.5));
#2879=DIRECTION('',(0.,0.,1.));
#2880=DIRECTION('',(1.,0.,0.));
#2881=DIRECTION('',(0.,1.,0.));
#2882=DIRECTION('',(0.,0.,1.));
#2883=DIRECTION('',(0.,0.,1.));
#2884=DIRECTION('',(1.,0.,0.));
#2885=DIRECTION('',(1.,0.,0.));
#2886=DIRECTION('',(0.,0.,-1.));
#2887=DIRECTION('',(0.,0.,-1.));
#2888=DIRECTION('',(-1.,0.,0.));
#2889=DIRECTION('',(0.,0.5,-0.866025403784439));
#2890=DIRECTION('',(0.,-0.866025403784439,-0.5));
#2891=DIRECTION('',(-1.,0.,0.));
#2892=DIRECTION('',(0.,0.,1.));
#2893=DIRECTION('',(-1.,6.93889390390723E-15,0.));
#2894=DIRECTION('',(-6.93889390390723E-15,-1.,0.));
#2895=DIRECTION('',(0.,1.,0.));
#2896=DIRECTION('',(0.,0.,1.));
#2897=DIRECTION('',(0.,-1.,0.));
#2898=DIRECTION('',(0.,0.,-1.));
#2899=DIRECTION('',(0.,0.866025403784439,-0.5));
#2900=DIRECTION('',(0.,0.5,0.866025403784439));
#2901=DIRECTION('',(0.,0.,-1.));
#2902=DIRECTION('',(-1.,0.,0.));
#2903=DIRECTION('',(0.,0.,-1.));
#2904=DIRECTION('',(-1.,0.,0.));
#2905=DIRECTION('',(0.,-1.,0.));
#2906=DIRECTION('',(0.,0.,-1.));
#2907=DIRECTION('',(0.,1.,0.));
#2908=DIRECTION('',(0.,0.,1.));
#2909=DIRECTION('',(1.,2.56082403534921E-16,0.));
#2910=DIRECTION('',(-2.56082403534921E-16,1.,0.));
#2911=DIRECTION('',(1.,0.,0.));
#2912=DIRECTION('',(0.,0.,-1.));
#2913=DIRECTION('',(0.,0.866025403784439,-0.5));
#2914=DIRECTION('',(0.,0.5,0.866025403784439));
#2915=DIRECTION('',(0.,1.,-3.20493781063927E-16));
#2916=DIRECTION('',(0.,-3.33066907387547E-16,-1.));
#2917=DIRECTION('',(0.,0.,-1.));
#2918=DIRECTION('',(-1.,0.,0.));
#2919=DIRECTION('',(2.77555756156291E-14,0.,-1.));
#2920=DIRECTION('',(-1.,0.,-2.77555756156291E-14));
#2921=DIRECTION('',(-1.,0.,0.));
#2922=DIRECTION('',(0.,0.,1.));
#2923=DIRECTION('',(-1.,0.,0.));
#2924=DIRECTION('',(0.,0.,1.));
#2925=DIRECTION('',(0.,0.,1.));
#2926=DIRECTION('',(1.,0.,0.));
#2927=DIRECTION('',(0.,1.,0.));
#2928=DIRECTION('',(0.,0.,1.));
#2929=DIRECTION('',(0.,0.866025403784439,0.5));
#2930=DIRECTION('',(0.,-0.5,0.866025403784439));
#2931=DIRECTION('',(0.,0.5,0.866025403784439));
#2932=DIRECTION('',(0.,0.866025403784439,-0.5));
#2933=DIRECTION('',(-3.46944695195361E-15,-6.93889390390722E-15,1.));
#2934=DIRECTION('',(0.,-1.,-6.93889390390722E-15));
#2935=DIRECTION('',(0.69360576599752,0.720354802423774,0.));
#2936=DIRECTION('',(-0.720354802423774,0.69360576599752,0.));
#2937=DIRECTION('',(0.,0.,1.));
#2938=DIRECTION('',(1.,0.,0.));
#2939=DIRECTION('',(-0.331929031228698,-0.943304361395397,-6.54548888281562E-15));
#2940=DIRECTION('',(0.943304361395397,-0.331929031228698,0.));
#2941=DIRECTION('',(0.,0.,1.));
#2942=DIRECTION('',(1.,0.,0.));
#2943=DIRECTION('',(0.,-0.5,0.866025403784439));
#2944=DIRECTION('',(0.,0.866025403784439,0.5));
#2945=DIRECTION('',(-3.46944695195361E-15,3.46944695195361E-15,-1.));
#2946=DIRECTION('',(-1.,0.,3.46944695195361E-15));
#2947=DIRECTION('',(-0.331929031228699,0.943304361395397,4.42435460706913E-15));
#2948=DIRECTION('',(-0.943304361395397,-0.331929031228699,0.));
#2949=DIRECTION('',(0.693605765997521,-0.720354802423772,0.));
#2950=DIRECTION('',(0.720354802423772,0.693605765997522,0.));
#2951=DIRECTION('',(0.,0.,-1.));
#2952=DIRECTION('',(-1.,0.,0.));
#2953=DIRECTION('',(0.,0.,-1.));
#2954=DIRECTION('',(-1.,0.,0.));
#2955=DIRECTION('',(-2.87381989023657E-14,0.,-1.));
#2956=DIRECTION('',(-1.,0.,2.87381989023657E-14));
#2957=DIRECTION('',(1.,0.,0.));
#2958=DIRECTION('',(0.,0.,-1.));
#2959=DIRECTION('',(1.,0.,0.));
#2960=DIRECTION('',(0.,0.,-1.));
#2961=DIRECTION('',(0.,1.,0.));
#2962=DIRECTION('',(0.,0.,1.));
#2963=DIRECTION('',(0.,1.,0.));
#2964=DIRECTION('',(0.,0.,1.));
#2965=DIRECTION('',(0.,0.,1.));
#2966=DIRECTION('',(1.,0.,0.));
#2967=DIRECTION('',(0.,0.,-1.));
#2968=DIRECTION('',(-1.,0.,0.));
#2969=DIRECTION('',(0.,-0.866025403784439,0.5));
#2970=DIRECTION('',(0.,-0.5,-0.866025403784439));
#2971=DIRECTION('',(0.,0.,-1.));
#2972=DIRECTION('',(-1.,0.,0.));
#2973=DIRECTION('',(0.693605765997527,0.720354802423767,-9.81132236858371E-15));
#2974=DIRECTION('',(-0.720354802423767,0.693605765997527,0.));
#2975=DIRECTION('',(0.,0.,-1.));
#2976=DIRECTION('',(-1.,0.,0.));
#2977=DIRECTION('',(0.,0.,-1.));
#2978=DIRECTION('',(-1.,0.,0.));
#2979=DIRECTION('',(0.331929031228705,-0.943304361395395,0.));
#2980=DIRECTION('',(0.943304361395395,0.331929031228705,0.));
#2981=DIRECTION('',(0.,0.,1.));
#2982=DIRECTION('',(1.,0.,0.));
#2983=DIRECTION('',(0.693605765997527,-0.720354802423767,7.31208959498942E-15));
#2984=DIRECTION('',(0.720354802423767,0.693605765997527,0.));
#2985=DIRECTION('',(0.,0.,-1.));
#2986=DIRECTION('',(-1.,0.,0.));
#2987=DIRECTION('',(0.,0.,1.));
#2988=DIRECTION('',(1.,0.,0.));
#2989=DIRECTION('',(0.,0.,-1.));
#2990=DIRECTION('',(-1.,0.,0.));
#2991=DIRECTION('',(-0.259259259259258,0.965807763733726,6.17815462880083E-17));
#2992=DIRECTION('',(-0.965807763733726,-0.259259259259258,0.));
#2993=DIRECTION('',(1.,0.,0.));
#2994=DIRECTION('',(0.,0.,-1.));
#2995=DIRECTION('',(1.,1.38777878078145E-14,0.));
#2996=DIRECTION('',(-1.38777878078145E-14,1.,0.));
#2997=DIRECTION('',(-3.46944695195361E-15,-6.93889390390722E-15,-1.));
#2998=DIRECTION('',(0.,1.,-6.93889390390722E-15));
#2999=DIRECTION('',(-0.331929031228694,-0.943304361395398,0.));
#3000=DIRECTION('',(0.943304361395398,-0.331929031228694,0.));
#3001=DIRECTION('',(3.46944695195361E-15,-2.08166817117217E-14,1.));
#3002=DIRECTION('',(0.,-1.,-2.08166817117217E-14));
#3003=DIRECTION('',(-0.693605765997525,0.720354802423769,-7.31208959498942E-15));
#3004=DIRECTION('',(-0.720354802423769,-0.693605765997525,0.));
#3005=DIRECTION('',(0.,0.,1.));
#3006=DIRECTION('',(1.,0.,0.));
#3007=DIRECTION('',(-3.46944695195361E-15,3.46944695195361E-15,1.));
#3008=DIRECTION('',(1.,0.,3.46944695195361E-15));
#3009=DIRECTION('',(-0.331929031228691,0.943304361395399,0.));
#3010=DIRECTION('',(-0.943304361395399,-0.331929031228691,0.));
#3011=DIRECTION('',(0.,0.,-1.));
#3012=DIRECTION('',(-1.,0.,0.));
#3013=DIRECTION('',(5.05673994356166E-14,-3.2224742858856E-14,-1.));
#3014=DIRECTION('',(-1.,0.,-5.05673994356166E-14));
#3015=DIRECTION('',(0.,0.,1.));
#3016=DIRECTION('',(1.,0.,0.));
#3017=DIRECTION('',(0.843317705042217,-0.537415340646626,0.));
#3018=DIRECTION('',(0.537415340646626,0.843317705042217,0.));
#3019=DIRECTION('',(1.,0.,0.));
#3020=DIRECTION('',(0.,0.,-1.));
#3021=DIRECTION('',(-1.,0.,0.));
#3022=DIRECTION('',(0.,0.,1.));
#3023=DIRECTION('',(0.,0.,-1.));
#3024=DIRECTION('',(-1.,0.,0.));
#3025=DIRECTION('',(7.45064415987257E-15,2.77555756156289E-14,-1.));
#3026=DIRECTION('',(0.,1.,2.77555756156289E-14));
#3027=DIRECTION('',(0.331929031228698,-0.943304361395397,-1.53941980969539E-14));
#3028=DIRECTION('',(0.943304361395397,0.331929031228698,0.));
#3029=DIRECTION('',(0.,0.,-1.));
#3030=DIRECTION('',(-1.,0.,0.));
#3031=DIRECTION('',(0.,0.,-1.));
#3032=DIRECTION('',(-1.,0.,0.));
#3033=DIRECTION('',(0.,0.,1.));
#3034=DIRECTION('',(1.,0.,0.));
#3035=DIRECTION('',(-0.693605765997536,-0.720354802423758,0.));
#3036=DIRECTION('',(0.720354802423758,-0.693605765997536,0.));
#3037=DIRECTION('',(0.331929031228698,0.943304361395397,1.21214536555461E-14));
#3038=DIRECTION('',(-0.943304361395397,0.331929031228698,0.));
#3039=DIRECTION('',(0.,0.,-1.));
#3040=DIRECTION('',(-1.,0.,0.));
#3041=DIRECTION('',(-0.498773147758022,0.866732569525084,0.));
#3042=DIRECTION('',(-0.866732569525084,-0.498773147758022,0.));
#3043=DIRECTION('',(0.,0.,-1.));
#3044=DIRECTION('',(-1.,0.,0.));
#3045=DIRECTION('',(0.259259259259258,0.965807763733726,0.));
#3046=DIRECTION('',(-0.965807763733726,0.259259259259258,0.));
#3047=DIRECTION('',(3.46944695195361E-15,-1.04083408558608E-14,-1.));
#3048=DIRECTION('',(0.,1.,-1.04083408558608E-14));
#3049=DIRECTION('',(-0.693605765997536,0.720354802423758,0.));
#3050=DIRECTION('',(-0.720354802423758,-0.693605765997536,0.));
#3051=DIRECTION('',(-3.46944695195361E-15,-1.38777878078144E-14,1.));
#3052=DIRECTION('',(0.,-1.,-1.38777878078144E-14));
#3053=DIRECTION('',(0.,0.,1.));
#3054=DIRECTION('',(1.,0.,0.));
#3055=DIRECTION('',(0.498773147758023,0.866732569525084,0.));
#3056=DIRECTION('',(-0.866732569525084,0.498773147758023,0.));
#3057=DIRECTION('',(0.,0.,1.));
#3058=DIRECTION('',(1.,0.,0.));
#3059=DIRECTION('',(-0.843317705042219,-0.537415340646623,-2.92584604128732E-15));
#3060=DIRECTION('',(0.537415340646623,-0.843317705042219,0.));
#3061=DIRECTION('',(0.,0.,-1.));
#3062=DIRECTION('',(-1.,0.,0.));
#3063=DIRECTION('',(-0.693605765997525,-0.720354802423769,9.8113223685837E-15));
#3064=DIRECTION('',(0.720354802423769,-0.693605765997525,0.));
#3065=DIRECTION('',(0.,0.,-1.));
#3066=DIRECTION('',(-1.,0.,0.));
#3067=DIRECTION('',(0.,0.,-1.));
#3068=DIRECTION('',(-1.,0.,0.));
#3069=DIRECTION('',(-6.93889390390722E-15,-6.93889390390722E-15,-1.));
#3070=DIRECTION('',(-1.,0.,6.93889390390722E-15));
#3071=DIRECTION('',(-2.99076621297512E-14,-5.19714121795166E-14,-1.));
#3072=DIRECTION('',(0.,1.,-5.19714121795166E-14));
#3073=DIRECTION('',(-3.46944695195361E-15,-6.93889390390722E-15,-1.));
#3074=DIRECTION('',(0.,1.,-6.93889390390722E-15));
#3075=DIRECTION('',(0.331929031228705,0.943304361395395,0.));
#3076=DIRECTION('',(-0.943304361395395,0.331929031228705,0.));
#3077=DIRECTION('',(0.,0.,-1.));
#3078=DIRECTION('',(-1.,0.,0.));
#3079=DIRECTION('',(0.,0.,1.));
#3080=DIRECTION('',(1.,0.,0.));
#3081=DIRECTION('',(1.,4.92248178694152E-16,0.));
#3082=DIRECTION('',(-4.92248178694152E-16,1.,0.));
#3083=DIRECTION('',(-1.,0.,0.));
#3084=DIRECTION('',(0.,0.,1.));
#3085=DIRECTION('',(0.,0.,-1.));
#3086=DIRECTION('',(-1.,0.,0.));
#3087=DIRECTION('',(-0.738095238095238,0.674696538824036,-2.19958423944297E-16));
#3088=DIRECTION('',(-0.674696538824036,-0.738095238095238,0.));
#3089=DIRECTION('',(0.,0.,-1.));
#3090=DIRECTION('',(-1.,0.,0.));
#3091=DIRECTION('',(-0.738095238095238,-0.674696538824036,0.));
#3092=DIRECTION('',(0.674696538824036,-0.738095238095238,0.));
#3093=DIRECTION('',(0.,0.,-1.));
#3094=DIRECTION('',(-1.,0.,0.));
#3095=DIRECTION('',(-1.,0.,0.));
#3096=DIRECTION('',(0.,0.,1.));
#3097=DIRECTION('',(1.,5.83280100573037E-16,0.));
#3098=DIRECTION('',(-5.83280100573037E-16,1.,0.));
#3099=DIRECTION('',(-1.,0.,0.));
#3100=DIRECTION('',(0.,0.,1.));
#3101=DIRECTION('',(0.,0.,-1.));
#3102=DIRECTION('',(-1.,0.,0.));
#3103=DIRECTION('',(1.,4.92248178694152E-16,0.));
#3104=DIRECTION('',(-4.92248178694152E-16,1.,0.));
#3105=DIRECTION('',(1.,0.,0.));
#3106=DIRECTION('',(0.,0.,-1.));
#3107=DIRECTION('',(-1.,0.,0.));
#3108=DIRECTION('',(0.,0.,1.));
#3109=DIRECTION('',(0.,0.,1.));
#3110=DIRECTION('',(1.,0.,0.));
#3111=DIRECTION('',(-0.738095238095239,0.674696538824036,0.));
#3112=DIRECTION('',(-0.674696538824036,-0.738095238095239,0.));
#3113=DIRECTION('',(0.,0.,1.));
#3114=DIRECTION('',(1.,0.,0.));
#3115=DIRECTION('',(0.,-1.,0.));
#3116=DIRECTION('',(0.,0.,-1.));
#3117=DIRECTION('',(0.,0.,1.));
#3118=DIRECTION('',(1.,0.,0.));
#3119=DIRECTION('',(-0.738095238095238,-0.674696538824036,0.));
#3120=DIRECTION('',(0.674696538824036,-0.738095238095238,0.));
#3121=DIRECTION('',(0.,-1.,0.));
#3122=DIRECTION('',(0.,0.,-1.));
#3123=DIRECTION('',(0.,-1.,0.));
#3124=DIRECTION('',(0.,0.,-1.));
#3125=DIRECTION('',(0.,0.,1.));
#3126=DIRECTION('',(1.,0.,0.));
#3127=DIRECTION('',(-1.,0.,0.));
#3128=DIRECTION('',(0.,0.,1.));
#3129=DIRECTION('',(0.,0.,1.));
#3130=DIRECTION('',(1.,0.,0.));
#3131=DIRECTION('',(-1.,0.,0.));
#3132=DIRECTION('',(0.,0.,1.));
#3133=DIRECTION('',(1.,5.83280100573037E-16,0.));
#3134=DIRECTION('',(-5.83280100573037E-16,1.,0.));
#3135=DIRECTION('',(-1.,0.,0.));
#3136=DIRECTION('',(0.,0.,1.));
#3137=DIRECTION('',(-1.,-2.56082403534921E-16,0.));
#3138=DIRECTION('',(2.56082403534921E-16,-1.,0.));
#3139=DIRECTION('',(-1.,0.,0.));
#3140=DIRECTION('',(0.,0.,1.));
#3141=DIRECTION('',(0.,0.,1.));
#3142=DIRECTION('',(1.,0.,0.));
#3143=DIRECTION('',(0.,-1.,0.));
#3144=DIRECTION('',(0.,0.,-1.));
#3145=DIRECTION('',(0.,0.,1.));
#3146=DIRECTION('',(1.,0.,0.));
#3147=DIRECTION('',(-0.738095238095238,-0.674696538824036,0.));
#3148=DIRECTION('',(0.674696538824036,-0.738095238095238,0.));
#3149=DIRECTION('',(0.,1.,0.));
#3150=DIRECTION('',(0.,0.,1.));
#3151=DIRECTION('',(0.,-1.,0.));
#3152=DIRECTION('',(0.,0.,-1.));
#3153=DIRECTION('',(0.,0.,1.));
#3154=DIRECTION('',(1.,0.,0.));
#3155=DIRECTION('',(-0.738095238095238,0.674696538824036,0.));
#3156=DIRECTION('',(-0.674696538824036,-0.738095238095238,0.));
#3157=DIRECTION('',(0.,0.,1.));
#3158=DIRECTION('',(1.,0.,0.));
#3159=DIRECTION('',(1.,0.,0.));
#3160=DIRECTION('',(0.,0.,-1.));
#3161=DIRECTION('',(0.,0.,1.));
#3162=DIRECTION('',(1.,0.,0.));
#3163=DIRECTION('',(-1.,0.,0.));
#3164=DIRECTION('',(0.,0.,1.));
#3165=DIRECTION('',(-1.,-3.70451941644701E-16,0.));
#3166=DIRECTION('',(3.70451941644701E-16,-1.,0.));
#3167=DIRECTION('',(0.,0.,1.));
#3168=DIRECTION('',(1.,0.,0.));
#3169=DIRECTION('',(0.,0.,1.));
#3170=DIRECTION('',(1.,0.,0.));
#3171=CARTESIAN_POINT('',(0.,0.,0.));
#3172=CARTESIAN_POINT('',(1.21430643318376E-17,-1.21430643318376E-17,0.115));
#3173=CARTESIAN_POINT('',(-0.00828408022787331,-0.00797646630897159,0.115));
#3174=CARTESIAN_POINT('',(-0.00828408022787331,-0.00797646630897159,0.1172));
#3175=CARTESIAN_POINT('',(-0.00828408022787331,-0.00797646630897159,0.1157));
#3176=CARTESIAN_POINT('',(1.21430643318376E-17,-1.21430643318376E-17,0.1157));
#3177=CARTESIAN_POINT('',(-0.00828408022787332,0.00797646630897155,0.1157));
#3178=CARTESIAN_POINT('',(-0.00828408022787332,0.00797646630897155,0.115));
#3179=CARTESIAN_POINT('',(-0.00828408022787332,0.00797646630897155,0.1172));
#3180=CARTESIAN_POINT('',(1.21430643318376E-17,-1.21430643318376E-17,0.1172));
#3181=CARTESIAN_POINT('',(0.00817260544838751,0.00815730467635596,0.1172));
#3182=CARTESIAN_POINT('',(0.00817260544838751,0.00815730467635596,0.1157));
#3183=CARTESIAN_POINT('',(0.00733646727537215,0.01053351377869,0.1172));
#3184=CARTESIAN_POINT('',(0.00733646727537215,0.01053351377869,0.1157));
#3185=CARTESIAN_POINT('',(0.00491820257931269,0.0145367275980963,0.1172));
#3186=CARTESIAN_POINT('',(0.00491820257931269,0.0145367275980963,0.1157));
#3187=CARTESIAN_POINT('',(6.04234210742883E-17,0.0167316362009518,0.1172));
#3188=CARTESIAN_POINT('',(6.04234210742883E-17,0.0167316362009518,0.1157));
#3189=CARTESIAN_POINT('',(-0.00491820257931278,0.0145367275980963,0.1172));
#3190=CARTESIAN_POINT('',(-0.00491820257931278,0.0145367275980963,0.1157));
#3191=CARTESIAN_POINT('',(-0.00733646727537216,0.01053351377869,0.1172));
#3192=CARTESIAN_POINT('',(-0.00733646727537216,0.01053351377869,0.1157));
#3193=CARTESIAN_POINT('',(-0.00817260544838752,0.00815730467635594,0.1172));
#3194=CARTESIAN_POINT('',(-0.00817260544838752,0.00815730467635594,0.1157));
#3195=CARTESIAN_POINT('',(-0.00817260544838751,0.00815730467635596,0.1172));
#3196=CARTESIAN_POINT('',(-0.00817260544838751,0.00815730467635596,0.1172));
#3197=CARTESIAN_POINT('',(-0.00817260544838751,0.00815730467635596,0.1157));
#3198=CARTESIAN_POINT('',(-0.00817260544838751,0.00815730467635596,0.1157));
#3199=CARTESIAN_POINT('',(-0.00783822962672695,0.00910756253644731,0.1157));
#3200=CARTESIAN_POINT('',(-0.0070379322749421,0.0109441470608364,0.1157));
#3201=CARTESIAN_POINT('',(-0.00532855988849111,0.0134490344189155,0.1157));
#3202=CARTESIAN_POINT('',(-0.00300465017393469,0.0154279543412629,0.1157));
#3203=CARTESIAN_POINT('',(2.05060570063097E-6,0.0162864627433734,0.1157));
#3204=CARTESIAN_POINT('',(0.00300780514061159,0.0154261927795698,0.1157));
#3205=CARTESIAN_POINT('',(0.00533247562213331,0.0134449703570983,0.1157));
#3206=CARTESIAN_POINT('',(0.00704086734216223,0.0109380182132388,0.1157));
#3207=CARTESIAN_POINT('',(0.00783833418934486,0.00910726538144054,0.1157));
#3208=CARTESIAN_POINT('',(0.00817260544838751,0.00815730467635596,0.1157));
#3209=CARTESIAN_POINT('',(0.00817260544838751,0.00815730467635596,0.1157));
#3210=CARTESIAN_POINT('',(0.00817260544838751,0.00815730467635596,0.1157));
#3211=CARTESIAN_POINT('',(0.00817260544838751,0.00815730467635596,0.1172));
#3212=CARTESIAN_POINT('',(0.00817260544838751,0.00815730467635596,0.1172));
#3213=CARTESIAN_POINT('',(0.00783815798629852,0.00910776613035513,0.1172));
#3214=CARTESIAN_POINT('',(0.00702965976548249,0.0109581316966118,0.1172));
#3215=CARTESIAN_POINT('',(0.00532824225036665,0.0134528899055445,0.1172));
#3216=CARTESIAN_POINT('',(0.00337652100874581,0.0151001581394494,0.1172));
#3217=CARTESIAN_POINT('',(0.00151081513139685,0.0158626577285342,0.1172));
#3218=CARTESIAN_POINT('',(-0.000524011044968181,0.0161404230030824,0.1172));
#3219=CARTESIAN_POINT('',(-0.00300997898493549,0.015422729497006,0.1172));
#3220=CARTESIAN_POINT('',(-0.00533648293255178,0.0134411146965781,0.1172));
#3221=CARTESIAN_POINT('',(-0.00704155825174127,0.0109359115548759,0.1172));
#3222=CARTESIAN_POINT('',(-0.00783859642901855,0.00910652012626656,0.1172));
#3223=CARTESIAN_POINT('',(-0.00817260544838751,0.00815730467635596,0.1172));
#3224=CARTESIAN_POINT('',(8.67361737988404E-19,-2.60208521396521E-18,0.115));
#3225=CARTESIAN_POINT('',(0.0121445376988326,0.0132857142857143,0.115));
#3226=CARTESIAN_POINT('',(0.0121445376988326,0.0132857142857143,0.1172));
#3227=CARTESIAN_POINT('',(0.0121445376988326,0.0132857142857143,0.1157));
#3228=CARTESIAN_POINT('',(8.67361737988404E-19,-2.60208521396521E-18,0.1157));
#3229=CARTESIAN_POINT('',(-0.0121445376988326,0.0132857142857143,0.1157));
#3230=CARTESIAN_POINT('',(-0.0121445376988326,0.0132857142857143,0.115));
#3231=CARTESIAN_POINT('',(-0.0121445376988326,0.0132857142857143,0.1172));
#3232=CARTESIAN_POINT('',(8.67361737988404E-19,-2.60208521396521E-18,0.1172));
#3233=CARTESIAN_POINT('',(1.7347234759768E-18,1.7347234759768E-18,0.115));
#3234=CARTESIAN_POINT('',(0.00828408022787333,0.00797646630897155,0.115));
#3235=CARTESIAN_POINT('',(0.00828408022787333,0.00797646630897155,0.1172));
#3236=CARTESIAN_POINT('',(0.00828408022787333,0.00797646630897155,0.1157));
#3237=CARTESIAN_POINT('',(1.7347234759768E-18,1.7347234759768E-18,0.1157));
#3238=CARTESIAN_POINT('',(0.00828408022787333,-0.00797646630897154,0.1157));
#3239=CARTESIAN_POINT('',(0.00828408022787333,-0.00797646630897154,0.115));
#3240=CARTESIAN_POINT('',(0.00828408022787333,-0.00797646630897154,0.1172));
#3241=CARTESIAN_POINT('',(1.7347234759768E-18,1.7347234759768E-18,0.1172));
#3242=CARTESIAN_POINT('',(-0.0680909286962848,0.003,0.1094));
#3243=CARTESIAN_POINT('',(-0.0680909286962848,0.003,0.1105));
#3244=CARTESIAN_POINT('',(-0.0184,0.003,0.1105));
#3245=CARTESIAN_POINT('',(-0.0135,0.003,0.1105));
#3246=CARTESIAN_POINT('',(-0.0135,0.003,0.1094));
#3247=CARTESIAN_POINT('',(-0.0135,0.003,0.111132050807569));
#3248=CARTESIAN_POINT('',(-0.0680909286962848,0.003,0.111132050807569));
#3249=CARTESIAN_POINT('',(-0.0184,0.003,0.111132050807569));
#3250=CARTESIAN_POINT('',(-0.0184,0.003,0.11));
#3251=CARTESIAN_POINT('',(-0.0680909286962848,0.0015,0.111998076211353));
#3252=CARTESIAN_POINT('',(-0.0135,0.0015,0.111998076211353));
#3253=CARTESIAN_POINT('',(-0.0135,3.03576608295941E-18,0.112864101615138));
#3254=CARTESIAN_POINT('',(-0.0680909286962848,3.03576608295941E-18,0.112864101615138));
#3255=CARTESIAN_POINT('',(-0.0184,3.03576608295941E-18,0.112864101615138));
#3256=CARTESIAN_POINT('',(-0.0184,0.003,0.111132050807569));
#3257=CARTESIAN_POINT('',(0.00055,0.,0.11));
#3258=CARTESIAN_POINT('',(-0.016,0.0095,0.11));
#3259=CARTESIAN_POINT('',(-0.01595,0.01199949994999,0.11));
#3260=CARTESIAN_POINT('',(-0.0135,0.0095,0.11));
#3261=CARTESIAN_POINT('',(-0.0135,0.,0.11));
#3262=CARTESIAN_POINT('',(-0.0135,0.0035,0.11));
#3263=CARTESIAN_POINT('',(0.00055,0.0035,0.11));
#3264=CARTESIAN_POINT('',(-0.0184,0.0035,0.11));
#3265=CARTESIAN_POINT('',(-0.0184,0.0095,0.11));
#3266=CARTESIAN_POINT('',(-0.0184,0.0095,0.11));
#3267=CARTESIAN_POINT('',(-0.0159,0.0095,0.11));
#3268=CARTESIAN_POINT('',(0.00055,0.,0.11));
#3269=CARTESIAN_POINT('',(0.016,0.0095,0.11));
#3270=CARTESIAN_POINT('',(0.0135,0.0095,0.11));
#3271=CARTESIAN_POINT('',(0.016,0.012,0.11));
#3272=CARTESIAN_POINT('',(0.000549999999999993,0.012,0.11));
#3273=CARTESIAN_POINT('',(0.017,0.012,0.11));
#3274=CARTESIAN_POINT('',(0.017,0.0095,0.11));
#3275=CARTESIAN_POINT('',(0.0195,0.0095,0.11));
#3276=CARTESIAN_POINT('',(0.0195,0.003,0.11));
#3277=CARTESIAN_POINT('',(0.0195,0.0035,0.11));
#3278=CARTESIAN_POINT('',(0.00055,0.0035,0.11));
#3279=CARTESIAN_POINT('',(0.0135,0.0035,0.11));
#3280=CARTESIAN_POINT('',(0.0135,0.0095,0.11));
#3281=CARTESIAN_POINT('',(0.0135,0.00696942966918276,0.11));
#3282=CARTESIAN_POINT('',(0.0155,0.0076875,0.11));
#3283=CARTESIAN_POINT('',(0.0135,0.00840557033081728,0.11));
#3284=CARTESIAN_POINT('',(0.0135,0.0095,0.11));
#3285=CARTESIAN_POINT('',(0.00055,0.,0.11));
#3286=CARTESIAN_POINT('',(-0.0155,-0.0076875,0.11));
#3287=CARTESIAN_POINT('',(-0.013375,-0.0076875,0.11));
#3288=CARTESIAN_POINT('',(-0.00725510709872944,-0.0113847890180699,0.11));
#3289=CARTESIAN_POINT('',(-0.00647767154380415,-0.0127357613372283,0.11));
#3290=CARTESIAN_POINT('',(-0.00502771198084667,-0.0145973985539964,0.11));
#3291=CARTESIAN_POINT('',(-0.00231143683351304,-0.0162026164200034,0.11));
#3292=CARTESIAN_POINT('',(1.259684893773E-5,-0.0166522243044637,0.11));
#3293=CARTESIAN_POINT('',(0.00235088956262127,-0.0161883768285996,0.11));
#3294=CARTESIAN_POINT('',(0.0043779713165194,-0.0149744915439992,0.11));
#3295=CARTESIAN_POINT('',(0.00599282576862769,-0.0133464279100974,0.11));
#3296=CARTESIAN_POINT('',(0.00686759724481896,-0.0120581761338476,0.11));
#3297=CARTESIAN_POINT('',(0.00725510709872943,-0.01138478901807,0.11));
#3298=CARTESIAN_POINT('',(-0.00725510709872944,-0.0113847890180699,0.11));
#3299=CARTESIAN_POINT('',(0.00725510709872943,-0.01138478901807,0.11));
#3300=CARTESIAN_POINT('',(1.38777878078145E-17,-6.23090906968112E-18,0.11));
#3301=CARTESIAN_POINT('',(0.0130384048104053,-0.0035,0.11));
#3302=CARTESIAN_POINT('',(0.00055,-0.0035,0.11));
#3303=CARTESIAN_POINT('',(0.0195,-0.0035,0.11));
#3304=CARTESIAN_POINT('',(0.0195,-0.0095,0.11));
#3305=CARTESIAN_POINT('',(0.0195,-0.0095,0.11));
#3306=CARTESIAN_POINT('',(0.017,-0.0095,0.11));
#3307=CARTESIAN_POINT('',(0.017,-0.012,0.11));
#3308=CARTESIAN_POINT('',(0.00055,-0.012,0.11));
#3309=CARTESIAN_POINT('',(0.0141686273153048,-0.012,0.11));
#3310=CARTESIAN_POINT('',(0.0141686273153048,-0.0155,0.11));
#3311=CARTESIAN_POINT('',(0.0118071894294206,-0.0129166666666666,0.11));
#3312=CARTESIAN_POINT('',(-8.67361737988404E-19,8.67361737988404E-19,0.11));
#3313=CARTESIAN_POINT('',(-0.0118071894294206,-0.0129166666666667,0.11));
#3314=CARTESIAN_POINT('',(-0.0141686273153048,-0.0155,0.11));
#3315=CARTESIAN_POINT('',(-0.0141686273153048,-0.012,0.11));
#3316=CARTESIAN_POINT('',(0.00055,-0.012,0.11));
#3317=CARTESIAN_POINT('',(-0.0159,-0.012,0.11));
#3318=CARTESIAN_POINT('',(-0.0159,-0.0095,0.11));
#3319=CARTESIAN_POINT('',(-0.0184,-0.0095,0.11));
#3320=CARTESIAN_POINT('',(-0.0184,-0.003,0.11));
#3321=CARTESIAN_POINT('',(-0.0184,-0.0035,0.11));
#3322=CARTESIAN_POINT('',(0.00055,-0.0035,0.11));
#3323=CARTESIAN_POINT('',(-0.0130384048104053,-0.0035,0.11));
#3324=CARTESIAN_POINT('',(1.38777878078145E-17,-6.23090906968112E-18,0.11));
#3325=CARTESIAN_POINT('',(-0.0081726054483875,-0.00815730467635598,0.1172));
#3326=CARTESIAN_POINT('',(-0.0081726054483875,-0.00815730467635598,0.1105));
#3327=CARTESIAN_POINT('',(-0.00733646727537215,-0.0105335137786901,0.1172));
#3328=CARTESIAN_POINT('',(-0.00733646727537215,-0.0105335137786901,0.1105));
#3329=CARTESIAN_POINT('',(-0.00491820257931275,-0.0145367275980963,0.1172));
#3330=CARTESIAN_POINT('',(-0.00491820257931275,-0.0145367275980963,0.1105));
#3331=CARTESIAN_POINT('',(2.18925438674958E-17,-0.0167316362009519,0.1172));
#3332=CARTESIAN_POINT('',(2.18925438674958E-17,-0.0167316362009519,0.1105));
#3333=CARTESIAN_POINT('',(0.00491820257931278,-0.0145367275980963,0.1172));
#3334=CARTESIAN_POINT('',(0.00491820257931278,-0.0145367275980963,0.1105));
#3335=CARTESIAN_POINT('',(0.00733646727537217,-0.01053351377869,0.1172));
#3336=CARTESIAN_POINT('',(0.00733646727537217,-0.01053351377869,0.1105));
#3337=CARTESIAN_POINT('',(0.00817260544838752,-0.00815730467635593,0.1172));
#3338=CARTESIAN_POINT('',(0.00817260544838752,-0.00815730467635593,0.1105));
#3339=CARTESIAN_POINT('',(0.00682174081396689,-0.0111354024441909,0.1157));
#3340=CARTESIAN_POINT('',(0.00682174081396689,-0.0111354024441909,0.1157));
#3341=CARTESIAN_POINT('',(0.00682174081396689,-0.0111354024441909,0.1105));
#3342=CARTESIAN_POINT('',(0.00682174081396689,-0.0111354024441909,0.1105));
#3343=CARTESIAN_POINT('',(0.00645616879966849,-0.0117706675396027,0.1105));
#3344=CARTESIAN_POINT('',(0.00563294392170869,-0.0129880047469262,0.1105));
#3345=CARTESIAN_POINT('',(0.00411975878974398,-0.0145325712649818,0.1105));
#3346=CARTESIAN_POINT('',(0.0022184074474181,-0.0156967149978606,0.1105));
#3347=CARTESIAN_POINT('',(1.24831487058197E-5,-0.0161481425689556,0.1105));
#3348=CARTESIAN_POINT('',(-0.00218064884865396,-0.0157106011196692,0.1105));
#3349=CARTESIAN_POINT('',(-0.00409377402339953,-0.0145560986756848,0.1105));
#3350=CARTESIAN_POINT('',(-0.00562798758178848,-0.0129961644349868,0.1105));
#3351=CARTESIAN_POINT('',(-0.006454976720663,-0.0117727390498757,0.1105));
#3352=CARTESIAN_POINT('',(-0.0068217408139669,-0.0111354024441909,0.1105));
#3353=CARTESIAN_POINT('',(-0.0068217408139669,-0.0111354024441909,0.1105));
#3354=CARTESIAN_POINT('',(-0.0068217408139669,-0.0111354024441909,0.1105));
#3355=CARTESIAN_POINT('',(-0.0068217408139669,-0.0111354024441909,0.1157));
#3356=CARTESIAN_POINT('',(-0.0068217408139669,-0.0111354024441909,0.1157));
#3357=CARTESIAN_POINT('',(-0.00736665284511487,-0.0101884929983938,0.1157));
#3358=CARTESIAN_POINT('',(-0.00781004872421154,-0.00918764943982075,0.1157));
#3359=CARTESIAN_POINT('',(-0.0081726054483875,-0.008157304676356,0.1157));
#3360=CARTESIAN_POINT('',(-0.0081726054483875,-0.008157304676356,0.1157));
#3361=CARTESIAN_POINT('',(-0.0081726054483875,-0.008157304676356,0.1157));
#3362=CARTESIAN_POINT('',(-0.0081726054483875,-0.008157304676356,0.1172));
#3363=CARTESIAN_POINT('',(-0.0081726054483875,-0.008157304676356,0.1172));
#3364=CARTESIAN_POINT('',(-0.00783815798629851,-0.00910776613035517,0.1172));
#3365=CARTESIAN_POINT('',(-0.00702965976548246,-0.0109581316966119,0.1172));
#3366=CARTESIAN_POINT('',(-0.00532824225036663,-0.0134528899055446,0.1172));
#3367=CARTESIAN_POINT('',(-0.00337652100874578,-0.0151001581394494,0.1172));
#3368=CARTESIAN_POINT('',(-0.00151081513139683,-0.0158626577285342,0.1172));
#3369=CARTESIAN_POINT('',(0.000524011044968202,-0.0161404230030824,0.1172));
#3370=CARTESIAN_POINT('',(0.00300997898493551,-0.015422729497006,0.1172));
#3371=CARTESIAN_POINT('',(0.00533648293255179,-0.0134411146965781,0.1172));
#3372=CARTESIAN_POINT('',(0.00704155825174128,-0.0109359115548759,0.1172));
#3373=CARTESIAN_POINT('',(0.00783859642901855,-0.00910652012626656,0.1172));
#3374=CARTESIAN_POINT('',(0.00817260544838751,-0.00815730467635595,0.1172));
#3375=CARTESIAN_POINT('',(0.00817260544838751,-0.00815730467635595,0.1172));
#3376=CARTESIAN_POINT('',(0.00817260544838751,-0.00815730467635595,0.1172));
#3377=CARTESIAN_POINT('',(0.00817260544838751,-0.00815730467635595,0.1157));
#3378=CARTESIAN_POINT('',(0.00817260544838751,-0.00815730467635595,0.1157));
#3379=CARTESIAN_POINT('',(0.00781004872421154,-0.00918764943982072,0.1157));
#3380=CARTESIAN_POINT('',(0.00736665284511487,-0.0101884929983938,0.1157));
#3381=CARTESIAN_POINT('',(0.00682174081396689,-0.0111354024441909,0.1157));
#3382=CARTESIAN_POINT('',(0.0197259169234943,-0.0125,0.115));
#3383=CARTESIAN_POINT('',(0.017,-0.0125,0.1177));
#3384=CARTESIAN_POINT('',(0.017,-0.0125,0.1105));
#3385=CARTESIAN_POINT('',(0.017,-0.0125,0.1172));
#3386=CARTESIAN_POINT('',(0.0141686273153048,-0.0125,0.1172));
#3387=CARTESIAN_POINT('',(0.0141686273153048,-0.0125,0.1172));
#3388=CARTESIAN_POINT('',(0.0141686273153048,-0.0125,0.11));
#3389=CARTESIAN_POINT('',(0.0141686273153048,-0.0125,0.1105));
#3390=CARTESIAN_POINT('',(0.0197259169234943,-0.0125,0.1105));
#3391=CARTESIAN_POINT('',(0.02,2.08166817117217E-17,0.115));
#3392=CARTESIAN_POINT('',(0.02,0.0095,0.1177));
#3393=CARTESIAN_POINT('',(0.02,0.0095,0.1105));
#3394=CARTESIAN_POINT('',(0.02,0.0095,0.1172));
#3395=CARTESIAN_POINT('',(0.02,2.08166817117217E-17,0.1172));
#3396=CARTESIAN_POINT('',(0.02,-0.0095,0.1172));
#3397=CARTESIAN_POINT('',(0.02,-0.0095,0.11));
#3398=CARTESIAN_POINT('',(0.02,-0.0095,0.1105));
#3399=CARTESIAN_POINT('',(0.02,-0.003,0.1105));
#3400=CARTESIAN_POINT('',(0.02,-0.0035,0.1105));
#3401=CARTESIAN_POINT('',(0.02,-0.0035,0.111132050807569));
#3402=CARTESIAN_POINT('',(0.02,-0.0035,0.111420725942164));
#3403=CARTESIAN_POINT('',(0.02,-0.00025,0.11329711431703));
#3404=CARTESIAN_POINT('',(0.02,6.31077944531397E-18,0.113441451884327));
#3405=CARTESIAN_POINT('',(0.02,0.00325,0.111565063509461));
#3406=CARTESIAN_POINT('',(0.02,0.0035,0.111420725942164));
#3407=CARTESIAN_POINT('',(0.02,0.0035,0.11));
#3408=CARTESIAN_POINT('',(0.02,0.0035,0.1105));
#3409=CARTESIAN_POINT('',(0.02,0.0095,0.1105));
#3410=CARTESIAN_POINT('',(0.0164759169234943,0.0125,0.115));
#3411=CARTESIAN_POINT('',(0.017,0.0125,0.11));
#3412=CARTESIAN_POINT('',(0.017,0.0125,0.1172));
#3413=CARTESIAN_POINT('',(0.017,0.0125,0.1105));
#3414=CARTESIAN_POINT('',(0.0164759169234943,0.0125,0.1105));
#3415=CARTESIAN_POINT('',(0.016,0.0125,0.1105));
#3416=CARTESIAN_POINT('',(0.016,0.0125,0.1152));
#3417=CARTESIAN_POINT('',(0.016,0.0125,0.1157));
#3418=CARTESIAN_POINT('',(0.0141686273153047,0.0125,0.1157));
#3419=CARTESIAN_POINT('',(0.0141686273153047,0.0125,0.1157));
#3420=CARTESIAN_POINT('',(0.0141686273153047,0.0125,0.1177));
#3421=CARTESIAN_POINT('',(0.0141686273153047,0.0125,0.1172));
#3422=CARTESIAN_POINT('',(0.017,0.0125,0.1172));
#3423=CARTESIAN_POINT('',(-0.0159259169234943,0.0125,0.115));
#3424=CARTESIAN_POINT('',(-0.0141686273153047,0.0125,0.1152));
#3425=CARTESIAN_POINT('',(-0.0141686273153047,0.0125,0.1172));
#3426=CARTESIAN_POINT('',(-0.0141686273153047,0.0125,0.1157));
#3427=CARTESIAN_POINT('',(-0.0159,0.0125,0.1157));
#3428=CARTESIAN_POINT('',(-0.0159,0.0125,0.1157));
#3429=CARTESIAN_POINT('',(-0.0159,0.0125,0.1177));
#3430=CARTESIAN_POINT('',(-0.0159,0.0125,0.1172));
#3431=CARTESIAN_POINT('',(-0.0141686273153047,0.0125,0.1172));
#3432=CARTESIAN_POINT('',(-0.0189,3.46944695195361E-18,0.115));
#3433=CARTESIAN_POINT('',(-0.0189,-0.0095,0.1177));
#3434=CARTESIAN_POINT('',(-0.0189,-0.0095,0.1105));
#3435=CARTESIAN_POINT('',(-0.0189,-0.0095,0.1172));
#3436=CARTESIAN_POINT('',(-0.0189,3.46944695195361E-18,0.1172));
#3437=CARTESIAN_POINT('',(-0.0189,0.0095,0.1172));
#3438=CARTESIAN_POINT('',(-0.0189,0.0095,0.11));
#3439=CARTESIAN_POINT('',(-0.0189,0.0095,0.1105));
#3440=CARTESIAN_POINT('',(-0.0189,0.003,0.1105));
#3441=CARTESIAN_POINT('',(-0.0189,0.0035,0.1105));
#3442=CARTESIAN_POINT('',(-0.0189,0.0035,0.111132050807569));
#3443=CARTESIAN_POINT('',(-0.0189,0.0035,0.111420725942164));
#3444=CARTESIAN_POINT('',(-0.0189,0.000250000000000007,0.11329711431703));
#3445=CARTESIAN_POINT('',(-0.0189,4.54895091502502E-18,0.113441451884327));
#3446=CARTESIAN_POINT('',(-0.0189,-0.00325,0.111565063509461));
#3447=CARTESIAN_POINT('',(-0.0189,-0.0035,0.111420725942164));
#3448=CARTESIAN_POINT('',(-0.0189,-0.0035,0.11));
#3449=CARTESIAN_POINT('',(-0.0189,-0.0035,0.1105));
#3450=CARTESIAN_POINT('',(-0.0189,-0.0095,0.1105));
#3451=CARTESIAN_POINT('',(-0.0199759169234943,-0.0125,0.115));
#3452=CARTESIAN_POINT('',(-0.0141686273153048,-0.0125,0.1177));
#3453=CARTESIAN_POINT('',(-0.0141686273153048,-0.0125,0.1105));
#3454=CARTESIAN_POINT('',(-0.0141686273153048,-0.0125,0.1172));
#3455=CARTESIAN_POINT('',(-0.0159,-0.0125,0.1172));
#3456=CARTESIAN_POINT('',(-0.0159,-0.0125,0.1172));
#3457=CARTESIAN_POINT('',(-0.0159,-0.0125,0.11));
#3458=CARTESIAN_POINT('',(-0.0159,-0.0125,0.1105));
#3459=CARTESIAN_POINT('',(-0.0199759169234943,-0.0125,0.1105));
#3460=CARTESIAN_POINT('',(0.0155,0.0076875,0.115));
#3461=CARTESIAN_POINT('',(0.0155,0.0076875,0.1105));
#3462=CARTESIAN_POINT('',(0.017125,0.0076875,0.1105));
#3463=CARTESIAN_POINT('',(0.0155,0.0076875,0.1172));
#3464=CARTESIAN_POINT('',(0.017125,0.0076875,0.1172));
#3465=CARTESIAN_POINT('',(-8.67361737988404E-19,8.67361737988404E-19,0.115));
#3466=CARTESIAN_POINT('',(0.0121445376988327,-0.0132857142857143,0.115));
#3467=CARTESIAN_POINT('',(0.0121445376988327,-0.0132857142857143,0.1105));
#3468=CARTESIAN_POINT('',(0.0121445376988327,-0.0132857142857143,0.1172));
#3469=CARTESIAN_POINT('',(-8.67361737988404E-19,8.67361737988404E-19,0.1172));
#3470=CARTESIAN_POINT('',(-0.0121445376988327,-0.0132857142857143,0.1172));
#3471=CARTESIAN_POINT('',(-0.0121445376988327,-0.0132857142857143,0.115));
#3472=CARTESIAN_POINT('',(-0.0121445376988327,-0.0132857142857143,0.1105));
#3473=CARTESIAN_POINT('',(-8.67361737988404E-19,8.67361737988404E-19,0.1105));
#3474=CARTESIAN_POINT('',(-0.0155,-0.0076875,0.115));
#3475=CARTESIAN_POINT('',(-0.0155,-0.0076875,0.1105));
#3476=CARTESIAN_POINT('',(-0.013875,-0.0076875,0.1105));
#3477=CARTESIAN_POINT('',(-0.0155,-0.0076875,0.1172));
#3478=CARTESIAN_POINT('',(-0.013875,-0.0076875,0.1172));
#3479=CARTESIAN_POINT('',(0.00055,0.,0.1177));
#3480=CARTESIAN_POINT('',(-0.0159,-0.0095,0.1177));
#3481=CARTESIAN_POINT('',(-0.0184,-0.0095,0.1177));
#3482=CARTESIAN_POINT('',(-0.0159,-0.012,0.1177));
#3483=CARTESIAN_POINT('',(-0.0141686273153048,-0.012,0.1177));
#3484=CARTESIAN_POINT('',(-0.0141686273153048,-0.012,0.1177));
#3485=CARTESIAN_POINT('',(-0.0141686273153048,-0.0155,0.1177));
#3486=CARTESIAN_POINT('',(-0.0118071894294206,-0.0129166666666667,0.1177));
#3487=CARTESIAN_POINT('',(-8.67361737988404E-19,8.67361737988404E-19,0.1177));
#3488=CARTESIAN_POINT('',(0.0118071894294206,-0.0129166666666666,0.1177));
#3489=CARTESIAN_POINT('',(0.0141686273153048,-0.0155,0.1177));
#3490=CARTESIAN_POINT('',(0.0141686273153048,-0.012,0.1177));
#3491=CARTESIAN_POINT('',(0.017,-0.012,0.1177));
#3492=CARTESIAN_POINT('',(0.017,-0.012,0.1177));
#3493=CARTESIAN_POINT('',(0.017,-0.0095,0.1177));
#3494=CARTESIAN_POINT('',(0.0195,-0.0095,0.1177));
#3495=CARTESIAN_POINT('',(0.0195,0.,0.1177));
#3496=CARTESIAN_POINT('',(0.0195,0.0095,0.1177));
#3497=CARTESIAN_POINT('',(0.017,0.0095,0.1177));
#3498=CARTESIAN_POINT('',(0.017,0.012,0.1177));
#3499=CARTESIAN_POINT('',(0.0141686273153047,0.012,0.1177));
#3500=CARTESIAN_POINT('',(0.0141686273153047,0.012,0.1177));
#3501=CARTESIAN_POINT('',(0.0141686273153047,0.0155,0.1177));
#3502=CARTESIAN_POINT('',(0.0118071894294206,0.0129166666666667,0.1177));
#3503=CARTESIAN_POINT('',(8.67361737988404E-19,-2.60208521396521E-18,0.1177));
#3504=CARTESIAN_POINT('',(-0.0118071894294206,0.0129166666666667,0.1177));
#3505=CARTESIAN_POINT('',(-0.0141686273153047,0.0155,0.1177));
#3506=CARTESIAN_POINT('',(-0.0141686273153047,0.012,0.1177));
#3507=CARTESIAN_POINT('',(-0.0159,0.012,0.1177));
#3508=CARTESIAN_POINT('',(-0.0159,0.012,0.1177));
#3509=CARTESIAN_POINT('',(-0.0159,0.0095,0.1177));
#3510=CARTESIAN_POINT('',(-0.0184,0.0095,0.1177));
#3511=CARTESIAN_POINT('',(-0.0184,0.,0.1177));
#3512=CARTESIAN_POINT('',(1.7347234759768E-18,1.7347234759768E-18,0.1177));
#3513=CARTESIAN_POINT('',(0.00864425762908521,0.00832326919197031,0.1177));
#3514=CARTESIAN_POINT('',(0.00864425762908521,-0.00832326919197031,0.1177));
#3515=CARTESIAN_POINT('',(0.00864425762908521,-0.00832326919197031,0.1177));
#3516=CARTESIAN_POINT('',(0.00829311320206075,-0.0093211815115578,0.1177));
#3517=CARTESIAN_POINT('',(0.00745138999295713,-0.0112428853409537,0.1177));
#3518=CARTESIAN_POINT('',(0.00564097945461581,-0.0138652012198442,0.1177));
#3519=CARTESIAN_POINT('',(0.00316662752004444,-0.0159166059787454,0.1177));
#3520=CARTESIAN_POINT('',(0.000550105802796942,-0.016642062027944,0.1177));
#3521=CARTESIAN_POINT('',(-0.00158780397278948,-0.01636093253897,0.1177));
#3522=CARTESIAN_POINT('',(-0.00355754613727282,-0.0155826196694915,0.1177));
#3523=CARTESIAN_POINT('',(-0.00563134143913905,-0.0138780483117259,0.1177));
#3524=CARTESIAN_POINT('',(-0.00743923910851405,-0.0112656947001005,0.1177));
#3525=CARTESIAN_POINT('',(-0.00829266530968247,-0.00932245437049488,0.1177));
#3526=CARTESIAN_POINT('',(-0.0086442576290852,-0.00832326919197035,0.1177));
#3527=CARTESIAN_POINT('',(-0.0086442576290852,-0.00832326919197035,0.1177));
#3528=CARTESIAN_POINT('',(1.21430643318376E-17,-1.21430643318376E-17,0.1177));
#3529=CARTESIAN_POINT('',(-0.00864425762908521,0.00832326919197031,0.1177));
#3530=CARTESIAN_POINT('',(-0.00864425762908521,0.00832326919197031,0.1177));
#3531=CARTESIAN_POINT('',(-0.00829311320206075,0.0093211815115578,0.1177));
#3532=CARTESIAN_POINT('',(-0.00745138999295713,0.0112428853409537,0.1177));
#3533=CARTESIAN_POINT('',(-0.0056409794546158,0.0138652012198443,0.1177));
#3534=CARTESIAN_POINT('',(-0.00316662752004442,0.0159166059787454,0.1177));
#3535=CARTESIAN_POINT('',(-0.000550105802796934,0.016642062027944,0.1177));
#3536=CARTESIAN_POINT('',(0.00158780397278953,0.01636093253897,0.1177));
#3537=CARTESIAN_POINT('',(0.00355754613727281,0.0155826196694914,0.1177));
#3538=CARTESIAN_POINT('',(0.00563134143913907,0.0138780483117259,0.1177));
#3539=CARTESIAN_POINT('',(0.00743923910851409,0.0112656947001004,0.1177));
#3540=CARTESIAN_POINT('',(0.00829266530968248,0.00932245437049484,0.1177));
#3541=CARTESIAN_POINT('',(0.00864425762908521,0.00832326919197031,0.1177));
#3542=CARTESIAN_POINT('',(-0.0155,-0.0076875,0.1177));
#3543=CARTESIAN_POINT('',(-0.013375,-0.0076875,0.1177));
#3544=CARTESIAN_POINT('',(0.0155,0.0076875,0.1177));
#3545=CARTESIAN_POINT('',(0.017625,0.0076875,0.1177));
#3546=CARTESIAN_POINT('',(0.013,0.00625,0.320217621135332));
#3547=CARTESIAN_POINT('',(0.013,0.0035,0.111132050807569));
#3548=CARTESIAN_POINT('',(0.013,0.0035,0.1105));
#3549=CARTESIAN_POINT('',(0.013,0.0035,0.111420725942164));
#3550=CARTESIAN_POINT('',(0.013,0.000250000000000007,0.11329711431703));
#3551=CARTESIAN_POINT('',(0.013,-5.20417042793042E-18,0.113441451884327));
#3552=CARTESIAN_POINT('',(0.013,-5.20417042793042E-18,0.1152));
#3553=CARTESIAN_POINT('',(0.013,-5.20417042793042E-18,0.1152));
#3554=CARTESIAN_POINT('',(0.013,0.00625,0.1152));
#3555=CARTESIAN_POINT('',(0.013,0.0095,0.1152));
#3556=CARTESIAN_POINT('',(0.013,0.0095,0.11));
#3557=CARTESIAN_POINT('',(0.013,0.0095,0.1105));
#3558=CARTESIAN_POINT('',(0.013,0.003,0.1105));
#3559=CARTESIAN_POINT('',(1.38777878078145E-17,-6.23090906968112E-18,0.320217621135332));
#3560=CARTESIAN_POINT('',(1.38777878078145E-17,-6.23090906968112E-18,0.1105));
#3561=CARTESIAN_POINT('',(0.0125555009285384,-0.00337037037037036,0.1105));
#3562=CARTESIAN_POINT('',(0.00698639942840611,-0.0109631301655488,0.1105));
#3563=CARTESIAN_POINT('',(0.00698639942840611,-0.0109631301655488,0.320217621135332));
#3564=CARTESIAN_POINT('',(0.00698639942840611,-0.0109631301655488,0.115465280898879));
#3565=CARTESIAN_POINT('',(0.00698639942840611,-0.0109631301655488,0.115465280898879));
#3566=CARTESIAN_POINT('',(0.00709280843829633,-0.0108953196192315,0.115352310112411));
#3567=CARTESIAN_POINT('',(0.00736104205707296,-0.0107191255562042,0.115235225709717));
#3568=CARTESIAN_POINT('',(0.00763106436727123,-0.0105259162121207,0.1152));
#3569=CARTESIAN_POINT('',(0.00776539576924375,-0.0104258634437159,0.1152));
#3570=CARTESIAN_POINT('',(0.00776539576924375,-0.0104258634437159,0.1152));
#3571=CARTESIAN_POINT('',(1.38777878078145E-17,-6.23090906968112E-18,0.1152));
#3572=CARTESIAN_POINT('',(1.38777878078145E-17,-6.23090906968112E-18,0.113441451884327));
#3573=CARTESIAN_POINT('',(0.0125555009285384,-0.00337037037037036,0.111420725942164));
#3574=CARTESIAN_POINT('',(0.0125555009285385,-0.00337037037037036,0.320217621135332));
#3575=CARTESIAN_POINT('',(-0.013,0.00625,0.320217621135332));
#3576=CARTESIAN_POINT('',(-0.013,-5.20417042793042E-18,0.1152));
#3577=CARTESIAN_POINT('',(-0.013,-5.20417042793042E-18,0.1152));
#3578=CARTESIAN_POINT('',(-0.013,-5.20417042793042E-18,0.113441451884327));
#3579=CARTESIAN_POINT('',(-0.013,-0.0848492077343002,0.162429164810252));
#3580=CARTESIAN_POINT('',(-0.013,0.0035,0.111420725942164));
#3581=CARTESIAN_POINT('',(-0.013,0.0035,0.320217621135332));
#3582=CARTESIAN_POINT('',(-0.013,0.0035,0.1105));
#3583=CARTESIAN_POINT('',(-0.013,0.00625,0.1105));
#3584=CARTESIAN_POINT('',(-0.013,0.0095,0.1105));
#3585=CARTESIAN_POINT('',(-0.013,0.0095,0.320217621135332));
#3586=CARTESIAN_POINT('',(-0.013,0.0095,0.1152));
#3587=CARTESIAN_POINT('',(-0.013,0.00625,0.1152));
#3588=CARTESIAN_POINT('',(1.38777878078145E-17,-6.23090906968112E-18,0.320217621135332));
#3589=CARTESIAN_POINT('',(-0.00776539576924376,-0.0104258634437159,0.1152));
#3590=CARTESIAN_POINT('',(-0.0076306988593419,-0.0105261884498824,0.1152));
#3591=CARTESIAN_POINT('',(-0.00736449457762091,-0.0107167206136804,0.115234610972922));
#3592=CARTESIAN_POINT('',(-0.00709368876473697,-0.0108947586195855,0.115351375500102));
#3593=CARTESIAN_POINT('',(-0.00698639942840613,-0.0109631301655488,0.115465280898879));
#3594=CARTESIAN_POINT('',(-0.00776539576924376,-0.0104258634437159,0.1152));
#3595=CARTESIAN_POINT('',(-0.00698639942840613,-0.0109631301655488,0.115465280898879));
#3596=CARTESIAN_POINT('',(-0.00698639942840613,-0.0109631301655488,0.320217621135332));
#3597=CARTESIAN_POINT('',(-0.00698639942840613,-0.0109631301655488,0.1105));
#3598=CARTESIAN_POINT('',(1.38777878078145E-17,-6.23090906968112E-18,0.1105));
#3599=CARTESIAN_POINT('',(-0.0125555009285384,-0.00337037037037036,0.1105));
#3600=CARTESIAN_POINT('',(-0.0125555009285384,-0.00337037037037036,0.320217621135332));
#3601=CARTESIAN_POINT('',(-0.0125555009285384,-0.00337037037037036,0.111420725942164));
#3602=CARTESIAN_POINT('',(1.38777878078145E-17,-6.23090906968112E-18,0.113441451884327));
#3603=CARTESIAN_POINT('',(1.38777878078145E-17,-6.23090906968112E-18,0.1152));
#3604=CARTESIAN_POINT('',(-0.0680909286962848,-0.003,0.1094));
#3605=CARTESIAN_POINT('',(-0.0680909286962848,-0.003,0.111132050807569));
#3606=CARTESIAN_POINT('',(-0.0184,-0.003,0.111132050807569));
#3607=CARTESIAN_POINT('',(-0.0131029576813786,-0.003,0.111132050807569));
#3608=CARTESIAN_POINT('',(-0.0131029576813786,-0.003,0.111132050807569));
#3609=CARTESIAN_POINT('',(-0.0130813264721819,-0.003,0.111132050807569));
#3610=CARTESIAN_POINT('',(-0.0130598073467686,-0.003,0.111133593496683));
#3611=CARTESIAN_POINT('',(-0.0130384048104053,-0.003,0.111136740884107));
#3612=CARTESIAN_POINT('',(-0.0130384048104053,-0.003,0.111136740884107));
#3613=CARTESIAN_POINT('',(-0.0130384048104053,-0.003,0.11));
#3614=CARTESIAN_POINT('',(-0.0130384048104053,-0.003,0.1105));
#3615=CARTESIAN_POINT('',(-0.0680909286962848,-0.003,0.1105));
#3616=CARTESIAN_POINT('',(-0.0184,-0.003,0.1105));
#3617=CARTESIAN_POINT('',(-0.0184,-0.003,0.111132050807569));
#3618=CARTESIAN_POINT('',(-0.0680909286962848,-0.0015,0.111998076211353));
#3619=CARTESIAN_POINT('',(-0.0135,0.000499999999999959,0.113152776749733));
#3620=CARTESIAN_POINT('',(-0.0134976849866931,3.03576608295941E-18,0.112864101615138));
#3621=CARTESIAN_POINT('',(1.38777878078145E-17,0.000249999999999993,0.113008439182435));
#3622=CARTESIAN_POINT('',(-0.0184,-3.79470760369927E-18,0.112864101615138));
#3623=CARTESIAN_POINT('',(-0.0680909286962848,0.003,0.1094));
#3624=CARTESIAN_POINT('',(-0.0680909286962848,0.003,0.111132050807569));
#3625=CARTESIAN_POINT('',(0.0135,0.003,0.111132050807569));
#3626=CARTESIAN_POINT('',(0.0195,0.003,0.111132050807569));
#3627=CARTESIAN_POINT('',(0.0135,0.003,0.11));
#3628=CARTESIAN_POINT('',(0.0135,0.003,0.1105));
#3629=CARTESIAN_POINT('',(-0.0680909286962848,0.003,0.1105));
#3630=CARTESIAN_POINT('',(0.0195,0.003,0.1105));
#3631=CARTESIAN_POINT('',(0.0195,0.003,0.111132050807569));
#3632=CARTESIAN_POINT('',(-0.0680909286962848,-0.003,0.1094));
#3633=CARTESIAN_POINT('',(-0.0680909286962848,-0.003,0.1105));
#3634=CARTESIAN_POINT('',(0.0195,-0.003,0.1105));
#3635=CARTESIAN_POINT('',(0.0130384048104053,-0.003,0.1105));
#3636=CARTESIAN_POINT('',(0.0130384048104053,-0.003,0.111132050807569));
#3637=CARTESIAN_POINT('',(0.0130384048104053,-0.003,0.111136740884107));
#3638=CARTESIAN_POINT('',(0.0130384048104053,-0.003,0.111136740884107));
#3639=CARTESIAN_POINT('',(0.0130598073467686,-0.003,0.111133593496683));
#3640=CARTESIAN_POINT('',(0.0130813264721819,-0.003,0.111132050807569));
#3641=CARTESIAN_POINT('',(0.0131029576813787,-0.003,0.111132050807569));
#3642=CARTESIAN_POINT('',(0.0131029576813787,-0.003,0.111132050807569));
#3643=CARTESIAN_POINT('',(-0.0680909286962848,-0.003,0.111132050807569));
#3644=CARTESIAN_POINT('',(0.0195,-0.003,0.111132050807569));
#3645=CARTESIAN_POINT('',(0.0195,-0.003,0.11));
#3646=CARTESIAN_POINT('',(-0.0680909286962848,0.0015,0.111998076211353));
#3647=CARTESIAN_POINT('',(-0.0680909286962848,3.03576608295941E-18,0.112864101615138));
#3648=CARTESIAN_POINT('',(0.0135,3.03576608295941E-18,0.112864101615138));
#3649=CARTESIAN_POINT('',(0.0195,3.03576608295941E-18,0.112864101615138));
#3650=CARTESIAN_POINT('',(0.0135,0.003,0.111132050807569));
#3651=CARTESIAN_POINT('',(0.0195,1.04083408558608E-17,0.112864101615138));
#3652=CARTESIAN_POINT('',(-0.0680909286962848,-0.0015,0.111998076211353));
#3653=CARTESIAN_POINT('',(1.38777878078145E-17,0.000249999999999993,0.113008439182435));
#3654=CARTESIAN_POINT('',(0.0134976849866931,3.03576608295941E-18,0.112864101615138));
#3655=CARTESIAN_POINT('',(0.0135,0.000500000000000006,0.113152776749733));
#3656=CARTESIAN_POINT('',(0.0195,-0.003,0.111132050807569));
#3657=CARTESIAN_POINT('',(0.00055,-3.46944695195361E-18,0.1152));
#3658=CARTESIAN_POINT('',(0.00776539576924375,-0.0104258634437159,0.1152));
#3659=CARTESIAN_POINT('',(0.00810093308980146,-0.00974348367452882,0.1152));
#3660=CARTESIAN_POINT('',(0.00839187278039092,-0.00904051807990928,0.1152));
#3661=CARTESIAN_POINT('',(0.00864425762908521,-0.0083232691919703,0.1152));
#3662=CARTESIAN_POINT('',(0.00864425762908521,-0.00832326919197031,0.1152));
#3663=CARTESIAN_POINT('',(1.7347234759768E-18,1.7347234759768E-18,0.1152));
#3664=CARTESIAN_POINT('',(0.00864425762908521,0.00832326919197032,0.1152));
#3665=CARTESIAN_POINT('',(0.00864425762908521,0.00832326919197032,0.1152));
#3666=CARTESIAN_POINT('',(0.00829278968154578,0.00932210091987724,0.1152));
#3667=CARTESIAN_POINT('',(0.00745044795296103,0.0112454939114112,0.1152));
#3668=CARTESIAN_POINT('',(0.00563628224627396,0.013869888869939,0.1152));
#3669=CARTESIAN_POINT('',(0.00316280954549305,0.0159209036783298,0.1152));
#3670=CARTESIAN_POINT('',(2.54932807968623E-7,0.0167896270651833,0.1152));
#3671=CARTESIAN_POINT('',(-0.00316324112850444,0.0159205880562426,0.1152));
#3672=CARTESIAN_POINT('',(-0.00563455832372544,0.0138714166481758,0.1152));
#3673=CARTESIAN_POINT('',(-0.00744930420644165,0.0112479816536924,0.1152));
#3674=CARTESIAN_POINT('',(-0.00829277369181641,0.0093221463608602,0.1152));
#3675=CARTESIAN_POINT('',(-0.00864425762908521,0.00832326919197031,0.1152));
#3676=CARTESIAN_POINT('',(-0.00864425762908521,0.00832326919197031,0.1152));
#3677=CARTESIAN_POINT('',(1.21430643318376E-17,-1.21430643318376E-17,0.1152));
#3678=CARTESIAN_POINT('',(-0.0086442576290852,-0.00832326919197035,0.1152));
#3679=CARTESIAN_POINT('',(-0.0086442576290852,-0.00832326919197035,0.1152));
#3680=CARTESIAN_POINT('',(-0.00839187278039091,-0.00904051807990931,0.1152));
#3681=CARTESIAN_POINT('',(-0.00810093308980145,-0.00974348367452882,0.1152));
#3682=CARTESIAN_POINT('',(-0.00776539576924376,-0.0104258634437159,0.1152));
#3683=CARTESIAN_POINT('',(-0.016,0.0095,0.1152));
#3684=CARTESIAN_POINT('',(-0.0143416876048223,0.012,0.1152));
#3685=CARTESIAN_POINT('',(-0.0141686273153047,0.012,0.1152));
#3686=CARTESIAN_POINT('',(-0.0141686273153047,0.012,0.1152));
#3687=CARTESIAN_POINT('',(-0.0141686273153047,0.0155,0.1152));
#3688=CARTESIAN_POINT('',(-0.0118071894294206,0.0129166666666667,0.1152));
#3689=CARTESIAN_POINT('',(8.67361737988404E-19,-2.60208521396521E-18,0.1152));
#3690=CARTESIAN_POINT('',(0.0118071894294206,0.0129166666666667,0.1152));
#3691=CARTESIAN_POINT('',(0.0141686273153047,0.0155,0.1152));
#3692=CARTESIAN_POINT('',(0.0141686273153047,0.012,0.1152));
#3693=CARTESIAN_POINT('',(0.016,0.012,0.1152));
#3694=CARTESIAN_POINT('',(0.0143416876048223,0.012,0.1152));
#3695=CARTESIAN_POINT('',(0.016,0.0095,0.1152));
#3696=CARTESIAN_POINT('',(0.016,0.0095,0.320217621135332));
#3697=CARTESIAN_POINT('',(0.016,0.0095,0.1105));
#3698=CARTESIAN_POINT('',(0.0143416876048223,0.012,0.1152));
#3699=CARTESIAN_POINT('',(0.0148575315565758,0.0123421721676681,0.1152));
#3700=CARTESIAN_POINT('',(0.0154332421944896,0.0125,0.115468623747318));
#3701=CARTESIAN_POINT('',(0.016,0.0125,0.1157));
#3702=CARTESIAN_POINT('',(-0.0159,0.0095,0.115));
#3703=CARTESIAN_POINT('',(-0.0159,0.0095,0.1157));
#3704=CARTESIAN_POINT('',(-0.01595,0.0124995833043941,0.1157));
#3705=CARTESIAN_POINT('',(-0.01595,0.0124995833043941,0.11));
#3706=CARTESIAN_POINT('',(-0.01595,0.0124995833043941,0.1105));
#3707=CARTESIAN_POINT('',(-0.0159,0.0095,0.1105));
#3708=CARTESIAN_POINT('',(-0.0159,0.0095,0.1172));
#3709=CARTESIAN_POINT('',(-0.016,0.0095,0.115));
#3710=CARTESIAN_POINT('',(-0.016,0.0095,0.1105));
#3711=CARTESIAN_POINT('',(-0.0159,0.012498332870113,0.115659203547152));
#3712=CARTESIAN_POINT('',(-0.015920855516927,0.012499028440546,0.115667700011576));
#3713=CARTESIAN_POINT('',(-0.01595,0.0124995833043941,0.115677290229519));
#3714=CARTESIAN_POINT('',(-0.01595,0.0124995833043941,0.1157));
#3715=CARTESIAN_POINT('',(-0.0159,0.012498332870113,0.115659203547152));
#3716=CARTESIAN_POINT('',(-0.0143416876048223,0.012,0.1152));
#3717=CARTESIAN_POINT('',(-0.0148275033356117,0.0123222536992562,0.1152));
#3718=CARTESIAN_POINT('',(-0.015364477348214,0.0124804721896954,0.115441033497714));
#3719=CARTESIAN_POINT('',(-0.0159,0.012498332870113,0.115659203547152));
#3720=CARTESIAN_POINT('',(0.017,0.0095,0.115));
#3721=CARTESIAN_POINT('',(0.017,0.0095,0.1105));
#3722=CARTESIAN_POINT('',(0.017,0.0095,0.1172));
#3723=CARTESIAN_POINT('',(0.017,-0.0095,0.115));
#3724=CARTESIAN_POINT('',(0.017,-0.0095,0.1172));
#3725=CARTESIAN_POINT('',(0.017,-0.0095,0.1105));
#3726=CARTESIAN_POINT('',(0.0141686273153048,-0.0155,0.115));
#3727=CARTESIAN_POINT('',(0.0141686273153048,-0.0155,0.1172));
#3728=CARTESIAN_POINT('',(0.0141686273153048,-0.0155,0.1105));
#3729=CARTESIAN_POINT('',(-0.0141686273153048,-0.0155,0.115));
#3730=CARTESIAN_POINT('',(-0.0141686273153048,-0.0155,0.1172));
#3731=CARTESIAN_POINT('',(-0.0141686273153048,-0.0155,0.1105));
#3732=CARTESIAN_POINT('',(-0.0159,-0.0095,0.115));
#3733=CARTESIAN_POINT('',(-0.0159,-0.0095,0.1172));
#3734=CARTESIAN_POINT('',(-0.0159,-0.0095,0.1105));
#3735=CARTESIAN_POINT('',(-0.0141686273153047,0.0155,0.115));
#3736=CARTESIAN_POINT('',(-0.0141686273153047,0.0155,0.1157));
#3737=CARTESIAN_POINT('',(-0.0141686273153047,0.0155,0.1172));
#3738=CARTESIAN_POINT('',(0.0141686273153047,0.0155,0.115));
#3739=CARTESIAN_POINT('',(0.0141686273153047,0.0155,0.1157));
#3740=CARTESIAN_POINT('',(0.0141686273153047,0.0155,0.1172));
#3741=CARTESIAN_POINT('',(-0.0159,0.0095,0.1105));
#3742=CARTESIAN_POINT('',(-0.01595,0.0124995833043941,0.1105));
#3743=CARTESIAN_POINT('',(-0.01595,0.0124995833043941,0.110235836693553));
#3744=CARTESIAN_POINT('',(-0.01595,0.0122599787869863,0.11));
#3745=CARTESIAN_POINT('',(-0.01595,0.01199949994999,0.11));
#3746=CARTESIAN_POINT('',(-0.0184,0.0095,0.1105));
#3747=CARTESIAN_POINT('',(-0.0184,0.,0.1105));
#3748=CARTESIAN_POINT('',(-0.0184,0.0035,0.1105));
#3749=CARTESIAN_POINT('',(-0.016,0.0095,0.1105));
#3750=CARTESIAN_POINT('',(-0.0135,0.0095,0.1105));
#3751=CARTESIAN_POINT('',(-0.0184,0.0035,0.1105));
#3752=CARTESIAN_POINT('',(-0.0184,0.0035,0.1105));
#3753=CARTESIAN_POINT('',(-0.0184,0.0035,0.1105));
#3754=CARTESIAN_POINT('',(0.017,0.0095,0.1105));
#3755=CARTESIAN_POINT('',(0.017,0.012,0.1105));
#3756=CARTESIAN_POINT('',(0.0195,0.0095,0.1105));
#3757=CARTESIAN_POINT('',(-0.0135,0.,0.1105));
#3758=CARTESIAN_POINT('',(-0.0135,0.0035,0.1105));
#3759=CARTESIAN_POINT('',(0.00055,0.0035,0.1105));
#3760=CARTESIAN_POINT('',(-0.0135,0.0035,0.1105));
#3761=CARTESIAN_POINT('',(-0.0184,0.0035,0.1094));
#3762=CARTESIAN_POINT('',(-0.0184,0.0035,0.111420725942164));
#3763=CARTESIAN_POINT('',(-0.0141686273153048,-0.0155,0.1105));
#3764=CARTESIAN_POINT('',(-0.0118071894294206,-0.0129166666666667,0.1105));
#3765=CARTESIAN_POINT('',(-0.0141686273153048,-0.012,0.1105));
#3766=CARTESIAN_POINT('',(0.0195,0.,0.1105));
#3767=CARTESIAN_POINT('',(0.0195,0.0035,0.1105));
#3768=CARTESIAN_POINT('',(0.0164759169234943,0.012,0.1105));
#3769=CARTESIAN_POINT('',(0.016,0.012,0.1105));
#3770=CARTESIAN_POINT('',(-0.0135,0.0035,0.1105));
#3771=CARTESIAN_POINT('',(-0.0135,0.0035,0.1105));
#3772=CARTESIAN_POINT('',(-0.0184,0.00175,0.112431088913246));
#3773=CARTESIAN_POINT('',(-0.0184,4.01154803819636E-18,0.113441451884327));
#3774=CARTESIAN_POINT('',(-0.0199759169234943,-0.012,0.1105));
#3775=CARTESIAN_POINT('',(-0.0159,-0.012,0.1105));
#3776=CARTESIAN_POINT('',(-8.67361737988404E-19,8.67361737988404E-19,0.1105));
#3777=CARTESIAN_POINT('',(0.0118071894294206,-0.0129166666666666,0.1105));
#3778=CARTESIAN_POINT('',(0.0195,0.0035,0.1105));
#3779=CARTESIAN_POINT('',(0.0195,0.0035,0.1105));
#3780=CARTESIAN_POINT('',(0.0195,0.0035,0.1105));
#3781=CARTESIAN_POINT('',(0.0155,0.0076875,0.1105));
#3782=CARTESIAN_POINT('',(0.0135,0.00840557033081728,0.11));
#3783=CARTESIAN_POINT('',(0.0134182092762172,0.00793322518782226,0.11));
#3784=CARTESIAN_POINT('',(0.0134182092761606,0.00744177481216797,0.11));
#3785=CARTESIAN_POINT('',(0.0135,0.00696942966918276,0.11));
#3786=CARTESIAN_POINT('',(0.016,0.0095,0.1105));
#3787=CARTESIAN_POINT('',(0.0135,0.0095,0.1105));
#3788=CARTESIAN_POINT('',(-0.0135,0.0035,0.320217621135332));
#3789=CARTESIAN_POINT('',(-0.0135,0.0035,0.111420725942164));
#3790=CARTESIAN_POINT('',(-0.0184,-0.00175,0.112431088913246));
#3791=CARTESIAN_POINT('',(-0.0184,-0.0035,0.111420725942164));
#3792=CARTESIAN_POINT('',(-0.0159,-0.0095,0.1105));
#3793=CARTESIAN_POINT('',(-0.0184,-0.0095,0.1105));
#3794=CARTESIAN_POINT('',(0.0141686273153048,-0.0155,0.1105));
#3795=CARTESIAN_POINT('',(0.0141686273153048,-0.012,0.1105));
#3796=CARTESIAN_POINT('',(0.0195,0.0035,0.1094));
#3797=CARTESIAN_POINT('',(0.0195,0.0035,0.111420725942164));
#3798=CARTESIAN_POINT('',(0.00055,0.0035,0.1105));
#3799=CARTESIAN_POINT('',(0.0135,0.0035,0.1105));
#3800=CARTESIAN_POINT('',(0.0135,0.00625,0.1105));
#3801=CARTESIAN_POINT('',(0.0135,0.0035,0.1105));
#3802=CARTESIAN_POINT('',(-0.0135,-0.0848492077343002,0.162429164810252));
#3803=CARTESIAN_POINT('',(-0.0134976850859471,5.3588557592992E-9,0.112864104709075));
#3804=CARTESIAN_POINT('',(-0.0132130498616645,1.323185141122E-6,0.112864865556435));
#3805=CARTESIAN_POINT('',(-0.013,1.13978135258776E-6,0.113161125310396));
#3806=CARTESIAN_POINT('',(-0.013,-6.02390876983334E-17,0.113441451884327));
#3807=CARTESIAN_POINT('',(-0.0184,-0.0035,0.1094));
#3808=CARTESIAN_POINT('',(-0.0184,-0.0035,0.1105));
#3809=CARTESIAN_POINT('',(-0.0184,0.,0.1105));
#3810=CARTESIAN_POINT('',(-0.0184,-0.0035,0.1105));
#3811=CARTESIAN_POINT('',(0.0197259169234943,-0.012,0.1105));
#3812=CARTESIAN_POINT('',(0.017,-0.012,0.1105));
#3813=CARTESIAN_POINT('',(0.0195,0.00175,0.112431088913246));
#3814=CARTESIAN_POINT('',(0.0195,4.01154803819636E-18,0.113441451884327));
#3815=CARTESIAN_POINT('',(0.0135,0.0035,0.1105));
#3816=CARTESIAN_POINT('',(0.0135,0.0035,0.1105));
#3817=CARTESIAN_POINT('',(-0.0129999839060055,2.04558939508467E-5,0.113453716339279));
#3818=CARTESIAN_POINT('',(-0.0129995902141735,0.00027065212062374,0.113020362689837));
#3819=CARTESIAN_POINT('',(-0.0134999832870057,0.000271242659102803,0.113020703637386));
#3820=CARTESIAN_POINT('',(-0.0130017935859022,-0.00112961897388974,0.112764181995728));
#3821=CARTESIAN_POINT('',(-0.0130230326007139,-0.000865285775150052,0.112364528639956));
#3822=CARTESIAN_POINT('',(-0.0135018625699761,-0.000923065857498311,0.112331169293831));
#3823=CARTESIAN_POINT('',(-0.0128500973661514,-0.00227984059905019,0.112074559662959));
#3824=CARTESIAN_POINT('',(-0.0128964642479065,-0.00203436472831677,0.111689560591657));
#3825=CARTESIAN_POINT('',(-0.0133443318802344,-0.00211752677592358,0.111641546961042));
#3826=CARTESIAN_POINT('',(-0.0125501820049204,-0.00339012265904517,0.111408883338012));
#3827=CARTESIAN_POINT('',(-0.012605860910386,-0.00318400020634768,0.111025818238903));
#3828=CARTESIAN_POINT('',(-0.013032881312802,-0.00327051199208537,0.110975870636119));
#3829=CARTESIAN_POINT('',(-0.0130384048104053,-0.003,0.111136740884107));
#3830=CARTESIAN_POINT('',(-0.0127990878145633,-0.003,0.111171934063567));
#3831=CARTESIAN_POINT('',(-0.0126085865605002,-0.00317261266776087,0.111299300701417));
#3832=CARTESIAN_POINT('',(-0.0125555009285384,-0.00337037037037035,0.111420725942164));
#3833=CARTESIAN_POINT('',(-0.0184,-0.0035,0.1105));
#3834=CARTESIAN_POINT('',(-0.0184,-0.0035,0.1105));
#3835=CARTESIAN_POINT('',(0.017,-0.0095,0.1105));
#3836=CARTESIAN_POINT('',(0.0195,-0.0095,0.1105));
#3837=CARTESIAN_POINT('',(0.0195,-0.00175,0.112431088913246));
#3838=CARTESIAN_POINT('',(0.0195,-0.0035,0.111420725942164));
#3839=CARTESIAN_POINT('',(-0.00864425762908521,0.00832326919197031,0.1172));
#3840=CARTESIAN_POINT('',(-0.00864425762908521,0.00832326919197031,0.1172));
#3841=CARTESIAN_POINT('',(-0.00864425762908521,0.00832326919197031,0.1172));
#3842=CARTESIAN_POINT('',(-0.00864425762908521,0.00832326919197031,0.1172));
#3843=CARTESIAN_POINT('',(0.0135,0.0035,0.1094));
#3844=CARTESIAN_POINT('',(0.0135,0.0035,0.111420725942164));
#3845=CARTESIAN_POINT('',(-0.00864425762908519,-0.00832326919197035,0.1157));
#3846=CARTESIAN_POINT('',(-0.00864425762908519,-0.00832326919197035,0.1157));
#3847=CARTESIAN_POINT('',(-0.0086442576290852,-0.00832326919197035,0.1157));
#3848=CARTESIAN_POINT('',(-0.00864425762908519,-0.00832326919197035,0.1157));
#3849=CARTESIAN_POINT('',(-0.0130384048104053,-0.0035,0.320217621135332));
#3850=CARTESIAN_POINT('',(-0.0130384048104053,-0.0035,0.1105));
#3851=CARTESIAN_POINT('',(0.00055,-0.0035,0.1105));
#3852=CARTESIAN_POINT('',(-0.0130384048104053,-0.0035,0.1105));
#3853=CARTESIAN_POINT('',(0.0195,0.,0.1105));
#3854=CARTESIAN_POINT('',(0.0195,-0.0035,0.1105));
#3855=CARTESIAN_POINT('',(0.0195,-0.0035,0.1094));
#3856=CARTESIAN_POINT('',(0.0195,-0.0035,0.1105));
#3857=CARTESIAN_POINT('',(0.0135,0.00175,0.112431088913246));
#3858=CARTESIAN_POINT('',(0.0134976850859471,5.35885579474999E-9,0.112864104709075));
#3859=CARTESIAN_POINT('',(0.0132130498616645,1.32318514114091E-6,0.112864865556435));
#3860=CARTESIAN_POINT('',(0.013,1.13978122953301E-6,0.113161125310396));
#3861=CARTESIAN_POINT('',(0.013,-2.44234464271951E-18,0.113441451884327));
#3862=CARTESIAN_POINT('',(1.21430643318376E-17,-1.21430643318376E-17,0.1157));
#3863=CARTESIAN_POINT('',(-0.00864425762908521,0.00832326919197031,0.1157));
#3864=CARTESIAN_POINT('',(-0.00864425762908521,0.00832326919197031,0.11645));
#3865=CARTESIAN_POINT('',(-0.00864425762908521,0.00832326919197031,0.1157));
#3866=CARTESIAN_POINT('',(0.00864425762908521,0.00832326919197031,0.1177));
#3867=CARTESIAN_POINT('',(0.00817260544838749,0.00815730467635595,0.1177));
#3868=CARTESIAN_POINT('',(0.00817260544838751,0.00815730467635596,0.1172));
#3869=CARTESIAN_POINT('',(0.00829632873080129,0.00931204335032971,0.1177));
#3870=CARTESIAN_POINT('',(0.00783298448106037,0.00912246864442311,0.1177));
#3871=CARTESIAN_POINT('',(0.00783298447993134,0.00912246864402741,0.1172));
#3872=CARTESIAN_POINT('',(0.00744352747120156,0.0112588784299791,0.1177));
#3873=CARTESIAN_POINT('',(0.00700219143360154,0.0110178007857035,0.1177));
#3874=CARTESIAN_POINT('',(0.00700219143412654,0.0110178007858874,0.1172));
#3875=CARTESIAN_POINT('',(0.00563522402353589,0.0138738957059099,0.1177));
#3876=CARTESIAN_POINT('',(0.00525590542298005,0.0135388887805608,0.1177));
#3877=CARTESIAN_POINT('',(0.00525590542283618,0.0135388887805105,0.1172));
#3878=CARTESIAN_POINT('',(0.00356035394427698,0.015581147570594,0.1177));
#3879=CARTESIAN_POINT('',(0.00328898830467142,0.0151507963424278,0.1177));
#3880=CARTESIAN_POINT('',(0.00328898830468955,0.0151507963424339,0.1172));
#3881=CARTESIAN_POINT('',(0.00158905345138928,0.0163607216203508,0.1177));
#3882=CARTESIAN_POINT('',(0.00145969371386227,0.0158723906205629,0.1177));
#3883=CARTESIAN_POINT('',(0.00145969371385842,0.015872390620562,0.1172));
#3884=CARTESIAN_POINT('',(-0.00055079481191585,0.0166423123212931,0.1177));
#3885=CARTESIAN_POINT('',(-0.000505362794338191,0.0161302069690177,0.1177));
#3886=CARTESIAN_POINT('',(-0.00050536279433324,0.0161302069690173,0.1172));
#3887=CARTESIAN_POINT('',(-0.00316956632163316,0.015915402279002,0.1177));
#3888=CARTESIAN_POINT('',(-0.00291688106140588,0.0154660200012786,0.1177));
#3889=CARTESIAN_POINT('',(-0.00291688106143123,0.0154660200012871,0.1172));
#3890=CARTESIAN_POINT('',(-0.00564513071325185,0.0138610062501933,0.1177));
#3891=CARTESIAN_POINT('',(-0.00526581400862282,0.0135267488153846,0.1177));
#3892=CARTESIAN_POINT('',(-0.00526581400853247,0.013526748815353,0.1172));
#3893=CARTESIAN_POINT('',(-0.00745559525533649,0.0112349670643366,0.1177));
#3894=CARTESIAN_POINT('',(-0.00701380370265888,0.0109945120139048,0.1177));
#3895=CARTESIAN_POINT('',(-0.00701380370299501,0.010994512014023,0.1172));
#3896=CARTESIAN_POINT('',(-0.00829434228004206,0.00931768861497943,0.1177));
#3897=CARTESIAN_POINT('',(-0.00783104546325926,0.00912797911005777,0.1177));
#3898=CARTESIAN_POINT('',(-0.00783104546253525,0.00912797910980314,0.1172));
#3899=CARTESIAN_POINT('',(-0.00864425762908521,0.00832326919197031,0.1177));
#3900=CARTESIAN_POINT('',(-0.00817260544838749,0.00815730467635596,0.1177));
#3901=CARTESIAN_POINT('',(-0.00817260544838751,0.00815730467635596,0.1172));
#3902=CARTESIAN_POINT('',(0.00864425762908521,0.00832326919197031,0.1172));
#3903=CARTESIAN_POINT('',(1.21430643318376E-17,-1.21430643318376E-17,0.1172));
#3904=CARTESIAN_POINT('',(-0.00864425762908519,-0.00832326919197035,0.1172));
#3905=CARTESIAN_POINT('',(-0.00864425762908519,-0.00832326919197035,0.11645));
#3906=CARTESIAN_POINT('',(-0.00864425762908519,-0.00832326919197035,0.1172));
#3907=CARTESIAN_POINT('',(-0.00724506424350265,-0.0114022151348514,0.1152));
#3908=CARTESIAN_POINT('',(-0.00681201560581243,-0.011152277387813,0.1152));
#3909=CARTESIAN_POINT('',(-0.00681201560581244,-0.011152277387813,0.1157));
#3910=CARTESIAN_POINT('',(-0.00780695133665443,-0.0104286749465739,0.1152));
#3911=CARTESIAN_POINT('',(-0.00735611277726306,-0.010209560480765,0.1152));
#3912=CARTESIAN_POINT('',(-0.00735611277895104,-0.0102095604817407,0.1157));
#3913=CARTESIAN_POINT('',(-0.00827127905947753,-0.00938323165304478,0.1152));
#3914=CARTESIAN_POINT('',(-0.00780853295188749,-0.0091919570955029,0.1152));
#3915=CARTESIAN_POINT('',(-0.00780853295063035,-0.00919195709505873,0.1157));
#3916=CARTESIAN_POINT('',(-0.00864425762908519,-0.00832326919197035,0.1152));
#3917=CARTESIAN_POINT('',(-0.00817260544838748,-0.00815730467635599,0.1152));
#3918=CARTESIAN_POINT('',(-0.0081726054483875,-0.008157304676356,0.1157));
#3919=CARTESIAN_POINT('',(-0.00698639942840613,-0.0109631301655488,0.115465280898879));
#3920=CARTESIAN_POINT('',(-0.00691519304709,-0.0110085073720778,0.115540878265185));
#3921=CARTESIAN_POINT('',(-0.0068607547825467,-0.0110676067390963,0.115620514453327));
#3922=CARTESIAN_POINT('',(-0.0068217408139669,-0.0111354024441909,0.1157));
#3923=CARTESIAN_POINT('',(-0.0130384048104053,-0.0035,0.1105));
#3924=CARTESIAN_POINT('',(-0.0130384048104053,-0.0035,0.1105));
#3925=CARTESIAN_POINT('',(0.0195,-0.0035,0.1105));
#3926=CARTESIAN_POINT('',(0.0195,-0.0035,0.1105));
#3927=CARTESIAN_POINT('',(0.0125501820049204,-0.00339012265904517,0.111408883338012));
#3928=CARTESIAN_POINT('',(0.012605860910386,-0.00318400020634767,0.111025818238903));
#3929=CARTESIAN_POINT('',(0.013032881312802,-0.00327051199208537,0.110975870636119));
#3930=CARTESIAN_POINT('',(0.0128500973661507,-0.00227984059905292,0.112074559662919));
#3931=CARTESIAN_POINT('',(0.0128964642479191,-0.00203436472833521,0.111689560591593));
#3932=CARTESIAN_POINT('',(0.0133443318802322,-0.00211752677594308,0.111641546961031));
#3933=CARTESIAN_POINT('',(0.0130017935859022,-0.00112961897388973,0.112764181995716));
#3934=CARTESIAN_POINT('',(0.0130230326007074,-0.000865285775150088,0.112364528639941));
#3935=CARTESIAN_POINT('',(0.0135018625699762,-0.000923065857503496,0.112331169293828));
#3936=CARTESIAN_POINT('',(0.0129999839060055,2.04558939508522E-5,0.113453716339279));
#3937=CARTESIAN_POINT('',(0.0129995902141736,0.000270652120623746,0.113020362689837));
#3938=CARTESIAN_POINT('',(0.0134999832870058,0.000271242659102808,0.113020703637386));
#3939=CARTESIAN_POINT('',(0.0130384048104053,-0.003,0.111136740884107));
#3940=CARTESIAN_POINT('',(0.0127990878145633,-0.003,0.111171934063567));
#3941=CARTESIAN_POINT('',(0.0126085865605002,-0.00317261266776079,0.111299300701417));
#3942=CARTESIAN_POINT('',(0.0125555009285384,-0.00337037037037035,0.111420725942164));
#3943=CARTESIAN_POINT('',(-0.00864425762908521,0.00832326919197031,0.1157));
#3944=CARTESIAN_POINT('',(-0.00864425762908521,0.00832326919197031,0.1157));
#3945=CARTESIAN_POINT('',(0.00864425762908521,0.00832326919197032,0.1172));
#3946=CARTESIAN_POINT('',(0.00864425762908521,0.00832326919197031,0.1172));
#3947=CARTESIAN_POINT('',(0.00864425762908521,0.00832326919197031,0.1172));
#3948=CARTESIAN_POINT('',(-0.00864425762908519,-0.00832326919197035,0.1172));
#3949=CARTESIAN_POINT('',(-0.0086442576290852,-0.00832326919197035,0.1172));
#3950=CARTESIAN_POINT('',(-0.00725510709872944,-0.0113847890180699,0.1126));
#3951=CARTESIAN_POINT('',(-0.00725510709872944,-0.0113847890180699,0.1105));
#3952=CARTESIAN_POINT('',(1.38777878078145E-17,-6.23090906968112E-18,0.1105));
#3953=CARTESIAN_POINT('',(-0.00725510709872944,-0.0113847890180699,0.1105));
#3954=CARTESIAN_POINT('',(0.00055,-0.0035,0.1105));
#3955=CARTESIAN_POINT('',(0.0130384048104053,-0.0035,0.1105));
#3956=CARTESIAN_POINT('',(0.0130384048104053,-0.0035,0.320217621135332));
#3957=CARTESIAN_POINT('',(0.0130384048104053,-0.0035,0.1105));
#3958=CARTESIAN_POINT('',(-0.00864425762908521,0.00832326919197031,0.1152));
#3959=CARTESIAN_POINT('',(-0.00817260544838749,0.00815730467635596,0.1152));
#3960=CARTESIAN_POINT('',(-0.00817260544838751,0.00815730467635596,0.1157));
#3961=CARTESIAN_POINT('',(-0.00829319143966793,0.00932095917387433,0.1152));
#3962=CARTESIAN_POINT('',(-0.00782992210292458,0.00913117157377128,0.1152));
#3963=CARTESIAN_POINT('',(-0.00782992210155525,0.00913117157328826,0.1157));
#3964=CARTESIAN_POINT('',(-0.0074467066368315,0.0112535216441969,0.1152));
#3965=CARTESIAN_POINT('',(-0.00700510534184848,0.0110125465419568,0.1152));
#3966=CARTESIAN_POINT('',(-0.00700510534248387,0.011012546542181,0.1157));
#3967=CARTESIAN_POINT('',(-0.00563105347244998,0.0138752419525697,0.1152));
#3968=CARTESIAN_POINT('',(-0.00525248120993315,0.0135403202288706,0.1152));
#3969=CARTESIAN_POINT('',(-0.00525248120976334,0.0135403202288103,0.1157));
#3970=CARTESIAN_POINT('',(-0.00315744901897929,0.0159241292458537,0.1152));
#3971=CARTESIAN_POINT('',(-0.00290501741312051,0.0154741967089835,0.1152));
#3972=CARTESIAN_POINT('',(-0.00290501741316441,0.0154741967090002,0.1157));
#3973=CARTESIAN_POINT('',(8.34805445108678E-6,0.0167897929034058,0.1152));
#3974=CARTESIAN_POINT('',(7.61319401619077E-6,0.016264620225839,0.1152));
#3975=CARTESIAN_POINT('',(7.61319402194182E-6,0.0162646202258324,0.1157));
#3976=CARTESIAN_POINT('',(0.00317055134853269,0.015916669803888,0.1152));
#3977=CARTESIAN_POINT('',(0.00291727337064537,0.0154672954397576,0.1152));
#3978=CARTESIAN_POINT('',(0.00291727337066626,0.0154672954397673,0.1157));
#3979=CARTESIAN_POINT('',(0.00564275800316483,0.0138628197791791,0.1152));
#3980=CARTESIAN_POINT('',(0.00526369695372227,0.0135284600299188,0.1152));
#3981=CARTESIAN_POINT('',(0.00526369695363298,0.0135284600298869,0.1157));
#3982=CARTESIAN_POINT('',(0.00745543410774778,0.011235901129585,0.1152));
#3983=CARTESIAN_POINT('',(0.0070135958112874,0.0109954293942901,0.1152));
#3984=CARTESIAN_POINT('',(0.00701359581162373,0.0109954293944081,0.1157));
#3985=CARTESIAN_POINT('',(0.00829422364890264,0.00931802575111845,0.1152));
#3986=CARTESIAN_POINT('',(0.0078309296648237,0.00912830819597661,0.1152));
#3987=CARTESIAN_POINT('',(0.0078309296640985,0.00912830819572257,0.1157));
#3988=CARTESIAN_POINT('',(0.0086442576290852,0.00832326919197032,0.1152));
#3989=CARTESIAN_POINT('',(0.00817260544838749,0.00815730467635597,0.1152));
#3990=CARTESIAN_POINT('',(0.00817260544838751,0.00815730467635597,0.1157));
#3991=CARTESIAN_POINT('',(0.00864425762908521,0.00832326919197031,0.1157));
#3992=CARTESIAN_POINT('',(0.00864425762908521,0.00832326919197031,0.11645));
#3993=CARTESIAN_POINT('',(0.00864425762908521,0.00832326919197031,0.1157));
#3994=CARTESIAN_POINT('',(1.7347234759768E-18,1.7347234759768E-18,0.1172));
#3995=CARTESIAN_POINT('',(0.00864425762908521,-0.00832326919197031,0.1172));
#3996=CARTESIAN_POINT('',(-0.0086442576290852,-0.00832326919197034,0.1177));
#3997=CARTESIAN_POINT('',(-0.00817260544838748,-0.00815730467635599,0.1177));
#3998=CARTESIAN_POINT('',(-0.0081726054483875,-0.00815730467635599,0.1172));
#3999=CARTESIAN_POINT('',(-0.0082963287308031,-0.00931204335031429,0.1177));
#4000=CARTESIAN_POINT('',(-0.00783298448105908,-0.00912246864440964,0.1177));
#4001=CARTESIAN_POINT('',(-0.00783298447993599,-0.00912246864401422,0.1172));
#4002=CARTESIAN_POINT('',(-0.00744352747120072,-0.0112588784299863,0.1177));
#4003=CARTESIAN_POINT('',(-0.00700219143360215,-0.0110178007857097,0.1177));
#4004=CARTESIAN_POINT('',(-0.00700219143412438,-0.0110178007858936,0.1172));
#4005=CARTESIAN_POINT('',(-0.00563522402353605,-0.0138738957059081,0.1177));
#4006=CARTESIAN_POINT('',(-0.00525590542297981,-0.0135388887805592,0.1177));
#4007=CARTESIAN_POINT('',(-0.0052559054228367,-0.0135388887805089,0.1172));
#4008=CARTESIAN_POINT('',(-0.00356035394427692,-0.0155811475705943,0.1177));
#4009=CARTESIAN_POINT('',(-0.0032889883046714,-0.015150796342428,0.1177));
#4010=CARTESIAN_POINT('',(-0.00328898830468943,-0.0151507963424341,0.1172));
#4011=CARTESIAN_POINT('',(-0.00158905345138926,-0.0163607216203508,0.1177));
#4012=CARTESIAN_POINT('',(-0.00145969371386224,-0.0158723906205629,0.1177));
#4013=CARTESIAN_POINT('',(-0.00145969371385842,-0.015872390620562,0.1172));
#4014=CARTESIAN_POINT('',(0.000550794811915934,-0.016642312321293,0.1177));
#4015=CARTESIAN_POINT('',(0.000505362794338276,-0.0161302069690176,0.1177));
#4016=CARTESIAN_POINT('',(0.000505362794333334,-0.0161302069690172,0.1172));
#4017=CARTESIAN_POINT('',(0.00316956632163311,-0.0159154022790024,0.1177));
#4018=CARTESIAN_POINT('',(0.00291688106140574,-0.0154660200012789,0.1177));
#4019=CARTESIAN_POINT('',(0.0029168810614311,-0.0154660200012874,0.1172));
#4020=CARTESIAN_POINT('',(0.00564513071325204,-0.0138610062501919,0.1177));
#4021=CARTESIAN_POINT('',(0.00526581400862338,-0.0135267488153834,0.1177));
#4022=CARTESIAN_POINT('',(0.00526581400853299,-0.0135267488153517,0.1172));
#4023=CARTESIAN_POINT('',(0.00745559525533605,-0.0112349670643413,0.1177));
#4024=CARTESIAN_POINT('',(0.00701380370265706,-0.0109945120139094,0.1177));
#4025=CARTESIAN_POINT('',(0.00701380370299334,-0.0109945120140277,0.1172));
#4026=CARTESIAN_POINT('',(0.00829434228004297,-0.00931768861496936,0.1177));
#4027=CARTESIAN_POINT('',(0.00783104546326314,-0.00912797911004806,0.1177));
#4028=CARTESIAN_POINT('',(0.0078310454625388,-0.00912797910979304,0.1172));
#4029=CARTESIAN_POINT('',(0.00864425762908521,-0.0083232691919703,0.1177));
#4030=CARTESIAN_POINT('',(0.0081726054483875,-0.00815730467635595,0.1177));
#4031=CARTESIAN_POINT('',(0.00817260544838751,-0.00815730467635595,0.1172));
#4032=CARTESIAN_POINT('',(0.00864425762908521,-0.0083232691919703,0.1172));
#4033=CARTESIAN_POINT('',(-0.00725510709872944,-0.0113847890180699,0.1105));
#4034=CARTESIAN_POINT('',(-0.00725510709872944,-0.0113847890180699,0.1105));
#4035=CARTESIAN_POINT('',(0.0130384048104053,-0.0035,0.1105));
#4036=CARTESIAN_POINT('',(0.0130384048104053,-0.0035,0.1105));
#4037=CARTESIAN_POINT('',(0.0086442576290852,0.00832326919197032,0.1157));
#4038=CARTESIAN_POINT('',(0.00864425762908521,0.00832326919197032,0.1157));
#4039=CARTESIAN_POINT('',(0.00864425762908521,-0.0083232691919703,0.1172));
#4040=CARTESIAN_POINT('',(0.00864425762908521,-0.0083232691919703,0.1172));
#4041=CARTESIAN_POINT('',(0.00725510709872943,-0.01138478901807,0.11));
#4042=CARTESIAN_POINT('',(0.00682174081396689,-0.0111354024441909,0.11));
#4043=CARTESIAN_POINT('',(0.00682174081396689,-0.0111354024441909,0.1105));
#4044=CARTESIAN_POINT('',(0.00686986582382443,-0.0120542339619425,0.11));
#4045=CARTESIAN_POINT('',(0.00644867212800962,-0.0117836947267916,0.110000000000091));
#4046=CARTESIAN_POINT('',(0.0064486721265633,-0.0117836947259549,0.1105));
#4047=CARTESIAN_POINT('',(0.00599372620868423,-0.0133457896771369,0.11));
#4048=CARTESIAN_POINT('',(0.005602990900043,-0.0130293691000504,0.109999999999958));
#4049=CARTESIAN_POINT('',(0.00560299090071397,-0.0130293691004389,0.1105));
#4050=CARTESIAN_POINT('',(0.00437832958750312,-0.014974242206384,0.11));
#4051=CARTESIAN_POINT('',(0.00406148934102875,-0.0145809037371589,0.110000000000011));
#4052=CARTESIAN_POINT('',(0.00406148934084983,-0.0145809037370543,0.1105));
#4053=CARTESIAN_POINT('',(0.00234971915546387,-0.0161891026950644,0.11));
#4054=CARTESIAN_POINT('',(0.00215954978164104,-0.0157158464638599,0.109999999999997));
#4055=CARTESIAN_POINT('',(0.00215954978168577,-0.0157158464638897,0.1105));
#4056=CARTESIAN_POINT('',(9.43167455792489E-6,-0.0166524555469334,0.11));
#4057=CARTESIAN_POINT('',(8.60016086714863E-6,-0.0161393256148092,0.110000000000001));
#4058=CARTESIAN_POINT('',(8.60016086714883E-6,-0.0161393256147943,0.1105));
#4059=CARTESIAN_POINT('',(-0.00231534739247014,-0.0162010045734851,0.11));
#4060=CARTESIAN_POINT('',(-0.00212772256981801,-0.0157267862771944,0.11));
#4061=CARTESIAN_POINT('',(-0.00212772256986274,-0.015726786277224,0.1105));
#4062=CARTESIAN_POINT('',(-0.0043553285164416,-0.014995244256881,0.11));
#4063=CARTESIAN_POINT('',(-0.00403960617286368,-0.0146007966452105,0.109999999999999));
#4064=CARTESIAN_POINT('',(-0.00403960617268474,-0.0146007966451069,0.1105));
#4065=CARTESIAN_POINT('',(-0.00599268146197068,-0.0133492393948947,0.11));
#4066=CARTESIAN_POINT('',(-0.0056019348457494,-0.0130327552377665,0.110000000000003));
#4067=CARTESIAN_POINT('',(-0.00560193484642042,-0.0130327552381512,0.1105));
#4068=CARTESIAN_POINT('',(-0.00687076936503829,-0.0120526638521823,0.11));
#4069=CARTESIAN_POINT('',(-0.00644954711974072,-0.0117821742282668,0.109999999999992));
#4070=CARTESIAN_POINT('',(-0.0064495471182943,-0.0117821742274383,0.1105));
#4071=CARTESIAN_POINT('',(-0.00725510709872945,-0.0113847890180699,0.11));
#4072=CARTESIAN_POINT('',(-0.0068217408139669,-0.0111354024441909,0.11));
#4073=CARTESIAN_POINT('',(-0.0068217408139669,-0.0111354024441909,0.1105));
#4074=CARTESIAN_POINT('',(0.00725510709872943,-0.01138478901807,0.1105));
#4075=CARTESIAN_POINT('',(1.38777878078145E-17,-6.23090906968112E-18,0.1105));
#4076=CARTESIAN_POINT('',(0.00725510709872943,-0.01138478901807,0.1105));
#4077=CARTESIAN_POINT('',(1.7347234759768E-18,1.7347234759768E-18,0.1157));
#4078=CARTESIAN_POINT('',(0.00864425762908521,-0.0083232691919703,0.1157));
#4079=CARTESIAN_POINT('',(0.00864425762908521,-0.0083232691919703,0.11645));
#4080=CARTESIAN_POINT('',(0.00864425762908521,-0.0083232691919703,0.1157));
#4081=CARTESIAN_POINT('',(0.00725510709872943,-0.01138478901807,0.1105));
#4082=CARTESIAN_POINT('',(0.00725510709872943,-0.01138478901807,0.1105));
#4083=CARTESIAN_POINT('',(0.00864425762908521,-0.0083232691919703,0.1157));
#4084=CARTESIAN_POINT('',(0.00864425762908521,-0.00832326919197031,0.1157));
#4085=CARTESIAN_POINT('',(0.00725510709872943,-0.01138478901807,0.1126));
#4086=CARTESIAN_POINT('',(0.00698639942840611,-0.0109631301655488,0.115465280898879));
#4087=CARTESIAN_POINT('',(0.00691519304708998,-0.0110085073720778,0.115540878265185));
#4088=CARTESIAN_POINT('',(0.0068607547825448,-0.0110676067390996,0.115620514453323));
#4089=CARTESIAN_POINT('',(0.00682174081396689,-0.0111354024441909,0.1157));
#4090=CARTESIAN_POINT('',(0.00864425762908522,-0.00832326919197028,0.1152));
#4091=CARTESIAN_POINT('',(0.00817260544838751,-0.00815730467635593,0.1152));
#4092=CARTESIAN_POINT('',(0.00817260544838752,-0.00815730467635593,0.1157));
#4093=CARTESIAN_POINT('',(0.00826919768149716,-0.00938914669070767,0.1152));
#4094=CARTESIAN_POINT('',(0.00780650127356258,-0.00919773089244793,0.1152));
#4095=CARTESIAN_POINT('',(0.00780650127249192,-0.00919773089207144,0.1157));
#4096=CARTESIAN_POINT('',(0.00780527423758522,-0.0104315721066358,0.1152));
#4097=CARTESIAN_POINT('',(0.00735448888490811,-0.0102123657265793,0.115200000000022));
#4098=CARTESIAN_POINT('',(0.00735448888652747,-0.0102123657275079,0.1157));
#4099=CARTESIAN_POINT('',(0.00724509461563736,-0.0114021625110675,0.1152));
#4100=CARTESIAN_POINT('',(0.00681204501633711,-0.011152226430147,0.1152));
#4101=CARTESIAN_POINT('',(0.00681204501633713,-0.011152226430147,0.1157));
#4102=CARTESIAN_POINT('',(-0.0155,-0.0076875,0.1105));
#4103=CARTESIAN_POINT('',(0.0164759169234943,0.012,0.1157));
#4104=CARTESIAN_POINT('',(0.0141686273153047,0.012,0.1157));
#4105=CARTESIAN_POINT('',(0.0141686273153047,0.0155,0.1157));
#4106=CARTESIAN_POINT('',(0.0118071894294206,0.0129166666666667,0.1157));
#4107=CARTESIAN_POINT('',(8.67361737988404E-19,-2.60208521396521E-18,0.1157));
#4108=CARTESIAN_POINT('',(-0.0118071894294206,0.0129166666666667,0.1157));
#4109=CARTESIAN_POINT('',(-0.0141686273153047,0.0155,0.1157));
#4110=CARTESIAN_POINT('',(-0.0141686273153047,0.012,0.1157));
#4111=CARTESIAN_POINT('',(-0.0159259169234943,0.012,0.1157));
#4112=CARTESIAN_POINT('',(-0.0159,0.012,0.1157));
#4113=CARTESIAN_POINT('',(-0.0159,0.0095,0.1157));
#4114=CARTESIAN_POINT('',(0.000549999999999993,0.012,0.1172));
#4115=CARTESIAN_POINT('',(0.017,0.012,0.1172));
#4116=CARTESIAN_POINT('',(0.0141686273153047,0.012,0.1172));
#4117=CARTESIAN_POINT('',(0.0141686273153047,0.0155,0.1172));
#4118=CARTESIAN_POINT('',(0.0118071894294206,0.0129166666666667,0.1172));
#4119=CARTESIAN_POINT('',(0.017,0.0095,0.1172));
#4120=CARTESIAN_POINT('',(0.0195,0.0095,0.1172));
#4121=CARTESIAN_POINT('',(8.67361737988404E-19,-2.60208521396521E-18,0.1172));
#4122=CARTESIAN_POINT('',(-0.0118071894294206,0.0129166666666667,0.1172));
#4123=CARTESIAN_POINT('',(0.0195,2.08166817117217E-17,0.1172));
#4124=CARTESIAN_POINT('',(0.0195,-0.0095,0.1172));
#4125=CARTESIAN_POINT('',(-0.0141686273153047,0.0155,0.1172));
#4126=CARTESIAN_POINT('',(-0.0141686273153047,0.012,0.1172));
#4127=CARTESIAN_POINT('',(0.017,-0.0095,0.1172));
#4128=CARTESIAN_POINT('',(0.017,-0.012,0.1172));
#4129=CARTESIAN_POINT('',(0.000549999999999991,0.012,0.1172));
#4130=CARTESIAN_POINT('',(-0.0159,0.012,0.1172));
#4131=CARTESIAN_POINT('',(0.00055,-0.012,0.1172));
#4132=CARTESIAN_POINT('',(0.0141686273153048,-0.012,0.1172));
#4133=CARTESIAN_POINT('',(-0.0159,0.0095,0.1172));
#4134=CARTESIAN_POINT('',(-0.0184,0.0095,0.1172));
#4135=CARTESIAN_POINT('',(0.0141686273153048,-0.0155,0.1172));
#4136=CARTESIAN_POINT('',(0.0118071894294206,-0.0129166666666666,0.1172));
#4137=CARTESIAN_POINT('',(-0.0184,3.46944695195361E-18,0.1172));
#4138=CARTESIAN_POINT('',(-0.0184,-0.0095,0.1172));
#4139=CARTESIAN_POINT('',(-8.67361737988404E-19,8.67361737988404E-19,0.1172));
#4140=CARTESIAN_POINT('',(-0.0118071894294206,-0.0129166666666667,0.1172));
#4141=CARTESIAN_POINT('',(-0.0159,-0.0095,0.1172));
#4142=CARTESIAN_POINT('',(-0.0159,-0.012,0.1172));
#4143=CARTESIAN_POINT('',(-0.0141686273153048,-0.0155,0.1172));
#4144=CARTESIAN_POINT('',(-0.0141686273153048,-0.012,0.1172));
#4145=CARTESIAN_POINT('',(0.00055,-0.012,0.1172));
#4146=CARTESIAN_POINT('',(-0.0155,-0.0076875,0.1172));
#4147=CARTESIAN_POINT('',(0.0155,0.0076875,0.1172));
#4148=MECHANICAL_DESIGN_GEOMETRIC_PRESENTATION_REPRESENTATION('',(#2135),
#4149);
#4149=(
GEOMETRIC_REPRESENTATION_CONTEXT(3)
GLOBAL_UNCERTAINTY_ASSIGNED_CONTEXT((#4150))
GLOBAL_UNIT_ASSIGNED_CONTEXT((#4153,#4152,#4151))
REPRESENTATION_CONTEXT('BLOCKS_redfilter_clamp_top',
'TOP_LEVEL_ASSEMBLY_PART')
);
#4150=UNCERTAINTY_MEASURE_WITH_UNIT(LENGTH_MEASURE(2.E-5),#4153,
'DISTANCE_ACCURACY_VALUE','Maximum Tolerance applied to model');
#4151=(
NAMED_UNIT(*)
SI_UNIT($,.STERADIAN.)
SOLID_ANGLE_UNIT()
);
#4152=(
NAMED_UNIT(*)
PLANE_ANGLE_UNIT()
SI_UNIT($,.RADIAN.)
);
#4153=(
LENGTH_UNIT()
NAMED_UNIT(*)
SI_UNIT($,.METRE.)
);
#4154=PRODUCT_DEFINITION_SHAPE('','',#4155);
#4155=PRODUCT_DEFINITION('','',#4157,#4156);
#4156=PRODUCT_DEFINITION_CONTEXT('',#4163,'design');
#4157=PRODUCT_DEFINITION_FORMATION_WITH_SPECIFIED_SOURCE('','',#4159,
 .NOT_KNOWN.);
#4158=PRODUCT_RELATED_PRODUCT_CATEGORY('','',(#4159));
#4159=PRODUCT('BLOCKS_redfilter_clamp_top','BLOCKS_redfilter_clamp_top',
'BLOCKS_redfilter_clamp_top',(#4161));
#4160=PRODUCT_CATEGORY('','');
#4161=PRODUCT_CONTEXT('',#4163,'mechanical');
#4162=APPLICATION_PROTOCOL_DEFINITION('international standard',
'ap242_managed_model_based_3d_engineering',2020,#4163);
#4163=APPLICATION_CONTEXT('managed model based 3d engineering');
ENDSEC;
END-ISO-10303-21;
