ISO-10303-21;
HEADER;
/* Generated by software containing ST-Developer
 * from STEP Tools, Inc. (www.steptools.com) 
 */
/* OPTION: using custom renumber hook */

FILE_DESCRIPTION(
/* description */ ('STEP AP242 Edition 2',
'CAx-IF Rec.Pracs.---Representation and Presentation of Product Manufa
cturing Information (PMI)---4.0---2014-10-13',
'CAx-IF Rec.Pracs.---3D Tessellated Geometry---0.4---2014-09-14','2;1',
'CAx-IF Rec.Pracs.---User Defined Attributes---1.5---2016-08-15'),
/* implementation_level */ '2;1');

FILE_NAME(
/* name */ 'blocks - BLOCKS_f2_block',
/* time_stamp */ '2026-05-09T16:42:54Z',
/* author */ (''),
/* organization */ (''),
/* preprocessor_version */ 'ST-DEVELOPER v20',
/* originating_system */ 'ONSHAPE BY PTC INC, 1.214',
/* authorisation */ '  ');

FILE_SCHEMA (('AP242_MANAGED_MODEL_BASED_3D_ENGINEERING_MIM_LF { 1 0 10303 442 3 1 4 }'));
ENDSEC;

DATA;
#10=SHAPE_REPRESENTATION_RELATIONSHIP('','',#4802,#11);
#11=ADVANCED_BREP_SHAPE_REPRESENTATION('',(#4800),#8934);
#12=(
BOUNDED_SURFACE()
B_SPLINE_SURFACE(3,2,((#8159,#8160,#8161),(#8162,#8163,#8164),(#8165,#8166,
#8167),(#8168,#8169,#8170)),.UNSPECIFIED.,.F.,.F.,.F.)
B_SPLINE_SURFACE_WITH_KNOTS((4,4),(3,3),(5.06518768382137,5.17747122376003),
(0.,1.),.PIECEWISE_BEZIER_KNOTS.)
GEOMETRIC_REPRESENTATION_ITEM()
RATIONAL_B_SPLINE_SURFACE(((1.,0.771901242161394,1.),(1.,0.778211160857682,
1.),(1.,0.784313027930094,1.),(1.,0.790183836719193,1.)))
REPRESENTATION_ITEM('')
SURFACE()
);
#13=(
BOUNDED_SURFACE()
B_SPLINE_SURFACE(3,2,((#8176,#8177,#8178),(#8179,#8180,#8181),(#8182,#8183,
#8184),(#8185,#8186,#8187)),.UNSPECIFIED.,.F.,.F.,.F.)
B_SPLINE_SURFACE_WITH_KNOTS((4,4),(3,3),(0.00120393476643613,0.00221597511585212),
(0.,1.),.PIECEWISE_BEZIER_KNOTS.)
GEOMETRIC_REPRESENTATION_ITEM()
RATIONAL_B_SPLINE_SURFACE(((1.,0.790183836719194,1.),(1.,0.830890609004287,
1.),(1.,0.86066295644758,1.),(1.,0.860662965823871,1.)))
REPRESENTATION_ITEM('')
SURFACE()
);
#14=(
BOUNDED_SURFACE()
B_SPLINE_SURFACE(3,2,((#8211,#8212,#8213),(#8214,#8215,#8216),(#8217,#8218,
#8219),(#8220,#8221,#8222)),.UNSPECIFIED.,.F.,.F.,.F.)
B_SPLINE_SURFACE_WITH_KNOTS((4,4),(3,3),(0.000935036464040847,0.00194616383124397),
(0.,1.),.PIECEWISE_BEZIER_KNOTS.)
GEOMETRIC_REPRESENTATION_ITEM()
RATIONAL_B_SPLINE_SURFACE(((1.,0.860662965823871,1.),(1.,0.860662954759058,
1.),(1.,0.830469947967339,1.),(1.,0.790183836719186,1.)))
REPRESENTATION_ITEM('')
SURFACE()
);
#15=(
BOUNDED_SURFACE()
B_SPLINE_SURFACE(3,2,((#8228,#8229,#8230),(#8231,#8232,#8233),(#8234,#8235,
#8236),(#8237,#8238,#8239)),.UNSPECIFIED.,.F.,.F.,.F.)
B_SPLINE_SURFACE_WITH_KNOTS((4,4),(3,3),(5.06518768382137,5.17747122376003),
(0.,1.),.PIECEWISE_BEZIER_KNOTS.)
GEOMETRIC_REPRESENTATION_ITEM()
RATIONAL_B_SPLINE_SURFACE(((1.,0.771901242161388,1.),(1.,0.77821116086287,
1.),(1.,0.784313027930583,1.),(1.,0.790183836719192,1.)))
REPRESENTATION_ITEM('')
SURFACE()
);
#16=(
BOUNDED_SURFACE()
B_SPLINE_SURFACE(3,2,((#8253,#8254,#8255),(#8256,#8257,#8258),(#8259,#8260,
#8261),(#8262,#8263,#8264)),.UNSPECIFIED.,.F.,.F.,.F.)
B_SPLINE_SURFACE_WITH_KNOTS((4,4),(3,3),(1.95020404192262,2.03587857017024),
(0.,1.),.PIECEWISE_BEZIER_KNOTS.)
GEOMETRIC_REPRESENTATION_ITEM()
RATIONAL_B_SPLINE_SURFACE(((1.,0.776351890936204,1.),(1.,0.781090291150452,
1.),(1.,0.785704295251542,1.),(1.,0.790183836719192,1.)))
REPRESENTATION_ITEM('')
SURFACE()
);
#17=(
BOUNDED_SURFACE()
B_SPLINE_SURFACE(3,2,((#8266,#8267,#8268),(#8269,#8270,#8271),(#8272,#8273,
#8274),(#8275,#8276,#8277)),.UNSPECIFIED.,.F.,.F.,.F.)
B_SPLINE_SURFACE_WITH_KNOTS((4,4),(3,3),(0.000935036464040844,0.001946163831244),
(0.,1.),.PIECEWISE_BEZIER_KNOTS.)
GEOMETRIC_REPRESENTATION_ITEM()
RATIONAL_B_SPLINE_SURFACE(((1.,0.86066296582387,1.),(1.,0.860662954759476,
1.),(1.,0.830469947968687,1.),(1.,0.790183836719178,1.)))
REPRESENTATION_ITEM('')
SURFACE()
);
#18=(
BOUNDED_SURFACE()
B_SPLINE_SURFACE(3,2,((#8307,#8308,#8309),(#8310,#8311,#8312),(#8313,#8314,
#8315),(#8316,#8317,#8318)),.UNSPECIFIED.,.F.,.F.,.F.)
B_SPLINE_SURFACE_WITH_KNOTS((4,4),(3,3),(0.00120393476643606,0.00221597511585225),
(0.,1.),.PIECEWISE_BEZIER_KNOTS.)
GEOMETRIC_REPRESENTATION_ITEM()
RATIONAL_B_SPLINE_SURFACE(((1.,0.790183836719182,1.),(1.,0.830890609008273,
1.),(1.,0.860662956448053,1.),(1.,0.86066296582387,1.)))
REPRESENTATION_ITEM('')
SURFACE()
);
#19=(
BOUNDED_SURFACE()
B_SPLINE_SURFACE(3,2,((#8328,#8329,#8330),(#8331,#8332,#8333),(#8334,#8335,
#8336),(#8337,#8338,#8339)),.UNSPECIFIED.,.F.,.F.,.F.)
B_SPLINE_SURFACE_WITH_KNOTS((4,4),(3,3),(1.95020404192262,2.03587857017023),
(0.,1.),.PIECEWISE_BEZIER_KNOTS.)
GEOMETRIC_REPRESENTATION_ITEM()
RATIONAL_B_SPLINE_SURFACE(((1.,0.77635189093621,1.),(1.,0.781090291146178,
1.),(1.,0.78570429524664,1.),(1.,0.790183836719198,1.)))
REPRESENTATION_ITEM('')
SURFACE()
);
#20=(
BOUNDED_SURFACE()
B_SPLINE_SURFACE(3,2,((#8397,#8398,#8399),(#8400,#8401,#8402),(#8403,#8404,
#8405),(#8406,#8407,#8408),(#8409,#8410,#8411)),.UNSPECIFIED.,.F.,.F.,.F.)
B_SPLINE_SURFACE_WITH_KNOTS((4,1,4),(3,3),(8.4296718910748E-17,0.000639698109897278,
0.00127939621979447),(0.,1.),.UNSPECIFIED.)
GEOMETRIC_REPRESENTATION_ITEM()
RATIONAL_B_SPLINE_SURFACE(((1.,0.707106781186554,1.),(1.,0.707106781186554,
1.),(1.,0.707106781186553,1.),(1.,0.707106781186554,1.),(1.,0.707106781186554,
1.)))
REPRESENTATION_ITEM('')
SURFACE()
);
#21=(
BOUNDED_SURFACE()
B_SPLINE_SURFACE(3,2,((#8427,#8428,#8429),(#8430,#8431,#8432),(#8433,#8434,
#8435),(#8436,#8437,#8438),(#8439,#8440,#8441)),.UNSPECIFIED.,.F.,.F.,.F.)
B_SPLINE_SURFACE_WITH_KNOTS((4,1,4),(3,3),(1.14112278654099E-16,0.00059004730441126,
0.00118009460882241),(0.,1.),.UNSPECIFIED.)
GEOMETRIC_REPRESENTATION_ITEM()
RATIONAL_B_SPLINE_SURFACE(((1.,0.707106781186554,1.),(1.,0.707106781186554,
1.),(1.,0.707106781186554,1.),(1.,0.707106781186554,1.),(1.,0.707106781186554,
1.)))
REPRESENTATION_ITEM('')
SURFACE()
);
#22=(
BOUNDED_SURFACE()
B_SPLINE_SURFACE(3,2,((#8448,#8449,#8450),(#8451,#8452,#8453),(#8454,#8455,
#8456),(#8457,#8458,#8459)),.UNSPECIFIED.,.F.,.F.,.F.)
B_SPLINE_SURFACE_WITH_KNOTS((4,4),(3,3),(8.20198943485284E-17,0.0012582497516924),
(0.,1.),.PIECEWISE_BEZIER_KNOTS.)
GEOMETRIC_REPRESENTATION_ITEM()
RATIONAL_B_SPLINE_SURFACE(((1.,0.707106781186554,1.),(1.,0.707106781186554,
1.),(1.,0.707106781186554,1.),(1.,0.707106781186554,1.)))
REPRESENTATION_ITEM('')
SURFACE()
);
#23=(
BOUNDED_SURFACE()
B_SPLINE_SURFACE(3,2,((#8466,#8467,#8468),(#8469,#8470,#8471),(#8472,#8473,
#8474),(#8475,#8476,#8477),(#8478,#8479,#8480)),.UNSPECIFIED.,.F.,.F.,.F.)
B_SPLINE_SURFACE_WITH_KNOTS((4,1,4),(3,3),(7.2478915230656E-17,0.000845672829597982,
0.00169134565919589),(0.,1.),.UNSPECIFIED.)
GEOMETRIC_REPRESENTATION_ITEM()
RATIONAL_B_SPLINE_SURFACE(((1.,0.707106781186547,1.),(1.,0.707106781186547,
1.),(1.,0.707106781186538,1.),(1.,0.707106781186541,1.),(1.,0.707106781186541,
1.)))
REPRESENTATION_ITEM('')
SURFACE()
);
#24=(
BOUNDED_SURFACE()
B_SPLINE_SURFACE(3,2,((#8482,#8483,#8484),(#8485,#8486,#8487),(#8488,#8489,
#8490),(#8491,#8492,#8493),(#8494,#8495,#8496)),.UNSPECIFIED.,.F.,.F.,.F.)
B_SPLINE_SURFACE_WITH_KNOTS((4,1,4),(3,3),(-5.13369728671886E-17,0.000547693766785165,
0.00109538753357038),(0.,1.),.UNSPECIFIED.)
GEOMETRIC_REPRESENTATION_ITEM()
RATIONAL_B_SPLINE_SURFACE(((1.,0.707106781186548,1.),(1.,0.707106781186548,
1.),(1.,0.707106781186539,1.),(1.,0.707106781186541,1.),(1.,0.707106781186541,
1.)))
REPRESENTATION_ITEM('')
SURFACE()
);
#25=(
BOUNDED_SURFACE()
B_SPLINE_SURFACE(3,2,((#8498,#8499,#8500),(#8501,#8502,#8503),(#8504,#8505,
#8506),(#8507,#8508,#8509)),.UNSPECIFIED.,.F.,.F.,.F.)
B_SPLINE_SURFACE_WITH_KNOTS((4,4),(3,3),(-4.15791533148191E-17,0.00111419327005307),
(0.,1.),.PIECEWISE_BEZIER_KNOTS.)
GEOMETRIC_REPRESENTATION_ITEM()
RATIONAL_B_SPLINE_SURFACE(((1.,0.707106781186554,1.),(1.,0.707106781186554,
1.),(1.,0.707106781186554,1.),(1.,0.707106781186554,1.)))
REPRESENTATION_ITEM('')
SURFACE()
);
#26=(
BOUNDED_SURFACE()
B_SPLINE_SURFACE(3,2,((#8516,#8517,#8518),(#8519,#8520,#8521),(#8522,#8523,
#8524),(#8525,#8526,#8527)),.UNSPECIFIED.,.F.,.F.,.F.)
B_SPLINE_SURFACE_WITH_KNOTS((4,4),(3,3),(1.13841228110978E-18,0.00138233769398412),
(0.,1.),.PIECEWISE_BEZIER_KNOTS.)
GEOMETRIC_REPRESENTATION_ITEM()
RATIONAL_B_SPLINE_SURFACE(((1.,0.707106781186554,1.),(1.,0.707106781186554,
1.),(1.,0.707106781186554,1.),(1.,0.707106781186554,1.)))
REPRESENTATION_ITEM('')
SURFACE()
);
#27=(
BOUNDED_SURFACE()
B_SPLINE_SURFACE(3,2,((#8534,#8535,#8536),(#8537,#8538,#8539),(#8540,#8541,
#8542),(#8543,#8544,#8545)),.UNSPECIFIED.,.F.,.F.,.F.)
B_SPLINE_SURFACE_WITH_KNOTS((4,4),(3,3),(-1.32055824608734E-16,0.00148119471391701),
(0.,1.),.PIECEWISE_BEZIER_KNOTS.)
GEOMETRIC_REPRESENTATION_ITEM()
RATIONAL_B_SPLINE_SURFACE(((1.,0.707106781186547,1.),(1.,0.707106781186547,
1.),(1.,0.707106781186553,1.),(1.,0.707106781186553,1.)))
REPRESENTATION_ITEM('')
SURFACE()
);
#28=(
BOUNDED_SURFACE()
B_SPLINE_SURFACE(3,2,((#8547,#8548,#8549),(#8550,#8551,#8552),(#8553,#8554,
#8555),(#8556,#8557,#8558),(#8559,#8560,#8561)),.UNSPECIFIED.,.F.,.F.,.F.)
B_SPLINE_SURFACE_WITH_KNOTS((4,1,4),(3,3),(1.51788304147971E-18,0.000383110527017,
0.000766221054033998),(0.,1.),.UNSPECIFIED.)
GEOMETRIC_REPRESENTATION_ITEM()
RATIONAL_B_SPLINE_SURFACE(((1.,0.707106781186548,1.),(1.,0.707106781186548,
1.),(1.,0.707106781186535,1.),(1.,0.707106781186548,1.),(1.,0.707106781186548,
1.)))
REPRESENTATION_ITEM('')
SURFACE()
);
#29=(
BOUNDED_SURFACE()
B_SPLINE_SURFACE(3,2,((#8563,#8564,#8565),(#8566,#8567,#8568),(#8569,#8570,
#8571),(#8572,#8573,#8574)),.UNSPECIFIED.,.F.,.F.,.F.)
B_SPLINE_SURFACE_WITH_KNOTS((4,4),(3,3),(-3.25260651745651E-19,0.00100314287219008),
(0.,1.),.PIECEWISE_BEZIER_KNOTS.)
GEOMETRIC_REPRESENTATION_ITEM()
RATIONAL_B_SPLINE_SURFACE(((1.,0.707106781186554,1.),(1.,0.707106781186554,
1.),(1.,0.707106781186554,1.),(1.,0.707106781186554,1.)))
REPRESENTATION_ITEM('')
SURFACE()
);
#30=(
BOUNDED_SURFACE()
B_SPLINE_SURFACE(3,2,((#8581,#8582,#8583),(#8584,#8585,#8586),(#8587,#8588,
#8589),(#8590,#8591,#8592)),.UNSPECIFIED.,.F.,.F.,.F.)
B_SPLINE_SURFACE_WITH_KNOTS((4,4),(3,3),(-3.24176449573166E-17,0.00187760682271229),
(0.,1.),.PIECEWISE_BEZIER_KNOTS.)
GEOMETRIC_REPRESENTATION_ITEM()
RATIONAL_B_SPLINE_SURFACE(((1.,0.707106781186554,1.),(1.,0.707106781186554,
1.),(1.,0.707106781186554,1.),(1.,0.707106781186554,1.)))
REPRESENTATION_ITEM('')
SURFACE()
);
#31=(
BOUNDED_SURFACE()
B_SPLINE_SURFACE(3,2,((#8599,#8600,#8601),(#8602,#8603,#8604),(#8605,#8606,
#8607),(#8608,#8609,#8610)),.UNSPECIFIED.,.F.,.F.,.F.)
B_SPLINE_SURFACE_WITH_KNOTS((4,4),(3,3),(6.46726595887603E-17,0.00158056072861769),
(0.,1.),.PIECEWISE_BEZIER_KNOTS.)
GEOMETRIC_REPRESENTATION_ITEM()
RATIONAL_B_SPLINE_SURFACE(((1.,0.707106781186547,1.),(1.,0.707106781186547,
1.),(1.,0.707106781186548,1.),(1.,0.707106781186548,1.)))
REPRESENTATION_ITEM('')
SURFACE()
);
#32=(
BOUNDED_SURFACE()
B_SPLINE_SURFACE(3,2,((#8612,#8613,#8614),(#8615,#8616,#8617),(#8618,#8619,
#8620),(#8621,#8622,#8623)),.UNSPECIFIED.,.F.,.F.,.F.)
B_SPLINE_SURFACE_WITH_KNOTS((4,4),(3,3),(-9.31329666165048E-17,0.000673408516131187),
(0.,1.),.PIECEWISE_BEZIER_KNOTS.)
GEOMETRIC_REPRESENTATION_ITEM()
RATIONAL_B_SPLINE_SURFACE(((1.,0.707106781186548,1.),(1.,0.707106781186548,
1.),(1.,0.707106781186548,1.),(1.,0.707106781186548,1.)))
REPRESENTATION_ITEM('')
SURFACE()
);
#33=(
BOUNDED_SURFACE()
B_SPLINE_SURFACE(3,2,((#8625,#8626,#8627),(#8628,#8629,#8630),(#8631,#8632,
#8633),(#8634,#8635,#8636)),.UNSPECIFIED.,.F.,.F.,.F.)
B_SPLINE_SURFACE_WITH_KNOTS((4,4),(3,3),(1.90548531814327E-17,0.00103567839382357),
(0.,1.),.PIECEWISE_BEZIER_KNOTS.)
GEOMETRIC_REPRESENTATION_ITEM()
RATIONAL_B_SPLINE_SURFACE(((1.,0.707106781186554,1.),(1.,0.707106781186554,
1.),(1.,0.707106781186554,1.),(1.,0.707106781186554,1.)))
REPRESENTATION_ITEM('')
SURFACE()
);
#34=(
BOUNDED_SURFACE()
B_SPLINE_SURFACE(3,2,((#8643,#8644,#8645),(#8646,#8647,#8648),(#8649,#8650,
#8651),(#8652,#8653,#8654),(#8655,#8656,#8657)),.UNSPECIFIED.,.F.,.F.,.F.)
B_SPLINE_SURFACE_WITH_KNOTS((4,1,4),(3,3),(-2.22044604925031E-16,0.000840099906577858,
0.00168019981315594),(0.,1.),.UNSPECIFIED.)
GEOMETRIC_REPRESENTATION_ITEM()
RATIONAL_B_SPLINE_SURFACE(((1.,0.707106781186554,1.),(1.,0.707106781186554,
1.),(1.,0.707106781186537,1.),(1.,0.707106781186554,1.),(1.,0.707106781186554,
1.)))
REPRESENTATION_ITEM('')
SURFACE()
);
#35=(
BOUNDED_SURFACE()
B_SPLINE_SURFACE(3,2,((#8665,#8666,#8667),(#8668,#8669,#8670),(#8671,#8672,
#8673),(#8674,#8675,#8676)),.UNSPECIFIED.,.F.,.F.,.F.)
B_SPLINE_SURFACE_WITH_KNOTS((4,4),(3,3),(1.95156391047391E-18,0.00217411841864973),
(0.,1.),.PIECEWISE_BEZIER_KNOTS.)
GEOMETRIC_REPRESENTATION_ITEM()
RATIONAL_B_SPLINE_SURFACE(((1.,0.707106781186548,1.),(1.,0.707106781186548,
1.),(1.,0.707106781186572,1.),(1.,0.707106781186572,1.)))
REPRESENTATION_ITEM('')
SURFACE()
);
#36=(
BOUNDED_SURFACE()
B_SPLINE_SURFACE(3,2,((#8678,#8679,#8680),(#8681,#8682,#8683),(#8684,#8685,
#8686),(#8687,#8688,#8689)),.UNSPECIFIED.,.F.,.F.,.F.)
B_SPLINE_SURFACE_WITH_KNOTS((4,4),(3,3),(-1.38777878078145E-17,0.000745251832049618),
(0.,1.),.PIECEWISE_BEZIER_KNOTS.)
GEOMETRIC_REPRESENTATION_ITEM()
RATIONAL_B_SPLINE_SURFACE(((1.,0.707106781186548,1.),(1.,0.707106781186548,
1.),(1.,0.707106781186548,1.),(1.,0.707106781186548,1.)))
REPRESENTATION_ITEM('')
SURFACE()
);
#37=(
BOUNDED_SURFACE()
B_SPLINE_SURFACE(3,2,((#8691,#8692,#8693),(#8694,#8695,#8696),(#8697,#8698,
#8699),(#8700,#8701,#8702)),.UNSPECIFIED.,.F.,.F.,.F.)
B_SPLINE_SURFACE_WITH_KNOTS((4,4),(3,3),(1.79218619111854E-16,0.000966084522289841),
(0.,1.),.PIECEWISE_BEZIER_KNOTS.)
GEOMETRIC_REPRESENTATION_ITEM()
RATIONAL_B_SPLINE_SURFACE(((1.,0.707106781186554,1.),(1.,0.707106781186554,
1.),(1.,0.707106781186554,1.),(1.,0.707106781186554,1.)))
REPRESENTATION_ITEM('')
SURFACE()
);
#38=(
BOUNDED_SURFACE()
B_SPLINE_SURFACE(3,2,((#8709,#8710,#8711),(#8712,#8713,#8714),(#8715,#8716,
#8717),(#8718,#8719,#8720)),.UNSPECIFIED.,.F.,.F.,.F.)
B_SPLINE_SURFACE_WITH_KNOTS((4,4),(3,3),(-1.5558301175167E-17,0.00115087009702581),
(0.,1.),.PIECEWISE_BEZIER_KNOTS.)
GEOMETRIC_REPRESENTATION_ITEM()
RATIONAL_B_SPLINE_SURFACE(((1.,0.707106781186543,1.),(1.,0.707106781186543,
1.),(1.,0.707106781186554,1.),(1.,0.707106781186554,1.)))
REPRESENTATION_ITEM('')
SURFACE()
);
#39=(
BOUNDED_SURFACE()
B_SPLINE_SURFACE(3,2,((#8727,#8728,#8729),(#8730,#8731,#8732),(#8733,#8734,
#8735),(#8736,#8737,#8738)),.UNSPECIFIED.,.F.,.F.,.F.)
B_SPLINE_SURFACE_WITH_KNOTS((4,4),(3,3),(6.50521303491303E-17,0.00200581371286996),
(0.,1.),.PIECEWISE_BEZIER_KNOTS.)
GEOMETRIC_REPRESENTATION_ITEM()
RATIONAL_B_SPLINE_SURFACE(((1.,0.707106781186566,1.),(1.,0.707106781186566,
1.),(1.,0.707106781186548,1.),(1.,0.707106781186548,1.)))
REPRESENTATION_ITEM('')
SURFACE()
);
#40=(
BOUNDED_SURFACE()
B_SPLINE_SURFACE(3,2,((#8740,#8741,#8742),(#8743,#8744,#8745),(#8746,#8747,
#8748),(#8749,#8750,#8751)),.UNSPECIFIED.,.F.,.F.,.F.)
B_SPLINE_SURFACE_WITH_KNOTS((4,4),(3,3),(1.18720137887163E-17,0.000754139204617521),
(0.,1.),.PIECEWISE_BEZIER_KNOTS.)
GEOMETRIC_REPRESENTATION_ITEM()
RATIONAL_B_SPLINE_SURFACE(((1.,0.707106781186548,1.),(1.,0.707106781186548,
1.),(1.,0.707106781186554,1.),(1.,0.707106781186554,1.)))
REPRESENTATION_ITEM('')
SURFACE()
);
#41=(
BOUNDED_SURFACE()
B_SPLINE_SURFACE(3,2,((#8753,#8754,#8755),(#8756,#8757,#8758),(#8759,#8760,
#8761),(#8762,#8763,#8764)),.UNSPECIFIED.,.F.,.F.,.F.)
B_SPLINE_SURFACE_WITH_KNOTS((4,4),(3,3),(2.53703308361608E-17,0.00132245629164536),
(0.,1.),.PIECEWISE_BEZIER_KNOTS.)
GEOMETRIC_REPRESENTATION_ITEM()
RATIONAL_B_SPLINE_SURFACE(((1.,0.707106781186554,1.),(1.,0.707106781186554,
1.),(1.,0.70710678118657,1.),(1.,0.70710678118657,1.)))
REPRESENTATION_ITEM('')
SURFACE()
);
#42=(
BOUNDED_SURFACE()
B_SPLINE_SURFACE(3,2,((#8774,#8775,#8776),(#8777,#8778,#8779),(#8780,#8781,
#8782),(#8783,#8784,#8785)),.UNSPECIFIED.,.F.,.F.,.F.)
B_SPLINE_SURFACE_WITH_KNOTS((4,4),(3,3),(1.27014284506677E-16,0.00171506562907667),
(0.,1.),.PIECEWISE_BEZIER_KNOTS.)
GEOMETRIC_REPRESENTATION_ITEM()
RATIONAL_B_SPLINE_SURFACE(((1.,0.707106781186543,1.),(1.,0.707106781186543,
1.),(1.,0.707106781186554,1.),(1.,0.707106781186554,1.)))
REPRESENTATION_ITEM('')
SURFACE()
);
#43=(
BOUNDED_SURFACE()
B_SPLINE_SURFACE(3,2,((#8795,#8796,#8797),(#8798,#8799,#8800),(#8801,#8802,
#8803),(#8804,#8805,#8806)),.UNSPECIFIED.,.F.,.F.,.F.)
B_SPLINE_SURFACE_WITH_KNOTS((4,4),(3,3),(1.52276195125589E-16,0.00133624674729476),
(0.,1.),.PIECEWISE_BEZIER_KNOTS.)
GEOMETRIC_REPRESENTATION_ITEM()
RATIONAL_B_SPLINE_SURFACE(((1.,0.707106781186548,1.),(1.,0.707106781186548,
1.),(1.,0.707106781186563,1.),(1.,0.707106781186563,1.)))
REPRESENTATION_ITEM('')
SURFACE()
);
#44=(
BOUNDED_SURFACE()
B_SPLINE_SURFACE(3,2,((#8808,#8809,#8810),(#8811,#8812,#8813),(#8814,#8815,
#8816),(#8817,#8818,#8819)),.UNSPECIFIED.,.F.,.F.,.F.)
B_SPLINE_SURFACE_WITH_KNOTS((4,4),(3,3),(2.29850860566927E-17,0.00123710794305741),
(0.,1.),.PIECEWISE_BEZIER_KNOTS.)
GEOMETRIC_REPRESENTATION_ITEM()
RATIONAL_B_SPLINE_SURFACE(((1.,0.707106781186548,1.),(1.,0.707106781186548,
1.),(1.,0.707106781186541,1.),(1.,0.707106781186541,1.)))
REPRESENTATION_ITEM('')
SURFACE()
);
#45=(
BOUNDED_SURFACE()
B_SPLINE_SURFACE(3,2,((#8832,#8833,#8834),(#8835,#8836,#8837),(#8838,#8839,
#8840),(#8841,#8842,#8843)),.UNSPECIFIED.,.F.,.F.,.F.)
B_SPLINE_SURFACE_WITH_KNOTS((4,4),(3,3),(1.01210272801522E-16,0.00182839630185144),
(0.,1.),.PIECEWISE_BEZIER_KNOTS.)
GEOMETRIC_REPRESENTATION_ITEM()
RATIONAL_B_SPLINE_SURFACE(((1.,0.707106781186557,1.),(1.,0.707106781186557,
1.),(1.,0.707106781186541,1.),(1.,0.707106781186541,1.)))
REPRESENTATION_ITEM('')
SURFACE()
);
#46=SPHERICAL_SURFACE('',#5209,0.0005);
#47=SPHERICAL_SURFACE('',#5221,0.0005);
#48=SPHERICAL_SURFACE('',#5238,0.0005);
#49=SPHERICAL_SURFACE('',#5252,0.0005);
#50=SPHERICAL_SURFACE('',#5254,0.0005);
#51=SPHERICAL_SURFACE('',#5256,0.0005);
#52=SPHERICAL_SURFACE('',#5277,0.0005);
#53=SPHERICAL_SURFACE('',#5281,0.0005);
#54=SPHERICAL_SURFACE('',#5297,0.0005);
#55=SPHERICAL_SURFACE('',#5311,0.0005);
#56=TOROIDAL_SURFACE('',#5057,0.001,0.0005);
#57=TOROIDAL_SURFACE('',#5062,0.003125,0.0005);
#58=TOROIDAL_SURFACE('',#5064,0.003,0.0005);
#59=TOROIDAL_SURFACE('',#5066,0.001,0.0005);
#60=TOROIDAL_SURFACE('',#5072,0.001,0.0005);
#61=TOROIDAL_SURFACE('',#5074,0.0075,0.0005);
#62=TOROIDAL_SURFACE('',#5076,0.003125,0.0005);
#63=TOROIDAL_SURFACE('',#5080,0.001,0.0005);
#64=TOROIDAL_SURFACE('',#5081,0.001,0.0005);
#65=TOROIDAL_SURFACE('',#5086,0.003125,0.0005);
#66=TOROIDAL_SURFACE('',#5088,0.003,0.0005);
#67=TOROIDAL_SURFACE('',#5090,0.001,0.0005);
#68=TOROIDAL_SURFACE('',#5096,0.001,0.0005);
#69=TOROIDAL_SURFACE('',#5098,0.0075,0.0005);
#70=TOROIDAL_SURFACE('',#5100,0.003125,0.0005);
#71=TOROIDAL_SURFACE('',#5104,0.001,0.0005);
#72=TOROIDAL_SURFACE('',#5105,0.0095,0.0005);
#73=TOROIDAL_SURFACE('',#5112,0.0095,0.0005);
#74=TOROIDAL_SURFACE('',#5114,0.0095,0.0005);
#75=TOROIDAL_SURFACE('',#5120,0.0095,0.0005);
#76=TOROIDAL_SURFACE('',#5121,0.012,0.0005);
#77=TOROIDAL_SURFACE('',#5122,0.012,0.0005);
#78=TOROIDAL_SURFACE('',#5123,0.002125,0.0005);
#79=TOROIDAL_SURFACE('',#5124,0.002125,0.0005);
#80=TOROIDAL_SURFACE('',#5125,0.002125,0.0005);
#81=TOROIDAL_SURFACE('',#5126,0.002125,0.0005);
#82=TOROIDAL_SURFACE('',#5127,0.0095,0.0005);
#83=TOROIDAL_SURFACE('',#5134,0.0095,0.0005);
#84=TOROIDAL_SURFACE('',#5136,0.0095,0.0005);
#85=TOROIDAL_SURFACE('',#5142,0.0095,0.0005);
#86=TOROIDAL_SURFACE('',#5146,0.0005,0.0005);
#87=TOROIDAL_SURFACE('',#5148,0.0005,0.0005);
#88=TOROIDAL_SURFACE('',#5154,0.0005,0.0005);
#89=TOROIDAL_SURFACE('',#5156,0.0005,0.0005);
#90=TOROIDAL_SURFACE('',#5162,0.0005,0.0005);
#91=TOROIDAL_SURFACE('',#5164,0.0005,0.0005);
#92=TOROIDAL_SURFACE('',#5170,0.0005,0.0005);
#93=TOROIDAL_SURFACE('',#5172,0.0005,0.0005);
#94=TOROIDAL_SURFACE('',#5178,0.0005,0.0005);
#95=TOROIDAL_SURFACE('',#5180,0.0005,0.0005);
#96=TOROIDAL_SURFACE('',#5186,0.0005,0.0005);
#97=TOROIDAL_SURFACE('',#5188,0.0005,0.0005);
#98=TOROIDAL_SURFACE('',#5194,0.0005,0.0005);
#99=TOROIDAL_SURFACE('',#5196,0.0005,0.0005);
#100=TOROIDAL_SURFACE('',#5202,0.0005,0.0005);
#101=TOROIDAL_SURFACE('',#5204,0.0005,0.0005);
#102=TOROIDAL_SURFACE('',#5223,0.001,0.0005);
#103=TOROIDAL_SURFACE('',#5236,0.001,0.0005);
#104=TOROIDAL_SURFACE('',#5271,0.0135,0.0005);
#105=TOROIDAL_SURFACE('',#5279,0.001,0.0005);
#106=TOROIDAL_SURFACE('',#5283,0.0025,0.0005);
#107=TOROIDAL_SURFACE('',#5299,0.001,0.0005);
#108=TOROIDAL_SURFACE('',#5301,0.001,0.0005);
#109=TOROIDAL_SURFACE('',#5303,0.0135,0.0005);
#110=TOROIDAL_SURFACE('',#5313,0.001,0.0005);
#111=TOROIDAL_SURFACE('',#5316,0.002125,0.0005);
#112=TOROIDAL_SURFACE('',#5317,0.002125,0.0005);
#113=ELLIPSE('',#4892,0.0158113883008419,0.013);
#114=ELLIPSE('',#4893,0.0158113883008419,0.013);
#115=ELLIPSE('',#4898,0.0158113883008419,0.013);
#116=ELLIPSE('',#4899,0.0158113883008419,0.013);
#117=ELLIPSE('',#5011,0.0162249807395879,0.0135);
#118=ELLIPSE('',#5013,0.0162249807395879,0.0135);
#119=ELLIPSE('',#5017,0.0162249807395879,0.0135);
#120=ELLIPSE('',#5020,0.0162249807395879,0.0135);
#121=ELLIPSE('',#5319,0.000577350269189626,0.0005);
#122=ELLIPSE('',#5320,0.000577350269189626,0.0005);
#123=ELLIPSE('',#5322,0.000577350269189626,0.0005);
#124=ELLIPSE('',#5324,0.000577350269189626,0.0005);
#125=ELLIPSE('',#5326,0.000577350269189626,0.0005);
#126=ELLIPSE('',#5328,0.000577350269189626,0.0005);
#127=ELLIPSE('',#5355,0.000215085426864511,0.0002);
#128=ELLIPSE('',#5357,0.000506282273264635,0.0002);
#129=ELLIPSE('',#5359,0.000215085426864511,0.0002);
#130=ELLIPSE('',#5361,0.000282842712474619,0.0002);
#131=ELLIPSE('',#5363,0.000282842712474619,0.0002);
#132=ELLIPSE('',#5365,0.000506282273264635,0.0002);
#133=ELLIPSE('',#5367,0.000282842712474619,0.0002);
#134=ELLIPSE('',#5369,0.000282842712474619,0.0002);
#135=ELLIPSE('',#5372,0.000282842712474619,0.0002);
#136=ELLIPSE('',#5374,0.000282842712474619,0.0002);
#137=ELLIPSE('',#5377,0.000282842712474619,0.0002);
#138=ELLIPSE('',#5378,0.000282842712474619,0.0002);
#139=ELLIPSE('',#5380,0.000282842712474619,0.0002);
#140=ELLIPSE('',#5382,0.000282842712474619,0.0002);
#141=ELLIPSE('',#5383,0.000282842712474619,0.0002);
#142=ELLIPSE('',#5385,0.000282842712474619,0.0002);
#143=ELLIPSE('',#5387,0.000282842712474619,0.0002);
#144=ELLIPSE('',#5389,0.000282842712474619,0.0002);
#145=ELLIPSE('',#5391,0.000282842712474619,0.0002);
#146=ELLIPSE('',#5393,0.000282842712474619,0.0002);
#147=ELLIPSE('',#5395,0.000282842712474619,0.0002);
#148=ELLIPSE('',#5397,0.000282842712474619,0.0002);
#149=ELLIPSE('',#5399,0.000282842712474619,0.0002);
#150=ELLIPSE('',#5401,0.000282842712474619,0.0002);
#151=ELLIPSE('',#5403,0.000282842712474619,0.0002);
#152=ELLIPSE('',#5405,0.000282842712474619,0.0002);
#153=ELLIPSE('',#5407,0.000282842712474619,0.0002);
#154=ELLIPSE('',#5409,0.000282842712474619,0.0002);
#155=ELLIPSE('',#5412,0.000282842712474619,0.0002);
#156=ELLIPSE('',#5414,0.000282842712474619,0.0002);
#157=CYLINDRICAL_SURFACE('',#4836,0.0115);
#158=CYLINDRICAL_SURFACE('',#4867,0.01);
#159=CYLINDRICAL_SURFACE('',#4871,0.01);
#160=CYLINDRICAL_SURFACE('',#4875,0.01);
#161=CYLINDRICAL_SURFACE('',#4880,0.01);
#162=CYLINDRICAL_SURFACE('',#4883,0.001625);
#163=CYLINDRICAL_SURFACE('',#4886,0.001625);
#164=CYLINDRICAL_SURFACE('',#4889,0.013);
#165=CYLINDRICAL_SURFACE('',#4896,0.013);
#166=CYLINDRICAL_SURFACE('',#4904,0.003625);
#167=CYLINDRICAL_SURFACE('',#4907,0.0005);
#168=CYLINDRICAL_SURFACE('',#4911,0.007);
#169=CYLINDRICAL_SURFACE('',#4915,0.0005);
#170=CYLINDRICAL_SURFACE('',#4918,0.003625);
#171=CYLINDRICAL_SURFACE('',#4921,0.0005);
#172=CYLINDRICAL_SURFACE('',#4925,0.0035);
#173=CYLINDRICAL_SURFACE('',#4929,0.0005);
#174=CYLINDRICAL_SURFACE('',#4933,0.003625);
#175=CYLINDRICAL_SURFACE('',#4936,0.0005);
#176=CYLINDRICAL_SURFACE('',#4940,0.0035);
#177=CYLINDRICAL_SURFACE('',#4944,0.0005);
#178=CYLINDRICAL_SURFACE('',#4947,0.003625);
#179=CYLINDRICAL_SURFACE('',#4950,0.0005);
#180=CYLINDRICAL_SURFACE('',#4954,0.007);
#181=CYLINDRICAL_SURFACE('',#4958,0.0005);
#182=CYLINDRICAL_SURFACE('',#5006,0.001625);
#183=CYLINDRICAL_SURFACE('',#5023,0.002);
#184=CYLINDRICAL_SURFACE('',#5025,0.001);
#185=CYLINDRICAL_SURFACE('',#5027,0.001);
#186=CYLINDRICAL_SURFACE('',#5029,0.001);
#187=CYLINDRICAL_SURFACE('',#5031,0.001);
#188=CYLINDRICAL_SURFACE('',#5033,0.001);
#189=CYLINDRICAL_SURFACE('',#5035,0.001);
#190=CYLINDRICAL_SURFACE('',#5037,0.001);
#191=CYLINDRICAL_SURFACE('',#5039,0.001);
#192=CYLINDRICAL_SURFACE('',#5041,0.001);
#193=CYLINDRICAL_SURFACE('',#5043,0.001);
#194=CYLINDRICAL_SURFACE('',#5045,0.001);
#195=CYLINDRICAL_SURFACE('',#5047,0.001);
#196=CYLINDRICAL_SURFACE('',#5049,0.001);
#197=CYLINDRICAL_SURFACE('',#5051,0.001);
#198=CYLINDRICAL_SURFACE('',#5053,0.001);
#199=CYLINDRICAL_SURFACE('',#5055,0.001);
#200=CYLINDRICAL_SURFACE('',#5060,0.0005);
#201=CYLINDRICAL_SURFACE('',#5068,0.0005);
#202=CYLINDRICAL_SURFACE('',#5070,0.0005);
#203=CYLINDRICAL_SURFACE('',#5078,0.0005);
#204=CYLINDRICAL_SURFACE('',#5084,0.0005);
#205=CYLINDRICAL_SURFACE('',#5092,0.0005);
#206=CYLINDRICAL_SURFACE('',#5094,0.0005);
#207=CYLINDRICAL_SURFACE('',#5102,0.0005);
#208=CYLINDRICAL_SURFACE('',#5108,0.0005);
#209=CYLINDRICAL_SURFACE('',#5110,0.0005);
#210=CYLINDRICAL_SURFACE('',#5116,0.0005);
#211=CYLINDRICAL_SURFACE('',#5118,0.0005);
#212=CYLINDRICAL_SURFACE('',#5130,0.0005);
#213=CYLINDRICAL_SURFACE('',#5132,0.0005);
#214=CYLINDRICAL_SURFACE('',#5138,0.0005);
#215=CYLINDRICAL_SURFACE('',#5140,0.0005);
#216=CYLINDRICAL_SURFACE('',#5143,0.0005);
#217=CYLINDRICAL_SURFACE('',#5150,0.0005);
#218=CYLINDRICAL_SURFACE('',#5152,0.0005);
#219=CYLINDRICAL_SURFACE('',#5158,0.0005);
#220=CYLINDRICAL_SURFACE('',#5159,0.0005);
#221=CYLINDRICAL_SURFACE('',#5166,0.0005);
#222=CYLINDRICAL_SURFACE('',#5168,0.0005);
#223=CYLINDRICAL_SURFACE('',#5174,0.0005);
#224=CYLINDRICAL_SURFACE('',#5175,0.0005);
#225=CYLINDRICAL_SURFACE('',#5182,0.0005);
#226=CYLINDRICAL_SURFACE('',#5184,0.0005);
#227=CYLINDRICAL_SURFACE('',#5190,0.0005);
#228=CYLINDRICAL_SURFACE('',#5191,0.0005);
#229=CYLINDRICAL_SURFACE('',#5198,0.0005);
#230=CYLINDRICAL_SURFACE('',#5200,0.0005);
#231=CYLINDRICAL_SURFACE('',#5206,0.0005);
#232=CYLINDRICAL_SURFACE('',#5207,0.0005);
#233=CYLINDRICAL_SURFACE('',#5212,0.0005);
#234=CYLINDRICAL_SURFACE('',#5214,0.0005);
#235=CYLINDRICAL_SURFACE('',#5216,0.0005);
#236=CYLINDRICAL_SURFACE('',#5218,0.0005);
#237=CYLINDRICAL_SURFACE('',#5226,0.0005);
#238=CYLINDRICAL_SURFACE('',#5228,0.0005);
#239=CYLINDRICAL_SURFACE('',#5230,0.0005);
#240=CYLINDRICAL_SURFACE('',#5232,0.0005);
#241=CYLINDRICAL_SURFACE('',#5234,0.0005);
#242=CYLINDRICAL_SURFACE('',#5242,0.0005);
#243=CYLINDRICAL_SURFACE('',#5244,0.0005);
#244=CYLINDRICAL_SURFACE('',#5246,0.0005);
#245=CYLINDRICAL_SURFACE('',#5248,0.0005);
#246=CYLINDRICAL_SURFACE('',#5259,0.0005);
#247=CYLINDRICAL_SURFACE('',#5261,0.0005);
#248=CYLINDRICAL_SURFACE('',#5263,0.0005);
#249=CYLINDRICAL_SURFACE('',#5265,0.0005);
#250=CYLINDRICAL_SURFACE('',#5267,0.0005);
#251=CYLINDRICAL_SURFACE('',#5269,0.0005);
#252=CYLINDRICAL_SURFACE('',#5274,0.0005);
#253=CYLINDRICAL_SURFACE('',#5286,0.0005);
#254=CYLINDRICAL_SURFACE('',#5289,0.0005);
#255=CYLINDRICAL_SURFACE('',#5291,0.0005);
#256=CYLINDRICAL_SURFACE('',#5293,0.0005);
#257=CYLINDRICAL_SURFACE('',#5295,0.0005);
#258=CYLINDRICAL_SURFACE('',#5305,0.0005);
#259=CYLINDRICAL_SURFACE('',#5307,0.0005);
#260=CYLINDRICAL_SURFACE('',#5309,0.0005);
#261=CYLINDRICAL_SURFACE('',#5315,0.0005);
#262=CYLINDRICAL_SURFACE('',#5318,0.0005);
#263=CYLINDRICAL_SURFACE('',#5321,0.0005);
#264=CYLINDRICAL_SURFACE('',#5323,0.0005);
#265=CYLINDRICAL_SURFACE('',#5325,0.0005);
#266=CYLINDRICAL_SURFACE('',#5327,0.0005);
#267=CYLINDRICAL_SURFACE('',#5329,0.0005);
#268=CYLINDRICAL_SURFACE('',#5330,0.0002);
#269=CYLINDRICAL_SURFACE('',#5332,0.0002);
#270=CYLINDRICAL_SURFACE('',#5354,0.0002);
#271=CYLINDRICAL_SURFACE('',#5356,0.0002);
#272=CYLINDRICAL_SURFACE('',#5358,0.0002);
#273=CYLINDRICAL_SURFACE('',#5360,0.0002);
#274=CYLINDRICAL_SURFACE('',#5362,0.0002);
#275=CYLINDRICAL_SURFACE('',#5364,0.0002);
#276=CYLINDRICAL_SURFACE('',#5366,0.0002);
#277=CYLINDRICAL_SURFACE('',#5368,0.0002);
#278=CYLINDRICAL_SURFACE('',#5370,0.0002);
#279=CYLINDRICAL_SURFACE('',#5371,0.0002);
#280=CYLINDRICAL_SURFACE('',#5373,0.0002);
#281=CYLINDRICAL_SURFACE('',#5375,0.0002);
#282=CYLINDRICAL_SURFACE('',#5376,0.0002);
#283=CYLINDRICAL_SURFACE('',#5379,0.0002);
#284=CYLINDRICAL_SURFACE('',#5381,0.0002);
#285=CYLINDRICAL_SURFACE('',#5384,0.0002);
#286=CYLINDRICAL_SURFACE('',#5386,0.0002);
#287=CYLINDRICAL_SURFACE('',#5388,0.0002);
#288=CYLINDRICAL_SURFACE('',#5390,0.0002);
#289=CYLINDRICAL_SURFACE('',#5392,0.0002);
#290=CYLINDRICAL_SURFACE('',#5394,0.0002);
#291=CYLINDRICAL_SURFACE('',#5396,0.0002);
#292=CYLINDRICAL_SURFACE('',#5398,0.0002);
#293=CYLINDRICAL_SURFACE('',#5400,0.0002);
#294=CYLINDRICAL_SURFACE('',#5402,0.0002);
#295=CYLINDRICAL_SURFACE('',#5404,0.0002);
#296=CYLINDRICAL_SURFACE('',#5406,0.0002);
#297=CYLINDRICAL_SURFACE('',#5408,0.0002);
#298=CYLINDRICAL_SURFACE('',#5410,0.0002);
#299=CYLINDRICAL_SURFACE('',#5411,0.0002);
#300=CYLINDRICAL_SURFACE('',#5413,0.0002);
#301=CYLINDRICAL_SURFACE('',#5415,0.0002);
#302=CIRCLE('',#4808,0.001);
#303=CIRCLE('',#4809,0.001);
#304=CIRCLE('',#4810,0.001);
#305=CIRCLE('',#4811,0.001);
#306=CIRCLE('',#4813,0.001);
#307=CIRCLE('',#4814,0.003125);
#308=CIRCLE('',#4815,0.001);
#309=CIRCLE('',#4816,0.003);
#310=CIRCLE('',#4817,0.001);
#311=CIRCLE('',#4818,0.003125);
#312=CIRCLE('',#4819,0.001);
#313=CIRCLE('',#4820,0.0075);
#314=CIRCLE('',#4821,0.001);
#315=CIRCLE('',#4822,0.003125);
#316=CIRCLE('',#4823,0.001);
#317=CIRCLE('',#4824,0.003);
#318=CIRCLE('',#4825,0.001);
#319=CIRCLE('',#4826,0.003125);
#320=CIRCLE('',#4827,0.001);
#321=CIRCLE('',#4828,0.0075);
#322=CIRCLE('',#4829,0.0095);
#323=CIRCLE('',#4830,0.0095);
#324=CIRCLE('',#4831,0.0095);
#325=CIRCLE('',#4832,0.0095);
#326=CIRCLE('',#4833,0.012);
#327=CIRCLE('',#4834,0.002125);
#328=CIRCLE('',#4835,0.002125);
#329=CIRCLE('',#4837,0.0115);
#330=CIRCLE('',#4838,0.0115);
#331=CIRCLE('',#4840,0.002125);
#332=CIRCLE('',#4841,0.002125);
#333=CIRCLE('',#4842,0.0095);
#334=CIRCLE('',#4843,0.0095);
#335=CIRCLE('',#4844,0.0095);
#336=CIRCLE('',#4845,0.0095);
#337=CIRCLE('',#4846,0.001);
#338=CIRCLE('',#4847,0.0135);
#339=CIRCLE('',#4848,0.0025);
#340=CIRCLE('',#4849,0.0135);
#341=CIRCLE('',#4850,0.001);
#342=CIRCLE('',#4851,0.001);
#343=CIRCLE('',#4852,0.001);
#344=CIRCLE('',#4853,0.001);
#345=CIRCLE('',#4854,0.001);
#346=CIRCLE('',#4855,0.001);
#347=CIRCLE('',#4856,0.001);
#348=CIRCLE('',#4857,0.001);
#349=CIRCLE('',#4858,0.001);
#350=CIRCLE('',#4859,0.001);
#351=CIRCLE('',#4860,0.001);
#352=CIRCLE('',#4861,0.001);
#353=CIRCLE('',#4862,0.001);
#354=CIRCLE('',#4863,0.001);
#355=CIRCLE('',#4864,0.001);
#356=CIRCLE('',#4865,0.001);
#357=CIRCLE('',#4866,0.001);
#358=CIRCLE('',#4868,0.01);
#359=CIRCLE('',#4869,0.01);
#360=CIRCLE('',#4872,0.01);
#361=CIRCLE('',#4873,0.01);
#362=CIRCLE('',#4876,0.01);
#363=CIRCLE('',#4877,0.01);
#364=CIRCLE('',#4879,0.002125);
#365=CIRCLE('',#4881,0.01);
#366=CIRCLE('',#4882,0.01);
#367=CIRCLE('',#4884,0.001625);
#368=CIRCLE('',#4885,0.001625);
#369=CIRCLE('',#4887,0.001625);
#370=CIRCLE('',#4888,0.001625);
#371=CIRCLE('',#4890,0.013);
#372=CIRCLE('',#4891,0.013);
#373=CIRCLE('',#4897,0.013);
#374=CIRCLE('',#4900,0.013);
#375=CIRCLE('',#4902,0.012);
#376=CIRCLE('',#4903,0.002);
#377=CIRCLE('',#4905,0.003625);
#378=CIRCLE('',#4906,0.003625);
#379=CIRCLE('',#4908,0.0005);
#380=CIRCLE('',#4909,0.0005);
#381=CIRCLE('',#4912,0.007);
#382=CIRCLE('',#4913,0.007);
#383=CIRCLE('',#4916,0.0005);
#384=CIRCLE('',#4917,0.0005);
#385=CIRCLE('',#4919,0.003625);
#386=CIRCLE('',#4920,0.003625);
#387=CIRCLE('',#4922,0.0005);
#388=CIRCLE('',#4923,0.0005);
#389=CIRCLE('',#4926,0.0035);
#390=CIRCLE('',#4927,0.0035);
#391=CIRCLE('',#4930,0.0005);
#392=CIRCLE('',#4931,0.0005);
#393=CIRCLE('',#4934,0.003625);
#394=CIRCLE('',#4935,0.003625);
#395=CIRCLE('',#4937,0.0005);
#396=CIRCLE('',#4938,0.0005);
#397=CIRCLE('',#4941,0.0035);
#398=CIRCLE('',#4942,0.0035);
#399=CIRCLE('',#4945,0.0005);
#400=CIRCLE('',#4946,0.0005);
#401=CIRCLE('',#4948,0.003625);
#402=CIRCLE('',#4949,0.003625);
#403=CIRCLE('',#4951,0.0005);
#404=CIRCLE('',#4952,0.0005);
#405=CIRCLE('',#4955,0.007);
#406=CIRCLE('',#4956,0.007);
#407=CIRCLE('',#4959,0.0005);
#408=CIRCLE('',#4960,0.0005);
#409=CIRCLE('',#4967,0.0005);
#410=CIRCLE('',#4968,0.0005);
#411=CIRCLE('',#4969,0.0005);
#412=CIRCLE('',#4970,0.0005);
#413=CIRCLE('',#4976,0.0005);
#414=CIRCLE('',#4977,0.0005);
#415=CIRCLE('',#4978,0.0005);
#416=CIRCLE('',#4979,0.0005);
#417=CIRCLE('',#4985,0.0005);
#418=CIRCLE('',#4986,0.0005);
#419=CIRCLE('',#4987,0.0005);
#420=CIRCLE('',#4988,0.0005);
#421=CIRCLE('',#4994,0.0005);
#422=CIRCLE('',#4995,0.0005);
#423=CIRCLE('',#4996,0.0005);
#424=CIRCLE('',#4997,0.0005);
#425=CIRCLE('',#5005,0.002125);
#426=CIRCLE('',#5007,0.001625);
#427=CIRCLE('',#5008,0.001625);
#428=CIRCLE('',#5024,0.002);
#429=CIRCLE('',#5026,0.001);
#430=CIRCLE('',#5028,0.001);
#431=CIRCLE('',#5030,0.001);
#432=CIRCLE('',#5032,0.001);
#433=CIRCLE('',#5034,0.001);
#434=CIRCLE('',#5036,0.001);
#435=CIRCLE('',#5038,0.001);
#436=CIRCLE('',#5040,0.001);
#437=CIRCLE('',#5042,0.001);
#438=CIRCLE('',#5044,0.001);
#439=CIRCLE('',#5046,0.001);
#440=CIRCLE('',#5048,0.001);
#441=CIRCLE('',#5050,0.001);
#442=CIRCLE('',#5052,0.001);
#443=CIRCLE('',#5054,0.001);
#444=CIRCLE('',#5056,0.001);
#445=CIRCLE('',#5058,0.0005);
#446=CIRCLE('',#5059,0.0005);
#447=CIRCLE('',#5061,0.0005);
#448=CIRCLE('',#5063,0.0005);
#449=CIRCLE('',#5065,0.0005);
#450=CIRCLE('',#5067,0.0005);
#451=CIRCLE('',#5069,0.0005);
#452=CIRCLE('',#5071,0.0005);
#453=CIRCLE('',#5073,0.0005);
#454=CIRCLE('',#5075,0.0005);
#455=CIRCLE('',#5077,0.0005);
#456=CIRCLE('',#5079,0.0005);
#457=CIRCLE('',#5082,0.0005);
#458=CIRCLE('',#5083,0.0005);
#459=CIRCLE('',#5085,0.0005);
#460=CIRCLE('',#5087,0.0005);
#461=CIRCLE('',#5089,0.0005);
#462=CIRCLE('',#5091,0.0005);
#463=CIRCLE('',#5093,0.0005);
#464=CIRCLE('',#5095,0.0005);
#465=CIRCLE('',#5097,0.0005);
#466=CIRCLE('',#5099,0.0005);
#467=CIRCLE('',#5101,0.0005);
#468=CIRCLE('',#5103,0.0005);
#469=CIRCLE('',#5106,0.0005);
#470=CIRCLE('',#5107,0.0005);
#471=CIRCLE('',#5109,0.0005);
#472=CIRCLE('',#5111,0.0005);
#473=CIRCLE('',#5113,0.0005);
#474=CIRCLE('',#5115,0.0005);
#475=CIRCLE('',#5117,0.0005);
#476=CIRCLE('',#5119,0.0005);
#477=CIRCLE('',#5128,0.0005);
#478=CIRCLE('',#5129,0.0005);
#479=CIRCLE('',#5131,0.0005);
#480=CIRCLE('',#5133,0.0005);
#481=CIRCLE('',#5135,0.0005);
#482=CIRCLE('',#5137,0.0005);
#483=CIRCLE('',#5139,0.0005);
#484=CIRCLE('',#5141,0.0005);
#485=CIRCLE('',#5144,0.0005);
#486=CIRCLE('',#5145,0.0005);
#487=CIRCLE('',#5147,0.0005);
#488=CIRCLE('',#5149,0.0005);
#489=CIRCLE('',#5151,0.0005);
#490=CIRCLE('',#5153,0.0005);
#491=CIRCLE('',#5155,0.0005);
#492=CIRCLE('',#5157,0.0005);
#493=CIRCLE('',#5160,0.0005);
#494=CIRCLE('',#5161,0.0005);
#495=CIRCLE('',#5163,0.0005);
#496=CIRCLE('',#5165,0.0005);
#497=CIRCLE('',#5167,0.0005);
#498=CIRCLE('',#5169,0.0005);
#499=CIRCLE('',#5171,0.0005);
#500=CIRCLE('',#5173,0.0005);
#501=CIRCLE('',#5176,0.0005);
#502=CIRCLE('',#5177,0.0005);
#503=CIRCLE('',#5179,0.0005);
#504=CIRCLE('',#5181,0.0005);
#505=CIRCLE('',#5183,0.0005);
#506=CIRCLE('',#5185,0.0005);
#507=CIRCLE('',#5187,0.0005);
#508=CIRCLE('',#5189,0.0005);
#509=CIRCLE('',#5192,0.0005);
#510=CIRCLE('',#5193,0.0005);
#511=CIRCLE('',#5195,0.0005);
#512=CIRCLE('',#5197,0.0005);
#513=CIRCLE('',#5199,0.0005);
#514=CIRCLE('',#5201,0.0005);
#515=CIRCLE('',#5203,0.0005);
#516=CIRCLE('',#5205,0.0005);
#517=CIRCLE('',#5208,0.0005);
#518=CIRCLE('',#5210,0.0005);
#519=CIRCLE('',#5211,0.0005);
#520=CIRCLE('',#5213,0.0005);
#521=CIRCLE('',#5215,0.0005);
#522=CIRCLE('',#5217,0.0005);
#523=CIRCLE('',#5219,0.0005);
#524=CIRCLE('',#5220,0.0005);
#525=CIRCLE('',#5222,0.0005);
#526=CIRCLE('',#5224,0.0005);
#527=CIRCLE('',#5225,0.0005);
#528=CIRCLE('',#5227,0.0005);
#529=CIRCLE('',#5229,0.0005);
#530=CIRCLE('',#5231,0.0005);
#531=CIRCLE('',#5233,0.0005);
#532=CIRCLE('',#5235,0.0005);
#533=CIRCLE('',#5237,0.0005);
#534=CIRCLE('',#5239,0.0005);
#535=CIRCLE('',#5240,0.0005);
#536=CIRCLE('',#5241,0.0005);
#537=CIRCLE('',#5243,0.0005);
#538=CIRCLE('',#5245,0.0005);
#539=CIRCLE('',#5247,0.0005);
#540=CIRCLE('',#5249,0.0005);
#541=CIRCLE('',#5250,0.0005);
#542=CIRCLE('',#5251,0.0005);
#543=CIRCLE('',#5253,0.0005);
#544=CIRCLE('',#5255,0.0005);
#545=CIRCLE('',#5257,0.0005);
#546=CIRCLE('',#5258,0.0005);
#547=CIRCLE('',#5260,0.0005);
#548=CIRCLE('',#5262,0.0005);
#549=CIRCLE('',#5264,0.0005);
#550=CIRCLE('',#5266,0.0005);
#551=CIRCLE('',#5268,0.0005);
#552=CIRCLE('',#5270,0.0005);
#553=CIRCLE('',#5272,0.0005);
#554=CIRCLE('',#5273,0.0005);
#555=CIRCLE('',#5275,0.0005);
#556=CIRCLE('',#5276,0.0005);
#557=CIRCLE('',#5278,0.0005);
#558=CIRCLE('',#5280,0.0005);
#559=CIRCLE('',#5282,0.0005);
#560=CIRCLE('',#5284,0.0005);
#561=CIRCLE('',#5285,0.0005);
#562=CIRCLE('',#5287,0.0005);
#563=CIRCLE('',#5288,0.0005);
#564=CIRCLE('',#5290,0.0005);
#565=CIRCLE('',#5292,0.0005);
#566=CIRCLE('',#5294,0.0005);
#567=CIRCLE('',#5296,0.0005);
#568=CIRCLE('',#5298,0.0005);
#569=CIRCLE('',#5300,0.0005);
#570=CIRCLE('',#5302,0.0005);
#571=CIRCLE('',#5304,0.0005);
#572=CIRCLE('',#5306,0.0005);
#573=CIRCLE('',#5308,0.0005);
#574=CIRCLE('',#5310,0.0005);
#575=CIRCLE('',#5312,0.0005);
#576=CIRCLE('',#5314,0.0005);
#577=CIRCLE('',#5331,0.0002);
#578=CIRCLE('',#5333,0.0002);
#579=CIRCLE('',#5334,0.0002);
#580=CIRCLE('',#5335,0.0002);
#581=CIRCLE('',#5336,0.0002);
#582=CIRCLE('',#5337,0.0002);
#583=CIRCLE('',#5338,0.0002);
#584=CIRCLE('',#5339,0.0002);
#585=CIRCLE('',#5340,0.0002);
#586=CIRCLE('',#5341,0.0002);
#587=CIRCLE('',#5342,0.0002);
#588=CIRCLE('',#5343,0.0002);
#589=CIRCLE('',#5344,0.0002);
#590=CIRCLE('',#5345,0.0002);
#591=CIRCLE('',#5346,0.0002);
#592=CIRCLE('',#5347,0.0002);
#593=CIRCLE('',#5348,0.0002);
#594=CIRCLE('',#5349,0.0002);
#595=CIRCLE('',#5350,0.0002);
#596=CIRCLE('',#5351,0.0002);
#597=CIRCLE('',#5352,0.0002);
#598=CIRCLE('',#5353,0.0002);
#599=B_SPLINE_CURVE_WITH_KNOTS('',3,(#6950,#6951,#6952,#6953),
 .UNSPECIFIED.,.F.,.F.,(4,4),(0.,0.00122961108004757),.UNSPECIFIED.);
#600=B_SPLINE_CURVE_WITH_KNOTS('',3,(#6955,#6956,#6957,#6958),
 .UNSPECIFIED.,.F.,.F.,(4,4),(0.,0.000754139204617529),.UNSPECIFIED.);
#601=B_SPLINE_CURVE_WITH_KNOTS('',3,(#6960,#6961,#6962,#6963),
 .UNSPECIFIED.,.F.,.F.,(4,4),(0.,0.000745251832050106),.UNSPECIFIED.);
#602=B_SPLINE_CURVE_WITH_KNOTS('',3,(#6965,#6966,#6967,#6968),
 .UNSPECIFIED.,.F.,.F.,(4,4),(0.,0.000673408516131288),.UNSPECIFIED.);
#603=B_SPLINE_CURVE_WITH_KNOTS('',3,(#6970,#6971,#6972,#6973),
 .UNSPECIFIED.,.F.,.F.,(4,4),(0.,0.000766221054034579),.UNSPECIFIED.);
#604=B_SPLINE_CURVE_WITH_KNOTS('',3,(#6975,#6976,#6977,#6978),
 .UNSPECIFIED.,.F.,.F.,(4,4),(1.30104260698261E-18,0.00108877364557888),
 .UNSPECIFIED.);
#605=B_SPLINE_CURVE_WITH_KNOTS('',3,(#6982,#6983,#6984,#6985,#6986),
 .UNSPECIFIED.,.F.,.F.,(4,1,4),(0.,0.000840675510814078,0.00168135102162816),
 .UNSPECIFIED.);
#606=B_SPLINE_CURVE_WITH_KNOTS('',3,(#6988,#6989,#6990,#6991),
 .UNSPECIFIED.,.F.,.F.,(4,4),(1.62630325872826E-19,0.00148119471391721),
 .UNSPECIFIED.);
#607=B_SPLINE_CURVE_WITH_KNOTS('',3,(#6993,#6994,#6995,#6996),
 .UNSPECIFIED.,.F.,.F.,(4,4),(0.,0.0015805607286175),.UNSPECIFIED.);
#608=B_SPLINE_CURVE_WITH_KNOTS('',3,(#6998,#6999,#7000,#7001),
 .UNSPECIFIED.,.F.,.F.,(4,4),(0.,0.0021741184186497),.UNSPECIFIED.);
#609=B_SPLINE_CURVE_WITH_KNOTS('',3,(#7003,#7004,#7005,#7006),
 .UNSPECIFIED.,.F.,.F.,(4,4),(0.,0.00200581371286942),.UNSPECIFIED.);
#610=B_SPLINE_CURVE_WITH_KNOTS('',3,(#7008,#7009,#7010,#7011),
 .UNSPECIFIED.,.F.,.F.,(4,4),(0.,0.00133624674729461),.UNSPECIFIED.);
#611=B_SPLINE_CURVE_WITH_KNOTS('',3,(#7013,#7014,#7015,#7016),
 .UNSPECIFIED.,.F.,.F.,(4,4),(0.,0.00181748895206325),.UNSPECIFIED.);
#612=B_SPLINE_CURVE_WITH_KNOTS('',3,(#7352,#7353,#7354,#7355),
 .UNSPECIFIED.,.F.,.F.,(4,4),(0.,0.000803612108998589),.UNSPECIFIED.);
#613=B_SPLINE_CURVE_WITH_KNOTS('',3,(#7361,#7362,#7363,#7364),
 .UNSPECIFIED.,.F.,.F.,(4,4),(0.,0.00100326037351012),.UNSPECIFIED.);
#614=B_SPLINE_CURVE_WITH_KNOTS('',3,(#7368,#7369,#7370,#7371),
 .UNSPECIFIED.,.F.,.F.,(4,4),(0.,0.00101221142665578),.UNSPECIFIED.);
#615=B_SPLINE_CURVE_WITH_KNOTS('',3,(#7396,#7397,#7398,#7399),
 .UNSPECIFIED.,.F.,.F.,(4,4),(0.,0.00100326037351022),.UNSPECIFIED.);
#616=B_SPLINE_CURVE_WITH_KNOTS('',3,(#7403,#7404,#7405,#7406),
 .UNSPECIFIED.,.F.,.F.,(4,4),(0.,0.0010122114266558),.UNSPECIFIED.);
#617=B_SPLINE_CURVE_WITH_KNOTS('',3,(#7412,#7413,#7414,#7415),
 .UNSPECIFIED.,.F.,.F.,(4,4),(0.,0.000803585924726445),.UNSPECIFIED.);
#618=B_SPLINE_CURVE_WITH_KNOTS('',3,(#7786,#7787,#7788,#7789),
 .UNSPECIFIED.,.F.,.F.,(4,4),(0.,0.000221713395957095),.UNSPECIFIED.);
#619=B_SPLINE_CURVE_WITH_KNOTS('',3,(#7814,#7815,#7816,#7817),
 .UNSPECIFIED.,.F.,.F.,(4,4),(0.,0.000221713395957092),.UNSPECIFIED.);
#620=B_SPLINE_CURVE_WITH_KNOTS('',3,(#7867,#7868,#7869,#7870),
 .UNSPECIFIED.,.F.,.F.,(4,4),(0.,0.00170584810391894),.UNSPECIFIED.);
#621=B_SPLINE_CURVE_WITH_KNOTS('',3,(#7872,#7873,#7874,#7875),
 .UNSPECIFIED.,.F.,.F.,(4,4),(0.,0.00115087009702593),.UNSPECIFIED.);
#622=B_SPLINE_CURVE_WITH_KNOTS('',3,(#7877,#7878,#7879,#7880),
 .UNSPECIFIED.,.F.,.F.,(4,4),(0.,0.00168019981315725),.UNSPECIFIED.);
#623=B_SPLINE_CURVE_WITH_KNOTS('',3,(#7882,#7883,#7884,#7885),
 .UNSPECIFIED.,.F.,.F.,(4,4),(0.,0.00187760682271236),.UNSPECIFIED.);
#624=B_SPLINE_CURVE_WITH_KNOTS('',3,(#7887,#7888,#7889,#7890),
 .UNSPECIFIED.,.F.,.F.,(4,4),(0.,0.00138233769398412),.UNSPECIFIED.);
#625=B_SPLINE_CURVE_WITH_KNOTS('',3,(#7892,#7893,#7894,#7895),
 .UNSPECIFIED.,.F.,.F.,(4,4),(0.,0.00125824975169242),.UNSPECIFIED.);
#626=B_SPLINE_CURVE_WITH_KNOTS('',3,(#7897,#7898,#7899,#7900),
 .UNSPECIFIED.,.F.,.F.,(4,4),(0.,0.00107174337897144),.UNSPECIFIED.);
#627=B_SPLINE_CURVE_WITH_KNOTS('',3,(#7904,#7905,#7906,#7907),
 .UNSPECIFIED.,.F.,.F.,(4,4),(0.,0.000974564315541689),.UNSPECIFIED.);
#628=B_SPLINE_CURVE_WITH_KNOTS('',3,(#7909,#7910,#7911,#7912),
 .UNSPECIFIED.,.F.,.F.,(4,4),(0.,0.00111419327005311),.UNSPECIFIED.);
#629=B_SPLINE_CURVE_WITH_KNOTS('',3,(#7914,#7915,#7916,#7917),
 .UNSPECIFIED.,.F.,.F.,(4,4),(0.,0.00100314287219053),.UNSPECIFIED.);
#630=B_SPLINE_CURVE_WITH_KNOTS('',3,(#7919,#7920,#7921,#7922),
 .UNSPECIFIED.,.F.,.F.,(4,4),(0.,0.0010356783938231),.UNSPECIFIED.);
#631=B_SPLINE_CURVE_WITH_KNOTS('',3,(#7924,#7925,#7926,#7927),
 .UNSPECIFIED.,.F.,.F.,(4,4),(0.,0.000966084522289671),.UNSPECIFIED.);
#632=B_SPLINE_CURVE_WITH_KNOTS('',3,(#7929,#7930,#7931,#7932),
 .UNSPECIFIED.,.F.,.F.,(4,4),(0.,0.00131456714293434),.UNSPECIFIED.);
#633=B_SPLINE_CURVE_WITH_KNOTS('',3,(#8155,#8156,#8157,#8158),
 .UNSPECIFIED.,.F.,.F.,(4,4),(0.,0.000574903940383027),.UNSPECIFIED.);
#634=B_SPLINE_CURVE_WITH_KNOTS('',3,(#8188,#8189,#8190,#8191),
 .UNSPECIFIED.,.F.,.F.,(4,4),(0.,0.00055195279507331),.UNSPECIFIED.);
#635=B_SPLINE_CURVE_WITH_KNOTS('',3,(#8203,#8204,#8205,#8206),
 .UNSPECIFIED.,.F.,.F.,(4,4),(0.,0.000574903940383034),.UNSPECIFIED.);
#636=B_SPLINE_CURVE_WITH_KNOTS('',3,(#8223,#8224,#8225,#8226),
 .UNSPECIFIED.,.F.,.F.,(4,4),(0.,0.000552156936318223),.UNSPECIFIED.);
#637=B_SPLINE_CURVE_WITH_KNOTS('',3,(#8243,#8244,#8245,#8246),
 .UNSPECIFIED.,.F.,.F.,(4,4),(0.,0.00055215693631826),.UNSPECIFIED.);
#638=B_SPLINE_CURVE_WITH_KNOTS('',3,(#8290,#8291,#8292,#8293),
 .UNSPECIFIED.,.F.,.F.,(4,4),(0.,0.000551952795073302),.UNSPECIFIED.);
#639=B_SPLINE_CURVE_WITH_KNOTS('',3,(#8386,#8387,#8388,#8389),
 .UNSPECIFIED.,.F.,.F.,(4,4),(0.,0.000374999485321336),.UNSPECIFIED.);
#640=B_SPLINE_CURVE_WITH_KNOTS('',3,(#8391,#8392,#8393,#8394),
 .UNSPECIFIED.,.F.,.F.,(4,4),(0.,0.000385516650585012),.UNSPECIFIED.);
#641=B_SPLINE_CURVE_WITH_KNOTS('',3,(#8414,#8415,#8416,#8417),
 .UNSPECIFIED.,.F.,.F.,(4,4),(-5.99999997909824E-8,0.00138034710027306),
 .UNSPECIFIED.);
#642=B_SPLINE_CURVE_WITH_KNOTS('',3,(#8419,#8420,#8421,#8422),
 .UNSPECIFIED.,.F.,.F.,(4,4),(0.,0.000380531784178922),.UNSPECIFIED.);
#643=B_SPLINE_CURVE_WITH_KNOTS('',3,(#8423,#8424,#8425,#8426),
 .UNSPECIFIED.,.F.,.F.,(4,4),(0.,0.000380531784178925),.UNSPECIFIED.);
#644=B_SPLINE_CURVE_WITH_KNOTS('',3,(#8442,#8443,#8444,#8445),
 .UNSPECIFIED.,.F.,.F.,(4,4),(-5.99999999241143E-8,0.00103273932677289),
 .UNSPECIFIED.);
#645=B_SPLINE_CURVE_WITH_KNOTS('',3,(#8462,#8463,#8464,#8465),
 .UNSPECIFIED.,.F.,.F.,(4,4),(-5.99999999389196E-8,0.00136445520816553),
 .UNSPECIFIED.);
#646=B_SPLINE_CURVE_WITH_KNOTS('',3,(#8510,#8511,#8512,#8513),
 .UNSPECIFIED.,.F.,.F.,(4,4),(-5.99999999662963E-8,0.000946956557296377),
 .UNSPECIFIED.);
#647=B_SPLINE_CURVE_WITH_KNOTS('',3,(#8530,#8531,#8532,#8533),
 .UNSPECIFIED.,.F.,.F.,(4,4),(-6.00000000494701E-8,0.00147831227194154),
 .UNSPECIFIED.);
#648=B_SPLINE_CURVE_WITH_KNOTS('',3,(#8575,#8576,#8577,#8578),
 .UNSPECIFIED.,.F.,.F.,(4,4),(-6.00000000263228E-8,0.000843073522799495),
 .UNSPECIFIED.);
#649=B_SPLINE_CURVE_WITH_KNOTS('',3,(#8595,#8596,#8597,#8598),
 .UNSPECIFIED.,.F.,.F.,(4,4),(-5.99999999963524E-8,0.00203505057285791),
 .UNSPECIFIED.);
#650=B_SPLINE_CURVE_WITH_KNOTS('',3,(#8637,#8638,#8639,#8640),
 .UNSPECIFIED.,.F.,.F.,(4,4),(-6.00000000023126E-8,0.000888572785367796),
 .UNSPECIFIED.);
#651=B_SPLINE_CURVE_WITH_KNOTS('',3,(#8660,#8661,#8662,#8663,#8664),
 .UNSPECIFIED.,.F.,.F.,(4,1,4),(-6.00000000686714E-8,0.000919230532822117,
0.0018385210656443),.UNSPECIFIED.);
#652=B_SPLINE_CURVE_WITH_KNOTS('',3,(#8703,#8704,#8705,#8706),
 .UNSPECIFIED.,.F.,.F.,(4,4),(-6.00000000927716E-8,0.000859388168910478),
 .UNSPECIFIED.);
#653=B_SPLINE_CURVE_WITH_KNOTS('',3,(#8723,#8724,#8725,#8726),
 .UNSPECIFIED.,.F.,.F.,(4,4),(-6.0000000001429E-8,0.00124129289870454),
 .UNSPECIFIED.);
#654=B_SPLINE_CURVE_WITH_KNOTS('',3,(#8765,#8766,#8767,#8768),
 .UNSPECIFIED.,.F.,.F.,(4,4),(-6.00000000825851E-8,0.00127250964824729),
 .UNSPECIFIED.);
#655=B_SPLINE_CURVE_WITH_KNOTS('',3,(#8770,#8771,#8772,#8773),
 .UNSPECIFIED.,.F.,.F.,(4,4),(0.,0.000312615267122764),.UNSPECIFIED.);
#656=B_SPLINE_CURVE_WITH_KNOTS('',3,(#8786,#8787,#8788,#8789),
 .UNSPECIFIED.,.F.,.F.,(4,4),(0.,0.000312573383527618),.UNSPECIFIED.);
#657=B_SPLINE_CURVE_WITH_KNOTS('',3,(#8791,#8792,#8793,#8794),
 .UNSPECIFIED.,.F.,.F.,(4,4),(-5.99999998347434E-8,0.0017600601598106),
 .UNSPECIFIED.);
#658=B_SPLINE_CURVE_WITH_KNOTS('',3,(#8820,#8821,#8822,#8823),
 .UNSPECIFIED.,.F.,.F.,(4,4),(0.,0.000312614193586625),.UNSPECIFIED.);
#659=B_SPLINE_CURVE_WITH_KNOTS('',3,(#8844,#8845,#8846,#8847),
 .UNSPECIFIED.,.F.,.F.,(4,4),(0.,0.000312574108481672),.UNSPECIFIED.);
#660=ORIENTED_EDGE('',*,*,#2054,.T.);
#661=ORIENTED_EDGE('',*,*,#2055,.T.);
#662=ORIENTED_EDGE('',*,*,#2056,.T.);
#663=ORIENTED_EDGE('',*,*,#2057,.T.);
#664=ORIENTED_EDGE('',*,*,#2058,.T.);
#665=ORIENTED_EDGE('',*,*,#2059,.T.);
#666=ORIENTED_EDGE('',*,*,#2060,.T.);
#667=ORIENTED_EDGE('',*,*,#2061,.T.);
#668=ORIENTED_EDGE('',*,*,#2062,.T.);
#669=ORIENTED_EDGE('',*,*,#2063,.T.);
#670=ORIENTED_EDGE('',*,*,#2064,.T.);
#671=ORIENTED_EDGE('',*,*,#2065,.T.);
#672=ORIENTED_EDGE('',*,*,#2066,.T.);
#673=ORIENTED_EDGE('',*,*,#2067,.T.);
#674=ORIENTED_EDGE('',*,*,#2068,.T.);
#675=ORIENTED_EDGE('',*,*,#2069,.T.);
#676=ORIENTED_EDGE('',*,*,#2070,.T.);
#677=ORIENTED_EDGE('',*,*,#2071,.T.);
#678=ORIENTED_EDGE('',*,*,#2072,.T.);
#679=ORIENTED_EDGE('',*,*,#2073,.T.);
#680=ORIENTED_EDGE('',*,*,#2074,.T.);
#681=ORIENTED_EDGE('',*,*,#2075,.T.);
#682=ORIENTED_EDGE('',*,*,#2076,.T.);
#683=ORIENTED_EDGE('',*,*,#2077,.T.);
#684=ORIENTED_EDGE('',*,*,#2078,.T.);
#685=ORIENTED_EDGE('',*,*,#2079,.T.);
#686=ORIENTED_EDGE('',*,*,#2080,.T.);
#687=ORIENTED_EDGE('',*,*,#2081,.T.);
#688=ORIENTED_EDGE('',*,*,#2082,.T.);
#689=ORIENTED_EDGE('',*,*,#2083,.T.);
#690=ORIENTED_EDGE('',*,*,#2084,.T.);
#691=ORIENTED_EDGE('',*,*,#2085,.T.);
#692=ORIENTED_EDGE('',*,*,#2086,.F.);
#693=ORIENTED_EDGE('',*,*,#2087,.T.);
#694=ORIENTED_EDGE('',*,*,#2088,.T.);
#695=ORIENTED_EDGE('',*,*,#2089,.T.);
#696=ORIENTED_EDGE('',*,*,#2090,.T.);
#697=ORIENTED_EDGE('',*,*,#2091,.T.);
#698=ORIENTED_EDGE('',*,*,#2092,.T.);
#699=ORIENTED_EDGE('',*,*,#2093,.T.);
#700=ORIENTED_EDGE('',*,*,#2094,.T.);
#701=ORIENTED_EDGE('',*,*,#2095,.T.);
#702=ORIENTED_EDGE('',*,*,#2096,.T.);
#703=ORIENTED_EDGE('',*,*,#2097,.T.);
#704=ORIENTED_EDGE('',*,*,#2098,.T.);
#705=ORIENTED_EDGE('',*,*,#2099,.T.);
#706=ORIENTED_EDGE('',*,*,#2100,.T.);
#707=ORIENTED_EDGE('',*,*,#2101,.T.);
#708=ORIENTED_EDGE('',*,*,#2102,.T.);
#709=ORIENTED_EDGE('',*,*,#2103,.T.);
#710=ORIENTED_EDGE('',*,*,#2104,.F.);
#711=ORIENTED_EDGE('',*,*,#2105,.T.);
#712=ORIENTED_EDGE('',*,*,#2106,.T.);
#713=ORIENTED_EDGE('',*,*,#2107,.T.);
#714=ORIENTED_EDGE('',*,*,#2108,.F.);
#715=ORIENTED_EDGE('',*,*,#2109,.T.);
#716=ORIENTED_EDGE('',*,*,#2110,.T.);
#717=ORIENTED_EDGE('',*,*,#2111,.T.);
#718=ORIENTED_EDGE('',*,*,#2112,.F.);
#719=ORIENTED_EDGE('',*,*,#2113,.T.);
#720=ORIENTED_EDGE('',*,*,#2114,.T.);
#721=ORIENTED_EDGE('',*,*,#2115,.T.);
#722=ORIENTED_EDGE('',*,*,#2116,.F.);
#723=ORIENTED_EDGE('',*,*,#2117,.T.);
#724=ORIENTED_EDGE('',*,*,#2118,.T.);
#725=ORIENTED_EDGE('',*,*,#2119,.T.);
#726=ORIENTED_EDGE('',*,*,#2120,.T.);
#727=ORIENTED_EDGE('',*,*,#2121,.T.);
#728=ORIENTED_EDGE('',*,*,#2122,.T.);
#729=ORIENTED_EDGE('',*,*,#2123,.T.);
#730=ORIENTED_EDGE('',*,*,#2124,.T.);
#731=ORIENTED_EDGE('',*,*,#2125,.T.);
#732=ORIENTED_EDGE('',*,*,#2126,.T.);
#733=ORIENTED_EDGE('',*,*,#2127,.T.);
#734=ORIENTED_EDGE('',*,*,#2128,.T.);
#735=ORIENTED_EDGE('',*,*,#2129,.T.);
#736=ORIENTED_EDGE('',*,*,#2130,.T.);
#737=ORIENTED_EDGE('',*,*,#2131,.T.);
#738=ORIENTED_EDGE('',*,*,#2132,.T.);
#739=ORIENTED_EDGE('',*,*,#2133,.T.);
#740=ORIENTED_EDGE('',*,*,#2134,.T.);
#741=ORIENTED_EDGE('',*,*,#2135,.T.);
#742=ORIENTED_EDGE('',*,*,#2136,.T.);
#743=ORIENTED_EDGE('',*,*,#2137,.T.);
#744=ORIENTED_EDGE('',*,*,#2138,.T.);
#745=ORIENTED_EDGE('',*,*,#2139,.T.);
#746=ORIENTED_EDGE('',*,*,#2140,.T.);
#747=ORIENTED_EDGE('',*,*,#2141,.T.);
#748=ORIENTED_EDGE('',*,*,#2142,.T.);
#749=ORIENTED_EDGE('',*,*,#2143,.T.);
#750=ORIENTED_EDGE('',*,*,#2144,.T.);
#751=ORIENTED_EDGE('',*,*,#2145,.T.);
#752=ORIENTED_EDGE('',*,*,#2146,.T.);
#753=ORIENTED_EDGE('',*,*,#2147,.T.);
#754=ORIENTED_EDGE('',*,*,#2148,.T.);
#755=ORIENTED_EDGE('',*,*,#2149,.T.);
#756=ORIENTED_EDGE('',*,*,#2150,.T.);
#757=ORIENTED_EDGE('',*,*,#2151,.T.);
#758=ORIENTED_EDGE('',*,*,#2152,.T.);
#759=ORIENTED_EDGE('',*,*,#2153,.T.);
#760=ORIENTED_EDGE('',*,*,#2154,.T.);
#761=ORIENTED_EDGE('',*,*,#2155,.T.);
#762=ORIENTED_EDGE('',*,*,#2156,.T.);
#763=ORIENTED_EDGE('',*,*,#2157,.T.);
#764=ORIENTED_EDGE('',*,*,#2158,.T.);
#765=ORIENTED_EDGE('',*,*,#2159,.T.);
#766=ORIENTED_EDGE('',*,*,#2160,.T.);
#767=ORIENTED_EDGE('',*,*,#2161,.T.);
#768=ORIENTED_EDGE('',*,*,#2162,.T.);
#769=ORIENTED_EDGE('',*,*,#2163,.T.);
#770=ORIENTED_EDGE('',*,*,#2164,.T.);
#771=ORIENTED_EDGE('',*,*,#2165,.F.);
#772=ORIENTED_EDGE('',*,*,#2166,.T.);
#773=ORIENTED_EDGE('',*,*,#2167,.T.);
#774=ORIENTED_EDGE('',*,*,#2168,.T.);
#775=ORIENTED_EDGE('',*,*,#2169,.T.);
#776=ORIENTED_EDGE('',*,*,#2170,.T.);
#777=ORIENTED_EDGE('',*,*,#2171,.T.);
#778=ORIENTED_EDGE('',*,*,#2172,.T.);
#779=ORIENTED_EDGE('',*,*,#2173,.F.);
#780=ORIENTED_EDGE('',*,*,#2174,.T.);
#781=ORIENTED_EDGE('',*,*,#2175,.F.);
#782=ORIENTED_EDGE('',*,*,#2176,.T.);
#783=ORIENTED_EDGE('',*,*,#2177,.F.);
#784=ORIENTED_EDGE('',*,*,#2178,.T.);
#785=ORIENTED_EDGE('',*,*,#2179,.F.);
#786=ORIENTED_EDGE('',*,*,#2180,.T.);
#787=ORIENTED_EDGE('',*,*,#2181,.F.);
#788=ORIENTED_EDGE('',*,*,#2182,.T.);
#789=ORIENTED_EDGE('',*,*,#2183,.F.);
#790=ORIENTED_EDGE('',*,*,#2184,.T.);
#791=ORIENTED_EDGE('',*,*,#2185,.F.);
#792=ORIENTED_EDGE('',*,*,#2186,.T.);
#793=ORIENTED_EDGE('',*,*,#2187,.F.);
#794=ORIENTED_EDGE('',*,*,#2188,.T.);
#795=ORIENTED_EDGE('',*,*,#2189,.F.);
#796=ORIENTED_EDGE('',*,*,#2190,.T.);
#797=ORIENTED_EDGE('',*,*,#2191,.F.);
#798=ORIENTED_EDGE('',*,*,#2192,.T.);
#799=ORIENTED_EDGE('',*,*,#2193,.F.);
#800=ORIENTED_EDGE('',*,*,#2194,.T.);
#801=ORIENTED_EDGE('',*,*,#2195,.F.);
#802=ORIENTED_EDGE('',*,*,#2196,.T.);
#803=ORIENTED_EDGE('',*,*,#2197,.F.);
#804=ORIENTED_EDGE('',*,*,#2198,.T.);
#805=ORIENTED_EDGE('',*,*,#2199,.F.);
#806=ORIENTED_EDGE('',*,*,#2200,.T.);
#807=ORIENTED_EDGE('',*,*,#2201,.F.);
#808=ORIENTED_EDGE('',*,*,#2202,.T.);
#809=ORIENTED_EDGE('',*,*,#2203,.F.);
#810=ORIENTED_EDGE('',*,*,#2204,.T.);
#811=ORIENTED_EDGE('',*,*,#2205,.F.);
#812=ORIENTED_EDGE('',*,*,#2206,.T.);
#813=ORIENTED_EDGE('',*,*,#2086,.T.);
#814=ORIENTED_EDGE('',*,*,#2207,.T.);
#815=ORIENTED_EDGE('',*,*,#2208,.F.);
#816=ORIENTED_EDGE('',*,*,#2209,.T.);
#817=ORIENTED_EDGE('',*,*,#2208,.T.);
#818=ORIENTED_EDGE('',*,*,#2210,.T.);
#819=ORIENTED_EDGE('',*,*,#2211,.F.);
#820=ORIENTED_EDGE('',*,*,#2212,.T.);
#821=ORIENTED_EDGE('',*,*,#2211,.T.);
#822=ORIENTED_EDGE('',*,*,#2213,.T.);
#823=ORIENTED_EDGE('',*,*,#2214,.F.);
#824=ORIENTED_EDGE('',*,*,#2215,.T.);
#825=ORIENTED_EDGE('',*,*,#2214,.T.);
#826=ORIENTED_EDGE('',*,*,#2216,.T.);
#827=ORIENTED_EDGE('',*,*,#2217,.F.);
#828=ORIENTED_EDGE('',*,*,#2218,.T.);
#829=ORIENTED_EDGE('',*,*,#2217,.T.);
#830=ORIENTED_EDGE('',*,*,#2219,.T.);
#831=ORIENTED_EDGE('',*,*,#2220,.F.);
#832=ORIENTED_EDGE('',*,*,#2221,.T.);
#833=ORIENTED_EDGE('',*,*,#2222,.T.);
#834=ORIENTED_EDGE('',*,*,#2220,.T.);
#835=ORIENTED_EDGE('',*,*,#2223,.T.);
#836=ORIENTED_EDGE('',*,*,#2224,.F.);
#837=ORIENTED_EDGE('',*,*,#2225,.T.);
#838=ORIENTED_EDGE('',*,*,#2224,.T.);
#839=ORIENTED_EDGE('',*,*,#2226,.T.);
#840=ORIENTED_EDGE('',*,*,#2084,.F.);
#841=ORIENTED_EDGE('',*,*,#2227,.T.);
#842=ORIENTED_EDGE('',*,*,#2228,.T.);
#843=ORIENTED_EDGE('',*,*,#2229,.T.);
#844=ORIENTED_EDGE('',*,*,#2230,.T.);
#845=ORIENTED_EDGE('',*,*,#2231,.T.);
#846=ORIENTED_EDGE('',*,*,#2232,.T.);
#847=ORIENTED_EDGE('',*,*,#2233,.T.);
#848=ORIENTED_EDGE('',*,*,#2234,.F.);
#849=ORIENTED_EDGE('',*,*,#2235,.F.);
#850=ORIENTED_EDGE('',*,*,#2236,.T.);
#851=ORIENTED_EDGE('',*,*,#2237,.T.);
#852=ORIENTED_EDGE('',*,*,#2238,.T.);
#853=ORIENTED_EDGE('',*,*,#2239,.F.);
#854=ORIENTED_EDGE('',*,*,#2240,.T.);
#855=ORIENTED_EDGE('',*,*,#2241,.F.);
#856=ORIENTED_EDGE('',*,*,#2242,.T.);
#857=ORIENTED_EDGE('',*,*,#2234,.T.);
#858=ORIENTED_EDGE('',*,*,#2243,.T.);
#859=ORIENTED_EDGE('',*,*,#2244,.T.);
#860=ORIENTED_EDGE('',*,*,#2245,.T.);
#861=ORIENTED_EDGE('',*,*,#2246,.T.);
#862=ORIENTED_EDGE('',*,*,#2247,.T.);
#863=ORIENTED_EDGE('',*,*,#2248,.F.);
#864=ORIENTED_EDGE('',*,*,#2249,.T.);
#865=ORIENTED_EDGE('',*,*,#2248,.T.);
#866=ORIENTED_EDGE('',*,*,#2250,.T.);
#867=ORIENTED_EDGE('',*,*,#2251,.T.);
#868=ORIENTED_EDGE('',*,*,#2252,.T.);
#869=ORIENTED_EDGE('',*,*,#2253,.F.);
#870=ORIENTED_EDGE('',*,*,#2254,.T.);
#871=ORIENTED_EDGE('',*,*,#2255,.F.);
#872=ORIENTED_EDGE('',*,*,#2256,.T.);
#873=ORIENTED_EDGE('',*,*,#2257,.F.);
#874=ORIENTED_EDGE('',*,*,#2258,.T.);
#875=ORIENTED_EDGE('',*,*,#2259,.F.);
#876=ORIENTED_EDGE('',*,*,#2260,.T.);
#877=ORIENTED_EDGE('',*,*,#2261,.T.);
#878=ORIENTED_EDGE('',*,*,#2235,.T.);
#879=ORIENTED_EDGE('',*,*,#2245,.F.);
#880=ORIENTED_EDGE('',*,*,#2262,.T.);
#881=ORIENTED_EDGE('',*,*,#2249,.F.);
#882=ORIENTED_EDGE('',*,*,#2259,.T.);
#883=ORIENTED_EDGE('',*,*,#2263,.T.);
#884=ORIENTED_EDGE('',*,*,#2264,.T.);
#885=ORIENTED_EDGE('',*,*,#2265,.T.);
#886=ORIENTED_EDGE('',*,*,#2266,.T.);
#887=ORIENTED_EDGE('',*,*,#2267,.F.);
#888=ORIENTED_EDGE('',*,*,#2268,.T.);
#889=ORIENTED_EDGE('',*,*,#2267,.T.);
#890=ORIENTED_EDGE('',*,*,#2269,.T.);
#891=ORIENTED_EDGE('',*,*,#2270,.F.);
#892=ORIENTED_EDGE('',*,*,#2271,.F.);
#893=ORIENTED_EDGE('',*,*,#2270,.T.);
#894=ORIENTED_EDGE('',*,*,#2272,.T.);
#895=ORIENTED_EDGE('',*,*,#2273,.F.);
#896=ORIENTED_EDGE('',*,*,#2274,.F.);
#897=ORIENTED_EDGE('',*,*,#2273,.T.);
#898=ORIENTED_EDGE('',*,*,#2275,.T.);
#899=ORIENTED_EDGE('',*,*,#2276,.F.);
#900=ORIENTED_EDGE('',*,*,#2277,.F.);
#901=ORIENTED_EDGE('',*,*,#2276,.T.);
#902=ORIENTED_EDGE('',*,*,#2278,.T.);
#903=ORIENTED_EDGE('',*,*,#2279,.F.);
#904=ORIENTED_EDGE('',*,*,#2280,.F.);
#905=ORIENTED_EDGE('',*,*,#2279,.T.);
#906=ORIENTED_EDGE('',*,*,#2281,.T.);
#907=ORIENTED_EDGE('',*,*,#2282,.F.);
#908=ORIENTED_EDGE('',*,*,#2283,.F.);
#909=ORIENTED_EDGE('',*,*,#2282,.T.);
#910=ORIENTED_EDGE('',*,*,#2284,.T.);
#911=ORIENTED_EDGE('',*,*,#2285,.F.);
#912=ORIENTED_EDGE('',*,*,#2286,.T.);
#913=ORIENTED_EDGE('',*,*,#2285,.T.);
#914=ORIENTED_EDGE('',*,*,#2287,.T.);
#915=ORIENTED_EDGE('',*,*,#2288,.F.);
#916=ORIENTED_EDGE('',*,*,#2289,.F.);
#917=ORIENTED_EDGE('',*,*,#2288,.T.);
#918=ORIENTED_EDGE('',*,*,#2290,.T.);
#919=ORIENTED_EDGE('',*,*,#2291,.F.);
#920=ORIENTED_EDGE('',*,*,#2292,.T.);
#921=ORIENTED_EDGE('',*,*,#2291,.T.);
#922=ORIENTED_EDGE('',*,*,#2293,.T.);
#923=ORIENTED_EDGE('',*,*,#2294,.F.);
#924=ORIENTED_EDGE('',*,*,#2295,.T.);
#925=ORIENTED_EDGE('',*,*,#2294,.T.);
#926=ORIENTED_EDGE('',*,*,#2296,.T.);
#927=ORIENTED_EDGE('',*,*,#2297,.F.);
#928=ORIENTED_EDGE('',*,*,#2298,.T.);
#929=ORIENTED_EDGE('',*,*,#2297,.T.);
#930=ORIENTED_EDGE('',*,*,#2299,.T.);
#931=ORIENTED_EDGE('',*,*,#2265,.F.);
#932=ORIENTED_EDGE('',*,*,#2300,.F.);
#933=ORIENTED_EDGE('',*,*,#2268,.F.);
#934=ORIENTED_EDGE('',*,*,#2271,.T.);
#935=ORIENTED_EDGE('',*,*,#2274,.T.);
#936=ORIENTED_EDGE('',*,*,#2277,.T.);
#937=ORIENTED_EDGE('',*,*,#2280,.T.);
#938=ORIENTED_EDGE('',*,*,#2283,.T.);
#939=ORIENTED_EDGE('',*,*,#2286,.F.);
#940=ORIENTED_EDGE('',*,*,#2289,.T.);
#941=ORIENTED_EDGE('',*,*,#2292,.F.);
#942=ORIENTED_EDGE('',*,*,#2295,.F.);
#943=ORIENTED_EDGE('',*,*,#2298,.F.);
#944=ORIENTED_EDGE('',*,*,#2300,.T.);
#945=ORIENTED_EDGE('',*,*,#2301,.T.);
#946=ORIENTED_EDGE('',*,*,#2302,.T.);
#947=ORIENTED_EDGE('',*,*,#2303,.F.);
#948=ORIENTED_EDGE('',*,*,#2304,.T.);
#949=ORIENTED_EDGE('',*,*,#2303,.T.);
#950=ORIENTED_EDGE('',*,*,#2305,.T.);
#951=ORIENTED_EDGE('',*,*,#2306,.F.);
#952=ORIENTED_EDGE('',*,*,#2307,.F.);
#953=ORIENTED_EDGE('',*,*,#2306,.T.);
#954=ORIENTED_EDGE('',*,*,#2308,.T.);
#955=ORIENTED_EDGE('',*,*,#2309,.F.);
#956=ORIENTED_EDGE('',*,*,#2310,.T.);
#957=ORIENTED_EDGE('',*,*,#2309,.T.);
#958=ORIENTED_EDGE('',*,*,#2311,.T.);
#959=ORIENTED_EDGE('',*,*,#2312,.F.);
#960=ORIENTED_EDGE('',*,*,#2313,.T.);
#961=ORIENTED_EDGE('',*,*,#2312,.T.);
#962=ORIENTED_EDGE('',*,*,#2314,.T.);
#963=ORIENTED_EDGE('',*,*,#2315,.F.);
#964=ORIENTED_EDGE('',*,*,#2316,.T.);
#965=ORIENTED_EDGE('',*,*,#2315,.T.);
#966=ORIENTED_EDGE('',*,*,#2317,.T.);
#967=ORIENTED_EDGE('',*,*,#2318,.F.);
#968=ORIENTED_EDGE('',*,*,#2319,.F.);
#969=ORIENTED_EDGE('',*,*,#2318,.T.);
#970=ORIENTED_EDGE('',*,*,#2320,.T.);
#971=ORIENTED_EDGE('',*,*,#2321,.F.);
#972=ORIENTED_EDGE('',*,*,#2322,.T.);
#973=ORIENTED_EDGE('',*,*,#2321,.T.);
#974=ORIENTED_EDGE('',*,*,#2323,.T.);
#975=ORIENTED_EDGE('',*,*,#2324,.F.);
#976=ORIENTED_EDGE('',*,*,#2325,.F.);
#977=ORIENTED_EDGE('',*,*,#2324,.T.);
#978=ORIENTED_EDGE('',*,*,#2326,.T.);
#979=ORIENTED_EDGE('',*,*,#2327,.F.);
#980=ORIENTED_EDGE('',*,*,#2328,.F.);
#981=ORIENTED_EDGE('',*,*,#2327,.T.);
#982=ORIENTED_EDGE('',*,*,#2329,.T.);
#983=ORIENTED_EDGE('',*,*,#2330,.F.);
#984=ORIENTED_EDGE('',*,*,#2331,.T.);
#985=ORIENTED_EDGE('',*,*,#2330,.T.);
#986=ORIENTED_EDGE('',*,*,#2332,.T.);
#987=ORIENTED_EDGE('',*,*,#2333,.F.);
#988=ORIENTED_EDGE('',*,*,#2334,.F.);
#989=ORIENTED_EDGE('',*,*,#2333,.T.);
#990=ORIENTED_EDGE('',*,*,#2335,.T.);
#991=ORIENTED_EDGE('',*,*,#2301,.F.);
#992=ORIENTED_EDGE('',*,*,#2336,.F.);
#993=ORIENTED_EDGE('',*,*,#2304,.F.);
#994=ORIENTED_EDGE('',*,*,#2307,.T.);
#995=ORIENTED_EDGE('',*,*,#2310,.F.);
#996=ORIENTED_EDGE('',*,*,#2313,.F.);
#997=ORIENTED_EDGE('',*,*,#2316,.F.);
#998=ORIENTED_EDGE('',*,*,#2319,.T.);
#999=ORIENTED_EDGE('',*,*,#2322,.F.);
#1000=ORIENTED_EDGE('',*,*,#2325,.T.);
#1001=ORIENTED_EDGE('',*,*,#2328,.T.);
#1002=ORIENTED_EDGE('',*,*,#2331,.F.);
#1003=ORIENTED_EDGE('',*,*,#2334,.T.);
#1004=ORIENTED_EDGE('',*,*,#2336,.T.);
#1005=ORIENTED_EDGE('',*,*,#2337,.T.);
#1006=ORIENTED_EDGE('',*,*,#2338,.T.);
#1007=ORIENTED_EDGE('',*,*,#2339,.T.);
#1008=ORIENTED_EDGE('',*,*,#2199,.T.);
#1009=ORIENTED_EDGE('',*,*,#2340,.T.);
#1010=ORIENTED_EDGE('',*,*,#2341,.T.);
#1011=ORIENTED_EDGE('',*,*,#2342,.T.);
#1012=ORIENTED_EDGE('',*,*,#2205,.T.);
#1013=ORIENTED_EDGE('',*,*,#2343,.T.);
#1014=ORIENTED_EDGE('',*,*,#2344,.T.);
#1015=ORIENTED_EDGE('',*,*,#2345,.T.);
#1016=ORIENTED_EDGE('',*,*,#2203,.T.);
#1017=ORIENTED_EDGE('',*,*,#2346,.T.);
#1018=ORIENTED_EDGE('',*,*,#2347,.T.);
#1019=ORIENTED_EDGE('',*,*,#2348,.T.);
#1020=ORIENTED_EDGE('',*,*,#2201,.T.);
#1021=ORIENTED_EDGE('',*,*,#2349,.T.);
#1022=ORIENTED_EDGE('',*,*,#2350,.T.);
#1023=ORIENTED_EDGE('',*,*,#2351,.T.);
#1024=ORIENTED_EDGE('',*,*,#2352,.T.);
#1025=ORIENTED_EDGE('',*,*,#2353,.T.);
#1026=ORIENTED_EDGE('',*,*,#2354,.T.);
#1027=ORIENTED_EDGE('',*,*,#2355,.T.);
#1028=ORIENTED_EDGE('',*,*,#2356,.T.);
#1029=ORIENTED_EDGE('',*,*,#2357,.T.);
#1030=ORIENTED_EDGE('',*,*,#2358,.T.);
#1031=ORIENTED_EDGE('',*,*,#2359,.T.);
#1032=ORIENTED_EDGE('',*,*,#2191,.T.);
#1033=ORIENTED_EDGE('',*,*,#2360,.T.);
#1034=ORIENTED_EDGE('',*,*,#2361,.T.);
#1035=ORIENTED_EDGE('',*,*,#2362,.T.);
#1036=ORIENTED_EDGE('',*,*,#2197,.T.);
#1037=ORIENTED_EDGE('',*,*,#2363,.T.);
#1038=ORIENTED_EDGE('',*,*,#2364,.T.);
#1039=ORIENTED_EDGE('',*,*,#2365,.T.);
#1040=ORIENTED_EDGE('',*,*,#2195,.T.);
#1041=ORIENTED_EDGE('',*,*,#2366,.T.);
#1042=ORIENTED_EDGE('',*,*,#2367,.T.);
#1043=ORIENTED_EDGE('',*,*,#2368,.T.);
#1044=ORIENTED_EDGE('',*,*,#2193,.T.);
#1045=ORIENTED_EDGE('',*,*,#2369,.T.);
#1046=ORIENTED_EDGE('',*,*,#2370,.T.);
#1047=ORIENTED_EDGE('',*,*,#2371,.T.);
#1048=ORIENTED_EDGE('',*,*,#2372,.T.);
#1049=ORIENTED_EDGE('',*,*,#2373,.T.);
#1050=ORIENTED_EDGE('',*,*,#2374,.T.);
#1051=ORIENTED_EDGE('',*,*,#2375,.T.);
#1052=ORIENTED_EDGE('',*,*,#2376,.T.);
#1053=ORIENTED_EDGE('',*,*,#2377,.T.);
#1054=ORIENTED_EDGE('',*,*,#2378,.T.);
#1055=ORIENTED_EDGE('',*,*,#2379,.T.);
#1056=ORIENTED_EDGE('',*,*,#2183,.T.);
#1057=ORIENTED_EDGE('',*,*,#2380,.T.);
#1058=ORIENTED_EDGE('',*,*,#2381,.T.);
#1059=ORIENTED_EDGE('',*,*,#2382,.T.);
#1060=ORIENTED_EDGE('',*,*,#2189,.T.);
#1061=ORIENTED_EDGE('',*,*,#2383,.T.);
#1062=ORIENTED_EDGE('',*,*,#2384,.T.);
#1063=ORIENTED_EDGE('',*,*,#2385,.T.);
#1064=ORIENTED_EDGE('',*,*,#2187,.T.);
#1065=ORIENTED_EDGE('',*,*,#2386,.T.);
#1066=ORIENTED_EDGE('',*,*,#2387,.T.);
#1067=ORIENTED_EDGE('',*,*,#2388,.T.);
#1068=ORIENTED_EDGE('',*,*,#2185,.T.);
#1069=ORIENTED_EDGE('',*,*,#2389,.T.);
#1070=ORIENTED_EDGE('',*,*,#2390,.T.);
#1071=ORIENTED_EDGE('',*,*,#2391,.T.);
#1072=ORIENTED_EDGE('',*,*,#2392,.T.);
#1073=ORIENTED_EDGE('',*,*,#2393,.T.);
#1074=ORIENTED_EDGE('',*,*,#2394,.T.);
#1075=ORIENTED_EDGE('',*,*,#2395,.T.);
#1076=ORIENTED_EDGE('',*,*,#2396,.T.);
#1077=ORIENTED_EDGE('',*,*,#2397,.T.);
#1078=ORIENTED_EDGE('',*,*,#2398,.T.);
#1079=ORIENTED_EDGE('',*,*,#2399,.T.);
#1080=ORIENTED_EDGE('',*,*,#2175,.T.);
#1081=ORIENTED_EDGE('',*,*,#2400,.T.);
#1082=ORIENTED_EDGE('',*,*,#2401,.T.);
#1083=ORIENTED_EDGE('',*,*,#2402,.T.);
#1084=ORIENTED_EDGE('',*,*,#2181,.T.);
#1085=ORIENTED_EDGE('',*,*,#2403,.T.);
#1086=ORIENTED_EDGE('',*,*,#2404,.T.);
#1087=ORIENTED_EDGE('',*,*,#2405,.T.);
#1088=ORIENTED_EDGE('',*,*,#2179,.T.);
#1089=ORIENTED_EDGE('',*,*,#2406,.T.);
#1090=ORIENTED_EDGE('',*,*,#2407,.T.);
#1091=ORIENTED_EDGE('',*,*,#2408,.T.);
#1092=ORIENTED_EDGE('',*,*,#2177,.T.);
#1093=ORIENTED_EDGE('',*,*,#2409,.T.);
#1094=ORIENTED_EDGE('',*,*,#2410,.T.);
#1095=ORIENTED_EDGE('',*,*,#2411,.T.);
#1096=ORIENTED_EDGE('',*,*,#2412,.T.);
#1097=ORIENTED_EDGE('',*,*,#2413,.T.);
#1098=ORIENTED_EDGE('',*,*,#2414,.T.);
#1099=ORIENTED_EDGE('',*,*,#2415,.T.);
#1100=ORIENTED_EDGE('',*,*,#2416,.T.);
#1101=ORIENTED_EDGE('',*,*,#2417,.T.);
#1102=ORIENTED_EDGE('',*,*,#2418,.T.);
#1103=ORIENTED_EDGE('',*,*,#2419,.F.);
#1104=ORIENTED_EDGE('',*,*,#2420,.F.);
#1105=ORIENTED_EDGE('',*,*,#2419,.T.);
#1106=ORIENTED_EDGE('',*,*,#2421,.T.);
#1107=ORIENTED_EDGE('',*,*,#2422,.F.);
#1108=ORIENTED_EDGE('',*,*,#2423,.F.);
#1109=ORIENTED_EDGE('',*,*,#2422,.T.);
#1110=ORIENTED_EDGE('',*,*,#2424,.T.);
#1111=ORIENTED_EDGE('',*,*,#2425,.F.);
#1112=ORIENTED_EDGE('',*,*,#2426,.F.);
#1113=ORIENTED_EDGE('',*,*,#2425,.T.);
#1114=ORIENTED_EDGE('',*,*,#2427,.T.);
#1115=ORIENTED_EDGE('',*,*,#2428,.F.);
#1116=ORIENTED_EDGE('',*,*,#2429,.F.);
#1117=ORIENTED_EDGE('',*,*,#2428,.T.);
#1118=ORIENTED_EDGE('',*,*,#2430,.T.);
#1119=ORIENTED_EDGE('',*,*,#2431,.F.);
#1120=ORIENTED_EDGE('',*,*,#2432,.F.);
#1121=ORIENTED_EDGE('',*,*,#2431,.T.);
#1122=ORIENTED_EDGE('',*,*,#2433,.T.);
#1123=ORIENTED_EDGE('',*,*,#2417,.F.);
#1124=ORIENTED_EDGE('',*,*,#2434,.F.);
#1125=ORIENTED_EDGE('',*,*,#2435,.T.);
#1126=ORIENTED_EDGE('',*,*,#2420,.T.);
#1127=ORIENTED_EDGE('',*,*,#2423,.T.);
#1128=ORIENTED_EDGE('',*,*,#2426,.T.);
#1129=ORIENTED_EDGE('',*,*,#2429,.T.);
#1130=ORIENTED_EDGE('',*,*,#2432,.T.);
#1131=ORIENTED_EDGE('',*,*,#2434,.T.);
#1132=ORIENTED_EDGE('',*,*,#2436,.T.);
#1133=ORIENTED_EDGE('',*,*,#2437,.T.);
#1134=ORIENTED_EDGE('',*,*,#2438,.T.);
#1135=ORIENTED_EDGE('',*,*,#2439,.T.);
#1136=ORIENTED_EDGE('',*,*,#2257,.T.);
#1137=ORIENTED_EDGE('',*,*,#2440,.T.);
#1138=ORIENTED_EDGE('',*,*,#2441,.T.);
#1139=ORIENTED_EDGE('',*,*,#2442,.T.);
#1140=ORIENTED_EDGE('',*,*,#2443,.T.);
#1141=ORIENTED_EDGE('',*,*,#2444,.T.);
#1142=ORIENTED_EDGE('',*,*,#2445,.T.);
#1143=ORIENTED_EDGE('',*,*,#2446,.T.);
#1144=ORIENTED_EDGE('',*,*,#2447,.T.);
#1145=ORIENTED_EDGE('',*,*,#2448,.T.);
#1146=ORIENTED_EDGE('',*,*,#2449,.T.);
#1147=ORIENTED_EDGE('',*,*,#2450,.T.);
#1148=ORIENTED_EDGE('',*,*,#2451,.T.);
#1149=ORIENTED_EDGE('',*,*,#2237,.F.);
#1150=ORIENTED_EDGE('',*,*,#2452,.T.);
#1151=ORIENTED_EDGE('',*,*,#2453,.T.);
#1152=ORIENTED_EDGE('',*,*,#2454,.T.);
#1153=ORIENTED_EDGE('',*,*,#2455,.T.);
#1154=ORIENTED_EDGE('',*,*,#2456,.T.);
#1155=ORIENTED_EDGE('',*,*,#2457,.T.);
#1156=ORIENTED_EDGE('',*,*,#2458,.T.);
#1157=ORIENTED_EDGE('',*,*,#2459,.T.);
#1158=ORIENTED_EDGE('',*,*,#2460,.T.);
#1159=ORIENTED_EDGE('',*,*,#2461,.T.);
#1160=ORIENTED_EDGE('',*,*,#2462,.T.);
#1161=ORIENTED_EDGE('',*,*,#2463,.T.);
#1162=ORIENTED_EDGE('',*,*,#2464,.T.);
#1163=ORIENTED_EDGE('',*,*,#2465,.T.);
#1164=ORIENTED_EDGE('',*,*,#2466,.T.);
#1165=ORIENTED_EDGE('',*,*,#2467,.T.);
#1166=ORIENTED_EDGE('',*,*,#2468,.T.);
#1167=ORIENTED_EDGE('',*,*,#2469,.T.);
#1168=ORIENTED_EDGE('',*,*,#2470,.T.);
#1169=ORIENTED_EDGE('',*,*,#2471,.T.);
#1170=ORIENTED_EDGE('',*,*,#2472,.T.);
#1171=ORIENTED_EDGE('',*,*,#2473,.T.);
#1172=ORIENTED_EDGE('',*,*,#2474,.T.);
#1173=ORIENTED_EDGE('',*,*,#2475,.T.);
#1174=ORIENTED_EDGE('',*,*,#2476,.T.);
#1175=ORIENTED_EDGE('',*,*,#2477,.T.);
#1176=ORIENTED_EDGE('',*,*,#2478,.T.);
#1177=ORIENTED_EDGE('',*,*,#2479,.T.);
#1178=ORIENTED_EDGE('',*,*,#2480,.T.);
#1179=ORIENTED_EDGE('',*,*,#2481,.T.);
#1180=ORIENTED_EDGE('',*,*,#2482,.T.);
#1181=ORIENTED_EDGE('',*,*,#2483,.T.);
#1182=ORIENTED_EDGE('',*,*,#2484,.T.);
#1183=ORIENTED_EDGE('',*,*,#2485,.T.);
#1184=ORIENTED_EDGE('',*,*,#2486,.T.);
#1185=ORIENTED_EDGE('',*,*,#2487,.T.);
#1186=ORIENTED_EDGE('',*,*,#2488,.T.);
#1187=ORIENTED_EDGE('',*,*,#2489,.T.);
#1188=ORIENTED_EDGE('',*,*,#2490,.T.);
#1189=ORIENTED_EDGE('',*,*,#2491,.T.);
#1190=ORIENTED_EDGE('',*,*,#2492,.T.);
#1191=ORIENTED_EDGE('',*,*,#2493,.T.);
#1192=ORIENTED_EDGE('',*,*,#2494,.T.);
#1193=ORIENTED_EDGE('',*,*,#2495,.T.);
#1194=ORIENTED_EDGE('',*,*,#2496,.T.);
#1195=ORIENTED_EDGE('',*,*,#2497,.T.);
#1196=ORIENTED_EDGE('',*,*,#2498,.T.);
#1197=ORIENTED_EDGE('',*,*,#2499,.T.);
#1198=ORIENTED_EDGE('',*,*,#2244,.F.);
#1199=ORIENTED_EDGE('',*,*,#2500,.T.);
#1200=ORIENTED_EDGE('',*,*,#2246,.F.);
#1201=ORIENTED_EDGE('',*,*,#2262,.F.);
#1202=ORIENTED_EDGE('',*,*,#2399,.F.);
#1203=ORIENTED_EDGE('',*,*,#2501,.T.);
#1204=ORIENTED_EDGE('',*,*,#2406,.F.);
#1205=ORIENTED_EDGE('',*,*,#2176,.F.);
#1206=ORIENTED_EDGE('',*,*,#2382,.F.);
#1207=ORIENTED_EDGE('',*,*,#2502,.T.);
#1208=ORIENTED_EDGE('',*,*,#2377,.F.);
#1209=ORIENTED_EDGE('',*,*,#2190,.F.);
#1210=ORIENTED_EDGE('',*,*,#2385,.F.);
#1211=ORIENTED_EDGE('',*,*,#2503,.T.);
#1212=ORIENTED_EDGE('',*,*,#2380,.F.);
#1213=ORIENTED_EDGE('',*,*,#2188,.F.);
#1214=ORIENTED_EDGE('',*,*,#2379,.F.);
#1215=ORIENTED_EDGE('',*,*,#2504,.T.);
#1216=ORIENTED_EDGE('',*,*,#2386,.F.);
#1217=ORIENTED_EDGE('',*,*,#2184,.F.);
#1218=ORIENTED_EDGE('',*,*,#2359,.F.);
#1219=ORIENTED_EDGE('',*,*,#2505,.T.);
#1220=ORIENTED_EDGE('',*,*,#2366,.F.);
#1221=ORIENTED_EDGE('',*,*,#2192,.F.);
#1222=ORIENTED_EDGE('',*,*,#2348,.F.);
#1223=ORIENTED_EDGE('',*,*,#2506,.T.);
#1224=ORIENTED_EDGE('',*,*,#2343,.F.);
#1225=ORIENTED_EDGE('',*,*,#2202,.F.);
#1226=ORIENTED_EDGE('',*,*,#2342,.F.);
#1227=ORIENTED_EDGE('',*,*,#2507,.T.);
#1228=ORIENTED_EDGE('',*,*,#2337,.F.);
#1229=ORIENTED_EDGE('',*,*,#2206,.F.);
#1230=ORIENTED_EDGE('',*,*,#2402,.F.);
#1231=ORIENTED_EDGE('',*,*,#2508,.T.);
#1232=ORIENTED_EDGE('',*,*,#2397,.F.);
#1233=ORIENTED_EDGE('',*,*,#2182,.F.);
#1234=ORIENTED_EDGE('',*,*,#2408,.F.);
#1235=ORIENTED_EDGE('',*,*,#2509,.T.);
#1236=ORIENTED_EDGE('',*,*,#2403,.F.);
#1237=ORIENTED_EDGE('',*,*,#2178,.F.);
#1238=ORIENTED_EDGE('',*,*,#2405,.F.);
#1239=ORIENTED_EDGE('',*,*,#2510,.T.);
#1240=ORIENTED_EDGE('',*,*,#2400,.F.);
#1241=ORIENTED_EDGE('',*,*,#2180,.F.);
#1242=ORIENTED_EDGE('',*,*,#2339,.F.);
#1243=ORIENTED_EDGE('',*,*,#2511,.T.);
#1244=ORIENTED_EDGE('',*,*,#2346,.F.);
#1245=ORIENTED_EDGE('',*,*,#2200,.F.);
#1246=ORIENTED_EDGE('',*,*,#2345,.F.);
#1247=ORIENTED_EDGE('',*,*,#2512,.T.);
#1248=ORIENTED_EDGE('',*,*,#2340,.F.);
#1249=ORIENTED_EDGE('',*,*,#2204,.F.);
#1250=ORIENTED_EDGE('',*,*,#2388,.F.);
#1251=ORIENTED_EDGE('',*,*,#2513,.T.);
#1252=ORIENTED_EDGE('',*,*,#2383,.F.);
#1253=ORIENTED_EDGE('',*,*,#2186,.F.);
#1254=ORIENTED_EDGE('',*,*,#2362,.F.);
#1255=ORIENTED_EDGE('',*,*,#2514,.T.);
#1256=ORIENTED_EDGE('',*,*,#2357,.F.);
#1257=ORIENTED_EDGE('',*,*,#2198,.F.);
#1258=ORIENTED_EDGE('',*,*,#2368,.F.);
#1259=ORIENTED_EDGE('',*,*,#2515,.T.);
#1260=ORIENTED_EDGE('',*,*,#2363,.F.);
#1261=ORIENTED_EDGE('',*,*,#2194,.F.);
#1262=ORIENTED_EDGE('',*,*,#2365,.F.);
#1263=ORIENTED_EDGE('',*,*,#2516,.T.);
#1264=ORIENTED_EDGE('',*,*,#2360,.F.);
#1265=ORIENTED_EDGE('',*,*,#2196,.F.);
#1266=ORIENTED_EDGE('',*,*,#2517,.F.);
#1267=ORIENTED_EDGE('',*,*,#2125,.F.);
#1268=ORIENTED_EDGE('',*,*,#2518,.F.);
#1269=ORIENTED_EDGE('',*,*,#2305,.F.);
#1270=ORIENTED_EDGE('',*,*,#2518,.T.);
#1271=ORIENTED_EDGE('',*,*,#2124,.F.);
#1272=ORIENTED_EDGE('',*,*,#2519,.F.);
#1273=ORIENTED_EDGE('',*,*,#2308,.F.);
#1274=ORIENTED_EDGE('',*,*,#2517,.T.);
#1275=ORIENTED_EDGE('',*,*,#2302,.F.);
#1276=ORIENTED_EDGE('',*,*,#2520,.F.);
#1277=ORIENTED_EDGE('',*,*,#2126,.F.);
#1278=ORIENTED_EDGE('',*,*,#2519,.T.);
#1279=ORIENTED_EDGE('',*,*,#2123,.F.);
#1280=ORIENTED_EDGE('',*,*,#2521,.F.);
#1281=ORIENTED_EDGE('',*,*,#2311,.F.);
#1282=ORIENTED_EDGE('',*,*,#2520,.T.);
#1283=ORIENTED_EDGE('',*,*,#2335,.F.);
#1284=ORIENTED_EDGE('',*,*,#2522,.F.);
#1285=ORIENTED_EDGE('',*,*,#2127,.F.);
#1286=ORIENTED_EDGE('',*,*,#2521,.T.);
#1287=ORIENTED_EDGE('',*,*,#2122,.F.);
#1288=ORIENTED_EDGE('',*,*,#2523,.F.);
#1289=ORIENTED_EDGE('',*,*,#2314,.F.);
#1290=ORIENTED_EDGE('',*,*,#2522,.T.);
#1291=ORIENTED_EDGE('',*,*,#2332,.F.);
#1292=ORIENTED_EDGE('',*,*,#2524,.F.);
#1293=ORIENTED_EDGE('',*,*,#2128,.F.);
#1294=ORIENTED_EDGE('',*,*,#2523,.T.);
#1295=ORIENTED_EDGE('',*,*,#2121,.F.);
#1296=ORIENTED_EDGE('',*,*,#2525,.F.);
#1297=ORIENTED_EDGE('',*,*,#2317,.F.);
#1298=ORIENTED_EDGE('',*,*,#2524,.T.);
#1299=ORIENTED_EDGE('',*,*,#2329,.F.);
#1300=ORIENTED_EDGE('',*,*,#2526,.F.);
#1301=ORIENTED_EDGE('',*,*,#2129,.F.);
#1302=ORIENTED_EDGE('',*,*,#2525,.T.);
#1303=ORIENTED_EDGE('',*,*,#2120,.F.);
#1304=ORIENTED_EDGE('',*,*,#2527,.F.);
#1305=ORIENTED_EDGE('',*,*,#2320,.F.);
#1306=ORIENTED_EDGE('',*,*,#2526,.T.);
#1307=ORIENTED_EDGE('',*,*,#2326,.F.);
#1308=ORIENTED_EDGE('',*,*,#2528,.F.);
#1309=ORIENTED_EDGE('',*,*,#2118,.F.);
#1310=ORIENTED_EDGE('',*,*,#2527,.T.);
#1311=ORIENTED_EDGE('',*,*,#2119,.F.);
#1312=ORIENTED_EDGE('',*,*,#2528,.T.);
#1313=ORIENTED_EDGE('',*,*,#2323,.F.);
#1314=ORIENTED_EDGE('',*,*,#2529,.F.);
#1315=ORIENTED_EDGE('',*,*,#2137,.F.);
#1316=ORIENTED_EDGE('',*,*,#2530,.F.);
#1317=ORIENTED_EDGE('',*,*,#2287,.F.);
#1318=ORIENTED_EDGE('',*,*,#2530,.T.);
#1319=ORIENTED_EDGE('',*,*,#2136,.F.);
#1320=ORIENTED_EDGE('',*,*,#2531,.F.);
#1321=ORIENTED_EDGE('',*,*,#2290,.F.);
#1322=ORIENTED_EDGE('',*,*,#2529,.T.);
#1323=ORIENTED_EDGE('',*,*,#2284,.F.);
#1324=ORIENTED_EDGE('',*,*,#2532,.F.);
#1325=ORIENTED_EDGE('',*,*,#2138,.F.);
#1326=ORIENTED_EDGE('',*,*,#2531,.T.);
#1327=ORIENTED_EDGE('',*,*,#2135,.F.);
#1328=ORIENTED_EDGE('',*,*,#2533,.F.);
#1329=ORIENTED_EDGE('',*,*,#2293,.F.);
#1330=ORIENTED_EDGE('',*,*,#2532,.T.);
#1331=ORIENTED_EDGE('',*,*,#2281,.F.);
#1332=ORIENTED_EDGE('',*,*,#2534,.F.);
#1333=ORIENTED_EDGE('',*,*,#2139,.F.);
#1334=ORIENTED_EDGE('',*,*,#2533,.T.);
#1335=ORIENTED_EDGE('',*,*,#2134,.F.);
#1336=ORIENTED_EDGE('',*,*,#2535,.F.);
#1337=ORIENTED_EDGE('',*,*,#2296,.F.);
#1338=ORIENTED_EDGE('',*,*,#2534,.T.);
#1339=ORIENTED_EDGE('',*,*,#2278,.F.);
#1340=ORIENTED_EDGE('',*,*,#2536,.F.);
#1341=ORIENTED_EDGE('',*,*,#2140,.F.);
#1342=ORIENTED_EDGE('',*,*,#2535,.T.);
#1343=ORIENTED_EDGE('',*,*,#2133,.F.);
#1344=ORIENTED_EDGE('',*,*,#2537,.F.);
#1345=ORIENTED_EDGE('',*,*,#2299,.F.);
#1346=ORIENTED_EDGE('',*,*,#2536,.T.);
#1347=ORIENTED_EDGE('',*,*,#2275,.F.);
#1348=ORIENTED_EDGE('',*,*,#2538,.F.);
#1349=ORIENTED_EDGE('',*,*,#2141,.F.);
#1350=ORIENTED_EDGE('',*,*,#2537,.T.);
#1351=ORIENTED_EDGE('',*,*,#2132,.F.);
#1352=ORIENTED_EDGE('',*,*,#2539,.F.);
#1353=ORIENTED_EDGE('',*,*,#2266,.F.);
#1354=ORIENTED_EDGE('',*,*,#2538,.T.);
#1355=ORIENTED_EDGE('',*,*,#2272,.F.);
#1356=ORIENTED_EDGE('',*,*,#2540,.F.);
#1357=ORIENTED_EDGE('',*,*,#2130,.F.);
#1358=ORIENTED_EDGE('',*,*,#2539,.T.);
#1359=ORIENTED_EDGE('',*,*,#2131,.F.);
#1360=ORIENTED_EDGE('',*,*,#2540,.T.);
#1361=ORIENTED_EDGE('',*,*,#2269,.F.);
#1362=ORIENTED_EDGE('',*,*,#2541,.F.);
#1363=ORIENTED_EDGE('',*,*,#2147,.F.);
#1364=ORIENTED_EDGE('',*,*,#2542,.F.);
#1365=ORIENTED_EDGE('',*,*,#2207,.F.);
#1366=ORIENTED_EDGE('',*,*,#2542,.T.);
#1367=ORIENTED_EDGE('',*,*,#2146,.F.);
#1368=ORIENTED_EDGE('',*,*,#2543,.F.);
#1369=ORIENTED_EDGE('',*,*,#2210,.F.);
#1370=ORIENTED_EDGE('',*,*,#2541,.T.);
#1371=ORIENTED_EDGE('',*,*,#2085,.F.);
#1372=ORIENTED_EDGE('',*,*,#2544,.F.);
#1373=ORIENTED_EDGE('',*,*,#2148,.F.);
#1374=ORIENTED_EDGE('',*,*,#2543,.T.);
#1375=ORIENTED_EDGE('',*,*,#2145,.F.);
#1376=ORIENTED_EDGE('',*,*,#2545,.F.);
#1377=ORIENTED_EDGE('',*,*,#2213,.F.);
#1378=ORIENTED_EDGE('',*,*,#2544,.T.);
#1379=ORIENTED_EDGE('',*,*,#2226,.F.);
#1380=ORIENTED_EDGE('',*,*,#2546,.F.);
#1381=ORIENTED_EDGE('',*,*,#2149,.F.);
#1382=ORIENTED_EDGE('',*,*,#2545,.T.);
#1383=ORIENTED_EDGE('',*,*,#2144,.F.);
#1384=ORIENTED_EDGE('',*,*,#2547,.F.);
#1385=ORIENTED_EDGE('',*,*,#2216,.F.);
#1386=ORIENTED_EDGE('',*,*,#2546,.T.);
#1387=ORIENTED_EDGE('',*,*,#2223,.F.);
#1388=ORIENTED_EDGE('',*,*,#2548,.F.);
#1389=ORIENTED_EDGE('',*,*,#2142,.F.);
#1390=ORIENTED_EDGE('',*,*,#2547,.T.);
#1391=ORIENTED_EDGE('',*,*,#2143,.F.);
#1392=ORIENTED_EDGE('',*,*,#2548,.T.);
#1393=ORIENTED_EDGE('',*,*,#2219,.F.);
#1394=ORIENTED_EDGE('',*,*,#2260,.F.);
#1395=ORIENTED_EDGE('',*,*,#2153,.F.);
#1396=ORIENTED_EDGE('',*,*,#2154,.F.);
#1397=ORIENTED_EDGE('',*,*,#2150,.F.);
#1398=ORIENTED_EDGE('',*,*,#2155,.F.);
#1399=ORIENTED_EDGE('',*,*,#2230,.F.);
#1400=ORIENTED_EDGE('',*,*,#2231,.F.);
#1401=ORIENTED_EDGE('',*,*,#2151,.F.);
#1402=ORIENTED_EDGE('',*,*,#2156,.F.);
#1403=ORIENTED_EDGE('',*,*,#2228,.F.);
#1404=ORIENTED_EDGE('',*,*,#2229,.F.);
#1405=ORIENTED_EDGE('',*,*,#2152,.F.);
#1406=ORIENTED_EDGE('',*,*,#2549,.F.);
#1407=ORIENTED_EDGE('',*,*,#2227,.F.);
#1408=ORIENTED_EDGE('',*,*,#2550,.F.);
#1409=ORIENTED_EDGE('',*,*,#2162,.F.);
#1410=ORIENTED_EDGE('',*,*,#2550,.T.);
#1411=ORIENTED_EDGE('',*,*,#2087,.F.);
#1412=ORIENTED_EDGE('',*,*,#2551,.F.);
#1413=ORIENTED_EDGE('',*,*,#2163,.F.);
#1414=ORIENTED_EDGE('',*,*,#2549,.T.);
#1415=ORIENTED_EDGE('',*,*,#2161,.F.);
#1416=ORIENTED_EDGE('',*,*,#2552,.F.);
#1417=ORIENTED_EDGE('',*,*,#2225,.F.);
#1418=ORIENTED_EDGE('',*,*,#2551,.T.);
#1419=ORIENTED_EDGE('',*,*,#2209,.F.);
#1420=ORIENTED_EDGE('',*,*,#2553,.F.);
#1421=ORIENTED_EDGE('',*,*,#2164,.F.);
#1422=ORIENTED_EDGE('',*,*,#2552,.T.);
#1423=ORIENTED_EDGE('',*,*,#2160,.F.);
#1424=ORIENTED_EDGE('',*,*,#2554,.F.);
#1425=ORIENTED_EDGE('',*,*,#2221,.F.);
#1426=ORIENTED_EDGE('',*,*,#2553,.T.);
#1427=ORIENTED_EDGE('',*,*,#2212,.F.);
#1428=ORIENTED_EDGE('',*,*,#2555,.F.);
#1429=ORIENTED_EDGE('',*,*,#2157,.F.);
#1430=ORIENTED_EDGE('',*,*,#2554,.T.);
#1431=ORIENTED_EDGE('',*,*,#2159,.F.);
#1432=ORIENTED_EDGE('',*,*,#2556,.F.);
#1433=ORIENTED_EDGE('',*,*,#2218,.F.);
#1434=ORIENTED_EDGE('',*,*,#2555,.T.);
#1435=ORIENTED_EDGE('',*,*,#2215,.F.);
#1436=ORIENTED_EDGE('',*,*,#2556,.T.);
#1437=ORIENTED_EDGE('',*,*,#2158,.F.);
#1438=ORIENTED_EDGE('',*,*,#2557,.F.);
#1439=ORIENTED_EDGE('',*,*,#2384,.F.);
#1440=ORIENTED_EDGE('',*,*,#2558,.F.);
#1441=ORIENTED_EDGE('',*,*,#2394,.F.);
#1442=ORIENTED_EDGE('',*,*,#2558,.T.);
#1443=ORIENTED_EDGE('',*,*,#2513,.F.);
#1444=ORIENTED_EDGE('',*,*,#2559,.F.);
#1445=ORIENTED_EDGE('',*,*,#2395,.F.);
#1446=ORIENTED_EDGE('',*,*,#2557,.T.);
#1447=ORIENTED_EDGE('',*,*,#2393,.F.);
#1448=ORIENTED_EDGE('',*,*,#2560,.F.);
#1449=ORIENTED_EDGE('',*,*,#2503,.F.);
#1450=ORIENTED_EDGE('',*,*,#2559,.T.);
#1451=ORIENTED_EDGE('',*,*,#2387,.F.);
#1452=ORIENTED_EDGE('',*,*,#2561,.F.);
#1453=ORIENTED_EDGE('',*,*,#2396,.F.);
#1454=ORIENTED_EDGE('',*,*,#2560,.T.);
#1455=ORIENTED_EDGE('',*,*,#2392,.F.);
#1456=ORIENTED_EDGE('',*,*,#2562,.F.);
#1457=ORIENTED_EDGE('',*,*,#2381,.F.);
#1458=ORIENTED_EDGE('',*,*,#2561,.T.);
#1459=ORIENTED_EDGE('',*,*,#2504,.F.);
#1460=ORIENTED_EDGE('',*,*,#2563,.F.);
#1461=ORIENTED_EDGE('',*,*,#2389,.F.);
#1462=ORIENTED_EDGE('',*,*,#2562,.T.);
#1463=ORIENTED_EDGE('',*,*,#2391,.F.);
#1464=ORIENTED_EDGE('',*,*,#2564,.F.);
#1465=ORIENTED_EDGE('',*,*,#2502,.F.);
#1466=ORIENTED_EDGE('',*,*,#2563,.T.);
#1467=ORIENTED_EDGE('',*,*,#2378,.F.);
#1468=ORIENTED_EDGE('',*,*,#2564,.T.);
#1469=ORIENTED_EDGE('',*,*,#2390,.F.);
#1470=ORIENTED_EDGE('',*,*,#2565,.F.);
#1471=ORIENTED_EDGE('',*,*,#2404,.F.);
#1472=ORIENTED_EDGE('',*,*,#2566,.F.);
#1473=ORIENTED_EDGE('',*,*,#2414,.F.);
#1474=ORIENTED_EDGE('',*,*,#2566,.T.);
#1475=ORIENTED_EDGE('',*,*,#2509,.F.);
#1476=ORIENTED_EDGE('',*,*,#2567,.F.);
#1477=ORIENTED_EDGE('',*,*,#2415,.F.);
#1478=ORIENTED_EDGE('',*,*,#2565,.T.);
#1479=ORIENTED_EDGE('',*,*,#2413,.F.);
#1480=ORIENTED_EDGE('',*,*,#2568,.F.);
#1481=ORIENTED_EDGE('',*,*,#2510,.F.);
#1482=ORIENTED_EDGE('',*,*,#2567,.T.);
#1483=ORIENTED_EDGE('',*,*,#2407,.F.);
#1484=ORIENTED_EDGE('',*,*,#2569,.F.);
#1485=ORIENTED_EDGE('',*,*,#2416,.F.);
#1486=ORIENTED_EDGE('',*,*,#2568,.T.);
#1487=ORIENTED_EDGE('',*,*,#2412,.F.);
#1488=ORIENTED_EDGE('',*,*,#2570,.F.);
#1489=ORIENTED_EDGE('',*,*,#2401,.F.);
#1490=ORIENTED_EDGE('',*,*,#2569,.T.);
#1491=ORIENTED_EDGE('',*,*,#2501,.F.);
#1492=ORIENTED_EDGE('',*,*,#2571,.F.);
#1493=ORIENTED_EDGE('',*,*,#2409,.F.);
#1494=ORIENTED_EDGE('',*,*,#2570,.T.);
#1495=ORIENTED_EDGE('',*,*,#2411,.F.);
#1496=ORIENTED_EDGE('',*,*,#2572,.F.);
#1497=ORIENTED_EDGE('',*,*,#2508,.F.);
#1498=ORIENTED_EDGE('',*,*,#2571,.T.);
#1499=ORIENTED_EDGE('',*,*,#2398,.F.);
#1500=ORIENTED_EDGE('',*,*,#2572,.T.);
#1501=ORIENTED_EDGE('',*,*,#2410,.F.);
#1502=ORIENTED_EDGE('',*,*,#2573,.F.);
#1503=ORIENTED_EDGE('',*,*,#2364,.F.);
#1504=ORIENTED_EDGE('',*,*,#2574,.F.);
#1505=ORIENTED_EDGE('',*,*,#2374,.F.);
#1506=ORIENTED_EDGE('',*,*,#2574,.T.);
#1507=ORIENTED_EDGE('',*,*,#2515,.F.);
#1508=ORIENTED_EDGE('',*,*,#2575,.F.);
#1509=ORIENTED_EDGE('',*,*,#2375,.F.);
#1510=ORIENTED_EDGE('',*,*,#2573,.T.);
#1511=ORIENTED_EDGE('',*,*,#2373,.F.);
#1512=ORIENTED_EDGE('',*,*,#2576,.F.);
#1513=ORIENTED_EDGE('',*,*,#2516,.F.);
#1514=ORIENTED_EDGE('',*,*,#2575,.T.);
#1515=ORIENTED_EDGE('',*,*,#2367,.F.);
#1516=ORIENTED_EDGE('',*,*,#2577,.F.);
#1517=ORIENTED_EDGE('',*,*,#2376,.F.);
#1518=ORIENTED_EDGE('',*,*,#2576,.T.);
#1519=ORIENTED_EDGE('',*,*,#2372,.F.);
#1520=ORIENTED_EDGE('',*,*,#2578,.F.);
#1521=ORIENTED_EDGE('',*,*,#2361,.F.);
#1522=ORIENTED_EDGE('',*,*,#2577,.T.);
#1523=ORIENTED_EDGE('',*,*,#2505,.F.);
#1524=ORIENTED_EDGE('',*,*,#2579,.F.);
#1525=ORIENTED_EDGE('',*,*,#2369,.F.);
#1526=ORIENTED_EDGE('',*,*,#2578,.T.);
#1527=ORIENTED_EDGE('',*,*,#2371,.F.);
#1528=ORIENTED_EDGE('',*,*,#2580,.F.);
#1529=ORIENTED_EDGE('',*,*,#2514,.F.);
#1530=ORIENTED_EDGE('',*,*,#2579,.T.);
#1531=ORIENTED_EDGE('',*,*,#2358,.F.);
#1532=ORIENTED_EDGE('',*,*,#2580,.T.);
#1533=ORIENTED_EDGE('',*,*,#2370,.F.);
#1534=ORIENTED_EDGE('',*,*,#2581,.F.);
#1535=ORIENTED_EDGE('',*,*,#2344,.F.);
#1536=ORIENTED_EDGE('',*,*,#2582,.F.);
#1537=ORIENTED_EDGE('',*,*,#2354,.F.);
#1538=ORIENTED_EDGE('',*,*,#2582,.T.);
#1539=ORIENTED_EDGE('',*,*,#2506,.F.);
#1540=ORIENTED_EDGE('',*,*,#2583,.F.);
#1541=ORIENTED_EDGE('',*,*,#2355,.F.);
#1542=ORIENTED_EDGE('',*,*,#2581,.T.);
#1543=ORIENTED_EDGE('',*,*,#2353,.F.);
#1544=ORIENTED_EDGE('',*,*,#2584,.F.);
#1545=ORIENTED_EDGE('',*,*,#2512,.F.);
#1546=ORIENTED_EDGE('',*,*,#2583,.T.);
#1547=ORIENTED_EDGE('',*,*,#2347,.F.);
#1548=ORIENTED_EDGE('',*,*,#2585,.F.);
#1549=ORIENTED_EDGE('',*,*,#2356,.F.);
#1550=ORIENTED_EDGE('',*,*,#2584,.T.);
#1551=ORIENTED_EDGE('',*,*,#2352,.F.);
#1552=ORIENTED_EDGE('',*,*,#2586,.F.);
#1553=ORIENTED_EDGE('',*,*,#2341,.F.);
#1554=ORIENTED_EDGE('',*,*,#2585,.T.);
#1555=ORIENTED_EDGE('',*,*,#2511,.F.);
#1556=ORIENTED_EDGE('',*,*,#2587,.F.);
#1557=ORIENTED_EDGE('',*,*,#2349,.F.);
#1558=ORIENTED_EDGE('',*,*,#2586,.T.);
#1559=ORIENTED_EDGE('',*,*,#2351,.F.);
#1560=ORIENTED_EDGE('',*,*,#2588,.F.);
#1561=ORIENTED_EDGE('',*,*,#2507,.F.);
#1562=ORIENTED_EDGE('',*,*,#2587,.T.);
#1563=ORIENTED_EDGE('',*,*,#2338,.F.);
#1564=ORIENTED_EDGE('',*,*,#2588,.T.);
#1565=ORIENTED_EDGE('',*,*,#2350,.F.);
#1566=ORIENTED_EDGE('',*,*,#2589,.F.);
#1567=ORIENTED_EDGE('',*,*,#2452,.F.);
#1568=ORIENTED_EDGE('',*,*,#2236,.F.);
#1569=ORIENTED_EDGE('',*,*,#2261,.F.);
#1570=ORIENTED_EDGE('',*,*,#2590,.F.);
#1571=ORIENTED_EDGE('',*,*,#2589,.T.);
#1572=ORIENTED_EDGE('',*,*,#2591,.F.);
#1573=ORIENTED_EDGE('',*,*,#2258,.F.);
#1574=ORIENTED_EDGE('',*,*,#2439,.F.);
#1575=ORIENTED_EDGE('',*,*,#2592,.F.);
#1576=ORIENTED_EDGE('',*,*,#2263,.F.);
#1577=ORIENTED_EDGE('',*,*,#2591,.T.);
#1578=ORIENTED_EDGE('',*,*,#2264,.F.);
#1579=ORIENTED_EDGE('',*,*,#2593,.F.);
#1580=ORIENTED_EDGE('',*,*,#2114,.F.);
#1581=ORIENTED_EDGE('',*,*,#2590,.T.);
#1582=ORIENTED_EDGE('',*,*,#2113,.F.);
#1583=ORIENTED_EDGE('',*,*,#2594,.F.);
#1584=ORIENTED_EDGE('',*,*,#2453,.F.);
#1585=ORIENTED_EDGE('',*,*,#2595,.F.);
#1586=ORIENTED_EDGE('',*,*,#2449,.F.);
#1587=ORIENTED_EDGE('',*,*,#2596,.F.);
#1588=ORIENTED_EDGE('',*,*,#2450,.F.);
#1589=ORIENTED_EDGE('',*,*,#2596,.T.);
#1590=ORIENTED_EDGE('',*,*,#2448,.F.);
#1591=ORIENTED_EDGE('',*,*,#2597,.F.);
#1592=ORIENTED_EDGE('',*,*,#2238,.F.);
#1593=ORIENTED_EDGE('',*,*,#2451,.F.);
#1594=ORIENTED_EDGE('',*,*,#2593,.T.);
#1595=ORIENTED_EDGE('',*,*,#2592,.T.);
#1596=ORIENTED_EDGE('',*,*,#2598,.F.);
#1597=ORIENTED_EDGE('',*,*,#2594,.T.);
#1598=ORIENTED_EDGE('',*,*,#2112,.T.);
#1599=ORIENTED_EDGE('',*,*,#2599,.F.);
#1600=ORIENTED_EDGE('',*,*,#2595,.T.);
#1601=ORIENTED_EDGE('',*,*,#2239,.T.);
#1602=ORIENTED_EDGE('',*,*,#2597,.T.);
#1603=ORIENTED_EDGE('',*,*,#2600,.F.);
#1604=ORIENTED_EDGE('',*,*,#2601,.F.);
#1605=ORIENTED_EDGE('',*,*,#2598,.T.);
#1606=ORIENTED_EDGE('',*,*,#2438,.F.);
#1607=ORIENTED_EDGE('',*,*,#2602,.F.);
#1608=ORIENTED_EDGE('',*,*,#2115,.F.);
#1609=ORIENTED_EDGE('',*,*,#2599,.T.);
#1610=ORIENTED_EDGE('',*,*,#2111,.F.);
#1611=ORIENTED_EDGE('',*,*,#2603,.F.);
#1612=ORIENTED_EDGE('',*,*,#2446,.F.);
#1613=ORIENTED_EDGE('',*,*,#2600,.T.);
#1614=ORIENTED_EDGE('',*,*,#2447,.F.);
#1615=ORIENTED_EDGE('',*,*,#2604,.F.);
#1616=ORIENTED_EDGE('',*,*,#2091,.F.);
#1617=ORIENTED_EDGE('',*,*,#2601,.T.);
#1618=ORIENTED_EDGE('',*,*,#2090,.F.);
#1619=ORIENTED_EDGE('',*,*,#2605,.F.);
#1620=ORIENTED_EDGE('',*,*,#2240,.F.);
#1621=ORIENTED_EDGE('',*,*,#2606,.F.);
#1622=ORIENTED_EDGE('',*,*,#2441,.F.);
#1623=ORIENTED_EDGE('',*,*,#2607,.F.);
#1624=ORIENTED_EDGE('',*,*,#2443,.F.);
#1625=ORIENTED_EDGE('',*,*,#2602,.T.);
#1626=ORIENTED_EDGE('',*,*,#2606,.T.);
#1627=ORIENTED_EDGE('',*,*,#2608,.F.);
#1628=ORIENTED_EDGE('',*,*,#2116,.T.);
#1629=ORIENTED_EDGE('',*,*,#2604,.T.);
#1630=ORIENTED_EDGE('',*,*,#2603,.T.);
#1631=ORIENTED_EDGE('',*,*,#2609,.F.);
#1632=ORIENTED_EDGE('',*,*,#2241,.T.);
#1633=ORIENTED_EDGE('',*,*,#2605,.T.);
#1634=ORIENTED_EDGE('',*,*,#2610,.F.);
#1635=ORIENTED_EDGE('',*,*,#2611,.F.);
#1636=ORIENTED_EDGE('',*,*,#2440,.F.);
#1637=ORIENTED_EDGE('',*,*,#2256,.F.);
#1638=ORIENTED_EDGE('',*,*,#2612,.F.);
#1639=ORIENTED_EDGE('',*,*,#2444,.F.);
#1640=ORIENTED_EDGE('',*,*,#2607,.T.);
#1641=ORIENTED_EDGE('',*,*,#2613,.F.);
#1642=ORIENTED_EDGE('',*,*,#2445,.F.);
#1643=ORIENTED_EDGE('',*,*,#2614,.F.);
#1644=ORIENTED_EDGE('',*,*,#2093,.F.);
#1645=ORIENTED_EDGE('',*,*,#2608,.T.);
#1646=ORIENTED_EDGE('',*,*,#2442,.F.);
#1647=ORIENTED_EDGE('',*,*,#2615,.F.);
#1648=ORIENTED_EDGE('',*,*,#2117,.F.);
#1649=ORIENTED_EDGE('',*,*,#2609,.T.);
#1650=ORIENTED_EDGE('',*,*,#2110,.F.);
#1651=ORIENTED_EDGE('',*,*,#2616,.F.);
#1652=ORIENTED_EDGE('',*,*,#2088,.F.);
#1653=ORIENTED_EDGE('',*,*,#2610,.T.);
#1654=ORIENTED_EDGE('',*,*,#2089,.F.);
#1655=ORIENTED_EDGE('',*,*,#2617,.F.);
#1656=ORIENTED_EDGE('',*,*,#2469,.F.);
#1657=ORIENTED_EDGE('',*,*,#2611,.T.);
#1658=ORIENTED_EDGE('',*,*,#2468,.F.);
#1659=ORIENTED_EDGE('',*,*,#2618,.F.);
#1660=ORIENTED_EDGE('',*,*,#2242,.F.);
#1661=ORIENTED_EDGE('',*,*,#2612,.T.);
#1662=ORIENTED_EDGE('',*,*,#2255,.T.);
#1663=ORIENTED_EDGE('',*,*,#2619,.F.);
#1664=ORIENTED_EDGE('',*,*,#2614,.T.);
#1665=ORIENTED_EDGE('',*,*,#2615,.T.);
#1666=ORIENTED_EDGE('',*,*,#2613,.T.);
#1667=ORIENTED_EDGE('',*,*,#2620,.F.);
#1668=ORIENTED_EDGE('',*,*,#2617,.T.);
#1669=ORIENTED_EDGE('',*,*,#2616,.T.);
#1670=ORIENTED_EDGE('',*,*,#2621,.F.);
#1671=ORIENTED_EDGE('',*,*,#2622,.F.);
#1672=ORIENTED_EDGE('',*,*,#2618,.T.);
#1673=ORIENTED_EDGE('',*,*,#2623,.F.);
#1674=ORIENTED_EDGE('',*,*,#2619,.T.);
#1675=ORIENTED_EDGE('',*,*,#2254,.F.);
#1676=ORIENTED_EDGE('',*,*,#2624,.F.);
#1677=ORIENTED_EDGE('',*,*,#2094,.F.);
#1678=ORIENTED_EDGE('',*,*,#2625,.F.);
#1679=ORIENTED_EDGE('',*,*,#2095,.F.);
#1680=ORIENTED_EDGE('',*,*,#2626,.F.);
#1681=ORIENTED_EDGE('',*,*,#2459,.F.);
#1682=ORIENTED_EDGE('',*,*,#2620,.T.);
#1683=ORIENTED_EDGE('',*,*,#2092,.F.);
#1684=ORIENTED_EDGE('',*,*,#2627,.F.);
#1685=ORIENTED_EDGE('',*,*,#2102,.F.);
#1686=ORIENTED_EDGE('',*,*,#2621,.T.);
#1687=ORIENTED_EDGE('',*,*,#2109,.F.);
#1688=ORIENTED_EDGE('',*,*,#2628,.F.);
#1689=ORIENTED_EDGE('',*,*,#2466,.F.);
#1690=ORIENTED_EDGE('',*,*,#2623,.T.);
#1691=ORIENTED_EDGE('',*,*,#2467,.F.);
#1692=ORIENTED_EDGE('',*,*,#2629,.F.);
#1693=ORIENTED_EDGE('',*,*,#2465,.F.);
#1694=ORIENTED_EDGE('',*,*,#2622,.T.);
#1695=ORIENTED_EDGE('',*,*,#2464,.F.);
#1696=ORIENTED_EDGE('',*,*,#2630,.F.);
#1697=ORIENTED_EDGE('',*,*,#2232,.F.);
#1698=ORIENTED_EDGE('',*,*,#2631,.F.);
#1699=ORIENTED_EDGE('',*,*,#2171,.F.);
#1700=ORIENTED_EDGE('',*,*,#2632,.F.);
#1701=ORIENTED_EDGE('',*,*,#2233,.F.);
#1702=ORIENTED_EDGE('',*,*,#2632,.T.);
#1703=ORIENTED_EDGE('',*,*,#2170,.F.);
#1704=ORIENTED_EDGE('',*,*,#2633,.F.);
#1705=ORIENTED_EDGE('',*,*,#2243,.F.);
#1706=ORIENTED_EDGE('',*,*,#2624,.T.);
#1707=ORIENTED_EDGE('',*,*,#2253,.T.);
#1708=ORIENTED_EDGE('',*,*,#2634,.F.);
#1709=ORIENTED_EDGE('',*,*,#2626,.T.);
#1710=ORIENTED_EDGE('',*,*,#2627,.T.);
#1711=ORIENTED_EDGE('',*,*,#2625,.T.);
#1712=ORIENTED_EDGE('',*,*,#2635,.F.);
#1713=ORIENTED_EDGE('',*,*,#2628,.T.);
#1714=ORIENTED_EDGE('',*,*,#2108,.T.);
#1715=ORIENTED_EDGE('',*,*,#2636,.F.);
#1716=ORIENTED_EDGE('',*,*,#2629,.T.);
#1717=ORIENTED_EDGE('',*,*,#2631,.T.);
#1718=ORIENTED_EDGE('',*,*,#2630,.T.);
#1719=ORIENTED_EDGE('',*,*,#2637,.F.);
#1720=ORIENTED_EDGE('',*,*,#2633,.T.);
#1721=ORIENTED_EDGE('',*,*,#2169,.F.);
#1722=ORIENTED_EDGE('',*,*,#2638,.F.);
#1723=ORIENTED_EDGE('',*,*,#2500,.F.);
#1724=ORIENTED_EDGE('',*,*,#2634,.T.);
#1725=ORIENTED_EDGE('',*,*,#2252,.F.);
#1726=ORIENTED_EDGE('',*,*,#2639,.F.);
#1727=ORIENTED_EDGE('',*,*,#2460,.F.);
#1728=ORIENTED_EDGE('',*,*,#2640,.F.);
#1729=ORIENTED_EDGE('',*,*,#2461,.F.);
#1730=ORIENTED_EDGE('',*,*,#2641,.F.);
#1731=ORIENTED_EDGE('',*,*,#2457,.F.);
#1732=ORIENTED_EDGE('',*,*,#2635,.T.);
#1733=ORIENTED_EDGE('',*,*,#2458,.F.);
#1734=ORIENTED_EDGE('',*,*,#2642,.F.);
#1735=ORIENTED_EDGE('',*,*,#2103,.F.);
#1736=ORIENTED_EDGE('',*,*,#2636,.T.);
#1737=ORIENTED_EDGE('',*,*,#2107,.F.);
#1738=ORIENTED_EDGE('',*,*,#2643,.F.);
#1739=ORIENTED_EDGE('',*,*,#2462,.F.);
#1740=ORIENTED_EDGE('',*,*,#2637,.T.);
#1741=ORIENTED_EDGE('',*,*,#2463,.F.);
#1742=ORIENTED_EDGE('',*,*,#2644,.F.);
#1743=ORIENTED_EDGE('',*,*,#2172,.F.);
#1744=ORIENTED_EDGE('',*,*,#2638,.T.);
#1745=ORIENTED_EDGE('',*,*,#2168,.F.);
#1746=ORIENTED_EDGE('',*,*,#2645,.F.);
#1747=ORIENTED_EDGE('',*,*,#2247,.F.);
#1748=ORIENTED_EDGE('',*,*,#2641,.T.);
#1749=ORIENTED_EDGE('',*,*,#2639,.T.);
#1750=ORIENTED_EDGE('',*,*,#2646,.F.);
#1751=ORIENTED_EDGE('',*,*,#2642,.T.);
#1752=ORIENTED_EDGE('',*,*,#2640,.T.);
#1753=ORIENTED_EDGE('',*,*,#2647,.F.);
#1754=ORIENTED_EDGE('',*,*,#2104,.T.);
#1755=ORIENTED_EDGE('',*,*,#2644,.T.);
#1756=ORIENTED_EDGE('',*,*,#2643,.T.);
#1757=ORIENTED_EDGE('',*,*,#2648,.F.);
#1758=ORIENTED_EDGE('',*,*,#2173,.T.);
#1759=ORIENTED_EDGE('',*,*,#2645,.T.);
#1760=ORIENTED_EDGE('',*,*,#2167,.F.);
#1761=ORIENTED_EDGE('',*,*,#2649,.F.);
#1762=ORIENTED_EDGE('',*,*,#2250,.F.);
#1763=ORIENTED_EDGE('',*,*,#2646,.T.);
#1764=ORIENTED_EDGE('',*,*,#2251,.F.);
#1765=ORIENTED_EDGE('',*,*,#2650,.F.);
#1766=ORIENTED_EDGE('',*,*,#2454,.F.);
#1767=ORIENTED_EDGE('',*,*,#2647,.T.);
#1768=ORIENTED_EDGE('',*,*,#2456,.F.);
#1769=ORIENTED_EDGE('',*,*,#2651,.F.);
#1770=ORIENTED_EDGE('',*,*,#2105,.F.);
#1771=ORIENTED_EDGE('',*,*,#2648,.T.);
#1772=ORIENTED_EDGE('',*,*,#2106,.F.);
#1773=ORIENTED_EDGE('',*,*,#2652,.F.);
#1774=ORIENTED_EDGE('',*,*,#2174,.F.);
#1775=ORIENTED_EDGE('',*,*,#2650,.T.);
#1776=ORIENTED_EDGE('',*,*,#2649,.T.);
#1777=ORIENTED_EDGE('',*,*,#2653,.F.);
#1778=ORIENTED_EDGE('',*,*,#2652,.T.);
#1779=ORIENTED_EDGE('',*,*,#2651,.T.);
#1780=ORIENTED_EDGE('',*,*,#2654,.F.);
#1781=ORIENTED_EDGE('',*,*,#2165,.T.);
#1782=ORIENTED_EDGE('',*,*,#2653,.T.);
#1783=ORIENTED_EDGE('',*,*,#2166,.F.);
#1784=ORIENTED_EDGE('',*,*,#2654,.T.);
#1785=ORIENTED_EDGE('',*,*,#2455,.F.);
#1786=ORIENTED_EDGE('',*,*,#2435,.F.);
#1787=ORIENTED_EDGE('',*,*,#2436,.F.);
#1788=ORIENTED_EDGE('',*,*,#2222,.F.);
#1789=ORIENTED_EDGE('',*,*,#2437,.F.);
#1790=ORIENTED_EDGE('',*,*,#2655,.F.);
#1791=ORIENTED_EDGE('',*,*,#2100,.F.);
#1792=ORIENTED_EDGE('',*,*,#2656,.F.);
#1793=ORIENTED_EDGE('',*,*,#2433,.F.);
#1794=ORIENTED_EDGE('',*,*,#2656,.T.);
#1795=ORIENTED_EDGE('',*,*,#2099,.F.);
#1796=ORIENTED_EDGE('',*,*,#2657,.F.);
#1797=ORIENTED_EDGE('',*,*,#2418,.F.);
#1798=ORIENTED_EDGE('',*,*,#2655,.T.);
#1799=ORIENTED_EDGE('',*,*,#2430,.F.);
#1800=ORIENTED_EDGE('',*,*,#2658,.F.);
#1801=ORIENTED_EDGE('',*,*,#2101,.F.);
#1802=ORIENTED_EDGE('',*,*,#2657,.T.);
#1803=ORIENTED_EDGE('',*,*,#2098,.F.);
#1804=ORIENTED_EDGE('',*,*,#2659,.F.);
#1805=ORIENTED_EDGE('',*,*,#2421,.F.);
#1806=ORIENTED_EDGE('',*,*,#2658,.T.);
#1807=ORIENTED_EDGE('',*,*,#2427,.F.);
#1808=ORIENTED_EDGE('',*,*,#2660,.F.);
#1809=ORIENTED_EDGE('',*,*,#2096,.F.);
#1810=ORIENTED_EDGE('',*,*,#2659,.T.);
#1811=ORIENTED_EDGE('',*,*,#2097,.F.);
#1812=ORIENTED_EDGE('',*,*,#2660,.T.);
#1813=ORIENTED_EDGE('',*,*,#2424,.F.);
#1814=ORIENTED_EDGE('',*,*,#2661,.F.);
#1815=ORIENTED_EDGE('',*,*,#2481,.F.);
#1816=ORIENTED_EDGE('',*,*,#2662,.F.);
#1817=ORIENTED_EDGE('',*,*,#2663,.F.);
#1818=ORIENTED_EDGE('',*,*,#2662,.T.);
#1819=ORIENTED_EDGE('',*,*,#2480,.F.);
#1820=ORIENTED_EDGE('',*,*,#2664,.F.);
#1821=ORIENTED_EDGE('',*,*,#2665,.F.);
#1822=ORIENTED_EDGE('',*,*,#2666,.F.);
#1823=ORIENTED_EDGE('',*,*,#2663,.T.);
#1824=ORIENTED_EDGE('',*,*,#2667,.F.);
#1825=ORIENTED_EDGE('',*,*,#2065,.F.);
#1826=ORIENTED_EDGE('',*,*,#2482,.F.);
#1827=ORIENTED_EDGE('',*,*,#2661,.T.);
#1828=ORIENTED_EDGE('',*,*,#2668,.F.);
#1829=ORIENTED_EDGE('',*,*,#2669,.F.);
#1830=ORIENTED_EDGE('',*,*,#2664,.T.);
#1831=ORIENTED_EDGE('',*,*,#2479,.F.);
#1832=ORIENTED_EDGE('',*,*,#2670,.F.);
#1833=ORIENTED_EDGE('',*,*,#2671,.F.);
#1834=ORIENTED_EDGE('',*,*,#2667,.T.);
#1835=ORIENTED_EDGE('',*,*,#2665,.T.);
#1836=ORIENTED_EDGE('',*,*,#2672,.F.);
#1837=ORIENTED_EDGE('',*,*,#2066,.F.);
#1838=ORIENTED_EDGE('',*,*,#2666,.T.);
#1839=ORIENTED_EDGE('',*,*,#2064,.F.);
#1840=ORIENTED_EDGE('',*,*,#2673,.F.);
#1841=ORIENTED_EDGE('',*,*,#2668,.T.);
#1842=ORIENTED_EDGE('',*,*,#2483,.F.);
#1843=ORIENTED_EDGE('',*,*,#2669,.T.);
#1844=ORIENTED_EDGE('',*,*,#2674,.F.);
#1845=ORIENTED_EDGE('',*,*,#2675,.F.);
#1846=ORIENTED_EDGE('',*,*,#2670,.T.);
#1847=ORIENTED_EDGE('',*,*,#2478,.F.);
#1848=ORIENTED_EDGE('',*,*,#2676,.F.);
#1849=ORIENTED_EDGE('',*,*,#2677,.F.);
#1850=ORIENTED_EDGE('',*,*,#2672,.T.);
#1851=ORIENTED_EDGE('',*,*,#2671,.T.);
#1852=ORIENTED_EDGE('',*,*,#2678,.F.);
#1853=ORIENTED_EDGE('',*,*,#2067,.F.);
#1854=ORIENTED_EDGE('',*,*,#2673,.T.);
#1855=ORIENTED_EDGE('',*,*,#2063,.F.);
#1856=ORIENTED_EDGE('',*,*,#2679,.F.);
#1857=ORIENTED_EDGE('',*,*,#2674,.T.);
#1858=ORIENTED_EDGE('',*,*,#2484,.F.);
#1859=ORIENTED_EDGE('',*,*,#2675,.T.);
#1860=ORIENTED_EDGE('',*,*,#2680,.F.);
#1861=ORIENTED_EDGE('',*,*,#2681,.F.);
#1862=ORIENTED_EDGE('',*,*,#2676,.T.);
#1863=ORIENTED_EDGE('',*,*,#2477,.F.);
#1864=ORIENTED_EDGE('',*,*,#2682,.F.);
#1865=ORIENTED_EDGE('',*,*,#2683,.F.);
#1866=ORIENTED_EDGE('',*,*,#2678,.T.);
#1867=ORIENTED_EDGE('',*,*,#2677,.T.);
#1868=ORIENTED_EDGE('',*,*,#2684,.F.);
#1869=ORIENTED_EDGE('',*,*,#2068,.F.);
#1870=ORIENTED_EDGE('',*,*,#2679,.T.);
#1871=ORIENTED_EDGE('',*,*,#2062,.F.);
#1872=ORIENTED_EDGE('',*,*,#2685,.F.);
#1873=ORIENTED_EDGE('',*,*,#2680,.T.);
#1874=ORIENTED_EDGE('',*,*,#2485,.F.);
#1875=ORIENTED_EDGE('',*,*,#2681,.T.);
#1876=ORIENTED_EDGE('',*,*,#2686,.F.);
#1877=ORIENTED_EDGE('',*,*,#2687,.F.);
#1878=ORIENTED_EDGE('',*,*,#2682,.T.);
#1879=ORIENTED_EDGE('',*,*,#2476,.F.);
#1880=ORIENTED_EDGE('',*,*,#2688,.F.);
#1881=ORIENTED_EDGE('',*,*,#2689,.F.);
#1882=ORIENTED_EDGE('',*,*,#2684,.T.);
#1883=ORIENTED_EDGE('',*,*,#2683,.T.);
#1884=ORIENTED_EDGE('',*,*,#2690,.F.);
#1885=ORIENTED_EDGE('',*,*,#2069,.F.);
#1886=ORIENTED_EDGE('',*,*,#2685,.T.);
#1887=ORIENTED_EDGE('',*,*,#2061,.F.);
#1888=ORIENTED_EDGE('',*,*,#2691,.F.);
#1889=ORIENTED_EDGE('',*,*,#2686,.T.);
#1890=ORIENTED_EDGE('',*,*,#2486,.F.);
#1891=ORIENTED_EDGE('',*,*,#2687,.T.);
#1892=ORIENTED_EDGE('',*,*,#2692,.F.);
#1893=ORIENTED_EDGE('',*,*,#2693,.F.);
#1894=ORIENTED_EDGE('',*,*,#2688,.T.);
#1895=ORIENTED_EDGE('',*,*,#2475,.F.);
#1896=ORIENTED_EDGE('',*,*,#2694,.F.);
#1897=ORIENTED_EDGE('',*,*,#2695,.F.);
#1898=ORIENTED_EDGE('',*,*,#2690,.T.);
#1899=ORIENTED_EDGE('',*,*,#2689,.T.);
#1900=ORIENTED_EDGE('',*,*,#2696,.F.);
#1901=ORIENTED_EDGE('',*,*,#2070,.F.);
#1902=ORIENTED_EDGE('',*,*,#2691,.T.);
#1903=ORIENTED_EDGE('',*,*,#2060,.F.);
#1904=ORIENTED_EDGE('',*,*,#2697,.F.);
#1905=ORIENTED_EDGE('',*,*,#2692,.T.);
#1906=ORIENTED_EDGE('',*,*,#2487,.F.);
#1907=ORIENTED_EDGE('',*,*,#2693,.T.);
#1908=ORIENTED_EDGE('',*,*,#2698,.F.);
#1909=ORIENTED_EDGE('',*,*,#2699,.F.);
#1910=ORIENTED_EDGE('',*,*,#2694,.T.);
#1911=ORIENTED_EDGE('',*,*,#2474,.F.);
#1912=ORIENTED_EDGE('',*,*,#2700,.F.);
#1913=ORIENTED_EDGE('',*,*,#2701,.F.);
#1914=ORIENTED_EDGE('',*,*,#2696,.T.);
#1915=ORIENTED_EDGE('',*,*,#2695,.T.);
#1916=ORIENTED_EDGE('',*,*,#2702,.F.);
#1917=ORIENTED_EDGE('',*,*,#2071,.F.);
#1918=ORIENTED_EDGE('',*,*,#2697,.T.);
#1919=ORIENTED_EDGE('',*,*,#2059,.F.);
#1920=ORIENTED_EDGE('',*,*,#2703,.F.);
#1921=ORIENTED_EDGE('',*,*,#2698,.T.);
#1922=ORIENTED_EDGE('',*,*,#2488,.F.);
#1923=ORIENTED_EDGE('',*,*,#2699,.T.);
#1924=ORIENTED_EDGE('',*,*,#2704,.F.);
#1925=ORIENTED_EDGE('',*,*,#2705,.F.);
#1926=ORIENTED_EDGE('',*,*,#2700,.T.);
#1927=ORIENTED_EDGE('',*,*,#2473,.F.);
#1928=ORIENTED_EDGE('',*,*,#2706,.F.);
#1929=ORIENTED_EDGE('',*,*,#2707,.F.);
#1930=ORIENTED_EDGE('',*,*,#2702,.T.);
#1931=ORIENTED_EDGE('',*,*,#2701,.T.);
#1932=ORIENTED_EDGE('',*,*,#2708,.F.);
#1933=ORIENTED_EDGE('',*,*,#2072,.F.);
#1934=ORIENTED_EDGE('',*,*,#2703,.T.);
#1935=ORIENTED_EDGE('',*,*,#2058,.F.);
#1936=ORIENTED_EDGE('',*,*,#2709,.F.);
#1937=ORIENTED_EDGE('',*,*,#2704,.T.);
#1938=ORIENTED_EDGE('',*,*,#2489,.F.);
#1939=ORIENTED_EDGE('',*,*,#2705,.T.);
#1940=ORIENTED_EDGE('',*,*,#2710,.F.);
#1941=ORIENTED_EDGE('',*,*,#2711,.F.);
#1942=ORIENTED_EDGE('',*,*,#2706,.T.);
#1943=ORIENTED_EDGE('',*,*,#2472,.F.);
#1944=ORIENTED_EDGE('',*,*,#2712,.F.);
#1945=ORIENTED_EDGE('',*,*,#2713,.F.);
#1946=ORIENTED_EDGE('',*,*,#2708,.T.);
#1947=ORIENTED_EDGE('',*,*,#2707,.T.);
#1948=ORIENTED_EDGE('',*,*,#2714,.F.);
#1949=ORIENTED_EDGE('',*,*,#2073,.F.);
#1950=ORIENTED_EDGE('',*,*,#2709,.T.);
#1951=ORIENTED_EDGE('',*,*,#2057,.F.);
#1952=ORIENTED_EDGE('',*,*,#2715,.F.);
#1953=ORIENTED_EDGE('',*,*,#2710,.T.);
#1954=ORIENTED_EDGE('',*,*,#2716,.F.);
#1955=ORIENTED_EDGE('',*,*,#2470,.F.);
#1956=ORIENTED_EDGE('',*,*,#2711,.T.);
#1957=ORIENTED_EDGE('',*,*,#2717,.F.);
#1958=ORIENTED_EDGE('',*,*,#2471,.F.);
#1959=ORIENTED_EDGE('',*,*,#2716,.T.);
#1960=ORIENTED_EDGE('',*,*,#2718,.F.);
#1961=ORIENTED_EDGE('',*,*,#2712,.T.);
#1962=ORIENTED_EDGE('',*,*,#2714,.T.);
#1963=ORIENTED_EDGE('',*,*,#2713,.T.);
#1964=ORIENTED_EDGE('',*,*,#2719,.F.);
#1965=ORIENTED_EDGE('',*,*,#2054,.F.);
#1966=ORIENTED_EDGE('',*,*,#2715,.T.);
#1967=ORIENTED_EDGE('',*,*,#2056,.F.);
#1968=ORIENTED_EDGE('',*,*,#2720,.F.);
#1969=ORIENTED_EDGE('',*,*,#2717,.T.);
#1970=ORIENTED_EDGE('',*,*,#2719,.T.);
#1971=ORIENTED_EDGE('',*,*,#2718,.T.);
#1972=ORIENTED_EDGE('',*,*,#2720,.T.);
#1973=ORIENTED_EDGE('',*,*,#2055,.F.);
#1974=ORIENTED_EDGE('',*,*,#2721,.F.);
#1975=ORIENTED_EDGE('',*,*,#2496,.F.);
#1976=ORIENTED_EDGE('',*,*,#2722,.F.);
#1977=ORIENTED_EDGE('',*,*,#2723,.F.);
#1978=ORIENTED_EDGE('',*,*,#2722,.T.);
#1979=ORIENTED_EDGE('',*,*,#2495,.F.);
#1980=ORIENTED_EDGE('',*,*,#2724,.F.);
#1981=ORIENTED_EDGE('',*,*,#2725,.F.);
#1982=ORIENTED_EDGE('',*,*,#2726,.F.);
#1983=ORIENTED_EDGE('',*,*,#2723,.T.);
#1984=ORIENTED_EDGE('',*,*,#2727,.F.);
#1985=ORIENTED_EDGE('',*,*,#2080,.F.);
#1986=ORIENTED_EDGE('',*,*,#2497,.F.);
#1987=ORIENTED_EDGE('',*,*,#2721,.T.);
#1988=ORIENTED_EDGE('',*,*,#2728,.F.);
#1989=ORIENTED_EDGE('',*,*,#2729,.F.);
#1990=ORIENTED_EDGE('',*,*,#2724,.T.);
#1991=ORIENTED_EDGE('',*,*,#2494,.F.);
#1992=ORIENTED_EDGE('',*,*,#2730,.F.);
#1993=ORIENTED_EDGE('',*,*,#2731,.F.);
#1994=ORIENTED_EDGE('',*,*,#2727,.T.);
#1995=ORIENTED_EDGE('',*,*,#2725,.T.);
#1996=ORIENTED_EDGE('',*,*,#2732,.F.);
#1997=ORIENTED_EDGE('',*,*,#2081,.F.);
#1998=ORIENTED_EDGE('',*,*,#2726,.T.);
#1999=ORIENTED_EDGE('',*,*,#2079,.F.);
#2000=ORIENTED_EDGE('',*,*,#2733,.F.);
#2001=ORIENTED_EDGE('',*,*,#2728,.T.);
#2002=ORIENTED_EDGE('',*,*,#2498,.F.);
#2003=ORIENTED_EDGE('',*,*,#2729,.T.);
#2004=ORIENTED_EDGE('',*,*,#2734,.F.);
#2005=ORIENTED_EDGE('',*,*,#2735,.F.);
#2006=ORIENTED_EDGE('',*,*,#2730,.T.);
#2007=ORIENTED_EDGE('',*,*,#2493,.F.);
#2008=ORIENTED_EDGE('',*,*,#2736,.F.);
#2009=ORIENTED_EDGE('',*,*,#2737,.F.);
#2010=ORIENTED_EDGE('',*,*,#2732,.T.);
#2011=ORIENTED_EDGE('',*,*,#2731,.T.);
#2012=ORIENTED_EDGE('',*,*,#2738,.F.);
#2013=ORIENTED_EDGE('',*,*,#2082,.F.);
#2014=ORIENTED_EDGE('',*,*,#2733,.T.);
#2015=ORIENTED_EDGE('',*,*,#2078,.F.);
#2016=ORIENTED_EDGE('',*,*,#2739,.F.);
#2017=ORIENTED_EDGE('',*,*,#2734,.T.);
#2018=ORIENTED_EDGE('',*,*,#2499,.F.);
#2019=ORIENTED_EDGE('',*,*,#2735,.T.);
#2020=ORIENTED_EDGE('',*,*,#2740,.F.);
#2021=ORIENTED_EDGE('',*,*,#2741,.F.);
#2022=ORIENTED_EDGE('',*,*,#2736,.T.);
#2023=ORIENTED_EDGE('',*,*,#2492,.F.);
#2024=ORIENTED_EDGE('',*,*,#2742,.F.);
#2025=ORIENTED_EDGE('',*,*,#2743,.F.);
#2026=ORIENTED_EDGE('',*,*,#2738,.T.);
#2027=ORIENTED_EDGE('',*,*,#2737,.T.);
#2028=ORIENTED_EDGE('',*,*,#2744,.F.);
#2029=ORIENTED_EDGE('',*,*,#2083,.F.);
#2030=ORIENTED_EDGE('',*,*,#2739,.T.);
#2031=ORIENTED_EDGE('',*,*,#2077,.F.);
#2032=ORIENTED_EDGE('',*,*,#2745,.F.);
#2033=ORIENTED_EDGE('',*,*,#2740,.T.);
#2034=ORIENTED_EDGE('',*,*,#2746,.F.);
#2035=ORIENTED_EDGE('',*,*,#2490,.F.);
#2036=ORIENTED_EDGE('',*,*,#2741,.T.);
#2037=ORIENTED_EDGE('',*,*,#2747,.F.);
#2038=ORIENTED_EDGE('',*,*,#2491,.F.);
#2039=ORIENTED_EDGE('',*,*,#2746,.T.);
#2040=ORIENTED_EDGE('',*,*,#2748,.F.);
#2041=ORIENTED_EDGE('',*,*,#2742,.T.);
#2042=ORIENTED_EDGE('',*,*,#2744,.T.);
#2043=ORIENTED_EDGE('',*,*,#2743,.T.);
#2044=ORIENTED_EDGE('',*,*,#2749,.F.);
#2045=ORIENTED_EDGE('',*,*,#2074,.F.);
#2046=ORIENTED_EDGE('',*,*,#2745,.T.);
#2047=ORIENTED_EDGE('',*,*,#2076,.F.);
#2048=ORIENTED_EDGE('',*,*,#2750,.F.);
#2049=ORIENTED_EDGE('',*,*,#2747,.T.);
#2050=ORIENTED_EDGE('',*,*,#2749,.T.);
#2051=ORIENTED_EDGE('',*,*,#2748,.T.);
#2052=ORIENTED_EDGE('',*,*,#2750,.T.);
#2053=ORIENTED_EDGE('',*,*,#2075,.F.);
#2054=EDGE_CURVE('',#2751,#2752,#3167,.T.);
#2055=EDGE_CURVE('',#2752,#2753,#3168,.T.);
#2056=EDGE_CURVE('',#2753,#2754,#3169,.T.);
#2057=EDGE_CURVE('',#2754,#2755,#3170,.T.);
#2058=EDGE_CURVE('',#2755,#2756,#3171,.T.);
#2059=EDGE_CURVE('',#2756,#2757,#599,.T.);
#2060=EDGE_CURVE('',#2757,#2758,#600,.T.);
#2061=EDGE_CURVE('',#2758,#2759,#601,.T.);
#2062=EDGE_CURVE('',#2759,#2760,#602,.T.);
#2063=EDGE_CURVE('',#2760,#2761,#603,.T.);
#2064=EDGE_CURVE('',#2761,#2762,#604,.T.);
#2065=EDGE_CURVE('',#2762,#2763,#3172,.T.);
#2066=EDGE_CURVE('',#2763,#2764,#605,.T.);
#2067=EDGE_CURVE('',#2764,#2765,#606,.T.);
#2068=EDGE_CURVE('',#2765,#2766,#607,.T.);
#2069=EDGE_CURVE('',#2766,#2767,#608,.T.);
#2070=EDGE_CURVE('',#2767,#2768,#609,.T.);
#2071=EDGE_CURVE('',#2768,#2769,#610,.T.);
#2072=EDGE_CURVE('',#2769,#2770,#611,.T.);
#2073=EDGE_CURVE('',#2770,#2751,#3173,.T.);
#2074=EDGE_CURVE('',#2771,#2772,#3174,.T.);
#2075=EDGE_CURVE('',#2772,#2773,#3175,.T.);
#2076=EDGE_CURVE('',#2773,#2774,#3176,.T.);
#2077=EDGE_CURVE('',#2774,#2775,#3177,.T.);
#2078=EDGE_CURVE('',#2775,#2776,#3178,.T.);
#2079=EDGE_CURVE('',#2776,#2777,#3179,.T.);
#2080=EDGE_CURVE('',#2777,#2778,#3180,.T.);
#2081=EDGE_CURVE('',#2778,#2779,#3181,.T.);
#2082=EDGE_CURVE('',#2779,#2780,#3182,.T.);
#2083=EDGE_CURVE('',#2780,#2771,#3183,.T.);
#2084=EDGE_CURVE('',#2781,#2782,#3184,.T.);
#2085=EDGE_CURVE('',#2782,#2783,#3185,.F.);
#2086=EDGE_CURVE('',#2784,#2783,#3186,.T.);
#2087=EDGE_CURVE('',#2784,#2781,#3187,.T.);
#2088=EDGE_CURVE('',#2785,#2786,#3188,.T.);
#2089=EDGE_CURVE('',#2786,#2787,#3189,.F.);
#2090=EDGE_CURVE('',#2787,#2788,#3190,.T.);
#2091=EDGE_CURVE('',#2788,#2785,#3191,.T.);
#2092=EDGE_CURVE('',#2789,#2790,#3192,.F.);
#2093=EDGE_CURVE('',#2790,#2791,#3193,.F.);
#2094=EDGE_CURVE('',#2791,#2792,#3194,.T.);
#2095=EDGE_CURVE('',#2792,#2789,#3195,.T.);
#2096=EDGE_CURVE('',#2793,#2794,#3196,.F.);
#2097=EDGE_CURVE('',#2794,#2795,#3197,.F.);
#2098=EDGE_CURVE('',#2795,#2796,#3198,.F.);
#2099=EDGE_CURVE('',#2796,#2797,#3199,.F.);
#2100=EDGE_CURVE('',#2797,#2798,#3200,.F.);
#2101=EDGE_CURVE('',#2798,#2793,#3201,.F.);
#2102=EDGE_CURVE('',#2799,#2800,#3202,.T.);
#2103=EDGE_CURVE('',#2800,#2801,#3203,.T.);
#2104=EDGE_CURVE('',#2802,#2801,#302,.F.);
#2105=EDGE_CURVE('',#2802,#2803,#3204,.T.);
#2106=EDGE_CURVE('',#2803,#2804,#3205,.T.);
#2107=EDGE_CURVE('',#2804,#2805,#3206,.F.);
#2108=EDGE_CURVE('',#2806,#2805,#303,.F.);
#2109=EDGE_CURVE('',#2806,#2807,#3207,.F.);
#2110=EDGE_CURVE('',#2807,#2808,#3208,.F.);
#2111=EDGE_CURVE('',#2808,#2809,#3209,.T.);
#2112=EDGE_CURVE('',#2810,#2809,#304,.F.);
#2113=EDGE_CURVE('',#2810,#2811,#3210,.T.);
#2114=EDGE_CURVE('',#2811,#2812,#3211,.F.);
#2115=EDGE_CURVE('',#2812,#2813,#3212,.F.);
#2116=EDGE_CURVE('',#2814,#2813,#305,.F.);
#2117=EDGE_CURVE('',#2814,#2799,#3213,.F.);
#2118=EDGE_CURVE('',#2815,#2816,#3214,.F.);
#2119=EDGE_CURVE('',#2816,#2817,#306,.T.);
#2120=EDGE_CURVE('',#2817,#2818,#307,.F.);
#2121=EDGE_CURVE('',#2818,#2819,#308,.T.);
#2122=EDGE_CURVE('',#2819,#2820,#3215,.T.);
#2123=EDGE_CURVE('',#2820,#2821,#309,.F.);
#2124=EDGE_CURVE('',#2821,#2822,#3216,.T.);
#2125=EDGE_CURVE('',#2822,#2823,#310,.T.);
#2126=EDGE_CURVE('',#2823,#2824,#311,.F.);
#2127=EDGE_CURVE('',#2824,#2825,#312,.T.);
#2128=EDGE_CURVE('',#2825,#2826,#3217,.F.);
#2129=EDGE_CURVE('',#2826,#2815,#313,.T.);
#2130=EDGE_CURVE('',#2827,#2828,#3218,.F.);
#2131=EDGE_CURVE('',#2828,#2829,#314,.T.);
#2132=EDGE_CURVE('',#2829,#2830,#315,.F.);
#2133=EDGE_CURVE('',#2830,#2831,#316,.T.);
#2134=EDGE_CURVE('',#2831,#2832,#3219,.T.);
#2135=EDGE_CURVE('',#2832,#2833,#317,.F.);
#2136=EDGE_CURVE('',#2833,#2834,#3220,.T.);
#2137=EDGE_CURVE('',#2834,#2835,#318,.T.);
#2138=EDGE_CURVE('',#2835,#2836,#319,.F.);
#2139=EDGE_CURVE('',#2836,#2837,#320,.T.);
#2140=EDGE_CURVE('',#2837,#2838,#3221,.F.);
#2141=EDGE_CURVE('',#2838,#2827,#321,.T.);
#2142=EDGE_CURVE('',#2839,#2840,#3222,.F.);
#2143=EDGE_CURVE('',#2840,#2841,#322,.F.);
#2144=EDGE_CURVE('',#2841,#2842,#3223,.F.);
#2145=EDGE_CURVE('',#2842,#2843,#323,.F.);
#2146=EDGE_CURVE('',#2843,#2844,#3224,.T.);
#2147=EDGE_CURVE('',#2844,#2845,#324,.F.);
#2148=EDGE_CURVE('',#2845,#2846,#3225,.T.);
#2149=EDGE_CURVE('',#2846,#2839,#325,.F.);
#2150=EDGE_CURVE('',#2847,#2847,#326,.T.);
#2151=EDGE_CURVE('',#2848,#2848,#327,.T.);
#2152=EDGE_CURVE('',#2849,#2849,#328,.T.);
#2153=EDGE_CURVE('',#2850,#2850,#329,.T.);
#2154=EDGE_CURVE('',#2851,#2851,#330,.F.);
#2155=EDGE_CURVE('',#2852,#2852,#331,.F.);
#2156=EDGE_CURVE('',#2853,#2853,#332,.F.);
#2157=EDGE_CURVE('',#2854,#2855,#3226,.F.);
#2158=EDGE_CURVE('',#2855,#2856,#333,.T.);
#2159=EDGE_CURVE('',#2856,#2857,#3227,.T.);
#2160=EDGE_CURVE('',#2857,#2858,#334,.T.);
#2161=EDGE_CURVE('',#2858,#2859,#3228,.T.);
#2162=EDGE_CURVE('',#2859,#2860,#335,.T.);
#2163=EDGE_CURVE('',#2860,#2861,#3229,.F.);
#2164=EDGE_CURVE('',#2861,#2854,#336,.T.);
#2165=EDGE_CURVE('',#2862,#2863,#337,.T.);
#2166=EDGE_CURVE('',#2862,#2864,#3230,.F.);
#2167=EDGE_CURVE('',#2864,#2865,#338,.F.);
#2168=EDGE_CURVE('',#2865,#2866,#3231,.T.);
#2169=EDGE_CURVE('',#2866,#2867,#339,.F.);
#2170=EDGE_CURVE('',#2867,#2868,#3232,.T.);
#2171=EDGE_CURVE('',#2868,#2869,#340,.F.);
#2172=EDGE_CURVE('',#2869,#2870,#3233,.T.);
#2173=EDGE_CURVE('',#2871,#2870,#341,.T.);
#2174=EDGE_CURVE('',#2871,#2863,#3234,.F.);
#2175=EDGE_CURVE('',#2872,#2873,#3235,.T.);
#2176=EDGE_CURVE('',#2872,#2874,#342,.F.);
#2177=EDGE_CURVE('',#2875,#2874,#3236,.T.);
#2178=EDGE_CURVE('',#2875,#2876,#343,.F.);
#2179=EDGE_CURVE('',#2877,#2876,#3237,.T.);
#2180=EDGE_CURVE('',#2877,#2878,#344,.F.);
#2181=EDGE_CURVE('',#2879,#2878,#3238,.T.);
#2182=EDGE_CURVE('',#2879,#2873,#345,.F.);
#2183=EDGE_CURVE('',#2880,#2881,#3239,.T.);
#2184=EDGE_CURVE('',#2880,#2882,#346,.F.);
#2185=EDGE_CURVE('',#2883,#2882,#3240,.T.);
#2186=EDGE_CURVE('',#2883,#2884,#347,.F.);
#2187=EDGE_CURVE('',#2885,#2884,#3241,.T.);
#2188=EDGE_CURVE('',#2885,#2886,#348,.F.);
#2189=EDGE_CURVE('',#2887,#2886,#3242,.T.);
#2190=EDGE_CURVE('',#2887,#2881,#349,.F.);
#2191=EDGE_CURVE('',#2888,#2889,#3243,.T.);
#2192=EDGE_CURVE('',#2888,#2890,#350,.F.);
#2193=EDGE_CURVE('',#2891,#2890,#3244,.T.);
#2194=EDGE_CURVE('',#2891,#2892,#351,.F.);
#2195=EDGE_CURVE('',#2893,#2892,#3245,.T.);
#2196=EDGE_CURVE('',#2893,#2894,#352,.F.);
#2197=EDGE_CURVE('',#2895,#2894,#3246,.T.);
#2198=EDGE_CURVE('',#2895,#2889,#353,.F.);
#2199=EDGE_CURVE('',#2896,#2897,#3247,.T.);
#2200=EDGE_CURVE('',#2896,#2898,#354,.F.);
#2201=EDGE_CURVE('',#2899,#2898,#3248,.T.);
#2202=EDGE_CURVE('',#2899,#2900,#355,.F.);
#2203=EDGE_CURVE('',#2901,#2900,#3249,.T.);
#2204=EDGE_CURVE('',#2901,#2902,#356,.F.);
#2205=EDGE_CURVE('',#2903,#2902,#3250,.T.);
#2206=EDGE_CURVE('',#2903,#2897,#357,.F.);
#2207=EDGE_CURVE('',#2783,#2904,#358,.T.);
#2208=EDGE_CURVE('',#2905,#2904,#3251,.T.);
#2209=EDGE_CURVE('',#2905,#2784,#359,.F.);
#2210=EDGE_CURVE('',#2904,#2906,#3252,.F.);
#2211=EDGE_CURVE('',#2907,#2906,#3253,.T.);
#2212=EDGE_CURVE('',#2907,#2905,#3254,.T.);
#2213=EDGE_CURVE('',#2906,#2908,#360,.T.);
#2214=EDGE_CURVE('',#2909,#2908,#3255,.T.);
#2215=EDGE_CURVE('',#2909,#2907,#361,.F.);
#2216=EDGE_CURVE('',#2908,#2910,#3256,.T.);
#2217=EDGE_CURVE('',#2911,#2910,#3257,.T.);
#2218=EDGE_CURVE('',#2911,#2909,#3258,.F.);
#2219=EDGE_CURVE('',#2910,#2912,#362,.T.);
#2220=EDGE_CURVE('',#2913,#2912,#3259,.T.);
#2221=EDGE_CURVE('',#2913,#2911,#363,.F.);
#2222=EDGE_CURVE('',#2914,#2914,#364,.T.);
#2223=EDGE_CURVE('',#2912,#2915,#3260,.T.);
#2224=EDGE_CURVE('',#2916,#2915,#3261,.T.);
#2225=EDGE_CURVE('',#2916,#2913,#3262,.F.);
#2226=EDGE_CURVE('',#2915,#2782,#365,.T.);
#2227=EDGE_CURVE('',#2781,#2916,#366,.F.);
#2228=EDGE_CURVE('',#2917,#2917,#367,.T.);
#2229=EDGE_CURVE('',#2918,#2918,#368,.F.);
#2230=EDGE_CURVE('',#2919,#2919,#369,.T.);
#2231=EDGE_CURVE('',#2920,#2920,#370,.F.);
#2232=EDGE_CURVE('',#2921,#2922,#3263,.T.);
#2233=EDGE_CURVE('',#2922,#2923,#371,.T.);
#2234=EDGE_CURVE('',#2924,#2923,#3264,.T.);
#2235=EDGE_CURVE('',#2925,#2924,#372,.T.);
#2236=EDGE_CURVE('',#2925,#2926,#612,.T.);
#2237=EDGE_CURVE('',#2926,#2927,#3265,.T.);
#2238=EDGE_CURVE('',#2927,#2928,#113,.F.);
#2239=EDGE_CURVE('',#2929,#2928,#613,.T.);
#2240=EDGE_CURVE('',#2929,#2930,#3266,.T.);
#2241=EDGE_CURVE('',#2931,#2930,#614,.T.);
#2242=EDGE_CURVE('',#2931,#2921,#114,.T.);
#2243=EDGE_CURVE('',#2923,#2932,#3267,.F.);
#2244=EDGE_CURVE('',#2932,#2933,#3268,.F.);
#2245=EDGE_CURVE('',#2933,#2924,#3269,.T.);
#2246=EDGE_CURVE('',#2934,#2935,#3270,.T.);
#2247=EDGE_CURVE('',#2935,#2936,#3271,.F.);
#2248=EDGE_CURVE('',#2937,#2936,#3272,.T.);
#2249=EDGE_CURVE('',#2937,#2934,#3273,.T.);
#2250=EDGE_CURVE('',#2936,#2938,#373,.T.);
#2251=EDGE_CURVE('',#2938,#2939,#3274,.F.);
#2252=EDGE_CURVE('',#2939,#2940,#115,.F.);
#2253=EDGE_CURVE('',#2941,#2940,#615,.T.);
#2254=EDGE_CURVE('',#2941,#2942,#3275,.F.);
#2255=EDGE_CURVE('',#2943,#2942,#616,.T.);
#2256=EDGE_CURVE('',#2943,#2944,#116,.T.);
#2257=EDGE_CURVE('',#2945,#2944,#3276,.T.);
#2258=EDGE_CURVE('',#2945,#2946,#617,.T.);
#2259=EDGE_CURVE('',#2937,#2946,#374,.T.);
#2260=EDGE_CURVE('',#2947,#2947,#375,.F.);
#2261=EDGE_CURVE('',#2948,#2925,#3277,.F.);
#2262=EDGE_CURVE('',#2933,#2934,#376,.T.);
#2263=EDGE_CURVE('',#2946,#2949,#3278,.T.);
#2264=EDGE_CURVE('',#2949,#2948,#3279,.T.);
#2265=EDGE_CURVE('',#2950,#2951,#3280,.T.);
#2266=EDGE_CURVE('',#2951,#2952,#377,.T.);
#2267=EDGE_CURVE('',#2953,#2952,#3281,.T.);
#2268=EDGE_CURVE('',#2953,#2950,#378,.T.);
#2269=EDGE_CURVE('',#2952,#2954,#379,.F.);
#2270=EDGE_CURVE('',#2955,#2954,#3282,.T.);
#2271=EDGE_CURVE('',#2953,#2955,#380,.T.);
#2272=EDGE_CURVE('',#2954,#2956,#3283,.T.);
#2273=EDGE_CURVE('',#2957,#2956,#3284,.T.);
#2274=EDGE_CURVE('',#2955,#2957,#3285,.T.);
#2275=EDGE_CURVE('',#2956,#2958,#381,.F.);
#2276=EDGE_CURVE('',#2959,#2958,#3286,.T.);
#2277=EDGE_CURVE('',#2957,#2959,#382,.T.);
#2278=EDGE_CURVE('',#2958,#2960,#3287,.T.);
#2279=EDGE_CURVE('',#2961,#2960,#3288,.T.);
#2280=EDGE_CURVE('',#2959,#2961,#3289,.T.);
#2281=EDGE_CURVE('',#2960,#2962,#383,.F.);
#2282=EDGE_CURVE('',#2963,#2962,#3290,.T.);
#2283=EDGE_CURVE('',#2961,#2963,#384,.T.);
#2284=EDGE_CURVE('',#2962,#2964,#385,.T.);
#2285=EDGE_CURVE('',#2965,#2964,#3291,.T.);
#2286=EDGE_CURVE('',#2965,#2963,#386,.T.);
#2287=EDGE_CURVE('',#2964,#2966,#387,.F.);
#2288=EDGE_CURVE('',#2967,#2966,#3292,.T.);
#2289=EDGE_CURVE('',#2965,#2967,#388,.T.);
#2290=EDGE_CURVE('',#2966,#2968,#3293,.F.);
#2291=EDGE_CURVE('',#2969,#2968,#3294,.T.);
#2292=EDGE_CURVE('',#2969,#2967,#3295,.T.);
#2293=EDGE_CURVE('',#2968,#2970,#389,.T.);
#2294=EDGE_CURVE('',#2971,#2970,#3296,.T.);
#2295=EDGE_CURVE('',#2971,#2969,#390,.T.);
#2296=EDGE_CURVE('',#2970,#2972,#3297,.F.);
#2297=EDGE_CURVE('',#2973,#2972,#3298,.T.);
#2298=EDGE_CURVE('',#2973,#2971,#3299,.T.);
#2299=EDGE_CURVE('',#2972,#2951,#391,.F.);
#2300=EDGE_CURVE('',#2973,#2950,#392,.T.);
#2301=EDGE_CURVE('',#2974,#2975,#3300,.T.);
#2302=EDGE_CURVE('',#2975,#2976,#393,.T.);
#2303=EDGE_CURVE('',#2977,#2976,#3301,.T.);
#2304=EDGE_CURVE('',#2977,#2974,#394,.T.);
#2305=EDGE_CURVE('',#2976,#2978,#395,.F.);
#2306=EDGE_CURVE('',#2979,#2978,#3302,.T.);
#2307=EDGE_CURVE('',#2977,#2979,#396,.T.);
#2308=EDGE_CURVE('',#2978,#2980,#3303,.F.);
#2309=EDGE_CURVE('',#2981,#2980,#3304,.T.);
#2310=EDGE_CURVE('',#2981,#2979,#3305,.T.);
#2311=EDGE_CURVE('',#2980,#2982,#397,.T.);
#2312=EDGE_CURVE('',#2983,#2982,#3306,.T.);
#2313=EDGE_CURVE('',#2983,#2981,#398,.T.);
#2314=EDGE_CURVE('',#2982,#2984,#3307,.F.);
#2315=EDGE_CURVE('',#2985,#2984,#3308,.T.);
#2316=EDGE_CURVE('',#2985,#2983,#3309,.T.);
#2317=EDGE_CURVE('',#2984,#2986,#399,.F.);
#2318=EDGE_CURVE('',#2987,#2986,#3310,.T.);
#2319=EDGE_CURVE('',#2985,#2987,#400,.T.);
#2320=EDGE_CURVE('',#2986,#2988,#401,.T.);
#2321=EDGE_CURVE('',#2989,#2988,#3311,.T.);
#2322=EDGE_CURVE('',#2989,#2987,#402,.T.);
#2323=EDGE_CURVE('',#2988,#2990,#403,.F.);
#2324=EDGE_CURVE('',#2991,#2990,#3312,.T.);
#2325=EDGE_CURVE('',#2989,#2991,#404,.T.);
#2326=EDGE_CURVE('',#2990,#2992,#3313,.T.);
#2327=EDGE_CURVE('',#2993,#2992,#3314,.T.);
#2328=EDGE_CURVE('',#2991,#2993,#3315,.T.);
#2329=EDGE_CURVE('',#2992,#2994,#405,.F.);
#2330=EDGE_CURVE('',#2995,#2994,#3316,.T.);
#2331=EDGE_CURVE('',#2995,#2993,#406,.T.);
#2332=EDGE_CURVE('',#2994,#2996,#3317,.T.);
#2333=EDGE_CURVE('',#2997,#2996,#3318,.T.);
#2334=EDGE_CURVE('',#2995,#2997,#3319,.T.);
#2335=EDGE_CURVE('',#2996,#2975,#407,.F.);
#2336=EDGE_CURVE('',#2997,#2974,#408,.T.);
#2337=EDGE_CURVE('',#2897,#2998,#3320,.F.);
#2338=EDGE_CURVE('',#2998,#2999,#3321,.F.);
#2339=EDGE_CURVE('',#2999,#2896,#3322,.T.);
#2340=EDGE_CURVE('',#2902,#3000,#3323,.F.);
#2341=EDGE_CURVE('',#3000,#3001,#3324,.F.);
#2342=EDGE_CURVE('',#3001,#2903,#3325,.T.);
#2343=EDGE_CURVE('',#2900,#3002,#3326,.F.);
#2344=EDGE_CURVE('',#3002,#3003,#3327,.F.);
#2345=EDGE_CURVE('',#3003,#2901,#3328,.T.);
#2346=EDGE_CURVE('',#2898,#3004,#3329,.F.);
#2347=EDGE_CURVE('',#3004,#3005,#3330,.F.);
#2348=EDGE_CURVE('',#3005,#2899,#3331,.T.);
#2349=EDGE_CURVE('',#3006,#3007,#409,.T.);
#2350=EDGE_CURVE('',#3007,#3008,#3332,.T.);
#2351=EDGE_CURVE('',#3008,#3009,#410,.T.);
#2352=EDGE_CURVE('',#3009,#3010,#3333,.T.);
#2353=EDGE_CURVE('',#3010,#3011,#411,.T.);
#2354=EDGE_CURVE('',#3011,#3012,#3334,.T.);
#2355=EDGE_CURVE('',#3012,#3013,#412,.T.);
#2356=EDGE_CURVE('',#3013,#3006,#3335,.T.);
#2357=EDGE_CURVE('',#2889,#3014,#3336,.F.);
#2358=EDGE_CURVE('',#3014,#3015,#3337,.F.);
#2359=EDGE_CURVE('',#3015,#2888,#3338,.T.);
#2360=EDGE_CURVE('',#2894,#3016,#3339,.F.);
#2361=EDGE_CURVE('',#3016,#3017,#3340,.F.);
#2362=EDGE_CURVE('',#3017,#2895,#3341,.T.);
#2363=EDGE_CURVE('',#2892,#3018,#3342,.F.);
#2364=EDGE_CURVE('',#3018,#3019,#3343,.F.);
#2365=EDGE_CURVE('',#3019,#2893,#3344,.T.);
#2366=EDGE_CURVE('',#2890,#3020,#3345,.F.);
#2367=EDGE_CURVE('',#3020,#3021,#3346,.F.);
#2368=EDGE_CURVE('',#3021,#2891,#3347,.T.);
#2369=EDGE_CURVE('',#3022,#3023,#413,.T.);
#2370=EDGE_CURVE('',#3023,#3024,#3348,.T.);
#2371=EDGE_CURVE('',#3024,#3025,#414,.T.);
#2372=EDGE_CURVE('',#3025,#3026,#3349,.T.);
#2373=EDGE_CURVE('',#3026,#3027,#415,.T.);
#2374=EDGE_CURVE('',#3027,#3028,#3350,.T.);
#2375=EDGE_CURVE('',#3028,#3029,#416,.T.);
#2376=EDGE_CURVE('',#3029,#3022,#3351,.T.);
#2377=EDGE_CURVE('',#2881,#3030,#3352,.F.);
#2378=EDGE_CURVE('',#3030,#3031,#3353,.F.);
#2379=EDGE_CURVE('',#3031,#2880,#3354,.T.);
#2380=EDGE_CURVE('',#2886,#3032,#3355,.F.);
#2381=EDGE_CURVE('',#3032,#3033,#3356,.F.);
#2382=EDGE_CURVE('',#3033,#2887,#3357,.T.);
#2383=EDGE_CURVE('',#2884,#3034,#3358,.F.);
#2384=EDGE_CURVE('',#3034,#3035,#3359,.F.);
#2385=EDGE_CURVE('',#3035,#2885,#3360,.T.);
#2386=EDGE_CURVE('',#2882,#3036,#3361,.F.);
#2387=EDGE_CURVE('',#3036,#3037,#3362,.F.);
#2388=EDGE_CURVE('',#3037,#2883,#3363,.T.);
#2389=EDGE_CURVE('',#3038,#3039,#417,.T.);
#2390=EDGE_CURVE('',#3039,#3040,#3364,.T.);
#2391=EDGE_CURVE('',#3040,#3041,#418,.T.);
#2392=EDGE_CURVE('',#3041,#3042,#3365,.T.);
#2393=EDGE_CURVE('',#3042,#3043,#419,.T.);
#2394=EDGE_CURVE('',#3043,#3044,#3366,.T.);
#2395=EDGE_CURVE('',#3044,#3045,#420,.T.);
#2396=EDGE_CURVE('',#3045,#3038,#3367,.T.);
#2397=EDGE_CURVE('',#2873,#3046,#3368,.F.);
#2398=EDGE_CURVE('',#3046,#3047,#3369,.F.);
#2399=EDGE_CURVE('',#3047,#2872,#3370,.T.);
#2400=EDGE_CURVE('',#2878,#3048,#3371,.F.);
#2401=EDGE_CURVE('',#3048,#3049,#3372,.F.);
#2402=EDGE_CURVE('',#3049,#2879,#3373,.T.);
#2403=EDGE_CURVE('',#2876,#3050,#3374,.F.);
#2404=EDGE_CURVE('',#3050,#3051,#3375,.F.);
#2405=EDGE_CURVE('',#3051,#2877,#3376,.T.);
#2406=EDGE_CURVE('',#2874,#3052,#3377,.F.);
#2407=EDGE_CURVE('',#3052,#3053,#3378,.F.);
#2408=EDGE_CURVE('',#3053,#2875,#3379,.T.);
#2409=EDGE_CURVE('',#3054,#3055,#421,.T.);
#2410=EDGE_CURVE('',#3055,#3056,#3380,.T.);
#2411=EDGE_CURVE('',#3056,#3057,#422,.T.);
#2412=EDGE_CURVE('',#3057,#3058,#3381,.T.);
#2413=EDGE_CURVE('',#3058,#3059,#423,.T.);
#2414=EDGE_CURVE('',#3059,#3060,#3382,.T.);
#2415=EDGE_CURVE('',#3060,#3061,#424,.T.);
#2416=EDGE_CURVE('',#3061,#3054,#3383,.T.);
#2417=EDGE_CURVE('',#3062,#3063,#3384,.T.);
#2418=EDGE_CURVE('',#3063,#3064,#3385,.T.);
#2419=EDGE_CURVE('',#3065,#3064,#3386,.T.);
#2420=EDGE_CURVE('',#3062,#3065,#3387,.T.);
#2421=EDGE_CURVE('',#3064,#3066,#3388,.T.);
#2422=EDGE_CURVE('',#3067,#3066,#3389,.T.);
#2423=EDGE_CURVE('',#3065,#3067,#3390,.T.);
#2424=EDGE_CURVE('',#3066,#3068,#3391,.T.);
#2425=EDGE_CURVE('',#3069,#3068,#3392,.T.);
#2426=EDGE_CURVE('',#3067,#3069,#3393,.T.);
#2427=EDGE_CURVE('',#3068,#3070,#3394,.T.);
#2428=EDGE_CURVE('',#3071,#3070,#3395,.T.);
#2429=EDGE_CURVE('',#3069,#3071,#3396,.T.);
#2430=EDGE_CURVE('',#3070,#3072,#3397,.T.);
#2431=EDGE_CURVE('',#3073,#3072,#3398,.T.);
#2432=EDGE_CURVE('',#3071,#3073,#3399,.T.);
#2433=EDGE_CURVE('',#3072,#3063,#3400,.T.);
#2434=EDGE_CURVE('',#3073,#3062,#3401,.T.);
#2435=EDGE_CURVE('',#3074,#3074,#425,.F.);
#2436=EDGE_CURVE('',#3075,#3075,#426,.T.);
#2437=EDGE_CURVE('',#3076,#3076,#427,.F.);
#2438=EDGE_CURVE('',#3077,#3078,#3402,.T.);
#2439=EDGE_CURVE('',#3078,#2945,#3403,.F.);
#2440=EDGE_CURVE('',#2944,#3079,#618,.T.);
#2441=EDGE_CURVE('',#3079,#3077,#3404,.T.);
#2442=EDGE_CURVE('',#3080,#3081,#3405,.T.);
#2443=EDGE_CURVE('',#3081,#3082,#3406,.F.);
#2444=EDGE_CURVE('',#3082,#3083,#117,.T.);
#2445=EDGE_CURVE('',#3083,#3080,#3407,.T.);
#2446=EDGE_CURVE('',#3084,#3085,#3408,.F.);
#2447=EDGE_CURVE('',#3085,#3086,#3409,.F.);
#2448=EDGE_CURVE('',#3086,#3087,#118,.F.);
#2449=EDGE_CURVE('',#3087,#3084,#3410,.T.);
#2450=EDGE_CURVE('',#3088,#3089,#3411,.F.);
#2451=EDGE_CURVE('',#3089,#2927,#619,.T.);
#2452=EDGE_CURVE('',#2926,#3090,#3412,.T.);
#2453=EDGE_CURVE('',#3090,#3088,#3413,.F.);
#2454=EDGE_CURVE('',#3091,#3092,#3414,.F.);
#2455=EDGE_CURVE('',#3092,#3093,#3415,.T.);
#2456=EDGE_CURVE('',#3093,#3094,#3416,.F.);
#2457=EDGE_CURVE('',#3094,#3091,#3417,.F.);
#2458=EDGE_CURVE('',#3095,#3096,#3418,.F.);
#2459=EDGE_CURVE('',#3096,#3097,#3419,.F.);
#2460=EDGE_CURVE('',#3097,#3098,#119,.F.);
#2461=EDGE_CURVE('',#3098,#3095,#3420,.T.);
#2462=EDGE_CURVE('',#3099,#3100,#3421,.T.);
#2463=EDGE_CURVE('',#3100,#3101,#3422,.F.);
#2464=EDGE_CURVE('',#3101,#3102,#3423,.F.);
#2465=EDGE_CURVE('',#3102,#3099,#3424,.T.);
#2466=EDGE_CURVE('',#3103,#3104,#3425,.T.);
#2467=EDGE_CURVE('',#3104,#3105,#3426,.F.);
#2468=EDGE_CURVE('',#3105,#3106,#120,.T.);
#2469=EDGE_CURVE('',#3106,#3103,#3427,.T.);
#2470=EDGE_CURVE('',#3107,#3108,#3428,.F.);
#2471=EDGE_CURVE('',#3108,#3109,#3429,.F.);
#2472=EDGE_CURVE('',#3109,#3110,#3430,.F.);
#2473=EDGE_CURVE('',#3110,#3111,#3431,.F.);
#2474=EDGE_CURVE('',#3111,#3112,#620,.T.);
#2475=EDGE_CURVE('',#3112,#3113,#621,.T.);
#2476=EDGE_CURVE('',#3113,#3114,#622,.T.);
#2477=EDGE_CURVE('',#3114,#3115,#623,.T.);
#2478=EDGE_CURVE('',#3115,#3116,#624,.T.);
#2479=EDGE_CURVE('',#3116,#3117,#625,.T.);
#2480=EDGE_CURVE('',#3117,#3118,#626,.T.);
#2481=EDGE_CURVE('',#3118,#3119,#3432,.F.);
#2482=EDGE_CURVE('',#3119,#3120,#627,.T.);
#2483=EDGE_CURVE('',#3120,#3121,#628,.T.);
#2484=EDGE_CURVE('',#3121,#3122,#629,.T.);
#2485=EDGE_CURVE('',#3122,#3123,#630,.T.);
#2486=EDGE_CURVE('',#3123,#3124,#631,.T.);
#2487=EDGE_CURVE('',#3124,#3125,#632,.T.);
#2488=EDGE_CURVE('',#3125,#3126,#3433,.F.);
#2489=EDGE_CURVE('',#3126,#3107,#3434,.F.);
#2490=EDGE_CURVE('',#3127,#3128,#3435,.F.);
#2491=EDGE_CURVE('',#3128,#3129,#3436,.F.);
#2492=EDGE_CURVE('',#3129,#3130,#3437,.F.);
#2493=EDGE_CURVE('',#3130,#3131,#3438,.F.);
#2494=EDGE_CURVE('',#3131,#3132,#3439,.F.);
#2495=EDGE_CURVE('',#3132,#3133,#3440,.F.);
#2496=EDGE_CURVE('',#3133,#3134,#3441,.F.);
#2497=EDGE_CURVE('',#3134,#3135,#3442,.F.);
#2498=EDGE_CURVE('',#3135,#3136,#3443,.F.);
#2499=EDGE_CURVE('',#3136,#3127,#3444,.F.);
#2500=EDGE_CURVE('',#2932,#2935,#428,.T.);
#2501=EDGE_CURVE('',#3047,#3052,#429,.F.);
#2502=EDGE_CURVE('',#3033,#3030,#430,.F.);
#2503=EDGE_CURVE('',#3035,#3032,#431,.F.);
#2504=EDGE_CURVE('',#3031,#3036,#432,.F.);
#2505=EDGE_CURVE('',#3015,#3020,#433,.F.);
#2506=EDGE_CURVE('',#3005,#3002,#434,.F.);
#2507=EDGE_CURVE('',#3001,#2998,#435,.F.);
#2508=EDGE_CURVE('',#3049,#3046,#436,.F.);
#2509=EDGE_CURVE('',#3053,#3050,#437,.F.);
#2510=EDGE_CURVE('',#3051,#3048,#438,.F.);
#2511=EDGE_CURVE('',#2999,#3004,#439,.F.);
#2512=EDGE_CURVE('',#3003,#3000,#440,.F.);
#2513=EDGE_CURVE('',#3037,#3034,#441,.F.);
#2514=EDGE_CURVE('',#3017,#3014,#442,.F.);
#2515=EDGE_CURVE('',#3021,#3018,#443,.F.);
#2516=EDGE_CURVE('',#3019,#3016,#444,.F.);
#2517=EDGE_CURVE('',#2823,#2976,#445,.T.);
#2518=EDGE_CURVE('',#2978,#2822,#446,.T.);
#2519=EDGE_CURVE('',#2980,#2821,#447,.T.);
#2520=EDGE_CURVE('',#2824,#2975,#448,.T.);
#2521=EDGE_CURVE('',#2982,#2820,#449,.T.);
#2522=EDGE_CURVE('',#2825,#2996,#450,.T.);
#2523=EDGE_CURVE('',#2984,#2819,#451,.T.);
#2524=EDGE_CURVE('',#2826,#2994,#452,.T.);
#2525=EDGE_CURVE('',#2986,#2818,#453,.T.);
#2526=EDGE_CURVE('',#2815,#2992,#454,.T.);
#2527=EDGE_CURVE('',#2988,#2817,#455,.T.);
#2528=EDGE_CURVE('',#2816,#2990,#456,.T.);
#2529=EDGE_CURVE('',#2835,#2964,#457,.T.);
#2530=EDGE_CURVE('',#2966,#2834,#458,.T.);
#2531=EDGE_CURVE('',#2968,#2833,#459,.T.);
#2532=EDGE_CURVE('',#2836,#2962,#460,.T.);
#2533=EDGE_CURVE('',#2970,#2832,#461,.T.);
#2534=EDGE_CURVE('',#2837,#2960,#462,.T.);
#2535=EDGE_CURVE('',#2972,#2831,#463,.T.);
#2536=EDGE_CURVE('',#2838,#2958,#464,.T.);
#2537=EDGE_CURVE('',#2951,#2830,#465,.T.);
#2538=EDGE_CURVE('',#2827,#2956,#466,.T.);
#2539=EDGE_CURVE('',#2952,#2829,#467,.T.);
#2540=EDGE_CURVE('',#2828,#2954,#468,.T.);
#2541=EDGE_CURVE('',#2845,#2783,#469,.T.);
#2542=EDGE_CURVE('',#2904,#2844,#470,.T.);
#2543=EDGE_CURVE('',#2906,#2843,#471,.T.);
#2544=EDGE_CURVE('',#2846,#2782,#472,.T.);
#2545=EDGE_CURVE('',#2908,#2842,#473,.T.);
#2546=EDGE_CURVE('',#2839,#2915,#474,.T.);
#2547=EDGE_CURVE('',#2910,#2841,#475,.T.);
#2548=EDGE_CURVE('',#2840,#2912,#476,.T.);
#2549=EDGE_CURVE('',#2916,#2859,#477,.T.);
#2550=EDGE_CURVE('',#2860,#2781,#478,.T.);
#2551=EDGE_CURVE('',#2861,#2784,#479,.T.);
#2552=EDGE_CURVE('',#2913,#2858,#480,.T.);
#2553=EDGE_CURVE('',#2854,#2905,#481,.T.);
#2554=EDGE_CURVE('',#2911,#2857,#482,.T.);
#2555=EDGE_CURVE('',#2855,#2907,#483,.T.);
#2556=EDGE_CURVE('',#2909,#2856,#484,.T.);
#2557=EDGE_CURVE('',#3035,#3043,#485,.T.);
#2558=EDGE_CURVE('',#3044,#3034,#486,.T.);
#2559=EDGE_CURVE('',#3045,#3037,#487,.T.);
#2560=EDGE_CURVE('',#3032,#3042,#488,.T.);
#2561=EDGE_CURVE('',#3038,#3036,#489,.T.);
#2562=EDGE_CURVE('',#3033,#3041,#490,.T.);
#2563=EDGE_CURVE('',#3039,#3031,#491,.T.);
#2564=EDGE_CURVE('',#3030,#3040,#492,.T.);
#2565=EDGE_CURVE('',#3051,#3059,#493,.T.);
#2566=EDGE_CURVE('',#3060,#3050,#494,.T.);
#2567=EDGE_CURVE('',#3061,#3053,#495,.T.);
#2568=EDGE_CURVE('',#3048,#3058,#496,.T.);
#2569=EDGE_CURVE('',#3054,#3052,#497,.T.);
#2570=EDGE_CURVE('',#3049,#3057,#498,.T.);
#2571=EDGE_CURVE('',#3055,#3047,#499,.T.);
#2572=EDGE_CURVE('',#3046,#3056,#500,.T.);
#2573=EDGE_CURVE('',#3019,#3027,#501,.T.);
#2574=EDGE_CURVE('',#3028,#3018,#502,.T.);
#2575=EDGE_CURVE('',#3029,#3021,#503,.T.);
#2576=EDGE_CURVE('',#3016,#3026,#504,.T.);
#2577=EDGE_CURVE('',#3022,#3020,#505,.T.);
#2578=EDGE_CURVE('',#3017,#3025,#506,.T.);
#2579=EDGE_CURVE('',#3023,#3015,#507,.T.);
#2580=EDGE_CURVE('',#3014,#3024,#508,.T.);
#2581=EDGE_CURVE('',#3003,#3011,#509,.T.);
#2582=EDGE_CURVE('',#3012,#3002,#510,.T.);
#2583=EDGE_CURVE('',#3013,#3005,#511,.T.);
#2584=EDGE_CURVE('',#3000,#3010,#512,.T.);
#2585=EDGE_CURVE('',#3006,#3004,#513,.T.);
#2586=EDGE_CURVE('',#3001,#3009,#514,.T.);
#2587=EDGE_CURVE('',#3007,#2999,#515,.T.);
#2588=EDGE_CURVE('',#2998,#3008,#516,.T.);
#2589=EDGE_CURVE('',#3090,#2948,#517,.T.);
#2590=EDGE_CURVE('',#3090,#2811,#518,.F.);
#2591=EDGE_CURVE('',#2811,#2948,#519,.F.);
#2592=EDGE_CURVE('',#2949,#3078,#520,.T.);
#2593=EDGE_CURVE('',#2812,#2949,#521,.T.);
#2594=EDGE_CURVE('',#3088,#2810,#522,.T.);
#2595=EDGE_CURVE('',#3084,#3088,#523,.T.);
#2596=EDGE_CURVE('',#3089,#3087,#633,.T.);
#2597=EDGE_CURVE('',#2928,#3086,#524,.T.);
#2598=EDGE_CURVE('',#2812,#3078,#525,.F.);
#2599=EDGE_CURVE('',#3084,#2809,#526,.F.);
#2600=EDGE_CURVE('',#2788,#3086,#634,.F.);
#2601=EDGE_CURVE('',#2929,#2788,#527,.F.);
#2602=EDGE_CURVE('',#2813,#3077,#528,.T.);
#2603=EDGE_CURVE('',#3085,#2808,#529,.T.);
#2604=EDGE_CURVE('',#2785,#3085,#530,.T.);
#2605=EDGE_CURVE('',#2930,#2787,#531,.T.);
#2606=EDGE_CURVE('',#3077,#3081,#532,.T.);
#2607=EDGE_CURVE('',#3082,#3079,#635,.F.);
#2608=EDGE_CURVE('',#2814,#3081,#533,.F.);
#2609=EDGE_CURVE('',#2785,#2808,#534,.F.);
#2610=EDGE_CURVE('',#3106,#2787,#636,.F.);
#2611=EDGE_CURVE('',#2931,#3106,#535,.F.);
#2612=EDGE_CURVE('',#3083,#2943,#536,.T.);
#2613=EDGE_CURVE('',#3080,#2790,#537,.T.);
#2614=EDGE_CURVE('',#2791,#3083,#637,.T.);
#2615=EDGE_CURVE('',#2799,#3080,#538,.T.);
#2616=EDGE_CURVE('',#2786,#2807,#539,.T.);
#2617=EDGE_CURVE('',#3103,#2786,#540,.T.);
#2618=EDGE_CURVE('',#2921,#3105,#541,.T.);
#2619=EDGE_CURVE('',#2791,#2942,#542,.F.);
#2620=EDGE_CURVE('',#2799,#2790,#543,.F.);
#2621=EDGE_CURVE('',#3103,#2807,#544,.F.);
#2622=EDGE_CURVE('',#2921,#3102,#545,.F.);
#2623=EDGE_CURVE('',#3102,#3105,#546,.F.);
#2624=EDGE_CURVE('',#2792,#2941,#547,.T.);
#2625=EDGE_CURVE('',#2789,#3096,#548,.T.);
#2626=EDGE_CURVE('',#3097,#2792,#638,.T.);
#2627=EDGE_CURVE('',#2800,#2789,#549,.T.);
#2628=EDGE_CURVE('',#3104,#2806,#550,.T.);
#2629=EDGE_CURVE('',#3099,#3104,#551,.T.);
#2630=EDGE_CURVE('',#2922,#3101,#552,.T.);
#2631=EDGE_CURVE('',#2869,#2922,#553,.T.);
#2632=EDGE_CURVE('',#2923,#2868,#554,.T.);
#2633=EDGE_CURVE('',#2932,#2867,#555,.T.);
#2634=EDGE_CURVE('',#3097,#2940,#556,.F.);
#2635=EDGE_CURVE('',#2800,#3096,#557,.F.);
#2636=EDGE_CURVE('',#3099,#2805,#558,.F.);
#2637=EDGE_CURVE('',#2869,#3101,#559,.F.);
#2638=EDGE_CURVE('',#2935,#2866,#560,.T.);
#2639=EDGE_CURVE('',#3098,#2939,#561,.T.);
#2640=EDGE_CURVE('',#3095,#3094,#562,.T.);
#2641=EDGE_CURVE('',#3091,#3098,#563,.T.);
#2642=EDGE_CURVE('',#2801,#3095,#564,.T.);
#2643=EDGE_CURVE('',#3100,#2804,#565,.F.);
#2644=EDGE_CURVE('',#2870,#3100,#566,.T.);
#2645=EDGE_CURVE('',#2936,#2865,#567,.T.);
#2646=EDGE_CURVE('',#3091,#2939,#568,.F.);
#2647=EDGE_CURVE('',#2802,#3094,#569,.F.);
#2648=EDGE_CURVE('',#2871,#2804,#570,.F.);
#2649=EDGE_CURVE('',#2938,#2864,#571,.T.);
#2650=EDGE_CURVE('',#3092,#2938,#572,.T.);
#2651=EDGE_CURVE('',#2803,#3093,#573,.F.);
#2652=EDGE_CURVE('',#2863,#2803,#574,.T.);
#2653=EDGE_CURVE('',#3092,#2864,#575,.F.);
#2654=EDGE_CURVE('',#2862,#3093,#576,.F.);
#2655=EDGE_CURVE('',#2798,#3072,#121,.F.);
#2656=EDGE_CURVE('',#3063,#2797,#122,.T.);
#2657=EDGE_CURVE('',#3064,#2796,#123,.T.);
#2658=EDGE_CURVE('',#2793,#3070,#124,.F.);
#2659=EDGE_CURVE('',#3066,#2795,#125,.T.);
#2660=EDGE_CURVE('',#2794,#3068,#126,.F.);
#2661=EDGE_CURVE('',#3119,#3137,#639,.F.);
#2662=EDGE_CURVE('',#3138,#3118,#640,.T.);
#2663=EDGE_CURVE('',#3137,#3138,#3445,.T.);
#2664=EDGE_CURVE('',#3139,#3117,#577,.T.);
#2665=EDGE_CURVE('',#3138,#3139,#641,.T.);
#2666=EDGE_CURVE('',#3137,#2762,#642,.T.);
#2667=EDGE_CURVE('',#2763,#3138,#643,.F.);
#2668=EDGE_CURVE('',#3140,#3137,#644,.T.);
#2669=EDGE_CURVE('',#3120,#3140,#578,.T.);
#2670=EDGE_CURVE('',#3141,#3116,#579,.T.);
#2671=EDGE_CURVE('',#3139,#3141,#645,.T.);
#2672=EDGE_CURVE('',#2764,#3139,#580,.T.);
#2673=EDGE_CURVE('',#3140,#2761,#581,.T.);
#2674=EDGE_CURVE('',#3142,#3140,#646,.T.);
#2675=EDGE_CURVE('',#3121,#3142,#582,.T.);
#2676=EDGE_CURVE('',#3143,#3115,#583,.T.);
#2677=EDGE_CURVE('',#3141,#3143,#647,.T.);
#2678=EDGE_CURVE('',#2765,#3141,#584,.T.);
#2679=EDGE_CURVE('',#3142,#2760,#585,.T.);
#2680=EDGE_CURVE('',#3144,#3142,#648,.T.);
#2681=EDGE_CURVE('',#3122,#3144,#586,.T.);
#2682=EDGE_CURVE('',#3145,#3114,#587,.T.);
#2683=EDGE_CURVE('',#3143,#3145,#649,.T.);
#2684=EDGE_CURVE('',#2766,#3143,#588,.T.);
#2685=EDGE_CURVE('',#3144,#2759,#589,.T.);
#2686=EDGE_CURVE('',#3146,#3144,#650,.T.);
#2687=EDGE_CURVE('',#3123,#3146,#590,.T.);
#2688=EDGE_CURVE('',#3147,#3113,#591,.T.);
#2689=EDGE_CURVE('',#3145,#3147,#651,.T.);
#2690=EDGE_CURVE('',#2767,#3145,#592,.T.);
#2691=EDGE_CURVE('',#3146,#2758,#593,.T.);
#2692=EDGE_CURVE('',#3148,#3146,#652,.T.);
#2693=EDGE_CURVE('',#3124,#3148,#594,.T.);
#2694=EDGE_CURVE('',#3149,#3112,#595,.T.);
#2695=EDGE_CURVE('',#3147,#3149,#653,.T.);
#2696=EDGE_CURVE('',#2768,#3147,#596,.T.);
#2697=EDGE_CURVE('',#3148,#2757,#597,.T.);
#2698=EDGE_CURVE('',#3150,#3148,#654,.T.);
#2699=EDGE_CURVE('',#3125,#3150,#655,.F.);
#2700=EDGE_CURVE('',#3151,#3111,#656,.T.);
#2701=EDGE_CURVE('',#3149,#3151,#657,.T.);
#2702=EDGE_CURVE('',#2769,#3149,#598,.T.);
#2703=EDGE_CURVE('',#3150,#2756,#658,.T.);
#2704=EDGE_CURVE('',#3152,#3150,#3446,.T.);
#2705=EDGE_CURVE('',#3126,#3152,#127,.F.);
#2706=EDGE_CURVE('',#3153,#3110,#128,.T.);
#2707=EDGE_CURVE('',#3151,#3153,#3447,.T.);
#2708=EDGE_CURVE('',#2770,#3151,#659,.F.);
#2709=EDGE_CURVE('',#3152,#2755,#129,.F.);
#2710=EDGE_CURVE('',#3154,#3152,#3448,.T.);
#2711=EDGE_CURVE('',#3107,#3154,#130,.F.);
#2712=EDGE_CURVE('',#3155,#3109,#131,.T.);
#2713=EDGE_CURVE('',#3153,#3155,#3449,.T.);
#2714=EDGE_CURVE('',#2751,#3153,#132,.T.);
#2715=EDGE_CURVE('',#3154,#2754,#133,.F.);
#2716=EDGE_CURVE('',#3108,#3156,#134,.F.);
#2717=EDGE_CURVE('',#3156,#3154,#3450,.T.);
#2718=EDGE_CURVE('',#3155,#3156,#3451,.T.);
#2719=EDGE_CURVE('',#2752,#3155,#135,.T.);
#2720=EDGE_CURVE('',#3156,#2753,#136,.F.);
#2721=EDGE_CURVE('',#3134,#3157,#137,.F.);
#2722=EDGE_CURVE('',#3158,#3133,#138,.T.);
#2723=EDGE_CURVE('',#3157,#3158,#3452,.T.);
#2724=EDGE_CURVE('',#3159,#3132,#139,.T.);
#2725=EDGE_CURVE('',#3158,#3159,#3453,.T.);
#2726=EDGE_CURVE('',#3157,#2777,#140,.F.);
#2727=EDGE_CURVE('',#2778,#3158,#141,.T.);
#2728=EDGE_CURVE('',#3160,#3157,#3454,.T.);
#2729=EDGE_CURVE('',#3135,#3160,#142,.F.);
#2730=EDGE_CURVE('',#3161,#3131,#143,.T.);
#2731=EDGE_CURVE('',#3159,#3161,#3455,.T.);
#2732=EDGE_CURVE('',#2779,#3159,#144,.T.);
#2733=EDGE_CURVE('',#3160,#2776,#145,.F.);
#2734=EDGE_CURVE('',#3162,#3160,#3456,.T.);
#2735=EDGE_CURVE('',#3136,#3162,#146,.F.);
#2736=EDGE_CURVE('',#3163,#3130,#147,.T.);
#2737=EDGE_CURVE('',#3161,#3163,#3457,.T.);
#2738=EDGE_CURVE('',#2780,#3161,#148,.T.);
#2739=EDGE_CURVE('',#3162,#2775,#149,.F.);
#2740=EDGE_CURVE('',#3164,#3162,#3458,.T.);
#2741=EDGE_CURVE('',#3127,#3164,#150,.F.);
#2742=EDGE_CURVE('',#3165,#3129,#151,.T.);
#2743=EDGE_CURVE('',#3163,#3165,#3459,.T.);
#2744=EDGE_CURVE('',#2771,#3163,#152,.T.);
#2745=EDGE_CURVE('',#3164,#2774,#153,.F.);
#2746=EDGE_CURVE('',#3128,#3166,#154,.F.);
#2747=EDGE_CURVE('',#3166,#3164,#3460,.T.);
#2748=EDGE_CURVE('',#3165,#3166,#3461,.T.);
#2749=EDGE_CURVE('',#2772,#3165,#155,.T.);
#2750=EDGE_CURVE('',#3166,#2773,#156,.F.);
#2751=VERTEX_POINT('',#6940);
#2752=VERTEX_POINT('',#6941);
#2753=VERTEX_POINT('',#6943);
#2754=VERTEX_POINT('',#6945);
#2755=VERTEX_POINT('',#6947);
#2756=VERTEX_POINT('',#6949);
#2757=VERTEX_POINT('',#6954);
#2758=VERTEX_POINT('',#6959);
#2759=VERTEX_POINT('',#6964);
#2760=VERTEX_POINT('',#6969);
#2761=VERTEX_POINT('',#6974);
#2762=VERTEX_POINT('',#6979);
#2763=VERTEX_POINT('',#6981);
#2764=VERTEX_POINT('',#6987);
#2765=VERTEX_POINT('',#6992);
#2766=VERTEX_POINT('',#6997);
#2767=VERTEX_POINT('',#7002);
#2768=VERTEX_POINT('',#7007);
#2769=VERTEX_POINT('',#7012);
#2770=VERTEX_POINT('',#7017);
#2771=VERTEX_POINT('',#7020);
#2772=VERTEX_POINT('',#7021);
#2773=VERTEX_POINT('',#7023);
#2774=VERTEX_POINT('',#7025);
#2775=VERTEX_POINT('',#7027);
#2776=VERTEX_POINT('',#7029);
#2777=VERTEX_POINT('',#7031);
#2778=VERTEX_POINT('',#7033);
#2779=VERTEX_POINT('',#7035);
#2780=VERTEX_POINT('',#7037);
#2781=VERTEX_POINT('',#7040);
#2782=VERTEX_POINT('',#7041);
#2783=VERTEX_POINT('',#7043);
#2784=VERTEX_POINT('',#7045);
#2785=VERTEX_POINT('',#7049);
#2786=VERTEX_POINT('',#7050);
#2787=VERTEX_POINT('',#7052);
#2788=VERTEX_POINT('',#7054);
#2789=VERTEX_POINT('',#7058);
#2790=VERTEX_POINT('',#7059);
#2791=VERTEX_POINT('',#7061);
#2792=VERTEX_POINT('',#7063);
#2793=VERTEX_POINT('',#7067);
#2794=VERTEX_POINT('',#7068);
#2795=VERTEX_POINT('',#7070);
#2796=VERTEX_POINT('',#7072);
#2797=VERTEX_POINT('',#7074);
#2798=VERTEX_POINT('',#7076);
#2799=VERTEX_POINT('',#7079);
#2800=VERTEX_POINT('',#7080);
#2801=VERTEX_POINT('',#7082);
#2802=VERTEX_POINT('',#7084);
#2803=VERTEX_POINT('',#7086);
#2804=VERTEX_POINT('',#7088);
#2805=VERTEX_POINT('',#7090);
#2806=VERTEX_POINT('',#7092);
#2807=VERTEX_POINT('',#7094);
#2808=VERTEX_POINT('',#7096);
#2809=VERTEX_POINT('',#7098);
#2810=VERTEX_POINT('',#7100);
#2811=VERTEX_POINT('',#7102);
#2812=VERTEX_POINT('',#7104);
#2813=VERTEX_POINT('',#7106);
#2814=VERTEX_POINT('',#7108);
#2815=VERTEX_POINT('',#7112);
#2816=VERTEX_POINT('',#7113);
#2817=VERTEX_POINT('',#7115);
#2818=VERTEX_POINT('',#7117);
#2819=VERTEX_POINT('',#7119);
#2820=VERTEX_POINT('',#7121);
#2821=VERTEX_POINT('',#7123);
#2822=VERTEX_POINT('',#7125);
#2823=VERTEX_POINT('',#7127);
#2824=VERTEX_POINT('',#7129);
#2825=VERTEX_POINT('',#7131);
#2826=VERTEX_POINT('',#7133);
#2827=VERTEX_POINT('',#7136);
#2828=VERTEX_POINT('',#7137);
#2829=VERTEX_POINT('',#7139);
#2830=VERTEX_POINT('',#7141);
#2831=VERTEX_POINT('',#7143);
#2832=VERTEX_POINT('',#7145);
#2833=VERTEX_POINT('',#7147);
#2834=VERTEX_POINT('',#7149);
#2835=VERTEX_POINT('',#7151);
#2836=VERTEX_POINT('',#7153);
#2837=VERTEX_POINT('',#7155);
#2838=VERTEX_POINT('',#7157);
#2839=VERTEX_POINT('',#7160);
#2840=VERTEX_POINT('',#7161);
#2841=VERTEX_POINT('',#7163);
#2842=VERTEX_POINT('',#7165);
#2843=VERTEX_POINT('',#7167);
#2844=VERTEX_POINT('',#7169);
#2845=VERTEX_POINT('',#7171);
#2846=VERTEX_POINT('',#7173);
#2847=VERTEX_POINT('',#7176);
#2848=VERTEX_POINT('',#7178);
#2849=VERTEX_POINT('',#7180);
#2850=VERTEX_POINT('',#7183);
#2851=VERTEX_POINT('',#7185);
#2852=VERTEX_POINT('',#7188);
#2853=VERTEX_POINT('',#7190);
#2854=VERTEX_POINT('',#7192);
#2855=VERTEX_POINT('',#7193);
#2856=VERTEX_POINT('',#7195);
#2857=VERTEX_POINT('',#7197);
#2858=VERTEX_POINT('',#7199);
#2859=VERTEX_POINT('',#7201);
#2860=VERTEX_POINT('',#7203);
#2861=VERTEX_POINT('',#7205);
#2862=VERTEX_POINT('',#7208);
#2863=VERTEX_POINT('',#7209);
#2864=VERTEX_POINT('',#7211);
#2865=VERTEX_POINT('',#7213);
#2866=VERTEX_POINT('',#7215);
#2867=VERTEX_POINT('',#7217);
#2868=VERTEX_POINT('',#7219);
#2869=VERTEX_POINT('',#7221);
#2870=VERTEX_POINT('',#7223);
#2871=VERTEX_POINT('',#7225);
#2872=VERTEX_POINT('',#7228);
#2873=VERTEX_POINT('',#7229);
#2874=VERTEX_POINT('',#7231);
#2875=VERTEX_POINT('',#7233);
#2876=VERTEX_POINT('',#7235);
#2877=VERTEX_POINT('',#7237);
#2878=VERTEX_POINT('',#7239);
#2879=VERTEX_POINT('',#7241);
#2880=VERTEX_POINT('',#7244);
#2881=VERTEX_POINT('',#7245);
#2882=VERTEX_POINT('',#7247);
#2883=VERTEX_POINT('',#7249);
#2884=VERTEX_POINT('',#7251);
#2885=VERTEX_POINT('',#7253);
#2886=VERTEX_POINT('',#7255);
#2887=VERTEX_POINT('',#7257);
#2888=VERTEX_POINT('',#7260);
#2889=VERTEX_POINT('',#7261);
#2890=VERTEX_POINT('',#7263);
#2891=VERTEX_POINT('',#7265);
#2892=VERTEX_POINT('',#7267);
#2893=VERTEX_POINT('',#7269);
#2894=VERTEX_POINT('',#7271);
#2895=VERTEX_POINT('',#7273);
#2896=VERTEX_POINT('',#7276);
#2897=VERTEX_POINT('',#7277);
#2898=VERTEX_POINT('',#7279);
#2899=VERTEX_POINT('',#7281);
#2900=VERTEX_POINT('',#7283);
#2901=VERTEX_POINT('',#7285);
#2902=VERTEX_POINT('',#7287);
#2903=VERTEX_POINT('',#7289);
#2904=VERTEX_POINT('',#7293);
#2905=VERTEX_POINT('',#7295);
#2906=VERTEX_POINT('',#7299);
#2907=VERTEX_POINT('',#7301);
#2908=VERTEX_POINT('',#7305);
#2909=VERTEX_POINT('',#7307);
#2910=VERTEX_POINT('',#7311);
#2911=VERTEX_POINT('',#7313);
#2912=VERTEX_POINT('',#7317);
#2913=VERTEX_POINT('',#7319);
#2914=VERTEX_POINT('',#7323);
#2915=VERTEX_POINT('',#7325);
#2916=VERTEX_POINT('',#7327);
#2917=VERTEX_POINT('',#7334);
#2918=VERTEX_POINT('',#7336);
#2919=VERTEX_POINT('',#7339);
#2920=VERTEX_POINT('',#7341);
#2921=VERTEX_POINT('',#7344);
#2922=VERTEX_POINT('',#7345);
#2923=VERTEX_POINT('',#7347);
#2924=VERTEX_POINT('',#7349);
#2925=VERTEX_POINT('',#7351);
#2926=VERTEX_POINT('',#7356);
#2927=VERTEX_POINT('',#7358);
#2928=VERTEX_POINT('',#7360);
#2929=VERTEX_POINT('',#7365);
#2930=VERTEX_POINT('',#7367);
#2931=VERTEX_POINT('',#7372);
#2932=VERTEX_POINT('',#7376);
#2933=VERTEX_POINT('',#7378);
#2934=VERTEX_POINT('',#7382);
#2935=VERTEX_POINT('',#7383);
#2936=VERTEX_POINT('',#7385);
#2937=VERTEX_POINT('',#7387);
#2938=VERTEX_POINT('',#7391);
#2939=VERTEX_POINT('',#7393);
#2940=VERTEX_POINT('',#7395);
#2941=VERTEX_POINT('',#7400);
#2942=VERTEX_POINT('',#7402);
#2943=VERTEX_POINT('',#7407);
#2944=VERTEX_POINT('',#7409);
#2945=VERTEX_POINT('',#7411);
#2946=VERTEX_POINT('',#7416);
#2947=VERTEX_POINT('',#7420);
#2948=VERTEX_POINT('',#7422);
#2949=VERTEX_POINT('',#7425);
#2950=VERTEX_POINT('',#7429);
#2951=VERTEX_POINT('',#7430);
#2952=VERTEX_POINT('',#7432);
#2953=VERTEX_POINT('',#7434);
#2954=VERTEX_POINT('',#7438);
#2955=VERTEX_POINT('',#7440);
#2956=VERTEX_POINT('',#7444);
#2957=VERTEX_POINT('',#7446);
#2958=VERTEX_POINT('',#7450);
#2959=VERTEX_POINT('',#7452);
#2960=VERTEX_POINT('',#7456);
#2961=VERTEX_POINT('',#7458);
#2962=VERTEX_POINT('',#7462);
#2963=VERTEX_POINT('',#7464);
#2964=VERTEX_POINT('',#7468);
#2965=VERTEX_POINT('',#7470);
#2966=VERTEX_POINT('',#7474);
#2967=VERTEX_POINT('',#7476);
#2968=VERTEX_POINT('',#7480);
#2969=VERTEX_POINT('',#7482);
#2970=VERTEX_POINT('',#7486);
#2971=VERTEX_POINT('',#7488);
#2972=VERTEX_POINT('',#7492);
#2973=VERTEX_POINT('',#7494);
#2974=VERTEX_POINT('',#7502);
#2975=VERTEX_POINT('',#7503);
#2976=VERTEX_POINT('',#7505);
#2977=VERTEX_POINT('',#7507);
#2978=VERTEX_POINT('',#7511);
#2979=VERTEX_POINT('',#7513);
#2980=VERTEX_POINT('',#7517);
#2981=VERTEX_POINT('',#7519);
#2982=VERTEX_POINT('',#7523);
#2983=VERTEX_POINT('',#7525);
#2984=VERTEX_POINT('',#7529);
#2985=VERTEX_POINT('',#7531);
#2986=VERTEX_POINT('',#7535);
#2987=VERTEX_POINT('',#7537);
#2988=VERTEX_POINT('',#7541);
#2989=VERTEX_POINT('',#7543);
#2990=VERTEX_POINT('',#7547);
#2991=VERTEX_POINT('',#7549);
#2992=VERTEX_POINT('',#7553);
#2993=VERTEX_POINT('',#7555);
#2994=VERTEX_POINT('',#7559);
#2995=VERTEX_POINT('',#7561);
#2996=VERTEX_POINT('',#7565);
#2997=VERTEX_POINT('',#7567);
#2998=VERTEX_POINT('',#7575);
#2999=VERTEX_POINT('',#7577);
#3000=VERTEX_POINT('',#7581);
#3001=VERTEX_POINT('',#7583);
#3002=VERTEX_POINT('',#7587);
#3003=VERTEX_POINT('',#7589);
#3004=VERTEX_POINT('',#7593);
#3005=VERTEX_POINT('',#7595);
#3006=VERTEX_POINT('',#7599);
#3007=VERTEX_POINT('',#7600);
#3008=VERTEX_POINT('',#7602);
#3009=VERTEX_POINT('',#7604);
#3010=VERTEX_POINT('',#7606);
#3011=VERTEX_POINT('',#7608);
#3012=VERTEX_POINT('',#7610);
#3013=VERTEX_POINT('',#7612);
#3014=VERTEX_POINT('',#7616);
#3015=VERTEX_POINT('',#7618);
#3016=VERTEX_POINT('',#7622);
#3017=VERTEX_POINT('',#7624);
#3018=VERTEX_POINT('',#7628);
#3019=VERTEX_POINT('',#7630);
#3020=VERTEX_POINT('',#7634);
#3021=VERTEX_POINT('',#7636);
#3022=VERTEX_POINT('',#7640);
#3023=VERTEX_POINT('',#7641);
#3024=VERTEX_POINT('',#7643);
#3025=VERTEX_POINT('',#7645);
#3026=VERTEX_POINT('',#7647);
#3027=VERTEX_POINT('',#7649);
#3028=VERTEX_POINT('',#7651);
#3029=VERTEX_POINT('',#7653);
#3030=VERTEX_POINT('',#7657);
#3031=VERTEX_POINT('',#7659);
#3032=VERTEX_POINT('',#7663);
#3033=VERTEX_POINT('',#7665);
#3034=VERTEX_POINT('',#7669);
#3035=VERTEX_POINT('',#7671);
#3036=VERTEX_POINT('',#7675);
#3037=VERTEX_POINT('',#7677);
#3038=VERTEX_POINT('',#7681);
#3039=VERTEX_POINT('',#7682);
#3040=VERTEX_POINT('',#7684);
#3041=VERTEX_POINT('',#7686);
#3042=VERTEX_POINT('',#7688);
#3043=VERTEX_POINT('',#7690);
#3044=VERTEX_POINT('',#7692);
#3045=VERTEX_POINT('',#7694);
#3046=VERTEX_POINT('',#7698);
#3047=VERTEX_POINT('',#7700);
#3048=VERTEX_POINT('',#7704);
#3049=VERTEX_POINT('',#7706);
#3050=VERTEX_POINT('',#7710);
#3051=VERTEX_POINT('',#7712);
#3052=VERTEX_POINT('',#7716);
#3053=VERTEX_POINT('',#7718);
#3054=VERTEX_POINT('',#7722);
#3055=VERTEX_POINT('',#7723);
#3056=VERTEX_POINT('',#7725);
#3057=VERTEX_POINT('',#7727);
#3058=VERTEX_POINT('',#7729);
#3059=VERTEX_POINT('',#7731);
#3060=VERTEX_POINT('',#7733);
#3061=VERTEX_POINT('',#7735);
#3062=VERTEX_POINT('',#7739);
#3063=VERTEX_POINT('',#7740);
#3064=VERTEX_POINT('',#7742);
#3065=VERTEX_POINT('',#7744);
#3066=VERTEX_POINT('',#7748);
#3067=VERTEX_POINT('',#7750);
#3068=VERTEX_POINT('',#7754);
#3069=VERTEX_POINT('',#7756);
#3070=VERTEX_POINT('',#7760);
#3071=VERTEX_POINT('',#7762);
#3072=VERTEX_POINT('',#7766);
#3073=VERTEX_POINT('',#7768);
#3074=VERTEX_POINT('',#7775);
#3075=VERTEX_POINT('',#7778);
#3076=VERTEX_POINT('',#7780);
#3077=VERTEX_POINT('',#7783);
#3078=VERTEX_POINT('',#7784);
#3079=VERTEX_POINT('',#7790);
#3080=VERTEX_POINT('',#7794);
#3081=VERTEX_POINT('',#7795);
#3082=VERTEX_POINT('',#7797);
#3083=VERTEX_POINT('',#7799);
#3084=VERTEX_POINT('',#7803);
#3085=VERTEX_POINT('',#7804);
#3086=VERTEX_POINT('',#7806);
#3087=VERTEX_POINT('',#7808);
#3088=VERTEX_POINT('',#7812);
#3089=VERTEX_POINT('',#7813);
#3090=VERTEX_POINT('',#7819);
#3091=VERTEX_POINT('',#7823);
#3092=VERTEX_POINT('',#7824);
#3093=VERTEX_POINT('',#7826);
#3094=VERTEX_POINT('',#7828);
#3095=VERTEX_POINT('',#7832);
#3096=VERTEX_POINT('',#7833);
#3097=VERTEX_POINT('',#7835);
#3098=VERTEX_POINT('',#7837);
#3099=VERTEX_POINT('',#7841);
#3100=VERTEX_POINT('',#7842);
#3101=VERTEX_POINT('',#7844);
#3102=VERTEX_POINT('',#7846);
#3103=VERTEX_POINT('',#7850);
#3104=VERTEX_POINT('',#7851);
#3105=VERTEX_POINT('',#7853);
#3106=VERTEX_POINT('',#7855);
#3107=VERTEX_POINT('',#7859);
#3108=VERTEX_POINT('',#7860);
#3109=VERTEX_POINT('',#7862);
#3110=VERTEX_POINT('',#7864);
#3111=VERTEX_POINT('',#7866);
#3112=VERTEX_POINT('',#7871);
#3113=VERTEX_POINT('',#7876);
#3114=VERTEX_POINT('',#7881);
#3115=VERTEX_POINT('',#7886);
#3116=VERTEX_POINT('',#7891);
#3117=VERTEX_POINT('',#7896);
#3118=VERTEX_POINT('',#7901);
#3119=VERTEX_POINT('',#7903);
#3120=VERTEX_POINT('',#7908);
#3121=VERTEX_POINT('',#7913);
#3122=VERTEX_POINT('',#7918);
#3123=VERTEX_POINT('',#7923);
#3124=VERTEX_POINT('',#7928);
#3125=VERTEX_POINT('',#7933);
#3126=VERTEX_POINT('',#7935);
#3127=VERTEX_POINT('',#7939);
#3128=VERTEX_POINT('',#7940);
#3129=VERTEX_POINT('',#7942);
#3130=VERTEX_POINT('',#7944);
#3131=VERTEX_POINT('',#7946);
#3132=VERTEX_POINT('',#7948);
#3133=VERTEX_POINT('',#7950);
#3134=VERTEX_POINT('',#7952);
#3135=VERTEX_POINT('',#7954);
#3136=VERTEX_POINT('',#7956);
#3137=VERTEX_POINT('',#8390);
#3138=VERTEX_POINT('',#8395);
#3139=VERTEX_POINT('',#8413);
#3140=VERTEX_POINT('',#8446);
#3141=VERTEX_POINT('',#8461);
#3142=VERTEX_POINT('',#8514);
#3143=VERTEX_POINT('',#8529);
#3144=VERTEX_POINT('',#8579);
#3145=VERTEX_POINT('',#8594);
#3146=VERTEX_POINT('',#8641);
#3147=VERTEX_POINT('',#8659);
#3148=VERTEX_POINT('',#8707);
#3149=VERTEX_POINT('',#8722);
#3150=VERTEX_POINT('',#8769);
#3151=VERTEX_POINT('',#8790);
#3152=VERTEX_POINT('',#8826);
#3153=VERTEX_POINT('',#8830);
#3154=VERTEX_POINT('',#8852);
#3155=VERTEX_POINT('',#8856);
#3156=VERTEX_POINT('',#8864);
#3157=VERTEX_POINT('',#8875);
#3158=VERTEX_POINT('',#8877);
#3159=VERTEX_POINT('',#8881);
#3160=VERTEX_POINT('',#8888);
#3161=VERTEX_POINT('',#8892);
#3162=VERTEX_POINT('',#8900);
#3163=VERTEX_POINT('',#8904);
#3164=VERTEX_POINT('',#8912);
#3165=VERTEX_POINT('',#8916);
#3166=VERTEX_POINT('',#8924);
#3167=LINE('',#6939,#3462);
#3168=LINE('',#6942,#3463);
#3169=LINE('',#6944,#3464);
#3170=LINE('',#6946,#3465);
#3171=LINE('',#6948,#3466);
#3172=LINE('',#6980,#3467);
#3173=LINE('',#7018,#3468);
#3174=LINE('',#7019,#3469);
#3175=LINE('',#7022,#3470);
#3176=LINE('',#7024,#3471);
#3177=LINE('',#7026,#3472);
#3178=LINE('',#7028,#3473);
#3179=LINE('',#7030,#3474);
#3180=LINE('',#7032,#3475);
#3181=LINE('',#7034,#3476);
#3182=LINE('',#7036,#3477);
#3183=LINE('',#7038,#3478);
#3184=LINE('',#7039,#3479);
#3185=LINE('',#7042,#3480);
#3186=LINE('',#7044,#3481);
#3187=LINE('',#7046,#3482);
#3188=LINE('',#7048,#3483);
#3189=LINE('',#7051,#3484);
#3190=LINE('',#7053,#3485);
#3191=LINE('',#7055,#3486);
#3192=LINE('',#7057,#3487);
#3193=LINE('',#7060,#3488);
#3194=LINE('',#7062,#3489);
#3195=LINE('',#7064,#3490);
#3196=LINE('',#7066,#3491);
#3197=LINE('',#7069,#3492);
#3198=LINE('',#7071,#3493);
#3199=LINE('',#7073,#3494);
#3200=LINE('',#7075,#3495);
#3201=LINE('',#7077,#3496);
#3202=LINE('',#7078,#3497);
#3203=LINE('',#7081,#3498);
#3204=LINE('',#7085,#3499);
#3205=LINE('',#7087,#3500);
#3206=LINE('',#7089,#3501);
#3207=LINE('',#7093,#3502);
#3208=LINE('',#7095,#3503);
#3209=LINE('',#7097,#3504);
#3210=LINE('',#7101,#3505);
#3211=LINE('',#7103,#3506);
#3212=LINE('',#7105,#3507);
#3213=LINE('',#7109,#3508);
#3214=LINE('',#7111,#3509);
#3215=LINE('',#7120,#3510);
#3216=LINE('',#7124,#3511);
#3217=LINE('',#7132,#3512);
#3218=LINE('',#7135,#3513);
#3219=LINE('',#7144,#3514);
#3220=LINE('',#7148,#3515);
#3221=LINE('',#7156,#3516);
#3222=LINE('',#7159,#3517);
#3223=LINE('',#7164,#3518);
#3224=LINE('',#7168,#3519);
#3225=LINE('',#7172,#3520);
#3226=LINE('',#7191,#3521);
#3227=LINE('',#7196,#3522);
#3228=LINE('',#7200,#3523);
#3229=LINE('',#7204,#3524);
#3230=LINE('',#7210,#3525);
#3231=LINE('',#7214,#3526);
#3232=LINE('',#7218,#3527);
#3233=LINE('',#7222,#3528);
#3234=LINE('',#7226,#3529);
#3235=LINE('',#7227,#3530);
#3236=LINE('',#7232,#3531);
#3237=LINE('',#7236,#3532);
#3238=LINE('',#7240,#3533);
#3239=LINE('',#7243,#3534);
#3240=LINE('',#7248,#3535);
#3241=LINE('',#7252,#3536);
#3242=LINE('',#7256,#3537);
#3243=LINE('',#7259,#3538);
#3244=LINE('',#7264,#3539);
#3245=LINE('',#7268,#3540);
#3246=LINE('',#7272,#3541);
#3247=LINE('',#7275,#3542);
#3248=LINE('',#7280,#3543);
#3249=LINE('',#7284,#3544);
#3250=LINE('',#7288,#3545);
#3251=LINE('',#7294,#3546);
#3252=LINE('',#7298,#3547);
#3253=LINE('',#7300,#3548);
#3254=LINE('',#7302,#3549);
#3255=LINE('',#7306,#3550);
#3256=LINE('',#7310,#3551);
#3257=LINE('',#7312,#3552);
#3258=LINE('',#7314,#3553);
#3259=LINE('',#7318,#3554);
#3260=LINE('',#7324,#3555);
#3261=LINE('',#7326,#3556);
#3262=LINE('',#7328,#3557);
#3263=LINE('',#7343,#3558);
#3264=LINE('',#7348,#3559);
#3265=LINE('',#7357,#3560);
#3266=LINE('',#7366,#3561);
#3267=LINE('',#7375,#3562);
#3268=LINE('',#7377,#3563);
#3269=LINE('',#7379,#3564);
#3270=LINE('',#7381,#3565);
#3271=LINE('',#7384,#3566);
#3272=LINE('',#7386,#3567);
#3273=LINE('',#7388,#3568);
#3274=LINE('',#7392,#3569);
#3275=LINE('',#7401,#3570);
#3276=LINE('',#7410,#3571);
#3277=LINE('',#7421,#3572);
#3278=LINE('',#7424,#3573);
#3279=LINE('',#7426,#3574);
#3280=LINE('',#7428,#3575);
#3281=LINE('',#7433,#3576);
#3282=LINE('',#7439,#3577);
#3283=LINE('',#7443,#3578);
#3284=LINE('',#7445,#3579);
#3285=LINE('',#7447,#3580);
#3286=LINE('',#7451,#3581);
#3287=LINE('',#7455,#3582);
#3288=LINE('',#7457,#3583);
#3289=LINE('',#7459,#3584);
#3290=LINE('',#7463,#3585);
#3291=LINE('',#7469,#3586);
#3292=LINE('',#7475,#3587);
#3293=LINE('',#7479,#3588);
#3294=LINE('',#7481,#3589);
#3295=LINE('',#7483,#3590);
#3296=LINE('',#7487,#3591);
#3297=LINE('',#7491,#3592);
#3298=LINE('',#7493,#3593);
#3299=LINE('',#7495,#3594);
#3300=LINE('',#7501,#3595);
#3301=LINE('',#7506,#3596);
#3302=LINE('',#7512,#3597);
#3303=LINE('',#7516,#3598);
#3304=LINE('',#7518,#3599);
#3305=LINE('',#7520,#3600);
#3306=LINE('',#7524,#3601);
#3307=LINE('',#7528,#3602);
#3308=LINE('',#7530,#3603);
#3309=LINE('',#7532,#3604);
#3310=LINE('',#7536,#3605);
#3311=LINE('',#7542,#3606);
#3312=LINE('',#7548,#3607);
#3313=LINE('',#7552,#3608);
#3314=LINE('',#7554,#3609);
#3315=LINE('',#7556,#3610);
#3316=LINE('',#7560,#3611);
#3317=LINE('',#7564,#3612);
#3318=LINE('',#7566,#3613);
#3319=LINE('',#7568,#3614);
#3320=LINE('',#7574,#3615);
#3321=LINE('',#7576,#3616);
#3322=LINE('',#7578,#3617);
#3323=LINE('',#7580,#3618);
#3324=LINE('',#7582,#3619);
#3325=LINE('',#7584,#3620);
#3326=LINE('',#7586,#3621);
#3327=LINE('',#7588,#3622);
#3328=LINE('',#7590,#3623);
#3329=LINE('',#7592,#3624);
#3330=LINE('',#7594,#3625);
#3331=LINE('',#7596,#3626);
#3332=LINE('',#7601,#3627);
#3333=LINE('',#7605,#3628);
#3334=LINE('',#7609,#3629);
#3335=LINE('',#7613,#3630);
#3336=LINE('',#7615,#3631);
#3337=LINE('',#7617,#3632);
#3338=LINE('',#7619,#3633);
#3339=LINE('',#7621,#3634);
#3340=LINE('',#7623,#3635);
#3341=LINE('',#7625,#3636);
#3342=LINE('',#7627,#3637);
#3343=LINE('',#7629,#3638);
#3344=LINE('',#7631,#3639);
#3345=LINE('',#7633,#3640);
#3346=LINE('',#7635,#3641);
#3347=LINE('',#7637,#3642);
#3348=LINE('',#7642,#3643);
#3349=LINE('',#7646,#3644);
#3350=LINE('',#7650,#3645);
#3351=LINE('',#7654,#3646);
#3352=LINE('',#7656,#3647);
#3353=LINE('',#7658,#3648);
#3354=LINE('',#7660,#3649);
#3355=LINE('',#7662,#3650);
#3356=LINE('',#7664,#3651);
#3357=LINE('',#7666,#3652);
#3358=LINE('',#7668,#3653);
#3359=LINE('',#7670,#3654);
#3360=LINE('',#7672,#3655);
#3361=LINE('',#7674,#3656);
#3362=LINE('',#7676,#3657);
#3363=LINE('',#7678,#3658);
#3364=LINE('',#7683,#3659);
#3365=LINE('',#7687,#3660);
#3366=LINE('',#7691,#3661);
#3367=LINE('',#7695,#3662);
#3368=LINE('',#7697,#3663);
#3369=LINE('',#7699,#3664);
#3370=LINE('',#7701,#3665);
#3371=LINE('',#7703,#3666);
#3372=LINE('',#7705,#3667);
#3373=LINE('',#7707,#3668);
#3374=LINE('',#7709,#3669);
#3375=LINE('',#7711,#3670);
#3376=LINE('',#7713,#3671);
#3377=LINE('',#7715,#3672);
#3378=LINE('',#7717,#3673);
#3379=LINE('',#7719,#3674);
#3380=LINE('',#7724,#3675);
#3381=LINE('',#7728,#3676);
#3382=LINE('',#7732,#3677);
#3383=LINE('',#7736,#3678);
#3384=LINE('',#7738,#3679);
#3385=LINE('',#7741,#3680);
#3386=LINE('',#7743,#3681);
#3387=LINE('',#7745,#3682);
#3388=LINE('',#7747,#3683);
#3389=LINE('',#7749,#3684);
#3390=LINE('',#7751,#3685);
#3391=LINE('',#7753,#3686);
#3392=LINE('',#7755,#3687);
#3393=LINE('',#7757,#3688);
#3394=LINE('',#7759,#3689);
#3395=LINE('',#7761,#3690);
#3396=LINE('',#7763,#3691);
#3397=LINE('',#7765,#3692);
#3398=LINE('',#7767,#3693);
#3399=LINE('',#7769,#3694);
#3400=LINE('',#7771,#3695);
#3401=LINE('',#7772,#3696);
#3402=LINE('',#7782,#3697);
#3403=LINE('',#7785,#3698);
#3404=LINE('',#7791,#3699);
#3405=LINE('',#7793,#3700);
#3406=LINE('',#7796,#3701);
#3407=LINE('',#7800,#3702);
#3408=LINE('',#7802,#3703);
#3409=LINE('',#7805,#3704);
#3410=LINE('',#7809,#3705);
#3411=LINE('',#7811,#3706);
#3412=LINE('',#7818,#3707);
#3413=LINE('',#7820,#3708);
#3414=LINE('',#7822,#3709);
#3415=LINE('',#7825,#3710);
#3416=LINE('',#7827,#3711);
#3417=LINE('',#7829,#3712);
#3418=LINE('',#7831,#3713);
#3419=LINE('',#7834,#3714);
#3420=LINE('',#7838,#3715);
#3421=LINE('',#7840,#3716);
#3422=LINE('',#7843,#3717);
#3423=LINE('',#7845,#3718);
#3424=LINE('',#7847,#3719);
#3425=LINE('',#7849,#3720);
#3426=LINE('',#7852,#3721);
#3427=LINE('',#7856,#3722);
#3428=LINE('',#7858,#3723);
#3429=LINE('',#7861,#3724);
#3430=LINE('',#7863,#3725);
#3431=LINE('',#7865,#3726);
#3432=LINE('',#7902,#3727);
#3433=LINE('',#7934,#3728);
#3434=LINE('',#7936,#3729);
#3435=LINE('',#7938,#3730);
#3436=LINE('',#7941,#3731);
#3437=LINE('',#7943,#3732);
#3438=LINE('',#7945,#3733);
#3439=LINE('',#7947,#3734);
#3440=LINE('',#7949,#3735);
#3441=LINE('',#7951,#3736);
#3442=LINE('',#7953,#3737);
#3443=LINE('',#7955,#3738);
#3444=LINE('',#7957,#3739);
#3445=LINE('',#8396,#3740);
#3446=LINE('',#8825,#3741);
#3447=LINE('',#8831,#3742);
#3448=LINE('',#8851,#3743);
#3449=LINE('',#8857,#3744);
#3450=LINE('',#8865,#3745);
#3451=LINE('',#8867,#3746);
#3452=LINE('',#8878,#3747);
#3453=LINE('',#8882,#3748);
#3454=LINE('',#8887,#3749);
#3455=LINE('',#8893,#3750);
#3456=LINE('',#8899,#3751);
#3457=LINE('',#8905,#3752);
#3458=LINE('',#8911,#3753);
#3459=LINE('',#8917,#3754);
#3460=LINE('',#8925,#3755);
#3461=LINE('',#8927,#3756);
#3462=VECTOR('',#5420,1.);
#3463=VECTOR('',#5421,1.);
#3464=VECTOR('',#5422,1.);
#3465=VECTOR('',#5423,1.);
#3466=VECTOR('',#5424,1.);
#3467=VECTOR('',#5425,1.);
#3468=VECTOR('',#5426,1.);
#3469=VECTOR('',#5427,1.);
#3470=VECTOR('',#5428,1.);
#3471=VECTOR('',#5429,1.);
#3472=VECTOR('',#5430,1.);
#3473=VECTOR('',#5431,1.);
#3474=VECTOR('',#5432,1.);
#3475=VECTOR('',#5433,1.);
#3476=VECTOR('',#5434,1.);
#3477=VECTOR('',#5435,1.);
#3478=VECTOR('',#5436,1.);
#3479=VECTOR('',#5437,1.);
#3480=VECTOR('',#5438,1.);
#3481=VECTOR('',#5439,1.);
#3482=VECTOR('',#5440,1.);
#3483=VECTOR('',#5443,1.);
#3484=VECTOR('',#5444,1.);
#3485=VECTOR('',#5445,1.);
#3486=VECTOR('',#5446,1.);
#3487=VECTOR('',#5449,1.);
#3488=VECTOR('',#5450,1.);
#3489=VECTOR('',#5451,1.);
#3490=VECTOR('',#5452,1.);
#3491=VECTOR('',#5455,1.);
#3492=VECTOR('',#5456,1.);
#3493=VECTOR('',#5457,1.);
#3494=VECTOR('',#5458,1.);
#3495=VECTOR('',#5459,1.);
#3496=VECTOR('',#5460,1.);
#3497=VECTOR('',#5461,1.);
#3498=VECTOR('',#5462,1.);
#3499=VECTOR('',#5465,1.);
#3500=VECTOR('',#5466,1.);
#3501=VECTOR('',#5467,1.);
#3502=VECTOR('',#5470,1.);
#3503=VECTOR('',#5471,1.);
#3504=VECTOR('',#5472,1.);
#3505=VECTOR('',#5475,1.);
#3506=VECTOR('',#5476,1.);
#3507=VECTOR('',#5477,1.);
#3508=VECTOR('',#5480,1.);
#3509=VECTOR('',#5483,1.);
#3510=VECTOR('',#5490,1.);
#3511=VECTOR('',#5493,1.);
#3512=VECTOR('',#5500,1.);
#3513=VECTOR('',#5503,1.);
#3514=VECTOR('',#5510,1.);
#3515=VECTOR('',#5513,1.);
#3516=VECTOR('',#5520,1.);
#3517=VECTOR('',#5523,1.);
#3518=VECTOR('',#5526,1.);
#3519=VECTOR('',#5529,1.);
#3520=VECTOR('',#5532,1.);
#3521=VECTOR('',#5553,1.);
#3522=VECTOR('',#5556,1.);
#3523=VECTOR('',#5559,1.);
#3524=VECTOR('',#5562,1.);
#3525=VECTOR('',#5567,1.);
#3526=VECTOR('',#5570,1.);
#3527=VECTOR('',#5573,1.);
#3528=VECTOR('',#5576,1.);
#3529=VECTOR('',#5579,1.);
#3530=VECTOR('',#5580,1.);
#3531=VECTOR('',#5583,1.);
#3532=VECTOR('',#5586,1.);
#3533=VECTOR('',#5589,1.);
#3534=VECTOR('',#5592,1.);
#3535=VECTOR('',#5595,1.);
#3536=VECTOR('',#5598,1.);
#3537=VECTOR('',#5601,1.);
#3538=VECTOR('',#5604,1.);
#3539=VECTOR('',#5607,1.);
#3540=VECTOR('',#5610,1.);
#3541=VECTOR('',#5613,1.);
#3542=VECTOR('',#5616,1.);
#3543=VECTOR('',#5619,1.);
#3544=VECTOR('',#5622,1.);
#3545=VECTOR('',#5625,1.);
#3546=VECTOR('',#5632,1.);
#3547=VECTOR('',#5637,1.);
#3548=VECTOR('',#5638,1.);
#3549=VECTOR('',#5639,1.);
#3550=VECTOR('',#5644,1.);
#3551=VECTOR('',#5649,1.);
#3552=VECTOR('',#5650,1.);
#3553=VECTOR('',#5651,1.);
#3554=VECTOR('',#5656,1.);
#3555=VECTOR('',#5663,1.);
#3556=VECTOR('',#5664,1.);
#3557=VECTOR('',#5665,1.);
#3558=VECTOR('',#5686,1.);
#3559=VECTOR('',#5689,1.);
#3560=VECTOR('',#5692,1.);
#3561=VECTOR('',#5695,1.);
#3562=VECTOR('',#5700,1.);
#3563=VECTOR('',#5701,1.);
#3564=VECTOR('',#5702,1.);
#3565=VECTOR('',#5705,1.);
#3566=VECTOR('',#5706,1.);
#3567=VECTOR('',#5707,1.);
#3568=VECTOR('',#5708,1.);
#3569=VECTOR('',#5713,1.);
#3570=VECTOR('',#5716,1.);
#3571=VECTOR('',#5719,1.);
#3572=VECTOR('',#5726,1.);
#3573=VECTOR('',#5729,1.);
#3574=VECTOR('',#5730,1.);
#3575=VECTOR('',#5733,1.);
#3576=VECTOR('',#5736,1.);
#3577=VECTOR('',#5743,1.);
#3578=VECTOR('',#5748,1.);
#3579=VECTOR('',#5749,1.);
#3580=VECTOR('',#5750,1.);
#3581=VECTOR('',#5755,1.);
#3582=VECTOR('',#5760,1.);
#3583=VECTOR('',#5761,1.);
#3584=VECTOR('',#5762,1.);
#3585=VECTOR('',#5767,1.);
#3586=VECTOR('',#5774,1.);
#3587=VECTOR('',#5781,1.);
#3588=VECTOR('',#5786,1.);
#3589=VECTOR('',#5787,1.);
#3590=VECTOR('',#5788,1.);
#3591=VECTOR('',#5793,1.);
#3592=VECTOR('',#5798,1.);
#3593=VECTOR('',#5799,1.);
#3594=VECTOR('',#5800,1.);
#3595=VECTOR('',#5811,1.);
#3596=VECTOR('',#5814,1.);
#3597=VECTOR('',#5821,1.);
#3598=VECTOR('',#5826,1.);
#3599=VECTOR('',#5827,1.);
#3600=VECTOR('',#5828,1.);
#3601=VECTOR('',#5833,1.);
#3602=VECTOR('',#5838,1.);
#3603=VECTOR('',#5839,1.);
#3604=VECTOR('',#5840,1.);
#3605=VECTOR('',#5845,1.);
#3606=VECTOR('',#5852,1.);
#3607=VECTOR('',#5859,1.);
#3608=VECTOR('',#5864,1.);
#3609=VECTOR('',#5865,1.);
#3610=VECTOR('',#5866,1.);
#3611=VECTOR('',#5871,1.);
#3612=VECTOR('',#5876,1.);
#3613=VECTOR('',#5877,1.);
#3614=VECTOR('',#5878,1.);
#3615=VECTOR('',#5889,1.);
#3616=VECTOR('',#5890,1.);
#3617=VECTOR('',#5891,1.);
#3618=VECTOR('',#5894,1.);
#3619=VECTOR('',#5895,1.);
#3620=VECTOR('',#5896,1.);
#3621=VECTOR('',#5899,1.);
#3622=VECTOR('',#5900,1.);
#3623=VECTOR('',#5901,1.);
#3624=VECTOR('',#5904,1.);
#3625=VECTOR('',#5905,1.);
#3626=VECTOR('',#5906,1.);
#3627=VECTOR('',#5911,1.);
#3628=VECTOR('',#5914,1.);
#3629=VECTOR('',#5917,1.);
#3630=VECTOR('',#5920,1.);
#3631=VECTOR('',#5923,1.);
#3632=VECTOR('',#5924,1.);
#3633=VECTOR('',#5925,1.);
#3634=VECTOR('',#5928,1.);
#3635=VECTOR('',#5929,1.);
#3636=VECTOR('',#5930,1.);
#3637=VECTOR('',#5933,1.);
#3638=VECTOR('',#5934,1.);
#3639=VECTOR('',#5935,1.);
#3640=VECTOR('',#5938,1.);
#3641=VECTOR('',#5939,1.);
#3642=VECTOR('',#5940,1.);
#3643=VECTOR('',#5945,1.);
#3644=VECTOR('',#5948,1.);
#3645=VECTOR('',#5951,1.);
#3646=VECTOR('',#5954,1.);
#3647=VECTOR('',#5957,1.);
#3648=VECTOR('',#5958,1.);
#3649=VECTOR('',#5959,1.);
#3650=VECTOR('',#5962,1.);
#3651=VECTOR('',#5963,1.);
#3652=VECTOR('',#5964,1.);
#3653=VECTOR('',#5967,1.);
#3654=VECTOR('',#5968,1.);
#3655=VECTOR('',#5969,1.);
#3656=VECTOR('',#5972,1.);
#3657=VECTOR('',#5973,1.);
#3658=VECTOR('',#5974,1.);
#3659=VECTOR('',#5979,1.);
#3660=VECTOR('',#5982,1.);
#3661=VECTOR('',#5985,1.);
#3662=VECTOR('',#5988,1.);
#3663=VECTOR('',#5991,1.);
#3664=VECTOR('',#5992,1.);
#3665=VECTOR('',#5993,1.);
#3666=VECTOR('',#5996,1.);
#3667=VECTOR('',#5997,1.);
#3668=VECTOR('',#5998,1.);
#3669=VECTOR('',#6001,1.);
#3670=VECTOR('',#6002,1.);
#3671=VECTOR('',#6003,1.);
#3672=VECTOR('',#6006,1.);
#3673=VECTOR('',#6007,1.);
#3674=VECTOR('',#6008,1.);
#3675=VECTOR('',#6013,1.);
#3676=VECTOR('',#6016,1.);
#3677=VECTOR('',#6019,1.);
#3678=VECTOR('',#6022,1.);
#3679=VECTOR('',#6025,1.);
#3680=VECTOR('',#6026,1.);
#3681=VECTOR('',#6027,1.);
#3682=VECTOR('',#6028,1.);
#3683=VECTOR('',#6031,1.);
#3684=VECTOR('',#6032,1.);
#3685=VECTOR('',#6033,1.);
#3686=VECTOR('',#6036,1.);
#3687=VECTOR('',#6037,1.);
#3688=VECTOR('',#6038,1.);
#3689=VECTOR('',#6041,1.);
#3690=VECTOR('',#6042,1.);
#3691=VECTOR('',#6043,1.);
#3692=VECTOR('',#6046,1.);
#3693=VECTOR('',#6047,1.);
#3694=VECTOR('',#6048,1.);
#3695=VECTOR('',#6051,1.);
#3696=VECTOR('',#6052,1.);
#3697=VECTOR('',#6065,1.);
#3698=VECTOR('',#6066,1.);
#3699=VECTOR('',#6067,1.);
#3700=VECTOR('',#6070,1.);
#3701=VECTOR('',#6071,1.);
#3702=VECTOR('',#6074,1.);
#3703=VECTOR('',#6077,1.);
#3704=VECTOR('',#6078,1.);
#3705=VECTOR('',#6081,1.);
#3706=VECTOR('',#6084,1.);
#3707=VECTOR('',#6085,1.);
#3708=VECTOR('',#6086,1.);
#3709=VECTOR('',#6089,1.);
#3710=VECTOR('',#6090,1.);
#3711=VECTOR('',#6091,1.);
#3712=VECTOR('',#6092,1.);
#3713=VECTOR('',#6095,1.);
#3714=VECTOR('',#6096,1.);
#3715=VECTOR('',#6099,1.);
#3716=VECTOR('',#6102,1.);
#3717=VECTOR('',#6103,1.);
#3718=VECTOR('',#6104,1.);
#3719=VECTOR('',#6105,1.);
#3720=VECTOR('',#6108,1.);
#3721=VECTOR('',#6109,1.);
#3722=VECTOR('',#6112,1.);
#3723=VECTOR('',#6115,1.);
#3724=VECTOR('',#6116,1.);
#3725=VECTOR('',#6117,1.);
#3726=VECTOR('',#6118,1.);
#3727=VECTOR('',#6119,1.);
#3728=VECTOR('',#6120,1.);
#3729=VECTOR('',#6121,1.);
#3730=VECTOR('',#6124,1.);
#3731=VECTOR('',#6125,1.);
#3732=VECTOR('',#6126,1.);
#3733=VECTOR('',#6127,1.);
#3734=VECTOR('',#6128,1.);
#3735=VECTOR('',#6129,1.);
#3736=VECTOR('',#6130,1.);
#3737=VECTOR('',#6131,1.);
#3738=VECTOR('',#6132,1.);
#3739=VECTOR('',#6133,1.);
#3740=VECTOR('',#6750,1.);
#3741=VECTOR('',#6799,1.);
#3742=VECTOR('',#6806,1.);
#3743=VECTOR('',#6813,1.);
#3744=VECTOR('',#6820,1.);
#3745=VECTOR('',#6833,1.);
#3746=VECTOR('',#6836,1.);
#3747=VECTOR('',#6853,1.);
#3748=VECTOR('',#6858,1.);
#3749=VECTOR('',#6867,1.);
#3750=VECTOR('',#6874,1.);
#3751=VECTOR('',#6885,1.);
#3752=VECTOR('',#6892,1.);
#3753=VECTOR('',#6903,1.);
#3754=VECTOR('',#6910,1.);
#3755=VECTOR('',#6923,1.);
#3756=VECTOR('',#6926,1.);
#3757=EDGE_LOOP('',(#660,#661,#662,#663,#664,#665,#666,#667,#668,#669,#670,
#671,#672,#673,#674,#675,#676,#677,#678,#679));
#3758=EDGE_LOOP('',(#680,#681,#682,#683,#684,#685,#686,#687,#688,#689));
#3759=EDGE_LOOP('',(#690,#691,#692,#693));
#3760=EDGE_LOOP('',(#694,#695,#696,#697));
#3761=EDGE_LOOP('',(#698,#699,#700,#701));
#3762=EDGE_LOOP('',(#702,#703,#704,#705,#706,#707));
#3763=EDGE_LOOP('',(#708,#709,#710,#711,#712,#713,#714,#715,#716,#717,#718,
#719,#720,#721,#722,#723));
#3764=EDGE_LOOP('',(#724,#725,#726,#727,#728,#729,#730,#731,#732,#733,#734,
#735));
#3765=EDGE_LOOP('',(#736,#737,#738,#739,#740,#741,#742,#743,#744,#745,#746,
#747));
#3766=EDGE_LOOP('',(#748,#749,#750,#751,#752,#753,#754,#755));
#3767=EDGE_LOOP('',(#756));
#3768=EDGE_LOOP('',(#757));
#3769=EDGE_LOOP('',(#758));
#3770=EDGE_LOOP('',(#759));
#3771=EDGE_LOOP('',(#760));
#3772=EDGE_LOOP('',(#761));
#3773=EDGE_LOOP('',(#762));
#3774=EDGE_LOOP('',(#763,#764,#765,#766,#767,#768,#769,#770));
#3775=EDGE_LOOP('',(#771,#772,#773,#774,#775,#776,#777,#778,#779,#780));
#3776=EDGE_LOOP('',(#781,#782,#783,#784,#785,#786,#787,#788));
#3777=EDGE_LOOP('',(#789,#790,#791,#792,#793,#794,#795,#796));
#3778=EDGE_LOOP('',(#797,#798,#799,#800,#801,#802,#803,#804));
#3779=EDGE_LOOP('',(#805,#806,#807,#808,#809,#810,#811,#812));
#3780=EDGE_LOOP('',(#813,#814,#815,#816));
#3781=EDGE_LOOP('',(#817,#818,#819,#820));
#3782=EDGE_LOOP('',(#821,#822,#823,#824));
#3783=EDGE_LOOP('',(#825,#826,#827,#828));
#3784=EDGE_LOOP('',(#829,#830,#831,#832));
#3785=EDGE_LOOP('',(#833));
#3786=EDGE_LOOP('',(#834,#835,#836,#837));
#3787=EDGE_LOOP('',(#838,#839,#840,#841));
#3788=EDGE_LOOP('',(#842));
#3789=EDGE_LOOP('',(#843));
#3790=EDGE_LOOP('',(#844));
#3791=EDGE_LOOP('',(#845));
#3792=EDGE_LOOP('',(#846,#847,#848,#849,#850,#851,#852,#853,#854,#855,#856));
#3793=EDGE_LOOP('',(#857,#858,#859,#860));
#3794=EDGE_LOOP('',(#861,#862,#863,#864));
#3795=EDGE_LOOP('',(#865,#866,#867,#868,#869,#870,#871,#872,#873,#874,#875));
#3796=EDGE_LOOP('',(#876));
#3797=EDGE_LOOP('',(#877,#878,#879,#880,#881,#882,#883,#884));
#3798=EDGE_LOOP('',(#885,#886,#887,#888));
#3799=EDGE_LOOP('',(#889,#890,#891,#892));
#3800=EDGE_LOOP('',(#893,#894,#895,#896));
#3801=EDGE_LOOP('',(#897,#898,#899,#900));
#3802=EDGE_LOOP('',(#901,#902,#903,#904));
#3803=EDGE_LOOP('',(#905,#906,#907,#908));
#3804=EDGE_LOOP('',(#909,#910,#911,#912));
#3805=EDGE_LOOP('',(#913,#914,#915,#916));
#3806=EDGE_LOOP('',(#917,#918,#919,#920));
#3807=EDGE_LOOP('',(#921,#922,#923,#924));
#3808=EDGE_LOOP('',(#925,#926,#927,#928));
#3809=EDGE_LOOP('',(#929,#930,#931,#932));
#3810=EDGE_LOOP('',(#933,#934,#935,#936,#937,#938,#939,#940,#941,#942,#943,
#944));
#3811=EDGE_LOOP('',(#945,#946,#947,#948));
#3812=EDGE_LOOP('',(#949,#950,#951,#952));
#3813=EDGE_LOOP('',(#953,#954,#955,#956));
#3814=EDGE_LOOP('',(#957,#958,#959,#960));
#3815=EDGE_LOOP('',(#961,#962,#963,#964));
#3816=EDGE_LOOP('',(#965,#966,#967,#968));
#3817=EDGE_LOOP('',(#969,#970,#971,#972));
#3818=EDGE_LOOP('',(#973,#974,#975,#976));
#3819=EDGE_LOOP('',(#977,#978,#979,#980));
#3820=EDGE_LOOP('',(#981,#982,#983,#984));
#3821=EDGE_LOOP('',(#985,#986,#987,#988));
#3822=EDGE_LOOP('',(#989,#990,#991,#992));
#3823=EDGE_LOOP('',(#993,#994,#995,#996,#997,#998,#999,#1000,#1001,#1002,
#1003,#1004));
#3824=EDGE_LOOP('',(#1005,#1006,#1007,#1008));
#3825=EDGE_LOOP('',(#1009,#1010,#1011,#1012));
#3826=EDGE_LOOP('',(#1013,#1014,#1015,#1016));
#3827=EDGE_LOOP('',(#1017,#1018,#1019,#1020));
#3828=EDGE_LOOP('',(#1021,#1022,#1023,#1024,#1025,#1026,#1027,#1028));
#3829=EDGE_LOOP('',(#1029,#1030,#1031,#1032));
#3830=EDGE_LOOP('',(#1033,#1034,#1035,#1036));
#3831=EDGE_LOOP('',(#1037,#1038,#1039,#1040));
#3832=EDGE_LOOP('',(#1041,#1042,#1043,#1044));
#3833=EDGE_LOOP('',(#1045,#1046,#1047,#1048,#1049,#1050,#1051,#1052));
#3834=EDGE_LOOP('',(#1053,#1054,#1055,#1056));
#3835=EDGE_LOOP('',(#1057,#1058,#1059,#1060));
#3836=EDGE_LOOP('',(#1061,#1062,#1063,#1064));
#3837=EDGE_LOOP('',(#1065,#1066,#1067,#1068));
#3838=EDGE_LOOP('',(#1069,#1070,#1071,#1072,#1073,#1074,#1075,#1076));
#3839=EDGE_LOOP('',(#1077,#1078,#1079,#1080));
#3840=EDGE_LOOP('',(#1081,#1082,#1083,#1084));
#3841=EDGE_LOOP('',(#1085,#1086,#1087,#1088));
#3842=EDGE_LOOP('',(#1089,#1090,#1091,#1092));
#3843=EDGE_LOOP('',(#1093,#1094,#1095,#1096,#1097,#1098,#1099,#1100));
#3844=EDGE_LOOP('',(#1101,#1102,#1103,#1104));
#3845=EDGE_LOOP('',(#1105,#1106,#1107,#1108));
#3846=EDGE_LOOP('',(#1109,#1110,#1111,#1112));
#3847=EDGE_LOOP('',(#1113,#1114,#1115,#1116));
#3848=EDGE_LOOP('',(#1117,#1118,#1119,#1120));
#3849=EDGE_LOOP('',(#1121,#1122,#1123,#1124));
#3850=EDGE_LOOP('',(#1125));
#3851=EDGE_LOOP('',(#1126,#1127,#1128,#1129,#1130,#1131));
#3852=EDGE_LOOP('',(#1132));
#3853=EDGE_LOOP('',(#1133));
#3854=EDGE_LOOP('',(#1134,#1135,#1136,#1137,#1138));
#3855=EDGE_LOOP('',(#1139,#1140,#1141,#1142));
#3856=EDGE_LOOP('',(#1143,#1144,#1145,#1146));
#3857=EDGE_LOOP('',(#1147,#1148,#1149,#1150,#1151));
#3858=EDGE_LOOP('',(#1152,#1153,#1154,#1155));
#3859=EDGE_LOOP('',(#1156,#1157,#1158,#1159));
#3860=EDGE_LOOP('',(#1160,#1161,#1162,#1163));
#3861=EDGE_LOOP('',(#1164,#1165,#1166,#1167));
#3862=EDGE_LOOP('',(#1168,#1169,#1170,#1171,#1172,#1173,#1174,#1175,#1176,
#1177,#1178,#1179,#1180,#1181,#1182,#1183,#1184,#1185,#1186,#1187));
#3863=EDGE_LOOP('',(#1188,#1189,#1190,#1191,#1192,#1193,#1194,#1195,#1196,
#1197));
#3864=EDGE_LOOP('',(#1198,#1199,#1200,#1201));
#3865=EDGE_LOOP('',(#1202,#1203,#1204,#1205));
#3866=EDGE_LOOP('',(#1206,#1207,#1208,#1209));
#3867=EDGE_LOOP('',(#1210,#1211,#1212,#1213));
#3868=EDGE_LOOP('',(#1214,#1215,#1216,#1217));
#3869=EDGE_LOOP('',(#1218,#1219,#1220,#1221));
#3870=EDGE_LOOP('',(#1222,#1223,#1224,#1225));
#3871=EDGE_LOOP('',(#1226,#1227,#1228,#1229));
#3872=EDGE_LOOP('',(#1230,#1231,#1232,#1233));
#3873=EDGE_LOOP('',(#1234,#1235,#1236,#1237));
#3874=EDGE_LOOP('',(#1238,#1239,#1240,#1241));
#3875=EDGE_LOOP('',(#1242,#1243,#1244,#1245));
#3876=EDGE_LOOP('',(#1246,#1247,#1248,#1249));
#3877=EDGE_LOOP('',(#1250,#1251,#1252,#1253));
#3878=EDGE_LOOP('',(#1254,#1255,#1256,#1257));
#3879=EDGE_LOOP('',(#1258,#1259,#1260,#1261));
#3880=EDGE_LOOP('',(#1262,#1263,#1264,#1265));
#3881=EDGE_LOOP('',(#1266,#1267,#1268,#1269));
#3882=EDGE_LOOP('',(#1270,#1271,#1272,#1273));
#3883=EDGE_LOOP('',(#1274,#1275,#1276,#1277));
#3884=EDGE_LOOP('',(#1278,#1279,#1280,#1281));
#3885=EDGE_LOOP('',(#1282,#1283,#1284,#1285));
#3886=EDGE_LOOP('',(#1286,#1287,#1288,#1289));
#3887=EDGE_LOOP('',(#1290,#1291,#1292,#1293));
#3888=EDGE_LOOP('',(#1294,#1295,#1296,#1297));
#3889=EDGE_LOOP('',(#1298,#1299,#1300,#1301));
#3890=EDGE_LOOP('',(#1302,#1303,#1304,#1305));
#3891=EDGE_LOOP('',(#1306,#1307,#1308,#1309));
#3892=EDGE_LOOP('',(#1310,#1311,#1312,#1313));
#3893=EDGE_LOOP('',(#1314,#1315,#1316,#1317));
#3894=EDGE_LOOP('',(#1318,#1319,#1320,#1321));
#3895=EDGE_LOOP('',(#1322,#1323,#1324,#1325));
#3896=EDGE_LOOP('',(#1326,#1327,#1328,#1329));
#3897=EDGE_LOOP('',(#1330,#1331,#1332,#1333));
#3898=EDGE_LOOP('',(#1334,#1335,#1336,#1337));
#3899=EDGE_LOOP('',(#1338,#1339,#1340,#1341));
#3900=EDGE_LOOP('',(#1342,#1343,#1344,#1345));
#3901=EDGE_LOOP('',(#1346,#1347,#1348,#1349));
#3902=EDGE_LOOP('',(#1350,#1351,#1352,#1353));
#3903=EDGE_LOOP('',(#1354,#1355,#1356,#1357));
#3904=EDGE_LOOP('',(#1358,#1359,#1360,#1361));
#3905=EDGE_LOOP('',(#1362,#1363,#1364,#1365));
#3906=EDGE_LOOP('',(#1366,#1367,#1368,#1369));
#3907=EDGE_LOOP('',(#1370,#1371,#1372,#1373));
#3908=EDGE_LOOP('',(#1374,#1375,#1376,#1377));
#3909=EDGE_LOOP('',(#1378,#1379,#1380,#1381));
#3910=EDGE_LOOP('',(#1382,#1383,#1384,#1385));
#3911=EDGE_LOOP('',(#1386,#1387,#1388,#1389));
#3912=EDGE_LOOP('',(#1390,#1391,#1392,#1393));
#3913=EDGE_LOOP('',(#1394));
#3914=EDGE_LOOP('',(#1395));
#3915=EDGE_LOOP('',(#1396));
#3916=EDGE_LOOP('',(#1397));
#3917=EDGE_LOOP('',(#1398));
#3918=EDGE_LOOP('',(#1399));
#3919=EDGE_LOOP('',(#1400));
#3920=EDGE_LOOP('',(#1401));
#3921=EDGE_LOOP('',(#1402));
#3922=EDGE_LOOP('',(#1403));
#3923=EDGE_LOOP('',(#1404));
#3924=EDGE_LOOP('',(#1405));
#3925=EDGE_LOOP('',(#1406,#1407,#1408,#1409));
#3926=EDGE_LOOP('',(#1410,#1411,#1412,#1413));
#3927=EDGE_LOOP('',(#1414,#1415,#1416,#1417));
#3928=EDGE_LOOP('',(#1418,#1419,#1420,#1421));
#3929=EDGE_LOOP('',(#1422,#1423,#1424,#1425));
#3930=EDGE_LOOP('',(#1426,#1427,#1428,#1429));
#3931=EDGE_LOOP('',(#1430,#1431,#1432,#1433));
#3932=EDGE_LOOP('',(#1434,#1435,#1436,#1437));
#3933=EDGE_LOOP('',(#1438,#1439,#1440,#1441));
#3934=EDGE_LOOP('',(#1442,#1443,#1444,#1445));
#3935=EDGE_LOOP('',(#1446,#1447,#1448,#1449));
#3936=EDGE_LOOP('',(#1450,#1451,#1452,#1453));
#3937=EDGE_LOOP('',(#1454,#1455,#1456,#1457));
#3938=EDGE_LOOP('',(#1458,#1459,#1460,#1461));
#3939=EDGE_LOOP('',(#1462,#1463,#1464,#1465));
#3940=EDGE_LOOP('',(#1466,#1467,#1468,#1469));
#3941=EDGE_LOOP('',(#1470,#1471,#1472,#1473));
#3942=EDGE_LOOP('',(#1474,#1475,#1476,#1477));
#3943=EDGE_LOOP('',(#1478,#1479,#1480,#1481));
#3944=EDGE_LOOP('',(#1482,#1483,#1484,#1485));
#3945=EDGE_LOOP('',(#1486,#1487,#1488,#1489));
#3946=EDGE_LOOP('',(#1490,#1491,#1492,#1493));
#3947=EDGE_LOOP('',(#1494,#1495,#1496,#1497));
#3948=EDGE_LOOP('',(#1498,#1499,#1500,#1501));
#3949=EDGE_LOOP('',(#1502,#1503,#1504,#1505));
#3950=EDGE_LOOP('',(#1506,#1507,#1508,#1509));
#3951=EDGE_LOOP('',(#1510,#1511,#1512,#1513));
#3952=EDGE_LOOP('',(#1514,#1515,#1516,#1517));
#3953=EDGE_LOOP('',(#1518,#1519,#1520,#1521));
#3954=EDGE_LOOP('',(#1522,#1523,#1524,#1525));
#3955=EDGE_LOOP('',(#1526,#1527,#1528,#1529));
#3956=EDGE_LOOP('',(#1530,#1531,#1532,#1533));
#3957=EDGE_LOOP('',(#1534,#1535,#1536,#1537));
#3958=EDGE_LOOP('',(#1538,#1539,#1540,#1541));
#3959=EDGE_LOOP('',(#1542,#1543,#1544,#1545));
#3960=EDGE_LOOP('',(#1546,#1547,#1548,#1549));
#3961=EDGE_LOOP('',(#1550,#1551,#1552,#1553));
#3962=EDGE_LOOP('',(#1554,#1555,#1556,#1557));
#3963=EDGE_LOOP('',(#1558,#1559,#1560,#1561));
#3964=EDGE_LOOP('',(#1562,#1563,#1564,#1565));
#3965=EDGE_LOOP('',(#1566,#1567,#1568,#1569));
#3966=EDGE_LOOP('',(#1570,#1571,#1572));
#3967=EDGE_LOOP('',(#1573,#1574,#1575,#1576));
#3968=EDGE_LOOP('',(#1577,#1578,#1579,#1580));
#3969=EDGE_LOOP('',(#1581,#1582,#1583,#1584));
#3970=EDGE_LOOP('',(#1585,#1586,#1587,#1588));
#3971=EDGE_LOOP('',(#1589,#1590,#1591,#1592,#1593));
#3972=EDGE_LOOP('',(#1594,#1595,#1596));
#3973=EDGE_LOOP('',(#1597,#1598,#1599,#1600));
#3974=EDGE_LOOP('',(#1601,#1602,#1603,#1604));
#3975=EDGE_LOOP('',(#1605,#1606,#1607,#1608));
#3976=EDGE_LOOP('',(#1609,#1610,#1611,#1612));
#3977=EDGE_LOOP('',(#1613,#1614,#1615,#1616));
#3978=EDGE_LOOP('',(#1617,#1618,#1619,#1620));
#3979=EDGE_LOOP('',(#1621,#1622,#1623,#1624));
#3980=EDGE_LOOP('',(#1625,#1626,#1627,#1628));
#3981=EDGE_LOOP('',(#1629,#1630,#1631));
#3982=EDGE_LOOP('',(#1632,#1633,#1634,#1635));
#3983=EDGE_LOOP('',(#1636,#1637,#1638,#1639,#1640));
#3984=EDGE_LOOP('',(#1641,#1642,#1643,#1644));
#3985=EDGE_LOOP('',(#1645,#1646,#1647,#1648));
#3986=EDGE_LOOP('',(#1649,#1650,#1651,#1652));
#3987=EDGE_LOOP('',(#1653,#1654,#1655,#1656));
#3988=EDGE_LOOP('',(#1657,#1658,#1659,#1660));
#3989=EDGE_LOOP('',(#1661,#1662,#1663,#1664));
#3990=EDGE_LOOP('',(#1665,#1666,#1667));
#3991=EDGE_LOOP('',(#1668,#1669,#1670));
#3992=EDGE_LOOP('',(#1671,#1672,#1673));
#3993=EDGE_LOOP('',(#1674,#1675,#1676,#1677));
#3994=EDGE_LOOP('',(#1678,#1679,#1680,#1681));
#3995=EDGE_LOOP('',(#1682,#1683,#1684,#1685));
#3996=EDGE_LOOP('',(#1686,#1687,#1688,#1689));
#3997=EDGE_LOOP('',(#1690,#1691,#1692,#1693));
#3998=EDGE_LOOP('',(#1694,#1695,#1696,#1697));
#3999=EDGE_LOOP('',(#1698,#1699,#1700,#1701));
#4000=EDGE_LOOP('',(#1702,#1703,#1704,#1705));
#4001=EDGE_LOOP('',(#1706,#1707,#1708,#1709));
#4002=EDGE_LOOP('',(#1710,#1711,#1712));
#4003=EDGE_LOOP('',(#1713,#1714,#1715,#1716));
#4004=EDGE_LOOP('',(#1717,#1718,#1719));
#4005=EDGE_LOOP('',(#1720,#1721,#1722,#1723));
#4006=EDGE_LOOP('',(#1724,#1725,#1726,#1727));
#4007=EDGE_LOOP('',(#1728,#1729,#1730,#1731));
#4008=EDGE_LOOP('',(#1732,#1733,#1734,#1735));
#4009=EDGE_LOOP('',(#1736,#1737,#1738,#1739));
#4010=EDGE_LOOP('',(#1740,#1741,#1742,#1743));
#4011=EDGE_LOOP('',(#1744,#1745,#1746,#1747));
#4012=EDGE_LOOP('',(#1748,#1749,#1750));
#4013=EDGE_LOOP('',(#1751,#1752,#1753,#1754));
#4014=EDGE_LOOP('',(#1755,#1756,#1757,#1758));
#4015=EDGE_LOOP('',(#1759,#1760,#1761,#1762));
#4016=EDGE_LOOP('',(#1763,#1764,#1765,#1766));
#4017=EDGE_LOOP('',(#1767,#1768,#1769,#1770));
#4018=EDGE_LOOP('',(#1771,#1772,#1773,#1774));
#4019=EDGE_LOOP('',(#1775,#1776,#1777));
#4020=EDGE_LOOP('',(#1778,#1779,#1780,#1781));
#4021=EDGE_LOOP('',(#1782,#1783,#1784,#1785));
#4022=EDGE_LOOP('',(#1786));
#4023=EDGE_LOOP('',(#1787));
#4024=EDGE_LOOP('',(#1788));
#4025=EDGE_LOOP('',(#1789));
#4026=EDGE_LOOP('',(#1790,#1791,#1792,#1793));
#4027=EDGE_LOOP('',(#1794,#1795,#1796,#1797));
#4028=EDGE_LOOP('',(#1798,#1799,#1800,#1801));
#4029=EDGE_LOOP('',(#1802,#1803,#1804,#1805));
#4030=EDGE_LOOP('',(#1806,#1807,#1808,#1809));
#4031=EDGE_LOOP('',(#1810,#1811,#1812,#1813));
#4032=EDGE_LOOP('',(#1814,#1815,#1816,#1817));
#4033=EDGE_LOOP('',(#1818,#1819,#1820,#1821));
#4034=EDGE_LOOP('',(#1822,#1823,#1824,#1825));
#4035=EDGE_LOOP('',(#1826,#1827,#1828,#1829));
#4036=EDGE_LOOP('',(#1830,#1831,#1832,#1833));
#4037=EDGE_LOOP('',(#1834,#1835,#1836,#1837));
#4038=EDGE_LOOP('',(#1838,#1839,#1840,#1841));
#4039=EDGE_LOOP('',(#1842,#1843,#1844,#1845));
#4040=EDGE_LOOP('',(#1846,#1847,#1848,#1849));
#4041=EDGE_LOOP('',(#1850,#1851,#1852,#1853));
#4042=EDGE_LOOP('',(#1854,#1855,#1856,#1857));
#4043=EDGE_LOOP('',(#1858,#1859,#1860,#1861));
#4044=EDGE_LOOP('',(#1862,#1863,#1864,#1865));
#4045=EDGE_LOOP('',(#1866,#1867,#1868,#1869));
#4046=EDGE_LOOP('',(#1870,#1871,#1872,#1873));
#4047=EDGE_LOOP('',(#1874,#1875,#1876,#1877));
#4048=EDGE_LOOP('',(#1878,#1879,#1880,#1881));
#4049=EDGE_LOOP('',(#1882,#1883,#1884,#1885));
#4050=EDGE_LOOP('',(#1886,#1887,#1888,#1889));
#4051=EDGE_LOOP('',(#1890,#1891,#1892,#1893));
#4052=EDGE_LOOP('',(#1894,#1895,#1896,#1897));
#4053=EDGE_LOOP('',(#1898,#1899,#1900,#1901));
#4054=EDGE_LOOP('',(#1902,#1903,#1904,#1905));
#4055=EDGE_LOOP('',(#1906,#1907,#1908,#1909));
#4056=EDGE_LOOP('',(#1910,#1911,#1912,#1913));
#4057=EDGE_LOOP('',(#1914,#1915,#1916,#1917));
#4058=EDGE_LOOP('',(#1918,#1919,#1920,#1921));
#4059=EDGE_LOOP('',(#1922,#1923,#1924,#1925));
#4060=EDGE_LOOP('',(#1926,#1927,#1928,#1929));
#4061=EDGE_LOOP('',(#1930,#1931,#1932,#1933));
#4062=EDGE_LOOP('',(#1934,#1935,#1936,#1937));
#4063=EDGE_LOOP('',(#1938,#1939,#1940,#1941));
#4064=EDGE_LOOP('',(#1942,#1943,#1944,#1945));
#4065=EDGE_LOOP('',(#1946,#1947,#1948,#1949));
#4066=EDGE_LOOP('',(#1950,#1951,#1952,#1953));
#4067=EDGE_LOOP('',(#1954,#1955,#1956,#1957));
#4068=EDGE_LOOP('',(#1958,#1959,#1960,#1961));
#4069=EDGE_LOOP('',(#1962,#1963,#1964,#1965));
#4070=EDGE_LOOP('',(#1966,#1967,#1968,#1969));
#4071=EDGE_LOOP('',(#1970,#1971,#1972,#1973));
#4072=EDGE_LOOP('',(#1974,#1975,#1976,#1977));
#4073=EDGE_LOOP('',(#1978,#1979,#1980,#1981));
#4074=EDGE_LOOP('',(#1982,#1983,#1984,#1985));
#4075=EDGE_LOOP('',(#1986,#1987,#1988,#1989));
#4076=EDGE_LOOP('',(#1990,#1991,#1992,#1993));
#4077=EDGE_LOOP('',(#1994,#1995,#1996,#1997));
#4078=EDGE_LOOP('',(#1998,#1999,#2000,#2001));
#4079=EDGE_LOOP('',(#2002,#2003,#2004,#2005));
#4080=EDGE_LOOP('',(#2006,#2007,#2008,#2009));
#4081=EDGE_LOOP('',(#2010,#2011,#2012,#2013));
#4082=EDGE_LOOP('',(#2014,#2015,#2016,#2017));
#4083=EDGE_LOOP('',(#2018,#2019,#2020,#2021));
#4084=EDGE_LOOP('',(#2022,#2023,#2024,#2025));
#4085=EDGE_LOOP('',(#2026,#2027,#2028,#2029));
#4086=EDGE_LOOP('',(#2030,#2031,#2032,#2033));
#4087=EDGE_LOOP('',(#2034,#2035,#2036,#2037));
#4088=EDGE_LOOP('',(#2038,#2039,#2040,#2041));
#4089=EDGE_LOOP('',(#2042,#2043,#2044,#2045));
#4090=EDGE_LOOP('',(#2046,#2047,#2048,#2049));
#4091=EDGE_LOOP('',(#2050,#2051,#2052,#2053));
#4092=FACE_BOUND('',#3757,.T.);
#4093=FACE_BOUND('',#3758,.T.);
#4094=FACE_BOUND('',#3759,.T.);
#4095=FACE_BOUND('',#3760,.T.);
#4096=FACE_BOUND('',#3761,.T.);
#4097=FACE_BOUND('',#3762,.T.);
#4098=FACE_BOUND('',#3763,.T.);
#4099=FACE_BOUND('',#3764,.T.);
#4100=FACE_BOUND('',#3765,.T.);
#4101=FACE_BOUND('',#3766,.T.);
#4102=FACE_BOUND('',#3767,.T.);
#4103=FACE_BOUND('',#3768,.T.);
#4104=FACE_BOUND('',#3769,.T.);
#4105=FACE_BOUND('',#3770,.T.);
#4106=FACE_BOUND('',#3771,.T.);
#4107=FACE_BOUND('',#3772,.T.);
#4108=FACE_BOUND('',#3773,.T.);
#4109=FACE_BOUND('',#3774,.T.);
#4110=FACE_BOUND('',#3775,.T.);
#4111=FACE_BOUND('',#3776,.T.);
#4112=FACE_BOUND('',#3777,.T.);
#4113=FACE_BOUND('',#3778,.T.);
#4114=FACE_BOUND('',#3779,.T.);
#4115=FACE_BOUND('',#3780,.T.);
#4116=FACE_BOUND('',#3781,.T.);
#4117=FACE_BOUND('',#3782,.T.);
#4118=FACE_BOUND('',#3783,.T.);
#4119=FACE_BOUND('',#3784,.T.);
#4120=FACE_BOUND('',#3785,.T.);
#4121=FACE_BOUND('',#3786,.T.);
#4122=FACE_BOUND('',#3787,.T.);
#4123=FACE_BOUND('',#3788,.T.);
#4124=FACE_BOUND('',#3789,.T.);
#4125=FACE_BOUND('',#3790,.T.);
#4126=FACE_BOUND('',#3791,.T.);
#4127=FACE_BOUND('',#3792,.T.);
#4128=FACE_BOUND('',#3793,.T.);
#4129=FACE_BOUND('',#3794,.T.);
#4130=FACE_BOUND('',#3795,.T.);
#4131=FACE_BOUND('',#3796,.T.);
#4132=FACE_BOUND('',#3797,.T.);
#4133=FACE_BOUND('',#3798,.T.);
#4134=FACE_BOUND('',#3799,.T.);
#4135=FACE_BOUND('',#3800,.T.);
#4136=FACE_BOUND('',#3801,.T.);
#4137=FACE_BOUND('',#3802,.T.);
#4138=FACE_BOUND('',#3803,.T.);
#4139=FACE_BOUND('',#3804,.T.);
#4140=FACE_BOUND('',#3805,.T.);
#4141=FACE_BOUND('',#3806,.T.);
#4142=FACE_BOUND('',#3807,.T.);
#4143=FACE_BOUND('',#3808,.T.);
#4144=FACE_BOUND('',#3809,.T.);
#4145=FACE_BOUND('',#3810,.T.);
#4146=FACE_BOUND('',#3811,.T.);
#4147=FACE_BOUND('',#3812,.T.);
#4148=FACE_BOUND('',#3813,.T.);
#4149=FACE_BOUND('',#3814,.T.);
#4150=FACE_BOUND('',#3815,.T.);
#4151=FACE_BOUND('',#3816,.T.);
#4152=FACE_BOUND('',#3817,.T.);
#4153=FACE_BOUND('',#3818,.T.);
#4154=FACE_BOUND('',#3819,.T.);
#4155=FACE_BOUND('',#3820,.T.);
#4156=FACE_BOUND('',#3821,.T.);
#4157=FACE_BOUND('',#3822,.T.);
#4158=FACE_BOUND('',#3823,.T.);
#4159=FACE_BOUND('',#3824,.T.);
#4160=FACE_BOUND('',#3825,.T.);
#4161=FACE_BOUND('',#3826,.T.);
#4162=FACE_BOUND('',#3827,.T.);
#4163=FACE_BOUND('',#3828,.T.);
#4164=FACE_BOUND('',#3829,.T.);
#4165=FACE_BOUND('',#3830,.T.);
#4166=FACE_BOUND('',#3831,.T.);
#4167=FACE_BOUND('',#3832,.T.);
#4168=FACE_BOUND('',#3833,.T.);
#4169=FACE_BOUND('',#3834,.T.);
#4170=FACE_BOUND('',#3835,.T.);
#4171=FACE_BOUND('',#3836,.T.);
#4172=FACE_BOUND('',#3837,.T.);
#4173=FACE_BOUND('',#3838,.T.);
#4174=FACE_BOUND('',#3839,.T.);
#4175=FACE_BOUND('',#3840,.T.);
#4176=FACE_BOUND('',#3841,.T.);
#4177=FACE_BOUND('',#3842,.T.);
#4178=FACE_BOUND('',#3843,.T.);
#4179=FACE_BOUND('',#3844,.T.);
#4180=FACE_BOUND('',#3845,.T.);
#4181=FACE_BOUND('',#3846,.T.);
#4182=FACE_BOUND('',#3847,.T.);
#4183=FACE_BOUND('',#3848,.T.);
#4184=FACE_BOUND('',#3849,.T.);
#4185=FACE_BOUND('',#3850,.T.);
#4186=FACE_BOUND('',#3851,.T.);
#4187=FACE_BOUND('',#3852,.T.);
#4188=FACE_BOUND('',#3853,.T.);
#4189=FACE_BOUND('',#3854,.T.);
#4190=FACE_BOUND('',#3855,.T.);
#4191=FACE_BOUND('',#3856,.T.);
#4192=FACE_BOUND('',#3857,.T.);
#4193=FACE_BOUND('',#3858,.T.);
#4194=FACE_BOUND('',#3859,.T.);
#4195=FACE_BOUND('',#3860,.T.);
#4196=FACE_BOUND('',#3861,.T.);
#4197=FACE_BOUND('',#3862,.T.);
#4198=FACE_BOUND('',#3863,.T.);
#4199=FACE_BOUND('',#3864,.T.);
#4200=FACE_BOUND('',#3865,.T.);
#4201=FACE_BOUND('',#3866,.T.);
#4202=FACE_BOUND('',#3867,.T.);
#4203=FACE_BOUND('',#3868,.T.);
#4204=FACE_BOUND('',#3869,.T.);
#4205=FACE_BOUND('',#3870,.T.);
#4206=FACE_BOUND('',#3871,.T.);
#4207=FACE_BOUND('',#3872,.T.);
#4208=FACE_BOUND('',#3873,.T.);
#4209=FACE_BOUND('',#3874,.T.);
#4210=FACE_BOUND('',#3875,.T.);
#4211=FACE_BOUND('',#3876,.T.);
#4212=FACE_BOUND('',#3877,.T.);
#4213=FACE_BOUND('',#3878,.T.);
#4214=FACE_BOUND('',#3879,.T.);
#4215=FACE_BOUND('',#3880,.T.);
#4216=FACE_BOUND('',#3881,.T.);
#4217=FACE_BOUND('',#3882,.T.);
#4218=FACE_BOUND('',#3883,.T.);
#4219=FACE_BOUND('',#3884,.T.);
#4220=FACE_BOUND('',#3885,.T.);
#4221=FACE_BOUND('',#3886,.T.);
#4222=FACE_BOUND('',#3887,.T.);
#4223=FACE_BOUND('',#3888,.T.);
#4224=FACE_BOUND('',#3889,.T.);
#4225=FACE_BOUND('',#3890,.T.);
#4226=FACE_BOUND('',#3891,.T.);
#4227=FACE_BOUND('',#3892,.T.);
#4228=FACE_BOUND('',#3893,.T.);
#4229=FACE_BOUND('',#3894,.T.);
#4230=FACE_BOUND('',#3895,.T.);
#4231=FACE_BOUND('',#3896,.T.);
#4232=FACE_BOUND('',#3897,.T.);
#4233=FACE_BOUND('',#3898,.T.);
#4234=FACE_BOUND('',#3899,.T.);
#4235=FACE_BOUND('',#3900,.T.);
#4236=FACE_BOUND('',#3901,.T.);
#4237=FACE_BOUND('',#3902,.T.);
#4238=FACE_BOUND('',#3903,.T.);
#4239=FACE_BOUND('',#3904,.T.);
#4240=FACE_BOUND('',#3905,.T.);
#4241=FACE_BOUND('',#3906,.T.);
#4242=FACE_BOUND('',#3907,.T.);
#4243=FACE_BOUND('',#3908,.T.);
#4244=FACE_BOUND('',#3909,.T.);
#4245=FACE_BOUND('',#3910,.T.);
#4246=FACE_BOUND('',#3911,.T.);
#4247=FACE_BOUND('',#3912,.T.);
#4248=FACE_BOUND('',#3913,.T.);
#4249=FACE_BOUND('',#3914,.T.);
#4250=FACE_BOUND('',#3915,.T.);
#4251=FACE_BOUND('',#3916,.T.);
#4252=FACE_BOUND('',#3917,.T.);
#4253=FACE_BOUND('',#3918,.T.);
#4254=FACE_BOUND('',#3919,.T.);
#4255=FACE_BOUND('',#3920,.T.);
#4256=FACE_BOUND('',#3921,.T.);
#4257=FACE_BOUND('',#3922,.T.);
#4258=FACE_BOUND('',#3923,.T.);
#4259=FACE_BOUND('',#3924,.T.);
#4260=FACE_BOUND('',#3925,.T.);
#4261=FACE_BOUND('',#3926,.T.);
#4262=FACE_BOUND('',#3927,.T.);
#4263=FACE_BOUND('',#3928,.T.);
#4264=FACE_BOUND('',#3929,.T.);
#4265=FACE_BOUND('',#3930,.T.);
#4266=FACE_BOUND('',#3931,.T.);
#4267=FACE_BOUND('',#3932,.T.);
#4268=FACE_BOUND('',#3933,.T.);
#4269=FACE_BOUND('',#3934,.T.);
#4270=FACE_BOUND('',#3935,.T.);
#4271=FACE_BOUND('',#3936,.T.);
#4272=FACE_BOUND('',#3937,.T.);
#4273=FACE_BOUND('',#3938,.T.);
#4274=FACE_BOUND('',#3939,.T.);
#4275=FACE_BOUND('',#3940,.T.);
#4276=FACE_BOUND('',#3941,.T.);
#4277=FACE_BOUND('',#3942,.T.);
#4278=FACE_BOUND('',#3943,.T.);
#4279=FACE_BOUND('',#3944,.T.);
#4280=FACE_BOUND('',#3945,.T.);
#4281=FACE_BOUND('',#3946,.T.);
#4282=FACE_BOUND('',#3947,.T.);
#4283=FACE_BOUND('',#3948,.T.);
#4284=FACE_BOUND('',#3949,.T.);
#4285=FACE_BOUND('',#3950,.T.);
#4286=FACE_BOUND('',#3951,.T.);
#4287=FACE_BOUND('',#3952,.T.);
#4288=FACE_BOUND('',#3953,.T.);
#4289=FACE_BOUND('',#3954,.T.);
#4290=FACE_BOUND('',#3955,.T.);
#4291=FACE_BOUND('',#3956,.T.);
#4292=FACE_BOUND('',#3957,.T.);
#4293=FACE_BOUND('',#3958,.T.);
#4294=FACE_BOUND('',#3959,.T.);
#4295=FACE_BOUND('',#3960,.T.);
#4296=FACE_BOUND('',#3961,.T.);
#4297=FACE_BOUND('',#3962,.T.);
#4298=FACE_BOUND('',#3963,.T.);
#4299=FACE_BOUND('',#3964,.T.);
#4300=FACE_BOUND('',#3965,.T.);
#4301=FACE_BOUND('',#3966,.T.);
#4302=FACE_BOUND('',#3967,.T.);
#4303=FACE_BOUND('',#3968,.T.);
#4304=FACE_BOUND('',#3969,.T.);
#4305=FACE_BOUND('',#3970,.T.);
#4306=FACE_BOUND('',#3971,.T.);
#4307=FACE_BOUND('',#3972,.T.);
#4308=FACE_BOUND('',#3973,.T.);
#4309=FACE_BOUND('',#3974,.T.);
#4310=FACE_BOUND('',#3975,.T.);
#4311=FACE_BOUND('',#3976,.T.);
#4312=FACE_BOUND('',#3977,.T.);
#4313=FACE_BOUND('',#3978,.T.);
#4314=FACE_BOUND('',#3979,.T.);
#4315=FACE_BOUND('',#3980,.T.);
#4316=FACE_BOUND('',#3981,.T.);
#4317=FACE_BOUND('',#3982,.T.);
#4318=FACE_BOUND('',#3983,.T.);
#4319=FACE_BOUND('',#3984,.T.);
#4320=FACE_BOUND('',#3985,.T.);
#4321=FACE_BOUND('',#3986,.T.);
#4322=FACE_BOUND('',#3987,.T.);
#4323=FACE_BOUND('',#3988,.T.);
#4324=FACE_BOUND('',#3989,.T.);
#4325=FACE_BOUND('',#3990,.T.);
#4326=FACE_BOUND('',#3991,.T.);
#4327=FACE_BOUND('',#3992,.T.);
#4328=FACE_BOUND('',#3993,.T.);
#4329=FACE_BOUND('',#3994,.T.);
#4330=FACE_BOUND('',#3995,.T.);
#4331=FACE_BOUND('',#3996,.T.);
#4332=FACE_BOUND('',#3997,.T.);
#4333=FACE_BOUND('',#3998,.T.);
#4334=FACE_BOUND('',#3999,.T.);
#4335=FACE_BOUND('',#4000,.T.);
#4336=FACE_BOUND('',#4001,.T.);
#4337=FACE_BOUND('',#4002,.T.);
#4338=FACE_BOUND('',#4003,.T.);
#4339=FACE_BOUND('',#4004,.T.);
#4340=FACE_BOUND('',#4005,.T.);
#4341=FACE_BOUND('',#4006,.T.);
#4342=FACE_BOUND('',#4007,.T.);
#4343=FACE_BOUND('',#4008,.T.);
#4344=FACE_BOUND('',#4009,.T.);
#4345=FACE_BOUND('',#4010,.T.);
#4346=FACE_BOUND('',#4011,.T.);
#4347=FACE_BOUND('',#4012,.T.);
#4348=FACE_BOUND('',#4013,.T.);
#4349=FACE_BOUND('',#4014,.T.);
#4350=FACE_BOUND('',#4015,.T.);
#4351=FACE_BOUND('',#4016,.T.);
#4352=FACE_BOUND('',#4017,.T.);
#4353=FACE_BOUND('',#4018,.T.);
#4354=FACE_BOUND('',#4019,.T.);
#4355=FACE_BOUND('',#4020,.T.);
#4356=FACE_BOUND('',#4021,.T.);
#4357=FACE_BOUND('',#4022,.T.);
#4358=FACE_BOUND('',#4023,.T.);
#4359=FACE_BOUND('',#4024,.T.);
#4360=FACE_BOUND('',#4025,.T.);
#4361=FACE_BOUND('',#4026,.T.);
#4362=FACE_BOUND('',#4027,.T.);
#4363=FACE_BOUND('',#4028,.T.);
#4364=FACE_BOUND('',#4029,.T.);
#4365=FACE_BOUND('',#4030,.T.);
#4366=FACE_BOUND('',#4031,.T.);
#4367=FACE_BOUND('',#4032,.T.);
#4368=FACE_BOUND('',#4033,.T.);
#4369=FACE_BOUND('',#4034,.T.);
#4370=FACE_BOUND('',#4035,.T.);
#4371=FACE_BOUND('',#4036,.T.);
#4372=FACE_BOUND('',#4037,.T.);
#4373=FACE_BOUND('',#4038,.T.);
#4374=FACE_BOUND('',#4039,.T.);
#4375=FACE_BOUND('',#4040,.T.);
#4376=FACE_BOUND('',#4041,.T.);
#4377=FACE_BOUND('',#4042,.T.);
#4378=FACE_BOUND('',#4043,.T.);
#4379=FACE_BOUND('',#4044,.T.);
#4380=FACE_BOUND('',#4045,.T.);
#4381=FACE_BOUND('',#4046,.T.);
#4382=FACE_BOUND('',#4047,.T.);
#4383=FACE_BOUND('',#4048,.T.);
#4384=FACE_BOUND('',#4049,.T.);
#4385=FACE_BOUND('',#4050,.T.);
#4386=FACE_BOUND('',#4051,.T.);
#4387=FACE_BOUND('',#4052,.T.);
#4388=FACE_BOUND('',#4053,.T.);
#4389=FACE_BOUND('',#4054,.T.);
#4390=FACE_BOUND('',#4055,.T.);
#4391=FACE_BOUND('',#4056,.T.);
#4392=FACE_BOUND('',#4057,.T.);
#4393=FACE_BOUND('',#4058,.T.);
#4394=FACE_BOUND('',#4059,.T.);
#4395=FACE_BOUND('',#4060,.T.);
#4396=FACE_BOUND('',#4061,.T.);
#4397=FACE_BOUND('',#4062,.T.);
#4398=FACE_BOUND('',#4063,.T.);
#4399=FACE_BOUND('',#4064,.T.);
#4400=FACE_BOUND('',#4065,.T.);
#4401=FACE_BOUND('',#4066,.T.);
#4402=FACE_BOUND('',#4067,.T.);
#4403=FACE_BOUND('',#4068,.T.);
#4404=FACE_BOUND('',#4069,.T.);
#4405=FACE_BOUND('',#4070,.T.);
#4406=FACE_BOUND('',#4071,.T.);
#4407=FACE_BOUND('',#4072,.T.);
#4408=FACE_BOUND('',#4073,.T.);
#4409=FACE_BOUND('',#4074,.T.);
#4410=FACE_BOUND('',#4075,.T.);
#4411=FACE_BOUND('',#4076,.T.);
#4412=FACE_BOUND('',#4077,.T.);
#4413=FACE_BOUND('',#4078,.T.);
#4414=FACE_BOUND('',#4079,.T.);
#4415=FACE_BOUND('',#4080,.T.);
#4416=FACE_BOUND('',#4081,.T.);
#4417=FACE_BOUND('',#4082,.T.);
#4418=FACE_BOUND('',#4083,.T.);
#4419=FACE_BOUND('',#4084,.T.);
#4420=FACE_BOUND('',#4085,.T.);
#4421=FACE_BOUND('',#4086,.T.);
#4422=FACE_BOUND('',#4087,.T.);
#4423=FACE_BOUND('',#4088,.T.);
#4424=FACE_BOUND('',#4089,.T.);
#4425=FACE_BOUND('',#4090,.T.);
#4426=FACE_BOUND('',#4091,.T.);
#4427=PLANE('',#4804);
#4428=PLANE('',#4805);
#4429=PLANE('',#4806);
#4430=PLANE('',#4807);
#4431=PLANE('',#4812);
#4432=PLANE('',#4839);
#4433=PLANE('',#4870);
#4434=PLANE('',#4874);
#4435=PLANE('',#4878);
#4436=PLANE('',#4894);
#4437=PLANE('',#4895);
#4438=PLANE('',#4901);
#4439=PLANE('',#4910);
#4440=PLANE('',#4914);
#4441=PLANE('',#4924);
#4442=PLANE('',#4928);
#4443=PLANE('',#4932);
#4444=PLANE('',#4939);
#4445=PLANE('',#4943);
#4446=PLANE('',#4953);
#4447=PLANE('',#4957);
#4448=PLANE('',#4961);
#4449=PLANE('',#4962);
#4450=PLANE('',#4963);
#4451=PLANE('',#4964);
#4452=PLANE('',#4965);
#4453=PLANE('',#4966);
#4454=PLANE('',#4971);
#4455=PLANE('',#4972);
#4456=PLANE('',#4973);
#4457=PLANE('',#4974);
#4458=PLANE('',#4975);
#4459=PLANE('',#4980);
#4460=PLANE('',#4981);
#4461=PLANE('',#4982);
#4462=PLANE('',#4983);
#4463=PLANE('',#4984);
#4464=PLANE('',#4989);
#4465=PLANE('',#4990);
#4466=PLANE('',#4991);
#4467=PLANE('',#4992);
#4468=PLANE('',#4993);
#4469=PLANE('',#4998);
#4470=PLANE('',#4999);
#4471=PLANE('',#5000);
#4472=PLANE('',#5001);
#4473=PLANE('',#5002);
#4474=PLANE('',#5003);
#4475=PLANE('',#5004);
#4476=PLANE('',#5009);
#4477=PLANE('',#5010);
#4478=PLANE('',#5012);
#4479=PLANE('',#5014);
#4480=PLANE('',#5015);
#4481=PLANE('',#5016);
#4482=PLANE('',#5018);
#4483=PLANE('',#5019);
#4484=PLANE('',#5021);
#4485=PLANE('',#5022);
#4486=ADVANCED_FACE('',(#4092,#4093,#4094),#4427,.T.);
#4487=ADVANCED_FACE('',(#4095),#4428,.T.);
#4488=ADVANCED_FACE('',(#4096),#4429,.F.);
#4489=ADVANCED_FACE('',(#4097,#4098),#4430,.F.);
#4490=ADVANCED_FACE('',(#4099,#4100,#4101,#4102,#4103,#4104),#4431,.F.);
#4491=ADVANCED_FACE('',(#4105,#4106),#157,.F.);
#4492=ADVANCED_FACE('',(#4107,#4108,#4109,#4110,#4111,#4112,#4113,#4114),
#4432,.T.);
#4493=ADVANCED_FACE('',(#4115),#158,.T.);
#4494=ADVANCED_FACE('',(#4116),#4433,.T.);
#4495=ADVANCED_FACE('',(#4117),#159,.T.);
#4496=ADVANCED_FACE('',(#4118),#4434,.F.);
#4497=ADVANCED_FACE('',(#4119),#160,.T.);
#4498=ADVANCED_FACE('',(#4120,#4121),#4435,.F.);
#4499=ADVANCED_FACE('',(#4122),#161,.T.);
#4500=ADVANCED_FACE('',(#4123,#4124),#162,.F.);
#4501=ADVANCED_FACE('',(#4125,#4126),#163,.F.);
#4502=ADVANCED_FACE('',(#4127),#164,.F.);
#4503=ADVANCED_FACE('',(#4128),#4436,.T.);
#4504=ADVANCED_FACE('',(#4129),#4437,.T.);
#4505=ADVANCED_FACE('',(#4130),#165,.F.);
#4506=ADVANCED_FACE('',(#4131,#4132),#4438,.T.);
#4507=ADVANCED_FACE('',(#4133),#166,.T.);
#4508=ADVANCED_FACE('',(#4134),#167,.F.);
#4509=ADVANCED_FACE('',(#4135),#4439,.F.);
#4510=ADVANCED_FACE('',(#4136),#168,.F.);
#4511=ADVANCED_FACE('',(#4137),#4440,.F.);
#4512=ADVANCED_FACE('',(#4138),#169,.F.);
#4513=ADVANCED_FACE('',(#4139),#170,.T.);
#4514=ADVANCED_FACE('',(#4140),#171,.F.);
#4515=ADVANCED_FACE('',(#4141),#4441,.T.);
#4516=ADVANCED_FACE('',(#4142),#172,.T.);
#4517=ADVANCED_FACE('',(#4143),#4442,.T.);
#4518=ADVANCED_FACE('',(#4144),#173,.F.);
#4519=ADVANCED_FACE('',(#4145),#4443,.T.);
#4520=ADVANCED_FACE('',(#4146),#174,.T.);
#4521=ADVANCED_FACE('',(#4147),#175,.F.);
#4522=ADVANCED_FACE('',(#4148),#4444,.T.);
#4523=ADVANCED_FACE('',(#4149),#176,.T.);
#4524=ADVANCED_FACE('',(#4150),#4445,.T.);
#4525=ADVANCED_FACE('',(#4151),#177,.F.);
#4526=ADVANCED_FACE('',(#4152),#178,.T.);
#4527=ADVANCED_FACE('',(#4153),#179,.F.);
#4528=ADVANCED_FACE('',(#4154),#4446,.F.);
#4529=ADVANCED_FACE('',(#4155),#180,.F.);
#4530=ADVANCED_FACE('',(#4156),#4447,.F.);
#4531=ADVANCED_FACE('',(#4157),#181,.F.);
#4532=ADVANCED_FACE('',(#4158),#4448,.T.);
#4533=ADVANCED_FACE('',(#4159),#4449,.F.);
#4534=ADVANCED_FACE('',(#4160),#4450,.F.);
#4535=ADVANCED_FACE('',(#4161),#4451,.F.);
#4536=ADVANCED_FACE('',(#4162),#4452,.F.);
#4537=ADVANCED_FACE('',(#4163),#4453,.T.);
#4538=ADVANCED_FACE('',(#4164),#4454,.F.);
#4539=ADVANCED_FACE('',(#4165),#4455,.F.);
#4540=ADVANCED_FACE('',(#4166),#4456,.F.);
#4541=ADVANCED_FACE('',(#4167),#4457,.F.);
#4542=ADVANCED_FACE('',(#4168),#4458,.T.);
#4543=ADVANCED_FACE('',(#4169),#4459,.F.);
#4544=ADVANCED_FACE('',(#4170),#4460,.F.);
#4545=ADVANCED_FACE('',(#4171),#4461,.F.);
#4546=ADVANCED_FACE('',(#4172),#4462,.F.);
#4547=ADVANCED_FACE('',(#4173),#4463,.T.);
#4548=ADVANCED_FACE('',(#4174),#4464,.F.);
#4549=ADVANCED_FACE('',(#4175),#4465,.F.);
#4550=ADVANCED_FACE('',(#4176),#4466,.F.);
#4551=ADVANCED_FACE('',(#4177),#4467,.F.);
#4552=ADVANCED_FACE('',(#4178),#4468,.T.);
#4553=ADVANCED_FACE('',(#4179),#4469,.F.);
#4554=ADVANCED_FACE('',(#4180),#4470,.F.);
#4555=ADVANCED_FACE('',(#4181),#4471,.F.);
#4556=ADVANCED_FACE('',(#4182),#4472,.F.);
#4557=ADVANCED_FACE('',(#4183),#4473,.F.);
#4558=ADVANCED_FACE('',(#4184),#4474,.F.);
#4559=ADVANCED_FACE('',(#4185,#4186),#4475,.T.);
#4560=ADVANCED_FACE('',(#4187,#4188),#182,.F.);
#4561=ADVANCED_FACE('',(#4189),#4476,.F.);
#4562=ADVANCED_FACE('',(#4190),#4477,.F.);
#4563=ADVANCED_FACE('',(#4191),#4478,.T.);
#4564=ADVANCED_FACE('',(#4192),#4479,.T.);
#4565=ADVANCED_FACE('',(#4193),#4480,.T.);
#4566=ADVANCED_FACE('',(#4194),#4481,.T.);
#4567=ADVANCED_FACE('',(#4195),#4482,.F.);
#4568=ADVANCED_FACE('',(#4196),#4483,.F.);
#4569=ADVANCED_FACE('',(#4197),#4484,.T.);
#4570=ADVANCED_FACE('',(#4198),#4485,.T.);
#4571=ADVANCED_FACE('',(#4199),#183,.F.);
#4572=ADVANCED_FACE('',(#4200),#184,.T.);
#4573=ADVANCED_FACE('',(#4201),#185,.T.);
#4574=ADVANCED_FACE('',(#4202),#186,.T.);
#4575=ADVANCED_FACE('',(#4203),#187,.T.);
#4576=ADVANCED_FACE('',(#4204),#188,.T.);
#4577=ADVANCED_FACE('',(#4205),#189,.T.);
#4578=ADVANCED_FACE('',(#4206),#190,.T.);
#4579=ADVANCED_FACE('',(#4207),#191,.T.);
#4580=ADVANCED_FACE('',(#4208),#192,.T.);
#4581=ADVANCED_FACE('',(#4209),#193,.T.);
#4582=ADVANCED_FACE('',(#4210),#194,.T.);
#4583=ADVANCED_FACE('',(#4211),#195,.T.);
#4584=ADVANCED_FACE('',(#4212),#196,.T.);
#4585=ADVANCED_FACE('',(#4213),#197,.T.);
#4586=ADVANCED_FACE('',(#4214),#198,.T.);
#4587=ADVANCED_FACE('',(#4215),#199,.T.);
#4588=ADVANCED_FACE('',(#4216),#56,.T.);
#4589=ADVANCED_FACE('',(#4217),#200,.T.);
#4590=ADVANCED_FACE('',(#4218),#57,.T.);
#4591=ADVANCED_FACE('',(#4219),#58,.T.);
#4592=ADVANCED_FACE('',(#4220),#59,.T.);
#4593=ADVANCED_FACE('',(#4221),#201,.T.);
#4594=ADVANCED_FACE('',(#4222),#202,.T.);
#4595=ADVANCED_FACE('',(#4223),#60,.T.);
#4596=ADVANCED_FACE('',(#4224),#61,.T.);
#4597=ADVANCED_FACE('',(#4225),#62,.T.);
#4598=ADVANCED_FACE('',(#4226),#203,.T.);
#4599=ADVANCED_FACE('',(#4227),#63,.T.);
#4600=ADVANCED_FACE('',(#4228),#64,.T.);
#4601=ADVANCED_FACE('',(#4229),#204,.T.);
#4602=ADVANCED_FACE('',(#4230),#65,.T.);
#4603=ADVANCED_FACE('',(#4231),#66,.T.);
#4604=ADVANCED_FACE('',(#4232),#67,.T.);
#4605=ADVANCED_FACE('',(#4233),#205,.T.);
#4606=ADVANCED_FACE('',(#4234),#206,.T.);
#4607=ADVANCED_FACE('',(#4235),#68,.T.);
#4608=ADVANCED_FACE('',(#4236),#69,.T.);
#4609=ADVANCED_FACE('',(#4237),#70,.T.);
#4610=ADVANCED_FACE('',(#4238),#207,.T.);
#4611=ADVANCED_FACE('',(#4239),#71,.T.);
#4612=ADVANCED_FACE('',(#4240),#72,.T.);
#4613=ADVANCED_FACE('',(#4241),#208,.T.);
#4614=ADVANCED_FACE('',(#4242),#209,.T.);
#4615=ADVANCED_FACE('',(#4243),#73,.T.);
#4616=ADVANCED_FACE('',(#4244),#74,.T.);
#4617=ADVANCED_FACE('',(#4245),#210,.T.);
#4618=ADVANCED_FACE('',(#4246),#211,.T.);
#4619=ADVANCED_FACE('',(#4247),#75,.T.);
#4620=ADVANCED_FACE('',(#4248,#4249),#76,.T.);
#4621=ADVANCED_FACE('',(#4250,#4251),#77,.T.);
#4622=ADVANCED_FACE('',(#4252,#4253),#78,.T.);
#4623=ADVANCED_FACE('',(#4254,#4255),#79,.T.);
#4624=ADVANCED_FACE('',(#4256,#4257),#80,.T.);
#4625=ADVANCED_FACE('',(#4258,#4259),#81,.T.);
#4626=ADVANCED_FACE('',(#4260),#82,.T.);
#4627=ADVANCED_FACE('',(#4261),#212,.T.);
#4628=ADVANCED_FACE('',(#4262),#213,.T.);
#4629=ADVANCED_FACE('',(#4263),#83,.T.);
#4630=ADVANCED_FACE('',(#4264),#84,.T.);
#4631=ADVANCED_FACE('',(#4265),#214,.T.);
#4632=ADVANCED_FACE('',(#4266),#215,.T.);
#4633=ADVANCED_FACE('',(#4267),#85,.T.);
#4634=ADVANCED_FACE('',(#4268),#216,.T.);
#4635=ADVANCED_FACE('',(#4269),#86,.T.);
#4636=ADVANCED_FACE('',(#4270),#87,.T.);
#4637=ADVANCED_FACE('',(#4271),#217,.T.);
#4638=ADVANCED_FACE('',(#4272),#218,.T.);
#4639=ADVANCED_FACE('',(#4273),#88,.T.);
#4640=ADVANCED_FACE('',(#4274),#89,.T.);
#4641=ADVANCED_FACE('',(#4275),#219,.T.);
#4642=ADVANCED_FACE('',(#4276),#220,.T.);
#4643=ADVANCED_FACE('',(#4277),#90,.T.);
#4644=ADVANCED_FACE('',(#4278),#91,.T.);
#4645=ADVANCED_FACE('',(#4279),#221,.T.);
#4646=ADVANCED_FACE('',(#4280),#222,.T.);
#4647=ADVANCED_FACE('',(#4281),#92,.T.);
#4648=ADVANCED_FACE('',(#4282),#93,.T.);
#4649=ADVANCED_FACE('',(#4283),#223,.T.);
#4650=ADVANCED_FACE('',(#4284),#224,.T.);
#4651=ADVANCED_FACE('',(#4285),#94,.T.);
#4652=ADVANCED_FACE('',(#4286),#95,.T.);
#4653=ADVANCED_FACE('',(#4287),#225,.T.);
#4654=ADVANCED_FACE('',(#4288),#226,.T.);
#4655=ADVANCED_FACE('',(#4289),#96,.T.);
#4656=ADVANCED_FACE('',(#4290),#97,.T.);
#4657=ADVANCED_FACE('',(#4291),#227,.T.);
#4658=ADVANCED_FACE('',(#4292),#228,.T.);
#4659=ADVANCED_FACE('',(#4293),#98,.T.);
#4660=ADVANCED_FACE('',(#4294),#99,.T.);
#4661=ADVANCED_FACE('',(#4295),#229,.T.);
#4662=ADVANCED_FACE('',(#4296),#230,.T.);
#4663=ADVANCED_FACE('',(#4297),#100,.T.);
#4664=ADVANCED_FACE('',(#4298),#101,.T.);
#4665=ADVANCED_FACE('',(#4299),#231,.T.);
#4666=ADVANCED_FACE('',(#4300),#232,.F.);
#4667=ADVANCED_FACE('',(#4301),#46,.F.);
#4668=ADVANCED_FACE('',(#4302),#233,.F.);
#4669=ADVANCED_FACE('',(#4303),#234,.F.);
#4670=ADVANCED_FACE('',(#4304),#235,.F.);
#4671=ADVANCED_FACE('',(#4305),#236,.T.);
#4672=ADVANCED_FACE('',(#4306),#12,.T.);
#4673=ADVANCED_FACE('',(#4307),#47,.F.);
#4674=ADVANCED_FACE('',(#4308),#102,.F.);
#4675=ADVANCED_FACE('',(#4309),#13,.T.);
#4676=ADVANCED_FACE('',(#4310),#237,.F.);
#4677=ADVANCED_FACE('',(#4311),#238,.F.);
#4678=ADVANCED_FACE('',(#4312),#239,.F.);
#4679=ADVANCED_FACE('',(#4313),#240,.T.);
#4680=ADVANCED_FACE('',(#4314),#241,.T.);
#4681=ADVANCED_FACE('',(#4315),#103,.F.);
#4682=ADVANCED_FACE('',(#4316),#48,.F.);
#4683=ADVANCED_FACE('',(#4317),#14,.T.);
#4684=ADVANCED_FACE('',(#4318),#15,.T.);
#4685=ADVANCED_FACE('',(#4319),#242,.F.);
#4686=ADVANCED_FACE('',(#4320),#243,.F.);
#4687=ADVANCED_FACE('',(#4321),#244,.F.);
#4688=ADVANCED_FACE('',(#4322),#245,.F.);
#4689=ADVANCED_FACE('',(#4323),#16,.T.);
#4690=ADVANCED_FACE('',(#4324),#17,.T.);
#4691=ADVANCED_FACE('',(#4325),#49,.F.);
#4692=ADVANCED_FACE('',(#4326),#50,.F.);
#4693=ADVANCED_FACE('',(#4327),#51,.T.);
#4694=ADVANCED_FACE('',(#4328),#246,.T.);
#4695=ADVANCED_FACE('',(#4329),#247,.F.);
#4696=ADVANCED_FACE('',(#4330),#248,.F.);
#4697=ADVANCED_FACE('',(#4331),#249,.F.);
#4698=ADVANCED_FACE('',(#4332),#250,.T.);
#4699=ADVANCED_FACE('',(#4333),#251,.T.);
#4700=ADVANCED_FACE('',(#4334),#104,.T.);
#4701=ADVANCED_FACE('',(#4335),#252,.T.);
#4702=ADVANCED_FACE('',(#4336),#18,.T.);
#4703=ADVANCED_FACE('',(#4337),#52,.F.);
#4704=ADVANCED_FACE('',(#4338),#105,.F.);
#4705=ADVANCED_FACE('',(#4339),#53,.T.);
#4706=ADVANCED_FACE('',(#4340),#106,.T.);
#4707=ADVANCED_FACE('',(#4341),#19,.T.);
#4708=ADVANCED_FACE('',(#4342),#253,.T.);
#4709=ADVANCED_FACE('',(#4343),#254,.F.);
#4710=ADVANCED_FACE('',(#4344),#255,.F.);
#4711=ADVANCED_FACE('',(#4345),#256,.T.);
#4712=ADVANCED_FACE('',(#4346),#257,.T.);
#4713=ADVANCED_FACE('',(#4347),#54,.T.);
#4714=ADVANCED_FACE('',(#4348),#107,.F.);
#4715=ADVANCED_FACE('',(#4349),#108,.T.);
#4716=ADVANCED_FACE('',(#4350),#109,.T.);
#4717=ADVANCED_FACE('',(#4351),#258,.T.);
#4718=ADVANCED_FACE('',(#4352),#259,.F.);
#4719=ADVANCED_FACE('',(#4353),#260,.T.);
#4720=ADVANCED_FACE('',(#4354),#55,.T.);
#4721=ADVANCED_FACE('',(#4355),#110,.T.);
#4722=ADVANCED_FACE('',(#4356),#261,.T.);
#4723=ADVANCED_FACE('',(#4357,#4358),#111,.T.);
#4724=ADVANCED_FACE('',(#4359,#4360),#112,.T.);
#4725=ADVANCED_FACE('',(#4361),#262,.T.);
#4726=ADVANCED_FACE('',(#4362),#263,.T.);
#4727=ADVANCED_FACE('',(#4363),#264,.T.);
#4728=ADVANCED_FACE('',(#4364),#265,.T.);
#4729=ADVANCED_FACE('',(#4365),#266,.T.);
#4730=ADVANCED_FACE('',(#4366),#267,.T.);
#4731=ADVANCED_FACE('',(#4367),#268,.F.);
#4732=ADVANCED_FACE('',(#4368),#20,.F.);
#4733=ADVANCED_FACE('',(#4369),#269,.T.);
#4734=ADVANCED_FACE('',(#4370),#21,.F.);
#4735=ADVANCED_FACE('',(#4371),#22,.F.);
#4736=ADVANCED_FACE('',(#4372),#23,.T.);
#4737=ADVANCED_FACE('',(#4373),#24,.T.);
#4738=ADVANCED_FACE('',(#4374),#25,.F.);
#4739=ADVANCED_FACE('',(#4375),#26,.F.);
#4740=ADVANCED_FACE('',(#4376),#27,.T.);
#4741=ADVANCED_FACE('',(#4377),#28,.T.);
#4742=ADVANCED_FACE('',(#4378),#29,.F.);
#4743=ADVANCED_FACE('',(#4379),#30,.F.);
#4744=ADVANCED_FACE('',(#4380),#31,.T.);
#4745=ADVANCED_FACE('',(#4381),#32,.T.);
#4746=ADVANCED_FACE('',(#4382),#33,.F.);
#4747=ADVANCED_FACE('',(#4383),#34,.F.);
#4748=ADVANCED_FACE('',(#4384),#35,.T.);
#4749=ADVANCED_FACE('',(#4385),#36,.T.);
#4750=ADVANCED_FACE('',(#4386),#37,.F.);
#4751=ADVANCED_FACE('',(#4387),#38,.F.);
#4752=ADVANCED_FACE('',(#4388),#39,.T.);
#4753=ADVANCED_FACE('',(#4389),#40,.T.);
#4754=ADVANCED_FACE('',(#4390),#41,.F.);
#4755=ADVANCED_FACE('',(#4391),#42,.F.);
#4756=ADVANCED_FACE('',(#4392),#43,.T.);
#4757=ADVANCED_FACE('',(#4393),#44,.T.);
#4758=ADVANCED_FACE('',(#4394),#270,.F.);
#4759=ADVANCED_FACE('',(#4395),#271,.F.);
#4760=ADVANCED_FACE('',(#4396),#45,.T.);
#4761=ADVANCED_FACE('',(#4397),#272,.T.);
#4762=ADVANCED_FACE('',(#4398),#273,.F.);
#4763=ADVANCED_FACE('',(#4399),#274,.F.);
#4764=ADVANCED_FACE('',(#4400),#275,.T.);
#4765=ADVANCED_FACE('',(#4401),#276,.T.);
#4766=ADVANCED_FACE('',(#4402),#277,.F.);
#4767=ADVANCED_FACE('',(#4403),#278,.F.);
#4768=ADVANCED_FACE('',(#4404),#279,.T.);
#4769=ADVANCED_FACE('',(#4405),#280,.T.);
#4770=ADVANCED_FACE('',(#4406),#281,.T.);
#4771=ADVANCED_FACE('',(#4407),#282,.F.);
#4772=ADVANCED_FACE('',(#4408),#283,.F.);
#4773=ADVANCED_FACE('',(#4409),#284,.T.);
#4774=ADVANCED_FACE('',(#4410),#285,.F.);
#4775=ADVANCED_FACE('',(#4411),#286,.F.);
#4776=ADVANCED_FACE('',(#4412),#287,.T.);
#4777=ADVANCED_FACE('',(#4413),#288,.T.);
#4778=ADVANCED_FACE('',(#4414),#289,.F.);
#4779=ADVANCED_FACE('',(#4415),#290,.F.);
#4780=ADVANCED_FACE('',(#4416),#291,.T.);
#4781=ADVANCED_FACE('',(#4417),#292,.T.);
#4782=ADVANCED_FACE('',(#4418),#293,.F.);
#4783=ADVANCED_FACE('',(#4419),#294,.F.);
#4784=ADVANCED_FACE('',(#4420),#295,.T.);
#4785=ADVANCED_FACE('',(#4421),#296,.T.);
#4786=ADVANCED_FACE('',(#4422),#297,.F.);
#4787=ADVANCED_FACE('',(#4423),#298,.F.);
#4788=ADVANCED_FACE('',(#4424),#299,.T.);
#4789=ADVANCED_FACE('',(#4425),#300,.T.);
#4790=ADVANCED_FACE('',(#4426),#301,.T.);
#4791=CLOSED_SHELL('',(#4486,#4487,#4488,#4489,#4490,#4491,#4492,#4493,
#4494,#4495,#4496,#4497,#4498,#4499,#4500,#4501,#4502,#4503,#4504,#4505,
#4506,#4507,#4508,#4509,#4510,#4511,#4512,#4513,#4514,#4515,#4516,#4517,
#4518,#4519,#4520,#4521,#4522,#4523,#4524,#4525,#4526,#4527,#4528,#4529,
#4530,#4531,#4532,#4533,#4534,#4535,#4536,#4537,#4538,#4539,#4540,#4541,
#4542,#4543,#4544,#4545,#4546,#4547,#4548,#4549,#4550,#4551,#4552,#4553,
#4554,#4555,#4556,#4557,#4558,#4559,#4560,#4561,#4562,#4563,#4564,#4565,
#4566,#4567,#4568,#4569,#4570,#4571,#4572,#4573,#4574,#4575,#4576,#4577,
#4578,#4579,#4580,#4581,#4582,#4583,#4584,#4585,#4586,#4587,#4588,#4589,
#4590,#4591,#4592,#4593,#4594,#4595,#4596,#4597,#4598,#4599,#4600,#4601,
#4602,#4603,#4604,#4605,#4606,#4607,#4608,#4609,#4610,#4611,#4612,#4613,
#4614,#4615,#4616,#4617,#4618,#4619,#4620,#4621,#4622,#4623,#4624,#4625,
#4626,#4627,#4628,#4629,#4630,#4631,#4632,#4633,#4634,#4635,#4636,#4637,
#4638,#4639,#4640,#4641,#4642,#4643,#4644,#4645,#4646,#4647,#4648,#4649,
#4650,#4651,#4652,#4653,#4654,#4655,#4656,#4657,#4658,#4659,#4660,#4661,
#4662,#4663,#4664,#4665,#4666,#4667,#4668,#4669,#4670,#4671,#4672,#4673,
#4674,#4675,#4676,#4677,#4678,#4679,#4680,#4681,#4682,#4683,#4684,#4685,
#4686,#4687,#4688,#4689,#4690,#4691,#4692,#4693,#4694,#4695,#4696,#4697,
#4698,#4699,#4700,#4701,#4702,#4703,#4704,#4705,#4706,#4707,#4708,#4709,
#4710,#4711,#4712,#4713,#4714,#4715,#4716,#4717,#4718,#4719,#4720,#4721,
#4722,#4723,#4724,#4725,#4726,#4727,#4728,#4729,#4730,#4731,#4732,#4733,
#4734,#4735,#4736,#4737,#4738,#4739,#4740,#4741,#4742,#4743,#4744,#4745,
#4746,#4747,#4748,#4749,#4750,#4751,#4752,#4753,#4754,#4755,#4756,#4757,
#4758,#4759,#4760,#4761,#4762,#4763,#4764,#4765,#4766,#4767,#4768,#4769,
#4770,#4771,#4772,#4773,#4774,#4775,#4776,#4777,#4778,#4779,#4780,#4781,
#4782,#4783,#4784,#4785,#4786,#4787,#4788,#4789,#4790));
#4792=STYLED_ITEM('',(#4793),#4800);
#4793=PRESENTATION_STYLE_ASSIGNMENT((#4794));
#4794=SURFACE_STYLE_USAGE(.BOTH.,#4795);
#4795=SURFACE_SIDE_STYLE('',(#4796));
#4796=SURFACE_STYLE_FILL_AREA(#4797);
#4797=FILL_AREA_STYLE('',(#4798));
#4798=FILL_AREA_STYLE_COLOUR('',#4799);
#4799=COLOUR_RGB('',0.768627450980392,0.886274509803922,0.952941176470588);
#4800=MANIFOLD_SOLID_BREP('BLOCKS_f2_block',#4791);
#4801=SHAPE_DEFINITION_REPRESENTATION(#8939,#4802);
#4802=SHAPE_REPRESENTATION('BLOCKS_f2_block',(#4803),#8934);
#4803=AXIS2_PLACEMENT_3D('',#6937,#5416,#5417);
#4804=AXIS2_PLACEMENT_3D('',#6938,#5418,#5419);
#4805=AXIS2_PLACEMENT_3D('',#7047,#5441,#5442);
#4806=AXIS2_PLACEMENT_3D('',#7056,#5447,#5448);
#4807=AXIS2_PLACEMENT_3D('',#7065,#5453,#5454);
#4808=AXIS2_PLACEMENT_3D('',#7083,#5463,#5464);
#4809=AXIS2_PLACEMENT_3D('',#7091,#5468,#5469);
#4810=AXIS2_PLACEMENT_3D('',#7099,#5473,#5474);
#4811=AXIS2_PLACEMENT_3D('',#7107,#5478,#5479);
#4812=AXIS2_PLACEMENT_3D('',#7110,#5481,#5482);
#4813=AXIS2_PLACEMENT_3D('',#7114,#5484,#5485);
#4814=AXIS2_PLACEMENT_3D('',#7116,#5486,#5487);
#4815=AXIS2_PLACEMENT_3D('',#7118,#5488,#5489);
#4816=AXIS2_PLACEMENT_3D('',#7122,#5491,#5492);
#4817=AXIS2_PLACEMENT_3D('',#7126,#5494,#5495);
#4818=AXIS2_PLACEMENT_3D('',#7128,#5496,#5497);
#4819=AXIS2_PLACEMENT_3D('',#7130,#5498,#5499);
#4820=AXIS2_PLACEMENT_3D('',#7134,#5501,#5502);
#4821=AXIS2_PLACEMENT_3D('',#7138,#5504,#5505);
#4822=AXIS2_PLACEMENT_3D('',#7140,#5506,#5507);
#4823=AXIS2_PLACEMENT_3D('',#7142,#5508,#5509);
#4824=AXIS2_PLACEMENT_3D('',#7146,#5511,#5512);
#4825=AXIS2_PLACEMENT_3D('',#7150,#5514,#5515);
#4826=AXIS2_PLACEMENT_3D('',#7152,#5516,#5517);
#4827=AXIS2_PLACEMENT_3D('',#7154,#5518,#5519);
#4828=AXIS2_PLACEMENT_3D('',#7158,#5521,#5522);
#4829=AXIS2_PLACEMENT_3D('',#7162,#5524,#5525);
#4830=AXIS2_PLACEMENT_3D('',#7166,#5527,#5528);
#4831=AXIS2_PLACEMENT_3D('',#7170,#5530,#5531);
#4832=AXIS2_PLACEMENT_3D('',#7174,#5533,#5534);
#4833=AXIS2_PLACEMENT_3D('',#7175,#5535,#5536);
#4834=AXIS2_PLACEMENT_3D('',#7177,#5537,#5538);
#4835=AXIS2_PLACEMENT_3D('',#7179,#5539,#5540);
#4836=AXIS2_PLACEMENT_3D('',#7181,#5541,#5542);
#4837=AXIS2_PLACEMENT_3D('',#7182,#5543,#5544);
#4838=AXIS2_PLACEMENT_3D('',#7184,#5545,#5546);
#4839=AXIS2_PLACEMENT_3D('',#7186,#5547,#5548);
#4840=AXIS2_PLACEMENT_3D('',#7187,#5549,#5550);
#4841=AXIS2_PLACEMENT_3D('',#7189,#5551,#5552);
#4842=AXIS2_PLACEMENT_3D('',#7194,#5554,#5555);
#4843=AXIS2_PLACEMENT_3D('',#7198,#5557,#5558);
#4844=AXIS2_PLACEMENT_3D('',#7202,#5560,#5561);
#4845=AXIS2_PLACEMENT_3D('',#7206,#5563,#5564);
#4846=AXIS2_PLACEMENT_3D('',#7207,#5565,#5566);
#4847=AXIS2_PLACEMENT_3D('',#7212,#5568,#5569);
#4848=AXIS2_PLACEMENT_3D('',#7216,#5571,#5572);
#4849=AXIS2_PLACEMENT_3D('',#7220,#5574,#5575);
#4850=AXIS2_PLACEMENT_3D('',#7224,#5577,#5578);
#4851=AXIS2_PLACEMENT_3D('',#7230,#5581,#5582);
#4852=AXIS2_PLACEMENT_3D('',#7234,#5584,#5585);
#4853=AXIS2_PLACEMENT_3D('',#7238,#5587,#5588);
#4854=AXIS2_PLACEMENT_3D('',#7242,#5590,#5591);
#4855=AXIS2_PLACEMENT_3D('',#7246,#5593,#5594);
#4856=AXIS2_PLACEMENT_3D('',#7250,#5596,#5597);
#4857=AXIS2_PLACEMENT_3D('',#7254,#5599,#5600);
#4858=AXIS2_PLACEMENT_3D('',#7258,#5602,#5603);
#4859=AXIS2_PLACEMENT_3D('',#7262,#5605,#5606);
#4860=AXIS2_PLACEMENT_3D('',#7266,#5608,#5609);
#4861=AXIS2_PLACEMENT_3D('',#7270,#5611,#5612);
#4862=AXIS2_PLACEMENT_3D('',#7274,#5614,#5615);
#4863=AXIS2_PLACEMENT_3D('',#7278,#5617,#5618);
#4864=AXIS2_PLACEMENT_3D('',#7282,#5620,#5621);
#4865=AXIS2_PLACEMENT_3D('',#7286,#5623,#5624);
#4866=AXIS2_PLACEMENT_3D('',#7290,#5626,#5627);
#4867=AXIS2_PLACEMENT_3D('',#7291,#5628,#5629);
#4868=AXIS2_PLACEMENT_3D('',#7292,#5630,#5631);
#4869=AXIS2_PLACEMENT_3D('',#7296,#5633,#5634);
#4870=AXIS2_PLACEMENT_3D('',#7297,#5635,#5636);
#4871=AXIS2_PLACEMENT_3D('',#7303,#5640,#5641);
#4872=AXIS2_PLACEMENT_3D('',#7304,#5642,#5643);
#4873=AXIS2_PLACEMENT_3D('',#7308,#5645,#5646);
#4874=AXIS2_PLACEMENT_3D('',#7309,#5647,#5648);
#4875=AXIS2_PLACEMENT_3D('',#7315,#5652,#5653);
#4876=AXIS2_PLACEMENT_3D('',#7316,#5654,#5655);
#4877=AXIS2_PLACEMENT_3D('',#7320,#5657,#5658);
#4878=AXIS2_PLACEMENT_3D('',#7321,#5659,#5660);
#4879=AXIS2_PLACEMENT_3D('',#7322,#5661,#5662);
#4880=AXIS2_PLACEMENT_3D('',#7329,#5666,#5667);
#4881=AXIS2_PLACEMENT_3D('',#7330,#5668,#5669);
#4882=AXIS2_PLACEMENT_3D('',#7331,#5670,#5671);
#4883=AXIS2_PLACEMENT_3D('',#7332,#5672,#5673);
#4884=AXIS2_PLACEMENT_3D('',#7333,#5674,#5675);
#4885=AXIS2_PLACEMENT_3D('',#7335,#5676,#5677);
#4886=AXIS2_PLACEMENT_3D('',#7337,#5678,#5679);
#4887=AXIS2_PLACEMENT_3D('',#7338,#5680,#5681);
#4888=AXIS2_PLACEMENT_3D('',#7340,#5682,#5683);
#4889=AXIS2_PLACEMENT_3D('',#7342,#5684,#5685);
#4890=AXIS2_PLACEMENT_3D('',#7346,#5687,#5688);
#4891=AXIS2_PLACEMENT_3D('',#7350,#5690,#5691);
#4892=AXIS2_PLACEMENT_3D('',#7359,#5693,#5694);
#4893=AXIS2_PLACEMENT_3D('',#7373,#5696,#5697);
#4894=AXIS2_PLACEMENT_3D('',#7374,#5698,#5699);
#4895=AXIS2_PLACEMENT_3D('',#7380,#5703,#5704);
#4896=AXIS2_PLACEMENT_3D('',#7389,#5709,#5710);
#4897=AXIS2_PLACEMENT_3D('',#7390,#5711,#5712);
#4898=AXIS2_PLACEMENT_3D('',#7394,#5714,#5715);
#4899=AXIS2_PLACEMENT_3D('',#7408,#5717,#5718);
#4900=AXIS2_PLACEMENT_3D('',#7417,#5720,#5721);
#4901=AXIS2_PLACEMENT_3D('',#7418,#5722,#5723);
#4902=AXIS2_PLACEMENT_3D('',#7419,#5724,#5725);
#4903=AXIS2_PLACEMENT_3D('',#7423,#5727,#5728);
#4904=AXIS2_PLACEMENT_3D('',#7427,#5731,#5732);
#4905=AXIS2_PLACEMENT_3D('',#7431,#5734,#5735);
#4906=AXIS2_PLACEMENT_3D('',#7435,#5737,#5738);
#4907=AXIS2_PLACEMENT_3D('',#7436,#5739,#5740);
#4908=AXIS2_PLACEMENT_3D('',#7437,#5741,#5742);
#4909=AXIS2_PLACEMENT_3D('',#7441,#5744,#5745);
#4910=AXIS2_PLACEMENT_3D('',#7442,#5746,#5747);
#4911=AXIS2_PLACEMENT_3D('',#7448,#5751,#5752);
#4912=AXIS2_PLACEMENT_3D('',#7449,#5753,#5754);
#4913=AXIS2_PLACEMENT_3D('',#7453,#5756,#5757);
#4914=AXIS2_PLACEMENT_3D('',#7454,#5758,#5759);
#4915=AXIS2_PLACEMENT_3D('',#7460,#5763,#5764);
#4916=AXIS2_PLACEMENT_3D('',#7461,#5765,#5766);
#4917=AXIS2_PLACEMENT_3D('',#7465,#5768,#5769);
#4918=AXIS2_PLACEMENT_3D('',#7466,#5770,#5771);
#4919=AXIS2_PLACEMENT_3D('',#7467,#5772,#5773);
#4920=AXIS2_PLACEMENT_3D('',#7471,#5775,#5776);
#4921=AXIS2_PLACEMENT_3D('',#7472,#5777,#5778);
#4922=AXIS2_PLACEMENT_3D('',#7473,#5779,#5780);
#4923=AXIS2_PLACEMENT_3D('',#7477,#5782,#5783);
#4924=AXIS2_PLACEMENT_3D('',#7478,#5784,#5785);
#4925=AXIS2_PLACEMENT_3D('',#7484,#5789,#5790);
#4926=AXIS2_PLACEMENT_3D('',#7485,#5791,#5792);
#4927=AXIS2_PLACEMENT_3D('',#7489,#5794,#5795);
#4928=AXIS2_PLACEMENT_3D('',#7490,#5796,#5797);
#4929=AXIS2_PLACEMENT_3D('',#7496,#5801,#5802);
#4930=AXIS2_PLACEMENT_3D('',#7497,#5803,#5804);
#4931=AXIS2_PLACEMENT_3D('',#7498,#5805,#5806);
#4932=AXIS2_PLACEMENT_3D('',#7499,#5807,#5808);
#4933=AXIS2_PLACEMENT_3D('',#7500,#5809,#5810);
#4934=AXIS2_PLACEMENT_3D('',#7504,#5812,#5813);
#4935=AXIS2_PLACEMENT_3D('',#7508,#5815,#5816);
#4936=AXIS2_PLACEMENT_3D('',#7509,#5817,#5818);
#4937=AXIS2_PLACEMENT_3D('',#7510,#5819,#5820);
#4938=AXIS2_PLACEMENT_3D('',#7514,#5822,#5823);
#4939=AXIS2_PLACEMENT_3D('',#7515,#5824,#5825);
#4940=AXIS2_PLACEMENT_3D('',#7521,#5829,#5830);
#4941=AXIS2_PLACEMENT_3D('',#7522,#5831,#5832);
#4942=AXIS2_PLACEMENT_3D('',#7526,#5834,#5835);
#4943=AXIS2_PLACEMENT_3D('',#7527,#5836,#5837);
#4944=AXIS2_PLACEMENT_3D('',#7533,#5841,#5842);
#4945=AXIS2_PLACEMENT_3D('',#7534,#5843,#5844);
#4946=AXIS2_PLACEMENT_3D('',#7538,#5846,#5847);
#4947=AXIS2_PLACEMENT_3D('',#7539,#5848,#5849);
#4948=AXIS2_PLACEMENT_3D('',#7540,#5850,#5851);
#4949=AXIS2_PLACEMENT_3D('',#7544,#5853,#5854);
#4950=AXIS2_PLACEMENT_3D('',#7545,#5855,#5856);
#4951=AXIS2_PLACEMENT_3D('',#7546,#5857,#5858);
#4952=AXIS2_PLACEMENT_3D('',#7550,#5860,#5861);
#4953=AXIS2_PLACEMENT_3D('',#7551,#5862,#5863);
#4954=AXIS2_PLACEMENT_3D('',#7557,#5867,#5868);
#4955=AXIS2_PLACEMENT_3D('',#7558,#5869,#5870);
#4956=AXIS2_PLACEMENT_3D('',#7562,#5872,#5873);
#4957=AXIS2_PLACEMENT_3D('',#7563,#5874,#5875);
#4958=AXIS2_PLACEMENT_3D('',#7569,#5879,#5880);
#4959=AXIS2_PLACEMENT_3D('',#7570,#5881,#5882);
#4960=AXIS2_PLACEMENT_3D('',#7571,#5883,#5884);
#4961=AXIS2_PLACEMENT_3D('',#7572,#5885,#5886);
#4962=AXIS2_PLACEMENT_3D('',#7573,#5887,#5888);
#4963=AXIS2_PLACEMENT_3D('',#7579,#5892,#5893);
#4964=AXIS2_PLACEMENT_3D('',#7585,#5897,#5898);
#4965=AXIS2_PLACEMENT_3D('',#7591,#5902,#5903);
#4966=AXIS2_PLACEMENT_3D('',#7597,#5907,#5908);
#4967=AXIS2_PLACEMENT_3D('',#7598,#5909,#5910);
#4968=AXIS2_PLACEMENT_3D('',#7603,#5912,#5913);
#4969=AXIS2_PLACEMENT_3D('',#7607,#5915,#5916);
#4970=AXIS2_PLACEMENT_3D('',#7611,#5918,#5919);
#4971=AXIS2_PLACEMENT_3D('',#7614,#5921,#5922);
#4972=AXIS2_PLACEMENT_3D('',#7620,#5926,#5927);
#4973=AXIS2_PLACEMENT_3D('',#7626,#5931,#5932);
#4974=AXIS2_PLACEMENT_3D('',#7632,#5936,#5937);
#4975=AXIS2_PLACEMENT_3D('',#7638,#5941,#5942);
#4976=AXIS2_PLACEMENT_3D('',#7639,#5943,#5944);
#4977=AXIS2_PLACEMENT_3D('',#7644,#5946,#5947);
#4978=AXIS2_PLACEMENT_3D('',#7648,#5949,#5950);
#4979=AXIS2_PLACEMENT_3D('',#7652,#5952,#5953);
#4980=AXIS2_PLACEMENT_3D('',#7655,#5955,#5956);
#4981=AXIS2_PLACEMENT_3D('',#7661,#5960,#5961);
#4982=AXIS2_PLACEMENT_3D('',#7667,#5965,#5966);
#4983=AXIS2_PLACEMENT_3D('',#7673,#5970,#5971);
#4984=AXIS2_PLACEMENT_3D('',#7679,#5975,#5976);
#4985=AXIS2_PLACEMENT_3D('',#7680,#5977,#5978);
#4986=AXIS2_PLACEMENT_3D('',#7685,#5980,#5981);
#4987=AXIS2_PLACEMENT_3D('',#7689,#5983,#5984);
#4988=AXIS2_PLACEMENT_3D('',#7693,#5986,#5987);
#4989=AXIS2_PLACEMENT_3D('',#7696,#5989,#5990);
#4990=AXIS2_PLACEMENT_3D('',#7702,#5994,#5995);
#4991=AXIS2_PLACEMENT_3D('',#7708,#5999,#6000);
#4992=AXIS2_PLACEMENT_3D('',#7714,#6004,#6005);
#4993=AXIS2_PLACEMENT_3D('',#7720,#6009,#6010);
#4994=AXIS2_PLACEMENT_3D('',#7721,#6011,#6012);
#4995=AXIS2_PLACEMENT_3D('',#7726,#6014,#6015);
#4996=AXIS2_PLACEMENT_3D('',#7730,#6017,#6018);
#4997=AXIS2_PLACEMENT_3D('',#7734,#6020,#6021);
#4998=AXIS2_PLACEMENT_3D('',#7737,#6023,#6024);
#4999=AXIS2_PLACEMENT_3D('',#7746,#6029,#6030);
#5000=AXIS2_PLACEMENT_3D('',#7752,#6034,#6035);
#5001=AXIS2_PLACEMENT_3D('',#7758,#6039,#6040);
#5002=AXIS2_PLACEMENT_3D('',#7764,#6044,#6045);
#5003=AXIS2_PLACEMENT_3D('',#7770,#6049,#6050);
#5004=AXIS2_PLACEMENT_3D('',#7773,#6053,#6054);
#5005=AXIS2_PLACEMENT_3D('',#7774,#6055,#6056);
#5006=AXIS2_PLACEMENT_3D('',#7776,#6057,#6058);
#5007=AXIS2_PLACEMENT_3D('',#7777,#6059,#6060);
#5008=AXIS2_PLACEMENT_3D('',#7779,#6061,#6062);
#5009=AXIS2_PLACEMENT_3D('',#7781,#6063,#6064);
#5010=AXIS2_PLACEMENT_3D('',#7792,#6068,#6069);
#5011=AXIS2_PLACEMENT_3D('',#7798,#6072,#6073);
#5012=AXIS2_PLACEMENT_3D('',#7801,#6075,#6076);
#5013=AXIS2_PLACEMENT_3D('',#7807,#6079,#6080);
#5014=AXIS2_PLACEMENT_3D('',#7810,#6082,#6083);
#5015=AXIS2_PLACEMENT_3D('',#7821,#6087,#6088);
#5016=AXIS2_PLACEMENT_3D('',#7830,#6093,#6094);
#5017=AXIS2_PLACEMENT_3D('',#7836,#6097,#6098);
#5018=AXIS2_PLACEMENT_3D('',#7839,#6100,#6101);
#5019=AXIS2_PLACEMENT_3D('',#7848,#6106,#6107);
#5020=AXIS2_PLACEMENT_3D('',#7854,#6110,#6111);
#5021=AXIS2_PLACEMENT_3D('',#7857,#6113,#6114);
#5022=AXIS2_PLACEMENT_3D('',#7937,#6122,#6123);
#5023=AXIS2_PLACEMENT_3D('',#7958,#6134,#6135);
#5024=AXIS2_PLACEMENT_3D('',#7959,#6136,#6137);
#5025=AXIS2_PLACEMENT_3D('',#7960,#6138,#6139);
#5026=AXIS2_PLACEMENT_3D('',#7961,#6140,#6141);
#5027=AXIS2_PLACEMENT_3D('',#7962,#6142,#6143);
#5028=AXIS2_PLACEMENT_3D('',#7963,#6144,#6145);
#5029=AXIS2_PLACEMENT_3D('',#7964,#6146,#6147);
#5030=AXIS2_PLACEMENT_3D('',#7965,#6148,#6149);
#5031=AXIS2_PLACEMENT_3D('',#7966,#6150,#6151);
#5032=AXIS2_PLACEMENT_3D('',#7967,#6152,#6153);
#5033=AXIS2_PLACEMENT_3D('',#7968,#6154,#6155);
#5034=AXIS2_PLACEMENT_3D('',#7969,#6156,#6157);
#5035=AXIS2_PLACEMENT_3D('',#7970,#6158,#6159);
#5036=AXIS2_PLACEMENT_3D('',#7971,#6160,#6161);
#5037=AXIS2_PLACEMENT_3D('',#7972,#6162,#6163);
#5038=AXIS2_PLACEMENT_3D('',#7973,#6164,#6165);
#5039=AXIS2_PLACEMENT_3D('',#7974,#6166,#6167);
#5040=AXIS2_PLACEMENT_3D('',#7975,#6168,#6169);
#5041=AXIS2_PLACEMENT_3D('',#7976,#6170,#6171);
#5042=AXIS2_PLACEMENT_3D('',#7977,#6172,#6173);
#5043=AXIS2_PLACEMENT_3D('',#7978,#6174,#6175);
#5044=AXIS2_PLACEMENT_3D('',#7979,#6176,#6177);
#5045=AXIS2_PLACEMENT_3D('',#7980,#6178,#6179);
#5046=AXIS2_PLACEMENT_3D('',#7981,#6180,#6181);
#5047=AXIS2_PLACEMENT_3D('',#7982,#6182,#6183);
#5048=AXIS2_PLACEMENT_3D('',#7983,#6184,#6185);
#5049=AXIS2_PLACEMENT_3D('',#7984,#6186,#6187);
#5050=AXIS2_PLACEMENT_3D('',#7985,#6188,#6189);
#5051=AXIS2_PLACEMENT_3D('',#7986,#6190,#6191);
#5052=AXIS2_PLACEMENT_3D('',#7987,#6192,#6193);
#5053=AXIS2_PLACEMENT_3D('',#7988,#6194,#6195);
#5054=AXIS2_PLACEMENT_3D('',#7989,#6196,#6197);
#5055=AXIS2_PLACEMENT_3D('',#7990,#6198,#6199);
#5056=AXIS2_PLACEMENT_3D('',#7991,#6200,#6201);
#5057=AXIS2_PLACEMENT_3D('',#7992,#6202,#6203);
#5058=AXIS2_PLACEMENT_3D('',#7993,#6204,#6205);
#5059=AXIS2_PLACEMENT_3D('',#7994,#6206,#6207);
#5060=AXIS2_PLACEMENT_3D('',#7995,#6208,#6209);
#5061=AXIS2_PLACEMENT_3D('',#7996,#6210,#6211);
#5062=AXIS2_PLACEMENT_3D('',#7997,#6212,#6213);
#5063=AXIS2_PLACEMENT_3D('',#7998,#6214,#6215);
#5064=AXIS2_PLACEMENT_3D('',#7999,#6216,#6217);
#5065=AXIS2_PLACEMENT_3D('',#8000,#6218,#6219);
#5066=AXIS2_PLACEMENT_3D('',#8001,#6220,#6221);
#5067=AXIS2_PLACEMENT_3D('',#8002,#6222,#6223);
#5068=AXIS2_PLACEMENT_3D('',#8003,#6224,#6225);
#5069=AXIS2_PLACEMENT_3D('',#8004,#6226,#6227);
#5070=AXIS2_PLACEMENT_3D('',#8005,#6228,#6229);
#5071=AXIS2_PLACEMENT_3D('',#8006,#6230,#6231);
#5072=AXIS2_PLACEMENT_3D('',#8007,#6232,#6233);
#5073=AXIS2_PLACEMENT_3D('',#8008,#6234,#6235);
#5074=AXIS2_PLACEMENT_3D('',#8009,#6236,#6237);
#5075=AXIS2_PLACEMENT_3D('',#8010,#6238,#6239);
#5076=AXIS2_PLACEMENT_3D('',#8011,#6240,#6241);
#5077=AXIS2_PLACEMENT_3D('',#8012,#6242,#6243);
#5078=AXIS2_PLACEMENT_3D('',#8013,#6244,#6245);
#5079=AXIS2_PLACEMENT_3D('',#8014,#6246,#6247);
#5080=AXIS2_PLACEMENT_3D('',#8015,#6248,#6249);
#5081=AXIS2_PLACEMENT_3D('',#8016,#6250,#6251);
#5082=AXIS2_PLACEMENT_3D('',#8017,#6252,#6253);
#5083=AXIS2_PLACEMENT_3D('',#8018,#6254,#6255);
#5084=AXIS2_PLACEMENT_3D('',#8019,#6256,#6257);
#5085=AXIS2_PLACEMENT_3D('',#8020,#6258,#6259);
#5086=AXIS2_PLACEMENT_3D('',#8021,#6260,#6261);
#5087=AXIS2_PLACEMENT_3D('',#8022,#6262,#6263);
#5088=AXIS2_PLACEMENT_3D('',#8023,#6264,#6265);
#5089=AXIS2_PLACEMENT_3D('',#8024,#6266,#6267);
#5090=AXIS2_PLACEMENT_3D('',#8025,#6268,#6269);
#5091=AXIS2_PLACEMENT_3D('',#8026,#6270,#6271);
#5092=AXIS2_PLACEMENT_3D('',#8027,#6272,#6273);
#5093=AXIS2_PLACEMENT_3D('',#8028,#6274,#6275);
#5094=AXIS2_PLACEMENT_3D('',#8029,#6276,#6277);
#5095=AXIS2_PLACEMENT_3D('',#8030,#6278,#6279);
#5096=AXIS2_PLACEMENT_3D('',#8031,#6280,#6281);
#5097=AXIS2_PLACEMENT_3D('',#8032,#6282,#6283);
#5098=AXIS2_PLACEMENT_3D('',#8033,#6284,#6285);
#5099=AXIS2_PLACEMENT_3D('',#8034,#6286,#6287);
#5100=AXIS2_PLACEMENT_3D('',#8035,#6288,#6289);
#5101=AXIS2_PLACEMENT_3D('',#8036,#6290,#6291);
#5102=AXIS2_PLACEMENT_3D('',#8037,#6292,#6293);
#5103=AXIS2_PLACEMENT_3D('',#8038,#6294,#6295);
#5104=AXIS2_PLACEMENT_3D('',#8039,#6296,#6297);
#5105=AXIS2_PLACEMENT_3D('',#8040,#6298,#6299);
#5106=AXIS2_PLACEMENT_3D('',#8041,#6300,#6301);
#5107=AXIS2_PLACEMENT_3D('',#8042,#6302,#6303);
#5108=AXIS2_PLACEMENT_3D('',#8043,#6304,#6305);
#5109=AXIS2_PLACEMENT_3D('',#8044,#6306,#6307);
#5110=AXIS2_PLACEMENT_3D('',#8045,#6308,#6309);
#5111=AXIS2_PLACEMENT_3D('',#8046,#6310,#6311);
#5112=AXIS2_PLACEMENT_3D('',#8047,#6312,#6313);
#5113=AXIS2_PLACEMENT_3D('',#8048,#6314,#6315);
#5114=AXIS2_PLACEMENT_3D('',#8049,#6316,#6317);
#5115=AXIS2_PLACEMENT_3D('',#8050,#6318,#6319);
#5116=AXIS2_PLACEMENT_3D('',#8051,#6320,#6321);
#5117=AXIS2_PLACEMENT_3D('',#8052,#6322,#6323);
#5118=AXIS2_PLACEMENT_3D('',#8053,#6324,#6325);
#5119=AXIS2_PLACEMENT_3D('',#8054,#6326,#6327);
#5120=AXIS2_PLACEMENT_3D('',#8055,#6328,#6329);
#5121=AXIS2_PLACEMENT_3D('',#8056,#6330,#6331);
#5122=AXIS2_PLACEMENT_3D('',#8057,#6332,#6333);
#5123=AXIS2_PLACEMENT_3D('',#8058,#6334,#6335);
#5124=AXIS2_PLACEMENT_3D('',#8059,#6336,#6337);
#5125=AXIS2_PLACEMENT_3D('',#8060,#6338,#6339);
#5126=AXIS2_PLACEMENT_3D('',#8061,#6340,#6341);
#5127=AXIS2_PLACEMENT_3D('',#8062,#6342,#6343);
#5128=AXIS2_PLACEMENT_3D('',#8063,#6344,#6345);
#5129=AXIS2_PLACEMENT_3D('',#8064,#6346,#6347);
#5130=AXIS2_PLACEMENT_3D('',#8065,#6348,#6349);
#5131=AXIS2_PLACEMENT_3D('',#8066,#6350,#6351);
#5132=AXIS2_PLACEMENT_3D('',#8067,#6352,#6353);
#5133=AXIS2_PLACEMENT_3D('',#8068,#6354,#6355);
#5134=AXIS2_PLACEMENT_3D('',#8069,#6356,#6357);
#5135=AXIS2_PLACEMENT_3D('',#8070,#6358,#6359);
#5136=AXIS2_PLACEMENT_3D('',#8071,#6360,#6361);
#5137=AXIS2_PLACEMENT_3D('',#8072,#6362,#6363);
#5138=AXIS2_PLACEMENT_3D('',#8073,#6364,#6365);
#5139=AXIS2_PLACEMENT_3D('',#8074,#6366,#6367);
#5140=AXIS2_PLACEMENT_3D('',#8075,#6368,#6369);
#5141=AXIS2_PLACEMENT_3D('',#8076,#6370,#6371);
#5142=AXIS2_PLACEMENT_3D('',#8077,#6372,#6373);
#5143=AXIS2_PLACEMENT_3D('',#8078,#6374,#6375);
#5144=AXIS2_PLACEMENT_3D('',#8079,#6376,#6377);
#5145=AXIS2_PLACEMENT_3D('',#8080,#6378,#6379);
#5146=AXIS2_PLACEMENT_3D('',#8081,#6380,#6381);
#5147=AXIS2_PLACEMENT_3D('',#8082,#6382,#6383);
#5148=AXIS2_PLACEMENT_3D('',#8083,#6384,#6385);
#5149=AXIS2_PLACEMENT_3D('',#8084,#6386,#6387);
#5150=AXIS2_PLACEMENT_3D('',#8085,#6388,#6389);
#5151=AXIS2_PLACEMENT_3D('',#8086,#6390,#6391);
#5152=AXIS2_PLACEMENT_3D('',#8087,#6392,#6393);
#5153=AXIS2_PLACEMENT_3D('',#8088,#6394,#6395);
#5154=AXIS2_PLACEMENT_3D('',#8089,#6396,#6397);
#5155=AXIS2_PLACEMENT_3D('',#8090,#6398,#6399);
#5156=AXIS2_PLACEMENT_3D('',#8091,#6400,#6401);
#5157=AXIS2_PLACEMENT_3D('',#8092,#6402,#6403);
#5158=AXIS2_PLACEMENT_3D('',#8093,#6404,#6405);
#5159=AXIS2_PLACEMENT_3D('',#8094,#6406,#6407);
#5160=AXIS2_PLACEMENT_3D('',#8095,#6408,#6409);
#5161=AXIS2_PLACEMENT_3D('',#8096,#6410,#6411);
#5162=AXIS2_PLACEMENT_3D('',#8097,#6412,#6413);
#5163=AXIS2_PLACEMENT_3D('',#8098,#6414,#6415);
#5164=AXIS2_PLACEMENT_3D('',#8099,#6416,#6417);
#5165=AXIS2_PLACEMENT_3D('',#8100,#6418,#6419);
#5166=AXIS2_PLACEMENT_3D('',#8101,#6420,#6421);
#5167=AXIS2_PLACEMENT_3D('',#8102,#6422,#6423);
#5168=AXIS2_PLACEMENT_3D('',#8103,#6424,#6425);
#5169=AXIS2_PLACEMENT_3D('',#8104,#6426,#6427);
#5170=AXIS2_PLACEMENT_3D('',#8105,#6428,#6429);
#5171=AXIS2_PLACEMENT_3D('',#8106,#6430,#6431);
#5172=AXIS2_PLACEMENT_3D('',#8107,#6432,#6433);
#5173=AXIS2_PLACEMENT_3D('',#8108,#6434,#6435);
#5174=AXIS2_PLACEMENT_3D('',#8109,#6436,#6437);
#5175=AXIS2_PLACEMENT_3D('',#8110,#6438,#6439);
#5176=AXIS2_PLACEMENT_3D('',#8111,#6440,#6441);
#5177=AXIS2_PLACEMENT_3D('',#8112,#6442,#6443);
#5178=AXIS2_PLACEMENT_3D('',#8113,#6444,#6445);
#5179=AXIS2_PLACEMENT_3D('',#8114,#6446,#6447);
#5180=AXIS2_PLACEMENT_3D('',#8115,#6448,#6449);
#5181=AXIS2_PLACEMENT_3D('',#8116,#6450,#6451);
#5182=AXIS2_PLACEMENT_3D('',#8117,#6452,#6453);
#5183=AXIS2_PLACEMENT_3D('',#8118,#6454,#6455);
#5184=AXIS2_PLACEMENT_3D('',#8119,#6456,#6457);
#5185=AXIS2_PLACEMENT_3D('',#8120,#6458,#6459);
#5186=AXIS2_PLACEMENT_3D('',#8121,#6460,#6461);
#5187=AXIS2_PLACEMENT_3D('',#8122,#6462,#6463);
#5188=AXIS2_PLACEMENT_3D('',#8123,#6464,#6465);
#5189=AXIS2_PLACEMENT_3D('',#8124,#6466,#6467);
#5190=AXIS2_PLACEMENT_3D('',#8125,#6468,#6469);
#5191=AXIS2_PLACEMENT_3D('',#8126,#6470,#6471);
#5192=AXIS2_PLACEMENT_3D('',#8127,#6472,#6473);
#5193=AXIS2_PLACEMENT_3D('',#8128,#6474,#6475);
#5194=AXIS2_PLACEMENT_3D('',#8129,#6476,#6477);
#5195=AXIS2_PLACEMENT_3D('',#8130,#6478,#6479);
#5196=AXIS2_PLACEMENT_3D('',#8131,#6480,#6481);
#5197=AXIS2_PLACEMENT_3D('',#8132,#6482,#6483);
#5198=AXIS2_PLACEMENT_3D('',#8133,#6484,#6485);
#5199=AXIS2_PLACEMENT_3D('',#8134,#6486,#6487);
#5200=AXIS2_PLACEMENT_3D('',#8135,#6488,#6489);
#5201=AXIS2_PLACEMENT_3D('',#8136,#6490,#6491);
#5202=AXIS2_PLACEMENT_3D('',#8137,#6492,#6493);
#5203=AXIS2_PLACEMENT_3D('',#8138,#6494,#6495);
#5204=AXIS2_PLACEMENT_3D('',#8139,#6496,#6497);
#5205=AXIS2_PLACEMENT_3D('',#8140,#6498,#6499);
#5206=AXIS2_PLACEMENT_3D('',#8141,#6500,#6501);
#5207=AXIS2_PLACEMENT_3D('',#8142,#6502,#6503);
#5208=AXIS2_PLACEMENT_3D('',#8143,#6504,#6505);
#5209=AXIS2_PLACEMENT_3D('',#8144,#6506,#6507);
#5210=AXIS2_PLACEMENT_3D('',#8145,#6508,#6509);
#5211=AXIS2_PLACEMENT_3D('',#8146,#6510,#6511);
#5212=AXIS2_PLACEMENT_3D('',#8147,#6512,#6513);
#5213=AXIS2_PLACEMENT_3D('',#8148,#6514,#6515);
#5214=AXIS2_PLACEMENT_3D('',#8149,#6516,#6517);
#5215=AXIS2_PLACEMENT_3D('',#8150,#6518,#6519);
#5216=AXIS2_PLACEMENT_3D('',#8151,#6520,#6521);
#5217=AXIS2_PLACEMENT_3D('',#8152,#6522,#6523);
#5218=AXIS2_PLACEMENT_3D('',#8153,#6524,#6525);
#5219=AXIS2_PLACEMENT_3D('',#8154,#6526,#6527);
#5220=AXIS2_PLACEMENT_3D('',#8171,#6528,#6529);
#5221=AXIS2_PLACEMENT_3D('',#8172,#6530,#6531);
#5222=AXIS2_PLACEMENT_3D('',#8173,#6532,#6533);
#5223=AXIS2_PLACEMENT_3D('',#8174,#6534,#6535);
#5224=AXIS2_PLACEMENT_3D('',#8175,#6536,#6537);
#5225=AXIS2_PLACEMENT_3D('',#8192,#6538,#6539);
#5226=AXIS2_PLACEMENT_3D('',#8193,#6540,#6541);
#5227=AXIS2_PLACEMENT_3D('',#8194,#6542,#6543);
#5228=AXIS2_PLACEMENT_3D('',#8195,#6544,#6545);
#5229=AXIS2_PLACEMENT_3D('',#8196,#6546,#6547);
#5230=AXIS2_PLACEMENT_3D('',#8197,#6548,#6549);
#5231=AXIS2_PLACEMENT_3D('',#8198,#6550,#6551);
#5232=AXIS2_PLACEMENT_3D('',#8199,#6552,#6553);
#5233=AXIS2_PLACEMENT_3D('',#8200,#6554,#6555);
#5234=AXIS2_PLACEMENT_3D('',#8201,#6556,#6557);
#5235=AXIS2_PLACEMENT_3D('',#8202,#6558,#6559);
#5236=AXIS2_PLACEMENT_3D('',#8207,#6560,#6561);
#5237=AXIS2_PLACEMENT_3D('',#8208,#6562,#6563);
#5238=AXIS2_PLACEMENT_3D('',#8209,#6564,#6565);
#5239=AXIS2_PLACEMENT_3D('',#8210,#6566,#6567);
#5240=AXIS2_PLACEMENT_3D('',#8227,#6568,#6569);
#5241=AXIS2_PLACEMENT_3D('',#8240,#6570,#6571);
#5242=AXIS2_PLACEMENT_3D('',#8241,#6572,#6573);
#5243=AXIS2_PLACEMENT_3D('',#8242,#6574,#6575);
#5244=AXIS2_PLACEMENT_3D('',#8247,#6576,#6577);
#5245=AXIS2_PLACEMENT_3D('',#8248,#6578,#6579);
#5246=AXIS2_PLACEMENT_3D('',#8249,#6580,#6581);
#5247=AXIS2_PLACEMENT_3D('',#8250,#6582,#6583);
#5248=AXIS2_PLACEMENT_3D('',#8251,#6584,#6585);
#5249=AXIS2_PLACEMENT_3D('',#8252,#6586,#6587);
#5250=AXIS2_PLACEMENT_3D('',#8265,#6588,#6589);
#5251=AXIS2_PLACEMENT_3D('',#8278,#6590,#6591);
#5252=AXIS2_PLACEMENT_3D('',#8279,#6592,#6593);
#5253=AXIS2_PLACEMENT_3D('',#8280,#6594,#6595);
#5254=AXIS2_PLACEMENT_3D('',#8281,#6596,#6597);
#5255=AXIS2_PLACEMENT_3D('',#8282,#6598,#6599);
#5256=AXIS2_PLACEMENT_3D('',#8283,#6600,#6601);
#5257=AXIS2_PLACEMENT_3D('',#8284,#6602,#6603);
#5258=AXIS2_PLACEMENT_3D('',#8285,#6604,#6605);
#5259=AXIS2_PLACEMENT_3D('',#8286,#6606,#6607);
#5260=AXIS2_PLACEMENT_3D('',#8287,#6608,#6609);
#5261=AXIS2_PLACEMENT_3D('',#8288,#6610,#6611);
#5262=AXIS2_PLACEMENT_3D('',#8289,#6612,#6613);
#5263=AXIS2_PLACEMENT_3D('',#8294,#6614,#6615);
#5264=AXIS2_PLACEMENT_3D('',#8295,#6616,#6617);
#5265=AXIS2_PLACEMENT_3D('',#8296,#6618,#6619);
#5266=AXIS2_PLACEMENT_3D('',#8297,#6620,#6621);
#5267=AXIS2_PLACEMENT_3D('',#8298,#6622,#6623);
#5268=AXIS2_PLACEMENT_3D('',#8299,#6624,#6625);
#5269=AXIS2_PLACEMENT_3D('',#8300,#6626,#6627);
#5270=AXIS2_PLACEMENT_3D('',#8301,#6628,#6629);
#5271=AXIS2_PLACEMENT_3D('',#8302,#6630,#6631);
#5272=AXIS2_PLACEMENT_3D('',#8303,#6632,#6633);
#5273=AXIS2_PLACEMENT_3D('',#8304,#6634,#6635);
#5274=AXIS2_PLACEMENT_3D('',#8305,#6636,#6637);
#5275=AXIS2_PLACEMENT_3D('',#8306,#6638,#6639);
#5276=AXIS2_PLACEMENT_3D('',#8319,#6640,#6641);
#5277=AXIS2_PLACEMENT_3D('',#8320,#6642,#6643);
#5278=AXIS2_PLACEMENT_3D('',#8321,#6644,#6645);
#5279=AXIS2_PLACEMENT_3D('',#8322,#6646,#6647);
#5280=AXIS2_PLACEMENT_3D('',#8323,#6648,#6649);
#5281=AXIS2_PLACEMENT_3D('',#8324,#6650,#6651);
#5282=AXIS2_PLACEMENT_3D('',#8325,#6652,#6653);
#5283=AXIS2_PLACEMENT_3D('',#8326,#6654,#6655);
#5284=AXIS2_PLACEMENT_3D('',#8327,#6656,#6657);
#5285=AXIS2_PLACEMENT_3D('',#8340,#6658,#6659);
#5286=AXIS2_PLACEMENT_3D('',#8341,#6660,#6661);
#5287=AXIS2_PLACEMENT_3D('',#8342,#6662,#6663);
#5288=AXIS2_PLACEMENT_3D('',#8343,#6664,#6665);
#5289=AXIS2_PLACEMENT_3D('',#8344,#6666,#6667);
#5290=AXIS2_PLACEMENT_3D('',#8345,#6668,#6669);
#5291=AXIS2_PLACEMENT_3D('',#8346,#6670,#6671);
#5292=AXIS2_PLACEMENT_3D('',#8347,#6672,#6673);
#5293=AXIS2_PLACEMENT_3D('',#8348,#6674,#6675);
#5294=AXIS2_PLACEMENT_3D('',#8349,#6676,#6677);
#5295=AXIS2_PLACEMENT_3D('',#8350,#6678,#6679);
#5296=AXIS2_PLACEMENT_3D('',#8351,#6680,#6681);
#5297=AXIS2_PLACEMENT_3D('',#8352,#6682,#6683);
#5298=AXIS2_PLACEMENT_3D('',#8353,#6684,#6685);
#5299=AXIS2_PLACEMENT_3D('',#8354,#6686,#6687);
#5300=AXIS2_PLACEMENT_3D('',#8355,#6688,#6689);
#5301=AXIS2_PLACEMENT_3D('',#8356,#6690,#6691);
#5302=AXIS2_PLACEMENT_3D('',#8357,#6692,#6693);
#5303=AXIS2_PLACEMENT_3D('',#8358,#6694,#6695);
#5304=AXIS2_PLACEMENT_3D('',#8359,#6696,#6697);
#5305=AXIS2_PLACEMENT_3D('',#8360,#6698,#6699);
#5306=AXIS2_PLACEMENT_3D('',#8361,#6700,#6701);
#5307=AXIS2_PLACEMENT_3D('',#8362,#6702,#6703);
#5308=AXIS2_PLACEMENT_3D('',#8363,#6704,#6705);
#5309=AXIS2_PLACEMENT_3D('',#8364,#6706,#6707);
#5310=AXIS2_PLACEMENT_3D('',#8365,#6708,#6709);
#5311=AXIS2_PLACEMENT_3D('',#8366,#6710,#6711);
#5312=AXIS2_PLACEMENT_3D('',#8367,#6712,#6713);
#5313=AXIS2_PLACEMENT_3D('',#8368,#6714,#6715);
#5314=AXIS2_PLACEMENT_3D('',#8369,#6716,#6717);
#5315=AXIS2_PLACEMENT_3D('',#8370,#6718,#6719);
#5316=AXIS2_PLACEMENT_3D('',#8371,#6720,#6721);
#5317=AXIS2_PLACEMENT_3D('',#8372,#6722,#6723);
#5318=AXIS2_PLACEMENT_3D('',#8373,#6724,#6725);
#5319=AXIS2_PLACEMENT_3D('',#8374,#6726,#6727);
#5320=AXIS2_PLACEMENT_3D('',#8375,#6728,#6729);
#5321=AXIS2_PLACEMENT_3D('',#8376,#6730,#6731);
#5322=AXIS2_PLACEMENT_3D('',#8377,#6732,#6733);
#5323=AXIS2_PLACEMENT_3D('',#8378,#6734,#6735);
#5324=AXIS2_PLACEMENT_3D('',#8379,#6736,#6737);
#5325=AXIS2_PLACEMENT_3D('',#8380,#6738,#6739);
#5326=AXIS2_PLACEMENT_3D('',#8381,#6740,#6741);
#5327=AXIS2_PLACEMENT_3D('',#8382,#6742,#6743);
#5328=AXIS2_PLACEMENT_3D('',#8383,#6744,#6745);
#5329=AXIS2_PLACEMENT_3D('',#8384,#6746,#6747);
#5330=AXIS2_PLACEMENT_3D('',#8385,#6748,#6749);
#5331=AXIS2_PLACEMENT_3D('',#8412,#6751,#6752);
#5332=AXIS2_PLACEMENT_3D('',#8418,#6753,#6754);
#5333=AXIS2_PLACEMENT_3D('',#8447,#6755,#6756);
#5334=AXIS2_PLACEMENT_3D('',#8460,#6757,#6758);
#5335=AXIS2_PLACEMENT_3D('',#8481,#6759,#6760);
#5336=AXIS2_PLACEMENT_3D('',#8497,#6761,#6762);
#5337=AXIS2_PLACEMENT_3D('',#8515,#6763,#6764);
#5338=AXIS2_PLACEMENT_3D('',#8528,#6765,#6766);
#5339=AXIS2_PLACEMENT_3D('',#8546,#6767,#6768);
#5340=AXIS2_PLACEMENT_3D('',#8562,#6769,#6770);
#5341=AXIS2_PLACEMENT_3D('',#8580,#6771,#6772);
#5342=AXIS2_PLACEMENT_3D('',#8593,#6773,#6774);
#5343=AXIS2_PLACEMENT_3D('',#8611,#6775,#6776);
#5344=AXIS2_PLACEMENT_3D('',#8624,#6777,#6778);
#5345=AXIS2_PLACEMENT_3D('',#8642,#6779,#6780);
#5346=AXIS2_PLACEMENT_3D('',#8658,#6781,#6782);
#5347=AXIS2_PLACEMENT_3D('',#8677,#6783,#6784);
#5348=AXIS2_PLACEMENT_3D('',#8690,#6785,#6786);
#5349=AXIS2_PLACEMENT_3D('',#8708,#6787,#6788);
#5350=AXIS2_PLACEMENT_3D('',#8721,#6789,#6790);
#5351=AXIS2_PLACEMENT_3D('',#8739,#6791,#6792);
#5352=AXIS2_PLACEMENT_3D('',#8752,#6793,#6794);
#5353=AXIS2_PLACEMENT_3D('',#8807,#6795,#6796);
#5354=AXIS2_PLACEMENT_3D('',#8824,#6797,#6798);
#5355=AXIS2_PLACEMENT_3D('',#8827,#6800,#6801);
#5356=AXIS2_PLACEMENT_3D('',#8828,#6802,#6803);
#5357=AXIS2_PLACEMENT_3D('',#8829,#6804,#6805);
#5358=AXIS2_PLACEMENT_3D('',#8848,#6807,#6808);
#5359=AXIS2_PLACEMENT_3D('',#8849,#6809,#6810);
#5360=AXIS2_PLACEMENT_3D('',#8850,#6811,#6812);
#5361=AXIS2_PLACEMENT_3D('',#8853,#6814,#6815);
#5362=AXIS2_PLACEMENT_3D('',#8854,#6816,#6817);
#5363=AXIS2_PLACEMENT_3D('',#8855,#6818,#6819);
#5364=AXIS2_PLACEMENT_3D('',#8858,#6821,#6822);
#5365=AXIS2_PLACEMENT_3D('',#8859,#6823,#6824);
#5366=AXIS2_PLACEMENT_3D('',#8860,#6825,#6826);
#5367=AXIS2_PLACEMENT_3D('',#8861,#6827,#6828);
#5368=AXIS2_PLACEMENT_3D('',#8862,#6829,#6830);
#5369=AXIS2_PLACEMENT_3D('',#8863,#6831,#6832);
#5370=AXIS2_PLACEMENT_3D('',#8866,#6834,#6835);
#5371=AXIS2_PLACEMENT_3D('',#8868,#6837,#6838);
#5372=AXIS2_PLACEMENT_3D('',#8869,#6839,#6840);
#5373=AXIS2_PLACEMENT_3D('',#8870,#6841,#6842);
#5374=AXIS2_PLACEMENT_3D('',#8871,#6843,#6844);
#5375=AXIS2_PLACEMENT_3D('',#8872,#6845,#6846);
#5376=AXIS2_PLACEMENT_3D('',#8873,#6847,#6848);
#5377=AXIS2_PLACEMENT_3D('',#8874,#6849,#6850);
#5378=AXIS2_PLACEMENT_3D('',#8876,#6851,#6852);
#5379=AXIS2_PLACEMENT_3D('',#8879,#6854,#6855);
#5380=AXIS2_PLACEMENT_3D('',#8880,#6856,#6857);
#5381=AXIS2_PLACEMENT_3D('',#8883,#6859,#6860);
#5382=AXIS2_PLACEMENT_3D('',#8884,#6861,#6862);
#5383=AXIS2_PLACEMENT_3D('',#8885,#6863,#6864);
#5384=AXIS2_PLACEMENT_3D('',#8886,#6865,#6866);
#5385=AXIS2_PLACEMENT_3D('',#8889,#6868,#6869);
#5386=AXIS2_PLACEMENT_3D('',#8890,#6870,#6871);
#5387=AXIS2_PLACEMENT_3D('',#8891,#6872,#6873);
#5388=AXIS2_PLACEMENT_3D('',#8894,#6875,#6876);
#5389=AXIS2_PLACEMENT_3D('',#8895,#6877,#6878);
#5390=AXIS2_PLACEMENT_3D('',#8896,#6879,#6880);
#5391=AXIS2_PLACEMENT_3D('',#8897,#6881,#6882);
#5392=AXIS2_PLACEMENT_3D('',#8898,#6883,#6884);
#5393=AXIS2_PLACEMENT_3D('',#8901,#6886,#6887);
#5394=AXIS2_PLACEMENT_3D('',#8902,#6888,#6889);
#5395=AXIS2_PLACEMENT_3D('',#8903,#6890,#6891);
#5396=AXIS2_PLACEMENT_3D('',#8906,#6893,#6894);
#5397=AXIS2_PLACEMENT_3D('',#8907,#6895,#6896);
#5398=AXIS2_PLACEMENT_3D('',#8908,#6897,#6898);
#5399=AXIS2_PLACEMENT_3D('',#8909,#6899,#6900);
#5400=AXIS2_PLACEMENT_3D('',#8910,#6901,#6902);
#5401=AXIS2_PLACEMENT_3D('',#8913,#6904,#6905);
#5402=AXIS2_PLACEMENT_3D('',#8914,#6906,#6907);
#5403=AXIS2_PLACEMENT_3D('',#8915,#6908,#6909);
#5404=AXIS2_PLACEMENT_3D('',#8918,#6911,#6912);
#5405=AXIS2_PLACEMENT_3D('',#8919,#6913,#6914);
#5406=AXIS2_PLACEMENT_3D('',#8920,#6915,#6916);
#5407=AXIS2_PLACEMENT_3D('',#8921,#6917,#6918);
#5408=AXIS2_PLACEMENT_3D('',#8922,#6919,#6920);
#5409=AXIS2_PLACEMENT_3D('',#8923,#6921,#6922);
#5410=AXIS2_PLACEMENT_3D('',#8926,#6924,#6925);
#5411=AXIS2_PLACEMENT_3D('',#8928,#6927,#6928);
#5412=AXIS2_PLACEMENT_3D('',#8929,#6929,#6930);
#5413=AXIS2_PLACEMENT_3D('',#8930,#6931,#6932);
#5414=AXIS2_PLACEMENT_3D('',#8931,#6933,#6934);
#5415=AXIS2_PLACEMENT_3D('',#8932,#6935,#6936);
#5416=DIRECTION('',(0.,0.,1.));
#5417=DIRECTION('',(1.,0.,0.));
#5418=DIRECTION('',(1.,-2.60208521396521E-16,0.));
#5419=DIRECTION('',(2.60208521396521E-16,1.,0.));
#5420=DIRECTION('',(2.60208521396521E-16,1.,0.));
#5421=DIRECTION('',(0.,0.,-1.));
#5422=DIRECTION('',(-2.60208521396521E-16,-1.,0.));
#5423=DIRECTION('',(0.,0.,1.));
#5424=DIRECTION('',(1.78035693119617E-16,0.684203930617308,0.729290738545215));
#5425=DIRECTION('',(-2.60208521396521E-16,-1.,0.));
#5426=DIRECTION('',(-1.78995426893917E-16,-0.6878922563076,-0.725812815891287));
#5427=DIRECTION('',(2.60208521396521E-16,1.,0.));
#5428=DIRECTION('',(0.,0.,-1.));
#5429=DIRECTION('',(-2.60208521396521E-16,-1.,0.));
#5430=DIRECTION('',(0.,0.,-1.));
#5431=DIRECTION('',(-2.60208521396521E-16,-1.,0.));
#5432=DIRECTION('',(0.,0.,1.));
#5433=DIRECTION('',(2.60208521396521E-16,1.,0.));
#5434=DIRECTION('',(0.,0.,-1.));
#5435=DIRECTION('',(-2.60208521396521E-16,-1.,0.));
#5436=DIRECTION('',(0.,0.,-1.));
#5437=DIRECTION('',(0.,0.,-1.));
#5438=DIRECTION('',(-2.60208521396521E-16,-1.,0.));
#5439=DIRECTION('',(0.,0.,-1.));
#5440=DIRECTION('',(-2.60208521396521E-16,-1.,0.));
#5441=DIRECTION('',(-1.,1.77732040314893E-16,0.));
#5442=DIRECTION('',(-1.77732040314893E-16,-1.,0.));
#5443=DIRECTION('',(0.,0.,1.));
#5444=DIRECTION('',(-1.77732040314893E-16,-1.,1.18488026876595E-16));
#5445=DIRECTION('',(0.,0.,-1.));
#5446=DIRECTION('',(-1.77732040314893E-16,-1.,-1.18488026876595E-16));
#5447=DIRECTION('',(-1.,1.77732040314893E-16,0.));
#5448=DIRECTION('',(-1.77732040314893E-16,-1.,0.));
#5449=DIRECTION('',(0.,0.,1.));
#5450=DIRECTION('',(-1.77732040314893E-16,-1.,1.18488026876595E-16));
#5451=DIRECTION('',(0.,0.,1.));
#5452=DIRECTION('',(-1.77732040314893E-16,-1.,-1.18488026876595E-16));
#5453=DIRECTION('',(0.,-1.,0.));
#5454=DIRECTION('',(0.,0.,-1.));
#5455=DIRECTION('',(0.866025403784439,0.,-0.5));
#5456=DIRECTION('',(0.866025403784438,0.,0.5));
#5457=DIRECTION('',(0.,0.,1.));
#5458=DIRECTION('',(-0.866025403784439,0.,0.5));
#5459=DIRECTION('',(-0.866025403784438,0.,-0.5));
#5460=DIRECTION('',(0.,0.,-1.));
#5461=DIRECTION('',(0.,0.,1.));
#5462=DIRECTION('',(0.832050294337844,0.,0.55470019622523));
#5463=DIRECTION('',(0.,-1.,0.));
#5464=DIRECTION('',(0.,0.,-1.));
#5465=DIRECTION('',(0.,0.,1.));
#5466=DIRECTION('',(1.,0.,0.));
#5467=DIRECTION('',(0.,0.,1.));
#5468=DIRECTION('',(0.,-1.,0.));
#5469=DIRECTION('',(0.,0.,-1.));
#5470=DIRECTION('',(-0.832050294337843,0.,0.55470019622523));
#5471=DIRECTION('',(0.,0.,1.));
#5472=DIRECTION('',(-0.832050294337843,0.,-0.55470019622523));
#5473=DIRECTION('',(0.,-1.,0.));
#5474=DIRECTION('',(0.,0.,-1.));
#5475=DIRECTION('',(0.,0.,-1.));
#5476=DIRECTION('',(1.,0.,0.));
#5477=DIRECTION('',(0.,0.,-1.));
#5478=DIRECTION('',(0.,-1.,0.));
#5479=DIRECTION('',(0.,0.,-1.));
#5480=DIRECTION('',(0.832050294337844,0.,-0.55470019622523));
#5481=DIRECTION('',(0.,0.,1.));
#5482=DIRECTION('',(1.,0.,0.));
#5483=DIRECTION('',(-1.,0.,0.));
#5484=DIRECTION('',(0.,0.,1.));
#5485=DIRECTION('',(1.,0.,0.));
#5486=DIRECTION('',(0.,0.,1.));
#5487=DIRECTION('',(1.,0.,0.));
#5488=DIRECTION('',(0.,0.,1.));
#5489=DIRECTION('',(1.,0.,0.));
#5490=DIRECTION('',(-1.,1.74869042299787E-16,0.));
#5491=DIRECTION('',(0.,0.,1.));
#5492=DIRECTION('',(1.,0.,0.));
#5493=DIRECTION('',(0.,1.,0.));
#5494=DIRECTION('',(0.,0.,1.));
#5495=DIRECTION('',(1.,0.,0.));
#5496=DIRECTION('',(0.,0.,1.));
#5497=DIRECTION('',(1.,0.,0.));
#5498=DIRECTION('',(0.,0.,1.));
#5499=DIRECTION('',(1.,0.,0.));
#5500=DIRECTION('',(0.,1.,0.));
#5501=DIRECTION('',(0.,0.,1.));
#5502=DIRECTION('',(1.,0.,0.));
#5503=DIRECTION('',(1.,0.,0.));
#5504=DIRECTION('',(0.,0.,1.));
#5505=DIRECTION('',(1.,0.,0.));
#5506=DIRECTION('',(0.,0.,1.));
#5507=DIRECTION('',(1.,0.,0.));
#5508=DIRECTION('',(0.,0.,1.));
#5509=DIRECTION('',(1.,0.,0.));
#5510=DIRECTION('',(1.,0.,0.));
#5511=DIRECTION('',(0.,0.,1.));
#5512=DIRECTION('',(1.,0.,0.));
#5513=DIRECTION('',(-1.74869042299787E-16,-1.,0.));
#5514=DIRECTION('',(0.,0.,1.));
#5515=DIRECTION('',(1.,0.,0.));
#5516=DIRECTION('',(0.,0.,1.));
#5517=DIRECTION('',(1.,0.,0.));
#5518=DIRECTION('',(0.,0.,1.));
#5519=DIRECTION('',(1.,0.,0.));
#5520=DIRECTION('',(-1.70566321672564E-16,-1.,0.));
#5521=DIRECTION('',(0.,0.,1.));
#5522=DIRECTION('',(1.,0.,0.));
#5523=DIRECTION('',(1.,0.,0.));
#5524=DIRECTION('',(0.,0.,1.));
#5525=DIRECTION('',(1.,0.,0.));
#5526=DIRECTION('',(-2.60208521396521E-16,-1.,0.));
#5527=DIRECTION('',(0.,0.,1.));
#5528=DIRECTION('',(1.,0.,0.));
#5529=DIRECTION('',(1.,-8.67361737988404E-17,0.));
#5530=DIRECTION('',(0.,0.,1.));
#5531=DIRECTION('',(1.,0.,0.));
#5532=DIRECTION('',(-2.60208521396521E-16,-1.,0.));
#5533=DIRECTION('',(0.,0.,1.));
#5534=DIRECTION('',(1.,0.,0.));
#5535=DIRECTION('',(0.,0.,1.));
#5536=DIRECTION('',(1.,0.,0.));
#5537=DIRECTION('',(0.,0.,1.));
#5538=DIRECTION('',(1.,0.,0.));
#5539=DIRECTION('',(0.,0.,1.));
#5540=DIRECTION('',(1.,0.,0.));
#5541=DIRECTION('',(0.,0.,-1.));
#5542=DIRECTION('',(-1.,0.,0.));
#5543=DIRECTION('',(0.,0.,1.));
#5544=DIRECTION('',(1.,0.,0.));
#5545=DIRECTION('',(0.,0.,1.));
#5546=DIRECTION('',(1.,0.,0.));
#5547=DIRECTION('',(0.,0.,1.));
#5548=DIRECTION('',(1.,0.,0.));
#5549=DIRECTION('',(0.,0.,1.));
#5550=DIRECTION('',(1.,0.,0.));
#5551=DIRECTION('',(0.,0.,1.));
#5552=DIRECTION('',(1.,0.,0.));
#5553=DIRECTION('',(1.,-8.67361737988404E-17,0.));
#5554=DIRECTION('',(0.,0.,1.));
#5555=DIRECTION('',(1.,0.,0.));
#5556=DIRECTION('',(-2.60208521396521E-16,-1.,0.));
#5557=DIRECTION('',(0.,0.,1.));
#5558=DIRECTION('',(1.,0.,0.));
#5559=DIRECTION('',(1.,0.,0.));
#5560=DIRECTION('',(0.,0.,1.));
#5561=DIRECTION('',(1.,0.,0.));
#5562=DIRECTION('',(-2.60208521396521E-16,-1.,0.));
#5563=DIRECTION('',(0.,0.,1.));
#5564=DIRECTION('',(1.,0.,0.));
#5565=DIRECTION('',(0.,0.,1.));
#5566=DIRECTION('',(1.,0.,0.));
#5567=DIRECTION('',(0.,-1.,0.));
#5568=DIRECTION('',(0.,0.,1.));
#5569=DIRECTION('',(1.,0.,0.));
#5570=DIRECTION('',(0.707106781186548,0.707106781186548,0.));
#5571=DIRECTION('',(0.,0.,1.));
#5572=DIRECTION('',(1.,0.,0.));
#5573=DIRECTION('',(0.707106781186548,-0.707106781186548,0.));
#5574=DIRECTION('',(0.,0.,1.));
#5575=DIRECTION('',(1.,0.,0.));
#5576=DIRECTION('',(0.,-1.,0.));
#5577=DIRECTION('',(0.,0.,1.));
#5578=DIRECTION('',(1.,0.,0.));
#5579=DIRECTION('',(1.,0.,0.));
#5580=DIRECTION('',(-1.,0.,0.));
#5581=DIRECTION('',(0.,0.,1.));
#5582=DIRECTION('',(1.,0.,0.));
#5583=DIRECTION('',(0.,1.,0.));
#5584=DIRECTION('',(0.,0.,1.));
#5585=DIRECTION('',(1.,0.,0.));
#5586=DIRECTION('',(1.,0.,0.));
#5587=DIRECTION('',(0.,0.,1.));
#5588=DIRECTION('',(1.,0.,0.));
#5589=DIRECTION('',(0.,-1.,0.));
#5590=DIRECTION('',(0.,0.,1.));
#5591=DIRECTION('',(1.,0.,0.));
#5592=DIRECTION('',(1.,0.,0.));
#5593=DIRECTION('',(0.,0.,1.));
#5594=DIRECTION('',(1.,0.,0.));
#5595=DIRECTION('',(0.,-1.,0.));
#5596=DIRECTION('',(0.,0.,1.));
#5597=DIRECTION('',(1.,0.,0.));
#5598=DIRECTION('',(-1.,0.,0.));
#5599=DIRECTION('',(0.,0.,1.));
#5600=DIRECTION('',(1.,0.,0.));
#5601=DIRECTION('',(0.,1.,0.));
#5602=DIRECTION('',(0.,0.,1.));
#5603=DIRECTION('',(1.,0.,0.));
#5604=DIRECTION('',(-1.,0.,0.));
#5605=DIRECTION('',(0.,0.,1.));
#5606=DIRECTION('',(1.,0.,0.));
#5607=DIRECTION('',(0.,1.,0.));
#5608=DIRECTION('',(0.,0.,1.));
#5609=DIRECTION('',(1.,0.,0.));
#5610=DIRECTION('',(1.,0.,0.));
#5611=DIRECTION('',(0.,0.,1.));
#5612=DIRECTION('',(1.,0.,0.));
#5613=DIRECTION('',(0.,-1.,0.));
#5614=DIRECTION('',(0.,0.,1.));
#5615=DIRECTION('',(1.,0.,0.));
#5616=DIRECTION('',(0.,1.,0.));
#5617=DIRECTION('',(0.,0.,1.));
#5618=DIRECTION('',(1.,0.,0.));
#5619=DIRECTION('',(1.,0.,0.));
#5620=DIRECTION('',(0.,0.,1.));
#5621=DIRECTION('',(1.,0.,0.));
#5622=DIRECTION('',(0.,-1.,0.));
#5623=DIRECTION('',(0.,0.,1.));
#5624=DIRECTION('',(1.,0.,0.));
#5625=DIRECTION('',(-1.,0.,0.));
#5626=DIRECTION('',(0.,0.,1.));
#5627=DIRECTION('',(1.,0.,0.));
#5628=DIRECTION('',(0.,0.,-1.));
#5629=DIRECTION('',(-1.,0.,0.));
#5630=DIRECTION('',(0.,0.,1.));
#5631=DIRECTION('',(1.,0.,0.));
#5632=DIRECTION('',(0.,0.,-1.));
#5633=DIRECTION('',(0.,0.,1.));
#5634=DIRECTION('',(1.,0.,0.));
#5635=DIRECTION('',(8.67361737988404E-17,1.,0.));
#5636=DIRECTION('',(-1.,8.67361737988404E-17,0.));
#5637=DIRECTION('',(1.,-8.67361737988404E-17,0.));
#5638=DIRECTION('',(0.,0.,-1.));
#5639=DIRECTION('',(1.,-8.67361737988404E-17,0.));
#5640=DIRECTION('',(0.,0.,-1.));
#5641=DIRECTION('',(-1.,0.,0.));
#5642=DIRECTION('',(0.,0.,1.));
#5643=DIRECTION('',(1.,0.,0.));
#5644=DIRECTION('',(0.,0.,-1.));
#5645=DIRECTION('',(0.,0.,1.));
#5646=DIRECTION('',(1.,0.,0.));
#5647=DIRECTION('',(1.,-2.60208521396521E-16,0.));
#5648=DIRECTION('',(2.60208521396521E-16,1.,0.));
#5649=DIRECTION('',(-2.60208521396521E-16,-1.,0.));
#5650=DIRECTION('',(0.,0.,-1.));
#5651=DIRECTION('',(-2.60208521396521E-16,-1.,0.));
#5652=DIRECTION('',(0.,0.,-1.));
#5653=DIRECTION('',(-1.,0.,0.));
#5654=DIRECTION('',(0.,0.,1.));
#5655=DIRECTION('',(1.,0.,0.));
#5656=DIRECTION('',(0.,0.,-1.));
#5657=DIRECTION('',(0.,0.,1.));
#5658=DIRECTION('',(1.,0.,0.));
#5659=DIRECTION('',(0.,1.,0.));
#5660=DIRECTION('',(0.,0.,1.));
#5661=DIRECTION('',(0.,1.,0.));
#5662=DIRECTION('',(0.,0.,1.));
#5663=DIRECTION('',(1.,0.,0.));
#5664=DIRECTION('',(0.,0.,-1.));
#5665=DIRECTION('',(1.,0.,0.));
#5666=DIRECTION('',(0.,0.,-1.));
#5667=DIRECTION('',(-1.,0.,0.));
#5668=DIRECTION('',(0.,0.,1.));
#5669=DIRECTION('',(1.,0.,0.));
#5670=DIRECTION('',(0.,0.,1.));
#5671=DIRECTION('',(1.,0.,0.));
#5672=DIRECTION('',(0.,0.,-1.));
#5673=DIRECTION('',(-1.,0.,0.));
#5674=DIRECTION('',(0.,0.,1.));
#5675=DIRECTION('',(1.,0.,0.));
#5676=DIRECTION('',(0.,0.,1.));
#5677=DIRECTION('',(1.,0.,0.));
#5678=DIRECTION('',(0.,0.,-1.));
#5679=DIRECTION('',(-1.,0.,0.));
#5680=DIRECTION('',(0.,0.,1.));
#5681=DIRECTION('',(1.,0.,0.));
#5682=DIRECTION('',(0.,0.,1.));
#5683=DIRECTION('',(1.,0.,0.));
#5684=DIRECTION('',(0.,0.,1.));
#5685=DIRECTION('',(1.,0.,0.));
#5686=DIRECTION('',(0.,0.,1.));
#5687=DIRECTION('',(0.,0.,1.));
#5688=DIRECTION('',(1.,0.,0.));
#5689=DIRECTION('',(0.,0.,1.));
#5690=DIRECTION('',(0.,0.,1.));
#5691=DIRECTION('',(1.,0.,0.));
#5692=DIRECTION('',(0.,0.,1.));
#5693=DIRECTION('',(0.569209978830309,0.,-0.822192191643778));
#5694=DIRECTION('',(0.822192191643778,0.,0.569209978830309));
#5695=DIRECTION('',(0.,0.,1.));
#5696=DIRECTION('',(-0.56920997883031,0.,-0.822192191643778));
#5697=DIRECTION('',(-0.822192191643778,0.,0.56920997883031));
#5698=DIRECTION('',(-0.707106781186548,-0.707106781186548,0.));
#5699=DIRECTION('',(0.707106781186548,-0.707106781186548,0.));
#5700=DIRECTION('',(0.707106781186548,-0.707106781186548,0.));
#5701=DIRECTION('',(0.,0.,1.));
#5702=DIRECTION('',(0.707106781186548,-0.707106781186548,0.));
#5703=DIRECTION('',(0.707106781186548,-0.707106781186548,0.));
#5704=DIRECTION('',(0.707106781186548,0.707106781186548,0.));
#5705=DIRECTION('',(0.,0.,1.));
#5706=DIRECTION('',(0.707106781186548,0.707106781186548,0.));
#5707=DIRECTION('',(0.,0.,1.));
#5708=DIRECTION('',(0.707106781186548,0.707106781186548,0.));
#5709=DIRECTION('',(0.,0.,1.));
#5710=DIRECTION('',(1.,0.,0.));
#5711=DIRECTION('',(0.,0.,1.));
#5712=DIRECTION('',(1.,0.,0.));
#5713=DIRECTION('',(0.,0.,1.));
#5714=DIRECTION('',(-0.569209978830309,0.,0.822192191643779));
#5715=DIRECTION('',(0.822192191643778,0.,0.569209978830309));
#5716=DIRECTION('',(0.,0.,1.));
#5717=DIRECTION('',(0.569209978830309,0.,0.822192191643779));
#5718=DIRECTION('',(-0.822192191643778,0.,0.569209978830309));
#5719=DIRECTION('',(0.,0.,1.));
#5720=DIRECTION('',(0.,0.,1.));
#5721=DIRECTION('',(1.,0.,0.));
#5722=DIRECTION('',(0.,0.,1.));
#5723=DIRECTION('',(1.,0.,0.));
#5724=DIRECTION('',(0.,0.,1.));
#5725=DIRECTION('',(1.,0.,0.));
#5726=DIRECTION('',(0.,-1.,0.));
#5727=DIRECTION('',(0.,0.,1.));
#5728=DIRECTION('',(1.,0.,0.));
#5729=DIRECTION('',(0.,-1.,0.));
#5730=DIRECTION('',(1.,0.,0.));
#5731=DIRECTION('',(0.,0.,-1.));
#5732=DIRECTION('',(-1.,0.,0.));
#5733=DIRECTION('',(0.,0.,-1.));
#5734=DIRECTION('',(0.,0.,1.));
#5735=DIRECTION('',(1.,0.,0.));
#5736=DIRECTION('',(0.,0.,-1.));
#5737=DIRECTION('',(0.,0.,-1.));
#5738=DIRECTION('',(-1.,0.,0.));
#5739=DIRECTION('',(0.,0.,-1.));
#5740=DIRECTION('',(-1.,0.,0.));
#5741=DIRECTION('',(0.,0.,1.));
#5742=DIRECTION('',(1.,0.,0.));
#5743=DIRECTION('',(0.,0.,-1.));
#5744=DIRECTION('',(0.,0.,-1.));
#5745=DIRECTION('',(-1.,0.,0.));
#5746=DIRECTION('',(0.,1.,0.));
#5747=DIRECTION('',(0.,0.,1.));
#5748=DIRECTION('',(1.,0.,0.));
#5749=DIRECTION('',(0.,0.,-1.));
#5750=DIRECTION('',(1.,0.,0.));
#5751=DIRECTION('',(0.,0.,-1.));
#5752=DIRECTION('',(-1.,0.,0.));
#5753=DIRECTION('',(0.,0.,1.));
#5754=DIRECTION('',(1.,0.,0.));
#5755=DIRECTION('',(0.,0.,-1.));
#5756=DIRECTION('',(0.,0.,-1.));
#5757=DIRECTION('',(-1.,0.,0.));
#5758=DIRECTION('',(1.,-1.70566321672564E-16,0.));
#5759=DIRECTION('',(1.70566321672564E-16,1.,0.));
#5760=DIRECTION('',(-1.70566321672564E-16,-1.,0.));
#5761=DIRECTION('',(0.,0.,-1.));
#5762=DIRECTION('',(-1.70566321672564E-16,-1.,0.));
#5763=DIRECTION('',(0.,0.,-1.));
#5764=DIRECTION('',(-1.,0.,0.));
#5765=DIRECTION('',(0.,0.,1.));
#5766=DIRECTION('',(1.,0.,0.));
#5767=DIRECTION('',(0.,0.,-1.));
#5768=DIRECTION('',(0.,0.,-1.));
#5769=DIRECTION('',(-1.,0.,0.));
#5770=DIRECTION('',(0.,0.,-1.));
#5771=DIRECTION('',(-1.,0.,0.));
#5772=DIRECTION('',(0.,0.,1.));
#5773=DIRECTION('',(1.,0.,0.));
#5774=DIRECTION('',(0.,0.,-1.));
#5775=DIRECTION('',(0.,0.,-1.));
#5776=DIRECTION('',(-1.,0.,0.));
#5777=DIRECTION('',(0.,0.,-1.));
#5778=DIRECTION('',(-1.,0.,0.));
#5779=DIRECTION('',(0.,0.,1.));
#5780=DIRECTION('',(1.,0.,0.));
#5781=DIRECTION('',(0.,0.,-1.));
#5782=DIRECTION('',(0.,0.,-1.));
#5783=DIRECTION('',(-1.,0.,0.));
#5784=DIRECTION('',(1.,-1.74869042299787E-16,0.));
#5785=DIRECTION('',(1.74869042299787E-16,1.,0.));
#5786=DIRECTION('',(-1.74869042299787E-16,-1.,0.));
#5787=DIRECTION('',(0.,0.,-1.));
#5788=DIRECTION('',(-1.74869042299787E-16,-1.,0.));
#5789=DIRECTION('',(0.,0.,-1.));
#5790=DIRECTION('',(-1.,0.,0.));
#5791=DIRECTION('',(0.,0.,1.));
#5792=DIRECTION('',(1.,0.,0.));
#5793=DIRECTION('',(0.,0.,-1.));
#5794=DIRECTION('',(0.,0.,-1.));
#5795=DIRECTION('',(-1.,0.,0.));
#5796=DIRECTION('',(0.,1.,0.));
#5797=DIRECTION('',(0.,0.,1.));
#5798=DIRECTION('',(1.,0.,0.));
#5799=DIRECTION('',(0.,0.,-1.));
#5800=DIRECTION('',(1.,0.,0.));
#5801=DIRECTION('',(0.,0.,-1.));
#5802=DIRECTION('',(-1.,0.,0.));
#5803=DIRECTION('',(0.,0.,1.));
#5804=DIRECTION('',(1.,0.,0.));
#5805=DIRECTION('',(0.,0.,-1.));
#5806=DIRECTION('',(-1.,0.,0.));
#5807=DIRECTION('',(0.,0.,-1.));
#5808=DIRECTION('',(1.,0.,0.));
#5809=DIRECTION('',(0.,0.,-1.));
#5810=DIRECTION('',(-1.,0.,0.));
#5811=DIRECTION('',(0.,0.,-1.));
#5812=DIRECTION('',(0.,0.,1.));
#5813=DIRECTION('',(1.,0.,0.));
#5814=DIRECTION('',(0.,0.,-1.));
#5815=DIRECTION('',(0.,0.,-1.));
#5816=DIRECTION('',(-1.,0.,0.));
#5817=DIRECTION('',(0.,0.,-1.));
#5818=DIRECTION('',(-1.,0.,0.));
#5819=DIRECTION('',(0.,0.,1.));
#5820=DIRECTION('',(1.,0.,0.));
#5821=DIRECTION('',(0.,0.,-1.));
#5822=DIRECTION('',(0.,0.,-1.));
#5823=DIRECTION('',(-1.,0.,0.));
#5824=DIRECTION('',(-1.,0.,0.));
#5825=DIRECTION('',(0.,0.,1.));
#5826=DIRECTION('',(0.,1.,0.));
#5827=DIRECTION('',(0.,0.,-1.));
#5828=DIRECTION('',(0.,1.,0.));
#5829=DIRECTION('',(0.,0.,-1.));
#5830=DIRECTION('',(-1.,0.,0.));
#5831=DIRECTION('',(0.,0.,1.));
#5832=DIRECTION('',(1.,0.,0.));
#5833=DIRECTION('',(0.,0.,-1.));
#5834=DIRECTION('',(0.,0.,-1.));
#5835=DIRECTION('',(-1.,0.,0.));
#5836=DIRECTION('',(-1.74869042299787E-16,-1.,0.));
#5837=DIRECTION('',(1.,-1.74869042299787E-16,0.));
#5838=DIRECTION('',(-1.,1.74869042299787E-16,0.));
#5839=DIRECTION('',(0.,0.,-1.));
#5840=DIRECTION('',(-1.,1.74869042299787E-16,0.));
#5841=DIRECTION('',(0.,0.,-1.));
#5842=DIRECTION('',(-1.,0.,0.));
#5843=DIRECTION('',(0.,0.,1.));
#5844=DIRECTION('',(1.,0.,0.));
#5845=DIRECTION('',(0.,0.,-1.));
#5846=DIRECTION('',(0.,0.,-1.));
#5847=DIRECTION('',(-1.,0.,0.));
#5848=DIRECTION('',(0.,0.,-1.));
#5849=DIRECTION('',(-1.,0.,0.));
#5850=DIRECTION('',(0.,0.,1.));
#5851=DIRECTION('',(1.,0.,0.));
#5852=DIRECTION('',(0.,0.,-1.));
#5853=DIRECTION('',(0.,0.,-1.));
#5854=DIRECTION('',(-1.,0.,0.));
#5855=DIRECTION('',(0.,0.,-1.));
#5856=DIRECTION('',(-1.,0.,0.));
#5857=DIRECTION('',(0.,0.,1.));
#5858=DIRECTION('',(1.,0.,0.));
#5859=DIRECTION('',(0.,0.,-1.));
#5860=DIRECTION('',(0.,0.,-1.));
#5861=DIRECTION('',(-1.,0.,0.));
#5862=DIRECTION('',(0.,-1.,0.));
#5863=DIRECTION('',(0.,0.,-1.));
#5864=DIRECTION('',(-1.,0.,0.));
#5865=DIRECTION('',(0.,0.,-1.));
#5866=DIRECTION('',(-1.,0.,0.));
#5867=DIRECTION('',(0.,0.,-1.));
#5868=DIRECTION('',(-1.,0.,0.));
#5869=DIRECTION('',(0.,0.,1.));
#5870=DIRECTION('',(1.,0.,0.));
#5871=DIRECTION('',(0.,0.,-1.));
#5872=DIRECTION('',(0.,0.,1.));
#5873=DIRECTION('',(-1.,0.,0.));
#5874=DIRECTION('',(-1.,0.,0.));
#5875=DIRECTION('',(0.,0.,1.));
#5876=DIRECTION('',(0.,1.,0.));
#5877=DIRECTION('',(0.,0.,-1.));
#5878=DIRECTION('',(0.,1.,0.));
#5879=DIRECTION('',(0.,0.,-1.));
#5880=DIRECTION('',(-1.,0.,0.));
#5881=DIRECTION('',(0.,0.,1.));
#5882=DIRECTION('',(1.,0.,0.));
#5883=DIRECTION('',(0.,0.,-1.));
#5884=DIRECTION('',(-1.,0.,0.));
#5885=DIRECTION('',(0.,0.,-1.));
#5886=DIRECTION('',(1.,0.,0.));
#5887=DIRECTION('',(-1.,0.,0.));
#5888=DIRECTION('',(0.,0.,1.));
#5889=DIRECTION('',(0.,0.,-1.));
#5890=DIRECTION('',(0.,1.,0.));
#5891=DIRECTION('',(0.,0.,-1.));
#5892=DIRECTION('',(0.,-1.,0.));
#5893=DIRECTION('',(0.,0.,-1.));
#5894=DIRECTION('',(0.,0.,-1.));
#5895=DIRECTION('',(-1.,0.,0.));
#5896=DIRECTION('',(0.,0.,-1.));
#5897=DIRECTION('',(1.,0.,0.));
#5898=DIRECTION('',(0.,0.,-1.));
#5899=DIRECTION('',(0.,0.,-1.));
#5900=DIRECTION('',(0.,-1.,0.));
#5901=DIRECTION('',(0.,0.,-1.));
#5902=DIRECTION('',(0.,1.,0.));
#5903=DIRECTION('',(0.,0.,1.));
#5904=DIRECTION('',(0.,0.,-1.));
#5905=DIRECTION('',(1.,0.,0.));
#5906=DIRECTION('',(0.,0.,-1.));
#5907=DIRECTION('',(0.,0.,1.));
#5908=DIRECTION('',(1.,0.,0.));
#5909=DIRECTION('',(0.,0.,1.));
#5910=DIRECTION('',(1.,0.,0.));
#5911=DIRECTION('',(0.,1.,0.));
#5912=DIRECTION('',(0.,0.,1.));
#5913=DIRECTION('',(1.,0.,0.));
#5914=DIRECTION('',(-1.,0.,0.));
#5915=DIRECTION('',(0.,0.,1.));
#5916=DIRECTION('',(1.,0.,0.));
#5917=DIRECTION('',(0.,-1.,0.));
#5918=DIRECTION('',(0.,0.,1.));
#5919=DIRECTION('',(1.,0.,0.));
#5920=DIRECTION('',(1.,0.,0.));
#5921=DIRECTION('',(0.,-1.,0.));
#5922=DIRECTION('',(0.,0.,-1.));
#5923=DIRECTION('',(0.,0.,-1.));
#5924=DIRECTION('',(-1.,0.,0.));
#5925=DIRECTION('',(0.,0.,-1.));
#5926=DIRECTION('',(1.,0.,0.));
#5927=DIRECTION('',(0.,0.,-1.));
#5928=DIRECTION('',(0.,0.,-1.));
#5929=DIRECTION('',(0.,-1.,0.));
#5930=DIRECTION('',(0.,0.,-1.));
#5931=DIRECTION('',(0.,1.,0.));
#5932=DIRECTION('',(0.,0.,1.));
#5933=DIRECTION('',(0.,0.,-1.));
#5934=DIRECTION('',(1.,0.,0.));
#5935=DIRECTION('',(0.,0.,-1.));
#5936=DIRECTION('',(-1.,0.,0.));
#5937=DIRECTION('',(0.,0.,1.));
#5938=DIRECTION('',(0.,0.,-1.));
#5939=DIRECTION('',(0.,1.,0.));
#5940=DIRECTION('',(0.,0.,-1.));
#5941=DIRECTION('',(0.,0.,1.));
#5942=DIRECTION('',(1.,0.,0.));
#5943=DIRECTION('',(0.,0.,1.));
#5944=DIRECTION('',(1.,0.,0.));
#5945=DIRECTION('',(-1.,0.,0.));
#5946=DIRECTION('',(0.,0.,1.));
#5947=DIRECTION('',(1.,0.,0.));
#5948=DIRECTION('',(0.,-1.,0.));
#5949=DIRECTION('',(0.,0.,1.));
#5950=DIRECTION('',(1.,0.,0.));
#5951=DIRECTION('',(1.,0.,0.));
#5952=DIRECTION('',(0.,0.,1.));
#5953=DIRECTION('',(1.,0.,0.));
#5954=DIRECTION('',(0.,1.,0.));
#5955=DIRECTION('',(0.,1.,0.));
#5956=DIRECTION('',(0.,0.,1.));
#5957=DIRECTION('',(0.,0.,-1.));
#5958=DIRECTION('',(1.,0.,0.));
#5959=DIRECTION('',(0.,0.,-1.));
#5960=DIRECTION('',(-1.,0.,0.));
#5961=DIRECTION('',(0.,0.,1.));
#5962=DIRECTION('',(0.,0.,-1.));
#5963=DIRECTION('',(0.,1.,0.));
#5964=DIRECTION('',(0.,0.,-1.));
#5965=DIRECTION('',(0.,-1.,0.));
#5966=DIRECTION('',(0.,0.,-1.));
#5967=DIRECTION('',(0.,0.,-1.));
#5968=DIRECTION('',(-1.,0.,0.));
#5969=DIRECTION('',(0.,0.,-1.));
#5970=DIRECTION('',(1.,0.,0.));
#5971=DIRECTION('',(0.,0.,-1.));
#5972=DIRECTION('',(0.,0.,-1.));
#5973=DIRECTION('',(0.,-1.,0.));
#5974=DIRECTION('',(0.,0.,-1.));
#5975=DIRECTION('',(0.,0.,1.));
#5976=DIRECTION('',(1.,0.,0.));
#5977=DIRECTION('',(0.,0.,1.));
#5978=DIRECTION('',(1.,0.,0.));
#5979=DIRECTION('',(1.,0.,0.));
#5980=DIRECTION('',(0.,0.,1.));
#5981=DIRECTION('',(1.,0.,0.));
#5982=DIRECTION('',(0.,1.,0.));
#5983=DIRECTION('',(0.,0.,1.));
#5984=DIRECTION('',(1.,0.,0.));
#5985=DIRECTION('',(-1.,0.,0.));
#5986=DIRECTION('',(0.,0.,1.));
#5987=DIRECTION('',(1.,0.,0.));
#5988=DIRECTION('',(0.,-1.,0.));
#5989=DIRECTION('',(0.,-1.,0.));
#5990=DIRECTION('',(0.,0.,-1.));
#5991=DIRECTION('',(0.,0.,-1.));
#5992=DIRECTION('',(-1.,0.,0.));
#5993=DIRECTION('',(0.,0.,-1.));
#5994=DIRECTION('',(1.,0.,0.));
#5995=DIRECTION('',(0.,0.,-1.));
#5996=DIRECTION('',(0.,0.,-1.));
#5997=DIRECTION('',(0.,-1.,0.));
#5998=DIRECTION('',(0.,0.,-1.));
#5999=DIRECTION('',(0.,1.,0.));
#6000=DIRECTION('',(0.,0.,1.));
#6001=DIRECTION('',(0.,0.,-1.));
#6002=DIRECTION('',(1.,0.,0.));
#6003=DIRECTION('',(0.,0.,-1.));
#6004=DIRECTION('',(-1.,0.,0.));
#6005=DIRECTION('',(0.,0.,1.));
#6006=DIRECTION('',(0.,0.,-1.));
#6007=DIRECTION('',(0.,1.,0.));
#6008=DIRECTION('',(0.,0.,-1.));
#6009=DIRECTION('',(0.,0.,1.));
#6010=DIRECTION('',(1.,0.,0.));
#6011=DIRECTION('',(0.,0.,1.));
#6012=DIRECTION('',(1.,0.,0.));
#6013=DIRECTION('',(-1.,0.,0.));
#6014=DIRECTION('',(0.,0.,1.));
#6015=DIRECTION('',(1.,0.,0.));
#6016=DIRECTION('',(0.,-1.,0.));
#6017=DIRECTION('',(0.,0.,1.));
#6018=DIRECTION('',(1.,0.,0.));
#6019=DIRECTION('',(1.,0.,0.));
#6020=DIRECTION('',(0.,0.,1.));
#6021=DIRECTION('',(1.,0.,0.));
#6022=DIRECTION('',(0.,1.,0.));
#6023=DIRECTION('',(-0.5,0.,-0.866025403784439));
#6024=DIRECTION('',(-0.866025403784439,0.,0.5));
#6025=DIRECTION('',(0.,1.,0.));
#6026=DIRECTION('',(-0.866025403784439,0.,0.5));
#6027=DIRECTION('',(0.,1.,0.));
#6028=DIRECTION('',(-0.866025403784439,0.,0.5));
#6029=DIRECTION('',(-1.,0.,0.));
#6030=DIRECTION('',(0.,0.,1.));
#6031=DIRECTION('',(0.,0.,1.));
#6032=DIRECTION('',(0.,1.,0.));
#6033=DIRECTION('',(0.,0.,1.));
#6034=DIRECTION('',(-0.5,0.,0.866025403784438));
#6035=DIRECTION('',(0.866025403784438,0.,0.5));
#6036=DIRECTION('',(0.866025403784438,0.,0.5));
#6037=DIRECTION('',(0.,1.,0.));
#6038=DIRECTION('',(0.866025403784438,0.,0.5));
#6039=DIRECTION('',(0.5,0.,0.866025403784439));
#6040=DIRECTION('',(0.866025403784439,0.,-0.5));
#6041=DIRECTION('',(0.866025403784439,0.,-0.5));
#6042=DIRECTION('',(0.,1.,0.));
#6043=DIRECTION('',(0.866025403784439,0.,-0.5));
#6044=DIRECTION('',(1.,0.,0.));
#6045=DIRECTION('',(0.,0.,-1.));
#6046=DIRECTION('',(0.,0.,-1.));
#6047=DIRECTION('',(0.,1.,0.));
#6048=DIRECTION('',(0.,0.,-1.));
#6049=DIRECTION('',(0.5,0.,-0.866025403784438));
#6050=DIRECTION('',(-0.866025403784438,0.,-0.5));
#6051=DIRECTION('',(-0.866025403784438,0.,-0.5));
#6052=DIRECTION('',(-0.866025403784438,0.,-0.5));
#6053=DIRECTION('',(0.,1.,0.));
#6054=DIRECTION('',(-1.,0.,0.));
#6055=DIRECTION('',(0.,1.,0.));
#6056=DIRECTION('',(0.,0.,1.));
#6057=DIRECTION('',(0.,1.,0.));
#6058=DIRECTION('',(0.,0.,1.));
#6059=DIRECTION('',(0.,1.,0.));
#6060=DIRECTION('',(0.,0.,1.));
#6061=DIRECTION('',(0.,1.,0.));
#6062=DIRECTION('',(0.,0.,1.));
#6063=DIRECTION('',(-1.,0.,0.));
#6064=DIRECTION('',(0.,0.,1.));
#6065=DIRECTION('',(0.,0.,-1.));
#6066=DIRECTION('',(0.,-1.,0.));
#6067=DIRECTION('',(0.,-1.,0.));
#6068=DIRECTION('',(-0.55470019622523,0.,-0.832050294337844));
#6069=DIRECTION('',(-0.832050294337844,0.,0.55470019622523));
#6070=DIRECTION('',(0.832050294337844,0.,-0.55470019622523));
#6071=DIRECTION('',(0.,-1.,0.));
#6072=DIRECTION('',(-0.55470019622523,0.,-0.832050294337844));
#6073=DIRECTION('',(-0.832050294337844,0.,0.55470019622523));
#6074=DIRECTION('',(-1.77732040314893E-16,-1.,1.18488026876595E-16));
#6075=DIRECTION('',(-0.55470019622523,0.,0.832050294337843));
#6076=DIRECTION('',(0.832050294337843,0.,0.55470019622523));
#6077=DIRECTION('',(-0.832050294337843,0.,-0.55470019622523));
#6078=DIRECTION('',(-1.77732040314893E-16,-1.,-1.18488026876595E-16));
#6079=DIRECTION('',(-0.55470019622523,0.,0.832050294337843));
#6080=DIRECTION('',(0.832050294337843,0.,0.55470019622523));
#6081=DIRECTION('',(0.,-1.,0.));
#6082=DIRECTION('',(-1.,0.,0.));
#6083=DIRECTION('',(0.,0.,1.));
#6084=DIRECTION('',(0.,-1.,0.));
#6085=DIRECTION('',(0.,-1.,0.));
#6086=DIRECTION('',(0.,0.,-1.));
#6087=DIRECTION('',(1.,0.,0.));
#6088=DIRECTION('',(0.,0.,-1.));
#6089=DIRECTION('',(0.,0.,-1.));
#6090=DIRECTION('',(0.,-1.,0.));
#6091=DIRECTION('',(0.,0.,1.));
#6092=DIRECTION('',(0.,-1.,0.));
#6093=DIRECTION('',(0.55470019622523,0.,-0.832050294337844));
#6094=DIRECTION('',(-0.832050294337844,0.,-0.55470019622523));
#6095=DIRECTION('',(0.832050294337844,0.,0.55470019622523));
#6096=DIRECTION('',(-1.77732040314893E-16,-1.,-1.18488026876595E-16));
#6097=DIRECTION('',(0.55470019622523,0.,-0.832050294337844));
#6098=DIRECTION('',(0.832050294337844,0.,0.55470019622523));
#6099=DIRECTION('',(0.,-1.,0.));
#6100=DIRECTION('',(1.,0.,0.));
#6101=DIRECTION('',(0.,0.,-1.));
#6102=DIRECTION('',(0.,0.,1.));
#6103=DIRECTION('',(0.,-1.,0.));
#6104=DIRECTION('',(0.,0.,1.));
#6105=DIRECTION('',(0.,-1.,0.));
#6106=DIRECTION('',(0.55470019622523,0.,0.832050294337843));
#6107=DIRECTION('',(0.832050294337843,0.,-0.55470019622523));
#6108=DIRECTION('',(-0.832050294337843,0.,0.55470019622523));
#6109=DIRECTION('',(0.,-1.,0.));
#6110=DIRECTION('',(0.55470019622523,0.,0.832050294337843));
#6111=DIRECTION('',(-0.832050294337843,0.,0.55470019622523));
#6112=DIRECTION('',(-1.77732040314893E-16,-1.,1.18488026876595E-16));
#6113=DIRECTION('',(1.,-2.60208521396521E-16,0.));
#6114=DIRECTION('',(2.60208521396521E-16,1.,0.));
#6115=DIRECTION('',(-2.60208521396521E-16,-1.,0.));
#6116=DIRECTION('',(0.,0.,-1.));
#6117=DIRECTION('',(2.60208521396521E-16,1.,0.));
#6118=DIRECTION('',(-1.78995426893917E-16,-0.6878922563076,-0.725812815891287));
#6119=DIRECTION('',(-2.60208521396521E-16,-1.,0.));
#6120=DIRECTION('',(1.78035693119617E-16,0.684203930617308,0.729290738545215));
#6121=DIRECTION('',(0.,0.,1.));
#6122=DIRECTION('',(1.,-2.60208521396521E-16,0.));
#6123=DIRECTION('',(2.60208521396521E-16,1.,0.));
#6124=DIRECTION('',(-2.60208521396521E-16,-1.,0.));
#6125=DIRECTION('',(0.,0.,-1.));
#6126=DIRECTION('',(2.60208521396521E-16,1.,0.));
#6127=DIRECTION('',(0.,0.,-1.));
#6128=DIRECTION('',(-2.60208521396521E-16,-1.,0.));
#6129=DIRECTION('',(0.,0.,-1.));
#6130=DIRECTION('',(2.60208521396521E-16,1.,0.));
#6131=DIRECTION('',(0.,0.,1.));
#6132=DIRECTION('',(-2.60208521396521E-16,-1.,0.));
#6133=DIRECTION('',(0.,0.,-1.));
#6134=DIRECTION('',(0.,0.,-1.));
#6135=DIRECTION('',(-1.,0.,0.));
#6136=DIRECTION('',(0.,0.,1.));
#6137=DIRECTION('',(1.,0.,0.));
#6138=DIRECTION('',(0.,0.,-1.));
#6139=DIRECTION('',(-1.,0.,0.));
#6140=DIRECTION('',(0.,0.,1.));
#6141=DIRECTION('',(1.,0.,0.));
#6142=DIRECTION('',(0.,0.,-1.));
#6143=DIRECTION('',(-1.,0.,0.));
#6144=DIRECTION('',(0.,0.,1.));
#6145=DIRECTION('',(1.,0.,0.));
#6146=DIRECTION('',(0.,0.,-1.));
#6147=DIRECTION('',(-1.,0.,0.));
#6148=DIRECTION('',(0.,0.,1.));
#6149=DIRECTION('',(1.,0.,0.));
#6150=DIRECTION('',(0.,0.,-1.));
#6151=DIRECTION('',(-1.,0.,0.));
#6152=DIRECTION('',(0.,0.,1.));
#6153=DIRECTION('',(1.,0.,0.));
#6154=DIRECTION('',(0.,0.,-1.));
#6155=DIRECTION('',(-1.,0.,0.));
#6156=DIRECTION('',(0.,0.,1.));
#6157=DIRECTION('',(1.,0.,0.));
#6158=DIRECTION('',(0.,0.,-1.));
#6159=DIRECTION('',(-1.,0.,0.));
#6160=DIRECTION('',(0.,0.,1.));
#6161=DIRECTION('',(1.,0.,0.));
#6162=DIRECTION('',(0.,0.,-1.));
#6163=DIRECTION('',(-1.,0.,0.));
#6164=DIRECTION('',(0.,0.,1.));
#6165=DIRECTION('',(1.,0.,0.));
#6166=DIRECTION('',(0.,0.,-1.));
#6167=DIRECTION('',(-1.,0.,0.));
#6168=DIRECTION('',(0.,0.,1.));
#6169=DIRECTION('',(1.,0.,0.));
#6170=DIRECTION('',(0.,0.,-1.));
#6171=DIRECTION('',(-1.,0.,0.));
#6172=DIRECTION('',(0.,0.,1.));
#6173=DIRECTION('',(1.,0.,0.));
#6174=DIRECTION('',(0.,0.,-1.));
#6175=DIRECTION('',(-1.,0.,0.));
#6176=DIRECTION('',(0.,0.,1.));
#6177=DIRECTION('',(1.,0.,0.));
#6178=DIRECTION('',(0.,0.,-1.));
#6179=DIRECTION('',(-1.,0.,0.));
#6180=DIRECTION('',(0.,0.,1.));
#6181=DIRECTION('',(1.,0.,0.));
#6182=DIRECTION('',(0.,0.,-1.));
#6183=DIRECTION('',(-1.,0.,0.));
#6184=DIRECTION('',(0.,0.,1.));
#6185=DIRECTION('',(1.,0.,0.));
#6186=DIRECTION('',(0.,0.,-1.));
#6187=DIRECTION('',(-1.,0.,0.));
#6188=DIRECTION('',(0.,0.,1.));
#6189=DIRECTION('',(1.,0.,0.));
#6190=DIRECTION('',(0.,0.,-1.));
#6191=DIRECTION('',(-1.,0.,0.));
#6192=DIRECTION('',(0.,0.,1.));
#6193=DIRECTION('',(1.,0.,0.));
#6194=DIRECTION('',(0.,0.,-1.));
#6195=DIRECTION('',(-1.,0.,0.));
#6196=DIRECTION('',(0.,0.,1.));
#6197=DIRECTION('',(1.,0.,0.));
#6198=DIRECTION('',(0.,0.,-1.));
#6199=DIRECTION('',(-1.,0.,0.));
#6200=DIRECTION('',(0.,0.,1.));
#6201=DIRECTION('',(1.,0.,0.));
#6202=DIRECTION('',(0.,0.,1.));
#6203=DIRECTION('',(1.,0.,0.));
#6204=DIRECTION('',(-0.998832128793877,0.048315406332683,0.));
#6205=DIRECTION('',(-0.048315406332683,-0.998832128793877,0.));
#6206=DIRECTION('',(6.93889390390722E-15,-1.,6.93889390390722E-15));
#6207=DIRECTION('',(0.,-6.93889390390722E-15,-1.));
#6208=DIRECTION('',(0.,-1.,0.));
#6209=DIRECTION('',(0.,0.,-1.));
#6210=DIRECTION('',(0.,-1.,0.));
#6211=DIRECTION('',(0.,0.,-1.));
#6212=DIRECTION('',(0.,0.,1.));
#6213=DIRECTION('',(1.,0.,0.));
#6214=DIRECTION('',(-0.756169315963204,0.654376012393288,0.));
#6215=DIRECTION('',(-0.654376012393288,-0.756169315963204,0.));
#6216=DIRECTION('',(0.,0.,1.));
#6217=DIRECTION('',(1.,0.,0.));
#6218=DIRECTION('',(1.,6.93889390390722E-15,6.93889390390722E-15));
#6219=DIRECTION('',(6.93889390390722E-15,0.,-1.));
#6220=DIRECTION('',(0.,0.,1.));
#6221=DIRECTION('',(1.,0.,0.));
#6222=DIRECTION('',(6.93889390390722E-15,-1.,0.));
#6223=DIRECTION('',(1.,6.93889390390722E-15,0.));
#6224=DIRECTION('',(1.,-1.74869042299787E-16,0.));
#6225=DIRECTION('',(1.74869042299787E-16,1.,0.));
#6226=DIRECTION('',(1.,0.,1.38777878078144E-14));
#6227=DIRECTION('',(1.38777878078144E-14,0.,-1.));
#6228=DIRECTION('',(0.,1.,0.));
#6229=DIRECTION('',(0.,0.,1.));
#6230=DIRECTION('',(0.,-1.,0.));
#6231=DIRECTION('',(0.,0.,-1.));
#6232=DIRECTION('',(0.,0.,1.));
#6233=DIRECTION('',(1.,0.,0.));
#6234=DIRECTION('',(0.048315406332683,-0.998832128793877,0.));
#6235=DIRECTION('',(0.998832128793877,0.048315406332683,0.));
#6236=DIRECTION('',(0.,0.,1.));
#6237=DIRECTION('',(1.,0.,0.));
#6238=DIRECTION('',(1.,0.,0.));
#6239=DIRECTION('',(0.,0.,-1.));
#6240=DIRECTION('',(0.,0.,1.));
#6241=DIRECTION('',(1.,0.,0.));
#6242=DIRECTION('',(0.654376012393292,-0.7561693159632,5.24697865685874E-15));
#6243=DIRECTION('',(0.7561693159632,0.654376012393292,0.));
#6244=DIRECTION('',(-1.,0.,0.));
#6245=DIRECTION('',(0.,0.,1.));
#6246=DIRECTION('',(1.,0.,0.));
#6247=DIRECTION('',(0.,0.,-1.));
#6248=DIRECTION('',(0.,0.,1.));
#6249=DIRECTION('',(1.,0.,0.));
#6250=DIRECTION('',(0.,0.,1.));
#6251=DIRECTION('',(1.,0.,0.));
#6252=DIRECTION('',(0.998832128793877,-0.0483154063326691,0.));
#6253=DIRECTION('',(0.0483154063326691,0.998832128793878,0.));
#6254=DIRECTION('',(-1.38777878078144E-14,1.,1.38777878078144E-14));
#6255=DIRECTION('',(0.,-1.38777878078144E-14,1.));
#6256=DIRECTION('',(1.74869042299787E-16,1.,0.));
#6257=DIRECTION('',(-1.,1.74869042299787E-16,0.));
#6258=DIRECTION('',(0.,1.,0.));
#6259=DIRECTION('',(0.,0.,1.));
#6260=DIRECTION('',(0.,0.,1.));
#6261=DIRECTION('',(1.,0.,0.));
#6262=DIRECTION('',(0.756169315963204,-0.654376012393288,0.));
#6263=DIRECTION('',(0.654376012393288,0.756169315963204,0.));
#6264=DIRECTION('',(0.,0.,1.));
#6265=DIRECTION('',(1.,0.,0.));
#6266=DIRECTION('',(-1.,6.93889390390722E-15,-6.93889390390722E-15));
#6267=DIRECTION('',(-6.93889390390722E-15,0.,1.));
#6268=DIRECTION('',(0.,0.,1.));
#6269=DIRECTION('',(1.,0.,0.));
#6270=DIRECTION('',(6.93889390390722E-15,1.,0.));
#6271=DIRECTION('',(-1.,6.93889390390722E-15,0.));
#6272=DIRECTION('',(-1.,0.,0.));
#6273=DIRECTION('',(0.,0.,1.));
#6274=DIRECTION('',(-1.,0.,0.));
#6275=DIRECTION('',(0.,0.,1.));
#6276=DIRECTION('',(-1.70566321672564E-16,-1.,0.));
#6277=DIRECTION('',(1.,-1.70566321672564E-16,0.));
#6278=DIRECTION('',(0.,1.,0.));
#6279=DIRECTION('',(0.,0.,1.));
#6280=DIRECTION('',(0.,0.,1.));
#6281=DIRECTION('',(1.,0.,0.));
#6282=DIRECTION('',(-0.048315406332683,0.998832128793877,0.));
#6283=DIRECTION('',(-0.998832128793877,-0.048315406332683,0.));
#6284=DIRECTION('',(0.,0.,1.));
#6285=DIRECTION('',(1.,0.,0.));
#6286=DIRECTION('',(-1.,0.,0.));
#6287=DIRECTION('',(0.,0.,1.));
#6288=DIRECTION('',(0.,0.,1.));
#6289=DIRECTION('',(1.,0.,0.));
#6290=DIRECTION('',(-0.654376012393292,0.7561693159632,9.78762438011767E-15));
#6291=DIRECTION('',(-0.7561693159632,-0.654376012393292,0.));
#6292=DIRECTION('',(1.,0.,0.));
#6293=DIRECTION('',(0.,0.,-1.));
#6294=DIRECTION('',(-1.,0.,0.));
#6295=DIRECTION('',(0.,0.,1.));
#6296=DIRECTION('',(0.,0.,1.));
#6297=DIRECTION('',(1.,0.,0.));
#6298=DIRECTION('',(0.,0.,1.));
#6299=DIRECTION('',(1.,0.,0.));
#6300=DIRECTION('',(0.,-1.,0.));
#6301=DIRECTION('',(0.,0.,-1.));
#6302=DIRECTION('',(-1.,0.,0.));
#6303=DIRECTION('',(0.,0.,1.));
#6304=DIRECTION('',(-1.,8.67361737988404E-17,0.));
#6305=DIRECTION('',(-8.67361737988404E-17,-1.,0.));
#6306=DIRECTION('',(-1.,0.,0.));
#6307=DIRECTION('',(0.,0.,1.));
#6308=DIRECTION('',(2.60208521396521E-16,1.,0.));
#6309=DIRECTION('',(-1.,2.60208521396521E-16,0.));
#6310=DIRECTION('',(0.,-1.,0.));
#6311=DIRECTION('',(0.,0.,-1.));
#6312=DIRECTION('',(0.,0.,1.));
#6313=DIRECTION('',(1.,0.,0.));
#6314=DIRECTION('',(0.,-1.,0.));
#6315=DIRECTION('',(0.,0.,-1.));
#6316=DIRECTION('',(0.,0.,1.));
#6317=DIRECTION('',(1.,0.,0.));
#6318=DIRECTION('',(-1.,0.,0.));
#6319=DIRECTION('',(0.,0.,1.));
#6320=DIRECTION('',(-2.60208521396521E-16,-1.,0.));
#6321=DIRECTION('',(1.,-2.60208521396521E-16,0.));
#6322=DIRECTION('',(0.,-1.,0.));
#6323=DIRECTION('',(0.,0.,-1.));
#6324=DIRECTION('',(1.,0.,0.));
#6325=DIRECTION('',(0.,0.,-1.));
#6326=DIRECTION('',(-1.,0.,0.));
#6327=DIRECTION('',(0.,0.,1.));
#6328=DIRECTION('',(0.,0.,1.));
#6329=DIRECTION('',(1.,0.,0.));
#6330=DIRECTION('',(0.,0.,1.));
#6331=DIRECTION('',(1.,0.,0.));
#6332=DIRECTION('',(0.,0.,1.));
#6333=DIRECTION('',(1.,0.,0.));
#6334=DIRECTION('',(0.,0.,1.));
#6335=DIRECTION('',(1.,0.,0.));
#6336=DIRECTION('',(0.,0.,1.));
#6337=DIRECTION('',(1.,0.,0.));
#6338=DIRECTION('',(0.,0.,1.));
#6339=DIRECTION('',(1.,0.,0.));
#6340=DIRECTION('',(0.,0.,1.));
#6341=DIRECTION('',(1.,0.,0.));
#6342=DIRECTION('',(0.,0.,1.));
#6343=DIRECTION('',(1.,0.,0.));
#6344=DIRECTION('',(-1.,0.,0.));
#6345=DIRECTION('',(0.,0.,1.));
#6346=DIRECTION('',(0.,1.,0.));
#6347=DIRECTION('',(0.,0.,1.));
#6348=DIRECTION('',(-2.60208521396521E-16,-1.,0.));
#6349=DIRECTION('',(1.,-2.60208521396521E-16,0.));
#6350=DIRECTION('',(0.,1.,0.));
#6351=DIRECTION('',(0.,0.,1.));
#6352=DIRECTION('',(-1.,0.,0.));
#6353=DIRECTION('',(0.,0.,1.));
#6354=DIRECTION('',(-1.,0.,0.));
#6355=DIRECTION('',(0.,0.,1.));
#6356=DIRECTION('',(0.,0.,1.));
#6357=DIRECTION('',(1.,0.,0.));
#6358=DIRECTION('',(-1.,0.,0.));
#6359=DIRECTION('',(0.,0.,1.));
#6360=DIRECTION('',(0.,0.,1.));
#6361=DIRECTION('',(1.,0.,0.));
#6362=DIRECTION('',(0.,1.,0.));
#6363=DIRECTION('',(0.,0.,1.));
#6364=DIRECTION('',(1.,-8.67361737988404E-17,0.));
#6365=DIRECTION('',(8.67361737988404E-17,1.,0.));
#6366=DIRECTION('',(-1.,0.,0.));
#6367=DIRECTION('',(0.,0.,1.));
#6368=DIRECTION('',(2.60208521396521E-16,1.,0.));
#6369=DIRECTION('',(-1.,2.60208521396521E-16,0.));
#6370=DIRECTION('',(0.,1.,0.));
#6371=DIRECTION('',(0.,0.,1.));
#6372=DIRECTION('',(0.,0.,1.));
#6373=DIRECTION('',(1.,0.,0.));
#6374=DIRECTION('',(1.,0.,0.));
#6375=DIRECTION('',(0.,0.,-1.));
#6376=DIRECTION('',(1.,0.,0.));
#6377=DIRECTION('',(0.,0.,-1.));
#6378=DIRECTION('',(-1.,0.,0.));
#6379=DIRECTION('',(0.,0.,1.));
#6380=DIRECTION('',(0.,0.,1.));
#6381=DIRECTION('',(1.,0.,0.));
#6382=DIRECTION('',(0.,-1.,0.));
#6383=DIRECTION('',(0.,0.,-1.));
#6384=DIRECTION('',(0.,0.,1.));
#6385=DIRECTION('',(1.,0.,0.));
#6386=DIRECTION('',(0.,-1.,0.));
#6387=DIRECTION('',(0.,0.,-1.));
#6388=DIRECTION('',(0.,1.,0.));
#6389=DIRECTION('',(0.,0.,1.));
#6390=DIRECTION('',(0.,-1.,0.));
#6391=DIRECTION('',(0.,0.,-1.));
#6392=DIRECTION('',(0.,-1.,0.));
#6393=DIRECTION('',(0.,0.,-1.));
#6394=DIRECTION('',(0.,-1.,0.));
#6395=DIRECTION('',(0.,0.,-1.));
#6396=DIRECTION('',(0.,0.,1.));
#6397=DIRECTION('',(1.,0.,0.));
#6398=DIRECTION('',(1.,0.,0.));
#6399=DIRECTION('',(0.,0.,-1.));
#6400=DIRECTION('',(0.,0.,1.));
#6401=DIRECTION('',(1.,0.,0.));
#6402=DIRECTION('',(-1.,0.,0.));
#6403=DIRECTION('',(0.,0.,1.));
#6404=DIRECTION('',(-1.,0.,0.));
#6405=DIRECTION('',(0.,0.,1.));
#6406=DIRECTION('',(-1.,0.,0.));
#6407=DIRECTION('',(0.,0.,1.));
#6408=DIRECTION('',(-1.,0.,0.));
#6409=DIRECTION('',(0.,0.,1.));
#6410=DIRECTION('',(1.,0.,0.));
#6411=DIRECTION('',(0.,0.,-1.));
#6412=DIRECTION('',(0.,0.,1.));
#6413=DIRECTION('',(1.,0.,0.));
#6414=DIRECTION('',(0.,1.,0.));
#6415=DIRECTION('',(0.,0.,1.));
#6416=DIRECTION('',(0.,0.,1.));
#6417=DIRECTION('',(1.,0.,0.));
#6418=DIRECTION('',(0.,1.,0.));
#6419=DIRECTION('',(0.,0.,1.));
#6420=DIRECTION('',(0.,-1.,0.));
#6421=DIRECTION('',(0.,0.,-1.));
#6422=DIRECTION('',(0.,1.,0.));
#6423=DIRECTION('',(0.,0.,1.));
#6424=DIRECTION('',(0.,1.,0.));
#6425=DIRECTION('',(0.,0.,1.));
#6426=DIRECTION('',(0.,1.,0.));
#6427=DIRECTION('',(0.,0.,1.));
#6428=DIRECTION('',(0.,0.,1.));
#6429=DIRECTION('',(1.,0.,0.));
#6430=DIRECTION('',(-1.,0.,0.));
#6431=DIRECTION('',(0.,0.,1.));
#6432=DIRECTION('',(0.,0.,1.));
#6433=DIRECTION('',(1.,0.,0.));
#6434=DIRECTION('',(1.,0.,0.));
#6435=DIRECTION('',(0.,0.,-1.));
#6436=DIRECTION('',(1.,0.,0.));
#6437=DIRECTION('',(0.,0.,-1.));
#6438=DIRECTION('',(-1.,0.,0.));
#6439=DIRECTION('',(0.,0.,1.));
#6440=DIRECTION('',(-1.,0.,0.));
#6441=DIRECTION('',(0.,0.,1.));
#6442=DIRECTION('',(1.,0.,0.));
#6443=DIRECTION('',(0.,0.,-1.));
#6444=DIRECTION('',(0.,0.,1.));
#6445=DIRECTION('',(1.,0.,0.));
#6446=DIRECTION('',(0.,1.,0.));
#6447=DIRECTION('',(0.,0.,1.));
#6448=DIRECTION('',(0.,0.,1.));
#6449=DIRECTION('',(1.,0.,0.));
#6450=DIRECTION('',(0.,1.,0.));
#6451=DIRECTION('',(0.,0.,1.));
#6452=DIRECTION('',(0.,-1.,0.));
#6453=DIRECTION('',(0.,0.,-1.));
#6454=DIRECTION('',(0.,1.,0.));
#6455=DIRECTION('',(0.,0.,1.));
#6456=DIRECTION('',(0.,1.,0.));
#6457=DIRECTION('',(0.,0.,1.));
#6458=DIRECTION('',(0.,1.,0.));
#6459=DIRECTION('',(0.,0.,1.));
#6460=DIRECTION('',(0.,0.,1.));
#6461=DIRECTION('',(1.,0.,0.));
#6462=DIRECTION('',(-1.,0.,0.));
#6463=DIRECTION('',(0.,0.,1.));
#6464=DIRECTION('',(0.,0.,1.));
#6465=DIRECTION('',(1.,0.,0.));
#6466=DIRECTION('',(1.,0.,0.));
#6467=DIRECTION('',(0.,0.,-1.));
#6468=DIRECTION('',(1.,0.,0.));
#6469=DIRECTION('',(0.,0.,-1.));
#6470=DIRECTION('',(0.,1.,0.));
#6471=DIRECTION('',(0.,0.,1.));
#6472=DIRECTION('',(0.,1.,0.));
#6473=DIRECTION('',(0.,0.,1.));
#6474=DIRECTION('',(0.,-1.,0.));
#6475=DIRECTION('',(0.,0.,-1.));
#6476=DIRECTION('',(0.,0.,1.));
#6477=DIRECTION('',(1.,0.,0.));
#6478=DIRECTION('',(1.,0.,0.));
#6479=DIRECTION('',(0.,0.,-1.));
#6480=DIRECTION('',(0.,0.,1.));
#6481=DIRECTION('',(1.,0.,0.));
#6482=DIRECTION('',(1.,0.,0.));
#6483=DIRECTION('',(0.,0.,-1.));
#6484=DIRECTION('',(-1.,0.,0.));
#6485=DIRECTION('',(0.,0.,1.));
#6486=DIRECTION('',(1.,0.,0.));
#6487=DIRECTION('',(0.,0.,-1.));
#6488=DIRECTION('',(1.,0.,0.));
#6489=DIRECTION('',(0.,0.,-1.));
#6490=DIRECTION('',(1.,0.,0.));
#6491=DIRECTION('',(0.,0.,-1.));
#6492=DIRECTION('',(0.,0.,1.));
#6493=DIRECTION('',(1.,0.,0.));
#6494=DIRECTION('',(0.,1.,0.));
#6495=DIRECTION('',(0.,0.,1.));
#6496=DIRECTION('',(0.,0.,1.));
#6497=DIRECTION('',(1.,0.,0.));
#6498=DIRECTION('',(0.,-1.,0.));
#6499=DIRECTION('',(0.,0.,-1.));
#6500=DIRECTION('',(0.,-1.,0.));
#6501=DIRECTION('',(0.,0.,-1.));
#6502=DIRECTION('',(0.,1.,0.));
#6503=DIRECTION('',(0.,0.,1.));
#6504=DIRECTION('',(0.,1.,0.));
#6505=DIRECTION('',(0.,0.,1.));
#6506=DIRECTION('',(0.,0.,-1.));
#6507=DIRECTION('',(-1.,0.,0.));
#6508=DIRECTION('',(0.,0.,1.));
#6509=DIRECTION('',(1.,0.,0.));
#6510=DIRECTION('',(-1.,0.,0.));
#6511=DIRECTION('',(0.,0.,1.));
#6512=DIRECTION('',(0.,-1.,0.));
#6513=DIRECTION('',(0.,0.,-1.));
#6514=DIRECTION('',(0.,1.,0.));
#6515=DIRECTION('',(0.,0.,1.));
#6516=DIRECTION('',(1.,0.,0.));
#6517=DIRECTION('',(0.,0.,-1.));
#6518=DIRECTION('',(1.,0.,0.));
#6519=DIRECTION('',(0.,0.,-1.));
#6520=DIRECTION('',(0.,0.,-1.));
#6521=DIRECTION('',(-1.,0.,0.));
#6522=DIRECTION('',(0.,0.,-1.));
#6523=DIRECTION('',(-1.,0.,0.));
#6524=DIRECTION('',(0.,-1.,0.));
#6525=DIRECTION('',(0.,0.,-1.));
#6526=DIRECTION('',(0.,-1.,0.));
#6527=DIRECTION('',(0.,0.,-1.));
#6528=DIRECTION('',(0.767814063026453,0.385284936413503,0.511876042017648));
#6529=DIRECTION('',(0.554700196225239,0.,-0.832050294337837));
#6530=DIRECTION('',(0.,0.,-1.));
#6531=DIRECTION('',(-1.,0.,0.));
#6532=DIRECTION('',(0.,0.,1.));
#6533=DIRECTION('',(1.,0.,0.));
#6534=DIRECTION('',(0.,-1.,0.));
#6535=DIRECTION('',(0.,0.,-1.));
#6536=DIRECTION('',(0.832050294337842,0.,0.554700196225232));
#6537=DIRECTION('',(0.554700196225232,0.,-0.832050294337842));
#6538=DIRECTION('',(0.,0.,-1.));
#6539=DIRECTION('',(-1.,0.,0.));
#6540=DIRECTION('',(0.,0.,1.));
#6541=DIRECTION('',(1.,0.,0.));
#6542=DIRECTION('',(0.,0.,-1.));
#6543=DIRECTION('',(-1.,0.,0.));
#6544=DIRECTION('',(-0.832050294337843,0.,-0.55470019622523));
#6545=DIRECTION('',(-0.55470019622523,0.,0.832050294337843));
#6546=DIRECTION('',(-0.83205029433784,-1.01036402514688E-14,-0.554700196225235));
#6547=DIRECTION('',(-0.554700196225235,0.,0.83205029433784));
#6548=DIRECTION('',(1.77732040314893E-16,1.,1.18488026876595E-16));
#6549=DIRECTION('',(-1.,1.77732040314893E-16,0.));
#6550=DIRECTION('',(0.,1.,0.));
#6551=DIRECTION('',(0.,0.,1.));
#6552=DIRECTION('',(0.,0.,1.));
#6553=DIRECTION('',(1.,0.,0.));
#6554=DIRECTION('',(0.,0.,1.));
#6555=DIRECTION('',(1.,0.,0.));
#6556=DIRECTION('',(0.,-1.,0.));
#6557=DIRECTION('',(0.,0.,-1.));
#6558=DIRECTION('',(0.,-1.,0.));
#6559=DIRECTION('',(0.,0.,-1.));
#6560=DIRECTION('',(0.,-1.,0.));
#6561=DIRECTION('',(0.,0.,-1.));
#6562=DIRECTION('',(-0.83205029433784,0.,0.554700196225235));
#6563=DIRECTION('',(0.554700196225235,0.,0.83205029433784));
#6564=DIRECTION('',(3.46944695195361E-15,-1.,0.));
#6565=DIRECTION('',(1.,3.46944695195361E-15,0.));
#6566=DIRECTION('',(0.,0.,1.));
#6567=DIRECTION('',(1.,0.,0.));
#6568=DIRECTION('',(0.767814063026457,0.385284936413499,-0.511876042017646));
#6569=DIRECTION('',(-0.554700196225235,0.,-0.83205029433784));
#6570=DIRECTION('',(-0.767814063026457,0.385284936413499,0.511876042017646));
#6571=DIRECTION('',(0.554700196225235,0.,0.83205029433784));
#6572=DIRECTION('',(1.77732040314893E-16,1.,-1.18488026876595E-16));
#6573=DIRECTION('',(-1.,1.77732040314893E-16,0.));
#6574=DIRECTION('',(0.,1.,0.));
#6575=DIRECTION('',(0.,0.,1.));
#6576=DIRECTION('',(-0.832050294337844,0.,0.55470019622523));
#6577=DIRECTION('',(0.55470019622523,0.,0.832050294337844));
#6578=DIRECTION('',(0.83205029433786,0.,-0.554700196225204));
#6579=DIRECTION('',(-0.554700196225204,0.,-0.83205029433786));
#6580=DIRECTION('',(0.,0.,1.));
#6581=DIRECTION('',(1.,0.,0.));
#6582=DIRECTION('',(0.,0.,-1.));
#6583=DIRECTION('',(-1.,0.,0.));
#6584=DIRECTION('',(-1.77732040314893E-16,-1.,1.18488026876595E-16));
#6585=DIRECTION('',(1.,-1.77732040314893E-16,0.));
#6586=DIRECTION('',(0.,1.,0.));
#6587=DIRECTION('',(0.,0.,1.));
#6588=DIRECTION('',(-0.789724132995524,-0.314883632639455,0.526482755330362));
#6589=DIRECTION('',(0.554700196225239,0.,0.832050294337837));
#6590=DIRECTION('',(0.,0.,-1.));
#6591=DIRECTION('',(-1.,0.,0.));
#6592=DIRECTION('',(-1.73472347597681E-15,-1.,0.));
#6593=DIRECTION('',(1.,-1.73472347597681E-15,0.));
#6594=DIRECTION('',(0.,2.77555756156289E-14,1.));
#6595=DIRECTION('',(0.,-1.,2.77555756156289E-14));
#6596=DIRECTION('',(-1.73472347597681E-15,-1.,0.));
#6597=DIRECTION('',(1.,-1.73472347597681E-15,0.));
#6598=DIRECTION('',(-0.832050294337839,0.,0.554700196225236));
#6599=DIRECTION('',(0.554700196225237,0.,0.832050294337839));
#6600=DIRECTION('',(-0.370370370370368,0.928884163258109,0.));
#6601=DIRECTION('',(-0.928884163258109,-0.370370370370368,0.));
#6602=DIRECTION('',(0.,0.,-1.));
#6603=DIRECTION('',(-1.,0.,0.));
#6604=DIRECTION('',(-3.4694469519536E-15,1.,2.31296463463577E-15));
#6605=DIRECTION('',(-1.,-3.4694469519536E-15,0.));
#6606=DIRECTION('',(0.,0.,1.));
#6607=DIRECTION('',(1.,0.,0.));
#6608=DIRECTION('',(0.,0.,1.));
#6609=DIRECTION('',(1.,0.,0.));
#6610=DIRECTION('',(-1.77732040314893E-16,-1.,-1.18488026876595E-16));
#6611=DIRECTION('',(1.,-1.77732040314893E-16,0.));
#6612=DIRECTION('',(0.,1.,0.));
#6613=DIRECTION('',(0.,0.,1.));
#6614=DIRECTION('',(0.,0.,-1.));
#6615=DIRECTION('',(-1.,0.,0.));
#6616=DIRECTION('',(0.,0.,-1.));
#6617=DIRECTION('',(-1.,0.,0.));
#6618=DIRECTION('',(0.832050294337843,0.,-0.55470019622523));
#6619=DIRECTION('',(-0.55470019622523,0.,-0.832050294337843));
#6620=DIRECTION('',(0.83205029433784,0.,-0.554700196225235));
#6621=DIRECTION('',(-0.554700196225235,0.,-0.83205029433784));
#6622=DIRECTION('',(0.,-1.,0.));
#6623=DIRECTION('',(0.,0.,-1.));
#6624=DIRECTION('',(0.,-1.,0.));
#6625=DIRECTION('',(0.,0.,-1.));
#6626=DIRECTION('',(0.,0.,1.));
#6627=DIRECTION('',(1.,0.,0.));
#6628=DIRECTION('',(0.,0.,1.));
#6629=DIRECTION('',(1.,0.,0.));
#6630=DIRECTION('',(0.,0.,1.));
#6631=DIRECTION('',(1.,0.,0.));
#6632=DIRECTION('',(-0.928884163258108,-0.37037037037037,0.));
#6633=DIRECTION('',(0.37037037037037,-0.928884163258108,0.));
#6634=DIRECTION('',(-0.707106781186548,0.707106781186548,2.4532694666934E-15));
#6635=DIRECTION('',(-0.707106781186548,-0.707106781186548,0.));
#6636=DIRECTION('',(0.707106781186548,-0.707106781186548,0.));
#6637=DIRECTION('',(0.707106781186548,0.707106781186548,0.));
#6638=DIRECTION('',(-0.707106781186546,0.707106781186549,-1.80555932286304E-29));
#6639=DIRECTION('',(-0.707106781186549,-0.707106781186546,0.));
#6640=DIRECTION('',(-0.767814063026455,0.385284936413503,-0.511876042017646));
#6641=DIRECTION('',(-0.554700196225236,0.,0.832050294337839));
#6642=DIRECTION('',(-1.73472347597681E-15,-1.,0.));
#6643=DIRECTION('',(1.,-1.73472347597681E-15,0.));
#6644=DIRECTION('',(0.83205029433784,-7.21688589390631E-15,0.554700196225234));
#6645=DIRECTION('',(0.554700196225234,0.,-0.832050294337841));
#6646=DIRECTION('',(0.,-1.,0.));
#6647=DIRECTION('',(0.,0.,-1.));
#6648=DIRECTION('',(0.,0.,1.));
#6649=DIRECTION('',(1.,0.,0.));
#6650=DIRECTION('',(0.,-3.46944695195361E-15,1.));
#6651=DIRECTION('',(0.,-1.,-3.46944695195361E-15));
#6652=DIRECTION('',(0.,1.,0.));
#6653=DIRECTION('',(0.,0.,1.));
#6654=DIRECTION('',(0.,0.,1.));
#6655=DIRECTION('',(1.,0.,0.));
#6656=DIRECTION('',(-0.707106781186547,-0.707106781186549,-9.19976050010023E-16));
#6657=DIRECTION('',(0.707106781186549,-0.707106781186547,0.));
#6658=DIRECTION('',(0.789724132995519,-0.31488363263948,0.526482755330354));
#6659=DIRECTION('',(0.554700196225235,0.,-0.83205029433784));
#6660=DIRECTION('',(0.,-1.,0.));
#6661=DIRECTION('',(0.,0.,-1.));
#6662=DIRECTION('',(0.,-1.,0.));
#6663=DIRECTION('',(0.,0.,-1.));
#6664=DIRECTION('',(0.,1.,4.16975629425705E-15));
#6665=DIRECTION('',(0.,-4.16975629425705E-15,1.));
#6666=DIRECTION('',(0.832050294337844,0.,0.55470019622523));
#6667=DIRECTION('',(0.55470019622523,0.,-0.832050294337844));
#6668=DIRECTION('',(-0.832050294337842,0.,-0.554700196225232));
#6669=DIRECTION('',(-0.554700196225232,0.,0.832050294337842));
#6670=DIRECTION('',(0.,0.,-1.));
#6671=DIRECTION('',(-1.,0.,0.));
#6672=DIRECTION('',(0.,0.,1.));
#6673=DIRECTION('',(1.,0.,0.));
#6674=DIRECTION('',(0.,1.,0.));
#6675=DIRECTION('',(0.,0.,1.));
#6676=DIRECTION('',(0.,-1.,0.));
#6677=DIRECTION('',(0.,0.,-1.));
#6678=DIRECTION('',(0.707106781186548,0.707106781186548,0.));
#6679=DIRECTION('',(-0.707106781186548,0.707106781186548,0.));
#6680=DIRECTION('',(-0.707106781186548,-0.707106781186548,0.));
#6681=DIRECTION('',(0.707106781186548,-0.707106781186548,0.));
#6682=DIRECTION('',(0.370370370370373,0.928884163258107,2.77555756156289E-14));
#6683=DIRECTION('',(-0.928884163258107,0.370370370370373,0.));
#6684=DIRECTION('',(-2.77555756156289E-14,1.10668727352894E-14,-1.));
#6685=DIRECTION('',(-1.,0.,2.77555756156289E-14));
#6686=DIRECTION('',(0.,-1.,0.));
#6687=DIRECTION('',(0.,0.,-1.));
#6688=DIRECTION('',(0.,0.,1.));
#6689=DIRECTION('',(1.,0.,0.));
#6690=DIRECTION('',(0.,0.,1.));
#6691=DIRECTION('',(1.,0.,0.));
#6692=DIRECTION('',(1.,0.,0.));
#6693=DIRECTION('',(0.,0.,-1.));
#6694=DIRECTION('',(0.,0.,1.));
#6695=DIRECTION('',(1.,0.,0.));
#6696=DIRECTION('',(0.928884163258108,-0.370370370370371,3.26376811891499E-16));
#6697=DIRECTION('',(0.370370370370371,0.928884163258108,0.));
#6698=DIRECTION('',(0.,0.,1.));
#6699=DIRECTION('',(1.,0.,0.));
#6700=DIRECTION('',(0.,0.,1.));
#6701=DIRECTION('',(1.,0.,0.));
#6702=DIRECTION('',(0.,0.,1.));
#6703=DIRECTION('',(1.,0.,0.));
#6704=DIRECTION('',(0.,0.,1.));
#6705=DIRECTION('',(1.,0.,0.));
#6706=DIRECTION('',(-1.,0.,0.));
#6707=DIRECTION('',(0.,0.,1.));
#6708=DIRECTION('',(-1.,0.,0.));
#6709=DIRECTION('',(0.,0.,1.));
#6710=DIRECTION('',(0.,-3.46944695195361E-15,1.));
#6711=DIRECTION('',(0.,-1.,-3.46944695195361E-15));
#6712=DIRECTION('',(0.,1.,0.));
#6713=DIRECTION('',(0.,0.,1.));
#6714=DIRECTION('',(0.,0.,1.));
#6715=DIRECTION('',(1.,0.,0.));
#6716=DIRECTION('',(0.,-1.,0.));
#6717=DIRECTION('',(0.,0.,-1.));
#6718=DIRECTION('',(0.,-1.,0.));
#6719=DIRECTION('',(0.,0.,-1.));
#6720=DIRECTION('',(0.,1.,0.));
#6721=DIRECTION('',(0.,0.,1.));
#6722=DIRECTION('',(0.,1.,0.));
#6723=DIRECTION('',(0.,0.,1.));
#6724=DIRECTION('',(-0.866025403784438,0.,-0.5));
#6725=DIRECTION('',(-0.5,0.,0.866025403784438));
#6726=DIRECTION('',(-0.5,0.,-0.866025403784439));
#6727=DIRECTION('',(-0.866025403784439,0.,0.5));
#6728=DIRECTION('',(-1.,0.,-7.0508631834064E-16));
#6729=DIRECTION('',(-4.44089209850062E-16,0.,1.));
#6730=DIRECTION('',(-0.866025403784439,0.,0.5));
#6731=DIRECTION('',(0.5,0.,0.866025403784439));
#6732=DIRECTION('',(-0.5,0.,0.866025403784439));
#6733=DIRECTION('',(0.866025403784439,0.,0.5));
#6734=DIRECTION('',(0.,0.,-1.));
#6735=DIRECTION('',(-1.,0.,0.));
#6736=DIRECTION('',(0.5,0.,-0.866025403784439));
#6737=DIRECTION('',(-0.866025403784439,0.,-0.5));
#6738=DIRECTION('',(0.,0.,1.));
#6739=DIRECTION('',(1.,0.,0.));
#6740=DIRECTION('',(0.5,0.,0.866025403784439));
#6741=DIRECTION('',(0.866025403784439,0.,-0.5));
#6742=DIRECTION('',(0.866025403784439,0.,-0.5));
#6743=DIRECTION('',(-0.5,0.,-0.866025403784439));
#6744=DIRECTION('',(1.,0.,9.61481343191782E-16));
#6745=DIRECTION('',(-8.88178419700124E-16,0.,1.));
#6746=DIRECTION('',(0.866025403784438,0.,0.5));
#6747=DIRECTION('',(0.5,0.,-0.866025403784438));
#6748=DIRECTION('',(2.60208521396521E-16,1.,0.));
#6749=DIRECTION('',(-1.,2.60208521396521E-16,0.));
#6750=DIRECTION('',(-2.60208521396521E-16,-1.,0.));
#6751=DIRECTION('',(-1.35469735788343E-15,-0.499795109164121,-0.866143665251686));
#6752=DIRECTION('',(0.,0.866143665251686,-0.499795109164121));
#6753=DIRECTION('',(-2.60208521396521E-16,-1.,0.));
#6754=DIRECTION('',(1.,-2.60208521396521E-16,0.));
#6755=DIRECTION('',(0.,-0.642508851805205,-0.766278262351189));
#6756=DIRECTION('',(0.,0.766278262351189,-0.642508851805205));
#6757=DIRECTION('',(3.81708142967296E-15,-0.880159053021075,-0.47467888238792));
#6758=DIRECTION('',(0.,0.47467888238792,-0.880159053021075));
#6759=DIRECTION('',(1.35469735788343E-16,0.49979510916412,0.866143665251687));
#6760=DIRECTION('',(0.,-0.866143665251687,0.49979510916412));
#6761=DIRECTION('',(9.75253290155712E-15,0.642508851805197,0.766278262351195));
#6762=DIRECTION('',(0.,-0.766278262351195,0.642508851805197));
#6763=DIRECTION('',(0.,-1.,0.));
#6764=DIRECTION('',(0.,0.,-1.));
#6765=DIRECTION('',(0.,-1.,0.));
#6766=DIRECTION('',(0.,0.,-1.));
#6767=DIRECTION('',(0.,0.880159053021077,0.474678882387917));
#6768=DIRECTION('',(0.,-0.474678882387917,0.880159053021077));
#6769=DIRECTION('',(0.,1.,0.));
#6770=DIRECTION('',(0.,0.,1.));
#6771=DIRECTION('',(0.,-0.662480451009349,0.749079202775281));
#6772=DIRECTION('',(0.,-0.749079202775281,-0.662480451009349));
#6773=DIRECTION('',(9.82725101730446E-15,-0.755336601934663,0.655337026100156));
#6774=DIRECTION('',(0.,-0.655337026100156,-0.755336601934663));
#6775=DIRECTION('',(0.,1.,0.));
#6776=DIRECTION('',(0.,0.,1.));
#6777=DIRECTION('',(1.43652548842704E-15,0.66248045100935,-0.74907920277528));
#6778=DIRECTION('',(0.,0.74907920277528,0.66248045100935));
#6779=DIRECTION('',(0.,0.,1.));
#6780=DIRECTION('',(1.,0.,0.));
#6781=DIRECTION('',(0.,0.,1.));
#6782=DIRECTION('',(1.,0.,0.));
#6783=DIRECTION('',(0.,0.755336601934657,-0.655337026100163));
#6784=DIRECTION('',(0.,0.655337026100163,0.755336601934657));
#6785=DIRECTION('',(0.,0.,-1.));
#6786=DIRECTION('',(-1.,0.,0.));
#6787=DIRECTION('',(0.,0.507553593121283,0.861620189010027));
#6788=DIRECTION('',(0.,-0.861620189010028,0.507553593121283));
#6789=DIRECTION('',(5.8184394216735E-15,0.447213595499979,0.894427190999906));
#6790=DIRECTION('',(0.,-0.894427190999906,0.447213595499979));
#6791=DIRECTION('',(0.,0.,-1.));
#6792=DIRECTION('',(-1.,0.,0.));
#6793=DIRECTION('',(-3.30174424988955E-15,-0.507553593121286,-0.861620189010026));
#6794=DIRECTION('',(0.,0.861620189010026,-0.507553593121286));
#6795=DIRECTION('',(0.,-0.447213595499984,-0.894427190999903));
#6796=DIRECTION('',(0.,0.894427190999903,-0.447213595499984));
#6797=DIRECTION('',(-1.78035693119617E-16,-0.684203930617308,-0.729290738545215));
#6798=DIRECTION('',(0.,0.729290738545215,-0.684203930617308));
#6799=DIRECTION('',(1.78035693119617E-16,0.684203930617308,0.729290738545215));
#6800=DIRECTION('',(-9.57322076293801E-17,-0.367905736198,-0.929863091682108));
#6801=DIRECTION('',(-2.41958300187799E-16,-0.929863091682108,0.367905736198));
#6802=DIRECTION('',(1.78995426893917E-16,0.6878922563076,0.725812815891287));
#6803=DIRECTION('',(0.,-0.725812815891287,0.6878922563076));
#6804=DIRECTION('',(-1.02791875259085E-16,-0.395036544950211,0.918665405985117));
#6805=DIRECTION('',(2.39044566949522E-16,0.918665405985117,0.395036544950212));
#6806=DIRECTION('',(-1.78995426893917E-16,-0.6878922563076,-0.725812815891287));
#6807=DIRECTION('',(1.78035693119617E-16,0.684203930617308,0.729290738545215));
#6808=DIRECTION('',(0.,-0.729290738545215,0.684203930617308));
#6809=DIRECTION('',(9.57322076293801E-17,0.367905736198,0.929863091682108));
#6810=DIRECTION('',(2.41958300187799E-16,0.929863091682108,-0.367905736198));
#6811=DIRECTION('',(0.,0.,-1.));
#6812=DIRECTION('',(-1.,0.,0.));
#6813=DIRECTION('',(0.,0.,1.));
#6814=DIRECTION('',(1.83995210002004E-16,0.707106781186548,-0.707106781186548));
#6815=DIRECTION('',(-1.83995210002004E-16,-0.707106781186548,-0.707106781186548));
#6816=DIRECTION('',(-2.60208521396521E-16,-1.,0.));
#6817=DIRECTION('',(1.,-2.60208521396521E-16,0.));
#6818=DIRECTION('',(-1.83995210002004E-16,-0.707106781186548,0.707106781186548));
#6819=DIRECTION('',(1.83995210002004E-16,0.707106781186548,0.707106781186548));
#6820=DIRECTION('',(2.60208521396521E-16,1.,0.));
#6821=DIRECTION('',(-1.78995426893917E-16,-0.6878922563076,-0.725812815891287));
#6822=DIRECTION('',(0.,0.725812815891287,-0.6878922563076));
#6823=DIRECTION('',(1.02791875259085E-16,0.395036544950211,-0.918665405985117));
#6824=DIRECTION('',(-2.39044566949522E-16,-0.918665405985117,-0.395036544950212));
#6825=DIRECTION('',(0.,0.,1.));
#6826=DIRECTION('',(1.,0.,0.));
#6827=DIRECTION('',(-1.83995210002004E-16,-0.707106781186548,0.707106781186548));
#6828=DIRECTION('',(1.83995210002004E-16,0.707106781186548,0.707106781186548));
#6829=DIRECTION('',(2.60208521396521E-16,1.,0.));
#6830=DIRECTION('',(-1.,2.60208521396521E-16,0.));
#6831=DIRECTION('',(1.83995210002004E-16,0.707106781186548,0.707106781186548));
#6832=DIRECTION('',(-1.83995210002004E-16,-0.707106781186548,0.707106781186548));
#6833=DIRECTION('',(-2.60208521396521E-16,-1.,0.));
#6834=DIRECTION('',(0.,0.,1.));
#6835=DIRECTION('',(1.,0.,0.));
#6836=DIRECTION('',(0.,0.,-1.));
#6837=DIRECTION('',(2.60208521396521E-16,1.,0.));
#6838=DIRECTION('',(-1.,2.60208521396521E-16,0.));
#6839=DIRECTION('',(1.83995210002004E-16,0.707106781186548,-0.707106781186548));
#6840=DIRECTION('',(-1.83995210002004E-16,-0.707106781186548,-0.707106781186548));
#6841=DIRECTION('',(-2.60208521396521E-16,-1.,0.));
#6842=DIRECTION('',(1.,-2.60208521396521E-16,0.));
#6843=DIRECTION('',(-1.83995210002004E-16,-0.707106781186548,-0.707106781186548));
#6844=DIRECTION('',(1.83995210002004E-16,0.707106781186548,-0.707106781186548));
#6845=DIRECTION('',(0.,0.,-1.));
#6846=DIRECTION('',(-1.,0.,0.));
#6847=DIRECTION('',(-2.60208521396521E-16,-1.,0.));
#6848=DIRECTION('',(1.,-2.60208521396521E-16,0.));
#6849=DIRECTION('',(-1.83995210002004E-16,-0.707106781186548,-0.707106781186548));
#6850=DIRECTION('',(-1.83995210002004E-16,-0.707106781186548,0.707106781186548));
#6851=DIRECTION('',(-1.83995210002004E-16,-0.707106781186548,0.707106781186548));
#6852=DIRECTION('',(1.83995210002004E-16,0.707106781186548,0.707106781186548));
#6853=DIRECTION('',(2.60208521396521E-16,1.,0.));
#6854=DIRECTION('',(0.,0.,1.));
#6855=DIRECTION('',(1.,0.,0.));
#6856=DIRECTION('',(1.83995210002004E-16,0.707106781186548,0.707106781186548));
#6857=DIRECTION('',(1.83995210002004E-16,0.707106781186548,-0.707106781186548));
#6858=DIRECTION('',(0.,0.,-1.));
#6859=DIRECTION('',(2.60208521396521E-16,1.,0.));
#6860=DIRECTION('',(-1.,2.60208521396521E-16,0.));
#6861=DIRECTION('',(1.83995210002004E-16,0.707106781186548,0.707106781186548));
#6862=DIRECTION('',(1.83995210002004E-16,0.707106781186548,-0.707106781186548));
#6863=DIRECTION('',(1.83995210002004E-16,0.707106781186548,-0.707106781186548));
#6864=DIRECTION('',(-1.83995210002004E-16,-0.707106781186548,-0.707106781186548));
#6865=DIRECTION('',(0.,0.,-1.));
#6866=DIRECTION('',(-1.,0.,0.));
#6867=DIRECTION('',(0.,0.,1.));
#6868=DIRECTION('',(1.83995210002004E-16,0.707106781186548,-0.707106781186548));
#6869=DIRECTION('',(-1.83995210002004E-16,-0.707106781186548,-0.707106781186548));
#6870=DIRECTION('',(2.60208521396521E-16,1.,0.));
#6871=DIRECTION('',(-1.,2.60208521396521E-16,0.));
#6872=DIRECTION('',(1.83995210002004E-16,0.707106781186548,0.707106781186548));
#6873=DIRECTION('',(1.83995210002004E-16,0.707106781186548,-0.707106781186548));
#6874=DIRECTION('',(-2.60208521396521E-16,-1.,0.));
#6875=DIRECTION('',(0.,0.,-1.));
#6876=DIRECTION('',(-1.,0.,0.));
#6877=DIRECTION('',(-1.83995210002004E-16,-0.707106781186548,-0.707106781186548));
#6878=DIRECTION('',(-1.83995210002004E-16,-0.707106781186548,0.707106781186548));
#6879=DIRECTION('',(0.,0.,1.));
#6880=DIRECTION('',(1.,0.,0.));
#6881=DIRECTION('',(-1.83995210002004E-16,-0.707106781186548,0.707106781186548));
#6882=DIRECTION('',(1.83995210002004E-16,0.707106781186548,0.707106781186548));
#6883=DIRECTION('',(2.60208521396521E-16,1.,0.));
#6884=DIRECTION('',(-1.,2.60208521396521E-16,0.));
#6885=DIRECTION('',(-2.60208521396521E-16,-1.,0.));
#6886=DIRECTION('',(1.83995210002004E-16,0.707106781186548,0.707106781186548));
#6887=DIRECTION('',(1.83995210002004E-16,0.707106781186548,-0.707106781186548));
#6888=DIRECTION('',(0.,0.,1.));
#6889=DIRECTION('',(1.,0.,0.));
#6890=DIRECTION('',(-1.83995210002004E-16,-0.707106781186548,0.707106781186548));
#6891=DIRECTION('',(1.83995210002004E-16,0.707106781186548,0.707106781186548));
#6892=DIRECTION('',(0.,0.,-1.));
#6893=DIRECTION('',(-2.60208521396521E-16,-1.,0.));
#6894=DIRECTION('',(1.,-2.60208521396521E-16,0.));
#6895=DIRECTION('',(-1.83995210002004E-16,-0.707106781186548,-0.707106781186548));
#6896=DIRECTION('',(-1.83995210002004E-16,-0.707106781186548,0.707106781186548));
#6897=DIRECTION('',(-2.60208521396521E-16,-1.,0.));
#6898=DIRECTION('',(1.,-2.60208521396521E-16,0.));
#6899=DIRECTION('',(-1.83995210002004E-16,-0.707106781186548,-0.707106781186548));
#6900=DIRECTION('',(-1.83995210002004E-16,-0.707106781186548,0.707106781186548));
#6901=DIRECTION('',(0.,0.,1.));
#6902=DIRECTION('',(1.,0.,0.));
#6903=DIRECTION('',(0.,0.,-1.));
#6904=DIRECTION('',(1.83995210002004E-16,0.707106781186548,0.707106781186548));
#6905=DIRECTION('',(1.83995210002004E-16,0.707106781186548,-0.707106781186548));
#6906=DIRECTION('',(-2.60208521396521E-16,-1.,0.));
#6907=DIRECTION('',(1.,-2.60208521396521E-16,0.));
#6908=DIRECTION('',(-1.83995210002004E-16,-0.707106781186548,0.707106781186548));
#6909=DIRECTION('',(1.83995210002004E-16,0.707106781186548,0.707106781186548));
#6910=DIRECTION('',(2.60208521396521E-16,1.,0.));
#6911=DIRECTION('',(0.,0.,-1.));
#6912=DIRECTION('',(-1.,0.,0.));
#6913=DIRECTION('',(1.83995210002004E-16,0.707106781186548,-0.707106781186548));
#6914=DIRECTION('',(-1.83995210002004E-16,-0.707106781186548,-0.707106781186548));
#6915=DIRECTION('',(0.,0.,-1.));
#6916=DIRECTION('',(-1.,0.,0.));
#6917=DIRECTION('',(-1.83995210002004E-16,-0.707106781186548,-0.707106781186548));
#6918=DIRECTION('',(-1.83995210002004E-16,-0.707106781186548,0.707106781186548));
#6919=DIRECTION('',(2.60208521396521E-16,1.,0.));
#6920=DIRECTION('',(-1.,2.60208521396521E-16,0.));
#6921=DIRECTION('',(1.83995210002004E-16,0.707106781186548,0.707106781186548));
#6922=DIRECTION('',(-1.83995210002004E-16,-0.707106781186548,0.707106781186548));
#6923=DIRECTION('',(-2.60208521396521E-16,-1.,0.));
#6924=DIRECTION('',(0.,0.,1.));
#6925=DIRECTION('',(1.,0.,0.));
#6926=DIRECTION('',(0.,0.,-1.));
#6927=DIRECTION('',(2.60208521396521E-16,1.,0.));
#6928=DIRECTION('',(-1.,2.60208521396521E-16,0.));
#6929=DIRECTION('',(1.83995210002004E-16,0.707106781186548,-0.707106781186548));
#6930=DIRECTION('',(-1.83995210002004E-16,-0.707106781186548,-0.707106781186548));
#6931=DIRECTION('',(-2.60208521396521E-16,-1.,0.));
#6932=DIRECTION('',(1.,-2.60208521396521E-16,0.));
#6933=DIRECTION('',(-1.83995210002004E-16,-0.707106781186548,-0.707106781186548));
#6934=DIRECTION('',(1.83995210002004E-16,0.707106781186548,-0.707106781186548));
#6935=DIRECTION('',(0.,0.,-1.));
#6936=DIRECTION('',(-1.,0.,0.));
#6937=CARTESIAN_POINT('',(0.,0.,0.));
#6938=CARTESIAN_POINT('',(0.03,3.46944695195361E-18,0.114));
#6939=CARTESIAN_POINT('',(0.03,3.46944695195361E-18,0.104463888888889));
#6940=CARTESIAN_POINT('',(0.03,0.00274288178788949,0.104463888888889));
#6941=CARTESIAN_POINT('',(0.03,0.0058736111111111,0.104463888888889));
#6942=CARTESIAN_POINT('',(0.03,0.0058736111111111,0.114));
#6943=CARTESIAN_POINT('',(0.03,0.0058736111111111,0.1028));
#6944=CARTESIAN_POINT('',(0.03,3.46944695195361E-18,0.1028));
#6945=CARTESIAN_POINT('',(0.03,5.86805555555537E-5,0.1028));
#6946=CARTESIAN_POINT('',(0.03,5.86805555555537E-5,0.114));
#6947=CARTESIAN_POINT('',(0.03,5.86805555555537E-5,0.104153783940094));
#6948=CARTESIAN_POINT('',(0.03,0.00494431036884601,0.109361360826679));
#6949=CARTESIAN_POINT('',(0.03,0.00266753629235394,0.106934554762809));
#6950=CARTESIAN_POINT('',(0.03,0.00266753629235394,0.106934554762809));
#6951=CARTESIAN_POINT('',(0.03,0.00294425714509278,0.107236911252374));
#6952=CARTESIAN_POINT('',(0.03,0.00321237605239148,0.107550185680824));
#6953=CARTESIAN_POINT('',(0.03,0.00342055790664244,0.107903594051958));
#6954=CARTESIAN_POINT('',(0.03,0.00342055790664244,0.107903594051958));
#6955=CARTESIAN_POINT('',(0.03,0.00342055790664244,0.107903594051958));
#6956=CARTESIAN_POINT('',(0.03,0.00354843758835007,0.108120681896506));
#6957=CARTESIAN_POINT('',(0.03,0.0036454861111111,0.108362053565156));
#6958=CARTESIAN_POINT('',(0.03,0.0036454861111111,0.108614583333333));
#6959=CARTESIAN_POINT('',(0.03,0.0036454861111111,0.108614583333333));
#6960=CARTESIAN_POINT('',(0.03,0.00364548611111111,0.108614583333333));
#6961=CARTESIAN_POINT('',(0.03,0.00364548611111111,0.10886366896873));
#6962=CARTESIAN_POINT('',(0.03,0.00359621716404944,0.109122318533495));
#6963=CARTESIAN_POINT('',(0.03,0.00343004527055605,0.109310212243131));
#6964=CARTESIAN_POINT('',(0.03,0.00343004527055605,0.109310212243131));
#6965=CARTESIAN_POINT('',(0.03,0.00343004527055605,0.109310212243131));
#6966=CARTESIAN_POINT('',(0.03,0.0032798037308523,0.10948009319979));
#6967=CARTESIAN_POINT('',(0.03,0.00304514962664565,0.109543055555556));
#6968=CARTESIAN_POINT('',(0.03,0.00281944444444444,0.109543055555556));
#6969=CARTESIAN_POINT('',(0.03,0.00281944444444444,0.109543055555556));
#6970=CARTESIAN_POINT('',(0.03,0.00281944444444444,0.109543055555556));
#6971=CARTESIAN_POINT('',(0.03,0.00256121331489557,0.109543055555556));
#6972=CARTESIAN_POINT('',(0.03,0.00230165933627882,0.109447834492765));
#6973=CARTESIAN_POINT('',(0.03,0.00213502648580357,0.109249102396306));
#6974=CARTESIAN_POINT('',(0.03,0.00213502648580357,0.109249102396306));
#6975=CARTESIAN_POINT('',(0.03,0.00213502648580357,0.109249102396306));
#6976=CARTESIAN_POINT('',(0.03,0.00189904367811038,0.108967661144071));
#6977=CARTESIAN_POINT('',(0.03,0.00187534722222222,0.108579759788449));
#6978=CARTESIAN_POINT('',(0.03,0.00187534722222222,0.108214930555556));
#6979=CARTESIAN_POINT('',(0.03,0.00187534722222222,0.108214930555556));
#6980=CARTESIAN_POINT('',(0.03,3.46944695195361E-18,0.108214930555556));
#6981=CARTESIAN_POINT('',(0.03,-9.75694444444456E-5,0.108214930555556));
#6982=CARTESIAN_POINT('',(0.03,-9.75694444444456E-5,0.108214930555556));
#6983=CARTESIAN_POINT('',(0.03,-9.75694444444456E-5,0.10849528774601));
#6984=CARTESIAN_POINT('',(0.03,-7.77771550903752E-5,0.109060388666569));
#6985=CARTESIAN_POINT('',(0.03,0.000133399457204111,0.109589249675081));
#6986=CARTESIAN_POINT('',(0.03,0.000273819878060757,0.109832597910722));
#6987=CARTESIAN_POINT('',(0.03,0.000273819878060771,0.109832597910722));
#6988=CARTESIAN_POINT('',(0.03,0.000273819878060772,0.109832597910722));
#6989=CARTESIAN_POINT('',(0.03,0.000521241504773784,0.110261378966587));
#6990=CARTESIAN_POINT('',(0.03,0.000890676282169889,0.110610489677942));
#6991=CARTESIAN_POINT('',(0.03,0.00132607116796687,0.110845302643937));
#6992=CARTESIAN_POINT('',(0.03,0.00132607116796686,0.110845302643938));
#6993=CARTESIAN_POINT('',(0.03,0.00132607116796686,0.110845302643938));
#6994=CARTESIAN_POINT('',(0.03,0.00179104454050471,0.111096067593817));
#6995=CARTESIAN_POINT('',(0.03,0.00231943198392829,0.111208680555556));
#6996=CARTESIAN_POINT('',(0.03,0.00284722222222222,0.111208680555556));
#6997=CARTESIAN_POINT('',(0.03,0.00284722222222222,0.111208680555556));
#6998=CARTESIAN_POINT('',(0.03,0.00284722222222222,0.111208680555556));
#6999=CARTESIAN_POINT('',(0.03,0.00357356700006246,0.111208680555556));
#7000=CARTESIAN_POINT('',(0.03,0.00432324775219953,0.111051754804977));
#7001=CARTESIAN_POINT('',(0.03,0.00487412296077558,0.110573810375942));
#7002=CARTESIAN_POINT('',(0.03,0.00487412296077558,0.110573810375942));
#7003=CARTESIAN_POINT('',(0.03,0.00487412296077558,0.110573810375942));
#7004=CARTESIAN_POINT('',(0.03,0.00538631873157243,0.110129424585084));
#7005=CARTESIAN_POINT('',(0.03,0.00561840277777777,0.10944380574699));
#7006=CARTESIAN_POINT('',(0.03,0.00561840277777777,0.108767361111111));
#7007=CARTESIAN_POINT('',(0.03,0.00561840277777777,0.108767361111111));
#7008=CARTESIAN_POINT('',(0.03,0.00561840277777777,0.108767361111111));
#7009=CARTESIAN_POINT('',(0.03,0.00561840277777777,0.108320745862055));
#7010=CARTESIAN_POINT('',(0.03,0.00549300885589424,0.107882554116289));
#7011=CARTESIAN_POINT('',(0.03,0.00529346877153331,0.107483473947567));
#7012=CARTESIAN_POINT('',(0.03,0.00529346877153331,0.107483473947567));
#7013=CARTESIAN_POINT('',(0.03,0.00529346877153331,0.107483473947567));
#7014=CARTESIAN_POINT('',(0.03,0.00502183712055824,0.106940210645617));
#7015=CARTESIAN_POINT('',(0.03,0.00462864580546995,0.10646956725535));
#7016=CARTESIAN_POINT('',(0.03,0.00421932410779762,0.106021721162602));
#7017=CARTESIAN_POINT('',(0.03,0.00421932410779763,0.106021721162602));
#7018=CARTESIAN_POINT('',(0.03,0.00620616100610403,0.108118083886057));
#7019=CARTESIAN_POINT('',(0.03,3.46944695195361E-18,0.107741666666667));
#7020=CARTESIAN_POINT('',(0.03,-0.00383125,0.107741666666667));
#7021=CARTESIAN_POINT('',(0.03,-0.00070625,0.107741666666667));
#7022=CARTESIAN_POINT('',(0.03,-0.00070625,0.114));
#7023=CARTESIAN_POINT('',(0.03,-0.00070625,0.106027430555556));
#7024=CARTESIAN_POINT('',(0.03,3.46944695195361E-18,0.106027430555556));
#7025=CARTESIAN_POINT('',(0.03,-0.00383125,0.106027430555556));
#7026=CARTESIAN_POINT('',(0.03,-0.00383125,0.114));
#7027=CARTESIAN_POINT('',(0.03,-0.00383125,0.1028));
#7028=CARTESIAN_POINT('',(0.03,3.46944695195361E-18,0.1028));
#7029=CARTESIAN_POINT('',(0.03,-0.00585972222222222,0.1028));
#7030=CARTESIAN_POINT('',(0.03,-0.00585972222222222,0.114));
#7031=CARTESIAN_POINT('',(0.03,-0.00585972222222222,0.111099305555556));
#7032=CARTESIAN_POINT('',(0.03,3.46944695195361E-18,0.111099305555556));
#7033=CARTESIAN_POINT('',(0.03,-0.000315625,0.111099305555556));
#7034=CARTESIAN_POINT('',(0.03,-0.000315625,0.114));
#7035=CARTESIAN_POINT('',(0.03,-0.000315625,0.109381597222222));
#7036=CARTESIAN_POINT('',(0.03,3.46944695195361E-18,0.109381597222222));
#7037=CARTESIAN_POINT('',(0.03,-0.00383125,0.109381597222222));
#7038=CARTESIAN_POINT('',(0.03,-0.00383125,0.114));
#7039=CARTESIAN_POINT('',(0.03,-0.02,0.114));
#7040=CARTESIAN_POINT('',(0.03,-0.02,0.1135));
#7041=CARTESIAN_POINT('',(0.03,-0.02,0.1005));
#7042=CARTESIAN_POINT('',(0.03,0.02,0.1005));
#7043=CARTESIAN_POINT('',(0.03,0.02,0.1005));
#7044=CARTESIAN_POINT('',(0.03,0.02,0.114));
#7045=CARTESIAN_POINT('',(0.03,0.02,0.1135));
#7046=CARTESIAN_POINT('',(0.03,3.46944695195361E-18,0.1135));
#7047=CARTESIAN_POINT('',(0.006,-0.0171198346879287,0.104));
#7048=CARTESIAN_POINT('',(0.006,-0.0215,0.104));
#7049=CARTESIAN_POINT('',(0.006,-0.0215,0.106267591879244));
#7050=CARTESIAN_POINT('',(0.006,-0.0215,0.111732408120756));
#7051=CARTESIAN_POINT('',(0.006,-0.0171198346879287,0.111732408120756));
#7052=CARTESIAN_POINT('',(0.006,-0.0125392663473858,0.111732408120756));
#7053=CARTESIAN_POINT('',(0.006,-0.0125392663473858,0.106));
#7054=CARTESIAN_POINT('',(0.006,-0.0125392663473858,0.106267591879244));
#7055=CARTESIAN_POINT('',(0.006,-0.022,0.106267591879244));
#7056=CARTESIAN_POINT('',(-0.006,-0.0171198346879287,0.104));
#7057=CARTESIAN_POINT('',(-0.006,-0.0215,0.106));
#7058=CARTESIAN_POINT('',(-0.006,-0.0215,0.111732408120756));
#7059=CARTESIAN_POINT('',(-0.006,-0.0215,0.106267591879244));
#7060=CARTESIAN_POINT('',(-0.006,-0.0122396693758573,0.106267591879244));
#7061=CARTESIAN_POINT('',(-0.006,-0.0125392663473858,0.106267591879244));
#7062=CARTESIAN_POINT('',(-0.006,-0.0125392663473858,0.104));
#7063=CARTESIAN_POINT('',(-0.006,-0.0125392663473858,0.111732408120756));
#7064=CARTESIAN_POINT('',(-0.006,-0.0171198346879287,0.111732408120756));
#7065=CARTESIAN_POINT('',(0.,-0.022,0.104));
#7066=CARTESIAN_POINT('',(0.00385256350946111,-0.022,0.110672835737772));
#7067=CARTESIAN_POINT('',(0.003375,-0.022,0.110948557158515));
#7068=CARTESIAN_POINT('',(7.78959506851177E-18,-0.022,0.11289711431703));
#7069=CARTESIAN_POINT('',(-0.00385256350946111,-0.022,0.110672835737772));
#7070=CARTESIAN_POINT('',(-0.003375,-0.022,0.110948557158515));
#7071=CARTESIAN_POINT('',(-0.003375,-0.022,0.104));
#7072=CARTESIAN_POINT('',(-0.003375,-0.022,0.107051442841485));
#7073=CARTESIAN_POINT('',(0.000477563509461098,-0.022,0.104827164262227));
#7074=CARTESIAN_POINT('',(2.65856130512998E-17,-0.022,0.10510288568297));
#7075=CARTESIAN_POINT('',(-0.000477563509461085,-0.022,0.104827164262227));
#7076=CARTESIAN_POINT('',(0.003375,-0.022,0.107051442841485));
#7077=CARTESIAN_POINT('',(0.003375,-0.022,0.104));
#7078=CARTESIAN_POINT('',(-0.0055,-0.022,0.112));
#7079=CARTESIAN_POINT('',(-0.0055,-0.022,0.106267591879244));
#7080=CARTESIAN_POINT('',(-0.0055,-0.022,0.111732408120756));
#7081=CARTESIAN_POINT('',(-0.00526111144034893,-0.022,0.111891667160523));
#7082=CARTESIAN_POINT('',(-0.00444529980377478,-0.022,0.112435541584906));
#7083=CARTESIAN_POINT('',(-0.005,-0.022,0.113267591879244));
#7084=CARTESIAN_POINT('',(-0.004,-0.022,0.113267591879244));
#7085=CARTESIAN_POINT('',(-0.004,-0.022,0.104));
#7086=CARTESIAN_POINT('',(-0.004,-0.022,0.1135));
#7087=CARTESIAN_POINT('',(0.0045,-0.022,0.1135));
#7088=CARTESIAN_POINT('',(0.004,-0.022,0.1135));
#7089=CARTESIAN_POINT('',(0.004,-0.022,0.113));
#7090=CARTESIAN_POINT('',(0.004,-0.022,0.113267591879244));
#7091=CARTESIAN_POINT('',(0.005,-0.022,0.113267591879244));
#7092=CARTESIAN_POINT('',(0.00444529980377477,-0.022,0.112435541584906));
#7093=CARTESIAN_POINT('',(0.00572264990188739,-0.022,0.111583974852831));
#7094=CARTESIAN_POINT('',(0.0055,-0.022,0.111732408120756));
#7095=CARTESIAN_POINT('',(0.0055,-0.022,0.104));
#7096=CARTESIAN_POINT('',(0.0055,-0.022,0.106267591879244));
#7097=CARTESIAN_POINT('',(0.000645726824964315,-0.022,0.103031409762553));
#7098=CARTESIAN_POINT('',(0.00444529980377477,-0.022,0.105564458415094));
#7099=CARTESIAN_POINT('',(0.005,-0.022,0.104732408120756));
#7100=CARTESIAN_POINT('',(0.004,-0.022,0.104732408120756));
#7101=CARTESIAN_POINT('',(0.004,-0.022,0.104));
#7102=CARTESIAN_POINT('',(0.004,-0.022,0.1045));
#7103=CARTESIAN_POINT('',(0.,-0.022,0.1045));
#7104=CARTESIAN_POINT('',(-0.004,-0.022,0.1045));
#7105=CARTESIAN_POINT('',(-0.004,-0.022,0.105));
#7106=CARTESIAN_POINT('',(-0.004,-0.022,0.104732408120756));
#7107=CARTESIAN_POINT('',(-0.005,-0.022,0.104732408120756));
#7108=CARTESIAN_POINT('',(-0.00444529980377477,-0.022,0.105564458415094));
#7109=CARTESIAN_POINT('',(-0.00572264990188739,-0.022,0.106416025147169));
#7110=CARTESIAN_POINT('',(6.93889390390723E-18,0.0135,0.1));
#7111=CARTESIAN_POINT('',(6.93889390390723E-18,-0.0275,0.1));
#7112=CARTESIAN_POINT('',(-0.02,-0.0275,0.1));
#7113=CARTESIAN_POINT('',(0.0206815005205295,-0.0275,0.1));
#7114=CARTESIAN_POINT('',(0.0206815005205295,-0.0265,0.1));
#7115=CARTESIAN_POINT('',(0.0214376698364927,-0.0258456239876067,0.1));
#7116=CARTESIAN_POINT('',(0.0238006989488776,-0.0238006989488777,0.1));
#7117=CARTESIAN_POINT('',(0.0206793485463968,-0.0239516845936674,0.1));
#7118=CARTESIAN_POINT('',(0.019680516417603,-0.024,0.1));
#7119=CARTESIAN_POINT('',(0.019680516417603,-0.023,0.1));
#7120=CARTESIAN_POINT('',(-0.02,-0.023,0.1));
#7121=CARTESIAN_POINT('',(-0.02,-0.023,0.1));
#7122=CARTESIAN_POINT('',(-0.02,-0.02,0.1));
#7123=CARTESIAN_POINT('',(-0.023,-0.02,0.1));
#7124=CARTESIAN_POINT('',(-0.023,0.019680516417603,0.1));
#7125=CARTESIAN_POINT('',(-0.023,0.019680516417603,0.1));
#7126=CARTESIAN_POINT('',(-0.024,0.019680516417603,0.1));
#7127=CARTESIAN_POINT('',(-0.0239516845936674,0.0206793485463968,0.1));
#7128=CARTESIAN_POINT('',(-0.0238006989488777,0.0238006989488776,0.1));
#7129=CARTESIAN_POINT('',(-0.0258456239876067,0.0214376698364926,0.1));
#7130=CARTESIAN_POINT('',(-0.0265,0.0206815005205295,0.1));
#7131=CARTESIAN_POINT('',(-0.0275,0.0206815005205295,0.1));
#7132=CARTESIAN_POINT('',(-0.0275,0.0135,0.1));
#7133=CARTESIAN_POINT('',(-0.0275,-0.02,0.1));
#7134=CARTESIAN_POINT('',(-0.02,-0.02,0.1));
#7135=CARTESIAN_POINT('',(6.93889390390723E-18,0.0275,0.1));
#7136=CARTESIAN_POINT('',(0.02,0.0275,0.1));
#7137=CARTESIAN_POINT('',(-0.0206815005205295,0.0275,0.1));
#7138=CARTESIAN_POINT('',(-0.0206815005205295,0.0265,0.1));
#7139=CARTESIAN_POINT('',(-0.0214376698364927,0.0258456239876067,0.1));
#7140=CARTESIAN_POINT('',(-0.0238006989488777,0.0238006989488777,0.1));
#7141=CARTESIAN_POINT('',(-0.0206793485463968,0.0239516845936673,0.1));
#7142=CARTESIAN_POINT('',(-0.019680516417603,0.024,0.1));
#7143=CARTESIAN_POINT('',(-0.019680516417603,0.023,0.1));
#7144=CARTESIAN_POINT('',(0.02,0.023,0.1));
#7145=CARTESIAN_POINT('',(0.02,0.023,0.1));
#7146=CARTESIAN_POINT('',(0.02,0.02,0.1));
#7147=CARTESIAN_POINT('',(0.023,0.02,0.1));
#7148=CARTESIAN_POINT('',(0.023,-0.019680516417603,0.1));
#7149=CARTESIAN_POINT('',(0.023,-0.019680516417603,0.1));
#7150=CARTESIAN_POINT('',(0.024,-0.019680516417603,0.1));
#7151=CARTESIAN_POINT('',(0.0239516845936674,-0.0206793485463968,0.1));
#7152=CARTESIAN_POINT('',(0.0238006989488777,-0.0238006989488776,0.1));
#7153=CARTESIAN_POINT('',(0.0258456239876068,-0.0214376698364927,0.1));
#7154=CARTESIAN_POINT('',(0.0265,-0.0206815005205295,0.1));
#7155=CARTESIAN_POINT('',(0.0275,-0.0206815005205295,0.1));
#7156=CARTESIAN_POINT('',(0.0275,0.0135,0.1));
#7157=CARTESIAN_POINT('',(0.0275,0.02,0.1));
#7158=CARTESIAN_POINT('',(0.02,0.02,0.1));
#7159=CARTESIAN_POINT('',(6.93889390390723E-18,-0.0295,0.1));
#7160=CARTESIAN_POINT('',(0.02,-0.0295,0.1));
#7161=CARTESIAN_POINT('',(-0.02,-0.0295,0.1));
#7162=CARTESIAN_POINT('',(-0.02,-0.02,0.1));
#7163=CARTESIAN_POINT('',(-0.0295,-0.02,0.1));
#7164=CARTESIAN_POINT('',(-0.0295,0.0135,0.1));
#7165=CARTESIAN_POINT('',(-0.0295,0.02,0.1));
#7166=CARTESIAN_POINT('',(-0.02,0.02,0.1));
#7167=CARTESIAN_POINT('',(-0.02,0.0295,0.1));
#7168=CARTESIAN_POINT('',(0.02,0.0295,0.1));
#7169=CARTESIAN_POINT('',(0.02,0.0295,0.1));
#7170=CARTESIAN_POINT('',(0.02,0.02,0.1));
#7171=CARTESIAN_POINT('',(0.0295,0.02,0.1));
#7172=CARTESIAN_POINT('',(0.0295,-0.02,0.1));
#7173=CARTESIAN_POINT('',(0.0295,-0.02,0.1));
#7174=CARTESIAN_POINT('',(0.02,-0.02,0.1));
#7175=CARTESIAN_POINT('',(0.,0.,0.1));
#7176=CARTESIAN_POINT('',(0.012,0.,0.1));
#7177=CARTESIAN_POINT('',(-0.0238006989488777,0.0238006989488777,0.1));
#7178=CARTESIAN_POINT('',(-0.0216756989488777,0.0238006989488777,0.1));
#7179=CARTESIAN_POINT('',(0.0238006989488777,-0.0238006989488777,0.1));
#7180=CARTESIAN_POINT('',(0.0259256989488777,-0.0238006989488777,0.1));
#7181=CARTESIAN_POINT('',(0.,0.,0.114));
#7182=CARTESIAN_POINT('',(0.,0.,0.1035));
#7183=CARTESIAN_POINT('',(0.0115,0.,0.1035));
#7184=CARTESIAN_POINT('',(0.,0.,0.1005));
#7185=CARTESIAN_POINT('',(0.0115,0.,0.1005));
#7186=CARTESIAN_POINT('',(6.93889390390723E-18,0.0135,0.114));
#7187=CARTESIAN_POINT('',(-0.0238006989488777,0.0238006989488777,0.114));
#7188=CARTESIAN_POINT('',(-0.0216756989488777,0.0238006989488777,0.114));
#7189=CARTESIAN_POINT('',(0.0238006989488777,-0.0238006989488777,0.114));
#7190=CARTESIAN_POINT('',(0.0259256989488777,-0.0238006989488777,0.114));
#7191=CARTESIAN_POINT('',(8.32667268468867E-18,0.0295,0.114));
#7192=CARTESIAN_POINT('',(0.02,0.0295,0.114));
#7193=CARTESIAN_POINT('',(-0.02,0.0295,0.114));
#7194=CARTESIAN_POINT('',(-0.02,0.02,0.114));
#7195=CARTESIAN_POINT('',(-0.0295,0.02,0.114));
#7196=CARTESIAN_POINT('',(-0.0295,-0.02,0.114));
#7197=CARTESIAN_POINT('',(-0.0295,-0.02,0.114));
#7198=CARTESIAN_POINT('',(-0.02,-0.02,0.114));
#7199=CARTESIAN_POINT('',(-0.02,-0.0295,0.114));
#7200=CARTESIAN_POINT('',(0.02,-0.0295,0.114));
#7201=CARTESIAN_POINT('',(0.02,-0.0295,0.114));
#7202=CARTESIAN_POINT('',(0.02,-0.02,0.114));
#7203=CARTESIAN_POINT('',(0.0295,-0.02,0.114));
#7204=CARTESIAN_POINT('',(0.0295,0.0135,0.114));
#7205=CARTESIAN_POINT('',(0.0295,0.02,0.114));
#7206=CARTESIAN_POINT('',(0.02,0.02,0.114));
#7207=CARTESIAN_POINT('',(-0.004,-0.0215,0.114));
#7208=CARTESIAN_POINT('',(-0.005,-0.0215,0.114));
#7209=CARTESIAN_POINT('',(-0.004,-0.0225,0.114));
#7210=CARTESIAN_POINT('',(-0.005,0.0135,0.114));
#7211=CARTESIAN_POINT('',(-0.005,-0.013247042985171,0.114));
#7212=CARTESIAN_POINT('',(-1.7347234759768E-18,-0.000707106781186542,0.114));
#7213=CARTESIAN_POINT('',(-0.0095459415460184,0.00883883476483185,0.114));
#7214=CARTESIAN_POINT('',(-0.00244238815542512,0.0159423881554252,0.114));
#7215=CARTESIAN_POINT('',(-0.00176776695296637,0.0166170093578839,0.114));
#7216=CARTESIAN_POINT('',(-2.60208521396521E-18,0.0148492424049175,0.114));
#7217=CARTESIAN_POINT('',(0.00176776695296637,0.0166170093578839,0.114));
#7218=CARTESIAN_POINT('',(0.00244238815542513,0.0159423881554251,0.114));
#7219=CARTESIAN_POINT('',(0.0095459415460184,0.00883883476483184,0.114));
#7220=CARTESIAN_POINT('',(-1.7347234759768E-18,-0.000707106781186544,0.114));
#7221=CARTESIAN_POINT('',(0.005,-0.013247042985171,0.114));
#7222=CARTESIAN_POINT('',(0.005,-0.022,0.114));
#7223=CARTESIAN_POINT('',(0.005,-0.0215,0.114));
#7224=CARTESIAN_POINT('',(0.004,-0.0215,0.114));
#7225=CARTESIAN_POINT('',(0.004,-0.0225,0.114));
#7226=CARTESIAN_POINT('',(-0.0045,-0.0225,0.114));
#7227=CARTESIAN_POINT('',(0.02575,0.017,0.114));
#7228=CARTESIAN_POINT('',(0.026,0.017,0.114));
#7229=CARTESIAN_POINT('',(0.0255,0.017,0.114));
#7230=CARTESIAN_POINT('',(0.026,0.016,0.114));
#7231=CARTESIAN_POINT('',(0.027,0.016,0.114));
#7232=CARTESIAN_POINT('',(0.027,0.,0.114));
#7233=CARTESIAN_POINT('',(0.027,-0.016,0.114));
#7234=CARTESIAN_POINT('',(0.026,-0.016,0.114));
#7235=CARTESIAN_POINT('',(0.026,-0.017,0.114));
#7236=CARTESIAN_POINT('',(0.02575,-0.017,0.114));
#7237=CARTESIAN_POINT('',(0.0255,-0.017,0.114));
#7238=CARTESIAN_POINT('',(0.0255,-0.016,0.114));
#7239=CARTESIAN_POINT('',(0.0245,-0.016,0.114));
#7240=CARTESIAN_POINT('',(0.0245,0.,0.114));
#7241=CARTESIAN_POINT('',(0.0245,0.016,0.114));
#7242=CARTESIAN_POINT('',(0.0255,0.016,0.114));
#7243=CARTESIAN_POINT('',(3.46944695195361E-18,0.0245,0.114));
#7244=CARTESIAN_POINT('',(-0.016,0.0245,0.114));
#7245=CARTESIAN_POINT('',(0.016,0.0245,0.114));
#7246=CARTESIAN_POINT('',(-0.016,0.0255,0.114));
#7247=CARTESIAN_POINT('',(-0.017,0.0255,0.114));
#7248=CARTESIAN_POINT('',(-0.017,0.02575,0.114));
#7249=CARTESIAN_POINT('',(-0.017,0.026,0.114));
#7250=CARTESIAN_POINT('',(-0.016,0.026,0.114));
#7251=CARTESIAN_POINT('',(-0.016,0.027,0.114));
#7252=CARTESIAN_POINT('',(3.46944695195361E-18,0.027,0.114));
#7253=CARTESIAN_POINT('',(0.016,0.027,0.114));
#7254=CARTESIAN_POINT('',(0.016,0.026,0.114));
#7255=CARTESIAN_POINT('',(0.017,0.026,0.114));
#7256=CARTESIAN_POINT('',(0.017,0.02575,0.114));
#7257=CARTESIAN_POINT('',(0.017,0.0255,0.114));
#7258=CARTESIAN_POINT('',(0.016,0.0255,0.114));
#7259=CARTESIAN_POINT('',(-0.02575,0.017,0.114));
#7260=CARTESIAN_POINT('',(-0.0255,0.017,0.114));
#7261=CARTESIAN_POINT('',(-0.026,0.017,0.114));
#7262=CARTESIAN_POINT('',(-0.0255,0.016,0.114));
#7263=CARTESIAN_POINT('',(-0.0245,0.016,0.114));
#7264=CARTESIAN_POINT('',(-0.0245,0.,0.114));
#7265=CARTESIAN_POINT('',(-0.0245,-0.016,0.114));
#7266=CARTESIAN_POINT('',(-0.0255,-0.016,0.114));
#7267=CARTESIAN_POINT('',(-0.0255,-0.017,0.114));
#7268=CARTESIAN_POINT('',(-0.02575,-0.017,0.114));
#7269=CARTESIAN_POINT('',(-0.026,-0.017,0.114));
#7270=CARTESIAN_POINT('',(-0.026,-0.016,0.114));
#7271=CARTESIAN_POINT('',(-0.027,-0.016,0.114));
#7272=CARTESIAN_POINT('',(-0.027,0.,0.114));
#7273=CARTESIAN_POINT('',(-0.027,0.016,0.114));
#7274=CARTESIAN_POINT('',(-0.026,0.016,0.114));
#7275=CARTESIAN_POINT('',(0.017,-0.02575,0.114));
#7276=CARTESIAN_POINT('',(0.017,-0.026,0.114));
#7277=CARTESIAN_POINT('',(0.017,-0.0255,0.114));
#7278=CARTESIAN_POINT('',(0.016,-0.026,0.114));
#7279=CARTESIAN_POINT('',(0.016,-0.027,0.114));
#7280=CARTESIAN_POINT('',(3.46944695195361E-18,-0.027,0.114));
#7281=CARTESIAN_POINT('',(-0.016,-0.027,0.114));
#7282=CARTESIAN_POINT('',(-0.016,-0.026,0.114));
#7283=CARTESIAN_POINT('',(-0.017,-0.026,0.114));
#7284=CARTESIAN_POINT('',(-0.017,-0.02575,0.114));
#7285=CARTESIAN_POINT('',(-0.017,-0.0255,0.114));
#7286=CARTESIAN_POINT('',(-0.016,-0.0255,0.114));
#7287=CARTESIAN_POINT('',(-0.016,-0.0245,0.114));
#7288=CARTESIAN_POINT('',(3.46944695195361E-18,-0.0245,0.114));
#7289=CARTESIAN_POINT('',(0.016,-0.0245,0.114));
#7290=CARTESIAN_POINT('',(0.016,-0.0255,0.114));
#7291=CARTESIAN_POINT('',(0.02,0.02,0.114));
#7292=CARTESIAN_POINT('',(0.02,0.02,0.1005));
#7293=CARTESIAN_POINT('',(0.02,0.03,0.1005));
#7294=CARTESIAN_POINT('',(0.02,0.03,0.114));
#7295=CARTESIAN_POINT('',(0.02,0.03,0.1135));
#7296=CARTESIAN_POINT('',(0.02,0.02,0.1135));
#7297=CARTESIAN_POINT('',(0.,0.03,0.114));
#7298=CARTESIAN_POINT('',(-0.02,0.03,0.1005));
#7299=CARTESIAN_POINT('',(-0.02,0.03,0.1005));
#7300=CARTESIAN_POINT('',(-0.02,0.03,0.114));
#7301=CARTESIAN_POINT('',(-0.02,0.03,0.1135));
#7302=CARTESIAN_POINT('',(0.,0.03,0.1135));
#7303=CARTESIAN_POINT('',(-0.02,0.02,0.114));
#7304=CARTESIAN_POINT('',(-0.02,0.02,0.1005));
#7305=CARTESIAN_POINT('',(-0.03,0.02,0.1005));
#7306=CARTESIAN_POINT('',(-0.03,0.02,0.114));
#7307=CARTESIAN_POINT('',(-0.03,0.02,0.1135));
#7308=CARTESIAN_POINT('',(-0.02,0.02,0.1135));
#7309=CARTESIAN_POINT('',(-0.03,-3.46944695195361E-18,0.114));
#7310=CARTESIAN_POINT('',(-0.03,-3.46944695195361E-18,0.1005));
#7311=CARTESIAN_POINT('',(-0.03,-0.02,0.1005));
#7312=CARTESIAN_POINT('',(-0.03,-0.02,0.114));
#7313=CARTESIAN_POINT('',(-0.03,-0.02,0.1135));
#7314=CARTESIAN_POINT('',(-0.03,0.02,0.1135));
#7315=CARTESIAN_POINT('',(-0.02,-0.02,0.114));
#7316=CARTESIAN_POINT('',(-0.02,-0.02,0.1005));
#7317=CARTESIAN_POINT('',(-0.02,-0.03,0.1005));
#7318=CARTESIAN_POINT('',(-0.02,-0.03,0.114));
#7319=CARTESIAN_POINT('',(-0.02,-0.03,0.1135));
#7320=CARTESIAN_POINT('',(-0.02,-0.02,0.1135));
#7321=CARTESIAN_POINT('',(0.,-0.03,0.114));
#7322=CARTESIAN_POINT('',(-3.46944695195361E-18,-0.03,0.109));
#7323=CARTESIAN_POINT('',(-3.46944695195361E-18,-0.03,0.111125));
#7324=CARTESIAN_POINT('',(0.,-0.03,0.1005));
#7325=CARTESIAN_POINT('',(0.02,-0.03,0.1005));
#7326=CARTESIAN_POINT('',(0.02,-0.03,0.114));
#7327=CARTESIAN_POINT('',(0.02,-0.03,0.1135));
#7328=CARTESIAN_POINT('',(-0.02,-0.03,0.1135));
#7329=CARTESIAN_POINT('',(0.02,-0.02,0.114));
#7330=CARTESIAN_POINT('',(0.02,-0.02,0.1005));
#7331=CARTESIAN_POINT('',(0.02,-0.02,0.1135));
#7332=CARTESIAN_POINT('',(0.0238006989488777,-0.0238006989488777,0.114));
#7333=CARTESIAN_POINT('',(0.0238006989488777,-0.0238006989488777,0.1135));
#7334=CARTESIAN_POINT('',(0.0254256989488777,-0.0238006989488777,0.1135));
#7335=CARTESIAN_POINT('',(0.0238006989488777,-0.0238006989488777,0.1005));
#7336=CARTESIAN_POINT('',(0.0254256989488777,-0.0238006989488777,0.1005));
#7337=CARTESIAN_POINT('',(-0.0238006989488777,0.0238006989488777,0.114));
#7338=CARTESIAN_POINT('',(-0.0238006989488777,0.0238006989488777,0.1135));
#7339=CARTESIAN_POINT('',(-0.0221756989488777,0.0238006989488777,0.1135));
#7340=CARTESIAN_POINT('',(-0.0238006989488777,0.0238006989488777,0.1005));
#7341=CARTESIAN_POINT('',(-0.0221756989488777,0.0238006989488777,0.1005));
#7342=CARTESIAN_POINT('',(-1.7347234759768E-18,-0.000707106781186544,0.104));
#7343=CARTESIAN_POINT('',(0.00481481481481482,-0.0127826009035419,0.104));
#7344=CARTESIAN_POINT('',(0.00481481481481482,-0.0127826009035419,0.113267591879244));
#7345=CARTESIAN_POINT('',(0.00481481481481482,-0.0127826009035419,0.1135));
#7346=CARTESIAN_POINT('',(-1.7347234759768E-18,-0.000707106781186544,0.1135));
#7347=CARTESIAN_POINT('',(0.00919238815542512,0.00848528137423857,0.1135));
#7348=CARTESIAN_POINT('',(0.00919238815542512,0.00848528137423857,0.104));
#7349=CARTESIAN_POINT('',(0.00919238815542512,0.00848528137423857,0.104));
#7350=CARTESIAN_POINT('',(-1.7347234759768E-18,-0.000707106781186544,0.104));
#7351=CARTESIAN_POINT('',(0.004,-0.0130764236580395,0.104));
#7352=CARTESIAN_POINT('',(0.004,-0.0130764236580395,0.104));
#7353=CARTESIAN_POINT('',(0.00425851453100257,-0.0129928250135626,0.104));
#7354=CARTESIAN_POINT('',(0.0045,-0.012903417698837,0.104227847369411));
#7355=CARTESIAN_POINT('',(0.0045,-0.012903417698837,0.1045));
#7356=CARTESIAN_POINT('',(0.0045,-0.012903417698837,0.1045));
#7357=CARTESIAN_POINT('',(0.0045,-0.012903417698837,0.104));
#7358=CARTESIAN_POINT('',(0.0045,-0.012903417698837,0.104514459402807));
#7359=CARTESIAN_POINT('',(-1.7347234759768E-18,-0.000707106781186544,0.101399074787423));
#7360=CARTESIAN_POINT('',(0.00583045204080948,-0.0123263076573148,0.105435541584906));
#7361=CARTESIAN_POINT('',(0.00625925925925926,-0.0121010382153043,0.106267591879244));
#7362=CARTESIAN_POINT('',(0.00625925925925926,-0.0121010382153043,0.105928770550098));
#7363=CARTESIAN_POINT('',(0.00608746785244161,-0.0121973385156823,0.105613475608344));
#7364=CARTESIAN_POINT('',(0.00583045204080949,-0.0123263076573148,0.105435541584906));
#7365=CARTESIAN_POINT('',(0.00625925925925926,-0.0121010382153043,0.106267591879244));
#7366=CARTESIAN_POINT('',(0.00625925925925926,-0.0121010382153043,0.104));
#7367=CARTESIAN_POINT('',(0.00625925925925926,-0.0121010382153043,0.111732408120756));
#7368=CARTESIAN_POINT('',(0.00583045204080949,-0.0123263076573148,0.112564458415094));
#7369=CARTESIAN_POINT('',(0.00608704545346887,-0.012197550473198,0.112386816821714));
#7370=CARTESIAN_POINT('',(0.00625925925925926,-0.0121010382153043,0.112070517166176));
#7371=CARTESIAN_POINT('',(0.00625925925925926,-0.0121010382153043,0.111732408120756));
#7372=CARTESIAN_POINT('',(0.00583045204080949,-0.0123263076573148,0.112564458415094));
#7373=CARTESIAN_POINT('',(-1.7347234759768E-18,-0.000707106781186544,0.116600925212577));
#7374=CARTESIAN_POINT('',(0.00459619407771256,0.0130814754519511,0.104));
#7375=CARTESIAN_POINT('',(0.00459619407771256,0.0130814754519511,0.1135));
#7376=CARTESIAN_POINT('',(0.00141421356237309,0.0162634559672906,0.1135));
#7377=CARTESIAN_POINT('',(0.00141421356237309,0.0162634559672906,0.104));
#7378=CARTESIAN_POINT('',(0.00141421356237309,0.0162634559672906,0.104));
#7379=CARTESIAN_POINT('',(0.00459619407771256,0.0130814754519511,0.104));
#7380=CARTESIAN_POINT('',(-0.00459619407771256,0.0130814754519511,0.104));
#7381=CARTESIAN_POINT('',(-0.0014142135623731,0.0162634559672906,0.114));
#7382=CARTESIAN_POINT('',(-0.0014142135623731,0.0162634559672906,0.104));
#7383=CARTESIAN_POINT('',(-0.0014142135623731,0.0162634559672906,0.1135));
#7384=CARTESIAN_POINT('',(-0.00459619407771256,0.0130814754519511,0.1135));
#7385=CARTESIAN_POINT('',(-0.00919238815542512,0.00848528137423858,0.1135));
#7386=CARTESIAN_POINT('',(-0.00919238815542512,0.00848528137423858,0.104));
#7387=CARTESIAN_POINT('',(-0.00919238815542512,0.00848528137423858,0.104));
#7388=CARTESIAN_POINT('',(-0.00459619407771256,0.0130814754519511,0.104));
#7389=CARTESIAN_POINT('',(-1.7347234759768E-18,-0.000707106781186542,0.104));
#7390=CARTESIAN_POINT('',(-1.7347234759768E-18,-0.000707106781186542,0.1135));
#7391=CARTESIAN_POINT('',(-0.00481481481481482,-0.0127826009035419,0.1135));
#7392=CARTESIAN_POINT('',(-0.00481481481481482,-0.0127826009035419,0.104));
#7393=CARTESIAN_POINT('',(-0.00481481481481481,-0.0127826009035419,0.113267591879244));
#7394=CARTESIAN_POINT('',(-1.7347234759768E-18,-0.000707106781186542,0.116600925212577));
#7395=CARTESIAN_POINT('',(-0.00583045204080948,-0.0123263076573148,0.112564458415094));
#7396=CARTESIAN_POINT('',(-0.00625925925925926,-0.0121010382153043,0.111732408120756));
#7397=CARTESIAN_POINT('',(-0.00625925925925926,-0.0121010382153043,0.112071229449902));
#7398=CARTESIAN_POINT('',(-0.00608746785244169,-0.0121973385156822,0.112386524391656));
#7399=CARTESIAN_POINT('',(-0.00583045204080949,-0.0123263076573148,0.112564458415094));
#7400=CARTESIAN_POINT('',(-0.00625925925925926,-0.0121010382153043,0.111732408120756));
#7401=CARTESIAN_POINT('',(-0.00625925925925926,-0.0121010382153043,0.104));
#7402=CARTESIAN_POINT('',(-0.00625925925925926,-0.0121010382153043,0.106267591879244));
#7403=CARTESIAN_POINT('',(-0.00583045204080947,-0.0123263076573148,0.105435541584906));
#7404=CARTESIAN_POINT('',(-0.00608704545346887,-0.012197550473198,0.105613183178286));
#7405=CARTESIAN_POINT('',(-0.00625925925925926,-0.0121010382153043,0.105929482833824));
#7406=CARTESIAN_POINT('',(-0.00625925925925926,-0.0121010382153043,0.106267591879244));
#7407=CARTESIAN_POINT('',(-0.00583045204080947,-0.0123263076573148,0.105435541584906));
#7408=CARTESIAN_POINT('',(-1.7347234759768E-18,-0.000707106781186542,0.101399074787423));
#7409=CARTESIAN_POINT('',(-0.0045,-0.012903417698837,0.104514459402807));
#7410=CARTESIAN_POINT('',(-0.0045,-0.012903417698837,0.104));
#7411=CARTESIAN_POINT('',(-0.0045,-0.012903417698837,0.1045));
#7412=CARTESIAN_POINT('',(-0.0045,-0.012903417698837,0.1045));
#7413=CARTESIAN_POINT('',(-0.0045,-0.012903417698837,0.104228163167443));
#7414=CARTESIAN_POINT('',(-0.00425827242930833,-0.0129929033046103,0.104));
#7415=CARTESIAN_POINT('',(-0.004,-0.0130764236580395,0.104));
#7416=CARTESIAN_POINT('',(-0.004,-0.0130764236580395,0.104));
#7417=CARTESIAN_POINT('',(-1.7347234759768E-18,-0.000707106781186542,0.104));
#7418=CARTESIAN_POINT('',(0.,0.,0.104));
#7419=CARTESIAN_POINT('',(0.,0.,0.104));
#7420=CARTESIAN_POINT('',(0.012,0.,0.104));
#7421=CARTESIAN_POINT('',(0.004,-0.012903417698837,0.104));
#7422=CARTESIAN_POINT('',(0.004,-0.0215,0.104));
#7423=CARTESIAN_POINT('',(-2.60208521396521E-18,0.0148492424049175,0.104));
#7424=CARTESIAN_POINT('',(-0.004,0.,0.104));
#7425=CARTESIAN_POINT('',(-0.004,-0.0215,0.104));
#7426=CARTESIAN_POINT('',(0.,-0.0215,0.104));
#7427=CARTESIAN_POINT('',(-0.0238006989488777,0.0238006989488777,0.104));
#7428=CARTESIAN_POINT('',(-0.0201799324819999,0.0239758422968336,0.104));
#7429=CARTESIAN_POINT('',(-0.0201799324819999,0.0239758422968336,0.104));
#7430=CARTESIAN_POINT('',(-0.0201799324819999,0.0239758422968336,0.1005));
#7431=CARTESIAN_POINT('',(-0.0238006989488777,0.0238006989488777,0.1005));
#7432=CARTESIAN_POINT('',(-0.0210595851785111,0.0261728119938033,0.1005));
#7433=CARTESIAN_POINT('',(-0.0210595851785111,0.0261728119938033,0.104));
#7434=CARTESIAN_POINT('',(-0.0210595851785111,0.0261728119938033,0.104));
#7435=CARTESIAN_POINT('',(-0.0238006989488777,0.0238006989488777,0.104));
#7436=CARTESIAN_POINT('',(-0.0206815005205295,0.0265,0.104));
#7437=CARTESIAN_POINT('',(-0.0206815005205295,0.0265,0.1005));
#7438=CARTESIAN_POINT('',(-0.0206815005205295,0.027,0.1005));
#7439=CARTESIAN_POINT('',(-0.0206815005205295,0.027,0.104));
#7440=CARTESIAN_POINT('',(-0.0206815005205295,0.027,0.104));
#7441=CARTESIAN_POINT('',(-0.0206815005205295,0.0265,0.104));
#7442=CARTESIAN_POINT('',(-0.000340750260264745,0.027,0.104));
#7443=CARTESIAN_POINT('',(-0.000340750260264745,0.027,0.1005));
#7444=CARTESIAN_POINT('',(0.02,0.027,0.1005));
#7445=CARTESIAN_POINT('',(0.02,0.027,0.104));
#7446=CARTESIAN_POINT('',(0.02,0.027,0.104));
#7447=CARTESIAN_POINT('',(-0.000340750260264745,0.027,0.104));
#7448=CARTESIAN_POINT('',(0.02,0.02,0.104));
#7449=CARTESIAN_POINT('',(0.02,0.02,0.1005));
#7450=CARTESIAN_POINT('',(0.027,0.02,0.1005));
#7451=CARTESIAN_POINT('',(0.027,0.02,0.104));
#7452=CARTESIAN_POINT('',(0.027,0.02,0.104));
#7453=CARTESIAN_POINT('',(0.02,0.02,0.104));
#7454=CARTESIAN_POINT('',(0.027,-0.000340750260264745,0.104));
#7455=CARTESIAN_POINT('',(0.027,-0.000340750260264745,0.1005));
#7456=CARTESIAN_POINT('',(0.027,-0.0206815005205295,0.1005));
#7457=CARTESIAN_POINT('',(0.027,-0.0206815005205295,0.104));
#7458=CARTESIAN_POINT('',(0.027,-0.0206815005205295,0.104));
#7459=CARTESIAN_POINT('',(0.027,-0.000340750260264745,0.104));
#7460=CARTESIAN_POINT('',(0.0265,-0.0206815005205295,0.104));
#7461=CARTESIAN_POINT('',(0.0265,-0.0206815005205295,0.1005));
#7462=CARTESIAN_POINT('',(0.0261728119938033,-0.0210595851785111,0.1005));
#7463=CARTESIAN_POINT('',(0.0261728119938033,-0.0210595851785111,0.104));
#7464=CARTESIAN_POINT('',(0.0261728119938033,-0.0210595851785111,0.104));
#7465=CARTESIAN_POINT('',(0.0265,-0.0206815005205295,0.104));
#7466=CARTESIAN_POINT('',(0.0238006989488777,-0.0238006989488776,0.104));
#7467=CARTESIAN_POINT('',(0.0238006989488777,-0.0238006989488776,0.1005));
#7468=CARTESIAN_POINT('',(0.0239758422968336,-0.0201799324819999,0.1005));
#7469=CARTESIAN_POINT('',(0.0239758422968336,-0.0201799324819999,0.104));
#7470=CARTESIAN_POINT('',(0.0239758422968336,-0.0201799324819999,0.104));
#7471=CARTESIAN_POINT('',(0.0238006989488777,-0.0238006989488776,0.104));
#7472=CARTESIAN_POINT('',(0.024,-0.019680516417603,0.104));
#7473=CARTESIAN_POINT('',(0.024,-0.019680516417603,0.1005));
#7474=CARTESIAN_POINT('',(0.0235,-0.019680516417603,0.1005));
#7475=CARTESIAN_POINT('',(0.0235,-0.019680516417603,0.104));
#7476=CARTESIAN_POINT('',(0.0235,-0.019680516417603,0.104));
#7477=CARTESIAN_POINT('',(0.024,-0.019680516417603,0.104));
#7478=CARTESIAN_POINT('',(0.0235,0.000159741791198521,0.104));
#7479=CARTESIAN_POINT('',(0.0235,0.02,0.1005));
#7480=CARTESIAN_POINT('',(0.0235,0.02,0.1005));
#7481=CARTESIAN_POINT('',(0.0235,0.02,0.104));
#7482=CARTESIAN_POINT('',(0.0235,0.02,0.104));
#7483=CARTESIAN_POINT('',(0.0235,0.000159741791198521,0.104));
#7484=CARTESIAN_POINT('',(0.02,0.02,0.104));
#7485=CARTESIAN_POINT('',(0.02,0.02,0.1005));
#7486=CARTESIAN_POINT('',(0.02,0.0235,0.1005));
#7487=CARTESIAN_POINT('',(0.02,0.0235,0.104));
#7488=CARTESIAN_POINT('',(0.02,0.0235,0.104));
#7489=CARTESIAN_POINT('',(0.02,0.02,0.104));
#7490=CARTESIAN_POINT('',(0.000159741791198521,0.0235,0.104));
#7491=CARTESIAN_POINT('',(-0.019680516417603,0.0235,0.1005));
#7492=CARTESIAN_POINT('',(-0.019680516417603,0.0235,0.1005));
#7493=CARTESIAN_POINT('',(-0.019680516417603,0.0235,0.104));
#7494=CARTESIAN_POINT('',(-0.019680516417603,0.0235,0.104));
#7495=CARTESIAN_POINT('',(0.000159741791198521,0.0235,0.104));
#7496=CARTESIAN_POINT('',(-0.019680516417603,0.024,0.104));
#7497=CARTESIAN_POINT('',(-0.019680516417603,0.024,0.1005));
#7498=CARTESIAN_POINT('',(-0.019680516417603,0.024,0.104));
#7499=CARTESIAN_POINT('',(0.,0.,0.104));
#7500=CARTESIAN_POINT('',(-0.0238006989488777,0.0238006989488776,0.104));
#7501=CARTESIAN_POINT('',(-0.0261728119938033,0.021059585178511,0.104));
#7502=CARTESIAN_POINT('',(-0.0261728119938033,0.021059585178511,0.104));
#7503=CARTESIAN_POINT('',(-0.0261728119938033,0.021059585178511,0.1005));
#7504=CARTESIAN_POINT('',(-0.0238006989488777,0.0238006989488776,0.1005));
#7505=CARTESIAN_POINT('',(-0.0239758422968336,0.0201799324819999,0.1005));
#7506=CARTESIAN_POINT('',(-0.0239758422968336,0.0201799324819999,0.104));
#7507=CARTESIAN_POINT('',(-0.0239758422968336,0.0201799324819999,0.104));
#7508=CARTESIAN_POINT('',(-0.0238006989488777,0.0238006989488776,0.104));
#7509=CARTESIAN_POINT('',(-0.024,0.019680516417603,0.104));
#7510=CARTESIAN_POINT('',(-0.024,0.019680516417603,0.1005));
#7511=CARTESIAN_POINT('',(-0.0235,0.019680516417603,0.1005));
#7512=CARTESIAN_POINT('',(-0.0235,0.019680516417603,0.104));
#7513=CARTESIAN_POINT('',(-0.0235,0.019680516417603,0.104));
#7514=CARTESIAN_POINT('',(-0.024,0.019680516417603,0.104));
#7515=CARTESIAN_POINT('',(-0.0235,-0.000159741791198535,0.104));
#7516=CARTESIAN_POINT('',(-0.0235,-0.02,0.1005));
#7517=CARTESIAN_POINT('',(-0.0235,-0.02,0.1005));
#7518=CARTESIAN_POINT('',(-0.0235,-0.02,0.104));
#7519=CARTESIAN_POINT('',(-0.0235,-0.02,0.104));
#7520=CARTESIAN_POINT('',(-0.0235,-0.000159741791198535,0.104));
#7521=CARTESIAN_POINT('',(-0.02,-0.02,0.104));
#7522=CARTESIAN_POINT('',(-0.02,-0.02,0.1005));
#7523=CARTESIAN_POINT('',(-0.02,-0.0235,0.1005));
#7524=CARTESIAN_POINT('',(-0.02,-0.0235,0.104));
#7525=CARTESIAN_POINT('',(-0.02,-0.0235,0.104));
#7526=CARTESIAN_POINT('',(-0.02,-0.02,0.104));
#7527=CARTESIAN_POINT('',(-0.000159741791198528,-0.0235,0.104));
#7528=CARTESIAN_POINT('',(0.019680516417603,-0.0235,0.1005));
#7529=CARTESIAN_POINT('',(0.019680516417603,-0.0235,0.1005));
#7530=CARTESIAN_POINT('',(0.019680516417603,-0.0235,0.104));
#7531=CARTESIAN_POINT('',(0.019680516417603,-0.0235,0.104));
#7532=CARTESIAN_POINT('',(-0.000159741791198528,-0.0235,0.104));
#7533=CARTESIAN_POINT('',(0.019680516417603,-0.024,0.104));
#7534=CARTESIAN_POINT('',(0.019680516417603,-0.024,0.1005));
#7535=CARTESIAN_POINT('',(0.0201799324819999,-0.0239758422968337,0.1005));
#7536=CARTESIAN_POINT('',(0.0201799324819999,-0.0239758422968337,0.104));
#7537=CARTESIAN_POINT('',(0.0201799324819999,-0.0239758422968337,0.104));
#7538=CARTESIAN_POINT('',(0.019680516417603,-0.024,0.104));
#7539=CARTESIAN_POINT('',(0.0238006989488776,-0.0238006989488777,0.104));
#7540=CARTESIAN_POINT('',(0.0238006989488776,-0.0238006989488777,0.1005));
#7541=CARTESIAN_POINT('',(0.0210595851785111,-0.0261728119938033,0.1005));
#7542=CARTESIAN_POINT('',(0.0210595851785111,-0.0261728119938033,0.104));
#7543=CARTESIAN_POINT('',(0.0210595851785111,-0.0261728119938033,0.104));
#7544=CARTESIAN_POINT('',(0.0238006989488776,-0.0238006989488777,0.104));
#7545=CARTESIAN_POINT('',(0.0206815005205295,-0.0265,0.104));
#7546=CARTESIAN_POINT('',(0.0206815005205295,-0.0265,0.1005));
#7547=CARTESIAN_POINT('',(0.0206815005205295,-0.027,0.1005));
#7548=CARTESIAN_POINT('',(0.0206815005205295,-0.027,0.104));
#7549=CARTESIAN_POINT('',(0.0206815005205295,-0.027,0.104));
#7550=CARTESIAN_POINT('',(0.0206815005205295,-0.0265,0.104));
#7551=CARTESIAN_POINT('',(0.000340750260264741,-0.027,0.104));
#7552=CARTESIAN_POINT('',(0.000340750260264741,-0.027,0.1005));
#7553=CARTESIAN_POINT('',(-0.02,-0.027,0.1005));
#7554=CARTESIAN_POINT('',(-0.02,-0.027,0.104));
#7555=CARTESIAN_POINT('',(-0.02,-0.027,0.104));
#7556=CARTESIAN_POINT('',(0.000340750260264741,-0.027,0.104));
#7557=CARTESIAN_POINT('',(-0.02,-0.02,0.104));
#7558=CARTESIAN_POINT('',(-0.02,-0.02,0.1005));
#7559=CARTESIAN_POINT('',(-0.027,-0.02,0.1005));
#7560=CARTESIAN_POINT('',(-0.027,-0.02,0.104));
#7561=CARTESIAN_POINT('',(-0.027,-0.02,0.104));
#7562=CARTESIAN_POINT('',(-0.02,-0.02,0.104));
#7563=CARTESIAN_POINT('',(-0.027,0.000340750260264727,0.104));
#7564=CARTESIAN_POINT('',(-0.027,0.000340750260264727,0.1005));
#7565=CARTESIAN_POINT('',(-0.027,0.0206815005205295,0.1005));
#7566=CARTESIAN_POINT('',(-0.027,0.0206815005205295,0.104));
#7567=CARTESIAN_POINT('',(-0.027,0.0206815005205295,0.104));
#7568=CARTESIAN_POINT('',(-0.027,0.000340750260264727,0.104));
#7569=CARTESIAN_POINT('',(-0.0265,0.0206815005205295,0.104));
#7570=CARTESIAN_POINT('',(-0.0265,0.0206815005205295,0.1005));
#7571=CARTESIAN_POINT('',(-0.0265,0.0206815005205295,0.104));
#7572=CARTESIAN_POINT('',(0.,0.,0.104));
#7573=CARTESIAN_POINT('',(0.017,-0.02575,0.117));
#7574=CARTESIAN_POINT('',(0.017,-0.0255,0.117));
#7575=CARTESIAN_POINT('',(0.017,-0.0255,0.1165));
#7576=CARTESIAN_POINT('',(0.017,-0.026,0.1165));
#7577=CARTESIAN_POINT('',(0.017,-0.026,0.1165));
#7578=CARTESIAN_POINT('',(0.017,-0.026,0.117));
#7579=CARTESIAN_POINT('',(3.46944695195361E-18,-0.0245,0.117));
#7580=CARTESIAN_POINT('',(-0.016,-0.0245,0.117));
#7581=CARTESIAN_POINT('',(-0.016,-0.0245,0.1165));
#7582=CARTESIAN_POINT('',(0.016,-0.0245,0.1165));
#7583=CARTESIAN_POINT('',(0.016,-0.0245,0.1165));
#7584=CARTESIAN_POINT('',(0.016,-0.0245,0.117));
#7585=CARTESIAN_POINT('',(-0.017,-0.02575,0.117));
#7586=CARTESIAN_POINT('',(-0.017,-0.026,0.117));
#7587=CARTESIAN_POINT('',(-0.017,-0.026,0.1165));
#7588=CARTESIAN_POINT('',(-0.017,-0.0255,0.1165));
#7589=CARTESIAN_POINT('',(-0.017,-0.0255,0.1165));
#7590=CARTESIAN_POINT('',(-0.017,-0.0255,0.117));
#7591=CARTESIAN_POINT('',(3.46944695195361E-18,-0.027,0.117));
#7592=CARTESIAN_POINT('',(0.016,-0.027,0.117));
#7593=CARTESIAN_POINT('',(0.016,-0.027,0.1165));
#7594=CARTESIAN_POINT('',(-0.016,-0.027,0.1165));
#7595=CARTESIAN_POINT('',(-0.016,-0.027,0.1165));
#7596=CARTESIAN_POINT('',(-0.016,-0.027,0.117));
#7597=CARTESIAN_POINT('',(0.,0.,0.117));
#7598=CARTESIAN_POINT('',(0.016,-0.026,0.117));
#7599=CARTESIAN_POINT('',(0.016,-0.0265,0.117));
#7600=CARTESIAN_POINT('',(0.0165,-0.026,0.117));
#7601=CARTESIAN_POINT('',(0.0165,-0.0255,0.117));
#7602=CARTESIAN_POINT('',(0.0165,-0.0255,0.117));
#7603=CARTESIAN_POINT('',(0.016,-0.0255,0.117));
#7604=CARTESIAN_POINT('',(0.016,-0.025,0.117));
#7605=CARTESIAN_POINT('',(-0.016,-0.025,0.117));
#7606=CARTESIAN_POINT('',(-0.016,-0.025,0.117));
#7607=CARTESIAN_POINT('',(-0.016,-0.0255,0.117));
#7608=CARTESIAN_POINT('',(-0.0165,-0.0255,0.117));
#7609=CARTESIAN_POINT('',(-0.0165,-0.026,0.117));
#7610=CARTESIAN_POINT('',(-0.0165,-0.026,0.117));
#7611=CARTESIAN_POINT('',(-0.016,-0.026,0.117));
#7612=CARTESIAN_POINT('',(-0.016,-0.0265,0.117));
#7613=CARTESIAN_POINT('',(0.016,-0.0265,0.117));
#7614=CARTESIAN_POINT('',(-0.02575,0.017,0.117));
#7615=CARTESIAN_POINT('',(-0.026,0.017,0.117));
#7616=CARTESIAN_POINT('',(-0.026,0.017,0.1165));
#7617=CARTESIAN_POINT('',(-0.0255,0.017,0.1165));
#7618=CARTESIAN_POINT('',(-0.0255,0.017,0.1165));
#7619=CARTESIAN_POINT('',(-0.0255,0.017,0.117));
#7620=CARTESIAN_POINT('',(-0.027,0.,0.117));
#7621=CARTESIAN_POINT('',(-0.027,-0.016,0.117));
#7622=CARTESIAN_POINT('',(-0.027,-0.016,0.1165));
#7623=CARTESIAN_POINT('',(-0.027,0.016,0.1165));
#7624=CARTESIAN_POINT('',(-0.027,0.016,0.1165));
#7625=CARTESIAN_POINT('',(-0.027,0.016,0.117));
#7626=CARTESIAN_POINT('',(-0.02575,-0.017,0.117));
#7627=CARTESIAN_POINT('',(-0.0255,-0.017,0.117));
#7628=CARTESIAN_POINT('',(-0.0255,-0.017,0.1165));
#7629=CARTESIAN_POINT('',(-0.026,-0.017,0.1165));
#7630=CARTESIAN_POINT('',(-0.026,-0.017,0.1165));
#7631=CARTESIAN_POINT('',(-0.026,-0.017,0.117));
#7632=CARTESIAN_POINT('',(-0.0245,0.,0.117));
#7633=CARTESIAN_POINT('',(-0.0245,0.016,0.117));
#7634=CARTESIAN_POINT('',(-0.0245,0.016,0.1165));
#7635=CARTESIAN_POINT('',(-0.0245,-0.016,0.1165));
#7636=CARTESIAN_POINT('',(-0.0245,-0.016,0.1165));
#7637=CARTESIAN_POINT('',(-0.0245,-0.016,0.117));
#7638=CARTESIAN_POINT('',(0.,0.,0.117));
#7639=CARTESIAN_POINT('',(-0.0255,0.016,0.117));
#7640=CARTESIAN_POINT('',(-0.025,0.016,0.117));
#7641=CARTESIAN_POINT('',(-0.0255,0.0165,0.117));
#7642=CARTESIAN_POINT('',(-0.026,0.0165,0.117));
#7643=CARTESIAN_POINT('',(-0.026,0.0165,0.117));
#7644=CARTESIAN_POINT('',(-0.026,0.016,0.117));
#7645=CARTESIAN_POINT('',(-0.0265,0.016,0.117));
#7646=CARTESIAN_POINT('',(-0.0265,-0.016,0.117));
#7647=CARTESIAN_POINT('',(-0.0265,-0.016,0.117));
#7648=CARTESIAN_POINT('',(-0.026,-0.016,0.117));
#7649=CARTESIAN_POINT('',(-0.026,-0.0165,0.117));
#7650=CARTESIAN_POINT('',(-0.0255,-0.0165,0.117));
#7651=CARTESIAN_POINT('',(-0.0255,-0.0165,0.117));
#7652=CARTESIAN_POINT('',(-0.0255,-0.016,0.117));
#7653=CARTESIAN_POINT('',(-0.025,-0.016,0.117));
#7654=CARTESIAN_POINT('',(-0.025,0.016,0.117));
#7655=CARTESIAN_POINT('',(3.46944695195361E-18,0.0245,0.117));
#7656=CARTESIAN_POINT('',(0.016,0.0245,0.117));
#7657=CARTESIAN_POINT('',(0.016,0.0245,0.1165));
#7658=CARTESIAN_POINT('',(-0.016,0.0245,0.1165));
#7659=CARTESIAN_POINT('',(-0.016,0.0245,0.1165));
#7660=CARTESIAN_POINT('',(-0.016,0.0245,0.117));
#7661=CARTESIAN_POINT('',(0.017,0.02575,0.117));
#7662=CARTESIAN_POINT('',(0.017,0.026,0.117));
#7663=CARTESIAN_POINT('',(0.017,0.026,0.1165));
#7664=CARTESIAN_POINT('',(0.017,0.0255,0.1165));
#7665=CARTESIAN_POINT('',(0.017,0.0255,0.1165));
#7666=CARTESIAN_POINT('',(0.017,0.0255,0.117));
#7667=CARTESIAN_POINT('',(3.46944695195361E-18,0.027,0.117));
#7668=CARTESIAN_POINT('',(-0.016,0.027,0.117));
#7669=CARTESIAN_POINT('',(-0.016,0.027,0.1165));
#7670=CARTESIAN_POINT('',(0.016,0.027,0.1165));
#7671=CARTESIAN_POINT('',(0.016,0.027,0.1165));
#7672=CARTESIAN_POINT('',(0.016,0.027,0.117));
#7673=CARTESIAN_POINT('',(-0.017,0.02575,0.117));
#7674=CARTESIAN_POINT('',(-0.017,0.0255,0.117));
#7675=CARTESIAN_POINT('',(-0.017,0.0255,0.1165));
#7676=CARTESIAN_POINT('',(-0.017,0.026,0.1165));
#7677=CARTESIAN_POINT('',(-0.017,0.026,0.1165));
#7678=CARTESIAN_POINT('',(-0.017,0.026,0.117));
#7679=CARTESIAN_POINT('',(0.,0.,0.117));
#7680=CARTESIAN_POINT('',(-0.016,0.0255,0.117));
#7681=CARTESIAN_POINT('',(-0.0165,0.0255,0.117));
#7682=CARTESIAN_POINT('',(-0.016,0.025,0.117));
#7683=CARTESIAN_POINT('',(0.016,0.025,0.117));
#7684=CARTESIAN_POINT('',(0.016,0.025,0.117));
#7685=CARTESIAN_POINT('',(0.016,0.0255,0.117));
#7686=CARTESIAN_POINT('',(0.0165,0.0255,0.117));
#7687=CARTESIAN_POINT('',(0.0165,0.026,0.117));
#7688=CARTESIAN_POINT('',(0.0165,0.026,0.117));
#7689=CARTESIAN_POINT('',(0.016,0.026,0.117));
#7690=CARTESIAN_POINT('',(0.016,0.0265,0.117));
#7691=CARTESIAN_POINT('',(-0.016,0.0265,0.117));
#7692=CARTESIAN_POINT('',(-0.016,0.0265,0.117));
#7693=CARTESIAN_POINT('',(-0.016,0.026,0.117));
#7694=CARTESIAN_POINT('',(-0.0165,0.026,0.117));
#7695=CARTESIAN_POINT('',(-0.0165,0.0255,0.117));
#7696=CARTESIAN_POINT('',(0.02575,0.017,0.117));
#7697=CARTESIAN_POINT('',(0.0255,0.017,0.117));
#7698=CARTESIAN_POINT('',(0.0255,0.017,0.1165));
#7699=CARTESIAN_POINT('',(0.026,0.017,0.1165));
#7700=CARTESIAN_POINT('',(0.026,0.017,0.1165));
#7701=CARTESIAN_POINT('',(0.026,0.017,0.117));
#7702=CARTESIAN_POINT('',(0.0245,0.,0.117));
#7703=CARTESIAN_POINT('',(0.0245,-0.016,0.117));
#7704=CARTESIAN_POINT('',(0.0245,-0.016,0.1165));
#7705=CARTESIAN_POINT('',(0.0245,0.016,0.1165));
#7706=CARTESIAN_POINT('',(0.0245,0.016,0.1165));
#7707=CARTESIAN_POINT('',(0.0245,0.016,0.117));
#7708=CARTESIAN_POINT('',(0.02575,-0.017,0.117));
#7709=CARTESIAN_POINT('',(0.026,-0.017,0.117));
#7710=CARTESIAN_POINT('',(0.026,-0.017,0.1165));
#7711=CARTESIAN_POINT('',(0.0255,-0.017,0.1165));
#7712=CARTESIAN_POINT('',(0.0255,-0.017,0.1165));
#7713=CARTESIAN_POINT('',(0.0255,-0.017,0.117));
#7714=CARTESIAN_POINT('',(0.027,0.,0.117));
#7715=CARTESIAN_POINT('',(0.027,0.016,0.117));
#7716=CARTESIAN_POINT('',(0.027,0.016,0.1165));
#7717=CARTESIAN_POINT('',(0.027,-0.016,0.1165));
#7718=CARTESIAN_POINT('',(0.027,-0.016,0.1165));
#7719=CARTESIAN_POINT('',(0.027,-0.016,0.117));
#7720=CARTESIAN_POINT('',(0.,0.,0.117));
#7721=CARTESIAN_POINT('',(0.026,0.016,0.117));
#7722=CARTESIAN_POINT('',(0.0265,0.016,0.117));
#7723=CARTESIAN_POINT('',(0.026,0.0165,0.117));
#7724=CARTESIAN_POINT('',(0.0255,0.0165,0.117));
#7725=CARTESIAN_POINT('',(0.0255,0.0165,0.117));
#7726=CARTESIAN_POINT('',(0.0255,0.016,0.117));
#7727=CARTESIAN_POINT('',(0.025,0.016,0.117));
#7728=CARTESIAN_POINT('',(0.025,-0.016,0.117));
#7729=CARTESIAN_POINT('',(0.025,-0.016,0.117));
#7730=CARTESIAN_POINT('',(0.0255,-0.016,0.117));
#7731=CARTESIAN_POINT('',(0.0255,-0.0165,0.117));
#7732=CARTESIAN_POINT('',(0.026,-0.0165,0.117));
#7733=CARTESIAN_POINT('',(0.026,-0.0165,0.117));
#7734=CARTESIAN_POINT('',(0.026,-0.016,0.117));
#7735=CARTESIAN_POINT('',(0.0265,-0.016,0.117));
#7736=CARTESIAN_POINT('',(0.0265,0.016,0.117));
#7737=CARTESIAN_POINT('',(-0.0014375,-0.026,0.10651017696412));
#7738=CARTESIAN_POINT('',(-3.46944695195361E-18,-0.026,0.10568023595216));
#7739=CARTESIAN_POINT('',(-3.46944695195361E-18,-0.026,0.10568023595216));
#7740=CARTESIAN_POINT('',(-3.46944695195361E-18,-0.0225,0.10568023595216));
#7741=CARTESIAN_POINT('',(-0.0014375,-0.0225,0.10651017696412));
#7742=CARTESIAN_POINT('',(-0.002875,-0.0225,0.10734011797608));
#7743=CARTESIAN_POINT('',(-0.002875,-0.026,0.10734011797608));
#7744=CARTESIAN_POINT('',(-0.002875,-0.026,0.10734011797608));
#7745=CARTESIAN_POINT('',(-0.0014375,-0.026,0.10651017696412));
#7746=CARTESIAN_POINT('',(-0.002875,-0.026,0.109));
#7747=CARTESIAN_POINT('',(-0.002875,-0.0225,0.109));
#7748=CARTESIAN_POINT('',(-0.002875,-0.0225,0.11065988202392));
#7749=CARTESIAN_POINT('',(-0.002875,-0.026,0.11065988202392));
#7750=CARTESIAN_POINT('',(-0.002875,-0.026,0.11065988202392));
#7751=CARTESIAN_POINT('',(-0.002875,-0.026,0.109));
#7752=CARTESIAN_POINT('',(-0.0014375,-0.026,0.11148982303588));
#7753=CARTESIAN_POINT('',(-0.0014375,-0.0225,0.11148982303588));
#7754=CARTESIAN_POINT('',(6.83047368665868E-18,-0.0225,0.11231976404784));
#7755=CARTESIAN_POINT('',(6.83047368665868E-18,-0.026,0.11231976404784));
#7756=CARTESIAN_POINT('',(6.83047368665868E-18,-0.026,0.11231976404784));
#7757=CARTESIAN_POINT('',(-0.0014375,-0.026,0.11148982303588));
#7758=CARTESIAN_POINT('',(0.0014375,-0.026,0.11148982303588));
#7759=CARTESIAN_POINT('',(0.0014375,-0.0225,0.11148982303588));
#7760=CARTESIAN_POINT('',(0.002875,-0.0225,0.11065988202392));
#7761=CARTESIAN_POINT('',(0.002875,-0.026,0.11065988202392));
#7762=CARTESIAN_POINT('',(0.002875,-0.026,0.11065988202392));
#7763=CARTESIAN_POINT('',(0.0014375,-0.026,0.11148982303588));
#7764=CARTESIAN_POINT('',(0.002875,-0.026,0.109));
#7765=CARTESIAN_POINT('',(0.002875,-0.0225,0.109));
#7766=CARTESIAN_POINT('',(0.002875,-0.0225,0.10734011797608));
#7767=CARTESIAN_POINT('',(0.002875,-0.026,0.10734011797608));
#7768=CARTESIAN_POINT('',(0.002875,-0.026,0.10734011797608));
#7769=CARTESIAN_POINT('',(0.002875,-0.026,0.109));
#7770=CARTESIAN_POINT('',(0.00143750000000002,-0.026,0.10651017696412));
#7771=CARTESIAN_POINT('',(0.00143750000000002,-0.0225,0.10651017696412));
#7772=CARTESIAN_POINT('',(0.00143750000000002,-0.026,0.10651017696412));
#7773=CARTESIAN_POINT('',(0.,-0.026,0.109));
#7774=CARTESIAN_POINT('',(-3.46944695195361E-18,-0.026,0.109));
#7775=CARTESIAN_POINT('',(-3.46944695195361E-18,-0.026,0.111125));
#7776=CARTESIAN_POINT('',(-3.46944695195361E-18,-0.030002,0.109));
#7777=CARTESIAN_POINT('',(-3.46944695195361E-18,-0.0265,0.109));
#7778=CARTESIAN_POINT('',(-3.46944695195361E-18,-0.0265,0.110625));
#7779=CARTESIAN_POINT('',(-3.46944695195361E-18,-0.0295,0.109));
#7780=CARTESIAN_POINT('',(-3.46944695195361E-18,-0.0295,0.110625));
#7781=CARTESIAN_POINT('',(-0.0045,0.0122948932188135,0.1045));
#7782=CARTESIAN_POINT('',(-0.0045,-0.0215,0.104));
#7783=CARTESIAN_POINT('',(-0.0045,-0.0215,0.104732408120756));
#7784=CARTESIAN_POINT('',(-0.0045,-0.0215,0.1045));
#7785=CARTESIAN_POINT('',(-0.0045,0.0122948932188135,0.1045));
#7786=CARTESIAN_POINT('',(-0.0045,-0.012903417698837,0.104514459402807));
#7787=CARTESIAN_POINT('',(-0.0045,-0.012903417698837,0.104589640436844));
#7788=CARTESIAN_POINT('',(-0.0045,-0.012915631359836,0.10466254157516));
#7789=CARTESIAN_POINT('',(-0.0045,-0.0129441016796071,0.104732408120756));
#7790=CARTESIAN_POINT('',(-0.0045,-0.0129441016796071,0.104732408120756));
#7791=CARTESIAN_POINT('',(-0.0045,0.0122948932188135,0.104732408120756));
#7792=CARTESIAN_POINT('',(-0.00525,0.0122948932188135,0.1055));
#7793=CARTESIAN_POINT('',(-0.0045,-0.0215,0.105));
#7794=CARTESIAN_POINT('',(-0.00577735009811261,-0.0215,0.105851566732075));
#7795=CARTESIAN_POINT('',(-0.00472264990188739,-0.0215,0.105148433267925));
#7796=CARTESIAN_POINT('',(-0.00472264990188739,0.0122948932188135,0.105148433267925));
#7797=CARTESIAN_POINT('',(-0.00472264990188739,-0.013247042985171,0.105148433267925));
#7798=CARTESIAN_POINT('',(0.000277350098112613,-0.000707106781186542,0.101815099934592));
#7799=CARTESIAN_POINT('',(-0.00577735009811261,-0.0127731999987044,0.105851566732075));
#7800=CARTESIAN_POINT('',(-0.00577735009811261,-0.022,0.105851566732075));
#7801=CARTESIAN_POINT('',(0.00525,0.0122948932188135,0.1055));
#7802=CARTESIAN_POINT('',(0.00525,-0.0215,0.1055));
#7803=CARTESIAN_POINT('',(0.00472264990188738,-0.0215,0.105148433267925));
#7804=CARTESIAN_POINT('',(0.00577735009811261,-0.0215,0.105851566732075));
#7805=CARTESIAN_POINT('',(0.00577735009811261,-0.0122396693758573,0.105851566732075));
#7806=CARTESIAN_POINT('',(0.00577735009811261,-0.0127731999987044,0.105851566732075));
#7807=CARTESIAN_POINT('',(-0.000277350098112616,-0.000707106781186544,0.101815099934592));
#7808=CARTESIAN_POINT('',(0.00472264990188738,-0.013247042985171,0.105148433267925));
#7809=CARTESIAN_POINT('',(0.00472264990188738,0.0122948932188135,0.105148433267925));
#7810=CARTESIAN_POINT('',(0.0045,0.0122948932188135,0.1045));
#7811=CARTESIAN_POINT('',(0.0045,0.0122948932188135,0.104732408120756));
#7812=CARTESIAN_POINT('',(0.0045,-0.0215,0.104732408120756));
#7813=CARTESIAN_POINT('',(0.0045,-0.0129441016796071,0.104732408120756));
#7814=CARTESIAN_POINT('',(0.0045,-0.0129441016796071,0.104732408120756));
#7815=CARTESIAN_POINT('',(0.0045,-0.012915631359836,0.10466254157516));
#7816=CARTESIAN_POINT('',(0.0045,-0.012903417698837,0.104589640436844));
#7817=CARTESIAN_POINT('',(0.0045,-0.012903417698837,0.104514459402807));
#7818=CARTESIAN_POINT('',(0.0045,-0.022,0.1045));
#7819=CARTESIAN_POINT('',(0.0045,-0.0215,0.1045));
#7820=CARTESIAN_POINT('',(0.0045,-0.0215,0.1045));
#7821=CARTESIAN_POINT('',(-0.0045,0.0122948932188135,0.1135));
#7822=CARTESIAN_POINT('',(-0.0045,-0.013247042985171,0.114));
#7823=CARTESIAN_POINT('',(-0.0045,-0.013247042985171,0.113267591879244));
#7824=CARTESIAN_POINT('',(-0.0045,-0.013247042985171,0.1135));
#7825=CARTESIAN_POINT('',(-0.0045,0.0122948932188135,0.1135));
#7826=CARTESIAN_POINT('',(-0.0045,-0.0215,0.1135));
#7827=CARTESIAN_POINT('',(-0.0045,-0.0215,0.1135));
#7828=CARTESIAN_POINT('',(-0.0045,-0.0215,0.113267591879244));
#7829=CARTESIAN_POINT('',(-0.0045,0.0122948932188135,0.113267591879244));
#7830=CARTESIAN_POINT('',(-0.00525,0.0122948932188135,0.1125));
#7831=CARTESIAN_POINT('',(-0.00525,-0.0215,0.1125));
#7832=CARTESIAN_POINT('',(-0.00472264990188739,-0.0215,0.112851566732075));
#7833=CARTESIAN_POINT('',(-0.00577735009811261,-0.0215,0.112148433267925));
#7834=CARTESIAN_POINT('',(-0.0057773500981126,0.0122948932188135,0.112148433267925));
#7835=CARTESIAN_POINT('',(-0.00577735009811261,-0.0127731999987044,0.112148433267925));
#7836=CARTESIAN_POINT('',(0.000277350098112613,-0.000707106781186542,0.116184900065408));
#7837=CARTESIAN_POINT('',(-0.00472264990188739,-0.013247042985171,0.112851566732075));
#7838=CARTESIAN_POINT('',(-0.00472264990188739,0.0122948932188135,0.112851566732075));
#7839=CARTESIAN_POINT('',(0.0045,0.0122948932188135,0.1135));
#7840=CARTESIAN_POINT('',(0.0045,-0.0215,0.114));
#7841=CARTESIAN_POINT('',(0.0045,-0.0215,0.113267591879244));
#7842=CARTESIAN_POINT('',(0.0045,-0.0215,0.1135));
#7843=CARTESIAN_POINT('',(0.0045,-0.012903417698837,0.1135));
#7844=CARTESIAN_POINT('',(0.0045,-0.013247042985171,0.1135));
#7845=CARTESIAN_POINT('',(0.0045,-0.013247042985171,0.1135));
#7846=CARTESIAN_POINT('',(0.0045,-0.013247042985171,0.113267591879244));
#7847=CARTESIAN_POINT('',(0.0045,0.0122948932188135,0.113267591879244));
#7848=CARTESIAN_POINT('',(0.00525,0.0122948932188135,0.1125));
#7849=CARTESIAN_POINT('',(0.0045,-0.0215,0.113));
#7850=CARTESIAN_POINT('',(0.00577735009811262,-0.0215,0.112148433267925));
#7851=CARTESIAN_POINT('',(0.00472264990188739,-0.0215,0.112851566732075));
#7852=CARTESIAN_POINT('',(0.00472264990188739,0.0122948932188135,0.112851566732075));
#7853=CARTESIAN_POINT('',(0.00472264990188739,-0.013247042985171,0.112851566732075));
#7854=CARTESIAN_POINT('',(-0.000277350098112617,-0.000707106781186544,0.116184900065408));
#7855=CARTESIAN_POINT('',(0.00577735009811262,-0.0127731999987044,0.112148433267925));
#7856=CARTESIAN_POINT('',(0.00577735009811262,0.0122948932188135,0.112148433267925));
#7857=CARTESIAN_POINT('',(0.0296,2.70616862252382E-18,0.107));
#7858=CARTESIAN_POINT('',(0.0296,0.0056736111111111,0.1032));
#7859=CARTESIAN_POINT('',(0.0296,0.000458680555555554,0.1032));
#7860=CARTESIAN_POINT('',(0.0296,0.0054736111111111,0.1032));
#7861=CARTESIAN_POINT('',(0.0296,0.0054736111111111,0.104263888888889));
#7862=CARTESIAN_POINT('',(0.0296,0.0054736111111111,0.104063888888889));
#7863=CARTESIAN_POINT('',(0.0296,0.00227777777777777,0.104063888888889));
#7864=CARTESIAN_POINT('',(0.0296,0.00181267376766605,0.104063888888889));
#7865=CARTESIAN_POINT('',(0.0296,0.00392775410348841,0.106295564562373));
#7866=CARTESIAN_POINT('',(0.0296,0.00392650435448747,0.106294245920051));
#7867=CARTESIAN_POINT('',(0.0296,0.00392650435448747,0.106294245920051));
#7868=CARTESIAN_POINT('',(0.0296,0.00431005906117118,0.10671401973733));
#7869=CARTESIAN_POINT('',(0.0296,0.00468104523071603,0.107153054056932));
#7870=CARTESIAN_POINT('',(0.0296,0.0049356978951334,0.107662359385767));
#7871=CARTESIAN_POINT('',(0.0296,0.00493569789513335,0.107662359385767));
#7872=CARTESIAN_POINT('',(0.0296,0.00493569789513335,0.107662359385767));
#7873=CARTESIAN_POINT('',(0.0296,0.00510756038033966,0.108006084356179));
#7874=CARTESIAN_POINT('',(0.0296,0.00521840277777777,0.108382722624648));
#7875=CARTESIAN_POINT('',(0.0296,0.00521840277777777,0.108767361111111));
#7876=CARTESIAN_POINT('',(0.0296,0.00521840277777777,0.108767361111111));
#7877=CARTESIAN_POINT('',(0.0296,0.00521840277777777,0.108767361111111));
#7878=CARTESIAN_POINT('',(0.0296,0.00521840277777777,0.109329143137596));
#7879=CARTESIAN_POINT('',(0.0296,0.00503790771667184,0.109902143977743));
#7880=CARTESIAN_POINT('',(0.0296,0.00461198815033551,0.110271675735169));
#7881=CARTESIAN_POINT('',(0.0296,0.00461198815033552,0.110271675735169));
#7882=CARTESIAN_POINT('',(0.0296,0.00461198815033552,0.110271675735169));
#7883=CARTESIAN_POINT('',(0.0296,0.00413222204695723,0.110687925246454));
#7884=CARTESIAN_POINT('',(0.0296,0.00347804881729399,0.110808680555555));
#7885=CARTESIAN_POINT('',(0.0296,0.00284722222222222,0.110808680555555));
#7886=CARTESIAN_POINT('',(0.0296,0.00284722222222222,0.110808680555556));
#7887=CARTESIAN_POINT('',(0.0296,0.00284722222222222,0.110808680555556));
#7888=CARTESIAN_POINT('',(0.0296,0.00238549437622791,0.110808680555556));
#7889=CARTESIAN_POINT('',(0.0296,0.00192262071519294,0.110712564672053));
#7890=CARTESIAN_POINT('',(0.0296,0.00151594272092203,0.110493239022729));
#7891=CARTESIAN_POINT('',(0.0296,0.00151594272092203,0.110493239022729));
#7892=CARTESIAN_POINT('',(0.0296,0.00151594272092203,0.110493239022729));
#7893=CARTESIAN_POINT('',(0.0296,0.00114565982544853,0.110293541626687));
#7894=CARTESIAN_POINT('',(0.0296,0.000830562084216702,0.109997102791887));
#7895=CARTESIAN_POINT('',(0.0296,0.000620277344161446,0.109632679867056));
#7896=CARTESIAN_POINT('',(0.0296,0.000620277344161446,0.109632679867056));
#7897=CARTESIAN_POINT('',(0.0296,0.000620277344161446,0.109632679867056));
#7898=CARTESIAN_POINT('',(0.0296,0.000441125080208465,0.109322209444891));
#7899=CARTESIAN_POINT('',(0.0296,0.000336244620855071,0.108972379130632));
#7900=CARTESIAN_POINT('',(0.0296,0.000309741600213706,0.108614930555556));
#7901=CARTESIAN_POINT('',(0.0296,0.000309741600213709,0.108614930555556));
#7902=CARTESIAN_POINT('',(0.0296,0.00167534722222222,0.108614930555556));
#7903=CARTESIAN_POINT('',(0.0296,0.00148372598783761,0.108614930555556));
#7904=CARTESIAN_POINT('',(0.0296,0.00148372598783761,0.108614930555556));
#7905=CARTESIAN_POINT('',(0.0296,0.00151167431312599,0.108938803215767));
#7906=CARTESIAN_POINT('',(0.0296,0.00161909858420975,0.109256348466231));
#7907=CARTESIAN_POINT('',(0.0296,0.00182851518086309,0.109506105937028));
#7908=CARTESIAN_POINT('',(0.0296,0.00182851518086309,0.109506105937028));
#7909=CARTESIAN_POINT('',(0.0296,0.00182851518086309,0.109506105937028));
#7910=CARTESIAN_POINT('',(0.0296,0.00207029417360368,0.109794459919871));
#7911=CARTESIAN_POINT('',(0.0296,0.00244357625265032,0.109943055555556));
#7912=CARTESIAN_POINT('',(0.0296,0.00281944444444444,0.109943055555556));
#7913=CARTESIAN_POINT('',(0.0296,0.00281944444444444,0.109943055555556));
#7914=CARTESIAN_POINT('',(0.0296,0.00281944444444444,0.109943055555556));
#7915=CARTESIAN_POINT('',(0.0296,0.00315852657787662,0.109943055555556));
#7916=CARTESIAN_POINT('',(0.0296,0.00350378224574559,0.109830627849184));
#7917=CARTESIAN_POINT('',(0.0296,0.00372967695166616,0.109575204423535));
#7918=CARTESIAN_POINT('',(0.0296,0.00372967695166616,0.109575204423535));
#7919=CARTESIAN_POINT('',(0.0296,0.00372967695166616,0.109575204423535));
#7920=CARTESIAN_POINT('',(0.0296,0.00395974147949787,0.109315066101216));
#7921=CARTESIAN_POINT('',(0.0296,0.0040454861111111,0.108960510433637));
#7922=CARTESIAN_POINT('',(0.0296,0.0040454861111111,0.108614583333333));
#7923=CARTESIAN_POINT('',(0.0296,0.0040454861111111,0.108614583333333));
#7924=CARTESIAN_POINT('',(0.0296,0.0040454861111111,0.108614583333333));
#7925=CARTESIAN_POINT('',(0.0296,0.0040454861111111,0.108290961531512));
#7926=CARTESIAN_POINT('',(0.0296,0.0039291647173506,0.107978908061931));
#7927=CARTESIAN_POINT('',(0.0296,0.00376520598224644,0.107700572614709));
#7928=CARTESIAN_POINT('',(0.0296,0.00376520598224644,0.107700572614709));
#7929=CARTESIAN_POINT('',(0.0296,0.00376520598224644,0.107700572614709));
#7930=CARTESIAN_POINT('',(0.0296,0.00354250114752541,0.107322510111781));
#7931=CARTESIAN_POINT('',(0.0296,0.00325704085249817,0.106986135308493));
#7932=CARTESIAN_POINT('',(0.0296,0.00296093233476211,0.106662663627401));
#7933=CARTESIAN_POINT('',(0.0296,0.00296093233476212,0.106662663627401));
#7934=CARTESIAN_POINT('',(0.0296,0.000404538703264594,0.103937811991654));
#7935=CARTESIAN_POINT('',(0.0296,0.000458680555555554,0.103995521615462));
#7936=CARTESIAN_POINT('',(0.0296,0.000458680555555554,0.103));
#7937=CARTESIAN_POINT('',(0.0296,2.70616862252382E-18,0.107));
#7938=CARTESIAN_POINT('',(0.0296,-0.00090625,0.106427430555556));
#7939=CARTESIAN_POINT('',(0.0296,-0.00423125,0.106427430555556));
#7940=CARTESIAN_POINT('',(0.0296,-0.00110625,0.106427430555556));
#7941=CARTESIAN_POINT('',(0.0296,-0.00110625,0.107541666666667));
#7942=CARTESIAN_POINT('',(0.0296,-0.00110625,0.107341666666667));
#7943=CARTESIAN_POINT('',(0.0296,-0.00403125,0.107341666666667));
#7944=CARTESIAN_POINT('',(0.0296,-0.00423125,0.107341666666667));
#7945=CARTESIAN_POINT('',(0.0296,-0.00423125,0.109581597222222));
#7946=CARTESIAN_POINT('',(0.0296,-0.00423125,0.109781597222222));
#7947=CARTESIAN_POINT('',(0.0296,-0.000515625,0.109781597222222));
#7948=CARTESIAN_POINT('',(0.0296,-0.000715625,0.109781597222222));
#7949=CARTESIAN_POINT('',(0.0296,-0.000715625,0.110899305555556));
#7950=CARTESIAN_POINT('',(0.0296,-0.000715625,0.110699305555556));
#7951=CARTESIAN_POINT('',(0.0296,-0.00565972222222222,0.110699305555556));
#7952=CARTESIAN_POINT('',(0.0296,-0.00545972222222222,0.110699305555556));
#7953=CARTESIAN_POINT('',(0.0296,-0.00545972222222222,0.103));
#7954=CARTESIAN_POINT('',(0.0296,-0.00545972222222222,0.1032));
#7955=CARTESIAN_POINT('',(0.0296,-0.00403125,0.1032));
#7956=CARTESIAN_POINT('',(0.0296,-0.00423125,0.1032));
#7957=CARTESIAN_POINT('',(0.0296,-0.00423125,0.106227430555556));
#7958=CARTESIAN_POINT('',(-2.60208521396521E-18,0.0148492424049175,0.104));
#7959=CARTESIAN_POINT('',(-2.60208521396521E-18,0.0148492424049175,0.1135));
#7960=CARTESIAN_POINT('',(0.026,0.016,0.117));
#7961=CARTESIAN_POINT('',(0.026,0.016,0.1165));
#7962=CARTESIAN_POINT('',(0.016,0.0255,0.117));
#7963=CARTESIAN_POINT('',(0.016,0.0255,0.1165));
#7964=CARTESIAN_POINT('',(0.016,0.026,0.117));
#7965=CARTESIAN_POINT('',(0.016,0.026,0.1165));
#7966=CARTESIAN_POINT('',(-0.016,0.0255,0.117));
#7967=CARTESIAN_POINT('',(-0.016,0.0255,0.1165));
#7968=CARTESIAN_POINT('',(-0.0255,0.016,0.117));
#7969=CARTESIAN_POINT('',(-0.0255,0.016,0.1165));
#7970=CARTESIAN_POINT('',(-0.016,-0.026,0.117));
#7971=CARTESIAN_POINT('',(-0.016,-0.026,0.1165));
#7972=CARTESIAN_POINT('',(0.016,-0.0255,0.117));
#7973=CARTESIAN_POINT('',(0.016,-0.0255,0.1165));
#7974=CARTESIAN_POINT('',(0.0255,0.016,0.117));
#7975=CARTESIAN_POINT('',(0.0255,0.016,0.1165));
#7976=CARTESIAN_POINT('',(0.026,-0.016,0.117));
#7977=CARTESIAN_POINT('',(0.026,-0.016,0.1165));
#7978=CARTESIAN_POINT('',(0.0255,-0.016,0.117));
#7979=CARTESIAN_POINT('',(0.0255,-0.016,0.1165));
#7980=CARTESIAN_POINT('',(0.016,-0.026,0.117));
#7981=CARTESIAN_POINT('',(0.016,-0.026,0.1165));
#7982=CARTESIAN_POINT('',(-0.016,-0.0255,0.117));
#7983=CARTESIAN_POINT('',(-0.016,-0.0255,0.1165));
#7984=CARTESIAN_POINT('',(-0.016,0.026,0.117));
#7985=CARTESIAN_POINT('',(-0.016,0.026,0.1165));
#7986=CARTESIAN_POINT('',(-0.026,0.016,0.117));
#7987=CARTESIAN_POINT('',(-0.026,0.016,0.1165));
#7988=CARTESIAN_POINT('',(-0.0255,-0.016,0.117));
#7989=CARTESIAN_POINT('',(-0.0255,-0.016,0.1165));
#7990=CARTESIAN_POINT('',(-0.026,-0.016,0.117));
#7991=CARTESIAN_POINT('',(-0.026,-0.016,0.1165));
#7992=CARTESIAN_POINT('',(-0.024,0.019680516417603,0.1005));
#7993=CARTESIAN_POINT('',(-0.0239516845936674,0.0206793485463968,0.1005));
#7994=CARTESIAN_POINT('',(-0.023,0.019680516417603,0.1005));
#7995=CARTESIAN_POINT('',(-0.023,0.0135,0.1005));
#7996=CARTESIAN_POINT('',(-0.023,-0.02,0.1005));
#7997=CARTESIAN_POINT('',(-0.0238006989488777,0.0238006989488776,0.1005));
#7998=CARTESIAN_POINT('',(-0.0258456239876067,0.0214376698364926,0.1005));
#7999=CARTESIAN_POINT('',(-0.02,-0.02,0.1005));
#8000=CARTESIAN_POINT('',(-0.02,-0.023,0.1005));
#8001=CARTESIAN_POINT('',(-0.0265,0.0206815005205295,0.1005));
#8002=CARTESIAN_POINT('',(-0.0275,0.0206815005205295,0.1005));
#8003=CARTESIAN_POINT('',(5.56173859964979E-19,-0.023,0.1005));
#8004=CARTESIAN_POINT('',(0.019680516417603,-0.023,0.1005));
#8005=CARTESIAN_POINT('',(-0.0275,0.000340750260264727,0.1005));
#8006=CARTESIAN_POINT('',(-0.0275,-0.02,0.1005));
#8007=CARTESIAN_POINT('',(0.019680516417603,-0.024,0.1005));
#8008=CARTESIAN_POINT('',(0.0206793485463968,-0.0239516845936674,0.1005));
#8009=CARTESIAN_POINT('',(-0.02,-0.02,0.1005));
#8010=CARTESIAN_POINT('',(-0.02,-0.0275,0.1005));
#8011=CARTESIAN_POINT('',(0.0238006989488776,-0.0238006989488777,0.1005));
#8012=CARTESIAN_POINT('',(0.0214376698364927,-0.0258456239876067,0.1005));
#8013=CARTESIAN_POINT('',(0.000340750260264741,-0.0275,0.1005));
#8014=CARTESIAN_POINT('',(0.0206815005205295,-0.0275,0.1005));
#8015=CARTESIAN_POINT('',(0.0206815005205295,-0.0265,0.1005));
#8016=CARTESIAN_POINT('',(0.024,-0.019680516417603,0.1005));
#8017=CARTESIAN_POINT('',(0.0239516845936674,-0.0206793485463968,0.1005));
#8018=CARTESIAN_POINT('',(0.023,-0.019680516417603,0.1005));
#8019=CARTESIAN_POINT('',(0.023,0.0135,0.1005));
#8020=CARTESIAN_POINT('',(0.023,0.02,0.1005));
#8021=CARTESIAN_POINT('',(0.0238006989488777,-0.0238006989488776,0.1005));
#8022=CARTESIAN_POINT('',(0.0258456239876067,-0.0214376698364927,0.1005));
#8023=CARTESIAN_POINT('',(0.02,0.02,0.1005));
#8024=CARTESIAN_POINT('',(0.02,0.023,0.1005));
#8025=CARTESIAN_POINT('',(0.0265,-0.0206815005205295,0.1005));
#8026=CARTESIAN_POINT('',(0.0275,-0.0206815005205295,0.1005));
#8027=CARTESIAN_POINT('',(6.93889390390723E-18,0.023,0.1005));
#8028=CARTESIAN_POINT('',(-0.019680516417603,0.023,0.1005));
#8029=CARTESIAN_POINT('',(0.0275,-0.000340750260264745,0.1005));
#8030=CARTESIAN_POINT('',(0.0275,0.02,0.1005));
#8031=CARTESIAN_POINT('',(-0.019680516417603,0.024,0.1005));
#8032=CARTESIAN_POINT('',(-0.0206793485463968,0.0239516845936673,0.1005));
#8033=CARTESIAN_POINT('',(0.02,0.02,0.1005));
#8034=CARTESIAN_POINT('',(0.02,0.0275,0.1005));
#8035=CARTESIAN_POINT('',(-0.0238006989488777,0.0238006989488777,0.1005));
#8036=CARTESIAN_POINT('',(-0.0214376698364927,0.0258456239876067,0.1005));
#8037=CARTESIAN_POINT('',(-0.000340750260264745,0.0275,0.1005));
#8038=CARTESIAN_POINT('',(-0.0206815005205295,0.0275,0.1005));
#8039=CARTESIAN_POINT('',(-0.0206815005205295,0.0265,0.1005));
#8040=CARTESIAN_POINT('',(0.02,0.02,0.1005));
#8041=CARTESIAN_POINT('',(0.0295,0.02,0.1005));
#8042=CARTESIAN_POINT('',(0.02,0.0295,0.1005));
#8043=CARTESIAN_POINT('',(8.32667268468867E-18,0.0295,0.1005));
#8044=CARTESIAN_POINT('',(-0.02,0.0295,0.1005));
#8045=CARTESIAN_POINT('',(0.0295,0.0135,0.1005));
#8046=CARTESIAN_POINT('',(0.0295,-0.02,0.1005));
#8047=CARTESIAN_POINT('',(-0.02,0.02,0.1005));
#8048=CARTESIAN_POINT('',(-0.0295,0.02,0.1005));
#8049=CARTESIAN_POINT('',(0.02,-0.02,0.1005));
#8050=CARTESIAN_POINT('',(0.02,-0.0295,0.1005));
#8051=CARTESIAN_POINT('',(-0.0295,-3.59955121265188E-18,0.1005));
#8052=CARTESIAN_POINT('',(-0.0295,-0.02,0.1005));
#8053=CARTESIAN_POINT('',(0.,-0.0295,0.1005));
#8054=CARTESIAN_POINT('',(-0.02,-0.0295,0.1005));
#8055=CARTESIAN_POINT('',(-0.02,-0.02,0.1005));
#8056=CARTESIAN_POINT('',(0.,0.,0.1035));
#8057=CARTESIAN_POINT('',(0.,0.,0.1005));
#8058=CARTESIAN_POINT('',(-0.0238006989488777,0.0238006989488777,0.1135));
#8059=CARTESIAN_POINT('',(-0.0238006989488777,0.0238006989488777,0.1005));
#8060=CARTESIAN_POINT('',(0.0238006989488777,-0.0238006989488777,0.1135));
#8061=CARTESIAN_POINT('',(0.0238006989488777,-0.0238006989488777,0.1005));
#8062=CARTESIAN_POINT('',(0.02,-0.02,0.1135));
#8063=CARTESIAN_POINT('',(0.02,-0.0295,0.1135));
#8064=CARTESIAN_POINT('',(0.0295,-0.02,0.1135));
#8065=CARTESIAN_POINT('',(0.0295,3.59955121265188E-18,0.1135));
#8066=CARTESIAN_POINT('',(0.0295,0.02,0.1135));
#8067=CARTESIAN_POINT('',(6.93889390390723E-18,-0.0295,0.1135));
#8068=CARTESIAN_POINT('',(-0.02,-0.0295,0.1135));
#8069=CARTESIAN_POINT('',(0.02,0.02,0.1135));
#8070=CARTESIAN_POINT('',(0.02,0.0295,0.1135));
#8071=CARTESIAN_POINT('',(-0.02,-0.02,0.1135));
#8072=CARTESIAN_POINT('',(-0.0295,-0.02,0.1135));
#8073=CARTESIAN_POINT('',(-4.33680868994202E-20,0.0295,0.1135));
#8074=CARTESIAN_POINT('',(-0.02,0.0295,0.1135));
#8075=CARTESIAN_POINT('',(-0.0295,0.0135,0.1135));
#8076=CARTESIAN_POINT('',(-0.0295,0.02,0.1135));
#8077=CARTESIAN_POINT('',(-0.02,0.02,0.1135));
#8078=CARTESIAN_POINT('',(0.,0.0265,0.1165));
#8079=CARTESIAN_POINT('',(0.016,0.0265,0.1165));
#8080=CARTESIAN_POINT('',(-0.016,0.0265,0.1165));
#8081=CARTESIAN_POINT('',(-0.016,0.026,0.1165));
#8082=CARTESIAN_POINT('',(-0.0165,0.026,0.1165));
#8083=CARTESIAN_POINT('',(0.016,0.026,0.1165));
#8084=CARTESIAN_POINT('',(0.0165,0.026,0.1165));
#8085=CARTESIAN_POINT('',(-0.0165,0.,0.1165));
#8086=CARTESIAN_POINT('',(-0.0165,0.0255,0.1165));
#8087=CARTESIAN_POINT('',(0.0165,0.,0.1165));
#8088=CARTESIAN_POINT('',(0.0165,0.0255,0.1165));
#8089=CARTESIAN_POINT('',(-0.016,0.0255,0.1165));
#8090=CARTESIAN_POINT('',(-0.016,0.025,0.1165));
#8091=CARTESIAN_POINT('',(0.016,0.0255,0.1165));
#8092=CARTESIAN_POINT('',(0.016,0.025,0.1165));
#8093=CARTESIAN_POINT('',(0.,0.025,0.1165));
#8094=CARTESIAN_POINT('',(0.,-0.0165,0.1165));
#8095=CARTESIAN_POINT('',(0.0255,-0.0165,0.1165));
#8096=CARTESIAN_POINT('',(0.026,-0.0165,0.1165));
#8097=CARTESIAN_POINT('',(0.026,-0.016,0.1165));
#8098=CARTESIAN_POINT('',(0.0265,-0.016,0.1165));
#8099=CARTESIAN_POINT('',(0.0255,-0.016,0.1165));
#8100=CARTESIAN_POINT('',(0.025,-0.016,0.1165));
#8101=CARTESIAN_POINT('',(0.0265,0.,0.1165));
#8102=CARTESIAN_POINT('',(0.0265,0.016,0.1165));
#8103=CARTESIAN_POINT('',(0.025,0.,0.1165));
#8104=CARTESIAN_POINT('',(0.025,0.016,0.1165));
#8105=CARTESIAN_POINT('',(0.026,0.016,0.1165));
#8106=CARTESIAN_POINT('',(0.026,0.0165,0.1165));
#8107=CARTESIAN_POINT('',(0.0255,0.016,0.1165));
#8108=CARTESIAN_POINT('',(0.0255,0.0165,0.1165));
#8109=CARTESIAN_POINT('',(0.,0.0165,0.1165));
#8110=CARTESIAN_POINT('',(0.,-0.0165,0.1165));
#8111=CARTESIAN_POINT('',(-0.026,-0.0165,0.1165));
#8112=CARTESIAN_POINT('',(-0.0255,-0.0165,0.1165));
#8113=CARTESIAN_POINT('',(-0.0255,-0.016,0.1165));
#8114=CARTESIAN_POINT('',(-0.025,-0.016,0.1165));
#8115=CARTESIAN_POINT('',(-0.026,-0.016,0.1165));
#8116=CARTESIAN_POINT('',(-0.0265,-0.016,0.1165));
#8117=CARTESIAN_POINT('',(-0.025,0.,0.1165));
#8118=CARTESIAN_POINT('',(-0.025,0.016,0.1165));
#8119=CARTESIAN_POINT('',(-0.0265,0.,0.1165));
#8120=CARTESIAN_POINT('',(-0.0265,0.016,0.1165));
#8121=CARTESIAN_POINT('',(-0.0255,0.016,0.1165));
#8122=CARTESIAN_POINT('',(-0.0255,0.0165,0.1165));
#8123=CARTESIAN_POINT('',(-0.026,0.016,0.1165));
#8124=CARTESIAN_POINT('',(-0.026,0.0165,0.1165));
#8125=CARTESIAN_POINT('',(0.,0.0165,0.1165));
#8126=CARTESIAN_POINT('',(-0.0165,0.,0.1165));
#8127=CARTESIAN_POINT('',(-0.0165,-0.0255,0.1165));
#8128=CARTESIAN_POINT('',(-0.0165,-0.026,0.1165));
#8129=CARTESIAN_POINT('',(-0.016,-0.026,0.1165));
#8130=CARTESIAN_POINT('',(-0.016,-0.0265,0.1165));
#8131=CARTESIAN_POINT('',(-0.016,-0.0255,0.1165));
#8132=CARTESIAN_POINT('',(-0.016,-0.025,0.1165));
#8133=CARTESIAN_POINT('',(0.,-0.0265,0.1165));
#8134=CARTESIAN_POINT('',(0.016,-0.0265,0.1165));
#8135=CARTESIAN_POINT('',(0.,-0.025,0.1165));
#8136=CARTESIAN_POINT('',(0.016,-0.025,0.1165));
#8137=CARTESIAN_POINT('',(0.016,-0.026,0.1165));
#8138=CARTESIAN_POINT('',(0.0165,-0.026,0.1165));
#8139=CARTESIAN_POINT('',(0.016,-0.0255,0.1165));
#8140=CARTESIAN_POINT('',(0.0165,-0.0255,0.1165));
#8141=CARTESIAN_POINT('',(0.0165,0.,0.1165));
#8142=CARTESIAN_POINT('',(0.004,0.0122948932188135,0.1045));
#8143=CARTESIAN_POINT('',(0.004,-0.0215,0.1045));
#8144=CARTESIAN_POINT('',(0.004,-0.0215,0.1045));
#8145=CARTESIAN_POINT('',(0.004,-0.0215,0.1045));
#8146=CARTESIAN_POINT('',(0.004,-0.0215,0.1045));
#8147=CARTESIAN_POINT('',(-0.004,0.,0.1045));
#8148=CARTESIAN_POINT('',(-0.004,-0.0215,0.1045));
#8149=CARTESIAN_POINT('',(0.,-0.0215,0.1045));
#8150=CARTESIAN_POINT('',(-0.004,-0.0215,0.1045));
#8151=CARTESIAN_POINT('',(0.004,-0.0215,0.104));
#8152=CARTESIAN_POINT('',(0.004,-0.0215,0.104732408120756));
#8153=CARTESIAN_POINT('',(0.005,0.0122948932188135,0.104732408120756));
#8154=CARTESIAN_POINT('',(0.005,-0.0215,0.104732408120756));
#8155=CARTESIAN_POINT('',(0.0045,-0.0129441016796071,0.104732408120756));
#8156=CARTESIAN_POINT('',(0.0045,-0.0130176110852302,0.104912801185569));
#8157=CARTESIAN_POINT('',(0.00459336651303598,-0.0131348759368797,0.105062244342024));
#8158=CARTESIAN_POINT('',(0.00472264990188738,-0.013247042985171,0.105148433267925));
#8159=CARTESIAN_POINT('',(0.00438724397300127,-0.0133756332208215,0.104924829315334));
#8160=CARTESIAN_POINT('',(0.00428687585665295,-0.0129818938321055,0.104857917237769));
#8161=CARTESIAN_POINT('',(0.00449183132773929,-0.012906428537872,0.104508804168165));
#8162=CARTESIAN_POINT('',(0.00486139963843858,-0.0132010475090329,0.105240933092292));
#8163=CARTESIAN_POINT('',(0.00474869488502076,-0.0128204909145885,0.105165796590008));
#8164=CARTESIAN_POINT('',(0.00494842567223576,-0.012738308963556,0.10482490794512));
#8165=CARTESIAN_POINT('',(0.00532574221093811,-0.0129998143894443,0.105550494807292));
#8166=CARTESIAN_POINT('',(0.00520552263790666,-0.0126315190227701,0.105470348425278));
#8167=CARTESIAN_POINT('',(0.00539557037168024,-0.0125445289224704,0.105134469660121));
#8168=CARTESIAN_POINT('',(0.00577735009811263,-0.0127731999987044,0.105851566732075));
#8169=CARTESIAN_POINT('',(0.00565302988182061,-0.0124153371353306,0.10576868658788));
#8170=CARTESIAN_POINT('',(0.0058304520408095,-0.0123263076573148,0.105435541584906));
#8171=CARTESIAN_POINT('',(0.00605470019622523,-0.0127731999987044,0.105435541584906));
#8172=CARTESIAN_POINT('',(-0.004,-0.0215,0.1045));
#8173=CARTESIAN_POINT('',(-0.004,-0.0215,0.1045));
#8174=CARTESIAN_POINT('',(0.005,-0.0215,0.104732408120756));
#8175=CARTESIAN_POINT('',(0.00444529980377477,-0.0215,0.105564458415094));
#8176=CARTESIAN_POINT('',(0.00577735009811261,-0.0127731999987044,0.105851566732075));
#8177=CARTESIAN_POINT('',(0.00565302988182059,-0.0124153371353306,0.10576868658788));
#8178=CARTESIAN_POINT('',(0.00583045204080948,-0.0123263076573149,0.105435541584906));
#8179=CARTESIAN_POINT('',(0.00590875044191354,-0.0126413280297899,0.105939166961276));
#8180=CARTESIAN_POINT('',(0.00583483235283365,-0.0123287099402551,0.105835949069244));
#8181=CARTESIAN_POINT('',(0.00608351936364662,-0.0121993198459646,0.105610742060859));
#8182=CARTESIAN_POINT('',(0.006,-0.0125392663793207,0.106097031602824));
#8183=CARTESIAN_POINT('',(0.00599999995195849,-0.0122434623829788,0.106041599425057));
#8184=CARTESIAN_POINT('',(0.00625925920331829,-0.0121010382460355,0.105926471326411));
#8185=CARTESIAN_POINT('',(0.006,-0.0125392663473858,0.106267591879244));
#8186=CARTESIAN_POINT('',(0.006,-0.0122434623582308,0.106267591879244));
#8187=CARTESIAN_POINT('',(0.00625925925925926,-0.0121010382153043,0.106267591879244));
#8188=CARTESIAN_POINT('',(0.00577735009811261,-0.0127731999987044,0.105851566732075));
#8189=CARTESIAN_POINT('',(0.00589605625621331,-0.0126540677848571,0.105930704170809));
#8190=CARTESIAN_POINT('',(0.006,-0.0125392663473858,0.106080584255591));
#8191=CARTESIAN_POINT('',(0.006,-0.0125392663473858,0.106267591879244));
#8192=CARTESIAN_POINT('',(0.0065,-0.0125392663473858,0.106267591879244));
#8193=CARTESIAN_POINT('',(-0.004,-0.0215,0.1045));
#8194=CARTESIAN_POINT('',(-0.004,-0.0215,0.104732408120756));
#8195=CARTESIAN_POINT('',(0.000645726824964312,-0.0215,0.103031409762553));
#8196=CARTESIAN_POINT('',(0.0055,-0.0215,0.106267591879244));
#8197=CARTESIAN_POINT('',(0.0055,-0.0171198346879287,0.106267591879244));
#8198=CARTESIAN_POINT('',(0.0055,-0.0215,0.106267591879244));
#8199=CARTESIAN_POINT('',(0.0065,-0.0125392663473858,0.104));
#8200=CARTESIAN_POINT('',(0.0065,-0.0125392663473858,0.111732408120756));
#8201=CARTESIAN_POINT('',(-0.005,0.0122948932188135,0.104732408120756));
#8202=CARTESIAN_POINT('',(-0.005,-0.0215,0.104732408120756));
#8203=CARTESIAN_POINT('',(-0.0045,-0.0129441016796071,0.104732408120756));
#8204=CARTESIAN_POINT('',(-0.0045,-0.0130176110852302,0.104912801185569));
#8205=CARTESIAN_POINT('',(-0.00459336651302828,-0.0131348759368925,0.105062244342019));
#8206=CARTESIAN_POINT('',(-0.00472264990188739,-0.013247042985171,0.105148433267925));
#8207=CARTESIAN_POINT('',(-0.005,-0.0215,0.104732408120756));
#8208=CARTESIAN_POINT('',(-0.00444529980377477,-0.0215,0.105564458415094));
#8209=CARTESIAN_POINT('',(0.0055,-0.0215,0.106267591879244));
#8210=CARTESIAN_POINT('',(0.0055,-0.0215,0.106267591879244));
#8211=CARTESIAN_POINT('',(0.006,-0.0125392663473858,0.111732408120756));
#8212=CARTESIAN_POINT('',(0.006,-0.0122434623582308,0.111732408120756));
#8213=CARTESIAN_POINT('',(0.00625925925925926,-0.0121010382153043,0.111732408120756));
#8214=CARTESIAN_POINT('',(0.006,-0.012539266385067,0.111903558880075));
#8215=CARTESIAN_POINT('',(0.00599999994332176,-0.0122434623874246,0.111959182965518));
#8216=CARTESIAN_POINT('',(0.00625925919324036,-0.0121010382515718,0.112074709639388));
#8217=CARTESIAN_POINT('',(0.00590739254452338,-0.0126426907880168,0.112061738303651));
#8218=CARTESIAN_POINT('',(0.00583304473646127,-0.0123295617252139,0.112164712355537));
#8219=CARTESIAN_POINT('',(0.00608090418569033,-0.0122006321280927,0.112391068521373));
#8220=CARTESIAN_POINT('',(0.00577735009811259,-0.0127731999987044,0.112148433267925));
#8221=CARTESIAN_POINT('',(0.00565302988182055,-0.0124153371353306,0.11223131341212));
#8222=CARTESIAN_POINT('',(0.00583045204080943,-0.0123263076573149,0.112564458415094));
#8223=CARTESIAN_POINT('',(0.006,-0.0125392663473858,0.111732408120756));
#8224=CARTESIAN_POINT('',(0.006,-0.0125392663473858,0.111919867811358));
#8225=CARTESIAN_POINT('',(0.0058962079629245,-0.0126539155336458,0.112069194691384));
#8226=CARTESIAN_POINT('',(0.00577735009811262,-0.0127731999987044,0.112148433267925));
#8227=CARTESIAN_POINT('',(0.00605470019622524,-0.0127731999987044,0.112564458415094));
#8228=CARTESIAN_POINT('',(-0.00449183132773928,-0.0129064285378721,0.104508804168165));
#8229=CARTESIAN_POINT('',(-0.00428687585665293,-0.0129818938321055,0.104857917237769));
#8230=CARTESIAN_POINT('',(-0.00438724397300125,-0.0133756332208215,0.104924829315334));
#8231=CARTESIAN_POINT('',(-0.00494842567223618,-0.0127383089635559,0.10482490794512));
#8232=CARTESIAN_POINT('',(-0.00474869488501994,-0.0128204909145946,0.105165796590029));
#8233=CARTESIAN_POINT('',(-0.00486139963843785,-0.0132010475090309,0.105240933092292));
#8234=CARTESIAN_POINT('',(-0.00539557037168003,-0.0125445289224705,0.105134469660121));
#8235=CARTESIAN_POINT('',(-0.0052055226379073,-0.0126315190227668,0.105470348425259));
#8236=CARTESIAN_POINT('',(-0.00532574221093722,-0.0129998143894423,0.105550494807291));
#8237=CARTESIAN_POINT('',(-0.00583045204080949,-0.0123263076573149,0.105435541584906));
#8238=CARTESIAN_POINT('',(-0.0056530298818206,-0.0124153371353306,0.10576868658788));
#8239=CARTESIAN_POINT('',(-0.00577735009811262,-0.0127731999987044,0.105851566732075));
#8240=CARTESIAN_POINT('',(-0.00605470019622522,-0.0127731999987044,0.105435541584906));
#8241=CARTESIAN_POINT('',(-0.0055,0.0122948932188135,0.106267591879244));
#8242=CARTESIAN_POINT('',(-0.0055,-0.0215,0.106267591879244));
#8243=CARTESIAN_POINT('',(-0.006,-0.0125392663473858,0.106267591879244));
#8244=CARTESIAN_POINT('',(-0.006,-0.0125392663473858,0.106080132188642));
#8245=CARTESIAN_POINT('',(-0.00589620796292451,-0.0126539155336458,0.105930805308616));
#8246=CARTESIAN_POINT('',(-0.00577735009811261,-0.0127731999987044,0.105851566732075));
#8247=CARTESIAN_POINT('',(-0.00497264990188739,-0.0215,0.105916025147169));
#8248=CARTESIAN_POINT('',(-0.0055,-0.0215,0.106267591879244));
#8249=CARTESIAN_POINT('',(0.0055,-0.0215,0.104));
#8250=CARTESIAN_POINT('',(0.0055,-0.0215,0.111732408120756));
#8251=CARTESIAN_POINT('',(0.0055,0.0122948932188135,0.111732408120756));
#8252=CARTESIAN_POINT('',(0.0055,-0.0215,0.111732408120756));
#8253=CARTESIAN_POINT('',(0.00481481481481484,-0.0127826009035419,0.113267591879244));
#8254=CARTESIAN_POINT('',(0.00461629483835335,-0.0128617560017945,0.112922470107765));
#8255=CARTESIAN_POINT('',(0.00472264990188741,-0.013247042985171,0.112851566732075));
#8256=CARTESIAN_POINT('',(0.00515966890270167,-0.0126450985740734,0.113028846741472));
#8257=CARTESIAN_POINT('',(0.0049659591304983,-0.0127288665570976,0.112689360579671));
#8258=CARTESIAN_POINT('',(0.0050807676085411,-0.0131042521045702,0.112612821594306));
#8259=CARTESIAN_POINT('',(0.00549862885580127,-0.0124928147335626,0.112794182158562));
#8260=CARTESIAN_POINT('',(0.00531217776377266,-0.0125799960435838,0.112458548157481));
#8261=CARTESIAN_POINT('',(0.00543276448291173,-0.0129461111932689,0.112378157011392));
#8262=CARTESIAN_POINT('',(0.00583045204080952,-0.0123263076573148,0.112564458415094));
#8263=CARTESIAN_POINT('',(0.00565302988182062,-0.0124153371353305,0.11223131341212));
#8264=CARTESIAN_POINT('',(0.00577735009811265,-0.0127731999987044,0.112148433267925));
#8265=CARTESIAN_POINT('',(0.005,-0.013247042985171,0.113267591879244));
#8266=CARTESIAN_POINT('',(-0.006,-0.0125392663473858,0.106267591879244));
#8267=CARTESIAN_POINT('',(-0.006,-0.0122434623582308,0.106267591879244));
#8268=CARTESIAN_POINT('',(-0.00625925925925926,-0.0121010382153043,0.106267591879244));
#8269=CARTESIAN_POINT('',(-0.006,-0.0125392663850644,0.106096441119932));
#8270=CARTESIAN_POINT('',(-0.00599999994332695,-0.012243462387419,0.106040817034479));
#8271=CARTESIAN_POINT('',(-0.00625925919324457,-0.0121010382515695,0.105925290360612));
#8272=CARTESIAN_POINT('',(-0.00590739254452522,-0.0126426907880162,0.10593826169635));
#8273=CARTESIAN_POINT('',(-0.00583304473646077,-0.0123295617252143,0.105835287644465));
#8274=CARTESIAN_POINT('',(-0.00608090418568972,-0.012200632128093,0.105608931478634));
#8275=CARTESIAN_POINT('',(-0.00577735009811258,-0.0127731999987044,0.105851566732075));
#8276=CARTESIAN_POINT('',(-0.00565302988182053,-0.0124153371353306,0.10576868658788));
#8277=CARTESIAN_POINT('',(-0.00583045204080941,-0.0123263076573149,0.105435541584906));
#8278=CARTESIAN_POINT('',(-0.0065,-0.0125392663473858,0.106267591879244));
#8279=CARTESIAN_POINT('',(-0.0055,-0.0215,0.106267591879244));
#8280=CARTESIAN_POINT('',(-0.0055,-0.0215,0.106267591879244));
#8281=CARTESIAN_POINT('',(0.0055,-0.0215,0.111732408120756));
#8282=CARTESIAN_POINT('',(0.0055,-0.0215,0.111732408120756));
#8283=CARTESIAN_POINT('',(0.005,-0.013247042985171,0.113267591879244));
#8284=CARTESIAN_POINT('',(0.005,-0.013247042985171,0.113267591879244));
#8285=CARTESIAN_POINT('',(0.005,-0.013247042985171,0.113267591879244));
#8286=CARTESIAN_POINT('',(-0.0065,-0.0125392663473858,0.104));
#8287=CARTESIAN_POINT('',(-0.0065,-0.0125392663473858,0.111732408120756));
#8288=CARTESIAN_POINT('',(-0.0055,-0.0171198346879287,0.111732408120756));
#8289=CARTESIAN_POINT('',(-0.0055,-0.0215,0.111732408120756));
#8290=CARTESIAN_POINT('',(-0.00577735009811261,-0.0127731999987044,0.112148433267925));
#8291=CARTESIAN_POINT('',(-0.00589605625621331,-0.0126540677848571,0.112069295829191));
#8292=CARTESIAN_POINT('',(-0.006,-0.0125392663473858,0.111919415744409));
#8293=CARTESIAN_POINT('',(-0.006,-0.0125392663473858,0.111732408120756));
#8294=CARTESIAN_POINT('',(-0.0055,-0.0215,0.104));
#8295=CARTESIAN_POINT('',(-0.0055,-0.0215,0.111732408120756));
#8296=CARTESIAN_POINT('',(0.00497264990188739,-0.0215,0.112083974852831));
#8297=CARTESIAN_POINT('',(0.00444529980377477,-0.0215,0.112435541584906));
#8298=CARTESIAN_POINT('',(0.005,0.0122948932188135,0.113267591879244));
#8299=CARTESIAN_POINT('',(0.005,-0.0215,0.113267591879244));
#8300=CARTESIAN_POINT('',(0.005,-0.013247042985171,0.104));
#8301=CARTESIAN_POINT('',(0.005,-0.013247042985171,0.1135));
#8302=CARTESIAN_POINT('',(-1.7347234759768E-18,-0.000707106781186544,0.1135));
#8303=CARTESIAN_POINT('',(0.005,-0.013247042985171,0.1135));
#8304=CARTESIAN_POINT('',(0.0095459415460184,0.00883883476483184,0.1135));
#8305=CARTESIAN_POINT('',(0.00244238815542513,0.0159423881554251,0.1135));
#8306=CARTESIAN_POINT('',(0.00176776695296636,0.0166170093578838,0.1135));
#8307=CARTESIAN_POINT('',(-0.00577735009811265,-0.0127731999987044,0.112148433267925));
#8308=CARTESIAN_POINT('',(-0.00565302988182061,-0.0124153371353306,0.11223131341212));
#8309=CARTESIAN_POINT('',(-0.00583045204080948,-0.0123263076573149,0.112564458415094));
#8310=CARTESIAN_POINT('',(-0.00590875044191327,-0.0126413280298122,0.112060833038725));
#8311=CARTESIAN_POINT('',(-0.00583483235279515,-0.0123287099402813,0.112164050930686));
#8312=CARTESIAN_POINT('',(-0.00608351936360229,-0.0121993198459869,0.112389257939075));
#8313=CARTESIAN_POINT('',(-0.006,-0.0125392663793196,0.111902968397169));
#8314=CARTESIAN_POINT('',(-0.00599999995195828,-0.01224346238298,0.111958400574934));
#8315=CARTESIAN_POINT('',(-0.0062592592033183,-0.0121010382460355,0.112073528673585));
#8316=CARTESIAN_POINT('',(-0.006,-0.0125392663473858,0.111732408120756));
#8317=CARTESIAN_POINT('',(-0.006,-0.0122434623582308,0.111732408120756));
#8318=CARTESIAN_POINT('',(-0.00625925925925926,-0.0121010382153043,0.111732408120756));
#8319=CARTESIAN_POINT('',(-0.00605470019622522,-0.0127731999987044,0.112564458415094));
#8320=CARTESIAN_POINT('',(-0.0055,-0.0215,0.111732408120756));
#8321=CARTESIAN_POINT('',(-0.0055,-0.0215,0.111732408120756));
#8322=CARTESIAN_POINT('',(0.005,-0.0215,0.113267591879244));
#8323=CARTESIAN_POINT('',(0.004,-0.0215,0.113267591879244));
#8324=CARTESIAN_POINT('',(0.005,-0.013247042985171,0.1135));
#8325=CARTESIAN_POINT('',(0.005,-0.013247042985171,0.1135));
#8326=CARTESIAN_POINT('',(-2.60208521396521E-18,0.0148492424049175,0.1135));
#8327=CARTESIAN_POINT('',(-0.00176776695296637,0.0166170093578839,0.1135));
#8328=CARTESIAN_POINT('',(-0.0047226499018874,-0.013247042985171,0.112851566732075));
#8329=CARTESIAN_POINT('',(-0.00461629483835334,-0.0128617560017945,0.112922470107765));
#8330=CARTESIAN_POINT('',(-0.00481481481481483,-0.012782600903542,0.113267591879244));
#8331=CARTESIAN_POINT('',(-0.00508076760853997,-0.0131042521045686,0.112612821594307));
#8332=CARTESIAN_POINT('',(-0.00496595913049463,-0.0127288665570899,0.112689360579664));
#8333=CARTESIAN_POINT('',(-0.00515966890270082,-0.0126450985740738,0.113028846741472));
#8334=CARTESIAN_POINT('',(-0.0054327644829121,-0.0129461111932693,0.112378157011392));
#8335=CARTESIAN_POINT('',(-0.00531217776376617,-0.0125799960435787,0.112458548157502));
#8336=CARTESIAN_POINT('',(-0.00549862885580232,-0.012492814733562,0.112794182158562));
#8337=CARTESIAN_POINT('',(-0.0057773500981126,-0.0127731999987044,0.112148433267925));
#8338=CARTESIAN_POINT('',(-0.00565302988182058,-0.0124153371353306,0.11223131341212));
#8339=CARTESIAN_POINT('',(-0.00583045204080946,-0.0123263076573149,0.112564458415094));
#8340=CARTESIAN_POINT('',(-0.005,-0.013247042985171,0.113267591879244));
#8341=CARTESIAN_POINT('',(-0.005,0.0122948932188135,0.113267591879244));
#8342=CARTESIAN_POINT('',(-0.005,-0.0215,0.113267591879244));
#8343=CARTESIAN_POINT('',(-0.005,-0.013247042985171,0.113267591879244));
#8344=CARTESIAN_POINT('',(-0.00526111144034893,-0.0215,0.111891667160523));
#8345=CARTESIAN_POINT('',(-0.00444529980377478,-0.0215,0.112435541584906));
#8346=CARTESIAN_POINT('',(0.004,-0.0215,0.1135));
#8347=CARTESIAN_POINT('',(0.004,-0.0215,0.1135));
#8348=CARTESIAN_POINT('',(0.005,0.0135,0.1135));
#8349=CARTESIAN_POINT('',(0.005,-0.0215,0.1135));
#8350=CARTESIAN_POINT('',(-0.00244238815542512,0.0159423881554252,0.1135));
#8351=CARTESIAN_POINT('',(-0.0095459415460184,0.00883883476483185,0.1135));
#8352=CARTESIAN_POINT('',(-0.005,-0.013247042985171,0.113267591879244));
#8353=CARTESIAN_POINT('',(-0.005,-0.013247042985171,0.113267591879244));
#8354=CARTESIAN_POINT('',(-0.005,-0.0215,0.113267591879244));
#8355=CARTESIAN_POINT('',(-0.004,-0.0215,0.113267591879244));
#8356=CARTESIAN_POINT('',(0.004,-0.0215,0.1135));
#8357=CARTESIAN_POINT('',(0.004,-0.0225,0.1135));
#8358=CARTESIAN_POINT('',(-1.7347234759768E-18,-0.000707106781186542,0.1135));
#8359=CARTESIAN_POINT('',(-0.005,-0.013247042985171,0.1135));
#8360=CARTESIAN_POINT('',(-0.005,-0.013247042985171,0.104));
#8361=CARTESIAN_POINT('',(-0.005,-0.013247042985171,0.1135));
#8362=CARTESIAN_POINT('',(-0.004,-0.0215,0.104));
#8363=CARTESIAN_POINT('',(-0.004,-0.0215,0.1135));
#8364=CARTESIAN_POINT('',(0.,-0.0225,0.1135));
#8365=CARTESIAN_POINT('',(-0.004,-0.0225,0.1135));
#8366=CARTESIAN_POINT('',(-0.005,-0.013247042985171,0.1135));
#8367=CARTESIAN_POINT('',(-0.005,-0.013247042985171,0.1135));
#8368=CARTESIAN_POINT('',(-0.004,-0.0215,0.1135));
#8369=CARTESIAN_POINT('',(-0.005,-0.0215,0.1135));
#8370=CARTESIAN_POINT('',(-0.005,0.0122948932188135,0.1135));
#8371=CARTESIAN_POINT('',(-3.46944695195361E-18,-0.0265,0.109));
#8372=CARTESIAN_POINT('',(-3.46944695195361E-18,-0.0295,0.109));
#8373=CARTESIAN_POINT('',(0.0016875,-0.0225,0.106077164262227));
#8374=CARTESIAN_POINT('',(0.003375,-0.0225,0.107051442841485));
#8375=CARTESIAN_POINT('',(2.01661604082304E-17,-0.0225,0.10510288568297));
#8376=CARTESIAN_POINT('',(-0.0016875,-0.0225,0.106077164262227));
#8377=CARTESIAN_POINT('',(-0.003375,-0.0225,0.107051442841485));
#8378=CARTESIAN_POINT('',(0.003375,-0.0225,0.109));
#8379=CARTESIAN_POINT('',(0.003375,-0.0225,0.110948557158515));
#8380=CARTESIAN_POINT('',(-0.003375,-0.0225,0.109));
#8381=CARTESIAN_POINT('',(-0.003375,-0.0225,0.110948557158515));
#8382=CARTESIAN_POINT('',(0.0016875,-0.0225,0.111922835737772));
#8383=CARTESIAN_POINT('',(2.92734586571086E-18,-0.0225,0.11289711431703));
#8384=CARTESIAN_POINT('',(-0.0016875,-0.0225,0.111922835737772));
#8385=CARTESIAN_POINT('',(0.0298,0.000888888888888887,0.108614930555556));
#8386=CARTESIAN_POINT('',(0.0298,0.00167534722222222,0.108414930555556));
#8387=CARTESIAN_POINT('',(0.0296727906943214,0.00167534722222222,0.108414930555556));
#8388=CARTESIAN_POINT('',(0.0296,0.00156825042754551,0.108522839257264));
#8389=CARTESIAN_POINT('',(0.0296,0.00148372598783761,0.108614930555556));
#8390=CARTESIAN_POINT('',(0.0298,0.00167534722222222,0.108414930555556));
#8391=CARTESIAN_POINT('',(0.0298,0.000102430555555554,0.108414930555556));
#8392=CARTESIAN_POINT('',(0.0296692456328211,0.000102430555555554,0.108414930555556));
#8393=CARTESIAN_POINT('',(0.0296000000000001,0.000215591791336652,0.108527468177422));
#8394=CARTESIAN_POINT('',(0.0296,0.000309741600213708,0.108614930555555));
#8395=CARTESIAN_POINT('',(0.0298,0.000102430555555554,0.108414930555556));
#8396=CARTESIAN_POINT('',(0.0298,0.000102430555555554,0.108414930555556));
#8397=CARTESIAN_POINT('',(0.0296,0.000620277344161446,0.109632679867056));
#8398=CARTESIAN_POINT('',(0.0296,0.00044704861111119,0.109732638888889));
#8399=CARTESIAN_POINT('',(0.0298,0.000447048611111187,0.109732638888889));
#8400=CARTESIAN_POINT('',(0.0296,0.000513345618794441,0.109447367464636));
#8401=CARTESIAN_POINT('',(0.0295999999999449,0.000331354182177052,0.109532140746046));
#8402=CARTESIAN_POINT('',(0.0298,0.000331354187060503,0.109532140743431));
#8403=CARTESIAN_POINT('',(0.0296,0.000349908778618613,0.109049190200802));
#8404=CARTESIAN_POINT('',(0.0296000000000276,0.000153377898968837,0.109105915294388));
#8405=CARTESIAN_POINT('',(0.0298,0.000153377896527116,0.109105915295698));
#8406=CARTESIAN_POINT('',(0.0296,0.000302430555555554,0.108621076169455));
#8407=CARTESIAN_POINT('',(0.0296,0.000102430555555576,0.108621076169461));
#8408=CARTESIAN_POINT('',(0.0298,0.000102430555555554,0.108621076169455));
#8409=CARTESIAN_POINT('',(0.0296,0.000302430555555554,0.108407279790503));
#8410=CARTESIAN_POINT('',(0.0296,0.000102430555555558,0.108407279790503));
#8411=CARTESIAN_POINT('',(0.0298,0.000102430555555554,0.108407279790503));
#8412=CARTESIAN_POINT('',(0.0298,0.000620277344161446,0.109632679867056));
#8413=CARTESIAN_POINT('',(0.0298,0.000447048611111109,0.109732638888889));
#8414=CARTESIAN_POINT('',(0.0298,0.000102430555555554,0.108414930555556));
#8415=CARTESIAN_POINT('',(0.0298,0.000102435137683572,0.108875066255624));
#8416=CARTESIAN_POINT('',(0.0298,0.000216991405213352,0.109333950330557));
#8417=CARTESIAN_POINT('',(0.0298,0.000447048611111109,0.109732638888889));
#8418=CARTESIAN_POINT('',(0.0298,3.52148865623292E-18,0.108214930555556));
#8419=CARTESIAN_POINT('',(0.0298,0.00167534722222222,0.108414930555556));
#8420=CARTESIAN_POINT('',(0.0299290735282309,0.00167534722222222,0.108414930555556));
#8421=CARTESIAN_POINT('',(0.03,0.00178565445993686,0.108304623317842));
#8422=CARTESIAN_POINT('',(0.03,0.00187534722222222,0.108214930555556));
#8423=CARTESIAN_POINT('',(0.0298,0.000102430555555554,0.108414930555556));
#8424=CARTESIAN_POINT('',(0.0299290735282309,0.000102430555555554,0.108414930555556));
#8425=CARTESIAN_POINT('',(0.03,-7.87668215850745E-6,0.108304623317841));
#8426=CARTESIAN_POINT('',(0.03,-9.75694444444456E-5,0.108214930555556));
#8427=CARTESIAN_POINT('',(0.0298,0.00198177083333335,0.109377604166667));
#8428=CARTESIAN_POINT('',(0.0296,0.00198177083333335,0.109377604166667));
#8429=CARTESIAN_POINT('',(0.0296,0.00182851518086309,0.109506105937028));
#8430=CARTESIAN_POINT('',(0.0298000000000017,0.00187298709271932,0.109247864917946));
#8431=CARTESIAN_POINT('',(0.0295999999997864,0.00187298709820816,0.109247864912556));
#8432=CARTESIAN_POINT('',(0.0296,0.00170137903701134,0.109354478967159));
#8433=CARTESIAN_POINT('',(0.0297999999999985,0.00171589669042931,0.108937573292941));
#8434=CARTESIAN_POINT('',(0.0296000000001058,0.00171589668768488,0.108937573295638));
#8435=CARTESIAN_POINT('',(0.0296,0.00151859579302155,0.108999290684178));
#8436=CARTESIAN_POINT('',(0.0298000000000014,0.00167534722222222,0.108604298750695));
#8437=CARTESIAN_POINT('',(0.0296000000000019,0.00167534722222222,0.108604298750692));
#8438=CARTESIAN_POINT('',(0.0296,0.00147534722222222,0.108604298750695));
#8439=CARTESIAN_POINT('',(0.0298,0.00167534722222222,0.108407902457592));
#8440=CARTESIAN_POINT('',(0.0296,0.00167534722222222,0.108407902457592));
#8441=CARTESIAN_POINT('',(0.0296,0.00147534722222222,0.108407902457592));
#8442=CARTESIAN_POINT('',(0.0298,0.00198177083333333,0.109377604166667));
#8443=CARTESIAN_POINT('',(0.0298,0.00176058327258601,0.109113794678142));
#8444=CARTESIAN_POINT('',(0.0298,0.00167534722222222,0.108760032829298));
#8445=CARTESIAN_POINT('',(0.0298,0.00167534722222222,0.108414930555556));
#8446=CARTESIAN_POINT('',(0.0298,0.00198177083333333,0.109377604166667));
#8447=CARTESIAN_POINT('',(0.0298,0.00182851518086309,0.109506105937028));
#8448=CARTESIAN_POINT('',(0.0296,0.00151594272092203,0.110493239022729));
#8449=CARTESIAN_POINT('',(0.0296,0.00142100694444444,0.110669270833333));
#8450=CARTESIAN_POINT('',(0.0298,0.00142100694444444,0.110669270833333));
#8451=CARTESIAN_POINT('',(0.0296,0.00114565981538894,0.110293541642285));
#8452=CARTESIAN_POINT('',(0.0296000000000031,0.00102250295511805,0.110454353536093));
#8453=CARTESIAN_POINT('',(0.0298000000000022,0.00102250296625507,0.110454353515441));
#8454=CARTESIAN_POINT('',(0.0296,0.000830562076541201,0.109997102797544));
#8455=CARTESIAN_POINT('',(0.0296,0.000675363983787563,0.110128308881421));
#8456=CARTESIAN_POINT('',(0.0298,0.000675363995379939,0.110128308874724));
#8457=CARTESIAN_POINT('',(0.0296,0.000620277344161446,0.109632679867056));
#8458=CARTESIAN_POINT('',(0.0296,0.00044704861111119,0.109732638888889));
#8459=CARTESIAN_POINT('',(0.0298,0.000447048611111187,0.109732638888889));
#8460=CARTESIAN_POINT('',(0.0298,0.00151594272092203,0.110493239022729));
#8461=CARTESIAN_POINT('',(0.0298,0.00142100694444444,0.110669270833333));
#8462=CARTESIAN_POINT('',(0.0298,0.000447048611111109,0.109732638888889));
#8463=CARTESIAN_POINT('',(0.0298,0.000674379287239921,0.110126591597068));
#8464=CARTESIAN_POINT('',(0.0298,0.00101818608480697,0.110452025376618));
#8465=CARTESIAN_POINT('',(0.0298,0.00142100694444444,0.110669270833333));
#8466=CARTESIAN_POINT('',(0.03,0.000273819878060772,0.109832597910722));
#8467=CARTESIAN_POINT('',(0.03,0.000447048611111206,0.109732638888889));
#8468=CARTESIAN_POINT('',(0.0298,0.000447048611111206,0.109732638888889));
#8469=CARTESIAN_POINT('',(0.03,0.000132586959418166,0.109587841625499));
#8470=CARTESIAN_POINT('',(0.0300000000002503,0.000315759534957108,0.109505115256427));
#8471=CARTESIAN_POINT('',(0.0297999999999985,0.000315759537069365,0.109505115254277));
#8472=CARTESIAN_POINT('',(0.03,-7.94605480756396E-5,0.10905567688744));
#8473=CARTESIAN_POINT('',(0.0299999999998749,0.000119716656355161,0.109011577254547));
#8474=CARTESIAN_POINT('',(0.0298000000000007,0.000119716655299028,0.109011577255619));
#8475=CARTESIAN_POINT('',(0.03,-9.75694444444457E-5,0.108487090284797));
#8476=CARTESIAN_POINT('',(0.03,0.000102430555555558,0.108487090284791));
#8477=CARTESIAN_POINT('',(0.0298,0.000102430555555554,0.108487090284797));
#8478=CARTESIAN_POINT('',(0.03,-9.75694444444457E-5,0.108204829782099));
#8479=CARTESIAN_POINT('',(0.03,0.000102430555555558,0.108204829782099));
#8480=CARTESIAN_POINT('',(0.0298,0.000102430555555554,0.108204829782099));
#8481=CARTESIAN_POINT('',(0.0298,0.000273819878060772,0.109832597910722));
#8482=CARTESIAN_POINT('',(0.0298,0.00198177083333331,0.109377604166667));
#8483=CARTESIAN_POINT('',(0.03,0.00198177083333331,0.109377604166667));
#8484=CARTESIAN_POINT('',(0.03,0.00213502648580357,0.109249102396306));
#8485=CARTESIAN_POINT('',(0.0297999999999968,0.001838971670624,0.109207296949951));
#8486=CARTESIAN_POINT('',(0.0300000000000911,0.00183897168382618,0.109207296939237));
#8487=CARTESIAN_POINT('',(0.03,0.00201631834449297,0.109107526936134));
#8488=CARTESIAN_POINT('',(0.029800000000001,0.00166493735582558,0.108791698653328));
#8489=CARTESIAN_POINT('',(0.0299999999999535,0.00166493734922449,0.108791698658688));
#8490=CARTESIAN_POINT('',(0.03,0.00186835437353667,0.108762430935748));
#8491=CARTESIAN_POINT('',(0.0298000000000013,0.00167534722222222,0.108391834511345));
#8492=CARTESIAN_POINT('',(0.0300000000000018,0.00167534722222222,0.108391834511338));
#8493=CARTESIAN_POINT('',(0.03,0.00187534722222222,0.108391834511345));
#8494=CARTESIAN_POINT('',(0.0298,0.00167534722222222,0.108208365047918));
#8495=CARTESIAN_POINT('',(0.03,0.00167534722222222,0.108208365047918));
#8496=CARTESIAN_POINT('',(0.03,0.00187534722222222,0.108208365047918));
#8497=CARTESIAN_POINT('',(0.0298,0.00213502648580357,0.109249102396306));
#8498=CARTESIAN_POINT('',(0.0296,0.00182851518086309,0.109506105937028));
#8499=CARTESIAN_POINT('',(0.0296,0.00198177083333335,0.109377604166667));
#8500=CARTESIAN_POINT('',(0.0298,0.00198177083333335,0.109377604166667));
#8501=CARTESIAN_POINT('',(0.0296,0.00207029415645833,0.109794459939765));
#8502=CARTESIAN_POINT('',(0.0296000000000028,0.00218684591708767,0.109622183804456));
#8503=CARTESIAN_POINT('',(0.029800000000002,0.00218684591970612,0.109622183802256));
#8504=CARTESIAN_POINT('',(0.0296,0.00244357624716571,0.109943055610574));
#8505=CARTESIAN_POINT('',(0.029600000000106,0.00248666713056247,0.109743055589172));
#8506=CARTESIAN_POINT('',(0.0298000000000065,0.00248666713055343,0.109743055555556));
#8507=CARTESIAN_POINT('',(0.0296,0.00281944444444444,0.109943055555556));
#8508=CARTESIAN_POINT('',(0.0296,0.00281944444444444,0.109743055555556));
#8509=CARTESIAN_POINT('',(0.0298,0.00281944444444444,0.109743055555556));
#8510=CARTESIAN_POINT('',(0.0298,0.00281944444444444,0.109743055555556));
#8511=CARTESIAN_POINT('',(0.0298,0.00250377225873856,0.109743049423122));
#8512=CARTESIAN_POINT('',(0.0298,0.0021858576326323,0.109621005136935));
#8513=CARTESIAN_POINT('',(0.0298,0.00198177083333333,0.109377604166667));
#8514=CARTESIAN_POINT('',(0.0298,0.00281944444444444,0.109743055555556));
#8515=CARTESIAN_POINT('',(0.0298,0.00281944444444444,0.109943055555556));
#8516=CARTESIAN_POINT('',(0.0296,0.00284722222222222,0.110808680555556));
#8517=CARTESIAN_POINT('',(0.0296,0.00284722222222222,0.111008680555556));
#8518=CARTESIAN_POINT('',(0.0298,0.00284722222222222,0.111008680555556));
#8519=CARTESIAN_POINT('',(0.0296,0.00238549437631055,0.110808680572382));
#8520=CARTESIAN_POINT('',(0.029599999999044,0.00235942166734002,0.111008680571931));
#8521=CARTESIAN_POINT('',(0.0298000000000032,0.00235942166743101,0.111008680555556));
#8522=CARTESIAN_POINT('',(0.0296,0.00192262071686318,0.110712564668078));
#8523=CARTESIAN_POINT('',(0.0296000000001247,0.00186017675153862,0.110906119649118));
#8524=CARTESIAN_POINT('',(0.029800000000004,0.00186017674954915,0.110906119652362));
#8525=CARTESIAN_POINT('',(0.0296,0.00151594272092203,0.110493239022729));
#8526=CARTESIAN_POINT('',(0.0296,0.00142100694444444,0.110669270833333));
#8527=CARTESIAN_POINT('',(0.0298,0.00142100694444444,0.110669270833333));
#8528=CARTESIAN_POINT('',(0.0298,0.00284722222222222,0.110808680555556));
#8529=CARTESIAN_POINT('',(0.0298,0.00284722222222222,0.111008680555556));
#8530=CARTESIAN_POINT('',(0.0298,0.00142100694444444,0.110669270833333));
#8531=CARTESIAN_POINT('',(0.0298,0.00185474378619633,0.110903183386654));
#8532=CARTESIAN_POINT('',(0.0298,0.00235244272235302,0.111008680555556));
#8533=CARTESIAN_POINT('',(0.0298,0.00284722222222222,0.111008680555556));
#8534=CARTESIAN_POINT('',(0.0298,0.000447048611111206,0.109732638888889));
#8535=CARTESIAN_POINT('',(0.03,0.000447048611111206,0.109732638888889));
#8536=CARTESIAN_POINT('',(0.03,0.000273819878060772,0.109832597910722));
#8537=CARTESIAN_POINT('',(0.0298000000000026,0.000676360869305961,0.110130036454729));
#8538=CARTESIAN_POINT('',(0.0299999999999417,0.000676360864158355,0.110130036457465));
#8539=CARTESIAN_POINT('',(0.03,0.000521241497730206,0.110261378971384));
#8540=CARTESIAN_POINT('',(0.0297999999999949,0.00101440651051015,0.110449987013101));
#8541=CARTESIAN_POINT('',(0.0299999999996068,0.00101440650672752,0.110449987018643));
#8542=CARTESIAN_POINT('',(0.03,0.000890676275725959,0.110610489687004));
#8543=CARTESIAN_POINT('',(0.0298,0.00142100694444436,0.110669270833333));
#8544=CARTESIAN_POINT('',(0.03,0.00142100694444436,0.110669270833333));
#8545=CARTESIAN_POINT('',(0.03,0.00132607116796686,0.110845302643938));
#8546=CARTESIAN_POINT('',(0.0298,0.00132607116796686,0.110845302643938));
#8547=CARTESIAN_POINT('',(0.0298,0.00281944444444444,0.109743055555556));
#8548=CARTESIAN_POINT('',(0.03,0.00281944444444444,0.109743055555556));
#8549=CARTESIAN_POINT('',(0.03,0.00281944444444444,0.109543055555556));
#8550=CARTESIAN_POINT('',(0.0297999999999982,0.00267112293202479,0.109743055555556));
#8551=CARTESIAN_POINT('',(0.0300000000000811,0.0026711229320326,0.10974305561675));
#8552=CARTESIAN_POINT('',(0.03,0.00269032887372197,0.109543055595449));
#8553=CARTESIAN_POINT('',(0.0298000000000012,0.00235744975089854,0.10970185403717));
#8554=CARTESIAN_POINT('',(0.0299999999999847,0.00235744978309628,0.109701853979667));
#8555=CARTESIAN_POINT('',(0.03,0.00243097596513364,0.109506399637252));
#8556=CARTESIAN_POINT('',(0.0297999999999993,0.00208324974356669,0.109498631422214));
#8557=CARTESIAN_POINT('',(0.0299999999999494,0.00208324967916338,0.109498631476025));
#8558=CARTESIAN_POINT('',(0.03,0.00221834287840803,0.109348468478185));
#8559=CARTESIAN_POINT('',(0.0298,0.00198177083333331,0.109377604166667));
#8560=CARTESIAN_POINT('',(0.03,0.00198177083333331,0.109377604166667));
#8561=CARTESIAN_POINT('',(0.03,0.00213502648580357,0.109249102396306));
#8562=CARTESIAN_POINT('',(0.0298,0.00281944444444444,0.109543055555556));
#8563=CARTESIAN_POINT('',(0.0296,0.00281944444444444,0.109943055555556));
#8564=CARTESIAN_POINT('',(0.0296,0.00281944444444444,0.109743055555556));
#8565=CARTESIAN_POINT('',(0.0298,0.00281944444444444,0.109743055555556));
#8566=CARTESIAN_POINT('',(0.0296,0.00315852658659206,0.109943055607368));
#8567=CARTESIAN_POINT('',(0.0295999999998236,0.00312147326619052,0.109743055585995));
#8568=CARTESIAN_POINT('',(0.0298,0.00312147326620772,0.109743055555556));
#8569=CARTESIAN_POINT('',(0.0296,0.00350378225254165,0.109830627856929));
#8570=CARTESIAN_POINT('',(0.0295999999999983,0.00339628844821474,0.109650277408251));
#8571=CARTESIAN_POINT('',(0.0297999999999988,0.00339628845540799,0.109650277414618));
#8572=CARTESIAN_POINT('',(0.0296,0.00372967695166616,0.109575204423535));
#8573=CARTESIAN_POINT('',(0.0296,0.00357986111111118,0.109442708333333));
#8574=CARTESIAN_POINT('',(0.0298,0.00357986111111117,0.109442708333333));
#8575=CARTESIAN_POINT('',(0.0298,0.00357986111111111,0.109442708333333));
#8576=CARTESIAN_POINT('',(0.0298,0.00339366733898418,0.109653226490444));
#8577=CARTESIAN_POINT('',(0.0298,0.00310163862090996,0.109743055555556));
#8578=CARTESIAN_POINT('',(0.0298,0.00281944444444444,0.109743055555556));
#8579=CARTESIAN_POINT('',(0.0298,0.00357986111111111,0.109442708333333));
#8580=CARTESIAN_POINT('',(0.0298,0.00372967695166616,0.109575204423535));
#8581=CARTESIAN_POINT('',(0.0296,0.00461198815033552,0.110271675735169));
#8582=CARTESIAN_POINT('',(0.0296,0.00474305555555552,0.110422743055556));
#8583=CARTESIAN_POINT('',(0.0298,0.00474305555555552,0.110422743055556));
#8584=CARTESIAN_POINT('',(0.0296,0.00413222202519566,0.110687925210418));
#8585=CARTESIAN_POINT('',(0.0296,0.00420995145403946,0.110885269044358));
#8586=CARTESIAN_POINT('',(0.0298,0.0042099514853682,0.110885269080461));
#8587=CARTESIAN_POINT('',(0.0296,0.0034780488182109,0.110808680580208));
#8588=CARTESIAN_POINT('',(0.0296000000000047,0.00350387878420839,0.111008680583313));
#8589=CARTESIAN_POINT('',(0.0298000000000033,0.00350387878420802,0.111008680555556));
#8590=CARTESIAN_POINT('',(0.0296,0.00284722222222222,0.110808680555556));
#8591=CARTESIAN_POINT('',(0.0296,0.00284722222222222,0.111008680555556));
#8592=CARTESIAN_POINT('',(0.0298,0.00284722222222222,0.111008680555556));
#8593=CARTESIAN_POINT('',(0.0298,0.00461198815033552,0.110271675735169));
#8594=CARTESIAN_POINT('',(0.0298,0.00474305555555555,0.110422743055556));
#8595=CARTESIAN_POINT('',(0.0298,0.00284722222222222,0.111008680555556));
#8596=CARTESIAN_POINT('',(0.0298,0.00352559241316303,0.111008676550879));
#8597=CARTESIAN_POINT('',(0.0298,0.0042270585001215,0.110870426876144));
#8598=CARTESIAN_POINT('',(0.0298,0.00474305555555555,0.110422743055556));
#8599=CARTESIAN_POINT('',(0.0298,0.00142100694444436,0.110669270833333));
#8600=CARTESIAN_POINT('',(0.03,0.00142100694444436,0.110669270833333));
#8601=CARTESIAN_POINT('',(0.03,0.00132607116796686,0.110845302643938));
#8602=CARTESIAN_POINT('',(0.0297999999999973,0.00185394924645616,0.110902761095522));
#8603=CARTESIAN_POINT('',(0.0299999999998017,0.00185394924776105,0.110902761092367));
#8604=CARTESIAN_POINT('',(0.03,0.00179104454159115,0.111096067591386));
#8605=CARTESIAN_POINT('',(0.0298,0.00234621080642528,0.111008680555556));
#8606=CARTESIAN_POINT('',(0.029999999999798,0.00234621080640562,0.111008680565049));
#8607=CARTESIAN_POINT('',(0.03,0.00231943198267399,0.111208680568062));
#8608=CARTESIAN_POINT('',(0.0298,0.00284722222222222,0.111008680555556));
#8609=CARTESIAN_POINT('',(0.03,0.00284722222222222,0.111008680555556));
#8610=CARTESIAN_POINT('',(0.03,0.00284722222222222,0.111208680555556));
#8611=CARTESIAN_POINT('',(0.0298,0.00284722222222222,0.111208680555556));
#8612=CARTESIAN_POINT('',(0.0298,0.00357986111111115,0.109442708333333));
#8613=CARTESIAN_POINT('',(0.03,0.00357986111111115,0.109442708333333));
#8614=CARTESIAN_POINT('',(0.03,0.00343004527055605,0.109310212243131));
#8615=CARTESIAN_POINT('',(0.0298,0.00338460355940386,0.109663489748009));
#8616=CARTESIAN_POINT('',(0.0299999999999132,0.00338460367330671,0.109663489848432));
#8617=CARTESIAN_POINT('',(0.03,0.00327980376820699,0.109480093243802));
#8618=CARTESIAN_POINT('',(0.0297999999999988,0.00307671149042327,0.109743055555556));
#8619=CARTESIAN_POINT('',(0.029999999999912,0.00307671149041501,0.109743055678277));
#8620=CARTESIAN_POINT('',(0.03,0.00304514963569476,0.109543055639858));
#8621=CARTESIAN_POINT('',(0.0298,0.00281944444444444,0.109743055555556));
#8622=CARTESIAN_POINT('',(0.03,0.00281944444444444,0.109743055555556));
#8623=CARTESIAN_POINT('',(0.03,0.00281944444444444,0.109543055555556));
#8624=CARTESIAN_POINT('',(0.0298,0.00343004527055605,0.109310212243131));
#8625=CARTESIAN_POINT('',(0.0296,0.00372967695166616,0.109575204423535));
#8626=CARTESIAN_POINT('',(0.0296,0.00357986111111118,0.109442708333333));
#8627=CARTESIAN_POINT('',(0.0298,0.00357986111111117,0.109442708333333));
#8628=CARTESIAN_POINT('',(0.0296,0.00395974145764762,0.109315066085761));
#8629=CARTESIAN_POINT('',(0.0296000000001031,0.0037688278570856,0.109229040017489));
#8630=CARTESIAN_POINT('',(0.0298,0.00376882787436255,0.109229040032402));
#8631=CARTESIAN_POINT('',(0.0296,0.00404548615646124,0.108960510437756));
#8632=CARTESIAN_POINT('',(0.0296000000000068,0.0038454861435727,0.108930394646537));
#8633=CARTESIAN_POINT('',(0.0298000000000048,0.00384548611111111,0.108930394646539));
#8634=CARTESIAN_POINT('',(0.0296,0.0040454861111111,0.108614583333333));
#8635=CARTESIAN_POINT('',(0.0296,0.00384548611111111,0.108614583333333));
#8636=CARTESIAN_POINT('',(0.0298,0.0038454861111111,0.108614583333333));
#8637=CARTESIAN_POINT('',(0.0298,0.00384548611111111,0.108614583333333));
#8638=CARTESIAN_POINT('',(0.0298,0.00384548187401086,0.108910794261759));
#8639=CARTESIAN_POINT('',(0.0298,0.00377777767404479,0.109218920324264));
#8640=CARTESIAN_POINT('',(0.0298,0.00357986111111111,0.109442708333333));
#8641=CARTESIAN_POINT('',(0.0298,0.00384548611111111,0.108614583333333));
#8642=CARTESIAN_POINT('',(0.0298,0.0040454861111111,0.108614583333333));
#8643=CARTESIAN_POINT('',(0.0296,0.00521840277777777,0.108767361111111));
#8644=CARTESIAN_POINT('',(0.0296,0.00541840277777777,0.108767361111111));
#8645=CARTESIAN_POINT('',(0.0298,0.00541840277777777,0.108767361111111));
#8646=CARTESIAN_POINT('',(0.0296,0.00521840279666819,0.109048252125835));
#8647=CARTESIAN_POINT('',(0.0296000000000331,0.0054184028005051,0.109065879243661));
#8648=CARTESIAN_POINT('',(0.0298,0.00541840277777777,0.109065879243535));
#8649=CARTESIAN_POINT('',(0.0296,0.00514627034941085,0.109612866735767));
#8650=CARTESIAN_POINT('',(0.0296000000002255,0.0053434846762927,0.109678858076652));
#8651=CARTESIAN_POINT('',(0.029800000000001,0.00534348469262332,0.109678858081594));
#8652=CARTESIAN_POINT('',(0.0296,0.00482494794050131,0.110086909862224));
#8653=CARTESIAN_POINT('',(0.0295999999995158,0.00497995327782621,0.11021720841772));
#8654=CARTESIAN_POINT('',(0.029799999999998,0.0049799532678923,0.110217208407963));
#8655=CARTESIAN_POINT('',(0.0296,0.00461198815033552,0.110271675735169));
#8656=CARTESIAN_POINT('',(0.0296,0.00474305555555552,0.110422743055556));
#8657=CARTESIAN_POINT('',(0.0298,0.00474305555555552,0.110422743055556));
#8658=CARTESIAN_POINT('',(0.0298,0.00521840277777777,0.108767361111111));
#8659=CARTESIAN_POINT('',(0.0298,0.00541840277777777,0.108767361111111));
#8660=CARTESIAN_POINT('',(0.0298,0.00474305555555555,0.110422743055556));
#8661=CARTESIAN_POINT('',(0.0298,0.00497451044047069,0.110221924505622));
#8662=CARTESIAN_POINT('',(0.0298,0.00533602632889804,0.10969788741027));
#8663=CARTESIAN_POINT('',(0.0298,0.00541840277777777,0.109077028072582));
#8664=CARTESIAN_POINT('',(0.0298,0.00541840277777777,0.108767361111111));
#8665=CARTESIAN_POINT('',(0.0298,0.00284722222222222,0.111008680555556));
#8666=CARTESIAN_POINT('',(0.03,0.00284722222222222,0.111008680555556));
#8667=CARTESIAN_POINT('',(0.03,0.00284722222222222,0.111208680555556));
#8668=CARTESIAN_POINT('',(0.029800000000005,0.00354607713547227,0.111008680555556));
#8669=CARTESIAN_POINT('',(0.0299999999997291,0.00354607713544583,0.11100868057346));
#8670=CARTESIAN_POINT('',(0.03,0.00357356699933065,0.111208680577072));
#8671=CARTESIAN_POINT('',(0.0297999999999924,0.00424228344676561,0.110857217571537));
#8672=CARTESIAN_POINT('',(0.0299999999985829,0.00424228344189779,0.110857217560966));
#8673=CARTESIAN_POINT('',(0.03,0.00432324774665672,0.111051754798213));
#8674=CARTESIAN_POINT('',(0.0298,0.00474305555555549,0.110422743055556));
#8675=CARTESIAN_POINT('',(0.03,0.0047430555555555,0.110422743055556));
#8676=CARTESIAN_POINT('',(0.03,0.00487412296077558,0.110573810375942));
#8677=CARTESIAN_POINT('',(0.0298,0.00487412296077558,0.110573810375942));
#8678=CARTESIAN_POINT('',(0.0298,0.00384548611111111,0.108614583333333));
#8679=CARTESIAN_POINT('',(0.03,0.0038454861111111,0.108614583333333));
#8680=CARTESIAN_POINT('',(0.03,0.00364548611111111,0.108614583333333));
#8681=CARTESIAN_POINT('',(0.0297999999999922,0.00384548611111111,0.108889925621062));
#8682=CARTESIAN_POINT('',(0.0300000000002499,0.00384548619190222,0.108889925621991));
#8683=CARTESIAN_POINT('',(0.03,0.00364548617163277,0.108863668973172));
#8684=CARTESIAN_POINT('',(0.0297999999999987,0.00379221781964106,0.109202592577937));
#8685=CARTESIAN_POINT('',(0.0299999999999022,0.00379221778575165,0.109202592547625));
#8686=CARTESIAN_POINT('',(0.03,0.00359621713198956,0.109122318510436));
#8687=CARTESIAN_POINT('',(0.0298,0.00357986111111115,0.109442708333333));
#8688=CARTESIAN_POINT('',(0.03,0.00357986111111115,0.109442708333333));
#8689=CARTESIAN_POINT('',(0.03,0.00343004527055605,0.109310212243131));
#8690=CARTESIAN_POINT('',(0.0298,0.0036454861111111,0.108614583333333));
#8691=CARTESIAN_POINT('',(0.0296,0.00404548611111111,0.108614583333333));
#8692=CARTESIAN_POINT('',(0.0296,0.00384548611111111,0.108614583333333));
#8693=CARTESIAN_POINT('',(0.0298,0.00384548611111111,0.108614583333333));
#8694=CARTESIAN_POINT('',(0.0296,0.00404548606739673,0.108290961535859));
#8695=CARTESIAN_POINT('',(0.0296,0.00384548608157904,0.10833835974052));
#8696=CARTESIAN_POINT('',(0.0298,0.00384548611111111,0.108338359740524));
#8697=CARTESIAN_POINT('',(0.0296,0.00392916474501383,0.107978908048589));
#8698=CARTESIAN_POINT('',(0.0296000000000063,0.00374488980760783,0.108060130999972));
#8699=CARTESIAN_POINT('',(0.0298000000000045,0.0037448897874536,0.108060131011844));
#8700=CARTESIAN_POINT('',(0.0296,0.00376520598224645,0.107700572614709));
#8701=CARTESIAN_POINT('',(0.0296,0.00359288194444442,0.107802083333333));
#8702=CARTESIAN_POINT('',(0.0298,0.00359288194444442,0.107802083333333));
#8703=CARTESIAN_POINT('',(0.0298,0.00359288194444444,0.107802083333333));
#8704=CARTESIAN_POINT('',(0.0298,0.00373828436859498,0.108048924346156));
#8705=CARTESIAN_POINT('',(0.0298,0.00384548611111111,0.108326539007509));
#8706=CARTESIAN_POINT('',(0.0298,0.00384548611111111,0.108614583333333));
#8707=CARTESIAN_POINT('',(0.0298,0.00359288194444444,0.107802083333333));
#8708=CARTESIAN_POINT('',(0.0298,0.00376520598224644,0.107700572614709));
#8709=CARTESIAN_POINT('',(0.0296,0.00493569789513334,0.107662359385767));
#8710=CARTESIAN_POINT('',(0.0296,0.00511458333333333,0.107572916666667));
#8711=CARTESIAN_POINT('',(0.0298,0.00511458333333332,0.107572916666667));
#8712=CARTESIAN_POINT('',(0.0296,0.00510756039809851,0.108006084347547));
#8713=CARTESIAN_POINT('',(0.0296000000002753,0.00529680711100525,0.10793736417019));
#8714=CARTESIAN_POINT('',(0.0298000000000027,0.00529680708988634,0.107937364179773));
#8715=CARTESIAN_POINT('',(0.0296,0.00521840276251813,0.108382722626084));
#8716=CARTESIAN_POINT('',(0.0295999999999981,0.00541840275972085,0.108345500967181));
#8717=CARTESIAN_POINT('',(0.0297999999999987,0.00541840277777777,0.108345500967189));
#8718=CARTESIAN_POINT('',(0.0296,0.00521840277777777,0.108767361111111));
#8719=CARTESIAN_POINT('',(0.0296,0.00541840277777777,0.108767361111111));
#8720=CARTESIAN_POINT('',(0.0298,0.00541840277777777,0.108767361111111));
#8721=CARTESIAN_POINT('',(0.0298,0.00493569789513334,0.107662359385767));
#8722=CARTESIAN_POINT('',(0.0298,0.00511458333333333,0.107572916666667));
#8723=CARTESIAN_POINT('',(0.0298,0.00541840277777777,0.108767361111111));
#8724=CARTESIAN_POINT('',(0.0298,0.00541839730141415,0.108353576811579));
#8725=CARTESIAN_POINT('',(0.0298,0.00530029807891945,0.107944346157839));
#8726=CARTESIAN_POINT('',(0.0298,0.00511458333333333,0.107572916666667));
#8727=CARTESIAN_POINT('',(0.0298,0.00474305555555549,0.110422743055556));
#8728=CARTESIAN_POINT('',(0.03,0.00474305555555549,0.110422743055556));
#8729=CARTESIAN_POINT('',(0.03,0.00487412296077558,0.110573810375942));
#8730=CARTESIAN_POINT('',(0.0298000000000035,0.00520824507906468,0.110019140319863));
#8731=CARTESIAN_POINT('',(0.0299999999992198,0.00520824507937264,0.110019140317432));
#8732=CARTESIAN_POINT('',(0.03,0.00538631873702825,0.110129424589608));
#8733=CARTESIAN_POINT('',(0.0297999999999965,0.00541840277777777,0.109406089636342));
#8734=CARTESIAN_POINT('',(0.0299999999997361,0.00541840280244812,0.109406089635377));
#8735=CARTESIAN_POINT('',(0.03,0.00561840280816059,0.109443805749966));
#8736=CARTESIAN_POINT('',(0.0298,0.00541840277777777,0.108767361111111));
#8737=CARTESIAN_POINT('',(0.03,0.00541840277777777,0.108767361111111));
#8738=CARTESIAN_POINT('',(0.03,0.00561840277777777,0.108767361111111));
#8739=CARTESIAN_POINT('',(0.0298,0.00561840277777777,0.108767361111111));
#8740=CARTESIAN_POINT('',(0.0298,0.00359288194444437,0.107802083333333));
#8741=CARTESIAN_POINT('',(0.03,0.00359288194444437,0.107802083333333));
#8742=CARTESIAN_POINT('',(0.03,0.00342055790664244,0.107903594051958));
#8743=CARTESIAN_POINT('',(0.0298000000000035,0.00373167344571607,0.108037695022777));
#8744=CARTESIAN_POINT('',(0.0299999999997657,0.00373167348911,0.108037694996328));
#8745=CARTESIAN_POINT('',(0.03,0.00354843762391566,0.108120681878668));
#8746=CARTESIAN_POINT('',(0.0297999999999974,0.00384548611111111,0.108309745298676));
#8747=CARTESIAN_POINT('',(0.0299999999998179,0.00384548597801862,0.108309745298021));
#8748=CARTESIAN_POINT('',(0.03,0.00364548602100167,0.108362053575715));
#8749=CARTESIAN_POINT('',(0.0298,0.00384548611111111,0.108614583333333));
#8750=CARTESIAN_POINT('',(0.03,0.0038454861111111,0.108614583333333));
#8751=CARTESIAN_POINT('',(0.03,0.0036454861111111,0.108614583333333));
#8752=CARTESIAN_POINT('',(0.0298,0.00342055790664244,0.107903594051958));
#8753=CARTESIAN_POINT('',(0.0296,0.00376520598224644,0.107700572614709));
#8754=CARTESIAN_POINT('',(0.0296,0.00359288194444442,0.107802083333333));
#8755=CARTESIAN_POINT('',(0.0298,0.00359288194444442,0.107802083333333));
#8756=CARTESIAN_POINT('',(0.0296,0.00354116456737552,0.107320241269923));
#8757=CARTESIAN_POINT('',(0.0296000000003714,0.00338256059911299,0.10744504308121));
#8758=CARTESIAN_POINT('',(0.0298000000000031,0.00338256064544579,0.107445043052559));
#8759=CARTESIAN_POINT('',(0.0296,0.00325347882450668,0.106982244116198));
#8760=CARTESIAN_POINT('',(0.0295999999995357,0.00310595552931472,0.107117288097718));
#8761=CARTESIAN_POINT('',(0.0298,0.00310595552936251,0.107117288099366));
#8762=CARTESIAN_POINT('',(0.0296,0.00295560254041457,0.106656841310804));
#8763=CARTESIAN_POINT('',(0.0296,0.00280807924527063,0.106791885293972));
#8764=CARTESIAN_POINT('',(0.0298,0.00280807924527062,0.106791885293972));
#8765=CARTESIAN_POINT('',(0.0298,0.00281423611111111,0.106798611111111));
#8766=CARTESIAN_POINT('',(0.0298,0.003100656769458,0.107111501288488));
#8767=CARTESIAN_POINT('',(0.0298,0.00337745540739869,0.10743637642852));
#8768=CARTESIAN_POINT('',(0.0298,0.00359288194444444,0.107802083333333));
#8769=CARTESIAN_POINT('',(0.0298,0.00281423611111111,0.106798611111111));
#8770=CARTESIAN_POINT('',(0.0298,0.00281423611111111,0.106798611111111));
#8771=CARTESIAN_POINT('',(0.0296942945664213,0.0028142361111111,0.106798611111111));
#8772=CARTESIAN_POINT('',(0.0295999999999745,0.00288434418822186,0.106733639999836));
#8773=CARTESIAN_POINT('',(0.0296,0.00296093233479744,0.106662663627367));
#8774=CARTESIAN_POINT('',(0.0298,0.00511458333333332,0.107572916666667));
#8775=CARTESIAN_POINT('',(0.0296,0.00511458333333333,0.107572916666667));
#8776=CARTESIAN_POINT('',(0.0296,0.00493569789513334,0.107662359385767));
#8777=CARTESIAN_POINT('',(0.0298,0.00484037230176623,0.107024494603532));
#8778=CARTESIAN_POINT('',(0.0296000000004052,0.00484037219789918,0.107024494656929));
#8779=CARTESIAN_POINT('',(0.0296,0.00467924651738696,0.107149456846828));
#8780=CARTESIAN_POINT('',(0.029799999999999,0.00445232796939361,0.106573106712918));
#8781=CARTESIAN_POINT('',(0.0295999999999986,0.00445232796939339,0.106573106712912));
#8782=CARTESIAN_POINT('',(0.0296,0.00430469962264422,0.106708035847044));
#8783=CARTESIAN_POINT('',(0.0298,0.00406600431499764,0.106150423185167));
#8784=CARTESIAN_POINT('',(0.0296,0.00406600431499763,0.106150423185167));
#8785=CARTESIAN_POINT('',(0.0296,0.00391837596824804,0.106285352319293));
#8786=CARTESIAN_POINT('',(0.0298,0.00407291666666666,0.106157986111111));
#8787=CARTESIAN_POINT('',(0.0296943087152214,0.00407291666666667,0.106157986111111));
#8788=CARTESIAN_POINT('',(0.0295999999999849,0.00400288283580893,0.106223168215907));
#8789=CARTESIAN_POINT('',(0.0296,0.00392650435446687,0.106294245920072));
#8790=CARTESIAN_POINT('',(0.0298,0.00407291666666666,0.106157986111111));
#8791=CARTESIAN_POINT('',(0.0298,0.00511458333333333,0.107572916666667));
#8792=CARTESIAN_POINT('',(0.0298,0.00485219501278856,0.107048152772653));
#8793=CARTESIAN_POINT('',(0.0298,0.00446939935501426,0.106591784817186));
#8794=CARTESIAN_POINT('',(0.0298,0.00407291666666666,0.106157986111111));
#8795=CARTESIAN_POINT('',(0.0298,0.00541840277777777,0.108767361111111));
#8796=CARTESIAN_POINT('',(0.03,0.00541840277777777,0.108767361111111));
#8797=CARTESIAN_POINT('',(0.03,0.00561840277777777,0.108767361111111));
#8798=CARTESIAN_POINT('',(0.0298000000000101,0.00541840277777777,0.108356956750131));
#8799=CARTESIAN_POINT('',(0.0299999999995497,0.00541840276924184,0.108356956748426));
#8800=CARTESIAN_POINT('',(0.03,0.00561840276776543,0.108320745862786));
#8801=CARTESIAN_POINT('',(0.0297999999999954,0.00530338795741117,0.107950525914822));
#8802=CARTESIAN_POINT('',(0.0299999999989875,0.00530338796829039,0.10795052590561));
#8803=CARTESIAN_POINT('',(0.03,0.00549300887001896,0.107882554110721));
#8804=CARTESIAN_POINT('',(0.0298,0.00511458333333333,0.107572916666667));
#8805=CARTESIAN_POINT('',(0.03,0.00511458333333334,0.107572916666667));
#8806=CARTESIAN_POINT('',(0.03,0.00529346877153331,0.107483473947567));
#8807=CARTESIAN_POINT('',(0.0298,0.00529346877153331,0.107483473947567));
#8808=CARTESIAN_POINT('',(0.03,0.00342055790664244,0.107903594051958));
#8809=CARTESIAN_POINT('',(0.03,0.00359288194444437,0.107802083333333));
#8810=CARTESIAN_POINT('',(0.0298,0.00359288194444437,0.107802083333333));
#8811=CARTESIAN_POINT('',(0.03,0.00321091914792896,0.1075477126264));
#8812=CARTESIAN_POINT('',(0.0300000000001459,0.0033686132875303,0.107421366310083));
#8813=CARTESIAN_POINT('',(0.0297999999999971,0.00336861338159226,0.107421366254128));
#8814=CARTESIAN_POINT('',(0.03,0.00294041520563197,0.107232650114008));
#8815=CARTESIAN_POINT('',(0.030000000000004,0.00308793850077582,0.107097606130846));
#8816=CARTESIAN_POINT('',(0.0298000000000029,0.0030879385007742,0.107097606130842));
#8817=CARTESIAN_POINT('',(0.03,0.00266172633518394,0.106928207816592));
#8818=CARTESIAN_POINT('',(0.03,0.00280924963032789,0.106793163833424));
#8819=CARTESIAN_POINT('',(0.0298,0.00280924963032788,0.106793163833424));
#8820=CARTESIAN_POINT('',(0.0298,0.00281423611111111,0.106798611111111));
#8821=CARTESIAN_POINT('',(0.0299057050705065,0.00281423611111112,0.106798611111111));
#8822=CARTESIAN_POINT('',(0.0300000000000635,0.00274412632823474,0.106863583668974));
#8823=CARTESIAN_POINT('',(0.03,0.00266753629226617,0.106934554762893));
#8824=CARTESIAN_POINT('',(0.0298,0.00168231648104237,0.105299791158321));
#8825=CARTESIAN_POINT('',(0.0298,0.00281423611111111,0.106798611111111));
#8826=CARTESIAN_POINT('',(0.0298,0.000258680555555554,0.104074652777778));
#8827=CARTESIAN_POINT('',(0.0298,0.000458680555555554,0.103995521615462));
#8828=CARTESIAN_POINT('',(0.0298,0.00303018465904396,0.105348515951261));
#8829=CARTESIAN_POINT('',(0.0298,0.00181267376766605,0.104063888888889));
#8830=CARTESIAN_POINT('',(0.0298,0.00227777777777777,0.104263888888889));
#8831=CARTESIAN_POINT('',(0.0298,0.00227777777777777,0.104263888888889));
#8832=CARTESIAN_POINT('',(0.0298,0.00511458333333333,0.107572916666667));
#8833=CARTESIAN_POINT('',(0.03,0.00511458333333334,0.107572916666667));
#8834=CARTESIAN_POINT('',(0.03,0.00529346877153331,0.107483473947567));
#8835=CARTESIAN_POINT('',(0.0297999999999968,0.00485794326729146,0.107059636534583));
#8836=CARTESIAN_POINT('',(0.0299999999993974,0.00485794321543103,0.107059636558262));
#8837=CARTESIAN_POINT('',(0.03,0.00502020690908267,0.106936950379527));
#8838=CARTESIAN_POINT('',(0.0297999999999989,0.00447609118772257,0.106599106469443));
#8839=CARTESIAN_POINT('',(0.0299999999999985,0.00447609118772824,0.106599106469448));
#8840=CARTESIAN_POINT('',(0.03,0.00462371953447736,0.106464177335312));
#8841=CARTESIAN_POINT('',(0.0298,0.00406432823303162,0.10614858935431));
#8842=CARTESIAN_POINT('',(0.03,0.00406432823303162,0.10614858935431));
#8843=CARTESIAN_POINT('',(0.03,0.00421195657978122,0.106013660220184));
#8844=CARTESIAN_POINT('',(0.0298,0.00407291666666666,0.106157986111111));
#8845=CARTESIAN_POINT('',(0.029905691530058,0.00407291666666665,0.106157986111111));
#8846=CARTESIAN_POINT('',(0.0300000000000104,0.00414294940570985,0.106092804946094));
#8847=CARTESIAN_POINT('',(0.03,0.00421932410781195,0.106021721162588));
#8848=CARTESIAN_POINT('',(0.0298,0.00494431036884602,0.109361360826679));
#8849=CARTESIAN_POINT('',(0.0298,5.86805555555539E-5,0.104153783940094));
#8850=CARTESIAN_POINT('',(0.0298,0.000458680555555554,0.103537326388889));
#8851=CARTESIAN_POINT('',(0.0298,0.000258680555555554,0.104074652777778));
#8852=CARTESIAN_POINT('',(0.0298,0.000258680555555554,0.103));
#8853=CARTESIAN_POINT('',(0.0298,0.000458680555555554,0.1032));
#8854=CARTESIAN_POINT('',(0.0298,0.00397569444444444,0.104063888888889));
#8855=CARTESIAN_POINT('',(0.0298,0.0054736111111111,0.104063888888889));
#8856=CARTESIAN_POINT('',(0.0298,0.0056736111111111,0.104263888888889));
#8857=CARTESIAN_POINT('',(0.0298,0.0056736111111111,0.104263888888889));
#8858=CARTESIAN_POINT('',(0.0298,0.00620616100610403,0.108118083886057));
#8859=CARTESIAN_POINT('',(0.0298,0.00274288178788949,0.104463888888889));
#8860=CARTESIAN_POINT('',(0.0298,5.86805555555537E-5,0.114));
#8861=CARTESIAN_POINT('',(0.0298,5.86805555555537E-5,0.1028));
#8862=CARTESIAN_POINT('',(0.0298,0.00296614583333333,0.1032));
#8863=CARTESIAN_POINT('',(0.0298,0.0054736111111111,0.1032));
#8864=CARTESIAN_POINT('',(0.0298,0.0056736111111111,0.103));
#8865=CARTESIAN_POINT('',(0.0298,0.000258680555555554,0.103));
#8866=CARTESIAN_POINT('',(0.0298,0.0054736111111111,0.103631944444444));
#8867=CARTESIAN_POINT('',(0.0298,0.0056736111111111,0.103));
#8868=CARTESIAN_POINT('',(0.0298,3.52148865623292E-18,0.104463888888889));
#8869=CARTESIAN_POINT('',(0.0298,0.0058736111111111,0.104463888888889));
#8870=CARTESIAN_POINT('',(0.0298,3.52148865623292E-18,0.1028));
#8871=CARTESIAN_POINT('',(0.0298,0.0058736111111111,0.1028));
#8872=CARTESIAN_POINT('',(0.0298,0.0058736111111111,0.114));
#8873=CARTESIAN_POINT('',(0.0298,-0.00308767361111111,0.110699305555556));
#8874=CARTESIAN_POINT('',(0.0298,-0.00545972222222222,0.110699305555556));
#8875=CARTESIAN_POINT('',(0.0298,-0.00565972222222222,0.110899305555556));
#8876=CARTESIAN_POINT('',(0.0298,-0.000715625,0.110699305555556));
#8877=CARTESIAN_POINT('',(0.0298,-0.000515625,0.110899305555556));
#8878=CARTESIAN_POINT('',(0.0298,-0.000515625,0.110899305555556));
#8879=CARTESIAN_POINT('',(0.0298,-0.000715625,0.110240451388889));
#8880=CARTESIAN_POINT('',(0.0298,-0.000715625,0.109781597222222));
#8881=CARTESIAN_POINT('',(0.0298,-0.000515625,0.109581597222222));
#8882=CARTESIAN_POINT('',(0.0298,-0.000515625,0.109581597222222));
#8883=CARTESIAN_POINT('',(0.0298,3.52148865623292E-18,0.111099305555556));
#8884=CARTESIAN_POINT('',(0.0298,-0.00585972222222222,0.111099305555556));
#8885=CARTESIAN_POINT('',(0.0298,-0.000315625,0.111099305555556));
#8886=CARTESIAN_POINT('',(0.0298,-0.00545972222222222,0.106949652777778));
#8887=CARTESIAN_POINT('',(0.0298,-0.00565972222222222,0.110899305555556));
#8888=CARTESIAN_POINT('',(0.0298,-0.00565972222222222,0.103));
#8889=CARTESIAN_POINT('',(0.0298,-0.00545972222222222,0.1032));
#8890=CARTESIAN_POINT('',(0.0298,-0.0022734375,0.109781597222222));
#8891=CARTESIAN_POINT('',(0.0298,-0.00423125,0.109781597222222));
#8892=CARTESIAN_POINT('',(0.0298,-0.00403125,0.109581597222222));
#8893=CARTESIAN_POINT('',(0.0298,-0.00403125,0.109581597222222));
#8894=CARTESIAN_POINT('',(0.0298,-0.000315625,0.114));
#8895=CARTESIAN_POINT('',(0.0298,-0.000315625,0.109381597222222));
#8896=CARTESIAN_POINT('',(0.0298,-0.00585972222222222,0.114));
#8897=CARTESIAN_POINT('',(0.0298,-0.00585972222222222,0.1028));
#8898=CARTESIAN_POINT('',(0.0298,-0.00484548611111111,0.1032));
#8899=CARTESIAN_POINT('',(0.0298,-0.00565972222222222,0.103));
#8900=CARTESIAN_POINT('',(0.0298,-0.00403125,0.103));
#8901=CARTESIAN_POINT('',(0.0298,-0.00423125,0.1032));
#8902=CARTESIAN_POINT('',(0.0298,-0.00423125,0.108561631944444));
#8903=CARTESIAN_POINT('',(0.0298,-0.00423125,0.107341666666667));
#8904=CARTESIAN_POINT('',(0.0298,-0.00403125,0.107541666666667));
#8905=CARTESIAN_POINT('',(0.0298,-0.00403125,0.107541666666667));
#8906=CARTESIAN_POINT('',(0.0298,3.52148865623292E-18,0.109381597222222));
#8907=CARTESIAN_POINT('',(0.0298,-0.00383125,0.109381597222222));
#8908=CARTESIAN_POINT('',(0.0298,3.52148865623292E-18,0.1028));
#8909=CARTESIAN_POINT('',(0.0298,-0.00383125,0.1028));
#8910=CARTESIAN_POINT('',(0.0298,-0.00423125,0.104613715277778));
#8911=CARTESIAN_POINT('',(0.0298,-0.00403125,0.103));
#8912=CARTESIAN_POINT('',(0.0298,-0.00403125,0.106227430555556));
#8913=CARTESIAN_POINT('',(0.0298,-0.00423125,0.106427430555556));
#8914=CARTESIAN_POINT('',(0.0298,-0.00246875,0.107341666666667));
#8915=CARTESIAN_POINT('',(0.0298,-0.00110625,0.107341666666667));
#8916=CARTESIAN_POINT('',(0.0298,-0.00090625,0.107541666666667));
#8917=CARTESIAN_POINT('',(0.0298,-0.00090625,0.107541666666667));
#8918=CARTESIAN_POINT('',(0.0298,-0.00383125,0.114));
#8919=CARTESIAN_POINT('',(0.0298,-0.00383125,0.107741666666667));
#8920=CARTESIAN_POINT('',(0.0298,-0.00383125,0.114));
#8921=CARTESIAN_POINT('',(0.0298,-0.00383125,0.106027430555556));
#8922=CARTESIAN_POINT('',(0.0298,-0.00246875,0.106427430555556));
#8923=CARTESIAN_POINT('',(0.0298,-0.00110625,0.106427430555556));
#8924=CARTESIAN_POINT('',(0.0298,-0.00090625,0.106227430555556));
#8925=CARTESIAN_POINT('',(0.0298,-0.00403125,0.106227430555556));
#8926=CARTESIAN_POINT('',(0.0298,-0.00110625,0.106884548611111));
#8927=CARTESIAN_POINT('',(0.0298,-0.00090625,0.106227430555556));
#8928=CARTESIAN_POINT('',(0.0298,3.52148865623292E-18,0.107741666666667));
#8929=CARTESIAN_POINT('',(0.0298,-0.00070625,0.107741666666667));
#8930=CARTESIAN_POINT('',(0.0298,3.52148865623292E-18,0.106027430555556));
#8931=CARTESIAN_POINT('',(0.0298,-0.00070625,0.106027430555556));
#8932=CARTESIAN_POINT('',(0.0298,-0.00070625,0.114));
#8933=MECHANICAL_DESIGN_GEOMETRIC_PRESENTATION_REPRESENTATION('',(#4792),
#8934);
#8934=(
GEOMETRIC_REPRESENTATION_CONTEXT(3)
GLOBAL_UNCERTAINTY_ASSIGNED_CONTEXT((#8935))
GLOBAL_UNIT_ASSIGNED_CONTEXT((#8938,#8937,#8936))
REPRESENTATION_CONTEXT('BLOCKS_f2_block','TOP_LEVEL_ASSEMBLY_PART')
);
#8935=UNCERTAINTY_MEASURE_WITH_UNIT(LENGTH_MEASURE(2.E-5),#8938,
'DISTANCE_ACCURACY_VALUE','Maximum Tolerance applied to model');
#8936=(
NAMED_UNIT(*)
SI_UNIT($,.STERADIAN.)
SOLID_ANGLE_UNIT()
);
#8937=(
NAMED_UNIT(*)
PLANE_ANGLE_UNIT()
SI_UNIT($,.RADIAN.)
);
#8938=(
LENGTH_UNIT()
NAMED_UNIT(*)
SI_UNIT($,.METRE.)
);
#8939=PRODUCT_DEFINITION_SHAPE('','',#8940);
#8940=PRODUCT_DEFINITION('','',#8942,#8941);
#8941=PRODUCT_DEFINITION_CONTEXT('',#8948,'design');
#8942=PRODUCT_DEFINITION_FORMATION_WITH_SPECIFIED_SOURCE('','',#8944,
 .NOT_KNOWN.);
#8943=PRODUCT_RELATED_PRODUCT_CATEGORY('','',(#8944));
#8944=PRODUCT('BLOCKS_f2_block','BLOCKS_f2_block','BLOCKS_f2_block',(#8946));
#8945=PRODUCT_CATEGORY('','');
#8946=PRODUCT_CONTEXT('',#8948,'mechanical');
#8947=APPLICATION_PROTOCOL_DEFINITION('international standard',
'ap242_managed_model_based_3d_engineering',2020,#8948);
#8948=APPLICATION_CONTEXT('managed model based 3d engineering');
ENDSEC;
END-ISO-10303-21;
