ISO-10303-21;
HEADER;
/* Generated by software containing ST-Developer
 * from STEP Tools, Inc. (www.steptools.com) 
 */
/* OPTION: using custom renumber hook */

FILE_DESCRIPTION(
/* description */ ('STEP AP242 Edition 2',
'CAx-IF Rec.Pracs.---Representation and Presentation of Product Manufa
cturing Information (PMI)---4.0---2014-10-13',
'CAx-IF Rec.Pracs.---3D Tessellated Geometry---0.4---2014-09-14','2;1',
'CAx-IF Rec.Pracs.---User Defined Attributes---1.5---2016-08-15'),
/* implementation_level */ '2;1');

FILE_NAME(
/* name */ 'calibration_spacers - CALIBRATION_spacer_2',
/* time_stamp */ '2026-06-01T11:08:44Z',
/* author */ (''),
/* organization */ (''),
/* preprocessor_version */ 'ST-DEVELOPER v20',
/* originating_system */ 'ONSHAPE BY PTC INC, 1.215',
/* authorisation */ '  ');

FILE_SCHEMA (('AP242_MANAGED_MODEL_BASED_3D_ENGINEERING_MIM_LF { 1 0 10303 442 3 1 4 }'));
ENDSEC;

DATA;
#10=SHAPE_REPRESENTATION_RELATIONSHIP('','',#1163,#11);
#11=ADVANCED_BREP_SHAPE_REPRESENTATION('',(#1161),#2244);
#12=ELLIPSE('',#1261,0.000430170853729022,0.0004);
#13=ELLIPSE('',#1263,0.00101256454652927,0.0004);
#14=ELLIPSE('',#1265,0.000565685424949238,0.0004);
#15=ELLIPSE('',#1267,0.000565685424949238,0.0004);
#16=ELLIPSE('',#1269,0.000565685424949238,0.0004);
#17=(
BOUNDED_SURFACE()
B_SPLINE_SURFACE(3,2,((#1998,#1999,#2000),(#2001,#2002,#2003),(#2004,#2005,
#2006),(#2007,#2008,#2009),(#2010,#2011,#2012),(#2013,#2014,#2015)),
 .UNSPECIFIED.,.F.,.F.,.F.)
B_SPLINE_SURFACE_WITH_KNOTS((4,1,1,4),(3,3),(5.42101086242752E-18,0.00117189879785318,
0.00175784819677977,0.00234379759570636),(0.,1.),.UNSPECIFIED.)
GEOMETRIC_REPRESENTATION_ITEM()
RATIONAL_B_SPLINE_SURFACE(((1.,0.707106781186548,1.),(1.,0.707106781186548,
1.),(1.,0.707106781186547,1.),(1.,0.707106781186548,1.),(1.,0.707106781186548,
1.),(1.,0.707106781186548,1.)))
REPRESENTATION_ITEM('')
SURFACE()
);
#18=(
BOUNDED_SURFACE()
B_SPLINE_SURFACE(3,2,((#2017,#2018,#2019),(#2020,#2021,#2022),(#2023,#2024,
#2025),(#2026,#2027,#2028),(#2029,#2030,#2031),(#2032,#2033,#2034)),
 .UNSPECIFIED.,.F.,.F.,.F.)
B_SPLINE_SURFACE_WITH_KNOTS((4,1,1,4),(3,3),(1.87566975839992E-17,0.000707027020592112,
0.00106054053088816,0.00141405404118421),(0.,1.),.UNSPECIFIED.)
GEOMETRIC_REPRESENTATION_ITEM()
RATIONAL_B_SPLINE_SURFACE(((1.,0.707106781186546,1.),(1.,0.707106781186546,
1.),(1.,0.707106781186547,1.),(1.,0.707106781186547,1.),(1.,0.707106781186548,
1.),(1.,0.707106781186548,1.)))
REPRESENTATION_ITEM('')
SURFACE()
);
#19=(
BOUNDED_SURFACE()
B_SPLINE_SURFACE(3,2,((#2036,#2037,#2038),(#2039,#2040,#2041),(#2042,#2043,
#2044),(#2045,#2046,#2047)),.UNSPECIFIED.,.F.,.F.,.F.)
B_SPLINE_SURFACE_WITH_KNOTS((4,4),(3,3),(-2.29850860566927E-17,0.00193446704800161),
(0.,1.),.PIECEWISE_BEZIER_KNOTS.)
GEOMETRIC_REPRESENTATION_ITEM()
RATIONAL_B_SPLINE_SURFACE(((1.,0.707106781186548,1.),(1.,0.707106781186547,
1.),(1.,0.70710678118655,1.),(1.,0.70710678118655,1.)))
REPRESENTATION_ITEM('')
SURFACE()
);
#20=(
BOUNDED_SURFACE()
B_SPLINE_SURFACE(3,2,((#2049,#2050,#2051),(#2052,#2053,#2054),(#2055,#2056,
#2057),(#2058,#2059,#2060),(#2061,#2062,#2063)),.UNSPECIFIED.,.F.,.F.,.F.)
B_SPLINE_SURFACE_WITH_KNOTS((4,1,4),(3,3),(-3.42065785419177E-17,0.000411675109339877,
0.000823350218679789),(0.,1.),.UNSPECIFIED.)
GEOMETRIC_REPRESENTATION_ITEM()
RATIONAL_B_SPLINE_SURFACE(((1.,0.707106781186548,1.),(1.,0.707106781186548,
1.),(1.,0.707106781186548,1.),(1.,0.707106781186546,1.),(1.,0.707106781186546,
1.)))
REPRESENTATION_ITEM('')
SURFACE()
);
#21=(
BOUNDED_SURFACE()
B_SPLINE_SURFACE(3,2,((#2065,#2066,#2067),(#2068,#2069,#2070),(#2071,#2072,
#2073),(#2074,#2075,#2076)),.UNSPECIFIED.,.F.,.F.,.F.)
B_SPLINE_SURFACE_WITH_KNOTS((4,4),(3,3),(9.32413868337534E-18,0.00204991866495458),
(0.,1.),.PIECEWISE_BEZIER_KNOTS.)
GEOMETRIC_REPRESENTATION_ITEM()
RATIONAL_B_SPLINE_SURFACE(((1.,0.70710678118655,1.),(1.,0.70710678118655,
1.),(1.,0.707106781186551,1.),(1.,0.707106781186551,1.)))
REPRESENTATION_ITEM('')
SURFACE()
);
#22=(
BOUNDED_SURFACE()
B_SPLINE_SURFACE(3,2,((#2078,#2079,#2080),(#2081,#2082,#2083),(#2084,#2085,
#2086),(#2087,#2088,#2089),(#2090,#2091,#2092)),.UNSPECIFIED.,.F.,.F.,.F.)
B_SPLINE_SURFACE_WITH_KNOTS((4,1,4),(3,3),(1.95156391047391E-18,0.000358114300973518,
0.000716228601947035),(0.,1.),.UNSPECIFIED.)
GEOMETRIC_REPRESENTATION_ITEM()
RATIONAL_B_SPLINE_SURFACE(((1.,0.707106781186548,1.),(1.,0.707106781186548,
1.),(1.,0.707106781186553,1.),(1.,0.707106781186548,1.),(1.,0.707106781186548,
1.)))
REPRESENTATION_ITEM('')
SURFACE()
);
#23=(
BOUNDED_SURFACE()
B_SPLINE_SURFACE(3,2,((#2094,#2095,#2096),(#2097,#2098,#2099),(#2100,#2101,
#2102),(#2103,#2104,#2105)),.UNSPECIFIED.,.F.,.F.,.F.)
B_SPLINE_SURFACE_WITH_KNOTS((4,4),(3,3),(-1.21430643318376E-17,0.00282604318094821),
(0.,1.),.PIECEWISE_BEZIER_KNOTS.)
GEOMETRIC_REPRESENTATION_ITEM()
RATIONAL_B_SPLINE_SURFACE(((1.,0.707106781186551,1.),(1.,0.707106781186551,
1.),(1.,0.70710678118655,1.),(1.,0.70710678118655,1.)))
REPRESENTATION_ITEM('')
SURFACE()
);
#24=(
BOUNDED_SURFACE()
B_SPLINE_SURFACE(3,2,((#2107,#2108,#2109),(#2110,#2111,#2112),(#2113,#2114,
#2115),(#2116,#2117,#2118),(#2119,#2120,#2121)),.UNSPECIFIED.,.F.,.F.,.F.)
B_SPLINE_SURFACE_WITH_KNOTS((4,1,4),(3,3),(3.79470760369927E-18,0.000411486705425979,
0.000822973410851955),(0.,1.),.UNSPECIFIED.)
GEOMETRIC_REPRESENTATION_ITEM()
RATIONAL_B_SPLINE_SURFACE(((1.,0.707106781186548,1.),(1.,0.707106781186548,
1.),(1.,0.707106781186548,1.),(1.,0.707106781186548,1.),(1.,0.707106781186548,
1.)))
REPRESENTATION_ITEM('')
SURFACE()
);
#25=(
BOUNDED_SURFACE()
B_SPLINE_SURFACE(3,2,((#2123,#2124,#2125),(#2126,#2127,#2128),(#2129,#2130,
#2131),(#2132,#2133,#2134),(#2135,#2136,#2137)),.UNSPECIFIED.,.F.,.F.,.F.)
B_SPLINE_SURFACE_WITH_KNOTS((4,1,4),(3,3),(1.77809156287623E-17,0.00131244837020835,
0.00262489674041668),(0.,1.),.UNSPECIFIED.)
GEOMETRIC_REPRESENTATION_ITEM()
RATIONAL_B_SPLINE_SURFACE(((1.,0.70710678118655,1.),(1.,0.70710678118655,
1.),(1.,0.707106781186547,1.),(1.,0.707106781186548,1.),(1.,0.707106781186548,
1.)))
REPRESENTATION_ITEM('')
SURFACE()
);
#26=(
BOUNDED_SURFACE()
B_SPLINE_SURFACE(3,2,((#2139,#2140,#2141),(#2142,#2143,#2144),(#2145,#2146,
#2147),(#2148,#2149,#2150)),.UNSPECIFIED.,.F.,.F.,.F.)
B_SPLINE_SURFACE_WITH_KNOTS((4,4),(3,3),(-1.12757025938492E-17,0.000862005684481505),
(0.,1.),.PIECEWISE_BEZIER_KNOTS.)
GEOMETRIC_REPRESENTATION_ITEM()
RATIONAL_B_SPLINE_SURFACE(((1.,0.707106781186546,1.),(1.,0.707106781186546,
1.),(1.,0.707106781186548,1.),(1.,0.707106781186548,1.)))
REPRESENTATION_ITEM('')
SURFACE()
);
#27=(
BOUNDED_SURFACE()
B_SPLINE_SURFACE(3,2,((#2152,#2153,#2154),(#2155,#2156,#2157),(#2158,#2159,
#2160),(#2161,#2162,#2163)),.UNSPECIFIED.,.F.,.F.,.F.)
B_SPLINE_SURFACE_WITH_KNOTS((4,4),(3,3),(2.16840434497101E-19,0.00173987670550592),
(0.,1.),.PIECEWISE_BEZIER_KNOTS.)
GEOMETRIC_REPRESENTATION_ITEM()
RATIONAL_B_SPLINE_SURFACE(((1.,0.707106781186548,1.),(1.,0.707106781186548,
1.),(1.,0.707106781186549,1.),(1.,0.707106781186549,1.)))
REPRESENTATION_ITEM('')
SURFACE()
);
#28=(
BOUNDED_SURFACE()
B_SPLINE_SURFACE(3,2,((#2165,#2166,#2167),(#2168,#2169,#2170),(#2171,#2172,
#2173),(#2174,#2175,#2176)),.UNSPECIFIED.,.F.,.F.,.F.)
B_SPLINE_SURFACE_WITH_KNOTS((4,4),(3,3),(1.52330405234213E-17,0.00151482184366039),
(0.,1.),.PIECEWISE_BEZIER_KNOTS.)
GEOMETRIC_REPRESENTATION_ITEM()
RATIONAL_B_SPLINE_SURFACE(((1.,0.707106781186546,1.),(1.,0.707106781186546,
1.),(1.,0.707106781186548,1.),(1.,0.707106781186548,1.)))
REPRESENTATION_ITEM('')
SURFACE()
);
#29=(
BOUNDED_SURFACE()
B_SPLINE_SURFACE(3,2,((#2181,#2182,#2183),(#2184,#2185,#2186),(#2187,#2188,
#2189),(#2190,#2191,#2192),(#2193,#2194,#2195)),.UNSPECIFIED.,.F.,.F.,.F.)
B_SPLINE_SURFACE_WITH_KNOTS((4,1,4),(3,3),(1.52872506320456E-17,0.00116431333324429,
0.00232862666648857),(0.,1.),.UNSPECIFIED.)
GEOMETRIC_REPRESENTATION_ITEM()
RATIONAL_B_SPLINE_SURFACE(((1.,0.707106781186549,1.),(1.,0.707106781186549,
1.),(1.,0.707106781186547,1.),(1.,0.707106781186548,1.),(1.,0.707106781186548,
1.)))
REPRESENTATION_ITEM('')
SURFACE()
);
#30=TOROIDAL_SURFACE('',#1216,0.0034,0.0004);
#31=TOROIDAL_SURFACE('',#1223,0.0026,0.0004);
#32=TOROIDAL_SURFACE('',#1225,0.0026,0.0004);
#33=TOROIDAL_SURFACE('',#1231,0.0026,0.0004);
#34=TOROIDAL_SURFACE('',#1233,0.0026,0.0004);
#35=TOROIDAL_SURFACE('',#1239,0.0034,0.0004);
#36=TOROIDAL_SURFACE('',#1241,0.0026,0.0004);
#37=TOROIDAL_SURFACE('',#1247,0.0026,0.0004);
#38=TOROIDAL_SURFACE('',#1271,0.0034,0.0004);
#39=TOROIDAL_SURFACE('',#1278,0.0026,0.0004);
#40=TOROIDAL_SURFACE('',#1280,0.0026,0.0004);
#41=TOROIDAL_SURFACE('',#1286,0.0026,0.0004);
#42=TOROIDAL_SURFACE('',#1288,0.0026,0.0004);
#43=TOROIDAL_SURFACE('',#1294,0.0034,0.0004);
#44=TOROIDAL_SURFACE('',#1296,0.0026,0.0004);
#45=TOROIDAL_SURFACE('',#1302,0.0026,0.0004);
#46=CYLINDRICAL_SURFACE('',#1174,0.003);
#47=CYLINDRICAL_SURFACE('',#1178,0.003);
#48=CYLINDRICAL_SURFACE('',#1182,0.003);
#49=CYLINDRICAL_SURFACE('',#1186,0.003);
#50=CYLINDRICAL_SURFACE('',#1190,0.003);
#51=CYLINDRICAL_SURFACE('',#1194,0.003);
#52=CYLINDRICAL_SURFACE('',#1198,0.003);
#53=CYLINDRICAL_SURFACE('',#1202,0.003);
#54=CYLINDRICAL_SURFACE('',#1219,0.0004);
#55=CYLINDRICAL_SURFACE('',#1221,0.0004);
#56=CYLINDRICAL_SURFACE('',#1227,0.0004);
#57=CYLINDRICAL_SURFACE('',#1229,0.0004);
#58=CYLINDRICAL_SURFACE('',#1235,0.0004);
#59=CYLINDRICAL_SURFACE('',#1237,0.0004);
#60=CYLINDRICAL_SURFACE('',#1243,0.0004);
#61=CYLINDRICAL_SURFACE('',#1245,0.0004);
#62=CYLINDRICAL_SURFACE('',#1248,0.0004);
#63=CYLINDRICAL_SURFACE('',#1260,0.0004);
#64=CYLINDRICAL_SURFACE('',#1262,0.0004);
#65=CYLINDRICAL_SURFACE('',#1264,0.0004);
#66=CYLINDRICAL_SURFACE('',#1266,0.0004);
#67=CYLINDRICAL_SURFACE('',#1268,0.0004);
#68=CYLINDRICAL_SURFACE('',#1270,0.0004);
#69=CYLINDRICAL_SURFACE('',#1274,0.0004);
#70=CYLINDRICAL_SURFACE('',#1276,0.0004);
#71=CYLINDRICAL_SURFACE('',#1282,0.0004);
#72=CYLINDRICAL_SURFACE('',#1284,0.0004);
#73=CYLINDRICAL_SURFACE('',#1290,0.0004);
#74=CYLINDRICAL_SURFACE('',#1292,0.0004);
#75=CYLINDRICAL_SURFACE('',#1298,0.0004);
#76=CYLINDRICAL_SURFACE('',#1300,0.0004);
#77=CIRCLE('',#1166,0.0026);
#78=CIRCLE('',#1167,0.0026);
#79=CIRCLE('',#1168,0.0026);
#80=CIRCLE('',#1169,0.0026);
#81=CIRCLE('',#1170,0.0034);
#82=CIRCLE('',#1171,0.0026);
#83=CIRCLE('',#1172,0.0026);
#84=CIRCLE('',#1173,0.0034);
#85=CIRCLE('',#1175,0.003);
#86=CIRCLE('',#1176,0.003);
#87=CIRCLE('',#1179,0.003);
#88=CIRCLE('',#1180,0.003);
#89=CIRCLE('',#1183,0.003);
#90=CIRCLE('',#1184,0.003);
#91=CIRCLE('',#1187,0.003);
#92=CIRCLE('',#1188,0.003);
#93=CIRCLE('',#1191,0.003);
#94=CIRCLE('',#1192,0.003);
#95=CIRCLE('',#1195,0.003);
#96=CIRCLE('',#1196,0.003);
#97=CIRCLE('',#1199,0.003);
#98=CIRCLE('',#1200,0.003);
#99=CIRCLE('',#1203,0.003);
#100=CIRCLE('',#1204,0.003);
#101=CIRCLE('',#1207,0.0026);
#102=CIRCLE('',#1208,0.0034);
#103=CIRCLE('',#1209,0.0026);
#104=CIRCLE('',#1210,0.0026);
#105=CIRCLE('',#1211,0.0034);
#106=CIRCLE('',#1212,0.0026);
#107=CIRCLE('',#1213,0.0026);
#108=CIRCLE('',#1214,0.0026);
#109=CIRCLE('',#1217,0.0004);
#110=CIRCLE('',#1218,0.0004);
#111=CIRCLE('',#1220,0.0004);
#112=CIRCLE('',#1222,0.0004);
#113=CIRCLE('',#1224,0.0004);
#114=CIRCLE('',#1226,0.0004);
#115=CIRCLE('',#1228,0.0004);
#116=CIRCLE('',#1230,0.0004);
#117=CIRCLE('',#1232,0.0004);
#118=CIRCLE('',#1234,0.0004);
#119=CIRCLE('',#1236,0.0004);
#120=CIRCLE('',#1238,0.0004);
#121=CIRCLE('',#1240,0.0004);
#122=CIRCLE('',#1242,0.0004);
#123=CIRCLE('',#1244,0.0004);
#124=CIRCLE('',#1246,0.0004);
#125=CIRCLE('',#1249,0.0004);
#126=CIRCLE('',#1250,0.0004);
#127=CIRCLE('',#1251,0.0004);
#128=CIRCLE('',#1252,0.0004);
#129=CIRCLE('',#1253,0.0004);
#130=CIRCLE('',#1254,0.0004);
#131=CIRCLE('',#1255,0.0004);
#132=CIRCLE('',#1256,0.0004);
#133=CIRCLE('',#1257,0.0004);
#134=CIRCLE('',#1258,0.0004);
#135=CIRCLE('',#1259,0.0004);
#136=CIRCLE('',#1272,0.0004);
#137=CIRCLE('',#1273,0.0004);
#138=CIRCLE('',#1275,0.0004);
#139=CIRCLE('',#1277,0.0004);
#140=CIRCLE('',#1279,0.0004);
#141=CIRCLE('',#1281,0.0004);
#142=CIRCLE('',#1283,0.0004);
#143=CIRCLE('',#1285,0.0004);
#144=CIRCLE('',#1287,0.0004);
#145=CIRCLE('',#1289,0.0004);
#146=CIRCLE('',#1291,0.0004);
#147=CIRCLE('',#1293,0.0004);
#148=CIRCLE('',#1295,0.0004);
#149=CIRCLE('',#1297,0.0004);
#150=CIRCLE('',#1299,0.0004);
#151=CIRCLE('',#1301,0.0004);
#152=B_SPLINE_CURVE_WITH_KNOTS('',3,(#1656,#1657,#1658,#1659),
 .UNSPECIFIED.,.F.,.F.,(4,4),(0.,0.00150452279225759),.UNSPECIFIED.);
#153=B_SPLINE_CURVE_WITH_KNOTS('',3,(#1661,#1662,#1663,#1664),
 .UNSPECIFIED.,.F.,.F.,(4,4),(0.,0.000862005684481505),.UNSPECIFIED.);
#154=B_SPLINE_CURVE_WITH_KNOTS('',3,(#1666,#1667,#1668,#1669),
 .UNSPECIFIED.,.F.,.F.,(4,4),(0.,0.00082297341085229),.UNSPECIFIED.);
#155=B_SPLINE_CURVE_WITH_KNOTS('',3,(#1671,#1672,#1673,#1674),
 .UNSPECIFIED.,.F.,.F.,(4,4),(0.,0.000716228601946886),.UNSPECIFIED.);
#156=B_SPLINE_CURVE_WITH_KNOTS('',3,(#1676,#1677,#1678,#1679),
 .UNSPECIFIED.,.F.,.F.,(4,4),(0.,0.000823350218679085),.UNSPECIFIED.);
#157=B_SPLINE_CURVE_WITH_KNOTS('',3,(#1681,#1682,#1683,#1684,#1685),
 .UNSPECIFIED.,.F.,.F.,(4,1,4),(0.,0.0007028317515094,0.0014056635030188),
 .UNSPECIFIED.);
#158=B_SPLINE_CURVE_WITH_KNOTS('',3,(#1689,#1690,#1691,#1692,#1693),
 .UNSPECIFIED.,.F.,.F.,(4,1,4),(0.,0.00116474145631404,0.00232948291262809),
 .UNSPECIFIED.);
#159=B_SPLINE_CURVE_WITH_KNOTS('',3,(#1695,#1696,#1697,#1698),
 .UNSPECIFIED.,.F.,.F.,(4,4),(0.,0.00193446704800163),.UNSPECIFIED.);
#160=B_SPLINE_CURVE_WITH_KNOTS('',3,(#1700,#1701,#1702,#1703),
 .UNSPECIFIED.,.F.,.F.,(4,4),(0.,0.00204991866495447),.UNSPECIFIED.);
#161=B_SPLINE_CURVE_WITH_KNOTS('',3,(#1705,#1706,#1707,#1708),
 .UNSPECIFIED.,.F.,.F.,(4,4),(0.,0.00282604318094824),.UNSPECIFIED.);
#162=B_SPLINE_CURVE_WITH_KNOTS('',3,(#1710,#1711,#1712,#1713,#1714),
 .UNSPECIFIED.,.F.,.F.,(4,1,4),(0.,0.00131244837020831,0.00262489674041661),
 .UNSPECIFIED.);
#163=B_SPLINE_CURVE_WITH_KNOTS('',3,(#1716,#1717,#1718,#1719),
 .UNSPECIFIED.,.F.,.F.,(4,4),(0.,0.00173987670550592),.UNSPECIFIED.);
#164=B_SPLINE_CURVE_WITH_KNOTS('',3,(#1721,#1722,#1723,#1724),
 .UNSPECIFIED.,.F.,.F.,(4,4),(0.,0.00231473501122743),.UNSPECIFIED.);
#165=B_SPLINE_CURVE_WITH_KNOTS('',2,(#1898,#1899,#1900),.UNSPECIFIED.,.F.,
 .F.,(3,3),(0.,1.),.PIECEWISE_BEZIER_KNOTS.);
#166=B_SPLINE_CURVE_WITH_KNOTS('',2,(#1902,#1903,#1904),.UNSPECIFIED.,.F.,
 .F.,(3,3),(0.,1.),.PIECEWISE_BEZIER_KNOTS.);
#167=B_SPLINE_CURVE_WITH_KNOTS('',2,(#1906,#1907,#1908),.UNSPECIFIED.,.F.,
 .F.,(3,3),(0.,1.),.PIECEWISE_BEZIER_KNOTS.);
#168=B_SPLINE_CURVE_WITH_KNOTS('',2,(#1910,#1911,#1912),.UNSPECIFIED.,.F.,
 .F.,(3,3),(0.,1.),.PIECEWISE_BEZIER_KNOTS.);
#169=B_SPLINE_CURVE_WITH_KNOTS('',2,(#1914,#1915,#1916),.UNSPECIFIED.,.F.,
 .F.,(3,3),(0.,1.),.PIECEWISE_BEZIER_KNOTS.);
#170=B_SPLINE_CURVE_WITH_KNOTS('',2,(#1918,#1919,#1920),.UNSPECIFIED.,.F.,
 .F.,(3,3),(0.,1.),.PIECEWISE_BEZIER_KNOTS.);
#171=B_SPLINE_CURVE_WITH_KNOTS('',2,(#1922,#1923,#1924),.UNSPECIFIED.,.F.,
 .F.,(3,3),(0.,1.),.PIECEWISE_BEZIER_KNOTS.);
#172=B_SPLINE_CURVE_WITH_KNOTS('',2,(#1928,#1929,#1930),.UNSPECIFIED.,.F.,
 .F.,(3,3),(0.,1.),.PIECEWISE_BEZIER_KNOTS.);
#173=B_SPLINE_CURVE_WITH_KNOTS('',2,(#1932,#1933,#1934),.UNSPECIFIED.,.F.,
 .F.,(3,3),(0.,1.),.PIECEWISE_BEZIER_KNOTS.);
#174=B_SPLINE_CURVE_WITH_KNOTS('',2,(#1936,#1937,#1938),.UNSPECIFIED.,.F.,
 .F.,(3,3),(0.,1.),.PIECEWISE_BEZIER_KNOTS.);
#175=B_SPLINE_CURVE_WITH_KNOTS('',2,(#1940,#1941,#1942),.UNSPECIFIED.,.F.,
 .F.,(3,3),(0.,1.),.PIECEWISE_BEZIER_KNOTS.);
#176=B_SPLINE_CURVE_WITH_KNOTS('',2,(#1944,#1945,#1946),.UNSPECIFIED.,.F.,
 .F.,(3,3),(0.,1.),.PIECEWISE_BEZIER_KNOTS.);
#177=B_SPLINE_CURVE_WITH_KNOTS('',2,(#1948,#1949,#1950),.UNSPECIFIED.,.F.,
 .F.,(3,3),(0.,1.),.PIECEWISE_BEZIER_KNOTS.);
#178=B_SPLINE_CURVE_WITH_KNOTS('',3,(#1988,#1989,#1990,#1991,#1992),
 .UNSPECIFIED.,.F.,.F.,(4,1,4),(0.,0.000380536862556035,0.000761073725112071),
 .UNSPECIFIED.);
#179=B_SPLINE_CURVE_WITH_KNOTS('',3,(#1993,#1994,#1995,#1996,#1997),
 .UNSPECIFIED.,.F.,.F.,(4,1,4),(0.,0.000380536862556028,0.000761073725112057),
 .UNSPECIFIED.);
#180=B_SPLINE_CURVE_WITH_KNOTS('',3,(#2177,#2178,#2179,#2180),
 .UNSPECIFIED.,.F.,.F.,(4,4),(0.,0.000625084469304851),.UNSPECIFIED.);
#181=B_SPLINE_CURVE_WITH_KNOTS('',3,(#2196,#2197,#2198,#2199),
 .UNSPECIFIED.,.F.,.F.,(4,4),(0.,0.000625038395301928),.UNSPECIFIED.);
#182=ORIENTED_EDGE('',*,*,#526,.T.);
#183=ORIENTED_EDGE('',*,*,#527,.T.);
#184=ORIENTED_EDGE('',*,*,#528,.T.);
#185=ORIENTED_EDGE('',*,*,#529,.T.);
#186=ORIENTED_EDGE('',*,*,#530,.T.);
#187=ORIENTED_EDGE('',*,*,#531,.T.);
#188=ORIENTED_EDGE('',*,*,#532,.T.);
#189=ORIENTED_EDGE('',*,*,#533,.T.);
#190=ORIENTED_EDGE('',*,*,#534,.T.);
#191=ORIENTED_EDGE('',*,*,#535,.T.);
#192=ORIENTED_EDGE('',*,*,#536,.T.);
#193=ORIENTED_EDGE('',*,*,#537,.T.);
#194=ORIENTED_EDGE('',*,*,#538,.T.);
#195=ORIENTED_EDGE('',*,*,#539,.T.);
#196=ORIENTED_EDGE('',*,*,#540,.T.);
#197=ORIENTED_EDGE('',*,*,#541,.T.);
#198=ORIENTED_EDGE('',*,*,#542,.T.);
#199=ORIENTED_EDGE('',*,*,#543,.T.);
#200=ORIENTED_EDGE('',*,*,#544,.T.);
#201=ORIENTED_EDGE('',*,*,#545,.T.);
#202=ORIENTED_EDGE('',*,*,#546,.T.);
#203=ORIENTED_EDGE('',*,*,#547,.T.);
#204=ORIENTED_EDGE('',*,*,#548,.T.);
#205=ORIENTED_EDGE('',*,*,#549,.T.);
#206=ORIENTED_EDGE('',*,*,#550,.T.);
#207=ORIENTED_EDGE('',*,*,#551,.T.);
#208=ORIENTED_EDGE('',*,*,#552,.T.);
#209=ORIENTED_EDGE('',*,*,#553,.T.);
#210=ORIENTED_EDGE('',*,*,#554,.T.);
#211=ORIENTED_EDGE('',*,*,#555,.T.);
#212=ORIENTED_EDGE('',*,*,#556,.T.);
#213=ORIENTED_EDGE('',*,*,#557,.T.);
#214=ORIENTED_EDGE('',*,*,#558,.T.);
#215=ORIENTED_EDGE('',*,*,#559,.T.);
#216=ORIENTED_EDGE('',*,*,#560,.T.);
#217=ORIENTED_EDGE('',*,*,#561,.T.);
#218=ORIENTED_EDGE('',*,*,#562,.F.);
#219=ORIENTED_EDGE('',*,*,#563,.T.);
#220=ORIENTED_EDGE('',*,*,#564,.T.);
#221=ORIENTED_EDGE('',*,*,#565,.T.);
#222=ORIENTED_EDGE('',*,*,#564,.F.);
#223=ORIENTED_EDGE('',*,*,#566,.T.);
#224=ORIENTED_EDGE('',*,*,#567,.T.);
#225=ORIENTED_EDGE('',*,*,#568,.T.);
#226=ORIENTED_EDGE('',*,*,#567,.F.);
#227=ORIENTED_EDGE('',*,*,#569,.T.);
#228=ORIENTED_EDGE('',*,*,#570,.T.);
#229=ORIENTED_EDGE('',*,*,#571,.T.);
#230=ORIENTED_EDGE('',*,*,#570,.F.);
#231=ORIENTED_EDGE('',*,*,#572,.T.);
#232=ORIENTED_EDGE('',*,*,#573,.T.);
#233=ORIENTED_EDGE('',*,*,#574,.T.);
#234=ORIENTED_EDGE('',*,*,#573,.F.);
#235=ORIENTED_EDGE('',*,*,#575,.T.);
#236=ORIENTED_EDGE('',*,*,#576,.T.);
#237=ORIENTED_EDGE('',*,*,#577,.T.);
#238=ORIENTED_EDGE('',*,*,#576,.F.);
#239=ORIENTED_EDGE('',*,*,#578,.T.);
#240=ORIENTED_EDGE('',*,*,#579,.T.);
#241=ORIENTED_EDGE('',*,*,#580,.T.);
#242=ORIENTED_EDGE('',*,*,#579,.F.);
#243=ORIENTED_EDGE('',*,*,#581,.T.);
#244=ORIENTED_EDGE('',*,*,#582,.T.);
#245=ORIENTED_EDGE('',*,*,#583,.T.);
#246=ORIENTED_EDGE('',*,*,#582,.F.);
#247=ORIENTED_EDGE('',*,*,#584,.T.);
#248=ORIENTED_EDGE('',*,*,#585,.T.);
#249=ORIENTED_EDGE('',*,*,#586,.T.);
#250=ORIENTED_EDGE('',*,*,#585,.F.);
#251=ORIENTED_EDGE('',*,*,#587,.T.);
#252=ORIENTED_EDGE('',*,*,#588,.T.);
#253=ORIENTED_EDGE('',*,*,#589,.T.);
#254=ORIENTED_EDGE('',*,*,#588,.F.);
#255=ORIENTED_EDGE('',*,*,#590,.T.);
#256=ORIENTED_EDGE('',*,*,#591,.T.);
#257=ORIENTED_EDGE('',*,*,#592,.T.);
#258=ORIENTED_EDGE('',*,*,#591,.F.);
#259=ORIENTED_EDGE('',*,*,#593,.T.);
#260=ORIENTED_EDGE('',*,*,#594,.T.);
#261=ORIENTED_EDGE('',*,*,#595,.T.);
#262=ORIENTED_EDGE('',*,*,#594,.F.);
#263=ORIENTED_EDGE('',*,*,#596,.T.);
#264=ORIENTED_EDGE('',*,*,#597,.T.);
#265=ORIENTED_EDGE('',*,*,#598,.T.);
#266=ORIENTED_EDGE('',*,*,#597,.F.);
#267=ORIENTED_EDGE('',*,*,#599,.T.);
#268=ORIENTED_EDGE('',*,*,#600,.T.);
#269=ORIENTED_EDGE('',*,*,#601,.T.);
#270=ORIENTED_EDGE('',*,*,#600,.F.);
#271=ORIENTED_EDGE('',*,*,#602,.T.);
#272=ORIENTED_EDGE('',*,*,#603,.T.);
#273=ORIENTED_EDGE('',*,*,#604,.T.);
#274=ORIENTED_EDGE('',*,*,#603,.F.);
#275=ORIENTED_EDGE('',*,*,#605,.T.);
#276=ORIENTED_EDGE('',*,*,#606,.T.);
#277=ORIENTED_EDGE('',*,*,#607,.T.);
#278=ORIENTED_EDGE('',*,*,#606,.F.);
#279=ORIENTED_EDGE('',*,*,#608,.T.);
#280=ORIENTED_EDGE('',*,*,#562,.T.);
#281=ORIENTED_EDGE('',*,*,#609,.T.);
#282=ORIENTED_EDGE('',*,*,#610,.T.);
#283=ORIENTED_EDGE('',*,*,#611,.T.);
#284=ORIENTED_EDGE('',*,*,#612,.T.);
#285=ORIENTED_EDGE('',*,*,#613,.T.);
#286=ORIENTED_EDGE('',*,*,#614,.T.);
#287=ORIENTED_EDGE('',*,*,#615,.T.);
#288=ORIENTED_EDGE('',*,*,#616,.T.);
#289=ORIENTED_EDGE('',*,*,#617,.T.);
#290=ORIENTED_EDGE('',*,*,#618,.T.);
#291=ORIENTED_EDGE('',*,*,#619,.T.);
#292=ORIENTED_EDGE('',*,*,#620,.T.);
#293=ORIENTED_EDGE('',*,*,#621,.T.);
#294=ORIENTED_EDGE('',*,*,#622,.T.);
#295=ORIENTED_EDGE('',*,*,#623,.T.);
#296=ORIENTED_EDGE('',*,*,#624,.T.);
#297=ORIENTED_EDGE('',*,*,#625,.T.);
#298=ORIENTED_EDGE('',*,*,#626,.F.);
#299=ORIENTED_EDGE('',*,*,#627,.F.);
#300=ORIENTED_EDGE('',*,*,#628,.F.);
#301=ORIENTED_EDGE('',*,*,#629,.F.);
#302=ORIENTED_EDGE('',*,*,#630,.F.);
#303=ORIENTED_EDGE('',*,*,#631,.F.);
#304=ORIENTED_EDGE('',*,*,#632,.F.);
#305=ORIENTED_EDGE('',*,*,#633,.F.);
#306=ORIENTED_EDGE('',*,*,#634,.F.);
#307=ORIENTED_EDGE('',*,*,#635,.F.);
#308=ORIENTED_EDGE('',*,*,#636,.F.);
#309=ORIENTED_EDGE('',*,*,#637,.F.);
#310=ORIENTED_EDGE('',*,*,#638,.F.);
#311=ORIENTED_EDGE('',*,*,#639,.F.);
#312=ORIENTED_EDGE('',*,*,#640,.F.);
#313=ORIENTED_EDGE('',*,*,#641,.F.);
#314=ORIENTED_EDGE('',*,*,#642,.F.);
#315=ORIENTED_EDGE('',*,*,#643,.F.);
#316=ORIENTED_EDGE('',*,*,#644,.F.);
#317=ORIENTED_EDGE('',*,*,#645,.F.);
#318=ORIENTED_EDGE('',*,*,#646,.F.);
#319=ORIENTED_EDGE('',*,*,#619,.F.);
#320=ORIENTED_EDGE('',*,*,#647,.F.);
#321=ORIENTED_EDGE('',*,*,#593,.F.);
#322=ORIENTED_EDGE('',*,*,#647,.T.);
#323=ORIENTED_EDGE('',*,*,#618,.F.);
#324=ORIENTED_EDGE('',*,*,#648,.F.);
#325=ORIENTED_EDGE('',*,*,#596,.F.);
#326=ORIENTED_EDGE('',*,*,#646,.T.);
#327=ORIENTED_EDGE('',*,*,#590,.F.);
#328=ORIENTED_EDGE('',*,*,#649,.F.);
#329=ORIENTED_EDGE('',*,*,#620,.F.);
#330=ORIENTED_EDGE('',*,*,#648,.T.);
#331=ORIENTED_EDGE('',*,*,#617,.F.);
#332=ORIENTED_EDGE('',*,*,#650,.F.);
#333=ORIENTED_EDGE('',*,*,#599,.F.);
#334=ORIENTED_EDGE('',*,*,#649,.T.);
#335=ORIENTED_EDGE('',*,*,#587,.F.);
#336=ORIENTED_EDGE('',*,*,#651,.F.);
#337=ORIENTED_EDGE('',*,*,#621,.F.);
#338=ORIENTED_EDGE('',*,*,#650,.T.);
#339=ORIENTED_EDGE('',*,*,#616,.F.);
#340=ORIENTED_EDGE('',*,*,#652,.F.);
#341=ORIENTED_EDGE('',*,*,#602,.F.);
#342=ORIENTED_EDGE('',*,*,#651,.T.);
#343=ORIENTED_EDGE('',*,*,#584,.F.);
#344=ORIENTED_EDGE('',*,*,#653,.F.);
#345=ORIENTED_EDGE('',*,*,#622,.F.);
#346=ORIENTED_EDGE('',*,*,#652,.T.);
#347=ORIENTED_EDGE('',*,*,#615,.F.);
#348=ORIENTED_EDGE('',*,*,#654,.F.);
#349=ORIENTED_EDGE('',*,*,#605,.F.);
#350=ORIENTED_EDGE('',*,*,#653,.T.);
#351=ORIENTED_EDGE('',*,*,#581,.F.);
#352=ORIENTED_EDGE('',*,*,#655,.F.);
#353=ORIENTED_EDGE('',*,*,#623,.F.);
#354=ORIENTED_EDGE('',*,*,#654,.T.);
#355=ORIENTED_EDGE('',*,*,#614,.F.);
#356=ORIENTED_EDGE('',*,*,#656,.F.);
#357=ORIENTED_EDGE('',*,*,#608,.F.);
#358=ORIENTED_EDGE('',*,*,#655,.T.);
#359=ORIENTED_EDGE('',*,*,#578,.F.);
#360=ORIENTED_EDGE('',*,*,#657,.F.);
#361=ORIENTED_EDGE('',*,*,#624,.F.);
#362=ORIENTED_EDGE('',*,*,#656,.T.);
#363=ORIENTED_EDGE('',*,*,#613,.F.);
#364=ORIENTED_EDGE('',*,*,#658,.F.);
#365=ORIENTED_EDGE('',*,*,#563,.F.);
#366=ORIENTED_EDGE('',*,*,#657,.T.);
#367=ORIENTED_EDGE('',*,*,#575,.F.);
#368=ORIENTED_EDGE('',*,*,#659,.F.);
#369=ORIENTED_EDGE('',*,*,#625,.F.);
#370=ORIENTED_EDGE('',*,*,#658,.T.);
#371=ORIENTED_EDGE('',*,*,#612,.F.);
#372=ORIENTED_EDGE('',*,*,#660,.F.);
#373=ORIENTED_EDGE('',*,*,#566,.F.);
#374=ORIENTED_EDGE('',*,*,#659,.T.);
#375=ORIENTED_EDGE('',*,*,#572,.F.);
#376=ORIENTED_EDGE('',*,*,#661,.F.);
#377=ORIENTED_EDGE('',*,*,#610,.F.);
#378=ORIENTED_EDGE('',*,*,#660,.T.);
#379=ORIENTED_EDGE('',*,*,#611,.F.);
#380=ORIENTED_EDGE('',*,*,#661,.T.);
#381=ORIENTED_EDGE('',*,*,#569,.F.);
#382=ORIENTED_EDGE('',*,*,#662,.F.);
#383=ORIENTED_EDGE('',*,*,#637,.T.);
#384=ORIENTED_EDGE('',*,*,#663,.F.);
#385=ORIENTED_EDGE('',*,*,#537,.F.);
#386=ORIENTED_EDGE('',*,*,#663,.T.);
#387=ORIENTED_EDGE('',*,*,#636,.T.);
#388=ORIENTED_EDGE('',*,*,#664,.F.);
#389=ORIENTED_EDGE('',*,*,#538,.F.);
#390=ORIENTED_EDGE('',*,*,#662,.T.);
#391=ORIENTED_EDGE('',*,*,#536,.F.);
#392=ORIENTED_EDGE('',*,*,#665,.F.);
#393=ORIENTED_EDGE('',*,*,#638,.T.);
#394=ORIENTED_EDGE('',*,*,#664,.T.);
#395=ORIENTED_EDGE('',*,*,#635,.T.);
#396=ORIENTED_EDGE('',*,*,#666,.F.);
#397=ORIENTED_EDGE('',*,*,#539,.F.);
#398=ORIENTED_EDGE('',*,*,#665,.T.);
#399=ORIENTED_EDGE('',*,*,#535,.F.);
#400=ORIENTED_EDGE('',*,*,#667,.F.);
#401=ORIENTED_EDGE('',*,*,#639,.T.);
#402=ORIENTED_EDGE('',*,*,#666,.T.);
#403=ORIENTED_EDGE('',*,*,#634,.T.);
#404=ORIENTED_EDGE('',*,*,#668,.F.);
#405=ORIENTED_EDGE('',*,*,#540,.F.);
#406=ORIENTED_EDGE('',*,*,#667,.T.);
#407=ORIENTED_EDGE('',*,*,#534,.F.);
#408=ORIENTED_EDGE('',*,*,#669,.F.);
#409=ORIENTED_EDGE('',*,*,#640,.T.);
#410=ORIENTED_EDGE('',*,*,#668,.T.);
#411=ORIENTED_EDGE('',*,*,#633,.T.);
#412=ORIENTED_EDGE('',*,*,#670,.F.);
#413=ORIENTED_EDGE('',*,*,#541,.F.);
#414=ORIENTED_EDGE('',*,*,#669,.T.);
#415=ORIENTED_EDGE('',*,*,#533,.F.);
#416=ORIENTED_EDGE('',*,*,#671,.F.);
#417=ORIENTED_EDGE('',*,*,#641,.T.);
#418=ORIENTED_EDGE('',*,*,#670,.T.);
#419=ORIENTED_EDGE('',*,*,#632,.T.);
#420=ORIENTED_EDGE('',*,*,#672,.F.);
#421=ORIENTED_EDGE('',*,*,#542,.F.);
#422=ORIENTED_EDGE('',*,*,#671,.T.);
#423=ORIENTED_EDGE('',*,*,#532,.F.);
#424=ORIENTED_EDGE('',*,*,#673,.F.);
#425=ORIENTED_EDGE('',*,*,#642,.T.);
#426=ORIENTED_EDGE('',*,*,#672,.T.);
#427=ORIENTED_EDGE('',*,*,#631,.T.);
#428=ORIENTED_EDGE('',*,*,#674,.F.);
#429=ORIENTED_EDGE('',*,*,#543,.F.);
#430=ORIENTED_EDGE('',*,*,#673,.T.);
#431=ORIENTED_EDGE('',*,*,#531,.F.);
#432=ORIENTED_EDGE('',*,*,#675,.F.);
#433=ORIENTED_EDGE('',*,*,#643,.T.);
#434=ORIENTED_EDGE('',*,*,#674,.T.);
#435=ORIENTED_EDGE('',*,*,#630,.T.);
#436=ORIENTED_EDGE('',*,*,#676,.F.);
#437=ORIENTED_EDGE('',*,*,#544,.F.);
#438=ORIENTED_EDGE('',*,*,#675,.T.);
#439=ORIENTED_EDGE('',*,*,#530,.F.);
#440=ORIENTED_EDGE('',*,*,#677,.F.);
#441=ORIENTED_EDGE('',*,*,#644,.T.);
#442=ORIENTED_EDGE('',*,*,#676,.T.);
#443=ORIENTED_EDGE('',*,*,#629,.T.);
#444=ORIENTED_EDGE('',*,*,#678,.F.);
#445=ORIENTED_EDGE('',*,*,#545,.F.);
#446=ORIENTED_EDGE('',*,*,#677,.T.);
#447=ORIENTED_EDGE('',*,*,#529,.F.);
#448=ORIENTED_EDGE('',*,*,#679,.F.);
#449=ORIENTED_EDGE('',*,*,#645,.T.);
#450=ORIENTED_EDGE('',*,*,#678,.T.);
#451=ORIENTED_EDGE('',*,*,#628,.T.);
#452=ORIENTED_EDGE('',*,*,#680,.F.);
#453=ORIENTED_EDGE('',*,*,#526,.F.);
#454=ORIENTED_EDGE('',*,*,#679,.T.);
#455=ORIENTED_EDGE('',*,*,#528,.F.);
#456=ORIENTED_EDGE('',*,*,#681,.F.);
#457=ORIENTED_EDGE('',*,*,#626,.T.);
#458=ORIENTED_EDGE('',*,*,#680,.T.);
#459=ORIENTED_EDGE('',*,*,#627,.T.);
#460=ORIENTED_EDGE('',*,*,#681,.T.);
#461=ORIENTED_EDGE('',*,*,#527,.F.);
#462=ORIENTED_EDGE('',*,*,#682,.F.);
#463=ORIENTED_EDGE('',*,*,#595,.F.);
#464=ORIENTED_EDGE('',*,*,#683,.F.);
#465=ORIENTED_EDGE('',*,*,#555,.F.);
#466=ORIENTED_EDGE('',*,*,#683,.T.);
#467=ORIENTED_EDGE('',*,*,#598,.F.);
#468=ORIENTED_EDGE('',*,*,#684,.F.);
#469=ORIENTED_EDGE('',*,*,#556,.F.);
#470=ORIENTED_EDGE('',*,*,#682,.T.);
#471=ORIENTED_EDGE('',*,*,#554,.F.);
#472=ORIENTED_EDGE('',*,*,#685,.F.);
#473=ORIENTED_EDGE('',*,*,#592,.F.);
#474=ORIENTED_EDGE('',*,*,#684,.T.);
#475=ORIENTED_EDGE('',*,*,#601,.F.);
#476=ORIENTED_EDGE('',*,*,#686,.F.);
#477=ORIENTED_EDGE('',*,*,#557,.F.);
#478=ORIENTED_EDGE('',*,*,#685,.T.);
#479=ORIENTED_EDGE('',*,*,#553,.F.);
#480=ORIENTED_EDGE('',*,*,#687,.F.);
#481=ORIENTED_EDGE('',*,*,#589,.F.);
#482=ORIENTED_EDGE('',*,*,#686,.T.);
#483=ORIENTED_EDGE('',*,*,#604,.F.);
#484=ORIENTED_EDGE('',*,*,#688,.F.);
#485=ORIENTED_EDGE('',*,*,#558,.F.);
#486=ORIENTED_EDGE('',*,*,#687,.T.);
#487=ORIENTED_EDGE('',*,*,#552,.F.);
#488=ORIENTED_EDGE('',*,*,#689,.F.);
#489=ORIENTED_EDGE('',*,*,#586,.F.);
#490=ORIENTED_EDGE('',*,*,#688,.T.);
#491=ORIENTED_EDGE('',*,*,#607,.F.);
#492=ORIENTED_EDGE('',*,*,#690,.F.);
#493=ORIENTED_EDGE('',*,*,#559,.F.);
#494=ORIENTED_EDGE('',*,*,#689,.T.);
#495=ORIENTED_EDGE('',*,*,#551,.F.);
#496=ORIENTED_EDGE('',*,*,#691,.F.);
#497=ORIENTED_EDGE('',*,*,#583,.F.);
#498=ORIENTED_EDGE('',*,*,#690,.T.);
#499=ORIENTED_EDGE('',*,*,#609,.F.);
#500=ORIENTED_EDGE('',*,*,#692,.F.);
#501=ORIENTED_EDGE('',*,*,#560,.F.);
#502=ORIENTED_EDGE('',*,*,#691,.T.);
#503=ORIENTED_EDGE('',*,*,#550,.F.);
#504=ORIENTED_EDGE('',*,*,#693,.F.);
#505=ORIENTED_EDGE('',*,*,#580,.F.);
#506=ORIENTED_EDGE('',*,*,#692,.T.);
#507=ORIENTED_EDGE('',*,*,#565,.F.);
#508=ORIENTED_EDGE('',*,*,#694,.F.);
#509=ORIENTED_EDGE('',*,*,#561,.F.);
#510=ORIENTED_EDGE('',*,*,#693,.T.);
#511=ORIENTED_EDGE('',*,*,#549,.F.);
#512=ORIENTED_EDGE('',*,*,#695,.F.);
#513=ORIENTED_EDGE('',*,*,#577,.F.);
#514=ORIENTED_EDGE('',*,*,#694,.T.);
#515=ORIENTED_EDGE('',*,*,#568,.F.);
#516=ORIENTED_EDGE('',*,*,#696,.F.);
#517=ORIENTED_EDGE('',*,*,#546,.F.);
#518=ORIENTED_EDGE('',*,*,#695,.T.);
#519=ORIENTED_EDGE('',*,*,#548,.F.);
#520=ORIENTED_EDGE('',*,*,#697,.F.);
#521=ORIENTED_EDGE('',*,*,#574,.F.);
#522=ORIENTED_EDGE('',*,*,#696,.T.);
#523=ORIENTED_EDGE('',*,*,#571,.F.);
#524=ORIENTED_EDGE('',*,*,#697,.T.);
#525=ORIENTED_EDGE('',*,*,#547,.F.);
#526=EDGE_CURVE('',#698,#699,#802,.T.);
#527=EDGE_CURVE('',#699,#700,#803,.T.);
#528=EDGE_CURVE('',#700,#701,#804,.T.);
#529=EDGE_CURVE('',#701,#702,#805,.T.);
#530=EDGE_CURVE('',#702,#703,#806,.T.);
#531=EDGE_CURVE('',#703,#704,#152,.T.);
#532=EDGE_CURVE('',#704,#705,#153,.T.);
#533=EDGE_CURVE('',#705,#706,#154,.T.);
#534=EDGE_CURVE('',#706,#707,#155,.T.);
#535=EDGE_CURVE('',#707,#708,#156,.T.);
#536=EDGE_CURVE('',#708,#709,#157,.T.);
#537=EDGE_CURVE('',#709,#710,#807,.T.);
#538=EDGE_CURVE('',#710,#711,#158,.T.);
#539=EDGE_CURVE('',#711,#712,#159,.T.);
#540=EDGE_CURVE('',#712,#713,#160,.T.);
#541=EDGE_CURVE('',#713,#714,#161,.T.);
#542=EDGE_CURVE('',#714,#715,#162,.T.);
#543=EDGE_CURVE('',#715,#716,#163,.T.);
#544=EDGE_CURVE('',#716,#717,#164,.T.);
#545=EDGE_CURVE('',#717,#698,#808,.T.);
#546=EDGE_CURVE('',#718,#719,#809,.F.);
#547=EDGE_CURVE('',#719,#720,#77,.T.);
#548=EDGE_CURVE('',#720,#721,#810,.T.);
#549=EDGE_CURVE('',#721,#722,#78,.T.);
#550=EDGE_CURVE('',#722,#723,#811,.T.);
#551=EDGE_CURVE('',#723,#724,#79,.T.);
#552=EDGE_CURVE('',#724,#725,#812,.F.);
#553=EDGE_CURVE('',#725,#726,#80,.T.);
#554=EDGE_CURVE('',#726,#727,#813,.F.);
#555=EDGE_CURVE('',#727,#728,#81,.F.);
#556=EDGE_CURVE('',#728,#729,#814,.T.);
#557=EDGE_CURVE('',#729,#730,#82,.T.);
#558=EDGE_CURVE('',#730,#731,#815,.F.);
#559=EDGE_CURVE('',#731,#732,#83,.T.);
#560=EDGE_CURVE('',#732,#733,#816,.F.);
#561=EDGE_CURVE('',#733,#718,#84,.F.);
#562=EDGE_CURVE('',#734,#735,#817,.T.);
#563=EDGE_CURVE('',#734,#736,#85,.F.);
#564=EDGE_CURVE('',#736,#737,#818,.T.);
#565=EDGE_CURVE('',#737,#735,#86,.T.);
#566=EDGE_CURVE('',#736,#738,#819,.F.);
#567=EDGE_CURVE('',#738,#739,#820,.T.);
#568=EDGE_CURVE('',#739,#737,#821,.T.);
#569=EDGE_CURVE('',#738,#740,#87,.T.);
#570=EDGE_CURVE('',#740,#741,#822,.T.);
#571=EDGE_CURVE('',#741,#739,#88,.F.);
#572=EDGE_CURVE('',#740,#742,#823,.T.);
#573=EDGE_CURVE('',#742,#743,#824,.T.);
#574=EDGE_CURVE('',#743,#741,#825,.F.);
#575=EDGE_CURVE('',#742,#744,#89,.T.);
#576=EDGE_CURVE('',#744,#745,#826,.T.);
#577=EDGE_CURVE('',#745,#743,#90,.F.);
#578=EDGE_CURVE('',#744,#746,#827,.T.);
#579=EDGE_CURVE('',#746,#747,#828,.T.);
#580=EDGE_CURVE('',#747,#745,#829,.F.);
#581=EDGE_CURVE('',#746,#748,#91,.T.);
#582=EDGE_CURVE('',#748,#749,#830,.T.);
#583=EDGE_CURVE('',#749,#747,#92,.F.);
#584=EDGE_CURVE('',#748,#750,#831,.F.);
#585=EDGE_CURVE('',#750,#751,#832,.T.);
#586=EDGE_CURVE('',#751,#749,#833,.T.);
#587=EDGE_CURVE('',#750,#752,#93,.T.);
#588=EDGE_CURVE('',#752,#753,#834,.T.);
#589=EDGE_CURVE('',#753,#751,#94,.F.);
#590=EDGE_CURVE('',#752,#754,#835,.F.);
#591=EDGE_CURVE('',#754,#755,#836,.T.);
#592=EDGE_CURVE('',#755,#753,#837,.T.);
#593=EDGE_CURVE('',#754,#756,#95,.F.);
#594=EDGE_CURVE('',#756,#757,#838,.T.);
#595=EDGE_CURVE('',#757,#755,#96,.T.);
#596=EDGE_CURVE('',#756,#758,#839,.T.);
#597=EDGE_CURVE('',#758,#759,#840,.T.);
#598=EDGE_CURVE('',#759,#757,#841,.F.);
#599=EDGE_CURVE('',#758,#760,#97,.T.);
#600=EDGE_CURVE('',#760,#761,#842,.T.);
#601=EDGE_CURVE('',#761,#759,#98,.F.);
#602=EDGE_CURVE('',#760,#762,#843,.F.);
#603=EDGE_CURVE('',#762,#763,#844,.T.);
#604=EDGE_CURVE('',#763,#761,#845,.T.);
#605=EDGE_CURVE('',#762,#764,#99,.T.);
#606=EDGE_CURVE('',#764,#765,#846,.T.);
#607=EDGE_CURVE('',#765,#763,#100,.F.);
#608=EDGE_CURVE('',#764,#734,#847,.F.);
#609=EDGE_CURVE('',#735,#765,#848,.T.);
#610=EDGE_CURVE('',#766,#767,#849,.F.);
#611=EDGE_CURVE('',#767,#768,#101,.F.);
#612=EDGE_CURVE('',#768,#769,#850,.T.);
#613=EDGE_CURVE('',#769,#770,#102,.T.);
#614=EDGE_CURVE('',#770,#771,#851,.T.);
#615=EDGE_CURVE('',#771,#772,#103,.F.);
#616=EDGE_CURVE('',#772,#773,#852,.T.);
#617=EDGE_CURVE('',#773,#774,#104,.F.);
#618=EDGE_CURVE('',#774,#775,#853,.F.);
#619=EDGE_CURVE('',#775,#776,#105,.T.);
#620=EDGE_CURVE('',#776,#777,#854,.T.);
#621=EDGE_CURVE('',#777,#778,#106,.F.);
#622=EDGE_CURVE('',#778,#779,#855,.T.);
#623=EDGE_CURVE('',#779,#780,#107,.F.);
#624=EDGE_CURVE('',#780,#781,#856,.F.);
#625=EDGE_CURVE('',#781,#766,#108,.F.);
#626=EDGE_CURVE('',#782,#783,#857,.T.);
#627=EDGE_CURVE('',#784,#782,#858,.T.);
#628=EDGE_CURVE('',#785,#784,#859,.T.);
#629=EDGE_CURVE('',#786,#785,#860,.T.);
#630=EDGE_CURVE('',#787,#786,#165,.T.);
#631=EDGE_CURVE('',#788,#787,#166,.T.);
#632=EDGE_CURVE('',#789,#788,#167,.T.);
#633=EDGE_CURVE('',#790,#789,#168,.T.);
#634=EDGE_CURVE('',#791,#790,#169,.T.);
#635=EDGE_CURVE('',#792,#791,#170,.T.);
#636=EDGE_CURVE('',#793,#792,#171,.T.);
#637=EDGE_CURVE('',#794,#793,#861,.T.);
#638=EDGE_CURVE('',#795,#794,#172,.T.);
#639=EDGE_CURVE('',#796,#795,#173,.T.);
#640=EDGE_CURVE('',#797,#796,#174,.T.);
#641=EDGE_CURVE('',#798,#797,#175,.T.);
#642=EDGE_CURVE('',#799,#798,#176,.T.);
#643=EDGE_CURVE('',#800,#799,#177,.T.);
#644=EDGE_CURVE('',#801,#800,#862,.T.);
#645=EDGE_CURVE('',#783,#801,#863,.T.);
#646=EDGE_CURVE('',#776,#754,#109,.T.);
#647=EDGE_CURVE('',#756,#775,#110,.T.);
#648=EDGE_CURVE('',#758,#774,#111,.T.);
#649=EDGE_CURVE('',#777,#752,#112,.T.);
#650=EDGE_CURVE('',#760,#773,#113,.T.);
#651=EDGE_CURVE('',#778,#750,#114,.T.);
#652=EDGE_CURVE('',#762,#772,#115,.T.);
#653=EDGE_CURVE('',#779,#748,#116,.T.);
#654=EDGE_CURVE('',#764,#771,#117,.T.);
#655=EDGE_CURVE('',#780,#746,#118,.T.);
#656=EDGE_CURVE('',#734,#770,#119,.T.);
#657=EDGE_CURVE('',#781,#744,#120,.T.);
#658=EDGE_CURVE('',#736,#769,#121,.T.);
#659=EDGE_CURVE('',#766,#742,#122,.T.);
#660=EDGE_CURVE('',#738,#768,#123,.T.);
#661=EDGE_CURVE('',#767,#740,#124,.T.);
#662=EDGE_CURVE('',#794,#709,#178,.T.);
#663=EDGE_CURVE('',#710,#793,#179,.F.);
#664=EDGE_CURVE('',#711,#792,#125,.T.);
#665=EDGE_CURVE('',#795,#708,#126,.T.);
#666=EDGE_CURVE('',#712,#791,#127,.T.);
#667=EDGE_CURVE('',#796,#707,#128,.T.);
#668=EDGE_CURVE('',#713,#790,#129,.T.);
#669=EDGE_CURVE('',#797,#706,#130,.T.);
#670=EDGE_CURVE('',#714,#789,#131,.T.);
#671=EDGE_CURVE('',#798,#705,#132,.T.);
#672=EDGE_CURVE('',#715,#788,#133,.T.);
#673=EDGE_CURVE('',#799,#704,#134,.T.);
#674=EDGE_CURVE('',#716,#787,#135,.T.);
#675=EDGE_CURVE('',#800,#703,#180,.T.);
#676=EDGE_CURVE('',#717,#786,#181,.F.);
#677=EDGE_CURVE('',#801,#702,#12,.F.);
#678=EDGE_CURVE('',#698,#785,#13,.T.);
#679=EDGE_CURVE('',#783,#701,#14,.F.);
#680=EDGE_CURVE('',#699,#784,#15,.T.);
#681=EDGE_CURVE('',#782,#700,#16,.F.);
#682=EDGE_CURVE('',#755,#727,#136,.T.);
#683=EDGE_CURVE('',#728,#757,#137,.T.);
#684=EDGE_CURVE('',#729,#759,#138,.T.);
#685=EDGE_CURVE('',#753,#726,#139,.T.);
#686=EDGE_CURVE('',#730,#761,#140,.T.);
#687=EDGE_CURVE('',#751,#725,#141,.T.);
#688=EDGE_CURVE('',#731,#763,#142,.T.);
#689=EDGE_CURVE('',#749,#724,#143,.T.);
#690=EDGE_CURVE('',#732,#765,#144,.T.);
#691=EDGE_CURVE('',#747,#723,#145,.T.);
#692=EDGE_CURVE('',#733,#735,#146,.T.);
#693=EDGE_CURVE('',#745,#722,#147,.T.);
#694=EDGE_CURVE('',#718,#737,#148,.T.);
#695=EDGE_CURVE('',#743,#721,#149,.T.);
#696=EDGE_CURVE('',#719,#739,#150,.T.);
#697=EDGE_CURVE('',#741,#720,#151,.T.);
#698=VERTEX_POINT('',#1646);
#699=VERTEX_POINT('',#1647);
#700=VERTEX_POINT('',#1649);
#701=VERTEX_POINT('',#1651);
#702=VERTEX_POINT('',#1653);
#703=VERTEX_POINT('',#1655);
#704=VERTEX_POINT('',#1660);
#705=VERTEX_POINT('',#1665);
#706=VERTEX_POINT('',#1670);
#707=VERTEX_POINT('',#1675);
#708=VERTEX_POINT('',#1680);
#709=VERTEX_POINT('',#1686);
#710=VERTEX_POINT('',#1688);
#711=VERTEX_POINT('',#1694);
#712=VERTEX_POINT('',#1699);
#713=VERTEX_POINT('',#1704);
#714=VERTEX_POINT('',#1709);
#715=VERTEX_POINT('',#1715);
#716=VERTEX_POINT('',#1720);
#717=VERTEX_POINT('',#1725);
#718=VERTEX_POINT('',#1728);
#719=VERTEX_POINT('',#1729);
#720=VERTEX_POINT('',#1731);
#721=VERTEX_POINT('',#1733);
#722=VERTEX_POINT('',#1735);
#723=VERTEX_POINT('',#1737);
#724=VERTEX_POINT('',#1739);
#725=VERTEX_POINT('',#1741);
#726=VERTEX_POINT('',#1743);
#727=VERTEX_POINT('',#1745);
#728=VERTEX_POINT('',#1747);
#729=VERTEX_POINT('',#1749);
#730=VERTEX_POINT('',#1751);
#731=VERTEX_POINT('',#1753);
#732=VERTEX_POINT('',#1755);
#733=VERTEX_POINT('',#1757);
#734=VERTEX_POINT('',#1761);
#735=VERTEX_POINT('',#1762);
#736=VERTEX_POINT('',#1764);
#737=VERTEX_POINT('',#1766);
#738=VERTEX_POINT('',#1770);
#739=VERTEX_POINT('',#1772);
#740=VERTEX_POINT('',#1776);
#741=VERTEX_POINT('',#1778);
#742=VERTEX_POINT('',#1782);
#743=VERTEX_POINT('',#1784);
#744=VERTEX_POINT('',#1788);
#745=VERTEX_POINT('',#1790);
#746=VERTEX_POINT('',#1794);
#747=VERTEX_POINT('',#1796);
#748=VERTEX_POINT('',#1800);
#749=VERTEX_POINT('',#1802);
#750=VERTEX_POINT('',#1806);
#751=VERTEX_POINT('',#1808);
#752=VERTEX_POINT('',#1812);
#753=VERTEX_POINT('',#1814);
#754=VERTEX_POINT('',#1818);
#755=VERTEX_POINT('',#1820);
#756=VERTEX_POINT('',#1824);
#757=VERTEX_POINT('',#1826);
#758=VERTEX_POINT('',#1830);
#759=VERTEX_POINT('',#1832);
#760=VERTEX_POINT('',#1836);
#761=VERTEX_POINT('',#1838);
#762=VERTEX_POINT('',#1842);
#763=VERTEX_POINT('',#1844);
#764=VERTEX_POINT('',#1848);
#765=VERTEX_POINT('',#1850);
#766=VERTEX_POINT('',#1857);
#767=VERTEX_POINT('',#1858);
#768=VERTEX_POINT('',#1860);
#769=VERTEX_POINT('',#1862);
#770=VERTEX_POINT('',#1864);
#771=VERTEX_POINT('',#1866);
#772=VERTEX_POINT('',#1868);
#773=VERTEX_POINT('',#1870);
#774=VERTEX_POINT('',#1872);
#775=VERTEX_POINT('',#1874);
#776=VERTEX_POINT('',#1876);
#777=VERTEX_POINT('',#1878);
#778=VERTEX_POINT('',#1880);
#779=VERTEX_POINT('',#1882);
#780=VERTEX_POINT('',#1884);
#781=VERTEX_POINT('',#1886);
#782=VERTEX_POINT('',#1890);
#783=VERTEX_POINT('',#1891);
#784=VERTEX_POINT('',#1893);
#785=VERTEX_POINT('',#1895);
#786=VERTEX_POINT('',#1897);
#787=VERTEX_POINT('',#1901);
#788=VERTEX_POINT('',#1905);
#789=VERTEX_POINT('',#1909);
#790=VERTEX_POINT('',#1913);
#791=VERTEX_POINT('',#1917);
#792=VERTEX_POINT('',#1921);
#793=VERTEX_POINT('',#1925);
#794=VERTEX_POINT('',#1927);
#795=VERTEX_POINT('',#1931);
#796=VERTEX_POINT('',#1935);
#797=VERTEX_POINT('',#1939);
#798=VERTEX_POINT('',#1943);
#799=VERTEX_POINT('',#1947);
#800=VERTEX_POINT('',#1951);
#801=VERTEX_POINT('',#1953);
#802=LINE('',#1645,#864);
#803=LINE('',#1648,#865);
#804=LINE('',#1650,#866);
#805=LINE('',#1652,#867);
#806=LINE('',#1654,#868);
#807=LINE('',#1687,#869);
#808=LINE('',#1726,#870);
#809=LINE('',#1727,#871);
#810=LINE('',#1732,#872);
#811=LINE('',#1736,#873);
#812=LINE('',#1740,#874);
#813=LINE('',#1744,#875);
#814=LINE('',#1748,#876);
#815=LINE('',#1752,#877);
#816=LINE('',#1756,#878);
#817=LINE('',#1760,#879);
#818=LINE('',#1765,#880);
#819=LINE('',#1769,#881);
#820=LINE('',#1771,#882);
#821=LINE('',#1773,#883);
#822=LINE('',#1777,#884);
#823=LINE('',#1781,#885);
#824=LINE('',#1783,#886);
#825=LINE('',#1785,#887);
#826=LINE('',#1789,#888);
#827=LINE('',#1793,#889);
#828=LINE('',#1795,#890);
#829=LINE('',#1797,#891);
#830=LINE('',#1801,#892);
#831=LINE('',#1805,#893);
#832=LINE('',#1807,#894);
#833=LINE('',#1809,#895);
#834=LINE('',#1813,#896);
#835=LINE('',#1817,#897);
#836=LINE('',#1819,#898);
#837=LINE('',#1821,#899);
#838=LINE('',#1825,#900);
#839=LINE('',#1829,#901);
#840=LINE('',#1831,#902);
#841=LINE('',#1833,#903);
#842=LINE('',#1837,#904);
#843=LINE('',#1841,#905);
#844=LINE('',#1843,#906);
#845=LINE('',#1845,#907);
#846=LINE('',#1849,#908);
#847=LINE('',#1853,#909);
#848=LINE('',#1854,#910);
#849=LINE('',#1856,#911);
#850=LINE('',#1861,#912);
#851=LINE('',#1865,#913);
#852=LINE('',#1869,#914);
#853=LINE('',#1873,#915);
#854=LINE('',#1877,#916);
#855=LINE('',#1881,#917);
#856=LINE('',#1885,#918);
#857=LINE('',#1889,#919);
#858=LINE('',#1892,#920);
#859=LINE('',#1894,#921);
#860=LINE('',#1896,#922);
#861=LINE('',#1926,#923);
#862=LINE('',#1952,#924);
#863=LINE('',#1954,#925);
#864=VECTOR('',#1307,1.);
#865=VECTOR('',#1308,1.);
#866=VECTOR('',#1309,1.);
#867=VECTOR('',#1310,1.);
#868=VECTOR('',#1311,1.);
#869=VECTOR('',#1312,1.);
#870=VECTOR('',#1313,1.);
#871=VECTOR('',#1314,1.);
#872=VECTOR('',#1317,1.);
#873=VECTOR('',#1320,1.);
#874=VECTOR('',#1323,1.);
#875=VECTOR('',#1326,1.);
#876=VECTOR('',#1329,1.);
#877=VECTOR('',#1332,1.);
#878=VECTOR('',#1335,1.);
#879=VECTOR('',#1340,1.);
#880=VECTOR('',#1343,1.);
#881=VECTOR('',#1348,1.);
#882=VECTOR('',#1349,1.);
#883=VECTOR('',#1350,1.);
#884=VECTOR('',#1355,1.);
#885=VECTOR('',#1360,1.);
#886=VECTOR('',#1361,1.);
#887=VECTOR('',#1362,1.);
#888=VECTOR('',#1367,1.);
#889=VECTOR('',#1372,1.);
#890=VECTOR('',#1373,1.);
#891=VECTOR('',#1374,1.);
#892=VECTOR('',#1379,1.);
#893=VECTOR('',#1384,1.);
#894=VECTOR('',#1385,1.);
#895=VECTOR('',#1386,1.);
#896=VECTOR('',#1391,1.);
#897=VECTOR('',#1396,1.);
#898=VECTOR('',#1397,1.);
#899=VECTOR('',#1398,1.);
#900=VECTOR('',#1403,1.);
#901=VECTOR('',#1408,1.);
#902=VECTOR('',#1409,1.);
#903=VECTOR('',#1410,1.);
#904=VECTOR('',#1415,1.);
#905=VECTOR('',#1420,1.);
#906=VECTOR('',#1421,1.);
#907=VECTOR('',#1422,1.);
#908=VECTOR('',#1427,1.);
#909=VECTOR('',#1432,1.);
#910=VECTOR('',#1433,1.);
#911=VECTOR('',#1436,1.);
#912=VECTOR('',#1439,1.);
#913=VECTOR('',#1442,1.);
#914=VECTOR('',#1445,1.);
#915=VECTOR('',#1448,1.);
#916=VECTOR('',#1451,1.);
#917=VECTOR('',#1454,1.);
#918=VECTOR('',#1457,1.);
#919=VECTOR('',#1462,1.);
#920=VECTOR('',#1463,1.);
#921=VECTOR('',#1464,1.);
#922=VECTOR('',#1465,1.);
#923=VECTOR('',#1466,1.);
#924=VECTOR('',#1467,1.);
#925=VECTOR('',#1468,1.);
#926=EDGE_LOOP('',(#182,#183,#184,#185,#186,#187,#188,#189,#190,#191,#192,
#193,#194,#195,#196,#197,#198,#199,#200,#201));
#927=EDGE_LOOP('',(#202,#203,#204,#205,#206,#207,#208,#209,#210,#211,#212,
#213,#214,#215,#216,#217));
#928=EDGE_LOOP('',(#218,#219,#220,#221));
#929=EDGE_LOOP('',(#222,#223,#224,#225));
#930=EDGE_LOOP('',(#226,#227,#228,#229));
#931=EDGE_LOOP('',(#230,#231,#232,#233));
#932=EDGE_LOOP('',(#234,#235,#236,#237));
#933=EDGE_LOOP('',(#238,#239,#240,#241));
#934=EDGE_LOOP('',(#242,#243,#244,#245));
#935=EDGE_LOOP('',(#246,#247,#248,#249));
#936=EDGE_LOOP('',(#250,#251,#252,#253));
#937=EDGE_LOOP('',(#254,#255,#256,#257));
#938=EDGE_LOOP('',(#258,#259,#260,#261));
#939=EDGE_LOOP('',(#262,#263,#264,#265));
#940=EDGE_LOOP('',(#266,#267,#268,#269));
#941=EDGE_LOOP('',(#270,#271,#272,#273));
#942=EDGE_LOOP('',(#274,#275,#276,#277));
#943=EDGE_LOOP('',(#278,#279,#280,#281));
#944=EDGE_LOOP('',(#282,#283,#284,#285,#286,#287,#288,#289,#290,#291,#292,
#293,#294,#295,#296,#297));
#945=EDGE_LOOP('',(#298,#299,#300,#301,#302,#303,#304,#305,#306,#307,#308,
#309,#310,#311,#312,#313,#314,#315,#316,#317));
#946=EDGE_LOOP('',(#318,#319,#320,#321));
#947=EDGE_LOOP('',(#322,#323,#324,#325));
#948=EDGE_LOOP('',(#326,#327,#328,#329));
#949=EDGE_LOOP('',(#330,#331,#332,#333));
#950=EDGE_LOOP('',(#334,#335,#336,#337));
#951=EDGE_LOOP('',(#338,#339,#340,#341));
#952=EDGE_LOOP('',(#342,#343,#344,#345));
#953=EDGE_LOOP('',(#346,#347,#348,#349));
#954=EDGE_LOOP('',(#350,#351,#352,#353));
#955=EDGE_LOOP('',(#354,#355,#356,#357));
#956=EDGE_LOOP('',(#358,#359,#360,#361));
#957=EDGE_LOOP('',(#362,#363,#364,#365));
#958=EDGE_LOOP('',(#366,#367,#368,#369));
#959=EDGE_LOOP('',(#370,#371,#372,#373));
#960=EDGE_LOOP('',(#374,#375,#376,#377));
#961=EDGE_LOOP('',(#378,#379,#380,#381));
#962=EDGE_LOOP('',(#382,#383,#384,#385));
#963=EDGE_LOOP('',(#386,#387,#388,#389));
#964=EDGE_LOOP('',(#390,#391,#392,#393));
#965=EDGE_LOOP('',(#394,#395,#396,#397));
#966=EDGE_LOOP('',(#398,#399,#400,#401));
#967=EDGE_LOOP('',(#402,#403,#404,#405));
#968=EDGE_LOOP('',(#406,#407,#408,#409));
#969=EDGE_LOOP('',(#410,#411,#412,#413));
#970=EDGE_LOOP('',(#414,#415,#416,#417));
#971=EDGE_LOOP('',(#418,#419,#420,#421));
#972=EDGE_LOOP('',(#422,#423,#424,#425));
#973=EDGE_LOOP('',(#426,#427,#428,#429));
#974=EDGE_LOOP('',(#430,#431,#432,#433));
#975=EDGE_LOOP('',(#434,#435,#436,#437));
#976=EDGE_LOOP('',(#438,#439,#440,#441));
#977=EDGE_LOOP('',(#442,#443,#444,#445));
#978=EDGE_LOOP('',(#446,#447,#448,#449));
#979=EDGE_LOOP('',(#450,#451,#452,#453));
#980=EDGE_LOOP('',(#454,#455,#456,#457));
#981=EDGE_LOOP('',(#458,#459,#460,#461));
#982=EDGE_LOOP('',(#462,#463,#464,#465));
#983=EDGE_LOOP('',(#466,#467,#468,#469));
#984=EDGE_LOOP('',(#470,#471,#472,#473));
#985=EDGE_LOOP('',(#474,#475,#476,#477));
#986=EDGE_LOOP('',(#478,#479,#480,#481));
#987=EDGE_LOOP('',(#482,#483,#484,#485));
#988=EDGE_LOOP('',(#486,#487,#488,#489));
#989=EDGE_LOOP('',(#490,#491,#492,#493));
#990=EDGE_LOOP('',(#494,#495,#496,#497));
#991=EDGE_LOOP('',(#498,#499,#500,#501));
#992=EDGE_LOOP('',(#502,#503,#504,#505));
#993=EDGE_LOOP('',(#506,#507,#508,#509));
#994=EDGE_LOOP('',(#510,#511,#512,#513));
#995=EDGE_LOOP('',(#514,#515,#516,#517));
#996=EDGE_LOOP('',(#518,#519,#520,#521));
#997=EDGE_LOOP('',(#522,#523,#524,#525));
#998=FACE_BOUND('',#926,.T.);
#999=FACE_BOUND('',#927,.T.);
#1000=FACE_BOUND('',#928,.T.);
#1001=FACE_BOUND('',#929,.T.);
#1002=FACE_BOUND('',#930,.T.);
#1003=FACE_BOUND('',#931,.T.);
#1004=FACE_BOUND('',#932,.T.);
#1005=FACE_BOUND('',#933,.T.);
#1006=FACE_BOUND('',#934,.T.);
#1007=FACE_BOUND('',#935,.T.);
#1008=FACE_BOUND('',#936,.T.);
#1009=FACE_BOUND('',#937,.T.);
#1010=FACE_BOUND('',#938,.T.);
#1011=FACE_BOUND('',#939,.T.);
#1012=FACE_BOUND('',#940,.T.);
#1013=FACE_BOUND('',#941,.T.);
#1014=FACE_BOUND('',#942,.T.);
#1015=FACE_BOUND('',#943,.T.);
#1016=FACE_BOUND('',#944,.T.);
#1017=FACE_BOUND('',#945,.T.);
#1018=FACE_BOUND('',#946,.T.);
#1019=FACE_BOUND('',#947,.T.);
#1020=FACE_BOUND('',#948,.T.);
#1021=FACE_BOUND('',#949,.T.);
#1022=FACE_BOUND('',#950,.T.);
#1023=FACE_BOUND('',#951,.T.);
#1024=FACE_BOUND('',#952,.T.);
#1025=FACE_BOUND('',#953,.T.);
#1026=FACE_BOUND('',#954,.T.);
#1027=FACE_BOUND('',#955,.T.);
#1028=FACE_BOUND('',#956,.T.);
#1029=FACE_BOUND('',#957,.T.);
#1030=FACE_BOUND('',#958,.T.);
#1031=FACE_BOUND('',#959,.T.);
#1032=FACE_BOUND('',#960,.T.);
#1033=FACE_BOUND('',#961,.T.);
#1034=FACE_BOUND('',#962,.T.);
#1035=FACE_BOUND('',#963,.T.);
#1036=FACE_BOUND('',#964,.T.);
#1037=FACE_BOUND('',#965,.T.);
#1038=FACE_BOUND('',#966,.T.);
#1039=FACE_BOUND('',#967,.T.);
#1040=FACE_BOUND('',#968,.T.);
#1041=FACE_BOUND('',#969,.T.);
#1042=FACE_BOUND('',#970,.T.);
#1043=FACE_BOUND('',#971,.T.);
#1044=FACE_BOUND('',#972,.T.);
#1045=FACE_BOUND('',#973,.T.);
#1046=FACE_BOUND('',#974,.T.);
#1047=FACE_BOUND('',#975,.T.);
#1048=FACE_BOUND('',#976,.T.);
#1049=FACE_BOUND('',#977,.T.);
#1050=FACE_BOUND('',#978,.T.);
#1051=FACE_BOUND('',#979,.T.);
#1052=FACE_BOUND('',#980,.T.);
#1053=FACE_BOUND('',#981,.T.);
#1054=FACE_BOUND('',#982,.T.);
#1055=FACE_BOUND('',#983,.T.);
#1056=FACE_BOUND('',#984,.T.);
#1057=FACE_BOUND('',#985,.T.);
#1058=FACE_BOUND('',#986,.T.);
#1059=FACE_BOUND('',#987,.T.);
#1060=FACE_BOUND('',#988,.T.);
#1061=FACE_BOUND('',#989,.T.);
#1062=FACE_BOUND('',#990,.T.);
#1063=FACE_BOUND('',#991,.T.);
#1064=FACE_BOUND('',#992,.T.);
#1065=FACE_BOUND('',#993,.T.);
#1066=FACE_BOUND('',#994,.T.);
#1067=FACE_BOUND('',#995,.T.);
#1068=FACE_BOUND('',#996,.T.);
#1069=FACE_BOUND('',#997,.T.);
#1070=PLANE('',#1165);
#1071=PLANE('',#1177);
#1072=PLANE('',#1181);
#1073=PLANE('',#1185);
#1074=PLANE('',#1189);
#1075=PLANE('',#1193);
#1076=PLANE('',#1197);
#1077=PLANE('',#1201);
#1078=PLANE('',#1205);
#1079=PLANE('',#1206);
#1080=PLANE('',#1215);
#1081=ADVANCED_FACE('',(#998,#999),#1070,.T.);
#1082=ADVANCED_FACE('',(#1000),#46,.F.);
#1083=ADVANCED_FACE('',(#1001),#1071,.F.);
#1084=ADVANCED_FACE('',(#1002),#47,.T.);
#1085=ADVANCED_FACE('',(#1003),#1072,.T.);
#1086=ADVANCED_FACE('',(#1004),#48,.T.);
#1087=ADVANCED_FACE('',(#1005),#1073,.T.);
#1088=ADVANCED_FACE('',(#1006),#49,.T.);
#1089=ADVANCED_FACE('',(#1007),#1074,.F.);
#1090=ADVANCED_FACE('',(#1008),#50,.T.);
#1091=ADVANCED_FACE('',(#1009),#1075,.F.);
#1092=ADVANCED_FACE('',(#1010),#51,.F.);
#1093=ADVANCED_FACE('',(#1011),#1076,.T.);
#1094=ADVANCED_FACE('',(#1012),#52,.T.);
#1095=ADVANCED_FACE('',(#1013),#1077,.F.);
#1096=ADVANCED_FACE('',(#1014),#53,.T.);
#1097=ADVANCED_FACE('',(#1015),#1078,.F.);
#1098=ADVANCED_FACE('',(#1016),#1079,.F.);
#1099=ADVANCED_FACE('',(#1017),#1080,.T.);
#1100=ADVANCED_FACE('',(#1018),#30,.T.);
#1101=ADVANCED_FACE('',(#1019),#54,.T.);
#1102=ADVANCED_FACE('',(#1020),#55,.T.);
#1103=ADVANCED_FACE('',(#1021),#31,.T.);
#1104=ADVANCED_FACE('',(#1022),#32,.T.);
#1105=ADVANCED_FACE('',(#1023),#56,.T.);
#1106=ADVANCED_FACE('',(#1024),#57,.T.);
#1107=ADVANCED_FACE('',(#1025),#33,.T.);
#1108=ADVANCED_FACE('',(#1026),#34,.T.);
#1109=ADVANCED_FACE('',(#1027),#58,.T.);
#1110=ADVANCED_FACE('',(#1028),#59,.T.);
#1111=ADVANCED_FACE('',(#1029),#35,.T.);
#1112=ADVANCED_FACE('',(#1030),#36,.T.);
#1113=ADVANCED_FACE('',(#1031),#60,.T.);
#1114=ADVANCED_FACE('',(#1032),#61,.T.);
#1115=ADVANCED_FACE('',(#1033),#37,.T.);
#1116=ADVANCED_FACE('',(#1034),#62,.T.);
#1117=ADVANCED_FACE('',(#1035),#17,.T.);
#1118=ADVANCED_FACE('',(#1036),#18,.T.);
#1119=ADVANCED_FACE('',(#1037),#19,.T.);
#1120=ADVANCED_FACE('',(#1038),#20,.T.);
#1121=ADVANCED_FACE('',(#1039),#21,.T.);
#1122=ADVANCED_FACE('',(#1040),#22,.T.);
#1123=ADVANCED_FACE('',(#1041),#23,.T.);
#1124=ADVANCED_FACE('',(#1042),#24,.T.);
#1125=ADVANCED_FACE('',(#1043),#25,.T.);
#1126=ADVANCED_FACE('',(#1044),#26,.T.);
#1127=ADVANCED_FACE('',(#1045),#27,.T.);
#1128=ADVANCED_FACE('',(#1046),#28,.T.);
#1129=ADVANCED_FACE('',(#1047),#29,.T.);
#1130=ADVANCED_FACE('',(#1048),#63,.T.);
#1131=ADVANCED_FACE('',(#1049),#64,.T.);
#1132=ADVANCED_FACE('',(#1050),#65,.T.);
#1133=ADVANCED_FACE('',(#1051),#66,.T.);
#1134=ADVANCED_FACE('',(#1052),#67,.T.);
#1135=ADVANCED_FACE('',(#1053),#68,.T.);
#1136=ADVANCED_FACE('',(#1054),#38,.T.);
#1137=ADVANCED_FACE('',(#1055),#69,.T.);
#1138=ADVANCED_FACE('',(#1056),#70,.T.);
#1139=ADVANCED_FACE('',(#1057),#39,.T.);
#1140=ADVANCED_FACE('',(#1058),#40,.T.);
#1141=ADVANCED_FACE('',(#1059),#71,.T.);
#1142=ADVANCED_FACE('',(#1060),#72,.T.);
#1143=ADVANCED_FACE('',(#1061),#41,.T.);
#1144=ADVANCED_FACE('',(#1062),#42,.T.);
#1145=ADVANCED_FACE('',(#1063),#73,.T.);
#1146=ADVANCED_FACE('',(#1064),#74,.T.);
#1147=ADVANCED_FACE('',(#1065),#43,.T.);
#1148=ADVANCED_FACE('',(#1066),#44,.T.);
#1149=ADVANCED_FACE('',(#1067),#75,.T.);
#1150=ADVANCED_FACE('',(#1068),#76,.T.);
#1151=ADVANCED_FACE('',(#1069),#45,.T.);
#1152=CLOSED_SHELL('',(#1081,#1082,#1083,#1084,#1085,#1086,#1087,#1088,
#1089,#1090,#1091,#1092,#1093,#1094,#1095,#1096,#1097,#1098,#1099,#1100,
#1101,#1102,#1103,#1104,#1105,#1106,#1107,#1108,#1109,#1110,#1111,#1112,
#1113,#1114,#1115,#1116,#1117,#1118,#1119,#1120,#1121,#1122,#1123,#1124,
#1125,#1126,#1127,#1128,#1129,#1130,#1131,#1132,#1133,#1134,#1135,#1136,
#1137,#1138,#1139,#1140,#1141,#1142,#1143,#1144,#1145,#1146,#1147,#1148,
#1149,#1150,#1151));
#1153=STYLED_ITEM('',(#1154),#1161);
#1154=PRESENTATION_STYLE_ASSIGNMENT((#1155));
#1155=SURFACE_STYLE_USAGE(.BOTH.,#1156);
#1156=SURFACE_SIDE_STYLE('',(#1157));
#1157=SURFACE_STYLE_FILL_AREA(#1158);
#1158=FILL_AREA_STYLE('',(#1159));
#1159=FILL_AREA_STYLE_COLOUR('',#1160);
#1160=COLOUR_RGB('',0.231372549019608,0.380392156862745,0.705882352941177);
#1161=MANIFOLD_SOLID_BREP('CALIBRATION_spacer_2',#1152);
#1162=SHAPE_DEFINITION_REPRESENTATION(#2249,#1163);
#1163=SHAPE_REPRESENTATION('CALIBRATION_spacer_2',(#1164),#2244);
#1164=AXIS2_PLACEMENT_3D('',#1643,#1303,#1304);
#1165=AXIS2_PLACEMENT_3D('',#1644,#1305,#1306);
#1166=AXIS2_PLACEMENT_3D('',#1730,#1315,#1316);
#1167=AXIS2_PLACEMENT_3D('',#1734,#1318,#1319);
#1168=AXIS2_PLACEMENT_3D('',#1738,#1321,#1322);
#1169=AXIS2_PLACEMENT_3D('',#1742,#1324,#1325);
#1170=AXIS2_PLACEMENT_3D('',#1746,#1327,#1328);
#1171=AXIS2_PLACEMENT_3D('',#1750,#1330,#1331);
#1172=AXIS2_PLACEMENT_3D('',#1754,#1333,#1334);
#1173=AXIS2_PLACEMENT_3D('',#1758,#1336,#1337);
#1174=AXIS2_PLACEMENT_3D('',#1759,#1338,#1339);
#1175=AXIS2_PLACEMENT_3D('',#1763,#1341,#1342);
#1176=AXIS2_PLACEMENT_3D('',#1767,#1344,#1345);
#1177=AXIS2_PLACEMENT_3D('',#1768,#1346,#1347);
#1178=AXIS2_PLACEMENT_3D('',#1774,#1351,#1352);
#1179=AXIS2_PLACEMENT_3D('',#1775,#1353,#1354);
#1180=AXIS2_PLACEMENT_3D('',#1779,#1356,#1357);
#1181=AXIS2_PLACEMENT_3D('',#1780,#1358,#1359);
#1182=AXIS2_PLACEMENT_3D('',#1786,#1363,#1364);
#1183=AXIS2_PLACEMENT_3D('',#1787,#1365,#1366);
#1184=AXIS2_PLACEMENT_3D('',#1791,#1368,#1369);
#1185=AXIS2_PLACEMENT_3D('',#1792,#1370,#1371);
#1186=AXIS2_PLACEMENT_3D('',#1798,#1375,#1376);
#1187=AXIS2_PLACEMENT_3D('',#1799,#1377,#1378);
#1188=AXIS2_PLACEMENT_3D('',#1803,#1380,#1381);
#1189=AXIS2_PLACEMENT_3D('',#1804,#1382,#1383);
#1190=AXIS2_PLACEMENT_3D('',#1810,#1387,#1388);
#1191=AXIS2_PLACEMENT_3D('',#1811,#1389,#1390);
#1192=AXIS2_PLACEMENT_3D('',#1815,#1392,#1393);
#1193=AXIS2_PLACEMENT_3D('',#1816,#1394,#1395);
#1194=AXIS2_PLACEMENT_3D('',#1822,#1399,#1400);
#1195=AXIS2_PLACEMENT_3D('',#1823,#1401,#1402);
#1196=AXIS2_PLACEMENT_3D('',#1827,#1404,#1405);
#1197=AXIS2_PLACEMENT_3D('',#1828,#1406,#1407);
#1198=AXIS2_PLACEMENT_3D('',#1834,#1411,#1412);
#1199=AXIS2_PLACEMENT_3D('',#1835,#1413,#1414);
#1200=AXIS2_PLACEMENT_3D('',#1839,#1416,#1417);
#1201=AXIS2_PLACEMENT_3D('',#1840,#1418,#1419);
#1202=AXIS2_PLACEMENT_3D('',#1846,#1423,#1424);
#1203=AXIS2_PLACEMENT_3D('',#1847,#1425,#1426);
#1204=AXIS2_PLACEMENT_3D('',#1851,#1428,#1429);
#1205=AXIS2_PLACEMENT_3D('',#1852,#1430,#1431);
#1206=AXIS2_PLACEMENT_3D('',#1855,#1434,#1435);
#1207=AXIS2_PLACEMENT_3D('',#1859,#1437,#1438);
#1208=AXIS2_PLACEMENT_3D('',#1863,#1440,#1441);
#1209=AXIS2_PLACEMENT_3D('',#1867,#1443,#1444);
#1210=AXIS2_PLACEMENT_3D('',#1871,#1446,#1447);
#1211=AXIS2_PLACEMENT_3D('',#1875,#1449,#1450);
#1212=AXIS2_PLACEMENT_3D('',#1879,#1452,#1453);
#1213=AXIS2_PLACEMENT_3D('',#1883,#1455,#1456);
#1214=AXIS2_PLACEMENT_3D('',#1887,#1458,#1459);
#1215=AXIS2_PLACEMENT_3D('',#1888,#1460,#1461);
#1216=AXIS2_PLACEMENT_3D('',#1955,#1469,#1470);
#1217=AXIS2_PLACEMENT_3D('',#1956,#1471,#1472);
#1218=AXIS2_PLACEMENT_3D('',#1957,#1473,#1474);
#1219=AXIS2_PLACEMENT_3D('',#1958,#1475,#1476);
#1220=AXIS2_PLACEMENT_3D('',#1959,#1477,#1478);
#1221=AXIS2_PLACEMENT_3D('',#1960,#1479,#1480);
#1222=AXIS2_PLACEMENT_3D('',#1961,#1481,#1482);
#1223=AXIS2_PLACEMENT_3D('',#1962,#1483,#1484);
#1224=AXIS2_PLACEMENT_3D('',#1963,#1485,#1486);
#1225=AXIS2_PLACEMENT_3D('',#1964,#1487,#1488);
#1226=AXIS2_PLACEMENT_3D('',#1965,#1489,#1490);
#1227=AXIS2_PLACEMENT_3D('',#1966,#1491,#1492);
#1228=AXIS2_PLACEMENT_3D('',#1967,#1493,#1494);
#1229=AXIS2_PLACEMENT_3D('',#1968,#1495,#1496);
#1230=AXIS2_PLACEMENT_3D('',#1969,#1497,#1498);
#1231=AXIS2_PLACEMENT_3D('',#1970,#1499,#1500);
#1232=AXIS2_PLACEMENT_3D('',#1971,#1501,#1502);
#1233=AXIS2_PLACEMENT_3D('',#1972,#1503,#1504);
#1234=AXIS2_PLACEMENT_3D('',#1973,#1505,#1506);
#1235=AXIS2_PLACEMENT_3D('',#1974,#1507,#1508);
#1236=AXIS2_PLACEMENT_3D('',#1975,#1509,#1510);
#1237=AXIS2_PLACEMENT_3D('',#1976,#1511,#1512);
#1238=AXIS2_PLACEMENT_3D('',#1977,#1513,#1514);
#1239=AXIS2_PLACEMENT_3D('',#1978,#1515,#1516);
#1240=AXIS2_PLACEMENT_3D('',#1979,#1517,#1518);
#1241=AXIS2_PLACEMENT_3D('',#1980,#1519,#1520);
#1242=AXIS2_PLACEMENT_3D('',#1981,#1521,#1522);
#1243=AXIS2_PLACEMENT_3D('',#1982,#1523,#1524);
#1244=AXIS2_PLACEMENT_3D('',#1983,#1525,#1526);
#1245=AXIS2_PLACEMENT_3D('',#1984,#1527,#1528);
#1246=AXIS2_PLACEMENT_3D('',#1985,#1529,#1530);
#1247=AXIS2_PLACEMENT_3D('',#1986,#1531,#1532);
#1248=AXIS2_PLACEMENT_3D('',#1987,#1533,#1534);
#1249=AXIS2_PLACEMENT_3D('',#2016,#1535,#1536);
#1250=AXIS2_PLACEMENT_3D('',#2035,#1537,#1538);
#1251=AXIS2_PLACEMENT_3D('',#2048,#1539,#1540);
#1252=AXIS2_PLACEMENT_3D('',#2064,#1541,#1542);
#1253=AXIS2_PLACEMENT_3D('',#2077,#1543,#1544);
#1254=AXIS2_PLACEMENT_3D('',#2093,#1545,#1546);
#1255=AXIS2_PLACEMENT_3D('',#2106,#1547,#1548);
#1256=AXIS2_PLACEMENT_3D('',#2122,#1549,#1550);
#1257=AXIS2_PLACEMENT_3D('',#2138,#1551,#1552);
#1258=AXIS2_PLACEMENT_3D('',#2151,#1553,#1554);
#1259=AXIS2_PLACEMENT_3D('',#2164,#1555,#1556);
#1260=AXIS2_PLACEMENT_3D('',#2200,#1557,#1558);
#1261=AXIS2_PLACEMENT_3D('',#2201,#1559,#1560);
#1262=AXIS2_PLACEMENT_3D('',#2202,#1561,#1562);
#1263=AXIS2_PLACEMENT_3D('',#2203,#1563,#1564);
#1264=AXIS2_PLACEMENT_3D('',#2204,#1565,#1566);
#1265=AXIS2_PLACEMENT_3D('',#2205,#1567,#1568);
#1266=AXIS2_PLACEMENT_3D('',#2206,#1569,#1570);
#1267=AXIS2_PLACEMENT_3D('',#2207,#1571,#1572);
#1268=AXIS2_PLACEMENT_3D('',#2208,#1573,#1574);
#1269=AXIS2_PLACEMENT_3D('',#2209,#1575,#1576);
#1270=AXIS2_PLACEMENT_3D('',#2210,#1577,#1578);
#1271=AXIS2_PLACEMENT_3D('',#2211,#1579,#1580);
#1272=AXIS2_PLACEMENT_3D('',#2212,#1581,#1582);
#1273=AXIS2_PLACEMENT_3D('',#2213,#1583,#1584);
#1274=AXIS2_PLACEMENT_3D('',#2214,#1585,#1586);
#1275=AXIS2_PLACEMENT_3D('',#2215,#1587,#1588);
#1276=AXIS2_PLACEMENT_3D('',#2216,#1589,#1590);
#1277=AXIS2_PLACEMENT_3D('',#2217,#1591,#1592);
#1278=AXIS2_PLACEMENT_3D('',#2218,#1593,#1594);
#1279=AXIS2_PLACEMENT_3D('',#2219,#1595,#1596);
#1280=AXIS2_PLACEMENT_3D('',#2220,#1597,#1598);
#1281=AXIS2_PLACEMENT_3D('',#2221,#1599,#1600);
#1282=AXIS2_PLACEMENT_3D('',#2222,#1601,#1602);
#1283=AXIS2_PLACEMENT_3D('',#2223,#1603,#1604);
#1284=AXIS2_PLACEMENT_3D('',#2224,#1605,#1606);
#1285=AXIS2_PLACEMENT_3D('',#2225,#1607,#1608);
#1286=AXIS2_PLACEMENT_3D('',#2226,#1609,#1610);
#1287=AXIS2_PLACEMENT_3D('',#2227,#1611,#1612);
#1288=AXIS2_PLACEMENT_3D('',#2228,#1613,#1614);
#1289=AXIS2_PLACEMENT_3D('',#2229,#1615,#1616);
#1290=AXIS2_PLACEMENT_3D('',#2230,#1617,#1618);
#1291=AXIS2_PLACEMENT_3D('',#2231,#1619,#1620);
#1292=AXIS2_PLACEMENT_3D('',#2232,#1621,#1622);
#1293=AXIS2_PLACEMENT_3D('',#2233,#1623,#1624);
#1294=AXIS2_PLACEMENT_3D('',#2234,#1625,#1626);
#1295=AXIS2_PLACEMENT_3D('',#2235,#1627,#1628);
#1296=AXIS2_PLACEMENT_3D('',#2236,#1629,#1630);
#1297=AXIS2_PLACEMENT_3D('',#2237,#1631,#1632);
#1298=AXIS2_PLACEMENT_3D('',#2238,#1633,#1634);
#1299=AXIS2_PLACEMENT_3D('',#2239,#1635,#1636);
#1300=AXIS2_PLACEMENT_3D('',#2240,#1637,#1638);
#1301=AXIS2_PLACEMENT_3D('',#2241,#1639,#1640);
#1302=AXIS2_PLACEMENT_3D('',#2242,#1641,#1642);
#1303=DIRECTION('',(0.,0.,1.));
#1304=DIRECTION('',(1.,0.,0.));
#1305=DIRECTION('',(0.,0.,1.));
#1306=DIRECTION('',(1.,0.,0.));
#1307=DIRECTION('',(1.,0.,0.));
#1308=DIRECTION('',(0.,-1.,0.));
#1309=DIRECTION('',(-1.,0.,0.));
#1310=DIRECTION('',(0.,1.,0.));
#1311=DIRECTION('',(0.684203930617309,0.729290738545215,0.));
#1312=DIRECTION('',(-1.,0.,0.));
#1313=DIRECTION('',(-0.6878922563076,-0.725812815891287,0.));
#1314=DIRECTION('',(1.,0.,0.));
#1315=DIRECTION('',(0.,0.,1.));
#1316=DIRECTION('',(1.,0.,0.));
#1317=DIRECTION('',(-1.44560289664734E-16,-1.,0.));
#1318=DIRECTION('',(0.,0.,1.));
#1319=DIRECTION('',(1.,0.,0.));
#1320=DIRECTION('',(1.,0.,0.));
#1321=DIRECTION('',(0.,0.,1.));
#1322=DIRECTION('',(1.,0.,0.));
#1323=DIRECTION('',(0.,-1.,0.));
#1324=DIRECTION('',(0.,0.,1.));
#1325=DIRECTION('',(1.,0.,0.));
#1326=DIRECTION('',(1.,0.,0.));
#1327=DIRECTION('',(0.,0.,1.));
#1328=DIRECTION('',(1.,0.,0.));
#1329=DIRECTION('',(0.,1.,0.));
#1330=DIRECTION('',(0.,0.,1.));
#1331=DIRECTION('',(1.,0.,0.));
#1332=DIRECTION('',(1.,0.,0.));
#1333=DIRECTION('',(0.,0.,1.));
#1334=DIRECTION('',(1.,0.,0.));
#1335=DIRECTION('',(0.,1.,0.));
#1336=DIRECTION('',(0.,0.,1.));
#1337=DIRECTION('',(1.,0.,0.));
#1338=DIRECTION('',(0.,0.,1.));
#1339=DIRECTION('',(1.,0.,0.));
#1340=DIRECTION('',(0.,0.,1.));
#1341=DIRECTION('',(0.,0.,1.));
#1342=DIRECTION('',(1.,0.,0.));
#1343=DIRECTION('',(0.,0.,1.));
#1344=DIRECTION('',(0.,0.,1.));
#1345=DIRECTION('',(1.,0.,0.));
#1346=DIRECTION('',(0.,-1.,0.));
#1347=DIRECTION('',(0.,0.,-1.));
#1348=DIRECTION('',(1.,0.,0.));
#1349=DIRECTION('',(0.,0.,1.));
#1350=DIRECTION('',(1.,0.,0.));
#1351=DIRECTION('',(0.,0.,1.));
#1352=DIRECTION('',(1.,0.,0.));
#1353=DIRECTION('',(0.,0.,1.));
#1354=DIRECTION('',(1.,0.,0.));
#1355=DIRECTION('',(0.,0.,1.));
#1356=DIRECTION('',(0.,0.,1.));
#1357=DIRECTION('',(1.,0.,0.));
#1358=DIRECTION('',(-1.,1.44560289664734E-16,0.));
#1359=DIRECTION('',(-1.44560289664734E-16,-1.,0.));
#1360=DIRECTION('',(-1.44560289664734E-16,-1.,0.));
#1361=DIRECTION('',(0.,0.,1.));
#1362=DIRECTION('',(-1.44560289664734E-16,-1.,0.));
#1363=DIRECTION('',(0.,0.,1.));
#1364=DIRECTION('',(1.,0.,0.));
#1365=DIRECTION('',(0.,0.,1.));
#1366=DIRECTION('',(1.,0.,0.));
#1367=DIRECTION('',(0.,0.,1.));
#1368=DIRECTION('',(0.,0.,1.));
#1369=DIRECTION('',(1.,0.,0.));
#1370=DIRECTION('',(0.,-1.,0.));
#1371=DIRECTION('',(0.,0.,-1.));
#1372=DIRECTION('',(1.,0.,0.));
#1373=DIRECTION('',(0.,0.,1.));
#1374=DIRECTION('',(1.,0.,0.));
#1375=DIRECTION('',(0.,0.,1.));
#1376=DIRECTION('',(1.,0.,0.));
#1377=DIRECTION('',(0.,0.,1.));
#1378=DIRECTION('',(1.,0.,0.));
#1379=DIRECTION('',(0.,0.,1.));
#1380=DIRECTION('',(0.,0.,1.));
#1381=DIRECTION('',(1.,0.,0.));
#1382=DIRECTION('',(-1.,0.,0.));
#1383=DIRECTION('',(0.,0.,1.));
#1384=DIRECTION('',(0.,-1.,0.));
#1385=DIRECTION('',(0.,0.,1.));
#1386=DIRECTION('',(0.,-1.,0.));
#1387=DIRECTION('',(0.,0.,1.));
#1388=DIRECTION('',(1.,0.,0.));
#1389=DIRECTION('',(0.,0.,1.));
#1390=DIRECTION('',(1.,0.,0.));
#1391=DIRECTION('',(0.,0.,1.));
#1392=DIRECTION('',(0.,0.,1.));
#1393=DIRECTION('',(1.,0.,0.));
#1394=DIRECTION('',(0.,-1.,0.));
#1395=DIRECTION('',(0.,0.,-1.));
#1396=DIRECTION('',(1.,0.,0.));
#1397=DIRECTION('',(0.,0.,1.));
#1398=DIRECTION('',(1.,0.,0.));
#1399=DIRECTION('',(0.,0.,1.));
#1400=DIRECTION('',(1.,0.,0.));
#1401=DIRECTION('',(0.,0.,1.));
#1402=DIRECTION('',(1.,0.,0.));
#1403=DIRECTION('',(0.,0.,1.));
#1404=DIRECTION('',(0.,0.,1.));
#1405=DIRECTION('',(1.,0.,0.));
#1406=DIRECTION('',(1.,0.,0.));
#1407=DIRECTION('',(0.,0.,-1.));
#1408=DIRECTION('',(0.,1.,0.));
#1409=DIRECTION('',(0.,0.,1.));
#1410=DIRECTION('',(0.,1.,0.));
#1411=DIRECTION('',(0.,0.,1.));
#1412=DIRECTION('',(1.,0.,0.));
#1413=DIRECTION('',(0.,0.,1.));
#1414=DIRECTION('',(1.,0.,0.));
#1415=DIRECTION('',(0.,0.,1.));
#1416=DIRECTION('',(0.,0.,1.));
#1417=DIRECTION('',(1.,0.,0.));
#1418=DIRECTION('',(0.,-1.,0.));
#1419=DIRECTION('',(0.,0.,-1.));
#1420=DIRECTION('',(1.,0.,0.));
#1421=DIRECTION('',(0.,0.,1.));
#1422=DIRECTION('',(1.,0.,0.));
#1423=DIRECTION('',(0.,0.,1.));
#1424=DIRECTION('',(1.,0.,0.));
#1425=DIRECTION('',(0.,0.,1.));
#1426=DIRECTION('',(1.,0.,0.));
#1427=DIRECTION('',(0.,0.,1.));
#1428=DIRECTION('',(0.,0.,1.));
#1429=DIRECTION('',(1.,0.,0.));
#1430=DIRECTION('',(1.,0.,0.));
#1431=DIRECTION('',(0.,0.,-1.));
#1432=DIRECTION('',(0.,1.,0.));
#1433=DIRECTION('',(0.,1.,0.));
#1434=DIRECTION('',(0.,0.,1.));
#1435=DIRECTION('',(1.,0.,0.));
#1436=DIRECTION('',(-1.44560289664734E-16,-1.,0.));
#1437=DIRECTION('',(0.,0.,1.));
#1438=DIRECTION('',(1.,0.,0.));
#1439=DIRECTION('',(1.,0.,0.));
#1440=DIRECTION('',(0.,0.,1.));
#1441=DIRECTION('',(1.,0.,0.));
#1442=DIRECTION('',(0.,1.,0.));
#1443=DIRECTION('',(0.,0.,1.));
#1444=DIRECTION('',(1.,0.,0.));
#1445=DIRECTION('',(1.,0.,0.));
#1446=DIRECTION('',(0.,0.,1.));
#1447=DIRECTION('',(1.,0.,0.));
#1448=DIRECTION('',(0.,1.,0.));
#1449=DIRECTION('',(0.,0.,1.));
#1450=DIRECTION('',(1.,0.,0.));
#1451=DIRECTION('',(1.,0.,0.));
#1452=DIRECTION('',(0.,0.,1.));
#1453=DIRECTION('',(1.,0.,0.));
#1454=DIRECTION('',(0.,-1.,0.));
#1455=DIRECTION('',(0.,0.,1.));
#1456=DIRECTION('',(1.,0.,0.));
#1457=DIRECTION('',(1.,0.,0.));
#1458=DIRECTION('',(0.,0.,1.));
#1459=DIRECTION('',(1.,0.,0.));
#1460=DIRECTION('',(0.,0.,1.));
#1461=DIRECTION('',(1.,0.,0.));
#1462=DIRECTION('',(-1.,0.,0.));
#1463=DIRECTION('',(0.,-1.,0.));
#1464=DIRECTION('',(1.,0.,0.));
#1465=DIRECTION('',(-0.6878922563076,-0.725812815891287,0.));
#1466=DIRECTION('',(-1.,0.,0.));
#1467=DIRECTION('',(0.684203930617309,0.729290738545215,0.));
#1468=DIRECTION('',(0.,1.,0.));
#1469=DIRECTION('',(0.,0.,1.));
#1470=DIRECTION('',(1.,0.,0.));
#1471=DIRECTION('',(1.,0.,0.));
#1472=DIRECTION('',(0.,0.,-1.));
#1473=DIRECTION('',(0.,1.,0.));
#1474=DIRECTION('',(0.,0.,1.));
#1475=DIRECTION('',(0.,-1.,0.));
#1476=DIRECTION('',(0.,0.,-1.));
#1477=DIRECTION('',(0.,1.,0.));
#1478=DIRECTION('',(0.,0.,1.));
#1479=DIRECTION('',(1.,0.,0.));
#1480=DIRECTION('',(0.,0.,-1.));
#1481=DIRECTION('',(1.,0.,0.));
#1482=DIRECTION('',(0.,0.,-1.));
#1483=DIRECTION('',(0.,0.,1.));
#1484=DIRECTION('',(1.,0.,0.));
#1485=DIRECTION('',(-1.,0.,0.));
#1486=DIRECTION('',(0.,0.,1.));
#1487=DIRECTION('',(0.,0.,1.));
#1488=DIRECTION('',(1.,0.,0.));
#1489=DIRECTION('',(0.,-1.,0.));
#1490=DIRECTION('',(0.,0.,-1.));
#1491=DIRECTION('',(1.,0.,0.));
#1492=DIRECTION('',(0.,0.,-1.));
#1493=DIRECTION('',(-1.,0.,0.));
#1494=DIRECTION('',(0.,0.,1.));
#1495=DIRECTION('',(0.,-1.,0.));
#1496=DIRECTION('',(0.,0.,-1.));
#1497=DIRECTION('',(0.,-1.,0.));
#1498=DIRECTION('',(0.,0.,-1.));
#1499=DIRECTION('',(0.,0.,1.));
#1500=DIRECTION('',(1.,0.,0.));
#1501=DIRECTION('',(0.,-1.,0.));
#1502=DIRECTION('',(0.,0.,-1.));
#1503=DIRECTION('',(0.,0.,1.));
#1504=DIRECTION('',(1.,0.,0.));
#1505=DIRECTION('',(-1.,0.,0.));
#1506=DIRECTION('',(0.,0.,1.));
#1507=DIRECTION('',(0.,1.,0.));
#1508=DIRECTION('',(0.,0.,1.));
#1509=DIRECTION('',(0.,-1.,0.));
#1510=DIRECTION('',(0.,0.,-1.));
#1511=DIRECTION('',(-1.,0.,0.));
#1512=DIRECTION('',(0.,0.,1.));
#1513=DIRECTION('',(-1.,0.,0.));
#1514=DIRECTION('',(0.,0.,1.));
#1515=DIRECTION('',(0.,0.,1.));
#1516=DIRECTION('',(1.,0.,0.));
#1517=DIRECTION('',(-1.,0.,0.));
#1518=DIRECTION('',(0.,0.,1.));
#1519=DIRECTION('',(0.,0.,1.));
#1520=DIRECTION('',(1.,0.,0.));
#1521=DIRECTION('',(0.,1.,0.));
#1522=DIRECTION('',(0.,0.,1.));
#1523=DIRECTION('',(1.,0.,0.));
#1524=DIRECTION('',(0.,0.,-1.));
#1525=DIRECTION('',(-1.,0.,0.));
#1526=DIRECTION('',(0.,0.,1.));
#1527=DIRECTION('',(1.44560289664734E-16,1.,0.));
#1528=DIRECTION('',(-1.,1.44560289664734E-16,0.));
#1529=DIRECTION('',(0.,1.,0.));
#1530=DIRECTION('',(0.,0.,1.));
#1531=DIRECTION('',(0.,0.,1.));
#1532=DIRECTION('',(1.,0.,0.));
#1533=DIRECTION('',(-1.,0.,0.));
#1534=DIRECTION('',(0.,0.,1.));
#1535=DIRECTION('',(0.499795109164128,0.866143665251682,0.));
#1536=DIRECTION('',(-0.866143665251682,0.499795109164128,0.));
#1537=DIRECTION('',(0.642508851805176,0.766278262351213,0.));
#1538=DIRECTION('',(-0.766278262351213,0.642508851805176,0.));
#1539=DIRECTION('',(0.880159053021075,0.47467888238792,0.));
#1540=DIRECTION('',(-0.47467888238792,0.880159053021075,0.));
#1541=DIRECTION('',(1.,0.,0.));
#1542=DIRECTION('',(0.,0.,-1.));
#1543=DIRECTION('',(1.,0.,0.));
#1544=DIRECTION('',(0.,0.,-1.));
#1545=DIRECTION('',(0.662480451009359,-0.749079202775271,0.));
#1546=DIRECTION('',(0.749079202775271,0.662480451009359,0.));
#1547=DIRECTION('',(0.755336601934684,-0.655337026100131,0.));
#1548=DIRECTION('',(0.655337026100131,0.755336601934685,0.));
#1549=DIRECTION('',(0.,-1.,0.));
#1550=DIRECTION('',(0.,0.,-1.));
#1551=DIRECTION('',(0.,-1.,0.));
#1552=DIRECTION('',(0.,0.,-1.));
#1553=DIRECTION('',(-0.507553593121295,-0.86162018901002,0.));
#1554=DIRECTION('',(0.86162018901002,-0.507553593121295,0.));
#1555=DIRECTION('',(-0.447213595499958,-0.894427190999916,0.));
#1556=DIRECTION('',(0.894427190999916,-0.447213595499958,0.));
#1557=DIRECTION('',(0.684203930617309,0.729290738545215,0.));
#1558=DIRECTION('',(-0.729290738545215,0.684203930617309,0.));
#1559=DIRECTION('',(0.367905736198,0.929863091682108,0.));
#1560=DIRECTION('',(0.929863091682108,-0.367905736198,0.));
#1561=DIRECTION('',(-0.6878922563076,-0.725812815891287,0.));
#1562=DIRECTION('',(0.725812815891287,-0.6878922563076,0.));
#1563=DIRECTION('',(0.395036544950211,-0.918665405985117,0.));
#1564=DIRECTION('',(-0.918665405985117,-0.395036544950211,0.));
#1565=DIRECTION('',(0.,1.,0.));
#1566=DIRECTION('',(0.,0.,1.));
#1567=DIRECTION('',(-0.707106781186548,0.707106781186548,0.));
#1568=DIRECTION('',(0.707106781186548,0.707106781186548,0.));
#1569=DIRECTION('',(1.,0.,0.));
#1570=DIRECTION('',(0.,0.,-1.));
#1571=DIRECTION('',(0.707106781186548,-0.707106781186548,0.));
#1572=DIRECTION('',(-0.707106781186548,-0.707106781186548,0.));
#1573=DIRECTION('',(-1.,0.,0.));
#1574=DIRECTION('',(0.,0.,1.));
#1575=DIRECTION('',(-0.707106781186548,-0.707106781186548,0.));
#1576=DIRECTION('',(0.707106781186548,-0.707106781186548,0.));
#1577=DIRECTION('',(0.,-1.,0.));
#1578=DIRECTION('',(0.,0.,-1.));
#1579=DIRECTION('',(0.,0.,1.));
#1580=DIRECTION('',(1.,0.,0.));
#1581=DIRECTION('',(1.,0.,0.));
#1582=DIRECTION('',(0.,0.,-1.));
#1583=DIRECTION('',(0.,1.,0.));
#1584=DIRECTION('',(0.,0.,1.));
#1585=DIRECTION('',(0.,1.,0.));
#1586=DIRECTION('',(0.,0.,1.));
#1587=DIRECTION('',(0.,1.,0.));
#1588=DIRECTION('',(0.,0.,1.));
#1589=DIRECTION('',(-1.,0.,0.));
#1590=DIRECTION('',(0.,0.,1.));
#1591=DIRECTION('',(1.,0.,0.));
#1592=DIRECTION('',(0.,0.,-1.));
#1593=DIRECTION('',(0.,0.,1.));
#1594=DIRECTION('',(1.,0.,0.));
#1595=DIRECTION('',(-1.,0.,0.));
#1596=DIRECTION('',(0.,0.,1.));
#1597=DIRECTION('',(0.,0.,1.));
#1598=DIRECTION('',(1.,0.,0.));
#1599=DIRECTION('',(0.,-1.,0.));
#1600=DIRECTION('',(0.,0.,-1.));
#1601=DIRECTION('',(-1.,0.,0.));
#1602=DIRECTION('',(0.,0.,1.));
#1603=DIRECTION('',(-1.,0.,0.));
#1604=DIRECTION('',(0.,0.,1.));
#1605=DIRECTION('',(0.,1.,0.));
#1606=DIRECTION('',(0.,0.,1.));
#1607=DIRECTION('',(0.,-1.,0.));
#1608=DIRECTION('',(0.,0.,-1.));
#1609=DIRECTION('',(0.,0.,1.));
#1610=DIRECTION('',(1.,0.,0.));
#1611=DIRECTION('',(0.,-1.,0.));
#1612=DIRECTION('',(0.,0.,-1.));
#1613=DIRECTION('',(0.,0.,1.));
#1614=DIRECTION('',(1.,0.,0.));
#1615=DIRECTION('',(-1.,0.,0.));
#1616=DIRECTION('',(0.,0.,1.));
#1617=DIRECTION('',(0.,-1.,0.));
#1618=DIRECTION('',(0.,0.,-1.));
#1619=DIRECTION('',(0.,-1.,0.));
#1620=DIRECTION('',(0.,0.,-1.));
#1621=DIRECTION('',(1.,0.,0.));
#1622=DIRECTION('',(0.,0.,-1.));
#1623=DIRECTION('',(-1.,0.,0.));
#1624=DIRECTION('',(0.,0.,1.));
#1625=DIRECTION('',(0.,0.,1.));
#1626=DIRECTION('',(1.,0.,0.));
#1627=DIRECTION('',(-1.,0.,0.));
#1628=DIRECTION('',(0.,0.,1.));
#1629=DIRECTION('',(0.,0.,1.));
#1630=DIRECTION('',(1.,0.,0.));
#1631=DIRECTION('',(0.,1.,0.));
#1632=DIRECTION('',(0.,0.,1.));
#1633=DIRECTION('',(-1.,0.,0.));
#1634=DIRECTION('',(0.,0.,1.));
#1635=DIRECTION('',(-1.,0.,0.));
#1636=DIRECTION('',(0.,0.,1.));
#1637=DIRECTION('',(-1.44560289664734E-16,-1.,0.));
#1638=DIRECTION('',(1.,-1.44560289664734E-16,0.));
#1639=DIRECTION('',(0.,1.,0.));
#1640=DIRECTION('',(0.,0.,1.));
#1641=DIRECTION('',(0.,0.,1.));
#1642=DIRECTION('',(1.,0.,0.));
#1643=CARTESIAN_POINT('',(0.,0.,0.));
#1644=CARTESIAN_POINT('',(0.0525,-0.0425,0.));
#1645=CARTESIAN_POINT('',(0.0525,-0.0300201388888889,0.));
#1646=CARTESIAN_POINT('',(0.0349731767702234,-0.0300201388888889,0.));
#1647=CARTESIAN_POINT('',(0.0386877604166666,-0.0300201388888889,0.));
#1648=CARTESIAN_POINT('',(0.0386877604166666,-0.0425,0.));
#1649=CARTESIAN_POINT('',(0.0386877604166666,-0.0324,0.));
#1650=CARTESIAN_POINT('',(0.0525,-0.0324,0.));
#1651=CARTESIAN_POINT('',(0.0311190972222222,-0.0324,0.));
#1652=CARTESIAN_POINT('',(0.0311190972222222,-0.0425,0.));
#1653=CARTESIAN_POINT('',(0.0311190972222222,-0.0304984217031457,0.));
#1654=CARTESIAN_POINT('',(0.0351396559205897,-0.0262129212970733,0.));
#1655=CARTESIAN_POINT('',(0.0344201376530151,-0.0269798534722259,0.));
#1656=CARTESIAN_POINT('',(0.0344201376530151,-0.0269798534722259,0.));
#1657=CARTESIAN_POINT('',(0.034758761718525,-0.0266098109352241,0.));
#1658=CARTESIAN_POINT('',(0.0350874089711009,-0.0262269077443476,0.));
#1659=CARTESIAN_POINT('',(0.0353422008827294,-0.0257943743960848,0.));
#1660=CARTESIAN_POINT('',(0.0353422008827294,-0.0257943743960848,0.));
#1661=CARTESIAN_POINT('',(0.0353422008827294,-0.0257943743960848,0.));
#1662=CARTESIAN_POINT('',(0.0354884824935487,-0.0255460475378555,0.));
#1663=CARTESIAN_POINT('',(0.0356026041666667,-0.0252707027369017,0.));
#1664=CARTESIAN_POINT('',(0.0356026041666667,-0.0249817708333334,0.));
#1665=CARTESIAN_POINT('',(0.0356026041666667,-0.0249817708333334,0.));
#1666=CARTESIAN_POINT('',(0.0356026041666667,-0.0249817708333334,0.));
#1667=CARTESIAN_POINT('',(0.0356026041666667,-0.0247067988638322,0.));
#1668=CARTESIAN_POINT('',(0.035554100465989,-0.0244187083772326,0.));
#1669=CARTESIAN_POINT('',(0.0353709412355565,-0.0242116067637371,0.));
#1670=CARTESIAN_POINT('',(0.0353709412355565,-0.0242116067637371,0.));
#1671=CARTESIAN_POINT('',(0.0353709412355565,-0.0242116067637371,0.));
#1672=CARTESIAN_POINT('',(0.0352113547365074,-0.02403115928442,0.));
#1673=CARTESIAN_POINT('',(0.0349595261676308,-0.0239711805555556,0.));
#1674=CARTESIAN_POINT('',(0.0347200520833333,-0.0239711805555556,0.));
#1675=CARTESIAN_POINT('',(0.0347200520833333,-0.0239711805555556,0.));
#1676=CARTESIAN_POINT('',(0.0347200520833333,-0.0239711805555556,0.));
#1677=CARTESIAN_POINT('',(0.0344414192007003,-0.0239711805555556,0.));
#1678=CARTESIAN_POINT('',(0.0341597225447795,-0.0240700245569324,0.));
#1679=CARTESIAN_POINT('',(0.033979471374385,-0.0242849983323888,0.));
#1680=CARTESIAN_POINT('',(0.033979471374385,-0.0242849983323888,0.));
#1681=CARTESIAN_POINT('',(0.033979471374385,-0.0242849983323888,0.));
#1682=CARTESIAN_POINT('',(0.033827049753524,-0.0244667816252569,0.));
#1683=CARTESIAN_POINT('',(0.0336631240042207,-0.024920855953205,-1.0842021724855E-19));
#1684=CARTESIAN_POINT('',(0.0336899305555556,-0.0253958697400968,0.));
#1685=CARTESIAN_POINT('',(0.0336899305555556,-0.0256313368055556,0.));
#1686=CARTESIAN_POINT('',(0.0336899305555556,-0.0256313368055556,0.));
#1687=CARTESIAN_POINT('',(0.0525,-0.0256313368055556,0.));
#1688=CARTESIAN_POINT('',(0.0309237847222223,-0.0256313368055556,0.));
#1689=CARTESIAN_POINT('',(0.0309237847222223,-0.0256313368055556,0.));
#1690=CARTESIAN_POINT('',(0.0309237847222223,-0.0252429653813761,0.));
#1691=CARTESIAN_POINT('',(0.0309268301562403,-0.0244588787068744,-1.0842021724855E-19));
#1692=CARTESIAN_POINT('',(0.0312134751412113,-0.0237215674329714,0.));
#1693=CARTESIAN_POINT('',(0.031408099825566,-0.0233842833452232,0.));
#1694=CARTESIAN_POINT('',(0.031408099825566,-0.0233842833452232,0.));
#1695=CARTESIAN_POINT('',(0.031408099825566,-0.0233842833452232,0.));
#1696=CARTESIAN_POINT('',(0.0317312394395678,-0.0228242832081117,0.));
#1697=CARTESIAN_POINT('',(0.0322134774652568,-0.0223680300031076,0.));
#1698=CARTESIAN_POINT('',(0.0327821336553782,-0.0220613478371249,0.));
#1699=CARTESIAN_POINT('',(0.0327821336553782,-0.0220613478371249,0.));
#1700=CARTESIAN_POINT('',(0.0327821336553782,-0.0220613478371249,0.));
#1701=CARTESIAN_POINT('',(0.0333851752122804,-0.0217361212871265,0.));
#1702=CARTESIAN_POINT('',(0.0340702440630878,-0.0215891493055555,0.));
#1703=CARTESIAN_POINT('',(0.0347547743055555,-0.0215891493055555,0.));
#1704=CARTESIAN_POINT('',(0.0347547743055555,-0.0215891493055555,0.));
#1705=CARTESIAN_POINT('',(0.0347547743055556,-0.0215891493055556,0.));
#1706=CARTESIAN_POINT('',(0.0356985951217016,-0.0215891493055556,0.));
#1707=CARTESIAN_POINT('',(0.0366710001777602,-0.0217984880715183,0.));
#1708=CARTESIAN_POINT('',(0.0373867007826623,-0.0224194365397817,0.));
#1709=CARTESIAN_POINT('',(0.0373867007826623,-0.0224194365397817,0.));
#1710=CARTESIAN_POINT('',(0.0373867007826623,-0.0224194365397817,0.));
#1711=CARTESIAN_POINT('',(0.037723439994703,-0.0227115945965008,0.));
#1712=CARTESIAN_POINT('',(0.0382383080306665,-0.0234498680266122,0.));
#1713=CARTESIAN_POINT('',(0.03836875,-0.0243458670848865,0.));
#1714=CARTESIAN_POINT('',(0.03836875,-0.0247907986111111,0.));
#1715=CARTESIAN_POINT('',(0.03836875,-0.0247907986111111,0.));
#1716=CARTESIAN_POINT('',(0.03836875,-0.0247907986111111,0.));
#1717=CARTESIAN_POINT('',(0.03836875,-0.0253723033768754,0.));
#1718=CARTESIAN_POINT('',(0.0382065609683057,-0.0259431108099441,0.));
#1719=CARTESIAN_POINT('',(0.0379467465708444,-0.0264627396048666,0.));
#1720=CARTESIAN_POINT('',(0.0379467465708444,-0.0264627396048666,0.));
#1721=CARTESIAN_POINT('',(0.0379467465708444,-0.0264627396048666,0.));
#1722=CARTESIAN_POINT('',(0.037600818477506,-0.0271545957915435,0.));
#1723=CARTESIAN_POINT('',(0.0371010068721485,-0.0277546841348801,0.));
#1724=CARTESIAN_POINT('',(0.0365797072433723,-0.0283250472581293,0.));
#1725=CARTESIAN_POINT('',(0.0365797072433723,-0.0283250472581293,0.));
#1726=CARTESIAN_POINT('',(0.0370358374139047,-0.0278437725810975,0.));
#1727=CARTESIAN_POINT('',(0.023,-0.0354,0.));
#1728=CARTESIAN_POINT('',(0.0245,-0.0354,0.));
#1729=CARTESIAN_POINT('',(0.023,-0.0354,0.));
#1730=CARTESIAN_POINT('',(0.023,-0.038,0.));
#1731=CARTESIAN_POINT('',(0.0204,-0.038,0.));
#1732=CARTESIAN_POINT('',(0.0204,-0.0425,0.));
#1733=CARTESIAN_POINT('',(0.0204,-0.062,0.));
#1734=CARTESIAN_POINT('',(0.023,-0.062,0.));
#1735=CARTESIAN_POINT('',(0.023,-0.0646,0.));
#1736=CARTESIAN_POINT('',(0.0525,-0.0646,0.));
#1737=CARTESIAN_POINT('',(0.047,-0.0646,0.));
#1738=CARTESIAN_POINT('',(0.047,-0.062,0.));
#1739=CARTESIAN_POINT('',(0.0496,-0.062,0.));
#1740=CARTESIAN_POINT('',(0.0496,-0.038,0.));
#1741=CARTESIAN_POINT('',(0.0496,-0.038,0.));
#1742=CARTESIAN_POINT('',(0.047,-0.038,0.));
#1743=CARTESIAN_POINT('',(0.047,-0.0354,0.));
#1744=CARTESIAN_POINT('',(0.0455,-0.0354,0.));
#1745=CARTESIAN_POINT('',(0.0455,-0.0354,0.));
#1746=CARTESIAN_POINT('',(0.0455,-0.032,0.));
#1747=CARTESIAN_POINT('',(0.0421,-0.032,0.));
#1748=CARTESIAN_POINT('',(0.0421,-0.0425,0.));
#1749=CARTESIAN_POINT('',(0.0421,-0.023,0.));
#1750=CARTESIAN_POINT('',(0.0395,-0.023,0.));
#1751=CARTESIAN_POINT('',(0.0395,-0.0204,0.));
#1752=CARTESIAN_POINT('',(0.0305,-0.0204,0.));
#1753=CARTESIAN_POINT('',(0.0305,-0.0204,0.));
#1754=CARTESIAN_POINT('',(0.0305,-0.023,0.));
#1755=CARTESIAN_POINT('',(0.0279,-0.023,0.));
#1756=CARTESIAN_POINT('',(0.0279,-0.032,0.));
#1757=CARTESIAN_POINT('',(0.0279,-0.032,0.));
#1758=CARTESIAN_POINT('',(0.0245,-0.032,0.));
#1759=CARTESIAN_POINT('',(0.0245,-0.032,-0.002));
#1760=CARTESIAN_POINT('',(0.0275,-0.032,-0.002));
#1761=CARTESIAN_POINT('',(0.0275,-0.032,-0.0016));
#1762=CARTESIAN_POINT('',(0.0275,-0.032,-0.0004));
#1763=CARTESIAN_POINT('',(0.0245,-0.032,-0.0016));
#1764=CARTESIAN_POINT('',(0.0245,-0.035,-0.0016));
#1765=CARTESIAN_POINT('',(0.0245,-0.035,-0.002));
#1766=CARTESIAN_POINT('',(0.0245,-0.035,-0.0004));
#1767=CARTESIAN_POINT('',(0.0245,-0.032,-0.0004));
#1768=CARTESIAN_POINT('',(0.02375,-0.035,-0.002));
#1769=CARTESIAN_POINT('',(0.02375,-0.035,-0.0016));
#1770=CARTESIAN_POINT('',(0.023,-0.035,-0.0016));
#1771=CARTESIAN_POINT('',(0.023,-0.035,-0.002));
#1772=CARTESIAN_POINT('',(0.023,-0.035,-0.0004));
#1773=CARTESIAN_POINT('',(0.0245,-0.035,-0.0004));
#1774=CARTESIAN_POINT('',(0.023,-0.038,-0.002));
#1775=CARTESIAN_POINT('',(0.023,-0.038,-0.0016));
#1776=CARTESIAN_POINT('',(0.02,-0.038,-0.0016));
#1777=CARTESIAN_POINT('',(0.02,-0.038,-0.002));
#1778=CARTESIAN_POINT('',(0.02,-0.038,-0.0004));
#1779=CARTESIAN_POINT('',(0.023,-0.038,-0.0004));
#1780=CARTESIAN_POINT('',(0.02,-0.05,-0.002));
#1781=CARTESIAN_POINT('',(0.02,-0.062,-0.0016));
#1782=CARTESIAN_POINT('',(0.02,-0.062,-0.0016));
#1783=CARTESIAN_POINT('',(0.02,-0.062,-0.002));
#1784=CARTESIAN_POINT('',(0.02,-0.062,-0.0004));
#1785=CARTESIAN_POINT('',(0.02,-0.05,-0.0004));
#1786=CARTESIAN_POINT('',(0.023,-0.062,-0.002));
#1787=CARTESIAN_POINT('',(0.023,-0.062,-0.0016));
#1788=CARTESIAN_POINT('',(0.023,-0.065,-0.0016));
#1789=CARTESIAN_POINT('',(0.023,-0.065,-0.002));
#1790=CARTESIAN_POINT('',(0.023,-0.065,-0.0004));
#1791=CARTESIAN_POINT('',(0.023,-0.062,-0.0004));
#1792=CARTESIAN_POINT('',(0.035,-0.065,-0.002));
#1793=CARTESIAN_POINT('',(0.047,-0.065,-0.0016));
#1794=CARTESIAN_POINT('',(0.047,-0.065,-0.0016));
#1795=CARTESIAN_POINT('',(0.047,-0.065,-0.002));
#1796=CARTESIAN_POINT('',(0.047,-0.065,-0.0004));
#1797=CARTESIAN_POINT('',(0.035,-0.065,-0.0004));
#1798=CARTESIAN_POINT('',(0.047,-0.062,-0.002));
#1799=CARTESIAN_POINT('',(0.047,-0.062,-0.0016));
#1800=CARTESIAN_POINT('',(0.05,-0.062,-0.0016));
#1801=CARTESIAN_POINT('',(0.05,-0.062,-0.002));
#1802=CARTESIAN_POINT('',(0.05,-0.062,-0.0004));
#1803=CARTESIAN_POINT('',(0.047,-0.062,-0.0004));
#1804=CARTESIAN_POINT('',(0.05,-0.05,-0.002));
#1805=CARTESIAN_POINT('',(0.05,-0.05,-0.0016));
#1806=CARTESIAN_POINT('',(0.05,-0.038,-0.0016));
#1807=CARTESIAN_POINT('',(0.05,-0.038,-0.002));
#1808=CARTESIAN_POINT('',(0.05,-0.038,-0.0004));
#1809=CARTESIAN_POINT('',(0.05,-0.062,-0.0004));
#1810=CARTESIAN_POINT('',(0.047,-0.038,-0.002));
#1811=CARTESIAN_POINT('',(0.047,-0.038,-0.0016));
#1812=CARTESIAN_POINT('',(0.047,-0.035,-0.0016));
#1813=CARTESIAN_POINT('',(0.047,-0.035,-0.002));
#1814=CARTESIAN_POINT('',(0.047,-0.035,-0.0004));
#1815=CARTESIAN_POINT('',(0.047,-0.038,-0.0004));
#1816=CARTESIAN_POINT('',(0.04625,-0.035,-0.002));
#1817=CARTESIAN_POINT('',(0.04625,-0.035,-0.0016));
#1818=CARTESIAN_POINT('',(0.0455,-0.035,-0.0016));
#1819=CARTESIAN_POINT('',(0.0455,-0.035,-0.002));
#1820=CARTESIAN_POINT('',(0.0455,-0.035,-0.0004));
#1821=CARTESIAN_POINT('',(0.047,-0.035,-0.0004));
#1822=CARTESIAN_POINT('',(0.0455,-0.032,-0.002));
#1823=CARTESIAN_POINT('',(0.0455,-0.032,-0.0016));
#1824=CARTESIAN_POINT('',(0.0425,-0.032,-0.0016));
#1825=CARTESIAN_POINT('',(0.0425,-0.032,-0.002));
#1826=CARTESIAN_POINT('',(0.0425,-0.032,-0.0004));
#1827=CARTESIAN_POINT('',(0.0455,-0.032,-0.0004));
#1828=CARTESIAN_POINT('',(0.0425,-0.0275,-0.002));
#1829=CARTESIAN_POINT('',(0.0425,-0.023,-0.0016));
#1830=CARTESIAN_POINT('',(0.0425,-0.023,-0.0016));
#1831=CARTESIAN_POINT('',(0.0425,-0.023,-0.002));
#1832=CARTESIAN_POINT('',(0.0425,-0.023,-0.0004));
#1833=CARTESIAN_POINT('',(0.0425,-0.0275,-0.0004));
#1834=CARTESIAN_POINT('',(0.0395,-0.023,-0.002));
#1835=CARTESIAN_POINT('',(0.0395,-0.023,-0.0016));
#1836=CARTESIAN_POINT('',(0.0395,-0.02,-0.0016));
#1837=CARTESIAN_POINT('',(0.0395,-0.02,-0.002));
#1838=CARTESIAN_POINT('',(0.0395,-0.02,-0.0004));
#1839=CARTESIAN_POINT('',(0.0395,-0.023,-0.0004));
#1840=CARTESIAN_POINT('',(0.035,-0.02,-0.002));
#1841=CARTESIAN_POINT('',(0.035,-0.02,-0.0016));
#1842=CARTESIAN_POINT('',(0.0305,-0.02,-0.0016));
#1843=CARTESIAN_POINT('',(0.0305,-0.02,-0.002));
#1844=CARTESIAN_POINT('',(0.0305,-0.02,-0.0004));
#1845=CARTESIAN_POINT('',(0.0395,-0.02,-0.0004));
#1846=CARTESIAN_POINT('',(0.0305,-0.023,-0.002));
#1847=CARTESIAN_POINT('',(0.0305,-0.023,-0.0016));
#1848=CARTESIAN_POINT('',(0.0275,-0.023,-0.0016));
#1849=CARTESIAN_POINT('',(0.0275,-0.023,-0.002));
#1850=CARTESIAN_POINT('',(0.0275,-0.023,-0.0004));
#1851=CARTESIAN_POINT('',(0.0305,-0.023,-0.0004));
#1852=CARTESIAN_POINT('',(0.0275,-0.0275,-0.002));
#1853=CARTESIAN_POINT('',(0.0275,-0.0275,-0.0016));
#1854=CARTESIAN_POINT('',(0.0275,-0.023,-0.0004));
#1855=CARTESIAN_POINT('',(0.0525,-0.0425,-0.002));
#1856=CARTESIAN_POINT('',(0.0204,-0.038,-0.002));
#1857=CARTESIAN_POINT('',(0.0204,-0.062,-0.002));
#1858=CARTESIAN_POINT('',(0.0204,-0.038,-0.002));
#1859=CARTESIAN_POINT('',(0.023,-0.038,-0.002));
#1860=CARTESIAN_POINT('',(0.023,-0.0354,-0.002));
#1861=CARTESIAN_POINT('',(0.0525,-0.0354,-0.002));
#1862=CARTESIAN_POINT('',(0.0245,-0.0354,-0.002));
#1863=CARTESIAN_POINT('',(0.0245,-0.032,-0.002));
#1864=CARTESIAN_POINT('',(0.0279,-0.032,-0.002));
#1865=CARTESIAN_POINT('',(0.0279,-0.0425,-0.002));
#1866=CARTESIAN_POINT('',(0.0279,-0.023,-0.002));
#1867=CARTESIAN_POINT('',(0.0305,-0.023,-0.002));
#1868=CARTESIAN_POINT('',(0.0305,-0.0204,-0.002));
#1869=CARTESIAN_POINT('',(0.0525,-0.0204,-0.002));
#1870=CARTESIAN_POINT('',(0.0395,-0.0204,-0.002));
#1871=CARTESIAN_POINT('',(0.0395,-0.023,-0.002));
#1872=CARTESIAN_POINT('',(0.0421,-0.023,-0.002));
#1873=CARTESIAN_POINT('',(0.0421,-0.032,-0.002));
#1874=CARTESIAN_POINT('',(0.0421,-0.032,-0.002));
#1875=CARTESIAN_POINT('',(0.0455,-0.032,-0.002));
#1876=CARTESIAN_POINT('',(0.0455,-0.0354,-0.002));
#1877=CARTESIAN_POINT('',(0.0525,-0.0354,-0.002));
#1878=CARTESIAN_POINT('',(0.047,-0.0354,-0.002));
#1879=CARTESIAN_POINT('',(0.047,-0.038,-0.002));
#1880=CARTESIAN_POINT('',(0.0496,-0.038,-0.002));
#1881=CARTESIAN_POINT('',(0.0496,-0.0425,-0.002));
#1882=CARTESIAN_POINT('',(0.0496,-0.062,-0.002));
#1883=CARTESIAN_POINT('',(0.047,-0.062,-0.002));
#1884=CARTESIAN_POINT('',(0.047,-0.0646,-0.002));
#1885=CARTESIAN_POINT('',(0.023,-0.0646,-0.002));
#1886=CARTESIAN_POINT('',(0.023,-0.0646,-0.002));
#1887=CARTESIAN_POINT('',(0.023,-0.062,-0.002));
#1888=CARTESIAN_POINT('',(0.0480539279513889,-0.026068359375,-0.0004));
#1889=CARTESIAN_POINT('',(0.0349034288194445,-0.032,-0.0004));
#1890=CARTESIAN_POINT('',(0.0382877604166666,-0.032,-0.0004));
#1891=CARTESIAN_POINT('',(0.0315190972222223,-0.032,-0.0004));
#1892=CARTESIAN_POINT('',(0.0382877604166666,-0.0312100694444444,-0.0004));
#1893=CARTESIAN_POINT('',(0.0382877604166666,-0.0304201388888889,-0.0004));
#1894=CARTESIAN_POINT('',(0.0361653645833333,-0.0304201388888889,-0.0004));
#1895=CARTESIAN_POINT('',(0.03404296875,-0.0304201388888889,-0.0004));
#1896=CARTESIAN_POINT('',(0.0351649305555555,-0.029236328125,-0.0004));
#1897=CARTESIAN_POINT('',(0.0362868923611111,-0.0280525173611111,-0.0004));
#1898=CARTESIAN_POINT('',(0.0375889756944445,-0.0262838541666667,-0.0004));
#1899=CARTESIAN_POINT('',(0.0372092013888889,-0.0270434027777778,-0.0004));
#1900=CARTESIAN_POINT('',(0.0362868923611111,-0.0280525173611111,-0.0004));
#1901=CARTESIAN_POINT('',(0.0375889756944445,-0.0262838541666667,-0.0004));
#1902=CARTESIAN_POINT('',(0.03796875,-0.0247907986111111,-0.0004));
#1903=CARTESIAN_POINT('',(0.03796875,-0.0255243055555556,-0.0004));
#1904=CARTESIAN_POINT('',(0.0375889756944445,-0.0262838541666667,-0.0004));
#1905=CARTESIAN_POINT('',(0.03796875,-0.0247907986111111,-0.0004));
#1906=CARTESIAN_POINT('',(0.0371245659722223,-0.0227215711805555,-0.0004));
#1907=CARTESIAN_POINT('',(0.03796875,-0.0234539930555555,-0.0004));
#1908=CARTESIAN_POINT('',(0.03796875,-0.0247907986111111,-0.0004));
#1909=CARTESIAN_POINT('',(0.0371245659722223,-0.0227215711805555,-0.0004));
#1910=CARTESIAN_POINT('',(0.0347547743055555,-0.0219891493055555,-0.0004));
#1911=CARTESIAN_POINT('',(0.0362803819444444,-0.0219891493055555,-0.0004));
#1912=CARTESIAN_POINT('',(0.0371245659722223,-0.0227215711805555,-0.0004));
#1913=CARTESIAN_POINT('',(0.0347547743055555,-0.0219891493055555,-0.0004));
#1914=CARTESIAN_POINT('',(0.0329720052083333,-0.0224134114583333,-0.0004));
#1915=CARTESIAN_POINT('',(0.0337586805555556,-0.0219891493055555,-0.0004));
#1916=CARTESIAN_POINT('',(0.0347547743055555,-0.0219891493055555,-0.0004));
#1917=CARTESIAN_POINT('',(0.0329720052083333,-0.0224134114583333,-0.0004));
#1918=CARTESIAN_POINT('',(0.0317545572916667,-0.0235842013888889,-0.0004));
#1919=CARTESIAN_POINT('',(0.0321853298611111,-0.0228376736111111,-0.0004));
#1920=CARTESIAN_POINT('',(0.0329720052083333,-0.0224134114583333,-0.0004));
#1921=CARTESIAN_POINT('',(0.0317545572916667,-0.0235842013888889,-0.0004));
#1922=CARTESIAN_POINT('',(0.0313237847222223,-0.0252313368055555,-0.0004));
#1923=CARTESIAN_POINT('',(0.0313237847222223,-0.0243307291666667,-0.0004));
#1924=CARTESIAN_POINT('',(0.0317545572916667,-0.0235842013888889,-0.0004));
#1925=CARTESIAN_POINT('',(0.0313237847222223,-0.0252313368055555,-0.0004));
#1926=CARTESIAN_POINT('',(0.0323068576388889,-0.0252313368055555,-0.0004));
#1927=CARTESIAN_POINT('',(0.0332899305555556,-0.0252313368055555,-0.0004));
#1928=CARTESIAN_POINT('',(0.0336729600694445,-0.0240279947916667,-0.0004));
#1929=CARTESIAN_POINT('',(0.0332899305555556,-0.0244848090277778,-0.0004));
#1930=CARTESIAN_POINT('',(0.0332899305555556,-0.0252313368055555,-0.0004));
#1931=CARTESIAN_POINT('',(0.0336729600694445,-0.0240279947916667,-0.0004));
#1932=CARTESIAN_POINT('',(0.0347200520833333,-0.0235711805555556,-0.0004));
#1933=CARTESIAN_POINT('',(0.0340559895833333,-0.0235711805555556,-0.0004));
#1934=CARTESIAN_POINT('',(0.0336729600694445,-0.0240279947916667,-0.0004));
#1935=CARTESIAN_POINT('',(0.0347200520833333,-0.0235711805555556,-0.0004));
#1936=CARTESIAN_POINT('',(0.0356705729166666,-0.0239466145833334,-0.0004));
#1937=CARTESIAN_POINT('',(0.0353385416666667,-0.0235711805555556,-0.0004));
#1938=CARTESIAN_POINT('',(0.0347200520833333,-0.0235711805555556,-0.0004));
#1939=CARTESIAN_POINT('',(0.0356705729166666,-0.0239466145833334,-0.0004));
#1940=CARTESIAN_POINT('',(0.0360026041666667,-0.0249817708333334,-0.0004));
#1941=CARTESIAN_POINT('',(0.0360026041666667,-0.0243220486111111,-0.0004));
#1942=CARTESIAN_POINT('',(0.0356705729166666,-0.0239466145833334,-0.0004));
#1943=CARTESIAN_POINT('',(0.0360026041666667,-0.0249817708333334,-0.0004));
#1944=CARTESIAN_POINT('',(0.0356868489583334,-0.0259973958333333,-0.0004));
#1945=CARTESIAN_POINT('',(0.0360026041666667,-0.0254613715277778,-0.0004));
#1946=CARTESIAN_POINT('',(0.0360026041666667,-0.0249817708333334,-0.0004));
#1947=CARTESIAN_POINT('',(0.0356868489583334,-0.0259973958333333,-0.0004));
#1948=CARTESIAN_POINT('',(0.0347135416666667,-0.0272517361111111,-0.0004));
#1949=CARTESIAN_POINT('',(0.03537109375,-0.0265334201388889,-0.0004));
#1950=CARTESIAN_POINT('',(0.0356868489583334,-0.0259973958333333,-0.0004));
#1951=CARTESIAN_POINT('',(0.0347135416666667,-0.0272517361111111,-0.0004));
#1952=CARTESIAN_POINT('',(0.0331163194444444,-0.0289542100694445,-0.0004));
#1953=CARTESIAN_POINT('',(0.0315190972222223,-0.0306566840277778,-0.0004));
#1954=CARTESIAN_POINT('',(0.0315190972222223,-0.0313283420138889,-0.0004));
#1955=CARTESIAN_POINT('',(0.0455,-0.032,-0.0016));
#1956=CARTESIAN_POINT('',(0.0455,-0.0354,-0.0016));
#1957=CARTESIAN_POINT('',(0.0421,-0.032,-0.0016));
#1958=CARTESIAN_POINT('',(0.0421,-0.0275,-0.0016));
#1959=CARTESIAN_POINT('',(0.0421,-0.023,-0.0016));
#1960=CARTESIAN_POINT('',(0.0525,-0.0354,-0.0016));
#1961=CARTESIAN_POINT('',(0.047,-0.0354,-0.0016));
#1962=CARTESIAN_POINT('',(0.0395,-0.023,-0.0016));
#1963=CARTESIAN_POINT('',(0.0395,-0.0204,-0.0016));
#1964=CARTESIAN_POINT('',(0.047,-0.038,-0.0016));
#1965=CARTESIAN_POINT('',(0.0496,-0.038,-0.0016));
#1966=CARTESIAN_POINT('',(0.0525,-0.0204,-0.0016));
#1967=CARTESIAN_POINT('',(0.0305,-0.0204,-0.0016));
#1968=CARTESIAN_POINT('',(0.0496,-0.0425,-0.0016));
#1969=CARTESIAN_POINT('',(0.0496,-0.062,-0.0016));
#1970=CARTESIAN_POINT('',(0.0305,-0.023,-0.0016));
#1971=CARTESIAN_POINT('',(0.0279,-0.023,-0.0016));
#1972=CARTESIAN_POINT('',(0.047,-0.062,-0.0016));
#1973=CARTESIAN_POINT('',(0.047,-0.0646,-0.0016));
#1974=CARTESIAN_POINT('',(0.0279,-0.0425,-0.0016));
#1975=CARTESIAN_POINT('',(0.0279,-0.032,-0.0016));
#1976=CARTESIAN_POINT('',(0.035,-0.0646,-0.0016));
#1977=CARTESIAN_POINT('',(0.023,-0.0646,-0.0016));
#1978=CARTESIAN_POINT('',(0.0245,-0.032,-0.0016));
#1979=CARTESIAN_POINT('',(0.0245,-0.0354,-0.0016));
#1980=CARTESIAN_POINT('',(0.023,-0.062,-0.0016));
#1981=CARTESIAN_POINT('',(0.0204,-0.062,-0.0016));
#1982=CARTESIAN_POINT('',(0.0525,-0.0354,-0.0016));
#1983=CARTESIAN_POINT('',(0.023,-0.0354,-0.0016));
#1984=CARTESIAN_POINT('',(0.0204,-0.05,-0.0016));
#1985=CARTESIAN_POINT('',(0.0204,-0.038,-0.0016));
#1986=CARTESIAN_POINT('',(0.023,-0.038,-0.0016));
#1987=CARTESIAN_POINT('',(0.0525,-0.0256313368055556,-0.0004));
#1988=CARTESIAN_POINT('',(0.0332899305555556,-0.0252313368055555,-0.0004));
#1989=CARTESIAN_POINT('',(0.0332899305555556,-0.0252313368055555,-0.000270924749221611));
#1990=CARTESIAN_POINT('',(0.0334187754401184,-0.0253601816901184,-5.31932195767234E-5));
#1991=CARTESIAN_POINT('',(0.0336002368765888,-0.0255416431265889,1.35525271560688E-20));
#1992=CARTESIAN_POINT('',(0.0336899305555556,-0.0256313368055556,1.35525271560688E-20));
#1993=CARTESIAN_POINT('',(0.0313237847222223,-0.0252313368055555,-0.0004));
#1994=CARTESIAN_POINT('',(0.0313237847222223,-0.0252313368055555,-0.000270924749221604));
#1995=CARTESIAN_POINT('',(0.0311949398376598,-0.0253601816901188,-5.3193219576724E-5));
#1996=CARTESIAN_POINT('',(0.0310134784011881,-0.025541643126588,7.91521179900342E-19));
#1997=CARTESIAN_POINT('',(0.0309237847222223,-0.0256313368055556,1.35525271560688E-20));
#1998=CARTESIAN_POINT('',(0.031408099825566,-0.0233842833452232,-5.42101086242752E-20));
#1999=CARTESIAN_POINT('',(0.0317545572916667,-0.0235842013888889,-5.42101086242752E-20));
#2000=CARTESIAN_POINT('',(0.0317545572916667,-0.0235842013888889,-0.0004));
#2001=CARTESIAN_POINT('',(0.0312123843954562,-0.0237234576873806,-5.42101086242752E-20));
#2002=CARTESIAN_POINT('',(0.0315799959217821,-0.023886715800537,3.17881020804114E-17));
#2003=CARTESIAN_POINT('',(0.0315799959229349,-0.0238867158012,-0.0004));
#2004=CARTESIAN_POINT('',(0.0310028732007224,-0.0242788594136214,6.25880345025723E-19));
#2005=CARTESIAN_POINT('',(0.0313948917638965,-0.0243829966054444,-5.16530106756582E-18));
#2006=CARTESIAN_POINT('',(0.0313948917636345,-0.0243829966052937,-0.000399999999999999));
#2007=CARTESIAN_POINT('',(0.03091376392847,-0.0250583546916028,-2.11912242803985E-19));
#2008=CARTESIAN_POINT('',(0.0313147889942966,-0.0250645612554458,-1.17404728482998E-18));
#2009=CARTESIAN_POINT('',(0.031314788994349,-0.025064561255476,-0.0004));
#2010=CARTESIAN_POINT('',(0.0309237847222223,-0.0254497641084768,0.));
#2011=CARTESIAN_POINT('',(0.0313237847222223,-0.0254497641084768,5.30092831136076E-18));
#2012=CARTESIAN_POINT('',(0.0313237847222223,-0.0254497641084768,-0.0004));
#2013=CARTESIAN_POINT('',(0.0309237847222223,-0.0256453338443025,0.));
#2014=CARTESIAN_POINT('',(0.0313237847222223,-0.0256453338443025,0.));
#2015=CARTESIAN_POINT('',(0.0313237847222223,-0.0256453338443025,-0.0004));
#2016=CARTESIAN_POINT('',(0.031408099825566,-0.0233842833452232,-0.0004));
#2017=CARTESIAN_POINT('',(0.0336729600694445,-0.0240279947916667,-0.0004));
#2018=CARTESIAN_POINT('',(0.0336729600694445,-0.0240279947916667,2.22261445359528E-18));
#2019=CARTESIAN_POINT('',(0.033979471374385,-0.0242849983323888,0.));
#2020=CARTESIAN_POINT('',(0.0334629374910475,-0.0242784749772336,-0.000399999999999948));
#2021=CARTESIAN_POINT('',(0.0334629375026962,-0.0242784749869953,-7.0931041645012E-16));
#2022=CARTESIAN_POINT('',(0.0338261399505321,-0.0244678667165178,0.));
#2023=CARTESIAN_POINT('',(0.0333003599131282,-0.0247370881360331,-0.000400000000000012));
#2024=CARTESIAN_POINT('',(0.0333003599104808,-0.0247370881338145,1.6127014058013E-16));
#2025=CARTESIAN_POINT('',(0.0337004489889945,-0.0248101084039364,-5.91383003173912E-20));
#2026=CARTESIAN_POINT('',(0.033287844684041,-0.0252991934078395,-0.000399999999999998));
#2027=CARTESIAN_POINT('',(0.0332878446845705,-0.0252991934082832,-3.0883089217322E-17));
#2028=CARTESIAN_POINT('',(0.0336878268688678,-0.0252845893542588,9.85638338623186E-20));
#2029=CARTESIAN_POINT('',(0.0332899305555556,-0.0255213673159394,-0.0004));
#2030=CARTESIAN_POINT('',(0.0332899305555556,-0.0255213673159394,-3.21050681226277E-18));
#2031=CARTESIAN_POINT('',(0.0336899305555556,-0.0255213673159394,0.));
#2032=CARTESIAN_POINT('',(0.0332899305555556,-0.0256398141109649,-0.0004));
#2033=CARTESIAN_POINT('',(0.0332899305555556,-0.0256398141109649,0.));
#2034=CARTESIAN_POINT('',(0.0336899305555556,-0.0256398141109649,0.));
#2035=CARTESIAN_POINT('',(0.033979471374385,-0.0242849983323888,-0.0004));
#2036=CARTESIAN_POINT('',(0.0317545572916667,-0.0235842013888889,-0.0004));
#2037=CARTESIAN_POINT('',(0.0317545572916667,-0.0235842013888889,0.));
#2038=CARTESIAN_POINT('',(0.031408099825566,-0.0233842833452232,0.));
#2039=CARTESIAN_POINT('',(0.0320414466969588,-0.0230870227721609,-0.000399999999999965));
#2040=CARTESIAN_POINT('',(0.0320414466942345,-0.0230870227705918,5.25738445254428E-17));
#2041=CARTESIAN_POINT('',(0.03173123943459,-0.0228242832047277,0.));
#2042=CARTESIAN_POINT('',(0.0324612245990459,-0.0226888807248594,-0.0004));
#2043=CARTESIAN_POINT('',(0.032461224596775,-0.0226888807207912,2.88651936180795E-15));
#2044=CARTESIAN_POINT('',(0.0322134774605508,-0.0223680299964851,5.42101086242752E-20));
#2045=CARTESIAN_POINT('',(0.0329720052083333,-0.0224134114583333,-0.0004));
#2046=CARTESIAN_POINT('',(0.0329720052083333,-0.0224134114583333,-2.98155597433514E-18));
#2047=CARTESIAN_POINT('',(0.0327821336553782,-0.0220613478371249,5.42101086242752E-20));
#2048=CARTESIAN_POINT('',(0.0327821336553782,-0.0220613478371249,-0.0004));
#2049=CARTESIAN_POINT('',(0.0347200520833333,-0.0235711805555556,-0.0004));
#2050=CARTESIAN_POINT('',(0.0347200520833333,-0.0235711805555556,0.));
#2051=CARTESIAN_POINT('',(0.0347200520833333,-0.0239711805555556,0.));
#2052=CARTESIAN_POINT('',(0.0345443290307537,-0.0235711805555556,-0.00039999999999997));
#2053=CARTESIAN_POINT('',(0.0345443290307844,-0.023571180486252,-6.79712347523028E-16));
#2054=CARTESIAN_POINT('',(0.0345807356357465,-0.0239711805197762,0.));
#2055=CARTESIAN_POINT('',(0.0341635046020937,-0.0236121413800131,-0.000400000000000015));
#2056=CARTESIAN_POINT('',(0.0341635046489166,-0.0236121414539396,6.48396128769064E-16));
#2057=CARTESIAN_POINT('',(0.0343032953219887,-0.0240064211227841,-2.16840434497101E-19));
#2058=CARTESIAN_POINT('',(0.0337992508684655,-0.0238773760200297,-0.0004));
#2059=CARTESIAN_POINT('',(0.033799250774789,-0.0238773759414803,-6.17513590884097E-16));
#2060=CARTESIAN_POINT('',(0.0340695969253522,-0.0241775114084454,0.));
#2061=CARTESIAN_POINT('',(0.0336729600694445,-0.0240279947916667,-0.0004));
#2062=CARTESIAN_POINT('',(0.0336729600694445,-0.0240279947916667,2.22261445359528E-18));
#2063=CARTESIAN_POINT('',(0.033979471374385,-0.0242849983323888,0.));
#2064=CARTESIAN_POINT('',(0.0347200520833333,-0.0239711805555556,-0.0004));
#2065=CARTESIAN_POINT('',(0.0329720052083333,-0.0224134114583333,-0.0004));
#2066=CARTESIAN_POINT('',(0.0329720052083333,-0.0224134114583333,-3.03576608295941E-18));
#2067=CARTESIAN_POINT('',(0.0327821336553782,-0.0220613478371249,0.));
#2068=CARTESIAN_POINT('',(0.0335112173249948,-0.0221226087857614,-0.0004));
#2069=CARTESIAN_POINT('',(0.0335112173258715,-0.0221226087875433,3.11689994117701E-15));
#2070=CARTESIAN_POINT('',(0.033385175213092,-0.0217361212889687,0.));
#2071=CARTESIAN_POINT('',(0.034124172640486,-0.0219891493055555,-0.0004));
#2072=CARTESIAN_POINT('',(0.0341241726403392,-0.0219891492986896,3.55894259792293E-15));
#2073=CARTESIAN_POINT('',(0.0340702440621442,-0.0215891492961448,0.));
#2074=CARTESIAN_POINT('',(0.0347547743055555,-0.0219891493055555,-0.0004));
#2075=CARTESIAN_POINT('',(0.0347547743055555,-0.0219891493055555,-3.46944695195361E-18));
#2076=CARTESIAN_POINT('',(0.0347547743055555,-0.0215891493055555,0.));
#2077=CARTESIAN_POINT('',(0.0347547743055555,-0.0215891493055555,-0.0004));
#2078=CARTESIAN_POINT('',(0.0356705729166666,-0.0239466145833333,-0.0004));
#2079=CARTESIAN_POINT('',(0.0356705729166666,-0.0239466145833334,5.42101086242752E-20));
#2080=CARTESIAN_POINT('',(0.0353709412355565,-0.0242116067637371,5.42101086242752E-20));
#2081=CARTESIAN_POINT('',(0.0355441427689903,-0.0238036576189673,-0.0004));
#2082=CARTESIAN_POINT('',(0.0355441428934335,-0.0238036575089099,-6.47519120068647E-18));
#2083=CARTESIAN_POINT('',(0.0352911480162383,-0.024121382989149,5.42101086242752E-20));
#2084=CARTESIAN_POINT('',(0.0351858890690735,-0.0235919930219216,-0.0004));
#2085=CARTESIAN_POINT('',(0.035185889006852,-0.0235919931105611,-8.21715114342974E-18));
#2086=CARTESIAN_POINT('',(0.0350809037682224,-0.0239943350848641,0.));
#2087=CARTESIAN_POINT('',(0.034869032511439,-0.0235711805555556,-0.0004));
#2088=CARTESIAN_POINT('',(0.0348690325114389,-0.0235711804883338,9.68222698322289E-18));
#2089=CARTESIAN_POINT('',(0.034839789129783,-0.0239711805182405,-5.42101086242752E-20));
#2090=CARTESIAN_POINT('',(0.0347200520833333,-0.0235711805555556,-0.0004));
#2091=CARTESIAN_POINT('',(0.0347200520833333,-0.0235711805555556,-5.42101086242752E-20));
#2092=CARTESIAN_POINT('',(0.0347200520833333,-0.0239711805555556,-5.42101086242752E-20));
#2093=CARTESIAN_POINT('',(0.0353709412355565,-0.0242116067637371,-0.0004));
#2094=CARTESIAN_POINT('',(0.0347547743055555,-0.0219891493055555,-0.0004));
#2095=CARTESIAN_POINT('',(0.0347547743055555,-0.0219891493055555,-3.46944695195361E-18));
#2096=CARTESIAN_POINT('',(0.0347547743055555,-0.0215891493055555,0.));
#2097=CARTESIAN_POINT('',(0.0356427111035126,-0.0219891493055555,-0.0004));
#2098=CARTESIAN_POINT('',(0.0356427111032414,-0.021989149291693,6.52002074610216E-15));
#2099=CARTESIAN_POINT('',(0.0356985951212769,-0.021589149288731,0.));
#2100=CARTESIAN_POINT('',(0.0365076266768609,-0.0221863089384362,-0.0004));
#2101=CARTESIAN_POINT('',(0.0365076266733832,-0.022186308942155,3.6957106078384E-15));
#2102=CARTESIAN_POINT('',(0.0366710001733545,-0.0217984880769113,0.));
#2103=CARTESIAN_POINT('',(0.0371245659722222,-0.0227215711805556,-0.0004));
#2104=CARTESIAN_POINT('',(0.0371245659722222,-0.0227215711805556,-2.60208521396521E-18));
#2105=CARTESIAN_POINT('',(0.0373867007826623,-0.0224194365397817,0.));
#2106=CARTESIAN_POINT('',(0.0373867007826623,-0.0224194365397817,-0.0004));
#2107=CARTESIAN_POINT('',(0.0360026041666667,-0.0249817708333334,-0.0004));
#2108=CARTESIAN_POINT('',(0.0360026041666667,-0.0249817708333334,0.));
#2109=CARTESIAN_POINT('',(0.0356026041666667,-0.0249817708333334,0.));
#2110=CARTESIAN_POINT('',(0.0360026041666667,-0.024819530919376,-0.0004));
#2111=CARTESIAN_POINT('',(0.0360026042078458,-0.0248195309193767,0.));
#2112=CARTESIAN_POINT('',(0.0356026041929408,-0.0248442848467775,0.));
#2113=CARTESIAN_POINT('',(0.0359784527423381,-0.0244822584623473,-0.0004));
#2114=CARTESIAN_POINT('',(0.0359784527203404,-0.024482258463593,-1.0842021724855E-19));
#2115=CARTESIAN_POINT('',(0.0355787972403081,-0.0245676621072474,-1.0842021724855E-19));
#2116=CARTESIAN_POINT('',(0.0358110279471768,-0.0241054297485507,-0.0004));
#2117=CARTESIAN_POINT('',(0.0358110279499931,-0.0241054297460586,0.));
#2118=CARTESIAN_POINT('',(0.0354625208497202,-0.0243151575713602,0.));
#2119=CARTESIAN_POINT('',(0.0356705729166666,-0.0239466145833333,-0.0004));
#2120=CARTESIAN_POINT('',(0.0356705729166666,-0.0239466145833334,0.));
#2121=CARTESIAN_POINT('',(0.0353709412355565,-0.0242116067637371,0.));
#2122=CARTESIAN_POINT('',(0.0356026041666667,-0.0249817708333334,-0.0004));
#2123=CARTESIAN_POINT('',(0.0371245659722222,-0.0227215711805556,-0.0004));
#2124=CARTESIAN_POINT('',(0.0371245659722222,-0.0227215711805556,-2.60208521396521E-18));
#2125=CARTESIAN_POINT('',(0.0373867007826623,-0.0224194365397817,0.));
#2126=CARTESIAN_POINT('',(0.0374144395736054,-0.0229730681997504,-0.000400000000000024));
#2127=CARTESIAN_POINT('',(0.0374144395718141,-0.0229730682016815,1.64079439085965E-15));
#2128=CARTESIAN_POINT('',(0.0377234399951395,-0.0227115945961582,0.));
#2129=CARTESIAN_POINT('',(0.0378481602964154,-0.0235923303128894,-0.000399999999999988));
#2130=CARTESIAN_POINT('',(0.0378481602930442,-0.0235923303119254,-7.96277409062834E-16));
#2131=CARTESIAN_POINT('',(0.0382383080244963,-0.0234498680272634,0.));
#2132=CARTESIAN_POINT('',(0.03796875,-0.0243842746488131,-0.0004));
#2133=CARTESIAN_POINT('',(0.0379687500085336,-0.02438427464881,-4.82395727339937E-17));
#2134=CARTESIAN_POINT('',(0.0383687500119048,-0.024345867083929,0.));
#2135=CARTESIAN_POINT('',(0.03796875,-0.0247907986111111,-0.0004));
#2136=CARTESIAN_POINT('',(0.03796875,-0.0247907986111111,0.));
#2137=CARTESIAN_POINT('',(0.03836875,-0.0247907986111111,0.));
#2138=CARTESIAN_POINT('',(0.03836875,-0.0247907986111111,-0.0004));
#2139=CARTESIAN_POINT('',(0.0356868489583334,-0.0259973958333334,-0.0004));
#2140=CARTESIAN_POINT('',(0.0356868489583334,-0.0259973958333334,1.73472347597681E-18));
#2141=CARTESIAN_POINT('',(0.0353422008827294,-0.0257943743960848,0.));
#2142=CARTESIAN_POINT('',(0.0358541794713284,-0.0257133364745034,-0.0004));
#2143=CARTESIAN_POINT('',(0.0358541795137155,-0.0257133364994775,-7.48210152782673E-16));
#2144=CARTESIAN_POINT('',(0.0354884825239529,-0.0255460475527082,0.));
#2145=CARTESIAN_POINT('',(0.0360026041666667,-0.0253800502792064,-0.0004));
#2146=CARTESIAN_POINT('',(0.0360026039914246,-0.0253800502792081,0.));
#2147=CARTESIAN_POINT('',(0.0356026040746292,-0.0252707027267995,0.));
#2148=CARTESIAN_POINT('',(0.0360026041666667,-0.0249817708333334,-0.0004));
#2149=CARTESIAN_POINT('',(0.0360026041666667,-0.0249817708333334,0.));
#2150=CARTESIAN_POINT('',(0.0356026041666667,-0.0249817708333334,0.));
#2151=CARTESIAN_POINT('',(0.0353422008827294,-0.0257943743960848,-0.0004));
#2152=CARTESIAN_POINT('',(0.03796875,-0.0247907986111111,-0.0004));
#2153=CARTESIAN_POINT('',(0.03796875,-0.0247907986111111,-5.42101086242752E-20));
#2154=CARTESIAN_POINT('',(0.03836875,-0.0247907986111111,-5.42101086242752E-20));
#2155=CARTESIAN_POINT('',(0.03796875,-0.0253003668438513,-0.0004));
#2156=CARTESIAN_POINT('',(0.0379687499943436,-0.0253003668438497,-5.42101086242752E-20));
#2157=CARTESIAN_POINT('',(0.0383687499925998,-0.0253723033763383,-5.42101086242752E-20));
#2158=CARTESIAN_POINT('',(0.037827124230357,-0.0258075570948416,-0.0004));
#2159=CARTESIAN_POINT('',(0.0378271242375621,-0.0258075570984324,1.82508272529555E-15));
#2160=CARTESIAN_POINT('',(0.0382065609789217,-0.0259431108141331,0.));
#2161=CARTESIAN_POINT('',(0.0375889756944444,-0.0262838541666666,-0.0004));
#2162=CARTESIAN_POINT('',(0.0375889756944444,-0.0262838541666666,-1.57209315010398E-18));
#2163=CARTESIAN_POINT('',(0.0379467465708444,-0.0264627396048666,0.));
#2164=CARTESIAN_POINT('',(0.0379467465708444,-0.0264627396048666,-0.0004));
#2165=CARTESIAN_POINT('',(0.0353422008827294,-0.0257943743960848,0.));
#2166=CARTESIAN_POINT('',(0.0356868489583334,-0.0259973958333334,1.73472347597681E-18));
#2167=CARTESIAN_POINT('',(0.0356868489583334,-0.0259973958333334,-0.0004));
#2168=CARTESIAN_POINT('',(0.0350854637503441,-0.0262302097811522,0.));
#2169=CARTESIAN_POINT('',(0.0354001922900338,-0.0264840224037946,-1.31448435220229E-15));
#2170=CARTESIAN_POINT('',(0.0354001923834168,-0.0264840224587931,-0.0004));
#2171=CARTESIAN_POINT('',(0.0347536471619536,-0.0266155249093777,0.));
#2172=CARTESIAN_POINT('',(0.0350486937522417,-0.026885612875714,0.));
#2173=CARTESIAN_POINT('',(0.0350486937522417,-0.0268856128757139,-0.0004));
#2174=CARTESIAN_POINT('',(0.0344123890667226,-0.0269883184061487,0.));
#2175=CARTESIAN_POINT('',(0.0347074356570105,-0.0272584063724847,0.));
#2176=CARTESIAN_POINT('',(0.0347074356570105,-0.0272584063724847,-0.0004));
#2177=CARTESIAN_POINT('',(0.0347135416666667,-0.0272517361111111,-0.0004));
#2178=CARTESIAN_POINT('',(0.0347135416666667,-0.0272517361111111,-0.000188638522409501));
#2179=CARTESIAN_POINT('',(0.0345731298805597,-0.0271216125389392,3.61894636064142E-14));
#2180=CARTESIAN_POINT('',(0.034420137652965,-0.0269798534721777,1.35523917363923E-20));
#2181=CARTESIAN_POINT('',(0.0375889756944444,-0.0262838541666666,-0.0004));
#2182=CARTESIAN_POINT('',(0.0375889756944444,-0.0262838541666666,-1.57209315010398E-18));
#2183=CARTESIAN_POINT('',(0.0379467465708444,-0.0264627396048666,0.));
#2184=CARTESIAN_POINT('',(0.0374313118196493,-0.0265991819162568,-0.0004));
#2185=CARTESIAN_POINT('',(0.0374313118028166,-0.0265991819078299,1.22176937281354E-15));
#2186=CARTESIAN_POINT('',(0.0377727444752218,-0.0268107437386145,0.));
#2187=CARTESIAN_POINT('',(0.0370191537799014,-0.0272150513408137,-0.0004));
#2188=CARTESIAN_POINT('',(0.0370191537883176,-0.0272150513450274,-6.10884686406772E-16));
#2189=CARTESIAN_POINT('',(0.0373384254015175,-0.0274575032340781,0.));
#2190=CARTESIAN_POINT('',(0.0365372716211909,-0.0277785729942003,-0.0004));
#2191=CARTESIAN_POINT('',(0.0365372716211912,-0.0277785729941998,0.));
#2192=CARTESIAN_POINT('',(0.0368325283146897,-0.0280484312624519,0.));
#2193=CARTESIAN_POINT('',(0.0362750674998035,-0.0280654551505417,-0.0004));
#2194=CARTESIAN_POINT('',(0.0362750674998035,-0.0280654551505417,0.));
#2195=CARTESIAN_POINT('',(0.0365703241933027,-0.0283353134187937,0.));
#2196=CARTESIAN_POINT('',(0.0362868923611111,-0.0280525173611111,-0.0004));
#2197=CARTESIAN_POINT('',(0.0362868923611111,-0.0280525173611111,-0.000188654074179904));
#2198=CARTESIAN_POINT('',(0.036427090777007,-0.0281830034195748,1.23034526697811E-15));
#2199=CARTESIAN_POINT('',(0.036579707243374,-0.028325047258131,1.35525270932966E-20));
#2200=CARTESIAN_POINT('',(0.0351396559205897,-0.0262129212970733,-0.0004));
#2201=CARTESIAN_POINT('',(0.0311190972222222,-0.0304984217031457,-0.0004));
#2202=CARTESIAN_POINT('',(0.0370358374139047,-0.0278437725810975,-0.0004));
#2203=CARTESIAN_POINT('',(0.0349731767702234,-0.0300201388888889,-0.0004));
#2204=CARTESIAN_POINT('',(0.0311190972222222,-0.0425,-0.0004));
#2205=CARTESIAN_POINT('',(0.0311190972222222,-0.0324,-0.0004));
#2206=CARTESIAN_POINT('',(0.0525,-0.0300201388888889,-0.0004));
#2207=CARTESIAN_POINT('',(0.0386877604166666,-0.0300201388888889,-0.0004));
#2208=CARTESIAN_POINT('',(0.0525,-0.0324,-0.0004));
#2209=CARTESIAN_POINT('',(0.0386877604166666,-0.0324,-0.0004));
#2210=CARTESIAN_POINT('',(0.0386877604166666,-0.0425,-0.0004));
#2211=CARTESIAN_POINT('',(0.0455,-0.032,-0.0004));
#2212=CARTESIAN_POINT('',(0.0455,-0.0354,-0.0004));
#2213=CARTESIAN_POINT('',(0.0421,-0.032,-0.0004));
#2214=CARTESIAN_POINT('',(0.0421,-0.0425,-0.0004));
#2215=CARTESIAN_POINT('',(0.0421,-0.023,-0.0004));
#2216=CARTESIAN_POINT('',(0.04625,-0.0354,-0.0004));
#2217=CARTESIAN_POINT('',(0.047,-0.0354,-0.0004));
#2218=CARTESIAN_POINT('',(0.0395,-0.023,-0.0004));
#2219=CARTESIAN_POINT('',(0.0395,-0.0204,-0.0004));
#2220=CARTESIAN_POINT('',(0.047,-0.038,-0.0004));
#2221=CARTESIAN_POINT('',(0.0496,-0.038,-0.0004));
#2222=CARTESIAN_POINT('',(0.035,-0.0204,-0.0004));
#2223=CARTESIAN_POINT('',(0.0305,-0.0204,-0.0004));
#2224=CARTESIAN_POINT('',(0.0496,-0.05,-0.0004));
#2225=CARTESIAN_POINT('',(0.0496,-0.062,-0.0004));
#2226=CARTESIAN_POINT('',(0.0305,-0.023,-0.0004));
#2227=CARTESIAN_POINT('',(0.0279,-0.023,-0.0004));
#2228=CARTESIAN_POINT('',(0.047,-0.062,-0.0004));
#2229=CARTESIAN_POINT('',(0.047,-0.0646,-0.0004));
#2230=CARTESIAN_POINT('',(0.0279,-0.0275,-0.0004));
#2231=CARTESIAN_POINT('',(0.0279,-0.032,-0.0004));
#2232=CARTESIAN_POINT('',(0.0525,-0.0646,-0.0004));
#2233=CARTESIAN_POINT('',(0.023,-0.0646,-0.0004));
#2234=CARTESIAN_POINT('',(0.0245,-0.032,-0.0004));
#2235=CARTESIAN_POINT('',(0.0245,-0.0354,-0.0004));
#2236=CARTESIAN_POINT('',(0.023,-0.062,-0.0004));
#2237=CARTESIAN_POINT('',(0.0204,-0.062,-0.0004));
#2238=CARTESIAN_POINT('',(0.02375,-0.0354,-0.0004));
#2239=CARTESIAN_POINT('',(0.023,-0.0354,-0.0004));
#2240=CARTESIAN_POINT('',(0.0204,-0.0425,-0.0004));
#2241=CARTESIAN_POINT('',(0.0204,-0.038,-0.0004));
#2242=CARTESIAN_POINT('',(0.023,-0.038,-0.0004));
#2243=MECHANICAL_DESIGN_GEOMETRIC_PRESENTATION_REPRESENTATION('',(#1153),
#2244);
#2244=(
GEOMETRIC_REPRESENTATION_CONTEXT(3)
GLOBAL_UNCERTAINTY_ASSIGNED_CONTEXT((#2245))
GLOBAL_UNIT_ASSIGNED_CONTEXT((#2248,#2247,#2246))
REPRESENTATION_CONTEXT('CALIBRATION_spacer_2','TOP_LEVEL_ASSEMBLY_PART')
);
#2245=UNCERTAINTY_MEASURE_WITH_UNIT(LENGTH_MEASURE(2.E-5),#2248,
'DISTANCE_ACCURACY_VALUE','Maximum Tolerance applied to model');
#2246=(
NAMED_UNIT(*)
SI_UNIT($,.STERADIAN.)
SOLID_ANGLE_UNIT()
);
#2247=(
NAMED_UNIT(*)
PLANE_ANGLE_UNIT()
SI_UNIT($,.RADIAN.)
);
#2248=(
LENGTH_UNIT()
NAMED_UNIT(*)
SI_UNIT($,.METRE.)
);
#2249=PRODUCT_DEFINITION_SHAPE('','',#2250);
#2250=PRODUCT_DEFINITION('','',#2252,#2251);
#2251=PRODUCT_DEFINITION_CONTEXT('',#2258,'design');
#2252=PRODUCT_DEFINITION_FORMATION_WITH_SPECIFIED_SOURCE('','',#2254,
 .NOT_KNOWN.);
#2253=PRODUCT_RELATED_PRODUCT_CATEGORY('','',(#2254));
#2254=PRODUCT('CALIBRATION_spacer_2','CALIBRATION_spacer_2',
'CALIBRATION_spacer_2',(#2256));
#2255=PRODUCT_CATEGORY('','');
#2256=PRODUCT_CONTEXT('',#2258,'mechanical');
#2257=APPLICATION_PROTOCOL_DEFINITION('international standard',
'ap242_managed_model_based_3d_engineering',2020,#2258);
#2258=APPLICATION_CONTEXT('managed model based 3d engineering');
ENDSEC;
END-ISO-10303-21;
