ISO-10303-21;
HEADER;
/* Generated by software containing ST-Developer
 * from STEP Tools, Inc. (www.steptools.com) 
 */
/* OPTION: using custom renumber hook */

FILE_DESCRIPTION(
/* description */ ('STEP AP242 Edition 2',
'CAx-IF Rec.Pracs.---Representation and Presentation of Product Manufa
cturing Information (PMI)---4.0---2014-10-13',
'CAx-IF Rec.Pracs.---3D Tessellated Geometry---0.4---2014-09-14','2;1',
'CAx-IF Rec.Pracs.---User Defined Attributes---1.5---2016-08-15'),
/* implementation_level */ '2;1');

FILE_NAME(
/* name */ 'calibration_spacers - CALIBRATION_spacer_8',
/* time_stamp */ '2026-06-01T11:08:44Z',
/* author */ (''),
/* organization */ (''),
/* preprocessor_version */ 'ST-DEVELOPER v20',
/* originating_system */ 'ONSHAPE BY PTC INC, 1.215',
/* authorisation */ '  ');

FILE_SCHEMA (('AP242_MANAGED_MODEL_BASED_3D_ENGINEERING_MIM_LF { 1 0 10303 442 3 1 4 }'));
ENDSEC;

DATA;
#10=SHAPE_REPRESENTATION_RELATIONSHIP('','',#1377,#11);
#11=ADVANCED_BREP_SHAPE_REPRESENTATION('',(#1375),#2897);
#12=TOROIDAL_SURFACE('',#1462,0.0034,0.0004);
#13=TOROIDAL_SURFACE('',#1469,0.0026,0.0004);
#14=TOROIDAL_SURFACE('',#1471,0.0026,0.0004);
#15=TOROIDAL_SURFACE('',#1477,0.0026,0.0004);
#16=TOROIDAL_SURFACE('',#1479,0.0026,0.0004);
#17=TOROIDAL_SURFACE('',#1485,0.0034,0.0004);
#18=TOROIDAL_SURFACE('',#1487,0.0026,0.0004);
#19=TOROIDAL_SURFACE('',#1493,0.0026,0.0004);
#20=TOROIDAL_SURFACE('',#1494,0.0034,0.0004);
#21=TOROIDAL_SURFACE('',#1501,0.0026,0.0004);
#22=TOROIDAL_SURFACE('',#1503,0.0026,0.0004);
#23=TOROIDAL_SURFACE('',#1509,0.0026,0.0004);
#24=TOROIDAL_SURFACE('',#1511,0.0026,0.0004);
#25=TOROIDAL_SURFACE('',#1517,0.0034,0.0004);
#26=TOROIDAL_SURFACE('',#1519,0.0026,0.0004);
#27=TOROIDAL_SURFACE('',#1525,0.0026,0.0004);
#28=(
BOUNDED_SURFACE()
B_SPLINE_SURFACE(3,2,((#2328,#2329,#2330),(#2331,#2332,#2333),(#2334,#2335,
#2336),(#2337,#2338,#2339),(#2340,#2341,#2342)),.UNSPECIFIED.,.F.,.F.,.F.)
B_SPLINE_SURFACE_WITH_KNOTS((4,1,4),(3,3),(-7.6219412725731E-17,0.000408637848300979,
0.000817275696602033),(0.,1.),.UNSPECIFIED.)
GEOMETRIC_REPRESENTATION_ITEM()
RATIONAL_B_SPLINE_SURFACE(((1.,0.707106781186548,1.),(1.,0.707106781186548,
1.),(1.,0.707106781186554,1.),(1.,0.707106781186535,1.),(1.,0.707106781186535,
1.)))
REPRESENTATION_ITEM('')
SURFACE()
);
#29=(
BOUNDED_SURFACE()
B_SPLINE_SURFACE(3,2,((#2345,#2346,#2347),(#2348,#2349,#2350),(#2351,#2352,
#2353),(#2354,#2355,#2356),(#2357,#2358,#2359)),.UNSPECIFIED.,.F.,.F.,.F.)
B_SPLINE_SURFACE_WITH_KNOTS((4,1,4),(3,3),(2.80808362673746E-17,0.000403357019274741,
0.000806714038549454),(0.,1.),.UNSPECIFIED.)
GEOMETRIC_REPRESENTATION_ITEM()
RATIONAL_B_SPLINE_SURFACE(((1.,0.707106781186535,1.),(1.,0.707106781186535,
1.),(1.,0.707106781186558,1.),(1.,0.707106781186539,1.),(1.,0.707106781186539,
1.)))
REPRESENTATION_ITEM('')
SURFACE()
);
#30=(
BOUNDED_SURFACE()
B_SPLINE_SURFACE(3,2,((#2361,#2362,#2363),(#2364,#2365,#2366),(#2367,#2368,
#2369),(#2370,#2371,#2372),(#2373,#2374,#2375)),.UNSPECIFIED.,.F.,.F.,.F.)
B_SPLINE_SURFACE_WITH_KNOTS((4,1,4),(3,3),(-6.94431491476966E-17,0.000389860618897638,
0.000779721237795346),(0.,1.),.UNSPECIFIED.)
GEOMETRIC_REPRESENTATION_ITEM()
RATIONAL_B_SPLINE_SURFACE(((1.,0.707106781186548,1.),(1.,0.707106781186548,
1.),(1.,0.707106781186547,1.),(1.,0.707106781186548,1.),(1.,0.707106781186548,
1.)))
REPRESENTATION_ITEM('')
SURFACE()
);
#31=(
BOUNDED_SURFACE()
B_SPLINE_SURFACE(3,2,((#2377,#2378,#2379),(#2380,#2381,#2382),(#2383,#2384,
#2385),(#2386,#2387,#2388),(#2389,#2390,#2391)),.UNSPECIFIED.,.F.,.F.,.F.)
B_SPLINE_SURFACE_WITH_KNOTS((4,1,4),(3,3),(-7.96888596776846E-18,0.000397103251187501,
0.000794206502375009),(0.,1.),.UNSPECIFIED.)
GEOMETRIC_REPRESENTATION_ITEM()
RATIONAL_B_SPLINE_SURFACE(((1.,0.707106781186539,1.),(1.,0.707106781186538,
1.),(1.,0.707106781186552,1.),(1.,0.707106781186548,1.),(1.,0.707106781186548,
1.)))
REPRESENTATION_ITEM('')
SURFACE()
);
#32=(
BOUNDED_SURFACE()
B_SPLINE_SURFACE(3,2,((#2393,#2394,#2395),(#2396,#2397,#2398),(#2399,#2400,
#2401),(#2402,#2403,#2404),(#2405,#2406,#2407)),.UNSPECIFIED.,.F.,.F.,.F.)
B_SPLINE_SURFACE_WITH_KNOTS((4,1,4),(3,3),(-2.02312125385795E-16,0.00039265084678479,
0.000785301693569782),(0.,1.),.UNSPECIFIED.)
GEOMETRIC_REPRESENTATION_ITEM()
RATIONAL_B_SPLINE_SURFACE(((1.,0.707106781186548,1.),(1.,0.707106781186548,
1.),(1.,0.707106781186548,1.),(1.,0.707106781186548,1.),(1.,0.707106781186548,
1.)))
REPRESENTATION_ITEM('')
SURFACE()
);
#33=(
BOUNDED_SURFACE()
B_SPLINE_SURFACE(3,2,((#2409,#2410,#2411),(#2412,#2413,#2414),(#2415,#2416,
#2417),(#2418,#2419,#2420),(#2421,#2422,#2423)),.UNSPECIFIED.,.F.,.F.,.F.)
B_SPLINE_SURFACE_WITH_KNOTS((4,1,4),(3,3),(1.36067372646931E-17,0.000389516746717992,
0.000779033493435971),(0.,1.),.UNSPECIFIED.)
GEOMETRIC_REPRESENTATION_ITEM()
RATIONAL_B_SPLINE_SURFACE(((1.,0.707106781186548,1.),(1.,0.707106781186548,
1.),(1.,0.70710678118654,1.),(1.,0.707106781186548,1.),(1.,0.707106781186548,
1.)))
REPRESENTATION_ITEM('')
SURFACE()
);
#34=(
BOUNDED_SURFACE()
B_SPLINE_SURFACE(3,2,((#2425,#2426,#2427),(#2428,#2429,#2430),(#2431,#2432,
#2433),(#2434,#2435,#2436),(#2437,#2438,#2439)),.UNSPECIFIED.,.F.,.F.,.F.)
B_SPLINE_SURFACE_WITH_KNOTS((4,1,4),(3,3),(2.73218947466347E-17,0.000409098294856073,
0.000818196589712118),(0.,1.),.UNSPECIFIED.)
GEOMETRIC_REPRESENTATION_ITEM()
RATIONAL_B_SPLINE_SURFACE(((1.,0.707106781186548,1.),(1.,0.707106781186548,
1.),(1.,0.707106781186571,1.),(1.,0.707106781186548,1.),(1.,0.707106781186548,
1.)))
REPRESENTATION_ITEM('')
SURFACE()
);
#35=(
BOUNDED_SURFACE()
B_SPLINE_SURFACE(3,2,((#2441,#2442,#2443),(#2444,#2445,#2446),(#2447,#2448,
#2449),(#2450,#2451,#2452),(#2453,#2454,#2455)),.UNSPECIFIED.,.F.,.F.,.F.)
B_SPLINE_SURFACE_WITH_KNOTS((4,1,4),(3,3),(4.65122731996281E-17,0.000405261527364281,
0.000810523054728516),(0.,1.),.UNSPECIFIED.)
GEOMETRIC_REPRESENTATION_ITEM()
RATIONAL_B_SPLINE_SURFACE(((1.,0.707106781186548,1.),(1.,0.707106781186548,
1.),(1.,0.707106781186548,1.),(1.,0.707106781186548,1.),(1.,0.707106781186548,
1.)))
REPRESENTATION_ITEM('')
SURFACE()
);
#36=(
BOUNDED_SURFACE()
B_SPLINE_SURFACE(3,2,((#2456,#2457,#2458),(#2459,#2460,#2461),(#2462,#2463,
#2464),(#2465,#2466,#2467),(#2468,#2469,#2470)),.UNSPECIFIED.,.F.,.F.,.F.)
B_SPLINE_SURFACE_WITH_KNOTS((4,1,4),(3,3),(-6.49437101318817E-17,0.000355200648131729,
0.000710401296263524),(0.,1.),.UNSPECIFIED.)
GEOMETRIC_REPRESENTATION_ITEM()
RATIONAL_B_SPLINE_SURFACE(((1.,0.707106781186548,1.),(1.,0.707106781186548,
1.),(1.,0.707106781186542,1.),(1.,0.70710678118656,1.),(1.,0.70710678118656,
1.)))
REPRESENTATION_ITEM('')
SURFACE()
);
#37=(
BOUNDED_SURFACE()
B_SPLINE_SURFACE(3,2,((#2473,#2474,#2475),(#2476,#2477,#2478),(#2479,#2480,
#2481),(#2482,#2483,#2484)),.UNSPECIFIED.,.F.,.F.,.F.)
B_SPLINE_SURFACE_WITH_KNOTS((4,4),(3,3),(6.92263087131995E-17,0.000738846097840656),
(0.,1.),.PIECEWISE_BEZIER_KNOTS.)
GEOMETRIC_REPRESENTATION_ITEM()
RATIONAL_B_SPLINE_SURFACE(((1.,0.70710678118656,1.),(1.,0.70710678118656,
1.),(1.,0.707106781186557,1.),(1.,0.707106781186557,1.)))
REPRESENTATION_ITEM('')
SURFACE()
);
#38=(
BOUNDED_SURFACE()
B_SPLINE_SURFACE(3,2,((#2486,#2487,#2488),(#2489,#2490,#2491),(#2492,#2493,
#2494),(#2495,#2496,#2497),(#2498,#2499,#2500)),.UNSPECIFIED.,.F.,.F.,.F.)
B_SPLINE_SURFACE_WITH_KNOTS((4,1,4),(3,3),(-5.52943107967607E-17,0.000304873815078983,
0.000609747630158022),(0.,1.),.UNSPECIFIED.)
GEOMETRIC_REPRESENTATION_ITEM()
RATIONAL_B_SPLINE_SURFACE(((1.,0.707106781186548,1.),(1.,0.707106781186548,
1.),(1.,0.70710678118654,1.),(1.,0.707106781186548,1.),(1.,0.707106781186548,
1.)))
REPRESENTATION_ITEM('')
SURFACE()
);
#39=(
BOUNDED_SURFACE()
B_SPLINE_SURFACE(3,2,((#2502,#2503,#2504),(#2505,#2506,#2507),(#2508,#2509,
#2510),(#2511,#2512,#2513),(#2514,#2515,#2516)),.UNSPECIFIED.,.F.,.F.,.F.)
B_SPLINE_SURFACE_WITH_KNOTS((4,1,4),(3,3),(-2.2659825404947E-17,0.000308912137195124,
0.00061782427439027),(0.,1.),.UNSPECIFIED.)
GEOMETRIC_REPRESENTATION_ITEM()
RATIONAL_B_SPLINE_SURFACE(((1.,0.707106781186557,1.),(1.,0.707106781186557,
1.),(1.,0.707106781186543,1.),(1.,0.707106781186548,1.),(1.,0.707106781186548,
1.)))
REPRESENTATION_ITEM('')
SURFACE()
);
#40=(
BOUNDED_SURFACE()
B_SPLINE_SURFACE(3,2,((#2518,#2519,#2520),(#2521,#2522,#2523),(#2524,#2525,
#2526),(#2527,#2528,#2529),(#2530,#2531,#2532)),.UNSPECIFIED.,.F.,.F.,.F.)
B_SPLINE_SURFACE_WITH_KNOTS((4,1,4),(3,3),(3.23634348486923E-17,0.000309838922879949,
0.000619677845759865),(0.,1.),.UNSPECIFIED.)
GEOMETRIC_REPRESENTATION_ITEM()
RATIONAL_B_SPLINE_SURFACE(((1.,0.707106781186557,1.),(1.,0.707106781186557,
1.),(1.,0.70710678118655,1.),(1.,0.707106781186548,1.),(1.,0.707106781186548,
1.)))
REPRESENTATION_ITEM('')
SURFACE()
);
#41=(
BOUNDED_SURFACE()
B_SPLINE_SURFACE(3,2,((#2534,#2535,#2536),(#2537,#2538,#2539),(#2540,#2541,
#2542),(#2543,#2544,#2545),(#2546,#2547,#2548)),.UNSPECIFIED.,.F.,.F.,.F.)
B_SPLINE_SURFACE_WITH_KNOTS((4,1,4),(3,3),(-1.36609473733174E-17,0.00030544954518583,
0.000610899090371674),(0.,1.),.UNSPECIFIED.)
GEOMETRIC_REPRESENTATION_ITEM()
RATIONAL_B_SPLINE_SURFACE(((1.,0.707106781186548,1.),(1.,0.707106781186548,
1.),(1.,0.707106781186547,1.),(1.,0.707106781186548,1.),(1.,0.707106781186548,
1.)))
REPRESENTATION_ITEM('')
SURFACE()
);
#42=(
BOUNDED_SURFACE()
B_SPLINE_SURFACE(3,2,((#2550,#2551,#2552),(#2553,#2554,#2555),(#2556,#2557,
#2558),(#2559,#2560,#2561),(#2562,#2563,#2564)),.UNSPECIFIED.,.F.,.F.,.F.)
B_SPLINE_SURFACE_WITH_KNOTS((4,1,4),(3,3),(4.87890977618477E-19,0.0003547898215674,
0.0007095796431348),(0.,1.),.UNSPECIFIED.)
GEOMETRIC_REPRESENTATION_ITEM()
RATIONAL_B_SPLINE_SURFACE(((1.,0.707106781186548,1.),(1.,0.707106781186548,
1.),(1.,0.707106781186543,1.),(1.,0.707106781186557,1.),(1.,0.707106781186557,
1.)))
REPRESENTATION_ITEM('')
SURFACE()
);
#43=(
BOUNDED_SURFACE()
B_SPLINE_SURFACE(3,2,((#2566,#2567,#2568),(#2569,#2570,#2571),(#2572,#2573,
#2574),(#2575,#2576,#2577)),.UNSPECIFIED.,.F.,.F.,.F.)
B_SPLINE_SURFACE_WITH_KNOTS((4,4),(3,3),(6.51334455120667E-17,0.000735535062609242),
(0.,1.),.PIECEWISE_BEZIER_KNOTS.)
GEOMETRIC_REPRESENTATION_ITEM()
RATIONAL_B_SPLINE_SURFACE(((1.,0.707106781186548,1.),(1.,0.707106781186548,
1.),(1.,0.707106781186548,1.),(1.,0.707106781186548,1.)))
REPRESENTATION_ITEM('')
SURFACE()
);
#44=(
BOUNDED_SURFACE()
B_SPLINE_SURFACE(3,2,((#2578,#2579,#2580),(#2581,#2582,#2583),(#2584,#2585,
#2586),(#2587,#2588,#2589),(#2590,#2591,#2592),(#2593,#2594,#2595)),
 .UNSPECIFIED.,.F.,.F.,.F.)
B_SPLINE_SURFACE_WITH_KNOTS((4,1,1,4),(3,3),(-1.07336015076065E-17,0.00077905189483573,
0.0011685778422536,0.00155810378967147),(0.,1.),.UNSPECIFIED.)
GEOMETRIC_REPRESENTATION_ITEM()
RATIONAL_B_SPLINE_SURFACE(((1.,0.707106781186548,1.),(1.,0.707106781186548,
1.),(1.,0.707106781186524,1.),(1.,0.707106781186563,1.),(1.,0.707106781186548,
1.),(1.,0.707106781186548,1.)))
REPRESENTATION_ITEM('')
SURFACE()
);
#45=(
BOUNDED_SURFACE()
B_SPLINE_SURFACE(3,2,((#2603,#2604,#2605),(#2606,#2607,#2608),(#2609,#2610,
#2611),(#2612,#2613,#2614),(#2615,#2616,#2617),(#2618,#2619,#2620)),
 .UNSPECIFIED.,.F.,.F.,.F.)
B_SPLINE_SURFACE_WITH_KNOTS((4,1,1,4),(3,3),(5.44269490587723E-17,0.00085839615038322,
0.0012875942255748,0.00171679230076638),(0.,1.),.UNSPECIFIED.)
GEOMETRIC_REPRESENTATION_ITEM()
RATIONAL_B_SPLINE_SURFACE(((1.,0.707106781186548,1.),(1.,0.707106781186548,
1.),(1.,0.707106781186526,1.),(1.,0.70710678118656,1.),(1.,0.707106781186553,
1.),(1.,0.707106781186553,1.)))
REPRESENTATION_ITEM('')
SURFACE()
);
#46=(
BOUNDED_SURFACE()
B_SPLINE_SURFACE(3,2,((#2622,#2623,#2624),(#2625,#2626,#2627),(#2628,#2629,
#2630),(#2631,#2632,#2633)),.UNSPECIFIED.,.F.,.F.,.F.)
B_SPLINE_SURFACE_WITH_KNOTS((4,4),(3,3),(-5.55653613398821E-17,0.00157627409488992),
(0.,1.),.PIECEWISE_BEZIER_KNOTS.)
GEOMETRIC_REPRESENTATION_ITEM()
RATIONAL_B_SPLINE_SURFACE(((1.,0.707106781186548,1.),(1.,0.707106781186548,
1.),(1.,0.707106781186548,1.),(1.,0.707106781186548,1.)))
REPRESENTATION_ITEM('')
SURFACE()
);
#47=(
BOUNDED_SURFACE()
B_SPLINE_SURFACE(3,2,((#2635,#2636,#2637),(#2638,#2639,#2640),(#2641,#2642,
#2643),(#2644,#2645,#2646)),.UNSPECIFIED.,.F.,.F.,.F.)
B_SPLINE_SURFACE_WITH_KNOTS((4,4),(3,3),(-1.06251812903579E-17,0.0017548246746555),
(0.,1.),.PIECEWISE_BEZIER_KNOTS.)
GEOMETRIC_REPRESENTATION_ITEM()
RATIONAL_B_SPLINE_SURFACE(((1.,0.707106781186548,1.),(1.,0.707106781186547,
1.),(1.,0.707106781186547,1.),(1.,0.707106781186548,1.)))
REPRESENTATION_ITEM('')
SURFACE()
);
#48=(
BOUNDED_SURFACE()
B_SPLINE_SURFACE(3,2,((#2648,#2649,#2650),(#2651,#2652,#2653),(#2654,#2655,
#2656),(#2657,#2658,#2659),(#2660,#2661,#2662)),.UNSPECIFIED.,.F.,.F.,.F.)
B_SPLINE_SURFACE_WITH_KNOTS((4,1,4),(3,3),(2.02095284951298E-16,0.00128800209849183,
0.00257600419698346),(0.,1.),.UNSPECIFIED.)
GEOMETRIC_REPRESENTATION_ITEM()
RATIONAL_B_SPLINE_SURFACE(((1.,0.707106781186548,1.),(1.,0.707106781186548,
1.),(1.,0.707106781186548,1.),(1.,0.707106781186548,1.),(1.,0.707106781186548,
1.)))
REPRESENTATION_ITEM('')
SURFACE()
);
#49=(
BOUNDED_SURFACE()
B_SPLINE_SURFACE(3,2,((#2664,#2665,#2666),(#2667,#2668,#2669),(#2670,#2671,
#2672),(#2673,#2674,#2675),(#2676,#2677,#2678)),.UNSPECIFIED.,.F.,.F.,.F.)
B_SPLINE_SURFACE_WITH_KNOTS((4,1,4),(3,3),(-1.30104260698261E-17,0.00133711176566781,
0.00267422353133564),(0.,1.),.UNSPECIFIED.)
GEOMETRIC_REPRESENTATION_ITEM()
RATIONAL_B_SPLINE_SURFACE(((1.,0.707106781186548,1.),(1.,0.707106781186548,
1.),(1.,0.707106781186548,1.),(1.,0.707106781186548,1.),(1.,0.707106781186548,
1.)))
REPRESENTATION_ITEM('')
SURFACE()
);
#50=(
BOUNDED_SURFACE()
B_SPLINE_SURFACE(3,2,((#2680,#2681,#2682),(#2683,#2684,#2685),(#2686,#2687,
#2688),(#2689,#2690,#2691)),.UNSPECIFIED.,.F.,.F.,.F.)
B_SPLINE_SURFACE_WITH_KNOTS((4,4),(3,3),(-2.7972416050126E-17,0.00274961272012963),
(0.,1.),.PIECEWISE_BEZIER_KNOTS.)
GEOMETRIC_REPRESENTATION_ITEM()
RATIONAL_B_SPLINE_SURFACE(((1.,0.707106781186548,1.),(1.,0.707106781186548,
1.),(1.,0.707106781186548,1.),(1.,0.707106781186548,1.)))
REPRESENTATION_ITEM('')
SURFACE()
);
#51=(
BOUNDED_SURFACE()
B_SPLINE_SURFACE(3,2,((#2693,#2694,#2695),(#2696,#2697,#2698),(#2699,#2700,
#2701),(#2702,#2703,#2704)),.UNSPECIFIED.,.F.,.F.,.F.)
B_SPLINE_SURFACE_WITH_KNOTS((4,4),(3,3),(-4.27175655959289E-17,0.0028892214240787),
(0.,1.),.PIECEWISE_BEZIER_KNOTS.)
GEOMETRIC_REPRESENTATION_ITEM()
RATIONAL_B_SPLINE_SURFACE(((1.,0.707106781186548,1.),(1.,0.707106781186548,
1.),(1.,0.707106781186548,1.),(1.,0.707106781186548,1.)))
REPRESENTATION_ITEM('')
SURFACE()
);
#52=(
BOUNDED_SURFACE()
B_SPLINE_SURFACE(3,2,((#2706,#2707,#2708),(#2709,#2710,#2711),(#2712,#2713,
#2714),(#2715,#2716,#2717)),.UNSPECIFIED.,.F.,.F.,.F.)
B_SPLINE_SURFACE_WITH_KNOTS((4,4),(3,3),(8.43509290193722E-17,0.00275216468203729),
(0.,1.),.PIECEWISE_BEZIER_KNOTS.)
GEOMETRIC_REPRESENTATION_ITEM()
RATIONAL_B_SPLINE_SURFACE(((1.,0.707106781186548,1.),(1.,0.707106781186548,
1.),(1.,0.707106781186548,1.),(1.,0.707106781186548,1.)))
REPRESENTATION_ITEM('')
SURFACE()
);
#53=(
BOUNDED_SURFACE()
B_SPLINE_SURFACE(3,2,((#2719,#2720,#2721),(#2722,#2723,#2724),(#2725,#2726,
#2727),(#2728,#2729,#2730)),.UNSPECIFIED.,.F.,.F.,.F.)
B_SPLINE_SURFACE_WITH_KNOTS((4,4),(3,3),(-1.24032728532342E-16,0.00290179716619949),
(0.,1.),.PIECEWISE_BEZIER_KNOTS.)
GEOMETRIC_REPRESENTATION_ITEM()
RATIONAL_B_SPLINE_SURFACE(((1.,0.707106781186548,1.),(1.,0.707106781186548,
1.),(1.,0.707106781186555,1.),(1.,0.707106781186555,1.)))
REPRESENTATION_ITEM('')
SURFACE()
);
#54=(
BOUNDED_SURFACE()
B_SPLINE_SURFACE(3,2,((#2732,#2733,#2734),(#2735,#2736,#2737),(#2738,#2739,
#2740),(#2741,#2742,#2743),(#2744,#2745,#2746)),.UNSPECIFIED.,.F.,.F.,.F.)
B_SPLINE_SURFACE_WITH_KNOTS((4,1,4),(3,3),(6.85215773010839E-17,0.00128719726935247,
0.00257439453870487),(0.,1.),.UNSPECIFIED.)
GEOMETRIC_REPRESENTATION_ITEM()
RATIONAL_B_SPLINE_SURFACE(((1.,0.707106781186548,1.),(1.,0.707106781186548,
1.),(1.,0.707106781186547,1.),(1.,0.707106781186548,1.),(1.,0.707106781186548,
1.)))
REPRESENTATION_ITEM('')
SURFACE()
);
#55=(
BOUNDED_SURFACE()
B_SPLINE_SURFACE(3,2,((#2748,#2749,#2750),(#2751,#2752,#2753),(#2754,#2755,
#2756),(#2757,#2758,#2759),(#2760,#2761,#2762)),.UNSPECIFIED.,.F.,.F.,.F.)
B_SPLINE_SURFACE_WITH_KNOTS((4,1,4),(3,3),(7.97972798949331E-17,0.00133319698123587,
0.00266639396247166),(0.,1.),.UNSPECIFIED.)
GEOMETRIC_REPRESENTATION_ITEM()
RATIONAL_B_SPLINE_SURFACE(((1.,0.707106781186555,1.),(1.,0.707106781186555,
1.),(1.,0.707106781186566,1.),(1.,0.707106781186548,1.),(1.,0.707106781186548,
1.)))
REPRESENTATION_ITEM('')
SURFACE()
);
#56=(
BOUNDED_SURFACE()
B_SPLINE_SURFACE(3,2,((#2764,#2765,#2766),(#2767,#2768,#2769),(#2770,#2771,
#2772),(#2773,#2774,#2775)),.UNSPECIFIED.,.F.,.F.,.F.)
B_SPLINE_SURFACE_WITH_KNOTS((4,4),(3,3),(8.26162055433954E-17,0.00157189804744913),
(0.,1.),.PIECEWISE_BEZIER_KNOTS.)
GEOMETRIC_REPRESENTATION_ITEM()
RATIONAL_B_SPLINE_SURFACE(((1.,0.707106781186548,1.),(1.,0.707106781186548,
1.),(1.,0.707106781186548,1.),(1.,0.707106781186548,1.)))
REPRESENTATION_ITEM('')
SURFACE()
);
#57=(
BOUNDED_SURFACE()
B_SPLINE_SURFACE(3,2,((#2777,#2778,#2779),(#2780,#2781,#2782),(#2783,#2784,
#2785),(#2786,#2787,#2788)),.UNSPECIFIED.,.F.,.F.,.F.)
B_SPLINE_SURFACE_WITH_KNOTS((4,4),(3,3),(-4.13081027716977E-17,0.00175854890093242),
(0.,1.),.PIECEWISE_BEZIER_KNOTS.)
GEOMETRIC_REPRESENTATION_ITEM()
RATIONAL_B_SPLINE_SURFACE(((1.,0.707106781186548,1.),(1.,0.707106781186548,
1.),(1.,0.707106781186548,1.),(1.,0.707106781186548,1.)))
REPRESENTATION_ITEM('')
SURFACE()
);
#58=(
BOUNDED_SURFACE()
B_SPLINE_SURFACE(3,2,((#2790,#2791,#2792),(#2793,#2794,#2795),(#2796,#2797,
#2798),(#2799,#2800,#2801),(#2802,#2803,#2804),(#2805,#2806,#2807)),
 .UNSPECIFIED.,.F.,.F.,.F.)
B_SPLINE_SURFACE_WITH_KNOTS((4,1,1,4),(3,3),(-2.16840434497101E-17,0.000778756640560927,
0.0011681349608414,0.00155751328112188),(0.,1.),.UNSPECIFIED.)
GEOMETRIC_REPRESENTATION_ITEM()
RATIONAL_B_SPLINE_SURFACE(((1.,0.707106781186548,1.),(1.,0.707106781186548,
1.),(1.,0.70710678118654,1.),(1.,0.70710678118656,1.),(1.,0.707106781186548,
1.),(1.,0.707106781186548,1.)))
REPRESENTATION_ITEM('')
SURFACE()
);
#59=(
BOUNDED_SURFACE()
B_SPLINE_SURFACE(3,2,((#2814,#2815,#2816),(#2817,#2818,#2819),(#2820,#2821,
#2822),(#2823,#2824,#2825),(#2826,#2827,#2828),(#2829,#2830,#2831)),
 .UNSPECIFIED.,.F.,.F.,.F.)
B_SPLINE_SURFACE_WITH_KNOTS((4,1,1,4),(3,3),(3.88144377749811E-17,0.000857725069627002,
0.00128658760444048,0.00171545013925397),(0.,1.),.UNSPECIFIED.)
GEOMETRIC_REPRESENTATION_ITEM()
RATIONAL_B_SPLINE_SURFACE(((1.,0.707106781186548,1.),(1.,0.707106781186548,
1.),(1.,0.707106781186537,1.),(1.,0.707106781186541,1.),(1.,0.707106781186542,
1.),(1.,0.707106781186542,1.)))
REPRESENTATION_ITEM('')
SURFACE()
);
#60=CYLINDRICAL_SURFACE('',#1388,0.003);
#61=CYLINDRICAL_SURFACE('',#1392,0.003);
#62=CYLINDRICAL_SURFACE('',#1396,0.003);
#63=CYLINDRICAL_SURFACE('',#1400,0.003);
#64=CYLINDRICAL_SURFACE('',#1404,0.003);
#65=CYLINDRICAL_SURFACE('',#1408,0.003);
#66=CYLINDRICAL_SURFACE('',#1412,0.003);
#67=CYLINDRICAL_SURFACE('',#1416,0.003);
#68=CYLINDRICAL_SURFACE('',#1465,0.0004);
#69=CYLINDRICAL_SURFACE('',#1467,0.0004);
#70=CYLINDRICAL_SURFACE('',#1473,0.0004);
#71=CYLINDRICAL_SURFACE('',#1475,0.0004);
#72=CYLINDRICAL_SURFACE('',#1481,0.0004);
#73=CYLINDRICAL_SURFACE('',#1483,0.0004);
#74=CYLINDRICAL_SURFACE('',#1489,0.0004);
#75=CYLINDRICAL_SURFACE('',#1491,0.0004);
#76=CYLINDRICAL_SURFACE('',#1497,0.0004);
#77=CYLINDRICAL_SURFACE('',#1499,0.0004);
#78=CYLINDRICAL_SURFACE('',#1505,0.0004);
#79=CYLINDRICAL_SURFACE('',#1507,0.0004);
#80=CYLINDRICAL_SURFACE('',#1513,0.0004);
#81=CYLINDRICAL_SURFACE('',#1515,0.0004);
#82=CYLINDRICAL_SURFACE('',#1521,0.0004);
#83=CYLINDRICAL_SURFACE('',#1523,0.0004);
#84=CIRCLE('',#1380,0.0026);
#85=CIRCLE('',#1381,0.0026);
#86=CIRCLE('',#1382,0.0026);
#87=CIRCLE('',#1383,0.0026);
#88=CIRCLE('',#1384,0.0034);
#89=CIRCLE('',#1385,0.0026);
#90=CIRCLE('',#1386,0.0026);
#91=CIRCLE('',#1387,0.0034);
#92=CIRCLE('',#1389,0.003);
#93=CIRCLE('',#1390,0.003);
#94=CIRCLE('',#1393,0.003);
#95=CIRCLE('',#1394,0.003);
#96=CIRCLE('',#1397,0.003);
#97=CIRCLE('',#1398,0.003);
#98=CIRCLE('',#1401,0.003);
#99=CIRCLE('',#1402,0.003);
#100=CIRCLE('',#1405,0.003);
#101=CIRCLE('',#1406,0.003);
#102=CIRCLE('',#1409,0.003);
#103=CIRCLE('',#1410,0.003);
#104=CIRCLE('',#1413,0.003);
#105=CIRCLE('',#1414,0.003);
#106=CIRCLE('',#1417,0.003);
#107=CIRCLE('',#1418,0.003);
#108=CIRCLE('',#1421,0.0026);
#109=CIRCLE('',#1422,0.0034);
#110=CIRCLE('',#1423,0.0026);
#111=CIRCLE('',#1424,0.0026);
#112=CIRCLE('',#1425,0.0034);
#113=CIRCLE('',#1426,0.0026);
#114=CIRCLE('',#1427,0.0026);
#115=CIRCLE('',#1428,0.0026);
#116=CIRCLE('',#1432,0.0004);
#117=CIRCLE('',#1433,0.0004);
#118=CIRCLE('',#1434,0.0004);
#119=CIRCLE('',#1435,0.0004);
#120=CIRCLE('',#1436,0.0004);
#121=CIRCLE('',#1437,0.0004);
#122=CIRCLE('',#1438,0.0004);
#123=CIRCLE('',#1439,0.0004);
#124=CIRCLE('',#1440,0.0004);
#125=CIRCLE('',#1441,0.0004);
#126=CIRCLE('',#1442,0.0004);
#127=CIRCLE('',#1443,0.0004);
#128=CIRCLE('',#1444,0.0004);
#129=CIRCLE('',#1445,0.0004);
#130=CIRCLE('',#1446,0.0004);
#131=CIRCLE('',#1447,0.0004);
#132=CIRCLE('',#1448,0.0004);
#133=CIRCLE('',#1449,0.0004);
#134=CIRCLE('',#1450,0.0004);
#135=CIRCLE('',#1451,0.0004);
#136=CIRCLE('',#1452,0.0004);
#137=CIRCLE('',#1453,0.0004);
#138=CIRCLE('',#1454,0.0004);
#139=CIRCLE('',#1455,0.0004);
#140=CIRCLE('',#1456,0.0004);
#141=CIRCLE('',#1457,0.0004);
#142=CIRCLE('',#1458,0.0004);
#143=CIRCLE('',#1459,0.0004);
#144=CIRCLE('',#1460,0.0004);
#145=CIRCLE('',#1461,0.0004);
#146=CIRCLE('',#1463,0.0004);
#147=CIRCLE('',#1464,0.0004);
#148=CIRCLE('',#1466,0.0004);
#149=CIRCLE('',#1468,0.0004);
#150=CIRCLE('',#1470,0.0004);
#151=CIRCLE('',#1472,0.0004);
#152=CIRCLE('',#1474,0.0004);
#153=CIRCLE('',#1476,0.0004);
#154=CIRCLE('',#1478,0.0004);
#155=CIRCLE('',#1480,0.0004);
#156=CIRCLE('',#1482,0.0004);
#157=CIRCLE('',#1484,0.0004);
#158=CIRCLE('',#1486,0.0004);
#159=CIRCLE('',#1488,0.0004);
#160=CIRCLE('',#1490,0.0004);
#161=CIRCLE('',#1492,0.0004);
#162=CIRCLE('',#1495,0.0004);
#163=CIRCLE('',#1496,0.0004);
#164=CIRCLE('',#1498,0.0004);
#165=CIRCLE('',#1500,0.0004);
#166=CIRCLE('',#1502,0.0004);
#167=CIRCLE('',#1504,0.0004);
#168=CIRCLE('',#1506,0.0004);
#169=CIRCLE('',#1508,0.0004);
#170=CIRCLE('',#1510,0.0004);
#171=CIRCLE('',#1512,0.0004);
#172=CIRCLE('',#1514,0.0004);
#173=CIRCLE('',#1516,0.0004);
#174=CIRCLE('',#1518,0.0004);
#175=CIRCLE('',#1520,0.0004);
#176=CIRCLE('',#1522,0.0004);
#177=CIRCLE('',#1524,0.0004);
#178=LINE('',#1956,#226);
#179=LINE('',#1961,#227);
#180=LINE('',#1965,#228);
#181=LINE('',#1969,#229);
#182=LINE('',#1973,#230);
#183=LINE('',#1977,#231);
#184=LINE('',#1981,#232);
#185=LINE('',#1985,#233);
#186=LINE('',#1989,#234);
#187=LINE('',#1994,#235);
#188=LINE('',#1998,#236);
#189=LINE('',#2001,#237);
#190=LINE('',#2002,#238);
#191=LINE('',#2004,#239);
#192=LINE('',#2010,#240);
#193=LINE('',#2013,#241);
#194=LINE('',#2014,#242);
#195=LINE('',#2016,#243);
#196=LINE('',#2022,#244);
#197=LINE('',#2025,#245);
#198=LINE('',#2026,#246);
#199=LINE('',#2028,#247);
#200=LINE('',#2034,#248);
#201=LINE('',#2037,#249);
#202=LINE('',#2038,#250);
#203=LINE('',#2040,#251);
#204=LINE('',#2046,#252);
#205=LINE('',#2049,#253);
#206=LINE('',#2050,#254);
#207=LINE('',#2052,#255);
#208=LINE('',#2058,#256);
#209=LINE('',#2061,#257);
#210=LINE('',#2062,#258);
#211=LINE('',#2064,#259);
#212=LINE('',#2070,#260);
#213=LINE('',#2073,#261);
#214=LINE('',#2074,#262);
#215=LINE('',#2076,#263);
#216=LINE('',#2082,#264);
#217=LINE('',#2083,#265);
#218=LINE('',#2085,#266);
#219=LINE('',#2090,#267);
#220=LINE('',#2094,#268);
#221=LINE('',#2098,#269);
#222=LINE('',#2102,#270);
#223=LINE('',#2106,#271);
#224=LINE('',#2110,#272);
#225=LINE('',#2114,#273);
#226=VECTOR('',#1530,1.);
#227=VECTOR('',#1533,1.);
#228=VECTOR('',#1536,1.);
#229=VECTOR('',#1539,1.);
#230=VECTOR('',#1542,1.);
#231=VECTOR('',#1545,1.);
#232=VECTOR('',#1548,1.);
#233=VECTOR('',#1551,1.);
#234=VECTOR('',#1556,1.);
#235=VECTOR('',#1559,1.);
#236=VECTOR('',#1564,1.);
#237=VECTOR('',#1565,1.);
#238=VECTOR('',#1566,1.);
#239=VECTOR('',#1569,1.);
#240=VECTOR('',#1576,1.);
#241=VECTOR('',#1577,1.);
#242=VECTOR('',#1578,1.);
#243=VECTOR('',#1581,1.);
#244=VECTOR('',#1588,1.);
#245=VECTOR('',#1589,1.);
#246=VECTOR('',#1590,1.);
#247=VECTOR('',#1593,1.);
#248=VECTOR('',#1600,1.);
#249=VECTOR('',#1601,1.);
#250=VECTOR('',#1602,1.);
#251=VECTOR('',#1605,1.);
#252=VECTOR('',#1612,1.);
#253=VECTOR('',#1613,1.);
#254=VECTOR('',#1614,1.);
#255=VECTOR('',#1617,1.);
#256=VECTOR('',#1624,1.);
#257=VECTOR('',#1625,1.);
#258=VECTOR('',#1626,1.);
#259=VECTOR('',#1629,1.);
#260=VECTOR('',#1636,1.);
#261=VECTOR('',#1637,1.);
#262=VECTOR('',#1638,1.);
#263=VECTOR('',#1641,1.);
#264=VECTOR('',#1648,1.);
#265=VECTOR('',#1649,1.);
#266=VECTOR('',#1652,1.);
#267=VECTOR('',#1655,1.);
#268=VECTOR('',#1658,1.);
#269=VECTOR('',#1661,1.);
#270=VECTOR('',#1664,1.);
#271=VECTOR('',#1667,1.);
#272=VECTOR('',#1670,1.);
#273=VECTOR('',#1673,1.);
#274=ORIENTED_EDGE('',*,*,#690,.T.);
#275=ORIENTED_EDGE('',*,*,#691,.T.);
#276=ORIENTED_EDGE('',*,*,#692,.T.);
#277=ORIENTED_EDGE('',*,*,#693,.T.);
#278=ORIENTED_EDGE('',*,*,#694,.T.);
#279=ORIENTED_EDGE('',*,*,#695,.T.);
#280=ORIENTED_EDGE('',*,*,#696,.T.);
#281=ORIENTED_EDGE('',*,*,#697,.T.);
#282=ORIENTED_EDGE('',*,*,#698,.T.);
#283=ORIENTED_EDGE('',*,*,#699,.T.);
#284=ORIENTED_EDGE('',*,*,#700,.T.);
#285=ORIENTED_EDGE('',*,*,#701,.T.);
#286=ORIENTED_EDGE('',*,*,#702,.T.);
#287=ORIENTED_EDGE('',*,*,#703,.T.);
#288=ORIENTED_EDGE('',*,*,#704,.T.);
#289=ORIENTED_EDGE('',*,*,#705,.T.);
#290=ORIENTED_EDGE('',*,*,#706,.T.);
#291=ORIENTED_EDGE('',*,*,#707,.T.);
#292=ORIENTED_EDGE('',*,*,#708,.T.);
#293=ORIENTED_EDGE('',*,*,#709,.T.);
#294=ORIENTED_EDGE('',*,*,#710,.T.);
#295=ORIENTED_EDGE('',*,*,#711,.T.);
#296=ORIENTED_EDGE('',*,*,#712,.T.);
#297=ORIENTED_EDGE('',*,*,#713,.T.);
#298=ORIENTED_EDGE('',*,*,#714,.T.);
#299=ORIENTED_EDGE('',*,*,#715,.T.);
#300=ORIENTED_EDGE('',*,*,#716,.T.);
#301=ORIENTED_EDGE('',*,*,#717,.T.);
#302=ORIENTED_EDGE('',*,*,#718,.T.);
#303=ORIENTED_EDGE('',*,*,#719,.T.);
#304=ORIENTED_EDGE('',*,*,#720,.T.);
#305=ORIENTED_EDGE('',*,*,#721,.T.);
#306=ORIENTED_EDGE('',*,*,#722,.T.);
#307=ORIENTED_EDGE('',*,*,#723,.T.);
#308=ORIENTED_EDGE('',*,*,#724,.F.);
#309=ORIENTED_EDGE('',*,*,#725,.T.);
#310=ORIENTED_EDGE('',*,*,#726,.T.);
#311=ORIENTED_EDGE('',*,*,#727,.T.);
#312=ORIENTED_EDGE('',*,*,#722,.F.);
#313=ORIENTED_EDGE('',*,*,#728,.T.);
#314=ORIENTED_EDGE('',*,*,#729,.T.);
#315=ORIENTED_EDGE('',*,*,#730,.T.);
#316=ORIENTED_EDGE('',*,*,#726,.F.);
#317=ORIENTED_EDGE('',*,*,#731,.T.);
#318=ORIENTED_EDGE('',*,*,#732,.T.);
#319=ORIENTED_EDGE('',*,*,#733,.T.);
#320=ORIENTED_EDGE('',*,*,#729,.F.);
#321=ORIENTED_EDGE('',*,*,#734,.T.);
#322=ORIENTED_EDGE('',*,*,#735,.T.);
#323=ORIENTED_EDGE('',*,*,#736,.T.);
#324=ORIENTED_EDGE('',*,*,#732,.F.);
#325=ORIENTED_EDGE('',*,*,#737,.T.);
#326=ORIENTED_EDGE('',*,*,#738,.T.);
#327=ORIENTED_EDGE('',*,*,#739,.T.);
#328=ORIENTED_EDGE('',*,*,#735,.F.);
#329=ORIENTED_EDGE('',*,*,#740,.T.);
#330=ORIENTED_EDGE('',*,*,#741,.T.);
#331=ORIENTED_EDGE('',*,*,#742,.T.);
#332=ORIENTED_EDGE('',*,*,#738,.F.);
#333=ORIENTED_EDGE('',*,*,#743,.T.);
#334=ORIENTED_EDGE('',*,*,#744,.T.);
#335=ORIENTED_EDGE('',*,*,#745,.T.);
#336=ORIENTED_EDGE('',*,*,#741,.F.);
#337=ORIENTED_EDGE('',*,*,#746,.T.);
#338=ORIENTED_EDGE('',*,*,#747,.T.);
#339=ORIENTED_EDGE('',*,*,#748,.T.);
#340=ORIENTED_EDGE('',*,*,#744,.F.);
#341=ORIENTED_EDGE('',*,*,#749,.T.);
#342=ORIENTED_EDGE('',*,*,#750,.T.);
#343=ORIENTED_EDGE('',*,*,#751,.T.);
#344=ORIENTED_EDGE('',*,*,#747,.F.);
#345=ORIENTED_EDGE('',*,*,#752,.T.);
#346=ORIENTED_EDGE('',*,*,#753,.T.);
#347=ORIENTED_EDGE('',*,*,#754,.T.);
#348=ORIENTED_EDGE('',*,*,#750,.F.);
#349=ORIENTED_EDGE('',*,*,#755,.T.);
#350=ORIENTED_EDGE('',*,*,#756,.T.);
#351=ORIENTED_EDGE('',*,*,#757,.T.);
#352=ORIENTED_EDGE('',*,*,#753,.F.);
#353=ORIENTED_EDGE('',*,*,#758,.T.);
#354=ORIENTED_EDGE('',*,*,#759,.T.);
#355=ORIENTED_EDGE('',*,*,#760,.T.);
#356=ORIENTED_EDGE('',*,*,#756,.F.);
#357=ORIENTED_EDGE('',*,*,#761,.T.);
#358=ORIENTED_EDGE('',*,*,#762,.T.);
#359=ORIENTED_EDGE('',*,*,#763,.T.);
#360=ORIENTED_EDGE('',*,*,#759,.F.);
#361=ORIENTED_EDGE('',*,*,#764,.T.);
#362=ORIENTED_EDGE('',*,*,#765,.T.);
#363=ORIENTED_EDGE('',*,*,#766,.T.);
#364=ORIENTED_EDGE('',*,*,#762,.F.);
#365=ORIENTED_EDGE('',*,*,#767,.T.);
#366=ORIENTED_EDGE('',*,*,#724,.T.);
#367=ORIENTED_EDGE('',*,*,#768,.T.);
#368=ORIENTED_EDGE('',*,*,#765,.F.);
#369=ORIENTED_EDGE('',*,*,#769,.T.);
#370=ORIENTED_EDGE('',*,*,#770,.T.);
#371=ORIENTED_EDGE('',*,*,#771,.T.);
#372=ORIENTED_EDGE('',*,*,#772,.T.);
#373=ORIENTED_EDGE('',*,*,#773,.T.);
#374=ORIENTED_EDGE('',*,*,#774,.T.);
#375=ORIENTED_EDGE('',*,*,#775,.T.);
#376=ORIENTED_EDGE('',*,*,#776,.T.);
#377=ORIENTED_EDGE('',*,*,#777,.T.);
#378=ORIENTED_EDGE('',*,*,#778,.T.);
#379=ORIENTED_EDGE('',*,*,#779,.T.);
#380=ORIENTED_EDGE('',*,*,#780,.T.);
#381=ORIENTED_EDGE('',*,*,#781,.T.);
#382=ORIENTED_EDGE('',*,*,#782,.T.);
#383=ORIENTED_EDGE('',*,*,#783,.T.);
#384=ORIENTED_EDGE('',*,*,#784,.T.);
#385=ORIENTED_EDGE('',*,*,#785,.T.);
#386=ORIENTED_EDGE('',*,*,#786,.F.);
#387=ORIENTED_EDGE('',*,*,#787,.F.);
#388=ORIENTED_EDGE('',*,*,#788,.F.);
#389=ORIENTED_EDGE('',*,*,#789,.F.);
#390=ORIENTED_EDGE('',*,*,#790,.F.);
#391=ORIENTED_EDGE('',*,*,#791,.F.);
#392=ORIENTED_EDGE('',*,*,#792,.F.);
#393=ORIENTED_EDGE('',*,*,#793,.F.);
#394=ORIENTED_EDGE('',*,*,#794,.F.);
#395=ORIENTED_EDGE('',*,*,#795,.F.);
#396=ORIENTED_EDGE('',*,*,#796,.F.);
#397=ORIENTED_EDGE('',*,*,#797,.F.);
#398=ORIENTED_EDGE('',*,*,#798,.F.);
#399=ORIENTED_EDGE('',*,*,#799,.F.);
#400=ORIENTED_EDGE('',*,*,#800,.F.);
#401=ORIENTED_EDGE('',*,*,#801,.F.);
#402=ORIENTED_EDGE('',*,*,#802,.F.);
#403=ORIENTED_EDGE('',*,*,#803,.F.);
#404=ORIENTED_EDGE('',*,*,#804,.F.);
#405=ORIENTED_EDGE('',*,*,#805,.F.);
#406=ORIENTED_EDGE('',*,*,#806,.F.);
#407=ORIENTED_EDGE('',*,*,#807,.F.);
#408=ORIENTED_EDGE('',*,*,#808,.F.);
#409=ORIENTED_EDGE('',*,*,#809,.F.);
#410=ORIENTED_EDGE('',*,*,#810,.F.);
#411=ORIENTED_EDGE('',*,*,#811,.F.);
#412=ORIENTED_EDGE('',*,*,#812,.F.);
#413=ORIENTED_EDGE('',*,*,#813,.F.);
#414=ORIENTED_EDGE('',*,*,#814,.F.);
#415=ORIENTED_EDGE('',*,*,#815,.F.);
#416=ORIENTED_EDGE('',*,*,#816,.F.);
#417=ORIENTED_EDGE('',*,*,#817,.F.);
#418=ORIENTED_EDGE('',*,*,#818,.T.);
#419=ORIENTED_EDGE('',*,*,#819,.T.);
#420=ORIENTED_EDGE('',*,*,#820,.T.);
#421=ORIENTED_EDGE('',*,*,#821,.T.);
#422=ORIENTED_EDGE('',*,*,#822,.T.);
#423=ORIENTED_EDGE('',*,*,#823,.T.);
#424=ORIENTED_EDGE('',*,*,#824,.T.);
#425=ORIENTED_EDGE('',*,*,#825,.T.);
#426=ORIENTED_EDGE('',*,*,#826,.T.);
#427=ORIENTED_EDGE('',*,*,#827,.T.);
#428=ORIENTED_EDGE('',*,*,#828,.T.);
#429=ORIENTED_EDGE('',*,*,#829,.T.);
#430=ORIENTED_EDGE('',*,*,#830,.T.);
#431=ORIENTED_EDGE('',*,*,#831,.T.);
#432=ORIENTED_EDGE('',*,*,#832,.T.);
#433=ORIENTED_EDGE('',*,*,#833,.T.);
#434=ORIENTED_EDGE('',*,*,#834,.F.);
#435=ORIENTED_EDGE('',*,*,#807,.T.);
#436=ORIENTED_EDGE('',*,*,#835,.F.);
#437=ORIENTED_EDGE('',*,*,#823,.F.);
#438=ORIENTED_EDGE('',*,*,#835,.T.);
#439=ORIENTED_EDGE('',*,*,#806,.T.);
#440=ORIENTED_EDGE('',*,*,#836,.F.);
#441=ORIENTED_EDGE('',*,*,#824,.F.);
#442=ORIENTED_EDGE('',*,*,#834,.T.);
#443=ORIENTED_EDGE('',*,*,#822,.F.);
#444=ORIENTED_EDGE('',*,*,#837,.F.);
#445=ORIENTED_EDGE('',*,*,#808,.T.);
#446=ORIENTED_EDGE('',*,*,#836,.T.);
#447=ORIENTED_EDGE('',*,*,#805,.T.);
#448=ORIENTED_EDGE('',*,*,#838,.F.);
#449=ORIENTED_EDGE('',*,*,#825,.F.);
#450=ORIENTED_EDGE('',*,*,#837,.T.);
#451=ORIENTED_EDGE('',*,*,#821,.F.);
#452=ORIENTED_EDGE('',*,*,#839,.F.);
#453=ORIENTED_EDGE('',*,*,#809,.T.);
#454=ORIENTED_EDGE('',*,*,#838,.T.);
#455=ORIENTED_EDGE('',*,*,#804,.T.);
#456=ORIENTED_EDGE('',*,*,#840,.F.);
#457=ORIENTED_EDGE('',*,*,#818,.F.);
#458=ORIENTED_EDGE('',*,*,#839,.T.);
#459=ORIENTED_EDGE('',*,*,#820,.F.);
#460=ORIENTED_EDGE('',*,*,#841,.F.);
#461=ORIENTED_EDGE('',*,*,#802,.T.);
#462=ORIENTED_EDGE('',*,*,#840,.T.);
#463=ORIENTED_EDGE('',*,*,#803,.T.);
#464=ORIENTED_EDGE('',*,*,#841,.T.);
#465=ORIENTED_EDGE('',*,*,#819,.F.);
#466=ORIENTED_EDGE('',*,*,#842,.F.);
#467=ORIENTED_EDGE('',*,*,#815,.T.);
#468=ORIENTED_EDGE('',*,*,#843,.F.);
#469=ORIENTED_EDGE('',*,*,#831,.F.);
#470=ORIENTED_EDGE('',*,*,#843,.T.);
#471=ORIENTED_EDGE('',*,*,#814,.T.);
#472=ORIENTED_EDGE('',*,*,#844,.F.);
#473=ORIENTED_EDGE('',*,*,#832,.F.);
#474=ORIENTED_EDGE('',*,*,#842,.T.);
#475=ORIENTED_EDGE('',*,*,#830,.F.);
#476=ORIENTED_EDGE('',*,*,#845,.F.);
#477=ORIENTED_EDGE('',*,*,#816,.T.);
#478=ORIENTED_EDGE('',*,*,#844,.T.);
#479=ORIENTED_EDGE('',*,*,#813,.T.);
#480=ORIENTED_EDGE('',*,*,#846,.F.);
#481=ORIENTED_EDGE('',*,*,#833,.F.);
#482=ORIENTED_EDGE('',*,*,#845,.T.);
#483=ORIENTED_EDGE('',*,*,#829,.F.);
#484=ORIENTED_EDGE('',*,*,#847,.F.);
#485=ORIENTED_EDGE('',*,*,#817,.T.);
#486=ORIENTED_EDGE('',*,*,#846,.T.);
#487=ORIENTED_EDGE('',*,*,#812,.T.);
#488=ORIENTED_EDGE('',*,*,#848,.F.);
#489=ORIENTED_EDGE('',*,*,#826,.F.);
#490=ORIENTED_EDGE('',*,*,#847,.T.);
#491=ORIENTED_EDGE('',*,*,#828,.F.);
#492=ORIENTED_EDGE('',*,*,#849,.F.);
#493=ORIENTED_EDGE('',*,*,#810,.T.);
#494=ORIENTED_EDGE('',*,*,#848,.T.);
#495=ORIENTED_EDGE('',*,*,#811,.T.);
#496=ORIENTED_EDGE('',*,*,#849,.T.);
#497=ORIENTED_EDGE('',*,*,#827,.F.);
#498=ORIENTED_EDGE('',*,*,#850,.F.);
#499=ORIENTED_EDGE('',*,*,#801,.T.);
#500=ORIENTED_EDGE('',*,*,#851,.F.);
#501=ORIENTED_EDGE('',*,*,#699,.F.);
#502=ORIENTED_EDGE('',*,*,#851,.T.);
#503=ORIENTED_EDGE('',*,*,#800,.T.);
#504=ORIENTED_EDGE('',*,*,#852,.F.);
#505=ORIENTED_EDGE('',*,*,#700,.F.);
#506=ORIENTED_EDGE('',*,*,#850,.T.);
#507=ORIENTED_EDGE('',*,*,#698,.F.);
#508=ORIENTED_EDGE('',*,*,#853,.F.);
#509=ORIENTED_EDGE('',*,*,#786,.T.);
#510=ORIENTED_EDGE('',*,*,#852,.T.);
#511=ORIENTED_EDGE('',*,*,#799,.T.);
#512=ORIENTED_EDGE('',*,*,#854,.F.);
#513=ORIENTED_EDGE('',*,*,#701,.F.);
#514=ORIENTED_EDGE('',*,*,#853,.T.);
#515=ORIENTED_EDGE('',*,*,#697,.F.);
#516=ORIENTED_EDGE('',*,*,#855,.F.);
#517=ORIENTED_EDGE('',*,*,#787,.T.);
#518=ORIENTED_EDGE('',*,*,#854,.T.);
#519=ORIENTED_EDGE('',*,*,#798,.T.);
#520=ORIENTED_EDGE('',*,*,#856,.F.);
#521=ORIENTED_EDGE('',*,*,#702,.F.);
#522=ORIENTED_EDGE('',*,*,#855,.T.);
#523=ORIENTED_EDGE('',*,*,#696,.F.);
#524=ORIENTED_EDGE('',*,*,#857,.F.);
#525=ORIENTED_EDGE('',*,*,#788,.T.);
#526=ORIENTED_EDGE('',*,*,#856,.T.);
#527=ORIENTED_EDGE('',*,*,#797,.T.);
#528=ORIENTED_EDGE('',*,*,#858,.F.);
#529=ORIENTED_EDGE('',*,*,#703,.F.);
#530=ORIENTED_EDGE('',*,*,#857,.T.);
#531=ORIENTED_EDGE('',*,*,#695,.F.);
#532=ORIENTED_EDGE('',*,*,#859,.F.);
#533=ORIENTED_EDGE('',*,*,#789,.T.);
#534=ORIENTED_EDGE('',*,*,#858,.T.);
#535=ORIENTED_EDGE('',*,*,#796,.T.);
#536=ORIENTED_EDGE('',*,*,#860,.F.);
#537=ORIENTED_EDGE('',*,*,#704,.F.);
#538=ORIENTED_EDGE('',*,*,#859,.T.);
#539=ORIENTED_EDGE('',*,*,#694,.F.);
#540=ORIENTED_EDGE('',*,*,#861,.F.);
#541=ORIENTED_EDGE('',*,*,#790,.T.);
#542=ORIENTED_EDGE('',*,*,#860,.T.);
#543=ORIENTED_EDGE('',*,*,#795,.T.);
#544=ORIENTED_EDGE('',*,*,#862,.F.);
#545=ORIENTED_EDGE('',*,*,#705,.F.);
#546=ORIENTED_EDGE('',*,*,#861,.T.);
#547=ORIENTED_EDGE('',*,*,#693,.F.);
#548=ORIENTED_EDGE('',*,*,#863,.F.);
#549=ORIENTED_EDGE('',*,*,#791,.T.);
#550=ORIENTED_EDGE('',*,*,#862,.T.);
#551=ORIENTED_EDGE('',*,*,#794,.T.);
#552=ORIENTED_EDGE('',*,*,#864,.F.);
#553=ORIENTED_EDGE('',*,*,#690,.F.);
#554=ORIENTED_EDGE('',*,*,#863,.T.);
#555=ORIENTED_EDGE('',*,*,#692,.F.);
#556=ORIENTED_EDGE('',*,*,#865,.F.);
#557=ORIENTED_EDGE('',*,*,#792,.T.);
#558=ORIENTED_EDGE('',*,*,#864,.T.);
#559=ORIENTED_EDGE('',*,*,#793,.T.);
#560=ORIENTED_EDGE('',*,*,#865,.T.);
#561=ORIENTED_EDGE('',*,*,#691,.F.);
#562=ORIENTED_EDGE('',*,*,#866,.F.);
#563=ORIENTED_EDGE('',*,*,#754,.F.);
#564=ORIENTED_EDGE('',*,*,#867,.F.);
#565=ORIENTED_EDGE('',*,*,#715,.F.);
#566=ORIENTED_EDGE('',*,*,#867,.T.);
#567=ORIENTED_EDGE('',*,*,#757,.F.);
#568=ORIENTED_EDGE('',*,*,#868,.F.);
#569=ORIENTED_EDGE('',*,*,#716,.F.);
#570=ORIENTED_EDGE('',*,*,#866,.T.);
#571=ORIENTED_EDGE('',*,*,#714,.F.);
#572=ORIENTED_EDGE('',*,*,#869,.F.);
#573=ORIENTED_EDGE('',*,*,#751,.F.);
#574=ORIENTED_EDGE('',*,*,#868,.T.);
#575=ORIENTED_EDGE('',*,*,#760,.F.);
#576=ORIENTED_EDGE('',*,*,#870,.F.);
#577=ORIENTED_EDGE('',*,*,#717,.F.);
#578=ORIENTED_EDGE('',*,*,#869,.T.);
#579=ORIENTED_EDGE('',*,*,#713,.F.);
#580=ORIENTED_EDGE('',*,*,#871,.F.);
#581=ORIENTED_EDGE('',*,*,#748,.F.);
#582=ORIENTED_EDGE('',*,*,#870,.T.);
#583=ORIENTED_EDGE('',*,*,#763,.F.);
#584=ORIENTED_EDGE('',*,*,#872,.F.);
#585=ORIENTED_EDGE('',*,*,#718,.F.);
#586=ORIENTED_EDGE('',*,*,#871,.T.);
#587=ORIENTED_EDGE('',*,*,#712,.F.);
#588=ORIENTED_EDGE('',*,*,#873,.F.);
#589=ORIENTED_EDGE('',*,*,#745,.F.);
#590=ORIENTED_EDGE('',*,*,#872,.T.);
#591=ORIENTED_EDGE('',*,*,#766,.F.);
#592=ORIENTED_EDGE('',*,*,#874,.F.);
#593=ORIENTED_EDGE('',*,*,#719,.F.);
#594=ORIENTED_EDGE('',*,*,#873,.T.);
#595=ORIENTED_EDGE('',*,*,#711,.F.);
#596=ORIENTED_EDGE('',*,*,#875,.F.);
#597=ORIENTED_EDGE('',*,*,#742,.F.);
#598=ORIENTED_EDGE('',*,*,#874,.T.);
#599=ORIENTED_EDGE('',*,*,#768,.F.);
#600=ORIENTED_EDGE('',*,*,#876,.F.);
#601=ORIENTED_EDGE('',*,*,#720,.F.);
#602=ORIENTED_EDGE('',*,*,#875,.T.);
#603=ORIENTED_EDGE('',*,*,#710,.F.);
#604=ORIENTED_EDGE('',*,*,#877,.F.);
#605=ORIENTED_EDGE('',*,*,#739,.F.);
#606=ORIENTED_EDGE('',*,*,#876,.T.);
#607=ORIENTED_EDGE('',*,*,#723,.F.);
#608=ORIENTED_EDGE('',*,*,#878,.F.);
#609=ORIENTED_EDGE('',*,*,#721,.F.);
#610=ORIENTED_EDGE('',*,*,#877,.T.);
#611=ORIENTED_EDGE('',*,*,#709,.F.);
#612=ORIENTED_EDGE('',*,*,#879,.F.);
#613=ORIENTED_EDGE('',*,*,#736,.F.);
#614=ORIENTED_EDGE('',*,*,#878,.T.);
#615=ORIENTED_EDGE('',*,*,#727,.F.);
#616=ORIENTED_EDGE('',*,*,#880,.F.);
#617=ORIENTED_EDGE('',*,*,#706,.F.);
#618=ORIENTED_EDGE('',*,*,#879,.T.);
#619=ORIENTED_EDGE('',*,*,#708,.F.);
#620=ORIENTED_EDGE('',*,*,#881,.F.);
#621=ORIENTED_EDGE('',*,*,#733,.F.);
#622=ORIENTED_EDGE('',*,*,#880,.T.);
#623=ORIENTED_EDGE('',*,*,#730,.F.);
#624=ORIENTED_EDGE('',*,*,#881,.T.);
#625=ORIENTED_EDGE('',*,*,#707,.F.);
#626=ORIENTED_EDGE('',*,*,#882,.F.);
#627=ORIENTED_EDGE('',*,*,#779,.F.);
#628=ORIENTED_EDGE('',*,*,#883,.F.);
#629=ORIENTED_EDGE('',*,*,#755,.F.);
#630=ORIENTED_EDGE('',*,*,#883,.T.);
#631=ORIENTED_EDGE('',*,*,#778,.F.);
#632=ORIENTED_EDGE('',*,*,#884,.F.);
#633=ORIENTED_EDGE('',*,*,#758,.F.);
#634=ORIENTED_EDGE('',*,*,#882,.T.);
#635=ORIENTED_EDGE('',*,*,#752,.F.);
#636=ORIENTED_EDGE('',*,*,#885,.F.);
#637=ORIENTED_EDGE('',*,*,#780,.F.);
#638=ORIENTED_EDGE('',*,*,#884,.T.);
#639=ORIENTED_EDGE('',*,*,#777,.F.);
#640=ORIENTED_EDGE('',*,*,#886,.F.);
#641=ORIENTED_EDGE('',*,*,#761,.F.);
#642=ORIENTED_EDGE('',*,*,#885,.T.);
#643=ORIENTED_EDGE('',*,*,#749,.F.);
#644=ORIENTED_EDGE('',*,*,#887,.F.);
#645=ORIENTED_EDGE('',*,*,#781,.F.);
#646=ORIENTED_EDGE('',*,*,#886,.T.);
#647=ORIENTED_EDGE('',*,*,#776,.F.);
#648=ORIENTED_EDGE('',*,*,#888,.F.);
#649=ORIENTED_EDGE('',*,*,#764,.F.);
#650=ORIENTED_EDGE('',*,*,#887,.T.);
#651=ORIENTED_EDGE('',*,*,#746,.F.);
#652=ORIENTED_EDGE('',*,*,#889,.F.);
#653=ORIENTED_EDGE('',*,*,#782,.F.);
#654=ORIENTED_EDGE('',*,*,#888,.T.);
#655=ORIENTED_EDGE('',*,*,#775,.F.);
#656=ORIENTED_EDGE('',*,*,#890,.F.);
#657=ORIENTED_EDGE('',*,*,#767,.F.);
#658=ORIENTED_EDGE('',*,*,#889,.T.);
#659=ORIENTED_EDGE('',*,*,#743,.F.);
#660=ORIENTED_EDGE('',*,*,#891,.F.);
#661=ORIENTED_EDGE('',*,*,#783,.F.);
#662=ORIENTED_EDGE('',*,*,#890,.T.);
#663=ORIENTED_EDGE('',*,*,#774,.F.);
#664=ORIENTED_EDGE('',*,*,#892,.F.);
#665=ORIENTED_EDGE('',*,*,#769,.F.);
#666=ORIENTED_EDGE('',*,*,#891,.T.);
#667=ORIENTED_EDGE('',*,*,#740,.F.);
#668=ORIENTED_EDGE('',*,*,#893,.F.);
#669=ORIENTED_EDGE('',*,*,#784,.F.);
#670=ORIENTED_EDGE('',*,*,#892,.T.);
#671=ORIENTED_EDGE('',*,*,#773,.F.);
#672=ORIENTED_EDGE('',*,*,#894,.F.);
#673=ORIENTED_EDGE('',*,*,#725,.F.);
#674=ORIENTED_EDGE('',*,*,#893,.T.);
#675=ORIENTED_EDGE('',*,*,#737,.F.);
#676=ORIENTED_EDGE('',*,*,#895,.F.);
#677=ORIENTED_EDGE('',*,*,#785,.F.);
#678=ORIENTED_EDGE('',*,*,#894,.T.);
#679=ORIENTED_EDGE('',*,*,#772,.F.);
#680=ORIENTED_EDGE('',*,*,#896,.F.);
#681=ORIENTED_EDGE('',*,*,#728,.F.);
#682=ORIENTED_EDGE('',*,*,#895,.T.);
#683=ORIENTED_EDGE('',*,*,#734,.F.);
#684=ORIENTED_EDGE('',*,*,#897,.F.);
#685=ORIENTED_EDGE('',*,*,#770,.F.);
#686=ORIENTED_EDGE('',*,*,#896,.T.);
#687=ORIENTED_EDGE('',*,*,#771,.F.);
#688=ORIENTED_EDGE('',*,*,#897,.T.);
#689=ORIENTED_EDGE('',*,*,#731,.F.);
#690=EDGE_CURVE('',#898,#899,#1026,.T.);
#691=EDGE_CURVE('',#899,#900,#1027,.T.);
#692=EDGE_CURVE('',#900,#901,#1028,.T.);
#693=EDGE_CURVE('',#901,#902,#1029,.T.);
#694=EDGE_CURVE('',#902,#903,#1030,.T.);
#695=EDGE_CURVE('',#903,#904,#1031,.T.);
#696=EDGE_CURVE('',#904,#905,#1032,.T.);
#697=EDGE_CURVE('',#905,#906,#1033,.T.);
#698=EDGE_CURVE('',#906,#907,#1034,.T.);
#699=EDGE_CURVE('',#907,#908,#1035,.T.);
#700=EDGE_CURVE('',#908,#909,#1036,.T.);
#701=EDGE_CURVE('',#909,#910,#1037,.T.);
#702=EDGE_CURVE('',#910,#911,#1038,.T.);
#703=EDGE_CURVE('',#911,#912,#1039,.T.);
#704=EDGE_CURVE('',#912,#913,#1040,.T.);
#705=EDGE_CURVE('',#913,#898,#1041,.T.);
#706=EDGE_CURVE('',#914,#915,#178,.F.);
#707=EDGE_CURVE('',#915,#916,#84,.T.);
#708=EDGE_CURVE('',#916,#917,#179,.T.);
#709=EDGE_CURVE('',#917,#918,#85,.T.);
#710=EDGE_CURVE('',#918,#919,#180,.T.);
#711=EDGE_CURVE('',#919,#920,#86,.T.);
#712=EDGE_CURVE('',#920,#921,#181,.F.);
#713=EDGE_CURVE('',#921,#922,#87,.T.);
#714=EDGE_CURVE('',#922,#923,#182,.F.);
#715=EDGE_CURVE('',#923,#924,#88,.F.);
#716=EDGE_CURVE('',#924,#925,#183,.T.);
#717=EDGE_CURVE('',#925,#926,#89,.T.);
#718=EDGE_CURVE('',#926,#927,#184,.F.);
#719=EDGE_CURVE('',#927,#928,#90,.T.);
#720=EDGE_CURVE('',#928,#929,#185,.F.);
#721=EDGE_CURVE('',#929,#914,#91,.F.);
#722=EDGE_CURVE('',#930,#931,#186,.T.);
#723=EDGE_CURVE('',#931,#932,#92,.T.);
#724=EDGE_CURVE('',#933,#932,#187,.T.);
#725=EDGE_CURVE('',#933,#930,#93,.F.);
#726=EDGE_CURVE('',#934,#935,#188,.T.);
#727=EDGE_CURVE('',#935,#931,#189,.T.);
#728=EDGE_CURVE('',#930,#934,#190,.F.);
#729=EDGE_CURVE('',#936,#937,#191,.T.);
#730=EDGE_CURVE('',#937,#935,#94,.F.);
#731=EDGE_CURVE('',#934,#936,#95,.T.);
#732=EDGE_CURVE('',#938,#939,#192,.T.);
#733=EDGE_CURVE('',#939,#937,#193,.F.);
#734=EDGE_CURVE('',#936,#938,#194,.T.);
#735=EDGE_CURVE('',#940,#941,#195,.T.);
#736=EDGE_CURVE('',#941,#939,#96,.F.);
#737=EDGE_CURVE('',#938,#940,#97,.T.);
#738=EDGE_CURVE('',#942,#943,#196,.T.);
#739=EDGE_CURVE('',#943,#941,#197,.F.);
#740=EDGE_CURVE('',#940,#942,#198,.T.);
#741=EDGE_CURVE('',#944,#945,#199,.T.);
#742=EDGE_CURVE('',#945,#943,#98,.F.);
#743=EDGE_CURVE('',#942,#944,#99,.T.);
#744=EDGE_CURVE('',#946,#947,#200,.T.);
#745=EDGE_CURVE('',#947,#945,#201,.T.);
#746=EDGE_CURVE('',#944,#946,#202,.F.);
#747=EDGE_CURVE('',#948,#949,#203,.T.);
#748=EDGE_CURVE('',#949,#947,#100,.F.);
#749=EDGE_CURVE('',#946,#948,#101,.T.);
#750=EDGE_CURVE('',#950,#951,#204,.T.);
#751=EDGE_CURVE('',#951,#949,#205,.T.);
#752=EDGE_CURVE('',#948,#950,#206,.F.);
#753=EDGE_CURVE('',#952,#953,#207,.T.);
#754=EDGE_CURVE('',#953,#951,#102,.T.);
#755=EDGE_CURVE('',#950,#952,#103,.F.);
#756=EDGE_CURVE('',#954,#955,#208,.T.);
#757=EDGE_CURVE('',#955,#953,#209,.F.);
#758=EDGE_CURVE('',#952,#954,#210,.T.);
#759=EDGE_CURVE('',#956,#957,#211,.T.);
#760=EDGE_CURVE('',#957,#955,#104,.F.);
#761=EDGE_CURVE('',#954,#956,#105,.T.);
#762=EDGE_CURVE('',#958,#959,#212,.T.);
#763=EDGE_CURVE('',#959,#957,#213,.T.);
#764=EDGE_CURVE('',#956,#958,#214,.F.);
#765=EDGE_CURVE('',#960,#961,#215,.T.);
#766=EDGE_CURVE('',#961,#959,#106,.F.);
#767=EDGE_CURVE('',#958,#960,#107,.T.);
#768=EDGE_CURVE('',#932,#961,#216,.T.);
#769=EDGE_CURVE('',#960,#933,#217,.F.);
#770=EDGE_CURVE('',#962,#963,#218,.F.);
#771=EDGE_CURVE('',#963,#964,#108,.F.);
#772=EDGE_CURVE('',#964,#965,#219,.T.);
#773=EDGE_CURVE('',#965,#966,#109,.T.);
#774=EDGE_CURVE('',#966,#967,#220,.T.);
#775=EDGE_CURVE('',#967,#968,#110,.F.);
#776=EDGE_CURVE('',#968,#969,#221,.T.);
#777=EDGE_CURVE('',#969,#970,#111,.F.);
#778=EDGE_CURVE('',#970,#971,#222,.F.);
#779=EDGE_CURVE('',#971,#972,#112,.T.);
#780=EDGE_CURVE('',#972,#973,#223,.T.);
#781=EDGE_CURVE('',#973,#974,#113,.F.);
#782=EDGE_CURVE('',#974,#975,#224,.T.);
#783=EDGE_CURVE('',#975,#976,#114,.F.);
#784=EDGE_CURVE('',#976,#977,#225,.F.);
#785=EDGE_CURVE('',#977,#962,#115,.F.);
#786=EDGE_CURVE('',#978,#979,#1042,.T.);
#787=EDGE_CURVE('',#980,#978,#1043,.T.);
#788=EDGE_CURVE('',#981,#980,#1044,.T.);
#789=EDGE_CURVE('',#982,#981,#1045,.T.);
#790=EDGE_CURVE('',#983,#982,#1046,.T.);
#791=EDGE_CURVE('',#984,#983,#1047,.T.);
#792=EDGE_CURVE('',#985,#984,#1048,.T.);
#793=EDGE_CURVE('',#986,#985,#1049,.T.);
#794=EDGE_CURVE('',#987,#986,#1050,.T.);
#795=EDGE_CURVE('',#988,#987,#1051,.T.);
#796=EDGE_CURVE('',#989,#988,#1052,.T.);
#797=EDGE_CURVE('',#990,#989,#1053,.T.);
#798=EDGE_CURVE('',#991,#990,#1054,.T.);
#799=EDGE_CURVE('',#992,#991,#1055,.T.);
#800=EDGE_CURVE('',#993,#992,#1056,.T.);
#801=EDGE_CURVE('',#979,#993,#1057,.T.);
#802=EDGE_CURVE('',#994,#995,#1058,.T.);
#803=EDGE_CURVE('',#996,#994,#1059,.T.);
#804=EDGE_CURVE('',#997,#996,#1060,.T.);
#805=EDGE_CURVE('',#998,#997,#1061,.T.);
#806=EDGE_CURVE('',#999,#998,#1062,.T.);
#807=EDGE_CURVE('',#1000,#999,#1063,.T.);
#808=EDGE_CURVE('',#1001,#1000,#1064,.T.);
#809=EDGE_CURVE('',#995,#1001,#1065,.T.);
#810=EDGE_CURVE('',#1002,#1003,#1066,.T.);
#811=EDGE_CURVE('',#1004,#1002,#1067,.T.);
#812=EDGE_CURVE('',#1005,#1004,#1068,.T.);
#813=EDGE_CURVE('',#1006,#1005,#1069,.T.);
#814=EDGE_CURVE('',#1007,#1006,#1070,.T.);
#815=EDGE_CURVE('',#1008,#1007,#1071,.T.);
#816=EDGE_CURVE('',#1009,#1008,#1072,.T.);
#817=EDGE_CURVE('',#1003,#1009,#1073,.T.);
#818=EDGE_CURVE('',#1010,#1011,#1074,.T.);
#819=EDGE_CURVE('',#1011,#1012,#1075,.T.);
#820=EDGE_CURVE('',#1012,#1013,#1076,.T.);
#821=EDGE_CURVE('',#1013,#1014,#1077,.T.);
#822=EDGE_CURVE('',#1014,#1015,#1078,.T.);
#823=EDGE_CURVE('',#1015,#1016,#1079,.T.);
#824=EDGE_CURVE('',#1016,#1017,#1080,.T.);
#825=EDGE_CURVE('',#1017,#1010,#1081,.T.);
#826=EDGE_CURVE('',#1018,#1019,#1082,.T.);
#827=EDGE_CURVE('',#1019,#1020,#1083,.T.);
#828=EDGE_CURVE('',#1020,#1021,#1084,.T.);
#829=EDGE_CURVE('',#1021,#1022,#1085,.T.);
#830=EDGE_CURVE('',#1022,#1023,#1086,.T.);
#831=EDGE_CURVE('',#1023,#1024,#1087,.T.);
#832=EDGE_CURVE('',#1024,#1025,#1088,.T.);
#833=EDGE_CURVE('',#1025,#1018,#1089,.T.);
#834=EDGE_CURVE('',#1000,#1015,#116,.T.);
#835=EDGE_CURVE('',#1016,#999,#117,.T.);
#836=EDGE_CURVE('',#1017,#998,#118,.T.);
#837=EDGE_CURVE('',#1001,#1014,#119,.T.);
#838=EDGE_CURVE('',#1010,#997,#120,.T.);
#839=EDGE_CURVE('',#995,#1013,#121,.T.);
#840=EDGE_CURVE('',#1011,#996,#122,.T.);
#841=EDGE_CURVE('',#994,#1012,#123,.T.);
#842=EDGE_CURVE('',#1008,#1023,#124,.T.);
#843=EDGE_CURVE('',#1024,#1007,#125,.T.);
#844=EDGE_CURVE('',#1025,#1006,#126,.T.);
#845=EDGE_CURVE('',#1009,#1022,#127,.T.);
#846=EDGE_CURVE('',#1018,#1005,#128,.T.);
#847=EDGE_CURVE('',#1003,#1021,#129,.T.);
#848=EDGE_CURVE('',#1019,#1004,#130,.T.);
#849=EDGE_CURVE('',#1002,#1020,#131,.T.);
#850=EDGE_CURVE('',#979,#907,#132,.T.);
#851=EDGE_CURVE('',#908,#993,#1090,.F.);
#852=EDGE_CURVE('',#909,#992,#133,.T.);
#853=EDGE_CURVE('',#978,#906,#134,.T.);
#854=EDGE_CURVE('',#910,#991,#135,.T.);
#855=EDGE_CURVE('',#980,#905,#136,.T.);
#856=EDGE_CURVE('',#911,#990,#137,.T.);
#857=EDGE_CURVE('',#981,#904,#138,.T.);
#858=EDGE_CURVE('',#912,#989,#139,.T.);
#859=EDGE_CURVE('',#982,#903,#140,.T.);
#860=EDGE_CURVE('',#913,#988,#141,.T.);
#861=EDGE_CURVE('',#983,#902,#142,.T.);
#862=EDGE_CURVE('',#898,#987,#143,.T.);
#863=EDGE_CURVE('',#984,#901,#144,.T.);
#864=EDGE_CURVE('',#899,#986,#145,.T.);
#865=EDGE_CURVE('',#985,#900,#1091,.T.);
#866=EDGE_CURVE('',#951,#923,#146,.T.);
#867=EDGE_CURVE('',#924,#953,#147,.T.);
#868=EDGE_CURVE('',#925,#955,#148,.T.);
#869=EDGE_CURVE('',#949,#922,#149,.T.);
#870=EDGE_CURVE('',#926,#957,#150,.T.);
#871=EDGE_CURVE('',#947,#921,#151,.T.);
#872=EDGE_CURVE('',#927,#959,#152,.T.);
#873=EDGE_CURVE('',#945,#920,#153,.T.);
#874=EDGE_CURVE('',#928,#961,#154,.T.);
#875=EDGE_CURVE('',#943,#919,#155,.T.);
#876=EDGE_CURVE('',#929,#932,#156,.T.);
#877=EDGE_CURVE('',#941,#918,#157,.T.);
#878=EDGE_CURVE('',#914,#931,#158,.T.);
#879=EDGE_CURVE('',#939,#917,#159,.T.);
#880=EDGE_CURVE('',#915,#935,#160,.T.);
#881=EDGE_CURVE('',#937,#916,#161,.T.);
#882=EDGE_CURVE('',#972,#950,#162,.T.);
#883=EDGE_CURVE('',#952,#971,#163,.T.);
#884=EDGE_CURVE('',#954,#970,#164,.T.);
#885=EDGE_CURVE('',#973,#948,#165,.T.);
#886=EDGE_CURVE('',#956,#969,#166,.T.);
#887=EDGE_CURVE('',#974,#946,#167,.T.);
#888=EDGE_CURVE('',#958,#968,#168,.T.);
#889=EDGE_CURVE('',#975,#944,#169,.T.);
#890=EDGE_CURVE('',#960,#967,#170,.T.);
#891=EDGE_CURVE('',#976,#942,#171,.T.);
#892=EDGE_CURVE('',#933,#966,#172,.T.);
#893=EDGE_CURVE('',#977,#940,#173,.T.);
#894=EDGE_CURVE('',#930,#965,#174,.T.);
#895=EDGE_CURVE('',#962,#938,#175,.T.);
#896=EDGE_CURVE('',#934,#964,#176,.T.);
#897=EDGE_CURVE('',#963,#936,#177,.T.);
#898=VERTEX_POINT('',#1876);
#899=VERTEX_POINT('',#1877);
#900=VERTEX_POINT('',#1882);
#901=VERTEX_POINT('',#1887);
#902=VERTEX_POINT('',#1892);
#903=VERTEX_POINT('',#1898);
#904=VERTEX_POINT('',#1903);
#905=VERTEX_POINT('',#1908);
#906=VERTEX_POINT('',#1914);
#907=VERTEX_POINT('',#1919);
#908=VERTEX_POINT('',#1924);
#909=VERTEX_POINT('',#1929);
#910=VERTEX_POINT('',#1934);
#911=VERTEX_POINT('',#1940);
#912=VERTEX_POINT('',#1945);
#913=VERTEX_POINT('',#1950);
#914=VERTEX_POINT('',#1957);
#915=VERTEX_POINT('',#1958);
#916=VERTEX_POINT('',#1960);
#917=VERTEX_POINT('',#1962);
#918=VERTEX_POINT('',#1964);
#919=VERTEX_POINT('',#1966);
#920=VERTEX_POINT('',#1968);
#921=VERTEX_POINT('',#1970);
#922=VERTEX_POINT('',#1972);
#923=VERTEX_POINT('',#1974);
#924=VERTEX_POINT('',#1976);
#925=VERTEX_POINT('',#1978);
#926=VERTEX_POINT('',#1980);
#927=VERTEX_POINT('',#1982);
#928=VERTEX_POINT('',#1984);
#929=VERTEX_POINT('',#1986);
#930=VERTEX_POINT('',#1990);
#931=VERTEX_POINT('',#1991);
#932=VERTEX_POINT('',#1993);
#933=VERTEX_POINT('',#1995);
#934=VERTEX_POINT('',#1999);
#935=VERTEX_POINT('',#2000);
#936=VERTEX_POINT('',#2005);
#937=VERTEX_POINT('',#2006);
#938=VERTEX_POINT('',#2011);
#939=VERTEX_POINT('',#2012);
#940=VERTEX_POINT('',#2017);
#941=VERTEX_POINT('',#2018);
#942=VERTEX_POINT('',#2023);
#943=VERTEX_POINT('',#2024);
#944=VERTEX_POINT('',#2029);
#945=VERTEX_POINT('',#2030);
#946=VERTEX_POINT('',#2035);
#947=VERTEX_POINT('',#2036);
#948=VERTEX_POINT('',#2041);
#949=VERTEX_POINT('',#2042);
#950=VERTEX_POINT('',#2047);
#951=VERTEX_POINT('',#2048);
#952=VERTEX_POINT('',#2053);
#953=VERTEX_POINT('',#2054);
#954=VERTEX_POINT('',#2059);
#955=VERTEX_POINT('',#2060);
#956=VERTEX_POINT('',#2065);
#957=VERTEX_POINT('',#2066);
#958=VERTEX_POINT('',#2071);
#959=VERTEX_POINT('',#2072);
#960=VERTEX_POINT('',#2077);
#961=VERTEX_POINT('',#2078);
#962=VERTEX_POINT('',#2086);
#963=VERTEX_POINT('',#2087);
#964=VERTEX_POINT('',#2089);
#965=VERTEX_POINT('',#2091);
#966=VERTEX_POINT('',#2093);
#967=VERTEX_POINT('',#2095);
#968=VERTEX_POINT('',#2097);
#969=VERTEX_POINT('',#2099);
#970=VERTEX_POINT('',#2101);
#971=VERTEX_POINT('',#2103);
#972=VERTEX_POINT('',#2105);
#973=VERTEX_POINT('',#2107);
#974=VERTEX_POINT('',#2109);
#975=VERTEX_POINT('',#2111);
#976=VERTEX_POINT('',#2113);
#977=VERTEX_POINT('',#2115);
#978=VERTEX_POINT('',#2121);
#979=VERTEX_POINT('',#2122);
#980=VERTEX_POINT('',#2126);
#981=VERTEX_POINT('',#2130);
#982=VERTEX_POINT('',#2134);
#983=VERTEX_POINT('',#2138);
#984=VERTEX_POINT('',#2142);
#985=VERTEX_POINT('',#2146);
#986=VERTEX_POINT('',#2150);
#987=VERTEX_POINT('',#2154);
#988=VERTEX_POINT('',#2158);
#989=VERTEX_POINT('',#2162);
#990=VERTEX_POINT('',#2166);
#991=VERTEX_POINT('',#2170);
#992=VERTEX_POINT('',#2174);
#993=VERTEX_POINT('',#2178);
#994=VERTEX_POINT('',#2185);
#995=VERTEX_POINT('',#2186);
#996=VERTEX_POINT('',#2190);
#997=VERTEX_POINT('',#2194);
#998=VERTEX_POINT('',#2198);
#999=VERTEX_POINT('',#2202);
#1000=VERTEX_POINT('',#2206);
#1001=VERTEX_POINT('',#2210);
#1002=VERTEX_POINT('',#2217);
#1003=VERTEX_POINT('',#2218);
#1004=VERTEX_POINT('',#2222);
#1005=VERTEX_POINT('',#2226);
#1006=VERTEX_POINT('',#2230);
#1007=VERTEX_POINT('',#2234);
#1008=VERTEX_POINT('',#2238);
#1009=VERTEX_POINT('',#2242);
#1010=VERTEX_POINT('',#2251);
#1011=VERTEX_POINT('',#2252);
#1012=VERTEX_POINT('',#2257);
#1013=VERTEX_POINT('',#2262);
#1014=VERTEX_POINT('',#2267);
#1015=VERTEX_POINT('',#2272);
#1016=VERTEX_POINT('',#2277);
#1017=VERTEX_POINT('',#2282);
#1018=VERTEX_POINT('',#2292);
#1019=VERTEX_POINT('',#2293);
#1020=VERTEX_POINT('',#2298);
#1021=VERTEX_POINT('',#2303);
#1022=VERTEX_POINT('',#2308);
#1023=VERTEX_POINT('',#2313);
#1024=VERTEX_POINT('',#2318);
#1025=VERTEX_POINT('',#2323);
#1026=B_SPLINE_CURVE_WITH_KNOTS('',3,(#1872,#1873,#1874,#1875),
 .UNSPECIFIED.,.F.,.F.,(4,4),(0.,0.00175854890093246),.UNSPECIFIED.);
#1027=B_SPLINE_CURVE_WITH_KNOTS('',3,(#1878,#1879,#1880,#1881),
 .UNSPECIFIED.,.F.,.F.,(4,4),(0.,0.0010347531526888),.UNSPECIFIED.);
#1028=B_SPLINE_CURVE_WITH_KNOTS('',3,(#1883,#1884,#1885,#1886),
 .UNSPECIFIED.,.F.,.F.,(4,4),(0.,0.000876755082499173),.UNSPECIFIED.);
#1029=B_SPLINE_CURVE_WITH_KNOTS('',3,(#1888,#1889,#1890,#1891),
 .UNSPECIFIED.,.F.,.F.,(4,4),(0.,0.00157189804744898),.UNSPECIFIED.);
#1030=B_SPLINE_CURVE_WITH_KNOTS('',3,(#1893,#1894,#1895,#1896,#1897),
 .UNSPECIFIED.,.F.,.F.,(4,1,4),(0.,0.00128719726935267,0.00257439453870534),
 .UNSPECIFIED.);
#1031=B_SPLINE_CURVE_WITH_KNOTS('',3,(#1899,#1900,#1901,#1902),
 .UNSPECIFIED.,.F.,.F.,(4,4),(0.,0.00275216468203727),.UNSPECIFIED.);
#1032=B_SPLINE_CURVE_WITH_KNOTS('',3,(#1904,#1905,#1906,#1907),
 .UNSPECIFIED.,.F.,.F.,(4,4),(0.,0.00274961272012969),.UNSPECIFIED.);
#1033=B_SPLINE_CURVE_WITH_KNOTS('',3,(#1909,#1910,#1911,#1912,#1913),
 .UNSPECIFIED.,.F.,.F.,(4,1,4),(0.,0.00128800209849161,0.00257600419698321),
 .UNSPECIFIED.);
#1034=B_SPLINE_CURVE_WITH_KNOTS('',3,(#1915,#1916,#1917,#1918),
 .UNSPECIFIED.,.F.,.F.,(4,4),(0.,0.00157627409489),.UNSPECIFIED.);
#1035=B_SPLINE_CURVE_WITH_KNOTS('',3,(#1920,#1921,#1922,#1923),
 .UNSPECIFIED.,.F.,.F.,(4,4),(0.,0.000877106183044609),.UNSPECIFIED.);
#1036=B_SPLINE_CURVE_WITH_KNOTS('',3,(#1925,#1926,#1927,#1928),
 .UNSPECIFIED.,.F.,.F.,(4,4),(2.77555756156289E-16,0.00104202740952811),
 .UNSPECIFIED.);
#1037=B_SPLINE_CURVE_WITH_KNOTS('',3,(#1930,#1931,#1932,#1933),
 .UNSPECIFIED.,.F.,.F.,(4,4),(0.,0.00175482467465552),.UNSPECIFIED.);
#1038=B_SPLINE_CURVE_WITH_KNOTS('',3,(#1935,#1936,#1937,#1938,#1939),
 .UNSPECIFIED.,.F.,.F.,(4,1,4),(0.,0.00133711176566859,0.00267422353133717),
 .UNSPECIFIED.);
#1039=B_SPLINE_CURVE_WITH_KNOTS('',3,(#1941,#1942,#1943,#1944),
 .UNSPECIFIED.,.F.,.F.,(4,4),(0.,0.00288922142407871),.UNSPECIFIED.);
#1040=B_SPLINE_CURVE_WITH_KNOTS('',3,(#1946,#1947,#1948,#1949),
 .UNSPECIFIED.,.F.,.F.,(4,4),(0.,0.00290179716619992),.UNSPECIFIED.);
#1041=B_SPLINE_CURVE_WITH_KNOTS('',3,(#1951,#1952,#1953,#1954,#1955),
 .UNSPECIFIED.,.F.,.F.,(4,1,4),(0.,0.00133319698123579,0.00266639396247158),
 .UNSPECIFIED.);
#1042=B_SPLINE_CURVE_WITH_KNOTS('',2,(#2118,#2119,#2120),.UNSPECIFIED.,
 .F.,.F.,(3,3),(0.,1.),.PIECEWISE_BEZIER_KNOTS.);
#1043=B_SPLINE_CURVE_WITH_KNOTS('',2,(#2123,#2124,#2125),.UNSPECIFIED.,
 .F.,.F.,(3,3),(0.,1.),.PIECEWISE_BEZIER_KNOTS.);
#1044=B_SPLINE_CURVE_WITH_KNOTS('',2,(#2127,#2128,#2129),.UNSPECIFIED.,
 .F.,.F.,(3,3),(0.,1.),.PIECEWISE_BEZIER_KNOTS.);
#1045=B_SPLINE_CURVE_WITH_KNOTS('',2,(#2131,#2132,#2133),.UNSPECIFIED.,
 .F.,.F.,(3,3),(0.,1.),.PIECEWISE_BEZIER_KNOTS.);
#1046=B_SPLINE_CURVE_WITH_KNOTS('',2,(#2135,#2136,#2137),.UNSPECIFIED.,
 .F.,.F.,(3,3),(0.,1.),.PIECEWISE_BEZIER_KNOTS.);
#1047=B_SPLINE_CURVE_WITH_KNOTS('',2,(#2139,#2140,#2141),.UNSPECIFIED.,
 .F.,.F.,(3,3),(0.,1.),.PIECEWISE_BEZIER_KNOTS.);
#1048=B_SPLINE_CURVE_WITH_KNOTS('',2,(#2143,#2144,#2145),.UNSPECIFIED.,
 .F.,.F.,(3,3),(0.,1.),.PIECEWISE_BEZIER_KNOTS.);
#1049=B_SPLINE_CURVE_WITH_KNOTS('',2,(#2147,#2148,#2149),.UNSPECIFIED.,
 .F.,.F.,(3,3),(0.,1.),.PIECEWISE_BEZIER_KNOTS.);
#1050=B_SPLINE_CURVE_WITH_KNOTS('',2,(#2151,#2152,#2153),.UNSPECIFIED.,
 .F.,.F.,(3,3),(0.,1.),.PIECEWISE_BEZIER_KNOTS.);
#1051=B_SPLINE_CURVE_WITH_KNOTS('',2,(#2155,#2156,#2157),.UNSPECIFIED.,
 .F.,.F.,(3,3),(0.,1.),.PIECEWISE_BEZIER_KNOTS.);
#1052=B_SPLINE_CURVE_WITH_KNOTS('',2,(#2159,#2160,#2161),.UNSPECIFIED.,
 .F.,.F.,(3,3),(0.,1.),.PIECEWISE_BEZIER_KNOTS.);
#1053=B_SPLINE_CURVE_WITH_KNOTS('',2,(#2163,#2164,#2165),.UNSPECIFIED.,
 .F.,.F.,(3,3),(0.,1.),.PIECEWISE_BEZIER_KNOTS.);
#1054=B_SPLINE_CURVE_WITH_KNOTS('',2,(#2167,#2168,#2169),.UNSPECIFIED.,
 .F.,.F.,(3,3),(0.,1.),.PIECEWISE_BEZIER_KNOTS.);
#1055=B_SPLINE_CURVE_WITH_KNOTS('',2,(#2171,#2172,#2173),.UNSPECIFIED.,
 .F.,.F.,(3,3),(0.,1.),.PIECEWISE_BEZIER_KNOTS.);
#1056=B_SPLINE_CURVE_WITH_KNOTS('',2,(#2175,#2176,#2177),.UNSPECIFIED.,
 .F.,.F.,(3,3),(0.,1.),.PIECEWISE_BEZIER_KNOTS.);
#1057=B_SPLINE_CURVE_WITH_KNOTS('',2,(#2179,#2180,#2181),.UNSPECIFIED.,
 .F.,.F.,(3,3),(0.,1.),.PIECEWISE_BEZIER_KNOTS.);
#1058=B_SPLINE_CURVE_WITH_KNOTS('',2,(#2182,#2183,#2184),.UNSPECIFIED.,
 .F.,.F.,(3,3),(0.,1.),.PIECEWISE_BEZIER_KNOTS.);
#1059=B_SPLINE_CURVE_WITH_KNOTS('',2,(#2187,#2188,#2189),.UNSPECIFIED.,
 .F.,.F.,(3,3),(0.,1.),.PIECEWISE_BEZIER_KNOTS.);
#1060=B_SPLINE_CURVE_WITH_KNOTS('',2,(#2191,#2192,#2193),.UNSPECIFIED.,
 .F.,.F.,(3,3),(0.,1.),.PIECEWISE_BEZIER_KNOTS.);
#1061=B_SPLINE_CURVE_WITH_KNOTS('',2,(#2195,#2196,#2197),.UNSPECIFIED.,
 .F.,.F.,(3,3),(0.,1.),.PIECEWISE_BEZIER_KNOTS.);
#1062=B_SPLINE_CURVE_WITH_KNOTS('',2,(#2199,#2200,#2201),.UNSPECIFIED.,
 .F.,.F.,(3,3),(0.,1.),.PIECEWISE_BEZIER_KNOTS.);
#1063=B_SPLINE_CURVE_WITH_KNOTS('',2,(#2203,#2204,#2205),.UNSPECIFIED.,
 .F.,.F.,(3,3),(0.,1.),.PIECEWISE_BEZIER_KNOTS.);
#1064=B_SPLINE_CURVE_WITH_KNOTS('',2,(#2207,#2208,#2209),.UNSPECIFIED.,
 .F.,.F.,(3,3),(0.,1.),.PIECEWISE_BEZIER_KNOTS.);
#1065=B_SPLINE_CURVE_WITH_KNOTS('',2,(#2211,#2212,#2213),.UNSPECIFIED.,
 .F.,.F.,(3,3),(0.,1.),.PIECEWISE_BEZIER_KNOTS.);
#1066=B_SPLINE_CURVE_WITH_KNOTS('',2,(#2214,#2215,#2216),.UNSPECIFIED.,
 .F.,.F.,(3,3),(0.,1.),.PIECEWISE_BEZIER_KNOTS.);
#1067=B_SPLINE_CURVE_WITH_KNOTS('',2,(#2219,#2220,#2221),.UNSPECIFIED.,
 .F.,.F.,(3,3),(0.,1.),.PIECEWISE_BEZIER_KNOTS.);
#1068=B_SPLINE_CURVE_WITH_KNOTS('',2,(#2223,#2224,#2225),.UNSPECIFIED.,
 .F.,.F.,(3,3),(0.,1.),.PIECEWISE_BEZIER_KNOTS.);
#1069=B_SPLINE_CURVE_WITH_KNOTS('',2,(#2227,#2228,#2229),.UNSPECIFIED.,
 .F.,.F.,(3,3),(0.,1.),.PIECEWISE_BEZIER_KNOTS.);
#1070=B_SPLINE_CURVE_WITH_KNOTS('',2,(#2231,#2232,#2233),.UNSPECIFIED.,
 .F.,.F.,(3,3),(0.,1.),.PIECEWISE_BEZIER_KNOTS.);
#1071=B_SPLINE_CURVE_WITH_KNOTS('',2,(#2235,#2236,#2237),.UNSPECIFIED.,
 .F.,.F.,(3,3),(0.,1.),.PIECEWISE_BEZIER_KNOTS.);
#1072=B_SPLINE_CURVE_WITH_KNOTS('',2,(#2239,#2240,#2241),.UNSPECIFIED.,
 .F.,.F.,(3,3),(0.,1.),.PIECEWISE_BEZIER_KNOTS.);
#1073=B_SPLINE_CURVE_WITH_KNOTS('',2,(#2243,#2244,#2245),.UNSPECIFIED.,
 .F.,.F.,(3,3),(0.,1.),.PIECEWISE_BEZIER_KNOTS.);
#1074=B_SPLINE_CURVE_WITH_KNOTS('',3,(#2247,#2248,#2249,#2250),
 .UNSPECIFIED.,.F.,.F.,(4,4),(0.,0.000779033493436002),.UNSPECIFIED.);
#1075=B_SPLINE_CURVE_WITH_KNOTS('',3,(#2253,#2254,#2255,#2256),
 .UNSPECIFIED.,.F.,.F.,(4,4),(0.,0.000810523054728428),.UNSPECIFIED.);
#1076=B_SPLINE_CURVE_WITH_KNOTS('',3,(#2258,#2259,#2260,#2261),
 .UNSPECIFIED.,.F.,.F.,(4,4),(0.,0.000818196589712944),.UNSPECIFIED.);
#1077=B_SPLINE_CURVE_WITH_KNOTS('',3,(#2263,#2264,#2265,#2266),
 .UNSPECIFIED.,.F.,.F.,(4,4),(0.,0.000785301693569767),.UNSPECIFIED.);
#1078=B_SPLINE_CURVE_WITH_KNOTS('',3,(#2268,#2269,#2270,#2271),
 .UNSPECIFIED.,.F.,.F.,(4,4),(0.,0.000779721237795433),.UNSPECIFIED.);
#1079=B_SPLINE_CURVE_WITH_KNOTS('',3,(#2273,#2274,#2275,#2276),
 .UNSPECIFIED.,.F.,.F.,(4,4),(0.,0.000817275696601524),.UNSPECIFIED.);
#1080=B_SPLINE_CURVE_WITH_KNOTS('',3,(#2278,#2279,#2280,#2281),
 .UNSPECIFIED.,.F.,.F.,(4,4),(0.,0.000806714038550144),.UNSPECIFIED.);
#1081=B_SPLINE_CURVE_WITH_KNOTS('',3,(#2283,#2284,#2285,#2286),
 .UNSPECIFIED.,.F.,.F.,(4,4),(0.,0.000794206502374473),.UNSPECIFIED.);
#1082=B_SPLINE_CURVE_WITH_KNOTS('',3,(#2288,#2289,#2290,#2291),
 .UNSPECIFIED.,.F.,.F.,(4,4),(0.,0.000610899090371935),.UNSPECIFIED.);
#1083=B_SPLINE_CURVE_WITH_KNOTS('',3,(#2294,#2295,#2296,#2297),
 .UNSPECIFIED.,.F.,.F.,(4,4),(0.,0.00073553506260917),.UNSPECIFIED.);
#1084=B_SPLINE_CURVE_WITH_KNOTS('',3,(#2299,#2300,#2301,#2302),
 .UNSPECIFIED.,.F.,.F.,(4,4),(0.,0.000709579643135674),.UNSPECIFIED.);
#1085=B_SPLINE_CURVE_WITH_KNOTS('',3,(#2304,#2305,#2306,#2307),
 .UNSPECIFIED.,.F.,.F.,(4,4),(0.,0.000619677845759896),.UNSPECIFIED.);
#1086=B_SPLINE_CURVE_WITH_KNOTS('',3,(#2309,#2310,#2311,#2312),
 .UNSPECIFIED.,.F.,.F.,(4,4),(0.,0.000609747630158194),.UNSPECIFIED.);
#1087=B_SPLINE_CURVE_WITH_KNOTS('',3,(#2314,#2315,#2316,#2317),
 .UNSPECIFIED.,.F.,.F.,(4,4),(0.,0.000710401296263567),.UNSPECIFIED.);
#1088=B_SPLINE_CURVE_WITH_KNOTS('',3,(#2319,#2320,#2321,#2322),
 .UNSPECIFIED.,.F.,.F.,(4,4),(0.,0.000738846097840816),.UNSPECIFIED.);
#1089=B_SPLINE_CURVE_WITH_KNOTS('',3,(#2324,#2325,#2326,#2327),
 .UNSPECIFIED.,.F.,.F.,(4,4),(0.,0.000617824274390399),.UNSPECIFIED.);
#1090=B_SPLINE_CURVE_WITH_KNOTS('',3,(#2597,#2598,#2599,#2600,#2601,#2602),
 .UNSPECIFIED.,.F.,.F.,(4,1,1,4),(0.,0.000228496777912978,0.000456993555825956,
0.000913987111651912),.UNSPECIFIED.);
#1091=B_SPLINE_CURVE_WITH_KNOTS('',3,(#2808,#2809,#2810,#2811,#2812,#2813),
 .UNSPECIFIED.,.F.,.F.,(4,1,1,4),(0.,0.000228749150950772,0.000457498301901545,
0.000914996603803089),.UNSPECIFIED.);
#1092=EDGE_LOOP('',(#274,#275,#276,#277,#278,#279,#280,#281,#282,#283,#284,
#285,#286,#287,#288,#289));
#1093=EDGE_LOOP('',(#290,#291,#292,#293,#294,#295,#296,#297,#298,#299,#300,
#301,#302,#303,#304,#305));
#1094=EDGE_LOOP('',(#306,#307,#308,#309));
#1095=EDGE_LOOP('',(#310,#311,#312,#313));
#1096=EDGE_LOOP('',(#314,#315,#316,#317));
#1097=EDGE_LOOP('',(#318,#319,#320,#321));
#1098=EDGE_LOOP('',(#322,#323,#324,#325));
#1099=EDGE_LOOP('',(#326,#327,#328,#329));
#1100=EDGE_LOOP('',(#330,#331,#332,#333));
#1101=EDGE_LOOP('',(#334,#335,#336,#337));
#1102=EDGE_LOOP('',(#338,#339,#340,#341));
#1103=EDGE_LOOP('',(#342,#343,#344,#345));
#1104=EDGE_LOOP('',(#346,#347,#348,#349));
#1105=EDGE_LOOP('',(#350,#351,#352,#353));
#1106=EDGE_LOOP('',(#354,#355,#356,#357));
#1107=EDGE_LOOP('',(#358,#359,#360,#361));
#1108=EDGE_LOOP('',(#362,#363,#364,#365));
#1109=EDGE_LOOP('',(#366,#367,#368,#369));
#1110=EDGE_LOOP('',(#370,#371,#372,#373,#374,#375,#376,#377,#378,#379,#380,
#381,#382,#383,#384,#385));
#1111=EDGE_LOOP('',(#386,#387,#388,#389,#390,#391,#392,#393,#394,#395,#396,
#397,#398,#399,#400,#401));
#1112=EDGE_LOOP('',(#402,#403,#404,#405,#406,#407,#408,#409));
#1113=EDGE_LOOP('',(#410,#411,#412,#413,#414,#415,#416,#417));
#1114=EDGE_LOOP('',(#418,#419,#420,#421,#422,#423,#424,#425));
#1115=EDGE_LOOP('',(#426,#427,#428,#429,#430,#431,#432,#433));
#1116=EDGE_LOOP('',(#434,#435,#436,#437));
#1117=EDGE_LOOP('',(#438,#439,#440,#441));
#1118=EDGE_LOOP('',(#442,#443,#444,#445));
#1119=EDGE_LOOP('',(#446,#447,#448,#449));
#1120=EDGE_LOOP('',(#450,#451,#452,#453));
#1121=EDGE_LOOP('',(#454,#455,#456,#457));
#1122=EDGE_LOOP('',(#458,#459,#460,#461));
#1123=EDGE_LOOP('',(#462,#463,#464,#465));
#1124=EDGE_LOOP('',(#466,#467,#468,#469));
#1125=EDGE_LOOP('',(#470,#471,#472,#473));
#1126=EDGE_LOOP('',(#474,#475,#476,#477));
#1127=EDGE_LOOP('',(#478,#479,#480,#481));
#1128=EDGE_LOOP('',(#482,#483,#484,#485));
#1129=EDGE_LOOP('',(#486,#487,#488,#489));
#1130=EDGE_LOOP('',(#490,#491,#492,#493));
#1131=EDGE_LOOP('',(#494,#495,#496,#497));
#1132=EDGE_LOOP('',(#498,#499,#500,#501));
#1133=EDGE_LOOP('',(#502,#503,#504,#505));
#1134=EDGE_LOOP('',(#506,#507,#508,#509));
#1135=EDGE_LOOP('',(#510,#511,#512,#513));
#1136=EDGE_LOOP('',(#514,#515,#516,#517));
#1137=EDGE_LOOP('',(#518,#519,#520,#521));
#1138=EDGE_LOOP('',(#522,#523,#524,#525));
#1139=EDGE_LOOP('',(#526,#527,#528,#529));
#1140=EDGE_LOOP('',(#530,#531,#532,#533));
#1141=EDGE_LOOP('',(#534,#535,#536,#537));
#1142=EDGE_LOOP('',(#538,#539,#540,#541));
#1143=EDGE_LOOP('',(#542,#543,#544,#545));
#1144=EDGE_LOOP('',(#546,#547,#548,#549));
#1145=EDGE_LOOP('',(#550,#551,#552,#553));
#1146=EDGE_LOOP('',(#554,#555,#556,#557));
#1147=EDGE_LOOP('',(#558,#559,#560,#561));
#1148=EDGE_LOOP('',(#562,#563,#564,#565));
#1149=EDGE_LOOP('',(#566,#567,#568,#569));
#1150=EDGE_LOOP('',(#570,#571,#572,#573));
#1151=EDGE_LOOP('',(#574,#575,#576,#577));
#1152=EDGE_LOOP('',(#578,#579,#580,#581));
#1153=EDGE_LOOP('',(#582,#583,#584,#585));
#1154=EDGE_LOOP('',(#586,#587,#588,#589));
#1155=EDGE_LOOP('',(#590,#591,#592,#593));
#1156=EDGE_LOOP('',(#594,#595,#596,#597));
#1157=EDGE_LOOP('',(#598,#599,#600,#601));
#1158=EDGE_LOOP('',(#602,#603,#604,#605));
#1159=EDGE_LOOP('',(#606,#607,#608,#609));
#1160=EDGE_LOOP('',(#610,#611,#612,#613));
#1161=EDGE_LOOP('',(#614,#615,#616,#617));
#1162=EDGE_LOOP('',(#618,#619,#620,#621));
#1163=EDGE_LOOP('',(#622,#623,#624,#625));
#1164=EDGE_LOOP('',(#626,#627,#628,#629));
#1165=EDGE_LOOP('',(#630,#631,#632,#633));
#1166=EDGE_LOOP('',(#634,#635,#636,#637));
#1167=EDGE_LOOP('',(#638,#639,#640,#641));
#1168=EDGE_LOOP('',(#642,#643,#644,#645));
#1169=EDGE_LOOP('',(#646,#647,#648,#649));
#1170=EDGE_LOOP('',(#650,#651,#652,#653));
#1171=EDGE_LOOP('',(#654,#655,#656,#657));
#1172=EDGE_LOOP('',(#658,#659,#660,#661));
#1173=EDGE_LOOP('',(#662,#663,#664,#665));
#1174=EDGE_LOOP('',(#666,#667,#668,#669));
#1175=EDGE_LOOP('',(#670,#671,#672,#673));
#1176=EDGE_LOOP('',(#674,#675,#676,#677));
#1177=EDGE_LOOP('',(#678,#679,#680,#681));
#1178=EDGE_LOOP('',(#682,#683,#684,#685));
#1179=EDGE_LOOP('',(#686,#687,#688,#689));
#1180=FACE_BOUND('',#1092,.T.);
#1181=FACE_BOUND('',#1093,.T.);
#1182=FACE_BOUND('',#1094,.T.);
#1183=FACE_BOUND('',#1095,.T.);
#1184=FACE_BOUND('',#1096,.T.);
#1185=FACE_BOUND('',#1097,.T.);
#1186=FACE_BOUND('',#1098,.T.);
#1187=FACE_BOUND('',#1099,.T.);
#1188=FACE_BOUND('',#1100,.T.);
#1189=FACE_BOUND('',#1101,.T.);
#1190=FACE_BOUND('',#1102,.T.);
#1191=FACE_BOUND('',#1103,.T.);
#1192=FACE_BOUND('',#1104,.T.);
#1193=FACE_BOUND('',#1105,.T.);
#1194=FACE_BOUND('',#1106,.T.);
#1195=FACE_BOUND('',#1107,.T.);
#1196=FACE_BOUND('',#1108,.T.);
#1197=FACE_BOUND('',#1109,.T.);
#1198=FACE_BOUND('',#1110,.T.);
#1199=FACE_BOUND('',#1111,.T.);
#1200=FACE_BOUND('',#1112,.T.);
#1201=FACE_BOUND('',#1113,.T.);
#1202=FACE_BOUND('',#1114,.T.);
#1203=FACE_BOUND('',#1115,.T.);
#1204=FACE_BOUND('',#1116,.T.);
#1205=FACE_BOUND('',#1117,.T.);
#1206=FACE_BOUND('',#1118,.T.);
#1207=FACE_BOUND('',#1119,.T.);
#1208=FACE_BOUND('',#1120,.T.);
#1209=FACE_BOUND('',#1121,.T.);
#1210=FACE_BOUND('',#1122,.T.);
#1211=FACE_BOUND('',#1123,.T.);
#1212=FACE_BOUND('',#1124,.T.);
#1213=FACE_BOUND('',#1125,.T.);
#1214=FACE_BOUND('',#1126,.T.);
#1215=FACE_BOUND('',#1127,.T.);
#1216=FACE_BOUND('',#1128,.T.);
#1217=FACE_BOUND('',#1129,.T.);
#1218=FACE_BOUND('',#1130,.T.);
#1219=FACE_BOUND('',#1131,.T.);
#1220=FACE_BOUND('',#1132,.T.);
#1221=FACE_BOUND('',#1133,.T.);
#1222=FACE_BOUND('',#1134,.T.);
#1223=FACE_BOUND('',#1135,.T.);
#1224=FACE_BOUND('',#1136,.T.);
#1225=FACE_BOUND('',#1137,.T.);
#1226=FACE_BOUND('',#1138,.T.);
#1227=FACE_BOUND('',#1139,.T.);
#1228=FACE_BOUND('',#1140,.T.);
#1229=FACE_BOUND('',#1141,.T.);
#1230=FACE_BOUND('',#1142,.T.);
#1231=FACE_BOUND('',#1143,.T.);
#1232=FACE_BOUND('',#1144,.T.);
#1233=FACE_BOUND('',#1145,.T.);
#1234=FACE_BOUND('',#1146,.T.);
#1235=FACE_BOUND('',#1147,.T.);
#1236=FACE_BOUND('',#1148,.T.);
#1237=FACE_BOUND('',#1149,.T.);
#1238=FACE_BOUND('',#1150,.T.);
#1239=FACE_BOUND('',#1151,.T.);
#1240=FACE_BOUND('',#1152,.T.);
#1241=FACE_BOUND('',#1153,.T.);
#1242=FACE_BOUND('',#1154,.T.);
#1243=FACE_BOUND('',#1155,.T.);
#1244=FACE_BOUND('',#1156,.T.);
#1245=FACE_BOUND('',#1157,.T.);
#1246=FACE_BOUND('',#1158,.T.);
#1247=FACE_BOUND('',#1159,.T.);
#1248=FACE_BOUND('',#1160,.T.);
#1249=FACE_BOUND('',#1161,.T.);
#1250=FACE_BOUND('',#1162,.T.);
#1251=FACE_BOUND('',#1163,.T.);
#1252=FACE_BOUND('',#1164,.T.);
#1253=FACE_BOUND('',#1165,.T.);
#1254=FACE_BOUND('',#1166,.T.);
#1255=FACE_BOUND('',#1167,.T.);
#1256=FACE_BOUND('',#1168,.T.);
#1257=FACE_BOUND('',#1169,.T.);
#1258=FACE_BOUND('',#1170,.T.);
#1259=FACE_BOUND('',#1171,.T.);
#1260=FACE_BOUND('',#1172,.T.);
#1261=FACE_BOUND('',#1173,.T.);
#1262=FACE_BOUND('',#1174,.T.);
#1263=FACE_BOUND('',#1175,.T.);
#1264=FACE_BOUND('',#1176,.T.);
#1265=FACE_BOUND('',#1177,.T.);
#1266=FACE_BOUND('',#1178,.T.);
#1267=FACE_BOUND('',#1179,.T.);
#1268=PLANE('',#1379);
#1269=PLANE('',#1391);
#1270=PLANE('',#1395);
#1271=PLANE('',#1399);
#1272=PLANE('',#1403);
#1273=PLANE('',#1407);
#1274=PLANE('',#1411);
#1275=PLANE('',#1415);
#1276=PLANE('',#1419);
#1277=PLANE('',#1420);
#1278=PLANE('',#1429);
#1279=PLANE('',#1430);
#1280=PLANE('',#1431);
#1281=ADVANCED_FACE('',(#1180,#1181),#1268,.T.);
#1282=ADVANCED_FACE('',(#1182),#60,.F.);
#1283=ADVANCED_FACE('',(#1183),#1269,.F.);
#1284=ADVANCED_FACE('',(#1184),#61,.T.);
#1285=ADVANCED_FACE('',(#1185),#1270,.T.);
#1286=ADVANCED_FACE('',(#1186),#62,.T.);
#1287=ADVANCED_FACE('',(#1187),#1271,.T.);
#1288=ADVANCED_FACE('',(#1188),#63,.T.);
#1289=ADVANCED_FACE('',(#1189),#1272,.F.);
#1290=ADVANCED_FACE('',(#1190),#64,.T.);
#1291=ADVANCED_FACE('',(#1191),#1273,.F.);
#1292=ADVANCED_FACE('',(#1192),#65,.F.);
#1293=ADVANCED_FACE('',(#1193),#1274,.T.);
#1294=ADVANCED_FACE('',(#1194),#66,.T.);
#1295=ADVANCED_FACE('',(#1195),#1275,.F.);
#1296=ADVANCED_FACE('',(#1196),#67,.T.);
#1297=ADVANCED_FACE('',(#1197),#1276,.F.);
#1298=ADVANCED_FACE('',(#1198),#1277,.F.);
#1299=ADVANCED_FACE('',(#1199,#1200,#1201),#1278,.T.);
#1300=ADVANCED_FACE('',(#1202),#1279,.T.);
#1301=ADVANCED_FACE('',(#1203),#1280,.T.);
#1302=ADVANCED_FACE('',(#1204),#28,.T.);
#1303=ADVANCED_FACE('',(#1205),#29,.T.);
#1304=ADVANCED_FACE('',(#1206),#30,.T.);
#1305=ADVANCED_FACE('',(#1207),#31,.T.);
#1306=ADVANCED_FACE('',(#1208),#32,.T.);
#1307=ADVANCED_FACE('',(#1209),#33,.T.);
#1308=ADVANCED_FACE('',(#1210),#34,.T.);
#1309=ADVANCED_FACE('',(#1211),#35,.T.);
#1310=ADVANCED_FACE('',(#1212),#36,.T.);
#1311=ADVANCED_FACE('',(#1213),#37,.T.);
#1312=ADVANCED_FACE('',(#1214),#38,.T.);
#1313=ADVANCED_FACE('',(#1215),#39,.T.);
#1314=ADVANCED_FACE('',(#1216),#40,.T.);
#1315=ADVANCED_FACE('',(#1217),#41,.T.);
#1316=ADVANCED_FACE('',(#1218),#42,.T.);
#1317=ADVANCED_FACE('',(#1219),#43,.T.);
#1318=ADVANCED_FACE('',(#1220),#44,.T.);
#1319=ADVANCED_FACE('',(#1221),#45,.T.);
#1320=ADVANCED_FACE('',(#1222),#46,.T.);
#1321=ADVANCED_FACE('',(#1223),#47,.T.);
#1322=ADVANCED_FACE('',(#1224),#48,.T.);
#1323=ADVANCED_FACE('',(#1225),#49,.T.);
#1324=ADVANCED_FACE('',(#1226),#50,.T.);
#1325=ADVANCED_FACE('',(#1227),#51,.T.);
#1326=ADVANCED_FACE('',(#1228),#52,.T.);
#1327=ADVANCED_FACE('',(#1229),#53,.T.);
#1328=ADVANCED_FACE('',(#1230),#54,.T.);
#1329=ADVANCED_FACE('',(#1231),#55,.T.);
#1330=ADVANCED_FACE('',(#1232),#56,.T.);
#1331=ADVANCED_FACE('',(#1233),#57,.T.);
#1332=ADVANCED_FACE('',(#1234),#58,.T.);
#1333=ADVANCED_FACE('',(#1235),#59,.T.);
#1334=ADVANCED_FACE('',(#1236),#12,.T.);
#1335=ADVANCED_FACE('',(#1237),#68,.T.);
#1336=ADVANCED_FACE('',(#1238),#69,.T.);
#1337=ADVANCED_FACE('',(#1239),#13,.T.);
#1338=ADVANCED_FACE('',(#1240),#14,.T.);
#1339=ADVANCED_FACE('',(#1241),#70,.T.);
#1340=ADVANCED_FACE('',(#1242),#71,.T.);
#1341=ADVANCED_FACE('',(#1243),#15,.T.);
#1342=ADVANCED_FACE('',(#1244),#16,.T.);
#1343=ADVANCED_FACE('',(#1245),#72,.T.);
#1344=ADVANCED_FACE('',(#1246),#73,.T.);
#1345=ADVANCED_FACE('',(#1247),#17,.T.);
#1346=ADVANCED_FACE('',(#1248),#18,.T.);
#1347=ADVANCED_FACE('',(#1249),#74,.T.);
#1348=ADVANCED_FACE('',(#1250),#75,.T.);
#1349=ADVANCED_FACE('',(#1251),#19,.T.);
#1350=ADVANCED_FACE('',(#1252),#20,.T.);
#1351=ADVANCED_FACE('',(#1253),#76,.T.);
#1352=ADVANCED_FACE('',(#1254),#77,.T.);
#1353=ADVANCED_FACE('',(#1255),#21,.T.);
#1354=ADVANCED_FACE('',(#1256),#22,.T.);
#1355=ADVANCED_FACE('',(#1257),#78,.T.);
#1356=ADVANCED_FACE('',(#1258),#79,.T.);
#1357=ADVANCED_FACE('',(#1259),#23,.T.);
#1358=ADVANCED_FACE('',(#1260),#24,.T.);
#1359=ADVANCED_FACE('',(#1261),#80,.T.);
#1360=ADVANCED_FACE('',(#1262),#81,.T.);
#1361=ADVANCED_FACE('',(#1263),#25,.T.);
#1362=ADVANCED_FACE('',(#1264),#26,.T.);
#1363=ADVANCED_FACE('',(#1265),#82,.T.);
#1364=ADVANCED_FACE('',(#1266),#83,.T.);
#1365=ADVANCED_FACE('',(#1267),#27,.T.);
#1366=CLOSED_SHELL('',(#1281,#1282,#1283,#1284,#1285,#1286,#1287,#1288,
#1289,#1290,#1291,#1292,#1293,#1294,#1295,#1296,#1297,#1298,#1299,#1300,
#1301,#1302,#1303,#1304,#1305,#1306,#1307,#1308,#1309,#1310,#1311,#1312,
#1313,#1314,#1315,#1316,#1317,#1318,#1319,#1320,#1321,#1322,#1323,#1324,
#1325,#1326,#1327,#1328,#1329,#1330,#1331,#1332,#1333,#1334,#1335,#1336,
#1337,#1338,#1339,#1340,#1341,#1342,#1343,#1344,#1345,#1346,#1347,#1348,
#1349,#1350,#1351,#1352,#1353,#1354,#1355,#1356,#1357,#1358,#1359,#1360,
#1361,#1362,#1363,#1364,#1365));
#1367=STYLED_ITEM('',(#1368),#1375);
#1368=PRESENTATION_STYLE_ASSIGNMENT((#1369));
#1369=SURFACE_STYLE_USAGE(.BOTH.,#1370);
#1370=SURFACE_SIDE_STYLE('',(#1371));
#1371=SURFACE_STYLE_FILL_AREA(#1372);
#1372=FILL_AREA_STYLE('',(#1373));
#1373=FILL_AREA_STYLE_COLOUR('',#1374);
#1374=COLOUR_RGB('',0.231372549019608,0.380392156862745,0.705882352941177);
#1375=MANIFOLD_SOLID_BREP('CALIBRATION_spacer_8',#1366);
#1376=SHAPE_DEFINITION_REPRESENTATION(#2902,#1377);
#1377=SHAPE_REPRESENTATION('CALIBRATION_spacer_8',(#1378),#2897);
#1378=AXIS2_PLACEMENT_3D('',#1870,#1526,#1527);
#1379=AXIS2_PLACEMENT_3D('',#1871,#1528,#1529);
#1380=AXIS2_PLACEMENT_3D('',#1959,#1531,#1532);
#1381=AXIS2_PLACEMENT_3D('',#1963,#1534,#1535);
#1382=AXIS2_PLACEMENT_3D('',#1967,#1537,#1538);
#1383=AXIS2_PLACEMENT_3D('',#1971,#1540,#1541);
#1384=AXIS2_PLACEMENT_3D('',#1975,#1543,#1544);
#1385=AXIS2_PLACEMENT_3D('',#1979,#1546,#1547);
#1386=AXIS2_PLACEMENT_3D('',#1983,#1549,#1550);
#1387=AXIS2_PLACEMENT_3D('',#1987,#1552,#1553);
#1388=AXIS2_PLACEMENT_3D('',#1988,#1554,#1555);
#1389=AXIS2_PLACEMENT_3D('',#1992,#1557,#1558);
#1390=AXIS2_PLACEMENT_3D('',#1996,#1560,#1561);
#1391=AXIS2_PLACEMENT_3D('',#1997,#1562,#1563);
#1392=AXIS2_PLACEMENT_3D('',#2003,#1567,#1568);
#1393=AXIS2_PLACEMENT_3D('',#2007,#1570,#1571);
#1394=AXIS2_PLACEMENT_3D('',#2008,#1572,#1573);
#1395=AXIS2_PLACEMENT_3D('',#2009,#1574,#1575);
#1396=AXIS2_PLACEMENT_3D('',#2015,#1579,#1580);
#1397=AXIS2_PLACEMENT_3D('',#2019,#1582,#1583);
#1398=AXIS2_PLACEMENT_3D('',#2020,#1584,#1585);
#1399=AXIS2_PLACEMENT_3D('',#2021,#1586,#1587);
#1400=AXIS2_PLACEMENT_3D('',#2027,#1591,#1592);
#1401=AXIS2_PLACEMENT_3D('',#2031,#1594,#1595);
#1402=AXIS2_PLACEMENT_3D('',#2032,#1596,#1597);
#1403=AXIS2_PLACEMENT_3D('',#2033,#1598,#1599);
#1404=AXIS2_PLACEMENT_3D('',#2039,#1603,#1604);
#1405=AXIS2_PLACEMENT_3D('',#2043,#1606,#1607);
#1406=AXIS2_PLACEMENT_3D('',#2044,#1608,#1609);
#1407=AXIS2_PLACEMENT_3D('',#2045,#1610,#1611);
#1408=AXIS2_PLACEMENT_3D('',#2051,#1615,#1616);
#1409=AXIS2_PLACEMENT_3D('',#2055,#1618,#1619);
#1410=AXIS2_PLACEMENT_3D('',#2056,#1620,#1621);
#1411=AXIS2_PLACEMENT_3D('',#2057,#1622,#1623);
#1412=AXIS2_PLACEMENT_3D('',#2063,#1627,#1628);
#1413=AXIS2_PLACEMENT_3D('',#2067,#1630,#1631);
#1414=AXIS2_PLACEMENT_3D('',#2068,#1632,#1633);
#1415=AXIS2_PLACEMENT_3D('',#2069,#1634,#1635);
#1416=AXIS2_PLACEMENT_3D('',#2075,#1639,#1640);
#1417=AXIS2_PLACEMENT_3D('',#2079,#1642,#1643);
#1418=AXIS2_PLACEMENT_3D('',#2080,#1644,#1645);
#1419=AXIS2_PLACEMENT_3D('',#2081,#1646,#1647);
#1420=AXIS2_PLACEMENT_3D('',#2084,#1650,#1651);
#1421=AXIS2_PLACEMENT_3D('',#2088,#1653,#1654);
#1422=AXIS2_PLACEMENT_3D('',#2092,#1656,#1657);
#1423=AXIS2_PLACEMENT_3D('',#2096,#1659,#1660);
#1424=AXIS2_PLACEMENT_3D('',#2100,#1662,#1663);
#1425=AXIS2_PLACEMENT_3D('',#2104,#1665,#1666);
#1426=AXIS2_PLACEMENT_3D('',#2108,#1668,#1669);
#1427=AXIS2_PLACEMENT_3D('',#2112,#1671,#1672);
#1428=AXIS2_PLACEMENT_3D('',#2116,#1674,#1675);
#1429=AXIS2_PLACEMENT_3D('',#2117,#1676,#1677);
#1430=AXIS2_PLACEMENT_3D('',#2246,#1678,#1679);
#1431=AXIS2_PLACEMENT_3D('',#2287,#1680,#1681);
#1432=AXIS2_PLACEMENT_3D('',#2343,#1682,#1683);
#1433=AXIS2_PLACEMENT_3D('',#2344,#1684,#1685);
#1434=AXIS2_PLACEMENT_3D('',#2360,#1686,#1687);
#1435=AXIS2_PLACEMENT_3D('',#2376,#1688,#1689);
#1436=AXIS2_PLACEMENT_3D('',#2392,#1690,#1691);
#1437=AXIS2_PLACEMENT_3D('',#2408,#1692,#1693);
#1438=AXIS2_PLACEMENT_3D('',#2424,#1694,#1695);
#1439=AXIS2_PLACEMENT_3D('',#2440,#1696,#1697);
#1440=AXIS2_PLACEMENT_3D('',#2471,#1698,#1699);
#1441=AXIS2_PLACEMENT_3D('',#2472,#1700,#1701);
#1442=AXIS2_PLACEMENT_3D('',#2485,#1702,#1703);
#1443=AXIS2_PLACEMENT_3D('',#2501,#1704,#1705);
#1444=AXIS2_PLACEMENT_3D('',#2517,#1706,#1707);
#1445=AXIS2_PLACEMENT_3D('',#2533,#1708,#1709);
#1446=AXIS2_PLACEMENT_3D('',#2549,#1710,#1711);
#1447=AXIS2_PLACEMENT_3D('',#2565,#1712,#1713);
#1448=AXIS2_PLACEMENT_3D('',#2596,#1714,#1715);
#1449=AXIS2_PLACEMENT_3D('',#2621,#1716,#1717);
#1450=AXIS2_PLACEMENT_3D('',#2634,#1718,#1719);
#1451=AXIS2_PLACEMENT_3D('',#2647,#1720,#1721);
#1452=AXIS2_PLACEMENT_3D('',#2663,#1722,#1723);
#1453=AXIS2_PLACEMENT_3D('',#2679,#1724,#1725);
#1454=AXIS2_PLACEMENT_3D('',#2692,#1726,#1727);
#1455=AXIS2_PLACEMENT_3D('',#2705,#1728,#1729);
#1456=AXIS2_PLACEMENT_3D('',#2718,#1730,#1731);
#1457=AXIS2_PLACEMENT_3D('',#2731,#1732,#1733);
#1458=AXIS2_PLACEMENT_3D('',#2747,#1734,#1735);
#1459=AXIS2_PLACEMENT_3D('',#2763,#1736,#1737);
#1460=AXIS2_PLACEMENT_3D('',#2776,#1738,#1739);
#1461=AXIS2_PLACEMENT_3D('',#2789,#1740,#1741);
#1462=AXIS2_PLACEMENT_3D('',#2832,#1742,#1743);
#1463=AXIS2_PLACEMENT_3D('',#2833,#1744,#1745);
#1464=AXIS2_PLACEMENT_3D('',#2834,#1746,#1747);
#1465=AXIS2_PLACEMENT_3D('',#2835,#1748,#1749);
#1466=AXIS2_PLACEMENT_3D('',#2836,#1750,#1751);
#1467=AXIS2_PLACEMENT_3D('',#2837,#1752,#1753);
#1468=AXIS2_PLACEMENT_3D('',#2838,#1754,#1755);
#1469=AXIS2_PLACEMENT_3D('',#2839,#1756,#1757);
#1470=AXIS2_PLACEMENT_3D('',#2840,#1758,#1759);
#1471=AXIS2_PLACEMENT_3D('',#2841,#1760,#1761);
#1472=AXIS2_PLACEMENT_3D('',#2842,#1762,#1763);
#1473=AXIS2_PLACEMENT_3D('',#2843,#1764,#1765);
#1474=AXIS2_PLACEMENT_3D('',#2844,#1766,#1767);
#1475=AXIS2_PLACEMENT_3D('',#2845,#1768,#1769);
#1476=AXIS2_PLACEMENT_3D('',#2846,#1770,#1771);
#1477=AXIS2_PLACEMENT_3D('',#2847,#1772,#1773);
#1478=AXIS2_PLACEMENT_3D('',#2848,#1774,#1775);
#1479=AXIS2_PLACEMENT_3D('',#2849,#1776,#1777);
#1480=AXIS2_PLACEMENT_3D('',#2850,#1778,#1779);
#1481=AXIS2_PLACEMENT_3D('',#2851,#1780,#1781);
#1482=AXIS2_PLACEMENT_3D('',#2852,#1782,#1783);
#1483=AXIS2_PLACEMENT_3D('',#2853,#1784,#1785);
#1484=AXIS2_PLACEMENT_3D('',#2854,#1786,#1787);
#1485=AXIS2_PLACEMENT_3D('',#2855,#1788,#1789);
#1486=AXIS2_PLACEMENT_3D('',#2856,#1790,#1791);
#1487=AXIS2_PLACEMENT_3D('',#2857,#1792,#1793);
#1488=AXIS2_PLACEMENT_3D('',#2858,#1794,#1795);
#1489=AXIS2_PLACEMENT_3D('',#2859,#1796,#1797);
#1490=AXIS2_PLACEMENT_3D('',#2860,#1798,#1799);
#1491=AXIS2_PLACEMENT_3D('',#2861,#1800,#1801);
#1492=AXIS2_PLACEMENT_3D('',#2862,#1802,#1803);
#1493=AXIS2_PLACEMENT_3D('',#2863,#1804,#1805);
#1494=AXIS2_PLACEMENT_3D('',#2864,#1806,#1807);
#1495=AXIS2_PLACEMENT_3D('',#2865,#1808,#1809);
#1496=AXIS2_PLACEMENT_3D('',#2866,#1810,#1811);
#1497=AXIS2_PLACEMENT_3D('',#2867,#1812,#1813);
#1498=AXIS2_PLACEMENT_3D('',#2868,#1814,#1815);
#1499=AXIS2_PLACEMENT_3D('',#2869,#1816,#1817);
#1500=AXIS2_PLACEMENT_3D('',#2870,#1818,#1819);
#1501=AXIS2_PLACEMENT_3D('',#2871,#1820,#1821);
#1502=AXIS2_PLACEMENT_3D('',#2872,#1822,#1823);
#1503=AXIS2_PLACEMENT_3D('',#2873,#1824,#1825);
#1504=AXIS2_PLACEMENT_3D('',#2874,#1826,#1827);
#1505=AXIS2_PLACEMENT_3D('',#2875,#1828,#1829);
#1506=AXIS2_PLACEMENT_3D('',#2876,#1830,#1831);
#1507=AXIS2_PLACEMENT_3D('',#2877,#1832,#1833);
#1508=AXIS2_PLACEMENT_3D('',#2878,#1834,#1835);
#1509=AXIS2_PLACEMENT_3D('',#2879,#1836,#1837);
#1510=AXIS2_PLACEMENT_3D('',#2880,#1838,#1839);
#1511=AXIS2_PLACEMENT_3D('',#2881,#1840,#1841);
#1512=AXIS2_PLACEMENT_3D('',#2882,#1842,#1843);
#1513=AXIS2_PLACEMENT_3D('',#2883,#1844,#1845);
#1514=AXIS2_PLACEMENT_3D('',#2884,#1846,#1847);
#1515=AXIS2_PLACEMENT_3D('',#2885,#1848,#1849);
#1516=AXIS2_PLACEMENT_3D('',#2886,#1850,#1851);
#1517=AXIS2_PLACEMENT_3D('',#2887,#1852,#1853);
#1518=AXIS2_PLACEMENT_3D('',#2888,#1854,#1855);
#1519=AXIS2_PLACEMENT_3D('',#2889,#1856,#1857);
#1520=AXIS2_PLACEMENT_3D('',#2890,#1858,#1859);
#1521=AXIS2_PLACEMENT_3D('',#2891,#1860,#1861);
#1522=AXIS2_PLACEMENT_3D('',#2892,#1862,#1863);
#1523=AXIS2_PLACEMENT_3D('',#2893,#1864,#1865);
#1524=AXIS2_PLACEMENT_3D('',#2894,#1866,#1867);
#1525=AXIS2_PLACEMENT_3D('',#2895,#1868,#1869);
#1526=DIRECTION('',(0.,0.,1.));
#1527=DIRECTION('',(1.,0.,0.));
#1528=DIRECTION('',(0.,0.,1.));
#1529=DIRECTION('',(1.,0.,0.));
#1530=DIRECTION('',(1.,0.,0.));
#1531=DIRECTION('',(0.,0.,1.));
#1532=DIRECTION('',(1.,0.,0.));
#1533=DIRECTION('',(0.,-1.,0.));
#1534=DIRECTION('',(0.,0.,1.));
#1535=DIRECTION('',(1.,0.,0.));
#1536=DIRECTION('',(1.,0.,0.));
#1537=DIRECTION('',(0.,0.,1.));
#1538=DIRECTION('',(1.,0.,0.));
#1539=DIRECTION('',(0.,-1.,0.));
#1540=DIRECTION('',(0.,0.,1.));
#1541=DIRECTION('',(1.,0.,0.));
#1542=DIRECTION('',(1.,0.,0.));
#1543=DIRECTION('',(0.,0.,1.));
#1544=DIRECTION('',(1.,0.,0.));
#1545=DIRECTION('',(0.,1.,0.));
#1546=DIRECTION('',(0.,0.,1.));
#1547=DIRECTION('',(1.,0.,0.));
#1548=DIRECTION('',(1.,0.,0.));
#1549=DIRECTION('',(0.,0.,1.));
#1550=DIRECTION('',(1.,0.,0.));
#1551=DIRECTION('',(0.,1.,0.));
#1552=DIRECTION('',(0.,0.,1.));
#1553=DIRECTION('',(1.,0.,0.));
#1554=DIRECTION('',(0.,0.,1.));
#1555=DIRECTION('',(1.,0.,0.));
#1556=DIRECTION('',(0.,0.,1.));
#1557=DIRECTION('',(0.,0.,1.));
#1558=DIRECTION('',(1.,0.,0.));
#1559=DIRECTION('',(0.,0.,1.));
#1560=DIRECTION('',(0.,0.,1.));
#1561=DIRECTION('',(1.,0.,0.));
#1562=DIRECTION('',(0.,-1.,0.));
#1563=DIRECTION('',(0.,0.,-1.));
#1564=DIRECTION('',(0.,0.,1.));
#1565=DIRECTION('',(1.,0.,0.));
#1566=DIRECTION('',(1.,0.,0.));
#1567=DIRECTION('',(0.,0.,1.));
#1568=DIRECTION('',(1.,0.,0.));
#1569=DIRECTION('',(0.,0.,1.));
#1570=DIRECTION('',(0.,0.,1.));
#1571=DIRECTION('',(1.,0.,0.));
#1572=DIRECTION('',(0.,0.,1.));
#1573=DIRECTION('',(1.,0.,0.));
#1574=DIRECTION('',(-1.,0.,0.));
#1575=DIRECTION('',(0.,0.,1.));
#1576=DIRECTION('',(0.,0.,1.));
#1577=DIRECTION('',(0.,-1.,0.));
#1578=DIRECTION('',(0.,-1.,0.));
#1579=DIRECTION('',(0.,0.,1.));
#1580=DIRECTION('',(1.,0.,0.));
#1581=DIRECTION('',(0.,0.,1.));
#1582=DIRECTION('',(0.,0.,1.));
#1583=DIRECTION('',(1.,0.,0.));
#1584=DIRECTION('',(0.,0.,1.));
#1585=DIRECTION('',(1.,0.,0.));
#1586=DIRECTION('',(0.,-1.,0.));
#1587=DIRECTION('',(0.,0.,-1.));
#1588=DIRECTION('',(0.,0.,1.));
#1589=DIRECTION('',(1.,0.,0.));
#1590=DIRECTION('',(1.,0.,0.));
#1591=DIRECTION('',(0.,0.,1.));
#1592=DIRECTION('',(1.,0.,0.));
#1593=DIRECTION('',(0.,0.,1.));
#1594=DIRECTION('',(0.,0.,1.));
#1595=DIRECTION('',(1.,0.,0.));
#1596=DIRECTION('',(0.,0.,1.));
#1597=DIRECTION('',(1.,0.,0.));
#1598=DIRECTION('',(-1.,0.,0.));
#1599=DIRECTION('',(0.,0.,1.));
#1600=DIRECTION('',(0.,0.,1.));
#1601=DIRECTION('',(0.,-1.,0.));
#1602=DIRECTION('',(0.,-1.,0.));
#1603=DIRECTION('',(0.,0.,1.));
#1604=DIRECTION('',(1.,0.,0.));
#1605=DIRECTION('',(0.,0.,1.));
#1606=DIRECTION('',(0.,0.,1.));
#1607=DIRECTION('',(1.,0.,0.));
#1608=DIRECTION('',(0.,0.,1.));
#1609=DIRECTION('',(1.,0.,0.));
#1610=DIRECTION('',(0.,-1.,0.));
#1611=DIRECTION('',(0.,0.,-1.));
#1612=DIRECTION('',(0.,0.,1.));
#1613=DIRECTION('',(1.,0.,0.));
#1614=DIRECTION('',(1.,0.,0.));
#1615=DIRECTION('',(0.,0.,1.));
#1616=DIRECTION('',(1.,0.,0.));
#1617=DIRECTION('',(0.,0.,1.));
#1618=DIRECTION('',(0.,0.,1.));
#1619=DIRECTION('',(1.,0.,0.));
#1620=DIRECTION('',(0.,0.,1.));
#1621=DIRECTION('',(1.,0.,0.));
#1622=DIRECTION('',(1.,0.,0.));
#1623=DIRECTION('',(0.,0.,-1.));
#1624=DIRECTION('',(0.,0.,1.));
#1625=DIRECTION('',(0.,1.,0.));
#1626=DIRECTION('',(0.,1.,0.));
#1627=DIRECTION('',(0.,0.,1.));
#1628=DIRECTION('',(1.,0.,0.));
#1629=DIRECTION('',(0.,0.,1.));
#1630=DIRECTION('',(0.,0.,1.));
#1631=DIRECTION('',(1.,0.,0.));
#1632=DIRECTION('',(0.,0.,1.));
#1633=DIRECTION('',(1.,0.,0.));
#1634=DIRECTION('',(0.,-1.,0.));
#1635=DIRECTION('',(0.,0.,-1.));
#1636=DIRECTION('',(0.,0.,1.));
#1637=DIRECTION('',(1.,0.,0.));
#1638=DIRECTION('',(1.,0.,0.));
#1639=DIRECTION('',(0.,0.,1.));
#1640=DIRECTION('',(1.,0.,0.));
#1641=DIRECTION('',(0.,0.,1.));
#1642=DIRECTION('',(0.,0.,1.));
#1643=DIRECTION('',(1.,0.,0.));
#1644=DIRECTION('',(0.,0.,1.));
#1645=DIRECTION('',(1.,0.,0.));
#1646=DIRECTION('',(1.,0.,0.));
#1647=DIRECTION('',(0.,0.,-1.));
#1648=DIRECTION('',(0.,1.,0.));
#1649=DIRECTION('',(0.,1.,0.));
#1650=DIRECTION('',(0.,0.,1.));
#1651=DIRECTION('',(1.,0.,0.));
#1652=DIRECTION('',(0.,-1.,0.));
#1653=DIRECTION('',(0.,0.,1.));
#1654=DIRECTION('',(1.,0.,0.));
#1655=DIRECTION('',(1.,0.,0.));
#1656=DIRECTION('',(0.,0.,1.));
#1657=DIRECTION('',(1.,0.,0.));
#1658=DIRECTION('',(0.,1.,0.));
#1659=DIRECTION('',(0.,0.,1.));
#1660=DIRECTION('',(1.,0.,0.));
#1661=DIRECTION('',(1.,0.,0.));
#1662=DIRECTION('',(0.,0.,1.));
#1663=DIRECTION('',(1.,0.,0.));
#1664=DIRECTION('',(0.,1.,0.));
#1665=DIRECTION('',(0.,0.,1.));
#1666=DIRECTION('',(1.,0.,0.));
#1667=DIRECTION('',(1.,0.,0.));
#1668=DIRECTION('',(0.,0.,1.));
#1669=DIRECTION('',(1.,0.,0.));
#1670=DIRECTION('',(0.,-1.,0.));
#1671=DIRECTION('',(0.,0.,1.));
#1672=DIRECTION('',(1.,0.,0.));
#1673=DIRECTION('',(1.,0.,0.));
#1674=DIRECTION('',(0.,0.,1.));
#1675=DIRECTION('',(1.,0.,0.));
#1676=DIRECTION('',(0.,0.,1.));
#1677=DIRECTION('',(1.,0.,0.));
#1678=DIRECTION('',(0.,0.,1.));
#1679=DIRECTION('',(1.,0.,0.));
#1680=DIRECTION('',(0.,0.,1.));
#1681=DIRECTION('',(1.,0.,0.));
#1682=DIRECTION('',(0.697918097273274,0.716177582376363,0.));
#1683=DIRECTION('',(-0.716177582376364,0.697918097273274,0.));
#1684=DIRECTION('',(0.,-1.,0.));
#1685=DIRECTION('',(0.,0.,-1.));
#1686=DIRECTION('',(0.688535283470619,-0.725202842945361,0.));
#1687=DIRECTION('',(0.725202842945361,0.688535283470619,0.));
#1688=DIRECTION('',(1.,0.,0.));
#1689=DIRECTION('',(0.,0.,-1.));
#1690=DIRECTION('',(1.,0.,0.));
#1691=DIRECTION('',(0.,0.,-1.));
#1692=DIRECTION('',(0.693874224824879,-0.720096215879291,0.));
#1693=DIRECTION('',(0.720096215879291,0.693874224824879,0.));
#1694=DIRECTION('',(0.698714700380184,0.715400424568389,0.));
#1695=DIRECTION('',(-0.715400424568389,0.698714700380184,0.));
#1696=DIRECTION('',(0.,-1.,0.));
#1697=DIRECTION('',(0.,0.,-1.));
#1698=DIRECTION('',(0.669227849228361,0.743057256082721,0.));
#1699=DIRECTION('',(-0.743057256082721,0.669227849228361,0.));
#1700=DIRECTION('',(0.,-1.,0.));
#1701=DIRECTION('',(0.,0.,-1.));
#1702=DIRECTION('',(0.647180317396546,-0.762336957502721,0.));
#1703=DIRECTION('',(0.762336957502721,0.647180317396546,0.));
#1704=DIRECTION('',(1.,0.,0.));
#1705=DIRECTION('',(0.,0.,-1.));
#1706=DIRECTION('',(1.,0.,0.));
#1707=DIRECTION('',(0.,0.,-1.));
#1708=DIRECTION('',(0.658670540409623,-0.752431471428791,0.));
#1709=DIRECTION('',(0.752431471428791,0.658670540409623,0.));
#1710=DIRECTION('',(0.64313782952182,0.765750437308372,0.));
#1711=DIRECTION('',(-0.765750437308372,0.64313782952182,0.));
#1712=DIRECTION('',(0.,-1.,0.));
#1713=DIRECTION('',(0.,0.,-1.));
#1714=DIRECTION('',(0.542911189010786,0.839790117140523,0.));
#1715=DIRECTION('',(-0.839790117140524,0.542911189010786,0.));
#1716=DIRECTION('',(0.570203009798006,-0.821503820817222,0.));
#1717=DIRECTION('',(0.821503820817222,0.570203009798006,0.));
#1718=DIRECTION('',(0.,1.,0.));
#1719=DIRECTION('',(0.,0.,1.));
#1720=DIRECTION('',(0.,-1.,0.));
#1721=DIRECTION('',(0.,0.,-1.));
#1722=DIRECTION('',(-0.750541253550399,0.660823597277666,0.));
#1723=DIRECTION('',(-0.660823597277666,-0.7505412535504,0.));
#1724=DIRECTION('',(-0.760686645347636,-0.649119270696657,0.));
#1725=DIRECTION('',(0.649119270696657,-0.760686645347636,0.));
#1726=DIRECTION('',(-1.,0.,0.));
#1727=DIRECTION('',(0.,0.,1.));
#1728=DIRECTION('',(-1.,0.,0.));
#1729=DIRECTION('',(0.,0.,1.));
#1730=DIRECTION('',(-0.746398866124684,-0.665498859989847,-2.30891299132038E-14));
#1731=DIRECTION('',(0.665498859989847,-0.746398866124684,0.));
#1732=DIRECTION('',(-0.761645254534072,0.6479942177564,0.));
#1733=DIRECTION('',(-0.6479942177564,-0.761645254534072,0.));
#1734=DIRECTION('',(0.,-1.,0.));
#1735=DIRECTION('',(0.,0.,-1.));
#1736=DIRECTION('',(0.,1.,0.));
#1737=DIRECTION('',(0.,0.,1.));
#1738=DIRECTION('',(0.539426990681725,-0.842032375698261,2.92138665931259E-14));
#1739=DIRECTION('',(0.842032375698262,0.539426990681725,0.));
#1740=DIRECTION('',(0.566466699760325,0.824084630400693,0.));
#1741=DIRECTION('',(-0.824084630400693,0.566466699760325,0.));
#1742=DIRECTION('',(0.,0.,1.));
#1743=DIRECTION('',(1.,0.,0.));
#1744=DIRECTION('',(1.,0.,0.));
#1745=DIRECTION('',(0.,0.,-1.));
#1746=DIRECTION('',(0.,1.,0.));
#1747=DIRECTION('',(0.,0.,1.));
#1748=DIRECTION('',(0.,1.,0.));
#1749=DIRECTION('',(0.,0.,1.));
#1750=DIRECTION('',(0.,1.,0.));
#1751=DIRECTION('',(0.,0.,1.));
#1752=DIRECTION('',(-1.,0.,0.));
#1753=DIRECTION('',(0.,0.,1.));
#1754=DIRECTION('',(1.,0.,0.));
#1755=DIRECTION('',(0.,0.,-1.));
#1756=DIRECTION('',(0.,0.,1.));
#1757=DIRECTION('',(1.,0.,0.));
#1758=DIRECTION('',(-1.,0.,0.));
#1759=DIRECTION('',(0.,0.,1.));
#1760=DIRECTION('',(0.,0.,1.));
#1761=DIRECTION('',(1.,0.,0.));
#1762=DIRECTION('',(0.,-1.,0.));
#1763=DIRECTION('',(0.,0.,-1.));
#1764=DIRECTION('',(-1.,0.,0.));
#1765=DIRECTION('',(0.,0.,1.));
#1766=DIRECTION('',(-1.,0.,0.));
#1767=DIRECTION('',(0.,0.,1.));
#1768=DIRECTION('',(0.,1.,0.));
#1769=DIRECTION('',(0.,0.,1.));
#1770=DIRECTION('',(0.,-1.,0.));
#1771=DIRECTION('',(0.,0.,-1.));
#1772=DIRECTION('',(0.,0.,1.));
#1773=DIRECTION('',(1.,0.,0.));
#1774=DIRECTION('',(0.,-1.,0.));
#1775=DIRECTION('',(0.,0.,-1.));
#1776=DIRECTION('',(0.,0.,1.));
#1777=DIRECTION('',(1.,0.,0.));
#1778=DIRECTION('',(-1.,0.,0.));
#1779=DIRECTION('',(0.,0.,1.));
#1780=DIRECTION('',(0.,-1.,0.));
#1781=DIRECTION('',(0.,0.,-1.));
#1782=DIRECTION('',(0.,-1.,0.));
#1783=DIRECTION('',(0.,0.,-1.));
#1784=DIRECTION('',(1.,0.,0.));
#1785=DIRECTION('',(0.,0.,-1.));
#1786=DIRECTION('',(-1.,0.,0.));
#1787=DIRECTION('',(0.,0.,1.));
#1788=DIRECTION('',(0.,0.,1.));
#1789=DIRECTION('',(1.,0.,0.));
#1790=DIRECTION('',(-1.,0.,0.));
#1791=DIRECTION('',(0.,0.,1.));
#1792=DIRECTION('',(0.,0.,1.));
#1793=DIRECTION('',(1.,0.,0.));
#1794=DIRECTION('',(0.,1.,0.));
#1795=DIRECTION('',(0.,0.,1.));
#1796=DIRECTION('',(-1.,0.,0.));
#1797=DIRECTION('',(0.,0.,1.));
#1798=DIRECTION('',(-1.,0.,0.));
#1799=DIRECTION('',(0.,0.,1.));
#1800=DIRECTION('',(0.,-1.,0.));
#1801=DIRECTION('',(0.,0.,-1.));
#1802=DIRECTION('',(0.,1.,0.));
#1803=DIRECTION('',(0.,0.,1.));
#1804=DIRECTION('',(0.,0.,1.));
#1805=DIRECTION('',(1.,0.,0.));
#1806=DIRECTION('',(0.,0.,1.));
#1807=DIRECTION('',(1.,0.,0.));
#1808=DIRECTION('',(1.,0.,0.));
#1809=DIRECTION('',(0.,0.,-1.));
#1810=DIRECTION('',(0.,1.,0.));
#1811=DIRECTION('',(0.,0.,1.));
#1812=DIRECTION('',(0.,-1.,0.));
#1813=DIRECTION('',(0.,0.,-1.));
#1814=DIRECTION('',(0.,1.,0.));
#1815=DIRECTION('',(0.,0.,1.));
#1816=DIRECTION('',(1.,0.,0.));
#1817=DIRECTION('',(0.,0.,-1.));
#1818=DIRECTION('',(1.,0.,0.));
#1819=DIRECTION('',(0.,0.,-1.));
#1820=DIRECTION('',(0.,0.,1.));
#1821=DIRECTION('',(1.,0.,0.));
#1822=DIRECTION('',(-1.,0.,0.));
#1823=DIRECTION('',(0.,0.,1.));
#1824=DIRECTION('',(0.,0.,1.));
#1825=DIRECTION('',(1.,0.,0.));
#1826=DIRECTION('',(0.,-1.,0.));
#1827=DIRECTION('',(0.,0.,-1.));
#1828=DIRECTION('',(1.,0.,0.));
#1829=DIRECTION('',(0.,0.,-1.));
#1830=DIRECTION('',(-1.,0.,0.));
#1831=DIRECTION('',(0.,0.,1.));
#1832=DIRECTION('',(0.,-1.,0.));
#1833=DIRECTION('',(0.,0.,-1.));
#1834=DIRECTION('',(0.,-1.,0.));
#1835=DIRECTION('',(0.,0.,-1.));
#1836=DIRECTION('',(0.,0.,1.));
#1837=DIRECTION('',(1.,0.,0.));
#1838=DIRECTION('',(0.,-1.,0.));
#1839=DIRECTION('',(0.,0.,-1.));
#1840=DIRECTION('',(0.,0.,1.));
#1841=DIRECTION('',(1.,0.,0.));
#1842=DIRECTION('',(-1.,0.,0.));
#1843=DIRECTION('',(0.,0.,1.));
#1844=DIRECTION('',(0.,1.,0.));
#1845=DIRECTION('',(0.,0.,1.));
#1846=DIRECTION('',(0.,-1.,0.));
#1847=DIRECTION('',(0.,0.,-1.));
#1848=DIRECTION('',(-1.,0.,0.));
#1849=DIRECTION('',(0.,0.,1.));
#1850=DIRECTION('',(-1.,0.,0.));
#1851=DIRECTION('',(0.,0.,1.));
#1852=DIRECTION('',(0.,0.,1.));
#1853=DIRECTION('',(1.,0.,0.));
#1854=DIRECTION('',(-1.,0.,0.));
#1855=DIRECTION('',(0.,0.,1.));
#1856=DIRECTION('',(0.,0.,1.));
#1857=DIRECTION('',(1.,0.,0.));
#1858=DIRECTION('',(0.,1.,0.));
#1859=DIRECTION('',(0.,0.,1.));
#1860=DIRECTION('',(1.,0.,0.));
#1861=DIRECTION('',(0.,0.,-1.));
#1862=DIRECTION('',(-1.,0.,0.));
#1863=DIRECTION('',(0.,0.,1.));
#1864=DIRECTION('',(0.,1.,0.));
#1865=DIRECTION('',(0.,0.,1.));
#1866=DIRECTION('',(0.,1.,0.));
#1867=DIRECTION('',(0.,0.,1.));
#1868=DIRECTION('',(0.,0.,1.));
#1869=DIRECTION('',(1.,0.,0.));
#1870=CARTESIAN_POINT('',(0.,0.,0.));
#1871=CARTESIAN_POINT('',(0.0525,-0.0425,0.));
#1872=CARTESIAN_POINT('',(0.101153819444444,-0.0792938368055556,0.));
#1873=CARTESIAN_POINT('',(0.101153819444444,-0.0787061963393969,0.));
#1874=CARTESIAN_POINT('',(0.101311046985266,-0.0781205733769464,0.));
#1875=CARTESIAN_POINT('',(0.101644107467284,-0.0776360435284292,0.));
#1876=CARTESIAN_POINT('',(0.101153819444444,-0.0792938368055556,0.));
#1877=CARTESIAN_POINT('',(0.101644107467284,-0.0776360435284292,0.));
#1878=CARTESIAN_POINT('',(0.101644107467284,-0.0776360435284292,0.));
#1879=CARTESIAN_POINT('',(0.101840007927005,-0.0773510513867686,0.));
#1880=CARTESIAN_POINT('',(0.102082778975056,-0.0771004352656164,0.));
#1881=CARTESIAN_POINT('',(0.102360778845568,-0.0768947347093318,0.));
#1882=CARTESIAN_POINT('',(0.102360778845568,-0.0768947347093315,0.));
#1883=CARTESIAN_POINT('',(0.102360778845568,-0.0768947347093315,0.));
#1884=CARTESIAN_POINT('',(0.102136267564061,-0.0767076230288291,0.));
#1885=CARTESIAN_POINT('',(0.101941072808801,-0.0764874819506906,0.));
#1886=CARTESIAN_POINT('',(0.101783412744165,-0.0762413784351616,0.));
#1887=CARTESIAN_POINT('',(0.101783412744165,-0.0762413784351616,0.));
#1888=CARTESIAN_POINT('',(0.101783412744165,-0.0762413784351616,0.));
#1889=CARTESIAN_POINT('',(0.101499825543563,-0.0757987057317823,0.));
#1890=CARTESIAN_POINT('',(0.101364322916667,-0.0752747215241552,0.));
#1891=CARTESIAN_POINT('',(0.101364322916667,-0.0747495659722222,0.));
#1892=CARTESIAN_POINT('',(0.101364322916667,-0.0747495659722222,0.));
#1893=CARTESIAN_POINT('',(0.101364322916667,-0.0747495659722222,0.));
#1894=CARTESIAN_POINT('',(0.101364322916667,-0.0743162088104009,0.));
#1895=CARTESIAN_POINT('',(0.101501854703908,-0.07344910472087,1.0842021724855E-19));
#1896=CARTESIAN_POINT('',(0.102014683386116,-0.0727295841580498,0.));
#1897=CARTESIAN_POINT('',(0.102339052192115,-0.0724403727452168,0.));
#1898=CARTESIAN_POINT('',(0.102339052192115,-0.0724403727452168,0.));
#1899=CARTESIAN_POINT('',(0.102339052192115,-0.0724403727452168,0.));
#1900=CARTESIAN_POINT('',(0.103028446921794,-0.0718256995088193,0.));
#1901=CARTESIAN_POINT('',(0.103969055341889,-0.0715891493055556,0.));
#1902=CARTESIAN_POINT('',(0.104889322916667,-0.0715891493055556,0.));
#1903=CARTESIAN_POINT('',(0.104889322916667,-0.0715891493055556,0.));
#1904=CARTESIAN_POINT('',(0.104889322916667,-0.0715891493055556,0.));
#1905=CARTESIAN_POINT('',(0.105807810571295,-0.0715891493055556,0.));
#1906=CARTESIAN_POINT('',(0.106745298024717,-0.0718235058841832,0.));
#1907=CARTESIAN_POINT('',(0.107436638466689,-0.0724322053735799,0.));
#1908=CARTESIAN_POINT('',(0.107436638466689,-0.0724322053735799,0.));
#1909=CARTESIAN_POINT('',(0.107436638466689,-0.0724322053735799,0.));
#1910=CARTESIAN_POINT('',(0.107764246044287,-0.0727206516340615,0.));
#1911=CARTESIAN_POINT('',(0.108278076356798,-0.0734381107683387,0.));
#1912=CARTESIAN_POINT('',(0.108416493055556,-0.0743135450702931,0.));
#1913=CARTESIAN_POINT('',(0.108416493055556,-0.0747495659722222,0.));
#1914=CARTESIAN_POINT('',(0.108416493055556,-0.0747495659722222,0.));
#1915=CARTESIAN_POINT('',(0.108416493055556,-0.0747495659722222,0.));
#1916=CARTESIAN_POINT('',(0.108416493055556,-0.0752762065175579,0.));
#1917=CARTESIAN_POINT('',(0.108279278736566,-0.0758003366414549,0.));
#1918=CARTESIAN_POINT('',(0.107993251116301,-0.0762427721144932,0.));
#1919=CARTESIAN_POINT('',(0.107993251116301,-0.0762427721144932,0.));
#1920=CARTESIAN_POINT('',(0.107993251116301,-0.0762427721144932,0.));
#1921=CARTESIAN_POINT('',(0.10783410712817,-0.0764889404586709,0.));
#1922=CARTESIAN_POINT('',(0.107637709947549,-0.0767091568833675,0.));
#1923=CARTESIAN_POINT('',(0.10741216200181,-0.076896365743366,0.));
#1924=CARTESIAN_POINT('',(0.10741216200181,-0.076896365743366,0.));
#1925=CARTESIAN_POINT('',(0.107412162001811,-0.0768963657433662,0.));
#1926=CARTESIAN_POINT('',(0.107691494116999,-0.0771029203961422,0.));
#1927=CARTESIAN_POINT('',(0.107936489707666,-0.0773534803006638,0.));
#1928=CARTESIAN_POINT('',(0.10813459111166,-0.0776388892821919,0.));
#1929=CARTESIAN_POINT('',(0.10813459111166,-0.0776388892821919,0.));
#1930=CARTESIAN_POINT('',(0.10813459111166,-0.0776388892821919,0.));
#1931=CARTESIAN_POINT('',(0.108469464389483,-0.0781213484633857,0.));
#1932=CARTESIAN_POINT('',(0.108626996527778,-0.0787074029134102,0.));
#1933=CARTESIAN_POINT('',(0.108626996527778,-0.0792938368055556,0.));
#1934=CARTESIAN_POINT('',(0.108626996527778,-0.0792938368055556,0.));
#1935=CARTESIAN_POINT('',(0.108626996527778,-0.0792938368055556,0.));
#1936=CARTESIAN_POINT('',(0.108626996527778,-0.0797439282810449,0.));
#1937=CARTESIAN_POINT('',(0.108481240858716,-0.0806453476128577,0.));
#1938=CARTESIAN_POINT('',(0.107934773656982,-0.0813841451911713,0.));
#1939=CARTESIAN_POINT('',(0.10759146194439,-0.0816771045192502,0.));
#1940=CARTESIAN_POINT('',(0.10759146194439,-0.0816771045192502,0.));
#1941=CARTESIAN_POINT('',(0.10759146194439,-0.0816771045192502,0.));
#1942=CARTESIAN_POINT('',(0.106853267396318,-0.0823070305336049,0.));
#1943=CARTESIAN_POINT('',(0.105863533429772,-0.08253671875,0.));
#1944=CARTESIAN_POINT('',(0.104896918402778,-0.08253671875,0.));
#1945=CARTESIAN_POINT('',(0.104896918402778,-0.08253671875,0.));
#1946=CARTESIAN_POINT('',(0.104896918402778,-0.08253671875,0.));
#1947=CARTESIAN_POINT('',(0.103927542613274,-0.08253671875,0.));
#1948=CARTESIAN_POINT('',(0.10293695618298,-0.0823043575369438,0.));
#1949=CARTESIAN_POINT('',(0.102196314465675,-0.0816742327545914,0.));
#1950=CARTESIAN_POINT('',(0.102196314465675,-0.0816742327545914,0.));
#1951=CARTESIAN_POINT('',(0.102196314465675,-0.0816742327545914,0.));
#1952=CARTESIAN_POINT('',(0.101852534604267,-0.081381750971179,0.));
#1953=CARTESIAN_POINT('',(0.101304479431326,-0.0806498548402694,0.));
#1954=CARTESIAN_POINT('',(0.101153819444444,-0.0797448890080106,0.));
#1955=CARTESIAN_POINT('',(0.101153819444444,-0.0792938368055556,0.));
#1956=CARTESIAN_POINT('',(0.093,-0.0854,0.));
#1957=CARTESIAN_POINT('',(0.0945,-0.0854,0.));
#1958=CARTESIAN_POINT('',(0.093,-0.0854,0.));
#1959=CARTESIAN_POINT('',(0.093,-0.088,0.));
#1960=CARTESIAN_POINT('',(0.0904,-0.088,0.));
#1961=CARTESIAN_POINT('',(0.0904,-0.0425,0.));
#1962=CARTESIAN_POINT('',(0.0904,-0.112,0.));
#1963=CARTESIAN_POINT('',(0.093,-0.112,0.));
#1964=CARTESIAN_POINT('',(0.093,-0.1146,0.));
#1965=CARTESIAN_POINT('',(0.0525,-0.1146,0.));
#1966=CARTESIAN_POINT('',(0.117,-0.1146,0.));
#1967=CARTESIAN_POINT('',(0.117,-0.112,0.));
#1968=CARTESIAN_POINT('',(0.1196,-0.112,0.));
#1969=CARTESIAN_POINT('',(0.1196,-0.088,0.));
#1970=CARTESIAN_POINT('',(0.1196,-0.088,0.));
#1971=CARTESIAN_POINT('',(0.117,-0.088,0.));
#1972=CARTESIAN_POINT('',(0.117,-0.0854,0.));
#1973=CARTESIAN_POINT('',(0.1155,-0.0854,0.));
#1974=CARTESIAN_POINT('',(0.1155,-0.0854,0.));
#1975=CARTESIAN_POINT('',(0.1155,-0.082,0.));
#1976=CARTESIAN_POINT('',(0.1121,-0.082,0.));
#1977=CARTESIAN_POINT('',(0.1121,-0.0425,0.));
#1978=CARTESIAN_POINT('',(0.1121,-0.073,0.));
#1979=CARTESIAN_POINT('',(0.1095,-0.073,0.));
#1980=CARTESIAN_POINT('',(0.1095,-0.0704,0.));
#1981=CARTESIAN_POINT('',(0.1005,-0.0704,0.));
#1982=CARTESIAN_POINT('',(0.1005,-0.0704,0.));
#1983=CARTESIAN_POINT('',(0.1005,-0.073,0.));
#1984=CARTESIAN_POINT('',(0.0979,-0.073,0.));
#1985=CARTESIAN_POINT('',(0.0979,-0.082,0.));
#1986=CARTESIAN_POINT('',(0.0979,-0.082,0.));
#1987=CARTESIAN_POINT('',(0.0945,-0.082,0.));
#1988=CARTESIAN_POINT('',(0.0945,-0.082,-0.008));
#1989=CARTESIAN_POINT('',(0.0945,-0.085,-0.008));
#1990=CARTESIAN_POINT('',(0.0945,-0.085,-0.0076));
#1991=CARTESIAN_POINT('',(0.0945,-0.085,-0.0004));
#1992=CARTESIAN_POINT('',(0.0945,-0.082,-0.0004));
#1993=CARTESIAN_POINT('',(0.0975,-0.082,-0.0004));
#1994=CARTESIAN_POINT('',(0.0975,-0.082,-0.008));
#1995=CARTESIAN_POINT('',(0.0975,-0.082,-0.0076));
#1996=CARTESIAN_POINT('',(0.0945,-0.082,-0.0076));
#1997=CARTESIAN_POINT('',(0.09375,-0.085,-0.008));
#1998=CARTESIAN_POINT('',(0.093,-0.085,-0.008));
#1999=CARTESIAN_POINT('',(0.093,-0.085,-0.0076));
#2000=CARTESIAN_POINT('',(0.093,-0.085,-0.0004));
#2001=CARTESIAN_POINT('',(0.0945,-0.085,-0.0004));
#2002=CARTESIAN_POINT('',(0.09375,-0.085,-0.0076));
#2003=CARTESIAN_POINT('',(0.093,-0.088,-0.008));
#2004=CARTESIAN_POINT('',(0.09,-0.088,-0.008));
#2005=CARTESIAN_POINT('',(0.09,-0.088,-0.0076));
#2006=CARTESIAN_POINT('',(0.09,-0.088,-0.0004));
#2007=CARTESIAN_POINT('',(0.093,-0.088,-0.0004));
#2008=CARTESIAN_POINT('',(0.093,-0.088,-0.0076));
#2009=CARTESIAN_POINT('',(0.09,-0.1,-0.008));
#2010=CARTESIAN_POINT('',(0.09,-0.112,-0.008));
#2011=CARTESIAN_POINT('',(0.09,-0.112,-0.0076));
#2012=CARTESIAN_POINT('',(0.09,-0.112,-0.0004));
#2013=CARTESIAN_POINT('',(0.09,-0.1,-0.0004));
#2014=CARTESIAN_POINT('',(0.09,-0.112,-0.0076));
#2015=CARTESIAN_POINT('',(0.093,-0.112,-0.008));
#2016=CARTESIAN_POINT('',(0.093,-0.115,-0.008));
#2017=CARTESIAN_POINT('',(0.093,-0.115,-0.0076));
#2018=CARTESIAN_POINT('',(0.093,-0.115,-0.0004));
#2019=CARTESIAN_POINT('',(0.093,-0.112,-0.0004));
#2020=CARTESIAN_POINT('',(0.093,-0.112,-0.0076));
#2021=CARTESIAN_POINT('',(0.105,-0.115,-0.008));
#2022=CARTESIAN_POINT('',(0.117,-0.115,-0.008));
#2023=CARTESIAN_POINT('',(0.117,-0.115,-0.0076));
#2024=CARTESIAN_POINT('',(0.117,-0.115,-0.0004));
#2025=CARTESIAN_POINT('',(0.105,-0.115,-0.0004));
#2026=CARTESIAN_POINT('',(0.117,-0.115,-0.0076));
#2027=CARTESIAN_POINT('',(0.117,-0.112,-0.008));
#2028=CARTESIAN_POINT('',(0.12,-0.112,-0.008));
#2029=CARTESIAN_POINT('',(0.12,-0.112,-0.0076));
#2030=CARTESIAN_POINT('',(0.12,-0.112,-0.0004));
#2031=CARTESIAN_POINT('',(0.117,-0.112,-0.0004));
#2032=CARTESIAN_POINT('',(0.117,-0.112,-0.0076));
#2033=CARTESIAN_POINT('',(0.12,-0.1,-0.008));
#2034=CARTESIAN_POINT('',(0.12,-0.088,-0.008));
#2035=CARTESIAN_POINT('',(0.12,-0.088,-0.0076));
#2036=CARTESIAN_POINT('',(0.12,-0.088,-0.0004));
#2037=CARTESIAN_POINT('',(0.12,-0.112,-0.0004));
#2038=CARTESIAN_POINT('',(0.12,-0.1,-0.0076));
#2039=CARTESIAN_POINT('',(0.117,-0.088,-0.008));
#2040=CARTESIAN_POINT('',(0.117,-0.085,-0.008));
#2041=CARTESIAN_POINT('',(0.117,-0.085,-0.0076));
#2042=CARTESIAN_POINT('',(0.117,-0.085,-0.0004));
#2043=CARTESIAN_POINT('',(0.117,-0.088,-0.0004));
#2044=CARTESIAN_POINT('',(0.117,-0.088,-0.0076));
#2045=CARTESIAN_POINT('',(0.11625,-0.085,-0.008));
#2046=CARTESIAN_POINT('',(0.1155,-0.085,-0.008));
#2047=CARTESIAN_POINT('',(0.1155,-0.085,-0.0076));
#2048=CARTESIAN_POINT('',(0.1155,-0.085,-0.0004));
#2049=CARTESIAN_POINT('',(0.117,-0.085,-0.0004));
#2050=CARTESIAN_POINT('',(0.11625,-0.085,-0.0076));
#2051=CARTESIAN_POINT('',(0.1155,-0.082,-0.008));
#2052=CARTESIAN_POINT('',(0.1125,-0.082,-0.008));
#2053=CARTESIAN_POINT('',(0.1125,-0.082,-0.0076));
#2054=CARTESIAN_POINT('',(0.1125,-0.082,-0.0004));
#2055=CARTESIAN_POINT('',(0.1155,-0.082,-0.0004));
#2056=CARTESIAN_POINT('',(0.1155,-0.082,-0.0076));
#2057=CARTESIAN_POINT('',(0.1125,-0.0775,-0.008));
#2058=CARTESIAN_POINT('',(0.1125,-0.073,-0.008));
#2059=CARTESIAN_POINT('',(0.1125,-0.073,-0.0076));
#2060=CARTESIAN_POINT('',(0.1125,-0.073,-0.0004));
#2061=CARTESIAN_POINT('',(0.1125,-0.0775,-0.0004));
#2062=CARTESIAN_POINT('',(0.1125,-0.073,-0.0076));
#2063=CARTESIAN_POINT('',(0.1095,-0.073,-0.008));
#2064=CARTESIAN_POINT('',(0.1095,-0.07,-0.008));
#2065=CARTESIAN_POINT('',(0.1095,-0.07,-0.0076));
#2066=CARTESIAN_POINT('',(0.1095,-0.07,-0.0004));
#2067=CARTESIAN_POINT('',(0.1095,-0.073,-0.0004));
#2068=CARTESIAN_POINT('',(0.1095,-0.073,-0.0076));
#2069=CARTESIAN_POINT('',(0.105,-0.07,-0.008));
#2070=CARTESIAN_POINT('',(0.1005,-0.07,-0.008));
#2071=CARTESIAN_POINT('',(0.1005,-0.07,-0.0076));
#2072=CARTESIAN_POINT('',(0.1005,-0.07,-0.0004));
#2073=CARTESIAN_POINT('',(0.1095,-0.07,-0.0004));
#2074=CARTESIAN_POINT('',(0.105,-0.07,-0.0076));
#2075=CARTESIAN_POINT('',(0.1005,-0.073,-0.008));
#2076=CARTESIAN_POINT('',(0.0975,-0.073,-0.008));
#2077=CARTESIAN_POINT('',(0.0975,-0.073,-0.0076));
#2078=CARTESIAN_POINT('',(0.0975,-0.073,-0.0004));
#2079=CARTESIAN_POINT('',(0.1005,-0.073,-0.0004));
#2080=CARTESIAN_POINT('',(0.1005,-0.073,-0.0076));
#2081=CARTESIAN_POINT('',(0.0975,-0.0775,-0.008));
#2082=CARTESIAN_POINT('',(0.0975,-0.073,-0.0004));
#2083=CARTESIAN_POINT('',(0.0975,-0.0775,-0.0076));
#2084=CARTESIAN_POINT('',(0.0525,-0.0425,-0.008));
#2085=CARTESIAN_POINT('',(0.0904,-0.088,-0.008));
#2086=CARTESIAN_POINT('',(0.0904,-0.112,-0.008));
#2087=CARTESIAN_POINT('',(0.0904,-0.088,-0.008));
#2088=CARTESIAN_POINT('',(0.093,-0.088,-0.008));
#2089=CARTESIAN_POINT('',(0.093,-0.0854,-0.008));
#2090=CARTESIAN_POINT('',(0.0525,-0.0854,-0.008));
#2091=CARTESIAN_POINT('',(0.0945,-0.0854,-0.008));
#2092=CARTESIAN_POINT('',(0.0945,-0.082,-0.008));
#2093=CARTESIAN_POINT('',(0.0979,-0.082,-0.008));
#2094=CARTESIAN_POINT('',(0.0979,-0.0425,-0.008));
#2095=CARTESIAN_POINT('',(0.0979,-0.073,-0.008));
#2096=CARTESIAN_POINT('',(0.1005,-0.073,-0.008));
#2097=CARTESIAN_POINT('',(0.1005,-0.0704,-0.008));
#2098=CARTESIAN_POINT('',(0.0525,-0.0704,-0.008));
#2099=CARTESIAN_POINT('',(0.1095,-0.0704,-0.008));
#2100=CARTESIAN_POINT('',(0.1095,-0.073,-0.008));
#2101=CARTESIAN_POINT('',(0.1121,-0.073,-0.008));
#2102=CARTESIAN_POINT('',(0.1121,-0.082,-0.008));
#2103=CARTESIAN_POINT('',(0.1121,-0.082,-0.008));
#2104=CARTESIAN_POINT('',(0.1155,-0.082,-0.008));
#2105=CARTESIAN_POINT('',(0.1155,-0.0854,-0.008));
#2106=CARTESIAN_POINT('',(0.0525,-0.0854,-0.008));
#2107=CARTESIAN_POINT('',(0.117,-0.0854,-0.008));
#2108=CARTESIAN_POINT('',(0.117,-0.088,-0.008));
#2109=CARTESIAN_POINT('',(0.1196,-0.088,-0.008));
#2110=CARTESIAN_POINT('',(0.1196,-0.0425,-0.008));
#2111=CARTESIAN_POINT('',(0.1196,-0.112,-0.008));
#2112=CARTESIAN_POINT('',(0.117,-0.112,-0.008));
#2113=CARTESIAN_POINT('',(0.117,-0.1146,-0.008));
#2114=CARTESIAN_POINT('',(0.093,-0.1146,-0.008));
#2115=CARTESIAN_POINT('',(0.093,-0.1146,-0.008));
#2116=CARTESIAN_POINT('',(0.093,-0.112,-0.008));
#2117=CARTESIAN_POINT('',(0.0480539279513889,-0.026068359375,-0.0004));
#2118=CARTESIAN_POINT('',(0.108016493055556,-0.0747495659722222,-0.0004));
#2119=CARTESIAN_POINT('',(0.108016493055556,-0.0754700520833334,-0.0004));
#2120=CARTESIAN_POINT('',(0.107657335069444,-0.0760256076388889,-0.0004));
#2121=CARTESIAN_POINT('',(0.108016493055556,-0.0747495659722222,-0.0004));
#2122=CARTESIAN_POINT('',(0.107657335069444,-0.0760256076388889,-0.0004));
#2123=CARTESIAN_POINT('',(0.107172309027778,-0.072732421875,-0.0004));
#2124=CARTESIAN_POINT('',(0.108016493055556,-0.0734756944444445,-0.0004));
#2125=CARTESIAN_POINT('',(0.108016493055556,-0.0747495659722222,-0.0004));
#2126=CARTESIAN_POINT('',(0.107172309027778,-0.072732421875,-0.0004));
#2127=CARTESIAN_POINT('',(0.104889322916667,-0.0719891493055556,-0.0004));
#2128=CARTESIAN_POINT('',(0.106328125,-0.0719891493055556,-0.0004));
#2129=CARTESIAN_POINT('',(0.107172309027778,-0.072732421875,-0.0004));
#2130=CARTESIAN_POINT('',(0.104889322916667,-0.0719891493055556,-0.0004));
#2131=CARTESIAN_POINT('',(0.102605251736111,-0.0727389322916667,-0.0004));
#2132=CARTESIAN_POINT('',(0.103446180555556,-0.0719891493055556,-0.0004));
#2133=CARTESIAN_POINT('',(0.104889322916667,-0.0719891493055556,-0.0004));
#2134=CARTESIAN_POINT('',(0.102605251736111,-0.0727389322916667,-0.0004));
#2135=CARTESIAN_POINT('',(0.101764322916667,-0.0747495659722222,-0.0004));
#2136=CARTESIAN_POINT('',(0.101764322916667,-0.0734887152777778,-0.0004));
#2137=CARTESIAN_POINT('',(0.102605251736111,-0.0727389322916667,-0.0004));
#2138=CARTESIAN_POINT('',(0.101764322916667,-0.0747495659722222,-0.0004));
#2139=CARTESIAN_POINT('',(0.102120225694444,-0.0760256076388889,-0.0004));
#2140=CARTESIAN_POINT('',(0.101764322916667,-0.0754700520833334,-0.0004));
#2141=CARTESIAN_POINT('',(0.101764322916667,-0.0747495659722222,-0.0004));
#2142=CARTESIAN_POINT('',(0.102120225694444,-0.0760256076388889,-0.0004));
#2143=CARTESIAN_POINT('',(0.103107638888889,-0.0769131944444445,-0.0004));
#2144=CARTESIAN_POINT('',(0.102476128472222,-0.0765811631944445,-0.0004));
#2145=CARTESIAN_POINT('',(0.102120225694444,-0.0760256076388889,-0.0004));
#2146=CARTESIAN_POINT('',(0.103107638888889,-0.0769131944444445,-0.0004));
#2147=CARTESIAN_POINT('',(0.101973741319444,-0.0778626302083334,-0.0004));
#2148=CARTESIAN_POINT('',(0.102393663194444,-0.0772517361111111,-0.0004));
#2149=CARTESIAN_POINT('',(0.103107638888889,-0.0769131944444445,-0.0004));
#2150=CARTESIAN_POINT('',(0.101973741319444,-0.0778626302083334,-0.0004));
#2151=CARTESIAN_POINT('',(0.101553819444444,-0.0792938368055556,-0.0004));
#2152=CARTESIAN_POINT('',(0.101553819444444,-0.0784735243055556,-0.0004));
#2153=CARTESIAN_POINT('',(0.101973741319444,-0.0778626302083334,-0.0004));
#2154=CARTESIAN_POINT('',(0.101553819444444,-0.0792938368055556,-0.0004));
#2155=CARTESIAN_POINT('',(0.102455512152778,-0.0813695746527778,-0.0004));
#2156=CARTESIAN_POINT('',(0.101553819444444,-0.0806024305555556,-0.0004));
#2157=CARTESIAN_POINT('',(0.101553819444444,-0.0792938368055556,-0.0004));
#2158=CARTESIAN_POINT('',(0.102455512152778,-0.0813695746527778,-0.0004));
#2159=CARTESIAN_POINT('',(0.104896918402778,-0.08213671875,-0.0004));
#2160=CARTESIAN_POINT('',(0.103357204861111,-0.08213671875,-0.0004));
#2161=CARTESIAN_POINT('',(0.102455512152778,-0.0813695746527778,-0.0004));
#2162=CARTESIAN_POINT('',(0.104896918402778,-0.08213671875,-0.0004));
#2163=CARTESIAN_POINT('',(0.107331814236111,-0.0813728298611111,-0.0004));
#2164=CARTESIAN_POINT('',(0.106436631944444,-0.08213671875,-0.0004));
#2165=CARTESIAN_POINT('',(0.104896918402778,-0.08213671875,-0.0004));
#2166=CARTESIAN_POINT('',(0.107331814236111,-0.0813728298611111,-0.0004));
#2167=CARTESIAN_POINT('',(0.108226996527778,-0.0792938368055556,-0.0004));
#2168=CARTESIAN_POINT('',(0.108226996527778,-0.0806089409722222,-0.0004));
#2169=CARTESIAN_POINT('',(0.107331814236111,-0.0813728298611111,-0.0004));
#2170=CARTESIAN_POINT('',(0.108226996527778,-0.0792938368055556,-0.0004));
#2171=CARTESIAN_POINT('',(0.107805989583333,-0.0778669704861111,-0.0004));
#2172=CARTESIAN_POINT('',(0.108226996527778,-0.0784735243055556,-0.0004));
#2173=CARTESIAN_POINT('',(0.108226996527778,-0.0792938368055556,-0.0004));
#2174=CARTESIAN_POINT('',(0.107805989583333,-0.0778669704861111,-0.0004));
#2175=CARTESIAN_POINT('',(0.106666666666667,-0.0769131944444445,-0.0004));
#2176=CARTESIAN_POINT('',(0.107384982638889,-0.0772604166666667,-0.0004));
#2177=CARTESIAN_POINT('',(0.107805989583333,-0.0778669704861111,-0.0004));
#2178=CARTESIAN_POINT('',(0.106666666666667,-0.0769131944444445,-0.0004));
#2179=CARTESIAN_POINT('',(0.107657335069444,-0.0760256076388889,-0.0004));
#2180=CARTESIAN_POINT('',(0.107298177083333,-0.0765811631944445,-0.0004));
#2181=CARTESIAN_POINT('',(0.106666666666667,-0.0769131944444445,-0.0004));
#2182=CARTESIAN_POINT('',(0.106260850694444,-0.0791506076388889,-0.0004));
#2183=CARTESIAN_POINT('',(0.106260850694444,-0.0785082465277778,-0.0004));
#2184=CARTESIAN_POINT('',(0.105887586805556,-0.0781208767361111,-0.0004));
#2185=CARTESIAN_POINT('',(0.106260850694444,-0.0791506076388889,-0.0004));
#2186=CARTESIAN_POINT('',(0.105887586805556,-0.0781208767361111,-0.0004));
#2187=CARTESIAN_POINT('',(0.105897352430556,-0.0801825086805556,-0.0004));
#2188=CARTESIAN_POINT('',(0.106260850694444,-0.0798103298611111,-0.0004));
#2189=CARTESIAN_POINT('',(0.106260850694444,-0.0791506076388889,-0.0004));
#2190=CARTESIAN_POINT('',(0.105897352430556,-0.0801825086805556,-0.0004));
#2191=CARTESIAN_POINT('',(0.104898003472222,-0.0805546875,-0.0004));
#2192=CARTESIAN_POINT('',(0.105533854166667,-0.0805546875,-0.0004));
#2193=CARTESIAN_POINT('',(0.105897352430556,-0.0801825086805556,-0.0004));
#2194=CARTESIAN_POINT('',(0.104898003472222,-0.0805546875,-0.0004));
#2195=CARTESIAN_POINT('',(0.103880208333333,-0.0801684027777778,-0.0004));
#2196=CARTESIAN_POINT('',(0.104246961805556,-0.0805546875,-0.0004));
#2197=CARTESIAN_POINT('',(0.104898003472222,-0.0805546875,-0.0004));
#2198=CARTESIAN_POINT('',(0.103880208333333,-0.0801684027777778,-0.0004));
#2199=CARTESIAN_POINT('',(0.103513454861111,-0.0791506076388889,-0.0004));
#2200=CARTESIAN_POINT('',(0.103513454861111,-0.0797821180555556,-0.0004));
#2201=CARTESIAN_POINT('',(0.103880208333333,-0.0801684027777778,-0.0004));
#2202=CARTESIAN_POINT('',(0.103513454861111,-0.0791506076388889,-0.0004));
#2203=CARTESIAN_POINT('',(0.10388671875,-0.0781165364583333,-0.0004));
#2204=CARTESIAN_POINT('',(0.103513454861111,-0.0784995659722222,-0.0004));
#2205=CARTESIAN_POINT('',(0.103513454861111,-0.0791506076388889,-0.0004));
#2206=CARTESIAN_POINT('',(0.10388671875,-0.0781165364583333,-0.0004));
#2207=CARTESIAN_POINT('',(0.1048828125,-0.0777335069444445,-0.0004));
#2208=CARTESIAN_POINT('',(0.104259982638889,-0.0777335069444445,-0.0004));
#2209=CARTESIAN_POINT('',(0.10388671875,-0.0781165364583333,-0.0004));
#2210=CARTESIAN_POINT('',(0.1048828125,-0.0777335069444445,-0.0004));
#2211=CARTESIAN_POINT('',(0.105887586805556,-0.0781208767361111,-0.0004));
#2212=CARTESIAN_POINT('',(0.105514322916667,-0.0777335069444445,-0.0004));
#2213=CARTESIAN_POINT('',(0.1048828125,-0.0777335069444445,-0.0004));
#2214=CARTESIAN_POINT('',(0.106056857638889,-0.0748450520833334,-0.0004));
#2215=CARTESIAN_POINT('',(0.106056857638889,-0.0742677951388889,-0.0004));
#2216=CARTESIAN_POINT('',(0.105751953125,-0.0739194878472222,-0.0004));
#2217=CARTESIAN_POINT('',(0.106056857638889,-0.0748450520833334,-0.0004));
#2218=CARTESIAN_POINT('',(0.105751953125,-0.0739194878472222,-0.0004));
#2219=CARTESIAN_POINT('',(0.105755208333333,-0.0757944878472222,-0.0004));
#2220=CARTESIAN_POINT('',(0.106056857638889,-0.0754353298611111,-0.0004));
#2221=CARTESIAN_POINT('',(0.106056857638889,-0.0748450520833334,-0.0004));
#2222=CARTESIAN_POINT('',(0.105755208333333,-0.0757944878472222,-0.0004));
#2223=CARTESIAN_POINT('',(0.104896918402778,-0.0761536458333333,-0.0004));
#2224=CARTESIAN_POINT('',(0.105453559027778,-0.0761536458333333,-0.0004));
#2225=CARTESIAN_POINT('',(0.105755208333333,-0.0757944878472222,-0.0004));
#2226=CARTESIAN_POINT('',(0.104896918402778,-0.0761536458333333,-0.0004));
#2227=CARTESIAN_POINT('',(0.104035373263889,-0.0757944878472222,-0.0004));
#2228=CARTESIAN_POINT('',(0.104340277777778,-0.0761536458333333,-0.0004));
#2229=CARTESIAN_POINT('',(0.104896918402778,-0.0761536458333333,-0.0004));
#2230=CARTESIAN_POINT('',(0.104035373263889,-0.0757944878472222,-0.0004));
#2231=CARTESIAN_POINT('',(0.10373046875,-0.0748450520833334,-0.0004));
#2232=CARTESIAN_POINT('',(0.10373046875,-0.0754353298611111,-0.0004));
#2233=CARTESIAN_POINT('',(0.104035373263889,-0.0757944878472222,-0.0004));
#2234=CARTESIAN_POINT('',(0.10373046875,-0.0748450520833334,-0.0004));
#2235=CARTESIAN_POINT('',(0.104035373263889,-0.0739097222222222,-0.0004));
#2236=CARTESIAN_POINT('',(0.10373046875,-0.0742482638888889,-0.0004));
#2237=CARTESIAN_POINT('',(0.10373046875,-0.0748450520833334,-0.0004));
#2238=CARTESIAN_POINT('',(0.104035373263889,-0.0739097222222222,-0.0004));
#2239=CARTESIAN_POINT('',(0.104889322916667,-0.0735711805555556,-0.0004));
#2240=CARTESIAN_POINT('',(0.104340277777778,-0.0735711805555556,-0.0004));
#2241=CARTESIAN_POINT('',(0.104035373263889,-0.0739097222222222,-0.0004));
#2242=CARTESIAN_POINT('',(0.104889322916667,-0.0735711805555556,-0.0004));
#2243=CARTESIAN_POINT('',(0.105751953125,-0.0739194878472222,-0.0004));
#2244=CARTESIAN_POINT('',(0.105447048611111,-0.0735711805555556,-0.0004));
#2245=CARTESIAN_POINT('',(0.104889322916667,-0.0735711805555556,-0.0004));
#2246=CARTESIAN_POINT('',(0.0525,-0.0425,0.));
#2247=CARTESIAN_POINT('',(0.104898003472222,-0.0801546875,0.));
#2248=CARTESIAN_POINT('',(0.105158322779323,-0.0801546875,0.));
#2249=CARTESIAN_POINT('',(0.105428166851334,-0.080090418965843,0.));
#2250=CARTESIAN_POINT('',(0.105611192260728,-0.0799030228004035,0.));
#2251=CARTESIAN_POINT('',(0.104898003472222,-0.0801546875,0.));
#2252=CARTESIAN_POINT('',(0.105611192260728,-0.0799030228004035,0.));
#2253=CARTESIAN_POINT('',(0.105611192260728,-0.0799030228004035,0.));
#2254=CARTESIAN_POINT('',(0.105802422223262,-0.0797072261521976,0.));
#2255=CARTESIAN_POINT('',(0.105860850694444,-0.0794227718927196,0.));
#2256=CARTESIAN_POINT('',(0.105860850694444,-0.0791506076388889,0.));
#2257=CARTESIAN_POINT('',(0.105860850694444,-0.0791506076388889,0.));
#2258=CARTESIAN_POINT('',(0.105860850694444,-0.0791506076388889,0.));
#2259=CARTESIAN_POINT('',(0.105860850694444,-0.0788770931707547,0.));
#2260=CARTESIAN_POINT('',(0.105790285134279,-0.0785963713184302,0.));
#2261=CARTESIAN_POINT('',(0.105599548319204,-0.0783984264260411,0.));
#2262=CARTESIAN_POINT('',(0.105599548319204,-0.0783984264260411,0.));
#2263=CARTESIAN_POINT('',(0.105599548319204,-0.0783984264260411,0.));
#2264=CARTESIAN_POINT('',(0.105416251235454,-0.0782082024176145,0.));
#2265=CARTESIAN_POINT('',(0.105145997332725,-0.0781335069444445,0.));
#2266=CARTESIAN_POINT('',(0.1048828125,-0.0781335069444445,0.));
#2267=CARTESIAN_POINT('',(0.1048828125,-0.0781335069444445,0.));
#2268=CARTESIAN_POINT('',(0.1048828125,-0.0781335069444445,0.));
#2269=CARTESIAN_POINT('',(0.104622159617365,-0.0781335069444445,0.));
#2270=CARTESIAN_POINT('',(0.104355878006476,-0.0782082358399622,0.));
#2271=CARTESIAN_POINT('',(0.104173189782951,-0.0783957036972427,0.));
#2272=CARTESIAN_POINT('',(0.104173189782951,-0.0783957036972427,0.));
#2273=CARTESIAN_POINT('',(0.104173189782951,-0.0783957036972427,0.));
#2274=CARTESIAN_POINT('',(0.103980969776448,-0.078592952715543,0.));
#2275=CARTESIAN_POINT('',(0.103913454861111,-0.0788763952040948,0.));
#2276=CARTESIAN_POINT('',(0.103913454861111,-0.0791506076388889,0.));
#2277=CARTESIAN_POINT('',(0.103913454861111,-0.0791506076388889,0.));
#2278=CARTESIAN_POINT('',(0.103913454861111,-0.0791506076388889,0.));
#2279=CARTESIAN_POINT('',(0.103913454861111,-0.0794203095624309,0.));
#2280=CARTESIAN_POINT('',(0.103983707230246,-0.0796964700918022,0.));
#2281=CARTESIAN_POINT('',(0.104170289470511,-0.0798929886643896,0.));
#2282=CARTESIAN_POINT('',(0.104170289470511,-0.0798929886643896,0.));
#2283=CARTESIAN_POINT('',(0.104170289470511,-0.0798929886643896,0.));
#2284=CARTESIAN_POINT('',(0.104354533017021,-0.0800870439973993,0.));
#2285=CARTESIAN_POINT('',(0.104631655372414,-0.0801546875,0.));
#2286=CARTESIAN_POINT('',(0.104898003472222,-0.0801546875,0.));
#2287=CARTESIAN_POINT('',(0.0525,-0.0425,0.));
#2288=CARTESIAN_POINT('',(0.104896918402778,-0.0757536458333333,0.));
#2289=CARTESIAN_POINT('',(0.105102196699687,-0.0757536458333333,0.));
#2290=CARTESIAN_POINT('',(0.105316283646696,-0.0756951417563393,0.));
#2291=CARTESIAN_POINT('',(0.10544890815841,-0.0755372327154135,0.));
#2292=CARTESIAN_POINT('',(0.104896918402778,-0.0757536458333333,0.));
#2293=CARTESIAN_POINT('',(0.10544890815841,-0.0755372327154135,0.));
#2294=CARTESIAN_POINT('',(0.10544890815841,-0.0755372327154135,0.));
#2295=CARTESIAN_POINT('',(0.105608702337112,-0.0753469741789012,0.));
#2296=CARTESIAN_POINT('',(0.105656857638889,-0.0750919915525183,0.));
#2297=CARTESIAN_POINT('',(0.105656857638889,-0.0748450520833334,0.));
#2298=CARTESIAN_POINT('',(0.105656857638889,-0.0748450520833334,0.));
#2299=CARTESIAN_POINT('',(0.105656857638889,-0.0748450520833334,0.));
#2300=CARTESIAN_POINT('',(0.105656857638889,-0.0746078957334849,0.));
#2301=CARTESIAN_POINT('',(0.105608227815457,-0.0743625872967243,0.));
#2302=CARTESIAN_POINT('',(0.105450980536429,-0.0741829560633858,0.));
#2303=CARTESIAN_POINT('',(0.105450980536428,-0.0741829560633861,0.));
#2304=CARTESIAN_POINT('',(0.105450980536428,-0.0741829560633861,0.));
#2305=CARTESIAN_POINT('',(0.105313659188005,-0.0740260871920556,0.));
#2306=CARTESIAN_POINT('',(0.105096690129746,-0.0739711805555556,0.));
#2307=CARTESIAN_POINT('',(0.104889322916667,-0.0739711805555556,0.));
#2308=CARTESIAN_POINT('',(0.104889322916667,-0.0739711805555556,0.));
#2309=CARTESIAN_POINT('',(0.104889322916667,-0.0739711805555556,0.));
#2310=CARTESIAN_POINT('',(0.10468449623321,-0.0739711805555556,0.));
#2311=CARTESIAN_POINT('',(0.10447032837921,-0.0740244864920882,0.));
#2312=CARTESIAN_POINT('',(0.104332596166322,-0.0741774133619136,0.));
#2313=CARTESIAN_POINT('',(0.104332596166322,-0.0741774133619136,0.));
#2314=CARTESIAN_POINT('',(0.104332596166322,-0.0741774133619136,0.));
#2315=CARTESIAN_POINT('',(0.104171650729637,-0.0743561143449946,0.));
#2316=CARTESIAN_POINT('',(0.10413046875,-0.0746063401835204,0.));
#2317=CARTESIAN_POINT('',(0.10413046875,-0.0748450520833334,0.));
#2318=CARTESIAN_POINT('',(0.10413046875,-0.0748450520833334,0.));
#2319=CARTESIAN_POINT('',(0.10413046875,-0.0748450520833334,0.));
#2320=CARTESIAN_POINT('',(0.10413046875,-0.0750920084046386,0.));
#2321=CARTESIAN_POINT('',(0.104179750177717,-0.0753464888352241,0.));
#2322=CARTESIAN_POINT('',(0.10434030804689,-0.0755356157202636,0.));
#2323=CARTESIAN_POINT('',(0.10434030804689,-0.0755356157202636,0.));
#2324=CARTESIAN_POINT('',(0.10434030804689,-0.0755356157202636,0.));
#2325=CARTESIAN_POINT('',(0.104474868584273,-0.0756941194137641,0.));
#2326=CARTESIAN_POINT('',(0.104690014417273,-0.0757536458333333,0.));
#2327=CARTESIAN_POINT('',(0.104896918402778,-0.0757536458333333,0.));
#2328=CARTESIAN_POINT('',(0.10388671875,-0.0781165364583334,-0.0004));
#2329=CARTESIAN_POINT('',(0.10388671875,-0.0781165364583334,0.));
#2330=CARTESIAN_POINT('',(0.104173189782951,-0.0783957036972427,0.));
#2331=CARTESIAN_POINT('',(0.103745856423794,-0.078261084136097,-0.0004));
#2332=CARTESIAN_POINT('',(0.103745856382655,-0.0782610840959334,-2.74721233770216E-15));
#2333=CARTESIAN_POINT('',(0.104077079768636,-0.0784943281984132,0.));
#2334=CARTESIAN_POINT('',(0.10354294866302,-0.0786327406027544,-0.0004));
#2335=CARTESIAN_POINT('',(0.10354294870971,-0.0786327406226952,2.79360709885387E-15));
#2336=CARTESIAN_POINT('',(0.103941552511955,-0.0787380528929474,-1.0842021724855E-19));
#2337=CARTESIAN_POINT('',(0.103513454861111,-0.0789841907688946,-0.0004));
#2338=CARTESIAN_POINT('',(0.103513454808872,-0.0789841907691767,-2.84021870044017E-15));
#2339=CARTESIAN_POINT('',(0.103913454829828,-0.0790135014191716,0.));
#2340=CARTESIAN_POINT('',(0.103513454861111,-0.0791506076388889,-0.0004));
#2341=CARTESIAN_POINT('',(0.103513454861111,-0.0791506076388889,1.38777878078145E-17));
#2342=CARTESIAN_POINT('',(0.103913454861111,-0.0791506076388889,0.));
#2343=CARTESIAN_POINT('',(0.104173189782951,-0.0783957036972427,-0.0004));
#2344=CARTESIAN_POINT('',(0.103913454861111,-0.0791506076388889,-0.0004));
#2345=CARTESIAN_POINT('',(0.103513454861111,-0.0791506076388889,-0.0004));
#2346=CARTESIAN_POINT('',(0.103513454861111,-0.0791506076388889,1.38777878078145E-17));
#2347=CARTESIAN_POINT('',(0.103913454861111,-0.0791506076388889,0.));
#2348=CARTESIAN_POINT('',(0.103513454861111,-0.0793158511703578,-0.000399999999999971));
#2349=CARTESIAN_POINT('',(0.103513454806721,-0.0793158511707284,-3.68512656675022E-15));
#2350=CARTESIAN_POINT('',(0.10391345482927,-0.0792854586031106,0.));
#2351=CARTESIAN_POINT('',(0.103545449308683,-0.0796659887504072,-0.000400000000000015));
#2352=CARTESIAN_POINT('',(0.10354544936002,-0.0796659887270726,2.85656524349955E-15));
#2353=CARTESIAN_POINT('',(0.103942584712302,-0.0795560388275313,-8.13151629364128E-20));
#2354=CARTESIAN_POINT('',(0.103745684717722,-0.0800267151826364,-0.0004));
#2355=CARTESIAN_POINT('',(0.103745684669439,-0.0800267152289351,-2.02822076068356E-15));
#2356=CARTESIAN_POINT('',(0.104076998333095,-0.079794729391029,-5.42101086242752E-20));
#2357=CARTESIAN_POINT('',(0.103880208333333,-0.0801684027777778,-0.0004));
#2358=CARTESIAN_POINT('',(0.103880208333333,-0.0801684027777778,1.00288700954909E-17));
#2359=CARTESIAN_POINT('',(0.104170289470511,-0.0798929886643896,-5.42101086242752E-20));
#2360=CARTESIAN_POINT('',(0.104170289470511,-0.0798929886643896,-0.0004));
#2361=CARTESIAN_POINT('',(0.1048828125,-0.0777335069444445,-0.0004));
#2362=CARTESIAN_POINT('',(0.1048828125,-0.0777335069444445,5.42101086242752E-20));
#2363=CARTESIAN_POINT('',(0.1048828125,-0.0781335069444445,5.42101086242752E-20));
#2364=CARTESIAN_POINT('',(0.104720415998609,-0.0777335069444445,-0.000400000000000007));
#2365=CARTESIAN_POINT('',(0.104720415998611,-0.0777335068793406,-3.88033478637684E-17));
#2366=CARTESIAN_POINT('',(0.104752486055919,-0.0781335069080718,5.42101086242752E-20));
#2367=CARTESIAN_POINT('',(0.104372353007179,-0.0777663492720109,-0.000399999999999997));
#2368=CARTESIAN_POINT('',(0.104372353041333,-0.0777663493378722,1.00029440146933E-15));
#2369=CARTESIAN_POINT('',(0.104490698236163,-0.078163147631015,-2.71050543121376E-20));
#2370=CARTESIAN_POINT('',(0.104019464583026,-0.077980317623862,-0.0004));
#2371=CARTESIAN_POINT('',(0.104019464514715,-0.0779803175572434,-1.9617854550749E-15));
#2372=CARTESIAN_POINT('',(0.104264533875007,-0.0783019697433053,0.));
#2373=CARTESIAN_POINT('',(0.10388671875,-0.0781165364583334,-0.0004));
#2374=CARTESIAN_POINT('',(0.10388671875,-0.0781165364583334,0.));
#2375=CARTESIAN_POINT('',(0.104173189782951,-0.0783957036972427,0.));
#2376=CARTESIAN_POINT('',(0.1048828125,-0.0781335069444445,-0.0004));
#2377=CARTESIAN_POINT('',(0.103880208333333,-0.0801684027777778,-0.0004));
#2378=CARTESIAN_POINT('',(0.103880208333333,-0.0801684027777778,1.00830802041152E-17));
#2379=CARTESIAN_POINT('',(0.104170289470511,-0.0798929886643896,0.));
#2380=CARTESIAN_POINT('',(0.104018283618944,-0.0803138311851079,-0.000400000000000007));
#2381=CARTESIAN_POINT('',(0.104018283551762,-0.0803138312491974,-1.35347680333549E-15));
#2382=CARTESIAN_POINT('',(0.104262411228134,-0.0799900163508267,0.));
#2383=CARTESIAN_POINT('',(0.104389275887651,-0.0805273940624128,-0.000399999999999996));
#2384=CARTESIAN_POINT('',(0.104389275921244,-0.0805273940015383,6.74825136522677E-16));
#2385=CARTESIAN_POINT('',(0.104496660693551,-0.0801275128001968,-1.0842021724855E-19));
#2386=CARTESIAN_POINT('',(0.104735144882326,-0.0805546875,-0.0004));
#2387=CARTESIAN_POINT('',(0.104735144882323,-0.0805546875576594,3.60968985561438E-18));
#2388=CARTESIAN_POINT('',(0.10476482941927,-0.0801546875335293,0.));
#2389=CARTESIAN_POINT('',(0.104898003472222,-0.0805546875,-0.0004));
#2390=CARTESIAN_POINT('',(0.104898003472222,-0.0805546875,0.));
#2391=CARTESIAN_POINT('',(0.104898003472222,-0.0801546875,0.));
#2392=CARTESIAN_POINT('',(0.104898003472222,-0.0801546875,-0.0004));
#2393=CARTESIAN_POINT('',(0.105887586805556,-0.0781208767361111,-0.0004));
#2394=CARTESIAN_POINT('',(0.105887586805556,-0.0781208767361111,0.));
#2395=CARTESIAN_POINT('',(0.105599548319204,-0.0783984264260411,0.));
#2396=CARTESIAN_POINT('',(0.105753931784352,-0.0779821707984081,-0.0004));
#2397=CARTESIAN_POINT('',(0.105753931853959,-0.0779821707305876,3.27937106252014E-15));
#2398=CARTESIAN_POINT('',(0.105507899797307,-0.0783033143965616,0.));
#2399=CARTESIAN_POINT('',(0.105396483254338,-0.0777656411117529,-0.0004));
#2400=CARTESIAN_POINT('',(0.105396483219533,-0.0777656411769781,-1.63787501640947E-15));
#2401=CARTESIAN_POINT('',(0.105279384594885,-0.0781630106937771,2.71050543121376E-20));
#2402=CARTESIAN_POINT('',(0.105046132211042,-0.0777335069444445,-0.0004));
#2403=CARTESIAN_POINT('',(0.105046132211044,-0.0777335068818145,-3.62102970119915E-18));
#2404=CARTESIAN_POINT('',(0.105014404919722,-0.0781335069094059,-5.42101086242752E-20));
#2405=CARTESIAN_POINT('',(0.1048828125,-0.0777335069444445,-0.0004));
#2406=CARTESIAN_POINT('',(0.1048828125,-0.0777335069444445,-5.42101086242752E-20));
#2407=CARTESIAN_POINT('',(0.1048828125,-0.0781335069444445,-5.42101086242752E-20));
#2408=CARTESIAN_POINT('',(0.105599548319204,-0.0783984264260411,-0.0004));
#2409=CARTESIAN_POINT('',(0.104898003472222,-0.0805546875,-0.0004));
#2410=CARTESIAN_POINT('',(0.104898003472222,-0.0805546875,-5.42101086242752E-20));
#2411=CARTESIAN_POINT('',(0.104898003472222,-0.0801546875,-5.42101086242752E-20));
#2412=CARTESIAN_POINT('',(0.105057533830281,-0.0805546875,-0.000399999999999972));
#2413=CARTESIAN_POINT('',(0.105057533830282,-0.080554687558882,4.22816036360986E-17));
#2414=CARTESIAN_POINT('',(0.105028163128185,-0.0801546875343085,-5.42101086242752E-20));
#2415=CARTESIAN_POINT('',(0.105394950676483,-0.0805280511373343,-0.000400000000000014));
#2416=CARTESIAN_POINT('',(0.105394950644694,-0.080528051076845,-1.80903822088571E-17));
#2417=CARTESIAN_POINT('',(0.105289400046112,-0.0801284113399728,5.42101086242752E-20));
#2418=CARTESIAN_POINT('',(0.105759501451529,-0.0803236516232608,-0.0004));
#2419=CARTESIAN_POINT('',(0.105759501515108,-0.0803236516853573,1.05958742378918E-17));
#2420=CARTESIAN_POINT('',(0.105519679570711,-0.079996720902048,-5.42101086242752E-20));
#2421=CARTESIAN_POINT('',(0.105897352430556,-0.0801825086805556,-0.0004));
#2422=CARTESIAN_POINT('',(0.105897352430556,-0.0801825086805556,-5.42101086242752E-20));
#2423=CARTESIAN_POINT('',(0.105611192260728,-0.0799030228004035,-5.42101086242752E-20));
#2424=CARTESIAN_POINT('',(0.105611192260728,-0.0799030228004035,-0.0004));
#2425=CARTESIAN_POINT('',(0.106260850694444,-0.0791506076388889,-0.0004));
#2426=CARTESIAN_POINT('',(0.106260850694444,-0.0791506076388889,0.));
#2427=CARTESIAN_POINT('',(0.105860850694444,-0.0791506076388889,0.));
#2428=CARTESIAN_POINT('',(0.106260850694444,-0.0789836431415561,-0.000399999999999993));
#2429=CARTESIAN_POINT('',(0.10626085074866,-0.0789836431416511,-9.37823501011636E-16));
#2430=CARTESIAN_POINT('',(0.105860850726118,-0.0790138504024134,0.));
#2431=CARTESIAN_POINT('',(0.106229225147604,-0.0786302202544527,-0.000400000000000004));
#2432=CARTESIAN_POINT('',(0.106229225096393,-0.07863022027763,4.44319922417938E-16));
#2433=CARTESIAN_POINT('',(0.10583165472258,-0.0787394295318166,0.));
#2434=CARTESIAN_POINT('',(0.106025412210691,-0.0782639106594635,-0.0004));
#2435=CARTESIAN_POINT('',(0.106025412258897,-0.0782639106130137,-3.72540984156354E-18));
#2436=CARTESIAN_POINT('',(0.105694916743499,-0.0784973988596114,0.));
#2437=CARTESIAN_POINT('',(0.105887586805556,-0.0781208767361112,-0.0004));
#2438=CARTESIAN_POINT('',(0.105887586805556,-0.0781208767361112,0.));
#2439=CARTESIAN_POINT('',(0.105599548319204,-0.0783984264260411,0.));
#2440=CARTESIAN_POINT('',(0.105860850694444,-0.0791506076388889,-0.0004));
#2441=CARTESIAN_POINT('',(0.105897352430556,-0.0801825086805556,-0.0004));
#2442=CARTESIAN_POINT('',(0.105897352430556,-0.0801825086805556,0.));
#2443=CARTESIAN_POINT('',(0.105611192260728,-0.0799030228004035,0.));
#2444=CARTESIAN_POINT('',(0.1060423626983,-0.0800340354810436,-0.00039999999999997));
#2445=CARTESIAN_POINT('',(0.10604236272391,-0.0800340355060575,6.30558329471686E-17));
#2446=CARTESIAN_POINT('',(0.105706807241347,-0.0798051244758583,0.));
#2447=CARTESIAN_POINT('',(0.106235636657633,-0.0796557216729167,-0.000400000000000015));
#2448=CARTESIAN_POINT('',(0.106235636620125,-0.0796557216604093,-3.15279164735843E-17));
#2449=CARTESIAN_POINT('',(0.105835404372172,-0.0795598558641713,0.));
#2450=CARTESIAN_POINT('',(0.106260850694444,-0.0793139785762124,-0.0004));
#2451=CARTESIAN_POINT('',(0.106260850743851,-0.0793139785762133,0.));
#2452=CARTESIAN_POINT('',(0.105860850724709,-0.0792866897678176,0.));
#2453=CARTESIAN_POINT('',(0.106260850694444,-0.0791506076388889,-0.0004));
#2454=CARTESIAN_POINT('',(0.106260850694444,-0.0791506076388889,0.));
#2455=CARTESIAN_POINT('',(0.105860850694444,-0.0791506076388889,0.));
#2456=CARTESIAN_POINT('',(0.104035373263889,-0.0739097222222222,-0.0004));
#2457=CARTESIAN_POINT('',(0.104035373263889,-0.0739097222222222,0.));
#2458=CARTESIAN_POINT('',(0.104332596166322,-0.0741774133619136,0.));
#2459=CARTESIAN_POINT('',(0.103904563877224,-0.0740549625376646,-0.000400000000000026));
#2460=CARTESIAN_POINT('',(0.103904563910033,-0.0740549625672306,5.86674826354603E-16));
#2461=CARTESIAN_POINT('',(0.104252123480532,-0.0742667638737625,0.));
#2462=CARTESIAN_POINT('',(0.103750336286397,-0.0744031121830369,-0.000399999999999987));
#2463=CARTESIAN_POINT('',(0.103750336295986,-0.0744031121685258,-3.19156277448696E-15));
#2464=CARTESIAN_POINT('',(0.104150575229313,-0.0744871076660949,0.));
#2465=CARTESIAN_POINT('',(0.10373046875,-0.074701038154638,-0.0004));
#2466=CARTESIAN_POINT('',(0.103730468698012,-0.0747010381540942,5.79645072261916E-15));
#2467=CARTESIAN_POINT('',(0.104130468718729,-0.0747256961324777,0.));
#2468=CARTESIAN_POINT('',(0.10373046875,-0.0748450520833334,-0.0004));
#2469=CARTESIAN_POINT('',(0.10373046875,-0.0748450520833334,-1.38777878078145E-17));
#2470=CARTESIAN_POINT('',(0.10413046875,-0.0748450520833334,0.));
#2471=CARTESIAN_POINT('',(0.104332596166322,-0.0741774133619136,-0.0004));
#2472=CARTESIAN_POINT('',(0.10413046875,-0.0748450520833334,-0.0004));
#2473=CARTESIAN_POINT('',(0.10373046875,-0.0748450520833334,-0.0004));
#2474=CARTESIAN_POINT('',(0.10373046875,-0.0748450520833334,-1.39319979164387E-17));
#2475=CARTESIAN_POINT('',(0.10413046875,-0.0748450520833334,-5.42101086242752E-20));
#2476=CARTESIAN_POINT('',(0.10373046875,-0.0751443993116211,-0.000400000000000013));
#2477=CARTESIAN_POINT('',(0.103730468650878,-0.0751443993111413,5.09341031688061E-15));
#2478=CARTESIAN_POINT('',(0.104130468691199,-0.0750920084090033,-5.42101086242752E-20));
#2479=CARTESIAN_POINT('',(0.10379053853038,-0.0755060882145129,-0.0004));
#2480=CARTESIAN_POINT('',(0.103790538562033,-0.0755060881865746,5.21432437229465E-15));
#2481=CARTESIAN_POINT('',(0.104179750224246,-0.0753464888097287,0.));
#2482=CARTESIAN_POINT('',(0.104035373263889,-0.0757944878472223,-0.0004));
#2483=CARTESIAN_POINT('',(0.104035373263889,-0.0757944878472222,-1.05709711817337E-17));
#2484=CARTESIAN_POINT('',(0.10434030804689,-0.0755356157202636,0.));
#2485=CARTESIAN_POINT('',(0.10434030804689,-0.0755356157202636,-0.0004));
#2486=CARTESIAN_POINT('',(0.104889322916667,-0.0735711805555556,-0.0004));
#2487=CARTESIAN_POINT('',(0.104889322916667,-0.0735711805555556,-5.42101086242752E-20));
#2488=CARTESIAN_POINT('',(0.104889322916667,-0.0739711805555556,-5.42101086242752E-20));
#2489=CARTESIAN_POINT('',(0.104757243452352,-0.0735711805555556,-0.0004));
#2490=CARTESIAN_POINT('',(0.104757243452353,-0.073571180470549,8.27354746089036E-18));
#2491=CARTESIAN_POINT('',(0.104786909569528,-0.0739711805122005,-5.42101086242752E-20));
#2492=CARTESIAN_POINT('',(0.104473553264805,-0.0735894329456326,-0.0004));
#2493=CARTESIAN_POINT('',(0.104473553344367,-0.0735894330598185,1.06553454066501E-15));
#2494=CARTESIAN_POINT('',(0.104580879227996,-0.0739912621234755,-2.71050543121376E-19));
#2495=CARTESIAN_POINT('',(0.104148841512558,-0.0737837361240564,-0.0004));
#2496=CARTESIAN_POINT('',(0.104148841353432,-0.0737837359806911,-2.12264591533462E-15));
#2497=CARTESIAN_POINT('',(0.104401462237551,-0.0741009498840283,-5.42101086242752E-20));
#2498=CARTESIAN_POINT('',(0.104035373263889,-0.0739097222222222,-0.0004));
#2499=CARTESIAN_POINT('',(0.104035373263889,-0.0739097222222222,-5.42101086242752E-20));
#2500=CARTESIAN_POINT('',(0.104332596166322,-0.0741774133619136,-5.42101086242752E-20));
#2501=CARTESIAN_POINT('',(0.104889322916667,-0.0739711805555556,-0.0004));
#2502=CARTESIAN_POINT('',(0.104035373263889,-0.0757944878472222,-0.0004));
#2503=CARTESIAN_POINT('',(0.104035373263889,-0.0757944878472222,-1.05709711817337E-17));
#2504=CARTESIAN_POINT('',(0.10434030804689,-0.0755356157202636,0.));
#2505=CARTESIAN_POINT('',(0.104144304900327,-0.0759228023371196,-0.0004));
#2506=CARTESIAN_POINT('',(0.104144304713676,-0.075922802495688,-5.71316442436655E-16));
#2507=CARTESIAN_POINT('',(0.104407588268003,-0.0756148676203147,0.));
#2508=CARTESIAN_POINT('',(0.104468186179151,-0.0761334618820584,-0.0004));
#2509=CARTESIAN_POINT('',(0.104468186272477,-0.0761334617558847,2.82827044281768E-16));
#2510=CARTESIAN_POINT('',(0.104584475338179,-0.0757320842693759,-2.71050543121376E-20));
#2511=CARTESIAN_POINT('',(0.104762245515519,-0.0761536458333333,-0.0004));
#2512=CARTESIAN_POINT('',(0.104762245515518,-0.0761536459271123,5.66235387313027E-18));
#2513=CARTESIAN_POINT('',(0.104793466404541,-0.0757536458803261,5.42101086242752E-20));
#2514=CARTESIAN_POINT('',(0.104896918402778,-0.0761536458333333,-0.0004));
#2515=CARTESIAN_POINT('',(0.104896918402778,-0.0761536458333333,5.42101086242752E-20));
#2516=CARTESIAN_POINT('',(0.104896918402778,-0.0757536458333333,5.42101086242752E-20));
#2517=CARTESIAN_POINT('',(0.104896918402778,-0.0757536458333333,-0.0004));
#2518=CARTESIAN_POINT('',(0.105751953125,-0.0739194878472223,-0.0004));
#2519=CARTESIAN_POINT('',(0.105751953125,-0.0739194878472223,-1.04625509644851E-17));
#2520=CARTESIAN_POINT('',(0.105450980536428,-0.0741829560633861,0.));
#2521=CARTESIAN_POINT('',(0.105639084518666,-0.0737905525353602,-0.000399999999999994));
#2522=CARTESIAN_POINT('',(0.105639084695456,-0.0737905523802671,1.63113327132294E-15));
#2523=CARTESIAN_POINT('',(0.105382319904682,-0.0741045215788904,0.));
#2524=CARTESIAN_POINT('',(0.105311063798051,-0.0735895092035065,-0.000400000000000003));
#2525=CARTESIAN_POINT('',(0.105311063709653,-0.0735895093243328,-8.22835078148095E-16));
#2526=CARTESIAN_POINT('',(0.105202138389195,-0.0739917090276818,1.0842021724855E-19));
#2527=CARTESIAN_POINT('',(0.105022927171083,-0.0735711805555556,-0.0004));
#2528=CARTESIAN_POINT('',(0.105022927171088,-0.0735711804689961,-2.81034978653643E-18));
#2529=CARTESIAN_POINT('',(0.104993006528264,-0.0739711805111094,0.));
#2530=CARTESIAN_POINT('',(0.104889322916667,-0.0735711805555556,-0.0004));
#2531=CARTESIAN_POINT('',(0.104889322916667,-0.0735711805555556,0.));
#2532=CARTESIAN_POINT('',(0.104889322916667,-0.0739711805555556,0.));
#2533=CARTESIAN_POINT('',(0.105450980536428,-0.0741829560633861,-0.0004));
#2534=CARTESIAN_POINT('',(0.104896918402778,-0.0761536458333333,-0.0004));
#2535=CARTESIAN_POINT('',(0.104896918402778,-0.0761536458333333,0.));
#2536=CARTESIAN_POINT('',(0.104896918402778,-0.0757536458333333,0.));
#2537=CARTESIAN_POINT('',(0.105030533135518,-0.0761536458333333,-0.000400000000000028));
#2538=CARTESIAN_POINT('',(0.105030533135516,-0.076153645926865,-5.00767144813069E-17));
#2539=CARTESIAN_POINT('',(0.104999557557171,-0.0757536458800096,0.));
#2540=CARTESIAN_POINT('',(0.105321492897949,-0.0761348217147798,-0.000399999999999986));
#2541=CARTESIAN_POINT('',(0.105321492801505,-0.0761348215870079,-2.43364248996747E-16));
#2542=CARTESIAN_POINT('',(0.105206667845863,-0.0757327141519464,-1.0842021724855E-19));
#2543=CARTESIAN_POINT('',(0.105646939576737,-0.075923397769645,-0.0004));
#2544=CARTESIAN_POINT('',(0.105646939769626,-0.0759233979316571,5.36588372040305E-16));
#2545=CARTESIAN_POINT('',(0.105382595948692,-0.0756161872887863,0.));
#2546=CARTESIAN_POINT('',(0.105755208333333,-0.0757944878472223,-0.0004));
#2547=CARTESIAN_POINT('',(0.105755208333333,-0.0757944878472223,0.));
#2548=CARTESIAN_POINT('',(0.10544890815841,-0.0755372327154135,0.));
#2549=CARTESIAN_POINT('',(0.10544890815841,-0.0755372327154135,-0.0004));
#2550=CARTESIAN_POINT('',(0.106056857638889,-0.0748450520833334,-0.0004));
#2551=CARTESIAN_POINT('',(0.106056857638889,-0.0748450520833334,5.42101086242752E-20));
#2552=CARTESIAN_POINT('',(0.105656857638889,-0.0748450520833334,5.42101086242752E-20));
#2553=CARTESIAN_POINT('',(0.106056857638889,-0.0746999132526113,-0.000400000000000026));
#2554=CARTESIAN_POINT('',(0.106056857692739,-0.0746999132525338,7.74644567152581E-16));
#2555=CARTESIAN_POINT('',(0.105656857670411,-0.0747264739061128,5.42101086242752E-20));
#2556=CARTESIAN_POINT('',(0.106033762111906,-0.0743958269254636,-0.000399999999999987));
#2557=CARTESIAN_POINT('',(0.106033762072151,-0.0743958269369257,-1.31886326663839E-15));
#2558=CARTESIAN_POINT('',(0.105634812623451,-0.0744887415887921,-1.35525271560688E-19));
#2559=CARTESIAN_POINT('',(0.105873826863279,-0.0740587101603454,-0.0004));
#2560=CARTESIAN_POINT('',(0.10587382688894,-0.0740587101374986,1.86286512568966E-15));
#2561=CARTESIAN_POINT('',(0.105529604179153,-0.0742727716777642,0.));
#2562=CARTESIAN_POINT('',(0.105751953125,-0.0739194878472223,-0.0004));
#2563=CARTESIAN_POINT('',(0.105751953125,-0.0739194878472223,-1.04625509644851E-17));
#2564=CARTESIAN_POINT('',(0.105450980536428,-0.0741829560633861,0.));
#2565=CARTESIAN_POINT('',(0.105656857638889,-0.0748450520833334,-0.0004));
#2566=CARTESIAN_POINT('',(0.105755208333333,-0.0757944878472223,-0.0004));
#2567=CARTESIAN_POINT('',(0.105755208333333,-0.0757944878472223,0.));
#2568=CARTESIAN_POINT('',(0.10544890815841,-0.0755372327154135,0.));
#2569=CARTESIAN_POINT('',(0.105999220881894,-0.075503954920699,-0.000400000000000054));
#2570=CARTESIAN_POINT('',(0.10599922085589,-0.0755039548989218,3.90602639485657E-15));
#2571=CARTESIAN_POINT('',(0.105608702300929,-0.0753469741574211,0.));
#2572=CARTESIAN_POINT('',(0.106056857638889,-0.0751437024639258,-0.0004));
#2573=CARTESIAN_POINT('',(0.106056857738625,-0.0751437024640854,-1.68671354646452E-15));
#2574=CARTESIAN_POINT('',(0.105656857699367,-0.0750919915542543,0.));
#2575=CARTESIAN_POINT('',(0.106056857638889,-0.0748450520833334,-0.0004));
#2576=CARTESIAN_POINT('',(0.106056857638889,-0.0748450520833334,0.));
#2577=CARTESIAN_POINT('',(0.105656857638889,-0.0748450520833334,0.));
#2578=CARTESIAN_POINT('',(0.107657335069444,-0.0760256076388889,-0.0004));
#2579=CARTESIAN_POINT('',(0.107657335069444,-0.0760256076388889,0.));
#2580=CARTESIAN_POINT('',(0.107993251116301,-0.0762427721144932,0.));
#2581=CARTESIAN_POINT('',(0.10753547745035,-0.0762141003910836,-0.0004));
#2582=CARTESIAN_POINT('',(0.107535477450031,-0.0762141003908678,1.52433244535677E-15));
#2583=CARTESIAN_POINT('',(0.107851898304826,-0.0764614205736087,0.));
#2584=CARTESIAN_POINT('',(0.107319188784746,-0.0764673269020683,-0.0004));
#2585=CARTESIAN_POINT('',(0.107319188784817,-0.0764673269021167,-3.22969087787439E-16));
#2586=CARTESIAN_POINT('',(0.107595496295335,-0.0767589539736325,-5.17460127777173E-20));
#2587=CARTESIAN_POINT('',(0.106953163015188,-0.0767493485142821,-0.0004));
#2588=CARTESIAN_POINT('',(0.106953163015175,-0.0767493485142733,5.76555229326298E-17));
#2589=CARTESIAN_POINT('',(0.107183742967643,-0.0770783500845022,-7.63869712432969E-20));
#2590=CARTESIAN_POINT('',(0.106773507837717,-0.0768570202204903,-0.0004));
#2591=CARTESIAN_POINT('',(0.106773507837714,-0.076857020220488,-1.40961264399434E-17));
#2592=CARTESIAN_POINT('',(0.106959655961701,-0.0772110666523821,0.));
#2593=CARTESIAN_POINT('',(0.106658430516436,-0.0769175247914732,-0.0004));
#2594=CARTESIAN_POINT('',(0.106658430516436,-0.0769175247914732,0.));
#2595=CARTESIAN_POINT('',(0.106844578640421,-0.077271571223367,0.));
#2596=CARTESIAN_POINT('',(0.107993251116301,-0.0762427721144932,-0.0004));
#2597=CARTESIAN_POINT('',(0.106666666666667,-0.0769131944444445,-0.0004));
#2598=CARTESIAN_POINT('',(0.106666666666667,-0.0769131944444445,-0.000322581256251748));
#2599=CARTESIAN_POINT('',(0.106766466782981,-0.076911518859637,-0.000191285608027606));
#2600=CARTESIAN_POINT('',(0.107033553544265,-0.0769062307519865,-4.69313540385845E-5));
#2601=CARTESIAN_POINT('',(0.107259890250288,-0.0769006307144323,-4.08508477940279E-17));
#2602=CARTESIAN_POINT('',(0.10741216200181,-0.076896365743366,8.13151628775355E-20));
#2603=CARTESIAN_POINT('',(0.10813459111166,-0.0776388892821919,5.42101086242752E-20));
#2604=CARTESIAN_POINT('',(0.107805989583333,-0.0778669704861111,5.42101086242752E-20));
#2605=CARTESIAN_POINT('',(0.107805989583333,-0.0778669704861111,-0.0004));
#2606=CARTESIAN_POINT('',(0.107971008048738,-0.0774032116206697,5.42101086242752E-20));
#2607=CARTESIAN_POINT('',(0.107662979097888,-0.077660932183708,-3.10499948443997E-17));
#2608=CARTESIAN_POINT('',(0.107662979097927,-0.077660932183683,-0.0004));
#2609=CARTESIAN_POINT('',(0.107677636179851,-0.0770850207924803,3.94255335449275E-20));
#2610=CARTESIAN_POINT('',(0.107411350695722,-0.0773858462964584,3.84291495295355E-16));
#2611=CARTESIAN_POINT('',(0.10741135069576,-0.0773858462964976,-0.0004));
#2612=CARTESIAN_POINT('',(0.107212232254299,-0.0767487197397592,7.88510670898549E-20));
#2613=CARTESIAN_POINT('',(0.106992998118889,-0.0770853815814189,-6.03464453767618E-16));
#2614=CARTESIAN_POINT('',(0.106992998118813,-0.0770853815813619,-0.0004));
#2615=CARTESIAN_POINT('',(0.10696049715468,-0.0766109463548051,0.));
#2616=CARTESIAN_POINT('',(0.106786414990864,-0.0769710788307232,1.28702508767978E-15));
#2617=CARTESIAN_POINT('',(0.106786414991035,-0.0769710788308462,-0.0004));
#2618=CARTESIAN_POINT('',(0.1068315176961,-0.0765485997887223,0.));
#2619=CARTESIAN_POINT('',(0.106657435532454,-0.0769087322647646,-6.01732205729455E-18));
#2620=CARTESIAN_POINT('',(0.106657435532454,-0.0769087322647646,-0.0004));
#2621=CARTESIAN_POINT('',(0.10813459111166,-0.0776388892821919,-0.0004));
#2622=CARTESIAN_POINT('',(0.108016493055556,-0.0747495659722222,-0.0004));
#2623=CARTESIAN_POINT('',(0.108016493055556,-0.0747495659722222,-5.42101086242752E-20));
#2624=CARTESIAN_POINT('',(0.108416493055556,-0.0747495659722222,-5.42101086242752E-20));
#2625=CARTESIAN_POINT('',(0.108016493055556,-0.075212189942301,-0.000400000000000029));
#2626=CARTESIAN_POINT('',(0.108016493065096,-0.0752121899423036,5.70442722285703E-17));
#2627=CARTESIAN_POINT('',(0.10841649307185,-0.075276206517891,-5.42101086242752E-20));
#2628=CARTESIAN_POINT('',(0.107899986292502,-0.0756502679826793,-0.0004));
#2629=CARTESIAN_POINT('',(0.107899986289202,-0.0756502679805509,0.));
#2630=CARTESIAN_POINT('',(0.108279278735367,-0.0758003366408881,0.));
#2631=CARTESIAN_POINT('',(0.107657335069444,-0.0760256076388889,-0.0004));
#2632=CARTESIAN_POINT('',(0.107657335069444,-0.0760256076388889,0.));
#2633=CARTESIAN_POINT('',(0.107993251116301,-0.0762427721144932,0.));
#2634=CARTESIAN_POINT('',(0.108416493055556,-0.0747495659722222,-0.0004));
#2635=CARTESIAN_POINT('',(0.107805989583333,-0.0778669704861111,-0.0004));
#2636=CARTESIAN_POINT('',(0.107805989583333,-0.0778669704861111,0.));
#2637=CARTESIAN_POINT('',(0.10813459111166,-0.0776388892821919,0.));
#2638=CARTESIAN_POINT('',(0.108091814985571,-0.0782787653310879,-0.000399999999999682));
#2639=CARTESIAN_POINT('',(0.108091814984919,-0.0782787653315037,4.77554040952741E-16));
#2640=CARTESIAN_POINT('',(0.108469464391446,-0.0781213484622075,0.));
#2641=CARTESIAN_POINT('',(0.108226996527778,-0.0787726223498246,-0.0004));
#2642=CARTESIAN_POINT('',(0.108226996536329,-0.0787726223498199,-6.35812899883243E-17));
#2643=CARTESIAN_POINT('',(0.108626996542529,-0.078707402911554,0.));
#2644=CARTESIAN_POINT('',(0.108226996527778,-0.0792938368055556,-0.0004));
#2645=CARTESIAN_POINT('',(0.108226996527778,-0.0792938368055556,0.));
#2646=CARTESIAN_POINT('',(0.108626996527778,-0.0792938368055556,0.));
#2647=CARTESIAN_POINT('',(0.108626996527778,-0.0792938368055556,-0.0004));
#2648=CARTESIAN_POINT('',(0.107172309027778,-0.072732421875,-0.0004));
#2649=CARTESIAN_POINT('',(0.107172309027778,-0.072732421875,0.));
#2650=CARTESIAN_POINT('',(0.107436638466689,-0.0724322053735799,0.));
#2651=CARTESIAN_POINT('',(0.107456900852987,-0.0729829943689184,-0.000400000000000095));
#2652=CARTESIAN_POINT('',(0.107456900852859,-0.0729829943690584,-1.77468349844705E-16));
#2653=CARTESIAN_POINT('',(0.107764246047058,-0.0727206516319243,0.));
#2654=CARTESIAN_POINT('',(0.107891009479788,-0.0735885615937567,-0.000399999999999953));
#2655=CARTESIAN_POINT('',(0.107891009475967,-0.0735885615938272,-1.40038047380782E-15));
#2656=CARTESIAN_POINT('',(0.108278076349463,-0.0734381107698663,0.));
#2657=CARTESIAN_POINT('',(0.108016493055556,-0.0743546351404912,-0.0004));
#2658=CARTESIAN_POINT('',(0.108016493063326,-0.0743546351402101,2.97822929746034E-15));
#2659=CARTESIAN_POINT('',(0.108416493067455,-0.0743135450693759,0.));
#2660=CARTESIAN_POINT('',(0.108016493055556,-0.0747495659722222,-0.0004));
#2661=CARTESIAN_POINT('',(0.108016493055556,-0.0747495659722222,0.));
#2662=CARTESIAN_POINT('',(0.108416493055556,-0.0747495659722222,0.));
#2663=CARTESIAN_POINT('',(0.107436638466689,-0.0724322053735799,-0.0004));
#2664=CARTESIAN_POINT('',(0.108226996527778,-0.0792938368055556,-0.0004));
#2665=CARTESIAN_POINT('',(0.108226996527778,-0.0792938368055556,0.));
#2666=CARTESIAN_POINT('',(0.108626996527778,-0.0792938368055556,0.));
#2667=CARTESIAN_POINT('',(0.108226996527778,-0.0797017059681942,-0.0004));
#2668=CARTESIAN_POINT('',(0.108226996534125,-0.0797017059678825,3.07433797991732E-15));
#2669=CARTESIAN_POINT('',(0.108626996538115,-0.0797439282824974,0.));
#2670=CARTESIAN_POINT('',(0.108095033054322,-0.0804905930487269,-0.0004));
#2671=CARTESIAN_POINT('',(0.108095033050056,-0.0804905930476056,-1.55549139058989E-15));
#2672=CARTESIAN_POINT('',(0.108481240850784,-0.0806453476095516,2.71050543121376E-20));
#2673=CARTESIAN_POINT('',(0.107631788043189,-0.0811168522124043,-0.0004));
#2674=CARTESIAN_POINT('',(0.107631788045374,-0.0811168522149585,3.66448012624583E-17));
#2675=CARTESIAN_POINT('',(0.10793477366251,-0.0813841451963294,-5.42101086242752E-20));
#2676=CARTESIAN_POINT('',(0.107331814236111,-0.0813728298611112,-0.0004));
#2677=CARTESIAN_POINT('',(0.107331814236111,-0.0813728298611112,-5.42101086242752E-20));
#2678=CARTESIAN_POINT('',(0.10759146194439,-0.0816771045192502,-5.42101086242752E-20));
#2679=CARTESIAN_POINT('',(0.10759146194439,-0.0816771045192502,-0.0004));
#2680=CARTESIAN_POINT('',(0.104889322916667,-0.0719891493055556,-0.0004));
#2681=CARTESIAN_POINT('',(0.104889322916667,-0.0719891493055556,0.));
#2682=CARTESIAN_POINT('',(0.104889322916667,-0.0715891493055556,0.));
#2683=CARTESIAN_POINT('',(0.105746274171094,-0.0719891493055556,-0.0004));
#2684=CARTESIAN_POINT('',(0.105746274171089,-0.0719891492917564,-9.95826310549554E-17));
#2685=CARTESIAN_POINT('',(0.105807810570844,-0.0715891492879908,0.));
#2686=CARTESIAN_POINT('',(0.106571306094493,-0.0722032611946652,-0.0004));
#2687=CARTESIAN_POINT('',(0.106571306093549,-0.0722032611947212,4.24440285415382E-15));
#2688=CARTESIAN_POINT('',(0.106745298025031,-0.0718235058837335,0.));
#2689=CARTESIAN_POINT('',(0.107172309027778,-0.072732421875,-0.0004));
#2690=CARTESIAN_POINT('',(0.107172309027778,-0.072732421875,0.));
#2691=CARTESIAN_POINT('',(0.107436638466689,-0.0724322053735799,0.));
#2692=CARTESIAN_POINT('',(0.104889322916667,-0.0715891493055556,-0.0004));
#2693=CARTESIAN_POINT('',(0.107331814236111,-0.0813728298611112,-0.0004));
#2694=CARTESIAN_POINT('',(0.107331814236111,-0.0813728298611112,0.));
#2695=CARTESIAN_POINT('',(0.10759146194439,-0.0816771045192502,0.));
#2696=CARTESIAN_POINT('',(0.106686730326453,-0.0819233014640193,-0.000400000000000368));
#2697=CARTESIAN_POINT('',(0.106686730322143,-0.0819233014580172,-1.80179714695117E-14));
#2698=CARTESIAN_POINT('',(0.106853267389915,-0.0823070305238537,0.));
#2699=CARTESIAN_POINT('',(0.105805012508004,-0.08213671875,-0.0004));
#2700=CARTESIAN_POINT('',(0.105805012507989,-0.0821367187629192,2.62543629142187E-17));
#2701=CARTESIAN_POINT('',(0.105863533430933,-0.0825367187660303,5.42101086242752E-20));
#2702=CARTESIAN_POINT('',(0.104896918402778,-0.08213671875,-0.0004));
#2703=CARTESIAN_POINT('',(0.104896918402778,-0.08213671875,5.42101086242752E-20));
#2704=CARTESIAN_POINT('',(0.104896918402778,-0.08253671875,5.42101086242752E-20));
#2705=CARTESIAN_POINT('',(0.104896918402778,-0.08253671875,-0.0004));
#2706=CARTESIAN_POINT('',(0.102605251736111,-0.0727389322916668,-0.0004));
#2707=CARTESIAN_POINT('',(0.102605251736111,-0.0727389322916668,0.));
#2708=CARTESIAN_POINT('',(0.102339052192115,-0.0724403727452168,0.));
#2709=CARTESIAN_POINT('',(0.103204035633761,-0.0722050488422783,-0.0004));
#2710=CARTESIAN_POINT('',(0.103204035638591,-0.0722050488476981,2.50349812124803E-17));
#2711=CARTESIAN_POINT('',(0.103028446925856,-0.0718256995146175,0.));
#2712=CARTESIAN_POINT('',(0.10403086630982,-0.0719891493055556,-0.0004));
#2713=CARTESIAN_POINT('',(0.104030866309787,-0.0719891492920593,-1.99497010659712E-16));
#2714=CARTESIAN_POINT('',(0.103969055340445,-0.0715891492882761,5.42101086242752E-20));
#2715=CARTESIAN_POINT('',(0.104889322916667,-0.0719891493055556,-0.0004));
#2716=CARTESIAN_POINT('',(0.104889322916667,-0.0719891493055556,5.42101086242752E-20));
#2717=CARTESIAN_POINT('',(0.104889322916667,-0.0715891493055556,5.42101086242752E-20));
#2718=CARTESIAN_POINT('',(0.102339052192115,-0.0724403727452168,-0.0004));
#2719=CARTESIAN_POINT('',(0.104896918402778,-0.08213671875,-0.0004));
#2720=CARTESIAN_POINT('',(0.104896918402778,-0.08213671875,5.42101086242752E-20));
#2721=CARTESIAN_POINT('',(0.104896918402778,-0.08253671875,5.42101086242752E-20));
#2722=CARTESIAN_POINT('',(0.10398646556879,-0.08213671875,-0.000400000000000368));
#2723=CARTESIAN_POINT('',(0.103986465568794,-0.0821367187629466,-6.0427040862882E-16));
#2724=CARTESIAN_POINT('',(0.103927542613953,-0.0825367187660694,5.42101086242752E-20));
#2725=CARTESIAN_POINT('',(0.10310384796687,-0.0819211672166322,-0.0004));
#2726=CARTESIAN_POINT('',(0.103103847968395,-0.0819211672159153,-4.41071654593399E-15));
#2727=CARTESIAN_POINT('',(0.10293695618391,-0.0823043575358167,0.));
#2728=CARTESIAN_POINT('',(0.102455512152778,-0.0813695746527778,-0.0004));
#2729=CARTESIAN_POINT('',(0.102455512152778,-0.0813695746527778,-8.99887803162969E-18));
#2730=CARTESIAN_POINT('',(0.102196314465675,-0.0816742327545914,0.));
#2731=CARTESIAN_POINT('',(0.102196314465675,-0.0816742327545914,-0.0004));
#2732=CARTESIAN_POINT('',(0.101764322916667,-0.0747495659722222,-0.0004));
#2733=CARTESIAN_POINT('',(0.101764322916667,-0.0747495659722222,5.42101086242752E-20));
#2734=CARTESIAN_POINT('',(0.101364322916667,-0.0747495659722222,5.42101086242752E-20));
#2735=CARTESIAN_POINT('',(0.101764322916667,-0.0743576692167775,-0.0004));
#2736=CARTESIAN_POINT('',(0.101764322910118,-0.0743576692167785,-3.51842981145253E-17));
#2737=CARTESIAN_POINT('',(0.101364322906545,-0.0743162088089873,5.42101086242752E-20));
#2738=CARTESIAN_POINT('',(0.10188862934171,-0.0735997431559073,-0.0004));
#2739=CARTESIAN_POINT('',(0.101888629346523,-0.0735997431574593,-2.98633865480259E-15));
#2740=CARTESIAN_POINT('',(0.101501854711759,-0.0734491047241173,-2.43945488809238E-19));
#2741=CARTESIAN_POINT('',(0.102322769875521,-0.0729907967634959,-0.0004));
#2742=CARTESIAN_POINT('',(0.102322769872444,-0.0729907967603909,6.00742792685072E-15));
#2743=CARTESIAN_POINT('',(0.102014683380535,-0.0727295841529697,0.));
#2744=CARTESIAN_POINT('',(0.102605251736111,-0.0727389322916668,-0.0004));
#2745=CARTESIAN_POINT('',(0.102605251736111,-0.0727389322916668,0.));
#2746=CARTESIAN_POINT('',(0.102339052192115,-0.0724403727452168,0.));
#2747=CARTESIAN_POINT('',(0.101364322916667,-0.0747495659722222,-0.0004));
#2748=CARTESIAN_POINT('',(0.102455512152778,-0.0813695746527778,-0.0004));
#2749=CARTESIAN_POINT('',(0.102455512152778,-0.0813695746527778,-8.99887803162969E-18));
#2750=CARTESIAN_POINT('',(0.102196314465675,-0.0816742327545914,0.));
#2751=CARTESIAN_POINT('',(0.102154538300036,-0.0811135114591697,-0.000399999999999902));
#2752=CARTESIAN_POINT('',(0.102154538298427,-0.0811135114595244,6.24271183514518E-15));
#2753=CARTESIAN_POINT('',(0.101852534600249,-0.0813817509744958,0.));
#2754=CARTESIAN_POINT('',(0.101689624891121,-0.0804922736660853,-0.000400000000000049));
#2755=CARTESIAN_POINT('',(0.101689624895115,-0.0804922736652904,3.08823918323941E-15));
#2756=CARTESIAN_POINT('',(0.1013044794392,-0.0806498548381207,2.71050543121376E-20));
#2757=CARTESIAN_POINT('',(0.101553819444444,-0.0797019135335601,-0.0004));
#2758=CARTESIAN_POINT('',(0.101553819438066,-0.0797019135347952,-1.24703645441655E-14));
#2759=CARTESIAN_POINT('',(0.101153819432714,-0.0797448890089907,-5.42101086242752E-20));
#2760=CARTESIAN_POINT('',(0.101553819444444,-0.0792938368055556,-0.0004));
#2761=CARTESIAN_POINT('',(0.101553819444444,-0.0792938368055556,-5.42101086242752E-20));
#2762=CARTESIAN_POINT('',(0.101153819444444,-0.0792938368055556,-5.42101086242752E-20));
#2763=CARTESIAN_POINT('',(0.101153819444444,-0.0792938368055556,-0.0004));
#2764=CARTESIAN_POINT('',(0.102120225694444,-0.076025607638889,-0.0004));
#2765=CARTESIAN_POINT('',(0.102120225694444,-0.076025607638889,5.42101086242752E-20));
#2766=CARTESIAN_POINT('',(0.101783412744165,-0.0762413784351616,5.42101086242752E-20));
#2767=CARTESIAN_POINT('',(0.101879604485176,-0.0756500038000306,-0.000400000000000029));
#2768=CARTESIAN_POINT('',(0.101879604485614,-0.0756500037997589,-7.11940459791986E-17));
#2769=CARTESIAN_POINT('',(0.101499825541349,-0.0757987057329814,5.42101086242752E-20));
#2770=CARTESIAN_POINT('',(0.101764322916667,-0.0752113942660327,-0.0004));
#2771=CARTESIAN_POINT('',(0.101764322909215,-0.0752113942660314,0.));
#2772=CARTESIAN_POINT('',(0.101364322902841,-0.07527472152577,0.));
#2773=CARTESIAN_POINT('',(0.101764322916667,-0.0747495659722222,-0.0004));
#2774=CARTESIAN_POINT('',(0.101764322916667,-0.0747495659722222,0.));
#2775=CARTESIAN_POINT('',(0.101364322916667,-0.0747495659722222,0.));
#2776=CARTESIAN_POINT('',(0.101783412744165,-0.0762413784351616,-0.0004));
#2777=CARTESIAN_POINT('',(0.101553819444444,-0.0792938368055556,-0.0004));
#2778=CARTESIAN_POINT('',(0.101553819444444,-0.0792938368055556,0.));
#2779=CARTESIAN_POINT('',(0.101153819444444,-0.0792938368055556,0.));
#2780=CARTESIAN_POINT('',(0.101553819444444,-0.0787714002160807,-0.000399999999999873));
#2781=CARTESIAN_POINT('',(0.101553819433892,-0.0787714002160738,1.91136321014903E-16));
#2782=CARTESIAN_POINT('',(0.101153819427575,-0.0787061963382342,0.));
#2783=CARTESIAN_POINT('',(0.101688860025059,-0.0782770699208373,-0.0004));
#2784=CARTESIAN_POINT('',(0.101688860028727,-0.0782770699233589,0.));
#2785=CARTESIAN_POINT('',(0.101311046987154,-0.078120573377874,0.));
#2786=CARTESIAN_POINT('',(0.101973741319444,-0.0778626302083334,-0.0004));
#2787=CARTESIAN_POINT('',(0.101973741319444,-0.0778626302083334,0.));
#2788=CARTESIAN_POINT('',(0.101644107467284,-0.0776360435284292,0.));
#2789=CARTESIAN_POINT('',(0.101644107467284,-0.0776360435284292,-0.0004));
#2790=CARTESIAN_POINT('',(0.101783412744165,-0.0762413784351616,-5.42101086242752E-20));
#2791=CARTESIAN_POINT('',(0.102120225694444,-0.076025607638889,-5.42101086242752E-20));
#2792=CARTESIAN_POINT('',(0.102120225694444,-0.076025607638889,-0.0004));
#2793=CARTESIAN_POINT('',(0.101923814216993,-0.0764605417111381,-5.42101086242752E-20));
#2794=CARTESIAN_POINT('',(0.102241050949295,-0.0762142129138353,-4.58572244317942E-15));
#2795=CARTESIAN_POINT('',(0.102241050948517,-0.0762142129135392,-0.0004));
#2796=CARTESIAN_POINT('',(0.102179372035881,-0.0767586835123075,1.30597079867572E-19));
#2797=CARTESIAN_POINT('',(0.10245620746794,-0.0764675078990415,1.05564766321195E-15));
#2798=CARTESIAN_POINT('',(0.102456207468116,-0.0764675078991093,-0.0004));
#2799=CARTESIAN_POINT('',(0.102590693175149,-0.0770783680163829,-1.99591763571195E-19));
#2800=CARTESIAN_POINT('',(0.102821469495444,-0.076749481960812,-2.30838624293422E-16));
#2801=CARTESIAN_POINT('',(0.102821469495409,-0.0767494819607977,-0.0004));
#2802=CARTESIAN_POINT('',(0.102814686777876,-0.0772110862027451,0.));
#2803=CARTESIAN_POINT('',(0.103000834901862,-0.0768570397708506,1.76140256910189E-17));
#2804=CARTESIAN_POINT('',(0.103000834901861,-0.0768570397708525,-0.0004));
#2805=CARTESIAN_POINT('',(0.1029297240487,-0.0772715697162725,0.));
#2806=CARTESIAN_POINT('',(0.103115872172685,-0.0769175232843787,0.));
#2807=CARTESIAN_POINT('',(0.103115872172685,-0.0769175232843787,-0.0004));
#2808=CARTESIAN_POINT('',(0.103107638888889,-0.0769131944444445,-0.0004));
#2809=CARTESIAN_POINT('',(0.103107638888889,-0.0769131944444445,-0.000322492579829673));
#2810=CARTESIAN_POINT('',(0.10300711661881,-0.0769111266634573,-0.000191408518449894));
#2811=CARTESIAN_POINT('',(0.102739773014638,-0.0769050776929848,-4.71986317268423E-5));
#2812=CARTESIAN_POINT('',(0.102513215063442,-0.0768991351379876,3.26382257274914E-17));
#2813=CARTESIAN_POINT('',(0.102360778845568,-0.0768947347093313,-1.6263032595794E-19));
#2814=CARTESIAN_POINT('',(0.101973741319444,-0.0778626302083334,-0.0004));
#2815=CARTESIAN_POINT('',(0.101973741319444,-0.0778626302083334,0.));
#2816=CARTESIAN_POINT('',(0.101644107467284,-0.0776360435284292,0.));
#2817=CARTESIAN_POINT('',(0.102115643872481,-0.0776561931608933,-0.000400000000000016));
#2818=CARTESIAN_POINT('',(0.102115643872106,-0.0776561931606345,-3.10801201700106E-17));
#2819=CARTESIAN_POINT('',(0.101806492799225,-0.0773998085337207,0.));
#2820=CARTESIAN_POINT('',(0.102365292309207,-0.0773809627415509,-0.000399999999999996));
#2821=CARTESIAN_POINT('',(0.102365292309338,-0.0773809627416435,-3.37923153315895E-16));
#2822=CARTESIAN_POINT('',(0.102098403370387,-0.0770805644657493,-3.69614376983695E-20));
#2823=CARTESIAN_POINT('',(0.102782307873166,-0.0770823421955965,-0.000400000000000001));
#2824=CARTESIAN_POINT('',(0.102782307873072,-0.0770823421955284,5.99911408374556E-16));
#2825=CARTESIAN_POINT('',(0.102563878760991,-0.076744999642196,-1.01027929708877E-19));
#2826=CARTESIAN_POINT('',(0.102987552879814,-0.0769701349229115,-0.0004));
#2827=CARTESIAN_POINT('',(0.102987552879984,-0.0769701349230352,-1.30154348562133E-15));
#2828=CARTESIAN_POINT('',(0.102816176684875,-0.0766087069220451,5.42101086242752E-20));
#2829=CARTESIAN_POINT('',(0.103116896054471,-0.0769088050285456,-0.0004));
#2830=CARTESIAN_POINT('',(0.103116896054471,-0.0769088050285456,6.01732205729455E-18));
#2831=CARTESIAN_POINT('',(0.102945519859532,-0.0765473770276817,5.42101086242752E-20));
#2832=CARTESIAN_POINT('',(0.1155,-0.082,-0.0004));
#2833=CARTESIAN_POINT('',(0.1155,-0.0854,-0.0004));
#2834=CARTESIAN_POINT('',(0.1121,-0.082,-0.0004));
#2835=CARTESIAN_POINT('',(0.1121,-0.0425,-0.0004));
#2836=CARTESIAN_POINT('',(0.1121,-0.073,-0.0004));
#2837=CARTESIAN_POINT('',(0.11625,-0.0854,-0.0004));
#2838=CARTESIAN_POINT('',(0.117,-0.0854,-0.0004));
#2839=CARTESIAN_POINT('',(0.1095,-0.073,-0.0004));
#2840=CARTESIAN_POINT('',(0.1095,-0.0704,-0.0004));
#2841=CARTESIAN_POINT('',(0.117,-0.088,-0.0004));
#2842=CARTESIAN_POINT('',(0.1196,-0.088,-0.0004));
#2843=CARTESIAN_POINT('',(0.105,-0.0704,-0.0004));
#2844=CARTESIAN_POINT('',(0.1005,-0.0704,-0.0004));
#2845=CARTESIAN_POINT('',(0.1196,-0.1,-0.0004));
#2846=CARTESIAN_POINT('',(0.1196,-0.112,-0.0004));
#2847=CARTESIAN_POINT('',(0.1005,-0.073,-0.0004));
#2848=CARTESIAN_POINT('',(0.0979,-0.073,-0.0004));
#2849=CARTESIAN_POINT('',(0.117,-0.112,-0.0004));
#2850=CARTESIAN_POINT('',(0.117,-0.1146,-0.0004));
#2851=CARTESIAN_POINT('',(0.0979,-0.0775,-0.0004));
#2852=CARTESIAN_POINT('',(0.0979,-0.082,-0.0004));
#2853=CARTESIAN_POINT('',(0.0525,-0.1146,-0.0004));
#2854=CARTESIAN_POINT('',(0.093,-0.1146,-0.0004));
#2855=CARTESIAN_POINT('',(0.0945,-0.082,-0.0004));
#2856=CARTESIAN_POINT('',(0.0945,-0.0854,-0.0004));
#2857=CARTESIAN_POINT('',(0.093,-0.112,-0.0004));
#2858=CARTESIAN_POINT('',(0.0904,-0.112,-0.0004));
#2859=CARTESIAN_POINT('',(0.09375,-0.0854,-0.0004));
#2860=CARTESIAN_POINT('',(0.093,-0.0854,-0.0004));
#2861=CARTESIAN_POINT('',(0.0904,-0.0425,-0.0004));
#2862=CARTESIAN_POINT('',(0.0904,-0.088,-0.0004));
#2863=CARTESIAN_POINT('',(0.093,-0.088,-0.0004));
#2864=CARTESIAN_POINT('',(0.1155,-0.082,-0.0076));
#2865=CARTESIAN_POINT('',(0.1155,-0.0854,-0.0076));
#2866=CARTESIAN_POINT('',(0.1121,-0.082,-0.0076));
#2867=CARTESIAN_POINT('',(0.1121,-0.0775,-0.0076));
#2868=CARTESIAN_POINT('',(0.1121,-0.073,-0.0076));
#2869=CARTESIAN_POINT('',(0.0525,-0.0854,-0.0076));
#2870=CARTESIAN_POINT('',(0.117,-0.0854,-0.0076));
#2871=CARTESIAN_POINT('',(0.1095,-0.073,-0.0076));
#2872=CARTESIAN_POINT('',(0.1095,-0.0704,-0.0076));
#2873=CARTESIAN_POINT('',(0.117,-0.088,-0.0076));
#2874=CARTESIAN_POINT('',(0.1196,-0.088,-0.0076));
#2875=CARTESIAN_POINT('',(0.0525,-0.0704,-0.0076));
#2876=CARTESIAN_POINT('',(0.1005,-0.0704,-0.0076));
#2877=CARTESIAN_POINT('',(0.1196,-0.0425,-0.0076));
#2878=CARTESIAN_POINT('',(0.1196,-0.112,-0.0076));
#2879=CARTESIAN_POINT('',(0.1005,-0.073,-0.0076));
#2880=CARTESIAN_POINT('',(0.0979,-0.073,-0.0076));
#2881=CARTESIAN_POINT('',(0.117,-0.112,-0.0076));
#2882=CARTESIAN_POINT('',(0.117,-0.1146,-0.0076));
#2883=CARTESIAN_POINT('',(0.0979,-0.0425,-0.0076));
#2884=CARTESIAN_POINT('',(0.0979,-0.082,-0.0076));
#2885=CARTESIAN_POINT('',(0.105,-0.1146,-0.0076));
#2886=CARTESIAN_POINT('',(0.093,-0.1146,-0.0076));
#2887=CARTESIAN_POINT('',(0.0945,-0.082,-0.0076));
#2888=CARTESIAN_POINT('',(0.0945,-0.0854,-0.0076));
#2889=CARTESIAN_POINT('',(0.093,-0.112,-0.0076));
#2890=CARTESIAN_POINT('',(0.0904,-0.112,-0.0076));
#2891=CARTESIAN_POINT('',(0.0525,-0.0854,-0.0076));
#2892=CARTESIAN_POINT('',(0.093,-0.0854,-0.0076));
#2893=CARTESIAN_POINT('',(0.0904,-0.1,-0.0076));
#2894=CARTESIAN_POINT('',(0.0904,-0.088,-0.0076));
#2895=CARTESIAN_POINT('',(0.093,-0.088,-0.0076));
#2896=MECHANICAL_DESIGN_GEOMETRIC_PRESENTATION_REPRESENTATION('',(#1367),
#2897);
#2897=(
GEOMETRIC_REPRESENTATION_CONTEXT(3)
GLOBAL_UNCERTAINTY_ASSIGNED_CONTEXT((#2898))
GLOBAL_UNIT_ASSIGNED_CONTEXT((#2901,#2900,#2899))
REPRESENTATION_CONTEXT('CALIBRATION_spacer_8','TOP_LEVEL_ASSEMBLY_PART')
);
#2898=UNCERTAINTY_MEASURE_WITH_UNIT(LENGTH_MEASURE(2.E-5),#2901,
'DISTANCE_ACCURACY_VALUE','Maximum Tolerance applied to model');
#2899=(
NAMED_UNIT(*)
SI_UNIT($,.STERADIAN.)
SOLID_ANGLE_UNIT()
);
#2900=(
NAMED_UNIT(*)
PLANE_ANGLE_UNIT()
SI_UNIT($,.RADIAN.)
);
#2901=(
LENGTH_UNIT()
NAMED_UNIT(*)
SI_UNIT($,.METRE.)
);
#2902=PRODUCT_DEFINITION_SHAPE('','',#2903);
#2903=PRODUCT_DEFINITION('','',#2905,#2904);
#2904=PRODUCT_DEFINITION_CONTEXT('',#2911,'design');
#2905=PRODUCT_DEFINITION_FORMATION_WITH_SPECIFIED_SOURCE('','',#2907,
 .NOT_KNOWN.);
#2906=PRODUCT_RELATED_PRODUCT_CATEGORY('','',(#2907));
#2907=PRODUCT('CALIBRATION_spacer_8','CALIBRATION_spacer_8',
'CALIBRATION_spacer_8',(#2909));
#2908=PRODUCT_CATEGORY('','');
#2909=PRODUCT_CONTEXT('',#2911,'mechanical');
#2910=APPLICATION_PROTOCOL_DEFINITION('international standard',
'ap242_managed_model_based_3d_engineering',2020,#2911);
#2911=APPLICATION_CONTEXT('managed model based 3d engineering');
ENDSEC;
END-ISO-10303-21;
